player1,player2,best_of,player1_elo,player2_elo,elo_match_win_rate,elo_frame_win_rate,p1_matches_played,p1_matches_won,p1_frames_played,p1_frames_won,p2_matches_played,p2_matches_won,p2_frames_played,p2_frames_won,p1_frames_played_1_year,p1_frames_won_1_year,p1_frames_played_3_years,p1_frames_won_3_years,p2_frames_played_1_year,p2_frames_won_1_year,p2_frames_played_3_years,p2_frames_won_3_years,score1,score2,match_result,win_percentage,tournament_id
Ricky Walden,Mark Allen,7,1418,1580,0.29000807657290884,0.40011163113600173,539,328,3930,2171,501,313,3345,1869,45,25,1032,557,41,24,985,596,4,0,0.0,1.0,1063
Judd Trump,Stephen Maguire,7,1551,1563,0.4835986704357121,0.4925005624493796,521,340,3566,2056,663,444,4995,2838,122,79,1344,782,128,83,1272,739,4,1,0.0,0.8,1063
Mark Selby,Steve Davis,7,1592,1246,0.8787157914455135,0.7037042379997707,736,495,5330,3063,1351,886,11510,6584,16,10,1443,875,8,2,581,286,4,1,0.0,0.8,1063
Neil Robertson,Ali Carter,7,1546,1544,0.5027343522137269,0.5012499973958399,621,402,4581,2585,683,409,4942,2719,65,41,1382,815,11,5,876,499,4,0,0.0,1.0,1063
Ronnie O'Sullivan,Stuart Bingham,7,1663,1488,0.7248939369984414,0.6076631698328917,1006,762,8914,5399,744,462,5592,3158,71,46,674,431,96,60,1203,680,4,2,0.0,0.6666666666666666,1063
Ding Junhui,Dominic Dale,7,1520,1358,0.7099919234270913,0.5998883688639983,511,336,3771,2140,671,384,5047,2683,25,17,1136,674,46,26,851,438,4,2,0.0,0.6666666666666666,1063
Barry Hawkins,John Higgins,7,1499,1507,0.48906395814377107,0.4950001666600003,651,398,4692,2602,1088,774,8991,5314,57,34,1223,697,68,41,944,554,4,1,0.0,0.8,1063
Marco Fu,Shaun Murphy,7,1507,1479,0.5382188233953898,0.5174928576663897,616,363,4657,2519,695,446,5259,2964,73,43,1054,600,85,52,1213,673,4,1,0.0,0.8,1063
Judd Trump,Mark Selby,11,1551,1592,0.43099491034088827,0.47439741167538224,521,340,3566,2056,736,495,5330,3063,122,79,1344,782,16,10,1443,875,6,1,0.0,0.8571428571428571,1063
Neil Robertson,Ricky Walden,11,1546,1418,0.7059926256230133,0.5793242521487495,621,402,4581,2585,539,328,3930,2171,65,41,1382,815,45,25,1032,557,6,3,0.0,0.6666666666666666,1063
Ronnie O'Sullivan,Marco Fu,11,1663,1507,0.7452301491932622,0.5962826992967879,1006,762,8914,5399,616,363,4657,2519,71,46,674,431,73,43,1054,600,6,0,0.0,1.0,1063
Ding Junhui,Barry Hawkins,11,1520,1499,0.5354808847061806,0.5131219861822433,511,336,3771,2140,651,398,4692,2602,25,17,1136,674,57,34,1223,697,6,5,0.0,0.5454545454545454,1063
Judd Trump,Neil Robertson,11,1551,1546,0.5084588118089964,0.5031249593105316,521,340,3566,2056,621,402,4581,2585,122,79,1344,782,65,41,1382,815,6,4,0.0,0.6,1063
Ronnie O'Sullivan,Ding Junhui,11,1663,1520,0.7273730783317633,0.5884351201276382,1006,762,8914,5399,511,336,3771,2140,71,46,674,431,25,17,1136,674,6,4,0.0,0.6,1063
Ronnie O'Sullivan,Judd Trump,19,1663,1551,0.7314921449288779,0.569546223939229,1006,762,8914,5399,521,340,3566,2056,71,46,674,431,122,79,1344,782,10,7,0.0,0.5882352941176471,1063
Wang Zepeng,Ding Junhui,11,985,1526,0.013324829989538007,0.2054619529293539,8,3,40,14,514,338,3798,2154,0,0,40,14,52,31,1163,688,6,5,0.0,0.5454545454545454,1058
Zhou Yuelong,Liang Wenbo,11,1134,1429,0.10792874761219781,0.3235510666515204,32,14,191,91,355,208,2424,1331,27,12,191,91,49,27,786,447,6,2,0.0,0.75,1058
Ben Woollaston,Sydney Wilson,11,1379,1110,0.8708794767381817,0.6620627248063988,356,206,2338,1260,99,41,541,254,50,27,792,441,30,18,251,138,6,3,0.0,0.6666666666666666,1058
Kyren Wilson,Ross Muir,11,1345,1132,0.8154560379628985,0.6300660082850182,209,125,1284,702,43,18,244,113,37,18,428,239,27,12,234,108,6,1,0.0,0.8571428571428571,1058
Mark Williams,Scott Donaldson,11,1428,1233,0.7947551021173549,0.6195173196470847,1032,675,8222,4694,88,46,569,285,72,43,949,535,26,11,559,280,6,2,0.0,0.75,1058
Robbie Williams,Ahmed Saif,11,1292,979,0.9051381539198899,0.6862186708976811,224,125,1322,688,22,6,122,37,46,23,576,299,14,4,108,36,6,2,0.0,0.75,1058
Jimmy White,Alex Davies,11,1240,1234,0.5101502252807347,0.5037499296890819,1313,750,11456,6065,181,93,1087,553,30,14,646,302,32,14,267,132,6,5,0.0,0.5454545454545454,1058
Michael White,Sean O'Sullivan,11,1334,1127,0.8087108492997335,0.6265629971237182,230,126,1629,862,83,33,500,223,29,13,711,382,27,16,359,153,6,4,0.0,0.6,1058
Joel Walker,Ken Doherty,11,1249,1323,0.3769079309289413,0.4538814589542204,102,49,612,300,982,611,8159,4519,53,33,451,221,36,17,740,390,6,4,0.0,0.6,1058
Ricky Walden,Lyu Chenwei,11,1431,1039,0.948613275445725,0.7271082163411295,541,329,3943,2178,16,7,90,40,58,32,1045,564,12,2,83,38,6,0,0.0,1.0,1058
Thepchaiya Un-Nooh,Andrew Norman,11,1282,1193,0.6469372760307285,0.5553966483205892,136,74,969,505,304,147,2270,1114,36,20,578,296,8,2,330,156,6,4,0.0,0.6,1058
Judd Trump,Ian Glover,11,1587,1143,0.9670208940489284,0.7521291114395702,525,343,3605,2079,131,58,790,386,161,102,1383,805,21,5,199,107,6,0,0.0,1.0,1058
Joe Swail,Tom Ford,11,1327,1284,0.572333394721473,0.5268491486891144,698,381,5545,2899,415,238,3025,1607,51,30,501,259,30,12,731,367,6,3,0.0,0.6666666666666666,1058
Zak Surety,Mark King,11,1067,1371,0.10123539242677079,0.31864626621097447,58,29,316,155,709,390,5375,2808,19,5,230,116,50,26,743,386,6,3,0.0,0.6666666666666666,1058
Matthew Stevens,Michael Leslie,11,1357,1036,0.9105409484909864,0.6905090012275708,769,463,6128,3362,69,17,428,162,42,22,955,480,15,1,295,101,6,3,0.0,0.6666666666666666,1058
Craig Steadman,Cao Yupeng,11,1293,1241,0.5872410251253013,0.5324543063873187,296,170,1916,1029,129,68,940,476,57,34,491,238,25,11,776,405,6,4,0.0,0.6,1058
Eden Sharav,Gerard Greene,11,1097,1212,0.3131676266951865,0.42861601832306767,32,19,171,89,590,325,4487,2365,30,15,114,59,36,18,504,237,6,4,0.0,0.6,1058
Matthew Selt,Alex Pagulayan,11,1380,1000,0.9433267852514017,0.7211151780228631,325,169,2295,1167,0,0,0,0,85,54,576,284,0,0,0,0,6,2,0.0,0.75,1058
Noppon Saengkham,Alfie Burden,11,1239,1264,0.45778509570989345,0.4843800842769844,68,28,456,200,527,288,3916,2028,45,21,286,142,38,17,695,349,6,4,0.0,0.6,1058
Jimmy Robertson,Hammad Miah,11,1327,1063,0.86648027898718,0.6592603884513855,284,148,1874,954,32,13,193,82,41,22,626,319,18,4,175,76,6,0,0.0,1.0,1058
Neil Robertson,Alex Borg,11,1561,1109,0.9692792561996867,0.7558388990947971,624,404,4604,2599,286,127,2077,959,88,55,1405,829,17,7,117,43,6,5,0.0,0.5454545454545454,1058
Dechawat Poomjaeng,Steven Hallworth,11,1346,1008,0.9212273992918785,0.6995172276624274,124,67,892,448,23,9,123,56,43,21,736,380,18,4,119,56,6,2,0.0,0.75,1058
Barry Pinches,Marcus Campbell,11,1212,1273,0.39798138530282035,0.4619487156141408,645,340,5132,2681,642,352,4792,2469,24,12,463,206,22,8,734,349,6,2,0.0,0.75,1058
Joe Perry,Chris Norbury,11,1408,1128,0.8801869380453571,0.6681877721681662,753,437,5538,2956,224,112,1363,688,59,34,1050,588,18,4,302,140,6,0,0.0,1.0,1058
Andrew Pagett,Rory McLeod,11,1167,1291,0.2998425744978711,0.42311473886795364,208,98,1362,671,425,236,3287,1730,18,4,336,153,46,22,607,312,6,3,0.0,0.6666666666666666,1058
Ronnie O'Sullivan,James Cahill,11,1690,1093,0.9924372970133009,0.8164532124233763,1010,766,8953,5425,60,22,354,146,110,72,713,457,47,24,283,122,6,3,0.0,0.6666666666666666,1058
Fergal O'Brien,Fraser Patrick,11,1319,1242,0.6279039800050926,0.5479769376367963,684,392,5365,2835,116,52,766,366,42,25,587,303,60,32,439,218,6,0,0.0,1.0,1058
Shaun Murphy,Allan Taylor,11,1468,1167,0.8965693689340688,0.6797231924722057,696,446,5264,2965,190,100,1051,556,90,53,1218,674,30,12,278,129,6,1,0.0,0.8571428571428571,1058
David Morris,John Astley,11,1356,1142,0.8165650765983749,0.6306485256510744,197,105,1471,752,99,49,576,277,54,27,462,253,18,4,345,165,6,3,0.0,0.6666666666666666,1058
Robert Milkins,Daniel Wells,11,1458,1175,0.8826377296074396,0.6698485160570237,601,372,4555,2503,219,108,1454,721,63,37,997,565,29,14,500,223,6,4,0.0,0.6,1058
Chris Melling,Luca Brecel,11,1154,1258,0.3298043593568599,0.4353637081969708,127,73,887,479,132,64,902,456,30,14,30,14,42,23,645,335,6,5,0.0,0.5454545454545454,1058
Aditya Mehta,James Wattana,11,1338,1217,0.6957454653911014,0.5750535485557879,183,93,1270,632,719,406,6148,3279,50,28,715,368,9,3,549,259,6,3,0.0,0.6666666666666666,1058
Alan McManus,Michael Georgiou,11,1379,1118,0.86378975240228,0.6575736106164225,750,442,6429,3392,86,38,493,235,7,1,665,351,28,13,149,85,6,2,0.0,0.75,1058
Anthony McGill,Ashley Carty,11,1332,1103,0.8326791118411269,0.6393398367530659,260,156,1575,868,43,21,243,120,63,31,695,371,32,17,218,111,6,2,0.0,0.75,1058
Mitchell Mann,Peter Lines,11,1158,1296,0.2796637232395578,0.4145954308705349,137,68,790,398,637,354,4719,2477,27,11,239,119,45,22,578,284,6,5,0.0,0.5454545454545454,1058
Stephen Maguire,Lyu Chuang,11,1551,1310,0.8448653440403099,0.6462280583309002,664,444,5000,2839,208,103,1510,757,133,84,1277,740,0,0,576,286,6,4,0.0,0.6,1058
Kurt Maflin,Elliot Slessor,11,1381,1146,0.8388505228821673,0.6427913242407762,359,213,2395,1312,51,22,291,135,42,22,744,410,29,12,271,125,6,5,0.0,0.5454545454545454,1058
Oliver Lines,Mark Selby,11,1153,1575,0.03993551628655406,0.25826612006856875,66,36,362,196,738,496,5342,3068,35,16,308,174,28,15,1455,880,6,4,0.0,0.6,1058
Rod Lawler,Tian Pengfei,11,1362,1310,0.5872410251253013,0.5324543063873187,665,370,5219,2733,218,120,1457,771,89,51,806,437,26,12,590,299,6,4,0.0,0.6,1058
Mark Joyce,Lu Ning,11,1309,1094,0.8176697769208081,0.6312306626164005,311,166,2228,1131,28,10,193,82,36,17,680,349,20,6,193,82,6,4,0.0,0.6,1058
Jamie Jones,Zhang Anda,11,1302,1281,0.5354808847061806,0.5131219861822433,324,195,2127,1161,169,78,1166,573,42,24,676,354,35,16,535,253,6,5,0.0,0.5454545454545454,1058
Liam Highfield,Anthony Hamilton,11,1296,1387,0.34992588488134135,0.44336904007774663,210,116,1419,744,688,407,5439,2931,36,19,579,291,45,24,625,330,6,3,0.0,0.6666666666666666,1058
Andrew Higginson,Chris Wakelin,11,1357,1182,0.7701380681178696,0.6076631698328917,546,333,3916,2165,41,23,259,133,54,32,776,403,47,24,259,133,6,2,0.0,0.75,1058
John Higgins,Stuart Carrington,11,1495,1279,0.8187701366837733,0.6318124177361016,1089,774,8996,5315,187,103,1086,586,73,42,949,555,33,18,365,187,6,2,0.0,0.75,1058
Barry Hawkins,Ratchayothin Yotharuck,11,1508,1041,0.9731561250679569,0.7626928317357139,653,399,4708,2611,22,5,142,53,73,43,1239,706,21,7,142,53,6,0,0.0,1.0,1058
Li Hang,Gary Wilson,11,1239,1362,0.30130987292070555,0.42372507750673466,107,48,746,366,249,152,1561,872,20,6,335,162,27,11,511,295,6,5,0.0,0.5454545454545454,1058
Xiao Guodong,Alexander Ursenbacher,11,1364,1037,0.91443428808978,0.6937054019553982,245,141,1668,912,27,10,136,57,33,19,726,393,18,4,118,49,6,1,0.0,0.8571428571428571,1058
Martin Gould,Cao Xinlong,11,1458,1029,0.9624016937576084,0.7450720559074311,438,260,2968,1603,27,8,161,59,21,11,877,454,17,3,122,50,6,4,0.0,0.6,1058
David Gilbert,Mark Owens,11,1374,957,0.9583207993924152,0.7393320946525015,344,194,2657,1410,21,6,110,44,60,32,740,403,0,0,28,15,6,1,0.0,0.8571428571428571,1058
Marco Fu,Shane Castle,11,1498,1081,0.9583207993924152,0.7393320946525015,618,364,4668,2523,45,20,260,126,84,47,1065,604,0,0,176,89,6,0,0.0,1.0,1058
Peter Ebdon,David Grace,11,1302,1205,0.6594200145668188,0.5603296426885532,862,496,7077,3798,199,93,1283,628,59,35,790,392,27,11,545,266,6,2,0.0,0.75,1058
Mike Dunn,Matthew Day,11,1228,1128,0.6640554301392593,0.5621765008857981,550,290,4110,2112,101,48,544,269,31,15,484,231,26,14,315,168,6,2,0.0,0.75,1058
Graeme Dott,Lee Page,11,1469,1148,0.9105409484909864,0.6905090012275708,627,365,5014,2669,182,94,1084,553,64,37,841,459,33,14,235,107,6,1,0.0,0.8571428571428571,1058
Yu Delu,Brandon Sargeant,11,1321,984,0.9206279665902595,0.6989914835090479,147,75,1021,526,11,4,57,26,28,12,663,352,15,10,57,26,6,3,0.0,0.6666666666666666,1058
Ryan Day,Lyu Haotian,11,1349,1142,0.8087108492997335,0.6265629971237182,590,356,4308,2369,41,17,287,128,47,27,864,450,27,9,287,128,6,5,0.0,0.5454545454545454,1058
Mark Davis,Lee Walker,11,1460,1271,0.7875465492423712,0.6159753019181258,777,469,5824,3170,350,201,2779,1455,93,56,1245,696,8,2,59,31,6,2,0.0,0.75,1058
Dominic Dale,Vinnie Calabrese,11,1355,1088,0.8691325167096877,0.6609431415591629,672,384,5053,2685,76,36,452,212,52,28,857,440,24,9,213,85,6,3,0.0,0.6666666666666666,1058
Ian Burns,Jack Lisowski,11,1327,1364,0.4376666286326199,0.4768914745109111,199,110,1186,630,248,151,1573,868,24,9,575,309,46,26,658,342,6,2,0.0,0.75,1058
Jamie Burnett,John Sutton,11,1219,1073,0.7315507747727399,0.5902502519301834,560,325,4441,2360,36,20,199,105,10,4,561,278,13,3,63,28,6,0,0.0,1.0,1058
Oliver Brown,Jamie Cope,11,1128,1241,0.31616449072801983,0.42984097461816473,101,41,531,239,454,247,3060,1566,20,10,332,180,45,25,641,305,6,3,0.0,0.6666666666666666,1058
Nigel Bond,Joe O'Connor,11,1293,1042,0.8545431033333998,0.6519223788927313,742,419,6017,3199,19,10,105,53,46,23,585,295,33,15,105,53,6,1,0.0,0.8571428571428571,1058
Stuart Bingham,Michael Wasley,11,1485,1249,0.839863860460572,0.6433651456944017,745,462,5598,3160,193,97,1152,571,102,62,1209,682,33,15,550,274,6,4,0.0,0.6,1058
Sam Baird,Michael Holt,11,1325,1344,0.46789022977733996,0.4881272322437472,192,103,1295,670,561,329,4228,2255,38,19,627,328,43,24,724,388,6,4,0.0,0.6,1058
Mark Allen,Nico Elton,11,1561,974,0.9916141141448025,0.8126771009197338,502,313,3349,1869,20,7,105,43,45,24,989,596,14,6,94,39,6,4,0.0,0.6,1058
Zhou Yuelong,Chris Melling,11,1134,1154,0.4662043565600015,0.4875026035157896,32,14,191,91,127,73,887,479,27,12,191,91,30,14,30,14,6,1,0.0,0.8571428571428571,1058
Zhao Xintong,Kurt Maflin,11,1223,1381,0.2520802886702409,0.40251423417298393,27,14,175,99,359,213,2395,1312,0,0,175,99,42,22,744,410,6,3,0.0,0.6666666666666666,1058
Mark Williams,Oliver Brown,11,1428,1128,0.8958296804709114,0.679178699175393,1032,675,8222,4694,101,41,531,239,72,43,949,535,20,10,332,180,6,1,0.0,0.8571428571428571,1058
Michael White,Aditya Mehta,11,1334,1338,0.493232760237834,0.49750002083312506,230,126,1629,862,183,93,1270,632,29,13,711,382,50,28,715,368,6,0,0.0,1.0,1058
Ricky Walden,David Morris,11,1431,1356,0.6246982988374079,0.5467381519846138,541,329,3943,2178,197,105,1471,752,58,32,1045,564,54,27,462,253,6,3,0.0,0.6666666666666666,1058
Judd Trump,Jimmy Robertson,11,1587,1327,0.8628843773345907,0.6570104626734988,525,343,3605,2079,284,148,1874,954,161,102,1383,805,41,22,626,319,6,5,0.0,0.5454545454545454,1058
Joe Swail,Andrew Higginson,11,1327,1357,0.44938553709444257,0.4812587841214648,698,381,5545,2899,546,333,3916,2165,51,30,501,259,54,32,776,403,6,2,0.0,0.75,1058
Craig Steadman,Graeme Dott,11,1293,1469,0.22859146681015452,0.3917409692534856,296,170,1916,1029,627,365,5014,2669,57,34,491,238,64,37,841,459,6,1,0.0,0.8571428571428571,1058
Noppon Saengkham,Stephen Maguire,11,1239,1551,0.09555444770498114,0.31431988606174616,68,28,456,200,664,444,5000,2839,45,21,286,142,133,84,1277,740,6,5,0.0,0.5454545454545454,1058
Neil Robertson,Matthew Selt,11,1561,1380,0.7776988853286149,0.6112334666758695,624,404,4604,2599,325,169,2295,1167,88,55,1405,829,85,54,576,284,6,3,0.0,0.6666666666666666,1058
Joe Perry,Mike Dunn,11,1408,1228,0.7764491076959295,0.610639233949222,753,437,5538,2956,550,290,4110,2112,59,34,1050,588,31,15,484,231,6,3,0.0,0.6666666666666666,1058
Ronnie O'Sullivan,Ben Woollaston,11,1690,1379,0.9037490818403014,0.6851410567502929,1010,766,8953,5425,356,206,2338,1260,110,72,713,457,50,27,792,441,6,4,0.0,0.6,1058
Fergal O'Brien,Thepchaiya Un-Nooh,11,1319,1282,0.5623333713673805,0.523108525489089,684,392,5365,2835,136,74,969,505,42,25,587,303,36,20,578,296,6,5,0.0,0.5454545454545454,1058
Shaun Murphy,Yu Delu,11,1468,1321,0.7329358500759163,0.5908547524545943,696,446,5264,2965,147,75,1021,526,90,53,1218,674,28,12,663,352,6,1,0.0,0.8571428571428571,1058
Robert Milkins,Barry Pinches,11,1458,1212,0.849758322889838,0.6490805242445733,601,372,4555,2503,645,340,5132,2681,63,37,997,565,24,12,463,206,6,2,0.0,0.75,1058
Anthony McGill,Alan McManus,11,1332,1379,0.42102630671025626,0.47065874995421436,260,156,1575,868,750,442,6429,3392,63,31,695,371,7,1,665,351,6,4,0.0,0.6,1058
Mitchell Mann,Wang Zepeng,11,1158,985,0.7675848172598367,0.6064704870683034,137,68,790,398,8,3,40,14,27,11,239,119,0,0,40,14,6,5,0.0,0.5454545454545454,1058
Rod Lawler,Oliver Lines,11,1362,1153,0.8109765513000483,0.6277321638605189,665,370,5219,2733,66,36,362,196,89,51,806,437,35,16,308,174,6,3,0.0,0.6666666666666666,1058
Barry Hawkins,Jimmy White,11,1508,1240,0.8700081127630673,0.6615031592029524,653,399,4708,2611,1313,750,11456,6065,73,43,1239,706,30,14,646,302,6,4,0.0,0.6,1058
Li Hang,John Higgins,11,1239,1495,0.14077991609208995,0.3452465393936808,107,48,746,366,1089,774,8996,5315,20,6,335,162,73,42,949,555,6,1,0.0,0.8571428571428571,1058
Xiao Guodong,Eden Sharav,11,1364,1097,0.8691325167096877,0.6609431415591629,245,141,1668,912,32,19,171,89,33,19,726,393,30,15,114,59,6,2,0.0,0.75,1058
Martin Gould,Joel Walker,11,1458,1249,0.8109765513000483,0.6277321638605189,438,260,2968,1603,102,49,612,300,21,11,877,454,53,33,451,221,6,4,0.0,0.6,1058
David Gilbert,Zak Surety,11,1374,1067,0.9009243072134223,0.6829798455801029,344,194,2657,1410,58,29,316,155,60,32,740,403,19,5,230,116,6,4,0.0,0.6,1058
Marco Fu,Liam Highfield,11,1498,1296,0.8029711015893946,0.623633628298226,618,364,4668,2523,210,116,1419,744,84,47,1065,604,36,19,579,291,6,4,0.0,0.6,1058
Peter Ebdon,Andrew Pagett,11,1302,1167,0.7160705162153687,0.5835831155172753,862,496,7077,3798,208,98,1362,671,59,35,790,392,18,4,336,153,6,1,0.0,0.8571428571428571,1058
Ryan Day,Mark Joyce,11,1349,1309,0.5673390032803908,0.52497918747894,590,356,4308,2369,311,166,2228,1131,47,27,864,450,36,17,680,349,6,5,0.0,0.5454545454545454,1058
Mark Davis,Dechawat Poomjaeng,11,1460,1346,0.6853355319816946,0.5707716118944918,777,469,5824,3170,124,67,892,448,93,56,1245,696,43,21,736,380,6,2,0.0,0.75,1058
Ian Burns,Dominic Dale,11,1327,1355,0.4527427474759105,0.48250714233361025,199,110,1186,630,672,384,5053,2685,24,9,575,309,52,28,857,440,6,5,0.0,0.5454545454545454,1058
Jamie Burnett,Matthew Stevens,11,1219,1357,0.2796637232395578,0.4145954308705349,560,325,4441,2360,769,463,6128,3362,10,4,561,278,42,22,955,480,6,1,0.0,0.8571428571428571,1058
Stuart Bingham,Robbie Williams,11,1485,1292,0.7923692348926034,0.6183380393302829,745,462,5598,3160,224,125,1322,688,102,62,1209,682,46,23,576,299,6,4,0.0,0.6,1058
Sam Baird,Kyren Wilson,11,1325,1345,0.4662043565600015,0.4875026035157896,192,103,1295,670,209,125,1284,702,38,19,627,328,37,18,428,239,6,2,0.0,0.75,1058
Mark Allen,Nigel Bond,11,1561,1293,0.8700081127630673,0.6615031592029524,502,313,3349,1869,742,419,6017,3199,45,24,989,596,46,23,585,295,6,0,0.0,1.0,1058
Zhao Xintong,Jamie Jones,11,1223,1302,0.36889955341758146,0.45078487089866653,27,14,175,99,324,195,2127,1161,0,0,175,99,42,24,676,354,6,5,0.0,0.5454545454545454,1058
Joe Swail,Yan Bingtao,11,1327,1056,0.8726095321721828,0.6631804950993565,698,381,5545,2899,7,4,39,23,51,30,501,259,0,0,39,23,6,4,0.0,0.6,1058
Mitchell Mann,Niu Zhuang,11,1158,1024,0.7146414155676208,0.5829754542011996,137,68,790,398,10,4,53,22,27,11,239,119,0,0,53,22,6,1,0.0,0.8571428571428571,1058
Oliver Lines,Huang Jiahao,11,1153,991,0.7532516785524059,0.5998883688639983,66,36,362,196,6,2,31,11,35,16,308,174,0,0,31,11,6,3,0.0,0.6666666666666666,1058
Mark Williams,Barry Hawkins,11,1428,1508,0.36730484139888986,0.45016600268752216,1032,675,8222,4694,653,399,4708,2611,72,43,949,535,73,43,1239,706,6,2,0.0,0.75,1058
Michael White,Mitchell Mann,11,1334,1158,0.7714085331898454,0.6082590307465143,230,126,1629,862,137,68,790,398,29,13,711,382,27,11,239,119,6,4,0.0,0.6,1058
Ricky Walden,Zhou Yuelong,11,1431,1134,0.8935866573668577,0.6775422953274692,541,329,3943,2178,32,14,191,91,58,32,1045,564,27,12,191,91,6,5,0.0,0.5454545454545454,1058
Joe Swail,Neil Robertson,11,1327,1561,0.1621671648742588,0.3577829070425624,698,381,5545,2899,624,404,4604,2599,51,30,501,259,88,55,1405,829,6,5,0.0,0.5454545454545454,1058
Ronnie O'Sullivan,Anthony McGill,11,1690,1332,0.932481097741165,0.7099209183344533,1010,766,8953,5425,260,156,1575,868,110,72,713,457,63,31,695,371,6,1,0.0,0.8571428571428571,1058
Robert Milkins,Shaun Murphy,11,1458,1468,0.4830863402886715,0.49375032550048964,601,372,4555,2503,696,446,5264,2965,63,37,997,565,90,53,1218,674,6,1,0.0,0.8571428571428571,1058
Rod Lawler,Fergal O'Brien,11,1362,1319,0.572333394721473,0.5268491486891144,665,370,5219,2733,684,392,5365,2835,89,51,806,437,42,25,587,303,6,1,0.0,0.8571428571428571,1058
Li Hang,Zhao Xintong,11,1239,1223,0.5270486726982949,0.5099986668799655,107,48,746,366,27,14,175,99,20,6,335,162,0,0,175,99,6,1,0.0,0.8571428571428571,1058
Xiao Guodong,Noppon Saengkham,11,1364,1239,0.7016213434224691,0.5774953651858118,245,141,1668,912,68,28,456,200,33,19,726,393,45,21,286,142,6,5,0.0,0.5454545454545454,1058
Marco Fu,David Gilbert,11,1498,1374,0.7001574255021287,0.5768852611320463,618,364,4668,2523,344,194,2657,1410,84,47,1065,604,60,32,740,403,6,5,0.0,0.5454545454545454,1058
Peter Ebdon,Joe Perry,11,1302,1408,0.3267519546873183,0.4341349971045183,862,496,7077,3798,753,437,5538,2956,59,35,790,392,59,34,1050,588,6,1,0.0,0.8571428571428571,1058
Ian Burns,Craig Steadman,11,1327,1293,0.5573173182423484,0.5212372149662741,199,110,1186,630,296,170,1916,1029,24,9,575,309,57,34,491,238,6,3,0.0,0.6666666666666666,1058
Jamie Burnett,Judd Trump,11,1219,1587,0.06239762313203283,0.28495789429901025,560,325,4441,2360,525,343,3605,2079,10,4,561,278,161,102,1383,805,6,5,0.0,0.5454545454545454,1058
Stuart Bingham,Ryan Day,11,1485,1349,0.7174960378979142,0.5841905229354074,745,462,5598,3160,590,356,4308,2369,102,62,1209,682,47,27,864,450,6,3,0.0,0.6666666666666666,1058
Sam Baird,Mark Davis,11,1325,1460,0.2839294837846313,0.41641688448272474,192,103,1295,670,777,469,5824,3170,38,19,627,328,93,56,1245,696,6,5,0.0,0.5454545454545454,1058
Mark Allen,Martin Gould,11,1561,1458,0.6686649793168535,0.5640216374262577,502,313,3349,1869,438,260,2968,1603,45,24,989,596,21,11,877,454,6,4,0.0,0.6,1058
Mark Williams,Sam Baird,11,1428,1325,0.6686649793168535,0.5640216374262577,1032,675,8222,4694,192,103,1295,670,72,43,949,535,38,19,627,328,6,4,0.0,0.6,1058
Michael White,Ian Burns,11,1334,1327,0.5118414484830749,0.5043748883497735,230,126,1629,862,199,110,1186,630,29,13,711,382,24,9,575,309,6,2,0.0,0.75,1058
Ricky Walden,Joe Swail,11,1431,1327,0.6701956406431402,0.5646362918030292,541,329,3943,2178,698,381,5545,2899,58,32,1045,564,51,30,501,259,6,4,0.0,0.6,1058
Ronnie O'Sullivan,Li Hang,11,1690,1239,0.969004445132317,0.7553772379137498,1010,766,8953,5425,107,48,746,366,110,72,713,457,20,6,335,162,6,1,0.0,0.8571428571428571,1058
Robert Milkins,Xiao Guodong,11,1458,1364,0.6547593621837766,0.5584811124381613,601,372,4555,2503,245,141,1668,912,63,37,997,565,33,19,726,393,6,4,0.0,0.6,1058
Marco Fu,Rod Lawler,11,1498,1362,0.7174960378979142,0.5841905229354074,618,364,4668,2523,665,370,5219,2733,84,47,1065,604,89,51,806,437,6,4,0.0,0.6,1058
Jamie Burnett,Peter Ebdon,11,1219,1302,0.3625351030605667,0.44831033065729986,560,325,4441,2360,862,496,7077,3798,10,4,561,278,59,35,790,392,6,2,0.0,0.75,1058
Mark Allen,Stuart Bingham,11,1561,1485,0.6263022780196867,0.5473576181430894,502,313,3349,1869,745,462,5598,3160,45,24,989,596,102,62,1209,682,6,4,0.0,0.6,1058
Mark Williams,Ronnie O'Sullivan,11,1428,1690,0.13530914231952795,0.3418636849519819,1032,675,8222,4694,1010,766,8953,5425,72,43,949,535,110,72,713,457,6,5,0.0,0.5454545454545454,1058
Ricky Walden,Jamie Burnett,11,1431,1219,0.8143426634341571,0.6294831119673949,541,329,3943,2178,560,325,4441,2360,58,32,1045,564,10,4,561,278,6,1,0.0,0.8571428571428571,1058
Robert Milkins,Marco Fu,11,1458,1498,0.4326609967196092,0.47502081252106,601,372,4555,2503,618,364,4668,2523,63,37,997,565,84,47,1065,604,6,5,0.0,0.5454545454545454,1058
Mark Allen,Michael White,11,1561,1334,0.8305871461583106,0.6381861133090055,502,313,3349,1869,230,126,1629,862,45,24,989,596,29,13,711,382,6,3,0.0,0.6666666666666666,1058
Ricky Walden,Robert Milkins,17,1431,1458,0.44385521164473407,0.48313140430861523,541,329,3943,2178,601,372,4555,2503,58,32,1045,564,63,37,997,565,9,2,0.0,0.8181818181818182,1058
Mark Allen,Mark Williams,17,1561,1428,0.7561732260842116,0.5823675407280794,502,313,3349,1869,1032,675,8222,4694,45,24,989,596,72,43,949,535,9,8,0.0,0.5294117647058824,1058
Ricky Walden,Mark Allen,19,1431,1561,0.2369498537625736,0.41945769517934034,541,329,3943,2178,502,313,3349,1869,58,32,1045,564,45,24,989,596,10,7,0.0,0.5882352941176471,1058
Liu Jiaming,Wen Chen,7,960,994,0.45362731252530075,0.4787627850337259,4,0,19,3,1,0,4,0,0,0,19,3,0,0,4,0,4,2,0.0,0.6666666666666666,1060
Sun Hongrui,Liang Jianfeng,7,977,1000,0.46858930565080326,0.4856289593029398,4,0,24,8,0,0,0,0,0,0,24,8,0,0,0,0,4,2,0.0,0.6666666666666666,1060
He Guoqiang,Bai Langning,7,982,1000,0.47540722540195457,0.4887518980531451,2,0,9,1,0,0,0,0,0,0,9,1,0,0,0,0,4,0,0.0,1.0,1060
Chen Zifan,Liu Ren,7,1033,999,0.5463726874746992,0.5212372149662741,10,6,50,27,3,1,14,5,0,0,50,27,0,0,14,5,4,2,0.0,0.6666666666666666,1060
Niu Zhuang,Kurt Maflin,7,1009,1353,0.12261260588068412,0.29733934565526854,11,4,60,23,361,214,2415,1321,7,1,60,23,62,31,764,419,4,2,0.0,0.6666666666666666,1060
Guan Zhen,Pang Junxu,7,1087,969,0.6567774862994666,0.5732197726798348,16,10,86,50,3,0,14,2,0,0,86,50,0,0,14,2,4,0,0.0,1.0,1060
Chen Zhe,Liang Wenbo,7,1224,1402,0.27172488874541606,0.3905502163716748,130,67,774,392,356,208,2432,1333,0,0,428,199,57,29,794,449,4,3,0.0,0.5714285714285714,1060
Cao Yupeng,Sun Chang,7,1236,993,0.7957969165005263,0.647370307581549,130,68,950,480,1,0,6,2,35,15,786,409,0,0,6,2,4,2,0.0,0.6666666666666666,1060
Zhou Yuelong,Chen Ruifu,7,1191,1034,0.7041548710511403,0.596884378259767,35,16,217,108,12,6,63,33,53,29,217,108,0,0,63,33,4,2,0.0,0.6666666666666666,1060
Wang Yuchen,Lyu Chuang,7,1009,1314,0.15071194936304244,0.31810373541040654,16,5,95,36,209,103,1520,761,0,0,95,36,10,4,586,290,4,1,0.0,0.8,1060
Zhang Yong,Pa Ruke,7,997,1020,0.46858930565080326,0.4856289593029398,11,5,58,25,9,3,53,23,0,0,58,25,0,0,53,23,4,3,0.0,0.5714285714285714,1060
Mei Xiwen,Zhang Xinwei,7,1132,989,0.6875128007198821,0.5884351201276382,32,15,225,106,1,0,5,1,0,0,83,41,0,0,5,1,4,0,0.0,1.0,1060
Fang Xiongman,Sun Hongrui,7,1034,977,0.5774056625100122,0.5355648379838539,11,5,60,28,4,0,24,8,0,0,60,28,0,0,24,8,4,0,0.0,1.0,1060
Zhao Xintong,Chen Feilong,7,1230,1028,0.7545108097932872,0.623633628298226,30,16,202,112,14,4,81,33,27,13,202,112,0,0,81,33,4,3,0.0,0.5714285714285714,1060
Cao Xinlong,Li Zhen,7,1041,972,0.5934092174000843,0.5430183807243099,28,8,171,63,2,0,9,1,27,7,132,54,0,0,9,1,4,2,0.0,0.6666666666666666,1060
Wang Wu,Cai Jianzhong,7,1000,1028,0.46178117660461016,0.48250714233361025,0,0,0,0,15,5,87,37,0,0,0,0,0,0,56,26,4,2,0.0,0.6666666666666666,1060
Ben Woollaston,Wang Peng,7,1385,984,0.9111514783284038,0.7315498244408544,358,207,2357,1270,1,0,4,0,69,37,811,451,0,0,4,0,4,0,0.0,1.0,1060
Mark Williams,Zhang Hanxuan,7,1487,969,0.957308979755465,0.7849922886281077,1038,680,8283,4732,3,0,14,2,133,81,1010,573,0,0,14,2,4,0,0.0,1.0,1060
Jimmy White,Wang Pengfei,7,1249,1000,0.8014494333741898,0.6507869207968349,1315,751,11477,6075,0,0,0,0,51,24,667,312,0,0,0,0,4,1,0.0,0.8,1060
Ricky Walden,Yin Xiaowei,7,1509,1000,0.9546864226118135,0.7811704063081433,548,336,4014,2227,0,0,0,0,129,81,1116,613,0,0,0,0,4,0,0.0,1.0,1060
Thepchaiya Un-Nooh,Sun Peng,7,1285,978,0.850832110932218,0.6829798455801029,138,75,990,516,3,0,18,6,57,31,599,307,0,0,18,6,4,0,0.0,1.0,1060
Craig Steadman,Li Jiuwei,7,1313,1000,0.855396798107813,0.6862186708976811,299,172,1942,1044,0,0,0,0,83,49,517,253,0,0,0,0,4,0,0.0,1.0,1060
Cheng Sihong,Zhang Cunyue,7,1000,1000,0.5,0.5,0,0,0,0,0,0,0,0,0,0,0,0,0,0,0,0,4,0,0.0,1.0,1060
Xu Si,Andrew Pagett,7,991,1169,0.27172488874541606,0.3905502163716748,1,0,4,0,210,99,1378,678,0,0,4,0,34,11,352,160,4,3,0.0,0.5714285714285714,1060
Lin Shuai,Zhang Anda,7,1038,1278,0.2070671951159809,0.35434369377420455,16,7,94,41,170,78,1177,578,0,0,94,41,46,21,546,258,4,2,0.0,0.6666666666666666,1060
Eden Sharav,Yu Delu,7,1105,1304,0.24868775230024892,0.3781283576925339,34,20,189,97,149,76,1037,533,48,23,132,67,44,19,679,359,4,2,0.0,0.6666666666666666,1060
Matthew Selt,Zhang Zihao,7,1377,979,0.909578822811983,0.7300743839811188,327,170,2312,1176,5,1,28,9,102,63,593,293,0,0,28,9,4,0,0.0,1.0,1060
Noppon Saengkham,Wang Chenkai,7,1270,1000,0.8204326451879429,0.6626218371700825,71,30,488,217,0,0,0,0,77,38,318,159,0,0,0,0,4,3,0.0,0.5714285714285714,1060
Jimmy Robertson,Li Tianen,7,1353,1000,0.8832805083358919,0.707340014518073,286,149,1891,965,0,0,0,0,58,33,643,330,0,0,0,0,4,1,0.0,0.8,1060
Ju Reti,Feng Zeyuan,7,1145,976,0.7180660778287002,0.6040813228693781,18,14,97,62,3,0,16,4,0,0,97,62,0,0,16,4,4,3,0.0,0.5714285714285714,1060
Dechawat Poomjaeng,Huang Nian,7,1338,1000,0.8733372031383986,0.6995172276624274,126,68,908,456,0,0,0,0,59,29,752,388,0,0,0,0,4,2,0.0,0.6666666666666666,1060
Barry Pinches,Bo Junjie,7,1223,1000,0.7762304913665884,0.6358738914270539,647,341,5148,2689,0,0,0,0,40,20,479,214,0,0,0,0,4,0,0.0,1.0,1060
Joe Perry,Shi Zhenlong,7,1405,1000,0.9132146288664583,0.7335091181602805,756,439,5560,2969,0,0,0,0,81,47,1072,601,0,0,0,0,4,1,0.0,0.8,1060
Tian Pengfei,Alan Lin Tan Ho,7,1305,967,0.8733372031383986,0.6995172276624274,219,120,1467,775,14,5,79,31,36,16,600,303,0,0,13,1,4,3,0.0,0.5714285714285714,1060
Sean O'Sullivan,Lin Yongzhi,7,1129,975,0.7006252854909363,0.595078473866134,84,33,510,227,8,2,41,14,37,20,369,157,0,0,41,14,4,2,0.0,0.6666666666666666,1060
Lu Ning,Pan Weixing,7,1096,1014,0.6105601107289808,0.551071269307342,29,10,203,86,12,6,67,30,30,10,203,86,0,0,67,30,4,2,0.0,0.6666666666666666,1060
Ross Muir,Huang Jiahao,7,1119,987,0.6741427448520734,0.5817593768418363,44,18,251,114,7,2,40,14,34,13,241,109,9,3,40,14,4,3,0.0,0.5714285714285714,1060
Mitchell Mann,Li Yujin,7,1182,962,0.7732004785001367,0.6341355910108007,141,71,829,420,6,1,32,10,66,33,278,141,0,0,32,10,4,1,0.0,0.8,1060
Rouzi Maimaiti,Fan Zhengyi,7,1061,992,0.5934092174000843,0.5430183807243099,20,8,121,49,1,0,6,2,0,0,93,41,0,0,6,2,4,2,0.0,0.6666666666666666,1060
Oliver Lines,Zhao Hanyang,7,1180,991,0.7404818133197837,0.6159753019181258,69,38,390,211,1,0,6,2,63,31,336,189,0,0,6,2,4,0,0.0,1.0,1060
Zhong Lin,Lin Chuangwei,7,1011,1000,0.5150352723345792,0.5068745667645342,7,4,34,17,0,0,0,0,0,0,34,17,0,0,0,0,4,2,0.0,0.6666666666666666,1060
Mark King,Chen Yaochen,7,1346,1000,0.8787157914455135,0.7037042379997707,710,390,5384,2811,0,0,0,0,59,29,752,389,0,0,0,0,4,0,0.0,1.0,1060
Ding Junhui,Li Wei,7,1496,990,0.9537822329872552,0.7798856290007258,515,338,3809,2159,4,1,23,9,63,36,1174,693,0,0,23,9,4,0,0.0,1.0,1060
Chen Junhao,Shan Xianshu,7,980,980,0.5,0.5,2,0,10,2,4,1,23,8,0,0,10,2,0,0,23,8,4,1,0.0,0.8,1060
Tang Jun,Ma Chunmao,7,1051,1053,0.4972656477862734,0.49875000260416025,15,7,86,41,10,5,52,29,0,0,59,32,0,0,52,29,4,1,0.0,0.8,1060
Mark Joyce,Zhou Jun,7,1305,988,0.858383853016921,0.6883678768310286,313,167,2249,1142,2,0,13,5,57,28,701,360,0,0,13,5,4,3,0.0,0.5714285714285714,1060
Luo Honghao,Wang Baosheng,7,1040,1000,0.5545057991359676,0.52497918747894,8,5,44,25,0,0,0,0,0,0,44,25,0,0,0,0,4,1,0.0,0.8,1060
Wang Heng,Gao Le,7,1003,989,0.5191328123553783,0.5087491068802403,7,3,40,18,1,0,5,1,0,0,40,18,0,0,5,1,4,1,0.0,0.8,1060
Hu Hao,Lyu Haotian,7,1090,1149,0.41991680863949354,0.46319171001101955,15,9,85,46,42,17,298,133,0,0,85,46,38,14,298,133,4,2,0.0,0.6666666666666666,1060
Li Hang,Li Yan,7,1290,1150,0.6838913574482577,0.5866175789173301,111,51,778,385,107,49,722,353,52,25,367,181,0,0,438,199,4,2,0.0,0.6666666666666666,1060
Xiao Guodong,Yao Pengcheng,7,1374,980,0.9074479165872151,0.7280991982662492,249,144,1704,934,3,0,16,4,69,41,762,415,0,0,16,4,4,0,0.0,1.0,1060
Ian Glover,Shi Liu,7,1131,1000,0.6729150209582897,0.5811509642893937,132,58,796,386,0,0,0,0,27,5,205,107,0,0,0,0,4,0,0.0,1.0,1060
Peter Ebdon,Ren Jiaxing,7,1334,1000,0.8705826043505938,0.6974111143958823,866,499,7107,3818,0,0,0,0,89,55,820,412,0,0,0,0,4,1,0.0,0.8,1060
Mike Dunn,Zhang Yadong,7,1236,993,0.7957969165005263,0.647370307581549,552,291,4127,2121,7,2,42,18,48,24,501,240,0,0,42,18,4,1,0.0,0.8,1060
Graeme Dott,Geng Mingqi,7,1452,980,0.942419406953421,0.7649478037637647,629,366,5028,2676,2,0,11,3,78,44,855,466,0,0,11,3,4,2,0.0,0.6666666666666666,1060
Scott Donaldson,Maihe Muti,7,1225,980,0.7976923211673973,0.6485108747389209,89,46,577,287,2,0,9,1,34,13,567,282,0,0,9,1,4,2,0.0,0.6666666666666666,1060
Ryan Day,Ding Kai,7,1338,1000,0.8733372031383986,0.6995172276624274,593,358,4339,2384,0,0,0,0,78,42,895,465,0,0,0,0,4,0,0.0,1.0,1060
Mark Davis,Wang Zepeng,7,1469,1019,0.9338901927453024,0.7549149868676283,780,471,5851,3187,10,4,62,25,120,73,1272,713,22,11,62,25,4,0,0.0,1.0,1060
Au Chi Wai,Ma Tingpeng,7,963,1026,0.41457369574132835,0.4607061941016405,18,5,110,38,11,5,59,29,0,0,38,17,0,0,59,29,4,1,0.0,0.8,1060
Lyu Chenwei,Paul Davison,7,1026,1250,0.22276496570381588,0.36354745971843366,17,7,96,40,545,294,3883,2003,18,2,89,38,24,16,645,322,4,2,0.0,0.6666666666666666,1060
Ian Burns,Jin Long,7,1344,1236,0.644151517953897,0.5670929049654543,203,113,1222,650,132,59,988,472,60,29,611,329,0,0,137,72,4,0,0.0,1.0,1060
Yan Bingtao,Liu Jiaming,7,1062,960,0.6364932182719292,0.5634067862621936,8,4,49,27,4,0,19,3,10,4,49,27,0,0,19,3,4,3,0.0,0.5714285714285714,1060
Stuart Bingham,A Bulajiang,7,1483,1018,0.9398108653743346,0.7617866810463009,749,465,5637,3182,6,1,37,14,141,84,1248,704,0,0,12,4,4,1,0.0,0.8,1060
Guan Zhen,Cao Xinlong,7,1087,1041,0.5626145694127913,0.5287183569514396,16,10,86,50,28,8,171,63,0,0,86,50,27,7,132,54,4,0,0.0,1.0,1060
Cao Yupeng,Ricky Walden,7,1236,1509,0.17695762322296427,0.33570355710001126,130,68,950,480,548,336,4014,2227,35,15,786,409,129,81,1116,613,4,0,0.0,1.0,1060
Zhou Yuelong,Mitchell Mann,7,1191,1182,0.5123026114255715,0.5056247627073255,35,16,217,108,141,71,829,420,53,29,217,108,66,33,278,141,4,2,0.0,0.6666666666666666,1060
Zhao Xintong,Niu Zhuang,7,1230,1009,0.774213209168811,0.6347154153791584,30,16,202,112,11,4,60,23,27,13,202,112,7,1,60,23,4,2,0.0,0.6666666666666666,1060
Ben Woollaston,Fang Xiongman,7,1385,1034,0.8819896948101545,0.706303891936407,358,207,2357,1270,11,5,60,28,69,37,811,451,0,0,60,28,4,2,0.0,0.6666666666666666,1060
Jimmy White,Dechawat Poomjaeng,7,1249,1338,0.38029641350050397,0.44460335167941084,1315,751,11477,6075,126,68,908,456,51,24,667,312,59,29,752,388,4,0,0.0,1.0,1060
Craig Steadman,Wang Heng,7,1313,1003,0.853127093984388,0.6846015003234307,299,172,1942,1044,7,3,40,18,83,49,517,253,0,0,40,18,4,1,0.0,0.8,1060
Xu Si,Noppon Saengkham,7,991,1270,0.17181496395639023,0.3323667428828845,1,0,4,0,71,30,488,217,0,0,4,0,77,38,318,159,4,3,0.0,0.5714285714285714,1060
Lin Shuai,He Guoqiang,7,1038,982,0.5760654606907909,0.5349429451582145,16,7,94,41,2,0,9,1,0,0,94,41,0,0,9,1,4,2,0.0,0.6666666666666666,1060
Matthew Selt,Ian Burns,7,1377,1344,0.5450150538752272,0.5206133097144486,327,170,2312,1176,203,113,1222,650,102,63,593,293,60,29,611,329,4,0,0.0,1.0,1060
Jimmy Robertson,Thepchaiya Un-Nooh,7,1353,1285,0.5920814957526257,0.542397940774351,286,149,1891,965,138,75,990,516,58,33,643,330,57,31,599,307,4,3,0.0,0.5714285714285714,1060
Ju Reti,Wang Wu,7,1145,1000,0.6899164671577602,0.5896454785627312,18,14,97,62,0,0,0,0,0,0,97,62,0,0,0,0,4,1,0.0,0.8,1060
Barry Pinches,Au Chi Wai,7,1223,963,0.8115488427624657,0.6570104626734988,647,341,5148,2689,18,5,110,38,40,20,479,214,0,0,38,17,4,1,0.0,0.8,1060
Joe Perry,Chen Zifan,7,1405,1033,0.8950167119467943,0.7170752854929726,756,439,5560,2969,10,6,50,27,81,47,1072,601,0,0,50,27,4,1,0.0,0.8,1060
Tian Pengfei,Mei Xiwen,7,1305,1132,0.7226276336267841,0.6064704870683034,219,120,1467,775,32,15,225,106,36,16,600,303,0,0,83,41,4,1,0.0,0.8,1060
Lu Ning,Hu Yufan,7,1096,1000,0.6287764284690306,0.5597136492671929,29,10,203,86,0,0,0,0,30,10,203,86,0,0,0,0,4,0,0.0,1.0,1060
Ross Muir,Chen Zhe,7,1119,1224,0.3596701363363135,0.43474925243290014,44,18,251,114,130,67,774,392,34,13,241,109,0,0,428,199,4,3,0.0,0.5714285714285714,1060
Oliver Lines,Zhong Lin,7,1180,1011,0.7180660778287002,0.6040813228693781,69,38,390,211,7,4,34,17,63,31,336,189,0,0,34,17,4,1,0.0,0.8,1060
Mark King,Mark Joyce,7,1346,1305,0.5558590476581076,0.5256025883246178,710,390,5384,2811,313,167,2249,1142,59,29,752,389,57,28,701,360,4,0,0.0,1.0,1060
Ding Junhui,Zhang Yong,7,1496,997,0.9516125863387999,0.7768667992127082,515,338,3809,2159,11,5,58,25,63,36,1174,693,0,0,58,25,4,2,0.0,0.6666666666666666,1060
Tang Jun,Wang Yuchen,7,1051,1009,0.557211603425229,0.5262259093720687,15,7,86,41,16,5,95,36,0,0,59,32,0,0,95,36,4,1,0.0,0.8,1060
Luo Honghao,Eden Sharav,7,1040,1105,0.4119083649163239,0.4594641607262107,8,5,44,25,34,20,189,97,0,0,44,25,48,23,132,67,4,0,0.0,1.0,1060
Li Hang,Sean O'Sullivan,7,1290,1129,0.7088291167182063,0.5992881635083561,111,51,778,385,84,33,510,227,52,25,367,181,37,20,369,157,4,2,0.0,0.6666666666666666,1060
Da Hailin,Hu Hao,7,1023,1090,0.4092473522241249,0.4582226307163632,18,7,121,52,15,9,85,46,0,0,70,33,0,0,85,46,4,3,0.0,0.5714285714285714,1060
Xiao Guodong,Chen Junhao,7,1374,980,0.9074479165872151,0.7280991982662492,249,144,1704,934,2,0,10,2,69,41,762,415,0,0,10,2,4,1,0.0,0.8,1060
Peter Ebdon,Lyu Chenwei,7,1334,1026,0.8515999175968284,0.6835208937363156,866,499,7107,3818,17,7,96,40,89,55,820,412,18,2,89,38,4,1,0.0,0.8,1060
Mike Dunn,Mark Williams,7,1236,1487,0.19668889549157575,0.3480776211072687,552,291,4127,2121,1038,680,8283,4732,48,24,501,240,133,81,1010,573,4,0,0.0,1.0,1060
Graeme Dott,Cao Kaisheng,7,1452,1018,0.9270557177648057,0.7474390202201999,629,366,5028,2676,8,3,43,16,78,44,855,466,0,0,21,14,4,2,0.0,0.6666666666666666,1060
Scott Donaldson,Cheng Sihong,7,1225,1000,0.7782368395177592,0.6370307944803831,89,46,577,287,0,0,0,0,34,13,567,282,0,0,0,0,4,2,0.0,0.6666666666666666,1060
Ryan Day,Rouzi Maimaiti,7,1338,1061,0.8264821963228286,0.6665228332551123,593,358,4339,2384,20,8,121,49,78,42,895,465,0,0,93,41,4,0,0.0,1.0,1060
Mark Davis,Ian Glover,7,1469,1131,0.8733372031383986,0.6995172276624274,780,471,5851,3187,132,58,796,386,120,73,1272,713,27,5,205,107,4,1,0.0,0.8,1060
Stuart Bingham,Yan Bingtao,7,1483,1062,0.9210893973650893,0.7412546787548828,749,465,5637,3182,8,4,49,27,141,84,1248,704,10,4,49,27,4,1,0.0,0.8,1060
Ben Woollaston,Ju Reti,7,1385,1145,0.792932804884019,0.6456563062257954,358,207,2357,1270,18,14,97,62,69,37,811,451,0,0,97,62,4,2,0.0,0.6666666666666666,1060
Jimmy White,Tang Jun,7,1249,1051,0.7502408354966205,0.6212835951910678,1315,751,11477,6075,15,7,86,41,51,24,667,312,0,0,59,32,4,0,0.0,1.0,1060
Lin Shuai,Lu Ning,7,1038,1096,0.42125508861179106,0.4638133797682053,16,7,94,41,29,10,203,86,0,0,94,41,30,10,203,86,4,3,0.0,0.5714285714285714,1060
Matthew Selt,Guan Zhen,7,1377,1087,0.837347307313657,0.6737070994545215,327,170,2312,1176,16,10,86,50,102,63,593,293,0,0,86,50,4,0,0.0,1.0,1060
Jimmy Robertson,Xu Si,7,1353,991,0.888957756538089,0.7119759194127935,286,149,1891,965,1,0,4,0,58,33,643,330,0,0,4,0,4,1,0.0,0.8,1060
Joe Perry,Mark Davis,7,1405,1469,0.4132404983976814,0.46008511544443426,756,439,5560,2969,780,471,5851,3187,81,47,1072,601,120,73,1272,713,4,0,0.0,1.0,1060
Tian Pengfei,Li Hang,7,1305,1290,0.5204982038546295,0.5093739015216607,219,120,1467,775,111,51,778,385,36,16,600,303,52,25,367,181,4,3,0.0,0.5714285714285714,1060
Ross Muir,Craig Steadman,7,1119,1313,0.25407076985042915,0.38107214519980964,44,18,251,114,299,172,1942,1044,34,13,241,109,83,49,517,253,4,0,0.0,1.0,1060
Oliver Lines,Zhou Yuelong,7,1180,1191,0.48496472766542054,0.4931254332354657,69,38,390,211,35,16,217,108,63,31,336,189,53,29,217,108,4,2,0.0,0.6666666666666666,1060
Ding Junhui,Barry Pinches,7,1496,1223,0.8230423767770356,0.6642964428999887,515,338,3809,2159,647,341,5148,2689,63,36,1174,693,40,20,479,214,4,1,0.0,0.8,1060
Xiao Guodong,Da Hailin,7,1374,1023,0.8819896948101545,0.706303891936407,249,144,1704,934,18,7,121,52,69,41,762,415,0,0,70,33,4,2,0.0,0.6666666666666666,1060
Peter Ebdon,Scott Donaldson,7,1334,1225,0.6454220086166967,0.5677065480733601,866,499,7107,3818,89,46,577,287,89,55,820,412,34,13,567,282,4,2,0.0,0.6666666666666666,1060
Mike Dunn,Luo Honghao,7,1236,1040,0.7480902113030796,0.6201064323430902,552,291,4127,2121,8,5,44,25,48,24,501,240,0,0,44,25,4,1,0.0,0.8,1060
Graeme Dott,Mark King,7,1452,1346,0.641605432096216,0.5658650028954817,629,366,5028,2676,710,390,5384,2811,78,44,855,466,59,29,752,389,4,1,0.0,0.8,1060
Ryan Day,Cao Yupeng,7,1338,1236,0.6364932182719292,0.5634067862621936,593,358,4339,2384,130,68,950,480,78,42,895,465,35,15,786,409,4,1,0.0,0.8,1060
Stuart Bingham,Zhao Xintong,7,1483,1230,0.8051614968205012,0.6530561132866127,749,465,5637,3182,30,16,202,112,141,84,1248,704,27,13,202,112,4,2,0.0,0.6666666666666666,1060
Matthew Selt,Jimmy White,7,1377,1249,0.6692199309586204,0.5793242521487495,327,170,2312,1176,1315,751,11477,6075,102,63,593,293,51,24,667,312,4,0,0.0,1.0,1060
Jimmy Robertson,Xiao Guodong,7,1353,1374,0.4713154170628733,0.4868780138177567,286,149,1891,965,249,144,1704,934,58,33,643,330,69,41,762,415,4,0,0.0,1.0,1060
Tian Pengfei,Ben Woollaston,7,1305,1385,0.3920645840647391,0.45016600268752216,219,120,1467,775,358,207,2357,1270,36,16,600,303,69,37,811,451,4,1,0.0,0.8,1060
Oliver Lines,Mike Dunn,7,1180,1236,0.42393453930920916,0.4650570548417855,69,38,390,211,552,291,4127,2121,63,31,336,189,48,24,501,240,4,3,0.0,0.5714285714285714,1060
Ding Junhui,Joe Perry,7,1496,1405,0.622303251187688,0.5566309599222533,515,338,3809,2159,756,439,5560,2969,63,36,1174,693,81,47,1072,601,4,3,0.0,0.5714285714285714,1060
Peter Ebdon,Lin Shuai,7,1334,1038,0.8422000503552975,0.676995856238523,866,499,7107,3818,16,7,94,41,89,55,820,412,0,0,94,41,4,2,0.0,0.6666666666666666,1060
Ryan Day,Graeme Dott,7,1338,1452,0.34825159011302903,0.4292283881055083,593,358,4339,2384,629,366,5028,2676,78,42,895,465,78,44,855,466,4,1,0.0,0.8,1060
Stuart Bingham,Ross Muir,7,1483,1119,0.8901903833125965,0.7130001627522816,749,465,5637,3182,44,18,251,114,141,84,1248,704,34,13,241,109,4,3,0.0,0.5714285714285714,1060
Matthew Selt,Peter Ebdon,7,1377,1334,0.5585634499391967,0.5268491486891144,327,170,2312,1176,866,499,7107,3818,102,63,593,293,89,55,820,412,4,3,0.0,0.5714285714285714,1060
Jimmy Robertson,Tian Pengfei,7,1353,1305,0.5653114683109788,0.5299640517645717,286,149,1891,965,219,120,1467,775,58,33,643,330,36,16,600,303,4,2,0.0,0.6666666666666666,1060
Oliver Lines,Ryan Day,7,1180,1338,0.2946731337220897,0.40251423417298393,69,38,390,211,593,358,4339,2384,63,31,336,189,78,42,895,465,4,2,0.0,0.6666666666666666,1060
Stuart Bingham,Ding Junhui,7,1483,1496,0.48223281808358937,0.4918757150937391,749,465,5637,3182,515,338,3809,2159,141,84,1248,704,63,36,1174,693,4,0,0.0,1.0,1060
Oliver Lines,Jimmy Robertson,7,1180,1353,0.27737236637321583,0.3935295129316965,69,38,390,211,286,149,1891,965,63,31,336,189,58,33,643,330,4,3,0.0,0.5714285714285714,1060
Stuart Bingham,Matthew Selt,7,1483,1377,0.641605432096216,0.5658650028954817,749,465,5637,3182,327,170,2312,1176,141,84,1248,704,102,63,593,293,4,1,0.0,0.8,1060
Stuart Bingham,Oliver Lines,7,1483,1180,0.847732715071801,0.6808107108156386,749,465,5637,3182,69,38,390,211,141,84,1248,704,63,31,336,189,4,0,0.0,1.0,1060
Martin O'Donnell,Vasil Todorov,7,1175,1000,0.7248939369984414,0.6076631698328917,178,81,1054,514,0,0,0,0,21,11,401,187,0,0,0,0,4,0,0.0,1.0,1059
Bratislav Krastev,Sergey Isaenko,7,978,988,0.4863309727288301,0.49375032550048964,2,0,9,1,1,0,4,0,0,0,9,1,4,0,4,0,4,3,0.0,0.5714285714285714,1059
Chris Jones,Chris Bryant,7,949,1000,0.43064928112217615,0.4681681105837757,6,0,31,5,0,0,0,0,4,0,4,0,0,0,0,0,4,1,0.0,0.8,1059
Paul Davison,Nikolai Hristov,7,1235,989,0.7986358149208075,0.6490805242445733,546,294,3889,2005,1,0,4,0,30,18,651,324,0,0,4,0,4,0,0.0,1.0,1059
Teodor Chomovski,Veselin Lazarov,7,1000,1000,0.5,0.5,0,0,0,0,0,0,0,0,0,0,0,0,0,0,0,0,4,0,0.0,1.0,1059
Richard Beckham,Sashko Dimitrov,7,1010,1000,0.51366902727117,0.5062496744995104,7,4,38,18,0,0,0,0,35,18,35,18,0,0,0,0,4,0,0.0,1.0,1059
Sydney Wilson,Karen Osipov,7,1110,996,0.651748409886971,0.5707716118944918,100,41,550,257,2,1,12,5,39,21,260,141,12,5,12,5,4,0,0.0,1.0,1059
Michael Williams,Viktor Iliev,7,987,1000,0.48223281808358937,0.4918757150937391,8,3,37,16,0,0,0,0,12,4,37,16,0,0,0,0,4,0,0.0,1.0,1059
Kristof Vermeiren,Jack Bradford,7,1003,902,0.6352110684578025,0.5627917401386452,7,4,36,18,24,5,118,36,9,4,36,18,8,4,109,35,4,3,0.0,0.5714285714285714,1059
Mitchell Travis,Joe Steele,7,1107,1005,0.6364932182719292,0.5634067862621936,83,40,470,224,32,13,163,72,17,9,251,125,19,8,163,72,4,2,0.0,0.6666666666666666,1059
Alex Taubman,Marko Vukovic,7,1015,989,0.5354968818114487,0.5162442810620724,103,42,555,243,1,0,4,0,18,9,214,103,0,0,0,0,4,0,0.0,1.0,1059
Spasian Spasov,Danail Tugov,7,1000,986,0.5191328123553783,0.5087491068802403,0,0,0,0,2,0,10,2,0,0,0,0,0,0,10,2,4,1,0.0,0.8,1059
Tomasz Skalski,Daniel Wells,7,1032,1181,0.30530209550926213,0.40793707183518074,29,11,159,70,220,108,1464,725,10,5,90,43,39,18,510,227,4,1,0.0,0.8,1059
Eden Sharav,Chris Jones,7,1102,949,0.6994442564412618,0.5944759307482401,36,21,199,101,6,0,31,5,58,27,142,71,4,0,4,0,4,3,0.0,0.5714285714285714,1059
Brandon Sargeant,William Lemons,7,986,949,0.5504420624351876,0.523108525489089,12,4,66,29,9,1,49,16,24,13,66,29,7,3,40,12,4,3,0.0,0.5714285714285714,1059
Zack Richardson,Declan Brennan,7,1085,945,0.6838913574482577,0.5866175789173301,22,12,116,67,11,2,56,18,27,17,116,67,0,0,14,2,4,3,0.0,0.5714285714285714,1059
John Parkin,Aleksandr Kurgankov,7,987,994,0.4904306643721704,0.4956251116502266,8,3,42,17,2,1,9,4,0,0,42,17,9,4,9,4,4,0,0.0,1.0,1059
Sean O'Sullivan,Kishan Hirani,7,1129,1032,0.6300664956451868,0.5603296426885532,86,34,522,233,81,36,431,196,49,26,381,163,29,15,177,87,4,1,0.0,0.8,1059
Martin O'Donnell,Ivan Kupov,7,1175,979,0.7480902113030796,0.6201064323430902,178,81,1054,514,2,0,10,2,21,11,401,187,0,0,10,2,4,1,0.0,0.8,1059
Joe O'Connor,Adam Bobat,7,1031,985,0.5626145694127913,0.5287183569514396,20,10,112,54,13,5,70,30,40,16,112,54,14,8,57,24,4,3,0.0,0.5714285714285714,1059
Conor McCormack,Hristo Sirakov,7,971,991,0.4726790179572131,0.4875026035157896,2,0,8,0,1,0,4,0,8,0,8,0,0,0,4,0,4,3,0.0,0.5714285714285714,1059
Sanderson Lam,Bratislav Krastev,7,1050,978,0.5973854695265872,0.5448788923735801,43,19,236,107,2,0,9,1,13,7,206,96,0,0,9,1,4,0,0.0,1.0,1059
Lukas Kleckers,Andreas Ploner,7,1016,999,0.5232282019769063,0.5106234010049637,8,4,41,19,12,5,60,27,11,5,41,19,14,6,50,22,4,1,0.0,0.8,1059
Christopher Keogan,David Frew,7,1026,984,0.557211603425229,0.5262259093720687,51,16,274,117,1,0,4,0,20,11,225,98,0,0,4,0,4,0,0.0,1.0,1059
Ben Jones,Anthony Jeffers,7,1031,1000,0.5422981239384312,0.519365308229932,37,18,189,92,0,0,0,0,20,8,189,92,0,0,0,0,4,3,0.0,0.5714285714285714,1059
Jeff Jacobs,Mark Owens,7,929,950,0.4713154170628733,0.4868780138177567,10,1,52,15,22,6,117,45,15,6,48,15,7,1,35,16,4,2,0.0,0.6666666666666666,1059
Ashley Hugill,Krasimir Kameshev,7,968,975,0.4904306643721704,0.4956251116502266,6,1,31,11,2,0,8,0,9,1,31,11,0,0,8,0,4,0,0.0,1.0,1059
Jurian Heusdens,Kobi Mates,7,1058,988,0.5947357972115818,0.5436386872370789,19,10,96,52,1,0,4,0,10,5,86,46,0,0,4,0,4,0,0.0,1.0,1059
Sam Harvey,Julian Petrov,7,1040,1000,0.5545057991359676,0.52497918747894,87,38,446,214,0,0,0,0,0,0,161,73,0,0,0,0,4,0,0.0,1.0,1059
Stanislav Hadjipopov,Kjetil Hårtveit,7,980,1000,0.4726790179572131,0.4875026035157896,2,0,8,0,0,0,0,0,0,0,8,0,0,0,0,0,4,2,0.0,0.6666666666666666,1059
Luke Garland,John Sutton,7,1033,1053,0.4726790179572131,0.4875026035157896,11,7,66,34,37,20,205,105,36,19,66,34,19,3,69,28,4,2,0.0,0.6666666666666666,1059
Reanne Evans,Nikola Kemilev,7,1009,996,0.5177671819164105,0.5081242849062608,102,33,546,215,3,1,12,4,13,5,238,112,0,0,12,4,4,3,0.0,0.5714285714285714,1059
Nico Elton,Jake Nicholson,7,991,922,0.5934092174000843,0.5430183807243099,21,7,115,47,46,11,238,86,24,10,104,43,16,8,101,45,4,3,0.0,0.5714285714285714,1059
Adam Duffy,Stefan Simeonovski,7,1218,1000,0.7711668601434363,0.6329747766804606,200,102,1245,637,0,0,0,0,28,19,476,222,0,0,0,0,4,0,0.0,1.0,1059
TJ Dowling,Farhan Mirza,7,989,909,0.6079354159352611,0.549833997312478,3,1,16,6,13,1,98,25,11,6,11,6,0,0,0,0,4,0,0.0,1.0,1059
Peter Devlin,Matthew Hulatt,7,967,990,0.46858930565080326,0.4856289593029398,3,0,15,3,1,0,6,2,0,0,15,3,6,2,6,2,4,0,0.0,1.0,1059
Simon Dent,Corina Maracine,7,984,1000,0.4781366606027012,0.4900013331200346,6,2,36,15,0,0,0,0,0,0,0,0,0,0,0,0,4,0,0.0,1.0,1059
Matthew Day,Rhys Clark,7,1116,1082,0.5463726874746992,0.5212372149662741,102,48,552,271,33,17,177,89,34,16,323,170,0,0,177,89,4,1,0.0,0.8,1059
Paul Davison,Andrew Rogers,7,1235,1009,0.7792359029381558,0.637608652621925,546,294,3889,2005,25,11,130,60,30,18,651,324,0,0,82,42,4,2,0.0,0.6666666666666666,1059
Jeff Cundy,Teodor Chomovski,7,1155,1000,0.7018040708685593,0.5956807306078472,485,258,3444,1787,0,0,0,0,23,12,281,152,0,0,0,0,4,0,0.0,1.0,1059
Dylan Craig,Josh Mulholland,7,1059,1000,0.5800831913605062,0.5368082899889803,24,13,127,67,0,0,0,0,14,8,127,67,0,0,0,0,4,1,0.0,0.8,1059
Michael Collumb,Ivaylo Hristov,7,934,1000,0.4105773109788817,0.45884333184977194,17,5,92,36,0,0,0,0,6,2,43,14,0,0,0,0,4,0,0.0,1.0,1059
Brian Cini,Matthew Glasby,7,1012,1026,0.48086718764462183,0.4912508931197597,6,3,31,17,12,7,73,39,19,11,31,17,30,17,73,39,4,1,0.0,0.8,1059
Ryan Causton,Billy Brown,7,1109,949,0.7076639986592218,0.598687660112452,75,38,404,198,12,3,59,20,7,3,312,159,22,11,55,20,4,3,0.0,0.5714285714285714,1059
Ashley Carty,Jamie Clarke,7,1096,1113,0.476771798023094,0.4893765989950364,44,21,251,122,51,24,271,138,40,19,226,113,26,17,178,98,4,3,0.0,0.5714285714285714,1059
Oliver Brown,John Chapman,7,1135,984,0.6970755073607001,0.5932699921071872,103,42,547,246,1,0,4,0,36,17,348,187,4,0,4,0,4,0,0.0,1.0,1059
Josh Boileau,Hans Blanckaert,7,1040,863,0.7271505015076656,0.6088545692109504,21,11,112,56,83,18,438,151,14,8,99,50,12,4,141,56,4,1,0.0,0.8,1059
Grzegorz Biernadski,Luchezar Gergov,7,960,979,0.47404295972292854,0.4881272322437472,5,0,25,5,2,0,8,0,0,0,4,0,0,0,8,0,4,0,0.0,1.0,1059
Richard Beckham,Georgi Velichkov,7,1010,997,0.5177671819164105,0.5081242849062608,7,4,38,18,3,1,13,4,35,18,35,18,0,0,13,4,4,1,0.0,0.8,1059
Joshua Baddeley,Jayson Wholey,7,1015,933,0.6105601107289808,0.551071269307342,3,2,15,9,4,0,17,1,15,9,15,9,9,1,17,1,4,0,0.0,1.0,1059
Gareth Allen,Mark Vincent,7,1106,943,0.7111524094404451,0.6004882745269664,84,41,463,228,30,9,144,55,18,9,320,156,0,0,86,38,4,0,0.0,1.0,1059
Sydney Wilson,Spasian Spasov,7,1110,1000,0.6466907800352545,0.5683199834782481,100,41,550,257,0,0,0,0,39,21,260,141,0,0,0,0,4,0,0.0,1.0,1059
Michael Williams,Lukas Kleckers,7,987,1016,0.46042091137016095,0.4818829349568186,8,3,37,16,8,4,41,19,12,4,37,16,11,5,41,19,4,3,0.0,0.5714285714285714,1059
Mitchell Travis,Peter Devlin,7,1107,967,0.6838913574482577,0.5866175789173301,83,40,470,224,3,0,15,3,17,9,251,125,0,0,15,3,4,0,0.0,1.0,1059
Alex Taubman,Martin O'Donnell,7,1015,1175,0.2923360013407782,0.401312339887548,103,42,555,243,178,81,1054,514,18,9,214,103,21,11,401,187,4,3,0.0,0.5714285714285714,1059
Tomasz Skalski,Ryan Causton,7,1032,1109,0.39601140843867844,0.4520230623632036,29,11,159,70,75,38,404,198,10,5,90,43,7,3,312,159,4,3,0.0,0.5714285714285714,1059
Eden Sharav,Daniel Schneider,7,1102,969,0.67536846283006,0.5823675407280794,36,21,199,101,5,1,24,8,58,27,142,71,4,0,24,8,4,0,0.0,1.0,1059
Brandon Sargeant,Jurian Heusdens,7,986,1058,0.40261453047341306,0.45512110762641994,12,4,66,29,19,10,96,52,24,13,66,29,10,5,86,46,4,1,0.0,0.8,1059
Sanderson Lam,Sean O'Sullivan,7,1050,1129,0.3933789028764624,0.45078487089866653,43,19,236,107,86,34,522,233,13,7,206,96,49,26,381,163,4,0,0.0,1.0,1059
Christopher Keogan,Richard Beckham,7,1026,1010,0.5218633393972989,0.5099986668799655,51,16,274,117,7,4,38,18,20,11,225,98,35,18,35,18,4,1,0.0,0.8,1059
Ben Jones,Luke Garland,7,1031,1033,0.4972656477862734,0.49875000260416025,37,18,189,92,11,7,66,34,20,8,189,92,36,19,66,34,4,2,0.0,0.6666666666666666,1059
Jeff Jacobs,Stanislav Hadjipopov,7,929,980,0.43064928112217615,0.4681681105837757,10,1,52,15,2,0,8,0,15,6,48,15,0,0,8,0,4,0,0.0,1.0,1059
Ashley Hugill,Brian Cini,7,968,1012,0.44008542926958705,0.47252769565540637,6,1,31,11,6,3,31,17,9,1,31,11,19,11,31,17,4,3,0.0,0.5714285714285714,1059
Sam Harvey,Joe O'Connor,7,1040,1031,0.5123026114255715,0.5056247627073255,87,38,446,214,20,10,112,54,0,0,161,73,40,16,112,54,4,3,0.0,0.5714285714285714,1059
Kacper Filipiak,Zack Richardson,7,920,1085,0.286533617594737,0.3983128198171432,31,5,164,42,22,12,116,67,16,9,103,37,27,17,116,67,4,3,0.0,0.5714285714285714,1059
Nico Elton,Oliver Brown,7,991,1135,0.31128429594529594,0.41095956594133487,21,7,115,47,103,42,547,246,24,10,104,43,36,17,348,187,4,2,0.0,0.6666666666666666,1059
Adam Duffy,Marc Davis,7,1218,1047,0.7203516579445735,0.6052765337748445,200,102,1245,637,78,32,408,183,28,19,476,222,19,11,192,101,4,2,0.0,0.6666666666666666,1059
TJ Dowling,Reanne Evans,7,989,1009,0.4726790179572131,0.4875026035157896,3,1,16,6,102,33,546,215,11,6,11,6,13,5,238,112,4,3,0.0,0.5714285714285714,1059
Matthew Day,Simon Dent,7,1116,984,0.6741427448520734,0.5817593768418363,102,48,552,271,6,2,36,15,34,16,323,170,0,0,0,0,4,1,0.0,0.8,1059
Paul Davison,Joshua Baddeley,7,1235,1015,0.7732004785001367,0.6341355910108007,546,294,3889,2005,3,2,15,9,30,18,651,324,15,9,15,9,4,3,0.0,0.5714285714285714,1059
Jeff Cundy,Dylan Craig,7,1155,1059,0.6287764284690306,0.5597136492671929,485,258,3444,1787,24,13,127,67,23,12,281,152,14,8,127,67,4,3,0.0,0.5714285714285714,1059
Ashley Carty,John Parkin,7,1096,987,0.6454220086166967,0.5677065480733601,44,21,251,122,8,3,42,17,40,19,226,113,0,0,42,17,4,2,0.0,0.6666666666666666,1059
Josh Boileau,Kristof Vermeiren,7,1040,1003,0.5504420624351876,0.523108525489089,21,11,112,56,7,4,36,18,14,8,99,50,9,4,36,18,4,0,0.0,1.0,1059
Grzegorz Biernadski,Conor McCormack,7,960,971,0.48496472766542054,0.4931254332354657,5,0,25,5,2,0,8,0,0,0,4,0,8,0,8,0,4,1,0.0,0.8,1059
Gareth Allen,Michael Collumb,7,1106,934,0.721490850613204,0.6058736684317606,84,41,463,228,17,5,92,36,18,9,320,156,6,2,43,14,4,0,0.0,1.0,1059
Gary Wilson,Ken Doherty,7,1351,1311,0.5545057991359676,0.52497918747894,250,152,1572,877,983,611,8169,4523,38,16,522,300,46,21,750,394,4,2,0.0,0.6666666666666666,1059
Kyren Wilson,Josh Boileau,7,1341,1040,0.8461660899282688,0.6797231924722057,211,126,1299,710,21,11,112,56,52,26,443,247,14,8,99,50,4,1,0.0,0.8,1059
Robbie Williams,Hammad Miah,7,1297,1047,0.8023816778034777,0.6513548646660542,226,126,1340,698,33,13,199,82,64,33,594,309,24,4,181,76,4,3,0.0,0.5714285714285714,1059
Michael White,Ian Burns,7,1368,1343,0.534135239137421,0.5156199157230156,235,130,1672,889,205,114,1230,654,72,40,754,409,68,33,619,333,4,1,0.0,0.8,1059
Jimmy White,Sydney Wilson,7,1272,1110,0.7099919234270913,0.5998883688639983,1319,754,11494,6087,100,41,550,257,68,36,684,324,39,21,260,141,4,1,0.0,0.8,1059
Liang Wenbo,Lyu Haotian,7,1392,1139,0.8051614968205012,0.6530561132866127,357,208,2439,1336,43,17,304,135,64,32,801,452,44,16,304,135,4,2,0.0,0.6666666666666666,1059
Michael Wasley,John Astley,7,1252,1139,0.6504866469700167,0.5701590253818352,194,97,1162,575,100,49,585,280,43,19,560,278,27,7,354,168,4,0,0.0,1.0,1059
Ricky Walden,Gareth Allen,7,1495,1106,0.9047290575025384,0.7256175202732952,550,337,4022,2231,84,41,463,228,137,85,1124,617,18,9,320,156,4,2,0.0,0.6666666666666666,1059
Chris Wakelin,Nico Elton,7,1173,991,0.732748880507422,0.6118273690017371,42,23,267,135,21,7,115,47,55,26,267,135,24,10,104,43,4,2,0.0,0.6666666666666666,1059
Judd Trump,Ashley Carty,7,1568,1096,0.942419406953421,0.7649478037637647,528,345,3633,2096,44,21,251,122,189,119,1411,822,40,19,226,113,4,0,0.0,1.0,1059
Mitchell Travis,Aditya Mehta,7,1107,1321,0.23293287554107978,0.36935147434892557,83,40,470,224,185,94,1285,638,17,9,251,125,65,34,730,374,4,3,0.0,0.5714285714285714,1059
Allan Taylor,Lee Page,7,1157,1139,0.5245927745980452,0.5112481019468548,191,100,1058,557,183,94,1091,554,37,13,285,130,40,15,242,108,4,3,0.0,0.5714285714285714,1059
Joe Swail,Jeff Jacobs,7,1359,929,0.9252601960385705,0.7455466141264027,703,385,5593,2927,10,1,52,15,99,58,549,287,15,6,48,15,4,1,0.0,0.8,1059
Zak Surety,Michael Leslie,7,1098,1038,0.5814204865006773,0.5374298453437496,60,30,335,165,70,17,437,165,38,15,249,126,24,4,304,104,4,1,0.0,0.8,1059
Matthew Stevens,Ben Jones,7,1331,1031,0.8453785395674661,0.679178699175393,771,464,6144,3369,37,18,189,92,58,29,971,487,20,8,189,92,4,1,0.0,0.8,1059
Elliot Slessor,Noppon Saengkham,7,1155,1252,0.3699335043548132,0.4396703573114467,52,22,302,140,73,31,502,224,40,17,282,130,91,45,332,166,4,1,0.0,0.8,1059
Matthew Selt,Sam Harvey,7,1416,1040,0.8973679326012581,0.7190996574163839,333,175,2340,1197,87,38,446,214,130,84,621,314,0,0,161,73,4,2,0.0,0.6666666666666666,1059
Mark Selby,Barry Pinches,7,1548,1235,0.855396798107813,0.6862186708976811,739,496,5352,3072,650,343,5162,2698,38,19,1465,884,54,29,493,223,4,3,0.0,0.5714285714285714,1059
Neil Robertson,Steven Hallworth,7,1532,1005,0.9598004048932872,0.7887654709682405,627,406,4635,2616,24,9,131,58,119,72,1436,846,26,6,127,58,4,1,0.0,0.8,1059
Jimmy Robertson,Alex Davies,7,1376,1230,0.691115079332653,0.5902502519301834,292,154,1925,988,182,93,1098,558,92,56,677,353,43,19,278,137,4,2,0.0,0.6666666666666666,1059
Dechawat Poomjaeng,Matthew Day,7,1318,1116,0.7545108097932872,0.623633628298226,128,69,918,460,102,48,552,271,69,33,762,392,34,16,323,170,4,0,0.0,1.0,1059
Joe Perry,Xiao Guodong,7,1427,1368,0.5800831913605062,0.5368082899889803,760,442,5581,2984,253,147,1723,946,102,62,1093,616,88,53,781,427,4,3,0.0,0.5714285714285714,1059
Fraser Patrick,Alex Taubman,7,1220,1015,0.75768573294214,0.6253923497205511,117,52,772,366,103,42,555,243,66,32,445,218,18,9,214,103,4,0,0.0,1.0,1059
Andrew Pagett,Ben Woollaston,7,1159,1379,0.22679952149986343,0.36586440898919936,211,99,1385,681,362,210,2378,1283,41,14,359,163,90,50,832,464,4,3,0.0,0.5714285714285714,1059
Fergal O'Brien,Ahmed Saif,7,1323,975,0.880033408790135,0.7047456979980911,687,394,5389,2848,23,6,130,39,66,38,611,316,22,6,116,38,4,2,0.0,0.6666666666666666,1059
Chris Norbury,Marco Fu,7,1112,1503,0.09417599448618068,0.27338811985060596,225,112,1369,688,623,368,4716,2552,24,4,308,140,132,76,1113,633,4,3,0.0,0.5714285714285714,1059
Shaun Murphy,Joel Walker,7,1472,1262,0.7629243149475251,0.6283161882953663,699,448,5285,2978,104,50,632,310,111,66,1239,687,73,43,471,231,4,1,0.0,0.8,1059
Robert Milkins,Christopher Keogan,7,1459,1026,0.9266101533502596,0.7469667935196899,607,377,4612,2535,51,16,274,117,120,69,1054,597,20,11,225,98,4,2,0.0,0.6666666666666666,1059
Chris Melling,Grzegorz Biernadski,7,1144,960,0.7349708541108757,0.6130141761393355,129,74,905,486,5,0,25,5,48,21,48,21,0,0,4,0,4,2,0.0,0.6666666666666666,1059
Alan McManus,Kacper Filipiak,7,1375,920,0.9359148755824045,0.75722034035404,752,443,6447,3402,31,5,164,42,25,11,683,361,16,9,103,37,4,3,0.0,0.5714285714285714,1059
Anthony McGill,Lee Walker,7,1340,1262,0.6053054839891849,0.5485961085831343,263,158,1600,881,351,201,2787,1457,88,44,720,384,16,4,67,33,4,2,0.0,0.6666666666666666,1059
Mitchell Mann,David Gilbert,7,1181,1378,0.2508331787523786,0.37930480863564453,143,72,840,426,347,196,2685,1427,77,39,289,147,88,49,768,420,4,3,0.0,0.5714285714285714,1059
Kurt Maflin,Thepchaiya Un-Nooh,7,1335,1293,0.557211603425229,0.5262259093720687,362,214,2421,1323,140,76,1001,523,68,33,770,421,68,38,610,314,4,3,0.0,0.5714285714285714,1059
Jack Lisowski,Jeff Cundy,7,1347,1155,0.7437579445222342,0.617747874769249,249,151,1581,870,485,258,3444,1787,54,28,666,344,23,12,281,152,4,2,0.0,0.6666666666666666,1059
Oliver Lines,Mark Williams,7,1225,1473,0.19948562670059505,0.34978145142617295,76,44,429,235,1040,681,8291,4736,102,55,375,213,141,85,1018,577,4,1,0.0,0.8,1059
Mark King,Alex Borg,7,1360,1128,0.7851724867885262,0.6410674063348171,713,392,5397,2820,287,127,2088,964,72,38,765,398,28,12,128,48,4,2,0.0,0.6666666666666666,1059
Mark Joyce,Ryan Clark,7,1283,962,0.8613262329678552,0.6905090012275708,315,168,2260,1146,29,7,159,53,68,32,712,364,0,0,115,44,4,0,0.0,1.0,1059
Jamie Jones,Alexander Ursenbacher,7,1298,1028,0.8204326451879429,0.6626218371700825,326,196,2149,1172,28,10,143,58,64,35,698,365,25,5,125,50,4,2,0.0,0.6666666666666666,1059
Michael Holt,Tomasz Skalski,7,1335,1032,0.847732715071801,0.6808107108156386,562,329,4238,2259,29,11,159,70,53,28,734,392,10,5,90,43,4,2,0.0,0.6666666666666666,1059
Liam Highfield,Adam Duffy,7,1314,1218,0.6287764284690306,0.5597136492671929,212,117,1438,754,200,102,1245,637,55,29,598,301,28,19,476,222,4,1,0.0,0.8,1059
Andrew Higginson,Tian Pengfei,7,1349,1318,0.5422981239384312,0.519365308229932,548,334,3932,2173,224,124,1497,793,70,40,792,411,66,34,630,321,4,3,0.0,0.5714285714285714,1059
John Higgins,Michael Williams,7,1474,987,0.9476923793212405,0.771623296651567,1091,775,9011,5322,8,3,37,16,88,49,964,562,12,4,37,16,4,0,0.0,1.0,1059
Barry Hawkins,Sanderson Lam,7,1495,1050,0.9318132355220661,0.7525948948809733,656,401,4732,2625,43,19,236,107,97,57,1263,720,13,7,206,96,4,0,0.0,1.0,1059
Anthony Hamilton,Rory McLeod,7,1371,1273,0.6313550071762073,0.5609454503247162,689,407,5448,2934,426,236,3296,1733,54,27,634,333,55,25,616,315,4,3,0.0,0.5714285714285714,1059
Gerard Greene,Eden Sharav,7,1198,1102,0.6287764284690306,0.5597136492671929,591,325,4497,2369,36,21,199,101,46,22,514,241,58,27,142,71,4,3,0.0,0.5714285714285714,1059
David Grace,Stuart Bingham,7,1193,1518,0.13577589028605436,0.30735801686526387,200,93,1291,630,756,472,5673,3210,35,13,553,268,177,112,1284,732,4,3,0.0,0.5714285714285714,1059
Martin Gould,Ross Muir,7,1443,1153,0.837347307313657,0.6737070994545215,441,262,2998,1619,48,21,276,129,51,27,907,470,59,28,266,124,4,1,0.0,0.8,1059
Ian Glover,Ratchayothin Yotharuck,7,1140,1030,0.6466907800352545,0.5683199834782481,134,59,805,391,23,5,148,53,36,10,214,112,27,7,148,53,4,2,0.0,0.6666666666666666,1059
Peter Ebdon,Paul Davison,7,1347,1235,0.6492231123314619,0.569546223939229,871,503,7136,3837,546,294,3889,2005,118,74,849,431,30,18,651,324,4,1,0.0,0.8,1059
Mike Dunn,Tom Ford,7,1264,1274,0.4863309727288301,0.49375032550048964,556,294,4148,2136,416,238,3034,1610,69,39,522,255,39,15,740,370,4,3,0.0,0.5714285714285714,1059
Graeme Dott,Brandon Sargeant,7,1439,986,0.9351112203958931,0.7562999700991855,633,369,5050,2689,12,4,66,29,100,57,877,479,24,13,66,29,4,2,0.0,0.6666666666666666,1059
Mark Davis,Michael Georgiou,7,1464,1112,0.8826364364142812,0.7068222210935676,783,473,5864,3195,87,38,501,237,133,81,1285,721,36,15,157,87,4,3,0.0,0.5714285714285714,1059
Dominic Dale,Vinnie Calabrese,7,1350,1088,0.8133483117002799,0.6581363150480182,674,385,5073,2696,77,36,461,215,72,39,877,451,33,12,222,88,4,3,0.0,0.5714285714285714,1059
Jamie Cope,TJ Dowling,7,1224,989,0.7881034579959058,0.6427913242407762,455,247,3069,1569,3,1,16,6,54,28,650,308,11,6,11,6,4,0,0.0,1.0,1059
Alfie Burden,Jak Jones,7,1255,1100,0.7018040708685593,0.5956807306078472,528,288,3926,2032,105,45,633,289,48,21,705,353,22,6,198,81,4,3,0.0,0.5714285714285714,1059
Luca Brecel,Craig Steadman,7,1248,1308,0.4185795134993229,0.46257015465625045,133,64,913,461,302,174,1955,1052,53,28,656,340,96,57,530,261,4,2,0.0,0.6666666666666666,1059
Nigel Bond,Peter Lines,7,1287,1284,0.5041014855971089,0.5018749912109869,744,420,6030,3205,638,354,4730,2482,59,29,598,301,56,27,589,289,4,0,0.0,1.0,1059
Sam Baird,Ashley Hugill,7,1359,968,0.9058240055138194,0.726611880149394,196,106,1334,692,6,1,31,11,77,41,666,350,9,1,31,11,4,1,0.0,0.8,1059
Robbie Williams,Robert Milkins,7,1297,1459,0.29000807657290884,0.40011163113600173,226,126,1340,698,607,377,4612,2535,64,33,594,309,120,69,1054,597,4,3,0.0,0.5714285714285714,1059
Michael White,Anthony Hamilton,7,1368,1371,0.4958985144028909,0.498125008789013,235,130,1672,889,689,407,5448,2934,72,40,754,409,54,27,634,333,4,2,0.0,0.6666666666666666,1059
Jimmy White,Dechawat Poomjaeng,7,1272,1318,0.43738543058720863,0.4712816430485603,1319,754,11494,6087,128,69,918,460,68,36,684,324,69,33,762,392,4,2,0.0,0.6666666666666666,1059
Liang Wenbo,Allan Taylor,7,1392,1157,0.7881034579959058,0.6427913242407762,357,208,2439,1336,191,100,1058,557,64,32,801,452,37,13,285,130,4,2,0.0,0.6666666666666666,1059
Michael Wasley,Chris Norbury,7,1252,1112,0.6838913574482577,0.5866175789173301,194,97,1162,575,225,112,1369,688,43,19,560,278,24,4,308,140,4,3,0.0,0.5714285714285714,1059
Ricky Walden,Ryan Day,7,1495,1369,0.6667467241528153,0.5781052328843092,550,337,4022,2231,598,362,4363,2402,137,85,1124,617,102,60,919,483,4,3,0.0,0.5714285714285714,1059
Judd Trump,John Higgins,7,1568,1474,0.6261916833783177,0.5584811124381613,528,345,3633,2096,1091,775,9011,5322,189,119,1411,822,88,49,964,562,4,1,0.0,0.8,1059
Elliot Slessor,Chris Wakelin,7,1155,1173,0.47540722540195457,0.4887518980531451,52,22,302,140,42,23,267,135,40,17,282,130,55,26,267,135,4,3,0.0,0.5714285714285714,1059
Matthew Selt,Mitchell Mann,7,1416,1181,0.7881034579959058,0.6427913242407762,333,175,2340,1197,143,72,840,426,130,84,621,314,77,39,289,147,4,0,0.0,1.0,1059
Mark Selby,Joe Swail,7,1548,1359,0.7404818133197837,0.6159753019181258,739,496,5352,3072,703,385,5593,2927,38,19,1465,884,99,58,549,287,4,2,0.0,0.6666666666666666,1059
Jimmy Robertson,Mitchell Travis,7,1376,1107,0.8195570476403491,0.6620627248063988,292,154,1925,988,83,40,470,224,92,56,677,353,17,9,251,125,4,2,0.0,0.6666666666666666,1059
Joe Perry,Scott Donaldson,7,1427,1223,0.756630061657872,0.6248064744684293,760,442,5581,2984,92,48,595,297,102,62,1093,616,52,23,585,292,4,3,0.0,0.5714285714285714,1059
Fraser Patrick,Nigel Bond,7,1220,1287,0.4092473522241249,0.4582226307163632,117,52,772,366,744,420,6030,3205,66,32,445,218,59,29,598,301,4,3,0.0,0.5714285714285714,1059
Andrew Pagett,Rod Lawler,7,1159,1388,0.21778339730367308,0.36066016324693406,211,99,1385,681,669,373,5255,2755,41,14,359,163,125,73,842,459,4,1,0.0,0.8,1059
Shaun Murphy,Stuart Carrington,7,1472,1271,0.7534472409879828,0.6230466603666162,699,448,5285,2978,188,103,1094,588,111,66,1239,687,41,20,373,189,4,0,0.0,1.0,1059
Alan McManus,Alfie Burden,7,1375,1255,0.6592810606298003,0.574442516811659,752,443,6447,3402,528,288,3926,2032,25,11,683,361,48,21,705,353,4,3,0.0,0.5714285714285714,1059
Anthony McGill,Kurt Maflin,7,1340,1335,0.5068355814796678,0.5031249593105316,263,158,1600,881,362,214,2421,1323,88,44,720,384,68,33,770,421,4,1,0.0,0.8,1059
Stephen Maguire,Kyren Wilson,7,1527,1341,0.7371828058525272,0.6141996427768951,666,445,5021,2850,211,126,1299,710,154,95,1298,751,52,26,443,247,4,0,0.0,1.0,1059
Oliver Lines,Jack Lisowski,7,1225,1347,0.33822280880876515,0.42433564895745063,76,44,429,235,249,151,1581,870,102,55,375,213,54,28,666,344,4,1,0.0,0.8,1059
Mark King,Liam Highfield,7,1360,1314,0.5626145694127913,0.5287183569514396,713,392,5397,2820,212,117,1438,754,72,38,765,398,55,29,598,301,4,1,0.0,0.8,1059
Mark Joyce,Fergal O'Brien,7,1283,1323,0.44549420086403224,0.47502081252106,315,168,2260,1146,687,394,5389,2848,68,32,712,364,66,38,611,316,4,2,0.0,0.6666666666666666,1059
Jamie Jones,Andrew Higginson,7,1298,1349,0.43064928112217615,0.4681681105837757,326,196,2149,1172,548,334,3932,2173,64,35,698,365,70,40,792,411,4,3,0.0,0.5714285714285714,1059
Michael Holt,Jamie Cope,7,1335,1224,0.6479578189910667,0.5689332093695465,562,329,4238,2259,455,247,3069,1569,53,28,734,392,54,28,650,308,4,2,0.0,0.6666666666666666,1059
Barry Hawkins,Matthew Stevens,7,1495,1331,0.7123105654940886,0.6010878788483698,656,401,4732,2625,771,464,6144,3369,97,57,1263,720,58,29,971,487,4,0,0.0,1.0,1059
Gerard Greene,Neil Robertson,7,1198,1532,0.1294173956494062,0.30258888560411773,591,325,4497,2369,627,406,4635,2616,46,22,514,241,119,72,1436,846,4,1,0.0,0.8,1059
Martin Gould,David Grace,7,1443,1193,0.8023816778034777,0.6513548646660542,441,262,2998,1619,200,93,1291,630,51,27,907,470,35,13,553,268,4,1,0.0,0.8,1059
Peter Ebdon,Chris Melling,7,1347,1144,0.7555717519931018,0.6242202334972642,871,503,7136,3837,129,74,905,486,118,74,849,431,48,21,48,21,4,1,0.0,0.8,1059
Mike Dunn,Gary Wilson,7,1264,1351,0.3829018450543893,0.44583834723635146,556,294,4148,2136,250,152,1572,877,69,39,522,255,38,16,522,300,4,3,0.0,0.5714285714285714,1059
Graeme Dott,Ian Glover,7,1439,1140,0.8445881619019862,0.6786337178522214,633,369,5050,2689,134,59,805,391,100,57,877,479,36,10,214,112,4,1,0.0,0.8,1059
Mark Davis,Dominic Dale,7,1464,1350,0.651748409886971,0.5707716118944918,783,473,5864,3195,674,385,5073,2696,133,81,1285,721,72,39,877,451,4,3,0.0,0.5714285714285714,1059
James Cahill,Zak Surety,7,1104,1098,0.5082025098106111,0.5037499296890819,61,22,363,149,60,30,335,165,56,27,292,125,38,15,249,126,4,1,0.0,0.8,1059
Luca Brecel,Sam Baird,7,1248,1359,0.35204218100893303,0.43106679063045344,133,64,913,461,196,106,1334,692,53,28,656,340,77,41,666,350,4,2,0.0,0.6666666666666666,1059
Robbie Williams,Matthew Selt,7,1297,1416,0.34196980232650515,0.42616874240839064,226,126,1340,698,333,175,2340,1197,64,33,594,309,130,84,621,314,4,2,0.0,0.6666666666666666,1059
Michael White,Andrew Pagett,7,1368,1159,0.7618819203066071,0.6277321638605189,235,130,1672,889,211,99,1385,681,72,40,754,409,41,14,359,163,4,2,0.0,0.6666666666666666,1059
Jimmy White,James Cahill,7,1272,1104,0.7169197076810394,0.6034832498647263,1319,754,11494,6087,61,22,363,149,68,36,684,324,56,27,292,125,4,2,0.0,0.6666666666666666,1059
Michael Wasley,Liang Wenbo,7,1252,1392,0.31610864255174254,0.41338242108267,194,97,1162,575,357,208,2439,1336,43,19,560,278,64,32,801,452,4,2,0.0,0.6666666666666666,1059
Ricky Walden,Oliver Lines,7,1495,1225,0.8204326451879429,0.6626218371700825,550,337,4022,2231,76,44,429,235,137,85,1124,617,102,55,375,213,4,3,0.0,0.5714285714285714,1059
Judd Trump,Graeme Dott,7,1568,1439,0.6704536022204194,0.5799334001885058,528,345,3633,2096,633,369,5050,2689,189,119,1411,822,100,57,877,479,4,3,0.0,0.5714285714285714,1059
Mark Selby,Fraser Patrick,7,1548,1220,0.8663684234920509,0.6942363401080305,739,496,5352,3072,117,52,772,366,38,19,1465,884,66,32,445,218,4,3,0.0,0.5714285714285714,1059
Jimmy Robertson,Michael Holt,7,1376,1335,0.5558590476581076,0.5256025883246178,292,154,1925,988,562,329,4238,2259,92,56,677,353,53,28,734,392,4,0,0.0,1.0,1059
Joe Perry,Barry Hawkins,7,1427,1495,0.4079185042473741,0.45760205922564895,760,442,5581,2984,656,401,4732,2625,102,62,1093,616,97,57,1263,720,4,3,0.0,0.5714285714285714,1059
Shaun Murphy,Stephen Maguire,7,1472,1527,0.42527567806654565,0.4656790563306954,699,448,5285,2978,666,445,5021,2850,111,66,1239,687,154,95,1298,751,4,2,0.0,0.6666666666666666,1059
Alan McManus,Mike Dunn,7,1375,1264,0.6479578189910667,0.5689332093695465,752,443,6447,3402,556,294,4148,2136,25,11,683,361,69,39,522,255,4,2,0.0,0.6666666666666666,1059
Mark King,Anthony McGill,7,1360,1340,0.5273209820427867,0.5124973964842103,713,392,5397,2820,263,158,1600,881,72,38,765,398,88,44,720,384,4,2,0.0,0.6666666666666666,1059
Martin Gould,Jamie Jones,7,1443,1298,0.6899164671577602,0.5896454785627312,441,262,2998,1619,326,196,2149,1172,51,27,907,470,64,35,698,365,4,1,0.0,0.8,1059
Peter Ebdon,Gerard Greene,7,1347,1198,0.6946979044907379,0.5920629281648192,871,503,7136,3837,591,325,4497,2369,118,74,849,431,46,22,514,241,4,1,0.0,0.8,1059
Mark Davis,Elliot Slessor,7,1464,1155,0.8523649112589072,0.6840614456522569,783,473,5864,3195,52,22,302,140,133,81,1285,721,40,17,282,130,4,1,0.0,0.8,1059
Luca Brecel,Mark Joyce,7,1248,1283,0.4522702554497651,0.47813894602839846,133,64,913,461,315,168,2260,1146,53,28,656,340,68,32,712,364,4,1,0.0,0.8,1059
Michael White,Jimmy Robertson,7,1368,1376,0.48906395814377107,0.4950001666600003,235,130,1672,889,292,154,1925,988,72,40,754,409,92,56,677,353,4,3,0.0,0.5714285714285714,1059
Michael Wasley,Judd Trump,7,1252,1568,0.14235871604557113,0.3121686694171596,194,97,1162,575,528,345,3633,2096,43,19,560,278,189,119,1411,822,4,3,0.0,0.5714285714285714,1059
Mark Selby,Robbie Williams,7,1548,1297,0.8033111045084242,0.6519223788927313,739,496,5352,3072,226,126,1340,698,38,19,1465,884,64,33,594,309,4,2,0.0,0.6666666666666666,1059
Shaun Murphy,Jimmy White,7,1472,1272,0.7523810515908644,0.6224593312018546,699,448,5285,2978,1319,754,11494,6087,111,66,1239,687,68,36,684,324,4,0,0.0,1.0,1059
Martin Gould,Ricky Walden,7,1443,1495,0.42930455538057166,0.4675456936126812,441,262,2998,1619,550,337,4022,2231,51,27,907,470,137,85,1124,617,4,1,0.0,0.8,1059
Peter Ebdon,Joe Perry,7,1347,1427,0.3920645840647391,0.45016600268752216,871,503,7136,3837,760,442,5581,2984,118,74,849,431,102,62,1093,616,4,2,0.0,0.6666666666666666,1059
Mark Davis,Alan McManus,7,1464,1375,0.6197035864994962,0.5553966483205892,783,473,5864,3195,752,443,6447,3402,133,81,1285,721,25,11,683,361,4,1,0.0,0.8,1059
Luca Brecel,Mark King,7,1248,1360,0.35077688766853815,0.43045377606077095,133,64,913,461,713,392,5397,2820,53,28,656,340,72,38,765,398,4,1,0.0,0.8,1059
Michael White,Luca Brecel,7,1368,1248,0.6592810606298003,0.574442516811659,235,130,1672,889,133,64,913,461,72,40,754,409,53,28,656,340,4,2,0.0,0.6666666666666666,1059
Shaun Murphy,Mark Selby,7,1472,1548,0.3973295650806627,0.45264238185691075,699,448,5285,2978,739,496,5352,3072,111,66,1239,687,38,19,1465,884,4,2,0.0,0.6666666666666666,1059
Martin Gould,Mark Davis,7,1443,1464,0.4713154170628733,0.4868780138177567,441,262,2998,1619,783,473,5864,3195,51,27,907,470,133,81,1285,721,4,2,0.0,0.6666666666666666,1059
Peter Ebdon,Michael Wasley,7,1347,1252,0.6274848196821066,0.559097471902393,871,503,7136,3837,194,97,1162,575,118,74,849,431,43,19,560,278,4,1,0.0,0.8,1059
Shaun Murphy,Michael White,7,1472,1368,0.6390526295107546,0.5646362918030292,699,448,5285,2978,235,130,1672,889,111,66,1239,687,72,40,754,409,4,0,0.0,1.0,1059
Martin Gould,Peter Ebdon,7,1443,1347,0.6287764284690306,0.5597136492671929,441,262,2998,1619,871,503,7136,3837,51,27,907,470,118,74,849,431,4,2,0.0,0.6666666666666666,1059
Shaun Murphy,Martin Gould,7,1472,1443,0.5395790886298393,0.5181170650431814,699,448,5285,2978,441,262,2998,1619,111,66,1239,687,51,27,907,470,4,2,0.0,0.6666666666666666,1059
Kyren Wilson,Daniel Wells,9,1334,1165,0.7419044412047486,0.6040813228693781,213,127,1308,714,221,108,1469,726,61,30,452,251,44,19,515,228,5,3,0.0,0.625,1053
James Wattana,Ratchayothin Yotharuck,9,1210,1025,0.7612074518356959,0.6136070778047783,720,406,6157,3282,24,5,154,55,18,6,558,262,33,9,154,55,5,4,0.0,0.5555555555555556,1053
Michael Wasley,Fraser Patrick,9,1281,1244,0.5567069849132181,0.523108525489089,199,101,1191,592,120,54,790,377,72,36,589,295,84,43,463,229,5,4,0.0,0.5555555555555556,1053
Lee Walker,Elliot Slessor,9,1256,1168,0.6326739656258834,0.5547792351072148,352,201,2793,1459,55,24,319,149,22,6,73,35,57,26,299,139,5,2,0.0,0.7142857142857143,1053
Joel Walker,Andrew Pagett,9,1255,1186,0.6048276146754163,0.5430183807243099,105,50,637,311,214,101,1403,691,78,44,476,232,59,24,377,173,5,4,0.0,0.5555555555555556,1053
Chris Wakelin,Alexander Ursenbacher,9,1172,1028,0.7101180862128782,0.5890404340586651,44,24,280,142,29,10,149,60,68,33,280,142,31,7,131,52,5,1,0.0,0.8333333333333334,1053
Allan Taylor,Oliver Lines,9,1159,1262,0.3458404578857395,0.43597836257374245,193,101,1071,563,79,46,446,246,50,19,298,136,119,66,392,224,5,1,0.0,0.8333333333333334,1053
Joe Swail,Zak Surety,9,1359,1097,0.8417147594504835,0.6581363150480182,705,386,5604,2933,62,31,345,170,110,64,560,293,48,20,259,131,5,4,0.0,0.5555555555555556,1053
Eden Sharav,Chris Norbury,9,1113,1130,0.4738722035413677,0.4893765989950364,39,23,217,112,227,113,1383,695,76,38,160,82,38,11,322,147,5,3,0.0,0.625,1053
Noppon Saengkham,Ashley Carty,9,1238,1098,0.7048581689623228,0.5866175789173301,74,31,507,225,47,23,268,130,96,46,337,167,57,27,243,121,5,2,0.0,0.7142857142857143,1053
Tian Pengfei,David Grace,9,1315,1202,0.6682039188696021,0.5701590253818352,225,124,1504,796,202,94,1303,635,73,37,637,324,47,18,565,273,5,4,0.0,0.5555555555555556,1053
Lee Page,James Cahill,9,1136,1113,0.5353273068487134,0.5143710406970602,184,94,1098,557,63,23,374,155,47,18,249,111,67,33,303,131,5,4,0.0,0.5555555555555556,1053
Hammad Miah,Michael Leslie,9,1051,1027,0.5368587710437642,0.51499550161941,34,13,206,85,71,17,442,166,31,7,188,79,29,5,309,105,5,3,0.0,0.625,1053
Jak Jones,Cao Xinlong,9,1101,1032,0.6048276146754163,0.5430183807243099,106,45,640,292,30,9,181,67,29,9,205,84,37,11,142,58,5,2,0.0,0.7142857142857143,1053
Robin Hull,Oliver Brown,9,1268,1135,0.6955437518522246,0.5823675407280794,418,256,3209,1777,105,43,557,252,32,14,152,65,46,23,358,193,5,2,0.0,0.7142857142857143,1053
Liam Highfield,Sydney Wilson,9,1313,1129,0.760025787896806,0.6130141761393355,214,118,1448,759,103,43,563,266,65,34,608,306,52,30,273,150,5,2,0.0,0.7142857142857143,1053
Lyu Haotian,Chris Melling,9,1138,1140,0.49692386016813683,0.49875000260416025,44,17,310,137,131,75,916,491,50,18,310,137,59,26,59,26,5,1,0.0,0.8333333333333334,1053
Steven Hallworth,Andrew Norman,9,1005,1189,0.2399742121031942,0.38698582386066455,25,9,136,59,305,147,2280,1118,31,7,132,59,18,6,340,160,5,4,0.0,0.5555555555555556,1053
Michael Georgiou,Ryan Clark,9,1120,952,0.7406703376244016,0.6034832498647263,88,38,508,240,30,7,163,53,43,18,164,90,4,0,119,44,5,0,0.0,1.0,1053
Tony Drago,Ahmed Saif,9,1236,977,0.8389743547486134,0.6564468724566059,681,339,5656,2814,24,6,136,41,24,10,533,252,28,8,122,40,5,3,0.0,0.625,1053
Scott Donaldson,Jamie Clarke,9,1226,1108,0.675135607304274,0.5732197726798348,93,48,602,300,52,24,278,141,59,26,592,295,33,20,185,101,5,3,0.0,0.625,1053
Alex Davies,Mitchell Mann,9,1226,1180,0.5703641336320321,0.5287183569514396,183,93,1104,560,145,73,851,430,49,21,284,139,88,43,300,151,5,4,0.0,0.5555555555555556,1053
Stuart Carrington,Lyu Chenwei,9,1259,1036,0.8035658834232549,0.6358738914270539,189,103,1098,588,19,8,107,45,45,20,377,189,29,7,100,43,5,2,0.0,0.7142857142857143,1053
Vinnie Calabrese,Ian Glover,9,1093,1140,0.42812353102015543,0.47065874995421436,78,36,468,218,136,60,816,396,40,15,229,91,47,15,225,117,5,4,0.0,0.5555555555555556,1053
Ian Burns,Ross Muir,9,1332,1148,0.760025787896806,0.6130141761393355,206,114,1235,655,49,21,281,130,73,34,624,334,64,29,271,125,5,2,0.0,0.7142857142857143,1053
Alex Borg,Joe O'Connor,9,1127,1030,0.6456229970128096,0.5603296426885532,288,127,2094,966,22,11,126,61,34,14,134,50,54,23,126,61,5,3,0.0,0.625,1053
Sam Baird,Lu Ning,9,1351,1110,0.8218521323213228,0.6462280583309002,198,107,1345,698,32,12,220,97,88,47,677,356,47,21,220,97,5,3,0.0,0.625,1053
John Astley,Alex Pagulayan,9,1125,998,0.6874521458116047,0.578714862460134,101,49,589,280,1,0,8,2,31,7,358,168,8,2,8,2,5,2,0.0,0.7142857142857143,1053
Cao Yupeng,Barry Pinches,9,1249,1241,0.5123026370468309,0.5049998333399998,133,70,965,489,651,343,5169,2701,50,24,801,418,61,32,500,226,5,0,0.0,1.0,1053
Ben Woollaston,Craig Steadman,9,1367,1298,0.6048276146754163,0.5430183807243099,363,210,2385,1286,303,174,1961,1054,97,53,839,467,102,59,536,263,5,4,0.0,0.5555555555555556,1053
Kyren Wilson,David Gilbert,9,1334,1367,0.44938671629072013,0.47938669028555136,213,127,1308,714,348,196,2692,1430,61,30,452,251,95,52,775,423,5,1,0.0,0.8333333333333334,1053
Robbie Williams,Lee Page,9,1314,1136,0.7528658846129856,0.6094497836283252,230,129,1366,712,184,94,1098,557,90,47,620,323,47,18,249,111,5,3,0.0,0.625,1053
Michael Wasley,Gerard Greene,9,1281,1211,0.6063088096727929,0.5436386872370789,199,101,1191,592,594,327,4514,2378,72,36,589,295,63,31,531,250,5,2,0.0,0.7142857142857143,1053
Chris Wakelin,Aditya Mehta,9,1172,1310,0.2977890040465855,0.4145954308705349,44,24,280,142,186,94,1292,641,68,33,280,142,72,37,737,377,5,4,0.0,0.5555555555555556,1053
Thepchaiya Un-Nooh,Zhou Yuelong,9,1290,1194,0.6441925857613411,0.5597136492671929,141,76,1008,526,38,18,235,118,75,41,617,317,71,39,235,118,5,3,0.0,0.625,1053
Joe Swail,Jimmy White,9,1359,1281,0.6180984609900165,0.5485961085831343,705,386,5604,2933,1323,757,11515,6099,110,64,560,293,89,48,705,336,5,4,0.0,0.5555555555555556,1053
Matthew Selt,Vinnie Calabrese,9,1414,1093,0.8891414855085586,0.6905090012275708,336,177,2356,1207,78,36,468,218,146,94,637,324,40,15,229,91,5,1,0.0,0.8333333333333334,1053
Noppon Saengkham,Yu Delu,9,1238,1290,0.42057894147456754,0.4675456936126812,74,31,507,225,150,76,1043,535,96,46,337,167,50,21,685,361,5,1,0.0,0.8333333333333334,1053
Jimmy Robertson,Lyu Haotian,9,1392,1138,0.8343351260922364,0.653622330899504,296,157,1948,1003,44,17,310,137,115,71,700,368,50,18,310,137,5,4,0.0,0.5555555555555556,1053
Dechawat Poomjaeng,James Wattana,9,1321,1210,0.6654140283737799,0.5689332093695465,130,70,928,466,720,406,6157,3282,79,39,772,398,18,6,558,262,5,1,0.0,0.8333333333333334,1053
Tian Pengfei,Alfie Burden,9,1315,1254,0.5929224766392899,0.5380512843858591,225,124,1504,796,530,289,3940,2039,73,37,637,324,62,28,719,360,5,4,0.0,0.5555555555555556,1053
David Morris,Eden Sharav,9,1351,1113,0.8188851011711408,0.6445115537062945,199,106,1489,761,39,23,217,112,72,36,480,262,76,38,160,82,5,3,0.0,0.625,1053
Rory McLeod,Robin Hull,9,1272,1268,0.5061520874125972,0.5024999791668749,427,236,3303,1736,418,256,3209,1777,62,28,623,318,32,14,152,65,5,2,0.0,0.7142857142857143,1053
Anthony McGill,Liam Highfield,9,1350,1313,0.5567069849132181,0.523108525489089,266,160,1617,891,214,118,1448,759,105,54,737,394,65,34,608,306,5,3,0.0,0.625,1053
Kurt Maflin,Joel Walker,9,1326,1255,0.6077883896186873,0.5442588584178731,364,215,2433,1328,105,50,637,311,80,38,782,426,78,44,476,232,5,3,0.0,0.625,1053
Jack Lisowski,Michael Georgiou,9,1335,1120,0.7950675978142399,0.6312306626164005,251,152,1592,875,88,38,508,240,65,33,677,349,43,18,164,90,5,4,0.0,0.5555555555555556,1053
Rod Lawler,Hammad Miah,9,1371,1051,0.888437763640334,0.6899744811276125,670,373,5260,2756,34,13,206,85,130,74,847,460,31,7,188,79,5,3,0.0,0.625,1053
Jamie Jones,Tony Drago,9,1296,1236,0.5914277106765304,0.5374298453437496,329,198,2167,1181,681,339,5656,2814,82,44,716,374,24,10,533,252,5,2,0.0,0.7142857142857143,1053
Andrew Higginson,Scott Donaldson,9,1346,1226,0.6778907155437834,0.574442516811659,550,335,3946,2180,93,48,602,300,84,47,806,418,59,26,592,295,5,4,0.0,0.5555555555555556,1053
Li Hang,Nigel Bond,9,1293,1297,0.4938479125874028,0.49750002083312506,114,53,797,396,746,421,6041,3212,71,36,386,192,70,36,609,308,5,2,0.0,0.7142857142857143,1053
Steven Hallworth,Dave Harold,9,1005,1319,0.11585514445494102,0.31324327335609825,25,9,136,59,673,380,5252,2768,31,7,132,59,19,8,558,286,5,2,0.0,0.7142857142857143,1053
Mike Dunn,Allan Taylor,9,1270,1159,0.6654140283737799,0.5689332093695465,559,296,4168,2146,193,101,1071,563,89,49,542,265,50,19,298,136,5,3,0.0,0.625,1053
Ken Doherty,Jak Jones,9,1304,1101,0.7818971725171479,0.6242202334972642,984,611,8175,4525,106,45,640,292,52,23,756,396,29,9,205,84,5,4,0.0,0.5555555555555556,1053
Alex Davies,Peter Lines,9,1226,1268,0.4356958412515649,0.4737740906279313,183,93,1104,560,639,354,4734,2482,49,21,284,139,60,27,593,289,5,3,0.0,0.625,1053
Jamie Cope,Lee Walker,9,1231,1256,0.46161033877953106,0.4843800842769844,457,248,3079,1575,352,201,2793,1459,64,34,660,314,22,6,73,35,5,2,0.0,0.7142857142857143,1053
Stuart Carrington,Anthony Hamilton,9,1259,1364,0.34301287924355417,0.43474925243290014,189,103,1098,588,691,408,5461,2940,45,20,377,189,67,33,647,339,5,2,0.0,0.7142857142857143,1053
Ian Burns,Jamie Burnett,9,1332,1288,0.5673362271953684,0.5274723043445937,206,114,1235,655,565,329,4480,2385,73,34,624,334,49,29,600,303,5,4,0.0,0.5555555555555556,1053
Luca Brecel,Alex Borg,9,1291,1127,0.7357020581715297,0.6010878788483698,138,68,941,479,288,127,2094,966,81,46,684,358,34,14,134,50,5,1,0.0,0.8333333333333334,1053
Sam Baird,Gary Wilson,9,1351,1351,0.5,0.5,198,107,1345,698,252,153,1585,884,88,47,677,356,51,23,535,307,5,4,0.0,0.5555555555555556,1053
John Astley,Marcus Campbell,9,1125,1255,0.3084898316863662,0.41945769517934034,101,49,589,280,643,352,4800,2471,31,7,358,168,30,10,742,351,5,3,0.0,0.625,1053
Michael Wasley,Ian Burns,9,1281,1332,0.42208550570901493,0.4681681105837757,199,101,1191,592,206,114,1235,655,72,36,589,295,73,34,624,334,5,0,0.0,1.0,1053
Thepchaiya Un-Nooh,Steven Hallworth,9,1290,1005,0.8616551521813485,0.6709533329057776,141,76,1008,526,25,9,136,59,75,41,617,317,31,7,132,59,5,3,0.0,0.625,1053
Joe Swail,Kyren Wilson,9,1359,1334,0.5383896612204689,0.5156199157230156,705,386,5604,2933,213,127,1308,714,110,64,560,293,61,30,452,251,5,4,0.0,0.5555555555555556,1053
Matthew Selt,Chris Wakelin,9,1414,1172,0.8228339524244989,0.6467993925579857,336,177,2356,1207,44,24,280,142,146,94,637,324,68,33,280,142,5,1,0.0,0.8333333333333334,1053
Jimmy Robertson,Ben Woollaston,9,1392,1367,0.5383896612204689,0.5156199157230156,296,157,1948,1003,363,210,2385,1286,115,71,700,368,97,53,839,467,5,4,0.0,0.5555555555555556,1053
Dechawat Poomjaeng,Rory McLeod,9,1321,1272,0.5748977901659925,0.530586760182081,130,70,928,466,427,236,3303,1736,79,39,772,398,62,28,623,318,5,3,0.0,0.625,1053
Jack Lisowski,Cao Yupeng,9,1335,1249,0.6297740923567853,0.5535439031511183,251,152,1592,875,133,70,965,489,65,33,677,349,50,24,801,418,5,4,0.0,0.5555555555555556,1053
Jamie Jones,Rod Lawler,9,1296,1371,0.38630986299123704,0.45326184801538616,329,198,2167,1181,670,373,5260,2756,82,44,716,374,130,74,847,460,5,1,0.0,0.8333333333333334,1053
Andrew Higginson,Kurt Maflin,9,1346,1326,0.530729707309385,0.5124973964842103,550,335,3946,2180,364,215,2433,1328,84,47,806,418,80,38,782,426,5,0,0.0,1.0,1053
Li Hang,David Morris,9,1293,1351,0.4115659974105401,0.4638133797682053,114,53,797,396,199,106,1489,761,71,36,386,192,72,36,480,262,5,2,0.0,0.7142857142857143,1053
Mike Dunn,Tian Pengfei,9,1270,1315,0.4311492878986184,0.4719046255916129,559,296,4168,2146,225,124,1504,796,89,49,542,265,73,37,637,324,5,1,0.0,0.8333333333333334,1053
Ken Doherty,John Astley,9,1304,1125,0.7540674834504022,0.610044672404527,984,611,8175,4525,101,49,589,280,52,23,756,396,31,7,358,168,5,2,0.0,0.7142857142857143,1053
Alex Davies,Anthony McGill,9,1226,1350,0.3166299042169886,0.42311473886795364,183,93,1104,560,266,160,1617,891,49,21,284,139,105,54,737,394,5,4,0.0,0.5555555555555556,1053
Jamie Cope,Noppon Saengkham,9,1231,1238,0.4892347721324395,0.4956251116502266,457,248,3079,1575,74,31,507,225,64,34,660,314,96,46,337,167,5,1,0.0,0.8333333333333334,1053
Stuart Carrington,Sam Baird,9,1259,1351,0.36155023935086533,0.44275214540144436,189,103,1098,588,198,107,1345,698,45,20,377,189,88,47,677,356,5,4,0.0,0.5555555555555556,1053
Luca Brecel,Robbie Williams,9,1291,1314,0.4646726931512867,0.4856289593029398,138,68,941,479,230,129,1366,712,81,46,684,358,90,47,620,323,5,2,0.0,0.7142857142857143,1053
Mark Williams,Thepchaiya Un-Nooh,9,1455,1290,0.7369488869894564,0.6016871801828567,1041,681,8296,4737,141,76,1008,526,146,86,1023,578,75,41,617,317,5,3,0.0,0.625,1053
Michael White,Dechawat Poomjaeng,9,1384,1321,0.5959077229449327,0.5392938058983595,241,135,1706,909,130,70,928,466,106,60,788,429,79,39,772,398,5,3,0.0,0.625,1053
Liang Wenbo,Alex Davies,9,1382,1226,0.7256147727911193,0.5962826992967879,360,210,2457,1346,183,93,1104,560,82,42,819,462,49,21,284,139,5,2,0.0,0.7142857142857143,1053
Joe Swail,Peter Ebdon,9,1359,1386,0.4585503751450084,0.48313140430861523,705,386,5604,2933,877,508,7168,3859,110,64,560,293,150,96,881,453,5,1,0.0,0.8333333333333334,1053
Matthew Selt,Mark Davis,9,1414,1463,0.42510220983400737,0.469413239817919,336,177,2356,1207,788,477,5894,3213,146,94,637,324,163,99,1315,739,5,2,0.0,0.7142857142857143,1053
Jimmy Robertson,Xiao Guodong,9,1392,1366,0.5399199537054243,0.5162442810620724,296,157,1948,1003,254,147,1730,949,115,71,700,368,95,56,788,430,5,3,0.0,0.625,1053
Fergal O'Brien,Jamie Cope,9,1312,1231,0.6224907473842691,0.5504527113395278,689,395,5401,2854,457,248,3079,1575,78,44,623,322,64,34,660,314,5,2,0.0,0.7142857142857143,1053
Alan McManus,Jamie Jones,9,1360,1296,0.5973981597131834,0.5399148845555657,756,446,6472,3415,329,198,2167,1181,50,24,708,374,82,44,716,374,5,3,0.0,0.625,1053
Jack Lisowski,Matthew Stevens,9,1335,1323,0.518450112354223,0.5074994375506203,251,152,1592,875,773,465,6153,3373,65,33,677,349,67,33,980,491,5,3,0.0,0.625,1053
Michael Holt,Stuart Carrington,9,1325,1259,0.6003745520777666,0.541156668150228,565,331,4254,2267,189,103,1098,588,69,36,750,400,45,20,377,189,5,4,0.0,0.5555555555555556,1053
Andrew Higginson,Tom Ford,9,1346,1270,0.6151613259908093,0.5473576181430894,550,335,3946,2180,417,238,3041,1613,84,47,806,418,46,18,747,373,5,4,0.0,0.5555555555555556,1053
Li Hang,Mark Joyce,9,1293,1289,0.5061520874125972,0.5024999791668749,114,53,797,396,318,170,2275,1155,71,36,386,192,83,41,727,373,5,2,0.0,0.7142857142857143,1053
Martin Gould,Mike Dunn,9,1481,1270,0.790733578545378,0.6288998381516232,448,268,3036,1645,559,296,4168,2146,89,53,945,496,89,49,542,265,5,4,0.0,0.5555555555555556,1053
Ken Doherty,Mark King,9,1304,1366,0.40558417866374163,0.46132739479349205,984,611,8175,4525,717,395,5419,2833,52,23,756,396,94,51,787,411,5,0,0.0,1.0,1053
Ryan Day,Luca Brecel,9,1369,1291,0.6180984609900165,0.5485961085831343,599,362,4370,2405,138,68,941,479,109,63,926,486,81,46,684,358,5,3,0.0,0.625,1053
Dominic Dale,Michael Wasley,9,1345,1281,0.5973981597131834,0.5399148845555657,676,386,5087,2703,199,101,1191,592,86,46,891,458,72,36,589,295,5,4,0.0,0.5555555555555556,1053
Zhao Xintong,Matthew Selt,9,1228,1414,0.23761423559363187,0.38580035722310485,33,18,221,122,336,177,2356,1207,46,23,221,122,146,94,637,324,5,3,0.0,0.625,1053
Mark Williams,Zhang Yong,9,1455,1007,0.9541128159374124,0.7539887164489482,1041,681,8296,4737,13,6,71,31,146,86,1023,578,13,6,71,31,5,2,0.0,0.7142857142857143,1053
Michael White,Niu Zhuang,9,1384,1025,0.9134704714809997,0.7104354810428751,241,135,1706,909,13,5,72,29,106,60,788,429,19,7,72,29,5,1,0.0,0.8333333333333334,1053
Michael Holt,Yuan Sijun,9,1325,965,0.9140492170600234,0.7109495026250039,565,331,4254,2267,7,1,40,11,69,36,750,400,0,0,40,11,5,2,0.0,0.7142857142857143,1053
Li Hang,Chen Zifan,9,1293,1037,0.8362016064954723,0.6547534606063192,114,53,797,396,12,7,61,32,71,36,386,192,11,5,61,32,5,3,0.0,0.625,1053
Ken Doherty,Huang Jiahao,9,1304,988,0.8855893102982093,0.6878313305828404,984,611,8175,4525,8,2,47,17,52,23,756,396,16,6,47,17,5,3,0.0,0.625,1053
Ryan Day,Xu Si,9,1369,1010,0.9134704714809997,0.7104354810428751,599,362,4370,2405,4,2,23,9,109,63,926,486,19,9,23,9,5,0,0.0,1.0,1053
Yan Bingtao,Liang Wenbo,9,1061,1382,0.11085851449144153,0.3094909987724293,10,5,61,32,360,210,2457,1346,22,9,61,32,82,42,819,462,5,1,0.0,0.8333333333333334,1053
Zhao Xintong,Marco Fu,9,1228,1486,0.1619462995046479,0.3441171587921863,33,18,221,122,624,368,4723,2555,46,23,221,122,139,79,1120,636,5,4,0.0,0.5555555555555556,1053
Mark Williams,Barry Hawkins,9,1455,1509,0.4175695010097954,0.4663011645670992,1041,681,8296,4737,659,403,4747,2636,146,86,1023,578,112,68,1278,731,5,4,0.0,0.5555555555555556,1053
Michael White,Neil Robertson,9,1384,1512,0.31119248977717445,0.42067574785125056,241,135,1706,909,629,407,4645,2621,106,60,788,429,129,77,1446,851,5,4,0.0,0.5555555555555556,1053
Mark Selby,Ken Doherty,9,1531,1304,0.8077296924469662,0.6381861133090055,744,500,5384,3090,984,611,8175,4525,70,37,1497,902,52,23,756,396,5,2,0.0,0.7142857142857143,1053
Fergal O'Brien,Robert Milkins,9,1312,1446,0.30311722088262855,0.4170245457988005,689,395,5401,2854,609,378,4625,2542,78,44,623,322,133,76,1067,604,5,1,0.0,0.8333333333333334,1053
Shaun Murphy,Joe Swail,9,1542,1359,0.7588407806226307,0.6124209393479161,706,455,5320,3006,705,386,5604,2933,146,94,1274,715,110,64,560,293,5,4,0.0,0.5555555555555556,1053
Alan McManus,Ronnie O'Sullivan,9,1360,1674,0.11585514445494102,0.31324327335609825,756,446,6472,3415,1015,770,8997,5454,50,24,708,374,154,101,757,486,5,3,0.0,0.625,1053
Stephen Maguire,Jimmy Robertson,9,1530,1392,0.7022109959534144,0.585404569129465,668,446,5031,2856,296,157,1948,1003,164,101,1308,757,115,71,700,368,5,1,0.0,0.8333333333333334,1053
Ding Junhui,Jack Lisowski,9,1489,1335,0.7230620724576832,0.595078473866134,520,342,3835,2175,251,152,1592,875,89,52,1200,709,65,33,677,349,5,1,0.0,0.8333333333333334,1053
Michael Holt,Ricky Walden,9,1325,1476,0.28078975550250823,0.4067300078928128,565,331,4254,2267,554,340,4047,2244,69,36,750,400,162,98,1149,630,5,2,0.0,0.7142857142857143,1053
Martin Gould,Joe Perry,9,1481,1423,0.5884340025894599,0.5361866202317948,448,268,3036,1645,764,445,5608,2998,89,53,945,496,129,76,1120,630,5,4,0.0,0.5555555555555556,1053
Graeme Dott,Yan Bingtao,9,1441,1061,0.9249966076249283,0.7211151780228631,636,371,5068,2700,10,5,61,32,118,68,895,490,22,9,61,32,5,2,0.0,0.7142857142857143,1053
Ryan Day,John Higgins,9,1369,1472,0.3458404578857395,0.43597836257374245,599,362,4370,2405,1093,776,9020,5327,109,63,926,486,97,54,973,567,5,4,0.0,0.5555555555555556,1053
Dominic Dale,Judd Trump,9,1345,1571,0.19330590936848324,0.36239134737807494,676,386,5087,2703,532,348,3656,2111,86,46,891,458,212,134,1434,837,5,2,0.0,0.7142857142857143,1053
Stuart Bingham,Li Hang,9,1503,1293,0.7896412769224667,0.6283161882953663,757,472,5680,3213,114,53,797,396,184,115,1291,735,71,36,386,192,5,3,0.0,0.625,1053
Mark Allen,Andrew Higginson,9,1548,1346,0.7807769347952548,0.623633628298226,509,319,3428,1915,550,335,3946,2180,124,70,1068,642,84,47,806,418,5,3,0.0,0.625,1053
Michael White,Ryan Day,9,1384,1369,0.5230577783295167,0.5093739015216607,241,135,1706,909,599,362,4370,2405,106,60,788,429,109,63,926,486,5,2,0.0,0.7142857142857143,1053
Mark Selby,Michael Holt,9,1531,1325,0.7852370226068368,0.6259778577666038,744,500,5384,3090,565,331,4254,2267,70,37,1497,902,69,36,750,400,5,3,0.0,0.625,1053
Fergal O'Brien,Zhao Xintong,9,1312,1228,0.6268664452075894,0.5523079095743253,689,395,5401,2854,33,18,221,122,78,44,623,322,46,23,221,122,5,3,0.0,0.625,1053
Alan McManus,Stephen Maguire,9,1360,1530,0.2568646622142716,0.39532091528599067,756,446,6472,3415,668,446,5031,2856,50,24,708,374,164,101,1308,757,5,1,0.0,0.8333333333333334,1053
Ding Junhui,Martin Gould,9,1489,1481,0.5123026370468309,0.5049998333399998,520,342,3835,2175,448,268,3036,1645,89,52,1200,709,89,53,945,496,5,3,0.0,0.625,1053
Graeme Dott,Shaun Murphy,9,1441,1542,0.3486771022852981,0.43720825986135486,636,371,5068,2700,706,455,5320,3006,118,68,895,490,146,94,1274,715,5,3,0.0,0.625,1053
Stuart Bingham,Dominic Dale,9,1503,1345,0.7281552136873749,0.5974857658270161,757,472,5680,3213,676,386,5087,2703,184,115,1291,735,86,46,891,458,5,1,0.0,0.8333333333333334,1053
Mark Allen,Mark Williams,9,1548,1455,0.6398886059283445,0.5578645727207344,509,319,3428,1915,1041,681,8296,4737,124,70,1068,642,146,86,1023,578,5,1,0.0,0.8333333333333334,1053
Mark Selby,Fergal O'Brien,9,1531,1312,0.7993451143318644,0.633555377636775,744,500,5384,3090,689,395,5401,2854,70,37,1497,902,78,44,623,322,5,0,0.0,1.0,1053
Ding Junhui,Graeme Dott,9,1489,1441,0.5733876953909138,0.5299640517645717,520,342,3835,2175,636,371,5068,2700,89,52,1200,709,118,68,895,490,5,2,0.0,0.7142857142857143,1053
Stuart Bingham,Alan McManus,9,1503,1360,0.7088074446636303,0.5884351201276382,757,472,5680,3213,756,446,6472,3415,184,115,1291,735,50,24,708,374,5,1,0.0,0.8333333333333334,1053
Mark Allen,Michael White,9,1548,1384,0.7357020581715297,0.6010878788483698,509,319,3428,1915,241,135,1706,909,124,70,1068,642,106,60,788,429,5,4,0.0,0.5555555555555556,1053
Stuart Bingham,Ding Junhui,11,1503,1489,0.5236720238796282,0.5087491068802403,757,472,5680,3213,520,342,3835,2175,184,115,1291,735,89,52,1200,709,6,4,0.0,0.6,1053
Mark Allen,Mark Selby,11,1548,1531,0.528736253433527,0.5106234010049637,509,319,3428,1915,744,500,5384,3090,124,70,1068,642,70,37,1497,902,6,5,0.0,0.5454545454545454,1053
Stuart Bingham,Mark Allen,19,1503,1548,0.4019242967585692,0.4719046255916129,757,472,5680,3213,509,319,3428,1915,184,115,1291,735,124,70,1068,642,10,3,0.0,0.7692307692307693,1053
Ratchayothin Yotharuck,Thor Chuan Leong,9,1029,1000,0.5445070087292267,0.5181170650431814,25,5,163,59,0,0,0,0,42,13,163,59,0,0,0,0,5,1,0.0,0.8333333333333334,1055
Mark Williams,Kritsanut Lertsattayathorn,9,1448,1000,0.9541128159374124,0.7539887164489482,1045,684,8326,4753,0,0,0,0,176,102,1053,594,0,0,0,0,5,3,0.0,0.625,1055
Mark Williams,Adrian Ridley,9,1448,1013,0.9494276394767612,0.7479106630456372,1045,684,8326,4753,17,7,107,48,176,102,1053,594,0,0,86,40,5,2,0.0,0.7142857142857143,1055
Mark Williams,Jamie Clarke,9,1448,1105,0.9037896404126933,0.702138068199835,1045,684,8326,4753,53,24,286,144,176,102,1053,594,41,23,193,104,5,3,0.0,0.625,1055
Mark Williams,Chaouki Yousfi,9,1448,995,0.9558147913138959,0.7562999700991855,1045,684,8326,4753,5,0,35,10,176,102,1053,594,0,0,35,10,5,0,0.0,1.0,1055
Michael White,Hung Chuang Ming,9,1419,1000,0.9431194043528308,0.7402945416674501,246,139,1745,933,0,0,0,0,145,84,827,453,0,0,0,0,5,0,0.0,1.0,1055
Jimmy White,Mohsen Bukshaisha,9,1280,973,0.8789822368385559,0.6829798455801029,1324,757,11524,6103,3,0,18,6,98,52,714,340,0,0,18,6,5,3,0.0,0.625,1055
Michael White,Andrew Pagett,9,1419,1185,0.8148787714569037,0.6422170929574377,246,139,1745,933,215,101,1412,695,145,84,827,453,68,28,386,177,5,3,0.0,0.625,1055
Michael White,Noppon Saengkham,9,1419,1245,0.748026655837828,0.6070669880717036,246,139,1745,933,77,33,526,236,145,84,827,453,115,57,356,178,5,4,0.0,0.5555555555555556,1055
Jimmy White,Boonyarit Keattikun,9,1280,1000,0.8574804739607897,0.6681877721681662,1324,757,11524,6103,0,0,0,0,98,52,714,340,0,0,0,0,5,3,0.0,0.625,1055
Liang Wenbo,Ahmed Galal,9,1364,971,0.9314935612778559,0.7276039892428419,362,211,2470,1352,5,1,31,7,95,48,832,468,0,0,31,7,5,2,0.0,0.7142857142857143,1055
Liang Wenbo,Kacper Filipiak,9,1364,940,0.9451571550569371,0.7426905453026857,362,211,2470,1352,33,6,178,49,95,48,832,468,30,16,117,44,5,0,0.0,1.0,1055
Liang Wenbo,Stephen Maguire,9,1364,1521,0.27311346845733875,0.40311562174023297,362,211,2470,1352,670,447,5043,2862,95,48,832,468,176,107,1320,763,5,3,0.0,0.625,1055
Liang Wenbo,Thanawat Thirapongpaiboon,9,1364,1255,0.6626145055415718,0.5677065480733601,362,211,2470,1352,133,63,909,443,95,48,832,468,6,0,563,277,5,1,0.0,0.8333333333333334,1055
James Wattana,Kamal Chawla,9,1193,1009,0.760025787896806,0.6130141761393355,722,407,6172,3288,4,2,22,11,33,12,573,268,0,0,22,11,5,3,0.0,0.625,1055
James Wattana,Alex Borg,9,1193,1120,0.6107426198208319,0.5454987872127821,722,407,6172,3288,290,128,2108,972,33,12,573,268,48,20,148,56,5,4,0.0,0.5555555555555556,1055
James Wattana,Steven Donohoe,9,1193,1000,0.7705394670022265,0.6183380393302829,722,407,6172,3288,0,0,0,0,33,12,573,268,0,0,0,0,5,2,0.0,0.7142857142857143,1055
Ricky Walden,Matthew Stevens,9,1459,1315,0.7101180862128782,0.5890404340586651,555,340,4054,2246,774,465,6161,3376,169,100,1156,632,75,36,988,494,5,1,0.0,0.8333333333333334,1055
Ricky Walden,Steven Donohoe,9,1459,1000,0.9577864375168958,0.7590539855304069,555,340,4054,2246,0,0,0,0,169,100,1156,632,0,0,0,0,5,0,0.0,1.0,1055
Ricky Walden,James Wattana,9,1459,1193,0.8453183804092873,0.660382673079216,555,340,4054,2246,722,407,6172,3288,169,100,1156,632,33,12,573,268,5,2,0.0,0.7142857142857143,1055
Ricky Walden,Alex Borg,9,1459,1120,0.9012433396788231,0.7000424476024744,555,340,4054,2246,290,128,2108,972,169,100,1156,632,48,20,148,56,5,1,0.0,0.8333333333333334,1055
Hossein Vafaei,Michael Holt,9,1084,1344,0.1601085847974587,0.34298953732650117,16,8,111,53,569,334,4285,2285,0,0,105,52,100,54,781,418,5,1,0.0,0.8333333333333334,1055
Hossein Vafaei,Andrew Pagett,9,1084,1185,0.3486771022852981,0.43720825986135486,16,8,111,53,215,101,1412,695,0,0,105,52,68,28,386,177,5,4,0.0,0.5555555555555556,1055
Hossein Vafaei,Michael White,9,1084,1419,0.1013544096776087,0.3020615739919092,16,8,111,53,246,139,1745,933,0,0,105,52,145,84,827,453,5,3,0.0,0.625,1055
Hossein Vafaei,Hung Chuang Ming,9,1084,1000,0.6268664452075894,0.5523079095743253,16,8,111,53,0,0,0,0,0,0,105,52,0,0,0,0,5,1,0.0,0.8333333333333334,1055
Thepchaiya Un-Nooh,Shachar Ruberg,9,1290,1022,0.8470986832394694,0.6615031592029524,144,78,1032,539,5,1,39,15,99,54,641,330,0,0,39,15,5,1,0.0,0.8333333333333334,1055
Thepchaiya Un-Nooh,Amir Sarkhosh,9,1290,1024,0.8453183804092873,0.660382673079216,144,78,1032,539,5,1,36,14,99,54,641,330,0,0,36,14,5,2,0.0,0.7142857142857143,1055
Thepchaiya Un-Nooh,Shaun Murphy,9,1290,1527,0.18211109587733504,0.356061444034367,144,78,1032,539,708,456,5337,3014,99,54,641,330,163,102,1291,723,5,3,0.0,0.625,1055
Thepchaiya Un-Nooh,Shivam Arora,9,1290,981,0.8804743277632153,0.6840614456522569,144,78,1032,539,4,0,23,7,99,54,641,330,0,0,7,3,5,3,0.0,0.625,1055
Thanawat Thirapongpaiboon,Ahmed Galal,9,1255,971,0.8608272920014749,0.6704011598088686,133,63,909,443,5,1,31,7,6,0,563,277,0,0,31,7,5,3,0.0,0.625,1055
Thanawat Thirapongpaiboon,Joe Perry,9,1255,1421,0.2618074498250338,0.3977138231113694,133,63,909,443,765,445,5617,3002,6,0,563,277,138,80,1129,634,5,4,0.0,0.5555555555555556,1055
Matthew Stevens,Steven Donohoe,9,1315,1000,0.8848687737794817,0.6872942801972042,774,465,6161,3376,0,0,0,0,75,36,988,494,0,0,0,0,5,0,0.0,1.0,1055
Matthew Stevens,Alex Borg,9,1315,1120,0.7728385057625519,0.6195173196470847,774,465,6161,3376,290,128,2108,972,75,36,988,494,48,20,148,56,5,0,0.0,1.0,1055
Matthew Stevens,James Wattana,9,1315,1193,0.6806355880474421,0.5756643510425494,774,465,6161,3376,722,407,6172,3288,75,36,988,494,33,12,573,268,5,1,0.0,0.8333333333333334,1055
Matthew Stevens,Kamal Chawla,9,1315,1009,0.8782310515028146,0.6824383021930648,774,465,6161,3376,4,2,22,11,75,36,988,494,0,0,22,11,5,2,0.0,0.7142857142857143,1055
Amir Sarkhosh,Robert Milkins,9,1024,1426,0.0642811364712565,0.2679594981583682,5,1,36,14,610,378,4631,2543,0,0,36,14,139,77,1073,605,5,3,0.0,0.625,1055
Amir Sarkhosh,Shivam Arora,9,1024,981,0.5658207017739435,0.5268491486891144,5,1,36,14,4,0,23,7,0,0,36,14,0,0,7,3,5,0,0.0,1.0,1055
Noppon Saengkham,Hossein Vafaei,9,1245,1084,0.731942685280923,0.5992881635083561,77,33,526,236,16,8,111,53,115,57,356,178,0,0,105,52,5,3,0.0,0.625,1055
Noppon Saengkham,Hung Chuang Ming,9,1245,1000,0.8257578299729261,0.6485108747389209,77,33,526,236,0,0,0,0,115,57,356,178,0,0,0,0,5,4,0.0,0.5555555555555556,1055
Noppon Saengkham,Andrew Pagett,9,1245,1185,0.5914277106765304,0.5374298453437496,77,33,526,236,215,101,1412,695,115,57,356,178,68,28,386,177,5,1,0.0,0.8333333333333334,1055
Shachar Ruberg,Robert Milkins,9,1022,1426,0.0633716181878655,0.26697985076114245,5,1,39,15,610,378,4631,2543,0,0,39,15,139,77,1073,605,5,4,0.0,0.5555555555555556,1055
Shachar Ruberg,Shivam Arora,9,1022,981,0.5627866210804462,0.5256025883246178,5,1,39,15,4,0,23,7,0,0,39,15,0,0,7,3,5,4,0.0,0.5555555555555556,1055
Adrian Ridley,John Higgins,9,1013,1464,0.04485949019118217,0.24462276208625014,17,7,107,48,1094,776,9029,5331,0,0,86,40,106,58,982,571,5,3,0.0,0.625,1055
Adrian Ridley,Chaouki Yousfi,9,1013,995,0.5276622061032297,0.5112481019468548,17,7,107,48,5,0,35,10,0,0,86,40,0,0,35,10,5,0,0.0,1.0,1055
Dechawat Poomjaeng,Gareth Allen,9,1334,1134,0.7785260616735107,0.6224593312018546,133,72,950,479,87,43,477,238,101,52,794,411,32,19,334,166,5,2,0.0,0.7142857142857143,1055
Dechawat Poomjaeng,Mohammed Asif,9,1334,1040,0.8689474848283985,0.6759015277259407,133,72,950,479,5,1,39,17,101,52,794,411,0,0,39,17,5,2,0.0,0.7142857142857143,1055
Dechawat Poomjaeng,Andreas Ploner,9,1334,987,0.9062849884895158,0.704225233864307,133,72,950,479,13,5,65,28,101,52,794,411,19,7,55,23,5,1,0.0,0.8333333333333334,1055
Andreas Ploner,Gareth Allen,9,987,1134,0.2859675275580694,0.4091452475454058,13,5,65,28,87,43,477,238,19,7,55,23,32,19,334,166,5,3,0.0,0.625,1055
Joe Perry,Kacper Filipiak,9,1421,940,0.9643889636997364,0.7689692210129387,765,445,5617,3002,33,6,178,49,138,80,1129,634,30,16,117,44,5,1,0.0,0.8333333333333334,1055
Joe Perry,Liang Wenbo,9,1421,1364,0.5869351044529159,0.5355648379838539,765,445,5617,3002,362,211,2470,1352,138,80,1129,634,95,48,832,468,5,4,0.0,0.5555555555555556,1055
Joe Perry,Ahmed Galal,9,1421,971,0.9548001246491297,0.7549149868676283,765,445,5617,3002,5,1,31,7,138,80,1129,634,0,0,31,7,5,3,0.0,0.625,1055
Andrew Pagett,Hung Chuang Ming,9,1185,1000,0.7612074518356959,0.6136070778047783,215,101,1412,695,0,0,0,0,68,28,386,177,0,0,0,0,5,0,0.0,1.0,1055
Shaun Murphy,Robert Milkins,9,1527,1426,0.6513228977147019,0.5627917401386452,708,456,5337,3014,610,378,4631,2543,163,102,1291,723,139,77,1073,605,5,4,0.0,0.5555555555555556,1055
Shaun Murphy,Amir Sarkhosh,9,1527,1024,0.9700840213181342,0.7785954465118283,708,456,5337,3014,5,1,36,14,163,102,1291,723,0,0,36,14,5,2,0.0,0.7142857142857143,1055
Shaun Murphy,Shivam Arora,9,1527,981,0.9789661225592177,0.7965711270909327,708,456,5337,3014,4,0,23,7,163,102,1291,723,0,0,7,3,5,0,0.0,1.0,1055
Shaun Murphy,Shachar Ruberg,9,1527,1022,0.9705602090330827,0.7794561686382467,708,456,5337,3014,5,1,39,15,163,102,1291,723,0,0,39,15,5,2,0.0,0.7142857142857143,1055
Robert Milkins,Shivam Arora,9,1426,981,0.9530653579262477,0.7525948948809733,610,378,4631,2543,4,0,23,7,139,77,1073,605,0,0,7,3,5,1,0.0,0.8333333333333334,1055
Robert Milkins,Thepchaiya Un-Nooh,9,1426,1290,0.699552494810083,0.5841905229354074,610,378,4631,2543,144,78,1032,539,139,77,1073,605,99,54,641,330,5,3,0.0,0.625,1055
Stephen Maguire,Joe Perry,9,1521,1421,0.6499012213921682,0.5621765008857981,670,447,5043,2862,765,445,5617,3002,176,107,1320,763,138,80,1129,634,5,0,0.0,1.0,1055
Stephen Maguire,Thanawat Thirapongpaiboon,9,1521,1255,0.8453183804092873,0.660382673079216,670,447,5043,2862,133,63,909,443,176,107,1320,763,6,0,563,277,5,1,0.0,0.8333333333333334,1055
Stephen Maguire,Kacper Filipiak,9,1521,940,0.9843808139178827,0.8103828882612089,670,447,5043,2862,33,6,178,49,176,107,1320,763,30,16,117,44,5,0,0.0,1.0,1055
Stephen Maguire,Ahmed Galal,9,1521,971,0.9796596931156069,0.7981867777396212,670,447,5043,2862,5,1,31,7,176,107,1320,763,0,0,31,7,5,1,0.0,0.8333333333333334,1055
Kritsanut Lertsattayathorn,Chaouki Yousfi,9,1000,995,0.5076899290397746,0.5031249593105316,0,0,0,0,5,0,35,10,0,0,0,0,0,0,35,10,5,1,0.0,0.8333333333333334,1055
Kritsanut Lertsattayathorn,Adrian Ridley,9,1000,1013,0.48001367903024084,0.4918757150937391,0,0,0,0,17,7,107,48,0,0,0,0,0,0,86,40,5,1,0.0,0.8333333333333334,1055
Boonyarit Keattikun,Ryan Day,9,1000,1382,0.07397287340987385,0.27788039415064275,0,0,0,0,603,365,4399,2422,0,0,0,0,138,80,955,503,5,2,0.0,0.7142857142857143,1055
Boonyarit Keattikun,Barry Hawkins,9,1000,1503,0.02991597868186572,0.22140455348817165,0,0,0,0,660,403,4756,2640,0,0,0,0,121,72,1287,735,5,2,0.0,0.7142857142857143,1055
Boonyarit Keattikun,Ehsan Heydarinezhad,9,1000,1006,0.49077234947048,0.496250070310918,0,0,0,0,1,0,8,3,0,0,0,0,0,0,8,3,5,4,0.0,0.5555555555555556,1055
Ben Judge,Thor Chuan Leong,9,920,1000,0.37897153196993094,0.45016600268752216,30,4,175,52,0,0,0,0,0,0,144,39,0,0,0,0,5,1,0.0,0.8333333333333334,1055
Ben Judge,Ratchayothin Yotharuck,9,920,1029,0.3373854944584286,0.43229345192664,30,4,175,52,25,5,163,59,0,0,144,39,42,13,163,59,5,2,0.0,0.7142857142857143,1055
Michael Holt,Andrew Pagett,9,1344,1185,0.7294208076401816,0.5980868603322034,569,334,4285,2285,215,101,1412,695,100,54,781,418,68,28,386,177,5,4,0.0,0.5555555555555556,1055
Michael Holt,Michael White,9,1344,1419,0.38630986299123704,0.45326184801538616,569,334,4285,2285,246,139,1745,933,100,54,781,418,145,84,827,453,5,2,0.0,0.7142857142857143,1055
Michael Holt,Noppon Saengkham,9,1344,1245,0.6484773334831452,0.5615610703361955,569,334,4285,2285,77,33,526,236,100,54,781,418,115,57,356,178,5,4,0.0,0.5555555555555556,1055
Michael Holt,Hung Chuang Ming,9,1344,1000,0.9044182345726282,0.7026606543447315,569,334,4285,2285,0,0,0,0,100,54,781,418,0,0,0,0,5,2,0.0,0.7142857142857143,1055
John Higgins,Mark Williams,9,1464,1448,0.5245929792443278,0.5099986668799655,1094,776,9029,5331,1045,684,8326,4753,106,58,982,571,176,102,1053,594,5,4,0.0,0.5555555555555556,1055
John Higgins,Chaouki Yousfi,9,1464,995,0.9609065781312953,0.763596605159627,1094,776,9029,5331,5,0,35,10,106,58,982,571,0,0,35,10,5,2,0.0,0.7142857142857143,1055
John Higgins,Kritsanut Lertsattayathorn,9,1464,1000,0.9593719859232338,0.7613327148429104,1094,776,9029,5331,0,0,0,0,106,58,982,571,0,0,0,0,5,2,0.0,0.7142857142857143,1055
John Higgins,Jamie Clarke,9,1464,1105,0.9134704714809997,0.7104354810428751,1094,776,9029,5331,53,24,286,144,106,58,982,571,41,23,193,104,5,4,0.0,0.5555555555555556,1055
Ehsan Heydarinezhad,Jimmy White,9,1006,1280,0.14764624750232094,0.3351462695940264,1,0,8,3,1324,757,11524,6103,0,0,8,3,98,52,714,340,5,2,0.0,0.7142857142857143,1055
Ehsan Heydarinezhad,Barry Hawkins,9,1006,1503,0.03138490988782956,0.22400112435268463,1,0,8,3,660,403,4756,2640,0,0,8,3,121,72,1287,735,5,4,0.0,0.5555555555555556,1055
Barry Hawkins,Mohsen Bukshaisha,9,1503,973,0.9759779450022841,0.7900123734263975,660,403,4756,2640,3,0,18,6,121,72,1287,735,0,0,18,6,5,4,0.0,0.5555555555555556,1055
Barry Hawkins,Jimmy White,9,1503,1280,0.8035658834232549,0.6358738914270539,660,403,4756,2640,1324,757,11524,6103,121,72,1287,735,98,52,714,340,5,2,0.0,0.7142857142857143,1055
Kacper Filipiak,Thanawat Thirapongpaiboon,9,940,1255,0.11513122622051847,0.31270571980279593,33,6,178,49,133,63,909,443,30,16,117,44,6,0,563,277,5,1,0.0,0.8333333333333334,1055
Kacper Filipiak,Ahmed Galal,9,940,971,0.45243837566637274,0.4806346917700681,33,6,178,49,5,1,31,7,30,16,117,44,0,0,31,7,5,0,0.0,1.0,1055
Graeme Dott,Gareth Allen,9,1443,1134,0.8804743277632153,0.6840614456522569,639,373,5090,2712,87,43,477,238,140,80,917,502,32,19,334,166,5,2,0.0,0.7142857142857143,1055
Graeme Dott,Andreas Ploner,9,1443,987,0.95681014001583,0.7576796390037048,639,373,5090,2712,13,5,65,28,140,80,917,502,19,7,55,23,5,1,0.0,0.8333333333333334,1055
Graeme Dott,Dechawat Poomjaeng,9,1443,1334,0.6626145055415718,0.5677065480733601,639,373,5090,2712,133,72,950,479,140,80,917,502,101,52,794,411,5,3,0.0,0.625,1055
Graeme Dott,Mohammed Asif,9,1443,1040,0.9361749444828573,0.7325306102876052,639,373,5090,2712,5,1,39,17,140,80,917,502,0,0,39,17,5,1,0.0,0.8333333333333334,1055
Ken Doherty,Ratchayothin Yotharuck,9,1317,1029,0.864117564265544,0.6726070170677604,989,615,8211,4547,25,5,163,59,88,45,792,418,42,13,163,59,5,1,0.0,0.8333333333333334,1055
Ken Doherty,Thor Chuan Leong,9,1317,1000,0.8863064712697625,0.6883678768310286,989,615,8211,4547,0,0,0,0,88,45,792,418,0,0,0,0,5,1,0.0,0.8333333333333334,1055
Ken Doherty,Ben Judge,9,1317,920,0.9333984621934427,0.729581436256663,989,615,8211,4547,30,4,175,52,88,45,792,418,0,0,144,39,5,4,0.0,0.5555555555555556,1055
Ken Doherty,Mark Davis,9,1317,1450,0.30445624814777533,0.41763245927192055,989,615,8211,4547,789,477,5901,3215,88,45,792,418,170,101,1322,741,5,3,0.0,0.625,1055
Ryan Day,Mohsen Bukshaisha,9,1382,973,0.9388562577752325,0.7354592830135422,603,365,4399,2422,3,0,18,6,138,80,955,503,0,0,18,6,5,1,0.0,0.8333333333333334,1055
Ryan Day,Barry Hawkins,9,1382,1503,0.3207355606290955,0.424946451444212,603,365,4399,2422,660,403,4756,2640,138,80,955,503,121,72,1287,735,5,3,0.0,0.625,1055
Ryan Day,Jimmy White,9,1382,1280,0.6527423440531748,0.5634067862621936,603,365,4399,2422,1324,757,11524,6103,138,80,955,503,98,52,714,340,5,1,0.0,0.8333333333333334,1055
Ryan Day,Ehsan Heydarinezhad,9,1382,1006,0.9229011263885971,0.7190996574163839,603,365,4399,2422,1,0,8,3,138,80,955,503,0,0,8,3,5,3,0.0,0.625,1055
Mark Davis,Thor Chuan Leong,9,1450,1000,0.9548001246491297,0.7549149868676283,789,477,5901,3215,0,0,0,0,170,101,1322,741,0,0,0,0,5,0,0.0,1.0,1055
Mark Davis,Ben Judge,9,1450,920,0.9759779450022841,0.7900123734263975,789,477,5901,3215,30,4,175,52,170,101,1322,741,0,0,144,39,5,1,0.0,0.8333333333333334,1055
Mark Davis,Ratchayothin Yotharuck,9,1450,1029,0.9439418910041667,0.7412546787548828,789,477,5901,3215,25,5,163,59,170,101,1322,741,42,13,163,59,5,3,0.0,0.625,1055
Dominic Dale,Mark Davis,9,1356,1450,0.35867462873861855,0.44151888756183866,679,388,5109,2714,789,477,5901,3215,108,57,913,469,170,101,1322,741,5,1,0.0,0.8333333333333334,1055
Dominic Dale,Ben Judge,9,1356,920,0.9498017118018997,0.7483817216070642,679,388,5109,2714,30,4,175,52,108,57,913,469,0,0,144,39,5,0,0.0,1.0,1055
Dominic Dale,Thor Chuan Leong,9,1356,1000,0.9117158840658912,0.7088901725661199,679,388,5109,2714,0,0,0,0,108,57,913,469,0,0,0,0,5,0,0.0,1.0,1055
Dominic Dale,Ratchayothin Yotharuck,9,1356,1029,0.8932938325014955,0.6937054019553982,679,388,5109,2714,25,5,163,59,108,57,913,469,42,13,163,59,5,0,0.0,1.0,1055
Dominic Dale,Ken Doherty,9,1356,1317,0.5597486539081615,0.5243557087682073,679,388,5109,2714,989,615,8211,4547,108,57,913,469,88,45,792,418,5,3,0.0,0.625,1055
Jamie Clarke,Adrian Ridley,9,1105,1013,0.6384497606491344,0.5572478545985555,53,24,286,144,17,7,107,48,41,23,193,104,0,0,86,40,5,1,0.0,0.8333333333333334,1055
Jamie Clarke,Chaouki Yousfi,9,1105,995,0.6640154623515127,0.5683199834782481,53,24,286,144,5,0,35,10,41,23,193,104,0,0,35,10,5,2,0.0,0.7142857142857143,1055
Jamie Clarke,Kritsanut Lertsattayathorn,9,1105,1000,0.6569871207564459,0.5652507475670999,53,24,286,144,0,0,0,0,41,23,193,104,0,0,0,0,5,3,0.0,0.625,1055
Kamal Chawla,Alex Borg,9,1009,1120,0.33458597162621984,0.43106679063045344,4,2,22,11,290,128,2108,972,0,0,22,11,48,20,148,56,5,4,0.0,0.5555555555555556,1055
Kamal Chawla,Ricky Walden,9,1009,1459,0.04519987535087019,0.24508501313237172,4,2,22,11,555,340,4054,2246,0,0,22,11,169,100,1156,632,5,4,0.0,0.5555555555555556,1055
Kamal Chawla,Steven Donohoe,9,1009,1000,0.5138398540686689,0.5056247627073255,4,2,22,11,0,0,0,0,0,0,22,11,0,0,0,0,5,2,0.0,0.7142857142857143,1055
Mohsen Bukshaisha,Boonyarit Keattikun,9,973,1000,0.4585503751450084,0.48313140430861523,3,0,18,6,0,0,0,0,0,0,18,6,0,0,0,0,5,4,0.0,0.5555555555555556,1055
Mohsen Bukshaisha,Ehsan Heydarinezhad,9,973,1006,0.44938671629072013,0.47938669028555136,3,0,18,6,1,0,8,3,0,0,18,6,0,0,8,3,5,3,0.0,0.625,1055
Alex Borg,Steven Donohoe,9,1120,1000,0.6778907155437834,0.574442516811659,290,128,2108,972,0,0,0,0,48,20,148,56,0,0,0,0,5,3,0.0,0.625,1055
Stuart Bingham,Dechawat Poomjaeng,9,1566,1334,0.8128540809406867,0.6410674063348171,762,477,5723,3244,133,72,950,479,227,146,1334,766,101,52,794,411,5,2,0.0,0.7142857142857143,1055
Stuart Bingham,Mohammed Asif,9,1566,1040,0.9751748273219457,0.788348634008099,762,477,5723,3244,5,1,39,17,227,146,1334,766,0,0,39,17,5,4,0.0,0.5555555555555556,1055
Stuart Bingham,Gareth Allen,9,1566,1134,0.9482914288722696,0.7464939833376621,762,477,5723,3244,87,43,477,238,227,146,1334,766,32,19,334,166,5,3,0.0,0.625,1055
Stuart Bingham,Andreas Ploner,9,1566,987,0.9841088439164813,0.8096133833451785,762,477,5723,3244,13,5,65,28,227,146,1334,766,19,7,55,23,5,1,0.0,0.8333333333333334,1055
Stuart Bingham,Graeme Dott,9,1566,1443,0.682004145502627,0.5762749224932653,762,477,5723,3244,639,373,5090,2712,227,146,1334,766,140,80,917,502,5,2,0.0,0.7142857142857143,1055
Mohammed Asif,Andreas Ploner,9,1040,987,0.5809264008951017,0.5330766223661046,5,1,39,17,13,5,65,28,0,0,39,17,19,7,55,23,5,2,0.0,0.7142857142857143,1055
Gareth Allen,Mohammed Asif,9,1134,1040,0.6413253712613813,0.5584811124381613,87,43,477,238,5,1,39,17,32,19,334,166,0,0,39,17,5,4,0.0,0.5555555555555556,1055
Mark Williams,Kacper Filipiak,11,1448,940,0.9816617740443335,0.7807427479121283,1045,684,8326,4753,33,6,178,49,176,102,1053,594,30,16,117,44,6,0,0.0,1.0,1055
Ricky Walden,Barry Hawkins,11,1459,1503,0.4260044467679594,0.47252769565540637,555,340,4054,2246,660,403,4756,2640,169,100,1156,632,121,72,1287,735,6,2,0.0,0.75,1055
Hossein Vafaei,Mohammed Asif,11,1084,1040,0.5739955532320409,0.5274723043445937,16,8,111,53,5,1,39,17,0,0,105,52,0,0,39,17,6,4,0.0,0.6,1055
Noppon Saengkham,Matthew Stevens,11,1245,1315,0.3833548191267751,0.4563613127629212,77,33,526,236,774,465,6161,3376,115,57,356,178,75,36,988,494,6,3,0.0,0.6666666666666666,1055
Shachar Ruberg,Graeme Dott,11,1022,1443,0.04027923345715352,0.25874532124511723,5,1,39,15,639,373,5090,2712,0,0,39,15,140,80,917,502,6,5,0.0,0.5454545454545454,1055
Dechawat Poomjaeng,Liang Wenbo,11,1334,1364,0.44938553709444257,0.4812587841214648,133,72,950,479,362,211,2470,1352,101,52,794,411,95,48,832,468,6,5,0.0,0.5454545454545454,1055
Joe Perry,Boonyarit Keattikun,11,1421,1000,0.9597207665428465,0.7412546787548828,765,445,5617,3002,0,0,0,0,138,80,1129,634,0,0,0,0,6,2,0.0,0.75,1055
Shaun Murphy,Michael White,11,1527,1419,0.6762884110738897,0.5670929049654543,708,456,5337,3014,246,139,1745,933,163,102,1291,723,145,84,827,453,6,4,0.0,0.6,1055
Stephen Maguire,Ben Judge,11,1521,920,0.992745352504971,0.8179470463328555,670,447,5043,2862,30,4,175,52,176,107,1320,763,0,0,144,39,6,4,0.0,0.6,1055
Kritsanut Lertsattayathorn,Ryan Day,11,1000,1382,0.05576234079111901,0.27788039415064275,0,0,0,0,603,365,4399,2422,0,0,0,0,138,80,955,503,6,4,0.0,0.6,1055
John Higgins,Kamal Chawla,11,1464,1009,0.9700911317898934,0.75722034035404,1094,776,9029,5331,4,2,22,11,106,58,982,571,0,0,22,11,6,3,0.0,0.6666666666666666,1055
Ehsan Heydarinezhad,Thepchaiya Un-Nooh,11,1006,1290,0.11655361188291287,0.3295988401911314,1,0,8,3,144,78,1032,539,0,0,8,3,99,54,641,330,6,5,0.0,0.5454545454545454,1055
Mark Davis,Michael Holt,11,1450,1344,0.6732480453126817,0.5658650028954817,789,477,5901,3215,569,334,4285,2285,170,101,1322,741,100,54,781,418,6,1,0.0,0.8571428571428571,1055
Dominic Dale,Robert Milkins,11,1356,1426,0.3833548191267751,0.4563613127629212,679,388,5109,2714,610,378,4631,2543,108,57,913,469,139,77,1073,605,6,2,0.0,0.75,1055
Jamie Clarke,Ken Doherty,11,1105,1317,0.18565733656584305,0.3705168880326052,53,24,286,144,989,615,8211,4547,41,23,193,104,88,45,792,418,6,5,0.0,0.5454545454545454,1055
Stuart Bingham,James Wattana,11,1566,1193,0.9400422326636385,0.7175822059302752,762,477,5723,3244,722,407,6172,3288,227,146,1334,766,33,12,573,268,6,4,0.0,0.6,1055
Mark Williams,Joe Perry,11,1448,1421,0.5455773097861221,0.5168685956913849,1045,684,8326,4753,765,445,5617,3002,176,102,1053,594,138,80,1129,634,6,3,0.0,0.6666666666666666,1055
Ricky Walden,Shachar Ruberg,11,1459,1022,0.964929496969637,0.7488521955201534,555,340,4054,2246,5,1,39,15,169,100,1156,632,0,0,39,15,6,2,0.0,0.75,1055
Hossein Vafaei,Ehsan Heydarinezhad,11,1084,1006,0.6295033783102222,0.5485961085831343,16,8,111,53,1,0,8,3,0,0,105,52,0,0,8,3,6,3,0.0,0.6666666666666666,1055
Shaun Murphy,Noppon Saengkham,11,1527,1245,0.8818249401053111,0.669295402777446,708,456,5337,3014,77,33,526,236,163,102,1291,723,115,57,356,178,6,3,0.0,0.6666666666666666,1055
Stephen Maguire,Jamie Clarke,11,1521,1105,0.957964467283993,0.7388500060842489,670,447,5043,2862,53,24,286,144,176,107,1320,763,41,23,193,104,6,0,0.0,1.0,1055
Kritsanut Lertsattayathorn,Mark Davis,11,1000,1450,0.0312724794326949,0.24508501313237172,0,0,0,0,789,477,5901,3215,0,0,0,0,170,101,1322,741,6,2,0.0,0.75,1055
John Higgins,Stuart Bingham,11,1464,1566,0.33286862469251693,0.4365932137378064,1094,776,9029,5331,762,477,5723,3244,106,58,982,571,227,146,1334,766,6,5,0.0,0.5454545454545454,1055
Dominic Dale,Dechawat Poomjaeng,11,1356,1334,0.5371654626927551,0.513746534902355,679,388,5109,2714,133,72,950,479,108,57,913,469,101,52,794,411,6,3,0.0,0.6666666666666666,1055
Ricky Walden,Mark Williams,13,1459,1448,0.5201528525932557,0.5068745667645342,555,340,4054,2246,1045,684,8326,4753,169,100,1156,632,176,102,1053,594,7,6,0.0,0.5384615384615384,1055
Stephen Maguire,Shaun Murphy,13,1521,1527,0.4890041287657947,0.496250070310918,670,447,5043,2862,708,456,5337,3014,176,107,1320,763,163,102,1291,723,7,4,0.0,0.6363636363636364,1055
Kritsanut Lertsattayathorn,John Higgins,13,1000,1464,0.018892393421416537,0.23866728515708963,0,0,0,0,1094,776,9029,5331,0,0,0,0,106,58,982,571,7,4,0.0,0.6363636363636364,1055
Dominic Dale,Hossein Vafaei,13,1356,1084,0.8921693499215487,0.6637386974043528,679,388,5109,2714,16,8,111,53,108,57,913,469,0,0,105,52,7,4,0.0,0.6363636363636364,1055
Ricky Walden,Dominic Dale,13,1459,1356,0.6817436304296824,0.5640216374262577,555,340,4054,2246,679,388,5109,2714,169,100,1156,632,108,57,913,469,7,1,0.0,0.875,1055
Stephen Maguire,Kritsanut Lertsattayathorn,13,1521,1000,0.9897673734426891,0.7862554282848526,670,447,5043,2862,0,0,0,0,176,107,1320,763,0,0,0,0,7,2,0.0,0.7777777777777778,1055
Stephen Maguire,Ricky Walden,15,1521,1459,0.6198347794654493,0.538672605206508,670,447,5043,2862,555,340,4054,2246,176,107,1320,763,169,100,1156,632,8,7,0.0,0.5333333333333333,1055
Michael Williams,Rick Kraaijeveld,7,1000,983,0.5232282019769063,0.5106234010049637,11,5,52,24,1,0,4,0,27,12,52,24,0,0,4,0,4,0,0.0,1.0,1054
Daniel Wells,Chris Jones,7,1164,963,0.7534472409879828,0.6230466603666162,222,108,1477,729,8,1,43,12,52,22,523,231,16,7,16,7,4,1,0.0,0.8,1054
Tan Wang Chooi,Billy Brown,7,1008,951,0.5774056625100122,0.5355648379838539,15,7,76,36,13,3,66,23,0,0,72,36,29,14,62,23,4,3,0.0,0.5714285714285714,1054
Mitchell Travis,Kevin Chan,7,1135,961,0.7237619985420221,0.6070669880717036,87,43,493,238,6,2,28,8,40,23,274,139,8,0,28,8,4,1,0.0,0.8,1054
Alex Taubman,Robert Drahn,7,1028,911,0.6555229391190917,0.5726080638632601,106,44,570,251,8,0,34,2,33,17,229,111,0,0,0,0,4,0,0.0,1.0,1054
John Sutton,Shachar Ruberg,7,1044,1062,0.47540722540195457,0.4887518980531451,38,20,211,107,11,4,89,36,25,5,75,30,50,21,89,36,4,0,0.0,1.0,1054
Joe Steele,Simon Lichtenberg,7,1000,1000,0.5,0.5,33,13,169,74,0,0,0,0,25,10,169,74,0,0,0,0,4,2,0.0,0.6666666666666666,1054
Tomasz Skalski,Manuel Pomwenger,7,1054,1000,0.573382262278332,0.5336988354329009,32,13,177,80,0,0,0,0,28,15,108,53,0,0,0,0,4,1,0.0,0.8,1054
Eden Sharav,Adam Bobat,7,1123,983,0.6838913574482577,0.5866175789173301,41,24,233,120,14,5,77,33,92,46,176,90,21,11,64,27,4,0,0.0,1.0,1054
Stefan Schenk,Vyacheslav Nikiforov,7,981,1000,0.47404295972292854,0.4881272322437472,6,2,32,13,0,0,0,0,0,0,23,12,0,0,0,0,4,3,0.0,0.5714285714285714,1054
Andreas Ploner,Ralf Günzel,7,979,929,0.5680051367615364,0.5312093733737563,18,6,98,38,5,0,20,0,52,17,88,33,0,0,8,0,4,0,0.0,1.0,1054
Stephane Ochoiski,Sanjin Kusan,7,928,999,0.4039387802743521,0.4557411415821268,9,1,46,11,9,4,43,19,0,0,28,9,0,0,12,4,4,0,0.0,1.0,1054
Martin O'Donnell,Ralph Müller,7,1185,971,0.7670671244589201,0.6306485256510744,181,83,1070,525,2,0,8,0,37,22,417,198,0,0,4,0,4,0,0.0,1.0,1054
Kobi Mates,Jan Leichs,7,973,970,0.5041014855971089,0.5018749912109869,2,0,8,0,2,0,8,0,4,0,8,0,0,0,4,0,4,0,0.0,1.0,1054
William Lemons,Jayson Wholey,7,946,919,0.536858082179779,0.5168685956913849,10,1,56,19,5,0,21,1,14,6,47,15,13,1,21,1,4,0,0.0,1.0,1054
Christopher Keogan,Jeff Jacobs,7,1056,952,0.6390526295107546,0.5646362918030292,54,18,289,127,13,3,67,24,35,21,240,108,30,15,63,24,4,1,0.0,0.8,1054
Luca Kaufmann,Gerry Egger,7,991,1000,0.48769738857442835,0.4943752372926745,4,2,21,9,0,0,0,0,0,0,21,9,0,0,0,0,4,0,0.0,1.0,1054
Ben Jones,Matthew Day,7,1037,1124,0.3829018450543893,0.44583834723635146,40,20,207,101,105,50,566,279,38,17,207,101,48,24,337,178,4,2,0.0,0.6666666666666666,1054
Duane Jones,Ali Masoudi Alavi,7,1246,1000,0.7986358149208075,0.6490805242445733,74,45,415,241,0,0,0,0,0,0,268,158,0,0,0,0,4,0,0.0,1.0,1054
Kishan Hirani,Thomas Kiesewetter,7,1022,984,0.5517972899579606,0.523732154126561,82,36,436,197,1,0,4,0,34,16,182,88,0,0,4,0,4,0,0.0,1.0,1054
Ross Higgins,Umar Ali Shaikh,7,899,1000,0.3647889315421975,0.43720825986135486,25,5,124,38,0,0,0,0,21,10,115,37,0,0,0,0,4,0,0.0,1.0,1054
Jurian Heusdens,Kristof Vermeiren,7,1059,988,0.5960612197256479,0.5442588584178731,21,11,105,57,9,5,47,22,19,10,95,51,20,8,47,22,4,3,0.0,0.5714285714285714,1054
Luke Garland,Jerom Meeus,7,1034,958,0.6026704349193375,0.5473576181430894,13,8,78,40,6,1,31,9,48,25,78,40,4,0,25,7,4,0,0.0,1.0,1054
Reanne Evans,Anton Woywod,7,1009,1000,0.5123026114255715,0.5056247627073255,104,34,560,222,0,0,0,0,27,12,252,119,0,0,0,0,4,0,0.0,1.0,1054
Adam Duffy,Matthew Glasby,7,1223,1014,0.7618819203066071,0.6277321638605189,203,104,1260,646,13,7,78,40,43,28,491,231,35,18,78,40,4,0,0.0,1.0,1054
TJ Dowling,Steve Lambrechts,7,995,1010,0.47950179614537025,0.4906260984783392,6,3,31,14,4,2,21,12,26,14,26,14,0,0,21,12,4,1,0.0,0.8,1054
Simon Dent,Manon Melief,7,991,941,0.5680051367615364,0.5312093733737563,8,3,45,20,4,0,17,1,9,5,9,5,9,1,17,1,4,0,0.0,1.0,1054
Paul Davison,Sydney Wilson,7,1235,1123,0.6492231123314619,0.569546223939229,550,297,3911,2018,104,43,570,268,52,31,673,337,59,32,280,152,4,3,0.0,0.5714285714285714,1054
Marc Davis,Thomas Broeckx,7,1044,1039,0.5068355814796678,0.5031249593105316,79,32,414,185,7,5,33,20,25,13,198,103,0,0,12,8,4,0,0.0,1.0,1054
Dylan Craig,Corina Maracine,7,1069,984,0.6144870727228646,0.5529259881329059,26,14,139,74,1,0,4,0,26,15,139,74,4,0,4,0,4,0,0.0,1.0,1054
Michael Collumb,Diana Schuler,7,938,930,0.510936041856229,0.5049998333399998,19,6,100,40,9,2,39,8,14,6,51,18,4,0,16,0,4,0,0.0,1.0,1054
Jamie Clarke,Mark Owens,7,1144,941,0.7555717519931018,0.6242202334972642,60,28,341,172,23,6,123,47,96,51,248,132,13,3,41,18,4,1,0.0,0.8,1054
Ryan Causton,Norbert Hofheinz,7,1101,979,0.661777191191235,0.5756643510425494,77,39,418,205,7,3,36,15,21,10,326,166,0,0,11,3,4,0,0.0,1.0,1054
Ashley Carty,Matthias Porn,7,1091,968,0.6630224339222315,0.5762749224932653,48,23,275,132,2,0,8,0,64,29,250,123,0,0,8,0,4,0,0.0,1.0,1054
Jordan Brown,Raymon Fabrie,7,1161,943,0.7711668601434363,0.6329747766804606,66,36,427,221,50,21,375,174,0,0,166,92,6,2,6,2,4,2,0.0,0.6666666666666666,1054
Jack Bradford,Stefan Gerst,7,902,987,0.38551292727713543,0.4470740118670941,25,5,125,39,8,3,39,16,15,7,116,38,0,0,11,3,4,0,0.0,1.0,1054
Josh Boileau,Brian Cini,7,1058,1019,0.5531518743848329,0.5243557087682073,24,13,126,65,8,4,43,24,28,17,113,59,31,18,43,24,4,1,0.0,0.8,1054
Hans Blanckaert,Fabian Tost,7,855,995,0.31610864255174254,0.41338242108267,84,18,443,152,1,0,5,1,17,5,146,57,0,0,5,1,4,1,0.0,0.8,1054
Gareth Allen,Nicole Breitenstein,7,1123,933,0.7415764082537253,0.6165665045213193,92,44,516,253,5,0,20,0,71,34,373,181,0,0,8,0,4,0,0.0,1.0,1054
Michael Williams,Benjamin Buser,7,1000,969,0.5422981239384312,0.519365308229932,11,5,52,24,2,0,8,0,27,12,52,24,0,0,8,0,4,0,0.0,1.0,1054
Mitchell Travis,Oliver Brown,7,1135,1128,0.5095693356278297,0.5043748883497735,87,43,493,238,106,43,564,254,40,23,274,139,53,25,365,195,4,2,0.0,0.6666666666666666,1054
Alex Taubman,Rhys Clark,7,1028,1071,0.44143655006080335,0.4731508513108857,106,44,570,251,34,17,182,90,33,17,229,111,5,1,182,90,4,3,0.0,0.5714285714285714,1054
Eden Sharav,Ali Kirim,7,1123,984,0.6826800016944434,0.5860112044388707,41,24,233,120,7,3,31,12,92,46,176,90,0,0,8,0,4,0,0.0,1.0,1054
Zack Richardson,Declan Brennan,7,1074,946,0.6692199309586204,0.5793242521487495,24,13,130,74,12,2,63,21,41,24,130,74,7,3,21,5,4,2,0.0,0.6666666666666666,1054
Andreas Ploner,John Sutton,7,979,1044,0.4119083649163239,0.4594641607262107,18,6,98,38,38,20,211,107,52,17,88,33,25,5,75,30,4,2,0.0,0.6666666666666666,1054
Martin O'Donnell,Sebastian Thron,7,1185,985,0.7523810515908644,0.6224593312018546,181,83,1070,525,1,0,4,0,37,22,417,198,0,0,4,0,4,0,0.0,1.0,1054
Joe O'Connor,Daniel Wells,7,1026,1164,0.3185334396534134,0.4145954308705349,23,11,134,64,222,108,1477,729,62,26,134,64,52,22,523,231,4,3,0.0,0.5714285714285714,1054
Saqib Nasir,Carl Rosenberger,7,1122,977,0.6899164671577602,0.5896454785627312,53,28,290,160,3,1,15,4,0,0,196,112,0,0,15,4,4,0,0.0,1.0,1054
Sascha Lippe,Joe Steele,7,925,1000,0.3986489708076568,0.45326184801538616,33,7,191,68,33,13,169,74,0,0,0,0,25,10,169,74,4,0,0.0,1.0,1054
Sanderson Lam,Kobi Mates,7,1074,973,0.6352110684578025,0.5627917401386452,46,21,248,115,2,0,8,0,25,15,218,104,4,0,8,0,4,0,0.0,1.0,1054
Christopher Keogan,Gerhard Engelschalk,7,1056,973,0.611870456908998,0.5516896693427,54,18,289,127,4,1,18,6,35,21,240,108,0,0,5,1,4,0,0.0,1.0,1054
Luca Kaufmann,Stephane Ochoiski,7,991,928,0.5854263042586716,0.5392938058983595,4,2,21,9,9,1,46,11,0,0,21,9,0,0,28,9,4,1,0.0,0.8,1054
Ben Jones,Ashley Hugill,7,1037,986,0.5693507188778237,0.5318318894162242,40,20,207,101,9,3,47,20,38,17,207,101,25,10,47,20,4,1,0.0,0.8,1054
Duane Jones,Daniel Schneider,7,1246,956,0.837347307313657,0.6737070994545215,74,45,415,241,6,1,28,8,0,0,268,158,8,0,28,8,4,0,0.0,1.0,1054
Kishan Hirani,Phil Barnes,7,1022,1006,0.5218633393972989,0.5099986668799655,82,36,436,197,34,14,185,83,34,16,182,88,0,0,120,58,4,0,0.0,1.0,1054
Ross Higgins,Markus Pfistermuller,7,899,988,0.38029641350050397,0.44460335167941084,25,5,124,38,1,0,5,1,21,10,115,37,0,0,0,0,4,1,0.0,0.8,1054
Luke Garland,Tan Wang Chooi,7,1034,1008,0.5354968818114487,0.5162442810620724,13,8,78,40,15,7,76,36,48,25,78,40,0,0,72,36,4,3,0.0,0.5714285714285714,1054
Reanne Evans,Prasit Buttakham,7,1009,1000,0.5123026114255715,0.5056247627073255,104,34,560,222,0,0,0,0,27,12,252,119,0,0,0,0,4,1,0.0,0.8,1054
Adam Duffy,Jamie Bodle,7,1223,1139,0.6131794491635048,0.5523079095743253,203,104,1260,646,150,98,1114,624,43,28,491,231,0,0,34,22,4,1,0.0,0.8,1054
TJ Dowling,Jurian Heusdens,7,995,1059,0.4132404983976814,0.46008511544443426,6,3,31,14,21,11,105,57,26,14,26,14,19,10,95,51,4,0,0.0,1.0,1054
Paul Davison,Stefan Schenk,7,1235,981,0.8060824586598727,0.653622330899504,550,297,3911,2018,6,2,32,13,52,31,673,337,0,0,23,12,4,0,0.0,1.0,1054
Marc Davis,Patrick Einsle,7,1044,1047,0.4958985144028909,0.498125008789013,79,32,414,185,114,46,667,291,25,13,198,103,0,0,95,34,4,3,0.0,0.5714285714285714,1054
Jeff Cundy,Simon Dent,7,1166,991,0.7248939369984414,0.6076631698328917,488,260,3461,1797,8,3,45,20,40,22,298,162,9,5,9,5,4,1,0.0,0.8,1054
Dylan Craig,Matthew Hulatt,7,1069,974,0.6274848196821066,0.559097471902393,26,14,139,74,2,0,10,2,26,15,139,74,10,2,10,2,4,0,0.0,1.0,1054
Michael Collumb,Jordan Brown,7,938,1161,0.22376950863341183,0.3641261085729462,19,6,100,40,66,36,427,221,14,6,51,18,0,0,166,92,4,3,0.0,0.5714285714285714,1054
Jamie Clarke,Tomasz Skalski,7,1144,1054,0.6210041469292463,0.5560138905446199,60,28,341,172,32,13,177,80,96,51,248,132,28,15,108,53,4,2,0.0,0.6666666666666666,1054
Ryan Causton,Lukas Kleckers,7,1101,1023,0.6053054839891849,0.5485961085831343,77,39,418,205,10,5,53,26,21,10,326,166,23,12,53,26,4,2,0.0,0.6666666666666666,1054
Ashley Carty,Sean O'Sullivan,7,1091,1122,0.4577018760615691,0.4806346917700681,48,23,275,132,88,35,531,237,64,29,250,123,58,30,390,167,4,3,0.0,0.5714285714285714,1054
Jack Bradford,Sam Harvey,7,902,1060,0.2946731337220897,0.40251423417298393,25,5,125,39,90,40,463,224,15,7,116,38,17,10,178,83,4,2,0.0,0.6666666666666666,1054
Josh Boileau,Wendy Jans,7,1058,1023,0.5477297445502348,0.5218610539716015,24,13,126,65,11,6,54,29,28,17,113,59,0,0,46,28,4,0,0.0,1.0,1054
Hans Blanckaert,Andreas Hartung,7,855,960,0.3596701363363135,0.43474925243290014,84,18,443,152,6,2,29,9,17,5,146,57,0,0,14,4,4,2,0.0,0.6666666666666666,1054
Gareth Allen,Bernd Strnad,7,1123,974,0.6946979044907379,0.5920629281648192,92,44,516,253,4,1,19,6,71,34,373,181,0,0,9,4,4,0,0.0,1.0,1054
Mitchell Travis,Zack Richardson,7,1135,1074,0.5827567809217526,0.5380512843858591,87,43,493,238,24,13,130,74,40,23,274,139,41,24,130,74,4,0,0.0,1.0,1054
Alex Taubman,Dylan Craig,7,1028,1069,0.44414095234189266,0.47439741167538224,106,44,570,251,26,14,139,74,33,17,229,111,26,15,139,74,4,1,0.0,0.8,1054
Eden Sharav,Ryan Causton,7,1123,1101,0.5300478260158454,0.513746534902355,41,24,233,120,77,39,418,205,92,46,176,90,21,10,326,166,4,2,0.0,0.6666666666666666,1054
Martin O'Donnell,Andreas Ploner,7,1185,979,0.7587387600845145,0.6259778577666038,181,83,1070,525,18,6,98,38,37,22,417,198,52,17,88,33,4,3,0.0,0.5714285714285714,1054
William Lemons,Ross Higgins,7,946,899,0.5639634145132848,0.5293412500457856,10,1,56,19,25,5,124,38,14,6,47,15,21,10,115,37,4,1,0.0,0.8,1054
Sanderson Lam,Reanne Evans,7,1074,1009,0.5880916350836762,0.5405358392737893,46,21,248,115,104,34,560,222,25,15,218,104,27,12,252,119,4,0,0.0,1.0,1054
Kishan Hirani,Duane Jones,7,1022,1246,0.22276496570381588,0.36354745971843366,82,36,436,197,74,45,415,241,34,16,182,88,0,0,268,158,4,3,0.0,0.5714285714285714,1054
Luke Garland,Josh Boileau,7,1034,1058,0.4672268289773793,0.4850044983805899,13,8,78,40,24,13,126,65,48,25,78,40,28,17,113,59,4,2,0.0,0.6666666666666666,1054
Adam Duffy,Joe O'Connor,7,1223,1026,0.7491668212476215,0.6206951913643555,203,104,1260,646,23,11,134,64,43,28,491,231,62,26,134,64,4,1,0.0,0.8,1054
TJ Dowling,Saqib Nasir,7,995,1122,0.33201569905505146,0.421285137539866,6,3,31,14,53,28,290,160,26,14,26,14,0,0,196,112,4,2,0.0,0.6666666666666666,1054
Paul Davison,Michael Williams,7,1235,1000,0.7881034579959058,0.6427913242407762,550,297,3911,2018,11,5,52,24,52,31,673,337,27,12,52,24,4,1,0.0,0.8,1054
Jeff Cundy,Ashley Carty,7,1166,1091,0.6013510291923431,0.5467381519846138,488,260,3461,1797,48,23,275,132,40,22,298,162,64,29,250,123,4,0,0.0,1.0,1054
Michael Collumb,Marc Davis,7,938,1044,0.358394567903784,0.4341349971045183,19,6,100,40,79,32,414,185,14,6,51,18,25,13,198,103,4,3,0.0,0.5714285714285714,1054
Jamie Clarke,Ben Jones,7,1144,1037,0.6428793213307702,0.5664790559676278,60,28,341,172,40,20,207,101,96,51,248,132,38,17,207,101,4,1,0.0,0.8,1054
Jack Bradford,Christopher Keogan,7,902,1056,0.29937471450906367,0.40492152613386595,25,5,125,39,54,18,289,127,15,7,116,38,35,21,240,108,4,2,0.0,0.6666666666666666,1054
Hans Blanckaert,Luca Kaufmann,7,855,991,0.32096653442831036,0.4158094770645927,84,18,443,152,4,2,21,9,17,5,146,57,0,0,21,9,4,2,0.0,0.6666666666666666,1054
Gareth Allen,Sascha Lippe,7,1123,925,0.7502408354966205,0.6212835951910678,92,44,516,253,33,7,191,68,71,34,373,181,0,0,0,0,4,3,0.0,0.5714285714285714,1054
Ratchayothin Yotharuck,Ian Glover,7,1017,1134,0.34447706088090824,0.42739193613673987,30,6,195,70,137,60,825,400,74,24,195,70,56,19,234,121,4,0,0.0,1.0,1054
Gary Wilson,Steve Davis,7,1347,1242,0.6403298636636867,0.5652507475670999,253,153,1594,888,1352,886,11515,6585,60,27,544,311,13,3,586,287,4,2,0.0,0.6666666666666666,1054
Robbie Williams,TJ Dowling,7,1303,995,0.8515999175968284,0.6835208937363156,232,130,1381,719,6,3,31,14,105,54,635,330,26,14,26,14,4,1,0.0,0.8,1054
Jimmy White,Ahmed Saif,7,1234,979,0.8070005952389404,0.654188113761243,1329,759,11560,6118,25,6,144,44,134,67,750,355,36,11,130,43,4,0,0.0,1.0,1054
Liang Wenbo,Andrew Higginson,7,1389,1364,0.534135239137421,0.5156199157230156,368,215,2516,1381,554,338,3977,2198,141,77,878,497,115,65,837,436,4,2,0.0,0.6666666666666666,1054
Michael Wasley,David Grace,7,1310,1203,0.6428793213307702,0.5664790559676278,203,104,1221,611,203,94,1312,639,102,55,619,314,56,22,574,277,4,1,0.0,0.8,1054
Joel Walker,Alex Davies,7,1251,1240,0.5150352723345792,0.5068745667645342,107,51,654,319,187,96,1137,577,95,52,493,240,82,38,317,156,4,0,0.0,1.0,1054
Ricky Walden,Andrew Pagett,7,1506,1183,0.8627807229403067,0.6915765137521193,565,348,4139,2303,220,102,1449,712,254,157,1241,689,105,45,423,194,4,2,0.0,0.6666666666666666,1054
Chris Wakelin,Eden Sharav,7,1185,1123,0.5840920587766287,0.538672605206508,47,26,301,153,41,24,233,120,89,44,301,153,92,46,176,90,4,1,0.0,0.8,1054
Thepchaiya Un-Nooh,Steve Mifsud,7,1290,1037,0.8051614968205012,0.6530561132866127,150,82,1080,567,129,52,967,440,147,82,689,358,0,0,9,4,4,0,0.0,1.0,1054
Mitchell Travis,Nigel Bond,7,1135,1285,0.3041121924541114,0.40733340004593027,87,43,493,238,747,421,6048,3214,40,23,274,139,77,38,616,310,4,0,0.0,1.0,1054
Allan Taylor,Tom Ford,7,1174,1270,0.3712235715309693,0.44028635073280703,195,102,1085,571,418,238,3050,1617,64,27,312,144,55,22,756,377,4,2,0.0,0.6666666666666666,1054
Alex Taubman,John Astley,7,1028,1139,0.35204218100893303,0.43106679063045344,106,44,570,251,104,51,611,292,33,17,229,111,53,19,380,180,4,1,0.0,0.8,1054
Matthew Stevens,Ross Muir,7,1327,1142,0.7360780864464773,0.6136070778047783,780,469,6199,3400,50,21,288,132,113,60,1026,518,71,31,278,127,4,3,0.0,0.5714285714285714,1054
Matthew Selt,Alfie Burden,7,1427,1253,0.7237619985420221,0.6070669880717036,340,180,2383,1225,531,289,3949,2043,173,112,664,342,71,32,728,364,4,1,0.0,0.8,1054
Mark Selby,Alexander Ursenbacher,7,1547,1016,0.9608669100259551,0.7904268047931361,748,503,5415,3110,30,10,155,61,101,57,1528,922,37,8,137,53,4,0,0.0,1.0,1054
Neil Robertson,Elliot Slessor,7,1503,1159,0.8773873941193158,0.7026606543447315,630,407,4654,2625,56,24,326,151,138,81,1455,855,64,28,306,141,4,3,0.0,0.5714285714285714,1054
Jimmy Robertson,Vinnie Calabrese,7,1384,1092,0.8389762354745806,0.6748052725823135,300,160,1980,1019,80,37,483,224,147,87,732,384,55,21,244,97,4,3,0.0,0.5714285714285714,1054
Dechawat Poomjaeng,Lyu Chenwei,7,1338,1032,0.8500614892601291,0.6824383021930648,140,76,1005,508,20,8,114,47,156,81,849,440,36,9,107,45,4,2,0.0,0.6666666666666666,1054
Tian Pengfei,Michael Georgiou,7,1298,1141,0.7041548710511403,0.596884378259767,228,126,1528,807,90,39,522,249,97,48,661,335,57,27,178,99,4,3,0.0,0.5714285714285714,1054
Fraser Patrick,Stuart Bingham,7,1242,1536,0.15940618639470844,0.3240984722740593,121,54,799,381,769,483,5781,3280,93,47,472,233,285,182,1392,802,4,0,0.0,1.0,1054
Ronnie O'Sullivan,Noppon Saengkham,7,1654,1272,0.9008182724891151,0.7221196058493572,1016,770,9005,5457,84,37,585,268,162,104,765,489,174,89,415,210,4,0,0.0,1.0,1054
Fergal O'Brien,David Morris,7,1332,1336,0.4945314322857424,0.49750002083312506,693,398,5427,2869,201,107,1504,768,104,59,649,337,87,43,495,269,4,2,0.0,0.6666666666666666,1054
Shaun Murphy,Luke Garland,7,1504,1034,0.9416839060165828,0.7640475997974661,716,462,5403,3053,13,8,78,40,229,141,1357,762,48,25,78,40,4,1,0.0,0.8,1054
Robert Milkins,Chris Norbury,7,1379,1121,0.8097380368967944,0.6558828412078137,616,380,4679,2566,228,113,1391,698,187,100,1121,628,46,14,330,150,4,1,0.0,0.8,1054
Chris Melling,Cao Yupeng,7,1124,1268,0.31128429594529594,0.41095956594133487,132,75,922,492,135,71,979,498,65,27,65,27,64,33,815,427,4,2,0.0,0.6666666666666666,1054
Aditya Mehta,Jeff Cundy,7,1300,1166,0.6765921632853334,0.5829754542011996,187,94,1301,645,488,260,3461,1797,81,41,746,381,40,22,298,162,4,3,0.0,0.5714285714285714,1054
Alan McManus,William Lemons,7,1395,946,0.9334790107069658,0.7544521462725048,760,449,6500,3431,10,1,56,19,78,40,736,390,14,6,47,15,4,1,0.0,0.8,1054
Anthony McGill,Mitchell Mann,7,1348,1178,0.7192100641468833,0.6046790847140093,268,161,1634,900,146,73,860,434,122,63,754,403,97,47,309,155,4,1,0.0,0.8,1054
Stephen Maguire,Hammad Miah,7,1553,1062,0.9490278562465377,0.7733807162924247,680,456,5124,2919,36,14,222,93,257,164,1401,820,47,15,204,87,4,1,0.0,0.8,1054
Jack Lisowski,Stuart Carrington,7,1327,1284,0.5585634499391967,0.5268491486891144,255,155,1624,891,193,106,1130,607,97,49,709,365,77,39,409,208,4,2,0.0,0.6666666666666666,1054
Michael Leslie,Jack Bradford,7,1020,902,0.6567774862994666,0.5732197726798348,72,17,450,169,25,5,125,39,37,8,317,108,15,7,116,38,4,2,0.0,0.6666666666666666,1054
Rod Lawler,Mark Williams,7,1349,1456,0.3571206786692294,0.43352094403237207,672,374,5274,2762,1053,690,8391,4795,144,80,861,466,241,144,1118,636,4,3,0.0,0.5714285714285714,1054
Mark King,Michael Collumb,7,1345,938,0.9142318609422069,0.7344853437972199,718,395,5424,2833,19,6,100,40,99,51,792,411,14,6,51,18,4,2,0.0,0.6666666666666666,1054
Mark Joyce,Lu Ning,7,1278,1111,0.7157709624772323,0.6028848673274662,319,170,2282,1157,33,12,228,100,90,43,734,375,55,24,228,100,4,0,0.0,1.0,1054
Jamie Jones,Lyu Haotian,7,1317,1160,0.7041548710511403,0.596884378259767,332,200,2188,1194,46,18,325,146,103,57,737,387,65,27,325,146,4,1,0.0,0.8,1054
Jak Jones,Kishan Hirani,7,1116,1022,0.6261916833783177,0.5584811124381613,108,46,656,301,82,36,436,197,45,18,221,93,34,16,182,88,4,3,0.0,0.5714285714285714,1054
Liam Highfield,Cao Xinlong,7,1312,1022,0.837347307313657,0.6737070994545215,216,119,1463,767,31,9,188,69,80,42,623,314,44,13,149,60,4,0,0.0,1.0,1054
John Higgins,Zak Surety,7,1407,1104,0.847732715071801,0.6808107108156386,1102,782,9100,5370,63,31,354,174,177,97,1053,610,57,24,268,135,4,2,0.0,0.6666666666666666,1054
Barry Hawkins,Gareth Allen,7,1419,1123,0.8422000503552975,0.676995856238523,666,405,4804,2661,92,44,516,253,169,93,1335,756,71,34,373,181,4,1,0.0,0.8,1054
Li Hang,Kurt Maflin,7,1326,1311,0.5204982038546295,0.5093739015216607,119,57,834,419,366,216,2446,1333,108,59,423,215,93,43,795,431,4,0,0.0,1.0,1054
Anthony Hamilton,Steven Hallworth,7,1348,1041,0.850832110932218,0.6829798455801029,692,408,5468,2942,28,11,160,72,74,35,654,341,55,20,156,72,4,2,0.0,0.6666666666666666,1054
Xiao Guodong,Michael Holt,7,1359,1317,0.557211603425229,0.5262259093720687,255,147,1738,952,575,338,4330,2307,103,59,796,433,145,76,826,440,4,0,0.0,1.0,1054
Gerard Greene,Peter Lines,7,1202,1258,0.42393453930920916,0.4650570548417855,595,327,4521,2380,640,354,4742,2485,70,33,538,252,68,30,601,292,4,2,0.0,0.6666666666666666,1054
Martin Gould,Ryan Clark,7,1472,936,0.9621656478807225,0.7924899414403644,451,270,3062,1658,31,7,168,53,115,66,971,509,9,0,124,44,4,0,0.0,1.0,1054
David Gilbert,Craig Steadman,7,1350,1297,0.5720392978025534,0.5330766223661046,349,196,2698,1431,304,174,1970,1058,101,53,781,424,111,63,545,267,4,2,0.0,0.6666666666666666,1054
Marco Fu,Hans Blanckaert,7,1471,855,0.9783971907754473,0.8234647252208833,625,368,4732,2559,84,18,443,152,148,83,1129,640,17,5,146,57,4,0,0.0,1.0,1054
Mike Dunn,Ian Burns,7,1295,1319,0.4672268289773793,0.4850044983805899,562,298,4191,2160,209,116,1256,665,112,63,565,279,94,44,645,344,4,1,0.0,0.8,1054
Adam Duffy,Ryan Day,7,1223,1358,0.32218616531476235,0.41641688448272474,203,104,1260,646,609,369,4444,2448,43,28,491,231,183,106,1000,529,4,3,0.0,0.5714285714285714,1054
Tony Drago,Lee Page,7,1224,1138,0.6157933128709394,0.5535439031511183,683,340,5671,2821,186,95,1115,565,39,17,548,259,64,26,266,119,4,0,0.0,1.0,1054
Graeme Dott,Martin O'Donnell,7,1423,1185,0.7910094256982455,0.6445115537062945,645,377,5135,2739,181,83,1070,525,185,107,962,529,37,22,417,198,4,1,0.0,0.8,1054
Scott Donaldson,Joe Swail,7,1230,1377,0.30768847003935823,0.4091452475454058,95,49,619,309,710,390,5646,2957,76,35,609,304,152,88,602,317,4,2,0.0,0.6666666666666666,1054
Paul Davison,Kyren Wilson,7,1235,1348,0.3495133530299832,0.42984097461816473,550,297,3911,2018,216,129,1331,728,52,31,673,337,84,44,475,265,4,3,0.0,0.5714285714285714,1054
Mark Davis,Sanderson Lam,7,1409,1074,0.87127535599101,0.6979384260080908,796,481,5949,3242,46,21,248,115,218,128,1370,768,25,15,218,104,4,0,0.0,1.0,1054
Dominic Dale,Oliver Lines,7,1410,1243,0.7157709624772323,0.6028848673274662,688,396,5174,2759,80,46,452,247,173,102,978,514,125,67,398,225,4,1,0.0,0.8,1054
Jamie Cope,Barry Pinches,7,1251,1221,0.5409388610739393,0.5187412158785352,460,250,3099,1587,652,343,5174,2701,84,46,680,326,66,32,505,226,4,3,0.0,0.5714285714285714,1054
Jamie Clarke,Ben Woollaston,7,1144,1365,0.22578679083118888,0.3652845846208415,60,28,341,172,365,211,2403,1295,96,51,248,132,115,62,857,476,4,2,0.0,0.6666666666666666,1054
James Cahill,Dave Harold,7,1110,1297,0.26171499503028667,0.3852081305077805,64,23,383,159,674,380,5259,2770,76,37,312,135,26,10,565,288,4,1,0.0,0.8,1054
Alex Borg,Rory McLeod,7,1093,1278,0.26392191355352257,0.3863929221952217,295,129,2145,986,429,237,3318,1744,85,34,185,70,77,36,638,326,4,1,0.0,0.8,1054
Sam Baird,Yu Delu,7,1347,1273,0.6000303895586184,0.5461185410457796,201,109,1371,712,151,76,1049,536,114,61,703,370,56,22,691,362,4,1,0.0,0.8,1054
Mark Allen,Lee Walker,7,1534,1252,0.8307179588376647,0.669295402777446,514,323,3475,1939,354,202,2807,1466,171,94,1115,666,36,13,87,42,4,1,0.0,0.8,1054
Michael White,Martin Gould,7,1387,1472,0.38551292727713543,0.4470740118670941,252,142,1792,957,451,270,3062,1658,192,108,874,477,115,66,971,509,4,1,0.0,0.8,1054
Liang Wenbo,Mark Davis,7,1389,1409,0.4726790179572131,0.4875026035157896,368,215,2516,1381,796,481,5949,3242,141,77,878,497,218,128,1370,768,4,3,0.0,0.5714285714285714,1054
Ricky Walden,Allan Taylor,7,1506,1174,0.8691888759761051,0.6963549298238342,565,348,4139,2303,195,102,1085,571,254,157,1241,689,64,27,312,144,4,1,0.0,0.8,1054
Chris Wakelin,Michael Wasley,7,1185,1310,0.3344927873720658,0.4225046348141883,47,26,301,153,203,104,1221,611,89,44,301,153,102,55,619,314,4,2,0.0,0.6666666666666666,1054
Judd Trump,Anthony Hamilton,7,1551,1348,0.7555717519931018,0.6242202334972642,533,348,3663,2113,692,408,5468,2942,219,136,1441,839,74,35,654,341,4,0,0.0,1.0,1054
Mitchell Travis,Tony Drago,7,1135,1224,0.38029641350050397,0.44460335167941084,87,43,493,238,683,340,5671,2821,40,23,274,139,39,17,548,259,4,1,0.0,0.8,1054
Mark Selby,Dominic Dale,7,1547,1410,0.6802510445614828,0.584797674717737,748,503,5415,3110,688,396,5174,2759,101,57,1528,922,173,102,978,514,4,0,0.0,1.0,1054
Neil Robertson,Jimmy Robertson,7,1503,1384,0.6580301976734948,0.5738312575916094,630,407,4654,2625,300,160,1980,1019,138,81,1455,855,147,87,732,384,4,0,0.0,1.0,1054
Dechawat Poomjaeng,Paul Davison,7,1338,1235,0.6377737431786725,0.5640216374262577,140,76,1005,508,550,297,3911,2018,156,81,849,440,52,31,673,337,4,3,0.0,0.5714285714285714,1054
Tian Pengfei,Matthew Selt,7,1298,1427,0.32954639777958084,0.4200665998114943,228,126,1528,807,340,180,2383,1225,97,48,661,335,173,112,664,342,4,1,0.0,0.8,1054
Fraser Patrick,Matthew Stevens,7,1242,1327,0.38551292727713543,0.4470740118670941,121,54,799,381,780,469,6199,3400,93,47,472,233,113,60,1026,518,4,3,0.0,0.5714285714285714,1054
Ronnie O'Sullivan,Robbie Williams,7,1654,1303,0.8819896948101545,0.706303891936407,1016,770,9005,5457,232,130,1381,719,162,104,765,489,105,54,635,330,4,0,0.0,1.0,1054
Fergal O'Brien,Marco Fu,7,1332,1471,0.31731999830555657,0.4139887955611293,693,398,5427,2869,625,368,4732,2559,104,59,649,337,148,83,1129,640,4,2,0.0,0.6666666666666666,1054
Shaun Murphy,Mark Joyce,7,1504,1278,0.7792359029381558,0.637608652621925,716,462,5403,3053,319,170,2282,1157,229,141,1357,762,90,43,734,375,4,1,0.0,0.8,1054
Robert Milkins,Alex Taubman,7,1379,1028,0.8819896948101545,0.706303891936407,616,380,4679,2566,106,44,570,251,187,100,1121,628,33,17,229,111,4,0,0.0,1.0,1054
Aditya Mehta,Thepchaiya Un-Nooh,7,1300,1290,0.51366902727117,0.5062496744995104,187,94,1301,645,150,82,1080,567,81,41,746,381,147,82,689,358,4,3,0.0,0.5714285714285714,1054
Alan McManus,Gary Wilson,7,1395,1347,0.5653114683109788,0.5299640517645717,760,449,6500,3431,253,153,1594,888,78,40,736,390,60,27,544,311,4,2,0.0,0.6666666666666666,1054
Anthony McGill,David Gilbert,7,1348,1350,0.4972656477862734,0.49875000260416025,268,161,1634,900,349,196,2698,1431,122,63,754,403,101,53,781,424,4,2,0.0,0.6666666666666666,1054
Stephen Maguire,Jimmy White,7,1553,1234,0.8598606169693392,0.6894394530607736,680,456,5124,2919,1329,759,11560,6118,257,164,1401,820,134,67,750,355,4,1,0.0,0.8,1054
Rod Lawler,Sam Baird,7,1349,1347,0.5027343522137269,0.5012499973958399,672,374,5274,2762,201,109,1371,712,144,80,861,466,114,61,703,370,4,2,0.0,0.6666666666666666,1054
Jamie Jones,Mark King,7,1317,1345,0.46178117660461016,0.48250714233361025,332,200,2188,1194,718,395,5424,2833,103,57,737,387,99,51,792,411,4,1,0.0,0.8,1054
Liam Highfield,Jak Jones,7,1312,1116,0.7480902113030796,0.6201064323430902,216,119,1463,767,108,46,656,301,80,42,623,314,45,18,221,93,4,2,0.0,0.6666666666666666,1054
Barry Hawkins,Michael Leslie,7,1419,1020,0.9101054622303202,0.7305667649586345,666,405,4804,2661,72,17,450,169,169,93,1335,756,37,8,317,108,4,2,0.0,0.6666666666666666,1054
Xiao Guodong,Joel Walker,7,1359,1251,0.644151517953897,0.5670929049654543,255,147,1738,952,107,51,654,319,103,59,796,433,95,52,493,240,4,0,0.0,1.0,1054
Mike Dunn,Chris Melling,7,1295,1124,0.7203516579445735,0.6052765337748445,562,298,4191,2160,132,75,922,492,112,63,565,279,65,27,65,27,4,0,0.0,1.0,1054
Adam Duffy,Gerard Greene,7,1223,1202,0.5286845829371267,0.5131219861822433,203,104,1260,646,595,327,4521,2380,43,28,491,231,70,33,538,252,4,3,0.0,0.5714285714285714,1054
Graeme Dott,Jack Lisowski,7,1423,1327,0.6287764284690306,0.5597136492671929,645,377,5135,2739,255,155,1624,891,185,107,962,529,97,49,709,365,4,3,0.0,0.5714285714285714,1054
Scott Donaldson,Li Hang,7,1230,1326,0.3712235715309693,0.44028635073280703,95,49,619,309,119,57,834,419,76,35,609,304,108,59,423,215,4,3,0.0,0.5714285714285714,1054
Jamie Cope,Jamie Clarke,7,1251,1144,0.6428793213307702,0.5664790559676278,460,250,3099,1587,60,28,341,172,84,46,680,326,96,51,248,132,4,2,0.0,0.6666666666666666,1054
James Cahill,John Higgins,7,1110,1407,0.15700108129616114,0.32245770467253076,64,23,383,159,1102,782,9100,5370,76,37,312,135,177,97,1053,610,4,2,0.0,0.6666666666666666,1054
Luca Brecel,Ratchayothin Yotharuck,7,1308,1017,0.8381631906470501,0.6742564252229473,141,70,962,492,30,6,195,70,102,59,705,371,74,24,195,70,4,0,0.0,1.0,1054
Mark Allen,Alex Borg,7,1534,1093,0.9301134571560195,0.7507282371635285,514,323,3475,1939,295,129,2145,986,171,94,1115,666,85,34,185,70,4,1,0.0,0.8,1054
Liang Wenbo,Liam Highfield,7,1389,1312,0.6039885915613215,0.5479769376367963,368,215,2516,1381,216,119,1463,767,141,77,878,497,80,42,623,314,4,2,0.0,0.6666666666666666,1054
Ricky Walden,Chris Wakelin,7,1506,1185,0.8613262329678552,0.6905090012275708,565,348,4139,2303,47,26,301,153,254,157,1241,689,89,44,301,153,4,3,0.0,0.5714285714285714,1054
Judd Trump,Mitchell Travis,7,1551,1135,0.9186926090001315,0.7388500060842489,533,348,3663,2113,87,43,493,238,219,136,1441,839,40,23,274,139,4,3,0.0,0.5714285714285714,1054
Mark Selby,Shaun Murphy,7,1547,1504,0.5585634499391967,0.5268491486891144,748,503,5415,3110,716,462,5403,3053,101,57,1528,922,229,141,1357,762,4,3,0.0,0.5714285714285714,1054
Neil Robertson,Anthony McGill,7,1503,1348,0.7018040708685593,0.5956807306078472,630,407,4654,2625,268,161,1634,900,138,81,1455,855,122,63,754,403,4,3,0.0,0.5714285714285714,1054
Dechawat Poomjaeng,Graeme Dott,7,1338,1423,0.38551292727713543,0.4470740118670941,140,76,1005,508,645,377,5135,2739,156,81,849,440,185,107,962,529,4,1,0.0,0.8,1054
Tian Pengfei,Mike Dunn,7,1298,1295,0.5041014855971089,0.5018749912109869,228,126,1528,807,562,298,4191,2160,97,48,661,335,112,63,565,279,4,3,0.0,0.5714285714285714,1054
Fraser Patrick,Jamie Jones,7,1242,1317,0.3986489708076568,0.45326184801538616,121,54,799,381,332,200,2188,1194,93,47,472,233,103,57,737,387,4,1,0.0,0.8,1054
Ronnie O'Sullivan,Barry Hawkins,7,1654,1419,0.7881034579959058,0.6427913242407762,1016,770,9005,5457,666,405,4804,2661,162,104,765,489,169,93,1335,756,4,1,0.0,0.8,1054
Fergal O'Brien,Adam Duffy,7,1332,1223,0.6454220086166967,0.5677065480733601,693,398,5427,2869,203,104,1260,646,104,59,649,337,43,28,491,231,4,0,0.0,1.0,1054
Robert Milkins,Michael White,7,1379,1387,0.48906395814377107,0.4950001666600003,616,380,4679,2566,252,142,1792,957,187,100,1121,628,192,108,874,477,4,3,0.0,0.5714285714285714,1054
Alan McManus,Scott Donaldson,7,1395,1230,0.7134663824052628,0.6016871801828567,760,449,6500,3431,95,49,619,309,78,40,736,390,76,35,609,304,4,1,0.0,0.8,1054
Stephen Maguire,Aditya Mehta,7,1553,1300,0.8051614968205012,0.6530561132866127,680,456,5124,2919,187,94,1301,645,257,164,1401,820,81,41,746,381,4,2,0.0,0.6666666666666666,1054
Rod Lawler,James Cahill,7,1349,1110,0.7919725105475417,0.645084137572727,672,374,5274,2762,64,23,383,159,144,80,861,466,76,37,312,135,4,3,0.0,0.5714285714285714,1054
Xiao Guodong,Jamie Cope,7,1359,1251,0.644151517953897,0.5670929049654543,255,147,1738,952,460,250,3099,1587,103,59,796,433,84,46,680,326,4,3,0.0,0.5714285714285714,1054
Mark Allen,Luca Brecel,7,1534,1308,0.7792359029381558,0.637608652621925,514,323,3475,1939,141,70,962,492,171,94,1115,666,102,59,705,371,4,2,0.0,0.6666666666666666,1054
Ricky Walden,Fergal O'Brien,7,1506,1332,0.7237619985420221,0.6070669880717036,565,348,4139,2303,693,398,5427,2869,254,157,1241,689,104,59,649,337,4,2,0.0,0.6666666666666666,1054
Judd Trump,Stephen Maguire,7,1551,1553,0.4972656477862734,0.49875000260416025,533,348,3663,2113,680,456,5124,2919,219,136,1441,839,257,164,1401,820,4,2,0.0,0.6666666666666666,1054
Mark Selby,Liang Wenbo,7,1547,1389,0.7053268662779104,0.5974857658270161,748,503,5415,3110,368,215,2516,1381,101,57,1528,922,141,77,878,497,4,1,0.0,0.8,1054
Dechawat Poomjaeng,Neil Robertson,7,1338,1503,0.286533617594737,0.3983128198171432,140,76,1005,508,630,407,4654,2625,156,81,849,440,138,81,1455,855,4,2,0.0,0.6666666666666666,1054
Tian Pengfei,Ronnie O'Sullivan,7,1298,1654,0.11480324999742883,0.2911098274338801,228,126,1528,807,1016,770,9005,5457,97,48,661,335,162,104,765,489,4,2,0.0,0.6666666666666666,1054
Alan McManus,Xiao Guodong,7,1395,1359,0.549086208422272,0.5224848247918001,760,449,6500,3431,255,147,1738,952,78,40,736,390,103,59,796,433,4,2,0.0,0.6666666666666666,1054
Rod Lawler,Fraser Patrick,7,1349,1242,0.6428793213307702,0.5664790559676278,672,374,5274,2762,121,54,799,381,144,80,861,466,93,47,472,233,4,0,0.0,1.0,1054
Mark Allen,Robert Milkins,7,1534,1379,0.7018040708685593,0.5956807306078472,514,323,3475,1939,616,380,4679,2566,171,94,1115,666,187,100,1121,628,4,1,0.0,0.8,1054
Ricky Walden,Mark Selby,7,1506,1547,0.44414095234189266,0.47439741167538224,565,348,4139,2303,748,503,5415,3110,254,157,1241,689,101,57,1528,922,4,3,0.0,0.5714285714285714,1054
Judd Trump,Tian Pengfei,7,1551,1298,0.8051614968205012,0.6530561132866127,533,348,3663,2113,228,126,1528,807,219,136,1441,839,97,48,661,335,4,3,0.0,0.5714285714285714,1054
Rod Lawler,Dechawat Poomjaeng,7,1349,1338,0.5150352723345792,0.5068745667645342,672,374,5274,2762,140,76,1005,508,144,80,861,466,156,81,849,440,4,2,0.0,0.6666666666666666,1054
Mark Allen,Alan McManus,7,1534,1395,0.6826800016944434,0.5860112044388707,514,323,3475,1939,760,449,6500,3431,171,94,1115,666,78,40,736,390,4,3,0.0,0.5714285714285714,1054
Judd Trump,Ricky Walden,7,1551,1506,0.5612649493584694,0.528095374408387,533,348,3663,2113,565,348,4139,2303,219,136,1441,839,254,157,1241,689,4,1,0.0,0.8,1054
Mark Allen,Rod Lawler,7,1534,1349,0.7360780864464773,0.6136070778047783,514,323,3475,1939,672,374,5274,2762,171,94,1115,666,144,80,861,466,4,3,0.0,0.5714285714285714,1054
Mark Allen,Judd Trump,7,1534,1551,0.476771798023094,0.4893765989950364,514,323,3475,1939,533,348,3663,2113,171,94,1115,666,219,136,1441,839,4,2,0.0,0.6666666666666666,1054
Michael Williams,Tatjana Vasiljeva,7,1024,1000,0.5327731710226205,0.51499550161941,14,7,65,33,0,0,0,0,40,21,65,33,0,0,0,0,4,0,0.0,1.0,1052
Mark Vincent,John Chapman,7,930,971,0.44414095234189266,0.47439741167538224,31,9,148,55,2,0,8,0,4,0,90,38,8,0,8,0,4,2,0.0,0.6666666666666666,1052
Mitchell Travis,Jack Bradford,7,1205,938,0.8177973252726516,0.6609431415591629,93,48,524,261,29,8,147,53,71,46,305,162,37,21,138,52,4,2,0.0,0.6666666666666666,1052
Alex Taubman,Maris Volajs,7,1064,991,0.5987085312450529,0.5454987872127821,111,48,595,267,1,0,6,2,58,33,254,127,6,2,6,2,4,0,0.0,1.0,1052
John Sutton,Declan Brennan,7,1050,942,0.644151517953897,0.5670929049654543,40,21,221,113,13,2,69,23,35,11,85,36,13,5,27,7,4,0,0.0,1.0,1052
Andreas Ploner,Sascha Lippe,7,1007,946,0.5827567809217526,0.5380512843858591,21,8,115,49,35,8,202,75,69,28,105,44,11,7,11,7,4,3,0.0,0.5714285714285714,1052
Andres Petrov,Antti Silvo,7,1000,1000,0.5,0.5,0,0,0,0,0,0,0,0,0,0,0,0,0,0,0,0,4,0,0.0,1.0,1052
Sean O'Sullivan,Zack Richardson,7,1117,1063,0.573382262278332,0.5336988354329009,89,35,538,240,26,14,140,78,65,33,397,170,51,28,140,78,4,3,0.0,0.5714285714285714,1052
Jamie O'Neill,Dylan Craig,7,1202,1084,0.6567774862994666,0.5732197726798348,245,127,1551,805,29,16,152,83,0,0,336,155,39,24,152,83,4,2,0.0,0.6666666666666666,1052
Martin O'Donnell,Antti Mannila,7,1199,1000,0.7513122476997512,0.6218716423074662,185,86,1090,538,0,0,0,0,57,35,437,211,0,0,0,0,4,3,0.0,0.5714285714285714,1052
Martin McCrudden,Sami Hovi,7,992,1000,0.48906395814377107,0.4950001666600003,8,3,45,16,0,0,0,0,0,0,0,0,0,0,0,0,4,0,0.0,1.0,1052
William Lemons,Rodion Judin,7,970,1000,0.4590611389260606,0.4812587841214648,13,3,70,28,0,0,0,0,28,15,61,24,0,0,0,0,4,0,0.0,1.0,1052
Sanderson Lam,Jeff Jacobs,7,1093,943,0.6958878075458884,0.5926665999540697,49,23,260,123,14,3,72,25,37,23,230,112,35,16,68,25,4,3,0.0,0.5714285714285714,1052
Christopher Keogan,Gareth Allen,7,1067,1140,0.40129146875494726,0.45450121278721795,57,20,304,137,96,47,536,266,50,31,255,118,91,47,393,194,4,2,0.0,0.6666666666666666,1052
Duane Jones,Kevin Chan,7,1256,953,0.847732715071801,0.6808107108156386,77,47,430,252,7,2,33,9,15,11,283,169,13,1,33,9,4,0,0.0,1.0,1052
Ben Jones,Janne Hummastenniemi,7,1048,1000,0.5653114683109788,0.5299640517645717,43,22,223,110,0,0,0,0,54,26,223,110,0,0,0,0,4,1,0.0,0.8,1052
Anthony Jeffers,Anita Maflin,7,997,982,0.5204982038546295,0.5093739015216607,1,0,7,3,2,0,9,2,7,3,7,3,0,0,6,2,4,0,0.0,1.0,1052
Ashley Hugill,Sydney Wilson,7,976,1123,0.30768847003935823,0.4091452475454058,10,3,52,21,105,43,577,271,30,11,52,21,66,35,287,155,4,1,0.0,0.8,1052
Kishan Hirani,Janis Bindze,7,1061,1000,0.5827567809217526,0.5380512843858591,86,39,458,212,0,0,0,0,56,31,204,103,0,0,0,0,4,0,0.0,1.0,1052
Reanne Evans,Ross Higgins,7,1021,920,0.6352110684578025,0.5627917401386452,107,36,573,230,28,7,138,47,40,20,265,127,35,19,129,46,4,0,0.0,1.0,1052
Roman Dietzel,Vilius Schulte-Ebbert,7,977,1000,0.46858930565080326,0.4856289593029398,2,0,10,2,0,0,0,0,0,0,10,2,0,0,0,0,4,1,0.0,0.8,1052
Paul Davison,Michael Collumb,7,1259,974,0.8332252833962372,0.6709533329057776,555,301,3941,2037,23,9,124,54,82,50,703,356,38,20,75,32,4,2,0.0,0.6666666666666666,1052
Jamie Clarke,Aleksandr Kurgankov,7,1174,978,0.7480902113030796,0.6201064323430902,65,32,369,190,3,1,13,4,124,69,276,150,13,4,13,4,4,0,0.0,1.0,1052
Rhys Clark,Shachar Ruberg,7,1066,1046,0.5273209820427867,0.5124973964842103,35,17,189,93,12,4,93,36,12,4,189,93,54,21,93,36,4,1,0.0,0.8,1052
Brian Cini,Joona Koskela,7,1008,1000,0.510936041856229,0.5049998333399998,9,4,48,25,0,0,0,0,36,19,48,25,0,0,0,0,4,1,0.0,0.8,1052
Ryan Causton,Matthew Glasby,7,1113,1002,0.6479578189910667,0.5689332093695465,80,41,434,215,14,7,82,40,37,20,342,176,39,18,82,40,4,3,0.0,0.5714285714285714,1052
Josh Boileau,Joe O'Connor,7,1075,1028,0.5639634145132848,0.5293412500457856,27,15,141,75,25,12,146,69,43,27,128,69,74,31,146,69,4,2,0.0,0.6666666666666666,1052
Richard Beckham,Marc Davis,7,1025,1057,0.4563431395453441,0.48001065984441826,10,6,52,27,82,34,432,196,49,27,49,27,43,24,216,114,4,3,0.0,0.5714285714285714,1052
Michael Williams,Oliver Brown,7,1024,1120,0.3712235715309693,0.44028635073280703,14,7,65,33,107,43,570,256,40,21,65,33,59,27,371,197,4,1,0.0,0.8,1052
Mitchell Travis,Joe Steele,7,1205,990,0.7680961089120268,0.6312306626164005,93,48,524,261,35,14,179,78,71,46,305,162,35,14,179,78,4,0,0.0,1.0,1052
John Sutton,Oleksandr Zakharov,7,1050,1000,0.5680051367615364,0.5312093733737563,40,21,221,113,0,0,0,0,35,11,85,36,0,0,0,0,4,0,0.0,1.0,1052
Eden Sharav,Jamie Clarke,7,1145,1174,0.46042091137016095,0.4818829349568186,45,27,252,133,65,32,369,190,111,59,195,103,124,69,276,150,4,2,0.0,0.6666666666666666,1052
Andrew Rogers,Ben Jones,7,1008,1048,0.44549420086403224,0.47502081252106,26,11,136,62,43,22,223,110,6,2,88,44,54,26,223,110,4,2,0.0,0.6666666666666666,1052
Andreas Ploner,Mika Hummelin,7,1007,997,0.51366902727117,0.5062496744995104,21,8,115,49,1,0,7,2,69,28,105,44,0,0,0,0,4,0,0.0,1.0,1052
Andres Petrov,Jeff Cundy,7,1000,1189,0.25951818668021626,0.3840246980818742,0,0,0,0,491,262,3477,1808,0,0,0,0,56,33,314,173,4,2,0.0,0.6666666666666666,1052
Sean O'Sullivan,Garry Steele,7,1117,889,0.7812257884147848,0.6387631751488418,89,35,538,240,11,1,47,7,65,33,397,170,0,0,47,7,4,0,0.0,1.0,1052
Martin O'Donnell,Alex Taubman,7,1199,1064,0.6778138346852377,0.5835831155172753,185,86,1090,538,111,48,595,267,57,35,437,211,58,33,254,127,4,1,0.0,0.8,1052
Jake Nicholson,Manon Melief,7,920,926,0.4917974901893887,0.496250070310918,47,11,245,89,5,0,21,1,23,11,108,48,13,1,21,1,4,0,0.0,1.0,1052
Martin McCrudden,Jurian Heusdens,7,992,1044,0.42930455538057166,0.4675456936126812,8,3,45,16,23,12,116,61,0,0,0,0,30,14,106,55,4,0,0.0,1.0,1052
William Lemons,Sergej Korolkov,7,970,1000,0.4590611389260606,0.4812587841214648,13,3,70,28,0,0,0,0,28,15,61,24,0,0,0,0,4,0,0.0,1.0,1052
Sanderson Lam,Christopher Keogan,7,1093,1067,0.5354968818114487,0.5162442810620724,49,23,260,123,57,20,304,137,37,23,230,112,50,31,255,118,4,3,0.0,0.5714285714285714,1052
Duane Jones,Mark Owens,7,1256,934,0.8620548673015752,0.6910430124157229,77,47,430,252,24,6,128,48,15,11,283,169,18,4,46,19,4,2,0.0,0.6666666666666666,1052
Anthony Jeffers,Tomasz Skalski,7,997,1060,0.41457369574132835,0.4607061941016405,1,0,7,3,34,14,188,86,7,3,7,3,39,21,119,59,4,3,0.0,0.5714285714285714,1052
Sergey Isaenko,Mark Vincent,7,984,930,0.573382262278332,0.5336988354329009,2,0,11,3,31,9,148,55,11,3,11,3,4,0,90,38,4,3,0.0,0.5714285714285714,1052
Kishan Hirani,Jani Kananen,7,1061,1000,0.5827567809217526,0.5380512843858591,86,39,458,212,0,0,0,0,56,31,204,103,0,0,0,0,4,1,0.0,0.8,1052
Reanne Evans,Tero Nappari,7,1021,1000,0.5286845829371267,0.5131219861822433,107,36,573,230,0,0,0,0,40,20,265,127,0,0,0,0,4,3,0.0,0.5714285714285714,1052
Nico Elton,Ashley Carty,7,1003,1095,0.37639911510945645,0.44275214540144436,24,9,134,57,51,25,290,140,43,20,123,53,79,37,265,131,4,2,0.0,0.6666666666666666,1052
Adam Duffy,Ashley Hugill,7,1248,976,0.8221753102072331,0.6637386974043528,209,109,1292,666,10,3,52,21,75,48,523,251,30,11,52,21,4,1,0.0,0.8,1052
TJ Dowling,Sam Harvey,7,1029,1048,0.47404295972292854,0.4881272322437472,10,6,51,27,91,40,469,226,46,27,46,27,23,12,184,85,4,2,0.0,0.6666666666666666,1052
Paul Davison,Roman Dietzel,7,1259,977,0.8307179588376647,0.669295402777446,555,301,3941,2037,2,0,10,2,82,50,703,356,0,0,10,2,4,1,0.0,0.8,1052
Rhys Clark,Arttu Klemetti,7,1066,1000,0.589422689021118,0.541156668150228,35,17,189,93,0,0,0,0,12,4,189,93,0,0,0,0,4,1,0.0,0.8,1052
Brian Cini,Hans Blanckaert,7,1008,887,0.660530062626431,0.5750535485557879,9,4,48,25,88,21,464,164,36,19,48,25,38,17,167,69,4,0,0.0,1.0,1052
Ryan Causton,Ron Florax,7,1113,946,0.7157709624772323,0.6028848673274662,80,41,434,215,4,0,18,2,37,20,342,176,0,0,13,1,4,1,0.0,0.8,1052
Billy Brown,Jamie O'Neill,7,949,1202,0.1948385031794988,0.3469438867133873,14,3,73,26,245,127,1551,805,36,17,69,26,0,0,336,155,4,1,0.0,0.8,1052
Josh Boileau,Kristof Vermeiren,7,1075,986,0.6197035864994962,0.5553966483205892,27,15,141,75,10,5,54,25,43,27,128,69,27,11,54,25,4,0,0.0,1.0,1052
Richard Beckham,Kobi Mates,7,1025,975,0.5680051367615364,0.5312093733737563,10,6,52,27,4,1,16,4,49,27,49,27,12,4,16,4,4,0,0.0,1.0,1052
Ben Woollaston,Richard Beckham,7,1351,1025,0.8649416467776995,0.6931739493259501,366,211,2409,1297,10,6,52,27,121,64,863,478,49,27,49,27,4,0,0.0,1.0,1052
Gary Wilson,Mitchell Mann,7,1345,1170,0.7248939369984414,0.6076631698328917,255,154,1606,894,147,73,865,435,72,33,556,317,102,48,314,156,4,3,0.0,0.5714285714285714,1052
Kyren Wilson,Jake Nicholson,7,1341,920,0.9210893973650893,0.7412546787548828,217,129,1338,731,47,11,245,89,91,47,482,268,23,11,108,48,4,2,0.0,0.6666666666666666,1052
Robbie Williams,Michael Georgiou,7,1300,1142,0.7053268662779104,0.5974857658270161,234,131,1390,723,91,39,529,252,114,58,644,334,64,30,185,102,4,3,0.0,0.5714285714285714,1052
Mark Williams,Scott Donaldson,7,1448,1241,0.7597891374076362,0.6265629971237182,1054,690,8398,4798,98,51,637,318,248,147,1125,639,94,44,627,313,4,1,0.0,0.8,1052
Michael White,Sanderson Lam,7,1397,1093,0.8485117931807986,0.6813537337890256,254,143,1804,964,49,23,260,123,204,115,886,484,37,23,230,112,4,2,0.0,0.6666666666666666,1052
Jimmy White,Ratchayothin Yotharuck,7,1240,1024,0.7691223962231968,0.6318124177361016,1331,760,11569,6123,32,7,203,74,143,72,759,360,82,28,203,74,4,1,0.0,0.8,1052
Michael Wasley,Marcus Campbell,7,1307,1242,0.5880916350836762,0.5405358392737893,205,105,1232,617,644,352,4808,2474,113,61,630,320,38,13,750,354,4,0,0.0,1.0,1052
Ricky Walden,Ryan Clark,7,1502,929,0.9706670146263395,0.8072905458819248,571,353,4175,2324,32,7,172,53,290,178,1277,710,13,0,128,44,4,0,0.0,1.0,1052
Chris Wakelin,Steven Hallworth,7,1214,1042,0.721490850613204,0.6058736684317606,50,28,319,164,29,11,166,74,107,55,319,164,61,22,162,74,4,2,0.0,0.6666666666666666,1052
Thepchaiya Un-Nooh,Duane Jones,7,1297,1256,0.5558590476581076,0.5256025883246178,152,83,1091,574,77,47,430,252,158,89,700,365,15,11,283,169,4,2,0.0,0.6666666666666666,1052
Judd Trump,Lee Page,7,1561,1124,0.9283792405009167,0.7488521955201534,539,353,3698,2135,187,95,1119,565,254,158,1476,861,68,26,270,119,4,1,0.0,0.8,1052
Allan Taylor,Rod Lawler,7,1181,1385,0.24336993834212794,0.3751935255315707,197,103,1096,576,678,379,5311,2785,75,32,323,149,181,103,898,489,4,2,0.0,0.6666666666666666,1052
Joe Swail,Sergey Isaenko,7,1365,984,0.9002495498742646,0.7216176701846587,711,390,5652,2959,2,0,11,3,158,90,608,319,11,3,11,3,4,1,0.0,0.8,1052
Matthew Selt,Zak Surety,7,1420,1105,0.856895920094142,0.6872942801972042,342,181,2393,1230,64,31,360,176,183,117,674,347,63,26,274,137,4,0,0.0,1.0,1052
Mark Selby,Ian Burns,7,1571,1306,0.8160262378047215,0.6598217549720575,753,507,5442,3129,210,116,1261,666,128,76,1555,941,99,45,650,345,4,1,0.0,0.8,1052
Noppon Saengkham,Craig Steadman,7,1263,1291,0.46178117660461016,0.48250714233361025,85,37,589,268,305,174,1976,1060,178,89,419,210,117,65,551,269,4,2,0.0,0.6666666666666666,1052
Jimmy Robertson,Alex Borg,7,1364,1108,0.8079159048674549,0.6547534606063192,302,161,1991,1023,297,130,2155,991,158,91,743,388,95,39,195,75,4,1,0.0,0.8,1052
Neil Robertson,Ross Muir,7,1496,1144,0.8826364364142812,0.7068222210935676,634,410,4678,2639,51,21,295,135,162,95,1479,869,78,34,285,130,4,3,0.0,0.5714285714285714,1052
Dechawat Poomjaeng,Ahmed Saif,7,1357,968,0.9047290575025384,0.7256175202732952,145,80,1035,526,26,6,148,44,186,99,879,458,40,11,134,43,4,0,0.0,1.0,1052
Andreas Ploner,Robin Hull,7,1007,1263,0.1920840951325451,0.3452465393936808,21,8,115,49,420,257,3223,1784,69,28,105,44,46,21,166,72,4,2,0.0,0.6666666666666666,1052
Sean O'Sullivan,Jamie Burnett,7,1117,1286,0.28193392217129976,0.3959186771306219,89,35,538,240,566,329,4489,2389,65,33,397,170,58,33,609,307,4,1,0.0,0.8,1052
Martin O'Donnell,Alfie Burden,7,1199,1245,0.43738543058720863,0.4712816430485603,185,86,1090,538,532,289,3954,2044,57,35,437,211,76,33,733,365,4,2,0.0,0.6666666666666666,1052
Fergal O'Brien,Michael Leslie,7,1362,1029,0.8698871121691505,0.6968832820410791,697,401,5449,2883,74,18,462,175,126,73,671,351,49,14,329,114,4,3,0.0,0.5714285714285714,1052
Shaun Murphy,Chris Norbury,7,1511,1115,0.9085182512941501,0.7290879223493065,719,464,5420,3064,229,113,1396,699,246,152,1374,773,51,15,335,151,4,1,0.0,0.8,1052
Robert Milkins,Lee Walker,7,1391,1247,0.6887157040547041,0.5890404340586651,620,383,4700,2579,355,202,2812,1467,208,113,1142,641,41,14,92,43,4,1,0.0,0.8,1052
Chris Melling,Joe Perry,7,1123,1383,0.1884511572375342,0.34298953732650117,134,76,932,496,772,449,5671,3030,75,31,75,31,192,108,1183,662,4,2,0.0,0.6666666666666666,1052
Aditya Mehta,Josh Boileau,7,1303,1075,0.7812257884147848,0.6387631751488418,190,96,1321,655,27,15,141,75,101,51,766,391,43,27,128,69,4,0,0.0,1.0,1052
Alan McManus,Barry Pinches,7,1420,1218,0.7545108097932872,0.623633628298226,765,453,6529,3450,653,343,5181,2704,107,59,765,409,73,35,512,229,4,2,0.0,0.6666666666666666,1052
Rory McLeod,Andrew Rogers,7,1261,1008,0.8051614968205012,0.6530561132866127,430,237,3323,1745,26,11,136,62,82,37,643,327,6,2,88,44,4,0,0.0,1.0,1052
Anthony McGill,Brian Cini,7,1365,1008,0.8858301874086159,0.7094058152553435,271,163,1652,911,9,4,48,25,140,74,772,414,36,19,48,25,4,0,0.0,1.0,1052
Stephen Maguire,Michael Williams,7,1552,1024,0.9600693509364194,0.789181706522253,684,459,5146,2933,14,7,65,33,279,178,1423,834,40,21,65,33,4,2,0.0,0.6666666666666666,1052
Kurt Maflin,Adam Duffy,7,1295,1248,0.5639634145132848,0.5293412500457856,367,216,2450,1333,209,109,1292,666,97,43,799,431,75,48,523,251,4,3,0.0,0.5714285714285714,1052
Mark King,TJ Dowling,7,1331,1029,0.8469508145525204,0.6802671966986485,720,396,5435,2838,10,6,51,27,110,56,803,416,46,27,46,27,4,0,0.0,1.0,1052
Mark Joyce,Andres Petrov,7,1284,1000,0.8323923521776074,0.6704011598088686,321,171,2291,1162,0,0,0,0,99,48,743,380,0,0,0,0,4,0,0.0,1.0,1052
Jamie Jones,Oliver Lines,7,1323,1235,0.6184015843393024,0.5547792351072148,335,202,2203,1203,81,46,457,248,118,66,752,396,130,68,403,226,4,2,0.0,0.6666666666666666,1052
Michael Holt,Vinnie Calabrese,7,1302,1098,0.756630061657872,0.6248064744684293,576,338,4334,2307,81,37,490,227,149,76,830,440,62,24,251,100,4,1,0.0,0.8,1052
Liam Highfield,Matthew Stevens,7,1318,1319,0.4986328153483015,0.4993750003255206,219,121,1479,777,782,470,6213,3407,96,52,639,324,127,67,1040,525,4,0,0.0,1.0,1052
Andrew Higginson,Elliot Slessor,7,1357,1166,0.7426684543010009,0.6171573626529722,555,338,3983,2200,57,24,333,154,121,67,843,438,71,31,313,144,4,0,0.0,1.0,1052
John Higgins,Rhys Clark,7,1390,1066,0.86350380276547,0.6921095043017882,1104,783,9112,5376,35,17,189,93,189,103,1065,616,12,4,189,93,4,0,0.0,1.0,1052
Barry Hawkins,David Grace,7,1415,1194,0.774213209168811,0.6347154153791584,669,407,4820,2670,204,94,1317,640,185,102,1351,765,61,23,579,278,4,2,0.0,0.6666666666666666,1052
Anthony Hamilton,Martin McCrudden,7,1335,992,0.8767191428425912,0.702138068199835,694,409,5478,2946,8,3,45,16,84,39,664,345,0,0,0,0,4,0,0.0,1.0,1052
Gerard Greene,Alexander Ursenbacher,7,1210,1009,0.7534472409879828,0.6230466603666162,597,328,4534,2387,31,10,159,61,83,40,551,259,41,8,141,53,4,3,0.0,0.5714285714285714,1052
Ian Glover,Alex Davies,7,1116,1224,0.3558484820461031,0.4329070950345457,138,60,829,400,188,96,1141,577,60,19,238,121,86,38,321,156,4,3,0.0,0.5714285714285714,1052
David Gilbert,Anthony Jeffers,7,1348,997,0.8819896948101545,0.706303891936407,351,197,2710,1437,1,0,7,3,113,59,793,430,7,3,7,3,4,1,0.0,0.8,1052
Marco Fu,William Lemons,7,1465,970,0.9503344431729717,0.7751285533173565,627,369,4742,2565,13,3,70,28,158,89,1139,646,28,15,61,24,4,0,0.0,1.0,1052
Peter Ebdon,Andrew Pagett,7,1369,1184,0.7360780864464773,0.6136070778047783,878,508,7174,3860,221,102,1455,714,156,97,887,454,111,47,429,196,4,0,0.0,1.0,1052
Mike Dunn,Kishan Hirani,7,1317,1061,0.8079159048674549,0.6547534606063192,565,300,4207,2171,86,39,458,212,128,74,581,290,56,31,204,103,4,0,0.0,1.0,1052
Tony Drago,John Astley,7,1225,1125,0.6339273074659068,0.5621765008857981,685,341,5680,2826,105,51,616,293,48,22,557,264,58,20,385,181,4,3,0.0,0.5714285714285714,1052
Graeme Dott,Fraser Patrick,7,1417,1270,0.692311529960642,0.5908547524545943,648,379,5152,2748,125,57,819,393,202,116,979,538,113,59,492,245,4,0,0.0,1.0,1052
Ryan Day,Billy Brown,7,1350,949,0.9111514783284038,0.7315498244408544,610,369,4451,2451,14,3,73,26,190,109,1007,532,36,17,69,26,4,0,0.0,1.0,1052
Paul Davison,Jack Lisowski,7,1259,1333,0.39996961044138163,0.4538814589542204,555,301,3941,2037,257,156,1637,898,82,50,703,356,110,56,722,372,4,3,0.0,0.5714285714285714,1052
Mark Davis,Mitchell Travis,7,1414,1205,0.7618819203066071,0.6277321638605189,798,482,5960,3249,93,48,524,261,229,135,1381,775,71,46,305,162,4,1,0.0,0.8,1052
Dominic Dale,Joel Walker,7,1405,1253,0.698260993708389,0.5938731029341427,690,397,5183,2763,109,52,662,323,182,106,987,518,103,56,501,244,4,1,0.0,0.8,1052
Jamie Cope,Reanne Evans,7,1260,1021,0.7919725105475417,0.645084137572727,463,252,3119,1598,107,36,573,230,104,57,700,337,40,20,265,127,4,2,0.0,0.6666666666666666,1052
James Cahill,Martin Gould,7,1147,1465,0.14087637017760327,0.31109608202304534,67,25,401,170,453,271,3071,1663,94,48,330,146,124,71,980,514,4,3,0.0,0.5714285714285714,1052
Luca Brecel,Nico Elton,7,1317,1003,0.8561477589533566,0.6867567266439019,143,71,972,498,24,9,134,57,112,65,715,377,43,20,123,53,4,1,0.0,0.8,1052
Nigel Bond,Eden Sharav,7,1267,1145,0.661777191191235,0.5756643510425494,748,421,6052,3214,45,27,252,133,81,38,620,310,111,59,195,103,4,0,0.0,1.0,1052
Stuart Bingham,Hammad Miah,7,1514,1061,0.9351112203958931,0.7562999700991855,770,483,5785,3280,37,14,227,94,289,182,1396,802,52,16,209,88,4,1,0.0,0.8,1052
Sam Baird,Peter Lines,7,1349,1248,0.6352110684578025,0.5627917401386452,203,110,1382,718,641,354,4748,2487,125,67,714,376,74,32,607,294,4,2,0.0,0.6666666666666666,1052
Mark Allen,Ryan Causton,7,1557,1113,0.9313914957717048,0.7521291114395702,521,330,3516,1967,80,41,434,215,212,122,1156,694,37,20,342,176,4,0,0.0,1.0,1052
Ben Woollaston,Rory McLeod,7,1351,1261,0.6210041469292463,0.5560138905446199,366,211,2409,1297,430,237,3323,1745,121,64,863,478,82,37,643,327,4,1,0.0,0.8,1052
Kyren Wilson,Kurt Maflin,7,1341,1295,0.5626145694127913,0.5287183569514396,217,129,1338,731,367,216,2450,1333,91,47,482,268,97,43,799,431,4,2,0.0,0.6666666666666666,1052
Mark Williams,Martin O'Donnell,7,1448,1199,0.8014494333741898,0.6507869207968349,1054,690,8398,4798,185,86,1090,538,248,147,1125,639,57,35,437,211,4,1,0.0,0.8,1052
Michael White,Jamie Cope,7,1397,1260,0.6802510445614828,0.584797674717737,254,143,1804,964,463,252,3119,1598,204,115,886,484,104,57,700,337,4,0,0.0,1.0,1052
Ricky Walden,John Sutton,7,1502,1050,0.9347062907150968,0.7558388990947971,571,353,4175,2324,40,21,221,113,290,178,1277,710,35,11,85,36,4,0,0.0,1.0,1052
Chris Wakelin,Dominic Dale,7,1214,1405,0.257331545698999,0.38284263734702784,50,28,319,164,690,397,5183,2763,107,55,319,164,182,106,987,518,4,0,0.0,1.0,1052
Judd Trump,Sam Baird,7,1561,1349,0.7650010839038448,0.6294831119673949,539,353,3698,2135,203,110,1382,718,254,158,1476,861,125,67,714,376,4,3,0.0,0.5714285714285714,1052
Joe Swail,Andrew Higginson,7,1365,1357,0.510936041856229,0.5049998333399998,711,390,5652,2959,555,338,3983,2200,158,90,608,319,121,67,843,438,4,2,0.0,0.6666666666666666,1052
Matthew Selt,Shaun Murphy,7,1420,1511,0.3776967488123118,0.44336904007774663,342,181,2393,1230,719,464,5420,3064,183,117,674,347,246,152,1374,773,4,3,0.0,0.5714285714285714,1052
Mark Selby,Mike Dunn,7,1571,1317,0.8060824586598727,0.653622330899504,753,507,5442,3129,565,300,4207,2171,128,76,1555,941,128,74,581,290,4,3,0.0,0.5714285714285714,1052
Noppon Saengkham,Stephen Maguire,7,1263,1552,0.1634714154404514,0.3268427036298682,85,37,589,268,684,459,5146,2933,178,89,419,210,279,178,1423,834,4,3,0.0,0.5714285714285714,1052
Jimmy Robertson,James Cahill,7,1364,1147,0.7701459815525172,0.6323937895695628,302,161,1991,1023,67,25,401,170,158,91,743,388,94,48,330,146,4,3,0.0,0.5714285714285714,1052
Sean O'Sullivan,Mark Joyce,7,1117,1284,0.28422903752276774,0.39711513267253384,89,35,538,240,321,171,2291,1162,65,33,397,170,99,48,743,380,4,3,0.0,0.5714285714285714,1052
Robert Milkins,Steve Davis,7,1391,1237,0.7006252854909363,0.595078473866134,620,383,4700,2579,1353,886,11521,6587,208,113,1142,641,19,5,592,289,4,1,0.0,0.8,1052
Aditya Mehta,Liam Highfield,7,1303,1318,0.47950179614537025,0.4906260984783392,190,96,1321,655,219,121,1479,777,101,51,766,391,96,52,639,324,4,0,0.0,1.0,1052
Alan McManus,Tony Drago,7,1420,1225,0.7470110120975012,0.6195173196470847,765,453,6529,3450,685,341,5680,2826,107,59,765,409,48,22,557,264,4,0,0.0,1.0,1052
Anthony McGill,Fergal O'Brien,7,1365,1362,0.5041014855971089,0.5018749912109869,271,163,1652,911,697,401,5449,2883,140,74,772,414,126,73,671,351,4,3,0.0,0.5714285714285714,1052
Mark King,Allan Taylor,7,1331,1181,0.6958878075458884,0.5926665999540697,720,396,5435,2838,197,103,1096,576,110,56,803,416,75,32,323,149,4,2,0.0,0.6666666666666666,1052
Jak Jones,Neil Robertson,7,1116,1496,0.10032169911231026,0.27888482197713693,110,47,669,307,634,410,4678,2639,58,24,234,99,162,95,1479,869,4,3,0.0,0.5714285714285714,1052
Michael Holt,Michael Wasley,7,1302,1307,0.493164418520332,0.4968750406894683,576,338,4334,2307,205,105,1232,617,149,76,830,440,113,61,630,320,4,2,0.0,0.6666666666666666,1052
John Higgins,Gary Wilson,7,1390,1345,0.5612649493584694,0.528095374408387,1104,783,9112,5376,255,154,1606,894,189,103,1065,616,72,33,556,317,4,2,0.0,0.6666666666666666,1052
Barry Hawkins,Andreas Ploner,7,1415,1007,0.914736912729561,0.7349725994665188,669,407,4820,2670,21,8,115,49,185,102,1351,765,69,28,105,44,4,0,0.0,1.0,1052
Ian Glover,Chris Melling,7,1116,1123,0.4904306643721704,0.4956251116502266,138,60,829,400,134,76,932,496,60,19,238,121,75,31,75,31,4,1,0.0,0.8,1052
Marco Fu,Thepchaiya Un-Nooh,7,1465,1297,0.7169197076810394,0.6034832498647263,627,369,4742,2565,152,83,1091,574,158,89,1139,646,158,89,700,365,4,3,0.0,0.5714285714285714,1052
Peter Ebdon,Robbie Williams,7,1369,1300,0.5934092174000843,0.5430183807243099,878,508,7174,3860,234,131,1390,723,156,97,887,454,114,58,644,334,4,1,0.0,0.8,1052
Graeme Dott,Jamie Jones,7,1417,1323,0.6261916833783177,0.5584811124381613,648,379,5152,2748,335,202,2203,1203,202,116,979,538,118,66,752,396,4,0,0.0,1.0,1052
Ryan Day,Dechawat Poomjaeng,7,1350,1357,0.4904306643721704,0.4956251116502266,610,369,4451,2451,145,80,1035,526,190,109,1007,532,186,99,879,458,4,1,0.0,0.8,1052
Paul Davison,Gerard Greene,7,1259,1210,0.5666587144886649,0.530586760182081,555,301,3941,2037,597,328,4534,2387,82,50,703,356,83,40,551,259,4,1,0.0,0.8,1052
Mark Davis,Luca Brecel,7,1414,1317,0.6300664956451868,0.5603296426885532,798,482,5960,3249,143,71,972,498,229,135,1381,775,112,65,715,377,4,0,0.0,1.0,1052
Nigel Bond,David Gilbert,7,1267,1348,0.3907515745539448,0.4495472886604723,748,421,6052,3214,351,197,2710,1437,81,38,620,310,113,59,793,430,4,2,0.0,0.6666666666666666,1052
Stuart Bingham,Jimmy White,7,1514,1240,0.8239065989069515,0.6648537304059736,770,483,5785,3280,1331,760,11569,6123,289,182,1396,802,143,72,759,360,4,3,0.0,0.5714285714285714,1052
Mark Allen,Anthony Hamilton,7,1557,1335,0.7752232149046754,0.6352948493228071,521,330,3516,1967,694,409,5478,2946,212,122,1156,694,84,39,664,345,4,1,0.0,0.8,1052
Mark Williams,Ian Glover,7,1448,1116,0.8691888759761051,0.6963549298238342,1054,690,8398,4798,138,60,829,400,248,147,1125,639,60,19,238,121,4,1,0.0,0.8,1052
Chris Wakelin,Ricky Walden,7,1214,1502,0.16429297846297009,0.32739298293223956,50,28,319,164,571,353,4175,2324,107,55,319,164,290,178,1277,710,4,1,0.0,0.8,1052
Judd Trump,Nigel Bond,7,1561,1267,0.8405938136052916,0.6759015277259407,539,353,3698,2135,748,421,6052,3214,254,158,1476,861,81,38,620,310,4,1,0.0,0.8,1052
Matthew Selt,Paul Davison,7,1420,1259,0.7088291167182063,0.5992881635083561,342,181,2393,1230,555,301,3941,2037,183,117,674,347,82,50,703,356,4,2,0.0,0.6666666666666666,1052
Mark Selby,Jimmy Robertson,7,1571,1364,0.7597891374076362,0.6265629971237182,753,507,5442,3129,302,161,1991,1023,128,76,1555,941,158,91,743,388,4,2,0.0,0.6666666666666666,1052
Sean O'Sullivan,Jak Jones,7,1117,1116,0.5013671846516985,0.5006249996744794,89,35,538,240,110,47,669,307,65,33,397,170,58,24,234,99,4,3,0.0,0.5714285714285714,1052
Robert Milkins,Mark King,7,1391,1331,0.5814204865006773,0.5374298453437496,620,383,4700,2579,720,396,5435,2838,208,113,1142,641,110,56,803,416,4,3,0.0,0.5714285714285714,1052
Aditya Mehta,Michael White,7,1303,1397,0.37380831662168224,0.44151888756183866,190,96,1321,655,254,143,1804,964,101,51,766,391,204,115,886,484,4,2,0.0,0.6666666666666666,1052
Alan McManus,Noppon Saengkham,7,1420,1263,0.7041548710511403,0.596884378259767,765,453,6529,3450,85,37,589,268,107,59,765,409,178,89,419,210,4,1,0.0,0.8,1052
Anthony McGill,Graeme Dott,7,1365,1417,0.42930455538057166,0.4675456936126812,271,163,1652,911,648,379,5152,2748,140,74,772,414,202,116,979,538,4,3,0.0,0.5714285714285714,1052
Barry Hawkins,Kyren Wilson,7,1415,1341,0.6000303895586184,0.5461185410457796,669,407,4820,2670,217,129,1338,731,185,102,1351,765,91,47,482,268,4,0,0.0,1.0,1052
Marco Fu,Joe Swail,7,1465,1365,0.6339273074659068,0.5621765008857981,627,369,4742,2565,711,390,5652,2959,158,89,1139,646,158,90,608,319,4,3,0.0,0.5714285714285714,1052
Peter Ebdon,John Higgins,7,1369,1390,0.4713154170628733,0.4868780138177567,878,508,7174,3860,1104,783,9112,5376,156,97,887,454,189,103,1065,616,4,2,0.0,0.6666666666666666,1052
Mark Davis,Michael Holt,7,1414,1302,0.6492231123314619,0.569546223939229,798,482,5960,3249,576,338,4334,2307,229,135,1381,775,149,76,830,440,4,3,0.0,0.5714285714285714,1052
Stuart Bingham,Ryan Day,7,1514,1350,0.7123105654940886,0.6010878788483698,770,483,5785,3280,610,369,4451,2451,289,182,1396,802,190,109,1007,532,4,0,0.0,1.0,1052
Mark Allen,Ben Woollaston,7,1557,1351,0.7587387600845145,0.6259778577666038,521,330,3516,1967,366,211,2409,1297,212,122,1156,694,121,64,863,478,4,3,0.0,0.5714285714285714,1052
Judd Trump,Chris Wakelin,7,1561,1214,0.8793759455680459,0.704225233864307,539,353,3698,2135,50,28,319,164,254,158,1476,861,107,55,319,164,4,1,0.0,0.8,1052
Mark Selby,Aditya Mehta,7,1571,1303,0.8186786074572162,0.6615031592029524,753,507,5442,3129,190,96,1321,655,128,76,1555,941,101,51,766,391,4,2,0.0,0.6666666666666666,1052
Sean O'Sullivan,Mark Davis,7,1117,1414,0.15700108129616114,0.32245770467253076,89,35,538,240,798,482,5960,3249,65,33,397,170,229,135,1381,775,4,2,0.0,0.6666666666666666,1052
Anthony McGill,Matthew Selt,7,1365,1420,0.42527567806654565,0.4656790563306954,271,163,1652,911,342,181,2393,1230,140,74,772,414,183,117,674,347,4,2,0.0,0.6666666666666666,1052
Barry Hawkins,Alan McManus,7,1415,1420,0.493164418520332,0.4968750406894683,669,407,4820,2670,765,453,6529,3450,185,102,1351,765,107,59,765,409,4,3,0.0,0.5714285714285714,1052
Marco Fu,Robert Milkins,7,1465,1391,0.6000303895586184,0.5461185410457796,627,369,4742,2565,620,383,4700,2579,158,89,1139,646,208,113,1142,641,4,3,0.0,0.5714285714285714,1052
Peter Ebdon,Stuart Bingham,7,1369,1514,0.31008353284223983,0.4103545214372688,878,508,7174,3860,770,483,5785,3280,156,97,887,454,289,182,1396,802,4,3,0.0,0.5714285714285714,1052
Mark Allen,Mark Williams,7,1557,1448,0.6454220086166967,0.5677065480733601,521,330,3516,1967,1054,690,8398,4798,212,122,1156,694,248,147,1125,639,4,1,0.0,0.8,1052
Mark Selby,Peter Ebdon,7,1571,1369,0.7545108097932872,0.623633628298226,753,507,5442,3129,878,508,7174,3860,128,76,1555,941,156,97,887,454,4,2,0.0,0.6666666666666666,1052
Anthony McGill,Judd Trump,7,1365,1561,0.25190978869692043,0.3798935676569099,271,163,1652,911,539,353,3698,2135,140,74,772,414,254,158,1476,861,4,3,0.0,0.5714285714285714,1052
Barry Hawkins,Marco Fu,7,1415,1465,0.43199486323846364,0.46879062662624377,669,407,4820,2670,627,369,4742,2565,185,102,1351,765,158,89,1139,646,4,3,0.0,0.5714285714285714,1052
Mark Allen,Sean O'Sullivan,7,1557,1117,0.9296831485170135,0.7502601055951177,521,330,3516,1967,89,35,538,240,212,122,1156,694,65,33,397,170,4,0,0.0,1.0,1052
Mark Selby,Barry Hawkins,7,1571,1415,0.7029806026650167,0.5962826992967879,753,507,5442,3129,669,407,4820,2670,128,76,1555,941,185,102,1351,765,4,0,0.0,1.0,1052
Mark Allen,Anthony McGill,7,1557,1365,0.7437579445222342,0.617747874769249,521,330,3516,1967,271,163,1652,911,212,122,1156,694,140,74,772,414,4,3,0.0,0.5714285714285714,1052
Mark Selby,Mark Allen,7,1571,1557,0.5191328123553783,0.5087491068802403,753,507,5442,3129,521,330,3516,1967,128,76,1555,941,212,122,1156,694,4,3,0.0,0.5714285714285714,1052
Zhou Yuelong,Fraser Patrick,9,1190,1257,0.39813953546930514,0.4582226307163632,39,18,243,121,126,57,823,393,79,42,243,121,117,59,496,245,5,0,0.0,1.0,1049
Daniel Wells,Ian Glover,9,1162,1132,0.5460346743259274,0.5187412158785352,224,109,1489,736,141,62,846,409,64,29,535,238,77,28,255,130,5,3,0.0,0.625,1049
Joel Walker,Brandon Sargeant,9,1245,1007,0.8188851011711408,0.6445115537062945,110,52,667,324,15,6,84,39,108,57,506,245,42,23,84,39,5,2,0.0,0.7142857142857143,1049
Lee Walker,John Sutton,9,1239,1071,0.7406703376244016,0.6034832498647263,356,202,2817,1468,43,23,233,121,46,15,97,44,47,19,97,44,5,3,0.0,0.625,1049
Alexander Ursenbacher,Martin O'Donnell,9,1012,1208,0.22601710818420698,0.3798935676569099,32,10,166,64,189,89,1113,551,48,11,148,56,80,48,460,224,5,4,0.0,0.5555555555555556,1049
Michael Tomlinson,Lee Page,9,1026,1122,0.3558074142386589,0.44028635073280703,14,6,78,39,188,95,1124,566,15,10,78,39,73,27,275,120,5,3,0.0,0.625,1049
Allan Taylor,Michael Georgiou,9,1191,1143,0.5733876953909138,0.5299640517645717,199,104,1108,582,92,39,536,255,87,38,335,155,71,33,192,105,5,4,0.0,0.5555555555555556,1049
Craig Steadman,Michael Wasley,9,1282,1314,0.45091216472504103,0.48001065984441826,306,174,1982,1062,207,106,1242,623,123,67,557,271,123,67,640,326,5,1,0.0,0.8333333333333334,1049
Elliot Slessor,Sydney Wilson,9,1154,1107,0.5718764689798446,0.5293412500457856,58,24,337,154,106,43,582,272,75,31,317,144,71,36,292,156,5,2,0.0,0.7142857142857143,1049
George Pragnall,Lyu Chuang,9,992,1295,0.12404312979696051,0.31918928918436135,1,0,6,2,210,103,1525,762,0,0,0,0,15,5,591,291,5,4,0.0,0.5555555555555556,1049
Barry Pinches,Sean O'Sullivan,9,1216,1166,0.5764067306615769,0.5312093733737563,654,343,5187,2706,96,41,578,264,79,37,518,231,105,57,437,194,5,4,0.0,0.5555555555555556,1049
Andrew Pagett,Matthew Day,9,1172,1113,0.5899315453398475,0.5368082899889803,222,102,1459,714,106,50,572,281,115,47,433,196,54,26,343,180,5,2,0.0,0.7142857142857143,1049
Lu Ning,Ryan Clark,9,1098,923,0.7492413698670223,0.6076631698328917,34,12,232,100,33,7,176,53,59,24,232,100,17,0,132,44,5,1,0.0,0.8333333333333334,1049
Ross Muir,Chris Melling,9,1152,1127,0.5383896612204689,0.5156199157230156,52,21,302,138,136,77,943,501,85,37,292,133,86,36,86,36,5,3,0.0,0.625,1049
Oliver Lines,Paul Davison,9,1230,1278,0.4266123046090862,0.4700359482354282,82,46,463,250,560,305,3970,2055,136,70,409,228,111,68,732,374,5,3,0.0,0.625,1049
Michael Leslie,Hammad Miah,9,1036,1059,0.4646726931512867,0.4856289593029398,75,18,469,178,38,14,232,95,56,17,336,117,57,17,214,89,5,4,0.0,0.5555555555555556,1049
William Lemons,Vinnie Calabrese,9,995,1091,0.3558074142386589,0.44028635073280703,16,5,82,36,82,37,495,228,40,23,73,32,67,25,256,101,5,4,0.0,0.5555555555555556,1049
Sanderson Lam,Joe Roberts,9,1096,1021,0.613690137008763,0.5467381519846138,52,25,280,133,14,7,73,39,57,33,250,122,0,0,73,39,5,3,0.0,0.625,1049
Jak Jones,Joe O'Connor,9,1129,1021,0.6612111753784531,0.5670929049654543,112,48,683,314,26,12,152,71,72,31,248,106,80,33,152,71,5,4,0.0,0.5555555555555556,1049
Darryl Hill,Chris Wakelin,9,1005,1251,0.1732747404981928,0.3509194757554267,18,7,106,47,54,31,339,177,10,2,100,45,127,68,339,177,5,3,0.0,0.625,1049
Liam Highfield,Chris Norbury,9,1318,1112,0.7852370226068368,0.6259778577666038,221,122,1487,781,230,113,1401,700,104,56,647,328,56,16,340,152,5,1,0.0,0.8333333333333334,1049
Steven Hallworth,Zak Surety,9,1039,1095,0.4145651269759309,0.4650570548417855,30,11,172,76,65,31,364,176,67,24,168,76,67,26,278,137,5,4,0.0,0.5555555555555556,1049
Nico Elton,David Grace,9,1009,1192,0.24115921937736967,0.38757906065208403,26,10,145,62,205,94,1323,642,54,25,134,58,67,25,585,280,5,1,0.0,0.8333333333333334,1049
Adam Duffy,Cao Xinlong,9,1251,1012,0.8198777056686509,0.645084137572727,211,110,1304,673,32,9,192,69,87,55,535,258,48,13,153,60,5,2,0.0,0.7142857142857143,1049
Scott Donaldson,Saqib Nasir,9,1234,1124,0.6640154623515127,0.5683199834782481,99,51,642,319,55,29,300,166,99,45,632,314,10,6,206,118,5,0,0.0,1.0,1049
Shane Castle,Alex Borg,9,1068,1102,0.44786205376617916,0.4787627850337259,46,20,266,126,298,130,2160,992,6,0,182,89,100,40,200,76,5,3,0.0,0.625,1049
Ashley Carty,Lyu Chenwei,9,1084,1033,0.5779144942909848,0.5318318894162242,52,25,296,142,21,8,120,49,85,39,271,133,42,11,113,47,5,3,0.0,0.625,1049
James Cahill,Wang Zepeng,9,1165,1011,0.7230620724576832,0.595078473866134,69,26,415,177,11,4,66,25,108,55,344,153,26,11,66,25,5,1,0.0,0.8333333333333334,1049
Ian Burns,Alex Pagulayan,9,1300,990,0.8812152445871373,0.6846015003234307,211,116,1266,667,2,0,15,4,104,46,655,346,15,4,15,4,5,1,0.0,0.8333333333333334,1049
Oliver Brown,Andrew Norman,9,1106,1177,0.3922116103813124,0.4557411415821268,108,43,575,257,306,147,2289,1122,64,28,376,198,27,10,349,164,5,3,0.0,0.625,1049
Sam Baird,Craig Barber,9,1357,997,0.9140492170600234,0.7109495026250039,205,111,1395,725,67,30,434,205,138,74,727,383,0,0,94,43,5,1,0.0,0.8333333333333334,1049
Cao Yupeng,George Pragnall,9,1256,992,0.843523743777612,0.6592603884513855,136,71,985,500,1,0,6,2,70,35,821,429,0,0,0,0,5,1,0.0,0.8333333333333334,1049
Gary Wilson,Shane Castle,9,1337,1068,0.8479834642725523,0.6620627248063988,257,155,1619,900,46,20,266,126,85,39,569,323,6,0,182,89,5,3,0.0,0.625,1049
Robbie Williams,Michael Tomlinson,9,1289,1026,0.8426210458793881,0.6586985747356444,236,132,1402,728,14,6,78,39,126,63,656,339,15,10,78,39,5,4,0.0,0.5555555555555556,1049
Allan Taylor,Matthew Selt,9,1191,1430,0.18012229433134913,0.3549158624272731,199,104,1108,582,346,184,2416,1244,87,38,335,155,206,131,697,361,5,3,0.0,0.625,1049
Joe Swail,Adam Bobat,9,1375,970,0.9370791853228881,0.7335091181602805,714,392,5670,2970,15,5,81,33,176,101,626,330,25,11,68,27,5,2,0.0,0.7142857142857143,1049
Elliot Slessor,Peter Lines,9,1154,1243,0.36587906232994205,0.44460335167941084,58,24,337,154,642,354,4754,2489,75,31,317,144,80,34,613,296,5,1,0.0,0.8333333333333334,1049
Jimmy Robertson,Steven Hallworth,9,1365,1039,0.892610072559661,0.6931739493259501,305,163,2009,1033,30,11,172,76,176,101,761,398,67,24,168,76,5,2,0.0,0.7142857142857143,1049
Barry Pinches,Alex Davies,9,1216,1216,0.5,0.5,654,343,5187,2706,189,96,1148,580,79,37,518,231,93,41,328,159,5,4,0.0,0.5555555555555556,1049
Lu Ning,Gerard Greene,9,1098,1197,0.3515226665168548,0.4384389296638045,34,12,232,100,599,329,4546,2392,59,24,232,100,95,45,563,264,5,4,0.0,0.5555555555555556,1049
Aditya Mehta,Sanderson Lam,9,1340,1096,0.8247868019279315,0.6479408020806503,194,99,1341,669,52,25,280,133,121,65,786,405,57,33,250,122,5,0,0.0,1.0,1049
Rory McLeod,Lee Walker,9,1262,1239,0.5353273068487134,0.5143710406970602,432,238,3332,1750,356,202,2817,1468,91,42,652,332,46,15,97,44,5,4,0.0,0.5555555555555556,1049
Anthony McGill,Joel Walker,9,1406,1245,0.731942685280923,0.5992881635083561,277,168,1690,934,110,52,667,324,178,97,810,437,108,57,506,245,5,3,0.0,0.625,1049
Jack Lisowski,Oliver Lines,9,1327,1230,0.6456229970128096,0.5603296426885532,258,156,1644,901,82,46,463,250,117,59,729,375,136,70,409,228,5,3,0.0,0.625,1049
Jamie Jones,Nico Elton,9,1314,1009,0.8774764322222064,0.6818962645895934,337,203,2213,1207,26,10,145,62,128,70,762,400,54,25,134,58,5,2,0.0,0.7142857142857143,1049
Liam Highfield,Yu Delu,9,1318,1263,0.5839333304620451,0.5343209436693046,221,122,1487,781,152,76,1054,537,104,56,647,328,61,23,696,363,5,1,0.0,0.8333333333333334,1049
Lyu Haotian,Alexander Ursenbacher,9,1152,1012,0.7048581689623228,0.5866175789173301,47,18,330,147,32,10,166,64,70,28,330,147,48,11,148,56,5,2,0.0,0.7142857142857143,1049
Li Hang,Adam Duffy,9,1335,1251,0.6268664452075894,0.5523079095743253,121,58,845,426,211,110,1304,673,119,66,434,222,87,55,535,258,5,4,0.0,0.5555555555555556,1049
Mike Dunn,Zhou Yuelong,9,1333,1190,0.7088074446636303,0.5884351201276382,567,301,4218,2178,39,18,243,121,139,81,592,297,79,42,243,121,5,2,0.0,0.7142857142857143,1049
Scott Donaldson,Jimmy White,9,1234,1252,0.47233779389677,0.4887518980531451,99,51,642,319,1333,761,11581,6130,99,45,632,314,155,79,771,367,5,4,0.0,0.5555555555555556,1049
Ashley Carty,Kyren Wilson,9,1084,1331,0.1723109098759696,0.3503502507095912,52,25,296,142,220,131,1354,739,85,39,271,133,107,55,498,276,5,0,0.0,1.0,1049
Stuart Carrington,Ross Muir,9,1277,1152,0.6847334230529902,0.5774953651858118,194,106,1136,609,52,21,302,138,83,41,415,210,85,37,292,133,5,3,0.0,0.625,1049
James Cahill,Robin Hull,9,1165,1248,0.37459024383955214,0.44831033065729986,69,26,415,177,421,257,3229,1786,108,55,344,153,52,23,172,74,5,3,0.0,0.625,1049
Ian Burns,Jamie Burnett,9,1300,1270,0.5460346743259274,0.5187412158785352,211,116,1266,667,567,329,4494,2390,104,46,655,346,63,34,614,308,5,2,0.0,0.7142857142857143,1049
Alfie Burden,William Lemons,9,1236,995,0.8218521323213228,0.6462280583309002,533,289,3960,2046,16,5,82,36,82,35,739,367,40,23,73,32,5,1,0.0,0.8333333333333334,1049
Oliver Brown,Dave Harold,9,1106,1280,0.25197334416217204,0.39293301192829644,108,43,575,257,675,380,5264,2771,64,28,376,198,31,11,570,289,5,1,0.0,0.8333333333333334,1049
Luca Brecel,Daniel Wells,9,1308,1162,0.7127306132952813,0.5902502519301834,145,72,981,502,224,109,1489,736,121,69,724,381,64,29,535,238,5,2,0.0,0.7142857142857143,1049
Nigel Bond,Jak Jones,9,1285,1129,0.7256147727911193,0.5962826992967879,751,423,6067,3223,112,48,683,314,96,47,635,319,72,31,248,106,5,1,0.0,0.8333333333333334,1049
John Astley,Craig Steadman,9,1124,1282,0.2718447863126251,0.40251423417298393,106,51,623,296,306,174,1982,1062,65,23,392,184,123,67,557,271,5,2,0.0,0.7142857142857143,1049
Joe Swail,Alfie Burden,9,1375,1236,0.7035360054960305,0.5860112044388707,714,392,5670,2970,533,289,3960,2046,176,101,626,330,82,35,739,367,5,4,0.0,0.5555555555555556,1049
Jimmy Robertson,Lu Ning,9,1365,1098,0.8462103226165194,0.6609431415591629,305,163,2009,1033,34,12,232,100,176,101,761,398,59,24,232,100,5,4,0.0,0.5555555555555556,1049
Barry Pinches,Allan Taylor,9,1216,1191,0.5383896612204689,0.5156199157230156,654,343,5187,2706,199,104,1108,582,79,37,518,231,87,38,335,155,5,1,0.0,0.8333333333333334,1049
Aditya Mehta,Cao Yupeng,9,1340,1256,0.6268664452075894,0.5523079095743253,194,99,1341,669,136,71,985,500,121,65,786,405,70,35,821,429,5,2,0.0,0.7142857142857143,1049
Rory McLeod,Andrew Pagett,9,1262,1172,0.6355659071692855,0.5560138905446199,432,238,3332,1750,222,102,1459,714,91,42,652,332,115,47,433,196,5,1,0.0,0.8333333333333334,1049
Jack Lisowski,James Cahill,9,1327,1165,0.7331989464504001,0.5998883688639983,258,156,1644,901,69,26,415,177,117,59,729,375,108,55,344,153,5,2,0.0,0.7142857142857143,1049
Michael Leslie,Sam Baird,9,1036,1357,0.11085851449144153,0.3094909987724293,75,18,469,178,205,111,1395,725,56,17,336,117,138,74,727,383,5,3,0.0,0.625,1049
Jamie Jones,John Astley,9,1314,1124,0.7670653449627305,0.6165665045213193,337,203,2213,1207,106,51,623,296,128,70,762,400,65,23,392,184,5,3,0.0,0.625,1049
Liam Highfield,Darryl Hill,9,1318,1005,0.8834175494976392,0.6862186708976811,221,122,1487,781,18,7,106,47,104,56,647,328,10,2,100,45,5,1,0.0,0.8333333333333334,1049
Lyu Haotian,Li Hang,9,1152,1335,0.24115921937736967,0.38757906065208403,47,18,330,147,121,58,845,426,70,28,330,147,119,66,434,222,5,3,0.0,0.625,1049
Mike Dunn,Ashley Carty,9,1333,1084,0.8296059536556128,0.6507869207968349,567,301,4218,2178,52,25,296,142,139,81,592,297,85,39,271,133,5,4,0.0,0.5555555555555556,1049
Scott Donaldson,Robbie Williams,9,1234,1289,0.4160666695379549,0.4656790563306954,99,51,642,319,236,132,1402,728,99,45,632,314,126,63,656,339,5,0,0.0,1.0,1049
Stuart Carrington,Anthony McGill,9,1277,1406,0.30983981053020837,0.4200665998114943,194,106,1136,609,277,168,1690,934,83,41,415,210,178,97,810,437,5,4,0.0,0.5555555555555556,1049
Ian Burns,Elliot Slessor,9,1300,1154,0.7127306132952813,0.5902502519301834,211,116,1266,667,58,24,337,154,104,46,655,346,75,31,317,144,5,2,0.0,0.7142857142857143,1049
Oliver Brown,Gary Wilson,9,1106,1337,0.18816363955439813,0.35950804627666144,108,43,575,257,257,155,1619,900,64,28,376,198,85,39,569,323,5,3,0.0,0.625,1049
Luca Brecel,Nigel Bond,9,1308,1285,0.5353273068487134,0.5143710406970602,145,72,981,502,751,423,6067,3223,121,69,724,381,96,47,635,319,5,3,0.0,0.625,1049
Liang Wenbo,Jimmy Robertson,9,1399,1365,0.5521379462338207,0.5212372149662741,372,218,2540,1394,305,163,2009,1033,165,90,902,510,176,101,761,398,5,2,0.0,0.7142857142857143,1049
Fergal O'Brien,Stuart Carrington,9,1352,1277,0.613690137008763,0.5467381519846138,699,402,5463,2890,194,106,1136,609,140,80,685,358,83,41,415,210,5,2,0.0,0.7142857142857143,1049
Alan McManus,Joe Swail,9,1438,1375,0.5959077229449327,0.5392938058983595,769,456,6551,3465,714,392,5670,2970,129,74,787,424,176,101,626,330,5,4,0.0,0.5555555555555556,1049
Rory McLeod,Ken Doherty,9,1262,1313,0.42208550570901493,0.4681681105837757,432,238,3332,1750,995,619,8259,4575,91,42,652,332,136,73,840,446,5,1,0.0,0.8333333333333334,1049
Jack Lisowski,David Gilbert,9,1327,1342,0.476942221670483,0.4906260984783392,258,156,1644,901,353,198,2721,1443,117,59,729,375,124,65,804,436,5,2,0.0,0.7142857142857143,1049
Mark Joyce,Ian Burns,9,1286,1300,0.4784777823974459,0.4912508931197597,323,172,2302,1169,211,116,1266,667,110,55,754,387,104,46,655,346,5,4,0.0,0.5555555555555556,1049
Jamie Jones,Mark King,9,1314,1343,0.45549299127077353,0.4818829349568186,337,203,2213,1207,723,398,5452,2849,128,70,762,400,127,67,820,427,5,1,0.0,0.8333333333333334,1049
Liam Highfield,Ben Woollaston,9,1318,1374,0.4145651269759309,0.4650570548417855,221,122,1487,781,369,213,2425,1308,104,56,647,328,137,75,879,489,5,2,0.0,0.7142857142857143,1049
Andrew Higginson,Aditya Mehta,9,1361,1340,0.5322627512389814,0.5131219861822433,557,339,3993,2206,194,99,1341,669,131,73,853,444,121,65,786,405,5,4,0.0,0.5555555555555556,1049
Martin Gould,Mike Dunn,9,1450,1333,0.6737542556151955,0.5726080638632601,454,271,3078,1666,567,301,4218,2178,131,74,987,517,139,81,592,297,5,3,0.0,0.625,1049
Tom Ford,Oliver Brown,9,1259,1106,0.7217811546951534,0.5944759307482401,419,238,3056,1619,108,43,575,257,61,24,762,379,64,28,376,198,5,1,0.0,0.8333333333333334,1049
Peter Ebdon,Barry Pinches,9,1404,1216,0.7647323039706795,0.6153837563911821,883,512,7202,3878,654,343,5187,2706,184,115,915,472,79,37,518,231,5,3,0.0,0.625,1049
Scott Donaldson,Kurt Maflin,9,1234,1291,0.41306489554708414,0.4644351620161461,99,51,642,319,369,217,2463,1339,99,45,632,314,110,49,812,437,5,2,0.0,0.7142857142857143,1049
Dominic Dale,Lyu Haotian,9,1393,1152,0.8218521323213228,0.6462280583309002,692,398,5192,2767,47,18,330,147,191,110,996,522,70,28,330,147,5,0,0.0,1.0,1049
Marcus Campbell,Michael Leslie,9,1227,1036,0.7682267848118195,0.6171573626529722,645,352,4812,2474,75,18,469,178,42,13,754,354,56,17,336,117,5,4,0.0,0.5555555555555556,1049
Luca Brecel,Rod Lawler,9,1308,1371,0.40409227705506734,0.4607061941016405,145,72,981,502,679,379,5317,2787,121,69,724,381,187,105,904,491,5,3,0.0,0.625,1049
Andrew Higginson,Matthew Bolton,9,1361,1000,0.9146249185246416,0.7114629823302013,557,339,3993,2206,0,0,0,0,131,73,853,444,0,0,0,0,5,0,0.0,1.0,1049
Dominic Dale,Johl Younger,9,1393,1130,0.8426210458793881,0.6586985747356444,692,398,5192,2767,74,37,625,313,191,110,996,522,0,0,7,2,5,0,0.0,1.0,1049
Ricky Walden,Marcus Campbell,9,1497,1227,0.8488646678121341,0.6626218371700825,574,355,4188,2333,645,352,4812,2474,303,187,1290,719,42,13,754,354,5,0,0.0,1.0,1049
Judd Trump,Rory McLeod,9,1561,1262,0.8728763053804336,0.6786337178522214,544,357,3727,2154,432,238,3332,1750,283,177,1505,880,91,42,652,332,5,2,0.0,0.7142857142857143,1049
Matthew Stevens,Luca Brecel,9,1303,1308,0.4923100709602251,0.4968750406894683,783,470,6217,3407,145,72,981,502,131,67,1044,525,121,69,724,381,5,3,0.0,0.625,1049
Neil Robertson,Andrew Higginson,9,1472,1361,0.6654140283737799,0.5689332093695465,636,411,4692,2646,557,339,3993,2206,176,102,1493,876,131,73,853,444,5,2,0.0,0.7142857142857143,1049
Fergal O'Brien,Mark Allen,9,1352,1581,0.19020982084327387,0.36066016324693406,699,402,5463,2890,528,336,3555,1994,140,80,685,358,251,149,1195,721,5,2,0.0,0.7142857142857143,1049
Shaun Murphy,Jack Lisowski,9,1507,1327,0.7552657810970291,0.610639233949222,721,465,5432,3071,258,156,1644,901,258,159,1386,780,117,59,729,375,5,0,0.0,1.0,1049
Robert Milkins,Liang Wenbo,9,1407,1399,0.5123026370468309,0.5049998333399998,624,386,4724,2594,372,218,2540,1394,232,128,1166,656,165,90,902,510,5,3,0.0,0.625,1049
Alan McManus,Joe Perry,9,1438,1367,0.6077883896186873,0.5442588584178731,769,456,6551,3465,773,449,5677,3032,129,74,787,424,198,110,1189,664,5,4,0.0,0.5555555555555556,1049
Mark Joyce,Ryan Day,9,1286,1358,0.39073366664049125,0.45512110762641994,323,172,2302,1169,613,371,4464,2459,110,55,754,387,203,117,1020,540,5,3,0.0,0.625,1049
Jamie Jones,Stephen Maguire,9,1314,1534,0.19959436447291212,0.36586440898919936,337,203,2213,1207,686,460,5159,2940,128,70,762,400,292,185,1436,841,5,0,0.0,1.0,1049
John Higgins,Tom Ford,9,1398,1259,0.7035360054960305,0.5860112044388707,1107,785,9128,5386,419,238,3056,1619,205,113,1081,626,61,24,762,379,5,3,0.0,0.625,1049
Xiao Guodong,Liam Highfield,9,1381,1318,0.5959077229449327,0.5392938058983595,259,150,1759,966,221,122,1487,781,124,73,817,447,104,56,647,328,5,2,0.0,0.7142857142857143,1049
Martin Gould,Michael Holt,9,1450,1317,0.6955437518522246,0.5823675407280794,454,271,3078,1666,579,340,4352,2318,131,74,987,517,167,87,848,451,5,3,0.0,0.625,1049
Peter Ebdon,Barry Hawkins,9,1404,1436,0.45091216472504103,0.48001065984441826,883,512,7202,3878,675,412,4852,2690,184,115,915,472,217,122,1383,785,5,2,0.0,0.7142857142857143,1049
Mark Davis,Dominic Dale,9,1419,1393,0.5399199537054243,0.5162442810620724,802,485,5982,3263,692,398,5192,2767,251,149,1403,789,191,110,996,522,5,3,0.0,0.625,1049
Stuart Bingham,Scott Donaldson,9,1516,1234,0.8591609654110055,0.669295402777446,774,486,5808,3295,99,51,642,319,312,197,1419,817,99,45,632,314,5,0,0.0,1.0,1049
Ricky Walden,Martin Gould,9,1497,1450,0.5718764689798446,0.5293412500457856,574,355,4188,2333,454,271,3078,1666,303,187,1290,719,131,74,987,517,5,2,0.0,0.7142857142857143,1049
Judd Trump,Alan McManus,9,1561,1438,0.682004145502627,0.5762749224932653,544,357,3727,2154,769,456,6551,3465,283,177,1505,880,129,74,787,424,5,3,0.0,0.625,1049
Matthew Stevens,Fergal O'Brien,9,1303,1352,0.42510220983400737,0.469413239817919,783,470,6217,3407,699,402,5463,2890,131,67,1044,525,140,80,685,358,5,2,0.0,0.7142857142857143,1049
Neil Robertson,Jamie Jones,9,1472,1314,0.7281552136873749,0.5974857658270161,636,411,4692,2646,337,203,2213,1207,176,102,1493,876,128,70,762,400,5,0,0.0,1.0,1049
Robert Milkins,John Higgins,9,1407,1398,0.5138398540686689,0.5056247627073255,624,386,4724,2594,1107,785,9128,5386,232,128,1166,656,205,113,1081,626,5,2,0.0,0.7142857142857143,1049
Xiao Guodong,Peter Ebdon,9,1381,1404,0.4646726931512867,0.4856289593029398,259,150,1759,966,883,512,7202,3878,124,73,817,447,184,115,915,472,5,4,0.0,0.5555555555555556,1049
Mark Davis,Shaun Murphy,9,1419,1507,0.3673260343741166,0.4452207648927852,802,485,5982,3263,721,465,5432,3071,251,149,1403,789,258,159,1386,780,5,3,0.0,0.625,1049
Stuart Bingham,Mark Joyce,9,1516,1286,0.8108150591323824,0.6399160967377341,774,486,5808,3295,323,172,2302,1169,312,197,1419,817,110,55,754,387,5,2,0.0,0.7142857142857143,1049
Judd Trump,Ricky Walden,9,1561,1497,0.5973981597131834,0.5399148845555657,544,357,3727,2154,574,355,4188,2333,283,177,1505,880,303,187,1290,719,5,4,0.0,0.5555555555555556,1049
Neil Robertson,Robert Milkins,9,1472,1407,0.5988871099602557,0.5405358392737893,636,411,4692,2646,624,386,4724,2594,176,102,1493,876,232,128,1166,656,5,2,0.0,0.7142857142857143,1049
Xiao Guodong,Matthew Stevens,9,1381,1303,0.6180984609900165,0.5485961085831343,259,150,1759,966,783,470,6217,3407,124,73,817,447,131,67,1044,525,5,2,0.0,0.7142857142857143,1049
Mark Davis,Stuart Bingham,9,1419,1516,0.35437700298719044,0.4396703573114467,802,485,5982,3263,774,486,5808,3295,251,149,1403,789,312,197,1419,817,5,4,0.0,0.5555555555555556,1049
Judd Trump,Xiao Guodong,11,1561,1381,0.7764491076959295,0.610639233949222,544,357,3727,2154,259,150,1759,966,283,177,1505,880,124,73,817,447,6,3,0.0,0.6666666666666666,1049
Neil Robertson,Mark Davis,11,1472,1419,0.5888897906976714,0.5330766223661046,636,411,4692,2646,802,485,5982,3263,176,102,1493,876,251,149,1403,789,6,2,0.0,0.75,1049
Judd Trump,Neil Robertson,17,1561,1472,0.6790396417925866,0.5553966483205892,544,357,3727,2154,636,411,4692,2646,283,177,1505,880,176,102,1493,876,9,5,0.0,0.6428571428571429,1049
Cao Yupeng,Wang Zepeng,9,1256,1000,0.8362016064954723,0.6547534606063192,138,72,998,507,12,4,72,26,83,42,834,436,32,12,72,26,5,2,0.0,0.7142857142857143,1048
Zhou Yuelong,Alfie Burden,9,1204,1247,0.43417929822605655,0.4731508513108857,41,19,255,128,535,290,3975,2055,91,49,255,128,97,44,754,376,5,3,0.0,0.625,1048
Ben Woollaston,Lyu Haotian,9,1361,1160,0.7796532292456051,0.6230466603666162,370,213,2432,1310,50,20,350,157,144,77,886,491,90,38,350,157,5,2,0.0,0.7142857142857143,1048
Gary Wilson,Michael Leslie,9,1319,1064,0.8352701649709137,0.654188113761243,259,156,1635,908,78,20,495,192,101,47,585,331,82,31,362,131,5,2,0.0,0.7142857142857143,1048
Mark Williams,Elliot Slessor,9,1456,1175,0.8583224919882384,0.668741821102192,1058,693,8418,4811,61,26,357,166,268,160,1145,652,95,43,337,156,5,3,0.0,0.625,1048
Robbie Williams,Mark Owens,9,1261,935,0.892610072559661,0.6931739493259501,238,133,1416,733,25,6,134,50,140,68,670,344,24,6,52,21,5,2,0.0,0.7142857142857143,1048
Michael White,John Sutton,9,1399,1070,0.8946514497814813,0.6947667628737805,257,145,1820,974,44,23,241,124,220,125,902,494,55,22,105,47,5,2,0.0,0.7142857142857143,1048
Liang Wenbo,Ian Glover,9,1402,1125,0.8549331199994852,0.6665228332551123,374,219,2555,1402,142,62,854,412,180,98,917,518,85,31,263,133,5,2,0.0,0.7142857142857143,1048
Ricky Walden,Joe Swail,9,1518,1371,0.7140324724419308,0.5908547524545943,577,357,4209,2347,717,394,5695,2984,324,201,1311,733,201,115,651,344,5,4,0.0,0.5555555555555556,1048
Chris Wakelin,Tom Ford,9,1233,1269,0.44481517986127356,0.4775151752081999,55,31,347,180,421,239,3070,1627,135,71,347,180,75,32,776,387,5,2,0.0,0.7142857142857143,1048
Alexander Ursenbacher,Kyren Wilson,9,1017,1305,0.13588243573445596,0.32739298293223956,34,11,182,71,221,131,1359,739,64,18,164,63,112,55,503,276,5,4,0.0,0.5555555555555556,1048
Judd Trump,Joel Walker,9,1586,1247,0.9012433396788231,0.7000424476024744,549,362,3774,2184,112,53,682,332,330,207,1552,910,123,65,521,253,5,3,0.0,0.625,1048
Michael Tomlinson,Nigel Bond,9,1045,1289,0.17521319807206864,0.35205919791934975,16,7,95,48,753,424,6081,3231,32,19,95,48,110,55,649,327,5,4,0.0,0.5555555555555556,1048
Craig Steadman,Luca Brecel,9,1281,1323,0.4356958412515649,0.4737740906279313,308,175,1995,1069,149,75,1012,520,136,74,570,278,152,87,755,399,5,4,0.0,0.5555555555555556,1048
Matthew Selt,Sydney Wilson,9,1413,1097,0.8855893102982093,0.6878313305828404,347,184,2424,1247,107,43,589,274,214,134,705,364,78,38,299,158,5,4,0.0,0.5555555555555556,1048
Mark Selby,John Astley,9,1596,1141,0.9564804870727159,0.75722034035404,760,514,5483,3157,108,52,638,304,169,104,1596,969,80,31,407,192,5,0,0.0,1.0,1048
Neil Robertson,Steven Hallworth,9,1510,1045,0.9596829417818002,0.7617866810463009,641,415,4733,2672,32,12,188,83,217,128,1534,902,83,31,184,83,5,1,0.0,0.8333333333333334,1048
Barry Pinches,Peter Ebdon,9,1237,1413,0.24954718120188304,0.3917409692534856,658,346,5219,2724,886,514,7226,3892,111,55,550,249,208,129,939,486,5,4,0.0,0.5555555555555556,1048
Joe Perry,Jak Jones,9,1366,1117,0.8296059536556128,0.6507869207968349,774,449,5686,3036,114,49,698,320,207,114,1198,668,87,37,263,112,5,1,0.0,0.8333333333333334,1048
Fraser Patrick,Jimmy White,9,1235,1248,0.48001367903024084,0.4918757150937391,127,57,828,393,1334,761,11590,6134,122,59,501,245,164,83,780,371,5,2,0.0,0.7142857142857143,1048
Lee Page,Gerard Greene,9,1110,1189,0.3804356342372483,0.45078487089866653,189,95,1132,569,600,329,4555,2396,81,30,283,123,104,49,572,268,5,1,0.0,0.8333333333333334,1048
Joe O'Connor,Andrew Higginson,9,1022,1367,0.09495634799162514,0.2968172887801915,27,12,161,75,560,341,4014,2218,89,37,161,75,152,85,874,456,5,0,0.0,1.0,1048
Shaun Murphy,Ryan Clark,9,1511,912,0.9866464995932145,0.8172013139908454,723,466,5445,3079,34,7,182,54,271,167,1399,788,23,1,138,45,5,2,0.0,0.7142857142857143,1048
David Morris,Ian Burns,9,1328,1319,0.5138398540686689,0.5056247627073255,202,107,1510,770,215,119,1295,686,93,45,501,271,133,65,684,365,5,3,0.0,0.625,1048
Robert Milkins,Chris Norbury,9,1417,1102,0.8848687737794817,0.6872942801972042,627,388,4746,2606,231,113,1407,701,254,140,1188,668,62,17,346,153,5,3,0.0,0.625,1048
Chris Melling,Matthew Stevens,9,1120,1316,0.22601710818420698,0.3798935676569099,137,77,951,504,786,472,6239,3419,94,39,94,39,153,79,1066,537,5,4,0.0,0.5555555555555556,1048
Alan McManus,Cao Xinlong,9,1437,1008,0.9471340179507625,0.7450720559074311,772,458,6577,3478,33,9,199,71,155,87,813,437,55,15,160,62,5,4,0.0,0.5555555555555556,1048
Rory McLeod,Ashley Carty,9,1293,1122,0.7443630173545871,0.6052765337748445,436,241,3360,1767,55,27,318,156,119,59,680,349,107,53,293,147,5,4,0.0,0.5555555555555556,1048
Anthony McGill,Alex Borg,9,1398,1093,0.8774764322222064,0.6818962645895934,279,169,1707,943,299,130,2168,995,195,106,827,446,108,43,208,79,5,3,0.0,0.625,1048
Stephen Maguire,Alex Pagulayan,9,1509,983,0.9751748273219457,0.788348634008099,687,460,5164,2940,3,0,21,5,297,185,1441,841,21,5,21,5,5,0,0.0,1.0,1048
Kurt Maflin,George Pragnall,9,1278,1000,0.855785791096651,0.6670782770956253,370,217,2470,1341,3,1,21,8,117,51,819,439,15,6,15,6,5,2,0.0,0.7142857142857143,1048
Jack Lisowski,Lu Ning,9,1335,1124,0.790733578545378,0.6288998381516232,262,159,1671,916,37,14,256,114,144,74,756,390,83,38,256,114,5,3,0.0,0.625,1048
Peter Lines,Lyu Chuang,9,1225,1278,0.4190735991048983,0.46692337763389535,643,354,4760,2490,211,103,1534,766,86,35,619,297,24,9,600,295,5,0,0.0,1.0,1048
Oliver Lines,Dave Harold,9,1235,1259,0.46314122895623555,0.4850044983805899,84,47,479,258,676,380,5270,2772,152,78,425,236,37,12,576,290,5,4,0.0,0.5555555555555556,1048
Rod Lawler,Vinnie Calabrese,9,1361,1083,0.855785791096651,0.6670782770956253,680,379,5325,2790,83,37,504,232,195,108,912,494,76,29,265,105,5,3,0.0,0.625,1048
Mark King,Lee Walker,9,1326,1237,0.6341209376700583,0.5553966483205892,724,398,5458,2850,358,203,2834,1477,133,68,826,428,63,24,114,53,5,3,0.0,0.625,1048
Mark Joyce,Alex Davies,9,1299,1212,0.6312250106267252,0.5541616527636486,326,174,2326,1181,190,96,1157,584,134,67,778,399,102,45,337,163,5,4,0.0,0.5555555555555556,1048
Jamie Jones,Zak Surety,9,1342,1088,0.8343351260922364,0.653622330899504,342,207,2244,1227,66,31,373,180,159,90,793,420,76,30,287,141,5,2,0.0,0.7142857142857143,1048
Michael Holt,Hammad Miah,9,1314,1054,0.8398914152025413,0.6570104626734988,580,340,4360,2321,39,14,241,99,175,90,856,454,66,21,223,93,5,2,0.0,0.7142857142857143,1048
John Higgins,Michael Wasley,9,1389,1297,0.6384497606491344,0.5572478545985555,1109,786,9143,5393,208,106,1248,624,220,120,1096,633,129,68,646,327,5,1,0.0,0.8333333333333334,1048
Barry Hawkins,Matthew Day,9,1423,1103,0.888437763640334,0.6899744811276125,676,412,4859,2692,107,50,579,283,224,124,1390,787,61,28,350,182,5,0,0.0,1.0,1048
Anthony Hamilton,Andrew Pagett,9,1338,1168,0.7431353377857283,0.6046790847140093,696,410,5487,2951,224,103,1472,720,93,44,673,350,128,53,446,202,5,2,0.0,0.7142857142857143,1048
Xiao Guodong,Liam Highfield,9,1402,1351,0.5779144942909848,0.5318318894162242,263,153,1791,984,226,126,1519,803,156,91,849,465,136,78,679,350,5,4,0.0,0.5555555555555556,1048
David Grace,Jimmy Robertson,9,1171,1348,0.24833900659015712,0.3911454307890496,206,94,1329,643,308,165,2032,1045,73,26,591,281,199,113,784,410,5,4,0.0,0.5555555555555556,1048
Martin Gould,Adam Duffy,9,1446,1255,0.7682267848118195,0.6171573626529722,457,273,3101,1678,213,111,1320,682,154,86,1010,529,103,64,551,267,5,1,0.0,0.8333333333333334,1048
David Gilbert,Sean O'Sullivan,9,1330,1164,0.7381925501749662,0.6022861768886306,354,198,2728,1445,97,41,587,268,131,67,811,438,114,61,446,198,5,2,0.0,0.7142857142857143,1048
Michael Georgiou,Aditya Mehta,9,1141,1359,0.20171895373393084,0.36702522331953935,93,39,545,259,197,101,1362,683,80,37,201,109,142,79,807,419,5,0,0.0,1.0,1048
Marco Fu,Jamie O'Neill,9,1469,1188,0.8583224919882384,0.668741821102192,632,373,4774,2584,247,128,1562,810,190,108,1171,665,11,5,347,160,5,0,0.0,1.0,1048
Tony Drago,Mike Dunn,9,1214,1332,0.3248643926957258,0.42678022732016513,687,342,5691,2830,570,303,4242,2191,59,26,568,268,163,94,616,310,5,3,0.0,0.625,1048
Graeme Dott,Eden Sharav,9,1438,1140,0.8720975009961879,0.6780882495516275,651,381,5167,2759,47,28,262,137,217,127,994,549,121,63,205,107,5,3,0.0,0.625,1048
Scott Donaldson,Stuart Carrington,9,1275,1280,0.4923100709602251,0.4968750406894683,104,55,673,339,197,108,1160,621,130,65,663,334,107,53,439,222,5,2,0.0,0.7142857142857143,1048
Yu Delu,Allan Taylor,9,1249,1194,0.5839333304620451,0.5343209436693046,153,76,1060,538,202,106,1131,593,67,24,702,364,110,49,358,166,5,0,0.0,1.0,1048
Ryan Day,Li Hang,9,1347,1320,0.5414496248549919,0.5168685956913849,614,371,4472,2462,123,59,862,434,211,120,1028,543,136,74,451,230,5,3,0.0,0.625,1048
Jamie Cope,Ross Muir,9,1249,1156,0.6398886059283445,0.5578645727207344,465,253,3129,1602,54,22,318,146,114,61,710,341,101,45,308,141,5,1,0.0,0.8333333333333334,1048
Lyu Chenwei,Dominic Dale,9,1027,1413,0.07194590492254806,0.27587822922918137,22,8,128,52,695,400,5210,2780,50,14,121,50,209,123,1014,535,5,2,0.0,0.7142857142857143,1048
Marcus Campbell,Daniel Wells,9,1211,1162,0.5748977901659925,0.530586760182081,647,353,4826,2479,226,110,1504,743,56,18,768,359,79,36,550,245,5,1,0.0,0.8333333333333334,1048
Jamie Burnett,Jamie Clarke,9,1259,1177,0.6239511835050622,0.551071269307342,568,329,4501,2392,67,33,379,196,70,36,621,310,134,75,286,156,5,3,0.0,0.625,1048
Oliver Brown,Ding Junhui,9,1141,1511,0.08032931167507124,0.2839402061842902,112,46,603,273,524,345,3866,2194,92,44,404,214,120,71,1231,728,5,0,0.0,1.0,1048
Stuart Bingham,James Cahill,9,1526,1180,0.9056659006528578,0.7037042379997707,777,488,5829,3309,72,28,436,189,333,211,1440,831,129,67,365,165,5,3,0.0,0.625,1048
Cao Yupeng,Mark King,9,1256,1326,0.3936911903272074,0.4563613127629212,138,72,998,507,724,398,5458,2850,83,42,834,436,133,68,826,428,5,1,0.0,0.8333333333333334,1048
Zhao Xintong,Chris Melling,9,1254,1120,0.6968827791173715,0.5829754542011996,36,20,246,135,137,77,951,504,71,36,246,135,94,39,94,39,5,1,0.0,0.8333333333333334,1048
Ben Woollaston,Fergal O'Brien,9,1361,1367,0.49077234947048,0.496250070310918,370,213,2432,1310,702,404,5484,2902,144,77,886,491,161,92,706,370,5,4,0.0,0.5555555555555556,1048
Mark Williams,Mark Joyce,9,1456,1299,0.7268865315426611,0.596884378259767,1058,693,8418,4811,326,174,2326,1181,268,160,1145,652,134,67,778,399,5,1,0.0,0.8333333333333334,1048
Michael White,Jamie Cope,9,1399,1249,0.717920276657251,0.5926665999540697,257,145,1820,974,465,253,3129,1602,220,125,902,494,114,61,710,341,5,3,0.0,0.625,1048
Liang Wenbo,Jamie Burnett,9,1402,1259,0.7088074446636303,0.5884351201276382,374,219,2555,1402,568,329,4501,2392,180,98,917,518,70,36,621,310,5,1,0.0,0.8333333333333334,1048
Ricky Walden,Peter Lines,9,1518,1225,0.8681512578497216,0.6753536404444148,577,357,4209,2347,643,354,4760,2490,324,201,1311,733,86,35,619,297,5,0,0.0,1.0,1048
Chris Wakelin,Joe O'Connor,9,1233,1022,0.790733578545378,0.6288998381516232,55,31,347,180,27,12,161,75,135,71,347,180,89,37,161,75,5,2,0.0,0.7142857142857143,1048
Judd Trump,David Grace,9,1586,1171,0.9414445269047842,0.7383673414380187,549,362,3774,2184,206,94,1329,643,330,207,1552,910,73,26,591,281,5,1,0.0,0.8333333333333334,1048
Mark Selby,Robbie Williams,9,1596,1261,0.8986455903223913,0.6979384260080908,760,514,5483,3157,238,133,1416,733,169,104,1596,969,140,68,670,344,5,1,0.0,0.8333333333333334,1048
Joe Perry,Chen Zifan,9,1366,1040,0.892610072559661,0.6931739493259501,774,449,5686,3036,13,7,69,35,207,114,1198,668,19,8,69,35,5,0,0.0,1.0,1048
Shaun Murphy,Rod Lawler,9,1511,1361,0.717920276657251,0.5926665999540697,723,466,5445,3079,680,379,5325,2790,271,167,1399,788,195,108,912,494,5,1,0.0,0.8333333333333334,1048
Robert Milkins,David Morris,9,1417,1328,0.6341209376700583,0.5553966483205892,627,388,4746,2606,202,107,1510,770,254,140,1188,668,93,45,501,271,5,4,0.0,0.5555555555555556,1048
Alan McManus,Gary Wilson,9,1437,1319,0.675135607304274,0.5732197726798348,772,458,6577,3478,259,156,1635,908,155,87,813,437,101,47,585,331,5,3,0.0,0.625,1048
Stephen Maguire,David Gilbert,9,1509,1330,0.7540674834504022,0.610044672404527,687,460,5164,2940,354,198,2728,1445,297,185,1441,841,131,67,811,438,5,3,0.0,0.625,1048
Jack Lisowski,Lyu Chenwei,9,1335,1027,0.8797299937321948,0.6835208937363156,262,159,1671,916,22,8,128,52,144,74,756,390,50,14,121,50,5,2,0.0,0.7142857142857143,1048
Jamie Jones,Ken Doherty,9,1342,1296,0.5703641336320321,0.5287183569514396,342,207,2244,1227,996,619,8265,4576,159,90,793,420,142,74,846,447,5,2,0.0,0.7142857142857143,1048
Robin Hull,Xiao Guodong,9,1237,1402,0.26305111301054346,0.3983128198171432,422,257,3237,1789,263,153,1791,984,60,26,180,77,156,91,849,465,5,3,0.0,0.625,1048
Michael Holt,Rory McLeod,9,1314,1293,0.5322627512389814,0.5131219861822433,580,340,4360,2321,436,241,3360,1767,175,90,856,454,119,59,680,349,5,4,0.0,0.5555555555555556,1048
John Higgins,Anthony McGill,9,1389,1398,0.48616014593133106,0.4943752372926745,1109,786,9143,5393,279,169,1707,943,220,120,1096,633,195,106,827,446,5,3,0.0,0.625,1048
Barry Hawkins,Lee Page,9,1423,1110,0.8834175494976392,0.6862186708976811,676,412,4859,2692,189,95,1132,569,224,124,1390,787,81,30,283,123,5,0,0.0,1.0,1048
Anthony Hamilton,Kurt Maflin,9,1338,1278,0.5914277106765304,0.5374298453437496,696,410,5487,2951,370,217,2470,1341,93,44,673,350,117,51,819,439,5,1,0.0,0.8333333333333334,1048
Martin Gould,Michael Tomlinson,9,1446,1045,0.9352601291577347,0.7315498244408544,457,273,3101,1678,16,7,95,48,154,86,1010,529,32,19,95,48,5,1,0.0,0.8333333333333334,1048
Michael Georgiou,Marcus Campbell,9,1141,1211,0.3936911903272074,0.4563613127629212,93,39,545,259,647,353,4826,2479,80,37,201,109,56,18,768,359,5,1,0.0,0.8333333333333334,1048
Marco Fu,Craig Steadman,9,1469,1281,0.7647323039706795,0.6153837563911821,632,373,4774,2584,308,175,1995,1069,190,108,1171,665,136,74,570,278,5,2,0.0,0.7142857142857143,1048
Graeme Dott,Zhou Yuelong,9,1438,1204,0.8148787714569037,0.6422170929574377,651,381,5167,2759,41,19,255,128,217,127,994,549,91,49,255,128,5,3,0.0,0.625,1048
Ryan Day,Matthew Selt,9,1347,1413,0.3996254479222332,0.45884333184977194,614,371,4472,2462,347,184,2424,1247,211,120,1028,543,214,134,705,364,5,0,0.0,1.0,1048
Oliver Brown,Oliver Lines,9,1141,1235,0.35867462873861855,0.44151888756183866,112,46,603,273,84,47,479,258,92,44,404,214,152,78,425,236,5,1,0.0,0.8333333333333334,1048
Yan Bingtao,Barry Pinches,9,1086,1237,0.28078975550250823,0.4067300078928128,12,6,74,39,658,346,5219,2724,35,16,74,39,111,55,550,249,5,1,0.0,0.8333333333333334,1048
Stuart Bingham,Tony Drago,9,1526,1214,0.8826868496118285,0.6856801139382539,777,488,5829,3309,687,342,5691,2830,333,211,1440,831,59,26,568,268,5,2,0.0,0.7142857142857143,1048
Sam Baird,Fraser Patrick,9,1343,1235,0.6612111753784531,0.5670929049654543,207,112,1409,733,127,57,828,393,152,82,741,391,122,59,501,245,5,3,0.0,0.625,1048
Chen Zifan,Scott Donaldson,9,1040,1275,0.18411426223135344,0.35720867575922377,13,7,69,35,104,55,673,339,19,8,69,35,130,65,663,334,5,3,0.0,0.625,1048
Zhao Xintong,Andrew Norman,9,1254,1166,0.6326739656258834,0.5547792351072148,36,20,246,135,307,147,2297,1125,71,36,246,135,35,13,357,167,5,3,0.0,0.625,1048
Robbie Williams,Niu Zhuang,9,1261,1019,0.8228339524244989,0.6467993925579857,238,133,1416,733,14,5,78,30,140,68,670,344,25,8,78,30,5,1,0.0,0.8333333333333334,1048
Yan Bingtao,Yu Delu,9,1086,1249,0.2655479256086079,0.3995117254730337,12,6,74,39,153,76,1060,538,35,16,74,39,67,24,702,364,5,4,0.0,0.5555555555555556,1048
Cao Yupeng,Ricky Walden,9,1256,1518,0.1582852405495167,0.3418636849519819,138,72,998,507,577,357,4209,2347,83,42,834,436,324,201,1311,733,5,3,0.0,0.625,1048
Zhao Xintong,Jack Lisowski,9,1254,1335,0.3775092526157308,0.4495472886604723,36,20,246,135,262,159,1671,916,71,36,246,135,144,74,756,390,5,2,0.0,0.7142857142857143,1048
Liang Wenbo,Mark Selby,9,1402,1596,0.22830930474796454,0.38107214519980964,374,219,2555,1402,760,514,5483,3157,180,98,917,518,169,104,1596,969,5,3,0.0,0.625,1048
Judd Trump,Ben Woollaston,9,1586,1361,0.8056549199917152,0.6370307944803831,549,362,3774,2184,370,213,2432,1310,330,207,1552,910,144,77,886,491,5,3,0.0,0.625,1048
Neil Robertson,Michael Georgiou,9,1510,1141,0.9191219895419346,0.7155512239631054,641,415,4733,2672,93,39,545,259,217,128,1534,902,80,37,201,109,5,3,0.0,0.625,1048
Joe Perry,Robert Milkins,9,1366,1417,0.42208550570901493,0.4681681105837757,774,449,5686,3036,627,388,4746,2606,207,114,1198,668,254,140,1188,668,5,0,0.0,1.0,1048
Shaun Murphy,Chris Wakelin,9,1511,1233,0.855785791096651,0.6670782770956253,723,466,5445,3079,55,31,347,180,271,167,1399,788,135,71,347,180,5,2,0.0,0.7142857142857143,1048
Alan McManus,John Higgins,9,1437,1389,0.5733876953909138,0.5299640517645717,772,458,6577,3478,1109,786,9143,5393,155,87,813,437,220,120,1096,633,5,4,0.0,0.5555555555555556,1048
Stephen Maguire,Michael White,9,1509,1399,0.6640154623515127,0.5683199834782481,687,460,5164,2940,257,145,1820,974,297,185,1441,841,220,125,902,494,5,3,0.0,0.625,1048
Robin Hull,Graeme Dott,9,1237,1438,0.22034677075439496,0.37695333963338384,422,257,3237,1789,651,381,5167,2759,60,26,180,77,217,127,994,549,5,3,0.0,0.625,1048
Michael Holt,Sam Baird,9,1314,1343,0.45549299127077353,0.4818829349568186,580,340,4360,2321,207,112,1409,733,175,90,856,454,152,82,741,391,5,2,0.0,0.7142857142857143,1048
Barry Hawkins,Yan Bingtao,9,1423,1086,0.8999509265382929,0.6989914835090479,676,412,4859,2692,12,6,74,39,224,124,1390,787,35,16,74,39,5,4,0.0,0.5555555555555556,1048
Martin Gould,Oliver Brown,9,1446,1141,0.8774764322222064,0.6818962645895934,457,273,3101,1678,112,46,603,273,154,86,1010,529,92,44,404,214,5,1,0.0,0.8333333333333334,1048
Marco Fu,Jamie Jones,9,1469,1342,0.6874521458116047,0.578714862460134,632,373,4774,2584,342,207,2244,1227,190,108,1171,665,159,90,793,420,5,3,0.0,0.625,1048
Ryan Day,Mark Williams,9,1347,1456,0.3373854944584286,0.43229345192664,614,371,4472,2462,1058,693,8418,4811,211,120,1028,543,268,160,1145,652,5,2,0.0,0.7142857142857143,1048
Stuart Bingham,Anthony Hamilton,9,1526,1338,0.7647323039706795,0.6153837563911821,777,488,5829,3309,696,410,5487,2951,333,211,1440,831,93,44,673,350,5,4,0.0,0.5555555555555556,1048
Neil Robertson,Michael Holt,9,1510,1314,0.773982891815793,0.6201064323430902,641,415,4733,2672,580,340,4360,2321,217,128,1534,902,175,90,856,454,5,1,0.0,0.8333333333333334,1048
Joe Perry,Liang Wenbo,9,1366,1402,0.44481517986127356,0.4775151752081999,774,449,5686,3036,374,219,2555,1402,207,114,1198,668,180,98,917,518,5,2,0.0,0.7142857142857143,1048
Shaun Murphy,Zhao Xintong,9,1511,1254,0.837129451391999,0.655318370173895,723,466,5445,3079,36,20,246,135,271,167,1399,788,71,36,246,135,5,2,0.0,0.7142857142857143,1048
Stephen Maguire,Judd Trump,9,1509,1586,0.3833692257939145,0.4520230623632036,687,460,5164,2940,549,362,3774,2184,297,185,1441,841,330,207,1552,910,5,0,0.0,1.0,1048
Robin Hull,Cao Yupeng,9,1237,1256,0.4708038156707409,0.4881272322437472,422,257,3237,1789,138,72,998,507,60,26,180,77,83,42,834,436,5,1,0.0,0.8333333333333334,1048
Barry Hawkins,Alan McManus,9,1423,1437,0.4784777823974459,0.4912508931197597,676,412,4859,2692,772,458,6577,3478,224,124,1390,787,155,87,813,437,5,2,0.0,0.7142857142857143,1048
Martin Gould,Ryan Day,9,1446,1347,0.6484773334831452,0.5615610703361955,457,273,3101,1678,614,371,4472,2462,154,86,1010,529,211,120,1028,543,5,3,0.0,0.625,1048
Marco Fu,Stuart Bingham,9,1469,1526,0.41306489554708414,0.4644351620161461,632,373,4774,2584,777,488,5829,3309,190,108,1171,665,333,211,1440,831,5,4,0.0,0.5555555555555556,1048
Neil Robertson,Shaun Murphy,9,1510,1511,0.49846191806792206,0.4993750003255206,641,415,4733,2672,723,466,5445,3079,217,128,1534,902,271,167,1399,788,5,4,0.0,0.5555555555555556,1048
Joe Perry,Robin Hull,9,1366,1237,0.690160189469792,0.5799334001885058,774,449,5686,3036,422,257,3237,1789,207,114,1198,668,60,26,180,77,5,2,0.0,0.7142857142857143,1048
Barry Hawkins,Marco Fu,9,1423,1469,0.42963586636796786,0.4712816430485603,676,412,4859,2692,632,373,4774,2584,224,124,1390,787,190,108,1171,665,5,4,0.0,0.5555555555555556,1048
Martin Gould,Stephen Maguire,9,1446,1509,0.40409227705506734,0.4607061941016405,457,273,3101,1678,687,460,5164,2940,154,86,1010,529,297,185,1441,841,5,4,0.0,0.5555555555555556,1048
Neil Robertson,Barry Hawkins,11,1510,1423,0.6437899934492848,0.5541616527636486,641,415,4733,2672,676,412,4859,2692,217,128,1534,902,224,124,1390,787,6,3,0.0,0.6666666666666666,1048
Joe Perry,Martin Gould,11,1366,1446,0.36730484139888986,0.45016600268752216,774,449,5686,3036,457,273,3101,1678,207,114,1198,668,154,86,1010,529,6,4,0.0,0.6,1048
Neil Robertson,Joe Perry,19,1510,1366,0.7860776492125148,0.5890404340586651,641,415,4733,2672,774,449,5686,3036,217,128,1534,902,207,114,1198,668,10,9,0.0,0.5263157894736842,1048
Lei Zhen,Qiu Yalong,7,979,1003,0.4672268289773793,0.4850044983805899,6,1,32,11,5,2,26,12,0,0,32,11,0,0,26,12,4,1,0.0,0.8,1050
Feng Zeyuan,Phanuwat Chitdi,7,978,1000,0.4699521739841547,0.486253465097645,4,0,23,7,0,0,0,0,7,3,23,7,0,0,0,0,4,0,0.0,1.0,1050
Zhang Yong,Wu Jinquan,7,1009,1000,0.5123026114255715,0.5056247627073255,14,6,78,33,0,0,0,0,20,8,78,33,0,0,0,0,4,2,0.0,0.6666666666666666,1050
Liu Yiqi,Chui HoMan,7,963,1000,0.44955793756481255,0.4768914745109111,3,0,14,2,0,0,0,0,0,0,14,2,0,0,0,0,4,2,0.0,0.6666666666666666,1050
Zhang Yi,Qian Hua,7,991,1000,0.48769738857442835,0.4943752372926745,5,2,27,10,0,0,0,0,0,0,27,10,0,0,0,0,4,3,0.0,0.5714285714285714,1050
Duan Yanfeng,Wli Bo,7,1000,1000,0.5,0.5,0,0,0,0,0,0,0,0,0,0,0,0,0,0,0,0,4,3,0.0,0.5714285714285714,1050
Kobkit Palajin,Alan Lin Tan Ho,7,1034,974,0.5814204865006773,0.5374298453437496,43,18,266,122,15,5,86,34,0,0,0,0,7,3,20,4,4,2,0.0,0.6666666666666666,1050
Geng Mingqi,Zhu Zhenjiang,7,985,1000,0.47950179614537025,0.4906260984783392,3,0,17,5,0,0,0,0,6,2,17,5,0,0,0,0,4,2,0.0,0.6666666666666666,1050
Liu Ming,Shen Cheng,7,1000,1000,0.5,0.5,0,0,0,0,0,0,0,0,0,0,0,0,0,0,0,0,4,1,0.0,0.8,1050
Cao Kaisheng,Min Changqing,7,1022,1000,0.5300478260158454,0.513746534902355,9,3,49,18,0,0,0,0,6,2,27,16,0,0,0,0,4,1,0.0,0.8,1050
Tu Jiong,Li Tianen,7,1000,996,0.5054685677142574,0.5024999791668749,0,0,0,0,1,0,5,1,0,0,0,0,5,1,5,1,4,3,0.0,0.5714285714285714,1050
Qin Jianfeng,Liang Jianfeng,7,994,991,0.5041014855971089,0.5018749912109869,1,0,6,2,1,0,6,2,0,0,6,2,6,2,6,2,4,3,0.0,0.5714285714285714,1050
Wen Chen,He Guoqiang,7,985,992,0.4904306643721704,0.4956251116502266,2,0,10,2,4,1,19,7,6,2,10,2,10,6,19,7,4,2,0.0,0.6666666666666666,1050
Guan Zhen,Xu Si,7,1105,999,0.641605432096216,0.5658650028954817,19,12,98,58,5,2,28,9,12,8,98,58,24,9,28,9,4,2,0.0,0.6666666666666666,1050
Long Zehuang,Zhong Lin,7,994,1011,0.476771798023094,0.4893765989950364,1,0,4,0,9,5,45,22,0,0,4,0,11,5,45,22,4,3,0.0,0.5714285714285714,1050
Cao Yupeng,Lei Zhen,7,1278,979,0.8445881619019862,0.6786337178522214,142,75,1025,523,6,1,32,11,110,58,861,452,0,0,32,11,4,1,0.0,0.8,1050
Zhou Yuelong,Liu Jiaming,7,1215,968,0.7995764997363425,0.6496497492904088,43,20,271,136,6,1,32,10,107,57,271,136,13,7,32,10,4,2,0.0,0.6666666666666666,1050
Zhang Yi,Hu Hao,7,991,1093,0.3635067817280711,0.4365932137378064,5,2,27,10,17,10,98,53,0,0,27,10,13,7,98,53,4,2,0.0,0.6666666666666666,1050
Mei Xiwen,Sun Hongrui,7,1137,971,0.7146198510727906,0.6022861768886306,34,16,234,111,6,1,34,12,9,5,92,46,10,4,34,12,4,3,0.0,0.5714285714285714,1050
Fang Xiongman,Huang Hooyong,7,1051,986,0.5880916350836762,0.5405358392737893,13,6,70,34,3,0,17,5,10,6,70,34,0,0,17,5,4,3,0.0,0.5714285714285714,1050
Cao Xinlong,Xu Xinjian,7,1022,992,0.5409388610739393,0.5187412158785352,34,9,208,75,2,1,10,4,64,19,169,66,0,0,10,4,4,0,0.0,1.0,1050
Shan Xianshu,Sam Baird,7,968,1334,0.10858744724493138,0.28597777322269835,5,1,28,9,209,113,1424,740,5,1,28,9,167,89,756,398,4,1,0.0,0.8,1050
Ben Woollaston,Li Yujin,7,1370,955,0.9182063246697127,0.7383673414380187,373,215,2456,1323,7,1,37,11,168,90,910,504,5,1,37,11,4,2,0.0,0.6666666666666666,1050
Mark Williams,Chen Xu,7,1449,1000,0.9334790107069658,0.7544521462725048,1061,695,8439,4823,0,0,0,0,289,172,1166,664,0,0,0,0,4,0,0.0,1.0,1050
Thepchaiya Un-Nooh,Ding Kai,7,1306,990,0.8576412839544288,0.6878313305828404,154,84,1104,581,1,0,4,0,171,96,713,372,4,0,4,0,4,1,0.0,0.8,1050
Craig Steadman,Lin Shuai,7,1282,1065,0.7701459815525172,0.6323937895695628,310,176,2011,1076,20,10,119,55,152,81,586,285,25,14,119,55,4,1,0.0,0.8,1050
Matthew Selt,Qin Jianfeng,7,1382,994,0.9041778640069977,0.7251194977898231,349,185,2438,1252,1,0,6,2,228,139,719,369,0,0,6,2,4,0,0.0,1.0,1050
Noppon Saengkham,Gao Le,7,1277,977,0.8453785395674661,0.679178699175393,88,39,607,277,2,0,10,2,196,98,437,219,5,1,10,2,4,0,0.0,1.0,1050
Pa Ruke,Li Yuan,7,1015,1059,0.44008542926958705,0.47252769565540637,10,3,60,26,17,9,90,45,7,3,60,26,0,0,75,40,4,0,0.0,1.0,1050
Ju Reti,Chen Zhe,7,1151,1226,0.3986489708076568,0.45326184801538616,21,16,115,72,132,68,788,399,18,10,115,72,14,7,442,206,4,1,0.0,0.8,1050
Dechawat Poomjaeng,Luo Guangsheng,7,1354,968,0.9030680094960937,0.7241217707708186,147,81,1044,531,3,0,16,4,195,104,888,463,0,0,16,4,4,2,0.0,0.6666666666666666,1050
Barry Pinches,Long Yun,7,1228,985,0.7957969165005263,0.647370307581549,660,347,5234,2730,1,0,4,0,126,61,565,255,0,0,4,0,4,2,0.0,0.6666666666666666,1050
Joe Perry,Li Yan,7,1444,1146,0.843794955427504,0.6780882495516275,781,455,5745,3076,108,49,728,355,266,154,1257,708,6,2,444,201,4,0,0.0,1.0,1050
Tian Pengfei,Feng Zeyuan,7,1338,978,0.8877146338860857,0.7109495026250039,233,130,1560,826,4,0,23,7,129,67,693,354,7,3,23,7,4,0,0.0,1.0,1050
Fraser Patrick,Chen Junhao,7,1243,989,0.8060824586598727,0.653622330899504,129,58,843,401,4,1,20,7,137,67,516,253,10,5,20,7,4,1,0.0,0.8,1050
Lee Page,Huang Jiahao,7,1115,993,0.661777191191235,0.5756643510425494,191,96,1143,574,9,2,55,20,92,35,294,128,24,9,55,20,4,2,0.0,0.6666666666666666,1050
Sean O'Sullivan,Chen Zifan,7,1158,1046,0.6492231123314619,0.569546223939229,98,41,594,270,15,8,82,40,121,63,453,200,32,13,82,40,4,1,0.0,0.8,1050
Andrew Norman,Zhang Yadong,7,1162,987,0.7248939369984414,0.6076631698328917,308,147,2305,1128,8,2,47,19,43,16,365,170,5,1,47,19,4,1,0.0,0.8,1050
Lu Ning,Wen Chen,7,1124,985,0.6826800016944434,0.5860112044388707,38,14,264,117,2,0,10,2,91,41,264,117,6,2,10,2,4,1,0.0,0.8,1050
Ross Muir,Martin O'Donnell,7,1143,1195,0.42930455538057166,0.4675456936126812,55,22,324,147,190,89,1122,555,107,46,314,142,89,52,469,228,4,2,0.0,0.6666666666666666,1050
Robert Milkins,Zhong Asheng,7,1393,1000,0.9069090732841394,0.7276039892428419,630,390,4768,2616,0,0,0,0,276,150,1210,678,0,0,0,0,4,0,0.0,1.0,1050
Stephen Maguire,Cao Kaisheng,7,1536,1022,0.9561598842403685,0.7832996849890409,692,464,5199,2964,9,3,49,18,332,209,1476,865,6,2,27,16,4,1,0.0,0.8,1050
Kurt Maflin,Ma Tingpeng,7,1267,1012,0.8070005952389404,0.654188113761243,372,218,2483,1347,12,5,64,30,130,57,832,445,5,1,64,30,4,1,0.0,0.8,1050
Oliver Lines,Pang Junxu,7,1222,955,0.8177973252726516,0.6609431415591629,86,48,494,264,4,0,18,2,167,84,440,242,4,0,18,2,4,2,0.0,0.6666666666666666,1050
Peter Lines,Yuan Sijun,7,1232,965,0.8177973252726516,0.6609431415591629,645,355,4770,2495,8,1,47,13,96,40,629,302,7,2,47,13,4,2,0.0,0.6666666666666666,1050
Mark King,Wang Zepeng,7,1312,997,0.856895920094142,0.6872942801972042,726,399,5472,2856,13,4,79,28,147,74,840,434,39,14,79,28,4,1,0.0,0.8,1050
Ding Junhui,Zhao Xintong,7,1482,1280,0.7545108097932872,0.623633628298226,525,345,3871,2194,40,23,274,152,125,71,1236,728,99,53,274,152,4,1,0.0,0.8,1050
Tang Jun,Xia Fukaiti,7,1062,1000,0.5840920587766287,0.538672605206508,18,9,100,49,0,0,0,0,14,8,73,40,0,0,0,0,4,0,0.0,1.0,1050
Jamie Jones,Zong Zhe,7,1352,1000,0.8826364364142812,0.7068222210935676,345,209,2266,1240,0,0,0,0,181,103,815,433,0,0,0,0,4,0,0.0,1.0,1050
Cai Jianzhong,Liu Ming,7,1019,1000,0.5259570402770714,0.5118727677562528,16,5,93,39,0,0,0,0,6,2,62,28,0,0,0,0,4,0,0.0,1.0,1050
Luo Honghao,Rouzi Maimaiti,7,1061,1056,0.5068355814796678,0.5031249593105316,11,7,58,34,22,9,131,53,14,9,58,34,10,4,103,45,4,2,0.0,0.6666666666666666,1050
Michael Holt,Zhang Yong,7,1322,1009,0.855396798107813,0.6862186708976811,584,343,4389,2337,14,6,78,33,204,106,885,470,20,8,78,33,4,1,0.0,0.8,1050
John Higgins,Kobkit Palajin,7,1407,1034,0.8956083654896791,0.7175822059302752,1112,788,9166,5407,43,18,266,122,243,134,1119,647,0,0,0,0,4,0,0.0,1.0,1050
Wang Heng,Liang Wenbo,7,1010,1420,0.08426008115190863,0.2640546060728515,9,4,50,23,378,222,2583,1419,10,5,50,23,208,115,945,535,4,3,0.0,0.5714285714285714,1050
Lyu Haotian,Liu Yiqi,7,1155,963,0.7437579445222342,0.617747874769249,51,20,357,159,3,0,14,2,97,40,357,159,0,0,14,2,4,2,0.0,0.6666666666666666,1050
Li Hang,Si Jiaxin,7,1313,1000,0.855396798107813,0.6862186708976811,124,59,870,437,0,0,0,0,144,77,459,233,0,0,0,0,4,0,0.0,1.0,1050
Xiao Guodong,Lin Yongzhi,7,1389,972,0.9191765758921823,0.7393320946525015,265,154,1808,992,9,2,47,16,173,99,866,473,6,2,47,16,4,2,0.0,0.6666666666666666,1050
David Grace,Geng Mingqi,7,1178,985,0.7448448720621436,0.6183380393302829,208,95,1344,649,3,0,17,5,88,32,606,287,6,2,17,5,4,1,0.0,0.8,1050
Ian Glover,Ren Jiaxing,7,1122,996,0.6667467241528153,0.5781052328843092,143,62,861,414,1,0,5,1,92,33,270,135,5,1,5,1,4,0,0.0,1.0,1050
Michael Georgiou,Pan Weixing,7,1188,1008,0.7305169455924372,0.610639233949222,96,41,564,272,13,6,73,32,99,50,220,122,6,2,73,32,4,1,0.0,0.8,1050
Marco Fu,Au Chi Wai,7,1489,971,0.957308979755465,0.7849922886281077,637,377,4812,2608,20,6,120,43,228,132,1209,689,10,5,48,22,4,2,0.0,0.6666666666666666,1050
Chen Feilong,Martin Gould,7,1031,1470,0.07074931930064952,0.25020861211298523,15,4,88,36,463,278,3146,1707,7,3,88,36,199,115,1055,558,4,2,0.0,0.6666666666666666,1050
Tony Drago,Duan Yanfeng,7,1225,1000,0.7782368395177592,0.6370307944803831,689,343,5706,2837,0,0,0,0,74,33,583,275,0,0,0,0,4,0,0.0,1.0,1050
Graeme Dott,Wang Yuchen,7,1419,1017,0.9116708670628891,0.7320405018416317,654,383,5191,2772,18,6,105,41,241,140,1018,562,10,5,105,41,4,2,0.0,0.6666666666666666,1050
Scott Donaldson,Cheng Feng,7,1269,995,0.8239065989069515,0.6648537304059736,106,56,688,347,1,0,7,3,145,73,678,342,0,0,7,3,4,1,0.0,0.8,1050
Yu Delu,Xu Yongwen,7,1257,1000,0.8088283859322067,0.655318370173895,155,77,1074,547,0,0,0,0,81,33,716,373,0,0,0,0,4,0,0.0,1.0,1050
Ryan Day,Niu Zhuang,7,1385,1010,0.8967839705837035,0.7185943925708561,618,374,4500,2480,15,5,84,31,239,138,1056,561,31,9,84,31,4,1,0.0,0.8,1050
Lyu Chuang,Michael Tomlinson,7,1257,1055,0.7545108097932872,0.623633628298226,212,103,1539,766,18,8,110,54,29,9,605,295,47,25,110,54,4,2,0.0,0.6666666666666666,1050
Lyu Chenwei,Tu Jiong,7,1050,1000,0.5680051367615364,0.5312093733737563,24,9,142,59,0,0,0,0,64,21,135,57,0,0,0,0,4,0,0.0,1.0,1050
Marcus Campbell,Chen Ruifu,7,1208,1031,0.7271505015076656,0.6088545692109504,649,354,4838,2485,13,6,69,35,68,24,780,365,6,2,69,35,4,3,0.0,0.5714285714285714,1050
James Cahill,Paul Ingram,7,1185,1000,0.7360780864464773,0.6136070778047783,73,28,444,192,0,0,0,0,137,70,373,168,0,0,0,0,4,0,0.0,1.0,1050
Jamie Burnett,Xie Zhaoze,7,1252,1000,0.8042377114883456,0.6524894621927444,570,330,4515,2398,0,0,0,0,84,42,635,316,0,0,0,0,4,0,0.0,1.0,1050
Yan Bingtao,Li Yunfei,7,1128,1000,0.6692199309586204,0.5793242521487495,15,8,98,53,0,0,0,0,59,30,98,53,0,0,0,0,4,1,0.0,0.8,1050
Stuart Bingham,Timothy Ng,7,1515,1000,0.9564496103502755,0.7837237376544267,781,491,5862,3328,0,0,0,0,366,230,1473,850,0,0,0,0,4,0,0.0,1.0,1050
Zhang Anda,Ma Chunmao,7,1263,1041,0.7752232149046754,0.6352948493228071,171,78,1183,580,11,5,57,30,52,23,552,260,5,1,57,30,4,1,0.0,0.8,1050
Long Zehuang,Shan Xianshu,7,994,968,0.5354968818114487,0.5162442810620724,1,0,4,0,5,1,28,9,0,0,4,0,5,1,28,9,4,3,0.0,0.5714285714285714,1050
Mei Xiwen,Mark King,7,1137,1312,0.2751060630015586,0.39233683016710835,34,16,234,111,726,399,5472,2856,9,5,92,46,147,74,840,434,4,1,0.0,0.8,1050
Cao Xinlong,Zhang Yi,7,1022,991,0.5422981239384312,0.519365308229932,34,9,208,75,5,2,27,10,64,19,169,66,0,0,27,10,4,1,0.0,0.8,1050
Ben Woollaston,Cheng Sihong,7,1370,1014,0.885196750002571,0.7088901725661199,373,215,2456,1323,2,1,10,6,168,90,910,504,10,6,10,6,4,0,0.0,1.0,1050
Thepchaiya Un-Nooh,Craig Steadman,7,1306,1282,0.5327731710226205,0.51499550161941,154,84,1104,581,310,176,2011,1076,171,96,713,372,152,81,586,285,4,3,0.0,0.5714285714285714,1050
Noppon Saengkham,Lu Ning,7,1277,1124,0.6994442564412618,0.5944759307482401,88,39,607,277,38,14,264,117,196,98,437,219,91,41,264,117,4,3,0.0,0.5714285714285714,1050
Dechawat Poomjaeng,Cai Jianzhong,7,1354,1019,0.87127535599101,0.6979384260080908,147,81,1044,531,16,5,93,39,195,104,888,463,6,2,62,28,4,0,0.0,1.0,1050
Joe Perry,Lyu Haotian,7,1444,1155,0.8365285845595485,0.6731572963701318,781,455,5745,3076,51,20,357,159,266,154,1257,708,97,40,357,159,4,0,0.0,1.0,1050
Fraser Patrick,Zhou Yuelong,7,1243,1215,0.5382188233953898,0.5174928576663897,129,58,843,401,43,20,271,136,137,67,516,253,107,57,271,136,4,2,0.0,0.6666666666666666,1050
Sean O'Sullivan,Guan Zhen,7,1158,1105,0.5720392978025534,0.5330766223661046,98,41,594,270,19,12,98,58,121,63,453,200,12,8,98,58,4,0,0.0,1.0,1050
Ross Muir,Matthew Selt,7,1143,1382,0.20802748945245855,0.3549158624272731,55,22,324,147,349,185,2438,1252,107,46,314,142,228,139,719,369,4,3,0.0,0.5714285714285714,1050
Robert Milkins,James Cahill,7,1393,1185,0.7608368593181393,0.6271477663131956,630,390,4768,2616,73,28,444,192,276,150,1210,678,137,70,373,168,4,1,0.0,0.8,1050
Kurt Maflin,Pa Ruke,7,1267,1015,0.8042377114883456,0.6524894621927444,372,218,2483,1347,10,3,60,26,130,57,832,445,7,3,60,26,4,2,0.0,0.6666666666666666,1050
Oliver Lines,Barry Pinches,7,1222,1228,0.4917974901893887,0.496250070310918,86,48,494,264,660,347,5234,2730,167,84,440,242,126,61,565,255,4,2,0.0,0.6666666666666666,1050
Ding Junhui,Jamie Jones,7,1482,1352,0.6716853028295744,0.5805423048206596,525,345,3871,2194,345,209,2266,1240,125,71,1236,728,181,103,815,433,4,1,0.0,0.8,1050
Michael Holt,Cai Peng,7,1322,1000,0.8620548673015752,0.6910430124157229,584,343,4389,2337,0,0,0,0,204,106,885,470,0,0,0,0,4,2,0.0,0.6666666666666666,1050
Li Hang,Peter Lines,7,1313,1232,0.6092484254460553,0.5504527113395278,124,59,870,437,645,355,4770,2495,144,77,459,233,96,40,629,302,4,1,0.0,0.8,1050
Xiao Guodong,Marcus Campbell,7,1389,1208,0.7316341543771714,0.6112334666758695,265,154,1808,992,649,354,4838,2485,173,99,866,473,68,24,780,365,4,1,0.0,0.8,1050
David Grace,Lyu Chenwei,7,1178,1050,0.6692199309586204,0.5793242521487495,208,95,1344,649,24,9,142,59,88,32,606,287,64,21,135,57,4,1,0.0,0.8,1050
Ian Glover,Cao Yupeng,7,1122,1278,0.2970193973349833,0.40371730070321216,143,62,861,414,142,75,1025,523,92,33,270,135,110,58,861,452,4,3,0.0,0.5714285714285714,1050
Marco Fu,Stephen Maguire,7,1489,1536,0.4360365854867152,0.47065874995421436,637,377,4812,2608,692,464,5199,2964,228,132,1209,689,332,209,1476,865,4,3,0.0,0.5714285714285714,1050
Chen Feilong,John Higgins,7,1031,1407,0.10263206739874184,0.2809003425836161,15,4,88,36,1112,788,9166,5407,7,3,88,36,243,134,1119,647,4,3,0.0,0.5714285714285714,1050
Tony Drago,Fang Xiongman,7,1225,1051,0.7237619985420221,0.6070669880717036,689,343,5706,2837,13,6,70,34,74,33,583,275,10,6,70,34,4,1,0.0,0.8,1050
Graeme Dott,Luo Honghao,7,1419,1061,0.8864609774555678,0.7099209183344533,654,383,5191,2772,11,7,58,34,241,140,1018,562,14,9,58,34,4,0,0.0,1.0,1050
Scott Donaldson,Tian Pengfei,7,1269,1338,0.4065907825999159,0.4569816192756902,106,56,688,347,233,130,1560,826,145,73,678,342,129,67,693,354,4,3,0.0,0.5714285714285714,1050
Yu Delu,Ju Reti,7,1257,1151,0.641605432096216,0.5658650028954817,155,77,1074,547,21,16,115,72,81,33,716,373,18,10,115,72,4,3,0.0,0.5714285714285714,1050
Ryan Day,Lee Page,7,1385,1115,0.8204326451879429,0.6626218371700825,618,374,4500,2480,191,96,1143,574,239,138,1056,561,92,35,294,128,4,1,0.0,0.8,1050
Lyu Chuang,Wang Heng,7,1257,1010,0.7995764997363425,0.6496497492904088,212,103,1539,766,9,4,50,23,29,9,605,295,10,5,50,23,4,3,0.0,0.5714285714285714,1050
Jamie Burnett,Michael Georgiou,7,1252,1188,0.5867595016023184,0.5399148845555657,570,330,4515,2398,96,41,564,272,84,42,635,316,99,50,220,122,4,2,0.0,0.6666666666666666,1050
Yan Bingtao,Tang Jun,7,1128,1062,0.589422689021118,0.541156668150228,15,8,98,53,18,9,100,49,59,30,98,53,14,8,73,40,4,2,0.0,0.6666666666666666,1050
Stuart Bingham,Mark Williams,7,1515,1449,0.589422689021118,0.541156668150228,781,491,5862,3328,1061,695,8439,4823,366,230,1473,850,289,172,1166,664,4,3,0.0,0.5714285714285714,1050
Zhang Anda,Andrew Norman,7,1263,1162,0.6352110684578025,0.5627917401386452,171,78,1183,580,308,147,2305,1128,52,23,552,260,43,16,365,170,4,2,0.0,0.6666666666666666,1050
Thepchaiya Un-Nooh,Zhang Anda,7,1306,1263,0.5585634499391967,0.5268491486891144,154,84,1104,581,171,78,1183,580,171,96,713,372,52,23,552,260,4,2,0.0,0.6666666666666666,1050
Dechawat Poomjaeng,Chen Feilong,7,1354,1031,0.8627807229403067,0.6915765137521193,147,81,1044,531,15,4,88,36,195,104,888,463,7,3,88,36,4,2,0.0,0.6666666666666666,1050
Joe Perry,Ben Woollaston,7,1444,1370,0.6000303895586184,0.5461185410457796,781,455,5745,3076,373,215,2456,1323,266,154,1257,708,168,90,910,504,4,1,0.0,0.8,1050
Robert Milkins,Marco Fu,7,1393,1489,0.3712235715309693,0.44028635073280703,630,390,4768,2616,637,377,4812,2608,276,150,1210,678,228,132,1209,689,4,1,0.0,0.8,1050
Kurt Maflin,Graeme Dott,7,1267,1419,0.30173900629161093,0.4061268970658573,372,218,2483,1347,654,383,5191,2772,130,57,832,445,241,140,1018,562,4,2,0.0,0.6666666666666666,1050
Oliver Lines,Mei Xiwen,7,1222,1137,0.6144870727228646,0.5529259881329059,86,48,494,264,34,16,234,111,167,84,440,242,9,5,92,46,4,2,0.0,0.6666666666666666,1050
Ding Junhui,Tony Drago,7,1482,1225,0.8088283859322067,0.655318370173895,525,345,3871,2194,689,343,5706,2837,125,71,1236,728,74,33,583,275,4,1,0.0,0.8,1050
Michael Holt,Noppon Saengkham,7,1322,1277,0.5612649493584694,0.528095374408387,584,343,4389,2337,88,39,607,277,204,106,885,470,196,98,437,219,4,1,0.0,0.8,1050
Li Hang,Lyu Chuang,7,1313,1257,0.5760654606907909,0.5349429451582145,124,59,870,437,212,103,1539,766,144,77,459,233,29,9,605,295,4,0,0.0,1.0,1050
Xiao Guodong,Ian Glover,7,1389,1122,0.8177973252726516,0.6609431415591629,265,154,1808,992,143,62,861,414,173,99,866,473,92,33,270,135,4,1,0.0,0.8,1050
David Grace,Fraser Patrick,7,1178,1243,0.4119083649163239,0.4594641607262107,208,95,1344,649,129,58,843,401,88,32,606,287,137,67,516,253,4,2,0.0,0.6666666666666666,1050
Scott Donaldson,Long Zehuang,7,1269,994,0.8247679763275149,0.665410558746814,106,56,688,347,1,0,4,0,145,73,678,342,0,0,4,0,4,0,0.0,1.0,1050
Yu Delu,Sean O'Sullivan,7,1257,1158,0.6326419490877371,0.5615610703361955,155,77,1074,547,98,41,594,270,81,33,716,373,121,63,453,200,4,3,0.0,0.5714285714285714,1050
Ryan Day,Ross Muir,7,1385,1143,0.794845010612041,0.6467993925579857,618,374,4500,2480,55,22,324,147,239,138,1056,561,107,46,314,142,4,2,0.0,0.6666666666666666,1050
Jamie Burnett,Cao Xinlong,7,1252,1022,0.783204659627048,0.6399160967377341,570,330,4515,2398,34,9,208,75,84,42,635,316,64,19,169,66,4,2,0.0,0.6666666666666666,1050
Yan Bingtao,Stuart Bingham,7,1128,1515,0.09637581676917054,0.27537908558188084,15,8,98,53,781,491,5862,3328,59,30,98,53,366,230,1473,850,4,0,0.0,1.0,1050
Robert Milkins,Xiao Guodong,7,1393,1389,0.5054685677142574,0.5024999791668749,630,390,4768,2616,265,154,1808,992,276,150,1210,678,173,99,866,473,4,2,0.0,0.6666666666666666,1050
Ding Junhui,Joe Perry,7,1482,1444,0.5517972899579606,0.523732154126561,525,345,3871,2194,781,455,5745,3076,125,71,1236,728,266,154,1257,708,4,1,0.0,0.8,1050
Michael Holt,Kurt Maflin,7,1322,1267,0.5747243219334544,0.5343209436693046,584,343,4389,2337,372,218,2483,1347,204,106,885,470,130,57,832,445,4,2,0.0,0.6666666666666666,1050
Li Hang,Dechawat Poomjaeng,7,1313,1354,0.44414095234189266,0.47439741167538224,124,59,870,437,147,81,1044,531,144,77,459,233,195,104,888,463,4,3,0.0,0.5714285714285714,1050
Scott Donaldson,Oliver Lines,7,1269,1222,0.5639634145132848,0.5293412500457856,106,56,688,347,86,48,494,264,145,73,678,342,167,84,440,242,4,2,0.0,0.6666666666666666,1050
Yu Delu,Yan Bingtao,7,1257,1128,0.6704536022204194,0.5799334001885058,155,77,1074,547,15,8,98,53,81,33,716,373,59,30,98,53,4,2,0.0,0.6666666666666666,1050
Ryan Day,David Grace,7,1385,1178,0.7597891374076362,0.6265629971237182,618,374,4500,2480,208,95,1344,649,239,138,1056,561,88,32,606,287,4,0,0.0,1.0,1050
Jamie Burnett,Thepchaiya Un-Nooh,7,1252,1306,0.4266177377216683,0.4663011645670992,570,330,4515,2398,154,84,1104,581,84,42,635,316,171,96,713,372,4,0,0.0,1.0,1050
Robert Milkins,Scott Donaldson,7,1393,1269,0.6642657784879786,0.5768852611320463,630,390,4768,2616,106,56,688,347,276,150,1210,678,145,73,678,342,4,1,0.0,0.8,1050
Ding Junhui,Jamie Burnett,7,1482,1252,0.783204659627048,0.6399160967377341,525,345,3871,2194,570,330,4515,2398,125,71,1236,728,84,42,635,316,4,2,0.0,0.6666666666666666,1050
Michael Holt,Li Hang,7,1322,1313,0.5123026114255715,0.5056247627073255,584,343,4389,2337,124,59,870,437,204,106,885,470,144,77,459,233,4,3,0.0,0.5714285714285714,1050
Ryan Day,Yu Delu,7,1385,1257,0.6692199309586204,0.5793242521487495,618,374,4500,2480,155,77,1074,547,239,138,1056,561,81,33,716,373,4,1,0.0,0.8,1050
Ding Junhui,Ryan Day,7,1482,1385,0.6300664956451868,0.5603296426885532,525,345,3871,2194,618,374,4500,2480,125,71,1236,728,239,138,1056,561,4,2,0.0,0.6666666666666666,1050
Michael Holt,Robert Milkins,7,1322,1393,0.4039387802743521,0.4557411415821268,584,343,4389,2337,630,390,4768,2616,204,106,885,470,276,150,1210,678,4,2,0.0,0.6666666666666666,1050
Ding Junhui,Michael Holt,7,1482,1322,0.7076639986592218,0.598687660112452,525,345,3871,2194,584,343,4389,2337,125,71,1236,728,204,106,885,470,4,2,0.0,0.6666666666666666,1050
Chen Zhe,Ross Higgins,7,1212,906,0.8500614892601291,0.6824383021930648,133,68,793,400,29,7,142,47,19,8,447,207,39,19,133,46,4,2,0.0,0.6666666666666666,1047
Daniel Wells,Filipe Cardoso,7,1147,973,0.7237619985420221,0.6070669880717036,227,110,1510,744,2,0,8,0,85,37,556,246,0,0,8,0,4,0,0.0,1.0,1047
Charlie Walters,Jason Weston,7,981,1196,0.2319038910879732,0.36876933738359946,53,18,292,127,263,148,2087,1113,0,0,95,42,0,0,0,0,4,1,0.0,0.8,1047
Gary Thomson,David Maslov,7,1101,996,0.6403298636636867,0.5652507475670999,149,78,1088,553,3,2,17,8,0,0,0,0,0,0,17,8,4,3,0.0,0.5714285714285714,1047
Joe Roberts,Thomas Barton,7,1016,1000,0.5218633393972989,0.5099986668799655,15,7,81,42,0,0,0,0,8,3,81,42,0,0,0,0,4,2,0.0,0.6666666666666666,1047
John Parkin,Jason Tart,7,998,966,0.5436568604546561,0.5199893401555818,10,4,52,23,4,0,21,5,10,6,52,23,0,0,0,0,4,0,0.0,1.0,1047
Martin O'Donnell,Ben Jones,7,1185,1049,0.6790334655716898,0.5841905229354074,191,89,1128,557,45,23,234,116,95,54,475,230,65,32,234,116,4,0,0.0,1.0,1047
William Lemons,Peter Devlin,7,994,970,0.5327731710226205,0.51499550161941,18,6,97,42,5,1,23,7,55,29,88,38,8,4,23,7,4,1,0.0,0.8,1047
Darryl Hill,Mark Davies,7,1016,1000,0.5218633393972989,0.5099986668799655,20,8,120,53,0,0,0,0,24,8,114,51,0,0,0,0,4,0,0.0,1.0,1047
Liam Highfield,Jason Devaney,7,1349,983,0.8914125527550687,0.7140222267773016,227,126,1528,807,4,0,21,6,145,82,688,354,0,0,16,4,4,1,0.0,0.8,1047
Gareth Green,Andreas Ploner,7,1083,1031,0.5706954446194282,0.5324543063873187,45,22,258,118,25,11,136,61,0,0,155,77,90,40,126,56,4,1,0.0,0.8,1047
Kacper Filipiak,Nick Skinner,7,955,1000,0.4387350506415305,0.4719046255916129,39,8,211,60,0,0,0,0,63,27,150,55,0,0,0,0,4,0,0.0,1.0,1047
Ryan Causton,Ashley Hugill,7,1113,986,0.6679843009449487,0.578714862460134,83,43,450,223,12,4,62,26,53,28,358,184,40,16,62,26,4,2,0.0,0.6666666666666666,1047
Jamie Barrett,Zack Richardson,7,1072,1061,0.5150352723345792,0.5068745667645342,26,11,147,74,27,14,147,81,0,0,60,32,58,31,147,81,4,2,0.0,0.6666666666666666,1047
Phil Barnes,Matt Lippett,7,991,1000,0.48769738857442835,0.4943752372926745,35,14,189,83,0,0,0,0,4,0,124,58,0,0,0,0,4,2,0.0,0.6666666666666666,1047
Chen Zhe,Ben Harrison,7,1212,1165,0.5639634145132848,0.5293412500457856,133,68,793,400,119,64,656,349,19,8,447,207,0,0,260,140,4,2,0.0,0.6666666666666666,1047
Wang Zepeng,Ross Vallance,7,992,950,0.557211603425229,0.5262259093720687,14,4,84,29,11,3,53,18,44,15,84,29,0,0,0,0,4,0,0.0,1.0,1047
Li Yan,Feng Yijun,7,1136,986,0.6958878075458884,0.5926665999540697,109,49,732,355,1,0,4,0,10,2,448,201,0,0,4,0,4,0,0.0,1.0,1047
Fang Xiongman,Anthony Massey,7,1046,787,0.810644856301382,0.6564468724566059,15,7,82,39,55,7,344,107,22,11,82,39,0,0,0,0,4,0,0.0,1.0,1047
Sydney Wilson,Ben Fortey,7,1107,958,0.6946979044907379,0.5920629281648192,108,43,598,278,11,3,61,22,87,42,308,162,0,0,61,22,4,1,0.0,0.8,1047
Michael Wild,Alex Taubman,7,1217,1070,0.692311529960642,0.5908547524545943,266,150,1602,878,113,49,604,272,0,0,267,144,67,38,263,132,4,2,0.0,0.6666666666666666,1047
Daniel Wells,Matthew Glasby,7,1147,1002,0.6899164671577602,0.5896454785627312,227,110,1510,744,15,7,89,43,85,37,556,246,46,21,89,43,4,1,0.0,0.8,1047
Charlie Walters,Adam Edge,7,981,977,0.5054685677142574,0.5024999791668749,53,18,292,127,16,6,88,39,0,0,95,42,10,5,88,39,4,3,0.0,0.5714285714285714,1047
Lee Walker,Hassan Vaizie,7,1233,1003,0.783204659627048,0.6399160967377341,359,203,2842,1480,70,28,503,235,71,27,122,56,0,0,7,4,4,2,0.0,0.6666666666666666,1047
Lucky Vatnani,Jamie Barrett,7,969,1072,0.36222625682132775,0.43597836257374245,61,22,343,140,26,11,147,74,0,0,167,68,0,0,60,32,4,1,0.0,0.8,1047
Michael Tomlinson,Mark Owens,7,1053,934,0.6580301976734948,0.5738312575916094,19,8,116,56,26,6,141,52,53,27,116,56,31,8,59,23,4,2,0.0,0.6666666666666666,1047
John Sutton,Leigh Davies,7,1069,1000,0.5934092174000843,0.5430183807243099,45,23,248,126,0,0,0,0,62,24,112,49,0,0,0,0,4,3,0.0,0.5714285714285714,1047
Adam Stefanow,Simon Bevz,7,1028,688,0.8746981311142084,0.7005671424739729,12,6,61,30,26,0,110,5,0,0,32,18,0,0,24,0,4,0,0.0,1.0,1047
Eden Sharav,Thomas Hilborne,7,1143,1000,0.6875128007198821,0.5884351201276382,48,28,270,140,0,0,0,0,129,66,213,110,0,0,0,0,4,0,0.0,1.0,1047
Shachar Ruberg,Charon Parker,7,1034,985,0.5666587144886649,0.530586760182081,13,4,98,37,1,0,4,0,59,22,98,37,0,0,4,0,4,0,0.0,1.0,1047
Joe Roberts,Mitchell Mann,7,1016,1172,0.2970193973349833,0.40371730070321216,15,7,81,42,148,73,872,438,8,3,81,42,109,51,321,159,4,0,0.0,1.0,1047
George Pragnall,Kurtis Weaver,7,997,996,0.5013671846516985,0.5006249996744794,4,1,28,10,3,1,16,7,22,8,22,8,0,0,16,7,4,1,0.0,0.8,1047
John Parkin,Henry Roper,7,998,938,0.5814204865006773,0.5374298453437496,10,4,52,23,10,2,54,20,10,6,52,23,0,0,54,20,4,1,0.0,0.8,1047
Alex Pagulayan,Phil Barnes,7,975,991,0.4781366606027012,0.4900013331200346,4,0,26,5,35,14,189,83,26,5,26,5,4,0,124,58,4,0,0.0,1.0,1047
Sean O'Sullivan,Richard Remelie,7,1181,958,0.7762304913665884,0.6358738914270539,101,43,610,281,9,2,51,18,137,74,469,211,0,0,51,18,4,2,0.0,0.6666666666666666,1047
Jamie O'Neill,Andrew Rogers,7,1175,1007,0.7169197076810394,0.6034832498647263,248,128,1567,810,28,12,146,66,16,5,352,160,16,6,98,48,4,2,0.0,0.6666666666666666,1047
Martin O'Donnell,Sachin Plaha,7,1185,782,0.9121878509997997,0.7325306102876052,191,89,1128,557,19,0,85,9,95,54,475,230,0,0,39,3,4,0,0.0,1.0,1047
Joe O'Connor,Mike Hallett,7,1045,1103,0.42125508861179106,0.4638133797682053,29,13,173,82,630,328,5107,2566,101,44,173,82,0,0,16,8,4,2,0.0,0.6666666666666666,1047
Jake Nicholson,Adam Bobat,7,939,971,0.4563431395453441,0.48001065984441826,49,12,255,95,16,5,88,35,33,17,118,54,32,13,75,29,4,3,0.0,0.5714285714285714,1047
Saqib Nasir,Terry Challenger,7,1107,821,0.8340553716337187,0.6715050342254059,56,29,305,166,23,3,112,26,15,6,211,118,0,0,26,7,4,2,0.0,0.6666666666666666,1047
Martin McCrudden,Song Yang,7,1015,1000,0.5204982038546295,0.5093739015216607,11,5,57,24,0,0,0,0,12,8,12,8,0,0,0,0,4,1,0.0,0.8,1047
Michael Leslie,Gary Thomson,7,1061,1101,0.44549420086403224,0.47502081252106,79,20,502,194,149,78,1088,553,89,33,369,133,0,0,0,0,4,2,0.0,0.6666666666666666,1047
Sanderson Lam,Adam King,7,1087,983,0.6390526295107546,0.5646362918030292,54,26,293,138,1,0,4,0,70,38,263,127,0,0,4,0,4,1,0.0,0.8,1047
Jake Keen,Hasan Khan,7,1000,974,0.5354968818114487,0.5162442810620724,0,0,0,0,2,0,8,0,0,0,0,0,0,0,0,0,4,1,0.0,0.8,1047
Nick Jennings,Jimmy Carney,7,1115,944,0.7203516579445735,0.6052765337748445,90,44,494,247,23,10,144,62,0,0,140,67,0,0,64,26,4,1,0.0,0.8,1047
Darryl Hill,Brian Cini,7,1016,1023,0.4904306643721704,0.4956251116502266,20,8,120,53,12,6,61,33,24,8,114,51,49,27,61,33,4,2,0.0,0.6666666666666666,1047
Liam Highfield,Kishan Hirani,7,1349,1074,0.8247679763275149,0.665410558746814,227,126,1528,807,89,41,471,220,145,82,688,354,69,39,217,111,4,1,0.0,0.8,1047
Louis Heathcote,Rahul Sachdev,7,1001,1003,0.4972656477862734,0.49875000260416025,4,1,25,11,5,2,32,17,7,3,25,11,0,0,32,17,4,3,0.0,0.5714285714285714,1047
Gareth Green,Dylan Mitchell,7,1083,991,0.6236008848905433,0.5572478545985555,45,22,258,118,14,6,83,33,0,0,155,77,0,0,83,33,4,1,0.0,0.8,1047
Michael Georgiou,Adam Wicheard,7,1190,1233,0.44143655006080335,0.4731508513108857,98,42,575,278,175,86,1032,526,110,56,231,128,0,0,326,179,4,3,0.0,0.5714285714285714,1047
Lewis Frampton,Christopher Keogan,7,931,1074,0.3124871992801179,0.4115648798723618,12,3,62,20,59,21,317,144,0,0,42,15,63,38,268,125,4,0,0.0,1.0,1047
Kacper Filipiak,Shokat Ali,7,955,1119,0.28768943450591145,0.3989121211516302,39,8,211,60,418,229,3227,1674,63,27,150,55,0,0,6,2,4,1,0.0,0.8,1047
Leo Fernandez,Raymond Fry,7,1235,1016,0.7721850273226749,0.633555377636775,381,232,2928,1588,11,5,63,33,0,0,46,31,0,0,30,16,4,0,0.0,1.0,1047
Reanne Evans,Anthony Harris,7,1036,935,0.6352110684578025,0.5627917401386452,110,38,590,240,210,89,1637,767,57,30,282,137,0,0,85,34,4,1,0.0,0.8,1047
Nico Elton,Wayne Townsend,7,1028,1006,0.5300478260158454,0.513746534902355,28,11,158,69,25,13,170,87,67,32,147,65,0,0,29,11,4,0,0.0,1.0,1047
Adam Duffy,Ricky Norris,7,1245,977,0.8186786074572162,0.6615031592029524,214,111,1326,683,31,10,171,72,109,65,557,268,0,0,105,47,4,3,0.0,0.5714285714285714,1047
TJ Dowling,Duane Jones,7,1028,1258,0.2167953403729519,0.36008390326226586,12,7,61,31,80,49,446,262,56,31,56,31,31,21,299,179,4,2,0.0,0.6666666666666666,1047
Matthew Day,Michael Collumb,7,1091,974,0.6555229391190917,0.5726080638632601,108,50,584,283,24,9,130,56,66,28,355,182,44,22,81,34,4,2,0.0,0.6666666666666666,1047
Paul Davison,Damian Wilks,7,1268,951,0.858383853016921,0.6883678768310286,561,305,3978,2058,19,6,99,37,119,71,740,377,0,0,43,19,4,2,0.0,0.6666666666666666,1047
Marc Davis,Joshua Baddeley,7,1052,1032,0.5273209820427867,0.5124973964842103,83,34,439,199,5,3,26,16,50,27,223,117,26,16,26,16,4,0,0.0,1.0,1047
Jeff Cundy,Mark Vincent,7,1176,937,0.7919725105475417,0.645084137572727,492,262,3483,1810,33,10,161,62,62,35,320,175,17,7,103,45,4,0,0.0,1.0,1047
Jamie Clarke,Robert Carlisle,7,1172,953,0.7721850273226749,0.633555377636775,68,33,387,199,7,1,39,13,142,78,294,159,0,0,0,0,4,1,0.0,0.8,1047
Ryan Causton,Keith Keldie,7,1113,1000,0.6504866469700167,0.5701590253818352,83,43,450,223,0,0,0,0,53,28,358,184,0,0,0,0,4,2,0.0,0.6666666666666666,1047
Shane Castle,Joe Steele,7,1079,978,0.6352110684578025,0.5627917401386452,48,21,282,134,36,14,183,78,22,8,198,97,39,14,183,78,4,1,0.0,0.8,1047
Ashley Carty,Andy Marriott,7,1126,916,0.7629243149475251,0.6283161882953663,56,27,327,160,14,3,75,25,116,57,302,151,7,3,75,25,4,2,0.0,0.6666666666666666,1047
James Burrett,Justin Astley,7,876,1195,0.14013938303066084,0.31056054693922636,22,4,111,33,272,151,1753,900,0,0,39,13,0,0,330,170,4,3,0.0,0.5714285714285714,1047
Billy Brown,Joe Rhone,7,958,1000,0.44278839657477087,0.4737740906279313,16,4,82,30,0,0,0,0,45,21,78,30,0,0,0,0,4,0,0.0,1.0,1047
Oliver Brown,Rhys Clark,7,1180,1078,0.6364932182719292,0.5634067862621936,115,48,620,284,38,19,203,101,109,55,421,225,26,12,203,101,4,1,0.0,0.8,1047
Danny Brindle,James Silverwood,7,923,920,0.5041014855971089,0.5018749912109869,8,0,41,9,60,16,323,120,0,0,9,1,0,0,102,45,4,2,0.0,0.6666666666666666,1047
Hans Blanckaert,Nathan Jones,7,874,1000,0.33325327584718467,0.4218947671156908,89,21,468,164,0,0,0,0,42,17,171,69,0,0,0,0,4,0,0.0,1.0,1047
John Beesley,Imran Puri,7,975,662,0.855396798107813,0.6862186708976811,7,2,37,15,49,6,243,51,0,0,18,6,0,0,13,1,4,1,0.0,0.8,1047
Martin Ball,Corey Deuel,7,998,1000,0.4972656477862734,0.49875000260416025,37,14,194,82,0,0,0,0,0,0,72,35,0,0,0,0,4,2,0.0,0.6666666666666666,1047
Gareth Allen,Richard Somauroo,7,1130,846,0.8323923521776074,0.6704011598088686,97,47,542,268,98,30,638,257,97,49,399,196,0,0,0,0,4,2,0.0,0.6666666666666666,1047
Chen Zhe,Hans Blanckaert,7,1212,874,0.8733372031383986,0.6995172276624274,133,68,793,400,89,21,468,164,19,8,447,207,42,17,171,69,4,3,0.0,0.5714285714285714,1047
Wang Zepeng,Craig Barber,7,992,991,0.5013671846516985,0.5006249996744794,14,4,84,29,68,30,440,206,44,15,84,29,6,1,100,44,4,0,0.0,1.0,1047
Li Yan,Fang Xiongman,7,1136,1046,0.6210041469292463,0.5560138905446199,109,49,732,355,15,7,82,39,10,2,448,201,22,11,82,39,4,3,0.0,0.5714285714285714,1047
Michael Wild,Billy Brown,7,1217,958,0.810644856301382,0.6564468724566059,266,150,1602,878,16,4,82,30,0,0,267,144,45,21,78,30,4,3,0.0,0.5714285714285714,1047
Daniel Wells,Sydney Wilson,7,1147,1107,0.5545057991359676,0.52497918747894,227,110,1510,744,108,43,598,278,85,37,556,246,87,42,308,162,4,2,0.0,0.6666666666666666,1047
Lee Walker,Charlie Walters,7,1233,981,0.8042377114883456,0.6524894621927444,359,203,2842,1480,53,18,292,127,71,27,122,56,0,0,95,42,4,0,0.0,1.0,1047
John Sutton,Jake Nicholson,7,1069,939,0.6716853028295744,0.5805423048206596,45,23,248,126,49,12,255,95,62,24,112,49,33,17,118,54,4,2,0.0,0.6666666666666666,1047
Adam Stefanow,Jamie Chui,7,1028,996,0.5436568604546561,0.5199893401555818,12,6,61,30,1,0,7,3,0,0,32,18,0,0,7,3,4,1,0.0,0.8,1047
Eden Sharav,Shane Castle,7,1143,1079,0.5867595016023184,0.5399148845555657,48,28,270,140,48,21,282,134,129,66,213,110,22,8,198,97,4,0,0.0,1.0,1047
George Pragnall,Matthew Day,7,997,1091,0.37380831662168224,0.44151888756183866,4,1,28,10,108,50,584,283,22,8,22,8,66,28,355,182,4,1,0.0,0.8,1047
John Parkin,Callum Lloyd,7,998,955,0.5585634499391967,0.5268491486891144,10,4,52,23,11,2,57,20,10,6,52,23,0,0,24,11,4,2,0.0,0.6666666666666666,1047
Alex Pagulayan,Michael Tomlinson,7,975,1053,0.3946945160108152,0.4514038914168657,4,0,26,5,19,8,116,56,26,5,26,5,53,27,116,56,4,0,0.0,1.0,1047
Sean O'Sullivan,Joe Roberts,7,1181,1016,0.7134663824052628,0.6016871801828567,101,43,610,281,15,7,81,42,137,74,469,211,8,3,81,42,4,2,0.0,0.6666666666666666,1047
Jamie O'Neill,Leo Fernandez,7,1175,1235,0.4185795134993229,0.46257015465625045,248,128,1567,810,381,232,2928,1588,16,5,352,160,0,0,46,31,4,3,0.0,0.5714285714285714,1047
Joe O'Connor,Jeff Cundy,7,1045,1176,0.32708497904170997,0.41884903571060617,29,13,173,82,492,262,3483,1810,101,44,173,82,62,35,320,175,4,2,0.0,0.6666666666666666,1047
Saqib Nasir,Sanderson Lam,7,1107,1087,0.5273209820427867,0.5124973964842103,56,29,305,166,54,26,293,138,15,6,211,118,70,38,263,127,4,2,0.0,0.6666666666666666,1047
Michael Leslie,Brandon Sargeant,7,1061,1003,0.578744911388209,0.5361866202317948,79,20,502,194,16,6,91,41,89,33,369,133,49,25,91,41,4,1,0.0,0.8,1047
William Lemons,Paul Davison,7,994,1268,0.17609340109304839,0.3351462695940264,18,6,97,42,561,305,3978,2058,55,29,88,38,119,71,740,377,4,3,0.0,0.5714285714285714,1047
Jake Keen,Danny Brindle,7,1000,923,0.6039885915613215,0.5479769376367963,0,0,0,0,8,0,41,9,0,0,0,0,0,0,9,1,4,2,0.0,0.6666666666666666,1047
Darryl Hill,John Beesley,7,1016,975,0.5558590476581076,0.5256025883246178,20,8,120,53,7,2,37,15,24,8,114,51,0,0,18,6,4,1,0.0,0.8,1047
Liam Highfield,Marc Davis,7,1349,1052,0.8429989187038389,0.6775422953274692,227,126,1528,807,83,34,439,199,145,82,688,354,50,27,223,117,4,2,0.0,0.6666666666666666,1047
Michael Georgiou,Gareth Green,7,1190,1083,0.6428793213307702,0.5664790559676278,98,42,575,278,45,22,258,118,110,56,231,128,0,0,155,77,4,0,0.0,1.0,1047
Kacper Filipiak,Martin O'Donnell,7,955,1185,0.2167953403729519,0.36008390326226586,39,8,211,60,191,89,1128,557,63,27,150,55,95,54,475,230,4,2,0.0,0.6666666666666666,1047
Reanne Evans,Shachar Ruberg,7,1036,1034,0.5027343522137269,0.5012499973958399,110,38,590,240,13,4,98,37,57,30,282,137,59,22,98,37,4,1,0.0,0.8,1047
Adam Duffy,Nico Elton,7,1245,1028,0.7701459815525172,0.6323937895695628,214,111,1326,683,28,11,158,69,109,65,557,268,67,32,147,65,4,0,0.0,1.0,1047
Callum Downing,Lewis Frampton,7,1037,931,0.641605432096216,0.5658650028954817,26,12,142,66,12,3,62,20,0,0,98,49,0,0,42,15,4,1,0.0,0.8,1047
TJ Dowling,James Burrett,7,1028,876,0.698260993708389,0.5938731029341427,12,7,61,31,22,4,111,33,56,31,56,31,0,0,39,13,4,2,0.0,0.6666666666666666,1047
Jamie Clarke,Louis Heathcote,7,1172,1001,0.7203516579445735,0.6052765337748445,68,33,387,199,4,1,25,11,142,78,294,159,7,3,25,11,4,1,0.0,0.8,1047
Ryan Causton,Nick Jennings,7,1113,1115,0.4972656477862734,0.49875000260416025,83,43,450,223,90,44,494,247,53,28,358,184,0,0,140,67,4,2,0.0,0.6666666666666666,1047
Ashley Carty,Lucky Vatnani,7,1126,969,0.7041548710511403,0.596884378259767,56,27,327,160,61,22,343,140,116,57,302,151,0,0,167,68,4,3,0.0,0.5714285714285714,1047
Oliver Brown,Gareth Allen,7,1180,1130,0.5680051367615364,0.5312093733737563,115,48,620,284,97,47,542,268,109,55,421,225,97,49,399,196,4,0,0.0,1.0,1047
Martin Ball,Martin McCrudden,7,998,1015,0.476771798023094,0.4893765989950364,37,14,194,82,11,5,57,24,0,0,72,35,12,8,12,8,4,3,0.0,0.5714285714285714,1047
Wang Zepeng,Adam Stefanow,7,992,1028,0.45091379157772826,0.4775151752081999,14,4,84,29,12,6,61,30,44,15,84,29,0,0,32,18,4,1,0.0,0.8,1047
Michael Wild,Chen Zhe,7,1217,1212,0.5068355814796678,0.5031249593105316,266,150,1602,878,133,68,793,400,0,0,267,144,19,8,447,207,4,3,0.0,0.5714285714285714,1047
Daniel Wells,Reanne Evans,7,1147,1036,0.6479578189910667,0.5689332093695465,227,110,1510,744,110,38,590,240,85,37,556,246,57,30,282,137,4,0,0.0,1.0,1047
Lee Walker,Kacper Filipiak,7,1233,955,0.8273350387178837,0.6670782770956253,359,203,2842,1480,39,8,211,60,71,27,122,56,63,27,150,55,4,0,0.0,1.0,1047
Eden Sharav,Darryl Hill,7,1143,1016,0.6679843009449487,0.578714862460134,48,28,270,140,20,8,120,53,129,66,213,110,24,8,114,51,4,3,0.0,0.5714285714285714,1047
George Pragnall,TJ Dowling,7,997,1028,0.4577018760615691,0.4806346917700681,4,1,28,10,12,7,61,31,22,8,22,8,56,31,56,31,4,1,0.0,0.8,1047
Alex Pagulayan,John Sutton,7,975,1069,0.37380831662168224,0.44151888756183866,4,0,26,5,45,23,248,126,26,5,26,5,62,24,112,49,4,0,0.0,1.0,1047
Jamie O'Neill,Ryan Causton,7,1175,1113,0.5840920587766287,0.538672605206508,248,128,1567,810,83,43,450,223,16,5,352,160,53,28,358,184,4,1,0.0,0.8,1047
Joe O'Connor,Saqib Nasir,7,1045,1107,0.41590794122337116,0.46132739479349205,29,13,173,82,56,29,305,166,101,44,173,82,15,6,211,118,4,3,0.0,0.5714285714285714,1047
Michael Leslie,Jake Keen,7,1061,1000,0.5827567809217526,0.5380512843858591,79,20,502,194,0,0,0,0,89,33,369,133,0,0,0,0,4,0,0.0,1.0,1047
Liam Highfield,John Parkin,7,1349,998,0.8819896948101545,0.706303891936407,227,126,1528,807,10,4,52,23,145,82,688,354,10,6,52,23,4,0,0.0,1.0,1047
Michael Georgiou,Sean O'Sullivan,7,1190,1181,0.5123026114255715,0.5056247627073255,98,42,575,278,101,43,610,281,110,56,231,128,137,74,469,211,4,1,0.0,0.8,1047
Adam Duffy,William Lemons,7,1245,994,0.8033111045084242,0.6519223788927313,214,111,1326,683,18,6,97,42,109,65,557,268,55,29,88,38,4,3,0.0,0.5714285714285714,1047
Ashley Carty,Li Yan,7,1126,1136,0.4863309727288301,0.49375032550048964,56,27,327,160,109,49,732,355,116,57,302,151,10,2,448,201,4,3,0.0,0.5714285714285714,1047
Oliver Brown,Callum Downing,7,1180,1037,0.6875128007198821,0.5884351201276382,115,48,620,284,26,12,142,66,109,55,421,225,0,0,98,49,4,3,0.0,0.5714285714285714,1047
Martin Ball,Jamie Clarke,7,998,1172,0.2762380014579778,0.39293301192829644,37,14,194,82,68,33,387,199,0,0,72,35,142,78,294,159,4,3,0.0,0.5714285714285714,1047
Lee Walker,Adam Duffy,7,1233,1245,0.4835986704357121,0.4925005624493796,359,203,2842,1480,214,111,1326,683,71,27,122,56,109,65,557,268,4,3,0.0,0.5714285714285714,1047
Eden Sharav,Jamie O'Neill,7,1143,1175,0.4563431395453441,0.48001065984441826,48,28,270,140,248,128,1567,810,129,66,213,110,16,5,352,160,4,1,0.0,0.8,1047
Alex Pagulayan,Michael Wild,7,975,1217,0.20515498938795906,0.35320060744201437,4,0,26,5,266,150,1602,878,26,5,26,5,0,0,267,144,4,3,0.0,0.5714285714285714,1047
Joe O'Connor,Martin Ball,7,1045,998,0.5639634145132848,0.5293412500457856,29,13,173,82,37,14,194,82,101,44,173,82,0,0,72,35,4,3,0.0,0.5714285714285714,1047
Michael Leslie,Wang Zepeng,7,1061,992,0.5934092174000843,0.5430183807243099,79,20,502,194,14,4,84,29,89,33,369,133,44,15,84,29,4,1,0.0,0.8,1047
Liam Highfield,George Pragnall,7,1349,997,0.8826364364142812,0.7068222210935676,227,126,1528,807,4,1,28,10,145,82,688,354,22,8,22,8,4,0,0.0,1.0,1047
Michael Georgiou,Oliver Brown,7,1190,1180,0.51366902727117,0.5062496744995104,98,42,575,278,115,48,620,284,110,56,231,128,109,55,421,225,4,2,0.0,0.6666666666666666,1047
Ashley Carty,Daniel Wells,7,1126,1147,0.4713154170628733,0.4868780138177567,56,27,327,160,227,110,1510,744,116,57,302,151,85,37,556,246,4,3,0.0,0.5714285714285714,1047
Lee Walker,Joe O'Connor,7,1233,1045,0.7393846765226212,0.6153837563911821,359,203,2842,1480,29,13,173,82,71,27,122,56,101,44,173,82,4,1,0.0,0.8,1047
Michael Leslie,Eden Sharav,7,1061,1143,0.3894398892710193,0.448928730692658,79,20,502,194,48,28,270,140,89,33,369,133,129,66,213,110,4,3,0.0,0.5714285714285714,1047
Liam Highfield,Alex Pagulayan,7,1349,975,0.896197449963507,0.7180885751833498,227,126,1528,807,4,0,26,5,145,82,688,354,26,5,26,5,4,2,0.0,0.6666666666666666,1047
Michael Georgiou,Ashley Carty,7,1190,1126,0.5867595016023184,0.5399148845555657,98,42,575,278,56,27,327,160,110,56,231,128,116,57,302,151,4,2,0.0,0.6666666666666666,1047
Charlie Walters,Callum Downing,7,990,1048,0.42125508861179106,0.4638133797682053,56,20,308,135,28,13,154,73,16,8,111,50,12,7,110,56,4,1,0.0,0.8,1046
Alex Taubman,Thomas Hilborne,7,1066,987,0.6066210971235376,0.5492151291013335,114,49,610,274,1,0,4,0,73,40,269,134,4,0,4,0,4,3,0.0,0.5714285714285714,1046
Joe Steele,Terry Challenger,7,969,821,0.6935058085008956,0.5914589784327801,37,14,188,79,24,3,118,28,44,15,188,79,6,2,32,9,4,1,0.0,0.8,1046
James Silverwood,Lucky Vatnani,7,912,985,0.40129146875494726,0.45450121278721795,61,16,329,122,63,23,355,147,6,2,108,47,12,7,179,75,4,2,0.0,0.6666666666666666,1046
Jamie O'Neill,Rahul Sachdev,7,1182,999,0.7338611162888773,0.6124209393479161,252,131,1590,823,6,2,39,20,39,18,375,173,7,3,39,20,4,1,0.0,0.8,1046
Martin O'Donnell,Reanne Evans,7,1192,1043,0.6946979044907379,0.5920629281648192,194,91,1142,567,113,40,604,248,109,64,489,240,71,38,296,145,4,0,0.0,1.0,1046
Ricky Norris,Song Yang,7,982,988,0.4917974901893887,0.496250070310918,32,10,178,75,1,0,5,1,7,3,112,50,5,1,5,1,4,1,0.0,0.8,1046
Jake Nicholson,Adam Stefanow,7,940,1036,0.3712235715309693,0.44028635073280703,51,13,268,101,15,8,75,39,46,23,131,60,14,9,46,27,4,1,0.0,0.8,1046
David Maslov,Jake Keen,7,996,1002,0.4917974901893887,0.496250070310918,4,2,24,11,3,2,15,8,7,3,24,11,15,8,15,8,4,3,0.0,0.5714285714285714,1046
William Lemons,Keith Keldie,7,1022,995,0.536858082179779,0.5168685956913849,21,8,116,53,1,0,6,2,74,40,107,49,6,2,6,2,4,3,0.0,0.5714285714285714,1046
Anthony Harris,Billy Brown,7,926,979,0.42796070219744664,0.46692337763389535,211,89,1642,768,18,5,93,37,5,1,90,35,56,28,89,37,4,0,0.0,1.0,1046
Marc Davis,Raymond Fry,7,1068,1004,0.5867595016023184,0.5399148845555657,85,35,449,205,12,5,67,33,60,33,233,123,4,0,34,16,4,2,0.0,0.6666666666666666,1046
Jeff Cundy,Leo Fernandez,7,1175,1241,0.4105773109788817,0.45884333184977194,494,263,3493,1816,383,233,2939,1595,72,41,330,181,11,7,57,38,4,2,0.0,0.6666666666666666,1046
Jamie Clarke,TJ Dowling,7,1177,1033,0.6887157040547041,0.5890404340586651,71,35,404,210,15,9,78,40,159,89,311,170,73,40,73,40,4,0,0.0,1.0,1046
Rhys Clark,Michael Georgiou,7,1069,1233,0.28768943450591145,0.3989121211516302,39,19,208,102,103,47,603,298,31,13,208,102,138,76,259,148,4,3,0.0,0.5714285714285714,1046
Filipe Cardoso,Joe Rhone,7,960,983,0.46858930565080326,0.4856289593029398,3,0,12,0,1,0,4,0,4,0,12,0,4,0,4,0,4,1,0.0,0.8,1046
Zhang Anda,Andreas Ploner,7,1268,1020,0.8005143732994051,0.6502185485738271,174,80,1200,590,26,11,141,62,69,33,569,270,95,41,131,57,4,3,0.0,0.5714285714285714,1046
Chen Zhe,Darryl Hill,7,1207,1051,0.7029806026650167,0.5962826992967879,137,71,819,415,24,11,142,68,45,23,473,222,46,23,136,66,4,1,0.0,0.8,1046
Wang Zepeng,Hasan Khan,7,1025,963,0.5840920587766287,0.538672605206508,18,7,102,42,3,0,13,1,62,28,102,42,5,1,5,1,4,0,0.0,1.0,1046
Sydney Wilson,Charlie Walters,7,1109,990,0.6580301976734948,0.5738312575916094,110,44,609,284,56,20,308,135,98,48,319,168,16,8,111,50,4,2,0.0,0.6666666666666666,1046
Adam Wicheard,Phil Barnes,7,1227,983,0.7967460208697068,0.6479408020806503,176,86,1039,529,37,15,199,87,7,3,333,182,14,4,134,62,4,2,0.0,0.6666666666666666,1046
Jason Weston,Filipe Cardoso,7,1179,960,0.7721850273226749,0.633555377636775,264,148,2092,1114,3,0,12,0,5,1,5,1,4,0,12,0,4,0,0.0,1.0,1046
Daniel Wells,Corey Deuel,7,1182,992,0.7415764082537253,0.6165665045213193,232,114,1536,763,1,0,6,2,111,56,582,265,6,2,6,2,4,0,0.0,1.0,1046
Lee Walker,Jeff Cundy,7,1267,1175,0.6236008848905433,0.5572478545985555,364,208,2868,1500,494,263,3493,1816,97,47,148,76,72,41,330,181,4,1,0.0,0.8,1046
Ross Vallance,Mark Davies,7,935,984,0.433341285511335,0.469413239817919,12,3,57,18,1,0,4,0,4,0,4,0,4,0,4,0,4,0,0.0,1.0,1046
Michael Tomlinson,Gary Thomson,7,1040,1092,0.42930455538057166,0.4675456936126812,21,9,126,60,151,79,1101,559,63,31,126,60,13,6,13,6,4,3,0.0,0.5714285714285714,1046
Jason Tart,Mark Vincent,7,951,926,0.534135239137421,0.5156199157230156,5,0,25,5,34,10,165,62,4,0,4,0,21,7,107,45,4,3,0.0,0.5714285714285714,1046
Craig Steadman,Anthony Harris,7,1286,926,0.8877146338860857,0.7109495026250039,312,177,2023,1083,211,89,1642,768,164,88,598,292,5,1,90,35,4,0,0.0,1.0,1046
James Silverwood,Dylan Mitchell,7,912,982,0.40526420278841835,0.4563613127629212,61,16,329,122,15,6,88,34,6,2,108,47,5,1,88,34,4,1,0.0,0.8,1046
Eden Sharav,Saqib Nasir,7,1177,1109,0.5920814957526257,0.542397940774351,53,32,297,159,59,31,324,177,156,85,240,129,34,17,230,129,4,0,0.0,1.0,1046
Brandon Sargeant,Nathan Jones,7,993,982,0.5150352723345792,0.5068745667645342,17,6,96,42,1,0,4,0,54,26,96,42,4,0,4,0,4,2,0.0,0.6666666666666666,1046
Shachar Ruberg,Danny Brindle,7,1037,925,0.6492231123314619,0.569546223939229,15,5,107,42,10,1,53,15,68,27,107,42,12,6,21,7,4,3,0.0,0.5714285714285714,1046
Joe Roberts,John Beesley,7,1039,969,0.5947357972115818,0.5436386872370789,18,9,97,52,9,3,47,20,24,13,97,52,10,5,28,11,4,0,0.0,1.0,1046
Zack Richardson,Mike Hallett,7,1053,1093,0.44549420086403224,0.47502081252106,28,14,153,83,631,328,5113,2568,64,33,153,83,6,2,22,10,4,0,0.0,1.0,1046
George Pragnall,Andrew Rogers,7,1026,1004,0.5300478260158454,0.513746534902355,8,4,47,22,29,12,152,68,41,20,41,20,22,8,104,50,4,1,0.0,0.8,1046
Tian Pengfei,Jamie O'Neill,7,1341,1182,0.7064965786766507,0.5980868603322034,235,131,1571,833,252,131,1590,823,140,74,704,361,39,18,375,173,4,3,0.0,0.5714285714285714,1046
Charon Parker,Sachin Plaha,7,970,774,0.7480902113030796,0.6201064323430902,2,0,8,0,20,0,89,9,4,0,8,0,4,0,43,3,4,2,0.0,0.6666666666666666,1046
Alex Pagulayan,Lewis Frampton,7,1038,940,0.6313550071762073,0.5609454503247162,9,4,51,23,14,4,71,25,51,23,51,23,9,5,51,20,4,0,0.0,1.0,1046
Mark Owens,Marc Davis,7,930,1068,0.3185334396534134,0.4145954308705349,27,6,147,54,85,35,449,205,37,10,65,25,60,33,233,123,4,2,0.0,0.6666666666666666,1046
Sean O'Sullivan,Alex Taubman,7,1175,1066,0.6454220086166967,0.5677065480733601,104,45,627,290,114,49,610,274,154,83,486,220,73,40,269,134,4,3,0.0,0.5714285714285714,1046
Martin O'Donnell,Adam Edge,7,1192,974,0.7711668601434363,0.6329747766804606,194,91,1142,567,17,6,95,42,109,64,489,240,17,8,95,42,4,2,0.0,0.6666666666666666,1046
Joe O'Connor,Li Yan,7,1068,1145,0.39601140843867844,0.4520230623632036,34,17,204,99,112,51,750,366,132,61,204,99,28,13,466,212,4,3,0.0,0.5714285714285714,1046
Ricky Norris,Richard Remelie,7,982,957,0.534135239137421,0.5156199157230156,32,10,178,75,10,2,57,20,7,3,112,50,6,2,57,20,4,0,0.0,1.0,1046
Chris Melling,Hassan Vaizie,7,1121,1002,0.6580301976734948,0.5738312575916094,139,78,966,510,71,28,509,237,109,45,109,45,6,2,13,6,4,0,0.0,1.0,1046
Martin McCrudden,Michael Collumb,7,1022,969,0.5720392978025534,0.5330766223661046,13,6,69,31,25,9,136,58,24,15,24,15,50,24,87,36,4,2,0.0,0.6666666666666666,1046
David Maslov,Simon Bevz,7,996,678,0.8591236298223967,0.6889039179769546,4,2,24,11,27,0,114,5,7,3,24,11,4,0,28,0,4,0,0.0,1.0,1046
Andy Marriott,Kurtis Weaver,7,914,984,0.40526420278841835,0.4563613127629212,15,3,81,27,4,1,21,8,13,5,81,27,5,1,21,8,4,2,0.0,0.6666666666666666,1046
Mitchell Mann,Justin Astley,7,1153,1180,0.4631419178202212,0.48313140430861523,149,73,876,438,273,151,1760,903,113,51,325,159,7,3,337,173,4,1,0.0,0.8,1046
Callum Lloyd,Louis Heathcote,7,949,997,0.4346885316890212,0.4700359482354282,12,2,63,22,6,2,37,16,6,2,30,13,19,8,37,16,4,1,0.0,0.8,1046
Michael Leslie,Ben Harrison,7,1113,1158,0.4387350506415305,0.4719046255916129,84,25,529,214,120,64,662,351,116,53,396,153,6,2,266,142,4,0,0.0,1.0,1046
Adam King,Richard Somauroo,7,974,846,0.6692199309586204,0.5793242521487495,2,0,9,1,99,30,644,259,5,1,9,1,6,2,6,2,4,2,0.0,0.6666666666666666,1046
Christopher Keogan,Brian Cini,7,1055,1015,0.5545057991359676,0.52497918747894,60,21,321,144,13,6,67,35,67,38,272,125,55,29,67,35,4,0,0.0,1.0,1046
Duane Jones,Joe Steele,7,1243,969,0.8239065989069515,0.6648537304059736,81,49,452,264,37,14,188,79,37,23,305,181,44,15,188,79,4,0,0.0,1.0,1046
Kishan Hirani,Gareth Allen,7,1069,1115,0.43738543058720863,0.4712816430485603,90,41,476,221,99,48,552,272,74,40,222,112,107,53,409,200,4,2,0.0,0.6666666666666666,1046
Liam Highfield,Fang Xiongman,7,1375,1056,0.8598606169693392,0.6894394530607736,233,132,1558,831,17,8,93,46,175,106,718,378,33,18,93,46,4,0,0.0,1.0,1046
Ross Higgins,Matthew Glasby,7,907,994,0.3829018450543893,0.44583834723635146,30,7,148,49,16,7,94,44,45,21,139,48,51,22,94,44,4,0,0.0,1.0,1046
Gareth Green,Nick Jennings,7,1089,1115,0.4645031181885513,0.48375571893792757,48,24,272,126,92,45,505,253,14,8,169,85,11,6,151,73,4,0,0.0,1.0,1046
Ben Fortey,Imran Puri,7,950,657,0.8397864427779326,0.6753536404444148,12,3,66,23,50,6,248,52,5,1,66,23,5,1,18,2,4,0,0.0,1.0,1046
Kacper Filipiak,Anthony Massey,7,991,776,0.7680961089120268,0.6312306626164005,43,11,230,72,56,7,348,107,82,39,169,67,4,0,4,0,4,2,0.0,0.6666666666666666,1046
Nico Elton,Nick Skinner,7,1032,983,0.5666587144886649,0.530586760182081,30,12,166,73,1,0,4,0,75,36,155,69,4,0,4,0,4,0,0.0,1.0,1046
Peter Devlin,Henry Roper,7,959,928,0.5422981239384312,0.519365308229932,6,1,28,8,11,2,59,21,13,5,28,8,5,1,59,21,4,0,0.0,1.0,1046
Jason Devaney,Jamie Chui,7,980,985,0.493164418520332,0.4968750406894683,5,0,26,7,2,0,12,4,5,1,21,5,5,1,12,4,4,1,0.0,0.8,1046
Matthew Day,Feng Yijun,7,1082,973,0.6454220086166967,0.5677065480733601,110,51,595,288,2,0,8,0,77,33,366,187,4,0,8,0,4,0,0.0,1.0,1046
Paul Davison,John Parkin,7,1254,1019,0.7881034579959058,0.6427913242407762,563,306,3991,2065,14,7,71,35,132,78,753,384,29,18,71,35,4,1,0.0,0.8,1046
Leigh Davies,Sanderson Lam,7,998,1088,0.37899585307075345,0.44398610945538003,1,0,7,3,56,27,304,144,7,3,7,3,81,44,274,133,4,3,0.0,0.5714285714285714,1046
Jamie Clarke,Shokat Ali,7,1177,1103,0.6000303895586184,0.5461185410457796,71,35,404,210,419,229,3232,1675,159,89,311,170,5,1,11,3,4,1,0.0,0.8,1046
Rhys Clark,Kashif Khan,7,1069,947,0.661777191191235,0.5756643510425494,39,19,208,102,4,0,16,0,31,13,208,102,0,0,8,0,4,0,0.0,1.0,1046
Ryan Causton,Ben Jones,7,1119,1036,0.611870456908998,0.5516896693427,87,46,473,236,46,23,238,116,76,41,381,197,69,32,238,116,4,2,0.0,0.6666666666666666,1046
Shane Castle,Adam Duffy,7,1073,1244,0.27964834205542655,0.39472346622515553,50,22,291,138,218,114,1351,698,31,12,207,101,134,80,582,283,4,2,0.0,0.6666666666666666,1046
Ashley Carty,Damian Wilks,7,1133,952,0.7316341543771714,0.6112334666758695,61,31,360,178,20,6,105,39,149,75,335,169,6,2,49,21,4,0,0.0,1.0,1046
Jimmy Carney,Michael Wild,7,936,1210,0.17609340109304839,0.3351462695940264,24,10,149,63,270,153,1629,893,5,1,69,27,27,15,294,159,4,2,0.0,0.6666666666666666,1046
James Burrett,Jake Nicholson,7,888,940,0.42930455538057166,0.4675456936126812,24,5,124,39,51,13,268,101,13,6,52,19,46,23,131,60,4,3,0.0,0.5714285714285714,1046
Adam Bobat,Joshua Baddeley,7,966,1016,0.43199486323846364,0.46879062662624377,17,5,95,38,6,3,30,16,39,16,82,32,30,16,30,16,4,2,0.0,0.6666666666666666,1046
Hans Blanckaert,William Lemons,7,899,1022,0.3369775660777682,0.42372507750673466,91,22,479,171,21,8,116,53,53,24,182,76,74,40,107,49,4,2,0.0,0.6666666666666666,1046
Jamie Barrett,Wayne Townsend,7,1065,990,0.6013510291923431,0.5467381519846138,28,12,158,79,26,13,174,87,11,5,71,37,4,0,33,11,4,2,0.0,0.6666666666666666,1046
Craig Barber,Matt Lippett,7,975,992,0.476771798023094,0.4893765989950364,69,30,444,206,1,0,6,2,10,1,104,44,6,2,6,2,4,0,0.0,1.0,1046
Martin Ball,Robert Carlisle,7,1019,946,0.5987085312450529,0.5454987872127821,41,17,221,97,8,1,44,14,27,15,99,50,5,1,5,1,4,1,0.0,0.8,1046
Zhang Anda,Thomas Barton,7,1268,992,0.8256265088413395,0.6659669267518202,174,80,1200,590,1,0,6,2,69,33,569,270,6,2,6,2,4,1,0.0,0.8,1046
Chen Zhe,Andy Marriott,7,1207,914,0.8397864427779326,0.6753536404444148,137,71,819,415,15,3,81,27,45,23,473,222,13,5,81,27,4,2,0.0,0.6666666666666666,1046
Sydney Wilson,Jason Tart,7,1109,951,0.7053268662779104,0.5974857658270161,110,44,609,284,5,0,25,5,98,48,319,168,4,0,4,0,4,0,0.0,1.0,1046
Daniel Wells,James Burrett,7,1182,888,0.8405938136052916,0.6759015277259407,232,114,1536,763,24,5,124,39,111,56,582,265,13,6,52,19,4,1,0.0,0.8,1046
Michael Tomlinson,Callum Lloyd,7,1040,949,0.622303251187688,0.5566309599222533,21,9,126,60,12,2,63,22,63,31,126,60,6,2,30,13,4,1,0.0,0.8,1046
John Sutton,Liam Highfield,7,1058,1375,0.1416161469830789,0.3116321231689713,48,25,265,134,233,132,1558,831,79,32,129,57,175,106,718,378,4,2,0.0,0.6666666666666666,1046
Craig Steadman,Lee Walker,7,1286,1267,0.5259570402770714,0.5118727677562528,312,177,2023,1083,364,208,2868,1500,164,88,598,292,97,47,148,76,4,0,0.0,1.0,1046
Eden Sharav,Ricky Norris,7,1177,982,0.7470110120975012,0.6195173196470847,53,32,297,159,32,10,178,75,156,85,240,129,7,3,112,50,4,2,0.0,0.6666666666666666,1046
Brandon Sargeant,David Maslov,7,993,996,0.4958985144028909,0.498125008789013,17,6,96,42,4,2,24,11,54,26,96,42,7,3,24,11,4,1,0.0,0.8,1046
Shachar Ruberg,George Pragnall,7,1037,1026,0.5150352723345792,0.5068745667645342,15,5,107,42,8,4,47,22,68,27,107,42,41,20,41,20,4,2,0.0,0.6666666666666666,1046
Zack Richardson,Charon Parker,7,1053,970,0.611870456908998,0.5516896693427,28,14,153,83,2,0,8,0,64,33,153,83,4,0,8,0,4,1,0.0,0.8,1046
Tian Pengfei,Wang Zepeng,7,1341,1025,0.8576412839544288,0.6878313305828404,235,131,1571,833,18,7,102,42,140,74,704,361,62,28,102,42,4,2,0.0,0.6666666666666666,1046
Alex Pagulayan,Jason Weston,7,1038,1179,0.3148993834727192,0.4127763091606651,9,4,51,23,264,148,2092,1114,51,23,51,23,5,1,5,1,4,3,0.0,0.5714285714285714,1046
Mark Owens,Ashley Hugill,7,930,982,0.42930455538057166,0.4675456936126812,27,6,147,54,13,4,68,28,37,10,65,25,46,18,68,28,4,1,0.0,0.8,1046
Sean O'Sullivan,Paul Davison,7,1175,1254,0.3933789028764624,0.45078487089866653,104,45,627,290,563,306,3991,2065,154,83,486,220,132,78,753,384,4,2,0.0,0.6666666666666666,1046
Chris Melling,Ben Fortey,7,1121,950,0.7203516579445735,0.6052765337748445,139,78,966,510,12,3,66,23,109,45,109,45,5,1,66,23,4,0,0.0,1.0,1046
Martin McCrudden,Craig Barber,7,1022,975,0.5639634145132848,0.5293412500457856,13,6,69,31,69,30,444,206,24,15,24,15,10,1,104,44,4,1,0.0,0.8,1046
Mitchell Mann,Hans Blanckaert,7,1153,899,0.8060824586598727,0.653622330899504,149,73,876,438,91,22,479,171,113,51,325,159,53,24,182,76,4,2,0.0,0.6666666666666666,1046
Adam King,Jimmy Carney,7,974,936,0.5517972899579606,0.523732154126561,2,0,9,1,24,10,149,63,5,1,9,1,5,1,69,27,4,1,0.0,0.8,1046
Christopher Keogan,Joe Roberts,7,1055,1039,0.5218633393972989,0.5099986668799655,60,21,321,144,18,9,97,52,67,38,272,125,24,13,97,52,4,0,0.0,1.0,1046
Duane Jones,Martin O'Donnell,7,1243,1192,0.5693507188778237,0.5318318894162242,81,49,452,264,194,91,1142,567,37,23,305,181,109,64,489,240,4,0,0.0,1.0,1046
Gareth Green,James Silverwood,7,1089,912,0.7271505015076656,0.6088545692109504,48,24,272,126,61,16,329,122,14,8,169,85,6,2,108,47,4,2,0.0,0.6666666666666666,1046
Kacper Filipiak,Martin Ball,7,991,1019,0.46178117660461016,0.48250714233361025,43,11,230,72,41,17,221,97,82,39,169,67,27,15,99,50,4,0,0.0,1.0,1046
Nico Elton,Joe O'Connor,7,1032,1068,0.45091379157772826,0.4775151752081999,30,12,166,73,34,17,204,99,75,36,155,69,132,61,204,99,4,1,0.0,0.8,1046
Peter Devlin,Ross Higgins,7,959,907,0.5706954446194282,0.5324543063873187,6,1,28,8,30,7,148,49,13,5,28,8,45,21,139,48,4,3,0.0,0.5714285714285714,1046
Matthew Day,Adam Wicheard,7,1082,1227,0.31008353284223983,0.4103545214372688,110,51,595,288,176,86,1039,529,77,33,366,187,7,3,333,182,4,0,0.0,1.0,1046
Jamie Clarke,Jamie Barrett,7,1177,1065,0.6492231123314619,0.569546223939229,71,35,404,210,28,12,158,79,159,89,311,170,11,5,71,37,4,1,0.0,0.8,1046
Rhys Clark,Ryan Causton,7,1069,1119,0.43199486323846364,0.46879062662624377,39,19,208,102,87,46,473,236,31,13,208,102,76,41,381,197,4,0,0.0,1.0,1046
Shane Castle,Leigh Davies,7,1073,998,0.6013510291923431,0.5467381519846138,50,22,291,138,1,0,7,3,31,12,207,101,7,3,7,3,4,1,0.0,0.8,1046
Ashley Carty,Kishan Hirani,7,1133,1069,0.5867595016023184,0.5399148845555657,61,31,360,178,90,41,476,221,149,75,335,169,74,40,222,112,4,2,0.0,0.6666666666666666,1046
Oliver Brown,Michael Leslie,7,1196,1113,0.611870456908998,0.5516896693427,119,51,642,298,84,25,529,214,131,69,443,239,116,53,396,153,4,1,0.0,0.8,1046
Adam Bobat,Jason Devaney,7,966,980,0.48086718764462183,0.4912508931197597,17,5,95,38,5,0,26,7,39,16,82,32,5,1,21,5,4,2,0.0,0.6666666666666666,1046
Zhang Anda,Ross Vallance,7,1268,935,0.8698871121691505,0.6968832820410791,174,80,1200,590,12,3,57,18,69,33,569,270,4,0,4,0,4,2,0.0,0.6666666666666666,1046
Chen Zhe,Gareth Green,7,1207,1089,0.6567774862994666,0.5732197726798348,137,71,819,415,48,24,272,126,45,23,473,222,14,8,169,85,4,2,0.0,0.6666666666666666,1046
Sydney Wilson,Shachar Ruberg,7,1109,1037,0.5973854695265872,0.5448788923735801,110,44,609,284,15,5,107,42,98,48,319,168,68,27,107,42,4,1,0.0,0.8,1046
Michael Tomlinson,Rhys Clark,7,1040,1069,0.46042091137016095,0.4818829349568186,21,9,126,60,39,19,208,102,63,31,126,60,31,13,208,102,4,3,0.0,0.5714285714285714,1046
John Sutton,Shane Castle,7,1058,1073,0.47950179614537025,0.4906260984783392,48,25,265,134,50,22,291,138,79,32,129,57,31,12,207,101,4,1,0.0,0.8,1046
Craig Steadman,Christopher Keogan,7,1286,1055,0.7841899555246323,0.6404919537233386,312,177,2023,1083,60,21,321,144,164,88,598,292,67,38,272,125,4,0,0.0,1.0,1046
Eden Sharav,Matthew Day,7,1177,1082,0.6274848196821066,0.559097471902393,53,32,297,159,110,51,595,288,156,85,240,129,77,33,366,187,4,2,0.0,0.6666666666666666,1046
Zack Richardson,Nico Elton,7,1053,1032,0.5286845829371267,0.5131219861822433,28,14,153,83,30,12,166,73,64,33,153,83,75,36,155,69,4,2,0.0,0.6666666666666666,1046
Tian Pengfei,Mitchell Mann,7,1341,1153,0.7393846765226212,0.6153837563911821,235,131,1571,833,149,73,876,438,140,74,704,361,113,51,325,159,4,2,0.0,0.6666666666666666,1046
Alex Pagulayan,Oliver Brown,7,1038,1196,0.2946731337220897,0.40251423417298393,9,4,51,23,119,51,642,298,51,23,51,23,131,69,443,239,4,2,0.0,0.6666666666666666,1046
Mark Owens,Adam Bobat,7,930,966,0.45091379157772826,0.4775151752081999,27,6,147,54,17,5,95,38,37,10,65,25,39,16,82,32,4,3,0.0,0.5714285714285714,1046
Chris Melling,Daniel Wells,7,1121,1182,0.41724321907824724,0.4619487156141408,139,78,966,510,232,114,1536,763,109,45,109,45,111,56,582,265,4,3,0.0,0.5714285714285714,1046
Martin McCrudden,Adam King,7,1022,974,0.5653114683109788,0.5299640517645717,13,6,69,31,2,0,9,1,24,15,24,15,5,1,9,1,4,1,0.0,0.8,1046
Duane Jones,Brandon Sargeant,7,1243,993,0.8023816778034777,0.6513548646660542,81,49,452,264,17,6,96,42,37,23,305,181,54,26,96,42,4,0,0.0,1.0,1046
Jamie Clarke,Sean O'Sullivan,7,1177,1175,0.5027343522137269,0.5012499973958399,71,35,404,210,104,45,627,290,159,89,311,170,154,83,486,220,4,3,0.0,0.5714285714285714,1046
Ashley Carty,Peter Devlin,7,1133,959,0.7237619985420221,0.6070669880717036,61,31,360,178,6,1,28,8,149,75,335,169,13,5,28,8,4,0,0.0,1.0,1046
Zhang Anda,Kacper Filipiak,7,1268,991,0.8264821963228286,0.6665228332551123,174,80,1200,590,43,11,230,72,69,33,569,270,82,39,169,67,4,0,0.0,1.0,1046
John Sutton,Michael Tomlinson,7,1058,1040,0.5245927745980452,0.5112481019468548,48,25,265,134,21,9,126,60,79,32,129,57,63,31,126,60,4,1,0.0,0.8,1046
Craig Steadman,Zack Richardson,7,1286,1053,0.786152249899794,0.6416424532015634,312,177,2023,1083,28,14,153,83,164,88,598,292,64,33,153,83,4,2,0.0,0.6666666666666666,1046
Eden Sharav,Ashley Carty,7,1177,1133,0.5599145707304132,0.5274723043445937,53,32,297,159,61,31,360,178,156,85,240,129,149,75,335,169,4,2,0.0,0.6666666666666666,1046
Tian Pengfei,Mark Owens,7,1341,930,0.9162378856649652,0.7364309317009723,235,131,1571,833,27,6,147,54,140,74,704,361,37,10,65,25,4,0,0.0,1.0,1046
Chris Melling,Chen Zhe,7,1121,1207,0.3842066871290606,0.4464560968488817,139,78,966,510,137,71,819,415,109,45,109,45,45,23,473,222,4,1,0.0,0.8,1046
Duane Jones,Sydney Wilson,7,1243,1109,0.6765921632853334,0.5829754542011996,81,49,452,264,110,44,609,284,37,23,305,181,98,48,319,168,4,3,0.0,0.5714285714285714,1046
Jamie Clarke,Alex Pagulayan,7,1177,1038,0.6826800016944434,0.5860112044388707,71,35,404,210,9,4,51,23,159,89,311,170,51,23,51,23,4,2,0.0,0.6666666666666666,1046
Zhang Anda,Martin McCrudden,7,1268,1022,0.7986358149208075,0.6490805242445733,174,80,1200,590,13,6,69,31,69,33,569,270,24,15,24,15,4,2,0.0,0.6666666666666666,1046
Craig Steadman,John Sutton,7,1286,1058,0.7812257884147848,0.6387631751488418,312,177,2023,1083,48,25,265,134,164,88,598,292,79,32,129,57,4,0,0.0,1.0,1046
Tian Pengfei,Eden Sharav,7,1341,1177,0.7123105654940886,0.6010878788483698,235,131,1571,833,53,32,297,159,140,74,704,361,156,85,240,129,4,0,0.0,1.0,1046
Chris Melling,Duane Jones,7,1121,1243,0.33822280880876515,0.42433564895745063,139,78,966,510,81,49,452,264,109,45,109,45,37,23,305,181,4,3,0.0,0.5714285714285714,1046
Zhang Anda,Jamie Clarke,7,1268,1177,0.622303251187688,0.5566309599222533,174,80,1200,590,71,35,404,210,69,33,569,270,159,89,311,170,4,3,0.0,0.5714285714285714,1046
Chen Zhe,Antony Parsons,19,1206,1077,0.7613534600725305,0.5799334001885058,141,74,841,428,71,33,418,202,67,36,495,235,0,0,71,34,10,8,0.0,0.5555555555555556,1042
Li Yan,Elliot Slessor,19,1138,1178,0.41262997463294454,0.47502081252106,113,51,757,369,62,26,365,169,35,16,473,215,103,46,345,159,10,5,0.0,0.6666666666666666,1042
Cao Xinlong,Jamie O'Neill,19,1046,1191,0.21233020802818592,0.4103545214372688,37,11,223,85,254,132,1602,830,79,29,184,76,51,25,387,180,10,9,0.0,0.5263157894736842,1042
Kyren Wilson,Chris Norbury,19,1289,1106,0.8427921565760732,0.6124209393479161,222,131,1368,743,232,113,1415,704,121,59,512,280,70,20,354,156,10,6,0.0,0.625,1042
Robbie Williams,Lyu Haotian,19,1265,1148,0.7404707402341056,0.5726080638632601,241,135,1435,744,53,21,367,163,159,79,689,355,107,44,367,163,10,8,0.0,0.5555555555555556,1042
Daniel Wells,Ryan Clark,19,1193,918,0.9336872957565211,0.665410558746814,235,116,1552,774,35,7,189,56,127,67,598,276,30,3,145,47,10,9,0.0,0.5263157894736842,1042
Michael Wasley,Sydney Wilson,19,1284,1138,0.7892548143006564,0.5902502519301834,209,106,1254,625,114,47,631,299,135,69,652,328,120,63,341,183,10,9,0.0,0.5263157894736842,1042
Joel Walker,Allan Taylor,19,1252,1175,0.664499625755768,0.5479769376367963,113,53,690,335,203,106,1136,593,131,68,529,256,115,49,363,166,10,8,0.0,0.5555555555555556,1042
Alexander Ursenbacher,David Morris,19,1033,1335,0.049643070999136535,0.31973280330135156,35,12,191,76,204,108,1527,779,73,23,173,68,110,54,518,280,10,7,0.0,0.5882352941176471,1042
Mitchell Travis,Sean O'Sullivan,19,1210,1183,0.5592415131372428,0.5168685956913849,96,50,539,270,107,47,647,301,86,55,320,171,174,94,506,231,10,9,0.0,0.5263157894736842,1042
Thanawat Thirapongpaiboon,Sanderson Lam,19,1220,1081,0.7780107211674285,0.5860112044388707,138,65,944,456,57,27,311,147,41,13,598,290,88,47,281,136,10,8,0.0,0.5555555555555556,1042
Joe Swail,Alex Davies,19,1374,1212,0.8136354344641303,0.5998883688639983,718,394,5704,2988,191,96,1166,588,210,119,660,348,111,49,346,167,10,7,0.0,0.5882352941176471,1042
Craig Steadman,Jak Jones,19,1337,1108,0.8954210713170387,0.6393398367530659,317,182,2045,1103,115,49,704,321,186,108,620,312,93,38,269,113,10,7,0.0,0.5882352941176471,1042
Barry Pinches,Hammad Miah,19,1221,1051,0.8251256977548064,0.6046790847140093,662,348,5246,2736,40,14,248,101,138,67,577,261,73,23,230,95,10,3,0.0,0.7692307692307693,1042
Martin O'Donnell,Shane Castle,19,1191,1083,0.7241956922090544,0.5670929049654543,197,93,1156,575,53,24,307,147,123,72,503,248,47,21,223,110,10,1,0.0,0.9090909090909091,1042
Ross Muir,David Grace,19,1164,1192,0.4385818934539805,0.48250714233361025,58,24,343,157,212,98,1364,661,126,56,333,152,108,44,626,299,10,6,0.0,0.625,1042
Christopher Keogan,Michael Leslie,19,1074,1120,0.3997919035904296,0.4712816430485603,63,23,333,152,86,26,538,219,79,46,284,133,125,58,405,158,10,6,0.0,0.625,1042
Robin Hull,Tony Drago,19,1277,1238,0.5852205880282355,0.5243557087682073,426,260,3266,1806,692,345,5720,2846,89,43,209,94,88,42,597,284,10,3,0.0,0.7692307692307693,1042
Liam Highfield,Khalid Belaied Abumdas,19,1368,1000,0.9771341354132855,0.7150421057009898,235,133,1568,837,0,0,0,0,185,112,728,384,0,0,0,0,10,2,0.0,0.8333333333333334,1042
Li Hang,Ratchayothin Yotharuck,19,1347,1017,0.9638542698227228,0.6952966693475653,129,63,897,456,33,7,208,75,171,96,486,252,87,29,208,75,10,5,0.0,0.6666666666666666,1042
Igor Figueiredo,Adam Duffy,19,1186,1231,0.4019242967585692,0.4719046255916129,71,37,496,246,219,114,1357,700,20,10,89,47,140,82,588,285,10,4,0.0,0.7142857142857143,1042
Scott Donaldson,Ahmed Saif,19,1289,959,0.9638542698227228,0.6952966693475653,111,60,715,364,27,6,152,44,172,90,705,359,44,11,138,43,10,6,0.0,0.625,1042
Paul Davison,Chris Wakelin,19,1249,1248,0.5022024516789177,0.5006249996744794,565,307,4002,2071,58,33,368,192,143,84,764,390,156,83,368,192,10,9,0.0,0.5263157894736842,1042
Rhys Clark,Mike Dunn,19,1103,1319,0.11792046027284153,0.3681875822638983,43,22,230,117,571,303,4250,2194,53,28,230,117,171,97,624,313,10,2,0.0,0.8333333333333334,1042
Stuart Carrington,Andrew Norman,19,1268,1165,0.7149367940026154,0.5640216374262577,198,108,1167,623,310,148,2316,1134,114,55,446,224,54,22,376,176,10,5,0.0,0.6666666666666666,1042
Vinnie Calabrese,Noppon Saengkham,19,1086,1275,0.1494742095598316,0.3840246980818742,84,37,512,235,91,41,623,286,84,32,273,108,212,107,453,228,10,9,0.0,0.5263157894736842,1042
James Cahill,Gary Wilson,19,1190,1318,0.24035002073704173,0.42067574785125056,75,29,453,197,261,157,1650,916,146,75,382,173,116,55,600,339,10,4,0.0,0.7142857142857143,1042
Ian Burns,Fraser Patrick,19,1311,1246,0.6400732403354609,0.5405358392737893,216,119,1303,689,132,60,860,411,141,68,692,368,154,77,533,263,10,6,0.0,0.625,1042
Luca Brecel,Lee Page,19,1317,1113,0.8687061980176644,0.6248064744684293,150,75,1021,524,193,97,1154,579,161,91,764,403,103,40,305,133,10,8,0.0,0.5555555555555556,1042
Alex Borg,James Wattana,19,1097,1194,0.296370628603438,0.4396703573114467,300,130,2176,998,728,410,6219,3310,116,46,216,82,80,34,620,290,10,9,0.0,0.5263157894736842,1042
John Astley,Sam Baird,19,1131,1313,0.15852255640442833,0.3881726309982629,109,52,643,304,210,113,1429,741,85,31,412,192,172,90,761,399,10,9,0.0,0.5263157894736842,1042
Zhang Anda,Andrew Pagett,19,1282,1162,0.7457806230499152,0.574442516811659,180,86,1235,614,225,103,1479,722,104,57,604,294,135,55,453,204,10,2,0.0,0.8333333333333334,1042
Cao Yupeng,Scott Donaldson,19,1274,1289,0.4670017257663631,0.4906260984783392,144,76,1037,530,111,60,715,364,122,65,873,459,172,90,705,359,10,5,0.0,0.6666666666666666,1042
Li Yan,Dave Harold,19,1138,1254,0.2613121834491975,0.42800386706848137,113,51,757,369,677,380,5279,2776,35,16,473,215,46,16,585,294,10,3,0.0,0.7692307692307693,1042
Kyren Wilson,Rod Lawler,19,1289,1346,0.37655097388069453,0.4644351620161461,222,131,1368,743,682,380,5339,2796,121,59,512,280,209,114,926,500,10,3,0.0,0.7692307692307693,1042
Robbie Williams,Lyu Chuang,19,1265,1241,0.5527009796748497,0.51499550161941,241,135,1435,744,215,105,1556,774,159,79,689,355,46,17,622,303,10,5,0.0,0.6666666666666666,1042
Michael Wasley,Rory McLeod,19,1284,1286,0.49559516546747145,0.49875000260416025,209,106,1254,625,438,242,3378,1776,135,69,652,328,137,68,698,358,10,6,0.0,0.625,1042
Thepchaiya Un-Nooh,Alexander Ursenbacher,19,1303,1033,0.9301598740026247,0.6626218371700825,158,87,1126,593,35,12,191,76,193,108,735,384,73,23,173,68,10,5,0.0,0.6666666666666666,1042
Joe Swail,Anthony Hamilton,19,1374,1361,0.5286068394233607,0.5081242849062608,718,394,5704,2988,699,412,5509,2965,210,119,660,348,115,58,695,364,10,7,0.0,0.5882352941176471,1042
Craig Steadman,Steve Davis,19,1337,1229,0.7241956922090544,0.5670929049654543,317,182,2045,1103,1354,886,11526,6588,186,108,620,312,24,6,597,290,10,8,0.0,0.5555555555555556,1042
Matthew Selt,Rhys Clark,19,1379,1103,0.9343755217419203,0.6659669267518202,351,186,2449,1259,43,22,230,117,239,146,730,376,53,28,230,117,10,6,0.0,0.625,1042
Jimmy Robertson,Liam Highfield,19,1336,1368,0.4298952093968887,0.48001065984441826,309,165,2041,1049,235,133,1568,837,208,117,793,414,185,112,728,384,10,7,0.0,0.5882352941176471,1042
Dechawat Poomjaeng,Zhang Anda,19,1357,1282,0.6604743044855522,0.5467381519846138,151,84,1067,546,180,86,1235,614,218,119,911,478,104,57,604,294,10,8,0.0,0.5555555555555556,1042
Aditya Mehta,Christopher Keogan,19,1334,1074,0.9226625720973142,0.6570104626734988,198,101,1367,683,63,23,333,152,147,79,812,419,79,46,284,133,10,4,0.0,0.7142857142857143,1042
Alan McManus,Paul Davison,19,1418,1249,0.8237151401553927,0.6040813228693781,776,461,6610,3495,565,307,4002,2071,188,104,846,454,143,84,764,390,10,2,0.0,0.8333333333333334,1042
Anthony McGill,Thanawat Thirapongpaiboon,19,1386,1220,0.8194393262349954,0.6022861768886306,281,170,1723,951,138,65,944,456,211,114,843,454,41,13,598,290,10,7,0.0,0.5882352941176471,1042
Kurt Maflin,Daniel Wells,19,1280,1193,0.684329323878796,0.5541616527636486,376,221,2506,1361,235,116,1552,774,153,71,855,459,127,67,598,276,10,7,0.0,0.5882352941176471,1042
Peter Lines,Cao Xinlong,19,1222,1046,0.8334343127725208,0.6082590307465143,647,356,4781,2500,37,11,223,85,107,45,640,307,79,29,184,76,10,9,0.0,0.5263157894736842,1042
Mark Joyce,Chen Zhe,19,1288,1206,0.6744777649630489,0.551071269307342,328,175,2341,1187,141,74,841,428,149,73,793,405,67,36,495,235,10,8,0.0,0.5555555555555556,1042
Jamie Jones,Joel Walker,19,1352,1252,0.7093094464382455,0.5621765008857981,347,210,2275,1245,113,53,690,335,190,108,824,438,131,68,529,256,10,9,0.0,0.5263157894736842,1042
Robin Hull,Tian Pengfei,19,1277,1364,0.3156706761212045,0.44583834723635146,426,260,3266,1806,240,136,1598,853,89,43,209,94,167,94,731,381,10,6,0.0,0.625,1042
Andrew Higginson,Martin O'Donnell,19,1339,1191,0.7924034347122141,0.5914589784327801,561,341,4019,2218,197,93,1156,575,157,85,879,456,123,72,503,248,10,5,0.0,0.6666666666666666,1042
Martin Gould,Mitchell Travis,19,1450,1210,0.9058063547786643,0.6456563062257954,464,278,3152,1709,96,50,539,270,205,117,1061,560,86,55,320,171,10,1,0.0,0.9090909090909091,1042
Tom Ford,James Cahill,19,1256,1190,0.642133052576362,0.541156668150228,422,239,3077,1629,75,29,453,197,82,34,783,389,146,75,382,173,10,6,0.0,0.625,1042
Igor Figueiredo,Gerard Greene,19,1186,1171,0.5329982742336363,0.5093739015216607,71,37,496,246,601,329,4561,2397,20,10,89,47,110,50,578,269,10,8,0.0,0.5555555555555556,1042
Jamie Cope,John Astley,19,1259,1131,0.7596499792629583,0.5793242521487495,467,254,3143,1610,109,52,643,304,128,69,724,349,85,31,412,192,10,2,0.0,0.8333333333333334,1042
Stuart Carrington,Jack Lisowski,19,1268,1323,0.380745409601694,0.4656790563306954,198,108,1167,623,265,161,1693,928,114,55,446,224,166,86,778,402,10,7,0.0,0.5882352941176471,1042
Ian Burns,Jimmy White,19,1311,1236,0.6604743044855522,0.5467381519846138,216,119,1303,689,1335,761,11597,6136,141,68,692,368,171,85,787,373,10,4,0.0,0.7142857142857143,1042
Jamie Burnett,Vinnie Calabrese,19,1287,1086,0.8652011760245274,0.6230466603666162,575,334,4541,2416,84,37,512,235,110,60,661,334,84,32,273,108,10,4,0.0,0.7142857142857143,1042
Alfie Burden,Barry Pinches,19,1237,1221,0.5351924827231884,0.5099986668799655,536,290,3983,2058,662,348,5246,2736,105,47,762,379,138,67,577,261,10,4,0.0,0.7142857142857143,1042
Luca Brecel,Yu Delu,19,1317,1265,0.6129360473306419,0.5324543063873187,150,75,1021,524,160,81,1103,564,161,91,764,403,110,50,745,390,10,7,0.0,0.5882352941176471,1042
Alex Borg,Marcus Campbell,19,1097,1198,0.2888088595746342,0.43720825986135486,300,130,2176,998,651,355,4850,2490,116,46,216,82,80,29,792,370,10,4,0.0,0.7142857142857143,1042
Nigel Bond,Ross Muir,19,1274,1164,0.7278563807185946,0.5683199834782481,754,424,6090,3235,58,24,343,157,119,59,658,331,126,56,333,152,10,5,0.0,0.6666666666666666,1042
Pankaj Advani,Li Hang,19,1347,1347,0.5,0.5,80,46,546,293,129,63,897,456,0,0,534,289,171,96,486,252,10,9,0.0,0.5263157894736842,1042
Li Yan,Joe Swail,19,1138,1374,0.09787609941148295,0.35663485430559827,113,51,757,369,718,394,5704,2988,35,16,473,215,210,119,660,348,10,8,0.0,0.5555555555555556,1042
Kyren Wilson,Alfie Burden,19,1289,1237,0.6129360473306419,0.5324543063873187,222,131,1368,743,536,290,3983,2058,121,59,512,280,105,47,762,379,10,3,0.0,0.7692307692307693,1042
Robbie Williams,Pankaj Advani,19,1265,1347,0.3255222350369511,0.448928730692658,241,135,1435,744,80,46,546,293,159,79,689,355,0,0,534,289,10,7,0.0,0.5882352941176471,1042
Michael Wasley,Mark Joyce,19,1284,1288,0.4911908814973925,0.49750002083312506,209,106,1254,625,328,175,2341,1187,135,69,652,328,149,73,793,405,10,6,0.0,0.625,1042
Matthew Selt,Thepchaiya Un-Nooh,19,1379,1303,0.6624893479831276,0.5473576181430894,351,186,2449,1259,158,87,1126,593,239,146,730,376,193,108,735,384,10,2,0.0,0.8333333333333334,1042
Jimmy Robertson,Anthony McGill,19,1336,1386,0.39129354509918896,0.46879062662624377,309,165,2041,1049,281,170,1723,951,208,117,793,414,211,114,843,454,10,9,0.0,0.5263157894736842,1042
Dechawat Poomjaeng,Craig Steadman,19,1357,1337,0.5439576712236219,0.5124973964842103,151,84,1067,546,317,182,2045,1103,218,119,911,478,186,108,620,312,10,6,0.0,0.625,1042
Alan McManus,Peter Lines,19,1418,1222,0.8592142539015748,0.6201064323430902,776,461,6610,3495,647,356,4781,2500,188,104,846,454,107,45,640,307,10,8,0.0,0.5555555555555556,1042
Jamie Jones,Aditya Mehta,19,1352,1334,0.539577541738263,0.5112481019468548,347,210,2275,1245,198,101,1367,683,190,108,824,438,147,79,812,419,10,5,0.0,0.6666666666666666,1042
Robin Hull,Ian Burns,19,1277,1311,0.4255646024521632,0.4787627850337259,426,260,3266,1806,216,119,1303,689,89,43,209,94,141,68,692,368,10,4,0.0,0.7142857142857143,1042
Andrew Higginson,Kurt Maflin,19,1339,1280,0.6276285710624814,0.5368082899889803,561,341,4019,2218,376,221,2506,1361,157,85,879,456,153,71,855,459,10,3,0.0,0.7692307692307693,1042
Martin Gould,Igor Figueiredo,19,1450,1186,0.9257334797814069,0.6592603884513855,464,278,3152,1709,71,37,496,246,205,117,1061,560,20,10,89,47,10,1,0.0,0.9090909090909091,1042
Tom Ford,Luca Brecel,19,1256,1317,0.3682072397313146,0.4619487156141408,422,239,3077,1629,150,75,1021,524,82,34,783,389,161,91,764,403,10,1,0.0,0.9090909090909091,1042
Jamie Cope,Alex Borg,19,1259,1097,0.8136354344641303,0.5998883688639983,467,254,3143,1610,300,130,2176,998,128,69,724,349,116,46,216,82,10,7,0.0,0.5882352941176471,1042
Stuart Carrington,Nigel Bond,19,1268,1274,0.48678769843889735,0.496250070310918,198,108,1167,623,754,424,6090,3235,114,55,446,224,119,59,658,331,10,5,0.0,0.6666666666666666,1042
Jamie Burnett,Cao Yupeng,19,1287,1274,0.5286068394233607,0.5081242849062608,575,334,4541,2416,144,76,1037,530,110,60,661,334,122,65,873,459,10,8,0.0,0.5555555555555556,1042
Kyren Wilson,Graeme Dott,19,1289,1413,0.24723138482614648,0.42311473886795364,222,131,1368,743,657,385,5207,2782,121,59,512,280,257,150,1034,572,10,7,0.0,0.5882352941176471,1042
Robbie Williams,Fergal O'Brien,19,1265,1363,0.2944714783461281,0.43905454967528373,241,135,1435,744,703,404,5493,2906,159,79,689,355,170,96,715,374,10,9,0.0,0.5263157894736842,1042
Michael White,Matthew Selt,19,1400,1379,0.5461457182470236,0.5131219861822433,260,147,1843,987,351,186,2449,1259,243,138,925,507,239,146,730,376,10,7,0.0,0.5882352941176471,1042
Michael Wasley,Robert Milkins,19,1284,1428,0.2139223507874852,0.41095956594133487,209,106,1254,625,636,395,4799,2638,135,69,652,328,307,172,1241,700,10,9,0.0,0.5263157894736842,1042
Alan McManus,Mark Williams,19,1418,1455,0.4190860800855061,0.4768914745109111,776,461,6610,3495,1063,696,8450,4830,188,104,846,454,300,179,1177,671,10,8,0.0,0.5555555555555556,1042
Robin Hull,Peter Ebdon,19,1277,1401,0.24723138482614648,0.42311473886795364,426,260,3266,1806,887,514,7235,3896,89,43,209,94,217,133,948,490,10,8,0.0,0.5555555555555556,1042
Michael Holt,Jamie Jones,19,1355,1352,0.506607079742194,0.5018749912109869,591,349,4430,2363,347,210,2275,1245,245,132,926,496,190,108,824,438,10,6,0.0,0.625,1042
Xiao Guodong,Li Yan,19,1393,1138,0.9186859886096059,0.654188113761243,269,157,1830,1006,113,51,757,369,195,113,888,487,35,16,473,215,10,1,0.0,0.9090909090909091,1042
Martin Gould,Liang Wenbo,19,1450,1403,0.6023374298423277,0.5293412500457856,464,278,3152,1709,379,222,2590,1422,205,117,1061,560,215,118,952,538,10,7,0.0,0.5882352941176471,1042
David Gilbert,Jimmy Robertson,19,1335,1336,0.4977975483210822,0.4993750003255206,356,199,2743,1453,309,165,2041,1049,146,75,826,446,208,117,793,414,10,6,0.0,0.625,1042
Tom Ford,Matthew Stevens,19,1256,1303,0.3976625701576724,0.47065874995421436,422,239,3077,1629,787,472,6248,3423,82,34,783,389,162,83,1075,541,10,8,0.0,0.5555555555555556,1042
Ken Doherty,Dechawat Poomjaeng,19,1286,1357,0.3476324951456294,0.4557411415821268,997,619,8272,4578,151,84,1067,546,149,76,853,449,218,119,911,478,10,5,0.0,0.6666666666666666,1042
Ryan Day,Stuart Carrington,19,1411,1268,0.7844784024168732,0.5884351201276382,624,379,4531,2502,198,108,1167,623,270,160,1087,583,114,55,446,224,10,5,0.0,0.6666666666666666,1042
Dominic Dale,Andrew Higginson,19,1388,1339,0.6065866704738739,0.530586760182081,696,400,5217,2782,561,341,4019,2218,216,125,1021,537,157,85,879,456,10,6,0.0,0.625,1042
Jamie Cope,Mark King,19,1259,1301,0.4083392120657659,0.4737740906279313,467,254,3143,1610,728,400,5482,2861,128,69,724,349,157,79,850,439,10,7,0.0,0.5882352941176471,1042
Jamie Burnett,Ben Woollaston,19,1287,1366,0.3314943187614199,0.45078487089866653,575,334,4541,2416,376,217,2471,1332,110,60,661,334,183,99,925,513,10,8,0.0,0.5555555555555556,1042
Michael Wasley,Ding Junhui,19,1284,1524,0.09419364522133564,0.35434369377420455,209,106,1254,625,532,352,3909,2222,135,69,652,328,163,99,1274,756,10,9,0.0,0.5263157894736842,1042
Ricky Walden,Kyren Wilson,19,1511,1289,0.8883832943659045,0.6352948493228071,580,359,4231,2360,222,131,1368,743,346,214,1333,746,121,59,512,280,10,7,0.0,0.5882352941176471,1042
Judd Trump,Tom Ford,19,1564,1256,0.9535526351326554,0.6835208937363156,553,365,3801,2199,422,239,3077,1629,357,222,1579,925,82,34,783,389,10,8,0.0,0.5555555555555556,1042
Mark Selby,Michael White,19,1596,1400,0.8592142539015748,0.6201064323430902,763,516,5502,3170,260,147,1843,987,188,117,1615,982,243,138,925,507,10,9,0.0,0.5263157894736842,1042
Neil Robertson,Robbie Williams,19,1528,1265,0.9249748447693199,0.6586985747356444,647,421,4790,2708,241,135,1435,744,274,164,1591,938,159,79,689,355,10,2,0.0,0.8333333333333334,1042
Joe Perry,Jamie Burnett,19,1463,1287,0.8334343127725208,0.6082590307465143,785,458,5763,3089,575,334,4541,2416,284,167,1275,721,110,60,661,334,10,7,0.0,0.5882352941176471,1042
Ronnie O'Sullivan,Robin Hull,19,1660,1277,0.9810766675453612,0.7226209843749648,1020,773,9024,5471,426,260,3266,1806,181,118,784,503,89,43,209,94,10,4,0.0,0.7142857142857143,1042
Shaun Murphy,Jamie Cope,19,1520,1259,0.9234394173306353,0.6575736106164225,728,470,5481,3103,467,254,3143,1610,307,191,1435,812,128,69,724,349,10,9,0.0,0.5263157894736842,1042
Alan McManus,John Higgins,19,1418,1400,0.539577541738263,0.5112481019468548,776,461,6610,3495,1114,789,9177,5414,188,104,846,454,254,141,1130,654,10,7,0.0,0.5882352941176471,1042
Barry Hawkins,David Gilbert,19,1447,1335,0.7314921449288779,0.569546223939229,682,417,4903,2720,356,199,2743,1453,268,152,1434,815,146,75,826,446,10,4,0.0,0.7142857142857143,1042
Marco Fu,Martin Gould,19,1475,1450,0.5548828831088584,0.5156199157230156,640,379,4830,2617,464,278,3152,1709,246,141,1227,698,205,117,1061,560,10,7,0.0,0.5882352941176471,1042
Ken Doherty,Stuart Bingham,19,1286,1501,0.11899571490283262,0.36876933738359946,997,619,8272,4578,784,493,5877,3336,149,76,853,449,381,238,1488,858,10,5,0.0,0.6666666666666666,1042
Ryan Day,Stephen Maguire,19,1411,1531,0.2542193769500847,0.425557483188341,624,379,4531,2502,694,465,5211,2971,270,160,1087,583,344,216,1488,872,10,9,0.0,0.5263157894736842,1042
Dominic Dale,Mark Davis,19,1388,1433,0.4019242967585692,0.4719046255916129,696,400,5217,2782,806,488,6015,3280,216,125,1021,537,284,166,1436,806,10,5,0.0,0.6666666666666666,1042
Ali Carter,Xiao Guodong,19,1528,1393,0.7714308238816987,0.5835831155172753,684,409,4946,2719,269,157,1830,1006,15,5,880,499,195,113,888,487,10,8,0.0,0.5555555555555556,1042
Mark Allen,Michael Holt,19,1562,1355,0.8721462145478331,0.6265629971237182,529,336,3562,1996,591,349,4430,2363,258,151,1202,723,245,132,926,496,10,4,0.0,0.7142857142857143,1042
Judd Trump,Ryan Day,25,1564,1411,0.8322178276773285,0.5944759307482401,553,365,3801,2199,624,379,4531,2502,357,222,1579,925,270,160,1087,583,13,7,0.0,0.65,1042
Mark Selby,Ali Carter,25,1596,1528,0.6660437250489863,0.542397940774351,763,516,5502,3170,684,409,4946,2719,188,117,1615,982,15,5,880,499,13,9,0.0,0.5909090909090909,1042
Neil Robertson,Mark Allen,25,1528,1562,0.4150383838656477,0.4787627850337259,647,421,4790,2708,529,336,3562,1996,274,164,1591,938,258,151,1202,723,13,7,0.0,0.65,1042
Ronnie O'Sullivan,Joe Perry,25,1660,1463,0.8920458266550995,0.6206951913643555,1020,773,9024,5471,785,458,5763,3089,181,118,784,503,284,167,1275,721,13,11,0.0,0.5416666666666666,1042
Shaun Murphy,Marco Fu,25,1520,1475,0.6117954752476719,0.528095374408387,728,470,5481,3103,640,379,4830,2617,307,191,1435,812,246,141,1227,698,13,8,0.0,0.6190476190476191,1042
Alan McManus,Ken Doherty,25,1418,1286,0.797134206693076,0.5817593768418363,776,461,6610,3495,997,619,8272,4578,188,104,846,454,149,76,853,449,13,8,0.0,0.6190476190476191,1042
Barry Hawkins,Ricky Walden,25,1447,1511,0.34317771710010503,0.46008511544443426,682,417,4903,2720,580,359,4231,2360,268,152,1434,815,346,214,1333,746,13,11,0.0,0.5416666666666666,1042
Dominic Dale,Michael Wasley,25,1388,1284,0.743965275641333,0.5646362918030292,696,400,5217,2782,209,106,1254,625,216,125,1021,537,135,69,652,328,13,4,0.0,0.7647058823529411,1042
Mark Selby,Alan McManus,25,1596,1418,0.8684593335309546,0.6094497836283252,763,516,5502,3170,776,461,6610,3495,188,117,1615,982,188,104,846,454,13,5,0.0,0.7222222222222222,1042
Neil Robertson,Judd Trump,25,1528,1564,0.4101252787443778,0.4775151752081999,647,421,4790,2708,553,365,3801,2199,274,164,1591,938,357,222,1579,925,13,11,0.0,0.5416666666666666,1042
Ronnie O'Sullivan,Shaun Murphy,25,1660,1520,0.8109962193985715,0.5866175789173301,1020,773,9024,5471,728,470,5481,3103,181,118,784,503,307,191,1435,812,13,3,0.0,0.8125,1042
Barry Hawkins,Dominic Dale,25,1447,1388,0.6451608018866231,0.5368082899889803,682,417,4903,2720,696,400,5217,2782,268,152,1434,815,216,125,1021,537,13,12,0.0,0.52,1042
Mark Selby,Neil Robertson,33,1596,1528,0.6885367249289503,0.542397940774351,763,516,5502,3170,647,421,4790,2708,188,117,1615,982,274,164,1591,938,17,15,0.0,0.53125,1042
Ronnie O'Sullivan,Barry Hawkins,33,1660,1447,0.9372664363767551,0.6300660082850182,1020,773,9024,5471,682,417,4903,2720,181,118,784,503,268,152,1434,815,17,7,0.0,0.7083333333333334,1042
Mark Selby,Ronnie O'Sullivan,35,1596,1660,0.3168852571831488,0.46008511544443426,763,516,5502,3170,1020,773,9024,5471,188,117,1615,982,181,118,784,503,18,14,0.0,0.5625,1042
Mitchell Travis,Zack Richardson,7,1188,1086,0.6364932182719292,0.5634067862621936,98,51,569,281,32,17,174,97,116,66,350,182,85,47,174,97,4,1,0.0,0.8,1044
Zak Surety,Michael Tomlinson,7,1085,1051,0.5463726874746992,0.5212372149662741,67,31,380,182,25,12,150,73,83,32,294,143,87,44,150,73,4,1,0.0,0.8,1044
Steven Hallworth,Martin Ball,7,1042,1012,0.5409388610739393,0.5187412158785352,33,12,194,84,43,18,230,101,89,32,190,84,36,19,108,54,4,1,0.0,0.8,1044
Ian Glover,Gareth Allen,7,1139,1106,0.5450150538752272,0.5206133097144486,146,64,877,423,100,48,558,274,108,42,286,144,113,55,415,202,4,2,0.0,0.6666666666666666,1044
Michael Georgiou,Sydney Wilson,7,1223,1148,0.6013510291923431,0.5467381519846138,104,47,610,301,115,47,650,308,145,79,266,151,139,72,360,192,4,1,0.0,0.8,1044
Jamie Clarke,Sam Harvey,7,1214,1039,0.7248939369984414,0.6076631698328917,77,40,438,233,92,40,475,228,193,112,345,193,29,14,190,87,4,2,0.0,0.6666666666666666,1044
Zak Surety,Michael Georgiou,7,1085,1223,0.3185334396534134,0.4145954308705349,67,31,380,182,104,47,610,301,83,32,294,143,145,79,266,151,4,1,0.0,0.8,1044
Steven Hallworth,Mitchell Travis,7,1042,1188,0.30888492066734696,0.40974974806981657,33,12,194,84,98,51,569,281,89,32,190,84,116,66,350,182,4,3,0.0,0.5714285714285714,1044
Ian Glover,Jamie Clarke,7,1139,1214,0.3986489708076568,0.45326184801538616,146,64,877,423,77,40,438,233,108,42,286,144,193,112,345,193,4,2,0.0,0.6666666666666666,1044
Kyren Wilson,Marcus Campbell,9,1365,1168,0.7751238468246431,0.6206951913643555,227,135,1444,790,652,355,4864,2494,197,106,588,327,94,33,806,374,5,4,0.0,0.5555555555555556,1033
Gary Wilson,Robert Milkins,9,1285,1413,0.31119248977717445,0.42067574785125056,262,157,1664,920,637,395,4818,2647,130,59,614,343,326,181,1260,709,5,3,0.0,0.625,1033
Mark Williams,Daniel Wells,9,1445,1169,0.8540768917779444,0.6659669267518202,1064,696,8468,4838,237,117,1588,791,318,187,1195,679,163,84,634,293,5,1,0.0,0.8333333333333334,1033
Jimmy White,Joe Swail,9,1218,1358,0.2951418310376775,0.41338242108267,1336,761,11611,6140,721,396,5756,3016,185,89,801,377,262,147,712,376,5,2,0.0,0.7142857142857143,1033
Michael White,Scott Donaldson,9,1425,1260,0.7369488869894564,0.6016871801828567,262,148,1879,1006,113,61,746,379,279,157,961,526,203,105,736,374,5,0,0.0,1.0,1033
James Wattana,Matthew Stevens,9,1181,1295,0.33040479097165565,0.4292283881055083,729,410,6238,3319,788,472,6266,3431,99,43,639,299,180,91,1093,549,5,0,0.0,1.0,1033
Michael Wasley,Steve Davis,9,1316,1230,0.6297740923567853,0.5535439031511183,215,111,1360,679,1355,886,11544,6596,241,123,758,382,42,14,615,298,5,3,0.0,0.625,1033
Ricky Walden,Liam Highfield,9,1497,1363,0.6968827791173715,0.5829754542011996,582,360,4272,2381,237,134,1597,854,387,235,1374,767,214,129,757,401,5,3,0.0,0.625,1033
Thepchaiya Un-Nooh,Ben Woollaston,9,1278,1353,0.38630986299123704,0.45326184801538616,160,88,1153,605,377,217,2489,1340,220,120,762,396,201,107,943,521,5,1,0.0,0.8333333333333334,1033
Judd Trump,Elliot Slessor,9,1556,1155,0.9352601291577347,0.7315498244408544,556,367,3863,2233,63,26,380,174,419,256,1641,959,118,51,360,164,5,0,0.0,1.0,1033
Craig Steadman,Ian Burns,9,1316,1315,0.5015380819320778,0.5006249996744794,320,184,2096,1129,219,121,1347,713,237,134,671,338,185,92,736,392,5,3,0.0,0.625,1033
Matthew Selt,Jak Jones,9,1393,1115,0.855785791096651,0.6670782770956253,354,188,2494,1286,116,49,721,328,284,173,775,403,110,45,286,120,5,0,0.0,1.0,1033
Mark Selby,Ryan Clark,9,1645,939,0.9949833610501834,0.8538347696026178,768,521,5625,3241,36,7,208,65,311,188,1738,1053,49,12,164,56,5,0,0.0,1.0,1033
Neil Robertson,Li Yan,9,1578,1193,0.9275515881200725,0.7236220674654401,651,424,4878,2759,117,54,814,400,362,215,1679,989,92,47,530,246,5,3,0.0,0.625,1033
Jimmy Robertson,Sydney Wilson,9,1341,1138,0.7818971725171479,0.6242202334972642,312,167,2093,1075,116,47,655,309,260,143,845,440,144,73,365,193,5,3,0.0,0.625,1033
Dechawat Poomjaeng,Ratchayothin Yotharuck,9,1347,1020,0.8932938325014955,0.6937054019553982,154,86,1116,571,34,7,223,80,267,144,960,503,102,34,223,80,5,3,0.0,0.625,1033
Barry Pinches,Martin Gould,9,1214,1485,0.150257703944063,0.33681950490064355,664,349,5273,2750,468,281,3208,1746,165,81,604,275,261,154,1117,597,5,3,0.0,0.625,1033
Tian Pengfei,Sean O'Sullivan,9,1343,1182,0.731942685280923,0.5992881635083561,241,136,1614,859,108,47,666,310,183,100,747,387,193,103,525,240,5,0,0.0,1.0,1033
Jamie O'Neill,Alan McManus,9,1173,1437,0.15647625622238798,0.34073961154861454,255,132,1621,839,782,466,6714,3553,70,34,406,189,292,162,950,512,5,1,0.0,0.8333333333333334,1033
Martin O'Donnell,David Gilbert,9,1210,1336,0.31390588840468353,0.4218947671156908,199,94,1182,590,358,200,2773,1467,149,87,529,263,176,89,856,460,5,1,0.0,0.8333333333333334,1033
Fergal O'Brien,Paul Davison,9,1353,1231,0.6806355880474421,0.5756643510425494,704,404,5512,2915,567,308,4033,2083,189,105,734,383,174,96,795,402,5,1,0.0,0.8333333333333334,1033
Shaun Murphy,Adam Duffy,9,1492,1204,0.864117564265544,0.6726070170677604,731,472,5537,3129,220,114,1371,704,363,217,1491,838,154,86,602,289,5,4,0.0,0.5555555555555556,1033
David Morris,Mark Davis,9,1298,1411,0.3317960811303977,0.42984097461816473,205,108,1544,786,807,488,6030,3285,127,61,535,287,299,171,1451,811,5,1,0.0,0.8333333333333334,1033
Hammad Miah,Gerard Greene,9,1034,1167,0.30445624814777533,0.41763245927192055,41,14,261,104,602,329,4579,2405,86,26,243,98,128,58,596,277,5,4,0.0,0.5555555555555556,1033
Aditya Mehta,Alexander Ursenbacher,9,1322,1067,0.8352701649709137,0.654188113761243,200,102,1396,698,37,13,223,91,176,94,841,434,105,38,205,83,5,2,0.0,0.7142857142857143,1033
Rory McLeod,Noppon Saengkham,9,1269,1253,0.5245929792443278,0.5099986668799655,439,242,3394,1782,92,41,642,295,153,74,714,364,231,116,472,237,5,4,0.0,0.5555555555555556,1033
Anthony McGill,Michael Leslie,9,1377,1100,0.8549331199994852,0.6665228332551123,283,171,1759,970,87,26,554,225,247,133,879,473,141,64,421,164,5,0,0.0,1.0,1033
Stephen Maguire,Chris Wakelin,9,1517,1244,0.8514868359502932,0.6642964428999887,695,465,5230,2980,59,33,387,201,363,225,1507,881,175,92,387,201,5,2,0.0,0.7142857142857143,1033
Kurt Maflin,Rhys Clark,9,1259,1150,0.6626145055415718,0.5677065480733601,378,222,2536,1374,45,23,258,133,183,84,885,472,81,44,258,133,5,0,0.0,1.0,1033
Jack Lisowski,Shane Castle,9,1307,1053,0.8343351260922364,0.653622330899504,266,161,1710,935,54,24,318,148,183,93,795,409,58,22,234,111,5,4,0.0,0.5555555555555556,1033
Peter Lines,Joel Walker,9,1223,1258,0.4463382005151679,0.47813894602839846,649,357,4818,2518,115,54,727,354,144,63,677,325,168,87,566,275,5,3,0.0,0.625,1033
Mark King,Chris Norbury,9,1288,1104,0.760025787896806,0.6130141761393355,729,400,5499,2868,233,113,1431,710,174,86,867,446,86,26,370,162,5,1,0.0,0.8333333333333334,1033
Ding Junhui,Thanawat Thirapongpaiboon,9,1501,1218,0.859995897595504,0.6698485160570237,533,352,3928,2231,140,66,979,473,182,108,1293,765,76,30,633,307,5,0,0.0,1.0,1033
Mark Joyce,Christopher Keogan,9,1272,1086,0.7623857644063681,0.6141996427768951,330,176,2375,1203,65,24,363,166,183,89,827,421,109,60,314,147,5,2,0.0,0.7142857142857143,1033
Duane Jones,Joe Perry,9,1271,1479,0.2125538504111123,0.3728522336868044,86,53,478,283,787,459,5804,3110,63,42,331,200,325,188,1316,742,5,2,0.0,0.7142857142857143,1033
Jamie Jones,Mitchell Travis,9,1350,1188,0.7331989464504001,0.5998883688639983,350,212,2325,1271,100,52,581,288,240,134,874,464,128,73,362,189,5,1,0.0,0.8333333333333334,1033
Michael Holt,Antony Parsons,9,1361,1081,0.8574804739607897,0.6681877721681662,593,350,4460,2377,72,33,436,210,275,146,956,510,18,8,89,42,5,2,0.0,0.7142857142857143,1033
John Higgins,Vinnie Calabrese,9,1391,1096,0.8697402180608809,0.6764489333484797,1115,789,9194,5421,86,38,545,249,271,148,1147,661,117,46,306,122,5,2,0.0,0.7142857142857143,1033
Barry Hawkins,Cao Xinlong,9,1462,1075,0.928553794342766,0.7246209144181192,686,420,4990,2763,39,12,261,104,355,195,1521,858,117,48,222,95,5,2,0.0,0.7142857142857143,1033
Dave Harold,Zhang Anda,9,1220,1303,0.37459024383955214,0.44831033065729986,678,380,5292,2779,182,87,1265,632,59,19,598,297,134,75,634,312,5,4,0.0,0.5555555555555556,1033
Li Hang,Cao Yupeng,9,1340,1286,0.5824304989902049,0.5336988354329009,131,64,931,475,146,77,1070,548,205,115,520,271,155,83,906,477,5,4,0.0,0.5555555555555556,1033
Anthony Hamilton,Alex Borg,9,1350,1140,0.7896412769224667,0.6283161882953663,700,412,5526,2972,303,132,2226,1025,132,65,712,371,166,73,266,109,5,3,0.0,0.625,1033
Xiao Guodong,Andrew Pagett,9,1422,1137,0.8616551521813485,0.6709533329057776,271,158,1859,1024,226,103,1491,724,224,131,917,505,147,57,465,206,5,2,0.0,0.7142857142857143,1033
David Grace,Liang Wenbo,9,1174,1399,0.19434508000828477,0.3629692055196168,213,98,1380,667,380,222,2607,1429,124,50,642,305,232,125,969,545,5,4,0.0,0.5555555555555556,1033
Marco Fu,Adam Wicheard,9,1470,1209,0.8408048830150162,0.6575736106164225,642,380,4868,2635,178,87,1049,533,284,159,1265,716,17,7,343,186,5,1,0.0,0.8333333333333334,1033
Peter Ebdon,Fraser Patrick,9,1388,1235,0.7217811546951534,0.5944759307482401,888,514,7253,3904,133,60,876,417,235,141,966,498,170,83,549,269,5,4,0.0,0.5555555555555556,1033
Mike Dunn,Tom Ford,9,1274,1330,0.4145651269759309,0.4650570548417855,572,303,4262,2196,426,242,3140,1667,183,99,636,315,145,72,846,427,5,4,0.0,0.5555555555555556,1033
Tony Drago,Andrew Higginson,9,1213,1359,0.2872693867047188,0.40974974806981657,693,345,5733,2849,564,343,4063,2244,101,45,610,287,201,111,923,482,5,3,0.0,0.625,1033
Graeme Dott,Alex Davies,9,1395,1214,0.7564607688598808,0.6112334666758695,658,385,5224,2789,192,96,1183,595,274,157,1051,579,128,56,363,174,5,0,0.0,1.0,1033
Ken Doherty,Andrew Norman,9,1337,1153,0.760025787896806,0.6130141761393355,1000,621,8323,4606,311,148,2331,1139,200,104,904,477,69,27,391,181,5,1,0.0,0.8333333333333334,1033
Yu Delu,Lyu Haotian,9,1257,1150,0.659805489406344,0.5664790559676278,161,81,1120,571,54,21,385,171,127,57,762,397,125,52,385,171,5,0,0.0,1.0,1033
Ryan Day,Khalid Belaied Abumdas,9,1425,989,0.9498017118018997,0.7483817216070642,627,381,4585,2529,1,0,12,2,324,187,1141,610,12,2,12,2,5,2,0.0,0.7142857142857143,1033
Dominic Dale,Ahmed Saif,9,1453,968,0.9654889677639088,0.77074099629946,700,403,5290,2827,28,6,168,50,289,170,1094,582,60,17,154,49,5,1,0.0,0.8333333333333334,1033
Jamie Cope,Gareth Green,9,1315,1104,0.790733578545378,0.6288998381516232,471,257,3208,1649,51,26,288,136,193,108,789,388,30,18,185,95,5,0,0.0,1.0,1033
Ali Carter,Lee Page,9,1516,1123,0.9314935612778559,0.7276039892428419,686,410,4986,2738,194,97,1172,587,55,24,920,518,121,48,323,141,5,1,0.0,0.8333333333333334,1033
Stuart Carrington,Rod Lawler,9,1302,1314,0.4815498876457767,0.4925005624493796,202,111,1229,658,683,380,5352,2799,176,90,508,259,222,117,939,503,5,3,0.0,0.625,1033
Alfie Burden,Ross Muir,9,1237,1169,0.6033448258583628,0.542397940774351,538,291,4010,2071,60,25,374,172,132,60,789,392,157,71,364,167,5,1,0.0,0.8333333333333334,1033
Luca Brecel,Jamie Burnett,9,1276,1320,0.432663772804632,0.47252769565540637,153,77,1067,545,579,337,4608,2453,207,112,810,424,177,97,728,371,5,3,0.0,0.625,1033
Nigel Bond,Sanderson Lam,9,1268,1085,0.7588407806226307,0.6124209393479161,756,425,6120,3250,58,27,329,155,149,74,688,346,106,55,299,144,5,1,0.0,0.8333333333333334,1033
Stuart Bingham,Allan Taylor,9,1467,1174,0.8681512578497216,0.6753536404444148,785,493,5892,3341,204,106,1154,601,396,243,1503,863,133,57,381,174,5,2,0.0,0.7142857142857143,1033
Sam Baird,Lyu Chuang,9,1292,1223,0.6048276146754163,0.5430183807243099,211,113,1448,750,216,105,1571,779,191,99,780,408,61,22,637,308,5,2,0.0,0.7142857142857143,1033
John Astley,Robbie Williams,9,1126,1290,0.26429794182847044,0.3989121211516302,111,53,674,316,246,139,1516,786,116,43,443,204,240,121,770,397,5,2,0.0,0.7142857142857143,1033
Mark Allen,James Cahill,9,1546,1210,0.8992998775738518,0.6984652160025387,531,337,3596,2013,77,30,483,213,292,168,1236,740,176,91,412,189,5,2,0.0,0.7142857142857143,1033
Pankaj Advani,Chen Zhe,9,1333,1202,0.6928574316362668,0.5811509642893937,82,47,582,310,143,75,877,446,36,17,570,306,103,54,531,253,5,3,0.0,0.625,1033
Mark Williams,Anthony McGill,9,1445,1377,0.6033448258583628,0.542397940774351,1064,696,8468,4838,283,171,1759,970,318,187,1195,679,247,133,879,473,5,3,0.0,0.625,1033
Michael White,Zhao Xintong,9,1425,1273,0.7204972079640919,0.5938731029341427,262,148,1879,1006,41,23,279,153,279,157,961,526,104,54,279,153,5,2,0.0,0.7142857142857143,1033
Jimmy White,David Morris,9,1218,1298,0.37897153196993094,0.45016600268752216,1336,761,11611,6140,205,108,1544,786,185,89,801,377,127,61,535,287,5,2,0.0,0.7142857142857143,1033
James Wattana,Mark Joyce,9,1181,1272,0.36299114537134225,0.44336904007774663,729,410,6238,3319,330,176,2375,1203,99,43,639,299,183,89,827,421,5,0,0.0,1.0,1033
Ricky Walden,Pankaj Advani,9,1497,1333,0.7357020581715297,0.6010878788483698,582,360,4272,2381,82,47,582,310,387,235,1374,767,36,17,570,306,5,1,0.0,0.8333333333333334,1033
Thepchaiya Un-Nooh,Ken Doherty,9,1278,1337,0.4100684546601523,0.46319171001101955,160,88,1153,605,1000,621,8323,4606,220,120,762,396,200,104,904,477,5,0,0.0,1.0,1033
Judd Trump,Kurt Maflin,9,1556,1259,0.8713152214887023,0.6775422953274692,556,367,3863,2233,378,222,2536,1374,419,256,1641,959,183,84,885,472,5,1,0.0,0.8333333333333334,1033
Craig Steadman,Michael Holt,9,1316,1361,0.4311492878986184,0.4719046255916129,320,184,2096,1129,593,350,4460,2377,237,134,671,338,275,146,956,510,5,1,0.0,0.8333333333333334,1033
Matthew Selt,Ryan Day,9,1393,1425,0.45091216472504103,0.48001065984441826,354,188,2494,1286,627,381,4585,2529,284,173,775,403,324,187,1141,610,5,2,0.0,0.7142857142857143,1033
Mark Selby,Stuart Carrington,9,1645,1302,0.9037896404126933,0.702138068199835,768,521,5625,3241,202,111,1229,658,311,188,1738,1053,176,90,508,259,5,3,0.0,0.625,1033
Neil Robertson,Anthony Hamilton,9,1578,1350,0.8087617227954655,0.6387631751488418,651,424,4878,2759,700,412,5526,2972,362,215,1679,989,132,65,712,371,5,4,0.0,0.5555555555555556,1033
Dechawat Poomjaeng,David Grace,9,1347,1174,0.7468086860638347,0.6064704870683034,154,86,1116,571,213,98,1380,667,267,144,960,503,124,50,642,305,5,3,0.0,0.625,1033
Tian Pengfei,Gary Wilson,9,1343,1285,0.5884340025894599,0.5361866202317948,241,136,1614,859,262,157,1664,920,183,100,747,387,130,59,614,343,5,2,0.0,0.7142857142857143,1033
Jamie O'Neill,Kyren Wilson,9,1173,1365,0.2306151721378868,0.382252125230751,255,132,1621,839,227,135,1444,790,70,34,406,189,197,106,588,327,5,3,0.0,0.625,1033
Shaun Murphy,Jamie Cope,9,1492,1315,0.7516609934098428,0.6088545692109504,731,472,5537,3129,471,257,3208,1649,363,217,1491,838,193,108,789,388,5,1,0.0,0.8333333333333334,1033
Mark King,Aditya Mehta,9,1288,1322,0.44786205376617916,0.4787627850337259,729,400,5499,2868,200,102,1396,698,174,86,867,446,176,94,841,434,5,4,0.0,0.5555555555555556,1033
Ding Junhui,John Astley,9,1501,1126,0.9223700263151574,0.7185943925708561,533,352,3928,2231,111,53,674,316,182,108,1293,765,116,43,443,204,5,1,0.0,0.8333333333333334,1033
John Higgins,Michael Wasley,9,1391,1316,0.613690137008763,0.5467381519846138,1115,789,9194,5421,215,111,1360,679,271,148,1147,661,241,123,758,382,5,2,0.0,0.7142857142857143,1033
Xiao Guodong,Hammad Miah,9,1422,1034,0.9290506954029674,0.7251194977898231,271,158,1859,1024,41,14,261,104,224,131,917,505,86,26,243,98,5,2,0.0,0.7142857142857143,1033
Marco Fu,Li Hang,9,1470,1340,0.6915101683136338,0.5805423048206596,642,380,4868,2635,131,64,931,475,284,159,1265,716,205,115,520,271,5,3,0.0,0.625,1033
Peter Ebdon,Jimmy Robertson,9,1388,1341,0.5718764689798446,0.5293412500457856,888,514,7253,3904,312,167,2093,1075,235,141,966,498,260,143,845,440,5,3,0.0,0.625,1033
Mike Dunn,Peter Lines,9,1274,1223,0.5779144942909848,0.5318318894162242,572,303,4262,2196,649,357,4818,2518,183,99,636,315,144,63,677,325,5,4,0.0,0.5555555555555556,1033
Graeme Dott,Rory McLeod,9,1395,1269,0.6860941115953165,0.5781052328843092,658,385,5224,2789,439,242,3394,1782,274,157,1051,579,153,74,714,364,5,4,0.0,0.5555555555555556,1033
Yu Delu,Duane Jones,9,1257,1271,0.4784777823974459,0.4912508931197597,161,81,1120,571,86,53,478,283,127,57,762,397,63,42,331,200,5,3,0.0,0.625,1033
Dominic Dale,Jack Lisowski,9,1453,1307,0.7127306132952813,0.5902502519301834,700,403,5290,2827,266,161,1710,935,289,170,1094,582,183,93,795,409,5,3,0.0,0.625,1033
Ali Carter,Jamie Jones,9,1516,1350,0.7381925501749662,0.6022861768886306,686,410,4986,2738,350,212,2325,1271,55,24,920,518,240,134,874,464,5,0,0.0,1.0,1033
Nigel Bond,Barry Pinches,9,1268,1214,0.5824304989902049,0.5336988354329009,756,425,6120,3250,664,349,5273,2750,149,74,688,346,165,81,604,275,5,2,0.0,0.7142857142857143,1033
Zhao Xintong,Sam Baird,9,1273,1292,0.4708038156707409,0.4881272322437472,41,23,279,153,211,113,1448,750,104,54,279,153,191,99,780,408,5,2,0.0,0.7142857142857143,1033
Yu Delu,Chen Zifan,9,1257,1037,0.8004056355270881,0.6341355910108007,161,81,1120,571,16,8,87,41,127,57,762,397,37,14,87,41,5,2,0.0,0.7142857142857143,1033
Luca Brecel,Yuan Sijun,9,1276,965,0.8819527499348307,0.6851410567502929,153,77,1067,545,9,1,53,15,207,112,810,424,13,4,53,15,5,2,0.0,0.7142857142857143,1033
John Astley,Yan Bingtao,9,1126,1161,0.4463382005151679,0.47813894602839846,111,53,674,316,19,11,119,67,116,43,443,204,80,44,119,67,5,2,0.0,0.7142857142857143,1033
Jimmy White,Alfie Burden,9,1218,1237,0.4708038156707409,0.4881272322437472,1336,761,11611,6140,538,291,4010,2071,185,89,801,377,132,60,789,392,5,3,0.0,0.625,1033
Ricky Walden,Xiao Guodong,9,1497,1422,0.613690137008763,0.5467381519846138,582,360,4272,2381,271,158,1859,1024,387,235,1374,767,224,131,917,505,5,3,0.0,0.625,1033
Craig Steadman,Martin O'Donnell,9,1316,1210,0.6583974652784721,0.5658650028954817,320,184,2096,1129,199,94,1182,590,237,134,671,338,149,87,529,263,5,4,0.0,0.5555555555555556,1033
Mark Selby,Nigel Bond,9,1645,1268,0.9234293253223331,0.7196043690484492,768,521,5625,3241,756,425,6120,3250,311,188,1738,1053,149,74,688,346,5,1,0.0,0.8333333333333334,1033
Neil Robertson,Mark Williams,9,1578,1445,0.6955437518522246,0.5823675407280794,651,424,4878,2759,1064,696,8468,4838,362,215,1679,989,318,187,1195,679,5,4,0.0,0.5555555555555556,1033
Jamie O'Neill,Fergal O'Brien,9,1173,1353,0.244734218902971,0.389360766050778,255,132,1621,839,704,404,5512,2915,70,34,406,189,189,105,734,383,5,2,0.0,0.7142857142857143,1033
Shaun Murphy,Dechawat Poomjaeng,9,1492,1347,0.7114258135090068,0.5896454785627312,731,472,5537,3129,154,86,1116,571,363,217,1491,838,267,144,960,503,5,0,0.0,1.0,1033
Mark King,Marco Fu,9,1288,1470,0.24234756182196188,0.3881726309982629,729,400,5499,2868,642,380,4868,2635,174,86,867,446,284,159,1265,716,5,3,0.0,0.625,1033
Ding Junhui,Thepchaiya Un-Nooh,9,1501,1278,0.8035658834232549,0.6358738914270539,533,352,3928,2231,160,88,1153,605,182,108,1293,765,220,120,762,396,5,3,0.0,0.625,1033
John Higgins,Michael White,9,1391,1425,0.44786205376617916,0.4787627850337259,1115,789,9194,5421,262,148,1879,1006,271,148,1147,661,279,157,961,526,5,1,0.0,0.8333333333333334,1033
Peter Ebdon,Judd Trump,9,1388,1556,0.2593296623755984,0.3965167501352737,888,514,7253,3904,556,367,3863,2233,235,141,966,498,419,256,1641,959,5,4,0.0,0.5555555555555556,1033
Mike Dunn,Tian Pengfei,9,1274,1343,0.39517238532458393,0.4569816192756902,572,303,4262,2196,241,136,1614,859,183,99,636,315,183,100,747,387,5,3,0.0,0.625,1033
Graeme Dott,Dave Harold,9,1395,1220,0.7492413698670223,0.6076631698328917,658,385,5224,2789,678,380,5292,2779,274,157,1051,579,59,19,598,297,5,4,0.0,0.5555555555555556,1033
Yu Delu,James Wattana,9,1257,1181,0.6151613259908093,0.5473576181430894,161,81,1120,571,729,410,6238,3319,127,57,762,397,99,43,639,299,5,1,0.0,0.8333333333333334,1033
Ali Carter,Matthew Selt,9,1516,1393,0.682004145502627,0.5762749224932653,686,410,4986,2738,354,188,2494,1286,55,24,920,518,284,173,775,403,5,2,0.0,0.7142857142857143,1033
Luca Brecel,Dominic Dale,9,1276,1453,0.24833900659015712,0.3911454307890496,153,77,1067,545,700,403,5290,2827,207,112,810,424,289,170,1094,582,5,1,0.0,0.8333333333333334,1033
Ricky Walden,Shaun Murphy,9,1497,1492,0.5076899290397746,0.5031249593105316,582,360,4272,2381,731,472,5537,3129,387,235,1374,767,363,217,1491,838,5,3,0.0,0.625,1033
Mark Selby,Jimmy White,9,1645,1218,0.9463504994567923,0.7441211943032843,768,521,5625,3241,1336,761,11611,6140,311,188,1738,1053,185,89,801,377,5,1,0.0,0.8333333333333334,1033
Neil Robertson,Yu Delu,9,1578,1257,0.8891414855085586,0.6905090012275708,651,424,4878,2759,161,81,1120,571,362,215,1679,989,127,57,762,397,5,4,0.0,0.5555555555555556,1033
Mark King,Jamie O'Neill,9,1288,1173,0.6709840397710257,0.5713839816769324,729,400,5499,2868,255,132,1621,839,174,86,867,446,70,34,406,189,5,3,0.0,0.625,1033
Ding Junhui,John Higgins,9,1501,1391,0.6640154623515127,0.5683199834782481,533,352,3928,2231,1115,789,9194,5421,182,108,1293,765,271,148,1147,661,5,2,0.0,0.7142857142857143,1033
Mike Dunn,Craig Steadman,9,1274,1316,0.4356958412515649,0.4737740906279313,572,303,4262,2196,320,184,2096,1129,183,99,636,315,237,134,671,338,5,3,0.0,0.625,1033
Graeme Dott,Luca Brecel,9,1395,1276,0.6765144327536381,0.5738312575916094,658,385,5224,2789,153,77,1067,545,274,157,1051,579,207,112,810,424,5,2,0.0,0.7142857142857143,1033
Ali Carter,Peter Ebdon,9,1516,1388,0.6888075102228256,0.5793242521487495,686,410,4986,2738,888,514,7253,3904,55,24,920,518,235,141,966,498,5,3,0.0,0.625,1033
Neil Robertson,Graeme Dott,9,1578,1395,0.7588407806226307,0.6124209393479161,651,424,4878,2759,658,385,5224,2789,362,215,1679,989,274,157,1051,579,5,3,0.0,0.625,1033
Ding Junhui,Mark King,9,1501,1288,0.7929076344712422,0.6300660082850182,533,352,3928,2231,729,400,5499,2868,182,108,1293,765,174,86,867,446,5,2,0.0,0.7142857142857143,1033
Mike Dunn,Mark Selby,9,1274,1645,0.0797835686919133,0.28343218544228543,572,303,4262,2196,768,521,5625,3241,183,99,636,315,311,188,1738,1053,5,3,0.0,0.625,1033
Ali Carter,Ricky Walden,9,1516,1497,0.5291961843292591,0.5118727677562528,686,410,4986,2738,582,360,4272,2381,55,24,920,518,387,235,1374,767,5,3,0.0,0.625,1033
Neil Robertson,Ali Carter,11,1578,1516,0.6036516239508452,0.538672605206508,651,424,4878,2759,686,410,4986,2738,362,215,1679,989,55,24,920,518,6,2,0.0,0.75,1033
Ding Junhui,Mike Dunn,11,1501,1274,0.8305871461583106,0.6381861133090055,533,352,3928,2231,572,303,4262,2196,182,108,1293,765,183,99,636,315,6,0,0.0,1.0,1033
Ding Junhui,Neil Robertson,19,1501,1578,0.3355003742442319,0.4520230623632036,533,352,3928,2231,651,424,4878,2759,182,108,1293,765,362,215,1679,989,10,5,0.0,0.6666666666666666,1033
Ben Woollaston,Ding Junhui,7,1335,1573,0.2089905743017545,0.3554884462937054,378,217,2495,1341,540,359,3982,2272,207,108,949,522,236,149,1347,806,4,3,0.0,0.5714285714285714,1041
Mark Williams,Lyu Haotian,7,1459,1133,0.8649416467776995,0.6931739493259501,1067,698,8491,4852,55,21,390,171,341,201,1218,693,130,52,390,171,4,1,0.0,0.8,1041
Judd Trump,Ju Reti,7,1563,1165,0.909578822811983,0.7300743839811188,559,369,3883,2247,23,17,127,79,439,270,1661,973,30,17,127,79,4,1,0.0,0.8,1041
Joe Perry,Mark Davis,7,1460,1392,0.5920814957526257,0.542397940774351,788,459,5811,3112,808,488,6036,3286,332,190,1323,744,305,172,1457,812,4,3,0.0,0.5714285714285714,1041
Ronnie O'Sullivan,Scott Donaldson,7,1666,1244,0.9215618734478543,0.7417338799314313,1025,777,9134,5538,114,61,751,379,291,185,894,570,208,105,741,374,4,0,0.0,1.0,1041
Fergal O'Brien,Michael Holt,7,1348,1347,0.5013671846516985,0.5006249996744794,706,405,5525,2922,595,351,4473,2383,202,112,747,390,288,152,969,516,4,3,0.0,0.5714285714285714,1041
Shaun Murphy,Neil Robertson,7,1503,1554,0.43064928112217615,0.4681681105837757,735,475,5565,3147,658,430,4944,2795,391,235,1519,856,428,251,1745,1025,4,2,0.0,0.6666666666666666,1041
John Higgins,Jimmy Robertson,7,1411,1335,0.6026704349193375,0.5473576181430894,1119,792,9221,5438,314,168,2109,1083,298,165,1174,678,276,151,861,448,4,2,0.0,0.6666666666666666,1041
Barry Hawkins,Stephen Maguire,7,1461,1520,0.41991680863949354,0.46319171001101955,687,421,4997,2768,696,466,5237,2985,362,200,1528,863,370,230,1514,886,4,0,0.0,1.0,1041
Anthony Hamilton,Sam Baird,7,1356,1289,0.5907526477758748,0.5417773692836367,702,413,5543,2981,213,114,1462,757,149,74,729,380,205,106,794,415,4,3,0.0,0.5714285714285714,1041
Gerard Greene,Ricky Walden,7,1157,1517,0.11228536611391408,0.289050497374996,603,329,4588,2409,587,364,4310,2404,137,62,605,281,425,258,1412,790,4,1,0.0,0.8,1041
David Gilbert,Mark Selby,7,1316,1636,0.13940518288643433,0.31002551887238755,359,200,2779,1468,773,525,5658,3264,182,90,862,461,344,211,1771,1076,4,0,0.0,1.0,1041
Marco Fu,Gary Wilson,7,1466,1288,0.728275111254584,0.6094497836283252,645,382,4890,2648,264,158,1679,927,306,172,1287,729,145,66,629,350,4,0,0.0,1.0,1041
Yu Delu,Liang Wenbo,7,1308,1385,0.39601140843867844,0.4520230623632036,166,85,1155,595,381,222,2616,1433,162,81,797,421,241,129,978,549,4,2,0.0,0.6666666666666666,1041
Ryan Day,Stuart Bingham,7,1410,1469,0.41991680863949354,0.46319171001101955,629,382,4599,2536,786,494,5899,3346,338,194,1155,617,403,248,1510,868,4,3,0.0,0.5714285714285714,1041
Mark Allen,Jamie Jones,7,1547,1345,0.7545108097932872,0.623633628298226,532,338,3603,2018,352,213,2336,1276,299,173,1243,745,251,139,885,469,4,2,0.0,0.6666666666666666,1041
Judd Trump,Shaun Murphy,7,1563,1503,0.5814204865006773,0.5374298453437496,559,369,3883,2247,735,475,5565,3147,439,270,1661,973,391,235,1519,856,4,0,0.0,1.0,1041
Joe Perry,David Gilbert,7,1460,1316,0.6887157040547041,0.5890404340586651,788,459,5811,3112,359,200,2779,1468,332,190,1323,744,182,90,862,461,4,1,0.0,0.8,1041
John Higgins,Ben Woollaston,7,1411,1335,0.6026704349193375,0.5473576181430894,1119,792,9221,5438,378,217,2495,1341,298,165,1174,678,207,108,949,522,4,2,0.0,0.6666666666666666,1041
Barry Hawkins,Ryan Day,7,1461,1410,0.5693507188778237,0.5318318894162242,687,421,4997,2768,629,382,4599,2536,362,200,1528,863,338,194,1155,617,4,3,0.0,0.5714285714285714,1041
Gerard Greene,Anthony Hamilton,7,1157,1356,0.24868775230024892,0.3781283576925339,603,329,4588,2409,702,413,5543,2981,137,62,605,281,149,74,729,380,4,3,0.0,0.5714285714285714,1041
Marco Fu,Mark Williams,7,1466,1459,0.5095693356278297,0.5043748883497735,645,382,4890,2648,1067,698,8491,4852,306,172,1287,729,341,201,1218,693,4,2,0.0,0.6666666666666666,1041
Yu Delu,Ronnie O'Sullivan,7,1308,1666,0.11353902254443218,0.2900790816655468,166,85,1155,595,1025,777,9134,5538,162,81,797,421,291,185,894,570,4,3,0.0,0.5714285714285714,1041
Mark Allen,Fergal O'Brien,7,1547,1348,0.7513122476997512,0.6218716423074662,532,338,3603,2018,706,405,5525,2922,299,173,1243,745,202,112,747,390,4,1,0.0,0.8,1041
Judd Trump,Joe Perry,7,1563,1460,0.6377737431786725,0.5640216374262577,559,369,3883,2247,788,459,5811,3112,439,270,1661,973,332,190,1323,744,4,2,0.0,0.6666666666666666,1041
Barry Hawkins,Yu Delu,7,1461,1308,0.6994442564412618,0.5944759307482401,687,421,4997,2768,166,85,1155,595,362,200,1528,863,162,81,797,421,4,1,0.0,0.8,1041
Gerard Greene,Mark Allen,7,1157,1547,0.09472223057446792,0.2738850187392209,603,329,4588,2409,532,338,3603,2018,137,62,605,281,299,173,1243,745,4,2,0.0,0.6666666666666666,1041
Marco Fu,John Higgins,7,1466,1411,0.5747243219334544,0.5343209436693046,645,382,4890,2648,1119,792,9221,5438,306,172,1287,729,298,165,1174,678,4,1,0.0,0.8,1041
Barry Hawkins,Judd Trump,7,1461,1563,0.3635067817280711,0.4365932137378064,687,421,4997,2768,559,369,3883,2247,362,200,1528,863,439,270,1661,973,4,1,0.0,0.8,1041
Gerard Greene,Marco Fu,7,1157,1466,0.14763508874109277,0.3159385543477431,603,329,4588,2409,645,382,4890,2648,137,62,605,281,306,172,1287,729,4,2,0.0,0.6666666666666666,1041
Barry Hawkins,Gerard Greene,7,1461,1157,0.8485117931807986,0.6813537337890256,687,421,4997,2768,603,329,4588,2409,362,200,1528,863,137,62,605,281,4,0,0.0,1.0,1041
Cao Yupeng,Daniel Wells,9,1284,1161,0.682004145502627,0.5762749224932653,147,77,1079,552,238,117,1594,792,164,87,915,481,169,85,640,294,5,3,0.0,0.625,997
Li Yan,Ben Woollaston,9,1199,1341,0.2925060977553507,0.41217046151748854,118,54,822,403,380,218,2508,1347,100,50,538,249,220,114,962,528,5,1,0.0,0.8333333333333334,997
Mark Williams,Chris Norbury,9,1455,1093,0.9151975845350849,0.7119759194127935,1069,699,8502,4858,234,113,1437,711,352,207,1229,699,92,27,376,163,5,3,0.0,0.625,997
Adam Wicheard,Lyu Chuang,9,1201,1213,0.4815498876457767,0.4925005624493796,179,87,1055,534,217,105,1578,781,23,8,349,187,68,24,644,310,5,2,0.0,0.7142857142857143,997
Jimmy White,Dylan Mitchell,9,1253,969,0.8608272920014749,0.6704011598088686,1340,764,11639,6156,16,6,93,35,213,105,829,393,10,2,93,35,5,1,0.0,0.8333333333333334,997
Michael White,Shane Castle,9,1430,1060,0.9196706883249288,0.7160597938157098,265,150,1897,1017,55,24,327,152,297,168,979,537,67,26,243,115,5,2,0.0,0.7142857142857143,997
Liang Wenbo,Chen Zhe,9,1375,1199,0.7504528187981169,0.6082590307465143,382,222,2622,1435,144,75,885,449,247,131,984,551,111,57,539,256,5,2,0.0,0.7142857142857143,997
Michael Wasley,Jamie Cope,9,1312,1319,0.4892347721324395,0.4956251116502266,217,112,1375,686,473,258,3219,1655,256,130,773,389,204,114,800,394,5,3,0.0,0.625,997
Ricky Walden,John Astley,9,1497,1151,0.9056659006528578,0.7037042379997707,588,364,4315,2405,114,55,694,327,430,259,1417,791,136,54,463,215,5,1,0.0,0.8333333333333334,997
Thepchaiya Un-Nooh,Peter Lines,9,1317,1230,0.6312250106267252,0.5541616527636486,163,90,1172,618,651,358,4835,2527,239,133,781,409,161,72,694,334,5,3,0.0,0.625,997
Judd Trump,Ratchayothin Yotharuck,9,1572,1024,0.9793154859559822,0.7973801535688696,563,372,3903,2260,35,7,231,83,459,283,1681,986,110,37,231,83,5,3,0.0,0.625,997
Matthew Stevens,Khalid Belaied Abumdas,9,1272,991,0.8583224919882384,0.668741821102192,789,472,6271,3431,2,0,19,4,185,91,1098,549,19,4,19,4,5,0,0.0,1.0,997
Craig Steadman,Fergal O'Brien,9,1330,1345,0.476942221670483,0.4906260984783392,324,187,2127,1147,708,406,5537,2927,268,152,702,356,214,117,759,395,5,3,0.0,0.625,997
Matthew Selt,Liam Highfield,9,1411,1360,0.5779144942909848,0.5318318894162242,357,190,2513,1298,238,134,1605,857,303,185,794,415,222,132,765,404,5,3,0.0,0.625,997
Mark Selby,Lyu Haotian,9,1614,1129,0.9654889677639088,0.77074099629946,774,525,5662,3264,56,21,395,172,348,211,1775,1076,135,53,395,172,5,2,0.0,0.7142857142857143,997
Noppon Saengkham,Marcus Campbell,9,1250,1173,0.6166307742060854,0.5479769376367963,93,41,651,299,653,355,4873,2498,240,120,481,241,103,37,815,378,5,2,0.0,0.7142857142857143,997
Neil Robertson,Alexander Ursenbacher,9,1544,1064,0.964109300890295,0.7685247834990175,659,430,4950,2797,38,13,230,93,434,253,1751,1027,112,40,212,85,5,0,0.0,1.0,997
Barry Pinches,Dechawat Poomjaeng,9,1222,1329,0.34019451059365574,0.43352094403237207,666,350,5288,2757,157,88,1137,581,180,88,619,282,288,154,981,513,5,2,0.0,0.7142857142857143,997
Joe Perry,Li Hang,9,1466,1339,0.6874521458116047,0.578714862460134,791,461,5829,3122,133,65,948,483,350,200,1341,754,222,123,537,279,5,4,0.0,0.5555555555555556,997
Tian Pengfei,Ian Burns,9,1358,1307,0.5779144942909848,0.5318318894162242,244,138,1634,872,220,121,1355,716,203,113,767,400,193,95,744,395,5,1,0.0,0.8333333333333334,997
Shaun Murphy,Tony Drago,9,1498,1227,0.8497422960559372,0.6631804950993565,737,476,5575,3151,694,346,5741,2854,401,239,1529,860,109,50,618,292,5,1,0.0,0.8333333333333334,997
David Morris,Peter Ebdon,9,1302,1401,0.3515226665168548,0.4384389296638045,207,109,1557,793,892,517,7287,3922,140,68,548,294,269,159,1000,516,5,2,0.0,0.7142857142857143,997
Robert Milkins,Joe Swail,9,1400,1341,0.5899315453398475,0.5368082899889803,638,395,4826,2650,722,396,5763,3018,334,184,1268,712,269,149,719,378,5,3,0.0,0.625,997
Aditya Mehta,Jak Jones,9,1320,1102,0.7982810462660692,0.6329747766804606,202,103,1412,707,117,49,726,328,192,103,857,443,115,45,291,120,5,2,0.0,0.7142857142857143,997
Alan McManus,Jeff Cundy,9,1413,1175,0.8188851011711408,0.6445115537062945,783,466,6720,3554,496,264,3504,1821,298,163,956,513,83,46,341,186,5,2,0.0,0.7142857142857143,997
Rory McLeod,Kyren Wilson,9,1274,1346,0.39073366664049125,0.45512110762641994,441,243,3412,1791,229,136,1461,798,171,83,732,373,214,114,605,335,5,1,0.0,0.8333333333333334,997
Anthony McGill,Adam Duffy,9,1385,1212,0.7468086860638347,0.6064704870683034,285,172,1772,978,221,114,1380,708,260,141,892,481,163,90,611,293,5,2,0.0,0.7142857142857143,997
Stephen Maguire,Rhys Clark,9,1503,1133,0.9196706883249288,0.7160597938157098,697,466,5241,2985,46,23,263,133,374,230,1518,886,86,44,263,133,5,2,0.0,0.7142857142857143,997
Kurt Maflin,Robin Hull,9,1268,1357,0.36587906232994205,0.44460335167941084,380,223,2547,1380,431,264,3341,1850,194,90,896,478,164,87,284,138,5,1,0.0,0.8333333333333334,997
Michael Leslie,James Wattana,9,1087,1212,0.3152665769470101,0.4225046348141883,88,26,559,225,732,412,6254,3330,146,64,426,164,115,54,655,310,5,2,0.0,0.7142857142857143,997
Rod Lawler,Elliot Slessor,9,1306,1144,0.7331989464504001,0.5998883688639983,684,380,5360,2802,64,26,385,174,230,120,947,506,123,51,365,164,5,1,0.0,0.8333333333333334,997
Sanderson Lam,Dave Harold,9,1074,1232,0.2718447863126251,0.40251423417298393,59,27,335,156,680,381,5310,2788,112,56,305,145,77,28,616,306,5,1,0.0,0.8333333333333334,997
Mark King,David Grace,9,1318,1186,0.6942019644408484,0.5817593768418363,734,404,5537,2890,215,99,1397,675,212,108,905,468,141,58,659,313,5,4,0.0,0.5555555555555556,997
Ding Junhui,Christopher Keogan,9,1561,1080,0.9643889636997364,0.7689692210129387,541,359,3989,2275,66,24,370,168,243,152,1354,809,116,62,321,149,5,0,0.0,1.0,997
Mark Joyce,Fraser Patrick,9,1256,1238,0.5276622061032297,0.5112481019468548,332,177,2387,1208,134,60,885,421,195,94,839,426,179,87,558,273,5,2,0.0,0.7142857142857143,997
Jamie Jones,Jamie O'Neill,9,1343,1224,0.6765144327536381,0.5738312575916094,353,213,2342,1278,259,135,1650,857,257,141,891,471,99,52,435,207,5,4,0.0,0.5555555555555556,997
Michael Holt,Alex Borg,9,1343,1140,0.7818971725171479,0.6242202334972642,596,351,4480,2386,304,132,2234,1028,295,155,976,519,174,76,274,112,5,2,0.0,0.7142857142857143,997
Andrew Higginson,Ashley Carty,9,1345,1157,0.7647323039706795,0.6153837563911821,565,343,4071,2247,65,34,380,192,209,114,931,485,169,89,355,183,5,0,0.0,1.0,997
John Higgins,Sydney Wilson,9,1413,1138,0.853217103541739,0.665410558746814,1122,794,9238,5447,117,47,663,312,315,174,1191,687,152,76,373,196,5,3,0.0,0.625,997
Barry Hawkins,Vinnie Calabrese,9,1513,1094,0.9431194043528308,0.7402945416674501,692,426,5022,2788,87,38,552,251,387,220,1553,883,124,48,313,124,5,4,0.0,0.5555555555555556,997
Anthony Hamilton,Andrew Norman,9,1348,1142,0.7852370226068368,0.6259778577666038,704,414,5557,2988,312,148,2337,1140,163,81,743,387,75,28,397,182,5,3,0.0,0.625,997
Xiao Guodong,Andrew Pagett,9,1419,1135,0.8608272920014749,0.6704011598088686,274,160,1881,1037,227,103,1498,726,246,144,939,518,154,59,472,208,5,1,0.0,0.8333333333333334,997
Gerard Greene,Zhang Anda,9,1210,1295,0.3716787694063234,0.4470740118670941,608,333,4616,2425,183,87,1274,636,165,78,633,297,143,79,643,316,5,0,0.0,1.0,997
Martin Gould,Sam Baird,9,1467,1287,0.7552657810970291,0.610639233949222,469,281,3216,1749,214,114,1469,760,269,157,1125,600,212,109,801,418,5,2,0.0,0.7142857142857143,997
David Gilbert,Gary Wilson,9,1329,1276,0.5809264008951017,0.5330766223661046,361,201,2788,1473,265,158,1683,927,191,95,871,466,149,66,633,350,5,4,0.0,0.5555555555555556,997
Marco Fu,Martin O'Donnell,9,1480,1231,0.8296059536556128,0.6507869207968349,649,385,4911,2662,201,95,1197,599,327,186,1308,743,164,96,544,272,5,0,0.0,1.0,997
Tom Ford,Joel Walker,9,1323,1249,0.6122172280083397,0.5461185410457796,427,242,3149,1671,116,54,735,357,154,76,855,431,176,90,574,278,5,4,0.0,0.5555555555555556,997
Mike Dunn,Paul Davison,9,1307,1219,0.6326739656258834,0.5547792351072148,578,308,4310,2221,568,308,4039,2084,231,124,684,340,180,97,801,403,5,1,0.0,0.8333333333333334,997
Graeme Dott,James Cahill,9,1412,1209,0.7818971725171479,0.6242202334972642,663,389,5262,2812,78,30,490,215,312,180,1089,602,183,93,419,191,5,4,0.0,0.5555555555555556,997
Scott Donaldson,Jack Lisowski,9,1236,1298,0.40558417866374163,0.46132739479349205,115,61,755,379,268,162,1727,943,212,105,745,374,200,101,812,417,5,3,0.0,0.625,997
Ken Doherty,Allan Taylor,9,1327,1172,0.7243399491478313,0.5956807306078472,1002,622,8334,4611,205,106,1161,603,211,109,915,482,140,59,388,176,5,4,0.0,0.5555555555555556,997
Yu Delu,Josh Boileau,9,1326,1084,0.8228339524244989,0.6467993925579857,169,87,1173,604,30,17,155,83,180,90,815,430,57,35,142,77,5,1,0.0,0.8333333333333334,997
Ryan Day,Luca Brecel,9,1414,1299,0.6709840397710257,0.5713839816769324,631,383,4613,2543,157,80,1095,562,352,201,1169,624,235,129,838,441,5,4,0.0,0.5555555555555556,997
Steve Davis,Hammad Miah,9,1225,1044,0.7564607688598808,0.6112334666758695,1356,886,11552,6599,43,15,277,111,50,17,623,301,102,33,259,105,5,2,0.0,0.7142857142857143,997
Mark Davis,Thanawat Thirapongpaiboon,9,1390,1205,0.7612074518356959,0.6136070778047783,809,488,6043,3289,141,66,984,473,312,175,1464,815,81,30,638,307,5,4,0.0,0.5555555555555556,997
Alex Davies,Jimmy Robertson,9,1198,1329,0.3071425683637329,0.41884903571060617,193,96,1188,595,315,168,2115,1085,133,56,368,174,282,153,867,450,5,4,0.0,0.5555555555555556,997
Dominic Dale,Cao Xinlong,9,1437,1076,0.9146249185246416,0.7114629823302013,703,405,5310,2838,40,12,268,106,309,181,1114,593,124,50,229,97,5,0,0.0,1.0,997
Ali Carter,Stuart Carrington,9,1538,1315,0.8035658834232549,0.6358738914270539,692,415,5028,2765,204,112,1245,666,97,51,962,545,192,98,524,267,5,3,0.0,0.625,997
Jamie Burnett,Ryan Clark,9,1310,933,0.9234293253223331,0.7196043690484492,580,337,4616,2456,37,7,213,65,185,100,736,374,54,12,169,56,5,2,0.0,0.7142857142857143,997
Alfie Burden,Ross Muir,9,1243,1155,0.6326739656258834,0.5547792351072148,540,292,4024,2079,61,25,380,173,146,68,803,400,163,72,370,168,5,0,0.0,1.0,997
Nigel Bond,Lee Page,9,1283,1118,0.7369488869894564,0.6016871801828567,759,427,6139,3261,195,97,1178,588,168,85,707,357,127,49,329,142,5,0,0.0,1.0,997
Stuart Bingham,Robbie Williams,9,1463,1272,0.7682267848118195,0.6171573626529722,787,494,5906,3349,247,139,1523,788,410,251,1517,871,247,123,777,399,5,1,0.0,0.8333333333333334,997
Mark Allen,Chris Wakelin,9,1538,1241,0.8713152214887023,0.6775422953274692,535,340,3620,2028,60,33,394,203,316,183,1260,755,182,94,394,203,5,4,0.0,0.5555555555555556,997
Pankaj Advani,Mitchell Travis,9,1325,1177,0.7153313779464554,0.5914589784327801,84,48,596,316,101,52,587,289,50,23,584,312,134,74,368,190,5,2,0.0,0.7142857142857143,997
Mark Williams,Yuan Sijun,9,1455,964,0.967084071493345,0.7733807162924247,1069,699,8502,4858,10,1,60,17,352,207,1229,699,20,6,60,17,5,1,0.0,0.8333333333333334,997
Michael White,Aditya Mehta,9,1430,1320,0.6640154623515127,0.5683199834782481,265,150,1897,1017,202,103,1412,707,297,168,979,537,192,103,857,443,5,3,0.0,0.625,997
Liang Wenbo,Scott Donaldson,9,1375,1236,0.7035360054960305,0.5860112044388707,382,222,2622,1435,115,61,755,379,247,131,984,551,212,105,745,374,5,1,0.0,0.8333333333333334,997
Ricky Walden,Alfie Burden,9,1497,1243,0.8343351260922364,0.653622330899504,588,364,4315,2405,540,292,4024,2079,430,259,1417,791,146,68,803,400,5,4,0.0,0.5555555555555556,997
Thepchaiya Un-Nooh,Stephen Maguire,9,1317,1503,0.23761423559363187,0.38580035722310485,163,90,1172,618,697,466,5241,2985,239,133,781,409,374,230,1518,886,5,4,0.0,0.5555555555555556,997
Judd Trump,Chen Zifan,9,1572,1033,0.977701832984694,0.7937206082453278,563,372,3903,2260,17,8,94,43,459,283,1681,986,44,16,94,43,5,0,0.0,1.0,997
Matthew Stevens,Yu Delu,9,1272,1326,0.4175695010097954,0.4663011645670992,789,472,6271,3431,169,87,1173,604,185,91,1098,549,180,90,815,430,5,0,0.0,1.0,997
Mark Selby,Anthony Hamilton,9,1614,1348,0.8453183804092873,0.660382673079216,774,525,5662,3264,704,414,5557,2988,348,211,1775,1076,163,81,743,387,5,3,0.0,0.625,997
Noppon Saengkham,Gerard Greene,9,1250,1210,0.5612681117807465,0.52497918747894,93,41,651,299,608,333,4616,2425,240,120,481,241,165,78,633,297,5,2,0.0,0.7142857142857143,997
Neil Robertson,Jamie Jones,9,1544,1343,0.7796532292456051,0.6230466603666162,659,430,4950,2797,353,213,2342,1278,434,253,1751,1027,257,141,891,471,5,1,0.0,0.8333333333333334,997
Shaun Murphy,Jimmy White,9,1498,1253,0.8257578299729261,0.6485108747389209,737,476,5575,3151,1340,764,11639,6156,401,239,1529,860,213,105,829,393,5,1,0.0,0.8333333333333334,997
Robert Milkins,Rod Lawler,9,1400,1306,0.6413253712613813,0.5584811124381613,638,395,4826,2650,684,380,5360,2802,334,184,1268,712,230,120,947,506,5,2,0.0,0.7142857142857143,997
Alan McManus,Martin Gould,9,1413,1467,0.4175695010097954,0.4663011645670992,783,466,6720,3554,469,281,3216,1749,298,163,956,513,269,157,1125,600,5,1,0.0,0.8333333333333334,997
Rory McLeod,Tom Ford,9,1274,1323,0.42510220983400737,0.469413239817919,441,243,3412,1791,427,242,3149,1671,171,83,732,373,154,76,855,431,5,4,0.0,0.5555555555555556,997
Kurt Maflin,Joe Perry,9,1268,1466,0.22373863566729585,0.37871640480893215,380,223,2547,1380,791,461,5829,3122,194,90,896,478,350,200,1341,754,5,1,0.0,0.8333333333333334,997
Mark King,Cao Yupeng,9,1318,1284,0.5521379462338207,0.5212372149662741,734,404,5537,2890,147,77,1079,552,212,108,905,468,164,87,915,481,5,2,0.0,0.7142857142857143,997
Ding Junhui,Li Yan,9,1561,1199,0.9151975845350849,0.7119759194127935,541,359,3989,2275,118,54,822,403,243,152,1354,809,100,50,538,249,5,1,0.0,0.8333333333333334,997
Mark Joyce,David Morris,9,1256,1302,0.42963586636796786,0.4712816430485603,332,177,2387,1208,207,109,1557,793,195,94,839,426,140,68,548,294,5,2,0.0,0.7142857142857143,997
Michael Holt,Nigel Bond,9,1343,1283,0.5914277106765304,0.5374298453437496,596,351,4480,2386,759,427,6139,3261,295,155,976,519,168,85,707,357,5,1,0.0,0.8333333333333334,997
Andrew Higginson,Craig Steadman,9,1345,1330,0.5230577783295167,0.5093739015216607,565,343,4071,2247,324,187,2127,1147,209,114,931,485,268,152,702,356,5,2,0.0,0.7142857142857143,997
John Higgins,Alex Davies,9,1413,1198,0.7950675978142399,0.6312306626164005,1122,794,9238,5447,193,96,1188,595,315,174,1191,687,133,56,368,174,5,1,0.0,0.8333333333333334,997
Barry Hawkins,Matthew Selt,9,1513,1411,0.6527423440531748,0.5634067862621936,692,426,5022,2788,357,190,2513,1298,387,220,1553,883,303,185,794,415,5,4,0.0,0.5555555555555556,997
Marco Fu,Anthony McGill,9,1480,1385,0.6427600375415892,0.559097471902393,649,385,4911,2662,285,172,1772,978,327,186,1308,743,260,141,892,481,5,3,0.0,0.625,997
Graeme Dott,Tian Pengfei,9,1412,1358,0.5824304989902049,0.5336988354329009,663,389,5262,2812,244,138,1634,872,312,180,1089,602,203,113,767,400,5,2,0.0,0.7142857142857143,997
Ken Doherty,Barry Pinches,9,1327,1222,0.6569871207564459,0.5652507475670999,1002,622,8334,4611,666,350,5288,2757,211,109,915,482,180,88,619,282,5,2,0.0,0.7142857142857143,997
Ryan Day,Michael Wasley,9,1414,1312,0.6527423440531748,0.5634067862621936,631,383,4613,2543,217,112,1375,686,352,201,1169,624,256,130,773,389,5,4,0.0,0.5555555555555556,997
Mark Davis,Adam Wicheard,9,1390,1201,0.7659005155576041,0.6159753019181258,809,488,6043,3289,179,87,1055,534,312,175,1464,815,23,8,349,187,5,0,0.0,1.0,997
Dominic Dale,Michael Leslie,9,1437,1087,0.9081233677303755,0.7057850278370112,703,405,5310,2838,88,26,559,225,309,181,1114,593,146,64,426,164,5,4,0.0,0.5555555555555556,997
Ali Carter,David Gilbert,9,1538,1329,0.7885454656789053,0.6277321638605189,692,415,5028,2765,361,201,2788,1473,97,51,962,545,191,95,871,466,5,3,0.0,0.625,997
Stuart Bingham,Steve Davis,9,1463,1225,0.8188851011711408,0.6445115537062945,787,494,5906,3349,1356,886,11552,6599,410,251,1517,871,50,17,623,301,5,3,0.0,0.625,997
Mark Allen,Mike Dunn,9,1538,1307,0.8118363604456017,0.6404919537233386,535,340,3620,2028,578,308,4310,2221,316,183,1260,755,231,124,684,340,5,2,0.0,0.7142857142857143,997
Pankaj Advani,Xiao Guodong,9,1325,1419,0.35867462873861855,0.44151888756183866,84,48,596,316,274,160,1881,1037,50,23,584,312,246,144,939,518,5,4,0.0,0.5555555555555556,997
Chen Zifan,Sanderson Lam,9,1033,1074,0.43721337891955414,0.47439741167538224,17,8,94,43,59,27,335,156,44,16,94,43,112,56,305,145,5,3,0.0,0.625,997
Rory McLeod,Zhao Xintong,9,1274,1280,0.49077234947048,0.496250070310918,441,243,3412,1791,43,24,293,160,171,83,732,373,118,61,293,160,5,1,0.0,0.8333333333333334,997
Scott Donaldson,Lin Shuai,9,1236,1058,0.7528658846129856,0.6094497836283252,115,61,755,379,21,10,124,56,212,105,745,374,30,15,124,56,5,1,0.0,0.8333333333333334,997
Liang Wenbo,Mark Davis,9,1375,1390,0.476942221670483,0.4906260984783392,382,222,2622,1435,809,488,6043,3289,247,131,984,551,312,175,1464,815,5,3,0.0,0.625,997
Ricky Walden,Ken Doherty,9,1497,1327,0.7431353377857283,0.6046790847140093,588,364,4315,2405,1002,622,8334,4611,430,259,1417,791,211,109,915,482,5,1,0.0,0.8333333333333334,997
Thepchaiya Un-Nooh,Andrew Higginson,9,1317,1345,0.45702134894353685,0.48250714233361025,163,90,1172,618,565,343,4071,2247,239,133,781,409,209,114,931,485,5,1,0.0,0.8333333333333334,997
Judd Trump,Matthew Stevens,9,1572,1272,0.8736516395059266,0.679178699175393,563,372,3903,2260,789,472,6271,3431,459,283,1681,986,185,91,1098,549,5,4,0.0,0.5555555555555556,997
Mark Selby,Noppon Saengkham,9,1614,1250,0.9163338450326745,0.7130001627522816,774,525,5662,3264,93,41,651,299,348,211,1775,1076,240,120,481,241,5,2,0.0,0.7142857142857143,997
Neil Robertson,Rory McLeod,9,1544,1274,0.8488646678121341,0.6626218371700825,659,430,4950,2797,441,243,3412,1791,434,253,1751,1027,171,83,732,373,5,1,0.0,0.8333333333333334,997
Shaun Murphy,Mark King,9,1498,1318,0.7552657810970291,0.610639233949222,737,476,5575,3151,734,404,5537,2890,401,239,1529,860,212,108,905,468,5,1,0.0,0.8333333333333334,997
Alan McManus,Robert Milkins,9,1413,1400,0.5199863209697588,0.5081242849062608,783,466,6720,3554,638,395,4826,2650,298,163,956,513,334,184,1268,712,5,3,0.0,0.625,997
Kurt Maflin,Ali Carter,9,1268,1538,0.15113533218786596,0.33737816282991745,380,223,2547,1380,692,415,5028,2765,194,90,896,478,97,51,962,545,5,2,0.0,0.7142857142857143,997
Ding Junhui,Pankaj Advani,9,1561,1325,0.8168891158426366,0.6433651456944017,541,359,3989,2275,84,48,596,316,243,152,1354,809,50,23,584,312,5,4,0.0,0.5555555555555556,997
Mark Joyce,Barry Hawkins,9,1256,1513,0.16287054860800082,0.34468162982610484,332,177,2387,1208,692,426,5022,2788,195,94,839,426,387,220,1553,883,5,4,0.0,0.5555555555555556,997
John Higgins,Michael White,9,1413,1430,0.4738722035413677,0.4893765989950364,1122,794,9238,5447,265,150,1897,1017,315,174,1191,687,297,168,979,537,5,0,0.0,1.0,997
Marco Fu,Michael Holt,9,1480,1343,0.7008831543460528,0.584797674717737,649,385,4911,2662,596,351,4480,2386,327,186,1308,743,295,155,976,519,5,3,0.0,0.625,997
Graeme Dott,Ryan Day,9,1412,1414,0.49692386016813683,0.49875000260416025,663,389,5262,2812,631,383,4613,2543,312,180,1089,602,352,201,1169,624,5,2,0.0,0.7142857142857143,997
Dominic Dale,Stuart Bingham,9,1437,1463,0.4600800462945756,0.48375571893792757,703,405,5310,2838,787,494,5906,3349,309,181,1114,593,410,251,1517,871,5,4,0.0,0.5555555555555556,997
Mark Allen,Mark Williams,9,1538,1455,0.6254097561604477,0.5516896693427,535,340,3620,2028,1069,699,8502,4858,316,183,1260,755,352,207,1229,699,5,3,0.0,0.625,997
Mark Selby,Liang Wenbo,9,1614,1375,0.8198777056686509,0.645084137572727,774,525,5662,3264,382,222,2622,1435,348,211,1775,1076,247,131,984,551,5,1,0.0,0.8333333333333334,997
Shaun Murphy,Ding Junhui,9,1498,1561,0.40409227705506734,0.4607061941016405,737,476,5575,3151,541,359,3989,2275,401,239,1529,860,243,152,1354,809,5,4,0.0,0.5555555555555556,997
Alan McManus,Dominic Dale,9,1413,1437,0.46314122895623555,0.4850044983805899,783,466,6720,3554,703,405,5310,2838,298,163,956,513,309,181,1114,593,5,1,0.0,0.8333333333333334,997
Mark Joyce,Kurt Maflin,9,1256,1268,0.4815498876457767,0.4925005624493796,332,177,2387,1208,380,223,2547,1380,195,94,839,426,194,90,896,478,5,3,0.0,0.625,997
John Higgins,Judd Trump,9,1413,1572,0.2705791923598182,0.40191313966779657,1122,794,9238,5447,563,372,3903,2260,315,174,1191,687,459,283,1681,986,5,4,0.0,0.5555555555555556,997
Marco Fu,Neil Robertson,9,1480,1544,0.4026018402868163,0.46008511544443426,649,385,4911,2662,659,430,4950,2797,327,186,1308,743,434,253,1751,1027,5,4,0.0,0.5555555555555556,997
Graeme Dott,Thepchaiya Un-Nooh,9,1412,1317,0.6427600375415892,0.559097471902393,663,389,5262,2812,163,90,1172,618,312,180,1089,602,239,133,781,409,5,2,0.0,0.7142857142857143,997
Mark Allen,Ricky Walden,9,1538,1497,0.5627866210804462,0.5256025883246178,535,340,3620,2028,588,364,4315,2405,316,183,1260,755,430,259,1417,791,5,2,0.0,0.7142857142857143,997
Mark Selby,Alan McManus,9,1614,1413,0.7796532292456051,0.6230466603666162,774,525,5662,3264,783,466,6720,3554,348,211,1775,1076,298,163,956,513,5,1,0.0,0.8333333333333334,997
Shaun Murphy,Graeme Dott,9,1498,1412,0.6297740923567853,0.5535439031511183,737,476,5575,3151,663,389,5262,2812,401,239,1529,860,312,180,1089,602,5,4,0.0,0.5555555555555556,997
Marco Fu,Mark Joyce,9,1480,1256,0.8046121832928468,0.6364525402815664,649,385,4911,2662,332,177,2387,1208,327,186,1308,743,195,94,839,426,5,3,0.0,0.625,997
Mark Allen,John Higgins,9,1538,1413,0.6847334230529902,0.5774953651858118,535,340,3620,2028,1122,794,9238,5447,316,183,1260,755,315,174,1191,687,5,3,0.0,0.625,997
Mark Selby,Marco Fu,11,1614,1480,0.7146414155676208,0.5829754542011996,774,525,5662,3264,649,385,4911,2662,348,211,1775,1076,327,186,1308,743,6,4,0.0,0.6,997
Shaun Murphy,Mark Allen,11,1498,1538,0.4326609967196092,0.47502081252106,737,476,5575,3151,535,340,3620,2028,401,239,1529,860,316,183,1260,755,6,4,0.0,0.6,997
Shaun Murphy,Mark Selby,19,1498,1614,0.2613121834491975,0.42800386706848137,737,476,5575,3151,774,525,5662,3264,401,239,1529,860,348,211,1775,1076,10,6,0.0,0.625,997
Chen Zifan,Luo Guangsheng,7,1036,971,0.5880916350836762,0.5405358392737893,19,9,107,48,4,0,22,6,57,21,107,48,6,2,22,6,4,1,0.0,0.8,1040
Niu Zhuang,Yang Gangxinfu,7,1007,983,0.5327731710226205,0.51499550161941,16,5,89,32,3,0,16,4,36,10,89,32,0,0,16,4,4,2,0.0,0.6666666666666666,1040
Ji Zhijun,Wang Yuchen,7,1001,1020,0.47404295972292854,0.4881272322437472,4,1,23,10,19,6,111,43,0,0,23,10,16,7,111,43,4,1,0.0,0.8,1040
Guan Zhen,Liu Jiaming,7,1095,967,0.6692199309586204,0.5793242521487495,21,13,108,62,7,1,38,12,22,12,108,62,19,9,38,12,4,3,0.0,0.5714285714285714,1040
Chen Zhe,Mark Joyce,7,1193,1304,0.35204218100893303,0.43106679063045344,145,75,892,451,337,181,2426,1231,118,59,546,258,234,117,878,449,4,2,0.0,0.6666666666666666,1040
Wang Zepeng,Zhang Hanxuan,7,1041,962,0.6066210971235376,0.5492151291013335,20,8,112,48,4,0,18,2,72,34,112,48,4,0,18,2,4,0,0.0,1.0,1040
Zhou Yuelong,Li Ningning,7,1209,1000,0.7618819203066071,0.6277321638605189,45,21,283,142,0,0,0,0,119,63,283,142,0,0,0,0,4,1,0.0,0.8,1040
Li Yuan,Alan Lin Tan Ho,7,1042,968,0.6000303895586184,0.5461185410457796,18,9,94,45,16,5,92,36,4,0,79,40,13,5,26,6,4,3,0.0,0.5714285714285714,1040
Feng Yu,Li Yujin,7,1001,958,0.5585634499391967,0.5268491486891144,3,2,18,9,8,1,43,13,0,0,18,9,11,3,43,13,4,2,0.0,0.6666666666666666,1040
Lin Yongzhi,Wu Fan,7,975,1000,0.465864760862579,0.4843800842769844,10,2,53,18,0,0,0,0,12,4,53,18,0,0,0,0,4,1,0.0,0.8,1040
Qiu Yalong,Wen Chen,7,990,984,0.5082025098106111,0.5037499296890819,6,2,31,13,4,1,21,7,5,1,31,13,17,7,21,7,4,2,0.0,0.6666666666666666,1040
Zhang Yadong,Mei Xiwen,7,979,1145,0.2853801489272095,0.3977138231113694,9,2,52,20,37,18,252,121,10,2,52,20,27,15,110,56,4,0,0.0,1.0,1040
Fang Xiongman,Song Yang,7,1046,976,0.5947357972115818,0.5436386872370789,18,8,97,46,2,0,10,2,37,18,97,46,10,2,10,2,4,3,0.0,0.5714285714285714,1040
Zhao Xintong,Zhang Yi,7,1265,995,0.8204326451879429,0.6626218371700825,44,24,299,161,8,4,45,19,124,62,299,161,18,9,45,19,4,3,0.0,0.5714285714285714,1040
Ben Woollaston,Chen Junhao,7,1321,983,0.8733372031383986,0.6995172276624274,381,218,2514,1348,5,1,25,8,226,115,968,529,15,6,25,8,4,1,0.0,0.8,1040
Gary Wilson,Huang Hooyong,7,1274,984,0.837347307313657,0.6737070994545215,266,158,1692,931,4,0,24,8,158,70,642,354,7,3,24,8,4,0,0.0,1.0,1040
Jimmy White,Xu Xinjian,7,1252,977,0.8247679763275149,0.665410558746814,1342,765,11651,6162,3,1,14,4,225,111,841,399,4,0,14,4,4,0,0.0,1.0,1040
Ding Wei,Shan Xianshu,7,1000,985,0.5204982038546295,0.5093739015216607,0,0,0,0,7,2,40,16,0,0,0,0,17,8,40,16,4,2,0.0,0.6666666666666666,1040
Cheng Sihong,Pan Weixing,7,1005,1000,0.5068355814796678,0.5031249593105316,3,1,14,6,14,6,78,33,14,6,14,6,11,3,78,33,4,3,0.0,0.5714285714285714,1040
Xu Si,Li Yan,7,994,1213,0.22781497267732487,0.3664446223632249,6,2,34,11,120,55,834,409,30,11,34,11,112,56,550,255,4,2,0.0,0.6666666666666666,1040
Lin Shuai,Yu Xuantang,7,1047,1008,0.5531518743848329,0.5243557087682073,22,10,130,57,2,1,12,7,36,16,130,57,0,0,12,7,4,0,0.0,1.0,1040
Chen Ruifu,Ng On Yee,7,1033,1000,0.5450150538752272,0.5206133097144486,14,6,76,38,0,0,0,0,13,5,76,38,0,0,0,0,4,1,0.0,0.8,1040
Dechawat Poomjaeng,Fan Zhengyi,7,1313,986,0.8656564170034025,0.6937054019553982,158,88,1144,583,2,0,12,4,295,156,988,515,6,2,12,4,4,2,0.0,0.6666666666666666,1040
Barry Pinches,Man Ming Wa,7,1229,1000,0.7822166026963269,0.6393398367530659,668,351,5302,2764,0,0,0,0,194,95,633,289,0,0,0,0,4,1,0.0,0.8,1040
Tian Pengfei,Chan Ming Tung,7,1361,1004,0.8858301874086159,0.7094058152553435,246,139,1647,879,1,0,6,2,216,120,780,407,0,0,6,2,4,1,0.0,0.8,1040
Sun Peng,Zhang Yong,7,968,1012,0.44008542926958705,0.47252769565540637,4,0,22,6,16,7,89,38,4,0,22,6,31,13,89,38,4,0,0.0,1.0,1040
Maihe Muti,Cao Xinlong,7,979,1064,0.38551292727713543,0.4470740118670941,3,0,15,3,41,12,273,106,6,2,15,3,129,50,234,97,4,3,0.0,0.5714285714285714,1040
Ross Muir,Long Yun,7,1137,984,0.6994442564412618,0.5944759307482401,62,25,385,173,2,0,10,2,168,72,375,168,6,2,10,2,4,1,0.0,0.8,1040
Robert Milkins,Yang Haifeng,7,1408,1000,0.914736912729561,0.7349725994665188,641,397,4849,2663,0,0,0,0,357,197,1291,725,0,0,0,0,4,0,0.0,1.0,1040
Alan McManus,Michael Leslie,7,1447,1114,0.8698871121691505,0.6968832820410791,788,470,6753,3575,90,27,575,234,331,184,989,534,162,73,442,173,4,2,0.0,0.6666666666666666,1040
Rouzi Maimaiti,Gao Le,7,1048,967,0.6092484254460553,0.5504527113395278,23,9,137,55,3,0,14,2,16,6,109,47,9,1,14,2,4,2,0.0,0.6666666666666666,1040
Kurt Maflin,Anthony McGill,7,1319,1387,0.4079185042473741,0.45760205922564895,384,226,2574,1398,287,173,1787,986,221,108,923,496,275,149,907,489,4,3,0.0,0.5714285714285714,1040
Jin Long,Long Zehuang,7,1222,992,0.783204659627048,0.6399160967377341,133,59,992,472,4,2,22,8,4,0,141,72,18,8,22,8,4,1,0.0,0.8,1040
Jack Lisowski,Li Jian Bing,7,1288,964,0.86350380276547,0.6921095043017882,269,162,1735,946,11,2,76,27,208,104,820,420,0,0,10,2,4,2,0.0,0.6666666666666666,1040
Zhong Lin,Wang Qixing,7,1006,1000,0.5082025098106111,0.5037499296890819,10,5,52,25,0,0,0,0,18,8,52,25,0,0,0,0,4,0,0.0,1.0,1040
Cao Kaisheng,Michael Holt,7,1032,1360,0.13363157650794907,0.3057636598919695,11,4,59,23,599,353,4501,2399,16,7,37,21,316,168,997,532,4,2,0.0,0.6666666666666666,1040
Pang Junxu,Luo Honghao,7,955,1060,0.3596701363363135,0.43474925243290014,5,0,24,4,13,8,68,38,10,2,24,4,24,13,68,38,4,3,0.0,0.5714285714285714,1040
Ding Junhui,Wang Qianwei,7,1564,988,0.9712764369033812,0.8084546514385326,545,362,4018,2294,1,0,4,0,272,171,1383,828,0,0,4,0,4,2,0.0,0.6666666666666666,1040
Tang Jun,Ma Tingpeng,7,1071,1006,0.5880916350836762,0.5405358392737893,20,10,110,55,13,5,69,31,24,14,83,46,10,2,69,31,4,2,0.0,0.6666666666666666,1040
Cai Jianzhong,Yao Pengcheng,7,1025,971,0.573382262278332,0.5336988354329009,18,6,101,43,4,0,20,4,14,6,70,32,4,0,20,4,4,2,0.0,0.6666666666666666,1040
Huang Jiahao,Chan Ka Kin,7,989,988,0.5013671846516985,0.5006249996744794,10,2,61,22,2,0,10,2,30,11,61,22,0,0,10,2,4,1,0.0,0.8,1040
Sun Hongrui,Pa Ruke,7,973,1031,0.42125508861179106,0.4638133797682053,7,1,41,15,12,4,70,32,17,7,41,15,17,9,70,32,4,3,0.0,0.5714285714285714,1040
Li Hang,Ng Yam Shui,7,1341,1000,0.8753745152338872,0.7010913114266953,134,65,957,487,0,0,0,0,231,127,546,283,0,0,0,0,4,1,0.0,0.8,1040
He Guoqiang,Zou Junhai,7,984,1003,0.47404295972292854,0.4881272322437472,5,1,25,9,4,2,23,12,16,8,25,9,0,0,23,12,4,2,0.0,0.6666666666666666,1040
Tom Ford,Daniel Wells,7,1319,1158,0.7088291167182063,0.5992881635083561,429,243,3167,1680,239,117,1602,795,172,85,873,440,177,88,648,297,4,0,0.0,1.0,1040
Chen Feilong,Lei Zhen,7,1067,987,0.6079354159352611,0.549833997312478,18,6,107,46,8,2,42,16,26,13,107,46,10,5,42,16,4,2,0.0,0.6666666666666666,1040
Graeme Dott,Craig Steadman,7,1439,1328,0.6479578189910667,0.5689332093695465,668,393,5301,2836,326,188,2142,1154,351,204,1128,626,283,159,717,363,4,1,0.0,0.8,1040
Scott Donaldson,Yuan Sijun,7,1245,961,0.8323923521776074,0.6704011598088686,118,63,775,390,11,1,66,18,232,116,765,385,26,7,66,18,4,1,0.0,0.8,1040
Ken Doherty,Lu Ning,7,1322,1134,0.7393846765226212,0.6153837563911821,1005,624,8356,4622,40,15,276,124,233,120,937,493,103,48,276,124,4,1,0.0,0.8,1040
Yu Delu,Yu Kiu Chang,7,1314,1000,0.8561477589533566,0.6867567266439019,171,88,1184,609,0,0,0,0,191,95,826,435,0,0,0,0,4,0,0.0,1.0,1040
Paul Davison,Chen Yelong,7,1206,1000,0.7587387600845145,0.6259778577666038,569,308,4045,2085,0,0,0,0,186,98,807,404,0,0,0,0,4,0,0.0,1.0,1040
Mark Davis,Hu Hao,7,1394,1082,0.854643035192062,0.6856801139382539,812,490,6065,3302,18,10,104,55,334,188,1486,828,19,9,104,55,4,2,0.0,0.6666666666666666,1040
Alex Davies,Feng Zeyuan,7,1198,984,0.7670671244589201,0.6306485256510744,195,97,1203,601,6,1,31,11,148,62,383,180,15,7,31,11,4,1,0.0,0.8,1040
Ma Chunmao,Xiong Jun,7,1034,971,0.5854263042586716,0.5392938058983595,12,5,62,31,3,0,15,3,10,2,62,31,0,0,15,3,4,0,0.0,1.0,1040
Au Chi Wai,Timothy Ng,7,977,993,0.4781366606027012,0.4900013331200346,21,6,126,45,1,0,4,0,16,7,54,24,4,0,4,0,4,1,0.0,0.8,1040
Lyu Chenwei,James Cahill,7,1056,1214,0.2946731337220897,0.40251423417298393,26,10,151,64,79,30,499,219,73,26,144,62,192,97,428,195,4,2,0.0,0.6666666666666666,1040
Yan Bingtao,Chen Bo,7,1148,964,0.7349708541108757,0.6130141761393355,20,11,126,69,4,0,22,6,87,46,126,69,0,0,22,6,4,1,0.0,0.8,1040
Stuart Bingham,Li Yingdong,7,1466,973,0.9496847330516315,0.7742558331886429,790,496,5929,3363,2,0,9,1,433,265,1540,885,0,0,9,1,4,0,0.0,1.0,1040
Zhang Anda,Zhang Zihao,7,1273,970,0.847732715071801,0.6808107108156386,184,87,1279,636,6,1,32,9,148,79,648,316,4,0,32,9,4,1,0.0,0.8,1040
Chen Zifan,Ma Yinzhu,7,1036,983,0.5720392978025534,0.5330766223661046,19,9,107,48,3,0,16,4,57,21,107,48,0,0,16,4,4,1,0.0,0.8,1040
Wang Zepeng,Maihe Muti,7,1041,979,0.5840920587766287,0.538672605206508,20,8,112,48,3,0,15,3,72,34,112,48,6,2,15,3,4,0,0.0,1.0,1040
Fang Xiongman,Xu Si,7,1046,994,0.5706954446194282,0.5324543063873187,18,8,97,46,6,2,34,11,37,18,97,46,30,11,34,11,4,0,0.0,1.0,1040
Ben Woollaston,Mark Davis,7,1321,1394,0.40129146875494726,0.45450121278721795,381,218,2514,1348,812,490,6065,3302,226,115,968,529,334,188,1486,828,4,2,0.0,0.6666666666666666,1040
Gary Wilson,Lyu Chenwei,7,1274,1056,0.7711668601434363,0.6329747766804606,266,158,1692,931,26,10,151,64,158,70,642,354,73,26,144,62,4,1,0.0,0.8,1040
Liang Wenbo,Cheng Sihong,7,1391,1005,0.9030680094960937,0.7241217707708186,386,225,2649,1451,3,1,14,6,274,147,1011,567,14,6,14,6,4,0,0.0,1.0,1040
Lin Shuai,Jimmy White,7,1047,1252,0.24231426705785994,0.37460765027944887,22,10,130,57,1342,765,11651,6162,36,16,130,57,225,111,841,399,4,1,0.0,0.8,1040
Ju Reti,Thanawat Thirapongpaiboon,7,1162,1209,0.4360365854867152,0.47065874995421436,24,17,132,80,142,66,993,477,35,18,132,80,90,34,647,311,4,0,0.0,1.0,1040
Dechawat Poomjaeng,Ji Zhijun,7,1313,1001,0.854643035192062,0.6856801139382539,158,88,1144,583,4,1,23,10,295,156,988,515,0,0,23,10,4,0,0.0,1.0,1040
Barry Pinches,Guan Zhen,7,1229,1095,0.6765921632853334,0.5829754542011996,668,351,5302,2764,21,13,108,62,194,95,633,289,22,12,108,62,4,1,0.0,0.8,1040
Tian Pengfei,Tang Jun,7,1361,1071,0.837347307313657,0.6737070994545215,246,139,1647,879,20,10,110,55,216,120,780,407,24,14,83,46,4,0,0.0,1.0,1040
Sun Peng,Sun Hongrui,7,968,973,0.493164418520332,0.4968750406894683,4,0,22,6,7,1,41,15,4,0,22,6,17,7,41,15,4,3,0.0,0.5714285714285714,1040
Alan McManus,Paul Davison,7,1447,1206,0.7938903058360224,0.6462280583309002,788,470,6753,3575,569,308,4045,2085,331,184,989,534,186,98,807,404,4,1,0.0,0.8,1040
Rouzi Maimaiti,Chen Zhe,7,1048,1193,0.31008353284223983,0.4103545214372688,23,9,137,55,145,75,892,451,16,6,109,47,118,59,546,258,4,3,0.0,0.5714285714285714,1040
Kurt Maflin,Cao Kaisheng,7,1319,1032,0.834882617465889,0.6720562626502714,384,226,2574,1398,11,4,59,23,221,108,923,496,16,7,37,21,4,1,0.0,0.8,1040
Jin Long,Lin Yongzhi,7,1222,975,0.7995764997363425,0.6496497492904088,133,59,992,472,10,2,53,18,4,0,141,72,12,4,53,18,4,2,0.0,0.6666666666666666,1040
Jack Lisowski,Robert Milkins,7,1288,1408,0.34071893937019965,0.425557483188341,269,162,1735,946,641,397,4849,2663,208,104,820,420,357,197,1291,725,4,3,0.0,0.5714285714285714,1040
Zhong Lin,Zhang Yadong,7,1006,979,0.536858082179779,0.5168685956913849,10,5,52,25,9,2,52,20,18,8,52,25,10,2,52,20,4,1,0.0,0.8,1040
Pang Junxu,Ding Wei,7,955,1000,0.4387350506415305,0.4719046255916129,5,0,24,4,0,0,0,0,10,2,24,4,0,0,0,0,4,0,0.0,1.0,1040
Ding Junhui,Huang Jiahao,7,1564,989,0.9710745459448351,0.8080672135527632,545,362,4018,2294,10,2,61,22,272,171,1383,828,30,11,61,22,4,2,0.0,0.6666666666666666,1040
Cai Jianzhong,Qiu Yalong,7,1025,990,0.5477297445502348,0.5218610539716015,18,6,101,43,6,2,31,13,14,6,70,32,5,1,31,13,4,2,0.0,0.6666666666666666,1040
Lyu Haotian,Niu Zhuang,7,1132,1007,0.6655072126279344,0.5774953651858118,57,21,402,174,16,5,89,32,142,55,402,174,36,10,89,32,4,2,0.0,0.6666666666666666,1040
Li Hang,Graeme Dott,7,1341,1439,0.36864499282379254,0.43905454967528373,134,65,957,487,668,393,5301,2836,231,127,546,283,351,204,1128,626,4,3,0.0,0.5714285714285714,1040
Tom Ford,Yan Bingtao,7,1319,1148,0.7203516579445735,0.6052765337748445,429,243,3167,1680,20,11,126,69,172,85,873,440,87,46,126,69,4,3,0.0,0.5714285714285714,1040
Chen Feilong,Zhang Anda,7,1067,1273,0.24126123991548545,0.37402214223339625,18,6,107,46,184,87,1279,636,26,13,107,46,148,79,648,316,4,1,0.0,0.8,1040
Scott Donaldson,Feng Yu,7,1245,1001,0.7967460208697068,0.6479408020806503,118,63,775,390,3,2,18,9,232,116,765,385,0,0,18,9,4,1,0.0,0.8,1040
Ken Doherty,Li Yuan,7,1322,1042,0.8290321883880187,0.6681877721681662,1005,624,8356,4622,18,9,94,45,233,120,937,493,4,0,79,40,4,0,0.0,1.0,1040
Yu Delu,Zhao Xintong,7,1314,1265,0.5666587144886649,0.530586760182081,171,88,1184,609,44,24,299,161,191,95,826,435,124,62,299,161,4,3,0.0,0.5714285714285714,1040
Alex Davies,Ross Muir,7,1198,1137,0.5827567809217526,0.5380512843858591,195,97,1203,601,62,25,385,173,148,62,383,180,168,72,375,168,4,2,0.0,0.6666666666666666,1040
Ma Chunmao,He Guoqiang,7,1034,984,0.5680051367615364,0.5312093733737563,12,5,62,31,5,1,25,9,10,2,62,31,16,8,25,9,4,0,0.0,1.0,1040
Au Chi Wai,Zhou Yuelong,7,977,1209,0.21482751321147378,0.35893259366518293,21,6,126,45,45,21,283,142,16,7,54,24,119,63,283,142,4,2,0.0,0.6666666666666666,1040
Stuart Bingham,Chen Ruifu,7,1466,1033,0.9266101533502596,0.7469667935196899,790,496,5929,3363,14,6,76,38,433,265,1540,885,13,5,76,38,4,0,0.0,1.0,1040
Gary Wilson,Alex Davies,7,1274,1198,0.6026704349193375,0.5473576181430894,266,158,1692,931,195,97,1203,601,158,70,642,354,148,62,383,180,4,3,0.0,0.5714285714285714,1040
Liang Wenbo,Fang Xiongman,7,1391,1046,0.8780529423159423,0.7031827112198086,386,225,2649,1451,18,8,97,46,274,147,1011,567,37,18,97,46,4,0,0.0,1.0,1040
Lin Shuai,Chen Feilong,7,1047,1067,0.4726790179572131,0.4875026035157896,22,10,130,57,18,6,107,46,36,16,130,57,26,13,107,46,4,1,0.0,0.8,1040
Ju Reti,Tian Pengfei,7,1162,1361,0.24868775230024892,0.3781283576925339,24,17,132,80,246,139,1647,879,35,18,132,80,216,120,780,407,4,3,0.0,0.5714285714285714,1040
Dechawat Poomjaeng,Wang Zepeng,7,1313,1041,0.8221753102072331,0.6637386974043528,158,88,1144,583,20,8,112,48,295,156,988,515,72,34,112,48,4,2,0.0,0.6666666666666666,1040
Sun Peng,Chen Zifan,7,968,1036,0.4079185042473741,0.45760205922564895,4,0,22,6,19,9,107,48,4,0,22,6,57,21,107,48,4,3,0.0,0.5714285714285714,1040
Alan McManus,Kurt Maflin,7,1447,1319,0.6692199309586204,0.5793242521487495,788,470,6753,3575,384,226,2574,1398,331,184,989,534,221,108,923,496,4,1,0.0,0.8,1040
Jack Lisowski,Jin Long,7,1288,1222,0.589422689021118,0.541156668150228,269,162,1735,946,133,59,992,472,208,104,820,420,4,0,141,72,4,2,0.0,0.6666666666666666,1040
Zhong Lin,Lyu Haotian,7,1006,1132,0.33325327584718467,0.4218947671156908,10,5,52,25,57,21,402,174,18,8,52,25,142,55,402,174,4,2,0.0,0.6666666666666666,1040
Ding Junhui,Li Hang,7,1564,1341,0.7762304913665884,0.6358738914270539,545,362,4018,2294,134,65,957,487,272,171,1383,828,231,127,546,283,4,0,0.0,1.0,1040
Cai Jianzhong,Rouzi Maimaiti,7,1025,1048,0.46858930565080326,0.4856289593029398,18,6,101,43,23,9,137,55,14,6,70,32,16,6,109,47,4,3,0.0,0.5714285714285714,1040
Tom Ford,Barry Pinches,7,1319,1229,0.6210041469292463,0.5560138905446199,429,243,3167,1680,668,351,5302,2764,172,85,873,440,194,95,633,289,4,2,0.0,0.6666666666666666,1040
Ken Doherty,Pang Junxu,7,1322,955,0.892019728195359,0.7145324397353954,1005,624,8356,4622,5,0,24,4,233,120,937,493,10,2,24,4,4,1,0.0,0.8,1040
Yu Delu,Ben Woollaston,7,1314,1321,0.4904306643721704,0.4956251116502266,171,88,1184,609,381,218,2514,1348,191,95,826,435,226,115,968,529,4,3,0.0,0.5714285714285714,1040
Au Chi Wai,Ma Chunmao,7,977,1034,0.4225943374899878,0.4644351620161461,21,6,126,45,12,5,62,31,16,7,54,24,10,2,62,31,4,3,0.0,0.5714285714285714,1040
Stuart Bingham,Scott Donaldson,7,1466,1245,0.774213209168811,0.6347154153791584,790,496,5929,3363,118,63,775,390,433,265,1540,885,232,116,765,385,4,1,0.0,0.8,1040
Gary Wilson,Zhong Lin,7,1274,1006,0.8186786074572162,0.6615031592029524,266,158,1692,931,10,5,52,25,158,70,642,354,18,8,52,25,4,2,0.0,0.6666666666666666,1040
Liang Wenbo,Ding Junhui,7,1391,1564,0.27737236637321583,0.3935295129316965,386,225,2649,1451,545,362,4018,2294,274,147,1011,567,272,171,1383,828,4,3,0.0,0.5714285714285714,1040
Dechawat Poomjaeng,Au Chi Wai,7,1313,977,0.8719653706122326,0.6984652160025387,158,88,1144,583,21,6,126,45,295,156,988,515,16,7,54,24,4,1,0.0,0.8,1040
Jack Lisowski,Ju Reti,7,1288,1162,0.6667467241528153,0.5781052328843092,269,162,1735,946,24,17,132,80,208,104,820,420,35,18,132,80,4,2,0.0,0.6666666666666666,1040
Cai Jianzhong,Sun Peng,7,1025,968,0.5774056625100122,0.5355648379838539,18,6,101,43,4,0,22,6,14,6,70,32,4,0,22,6,4,2,0.0,0.6666666666666666,1040
Tom Ford,Alan McManus,7,1319,1447,0.33078006904137963,0.42067574785125056,429,243,3167,1680,788,470,6753,3575,172,85,873,440,331,184,989,534,4,3,0.0,0.5714285714285714,1040
Yu Delu,Ken Doherty,7,1314,1322,0.48906395814377107,0.4950001666600003,171,88,1184,609,1005,624,8356,4622,191,95,826,435,233,120,937,493,4,3,0.0,0.5714285714285714,1040
Stuart Bingham,Lin Shuai,7,1466,1047,0.9201375829804304,0.7402945416674501,790,496,5929,3363,22,10,130,57,433,265,1540,885,36,16,130,57,4,0,0.0,1.0,1040
Liang Wenbo,Dechawat Poomjaeng,7,1391,1313,0.6053054839891849,0.5485961085831343,386,225,2649,1451,158,88,1144,583,274,147,1011,567,295,156,988,515,4,2,0.0,0.6666666666666666,1040
Cai Jianzhong,Gary Wilson,7,1025,1274,0.19855056662581022,0.34921307920316513,18,6,101,43,266,158,1692,931,14,6,70,32,158,70,642,354,4,1,0.0,0.8,1040
Yu Delu,Tom Ford,7,1314,1319,0.493164418520332,0.4968750406894683,171,88,1184,609,429,243,3167,1680,191,95,826,435,172,85,873,440,4,2,0.0,0.6666666666666666,1040
Stuart Bingham,Jack Lisowski,7,1466,1288,0.728275111254584,0.6094497836283252,790,496,5929,3363,269,162,1735,946,433,265,1540,885,208,104,820,420,4,2,0.0,0.6666666666666666,1040
Liang Wenbo,Yu Delu,7,1391,1314,0.6039885915613215,0.5479769376367963,386,225,2649,1451,171,88,1184,609,274,147,1011,567,191,95,826,435,4,2,0.0,0.6666666666666666,1040
Stuart Bingham,Cai Jianzhong,7,1466,1025,0.9301134571560195,0.7507282371635285,790,496,5929,3363,18,6,101,43,433,265,1540,885,14,6,70,32,4,2,0.0,0.6666666666666666,1040
Stuart Bingham,Liang Wenbo,7,1466,1391,0.6013510291923431,0.5467381519846138,790,496,5929,3363,386,225,2649,1451,433,265,1540,885,274,147,1011,567,4,1,0.0,0.8,1040
Cao Yupeng,David Grace,7,1276,1188,0.6184015843393024,0.5547792351072148,149,78,1094,559,216,99,1406,679,179,94,930,488,150,62,668,317,4,2,0.0,0.6666666666666666,1035
Ben Woollaston,Vinnie Calabrese,7,1331,1107,0.7772350342961843,0.6364525402815664,384,220,2532,1359,88,38,561,255,244,126,986,540,133,52,322,128,4,0,0.0,1.0,1035
Mark Williams,Michael Wasley,7,1447,1320,0.6679843009449487,0.578714862460134,1072,701,8524,4871,219,113,1392,695,374,220,1251,712,273,139,790,398,4,3,0.0,0.5714285714285714,1035
Michael White,Chris Wakelin,7,1414,1250,0.7123105654940886,0.6010878788483698,268,152,1917,1027,61,33,403,207,317,178,999,547,191,98,403,207,4,3,0.0,0.5714285714285714,1035
Liang Wenbo,Jak Jones,7,1420,1097,0.8627807229403067,0.6915765137521193,392,230,2681,1472,118,49,733,330,306,168,1043,588,122,47,298,122,4,2,0.0,0.6666666666666666,1035
James Wattana,Rod Lawler,7,1196,1308,0.35077688766853815,0.43045377606077095,733,412,6261,3332,686,381,5373,2809,122,56,662,312,243,127,960,513,4,2,0.0,0.6666666666666666,1035
Joel Walker,Pankaj Advani,7,1248,1346,0.36864499282379254,0.43905454967528373,117,54,744,361,87,50,621,330,185,94,583,282,75,37,609,326,4,3,0.0,0.5714285714285714,1035
Ricky Walden,Paul Davison,7,1496,1212,0.8323923521776074,0.6704011598088686,592,367,4343,2422,571,309,4054,2090,458,276,1445,808,195,103,816,409,4,1,0.0,0.8,1035
Thepchaiya Un-Nooh,Jimmy White,7,1342,1246,0.6287764284690306,0.5597136492671929,167,93,1202,635,1344,766,11660,6167,269,150,811,426,234,116,850,404,4,0,0.0,1.0,1035
Judd Trump,Kyren Wilson,7,1553,1328,0.7782368395177592,0.6370307944803831,567,375,3934,2279,230,136,1467,799,490,302,1712,1005,220,115,611,336,4,2,0.0,0.6666666666666666,1035
Matthew Stevens,Adam Wicheard,7,1313,1197,0.6542665688127887,0.5719961329315186,792,474,6290,3445,181,88,1067,539,204,105,1117,563,35,13,361,192,4,3,0.0,0.5714285714285714,1035
Craig Steadman,Mark Joyce,7,1319,1293,0.5354968818114487,0.5162442810620724,327,188,2147,1155,338,181,2432,1233,288,160,722,364,240,119,884,451,4,2,0.0,0.6666666666666666,1035
Matthew Selt,Khalid Belaied Abumdas,7,1417,978,0.9292506806993505,0.7497913878870148,359,191,2530,1307,3,0,24,4,320,194,811,424,24,4,24,4,4,1,0.0,0.8,1035
Mark Selby,Joe Swail,7,1610,1335,0.8247679763275149,0.665410558746814,781,531,5722,3301,723,396,5771,3021,408,248,1835,1113,277,152,727,381,4,0,0.0,1.0,1035
Noppon Saengkham,Steve Davis,7,1269,1232,0.5504420624351876,0.523108525489089,96,43,672,311,1358,887,11567,6607,261,132,502,253,65,25,638,309,4,0,0.0,1.0,1035
Neil Robertson,Lyu Haotian,7,1565,1125,0.9296831485170135,0.7502601055951177,663,433,4976,2816,59,22,414,180,460,272,1777,1046,154,61,414,180,4,1,0.0,0.8,1035
Jimmy Robertson,Luca Brecel,7,1319,1300,0.5259570402770714,0.5118727677562528,316,168,2124,1089,158,80,1104,566,291,157,876,454,244,133,847,445,4,2,0.0,0.6666666666666666,1035
Dechawat Poomjaeng,Liam Highfield,7,1323,1354,0.4577018760615691,0.4806346917700681,163,92,1171,601,239,134,1613,860,322,174,1015,533,230,135,773,407,4,1,0.0,0.8,1035
Barry Pinches,Nigel Bond,7,1239,1284,0.4387350506415305,0.4719046255916129,671,353,5318,2774,761,428,6150,3267,210,105,649,299,179,91,718,363,4,1,0.0,0.8,1035
Joe Perry,Allan Taylor,7,1443,1175,0.8186786074572162,0.6615031592029524,793,462,5844,3128,206,106,1170,607,365,206,1356,760,149,63,397,180,4,3,0.0,0.5714285714285714,1035
Tian Pengfei,Alex Borg,7,1364,1135,0.7822166026963269,0.6393398367530659,249,141,1663,890,305,132,2241,1030,232,131,796,418,181,78,281,114,4,1,0.0,0.8,1035
Andrew Pagett,Marcus Campbell,7,1127,1164,0.44955793756481255,0.4768914745109111,228,103,1504,727,654,355,4880,2500,160,60,478,209,110,39,822,380,4,0,0.0,1.0,1035
Ronnie O'Sullivan,Mitchell Travis,7,1658,1170,0.9480289814204061,0.7720635494267837,1027,778,9145,5545,102,52,594,291,302,192,905,577,141,76,375,192,4,1,0.0,0.8,1035
Fergal O'Brien,Sanderson Lam,7,1336,1084,0.8042377114883456,0.6524894621927444,709,406,5545,2930,61,28,349,164,222,120,767,398,126,64,319,153,4,1,0.0,0.8,1035
Shaun Murphy,David Morris,7,1563,1303,0.8115488427624657,0.6570104626734988,744,483,5637,3192,209,110,1571,800,463,280,1591,901,154,75,562,301,4,0,0.0,1.0,1035
Alan McManus,John Astley,7,1453,1145,0.8515999175968284,0.6835208937363156,792,473,6776,3590,115,55,700,328,354,199,1012,549,142,55,469,216,4,2,0.0,0.6666666666666666,1035
Rory McLeod,Dylan Mitchell,7,1303,961,0.8760481845200896,0.7016149536154007,445,246,3439,1807,17,6,99,36,198,99,759,389,16,3,99,36,4,1,0.0,0.8,1035
Anthony McGill,Jamie O'Neill,7,1381,1225,0.7029806026650167,0.5962826992967879,288,173,1794,989,260,135,1659,861,282,152,914,492,108,56,444,211,4,2,0.0,0.6666666666666666,1035
Stephen Maguire,Elliot Slessor,7,1491,1133,0.8864609774555678,0.7099209183344533,699,467,5257,2994,65,26,391,175,390,239,1534,895,129,52,371,165,4,1,0.0,0.8,1035
Kurt Maflin,Alex Davies,7,1321,1210,0.6479578189910667,0.5689332093695465,387,228,2591,1407,198,99,1221,612,238,117,940,505,166,73,401,191,4,1,0.0,0.8,1035
Jack Lisowski,Adam Duffy,7,1304,1206,0.6313550071762073,0.5609454503247162,274,166,1766,964,222,114,1387,710,239,122,851,438,170,92,618,295,4,0,0.0,1.0,1035
Peter Lines,Ross Muir,7,1225,1139,0.6157933128709394,0.5535439031511183,652,358,4843,2530,64,26,396,179,169,75,702,337,179,78,386,174,4,3,0.0,0.5714285714285714,1035
Mark King,Sean O'Sullivan,7,1317,1166,0.6970755073607001,0.5932699921071872,737,406,5559,2901,109,47,671,310,234,119,927,479,198,103,530,240,4,3,0.0,0.5714285714285714,1035
Ding Junhui,Gary Wilson,7,1554,1275,0.8281850360436097,0.6676332571171155,549,365,4041,2309,271,162,1719,948,295,186,1406,843,185,87,669,371,4,2,0.0,0.6666666666666666,1035
Jamie Jones,Cao Xinlong,7,1332,1057,0.8247679763275149,0.665410558746814,355,214,2357,1284,42,12,280,109,272,147,906,477,136,53,241,100,4,0,0.0,1.0,1035
Michael Holt,Stuart Carrington,7,1343,1316,0.536858082179779,0.5168685956913849,600,353,4507,2401,205,112,1253,669,322,170,1003,534,200,101,532,270,4,2,0.0,0.6666666666666666,1035
Andrew Higginson,Martin O'Donnell,7,1354,1217,0.6802510445614828,0.584797674717737,568,345,4089,2258,202,95,1202,599,227,125,949,496,169,96,549,272,4,1,0.0,0.8,1035
John Higgins,Tony Drago,7,1445,1219,0.7792359029381558,0.637608652621925,1127,798,9274,5470,695,346,5747,2855,351,197,1227,710,115,51,624,293,4,0,0.0,1.0,1035
Barry Hawkins,Fraser Patrick,7,1486,1227,0.810644856301382,0.6564468724566059,695,428,5049,2802,135,60,892,423,414,234,1580,897,186,89,565,275,4,0,0.0,1.0,1035
Dave Harold,Zhang Anda,7,1211,1261,0.43199486323846364,0.46879062662624377,681,381,5316,2789,186,88,1289,641,83,29,622,307,158,84,658,321,4,2,0.0,0.6666666666666666,1035
Li Hang,Peter Ebdon,7,1341,1386,0.4387350506415305,0.4719046255916129,137,67,973,495,893,517,7294,3924,247,135,562,291,276,161,1007,518,4,0,0.0,1.0,1035
Anthony Hamilton,Michael Leslie,7,1350,1115,0.7881034579959058,0.6427913242407762,706,415,5573,2996,91,27,581,236,179,89,759,395,168,75,448,175,4,2,0.0,0.6666666666666666,1035
Xiao Guodong,Hammad Miah,7,1419,1038,0.9002495498742646,0.7216176701846587,276,161,1896,1046,44,15,284,113,261,153,954,527,109,35,266,107,4,3,0.0,0.5714285714285714,1035
Gerard Greene,Li Yan,7,1221,1199,0.5300478260158454,0.513746534902355,610,334,4628,2432,121,55,840,411,177,85,645,304,118,58,556,257,4,2,0.0,0.6666666666666666,1035
Martin Gould,Thanawat Thirapongpaiboon,7,1455,1192,0.8142437917894374,0.6586985747356444,471,282,3229,1755,143,66,997,477,282,163,1138,606,94,34,651,311,4,0,0.0,1.0,1035
David Gilbert,Duane Jones,7,1331,1281,0.5680051367615364,0.5312093733737563,363,202,2805,1481,88,54,493,291,208,103,888,474,78,50,346,208,4,2,0.0,0.6666666666666666,1035
Marco Fu,Chris Norbury,7,1506,1099,0.9142318609422069,0.7344853437972199,655,390,4959,2691,235,113,1445,714,375,215,1356,772,100,30,384,166,4,2,0.0,0.6666666666666666,1035
Tom Ford,Gareth Green,7,1335,1089,0.7986358149208075,0.6490805242445733,434,247,3197,1698,52,26,293,136,202,103,903,458,35,18,190,95,4,0,0.0,1.0,1035
Mike Dunn,Aditya Mehta,7,1315,1321,0.4917974901893887,0.496250070310918,580,309,4323,2228,204,104,1427,715,244,131,697,347,207,111,872,451,4,3,0.0,0.5714285714285714,1035
Graeme Dott,Lee Page,7,1440,1102,0.8733372031383986,0.6995172276624274,670,394,5313,2843,196,97,1183,588,363,211,1140,633,132,49,334,142,4,0,0.0,1.0,1035
Scott Donaldson,Robert Milkins,7,1249,1408,0.29350342132334917,0.40191313966779657,121,65,790,399,643,398,4860,2670,247,125,780,394,368,204,1302,732,4,2,0.0,0.6666666666666666,1035
Ken Doherty,James Cahill,7,1340,1201,0.6826800016944434,0.5860112044388707,1009,627,8377,4637,80,30,505,221,254,135,958,508,198,99,434,197,4,0,0.0,1.0,1035
Ryan Day,Rhys Clark,7,1401,1133,0.8186786074572162,0.6615031592029524,634,385,4638,2555,47,23,270,135,377,213,1194,636,93,46,270,135,4,2,0.0,0.6666666666666666,1035
Mark Davis,Alexander Ursenbacher,7,1383,1055,0.8663684234920509,0.6942363401080305,814,491,6077,3308,39,13,235,93,346,194,1498,834,117,40,217,85,4,3,0.0,0.5714285714285714,1035
Dominic Dale,Antony Parsons,7,1428,1078,0.881340279189911,0.7057850278370112,707,408,5339,2854,73,33,443,212,338,197,1143,609,25,10,96,44,4,3,0.0,0.5714285714285714,1035
Jamie Cope,Ryan Clark,7,1311,933,0.8985282020078706,0.7201085268004915,474,258,3227,1658,38,7,220,67,212,117,808,397,61,14,176,58,4,1,0.0,0.8,1035
Lyu Chuang,Chen Zhe,7,1201,1195,0.5082025098106111,0.5037499296890819,218,105,1585,783,147,76,905,458,75,26,651,312,131,66,559,265,4,2,0.0,0.6666666666666666,1035
Ali Carter,Andrew Norman,7,1517,1142,0.8967839705837035,0.7185943925708561,695,417,5051,2777,313,148,2345,1143,120,63,985,557,83,31,405,185,4,1,0.0,0.8,1035
Ian Burns,Yu Delu,7,1293,1336,0.44143655006080335,0.4731508513108857,221,121,1361,717,177,93,1221,631,199,96,750,396,228,117,863,457,4,3,0.0,0.5714285714285714,1035
Jamie Burnett,Ratchayothin Yotharuck,7,1310,1035,0.8247679763275149,0.665410558746814,581,338,4623,2461,36,7,239,86,192,105,743,379,118,40,239,86,4,2,0.0,0.6666666666666666,1035
Alfie Burden,Ahmed Saif,7,1268,965,0.847732715071801,0.6808107108156386,542,293,4038,2088,29,6,174,51,160,77,817,409,66,18,160,50,4,0,0.0,1.0,1035
Stuart Bingham,Daniel Wells,7,1505,1145,0.8877146338860857,0.7109495026250039,797,503,5963,3391,240,117,1606,795,467,293,1574,913,181,88,652,297,4,0,0.0,1.0,1035
Sam Baird,Robbie Williams,7,1281,1262,0.5259570402770714,0.5118727677562528,215,114,1476,762,248,139,1529,789,219,111,808,420,253,124,783,400,4,2,0.0,0.6666666666666666,1035
Mark Allen,Sydney Wilson,7,1545,1141,0.9127024362294031,0.7330201492388575,541,345,3669,2057,118,47,671,315,365,212,1309,784,160,79,381,199,4,3,0.0,0.5714285714285714,1035
Ben Woollaston,Alfie Burden,7,1331,1268,0.5854263042586716,0.5392938058983595,384,220,2532,1359,542,293,4038,2088,244,126,986,540,160,77,817,409,4,1,0.0,0.8,1035
Mark Williams,Tian Pengfei,7,1447,1364,0.611870456908998,0.5516896693427,1072,701,8524,4871,249,141,1663,890,374,220,1251,712,232,131,796,418,4,0,0.0,1.0,1035
Liang Wenbo,Fergal O'Brien,7,1420,1336,0.6131794491635048,0.5523079095743253,392,230,2681,1472,709,406,5545,2930,306,168,1043,588,222,120,767,398,4,0,0.0,1.0,1035
James Wattana,Tom Ford,7,1196,1335,0.31731999830555657,0.4139887955611293,733,412,6261,3332,434,247,3197,1698,122,56,662,312,202,103,903,458,4,2,0.0,0.6666666666666666,1035
Joel Walker,Mark Davis,7,1248,1383,0.32218616531476235,0.41641688448272474,117,54,744,361,814,491,6077,3308,185,94,583,282,346,194,1498,834,4,3,0.0,0.5714285714285714,1035
Ricky Walden,Matthew Selt,7,1496,1417,0.6066210971235376,0.5492151291013335,592,367,4343,2422,359,191,2530,1307,458,276,1445,808,320,194,811,424,4,2,0.0,0.6666666666666666,1035
Judd Trump,Jamie Burnett,7,1553,1310,0.7957969165005263,0.647370307581549,567,375,3934,2279,581,338,4623,2461,490,302,1712,1005,192,105,743,379,4,1,0.0,0.8,1035
Matthew Stevens,Ian Burns,7,1313,1293,0.5273209820427867,0.5124973964842103,792,474,6290,3445,221,121,1361,717,204,105,1117,563,199,96,750,396,4,2,0.0,0.6666666666666666,1035
Mark Selby,Dave Harold,7,1610,1211,0.9101054622303202,0.7305667649586345,781,531,5722,3301,681,381,5316,2789,408,248,1835,1113,83,29,622,307,4,1,0.0,0.8,1035
Neil Robertson,Rory McLeod,7,1565,1303,0.8133483117002799,0.6581363150480182,663,433,4976,2816,445,246,3439,1807,460,272,1777,1046,198,99,759,389,4,0,0.0,1.0,1035
Joe Perry,Lyu Chuang,7,1443,1201,0.794845010612041,0.6467993925579857,793,462,5844,3128,218,105,1585,783,365,206,1356,760,75,26,651,312,4,0,0.0,1.0,1035
Andrew Pagett,Gerard Greene,7,1127,1221,0.37380831662168224,0.44151888756183866,228,103,1504,727,610,334,4628,2432,160,60,478,209,177,85,645,304,4,3,0.0,0.5714285714285714,1035
Ronnie O'Sullivan,Barry Pinches,7,1658,1239,0.9201375829804304,0.7402945416674501,1027,778,9145,5545,671,353,5318,2774,302,192,905,577,210,105,649,299,4,1,0.0,0.8,1035
Shaun Murphy,Craig Steadman,7,1563,1319,0.7967460208697068,0.6479408020806503,744,483,5637,3192,327,188,2147,1155,463,280,1591,901,288,160,722,364,4,2,0.0,0.6666666666666666,1035
Anthony McGill,Ryan Day,7,1381,1401,0.4726790179572131,0.4875026035157896,288,173,1794,989,634,385,4638,2555,282,152,914,492,377,213,1194,636,4,1,0.0,0.8,1035
Stephen Maguire,Sam Baird,7,1491,1281,0.7629243149475251,0.6283161882953663,699,467,5257,2994,215,114,1476,762,390,239,1534,895,219,111,808,420,4,3,0.0,0.5714285714285714,1035
Jack Lisowski,Martin Gould,7,1304,1455,0.3029244926392998,0.4067300078928128,274,166,1766,964,471,282,3229,1755,239,122,851,438,282,163,1138,606,4,1,0.0,0.8,1035
Mark King,Alan McManus,7,1317,1453,0.32096653442831036,0.4158094770645927,737,406,5559,2901,792,473,6776,3590,234,119,927,479,354,199,1012,549,4,2,0.0,0.6666666666666666,1035
Ding Junhui,Jamie Cope,7,1554,1311,0.7957969165005263,0.647370307581549,549,365,4041,2309,474,258,3227,1658,295,186,1406,843,212,117,808,397,4,1,0.0,0.8,1035
Michael Holt,Peter Lines,7,1343,1225,0.6567774862994666,0.5732197726798348,600,353,4507,2401,652,358,4843,2530,322,170,1003,534,169,75,702,337,4,2,0.0,0.6666666666666666,1035
Andrew Higginson,Jimmy Robertson,7,1354,1319,0.5477297445502348,0.5218610539716015,568,345,4089,2258,316,168,2124,1089,227,125,949,496,291,157,876,454,4,3,0.0,0.5714285714285714,1035
John Higgins,Ken Doherty,7,1445,1340,0.6403298636636867,0.5652507475670999,1127,798,9274,5470,1009,627,8377,4637,351,197,1227,710,254,135,958,508,4,0,0.0,1.0,1035
Barry Hawkins,Cao Yupeng,7,1486,1276,0.7629243149475251,0.6283161882953663,695,428,5049,2802,149,78,1094,559,414,234,1580,897,179,94,930,488,4,3,0.0,0.5714285714285714,1035
Anthony Hamilton,Li Hang,7,1350,1341,0.5123026114255715,0.5056247627073255,706,415,5573,2996,137,67,973,495,179,89,759,395,247,135,562,291,4,1,0.0,0.8,1035
Xiao Guodong,Michael White,7,1419,1414,0.5068355814796678,0.5031249593105316,276,161,1896,1046,268,152,1917,1027,261,153,954,527,317,178,999,547,4,3,0.0,0.5714285714285714,1035
Marco Fu,Kurt Maflin,7,1506,1321,0.7360780864464773,0.6136070778047783,655,390,4959,2691,387,228,2591,1407,375,215,1356,772,238,117,940,505,4,1,0.0,0.8,1035
Graeme Dott,Jamie Jones,7,1440,1332,0.644151517953897,0.5670929049654543,670,394,5313,2843,355,214,2357,1284,363,211,1140,633,272,147,906,477,4,3,0.0,0.5714285714285714,1035
Scott Donaldson,David Gilbert,7,1249,1331,0.3894398892710193,0.448928730692658,121,65,790,399,363,202,2805,1481,247,125,780,394,208,103,888,474,4,1,0.0,0.8,1035
Dominic Dale,Dechawat Poomjaeng,7,1428,1323,0.6403298636636867,0.5652507475670999,707,408,5339,2854,163,92,1171,601,338,197,1143,609,322,174,1015,533,4,1,0.0,0.8,1035
Ali Carter,Mike Dunn,7,1517,1315,0.7545108097932872,0.623633628298226,695,417,5051,2777,580,309,4323,2228,120,63,985,557,244,131,697,347,4,3,0.0,0.5714285714285714,1035
Stuart Bingham,Thepchaiya Un-Nooh,7,1505,1342,0.7111524094404451,0.6004882745269664,797,503,5963,3391,167,93,1202,635,467,293,1574,913,269,150,811,426,4,2,0.0,0.6666666666666666,1035
Mark Allen,Noppon Saengkham,7,1545,1269,0.8256265088413395,0.6659669267518202,541,345,3669,2057,96,43,672,311,365,212,1309,784,261,132,502,253,4,2,0.0,0.6666666666666666,1035
Mark Williams,Neil Robertson,7,1447,1565,0.34322251370053336,0.42678022732016513,1072,701,8524,4871,663,433,4976,2816,374,220,1251,712,460,272,1777,1046,4,3,0.0,0.5714285714285714,1035
Liang Wenbo,Shaun Murphy,7,1420,1563,0.3124871992801179,0.4115648798723618,392,230,2681,1472,744,483,5637,3192,306,168,1043,588,463,280,1591,901,4,3,0.0,0.5714285714285714,1035
Joel Walker,James Wattana,7,1248,1196,0.5706954446194282,0.5324543063873187,117,54,744,361,733,412,6261,3332,185,94,583,282,122,56,662,312,4,1,0.0,0.8,1035
Ricky Walden,Anthony Hamilton,7,1496,1350,0.691115079332653,0.5902502519301834,592,367,4343,2422,706,415,5573,2996,458,276,1445,808,179,89,759,395,4,2,0.0,0.6666666666666666,1035
Judd Trump,Anthony McGill,7,1553,1381,0.721490850613204,0.6058736684317606,567,375,3934,2279,288,173,1794,989,490,302,1712,1005,282,152,914,492,4,1,0.0,0.8,1035
Mark Selby,Dominic Dale,7,1610,1428,0.732748880507422,0.6118273690017371,781,531,5722,3301,707,408,5339,2854,408,248,1835,1113,338,197,1143,609,4,0,0.0,1.0,1035
Joe Perry,Matthew Stevens,7,1443,1313,0.6716853028295744,0.5805423048206596,793,462,5844,3128,792,474,6290,3445,365,206,1356,760,204,105,1117,563,4,3,0.0,0.5714285714285714,1035
Ronnie O'Sullivan,Xiao Guodong,7,1658,1419,0.7919725105475417,0.645084137572727,1027,778,9145,5545,276,161,1896,1046,302,192,905,577,261,153,954,527,4,1,0.0,0.8,1035
Stephen Maguire,Andrew Pagett,7,1491,1127,0.8901903833125965,0.7130001627522816,699,467,5257,2994,228,103,1504,727,390,239,1534,895,160,60,478,209,4,0,0.0,1.0,1035
Ding Junhui,Ben Woollaston,7,1554,1331,0.7762304913665884,0.6358738914270539,549,365,4041,2309,384,220,2532,1359,295,186,1406,843,244,126,986,540,4,3,0.0,0.5714285714285714,1035
John Higgins,Mark King,7,1445,1317,0.6692199309586204,0.5793242521487495,1127,798,9274,5470,737,406,5559,2901,351,197,1227,710,234,119,927,479,4,0,0.0,1.0,1035
Barry Hawkins,Jack Lisowski,7,1486,1304,0.732748880507422,0.6118273690017371,695,428,5049,2802,274,166,1766,964,414,234,1580,897,239,122,851,438,4,3,0.0,0.5714285714285714,1035
Marco Fu,Graeme Dott,7,1506,1440,0.589422689021118,0.541156668150228,655,390,4959,2691,670,394,5313,2843,375,215,1356,772,363,211,1140,633,4,2,0.0,0.6666666666666666,1035
Scott Donaldson,Andrew Higginson,7,1249,1354,0.3596701363363135,0.43474925243290014,121,65,790,399,568,345,4089,2258,247,125,780,394,227,125,949,496,4,3,0.0,0.5714285714285714,1035
Ali Carter,Mark Allen,7,1517,1545,0.46178117660461016,0.48250714233361025,695,417,5051,2777,541,345,3669,2057,120,63,985,557,365,212,1309,784,4,2,0.0,0.6666666666666666,1035
Stuart Bingham,Michael Holt,7,1505,1343,0.7099919234270913,0.5998883688639983,797,503,5963,3391,600,353,4507,2401,467,293,1574,913,322,170,1003,534,4,2,0.0,0.6666666666666666,1035
Joel Walker,Stephen Maguire,7,1248,1491,0.20420308349947378,0.35262969241845105,117,54,744,361,699,467,5257,2994,185,94,583,282,390,239,1534,895,4,3,0.0,0.5714285714285714,1035
Mark Selby,Ali Carter,7,1610,1517,0.6248970337106214,0.5578645727207344,781,531,5722,3301,695,417,5051,2777,408,248,1835,1113,120,63,985,557,4,1,0.0,0.8,1035
Joe Perry,Stuart Bingham,7,1443,1505,0.41590794122337116,0.46132739479349205,793,462,5844,3128,797,503,5963,3391,365,206,1356,760,467,293,1574,913,4,3,0.0,0.5714285714285714,1035
Ronnie O'Sullivan,Ricky Walden,7,1658,1496,0.7099919234270913,0.5998883688639983,1027,778,9145,5545,592,367,4343,2422,302,192,905,577,458,276,1445,808,4,1,0.0,0.8,1035
Ding Junhui,Scott Donaldson,7,1554,1249,0.8492880506369576,0.6818962645895934,549,365,4041,2309,121,65,790,399,295,186,1406,843,247,125,780,394,4,0,0.0,1.0,1035
John Higgins,Judd Trump,7,1445,1553,0.3558484820461031,0.4329070950345457,1127,798,9274,5470,567,375,3934,2279,351,197,1227,710,490,302,1712,1005,4,3,0.0,0.5714285714285714,1035
Barry Hawkins,Liang Wenbo,7,1486,1420,0.589422689021118,0.541156668150228,695,428,5049,2802,392,230,2681,1472,414,234,1580,897,306,168,1043,588,4,2,0.0,0.6666666666666666,1035
Marco Fu,Mark Williams,7,1506,1447,0.5800831913605062,0.5368082899889803,655,390,4959,2691,1072,701,8524,4871,375,215,1356,772,374,220,1251,712,4,2,0.0,0.6666666666666666,1035
Joe Perry,Mark Selby,9,1443,1610,0.26056696281087244,0.39711513267253384,793,462,5844,3128,781,531,5722,3301,365,206,1356,760,408,248,1835,1113,5,1,0.0,0.8333333333333334,1035
Ronnie O'Sullivan,John Higgins,9,1658,1445,0.7929076344712422,0.6300660082850182,1027,778,9145,5545,1127,798,9274,5470,302,192,905,577,351,197,1227,710,5,1,0.0,0.8333333333333334,1035
Ding Junhui,Joel Walker,9,1554,1248,0.8782310515028146,0.6824383021930648,549,365,4041,2309,117,54,744,361,295,186,1406,843,185,94,583,282,5,4,0.0,0.5555555555555556,1035
Barry Hawkins,Marco Fu,9,1486,1506,0.46927029269061465,0.4875026035157896,695,428,5049,2802,655,390,4959,2691,414,234,1580,897,375,215,1356,772,5,0,0.0,1.0,1035
Ronnie O'Sullivan,Barry Hawkins,11,1658,1486,0.7663020508102693,0.6058736684317606,1027,778,9145,5545,695,428,5049,2802,302,192,905,577,414,234,1580,897,6,2,0.0,0.75,1035
Ding Junhui,Joe Perry,11,1554,1443,0.6808260033162458,0.5689332093695465,549,365,4041,2309,793,462,5844,3128,295,186,1406,843,365,206,1356,760,6,4,0.0,0.6,1035
Ronnie O'Sullivan,Ding Junhui,17,1658,1554,0.7064996497046757,0.5646362918030292,1027,778,9145,5545,549,365,4041,2309,302,192,905,577,295,186,1406,843,9,3,0.0,0.75,1035
Krzysztof Wrobel,Maciej Maciejwski,7,962,1000,0.44820271004203943,0.4762678458734389,20,6,116,44,0,0,0,0,0,0,40,10,0,0,0,0,4,1,0.0,0.8,1026
Adam Stefanow,Paweł Rogoza,7,1022,988,0.5463726874746992,0.5212372149662741,16,8,80,40,1,0,5,1,19,10,51,28,0,0,0,0,4,2,0.0,0.6666666666666666,1026
Joe Steele,Anita Maflin,7,966,966,0.5,0.5,39,15,197,83,3,0,13,2,53,19,197,83,4,0,10,2,4,0,0.0,1.0,1026
Wojciech Przylucki,Filipe Cardoso,7,1000,961,0.5531518743848329,0.5243557087682073,0,0,0,0,5,1,21,4,0,0,0,0,13,4,21,4,4,3,0.0,0.5714285714285714,1026
Mateusz Nowak,Wojciech Bojewski,7,1000,984,0.5218633393972989,0.5099986668799655,0,0,0,0,1,0,4,0,0,0,0,0,0,0,0,0,4,2,0.0,0.6666666666666666,1026
Ricky Norris,Michal Matuszczyk,7,1006,986,0.5273209820427867,0.5124973964842103,35,12,193,85,1,0,4,0,22,13,127,60,0,0,0,0,4,0,0.0,1.0,1026
Marcin Nitschke,Grzegorz Biernadski,7,1000,985,0.5204982038546295,0.5093739015216607,4,1,20,8,8,2,40,15,0,0,0,0,15,10,19,10,4,1,0.0,0.8,1026
Oliver Lines,Brian Cox,7,1230,884,0.8787157914455135,0.7037042379997707,90,51,518,278,94,30,557,218,191,98,464,256,0,0,0,0,4,0,0.0,1.0,1026
Karol Lelek,Rafal Górecki,7,992,1006,0.48086718764462183,0.4912508931197597,1,0,6,2,2,1,9,4,0,0,0,0,0,0,0,0,4,0,0.0,1.0,1026
Sanderson Lam,Mateusz Baranowski,7,1078,987,0.622303251187688,0.5566309599222533,62,28,354,165,1,0,5,1,131,65,324,154,0,0,0,0,4,0,0.0,1.0,1026
Jarosław Kowalski,Tomasz Marczak,7,980,1000,0.4726790179572131,0.4875026035157896,5,1,26,9,0,0,0,0,0,0,0,0,0,0,0,0,4,0,0.0,1.0,1026
Marcin Kolibski,Konrad Sor,7,1000,1000,0.5,0.5,0,0,0,0,0,0,0,0,0,0,0,0,0,0,0,0,4,1,0.0,0.8,1026
Christopher Keogan,Tetyana Volovelska,7,1071,968,0.6377737431786725,0.5640216374262577,67,24,375,168,2,0,8,0,121,62,326,149,0,0,4,0,4,0,0.0,1.0,1026
Nathan Jones,Maciej Michowski,7,974,1000,0.4645031181885513,0.48375571893792757,2,0,10,2,0,0,0,0,10,2,10,2,0,0,0,0,4,2,0.0,0.6666666666666666,1026
Rafał Jewtuch,Marcin Bek,7,987,1000,0.48223281808358937,0.4918757150937391,1,0,5,1,0,0,0,0,0,0,0,0,0,0,0,0,4,1,0.0,0.8,1026
Thomas Goldstein,Maciej Sarapuk,7,985,1000,0.47950179614537025,0.4906260984783392,1,0,4,0,0,0,0,0,0,0,4,0,0,0,0,0,4,0,0.0,1.0,1026
Michael Georgiou,Krzysztof Wrobel,7,1218,962,0.8079159048674549,0.6547534606063192,106,48,620,306,20,6,116,44,155,84,276,156,0,0,40,10,4,3,0.0,0.5714285714285714,1026
David Frew,Konrad Piekarczyk,7,969,1000,0.4577018760615691,0.4806346917700681,2,0,8,0,0,0,0,0,4,0,8,0,0,0,0,0,4,0,0.0,1.0,1026
Kacper Filipiak,Tomaz Malecki,7,999,988,0.5150352723345792,0.5068745667645342,46,13,244,80,1,0,5,1,96,47,183,75,0,0,0,0,4,0,0.0,1.0,1026
Matthew Day,Ryan Causton,7,1109,1108,0.5013671846516985,0.5006249996744794,113,53,609,298,89,47,483,240,91,43,380,197,86,45,391,201,4,1,0.0,0.8,1026
Jeff Cundy,Maciej Kielkowicz,7,1171,1000,0.7203516579445735,0.6052765337748445,497,264,3511,1823,0,0,0,0,90,48,348,188,0,0,0,0,4,0,0.0,1.0,1026
Michael Collumb,Antoni Kowalski,7,963,1000,0.44955793756481255,0.4768914745109111,26,9,142,60,0,0,0,0,56,26,93,38,0,0,0,0,4,0,0.0,1.0,1026
Billy Brown,Adrian Materek,7,962,1002,0.44549420086403224,0.47502081252106,19,5,97,37,2,1,8,4,60,28,93,37,0,0,0,0,4,1,0.0,0.8,1026
Oliver Brown,Michał Ebert,7,1194,1008,0.7371828058525272,0.6141996427768951,121,52,653,304,2,1,10,5,142,75,454,245,0,0,0,0,4,0,0.0,1.0,1026
Hans Blanckaert,Kevin Dabrowski,7,910,984,0.39996961044138163,0.4538814589542204,93,23,491,177,1,0,4,0,65,30,194,82,0,0,0,0,4,0,0.0,1.0,1026
Gareth Allen,Charlie Walters,7,1099,998,0.6352110684578025,0.5627917401386452,101,48,564,276,58,21,319,141,119,57,421,204,27,14,122,56,4,1,0.0,0.8,1026
Robert Valiant,Billy Brown,7,1060,962,0.6313550071762073,0.5609454503247162,65,38,370,195,19,5,97,37,0,0,19,7,60,28,93,37,4,0,0.0,1.0,1026
Adam Stefanow,Sydney Wilson,7,1022,1150,0.33078006904137963,0.42067574785125056,16,8,80,40,119,47,678,318,19,10,51,28,167,82,388,202,4,1,0.0,0.8,1026
Wojciech Przylucki,Mateusz Goslinowski,7,1000,1000,0.5,0.5,0,0,0,0,0,0,0,0,0,0,0,0,0,0,0,0,4,0,0.0,1.0,1026
Marcin Nitschke,Thomas Goldstein,7,1000,985,0.5204982038546295,0.5093739015216607,4,1,20,8,1,0,4,0,0,0,0,0,0,0,4,0,4,2,0.0,0.6666666666666666,1026
Sanderson Lam,Hans Blanckaert,7,1078,910,0.7169197076810394,0.6034832498647263,62,28,354,165,93,23,491,177,131,65,324,154,65,30,194,82,4,2,0.0,0.6666666666666666,1026
Marcin Kolibski,Jarosław Kowalski,7,1000,980,0.5273209820427867,0.5124973964842103,0,0,0,0,5,1,26,9,0,0,0,0,0,0,0,0,4,1,0.0,0.8,1026
Christopher Keogan,Karol Lelek,7,1071,992,0.6066210971235376,0.5492151291013335,67,24,375,168,1,0,6,2,121,62,326,149,0,0,0,0,4,1,0.0,0.8,1026
Rafał Jewtuch,Ross Higgins,7,987,923,0.5867595016023184,0.5399148845555657,1,0,5,1,32,8,159,56,0,0,0,0,56,28,150,55,4,3,0.0,0.5714285714285714,1026
Michael Georgiou,Sam Harvey,7,1218,1036,0.732748880507422,0.6118273690017371,106,48,620,306,93,40,481,230,155,84,276,156,35,16,196,89,4,1,0.0,0.8,1026
David Frew,Mateusz Nowak,7,969,1000,0.4577018760615691,0.4806346917700681,2,0,8,0,0,0,0,0,4,0,8,0,0,0,0,0,4,1,0.0,0.8,1026
Kacper Filipiak,Oliver Brown,7,999,1194,0.25298898790249863,0.3804826803529153,46,13,244,80,121,52,653,304,96,47,183,75,142,75,454,245,4,2,0.0,0.6666666666666666,1026
Matthew Day,Ricky Norris,7,1109,1006,0.6377737431786725,0.5640216374262577,113,53,609,298,35,12,193,85,91,43,380,197,22,13,127,60,4,2,0.0,0.6666666666666666,1026
Michael Collumb,Joe Steele,7,963,966,0.4958985144028909,0.498125008789013,26,9,142,60,39,15,197,83,56,26,93,38,53,19,197,83,4,0,0.0,1.0,1026
Jamie Clarke,Jeff Cundy,7,1207,1171,0.549086208422272,0.5224848247918001,79,41,450,239,497,264,3511,1823,205,118,357,199,90,48,348,188,4,3,0.0,0.5714285714285714,1026
Gareth Allen,Oliver Lines,7,1099,1230,0.32708497904170997,0.41884903571060617,101,48,564,276,90,51,518,278,119,57,421,204,191,98,464,256,4,1,0.0,0.8,1026
Gary Wilson,Adam Duffy,7,1275,1192,0.611870456908998,0.5516896693427,272,162,1725,950,223,114,1391,710,191,89,675,373,174,92,622,295,4,3,0.0,0.5714285714285714,1026
Robbie Williams,Li Yan,7,1255,1192,0.5854263042586716,0.5392938058983595,249,139,1535,791,122,55,846,413,259,126,789,402,124,60,562,259,4,0,0.0,1.0,1026
Liang Wenbo,Mark Williams,7,1435,1462,0.4631419178202212,0.48313140430861523,396,233,2704,1486,1076,704,8548,4885,329,182,1066,602,398,234,1275,726,4,3,0.0,0.5714285714285714,1026
Michael Wasley,David Frew,7,1320,969,0.8819896948101545,0.706303891936407,220,113,1399,698,2,0,8,0,280,142,797,401,4,0,8,0,4,0,0.0,1.0,1026
Chris Wakelin,Alexander Ursenbacher,7,1252,1062,0.7415764082537253,0.6165665045213193,62,33,410,210,40,13,242,96,198,101,410,210,124,43,224,88,4,2,0.0,0.6666666666666666,1026
Judd Trump,Lyu Chuang,7,1561,1197,0.8901903833125965,0.7130001627522816,571,378,3957,2294,220,106,1595,787,513,317,1735,1020,85,30,661,316,4,2,0.0,0.6666666666666666,1026
Allan Taylor,Matthew Stevens,7,1180,1321,0.3148993834727192,0.4127763091606651,207,106,1177,610,795,476,6310,3456,156,66,404,183,224,116,1137,574,4,1,0.0,0.8,1026
Joe Swail,Ross Muir,7,1324,1138,0.7371828058525272,0.6141996427768951,724,396,5775,3021,65,26,403,182,281,152,731,381,186,81,393,177,4,0,0.0,1.0,1026
Craig Steadman,Michael White,7,1325,1408,0.3881295430910018,0.44831033065729986,329,189,2159,1161,270,153,1931,1034,300,166,734,370,331,185,1013,554,4,3,0.0,0.5714285714285714,1026
Elliot Slessor,Anthony McGill,7,1129,1388,0.1893551436986179,0.34355312754339407,66,26,396,176,291,175,1810,998,134,53,376,166,298,161,930,501,4,3,0.0,0.5714285714285714,1026
Matthew Selt,Ahmed Saif,7,1413,955,0.937104951446693,0.7585964618789349,361,192,2541,1313,30,6,178,51,331,200,822,430,70,18,164,50,4,2,0.0,0.6666666666666666,1026
Mark Selby,Chen Zhe,7,1623,1187,0.9279402546368307,0.7483817216070642,786,535,5746,3318,148,76,911,460,432,265,1859,1130,137,68,565,267,4,0,0.0,1.0,1026
Neil Robertson,Adam Stefanow,7,1570,1022,0.9651314560876779,0.7973801535688696,666,435,4992,2827,16,8,80,40,476,283,1793,1057,19,10,51,28,4,1,0.0,0.8,1026
Jimmy Robertson,Andrew Pagett,7,1323,1141,0.732748880507422,0.6118273690017371,318,169,2137,1096,231,105,1519,735,304,164,889,461,175,68,493,217,4,3,0.0,0.5714285714285714,1026
Barry Pinches,Nathan Jones,7,1249,974,0.8247679763275149,0.665410558746814,673,354,5328,2779,2,0,10,2,220,110,659,304,10,2,10,2,4,3,0.0,0.5714285714285714,1026
Joe Perry,Daniel Wells,7,1474,1136,0.8733372031383986,0.6995172276624274,799,467,5885,3153,241,117,1610,795,406,231,1397,785,185,88,656,297,4,1,0.0,0.8,1026
Tian Pengfei,Kyren Wilson,7,1356,1327,0.5395790886298393,0.5181170650431814,251,142,1672,894,231,136,1473,801,241,135,805,422,226,117,617,338,4,3,0.0,0.5714285714285714,1026
Fraser Patrick,John Astley,7,1216,1146,0.5947357972115818,0.5436386872370789,136,60,896,423,116,55,706,330,190,89,569,275,148,57,475,218,4,3,0.0,0.5714285714285714,1026
Lee Page,Kurt Maflin,7,1092,1322,0.2167953403729519,0.36008390326226586,197,97,1187,588,389,229,2601,1412,136,49,338,142,248,122,950,510,4,2,0.0,0.6666666666666666,1026
Martin O'Donnell,Jak Jones,7,1208,1098,0.6466907800352545,0.5683199834782481,203,95,1207,600,119,49,739,332,174,97,554,273,128,49,304,124,4,3,0.0,0.5714285714285714,1026
Fergal O'Brien,Alex Davies,7,1328,1201,0.6679843009449487,0.578714862460134,711,407,5554,2934,199,99,1226,613,231,124,776,402,171,74,406,192,4,1,0.0,0.8,1026
Andrew Norman,Dave Harold,7,1139,1217,0.3946945160108152,0.4514038914168657,314,148,2350,1144,683,382,5327,2794,88,32,410,186,94,34,633,312,4,3,0.0,0.5714285714285714,1026
Shaun Murphy,Jamie O'Neill,7,1566,1222,0.8773873941193158,0.7026606543447315,747,485,5654,3203,261,135,1665,863,480,291,1608,912,114,58,450,213,4,0,0.0,1.0,1026
Robert Milkins,Paul Davison,7,1395,1207,0.7393846765226212,0.6153837563911821,644,398,4866,2672,572,309,4059,2091,374,206,1308,734,200,104,821,410,4,3,0.0,0.5714285714285714,1026
Aditya Mehta,James Wattana,7,1317,1208,0.6454220086166967,0.5677065480733601,205,104,1434,718,736,414,6278,3341,214,114,879,454,139,65,679,321,4,0,0.0,1.0,1026
Alan McManus,Sean O'Sullivan,7,1440,1167,0.8230423767770356,0.6642964428999887,794,474,6788,3596,110,47,678,313,366,205,1024,555,205,106,537,243,4,3,0.0,0.5714285714285714,1026
Rory McLeod,Ben Woollaston,7,1296,1356,0.4185795134993229,0.46257015465625045,447,247,3448,1811,387,222,2548,1370,207,103,768,393,260,137,1002,551,4,1,0.0,0.8,1026
Stephen Maguire,Cao Xinlong,7,1490,1046,0.9313914957717048,0.7521291114395702,703,470,5280,3009,43,12,284,109,413,254,1557,910,140,53,245,100,4,0,0.0,1.0,1026
Peter Lines,Xiao Guodong,7,1222,1409,0.26171499503028667,0.3852081305077805,654,359,4856,2536,279,163,1915,1055,182,81,715,343,280,162,973,536,4,3,0.0,0.5714285714285714,1026
Rod Lawler,Marcin Kolibski,7,1297,1000,0.8429989187038389,0.6775422953274692,687,381,5379,2811,0,0,0,0,249,129,966,515,0,0,0,0,4,0,0.0,1.0,1026
Mark King,Chris Norbury,7,1315,1102,0.7660354477872332,0.6300660082850182,740,408,5576,2909,236,113,1451,716,251,127,944,487,106,32,390,168,4,3,0.0,0.5714285714285714,1026
Mark Joyce,Ken Doherty,7,1286,1339,0.42796070219744664,0.46692337763389535,339,181,2438,1235,1011,628,8385,4641,246,121,890,453,262,139,966,512,4,3,0.0,0.5714285714285714,1026
Jamie Jones,Michael Collumb,7,1343,963,0.8996783008876897,0.7211151780228631,357,215,2368,1291,26,9,142,60,283,154,917,484,56,26,93,38,4,2,0.0,0.6666666666666666,1026
Michael Holt,Li Hang,7,1351,1346,0.5068355814796678,0.5031249593105316,603,355,4525,2411,139,68,982,500,340,180,1021,544,256,140,571,296,4,1,0.0,0.8,1026
John Higgins,Michael Georgiou,7,1480,1218,0.8133483117002799,0.6581363150480182,1132,802,9299,5487,106,48,620,306,376,214,1252,727,155,84,276,156,4,0,0.0,1.0,1026
Barry Hawkins,Ryan Clark,7,1511,930,0.9722673885841587,0.8103828882612089,701,433,5086,2825,39,7,225,68,451,257,1617,920,66,15,181,59,4,1,0.0,0.8,1026
Anthony Hamilton,Marcin Nitschke,7,1359,1000,0.8870891247364365,0.7104354810428751,709,417,5590,3006,4,1,20,8,196,99,776,405,0,0,0,0,4,1,0.0,0.8,1026
David Grace,Matthew Day,7,1183,1109,0.6000303895586184,0.5461185410457796,217,99,1412,681,113,53,609,298,156,64,674,319,91,43,380,197,4,0,0.0,1.0,1026
Martin Gould,Kacper Filipiak,7,1450,999,0.9342992837911581,0.7553772379137498,473,283,3238,1760,46,13,244,80,291,168,1147,611,96,47,183,75,4,1,0.0,0.8,1026
David Gilbert,Cao Yupeng,7,1324,1284,0.5545057991359676,0.52497918747894,365,203,2816,1486,151,79,1107,566,219,108,899,479,192,101,943,495,4,1,0.0,0.8,1026
Marco Fu,Robert Valiant,7,1503,1060,0.9309676239951021,0.7516627404402959,660,394,4987,2707,65,38,370,195,403,231,1384,788,0,0,19,7,4,0,0.0,1.0,1026
Tom Ford,Rafał Jewtuch,7,1334,987,0.8793759455680459,0.704225233864307,436,248,3207,1704,1,0,5,1,212,109,913,464,0,0,0,0,4,0,0.0,1.0,1026
Patrick Einsle,Stuart Carrington,7,1043,1309,0.1830867982054784,0.3396173269207839,115,46,674,294,206,112,1259,671,7,3,102,37,206,103,538,272,4,3,0.0,0.5714285714285714,1026
Mike Dunn,Michael Leslie,7,1322,1114,0.7608368593181393,0.6271477663131956,582,310,4337,2235,92,27,587,238,258,138,711,354,174,77,454,177,4,2,0.0,0.6666666666666666,1026
Tony Drago,Liam Highfield,7,1207,1341,0.3234078367146668,0.4170245457988005,696,346,5751,2855,240,134,1618,861,119,51,628,293,235,136,778,408,4,0,0.0,1.0,1026
Graeme Dott,Peter Ebdon,7,1444,1369,0.6013510291923431,0.5467381519846138,673,396,5330,2853,894,517,7298,3924,380,221,1157,643,280,161,1011,518,4,3,0.0,0.5714285714285714,1026
Scott Donaldson,James Cahill,7,1272,1188,0.6131794491635048,0.5523079095743253,125,68,812,411,81,30,509,221,269,137,802,406,202,99,438,197,4,3,0.0,0.5714285714285714,1026
Mark Davis,Ratchayothin Yotharuck,7,1368,1035,0.8698871121691505,0.6968832820410791,816,492,6091,3315,37,7,245,88,360,201,1512,841,124,42,245,88,4,2,0.0,0.6666666666666666,1026
Steve Davis,Wojciech Przylucki,7,1217,1000,0.7701459815525172,0.6323937895695628,1359,887,11571,6607,0,0,0,0,69,25,642,309,0,0,0,0,4,1,0.0,0.8,1026
Dominic Dale,Dechawat Poomjaeng,7,1418,1326,0.6236008848905433,0.5572478545985555,710,410,5355,2862,165,93,1181,606,354,205,1159,617,332,179,1025,538,4,1,0.0,0.8,1026
Jamie Clarke,Luca Brecel,7,1207,1293,0.3842066871290606,0.4464560968488817,79,41,450,239,159,80,1110,568,205,118,357,199,250,135,853,447,4,1,0.0,0.8,1026
Marcus Campbell,Andrew Higginson,7,1147,1359,0.23499891609615547,0.3705168880326052,655,355,4884,2500,571,347,4108,2269,114,39,826,380,246,136,968,507,4,1,0.0,0.8,1026
Ian Burns,Yu Delu,7,1291,1330,0.44684812561516707,0.47564429123179275,223,122,1374,723,178,93,1228,634,212,102,763,402,235,120,870,460,4,0,0.0,1.0,1026
Alfie Burden,Noppon Saengkham,7,1268,1283,0.47950179614537025,0.4906260984783392,544,294,4047,2093,98,44,682,317,169,82,826,414,271,138,512,259,4,3,0.0,0.5714285714285714,1026
Alex Borg,Pankaj Advani,7,1129,1339,0.23707568505247512,0.37168381170463377,306,132,2246,1031,88,50,628,333,186,79,286,115,82,40,616,329,4,2,0.0,0.6666666666666666,1026
Nigel Bond,Hammad Miah,7,1271,1046,0.7782368395177592,0.6370307944803831,762,428,6155,3268,45,15,291,116,184,92,723,364,116,38,273,110,4,1,0.0,0.8,1026
Stuart Bingham,Sanderson Lam,7,1514,1078,0.9279402546368307,0.7483817216070642,801,506,5986,3406,62,28,354,165,490,308,1597,928,131,65,324,154,4,0,0.0,1.0,1026
Sam Baird,Vinnie Calabrese,7,1291,1095,0.7480902113030796,0.6201064323430902,217,115,1489,769,89,38,565,255,232,118,821,427,137,52,326,128,4,2,0.0,0.6666666666666666,1026
Zhang Anda,Gerard Greene,7,1252,1221,0.5422981239384312,0.519365308229932,187,88,1295,643,612,335,4641,2439,164,86,664,323,190,92,658,311,4,3,0.0,0.5714285714285714,1026
Gareth Allen,Joel Walker,7,1099,1294,0.25298898790249863,0.3804826803529153,101,48,564,276,122,58,779,381,119,57,421,204,220,114,618,302,4,1,0.0,0.8,1026
Michael Wasley,Gary Wilson,7,1320,1275,0.5612649493584694,0.528095374408387,220,113,1399,698,272,162,1725,950,280,142,797,401,191,89,675,373,4,3,0.0,0.5714285714285714,1026
Judd Trump,Chris Wakelin,7,1561,1252,0.8523649112589072,0.6840614456522569,571,378,3957,2294,62,33,410,210,513,317,1735,1020,198,101,410,210,4,0,0.0,1.0,1026
Craig Steadman,Joe Swail,7,1325,1324,0.5013671846516985,0.5006249996744794,329,189,2159,1161,724,396,5775,3021,300,166,734,370,281,152,731,381,4,3,0.0,0.5714285714285714,1026
Matthew Selt,Allan Taylor,7,1413,1180,0.786152249899794,0.6416424532015634,361,192,2541,1313,207,106,1177,610,331,200,822,430,156,66,404,183,4,0,0.0,1.0,1026
Barry Pinches,Alex Borg,7,1249,1129,0.6592810606298003,0.574442516811659,673,354,5328,2779,306,132,2246,1031,220,110,659,304,186,79,286,115,4,1,0.0,0.8,1026
Tian Pengfei,Robbie Williams,7,1356,1255,0.6352110684578025,0.5627917401386452,251,142,1672,894,249,139,1535,791,241,135,805,422,259,126,789,402,4,2,0.0,0.6666666666666666,1026
Martin O'Donnell,Mark Davis,7,1208,1368,0.2923360013407782,0.401312339887548,203,95,1207,600,816,492,6091,3315,174,97,554,273,360,201,1512,841,4,1,0.0,0.8,1026
Fergal O'Brien,Tony Drago,7,1328,1207,0.660530062626431,0.5750535485557879,711,407,5554,2934,696,346,5751,2855,231,124,776,402,119,51,628,293,4,3,0.0,0.5714285714285714,1026
Shaun Murphy,Stuart Bingham,7,1566,1514,0.5706954446194282,0.5324543063873187,747,485,5654,3203,801,506,5986,3406,480,291,1608,912,490,308,1597,928,4,1,0.0,0.8,1026
Robert Milkins,Fraser Patrick,7,1395,1216,0.7293972619311108,0.610044672404527,644,398,4866,2672,136,60,896,423,374,206,1308,734,190,89,569,275,4,0,0.0,1.0,1026
Alan McManus,Neil Robertson,7,1440,1570,0.32831469717042555,0.41945769517934034,794,474,6788,3596,666,435,4992,2827,366,205,1024,555,476,283,1793,1057,4,3,0.0,0.5714285714285714,1026
Stephen Maguire,Ryan Day,7,1490,1389,0.6352110684578025,0.5627917401386452,703,470,5280,3009,636,386,4649,2560,413,254,1557,910,388,218,1205,641,4,0,0.0,1.0,1026
Rod Lawler,Lee Page,7,1297,1092,0.75768573294214,0.6253923497205511,687,381,5379,2811,197,97,1187,588,249,129,966,515,136,49,338,142,4,2,0.0,0.6666666666666666,1026
Mark King,Joe Perry,7,1315,1474,0.29350342132334917,0.40191313966779657,740,408,5576,2909,799,467,5885,3153,251,127,944,487,406,231,1397,785,4,1,0.0,0.8,1026
Jamie Jones,Michael Holt,7,1343,1351,0.48906395814377107,0.4950001666600003,357,215,2368,1291,603,355,4525,2411,283,154,917,484,340,180,1021,544,4,0,0.0,1.0,1026
John Higgins,Elliot Slessor,7,1480,1129,0.8819896948101545,0.706303891936407,1132,802,9299,5487,66,26,396,176,376,214,1252,727,134,53,376,166,4,3,0.0,0.5714285714285714,1026
Barry Hawkins,Jimmy White,7,1511,1232,0.8281850360436097,0.6676332571171155,701,433,5086,2825,1345,766,11664,6167,451,257,1617,920,238,116,854,404,4,1,0.0,0.8,1026
Anthony Hamilton,Mark Selby,7,1359,1623,0.1848635658405572,0.34073961154861454,709,417,5590,3006,786,535,5746,3318,196,99,776,405,432,265,1859,1130,4,3,0.0,0.5714285714285714,1026
Martin Gould,Peter Lines,7,1450,1222,0.7812257884147848,0.6387631751488418,473,283,3238,1760,654,359,4856,2536,291,168,1147,611,182,81,715,343,4,1,0.0,0.8,1026
David Gilbert,David Grace,7,1324,1183,0.685100616527281,0.587223690839335,365,203,2816,1486,217,99,1412,681,219,108,899,479,156,64,674,319,4,1,0.0,0.8,1026
Tom Ford,Aditya Mehta,7,1334,1317,0.5232282019769063,0.5106234010049637,436,248,3207,1704,205,104,1434,718,212,109,913,464,214,114,879,454,4,1,0.0,0.8,1026
Graeme Dott,Patrick Einsle,7,1444,1043,0.9111514783284038,0.7315498244408544,673,396,5330,2853,115,46,674,294,380,221,1157,643,7,3,102,37,4,2,0.0,0.6666666666666666,1026
Steve Davis,Mike Dunn,7,1217,1322,0.3596701363363135,0.43474925243290014,1359,887,11571,6607,582,310,4337,2235,69,25,642,309,258,138,711,354,4,2,0.0,0.6666666666666666,1026
Dominic Dale,Liang Wenbo,7,1418,1435,0.476771798023094,0.4893765989950364,710,410,5355,2862,396,233,2704,1486,354,205,1159,617,329,182,1066,602,4,1,0.0,0.8,1026
Jamie Cope,Rory McLeod,7,1308,1296,0.5164013295642876,0.5074994375506203,476,259,3237,1663,447,247,3448,1811,222,122,818,402,207,103,768,393,4,1,0.0,0.8,1026
Marcus Campbell,Christopher Keogan,7,1147,1071,0.6026704349193375,0.5473576181430894,655,355,4884,2500,67,24,375,168,114,39,826,380,121,62,326,149,4,1,0.0,0.8,1026
Ian Burns,Scott Donaldson,7,1291,1272,0.5259570402770714,0.5118727677562528,223,122,1374,723,125,68,812,411,212,102,763,402,269,137,802,406,4,1,0.0,0.8,1026
Alfie Burden,Jimmy Robertson,7,1268,1323,0.42527567806654565,0.4656790563306954,544,294,4047,2093,318,169,2137,1096,169,82,826,414,304,164,889,461,4,1,0.0,0.8,1026
Nigel Bond,Marco Fu,7,1271,1503,0.21482751321147378,0.35893259366518293,762,428,6155,3268,660,394,4987,2707,184,92,723,364,403,231,1384,788,4,0,0.0,1.0,1026
Sam Baird,Jamie Clarke,7,1291,1207,0.6131794491635048,0.5523079095743253,217,115,1489,769,79,41,450,239,232,118,821,427,205,118,357,199,4,0,0.0,1.0,1026
Zhang Anda,Mark Joyce,7,1252,1286,0.45362731252530075,0.4787627850337259,187,88,1295,643,339,181,2438,1235,164,86,664,323,246,121,890,453,4,1,0.0,0.8,1026
Gareth Allen,Andrew Norman,7,1099,1139,0.44549420086403224,0.47502081252106,101,48,564,276,314,148,2350,1144,119,57,421,204,88,32,410,186,4,2,0.0,0.6666666666666666,1026
Judd Trump,Steve Davis,7,1561,1217,0.8773873941193158,0.7026606543447315,571,378,3957,2294,1359,887,11571,6607,513,317,1735,1020,69,25,642,309,4,3,0.0,0.5714285714285714,1026
Matthew Selt,Anthony Hamilton,7,1413,1359,0.573382262278332,0.5336988354329009,361,192,2541,1313,709,417,5590,3006,331,200,822,430,196,99,776,405,4,0,0.0,1.0,1026
Barry Pinches,Ian Burns,7,1249,1291,0.44278839657477087,0.4737740906279313,673,354,5328,2779,223,122,1374,723,220,110,659,304,212,102,763,402,4,3,0.0,0.5714285714285714,1026
Fergal O'Brien,Dominic Dale,7,1328,1418,0.37899585307075345,0.44398610945538003,711,407,5554,2934,710,410,5355,2862,231,124,776,402,354,205,1159,617,4,3,0.0,0.5714285714285714,1026
Shaun Murphy,Tian Pengfei,7,1566,1356,0.7629243149475251,0.6283161882953663,747,485,5654,3203,251,142,1672,894,480,291,1608,912,241,135,805,422,4,1,0.0,0.8,1026
Robert Milkins,Martin Gould,7,1395,1450,0.42527567806654565,0.4656790563306954,644,398,4866,2672,473,283,3238,1760,374,206,1308,734,291,168,1147,611,4,2,0.0,0.6666666666666666,1026
Alan McManus,Graeme Dott,7,1440,1444,0.4945314322857424,0.49750002083312506,794,474,6788,3596,673,396,5330,2853,366,205,1024,555,380,221,1157,643,4,1,0.0,0.8,1026
Stephen Maguire,Michael Wasley,7,1490,1320,0.7192100641468833,0.6046790847140093,703,470,5280,3009,220,113,1399,698,413,254,1557,910,280,142,797,401,4,1,0.0,0.8,1026
Rod Lawler,Jamie Cope,7,1297,1308,0.48496472766542054,0.4931254332354657,687,381,5379,2811,476,259,3237,1663,249,129,966,515,222,122,818,402,4,0,0.0,1.0,1026
Mark King,Tom Ford,7,1315,1334,0.47404295972292854,0.4881272322437472,740,408,5576,2909,436,248,3207,1704,251,127,944,487,212,109,913,464,4,3,0.0,0.5714285714285714,1026
Jamie Jones,Martin O'Donnell,7,1343,1208,0.6778138346852377,0.5835831155172753,357,215,2368,1291,203,95,1207,600,283,154,917,484,174,97,554,273,4,3,0.0,0.5714285714285714,1026
John Higgins,Barry Hawkins,7,1480,1511,0.4577018760615691,0.4806346917700681,1132,802,9299,5487,701,433,5086,2825,376,214,1252,727,451,257,1617,920,4,3,0.0,0.5714285714285714,1026
Marcus Campbell,Gareth Allen,7,1147,1099,0.5653114683109788,0.5299640517645717,655,355,4884,2500,101,48,564,276,114,39,826,380,119,57,421,204,4,3,0.0,0.5714285714285714,1026
Alfie Burden,Craig Steadman,7,1268,1325,0.4225943374899878,0.4644351620161461,544,294,4047,2093,329,189,2159,1161,169,82,826,414,300,166,734,370,4,2,0.0,0.6666666666666666,1026
Sam Baird,Nigel Bond,7,1291,1271,0.5273209820427867,0.5124973964842103,217,115,1489,769,762,428,6155,3268,232,118,821,427,184,92,723,364,4,3,0.0,0.5714285714285714,1026
Zhang Anda,David Gilbert,7,1252,1324,0.40261453047341306,0.45512110762641994,187,88,1295,643,365,203,2816,1486,164,86,664,323,219,108,899,479,4,3,0.0,0.5714285714285714,1026
Judd Trump,Mark King,7,1561,1315,0.7986358149208075,0.6490805242445733,571,378,3957,2294,740,408,5576,2909,513,317,1735,1020,251,127,944,487,4,3,0.0,0.5714285714285714,1026
Matthew Selt,Robert Milkins,7,1413,1395,0.5245927745980452,0.5112481019468548,361,192,2541,1313,644,398,4866,2672,331,200,822,430,374,206,1308,734,4,0,0.0,1.0,1026
Fergal O'Brien,Alan McManus,7,1328,1440,0.35077688766853815,0.43045377606077095,711,407,5554,2934,794,474,6788,3596,231,124,776,402,366,205,1024,555,4,1,0.0,0.8,1026
Shaun Murphy,Jamie Jones,7,1566,1343,0.7762304913665884,0.6358738914270539,747,485,5654,3203,357,215,2368,1291,480,291,1608,912,283,154,917,484,4,2,0.0,0.6666666666666666,1026
Stephen Maguire,John Higgins,7,1490,1480,0.51366902727117,0.5062496744995104,703,470,5280,3009,1132,802,9299,5487,413,254,1557,910,376,214,1252,727,4,2,0.0,0.6666666666666666,1026
Alfie Burden,Marcus Campbell,7,1268,1147,0.660530062626431,0.5750535485557879,544,294,4047,2093,655,355,4884,2500,169,82,826,414,114,39,826,380,4,1,0.0,0.8,1026
Sam Baird,Barry Pinches,7,1291,1249,0.557211603425229,0.5262259093720687,217,115,1489,769,673,354,5328,2779,232,118,821,427,220,110,659,304,4,2,0.0,0.6666666666666666,1026
Zhang Anda,Rod Lawler,7,1252,1297,0.4387350506415305,0.4719046255916129,187,88,1295,643,687,381,5379,2811,164,86,664,323,249,129,966,515,4,1,0.0,0.8,1026
Matthew Selt,Judd Trump,7,1413,1561,0.3064941914991044,0.40854102156721994,361,192,2541,1313,571,378,3957,2294,331,200,822,430,513,317,1735,1020,4,1,0.0,0.8,1026
Fergal O'Brien,Zhang Anda,7,1328,1252,0.6026704349193375,0.5473576181430894,711,407,5554,2934,187,88,1295,643,231,124,776,402,164,86,664,323,4,2,0.0,0.6666666666666666,1026
Shaun Murphy,Stephen Maguire,7,1566,1490,0.6026704349193375,0.5473576181430894,747,485,5654,3203,703,470,5280,3009,480,291,1608,912,413,254,1557,910,4,3,0.0,0.5714285714285714,1026
Sam Baird,Alfie Burden,7,1291,1268,0.5314106943491967,0.5143710406970602,217,115,1489,769,544,294,4047,2093,232,118,821,427,169,82,826,414,4,3,0.0,0.5714285714285714,1026
Fergal O'Brien,Sam Baird,7,1328,1291,0.5504420624351876,0.523108525489089,711,407,5554,2934,217,115,1489,769,231,124,776,402,232,118,821,427,4,1,0.0,0.8,1026
Shaun Murphy,Matthew Selt,7,1566,1413,0.6994442564412618,0.5944759307482401,747,485,5654,3203,361,192,2541,1313,480,291,1608,912,331,200,822,430,4,1,0.0,0.8,1026
Shaun Murphy,Fergal O'Brien,7,1566,1328,0.7910094256982455,0.6445115537062945,747,485,5654,3203,711,407,5554,2934,480,291,1608,912,231,124,776,402,4,1,0.0,0.8,1026
Cao Yupeng,Chris Wakelin,9,1273,1244,0.5445070087292267,0.5181170650431814,152,79,1112,567,64,34,420,214,197,102,948,496,208,105,420,214,5,3,0.0,0.625,992
Ratchayothin Yotharuck,Martin Gould,9,1036,1449,0.05940802302751477,0.26259971417233613,38,7,251,90,476,285,3254,1770,130,44,251,90,307,178,1163,621,5,4,0.0,0.5555555555555556,992
Cao Xinlong,Alfie Burden,9,1038,1300,0.1582852405495167,0.3418636849519819,44,12,288,109,549,298,4077,2112,144,53,249,100,199,101,856,433,5,4,0.0,0.5555555555555556,992
Ben Woollaston,Liam Highfield,9,1343,1322,0.5322627512389814,0.5131219861822433,388,222,2553,1371,241,134,1622,861,265,138,1007,552,239,136,782,408,5,3,0.0,0.625,992
Gary Wilson,Ricky Walden,9,1274,1503,0.19020982084327387,0.36066016324693406,274,163,1739,957,596,370,4365,2435,205,96,689,380,480,289,1467,821,5,3,0.0,0.625,992
Mark Williams,Fraser Patrick,9,1457,1205,0.8324542539152648,0.6524894621927444,1077,704,8555,4888,138,61,907,427,405,237,1282,729,201,93,580,279,5,1,0.0,0.8333333333333334,992
Jimmy White,Vinnie Calabrese,9,1227,1093,0.6968827791173715,0.5829754542011996,1346,766,11669,6168,90,38,571,257,243,117,859,405,143,54,332,130,5,4,0.0,0.5555555555555556,992
Michael White,James Cahill,9,1401,1187,0.7939893798637696,0.6306485256510744,271,153,1938,1037,82,30,516,224,338,188,1020,557,209,102,445,200,5,3,0.0,0.625,992
Liang Wenbo,Allan Taylor,9,1428,1183,0.8257578299729261,0.6485108747389209,398,234,2716,1491,209,107,1186,614,341,187,1078,607,165,70,413,187,5,4,0.0,0.5555555555555556,992
Daniel Wells,Nigel Bond,9,1132,1295,0.2655479256086079,0.3995117254730337,242,117,1615,796,765,430,6171,3279,190,89,661,298,200,103,739,375,5,1,0.0,0.8333333333333334,992
Joel Walker,Robert Milkins,9,1278,1400,0.31936441195255827,0.42433564895745063,123,58,784,382,648,401,4887,2684,225,115,623,303,395,218,1329,746,5,0,0.0,1.0,992
Thepchaiya Un-Nooh,Ronnie O'Sullivan,9,1353,1712,0.08652952851900032,0.2895645189571249,169,94,1212,641,1034,785,9191,5581,279,156,821,432,348,228,951,613,5,4,0.0,0.5555555555555556,992
Judd Trump,Sanderson Lam,9,1543,1087,0.95681014001583,0.7576796390037048,576,382,3986,2311,65,30,368,173,542,334,1764,1037,145,73,338,162,5,3,0.0,0.625,992
Matthew Stevens,Alex Davies,9,1306,1192,0.6695952090283444,0.5707716118944918,796,476,6315,3457,200,99,1231,614,229,117,1142,575,176,75,411,193,5,2,0.0,0.7142857142857143,992
Mark Selby,Pankaj Advani,9,1618,1325,0.8681512578497216,0.6753536404444148,788,536,5757,3325,89,50,634,335,443,272,1870,1137,88,42,622,331,5,1,0.0,0.8333333333333334,992
Noppon Saengkham,Jamie Cope,9,1278,1304,0.4600800462945756,0.48375571893792757,99,44,689,320,478,260,3246,1667,278,141,519,262,231,126,827,406,5,1,0.0,0.8333333333333334,992
Neil Robertson,Ian Burns,9,1561,1313,0.828649321563008,0.6502185485738271,668,436,5004,2834,226,124,1390,734,488,290,1805,1064,228,113,779,413,5,2,0.0,0.7142857142857143,992
Jimmy Robertson,Andrew Norman,9,1308,1138,0.7431353377857283,0.6046790847140093,320,170,2149,1101,316,149,2363,1150,316,169,901,466,101,38,423,192,5,0,0.0,1.0,992
Dechawat Poomjaeng,Zak Surety,9,1316,1111,0.7841272219045134,0.6253923497205511,166,93,1186,607,69,33,390,190,337,180,1030,539,93,40,304,151,5,3,0.0,0.625,992
Joe Perry,Scott Donaldson,9,1462,1262,0.7785260616735107,0.6224593312018546,801,468,5895,3158,127,69,824,416,416,236,1407,790,281,142,814,411,5,0,0.0,1.0,992
Tian Pengfei,Michael Wasley,9,1357,1324,0.5506132837092798,0.5206133097144486,254,144,1690,903,223,115,1415,707,259,144,823,431,296,151,813,410,5,4,0.0,0.5555555555555556,992
Jamie O'Neill,Yu Delu,9,1212,1313,0.3486771022852981,0.43720825986135486,262,135,1669,863,179,93,1232,634,118,58,454,213,239,120,874,460,5,3,0.0,0.625,992
Fergal O'Brien,Lee Page,9,1371,1105,0.8453183804092873,0.660382673079216,718,413,5594,2959,199,98,1199,594,271,149,816,427,148,55,350,148,5,0,0.0,1.0,992
Shaun Murphy,Michael Leslie,9,1612,1112,0.9693571928858792,0.7772998611746911,754,492,5691,3231,93,27,593,240,517,319,1645,940,180,79,460,179,5,0,0.0,1.0,992
David Morris,Rory McLeod,9,1292,1297,0.4923100709602251,0.4968750406894683,210,110,1575,800,449,248,3458,1816,158,75,566,301,217,108,778,398,5,2,0.0,0.7142857142857143,992
Aditya Mehta,Li Yan,9,1319,1177,0.7074939022446493,0.5878295384825115,207,105,1443,723,123,55,850,413,223,119,888,459,128,60,566,259,5,0,0.0,1.0,992
Alan McManus,Jak Jones,9,1441,1098,0.9037896404126933,0.702138068199835,798,477,6812,3609,120,49,746,335,390,218,1048,568,135,52,311,127,5,1,0.0,0.8333333333333334,992
Anthony McGill,Chris Norbury,9,1375,1105,0.8488646678121341,0.6626218371700825,292,175,1817,1001,237,113,1458,719,305,164,937,504,113,35,397,171,5,0,0.0,1.0,992
Stephen Maguire,Stuart Carrington,9,1525,1296,0.8097901791567259,0.6393398367530659,708,474,5306,3028,207,112,1266,674,439,273,1583,929,213,106,545,275,5,1,0.0,0.8333333333333334,992
Kurt Maflin,Robbie Williams,9,1307,1265,0.5643041587484351,0.5262259093720687,390,229,2607,1414,251,140,1545,797,254,124,956,512,269,132,799,408,5,1,0.0,0.8333333333333334,992
Jack Lisowski,Khalid Belaied Abumdas,9,1336,976,0.9140492170600234,0.7109495026250039,277,168,1782,975,4,0,29,5,255,133,867,449,29,5,29,5,5,0,0.0,1.0,992
Peter Lines,Martin O'Donnell,9,1225,1225,0.5,0.5,656,360,4868,2541,206,97,1226,611,194,86,727,348,193,108,573,284,5,4,0.0,0.5555555555555556,992
Rod Lawler,Mitchell Travis,9,1313,1169,0.7101180862128782,0.5890404340586651,691,384,5398,2824,103,52,599,292,268,142,985,528,146,77,380,193,5,1,0.0,0.8333333333333334,992
Mark King,Alex Borg,9,1337,1134,0.7818971725171479,0.6242202334972642,744,411,5602,2924,308,133,2257,1036,277,142,970,502,197,84,297,120,5,3,0.0,0.625,992
Ding Junhui,Kyren Wilson,9,1548,1324,0.8046121832928468,0.6364525402815664,556,371,4094,2339,232,136,1480,804,348,216,1459,873,233,120,624,341,5,2,0.0,0.7142857142857143,992
Mark Joyce,Sydney Wilson,9,1279,1135,0.7101180862128782,0.5890404340586651,341,182,2450,1240,120,47,683,319,258,126,902,458,172,83,393,203,5,2,0.0,0.7142857142857143,992
Michael Holt,Lyu Haotian,9,1347,1123,0.8046121832928468,0.6364525402815664,605,356,4534,2415,60,22,419,181,349,184,1030,548,159,62,419,181,5,3,0.0,0.625,992
Andrew Higginson,Sam Baird,9,1342,1311,0.5475616243336275,0.519365308229932,572,347,4113,2270,223,120,1524,790,251,137,973,508,267,139,856,448,5,3,0.0,0.625,992
John Higgins,Joe Swail,9,1482,1332,0.717920276657251,0.5926665999540697,1136,805,9323,5501,726,397,5786,3028,400,228,1276,741,292,159,742,388,5,3,0.0,0.625,992
Barry Hawkins,Chen Zhe,9,1511,1179,0.8966632246585242,0.6963549298238342,704,435,5103,2836,149,76,915,460,468,268,1634,931,141,68,569,267,5,1,0.0,0.8333333333333334,992
Dave Harold,Alexander Ursenbacher,9,1210,1060,0.717920276657251,0.5926665999540697,684,382,5334,2797,41,13,248,98,101,37,640,315,130,45,230,90,5,4,0.0,0.5555555555555556,992
Li Hang,Matthew Selt,9,1334,1458,0.3166299042169886,0.42311473886795364,140,68,987,501,367,197,2569,1334,261,141,576,297,359,221,850,451,5,2,0.0,0.7142857142857143,992
Anthony Hamilton,Ross Muir,9,1361,1126,0.8158857377686465,0.6427913242407762,712,419,5606,3014,66,26,407,182,212,107,792,413,190,81,397,177,5,3,0.0,0.625,992
Xiao Guodong,Robin Hull,9,1399,1338,0.5929224766392899,0.5380512843858591,280,163,1922,1058,432,264,3347,1851,287,165,980,539,170,88,290,139,5,4,0.0,0.5555555555555556,992
Gerard Greene,Shane Castle,9,1218,1060,0.7281552136873749,0.5974857658270161,613,335,4648,2442,56,24,334,154,197,95,665,314,74,28,250,117,5,3,0.0,0.625,992
David Gilbert,Zhang Anda,9,1337,1282,0.5839333304620451,0.5343209436693046,368,205,2833,1497,192,92,1325,661,236,119,916,490,194,104,694,341,5,2,0.0,0.7142857142857143,992
Marco Fu,Adam Duffy,9,1490,1191,0.8728763053804336,0.6786337178522214,662,395,4995,2711,224,114,1398,713,411,235,1392,792,181,95,629,298,5,2,0.0,0.7142857142857143,992
Tom Ford,Adam Wicheard,9,1351,1197,0.7230620724576832,0.595078473866134,439,250,3223,1715,182,88,1074,542,228,120,929,475,42,16,368,195,5,1,0.0,0.8333333333333334,992
Peter Ebdon,Duane Jones,9,1368,1274,0.6413253712613813,0.5584811124381613,895,517,7305,3927,89,54,499,293,287,164,1018,521,84,52,352,210,5,3,0.0,0.625,992
Mike Dunn,Christopher Keogan,9,1313,1085,0.8087617227954655,0.6387631751488418,584,311,4349,2241,70,26,389,177,270,144,723,360,135,71,340,158,5,0,0.0,1.0,992
Graeme Dott,Andrew Pagett,9,1430,1143,0.8633002845321215,0.6720562626502714,676,398,5348,2862,232,105,1526,738,398,230,1175,652,182,71,500,220,5,0,0.0,1.0,992
Ken Doherty,David Grace,9,1333,1189,0.7101180862128782,0.5890404340586651,1012,628,8392,4644,219,100,1421,686,269,142,973,515,165,69,683,324,5,2,0.0,0.7142857142857143,992
Ryan Day,Tony Drago,9,1375,1226,0.7166273169339222,0.5920629281648192,637,386,4653,2560,698,347,5762,2862,392,218,1209,641,130,58,639,300,5,0,0.0,1.0,992
Paul Davison,Jamie Jones,9,1209,1355,0.2872693867047188,0.40974974806981657,573,309,4066,2094,361,218,2391,1305,207,107,828,413,306,168,940,498,5,3,0.0,0.625,992
Steve Davis,Dylan Mitchell,9,1242,957,0.8616551521813485,0.6709533329057776,1362,889,11589,6618,18,6,104,37,87,36,660,320,21,4,104,37,5,0,0.0,1.0,992
Mark Davis,Barry Pinches,9,1351,1253,0.6470512524887283,0.5609454503247162,818,493,6102,3320,677,357,5353,2793,371,206,1523,846,245,124,684,318,5,0,0.0,1.0,992
Dominic Dale,Thanawat Thirapongpaiboon,9,1432,1181,0.8315084197134864,0.6519223788927313,713,412,5372,2873,144,66,1001,477,371,216,1176,628,98,34,655,311,5,4,0.0,0.5555555555555556,992
Lyu Chuang,Antony Parsons,9,1199,1086,0.6682039188696021,0.5701590253818352,221,106,1601,789,74,33,450,215,91,32,667,318,32,13,103,47,5,1,0.0,0.8333333333333334,992
Ali Carter,Elliot Slessor,9,1517,1149,0.9185703259642153,0.7150421057009898,699,420,5074,2790,68,27,410,183,143,76,1008,570,148,60,390,173,5,3,0.0,0.625,992
Marcus Campbell,John Astley,9,1168,1144,0.5368587710437642,0.51499550161941,659,358,4906,2513,117,55,713,333,136,52,848,393,155,60,482,221,5,1,0.0,0.8333333333333334,992
Jamie Burnett,Ryan Clark,9,1304,930,0.9218360159129211,0.7180885751833498,583,339,4634,2466,40,7,230,69,203,110,754,384,71,16,186,60,5,3,0.0,0.625,992
Luca Brecel,James Wattana,9,1279,1194,0.6283212305936767,0.5529259881329059,160,80,1115,569,737,414,6282,3341,255,136,858,448,143,65,683,321,5,3,0.0,0.625,992
Stuart Bingham,Hammad Miah,9,1511,1039,0.9618033812760566,0.7649478037637647,803,507,5995,3411,46,15,296,117,499,313,1606,933,121,39,278,111,5,1,0.0,0.8333333333333334,992
Mark Allen,Craig Steadman,9,1528,1327,0.7796532292456051,0.6230466603666162,544,347,3688,2067,332,191,2179,1171,384,222,1328,794,320,176,754,380,5,3,0.0,0.625,992
Gary Wilson,Daniel Wells,9,1274,1132,0.7074939022446493,0.5878295384825115,274,163,1739,957,242,117,1615,796,205,96,689,380,190,89,661,298,5,1,0.0,0.8333333333333334,992
Mark Williams,David Morris,9,1457,1292,0.7369488869894564,0.6016871801828567,1077,704,8555,4888,210,110,1575,800,405,237,1282,729,158,75,566,301,5,1,0.0,0.8333333333333334,992
Liang Wenbo,Cao Yupeng,9,1428,1273,0.7243399491478313,0.5956807306078472,398,234,2716,1491,152,79,1112,567,341,187,1078,607,197,102,948,496,5,3,0.0,0.625,992
Joel Walker,Aditya Mehta,9,1278,1319,0.43721337891955414,0.47439741167538224,123,58,784,382,207,105,1443,723,225,115,623,303,223,119,888,459,5,4,0.0,0.5555555555555556,992
Judd Trump,Noppon Saengkham,9,1543,1278,0.8444228547259001,0.6598217549720575,576,382,3986,2311,99,44,689,320,542,334,1764,1037,278,141,519,262,5,1,0.0,0.8333333333333334,992
Matthew Stevens,Fergal O'Brien,9,1306,1371,0.4011128900397446,0.4594641607262107,796,476,6315,3457,718,413,5594,2959,229,117,1142,575,271,149,816,427,5,1,0.0,0.8333333333333334,992
Mark Selby,Jimmy Robertson,9,1618,1308,0.8812152445871373,0.6846015003234307,788,536,5757,3325,320,170,2149,1101,443,272,1870,1137,316,169,901,466,5,1,0.0,0.8333333333333334,992
Neil Robertson,Lyu Chuang,9,1561,1199,0.9151975845350849,0.7119759194127935,668,436,5004,2834,221,106,1601,789,488,290,1805,1064,91,32,667,318,5,1,0.0,0.8333333333333334,992
Dechawat Poomjaeng,Ali Carter,9,1316,1517,0.22034677075439496,0.37695333963338384,166,93,1186,607,699,420,5074,2790,337,180,1030,539,143,76,1008,570,5,4,0.0,0.5555555555555556,992
Joe Perry,Luca Brecel,9,1462,1279,0.7588407806226307,0.6124209393479161,801,468,5895,3158,160,80,1115,569,416,236,1407,790,255,136,858,448,5,2,0.0,0.7142857142857143,992
Tian Pengfei,Andrew Higginson,9,1357,1342,0.5230577783295167,0.5093739015216607,254,144,1690,903,572,347,4113,2270,259,144,823,431,251,137,973,508,5,3,0.0,0.625,992
Shaun Murphy,Ken Doherty,9,1612,1333,0.8566349080562111,0.6676332571171155,754,492,5691,3231,1012,628,8392,4644,517,319,1645,940,269,142,973,515,5,1,0.0,0.8333333333333334,992
Alan McManus,Peter Ebdon,9,1441,1368,0.6107426198208319,0.5454987872127821,798,477,6812,3609,895,517,7305,3927,390,218,1048,568,287,164,1018,521,5,2,0.0,0.7142857142857143,992
Anthony McGill,Mark Allen,9,1375,1528,0.27821884530484675,0.4055240692517599,292,175,1817,1001,544,347,3688,2067,305,164,937,504,384,222,1328,794,5,3,0.0,0.625,992
Stephen Maguire,Mark Joyce,9,1525,1279,0.8267252595018073,0.6490805242445733,708,474,5306,3028,341,182,2450,1240,439,273,1583,929,258,126,902,458,5,1,0.0,0.8333333333333334,992
Kurt Maflin,Tom Ford,9,1307,1351,0.432663772804632,0.47252769565540637,390,229,2607,1414,439,250,3223,1715,254,124,956,512,228,120,929,475,5,2,0.0,0.7142857142857143,992
Jack Lisowski,Thepchaiya Un-Nooh,9,1336,1353,0.4738722035413677,0.4893765989950364,277,168,1782,975,169,94,1212,641,255,133,867,449,279,156,821,432,5,0,0.0,1.0,992
Peter Lines,Stuart Bingham,9,1225,1511,0.13752051822039713,0.3284949657745942,656,360,4868,2541,803,507,5995,3411,194,86,727,348,499,313,1606,933,5,3,0.0,0.625,992
Rod Lawler,Marcus Campbell,9,1313,1168,0.7114258135090068,0.5896454785627312,691,384,5398,2824,659,358,4906,2513,268,142,985,528,136,52,848,393,5,1,0.0,0.8333333333333334,992
Mark King,Dave Harold,9,1337,1210,0.6874521458116047,0.578714862460134,744,411,5602,2924,684,382,5334,2797,277,142,970,502,101,37,640,315,5,4,0.0,0.5555555555555556,992
Ding Junhui,Mike Dunn,9,1548,1313,0.8158857377686465,0.6427913242407762,556,371,4094,2339,584,311,4349,2241,348,216,1459,873,270,144,723,360,5,1,0.0,0.8333333333333334,992
Michael Holt,Jamie O'Neill,9,1347,1212,0.6982190316058211,0.5835831155172753,605,356,4534,2415,262,135,1669,863,349,184,1030,548,118,58,454,213,5,0,0.0,1.0,992
John Higgins,Gerard Greene,9,1482,1218,0.843523743777612,0.6592603884513855,1136,805,9323,5501,613,335,4648,2442,400,228,1276,741,197,95,665,314,5,2,0.0,0.7142857142857143,992
Barry Hawkins,Li Hang,9,1511,1334,0.7516609934098428,0.6088545692109504,704,435,5103,2836,140,68,987,501,468,268,1634,931,261,141,576,297,5,3,0.0,0.625,992
Anthony Hamilton,Michael White,9,1361,1401,0.4387318882192537,0.47502081252106,712,419,5606,3014,271,153,1938,1037,212,107,792,413,338,188,1020,557,5,2,0.0,0.7142857142857143,992
Xiao Guodong,Jimmy White,9,1399,1227,0.7455874700303385,0.6058736684317606,280,163,1922,1058,1346,766,11669,6168,287,165,980,539,243,117,859,405,5,1,0.0,0.8333333333333334,992
Graeme Dott,Ben Woollaston,9,1430,1343,0.6312250106267252,0.5541616527636486,676,398,5348,2862,388,222,2553,1371,398,230,1175,652,265,138,1007,552,5,1,0.0,0.8333333333333334,992
Paul Davison,Marco Fu,9,1209,1490,0.14167750801176168,0.33125817889780795,573,309,4066,2094,662,395,4995,2711,207,107,828,413,411,235,1392,792,5,2,0.0,0.7142857142857143,992
Mark Davis,David Gilbert,9,1351,1337,0.5215222176025543,0.5087491068802403,818,493,6102,3320,368,205,2833,1497,371,206,1523,846,236,119,916,490,5,3,0.0,0.625,992
Dominic Dale,Steve Davis,9,1432,1242,0.7670653449627305,0.6165665045213193,713,412,5372,2873,1362,889,11589,6618,371,216,1176,628,87,36,660,320,5,2,0.0,0.7142857142857143,992
Jamie Burnett,Ratchayothin Yotharuck,9,1304,1036,0.8470986832394694,0.6615031592029524,583,339,4634,2466,38,7,251,90,203,110,754,384,130,44,251,90,5,2,0.0,0.7142857142857143,992
Liang Wenbo,Stephen Maguire,9,1428,1525,0.35437700298719044,0.4396703573114467,398,234,2716,1491,708,474,5306,3028,341,187,1078,607,439,273,1583,929,5,3,0.0,0.625,992
Judd Trump,Mark King,9,1543,1337,0.7852370226068368,0.6259778577666038,576,382,3986,2311,744,411,5602,2924,542,334,1764,1037,277,142,970,502,5,0,0.0,1.0,992
Joe Perry,Anthony McGill,9,1462,1375,0.6312250106267252,0.5541616527636486,801,468,5895,3158,292,175,1817,1001,416,236,1407,790,305,164,937,504,5,0,0.0,1.0,992
Tian Pengfei,Neil Robertson,9,1357,1561,0.21698606326436728,0.3751935255315707,254,144,1690,903,668,436,5004,2834,259,144,823,431,488,290,1805,1064,5,1,0.0,0.8333333333333334,992
Shaun Murphy,Matthew Stevens,9,1612,1306,0.8782310515028146,0.6824383021930648,754,492,5691,3231,796,476,6315,3457,517,319,1645,940,229,117,1142,575,5,4,0.0,0.5555555555555556,992
Alan McManus,Jack Lisowski,9,1441,1336,0.6569871207564459,0.5652507475670999,798,477,6812,3609,277,168,1782,975,390,218,1048,568,255,133,867,449,5,2,0.0,0.7142857142857143,992
Kurt Maflin,Mark Selby,9,1307,1618,0.11804725006516939,0.31485894324970715,390,229,2607,1414,788,536,5757,3325,254,124,956,512,443,272,1870,1137,5,3,0.0,0.625,992
Rod Lawler,Paul Davison,9,1313,1209,0.6555744737095885,0.5646362918030292,691,384,5398,2824,573,309,4066,2094,268,142,985,528,207,107,828,413,5,4,0.0,0.5555555555555556,992
Ding Junhui,Mark Williams,9,1548,1457,0.6370088546286576,0.5566309599222533,556,371,4094,2339,1077,704,8555,4888,348,216,1459,873,405,237,1282,729,5,1,0.0,0.8333333333333334,992
Michael Holt,Gary Wilson,9,1347,1274,0.6107426198208319,0.5454987872127821,605,356,4534,2415,274,163,1739,957,349,184,1030,548,205,96,689,380,5,2,0.0,0.7142857142857143,992
Anthony Hamilton,Peter Lines,9,1361,1225,0.699552494810083,0.5841905229354074,712,419,5606,3014,656,360,4868,2541,212,107,792,413,194,86,727,348,5,1,0.0,0.8333333333333334,992
Xiao Guodong,Dechawat Poomjaeng,9,1399,1316,0.6254097561604477,0.5516896693427,280,163,1922,1058,166,93,1186,607,287,165,980,539,337,180,1030,539,5,4,0.0,0.5555555555555556,992
Ryan Day,Barry Hawkins,9,1375,1511,0.3004475051899173,0.4158094770645927,637,386,4653,2560,704,435,5103,2836,392,218,1209,641,468,268,1634,931,5,4,0.0,0.5555555555555556,992
Mark Davis,Graeme Dott,9,1351,1430,0.3804356342372483,0.45078487089866653,818,493,6102,3320,676,398,5348,2862,371,206,1523,846,398,230,1175,652,5,1,0.0,0.8333333333333334,992
Dominic Dale,John Higgins,9,1432,1482,0.4235932693384231,0.46879062662624377,713,412,5372,2873,1136,805,9323,5501,371,216,1176,628,400,228,1276,741,5,3,0.0,0.625,992
Jamie Burnett,Joel Walker,9,1304,1278,0.5399199537054243,0.5162442810620724,583,339,4634,2466,123,58,784,382,203,110,754,384,225,115,623,303,5,2,0.0,0.7142857142857143,992
Judd Trump,Shaun Murphy,9,1543,1612,0.39517238532458393,0.4569816192756902,576,382,3986,2311,754,492,5691,3231,542,334,1764,1037,517,319,1645,940,5,2,0.0,0.7142857142857143,992
Joe Perry,Kurt Maflin,9,1462,1307,0.7243399491478313,0.5956807306078472,801,468,5895,3158,390,229,2607,1414,416,236,1407,790,254,124,956,512,5,1,0.0,0.8333333333333334,992
Rod Lawler,Tian Pengfei,9,1313,1357,0.432663772804632,0.47252769565540637,691,384,5398,2824,254,144,1690,903,268,142,985,528,259,144,823,431,5,4,0.0,0.5555555555555556,992
Ding Junhui,Dominic Dale,9,1548,1432,0.6723703942210427,0.5719961329315186,556,371,4094,2339,713,412,5372,2873,348,216,1459,873,371,216,1176,628,5,3,0.0,0.625,992
Michael Holt,Alan McManus,9,1347,1441,0.35867462873861855,0.44151888756183866,605,356,4534,2415,798,477,6812,3609,349,184,1030,548,390,218,1048,568,5,2,0.0,0.7142857142857143,992
Xiao Guodong,Jamie Burnett,9,1399,1304,0.6427600375415892,0.559097471902393,280,163,1922,1058,583,339,4634,2466,287,165,980,539,203,110,754,384,5,1,0.0,0.8333333333333334,992
Ryan Day,Anthony Hamilton,9,1375,1361,0.5215222176025543,0.5087491068802403,637,386,4653,2560,712,419,5606,3014,392,218,1209,641,212,107,792,413,5,3,0.0,0.625,992
Mark Davis,Liang Wenbo,9,1351,1428,0.3833692257939145,0.4520230623632036,818,493,6102,3320,398,234,2716,1491,371,206,1523,846,341,187,1078,607,5,2,0.0,0.7142857142857143,992
Judd Trump,Michael Holt,9,1543,1347,0.773982891815793,0.6201064323430902,576,382,3986,2311,605,356,4534,2415,542,334,1764,1037,349,184,1030,548,5,0,0.0,1.0,992
Rod Lawler,Mark Davis,9,1313,1351,0.44177172943154325,0.4762678458734389,691,384,5398,2824,818,493,6102,3320,268,142,985,528,371,206,1523,846,5,4,0.0,0.5555555555555556,992
Ding Junhui,Joe Perry,9,1548,1462,0.6297740923567853,0.5535439031511183,556,371,4094,2339,801,468,5895,3158,348,216,1459,873,416,236,1407,790,5,2,0.0,0.7142857142857143,992
Ryan Day,Xiao Guodong,9,1375,1399,0.46314122895623555,0.4850044983805899,637,386,4653,2560,280,163,1922,1058,392,218,1209,641,287,165,980,539,5,2,0.0,0.7142857142857143,992
Judd Trump,Rod Lawler,11,1543,1313,0.8337185633337647,0.6399160967377341,576,382,3986,2311,691,384,5398,2824,542,334,1764,1037,268,142,985,528,6,1,0.0,0.8571428571428571,992
Ding Junhui,Ryan Day,11,1548,1375,0.7675848172598367,0.6064704870683034,556,371,4094,2339,637,386,4653,2560,348,216,1459,873,392,218,1209,641,6,5,0.0,0.5454545454545454,992
Ding Junhui,Judd Trump,17,1548,1543,0.5104314977336376,0.5031249593105316,556,371,4094,2339,576,382,3986,2311,348,216,1459,873,542,334,1764,1037,9,5,0.0,0.6428571428571429,992
Cao Yupeng,Mark Selby,1,1278,1614,0.30153478399746125,0.30153478399746125,154,80,1128,575,791,538,5777,3338,213,110,964,504,463,285,1890,1150,1,0,0.0,1.0,1022
Ben Woollaston,Luca Brecel,1,1337,1279,0.5361866202317948,0.5361866202317948,390,223,2567,1377,162,81,1130,576,279,144,1021,558,270,143,873,455,1,0,0.0,1.0,1022
Robbie Williams,Jack Lisowski,1,1250,1360,0.4316800165217519,0.4316800165217519,252,140,1551,798,280,170,1799,987,275,133,805,409,272,145,884,461,1,0,0.0,1.0,1022
Michael White,Barry Pinches,1,1388,1235,0.5944759307482401,0.5944759307482401,273,154,1953,1044,678,357,5358,2793,353,195,1035,564,250,124,689,318,1,0,0.0,1.0,1022
Thepchaiya Un-Nooh,Ian Burns,1,1351,1309,0.5262259093720687,0.5262259093720687,171,95,1226,646,227,124,1397,736,293,161,835,437,235,115,786,415,1,0,0.0,1.0,1022
Matthew Stevens,Adam Duffy,1,1341,1189,0.5938731029341427,0.5938731029341427,799,478,6337,3471,225,114,1405,715,251,131,1164,589,188,97,636,300,1,0,0.0,1.0,1022
Matthew Selt,John Higgins,1,1442,1477,0.47813894602839846,0.47813894602839846,368,197,2576,1336,1139,807,9346,5514,366,223,857,453,423,241,1299,754,1,0,0.0,1.0,1022
Jimmy Robertson,Jimmy White,1,1317,1214,0.5640216374262577,0.5640216374262577,322,171,2160,1107,1348,767,11684,6174,327,175,912,472,258,123,874,411,1,0,0.0,1.0,1022
Shaun Murphy,Robert Milkins,1,1606,1377,0.6393398367530659,0.6393398367530659,758,495,5718,3248,649,401,4892,2684,544,336,1672,957,400,218,1334,746,1,0,0.0,1.0,1022
Alan McManus,Ken Doherty,1,1450,1332,0.5732197726798348,0.5732197726798348,802,480,6839,3626,1014,629,8405,4650,417,235,1075,585,282,148,986,521,1,0,0.0,1.0,1022
Rory McLeod,Peter Ebdon,1,1285,1363,0.4514038914168657,0.4514038914168657,450,248,3465,1818,897,518,7320,3934,224,110,785,400,302,171,1033,528,1,0,0.0,1.0,1022
Kurt Maflin,Marcus Campbell,1,1342,1171,0.6052765337748445,0.6052765337748445,394,232,2634,1430,661,359,4918,2519,281,140,983,528,148,58,860,399,1,0,0.0,1.0,1022
Mark King,Mark Joyce,1,1320,1277,0.5268491486891144,0.5268491486891144,747,413,5624,2934,343,183,2463,1246,299,152,992,512,271,132,915,464,1,0,0.0,1.0,1022
Michael Holt,Peter Lines,1,1373,1236,0.584797674717737,0.584797674717737,610,360,4566,2435,659,362,4891,2552,381,204,1062,568,217,97,750,359,1,0,0.0,1.0,1022
Liam Highfield,Stephen Maguire,1,1315,1530,0.36876933738359946,0.36876933738359946,242,134,1630,864,711,476,5326,3041,247,139,790,411,459,286,1603,942,1,0,0.0,1.0,1022
Andrew Higginson,Tian Pengfei,1,1341,1384,0.4731508513108857,0.4731508513108857,574,348,4129,2278,258,147,1722,922,267,145,989,516,291,163,855,450,1,0,0.0,1.0,1022
Barry Hawkins,Rod Lawler,1,1509,1338,0.6052765337748445,0.6052765337748445,707,437,5126,2850,697,389,5444,2850,491,282,1657,945,314,168,1031,554,1,0,0.0,1.0,1022
Xiao Guodong,Gerard Greene,1,1411,1217,0.6189278548001903,0.6189278548001903,285,167,1959,1080,615,336,4663,2449,324,187,1017,561,212,102,680,321,1,0,0.0,1.0,1022
David Gilbert,Anthony McGill,1,1340,1384,0.47252769565540637,0.47252769565540637,370,206,2848,1505,295,177,1835,1011,251,127,931,498,323,174,955,514,1,0,0.0,1.0,1022
Tom Ford,Mike Dunn,1,1349,1318,0.519365308229932,0.519365308229932,441,251,3236,1722,586,312,4360,2247,241,127,942,482,281,150,734,366,1,0,0.0,1.0,1022
Graeme Dott,Aditya Mehta,1,1438,1329,0.5677065480733601,0.5677065480733601,679,400,5365,2873,209,106,1457,732,415,241,1192,663,237,128,902,468,1,0,0.0,1.0,1022
Ryan Day,Steve Davis,1,1426,1249,0.6088545692109504,0.6088545692109504,642,390,4693,2585,1364,890,11601,6625,432,243,1249,666,99,43,672,327,1,0,0.0,1.0,1022
Mark Davis,Ricky Walden,1,1400,1486,0.4464560968488817,0.4464560968488817,823,497,6137,3344,597,370,4373,2438,406,230,1558,870,488,292,1475,824,1,0,0.0,1.0,1022
Dominic Dale,Fergal O'Brien,1,1438,1367,0.5442588584178731,0.5442588584178731,717,415,5404,2891,720,414,5605,2965,403,234,1208,646,282,155,827,433,1,0,0.0,1.0,1022
Jamie Cope,Dave Harold,1,1287,1209,0.5485961085831343,0.5485961085831343,479,260,3252,1668,686,383,5352,2806,237,127,833,407,119,46,658,324,1,0,0.0,1.0,1022
Ali Carter,Anthony Hamilton,1,1498,1378,0.574442516811659,0.574442516811659,701,421,5091,2799,716,422,5635,3032,160,85,1025,579,241,125,821,431,1,0,0.0,1.0,1022
Jamie Burnett,Dechawat Poomjaeng,1,1301,1329,0.48250714233361025,0.48250714233361025,587,342,4662,2482,169,95,1212,621,231,126,782,400,363,194,1056,553,1,0,0.0,1.0,1022
Alfie Burden,Paul Davison,1,1285,1244,0.5256025883246178,0.5256025883246178,550,298,4086,2116,576,311,4090,2108,208,105,865,437,231,121,852,427,1,0,0.0,1.0,1022
Nigel Bond,Jamie Jones,1,1274,1341,0.4582226307163632,0.4582226307163632,766,430,6177,3280,362,218,2399,1308,206,104,745,376,314,171,948,501,1,0,0.0,1.0,1022
Stuart Bingham,Joe Perry,1,1495,1502,0.4956251116502266,0.4956251116502266,805,508,6009,3419,806,472,5925,3180,513,321,1620,941,446,258,1437,812,1,0,0.0,1.0,1022
Zhang Anda,Martin Gould,1,1272,1428,0.40371730070321216,0.40371730070321216,193,92,1332,663,477,285,3263,1774,201,106,701,343,316,182,1172,625,1,0,0.0,1.0,1022
Mark Allen,Mark Williams,1,1514,1464,0.5312093733737563,0.5312093733737563,546,348,3704,2075,1080,706,8573,4899,400,230,1344,802,423,248,1300,740,1,0,0.0,1.0,1022
Thepchaiya Un-Nooh,Michael Holt,1,1351,1373,0.486253465097645,0.486253465097645,171,95,1226,646,610,360,4566,2435,293,161,835,437,381,204,1062,568,1,0,0.0,1.0,1022
Matthew Stevens,Nigel Bond,1,1341,1274,0.5417773692836367,0.5417773692836367,799,478,6337,3471,766,430,6177,3280,251,131,1164,589,206,104,745,376,1,0,0.0,1.0,1022
Matthew Selt,Rory McLeod,1,1442,1285,0.596884378259767,0.596884378259767,368,197,2576,1336,450,248,3465,1818,366,223,857,453,224,110,785,400,1,0,0.0,1.0,1022
Alan McManus,Xiao Guodong,1,1450,1411,0.5243557087682073,0.5243557087682073,802,480,6839,3626,285,167,1959,1080,417,235,1075,585,324,187,1017,561,1,0,0.0,1.0,1022
Kurt Maflin,Cao Yupeng,1,1342,1278,0.5399148845555657,0.5399148845555657,394,232,2634,1430,154,80,1128,575,281,140,983,528,213,110,964,504,1,0,0.0,1.0,1022
Mark King,Jimmy Robertson,1,1320,1317,0.5018749912109869,0.5018749912109869,747,413,5624,2934,322,171,2160,1107,299,152,992,512,327,175,912,472,1,0,0.0,1.0,1022
Andrew Higginson,Liam Highfield,1,1341,1315,0.5162442810620724,0.5162442810620724,574,348,4129,2278,242,134,1630,864,267,145,989,516,247,139,790,411,1,0,0.0,1.0,1022
Graeme Dott,Tom Ford,1,1438,1349,0.5553966483205892,0.5553966483205892,679,400,5365,2873,441,251,3236,1722,415,241,1192,663,241,127,942,482,1,0,0.0,1.0,1022
Ryan Day,Michael White,1,1426,1388,0.523732154126561,0.523732154126561,642,390,4693,2585,273,154,1953,1044,432,243,1249,666,353,195,1035,564,1,0,0.0,1.0,1022
Mark Davis,David Gilbert,1,1400,1340,0.5374298453437496,0.5374298453437496,823,497,6137,3344,370,206,2848,1505,406,230,1558,870,251,127,931,498,1,0,0.0,1.0,1022
Dominic Dale,Barry Hawkins,1,1438,1509,0.4557411415821268,0.4557411415821268,717,415,5404,2891,707,437,5126,2850,403,234,1208,646,491,282,1657,945,1,0,0.0,1.0,1022
Ali Carter,Jamie Cope,1,1498,1287,0.6288998381516232,0.6288998381516232,701,421,5091,2799,479,260,3252,1668,160,85,1025,579,237,127,833,407,1,0,0.0,1.0,1022
Jamie Burnett,Shaun Murphy,1,1301,1606,0.31810373541040654,0.31810373541040654,587,342,4662,2482,758,495,5718,3248,231,126,782,400,544,336,1672,957,1,0,0.0,1.0,1022
Alfie Burden,Ben Woollaston,1,1285,1337,0.4675456936126812,0.4675456936126812,550,298,4086,2116,390,223,2567,1377,208,105,865,437,279,144,1021,558,1,0,0.0,1.0,1022
Stuart Bingham,Zhang Anda,1,1495,1272,0.6358738914270539,0.6358738914270539,805,508,6009,3419,193,92,1332,663,513,321,1620,941,201,106,701,343,1,0,0.0,1.0,1022
Mark Allen,Robbie Williams,1,1514,1250,0.6592603884513855,0.6592603884513855,546,348,3704,2075,252,140,1551,798,400,230,1344,802,275,133,805,409,1,0,0.0,1.0,1022
Matthew Stevens,Alan McManus,1,1341,1450,0.43229345192664,0.43229345192664,799,478,6337,3471,802,480,6839,3626,251,131,1164,589,417,235,1075,585,1,0,0.0,1.0,1022
Kurt Maflin,Jamie Burnett,1,1342,1301,0.5256025883246178,0.5256025883246178,394,232,2634,1430,587,342,4662,2482,281,140,983,528,231,126,782,400,1,0,0.0,1.0,1022
Andrew Higginson,Alfie Burden,1,1341,1285,0.5349429451582145,0.5349429451582145,574,348,4129,2278,550,298,4086,2116,267,145,989,516,208,105,865,437,1,0,0.0,1.0,1022
Graeme Dott,Ali Carter,1,1438,1498,0.46257015465625045,0.46257015465625045,679,400,5365,2873,701,421,5091,2799,415,241,1192,663,160,85,1025,579,1,0,0.0,1.0,1022
Ryan Day,Mark King,1,1426,1320,0.5658650028954817,0.5658650028954817,642,390,4693,2585,747,413,5624,2934,432,243,1249,666,299,152,992,512,1,0,0.0,1.0,1022
Mark Davis,Thepchaiya Un-Nooh,1,1400,1351,0.530586760182081,0.530586760182081,823,497,6137,3344,171,95,1226,646,406,230,1558,870,293,161,835,437,1,0,0.0,1.0,1022
Dominic Dale,Mark Allen,1,1438,1514,0.45264238185691075,0.45264238185691075,717,415,5404,2891,546,348,3704,2075,403,234,1208,646,400,230,1344,802,1,0,0.0,1.0,1022
Stuart Bingham,Matthew Selt,1,1495,1442,0.5330766223661046,0.5330766223661046,805,508,6009,3419,368,197,2576,1336,513,321,1620,941,366,223,857,453,1,0,0.0,1.0,1022
Graeme Dott,Mark Davis,1,1438,1400,0.523732154126561,0.523732154126561,679,400,5365,2873,823,497,6137,3344,415,241,1192,663,406,230,1558,870,1,0,0.0,1.0,1022
Ryan Day,Kurt Maflin,1,1426,1342,0.5523079095743253,0.5523079095743253,642,390,4693,2585,394,232,2634,1430,432,243,1249,666,281,140,983,528,1,0,0.0,1.0,1022
Dominic Dale,Andrew Higginson,1,1438,1341,0.5603296426885532,0.5603296426885532,717,415,5404,2891,574,348,4129,2278,403,234,1208,646,267,145,989,516,1,0,0.0,1.0,1022
Stuart Bingham,Matthew Stevens,1,1495,1341,0.595078473866134,0.595078473866134,805,508,6009,3419,799,478,6337,3471,513,321,1620,941,251,131,1164,589,1,0,0.0,1.0,1022
Dominic Dale,Ryan Day,1,1438,1426,0.5074994375506203,0.5074994375506203,717,415,5404,2891,642,390,4693,2585,403,234,1208,646,432,243,1249,666,1,0,0.0,1.0,1022
Stuart Bingham,Graeme Dott,1,1495,1438,0.5355648379838539,0.5355648379838539,805,508,6009,3419,679,400,5365,2873,513,321,1620,941,415,241,1192,663,1,0,0.0,1.0,1022
Dominic Dale,Stuart Bingham,1,1438,1495,0.4644351620161461,0.4644351620161461,717,415,5404,2891,805,508,6009,3419,403,234,1208,646,513,321,1620,941,1,0,0.0,1.0,1022
Ricky Walden,Barry Hawkins,11,1482,1508,0.4561034833136905,0.48375571893792757,598,370,4374,2438,709,438,5128,2851,489,292,1476,824,493,283,1659,946,6,5,0.0,0.5454545454545454,1008
Mark Selby,Mark Davis,11,1608,1408,0.8006450896034027,0.6224593312018546,792,538,5778,3338,827,500,6141,3347,464,285,1891,1150,410,233,1562,873,6,5,0.0,0.5454545454545454,1008
Neil Robertson,Mark Allen,11,1549,1517,0.5539679003439111,0.5199893401555818,671,438,5023,2845,549,350,3707,2077,507,301,1824,1075,403,232,1347,804,6,5,0.0,0.5454545454545454,1008
Ronnie O'Sullivan,Robert Milkins,11,1693,1374,0.9092131038977679,0.6894394530607736,1035,785,9200,5585,650,401,4893,2684,357,232,960,617,401,218,1335,746,6,1,0.0,0.8571428571428571,1008
Shaun Murphy,Ding Junhui,11,1604,1599,0.5084588118089964,0.5031249593105316,760,496,5720,3249,563,378,4153,2379,546,337,1674,958,407,256,1518,913,6,4,0.0,0.6,1008
Stephen Maguire,Joe Perry,11,1525,1498,0.5455773097861221,0.5168685956913849,712,476,5327,3041,807,472,5926,3180,460,286,1604,942,447,258,1438,812,6,4,0.0,0.6,1008
John Higgins,Stuart Bingham,11,1473,1509,0.43933752904864576,0.4775151752081999,1140,807,9347,5514,811,513,6015,3424,424,241,1300,754,519,326,1626,946,6,2,0.0,0.75,1008
Marco Fu,Judd Trump,11,1471,1583,0.3176676739609489,0.43045377606077095,664,396,5009,2718,583,388,4038,2347,425,242,1406,799,594,370,1816,1073,6,5,0.0,0.5454545454545454,1008
Mark Selby,John Higgins,11,1608,1473,0.7160705162153687,0.5835831155172753,792,538,5778,3338,1140,807,9347,5514,464,285,1891,1150,424,241,1300,754,6,5,0.0,0.5454545454545454,1008
Ronnie O'Sullivan,Ricky Walden,11,1693,1482,0.8132249556059346,0.6288998381516232,1035,785,9200,5585,598,370,4374,2438,357,232,960,617,489,292,1476,824,6,0,0.0,1.0,1008
Shaun Murphy,Marco Fu,11,1604,1471,0.7132087530865945,0.5823675407280794,760,496,5720,3249,664,396,5009,2718,546,337,1674,958,425,242,1406,799,6,4,0.0,0.6,1008
Stephen Maguire,Neil Robertson,11,1525,1549,0.45946749628863376,0.4850044983805899,712,476,5327,3041,671,438,5023,2845,460,286,1604,942,507,301,1824,1075,6,2,0.0,0.75,1008
Mark Selby,Shaun Murphy,11,1608,1604,0.5067672397621659,0.5024999791668749,792,538,5778,3338,760,496,5720,3249,464,285,1891,1150,546,337,1674,958,6,1,0.0,0.8571428571428571,1008
Ronnie O'Sullivan,Stephen Maguire,11,1693,1525,0.7611302793413719,0.6034832498647263,1035,785,9200,5585,712,476,5327,3041,357,232,960,617,460,286,1604,942,6,2,0.0,0.75,1008
Ronnie O'Sullivan,Mark Selby,19,1693,1608,0.680404274354107,0.5529259881329059,1035,785,9200,5585,792,538,5778,3338,357,232,960,617,464,285,1891,1150,10,4,0.0,0.7142857142857143,1008
Ricky Walden,Robert Milkins,5,1469,1365,0.6198496125403973,0.5646362918030292,600,371,4391,2444,651,401,4900,2685,506,298,1493,830,408,219,1342,747,3,0,0.0,1.0,1005
Ricky Walden,Mark Davis,5,1469,1415,0.5629942332606505,0.5336988354329009,600,371,4391,2444,828,500,6152,3352,506,298,1493,830,421,238,1573,878,3,1,0.0,0.75,1005
Ricky Walden,Stuart Bingham,5,1469,1492,0.4730691350411855,0.4856289593029398,600,371,4391,2444,812,513,6023,3426,506,298,1493,830,527,328,1634,948,3,2,0.0,0.6,1005
Judd Trump,Ricky Walden,5,1573,1469,0.6198496125403973,0.5646362918030292,584,388,4049,2352,600,371,4391,2444,605,375,1827,1078,506,298,1493,830,3,0,0.0,1.0,1005
Judd Trump,Mark Davis,5,1573,1415,0.6782063706215722,0.5974857658270161,584,388,4049,2352,828,500,6152,3352,605,375,1827,1078,421,238,1573,878,3,0,0.0,1.0,1005
Judd Trump,Robert Milkins,5,1573,1365,0.7283237415042471,0.6271477663131956,584,388,4049,2352,651,401,4900,2685,605,375,1827,1078,408,219,1342,747,3,0,0.0,1.0,1005
Judd Trump,Stuart Bingham,5,1573,1492,0.5939586643462674,0.5504527113395278,584,388,4049,2352,812,513,6023,3426,605,375,1827,1078,527,328,1634,948,3,1,0.0,0.75,1005
Judd Trump,Shaun Murphy,5,1573,1593,0.47657713928723755,0.4875026035157896,584,388,4049,2352,763,498,5747,3262,605,375,1827,1078,573,350,1701,971,3,1,0.0,0.75,1005
Shaun Murphy,Ricky Walden,5,1593,1469,0.6419035087881938,0.5768852611320463,763,498,5747,3262,600,371,4391,2444,573,350,1701,971,506,298,1493,830,3,2,0.0,0.6,1005
Shaun Murphy,Stuart Bingham,5,1593,1492,0.6165024924157995,0.5627917401386452,763,498,5747,3262,812,513,6023,3426,573,350,1701,971,527,328,1634,948,3,2,0.0,0.6,1005
Robert Milkins,Shaun Murphy,5,1365,1593,0.252869933193157,0.36123682485115804,651,401,4900,2685,763,498,5747,3262,408,219,1342,747,573,350,1701,971,3,2,0.0,0.6,1005
Mark Davis,Stuart Bingham,5,1415,1492,0.41059388012402437,0.4520230623632036,828,500,6152,3352,812,513,6023,3426,421,238,1573,878,527,328,1634,948,3,1,0.0,0.75,1005
Mark Davis,Shaun Murphy,5,1415,1593,0.3012430521697029,0.3905502163716748,828,500,6152,3352,763,498,5747,3262,421,238,1573,878,573,350,1701,971,3,0,0.0,1.0,1005
Mark Davis,Ali Carter,5,1415,1500,0.4015025514114272,0.4470740118670941,828,500,6152,3352,704,423,5094,2801,421,238,1573,878,163,87,1028,581,3,1,0.0,0.75,1005
Mark Davis,Robert Milkins,5,1415,1365,0.5583657591830317,0.5312093733737563,828,500,6152,3352,651,401,4900,2685,421,238,1573,878,408,219,1342,747,3,1,0.0,0.75,1005
Ali Carter,Shaun Murphy,5,1500,1593,0.39246877605402186,0.4421354272792655,704,423,5094,2801,763,498,5747,3262,163,87,1028,581,573,350,1701,971,3,1,0.0,0.75,1005
Ali Carter,Ricky Walden,5,1500,1469,0.5362736578508261,0.519365308229932,704,423,5094,2801,600,371,4391,2444,163,87,1028,581,506,298,1493,830,3,2,0.0,0.6,1005
Ali Carter,Stuart Bingham,5,1500,1492,0.5093740625937418,0.5049998333399998,704,423,5094,2801,812,513,6023,3426,163,87,1028,581,527,328,1634,948,3,2,0.0,0.6,1005
Ali Carter,Robert Milkins,5,1500,1365,0.6538232022339039,0.5835831155172753,704,423,5094,2801,651,401,4900,2685,163,87,1028,581,408,219,1342,747,3,0,0.0,1.0,1005
Ali Carter,Judd Trump,5,1500,1573,0.4151595482861039,0.45450121278721795,704,423,5094,2801,584,388,4049,2352,163,87,1028,581,605,375,1827,1078,3,0,0.0,1.0,1005
Stuart Bingham,Robert Milkins,5,1492,1365,0.6451699005858763,0.578714862460134,812,513,6023,3426,651,401,4900,2685,527,328,1634,948,408,219,1342,747,3,1,0.0,0.75,1005
Ricky Walden,Ali Carter,5,1469,1500,0.46372634214917396,0.4806346917700681,600,371,4391,2444,704,423,5094,2801,506,298,1493,830,163,87,1028,581,3,1,0.0,0.75,1005
Judd Trump,Mark Davis,5,1573,1415,0.6782063706215722,0.5974857658270161,584,388,4049,2352,828,500,6152,3352,605,375,1827,1078,421,238,1573,878,3,0,0.0,1.0,1005
Ricky Walden,Judd Trump,5,1469,1573,0.38015038745960283,0.4353637081969708,600,371,4391,2444,584,388,4049,2352,506,298,1493,830,605,375,1827,1078,3,2,0.0,0.6,1005
Judd Trump,Shaun Murphy,5,1573,1593,0.47657713928723755,0.4875026035157896,584,388,4049,2352,763,498,5747,3262,605,375,1827,1078,573,350,1701,971,3,1,0.0,0.75,1005
Judd Trump,Neil Robertson,5,1573,1534,0.5455947662639803,0.5243557087682073,584,388,4049,2352,673,439,5042,2853,605,375,1827,1078,526,309,1843,1083,3,1,0.0,0.75,1005
Judd Trump,Barry Hawkins,5,1573,1503,0.5814079746991073,0.5436386872370789,584,388,4049,2352,710,438,5139,2856,605,375,1827,1078,504,288,1670,951,3,1,0.0,0.75,1005
Judd Trump,Mark Davis,5,1573,1415,0.6782063706215722,0.5974857658270161,584,388,4049,2352,828,500,6152,3352,605,375,1827,1078,421,238,1573,878,3,1,0.0,0.75,1005
Judd Trump,Ali Carter,5,1573,1500,0.5848404517138963,0.5454987872127821,584,388,4049,2352,704,423,5094,2801,605,375,1827,1078,163,87,1028,581,3,0,0.0,1.0,1005
Neil Robertson,Ali Carter,5,1534,1500,0.5397719120129171,0.5212372149662741,673,439,5042,2853,704,423,5094,2801,526,309,1843,1083,163,87,1028,581,3,1,0.0,0.75,1005
Neil Robertson,Joe Perry,5,1534,1491,0.5502454628672198,0.5268491486891144,673,439,5042,2853,808,472,5936,3184,526,309,1843,1083,457,262,1448,816,3,0,0.0,1.0,1005
Neil Robertson,Shaun Murphy,5,1534,1593,0.43123339947212014,0.46319171001101955,673,439,5042,2853,763,498,5747,3262,526,309,1843,1083,573,350,1701,971,3,2,0.0,0.6,1005
Neil Robertson,Barry Hawkins,5,1534,1503,0.5362736578508261,0.519365308229932,673,439,5042,2853,710,438,5139,2856,526,309,1843,1083,504,288,1670,951,3,1,0.0,0.75,1005
Joe Perry,Ali Carter,5,1491,1500,0.4894544596699453,0.4943752372926745,808,472,5936,3184,704,423,5094,2801,457,262,1448,816,163,87,1028,581,3,1,0.0,0.75,1005
Joe Perry,Shaun Murphy,5,1491,1593,0.3823807361284303,0.4365932137378064,808,472,5936,3184,763,498,5747,3262,457,262,1448,816,573,350,1701,971,3,1,0.0,0.75,1005
Joe Perry,Mark Davis,5,1491,1415,0.5882659081741528,0.5473576181430894,808,472,5936,3184,828,500,6152,3352,457,262,1448,816,421,238,1573,878,3,2,0.0,0.6,1005
Joe Perry,Barry Hawkins,5,1491,1503,0.48594066335072617,0.4925005624493796,808,472,5936,3184,710,438,5139,2856,457,262,1448,816,504,288,1670,951,3,1,0.0,0.75,1005
Joe Perry,Judd Trump,5,1491,1573,0.4049053248517203,0.448928730692658,808,472,5936,3184,584,388,4049,2352,457,262,1448,816,605,375,1827,1078,3,1,0.0,0.75,1005
Shaun Murphy,Ali Carter,5,1593,1500,0.6075312239459781,0.5578645727207344,763,498,5747,3262,704,423,5094,2801,573,350,1701,971,163,87,1028,581,3,0,0.0,1.0,1005
Shaun Murphy,Barry Hawkins,5,1593,1503,0.6041506196887392,0.5560138905446199,763,498,5747,3262,710,438,5139,2856,573,350,1701,971,504,288,1670,951,3,0,0.0,1.0,1005
Shaun Murphy,Mark Davis,5,1593,1415,0.6987569478302973,0.6094497836283252,763,498,5747,3262,828,500,6152,3352,573,350,1701,971,421,238,1573,878,3,2,0.0,0.6,1005
Mark Davis,Neil Robertson,5,1415,1534,0.3635655201661674,0.42616874240839064,828,500,6152,3352,673,439,5042,2853,421,238,1573,878,526,309,1843,1083,3,0,0.0,1.0,1005
Mark Davis,Barry Hawkins,5,1415,1503,0.3981078725345865,0.4452207648927852,828,500,6152,3352,710,438,5139,2856,421,238,1573,878,504,288,1670,951,3,0,0.0,1.0,1005
Ali Carter,Barry Hawkins,5,1500,1503,0.49648442443778124,0.498125008789013,704,423,5094,2801,710,438,5139,2856,163,87,1028,581,504,288,1670,951,3,1,0.0,0.75,1005
Ali Carter,Mark Davis,5,1500,1415,0.5984974485885728,0.5529259881329059,704,423,5094,2801,828,500,6152,3352,163,87,1028,581,421,238,1573,878,3,1,0.0,0.75,1005
Judd Trump,Shaun Murphy,5,1573,1593,0.47657713928723755,0.4875026035157896,584,388,4049,2352,763,498,5747,3262,605,375,1827,1078,573,350,1701,971,3,1,0.0,0.75,1005
Joe Perry,Neil Robertson,5,1491,1534,0.44975453713278024,0.4731508513108857,808,472,5936,3184,673,439,5042,2853,457,262,1448,816,526,309,1843,1083,3,2,0.0,0.6,1005
Joe Perry,Judd Trump,5,1491,1573,0.4049053248517203,0.448928730692658,808,472,5936,3184,584,388,4049,2352,457,262,1448,816,605,375,1827,1078,3,0,0.0,1.0,1005
Judd Trump,Matthew Stevens,5,1573,1350,0.7424990849385268,0.6358738914270539,584,388,4049,2352,803,481,6341,3474,605,375,1827,1078,255,134,1168,592,3,1,0.0,0.75,1005
Judd Trump,Graeme Dott,5,1573,1449,0.6419035087881938,0.5768852611320463,584,388,4049,2352,684,404,5370,2877,605,375,1827,1078,420,245,1197,667,3,0,0.0,1.0,1005
Judd Trump,Ryan Day,5,1573,1436,0.6559731969251956,0.584797674717737,584,388,4049,2352,647,394,4698,2589,605,375,1827,1078,437,247,1254,670,3,1,0.0,0.75,1005
Matthew Stevens,Mark Davis,5,1350,1415,0.424327677877833,0.4594641607262107,803,481,6341,3474,828,500,6152,3352,255,134,1168,592,421,238,1573,878,3,2,0.0,0.6,1005
Matthew Stevens,Neil Robertson,5,1350,1534,0.2952050048366186,0.38698582386066455,803,481,6341,3474,673,439,5042,2853,255,134,1168,592,526,309,1843,1083,3,2,0.0,0.6,1005
Matthew Stevens,Ryan Day,5,1350,1436,0.4003700793483155,0.4464560968488817,803,481,6341,3474,647,394,4698,2589,255,134,1168,592,437,247,1254,670,3,1,0.0,0.75,1005
Neil Robertson,Graeme Dott,5,1534,1449,0.5984974485885728,0.5529259881329059,673,439,5042,2853,684,404,5370,2877,526,309,1843,1083,420,245,1197,667,3,2,0.0,0.6,1005
Neil Robertson,Judd Trump,5,1534,1573,0.4544052337360196,0.47564429123179275,673,439,5042,2853,584,388,4049,2352,526,309,1843,1083,605,375,1827,1078,3,0,0.0,1.0,1005
Neil Robertson,Shaun Murphy,5,1534,1593,0.43123339947212014,0.46319171001101955,673,439,5042,2853,763,498,5747,3262,526,309,1843,1083,573,350,1701,971,3,2,0.0,0.6,1005
Neil Robertson,Mark Davis,5,1534,1415,0.6364344798338326,0.5738312575916094,673,439,5042,2853,828,500,6152,3352,526,309,1843,1083,421,238,1573,878,3,1,0.0,0.75,1005
Shaun Murphy,Matthew Stevens,5,1593,1350,0.7607334420026184,0.647370307581549,763,498,5747,3262,803,481,6341,3474,573,350,1701,971,255,134,1168,592,3,1,0.0,0.75,1005
Shaun Murphy,Graeme Dott,5,1593,1449,0.6634547430379603,0.5890404340586651,763,498,5747,3262,684,404,5370,2877,573,350,1701,971,420,245,1197,667,3,2,0.0,0.6,1005
Shaun Murphy,Mark Davis,5,1593,1415,0.6987569478302973,0.6094497836283252,763,498,5747,3262,828,500,6152,3352,573,350,1701,971,421,238,1573,878,3,0,0.0,1.0,1005
Shaun Murphy,Judd Trump,5,1593,1573,0.5234228607127622,0.5124973964842103,763,498,5747,3262,584,388,4049,2352,573,350,1701,971,605,375,1827,1078,3,1,0.0,0.75,1005
Shaun Murphy,Ryan Day,5,1593,1436,0.6771623607635384,0.596884378259767,763,498,5747,3262,647,394,4698,2589,573,350,1701,971,437,247,1254,670,3,1,0.0,0.75,1005
Graeme Dott,Matthew Stevens,5,1449,1350,0.6142658017738556,0.5615610703361955,684,404,5370,2877,803,481,6341,3474,420,245,1197,667,255,134,1168,592,3,0,0.0,1.0,1005
Ryan Day,Mark Davis,5,1436,1415,0.5245924292801949,0.5131219861822433,647,394,4698,2589,828,500,6152,3352,437,247,1254,670,421,238,1573,878,3,2,0.0,0.6,1005
Ryan Day,Neil Robertson,5,1436,1534,0.3868540987132437,0.43905454967528373,647,394,4698,2589,673,439,5042,2853,437,247,1254,670,526,309,1843,1083,3,2,0.0,0.6,1005
Ryan Day,Graeme Dott,5,1436,1449,0.48476964676511625,0.4918757150937391,647,394,4698,2589,684,404,5370,2877,437,247,1254,670,420,245,1197,667,3,2,0.0,0.6,1005
Mark Davis,Judd Trump,5,1415,1573,0.3217936293784279,0.40251423417298393,828,500,6152,3352,584,388,4049,2352,421,238,1573,878,605,375,1827,1078,3,1,0.0,0.75,1005
Mark Davis,Graeme Dott,5,1415,1449,0.4602280879870827,0.4787627850337259,828,500,6152,3352,684,404,5370,2877,421,238,1573,878,420,245,1197,667,3,2,0.0,0.6,1005
Judd Trump,Shaun Murphy,5,1573,1593,0.47657713928723755,0.4875026035157896,584,388,4049,2352,763,498,5747,3262,605,375,1827,1078,573,350,1701,971,3,0,0.0,1.0,1005
Ryan Day,Neil Robertson,5,1436,1534,0.3868540987132437,0.43905454967528373,647,394,4698,2589,673,439,5042,2853,437,247,1254,670,526,309,1843,1083,3,2,0.0,0.6,1005
Judd Trump,Ryan Day,5,1573,1436,0.6559731969251956,0.584797674717737,584,388,4049,2352,647,394,4698,2589,605,375,1827,1078,437,247,1254,670,3,0,0.0,1.0,1005
Matthew Stevens,Tom Ford,5,1350,1349,0.5011718731689482,0.5006249996744794,803,481,6341,3474,443,252,3238,1723,255,134,1168,592,243,128,944,483,3,2,0.0,0.6,1005
Matthew Stevens,Mark Selby,5,1350,1604,0.22957206561924448,0.34637766910049594,803,481,6341,3474,796,541,5821,3360,255,134,1168,592,507,307,1934,1172,3,2,0.0,0.6,1005
Mark Selby,Neil Robertson,5,1604,1534,0.5814079746991073,0.5436386872370789,796,541,5821,3360,673,439,5042,2853,507,307,1934,1172,526,309,1843,1083,3,1,0.0,0.75,1005
Mark Selby,Tom Ford,5,1604,1349,0.771297276388245,0.654188113761243,796,541,5821,3360,443,252,3238,1723,507,307,1934,1172,243,128,944,483,3,0,0.0,1.0,1005
Neil Robertson,Matthew Stevens,5,1534,1350,0.7047949951633816,0.6130141761393355,673,439,5042,2853,803,481,6341,3474,526,309,1843,1083,255,134,1168,592,3,1,0.0,0.75,1005
Neil Robertson,Shaun Murphy,5,1534,1593,0.43123339947212014,0.46319171001101955,673,439,5042,2853,763,498,5747,3262,526,309,1843,1083,573,350,1701,971,3,2,0.0,0.6,1005
Neil Robertson,Ryan Day,5,1534,1436,0.6131459012867562,0.5609454503247162,673,439,5042,2853,647,394,4698,2589,526,309,1843,1083,437,247,1254,670,3,1,0.0,0.75,1005
Shaun Murphy,Mark Selby,5,1593,1604,0.4871118116730946,0.4931254332354657,763,498,5747,3262,796,541,5821,3360,573,350,1701,971,507,307,1934,1172,3,2,0.0,0.6,1005
Shaun Murphy,Ryan Day,5,1593,1436,0.6771623607635384,0.596884378259767,763,498,5747,3262,647,394,4698,2589,573,350,1701,971,437,247,1254,670,3,1,0.0,0.75,1005
Shaun Murphy,Matthew Stevens,5,1593,1350,0.7607334420026184,0.647370307581549,763,498,5747,3262,803,481,6341,3474,573,350,1701,971,255,134,1168,592,3,1,0.0,0.75,1005
Stephen Maguire,Ryan Day,5,1540,1436,0.6198496125403973,0.5646362918030292,715,478,5353,3055,647,394,4698,2589,486,300,1630,956,437,247,1254,670,3,2,0.0,0.6,1005
Stephen Maguire,Neil Robertson,5,1540,1534,0.5070308545144336,0.5037499296890819,715,478,5353,3055,673,439,5042,2853,486,300,1630,956,526,309,1843,1083,3,2,0.0,0.6,1005
Stephen Maguire,Shaun Murphy,5,1540,1593,0.4381620350472032,0.46692337763389535,715,478,5353,3055,763,498,5747,3262,486,300,1630,956,573,350,1701,971,3,2,0.0,0.6,1005
Stephen Maguire,Mark Selby,5,1540,1604,0.4254769451404538,0.46008511544443426,715,478,5353,3055,796,541,5821,3360,486,300,1630,956,507,307,1934,1172,3,1,0.0,0.75,1005
Stephen Maguire,Tom Ford,5,1540,1349,0.7117620683399958,0.6171573626529722,715,478,5353,3055,443,252,3238,1723,486,300,1630,956,243,128,944,483,3,1,0.0,0.75,1005
Stephen Maguire,Matthew Stevens,5,1540,1350,0.7107719412910334,0.6165665045213193,715,478,5353,3055,803,481,6341,3474,486,300,1630,956,255,134,1168,592,3,2,0.0,0.6,1005
Tom Ford,Shaun Murphy,5,1349,1593,0.23837531592454525,0.35205919791934975,443,252,3238,1723,763,498,5747,3262,243,128,944,483,573,350,1701,971,3,1,0.0,0.75,1005
Tom Ford,Neil Robertson,5,1349,1534,0.29420456890135227,0.3863929221952217,443,252,3238,1723,673,439,5042,2853,243,128,944,483,526,309,1843,1083,3,2,0.0,0.6,1005
Ryan Day,Mark Selby,5,1436,1604,0.31143860130614265,0.3965167501352737,647,394,4698,2589,796,541,5821,3360,437,247,1254,670,507,307,1934,1172,3,0,0.0,1.0,1005
Ryan Day,Matthew Stevens,5,1436,1350,0.5996299206516844,0.5535439031511183,647,394,4698,2589,803,481,6341,3474,437,247,1254,670,255,134,1168,592,3,1,0.0,0.75,1005
Ryan Day,Tom Ford,5,1436,1349,0.6007614835262755,0.5541616527636486,647,394,4698,2589,443,252,3238,1723,437,247,1254,670,243,128,944,483,3,1,0.0,0.75,1005
Neil Robertson,Shaun Murphy,5,1534,1593,0.43123339947212014,0.46319171001101955,673,439,5042,2853,763,498,5747,3262,526,309,1843,1083,573,350,1701,971,3,1,0.0,0.75,1005
Stephen Maguire,Ryan Day,5,1540,1436,0.6198496125403973,0.5646362918030292,715,478,5353,3055,647,394,4698,2589,486,300,1630,956,437,247,1254,670,3,2,0.0,0.6,1005
Stephen Maguire,Neil Robertson,5,1540,1534,0.5070308545144336,0.5037499296890819,715,478,5353,3055,673,439,5042,2853,486,300,1630,956,526,309,1843,1083,3,0,0.0,1.0,1005
Mark Selby,Neil Robertson,5,1604,1534,0.5814079746991073,0.5436386872370789,796,541,5821,3360,673,439,5042,2853,507,307,1934,1172,526,309,1843,1083,3,2,0.0,0.6,1005
Mark Selby,Marco Fu,5,1604,1479,0.6429935752689471,0.5774953651858118,796,541,5821,3360,666,397,5030,2728,507,307,1934,1172,446,252,1427,809,3,2,0.0,0.6,1005
Mark Selby,Dominic Dale,5,1604,1462,0.6613241455597987,0.5878295384825115,796,541,5821,3360,723,421,5410,2897,507,307,1934,1172,409,240,1214,652,3,0,0.0,1.0,1005
Neil Robertson,Ryan Day,5,1534,1436,0.6131459012867562,0.5609454503247162,673,439,5042,2853,647,394,4698,2589,526,309,1843,1083,437,247,1254,670,3,1,0.0,0.75,1005
Shaun Murphy,John Higgins,5,1593,1492,0.6165024924157995,0.5627917401386452,763,498,5747,3262,1142,808,9366,5525,573,350,1701,971,443,252,1319,765,3,0,0.0,1.0,1005
Shaun Murphy,Mark Selby,5,1593,1604,0.4871118116730946,0.4931254332354657,763,498,5747,3262,796,541,5821,3360,573,350,1701,971,507,307,1934,1172,3,1,0.0,0.75,1005
Shaun Murphy,Ryan Day,5,1593,1436,0.6771623607635384,0.596884378259767,763,498,5747,3262,647,394,4698,2589,573,350,1701,971,437,247,1254,670,3,1,0.0,0.75,1005
Shaun Murphy,Neil Robertson,5,1593,1534,0.5687666005278796,0.5368082899889803,763,498,5747,3262,673,439,5042,2853,573,350,1701,971,526,309,1843,1083,3,0,0.0,1.0,1005
John Higgins,Neil Robertson,5,1492,1534,0.45091653617011773,0.4737740906279313,1142,808,9366,5525,673,439,5042,2853,443,252,1319,765,526,309,1843,1083,3,2,0.0,0.6,1005
John Higgins,Marco Fu,5,1492,1479,0.5152303532348836,0.5081242849062608,1142,808,9366,5525,666,397,5030,2728,443,252,1319,765,446,252,1427,809,3,2,0.0,0.6,1005
John Higgins,Mark Selby,5,1492,1604,0.3712729317592314,0.43045377606077095,1142,808,9366,5525,796,541,5821,3360,443,252,1319,765,507,307,1934,1172,3,0,0.0,1.0,1005
Marco Fu,Shaun Murphy,5,1479,1593,0.36906491624238447,0.4292283881055083,666,397,5030,2728,763,498,5747,3262,446,252,1427,809,573,350,1701,971,3,1,0.0,0.75,1005
Marco Fu,Dominic Dale,5,1479,1462,0.5199128830889571,0.5106234010049637,666,397,5030,2728,723,421,5410,2897,446,252,1427,809,409,240,1214,652,3,1,0.0,0.75,1005
Marco Fu,Neil Robertson,5,1479,1534,0.43585008275662585,0.4656790563306954,666,397,5030,2728,673,439,5042,2853,446,252,1427,809,526,309,1843,1083,3,2,0.0,0.6,1005
Ryan Day,John Higgins,5,1436,1492,0.4346949935826374,0.4650570548417855,647,394,4698,2589,1142,808,9366,5525,437,247,1254,670,443,252,1319,765,3,0,0.0,1.0,1005
Ryan Day,Marco Fu,5,1436,1479,0.44975453713278024,0.4731508513108857,647,394,4698,2589,666,397,5030,2728,437,247,1254,670,446,252,1427,809,3,2,0.0,0.6,1005
Ryan Day,Mark Selby,5,1436,1604,0.31143860130614265,0.3965167501352737,647,394,4698,2589,796,541,5821,3360,437,247,1254,670,507,307,1934,1172,3,0,0.0,1.0,1005
Dominic Dale,Shaun Murphy,5,1462,1593,0.35049291542525274,0.41884903571060617,723,421,5410,2897,763,498,5747,3262,409,240,1214,652,573,350,1701,971,3,1,0.0,0.75,1005
Dominic Dale,Ryan Day,5,1462,1436,0.5304366013442683,0.5162442810620724,723,421,5410,2897,647,394,4698,2589,409,240,1214,652,437,247,1254,670,3,1,0.0,0.75,1005
Dominic Dale,Neil Robertson,5,1462,1534,0.4163029406965494,0.45512110762641994,723,421,5410,2897,673,439,5042,2853,409,240,1214,652,526,309,1843,1083,3,2,0.0,0.6,1005
Dominic Dale,John Higgins,5,1462,1492,0.46489311903927244,0.4812587841214648,723,421,5410,2897,1142,808,9366,5525,409,240,1214,652,443,252,1319,765,3,1,0.0,0.75,1005
Shaun Murphy,Ryan Day,5,1593,1436,0.6771623607635384,0.596884378259767,763,498,5747,3262,647,394,4698,2589,573,350,1701,971,437,247,1254,670,3,0,0.0,1.0,1005
Dominic Dale,Marco Fu,5,1462,1479,0.480087116911043,0.4893765989950364,723,421,5410,2897,666,397,5030,2728,409,240,1214,652,446,252,1427,809,3,2,0.0,0.6,1005
Shaun Murphy,Dominic Dale,5,1593,1462,0.6495070845747472,0.5811509642893937,763,498,5747,3262,723,421,5410,2897,573,350,1701,971,409,240,1214,652,3,1,0.0,0.75,1005
Mark Williams,Marco Fu,5,1460,1479,0.47774692712342515,0.4881272322437472,1081,706,8574,4899,666,397,5030,2728,424,248,1301,740,446,252,1427,809,3,1,0.0,0.75,1005
Mark Williams,Ryan Day,5,1460,1436,0.5280997102632979,0.51499550161941,1081,706,8574,4899,647,394,4698,2589,424,248,1301,740,437,247,1254,670,3,0,0.0,1.0,1005
Mark Williams,Dominic Dale,5,1460,1462,0.49765626464834606,0.49875000260416025,1081,706,8574,4899,723,421,5410,2897,424,248,1301,740,409,240,1214,652,3,1,0.0,0.75,1005
Mark Williams,Michael Holt,5,1460,1372,0.6018921274654135,0.5547792351072148,1081,706,8574,4899,612,361,4568,2436,424,248,1301,740,383,205,1064,569,3,1,0.0,0.75,1005
Mark Williams,Martin Gould,5,1460,1423,0.5432668246103534,0.523108525489089,1081,706,8574,4899,478,285,3264,1774,424,248,1301,740,317,182,1173,625,3,1,0.0,0.75,1005
Michael Holt,Marco Fu,5,1372,1479,0.3768129886451631,0.43352094403237207,612,361,4568,2436,666,397,5030,2728,383,205,1064,569,446,252,1427,809,3,1,0.0,0.75,1005
Michael Holt,Dominic Dale,5,1372,1462,0.3958493803112607,0.44398610945538003,612,361,4568,2436,723,421,5410,2897,383,205,1064,569,409,240,1214,652,3,1,0.0,0.75,1005
John Higgins,Dominic Dale,5,1492,1462,0.5351068809607274,0.5187412158785352,1142,808,9366,5525,723,421,5410,2897,443,252,1319,765,409,240,1214,652,3,1,0.0,0.75,1005
John Higgins,Michael Holt,5,1492,1372,0.6375307498125332,0.574442516811659,1142,808,9366,5525,612,361,4568,2436,443,252,1319,765,383,205,1064,569,3,2,0.0,0.6,1005
John Higgins,Mark Williams,5,1492,1460,0.537440095865586,0.5199893401555818,1142,808,9366,5525,1081,706,8574,4899,443,252,1319,765,424,248,1301,740,3,0,0.0,1.0,1005
John Higgins,Marco Fu,5,1492,1479,0.5152303532348836,0.5081242849062608,1142,808,9366,5525,666,397,5030,2728,443,252,1319,765,446,252,1427,809,3,2,0.0,0.6,1005
John Higgins,Ryan Day,5,1492,1436,0.5653050064173626,0.5349429451582145,1142,808,9366,5525,647,394,4698,2589,443,252,1319,765,437,247,1254,670,3,0,0.0,1.0,1005
Martin Gould,Ryan Day,5,1423,1436,0.48476964676511625,0.4918757150937391,478,285,3264,1774,647,394,4698,2589,317,182,1173,625,437,247,1254,670,3,1,0.0,0.75,1005
Martin Gould,Dominic Dale,5,1423,1462,0.4544052337360196,0.47564429123179275,478,285,3264,1774,723,421,5410,2897,317,182,1173,625,409,240,1214,652,3,1,0.0,0.75,1005
Martin Gould,Marco Fu,5,1423,1479,0.4346949935826374,0.4650570548417855,478,285,3264,1774,666,397,5030,2728,317,182,1173,625,446,252,1427,809,3,2,0.0,0.6,1005
Martin Gould,Michael Holt,5,1423,1372,0.5595237173859442,0.5318318894162242,478,285,3264,1774,612,361,4568,2436,317,182,1173,625,383,205,1064,569,3,0,0.0,1.0,1005
Martin Gould,John Higgins,5,1423,1492,0.41973769721178134,0.4569816192756902,478,285,3264,1774,1142,808,9366,5525,317,182,1173,625,443,252,1319,765,3,1,0.0,0.75,1005
Marco Fu,Dominic Dale,5,1479,1462,0.5199128830889571,0.5106234010049637,666,397,5030,2728,723,421,5410,2897,446,252,1427,809,409,240,1214,652,3,1,0.0,0.75,1005
Ryan Day,Michael Holt,5,1436,1372,0.574523054859546,0.5399148845555657,647,394,4698,2589,612,361,4568,2436,437,247,1254,670,383,205,1064,569,3,0,0.0,1.0,1005
Ryan Day,Dominic Dale,5,1436,1462,0.4695633986557317,0.48375571893792757,647,394,4698,2589,723,421,5410,2897,437,247,1254,670,409,240,1214,652,3,0,0.0,1.0,1005
Ryan Day,Marco Fu,5,1436,1479,0.44975453713278024,0.4731508513108857,647,394,4698,2589,666,397,5030,2728,437,247,1254,670,446,252,1427,809,3,2,0.0,0.6,1005
John Higgins,Mark Williams,5,1492,1460,0.537440095865586,0.5199893401555818,1142,808,9366,5525,1081,706,8574,4899,443,252,1319,765,424,248,1301,740,3,0,0.0,1.0,1005
Martin Gould,Ryan Day,5,1423,1436,0.48476964676511625,0.4918757150937391,478,285,3264,1774,647,394,4698,2589,317,182,1173,625,437,247,1254,670,3,1,0.0,0.75,1005
Martin Gould,John Higgins,5,1423,1492,0.41973769721178134,0.4569816192756902,478,285,3264,1774,1142,808,9366,5525,317,182,1173,625,443,252,1319,765,3,1,0.0,0.75,1005
Mark Williams,Mark King,5,1460,1325,0.6538232022339039,0.5835831155172753,1081,706,8574,4899,750,415,5627,2936,424,248,1301,740,302,154,995,514,3,2,0.0,0.6,1005
Mark King,Marcus Campbell,5,1325,1168,0.6771623607635384,0.596884378259767,750,415,5627,2936,662,359,4919,2519,302,154,995,514,149,58,861,399,3,0,0.0,1.0,1005
Mark King,Peter Ebdon,5,1325,1359,0.4602280879870827,0.4787627850337259,750,415,5627,2936,898,518,7321,3934,302,154,995,514,303,171,1034,528,3,0,0.0,1.0,1005
Mark King,Andrew Higginson,5,1325,1349,0.47190028973670184,0.4850044983805899,750,415,5627,2936,578,351,4133,2281,302,154,995,514,271,148,993,519,3,2,0.0,0.6,1005
Andrew Higginson,Mark Williams,5,1349,1460,0.3723786733374611,0.43106679063045344,578,351,4133,2281,1081,706,8574,4899,271,148,993,519,424,248,1301,740,3,1,0.0,0.75,1005
Andrew Higginson,Marcus Campbell,5,1349,1168,0.7017835272842731,0.6112334666758695,578,351,4133,2281,662,359,4919,2519,271,148,993,519,149,58,861,399,3,1,0.0,0.75,1005
John Higgins,Andrew Higginson,5,1492,1349,0.6623901508717275,0.5884351201276382,1142,808,9366,5525,578,351,4133,2281,443,252,1319,765,271,148,993,519,3,0,0.0,1.0,1005
John Higgins,Peter Ebdon,5,1492,1359,0.6516678097021388,0.5823675407280794,1142,808,9366,5525,898,518,7321,3934,443,252,1319,765,303,171,1034,528,3,1,0.0,0.75,1005
John Higgins,Marcus Campbell,5,1492,1168,0.8263252795414708,0.6921095043017882,1142,808,9366,5525,662,359,4919,2519,443,252,1319,765,149,58,861,399,3,1,0.0,0.75,1005
John Higgins,Ryan Day,5,1492,1436,0.5653050064173626,0.5349429451582145,1142,808,9366,5525,647,394,4698,2589,443,252,1319,765,437,247,1254,670,3,0,0.0,1.0,1005
John Higgins,Mark King,5,1492,1325,0.6875329609687321,0.6028848673274662,1142,808,9366,5525,750,415,5627,2936,443,252,1319,765,302,154,995,514,3,0,0.0,1.0,1005
John Higgins,Mark Williams,5,1492,1460,0.537440095865586,0.5199893401555818,1142,808,9366,5525,1081,706,8574,4899,443,252,1319,765,424,248,1301,740,3,0,0.0,1.0,1005
Peter Ebdon,Mark Williams,5,1359,1460,0.38349750758420054,0.43720825986135486,898,518,7321,3934,1081,706,8574,4899,303,171,1034,528,424,248,1301,740,3,0,0.0,1.0,1005
Peter Ebdon,Andrew Higginson,5,1359,1349,0.5117169192313755,0.5062496744995104,898,518,7321,3934,578,351,4133,2281,303,171,1034,528,271,148,993,519,3,2,0.0,0.6,1005
Ryan Day,Andrew Higginson,5,1436,1349,0.6007614835262755,0.5541616527636486,647,394,4698,2589,578,351,4133,2281,437,247,1254,670,271,148,993,519,3,2,0.0,0.6,1005
Ryan Day,Peter Ebdon,5,1436,1359,0.5894061198759756,0.5479769376367963,647,394,4698,2589,898,518,7321,3934,437,247,1254,670,303,171,1034,528,3,1,0.0,0.75,1005
Ryan Day,Mark King,5,1436,1325,0.6276213266625388,0.5689332093695465,647,394,4698,2589,750,415,5627,2936,437,247,1254,670,302,154,995,514,3,0,0.0,1.0,1005
Ryan Day,Mark Williams,5,1436,1460,0.47190028973670184,0.4850044983805899,647,394,4698,2589,1081,706,8574,4899,437,247,1254,670,424,248,1301,740,3,2,0.0,0.6,1005
Ryan Day,Marcus Campbell,5,1436,1168,0.7824150300650421,0.6615031592029524,647,394,4698,2589,662,359,4919,2519,437,247,1254,670,149,58,861,399,3,0,0.0,1.0,1005
Marcus Campbell,Mark Williams,5,1168,1460,0.1979683171551483,0.3251947274176865,662,359,4919,2519,1081,706,8574,4899,149,58,861,399,424,248,1301,740,3,0,0.0,1.0,1005
Marcus Campbell,Peter Ebdon,5,1168,1359,0.2882379316600041,0.38284263734702784,662,359,4919,2519,898,518,7321,3934,149,58,861,399,303,171,1034,528,3,2,0.0,0.6,1005
Andrew Higginson,John Higgins,5,1349,1492,0.33760984912827263,0.4115648798723618,578,351,4133,2281,1142,808,9366,5525,271,148,993,519,443,252,1319,765,3,1,0.0,0.75,1005
Ryan Day,Mark King,5,1436,1325,0.6276213266625388,0.5689332093695465,647,394,4698,2589,750,415,5627,2936,437,247,1254,670,302,154,995,514,3,1,0.0,0.75,1005
Ryan Day,Andrew Higginson,5,1436,1349,0.6007614835262755,0.5541616527636486,647,394,4698,2589,578,351,4133,2281,437,247,1254,670,271,148,993,519,3,0,0.0,1.0,1005
Ricky Walden,Stephen Maguire,5,1469,1540,0.4174471030781097,0.4557411415821268,600,371,4391,2444,715,478,5353,3055,506,298,1493,830,486,300,1630,956,3,2,0.0,0.6,1005
Ricky Walden,Ryan Day,5,1469,1436,0.5386061841882444,0.5206133097144486,600,371,4391,2444,647,394,4698,2589,506,298,1493,830,437,247,1254,670,3,0,0.0,1.0,1005
Ricky Walden,Joe Perry,5,1469,1491,0.4742382323354172,0.486253465097645,600,371,4391,2444,808,472,5936,3184,506,298,1493,830,457,262,1448,816,3,1,0.0,0.75,1005
Judd Trump,Martin Gould,5,1573,1423,0.669812187137851,0.5926665999540697,584,388,4049,2352,478,285,3264,1774,605,375,1827,1078,317,182,1173,625,3,2,0.0,0.6,1005
Judd Trump,Joe Perry,5,1573,1491,0.5950946751482796,0.551071269307342,584,388,4049,2352,808,472,5936,3184,605,375,1827,1078,457,262,1448,816,3,2,0.0,0.6,1005
Judd Trump,Ricky Walden,5,1573,1469,0.6198496125403973,0.5646362918030292,584,388,4049,2352,600,371,4391,2444,605,375,1827,1078,506,298,1493,830,3,1,0.0,0.75,1005
Joe Perry,Ryan Day,5,1491,1436,0.5641499172433742,0.5343209436693046,808,472,5936,3184,647,394,4698,2589,457,262,1448,816,437,247,1254,670,3,1,0.0,0.75,1005
Shaun Murphy,Ricky Walden,5,1593,1469,0.6419035087881938,0.5768852611320463,763,498,5747,3262,600,371,4391,2444,573,350,1701,971,506,298,1493,830,3,1,0.0,0.75,1005
Shaun Murphy,Judd Trump,5,1593,1573,0.5234228607127622,0.5124973964842103,763,498,5747,3262,584,388,4049,2352,573,350,1701,971,605,375,1827,1078,3,2,0.0,0.6,1005
Shaun Murphy,Joe Perry,5,1593,1491,0.6176192638715698,0.5634067862621936,763,498,5747,3262,808,472,5936,3184,573,350,1701,971,457,262,1448,816,3,1,0.0,0.75,1005
Shaun Murphy,Ryan Day,5,1593,1436,0.6771623607635384,0.596884378259767,763,498,5747,3262,647,394,4698,2589,573,350,1701,971,437,247,1254,670,3,0,0.0,1.0,1005
Shaun Murphy,Stephen Maguire,5,1593,1540,0.5618379649527969,0.5330766223661046,763,498,5747,3262,715,478,5353,3055,573,350,1701,971,486,300,1630,956,3,1,0.0,0.75,1005
Stephen Maguire,Ryan Day,5,1540,1436,0.6198496125403973,0.5646362918030292,715,478,5353,3055,647,394,4698,2589,486,300,1630,956,437,247,1254,670,3,2,0.0,0.6,1005
Stephen Maguire,Martin Gould,5,1540,1423,0.6342383043394371,0.5726080638632601,715,478,5353,3055,478,285,3264,1774,486,300,1630,956,317,182,1173,625,3,2,0.0,0.6,1005
Stephen Maguire,Joe Perry,5,1540,1491,0.5572072587665267,0.530586760182081,715,478,5353,3055,808,472,5936,3184,486,300,1630,956,457,262,1448,816,3,1,0.0,0.75,1005
Stephen Maguire,Judd Trump,5,1540,1573,0.46139381581175565,0.47938669028555136,715,478,5353,3055,584,388,4049,2352,486,300,1630,956,605,375,1827,1078,3,2,0.0,0.6,1005
Martin Gould,Joe Perry,5,1423,1491,0.4208841086347308,0.45760205922564895,478,285,3264,1774,808,472,5936,3184,317,182,1173,625,457,262,1448,816,3,1,0.0,0.75,1005
Martin Gould,Ricky Walden,5,1423,1469,0.4462713899768853,0.4712816430485603,478,285,3264,1774,600,371,4391,2444,317,182,1173,625,506,298,1493,830,3,1,0.0,0.75,1005
Martin Gould,Shaun Murphy,5,1423,1593,0.3093865180329831,0.39532091528599067,478,285,3264,1774,763,498,5747,3262,317,182,1173,625,573,350,1701,971,3,2,0.0,0.6,1005
Ryan Day,Judd Trump,5,1436,1573,0.34402680307480427,0.415202325282263,647,394,4698,2589,584,388,4049,2352,437,247,1254,670,605,375,1827,1078,3,0,0.0,1.0,1005
Ryan Day,Martin Gould,5,1436,1423,0.5152303532348836,0.5081242849062608,647,394,4698,2589,478,285,3264,1774,437,247,1254,670,317,182,1173,625,3,2,0.0,0.6,1005
Judd Trump,Shaun Murphy,5,1573,1593,0.47657713928723755,0.4875026035157896,584,388,4049,2352,763,498,5747,3262,605,375,1827,1078,573,350,1701,971,3,2,0.0,0.6,1005
Martin Gould,Stephen Maguire,5,1423,1540,0.3657616956605628,0.42739193613673987,478,285,3264,1774,715,478,5353,3055,317,182,1173,625,486,300,1630,956,3,0,0.0,1.0,1005
Judd Trump,Martin Gould,5,1573,1423,0.669812187137851,0.5926665999540697,584,388,4049,2352,478,285,3264,1774,605,375,1827,1078,317,182,1173,625,3,1,0.0,0.75,1005
Zhao Xintong,Joe Steele,7,1258,966,0.8389762354745806,0.6748052725823135,46,25,313,168,41,16,205,87,138,69,313,168,61,23,205,87,4,1,0.0,0.8,1345
Michael Williams,Mateusz Baranowski,7,1059,973,0.6157933128709394,0.5535439031511183,17,9,80,43,2,0,9,1,55,31,80,43,4,0,4,0,4,0,0.0,1.0,1345
Stephen Webber,Maxim Maximov,7,1000,1000,0.5,0.5,0,0,0,0,0,0,0,0,0,0,0,0,0,0,0,0,4,1,0.0,0.8,1345
Edward Topham,Ivelin Bozhanov,7,962,1000,0.44820271004203943,0.4762678458734389,3,0,14,2,0,0,0,0,0,0,14,2,0,0,0,0,4,3,0.0,0.5714285714285714,1345
Sam Thistlewhite,Joshua Cooper,7,996,988,0.510936041856229,0.5049998333399998,46,17,239,105,1,0,5,1,0,0,57,24,0,0,5,1,4,0,0.0,1.0,1345
Alex Taubman,Manasawin Phetmalaikul,7,1067,1000,0.5907526477758748,0.5417773692836367,116,50,624,281,0,0,0,0,87,47,283,141,0,0,0,0,4,2,0.0,0.6666666666666666,1345
Elliot Slessor,Ben Jones,7,1155,1030,0.6655072126279344,0.5774953651858118,69,27,418,186,47,23,244,118,156,63,398,176,75,34,244,118,4,2,0.0,0.6666666666666666,1345
Tomasz Skalski,Callum Lloyd,7,1054,952,0.6364932182719292,0.5634067862621936,35,14,195,89,14,3,73,27,46,24,126,62,16,7,40,18,4,3,0.0,0.5714285714285714,1345
Brandon Sargeant,Joe O'Connor,7,1002,1062,0.4185795134993229,0.46257015465625045,20,8,111,50,36,18,216,104,69,34,111,50,144,66,216,104,4,2,0.0,0.6666666666666666,1345
Tom Rees,Adam Longley,7,983,960,0.5314106943491967,0.5143710406970602,1,0,4,0,8,2,42,15,4,0,4,0,0,0,23,11,4,2,0.0,0.6666666666666666,1345
George Pragnall,Christopher Keogan,7,1029,1071,0.44278839657477087,0.4737740906279313,10,5,58,28,71,26,394,177,52,26,52,26,140,71,345,158,4,2,0.0,0.6666666666666666,1345
Phil O'Kane,Marcin Nitschke,7,972,1016,0.44008542926958705,0.47252769565540637,54,21,275,118,7,3,36,17,0,0,170,76,16,9,16,9,4,1,0.0,0.8,1345
Jake Nicholson,Robin Otto,7,948,1000,0.42930455538057166,0.4675456936126812,53,14,280,108,0,0,0,0,58,30,143,67,0,0,0,0,4,2,0.0,0.6666666666666666,1345
Mourad Naitali,Francisco Domingues,7,1000,948,0.5706954446194282,0.5324543063873187,0,0,0,0,7,2,32,9,0,0,0,0,12,4,32,9,4,0,0.0,1.0,1345
Hammad Miah,Simon Dent,7,1036,998,0.5517972899579606,0.523732154126561,47,15,302,118,10,4,54,25,127,40,284,112,18,10,18,10,4,0,0.0,1.0,1345
Adam King,Lee Prickman,7,978,1000,0.4699521739841547,0.486253465097645,5,2,25,10,0,0,0,0,21,10,25,10,0,0,0,0,4,3,0.0,0.5714285714285714,1345
Ashley Hugill,Joshua Baddeley,7,969,1007,0.44820271004203943,0.4762678458734389,14,4,73,29,7,3,36,18,51,19,73,29,36,18,36,18,4,1,0.0,0.8,1345
Kishan Hirani,Robbie Purdham,7,1072,1000,0.5973854695265872,0.5448788923735801,92,42,488,227,0,0,0,0,86,46,234,118,0,0,0,0,4,0,0.0,1.0,1345
Kacper Filipiak,Simon Lichtenberg,7,1027,992,0.5477297445502348,0.5218610539716015,49,15,259,89,1,0,6,2,111,56,198,84,6,2,6,2,4,3,0.0,0.5714285714285714,1345
Nico Elton,Mark Owens,7,1053,951,0.6364932182719292,0.5634067862621936,33,14,181,83,31,9,169,66,90,46,170,79,59,22,87,37,4,3,0.0,0.5714285714285714,1345
Adam Duffy,Ross Higgins,7,1186,922,0.8151364341594428,0.6592603884513855,226,114,1406,715,33,8,166,59,189,97,637,300,63,31,157,58,4,2,0.0,0.6666666666666666,1345
James Dabell,Richard Ammons,7,1000,1000,0.5,0.5,0,0,0,0,0,0,0,0,0,0,0,0,0,0,0,0,4,2,0.0,0.6666666666666666,1345
Sam Craigie,Danny Connolly,7,1212,1000,0.7650010839038448,0.6294831119673949,72,36,444,226,0,0,0,0,0,0,110,56,0,0,0,0,4,1,0.0,0.8,1345
Dylan Craig,Conor McCormack,7,1080,964,0.6542665688127887,0.5719961329315186,30,16,158,85,4,1,20,5,45,26,158,85,20,5,20,5,4,1,0.0,0.8,1345
Jamie Clarke,Manon Melief,7,1209,910,0.8445881619019862,0.6786337178522214,82,43,466,247,6,0,25,1,221,126,373,207,17,1,25,1,4,0,0.0,1.0,1345
Ashley Carty,Jurian Heusdens,7,1142,1027,0.6530083881296338,0.5713839816769324,66,34,385,192,24,12,120,61,174,89,360,183,34,14,110,55,4,0,0.0,1.0,1345
Oliver Brown,Reanne Evans,7,1192,1030,0.7099919234270913,0.5998883688639983,123,53,663,310,114,40,608,248,152,81,464,251,75,38,300,145,4,2,0.0,0.6666666666666666,1345
Richard Beckham,Felix Frede,7,1035,985,0.5680051367615364,0.5312093733737563,13,8,67,35,9,4,42,17,64,35,64,35,15,9,42,17,4,3,0.0,0.5714285714285714,1345
Zhao Xintong,Kevin Chan,7,1258,943,0.856895920094142,0.6872942801972042,46,25,313,168,8,2,37,9,138,69,313,168,17,1,37,9,4,0,0.0,1.0,1345
Sam Thistlewhite,Saqib Nasir,7,996,1094,0.36864499282379254,0.43905454967528373,46,17,239,105,60,31,328,177,0,0,57,24,38,17,234,129,4,0,0.0,1.0,1345
Elliot Slessor,Alex Taubman,7,1155,1067,0.6184015843393024,0.5547792351072148,69,27,418,186,116,50,624,281,156,63,398,176,87,47,283,141,4,0,0.0,1.0,1345
Tomasz Skalski,Edward Topham,7,1054,962,0.6236008848905433,0.5572478545985555,35,14,195,89,3,0,14,2,46,24,126,62,0,0,14,2,4,1,0.0,0.8,1345
Daniel Schneider,Phil O'Kane,7,946,972,0.4645031181885513,0.48375571893792757,7,1,32,8,54,21,275,118,12,0,32,8,0,0,170,76,4,2,0.0,0.6666666666666666,1345
Brandon Sargeant,Francis Becerra,7,1002,1000,0.5027343522137269,0.5012499973958399,20,8,111,50,0,0,0,0,69,34,111,50,0,0,0,0,4,0,0.0,1.0,1345
Tom Rees,Tom Stormbom,7,983,1000,0.476771798023094,0.4893765989950364,1,0,4,0,0,0,0,0,4,0,4,0,0,0,0,0,4,0,0.0,1.0,1345
George Pragnall,James Dabell,7,1029,1000,0.5395790886298393,0.5181170650431814,10,5,58,28,0,0,0,0,52,26,52,26,0,0,0,0,4,1,0.0,0.8,1345
Jake Nicholson,Michael Williams,7,948,1059,0.35204218100893303,0.43106679063045344,53,14,280,108,17,9,80,43,58,30,143,67,55,31,80,43,4,3,0.0,0.5714285714285714,1345
Hammad Miah,Stephen Webber,7,1036,1000,0.549086208422272,0.5224848247918001,47,15,302,118,0,0,0,0,127,40,284,112,0,0,0,0,4,0,0.0,1.0,1345
Ashley Hugill,Dieter Meier,7,969,991,0.4699521739841547,0.486253465097645,14,4,73,29,7,2,32,11,51,19,73,29,0,0,6,2,4,0,0.0,1.0,1345
Kishan Hirani,James Facey,7,1072,1000,0.5973854695265872,0.5448788923735801,92,42,488,227,0,0,0,0,86,46,234,118,0,0,0,0,4,1,0.0,0.8,1345
Louis Heathcote,Adam Duffy,7,984,1186,0.24548919020671256,0.37636637170177395,7,2,42,17,226,114,1406,715,24,9,42,17,189,97,637,300,4,3,0.0,0.5714285714285714,1345
Kacper Filipiak,Brian Cini,7,1027,1000,0.536858082179779,0.5168685956913849,49,15,259,89,14,6,71,35,111,56,198,84,59,29,71,35,4,1,0.0,0.8,1345
Nico Elton,Mourad Naitali,7,1053,1000,0.5720392978025534,0.5330766223661046,33,14,181,83,0,0,0,0,90,46,170,79,0,0,0,0,4,0,0.0,1.0,1345
Sam Craigie,Lukas Kleckers,7,1212,1018,0.7459292301495708,0.6189278548001903,72,36,444,226,11,5,59,28,0,0,110,56,29,14,59,28,4,0,0.0,1.0,1345
Dylan Craig,Michael Collumb,7,1080,998,0.6105601107289808,0.551071269307342,30,16,158,85,29,11,156,70,45,26,158,85,70,36,107,48,4,2,0.0,0.6666666666666666,1345
Jamie Clarke,Ryan Causton,7,1209,1096,0.6504866469700167,0.5701590253818352,82,43,466,247,90,47,488,241,221,126,373,207,91,46,396,202,4,1,0.0,0.8,1345
Ashley Carty,Adam King,7,1142,978,0.7123105654940886,0.6010878788483698,66,34,385,192,5,2,25,10,174,89,360,183,21,10,25,10,4,0,0.0,1.0,1345
Oliver Brown,Sean Galligan,7,1192,1000,0.7437579445222342,0.617747874769249,123,53,663,310,0,0,0,0,152,81,464,251,0,0,0,0,4,0,0.0,1.0,1345
Richard Beckham,Mohammed Rangzib,7,1035,1080,0.4387350506415305,0.4719046255916129,13,8,67,35,41,22,277,151,64,35,64,35,0,0,0,0,4,1,0.0,0.8,1345
Zhou Yuelong,Darryl Hill,7,1201,1043,0.7053268662779104,0.5974857658270161,47,22,294,148,25,11,147,69,130,69,294,148,51,24,141,67,4,1,0.0,0.8,1345
Zhao Xintong,Jamie Cope,7,1258,1288,0.4590611389260606,0.4812587841214648,46,25,313,168,481,261,3254,1669,138,69,313,168,239,128,835,408,4,0,0.0,1.0,1345
Ben Woollaston,Joe Swail,7,1337,1330,0.5095693356278297,0.5043748883497735,392,224,2569,1378,727,397,5794,3031,281,145,1023,559,300,162,750,391,4,1,0.0,0.8,1345
Gary Wilson,Hamza Akbar,7,1293,1000,0.8397864427779326,0.6753536404444148,277,165,1760,969,0,0,0,0,226,108,710,392,0,0,0,0,4,1,0.0,0.8,1345
Kyren Wilson,Nico Elton,7,1320,1053,0.8177973252726516,0.6609431415591629,233,136,1487,806,33,14,181,83,240,122,631,343,90,46,170,79,4,2,0.0,0.6666666666666666,1345
Robbie Williams,James Cahill,7,1252,1187,0.5880916350836762,0.5405358392737893,254,141,1553,799,83,30,524,227,277,134,807,410,217,105,453,203,4,1,0.0,0.8,1345
Michael White,Peter Lines,7,1387,1233,0.7006252854909363,0.595078473866134,275,155,1955,1045,660,362,4892,2552,355,196,1037,565,218,97,751,359,4,1,0.0,0.8,1345
Jason Weston,Jimmy White,7,1182,1211,0.46042091137016095,0.4818829349568186,266,149,2103,1121,1349,767,11685,6174,16,8,16,8,259,123,875,411,4,2,0.0,0.6666666666666666,1345
Liang Wenbo,Matthew Stevens,7,1423,1354,0.5934092174000843,0.5430183807243099,402,237,2748,1508,815,486,6393,3496,373,204,1110,624,307,156,1220,614,4,2,0.0,0.6666666666666666,1345
Daniel Wells,Tom Rees,7,1141,983,0.7053268662779104,0.5974857658270161,244,118,1627,802,1,0,4,0,202,95,673,304,4,0,4,0,4,1,0.0,0.8,1345
Lee Walker,Hammad Miah,7,1261,1036,0.7782368395177592,0.6370307944803831,366,209,2877,1504,47,15,302,118,106,51,157,80,127,40,284,112,4,0,0.0,1.0,1345
Ricky Walden,Louis Heathcote,7,1497,984,0.9558685118862029,0.7828750312283104,614,379,4449,2475,7,2,42,17,564,329,1551,861,24,9,42,17,4,0,0.0,1.0,1345
Chris Wakelin,Michael Georgiou,7,1237,1211,0.5354968818114487,0.5162442810620724,65,34,428,217,109,50,636,314,216,108,428,217,171,92,292,164,4,1,0.0,0.8,1345
Judd Trump,Zhang Yong,7,1615,995,0.9790143804288663,0.8249137318359602,616,410,4171,2427,17,7,93,38,727,450,1949,1153,35,13,93,38,4,0,0.0,1.0,1345
Sam Thistlewhite,Joe Perry,7,996,1510,0.04384011575963145,0.2167003150109591,46,17,239,105,822,480,5993,3214,0,0,57,24,514,292,1505,846,4,2,0.0,0.6666666666666666,1345
Zak Surety,Rory McLeod,7,1111,1286,0.2751060630015586,0.39233683016710835,70,33,398,193,452,249,3467,1819,101,43,312,154,226,111,787,401,4,3,0.0,0.5714285714285714,1345
Matthew Selt,David Morris,7,1445,1293,0.698260993708389,0.5938731029341427,371,199,2579,1338,212,111,1588,806,369,225,860,455,171,81,579,307,4,3,0.0,0.5714285714285714,1345
Mark Selby,Sydney Wilson,7,1558,1128,0.9252601960385705,0.7455466141264027,808,546,5868,3381,121,47,690,321,554,328,1981,1193,179,85,400,205,4,1,0.0,0.8,1345
Brandon Sargeant,David Gilbert,7,1002,1340,0.12666279686160137,0.30048277233757253,20,8,111,50,372,207,2850,1506,69,34,111,50,253,128,933,499,4,2,0.0,0.6666666666666666,1345
George Pragnall,Robert Milkins,7,1029,1335,0.14993851073987086,0.3175616978069352,10,5,58,28,657,402,4922,2690,52,26,52,26,430,224,1364,752,4,2,0.0,0.6666666666666666,1345
Tian Pengfei,Vinnie Calabrese,7,1380,1095,0.8332252833962372,0.6709533329057776,259,147,1723,922,91,38,580,261,292,163,856,450,152,58,341,134,4,1,0.0,0.8,1345
Fergal O'Brien,Rhys Clark,7,1363,1133,0.783204659627048,0.6399160967377341,721,414,5606,2965,48,23,276,137,283,155,828,433,99,48,276,137,4,0,0.0,1.0,1345
Chris Melling,Martin O'Donnell,7,1176,1221,0.4387350506415305,0.4719046255916129,144,83,993,530,207,97,1235,615,136,65,136,65,202,112,582,288,4,1,0.0,0.8,1345
Aditya Mehta,Sam Craigie,7,1326,1212,0.651748409886971,0.5707716118944918,210,106,1458,732,72,36,444,226,238,128,903,468,0,0,110,56,4,0,0.0,1.0,1345
Alan McManus,Jake Nicholson,7,1452,948,0.9531709446180343,0.7790261077798122,805,482,6842,3628,53,14,280,108,420,237,1078,587,58,30,143,67,4,1,0.0,0.8,1345
Anthony McGill,Kishan Hirani,7,1380,1072,0.8515999175968284,0.6835208937363156,296,177,1836,1011,92,42,488,227,324,174,956,514,86,46,234,118,4,3,0.0,0.5714285714285714,1345
Stephen Maguire,Sanderson Lam,7,1564,1095,0.9413132305006316,0.763596605159627,730,490,5420,3094,66,30,376,176,553,339,1697,995,153,76,346,165,4,1,0.0,0.8,1345
Kurt Maflin,Kacper Filipiak,7,1349,1027,0.8620548673015752,0.6910430124157229,398,235,2638,1433,49,15,259,89,285,143,987,531,111,56,198,84,4,0,0.0,1.0,1345
Oliver Lines,Xiao Guodong,7,1224,1410,0.26281719414747273,0.38580035722310485,92,52,527,283,287,168,1961,1081,200,103,473,261,326,188,1019,562,4,2,0.0,0.6666666666666666,1345
Rod Lawler,Lu Ning,7,1335,1127,0.7608368593181393,0.6271477663131956,698,389,5445,2850,41,15,281,125,315,168,1032,554,108,49,281,125,4,1,0.0,0.8,1345
Mark King,Ashley Carty,7,1326,1142,0.7349708541108757,0.6130141761393355,757,418,5653,2948,66,34,385,192,328,166,1021,526,174,89,360,183,4,1,0.0,0.8,1345
Jamie Jones,Gareth Allen,7,1337,1144,0.7448448720621436,0.6183380393302829,363,218,2400,1308,106,52,592,295,315,171,949,501,147,76,449,223,4,0,0.0,1.0,1345
Ashley Hugill,Mitchell Mann,7,969,1164,0.25298898790249863,0.3804826803529153,14,4,73,29,152,75,893,448,51,19,73,29,130,61,342,169,4,1,0.0,0.8,1345
Michael Holt,Duane Jones,7,1363,1270,0.6248970337106214,0.5578645727207344,618,363,4591,2445,90,54,507,296,406,214,1087,578,92,55,360,213,4,1,0.0,0.8,1345
Liam Highfield,Ken Doherty,7,1316,1329,0.48223281808358937,0.4918757150937391,244,135,1632,865,1015,629,8406,4650,249,140,792,412,283,148,987,521,4,2,0.0,0.6666666666666666,1345
Andrew Higginson,Daniel Schneider,7,1346,946,0.9106296787309383,0.7310585786300049,586,354,4166,2296,7,1,32,8,304,163,1026,534,12,0,32,8,4,0,0.0,1.0,1345
John Higgins,Dechawat Poomjaeng,7,1546,1325,0.774213209168811,0.6347154153791584,1163,823,9444,5574,170,95,1213,621,521,301,1397,814,364,194,1057,553,4,0,0.0,1.0,1345
Li Hang,Allan Taylor,7,1349,1190,0.7064965786766507,0.5980868603322034,142,69,1002,509,210,107,1195,618,276,149,591,305,174,74,422,191,4,3,0.0,0.5714285714285714,1345
Anthony Hamilton,Scott Donaldson,7,1375,1247,0.6692199309586204,0.5793242521487495,717,422,5636,3032,128,69,829,416,242,125,822,431,286,142,819,411,4,1,0.0,0.8,1345
David Grace,Jimmy Robertson,7,1182,1316,0.3234078367146668,0.4170245457988005,220,100,1428,688,324,172,2162,1108,172,71,690,326,329,176,914,473,4,3,0.0,0.5714285714285714,1345
Ian Glover,Stuart Carrington,7,1156,1287,0.32708497904170997,0.41884903571060617,148,66,889,431,208,112,1272,675,120,50,298,152,219,107,551,276,4,3,0.0,0.5714285714285714,1345
Tom Ford,James Wattana,7,1349,1189,0.7076639986592218,0.598687660112452,449,254,3263,1733,738,414,6290,3344,268,138,969,493,151,68,691,324,4,0,0.0,1.0,1345
Peter Ebdon,Michael Wasley,7,1344,1321,0.5314106943491967,0.5143710406970602,904,520,7345,3944,224,115,1424,711,327,181,1058,538,305,155,822,414,4,3,0.0,0.5714285714285714,1345
Mike Dunn,Oliver Brown,7,1314,1192,0.661777191191235,0.5756643510425494,587,312,4361,2247,123,53,663,310,282,150,735,366,152,81,464,251,4,3,0.0,0.5714285714285714,1345
Graeme Dott,Ross Muir,7,1440,1127,0.855396798107813,0.6862186708976811,690,405,5396,2888,67,26,415,185,446,256,1223,678,198,84,405,180,4,0,0.0,1.0,1345
Yu Delu,Eden Sharav,7,1301,1195,0.641605432096216,0.5658650028954817,180,93,1240,637,58,36,323,175,247,123,882,463,182,101,266,145,4,0,0.0,1.0,1345
Ryan Day,Jamie Clarke,7,1464,1209,0.8070005952389404,0.654188113761243,690,416,4866,2672,82,43,466,247,605,330,1422,753,221,126,373,207,4,1,0.0,0.8,1345
Mark Davis,Elliot Slessor,7,1432,1155,0.8264821963228286,0.6665228332551123,847,508,6227,3388,69,27,418,186,496,274,1648,914,156,63,398,176,4,1,0.0,0.8,1345
Dominic Dale,Noppon Saengkham,7,1421,1286,0.6778138346852377,0.5835831155172753,737,426,5466,2919,101,45,701,326,465,262,1270,674,290,147,531,268,4,0,0.0,1.0,1345
Dylan Craig,Mark Joyce,7,1080,1273,0.25515512793785655,0.38166196066971714,30,16,158,85,344,183,2464,1246,45,26,158,85,272,132,916,464,4,3,0.0,0.5714285714285714,1345
Thor Chuan Leong,Thepchaiya Un-Nooh,7,942,1355,0.0827732218068046,0.26259971417233613,5,0,28,3,174,97,1229,648,28,3,28,3,296,163,838,439,4,3,0.0,0.5714285714285714,1345
Ian Burns,Steven Hallworth,7,1305,1062,0.7957969165005263,0.647370307581549,228,124,1398,736,35,14,206,92,236,115,787,415,101,40,202,92,4,0,0.0,1.0,1345
Alfie Burden,Tomasz Skalski,7,1289,1054,0.7881034579959058,0.6427913242407762,553,300,4089,2118,35,14,195,89,211,107,868,439,46,24,126,62,4,0,0.0,1.0,1345
Luca Brecel,Barry Pinches,7,1275,1232,0.5585634499391967,0.5268491486891144,163,81,1131,576,679,357,5359,2793,271,143,874,455,251,124,690,318,4,0,0.0,1.0,1345
Nigel Bond,Jack Lisowski,7,1274,1355,0.3907515745539448,0.4495472886604723,768,431,6179,3281,281,170,1800,987,208,105,747,377,273,145,885,461,4,3,0.0,0.5714285714285714,1345
Stuart Bingham,Craig Steadman,7,1473,1327,0.691115079332653,0.5902502519301834,818,514,6050,3437,333,191,2187,1174,554,339,1661,959,328,179,762,383,4,1,0.0,0.8,1345
Richard Beckham,Mark Williams,7,1035,1422,0.09637581676917054,0.27537908558188084,13,8,67,35,1094,712,8622,4920,64,35,64,35,472,269,1349,761,4,3,0.0,0.5714285714285714,1345
Sam Baird,Paul Davison,7,1304,1240,0.5867595016023184,0.5399148845555657,224,120,1532,793,577,311,4091,2108,275,142,864,451,232,121,853,427,4,1,0.0,0.8,1345
Zhang Anda,Cao Yupeng,7,1274,1280,0.4917974901893887,0.496250070310918,195,93,1334,664,156,81,1130,576,203,107,703,344,215,111,966,505,4,3,0.0,0.5714285714285714,1345
Zhao Xintong,Sam Thistlewhite,7,1258,996,0.8133483117002799,0.6581363150480182,46,25,313,168,46,17,239,105,138,69,313,168,0,0,57,24,4,1,0.0,0.8,1345
Kyren Wilson,Kurt Maflin,7,1320,1349,0.46042091137016095,0.4818829349568186,233,136,1487,806,398,235,2638,1433,240,122,631,343,285,143,987,531,4,1,0.0,0.8,1345
Robbie Williams,Ian Glover,7,1252,1156,0.6287764284690306,0.5597136492671929,254,141,1553,799,148,66,889,431,277,134,807,410,120,50,298,152,4,2,0.0,0.6666666666666666,1345
Michael White,Liam Highfield,7,1387,1316,0.5960612197256479,0.5442588584178731,275,155,1955,1045,244,135,1632,865,355,196,1037,565,249,140,792,412,4,1,0.0,0.8,1345
Liang Wenbo,Joel Walker,7,1423,1295,0.6692199309586204,0.5793242521487495,402,237,2748,1508,126,60,805,394,373,204,1110,624,246,127,644,315,4,1,0.0,0.8,1345
Daniel Wells,Chris Melling,7,1141,1176,0.4522702554497651,0.47813894602839846,244,118,1627,802,144,83,993,530,202,95,673,304,136,65,136,65,4,1,0.0,0.8,1345
Lee Walker,Richard Beckham,7,1261,1035,0.7792359029381558,0.637608652621925,366,209,2877,1504,13,8,67,35,106,51,157,80,64,35,64,35,4,1,0.0,0.8,1345
Ricky Walden,Ian Burns,7,1497,1305,0.7437579445222342,0.617747874769249,614,379,4449,2475,228,124,1398,736,564,329,1551,861,236,115,787,415,4,0,0.0,1.0,1345
Zak Surety,Aditya Mehta,7,1111,1326,0.2319038910879732,0.36876933738359946,70,33,398,193,210,106,1458,732,101,43,312,154,238,128,903,468,4,1,0.0,0.8,1345
Mark Selby,Yu Delu,7,1558,1301,0.8088283859322067,0.655318370173895,808,546,5868,3381,180,93,1240,637,554,328,1981,1193,247,123,882,463,4,2,0.0,0.6666666666666666,1345
Tian Pengfei,Ashley Hugill,7,1380,969,0.9162378856649652,0.7364309317009723,259,147,1723,922,14,4,73,29,292,163,856,450,51,19,73,29,4,3,0.0,0.5714285714285714,1345
Fergal O'Brien,Mike Dunn,7,1363,1314,0.5666587144886649,0.530586760182081,721,414,5606,2965,587,312,4361,2247,283,155,828,433,282,150,735,366,4,3,0.0,0.5714285714285714,1345
Oliver Lines,Chris Wakelin,7,1224,1237,0.48223281808358937,0.4918757150937391,92,52,527,283,65,34,428,217,200,103,473,261,216,108,428,217,4,0,0.0,1.0,1345
Rod Lawler,Judd Trump,7,1335,1615,0.17096781161198144,0.3318122278318339,698,389,5445,2850,616,410,4171,2427,315,168,1032,554,727,450,1949,1153,4,3,0.0,0.5714285714285714,1345
Mark King,John Higgins,7,1326,1546,0.22679952149986343,0.36586440898919936,757,418,5653,2948,1163,823,9444,5574,328,166,1021,526,521,301,1397,814,4,3,0.0,0.5714285714285714,1345
Jamie Jones,Alan McManus,7,1337,1452,0.3469916118703663,0.42861601832306767,363,218,2400,1308,805,482,6842,3628,315,171,949,501,420,237,1078,587,4,0,0.0,1.0,1345
Andrew Higginson,Anthony McGill,7,1346,1380,0.45362731252530075,0.4787627850337259,586,354,4166,2296,296,177,1836,1011,304,163,1026,534,324,174,956,514,4,3,0.0,0.5714285714285714,1345
Anthony Hamilton,Michael Holt,7,1375,1363,0.5164013295642876,0.5074994375506203,717,422,5636,3032,618,363,4591,2445,242,125,822,431,406,214,1087,578,4,2,0.0,0.6666666666666666,1345
David Grace,Stephen Maguire,7,1182,1564,0.09918172751088478,0.27788039415064275,220,100,1428,688,730,490,5420,3094,172,71,690,326,553,339,1697,995,4,3,0.0,0.5714285714285714,1345
Marco Fu,Sam Baird,7,1463,1304,0.7064965786766507,0.5980868603322034,679,401,5090,2756,224,120,1532,793,506,280,1487,837,275,142,864,451,4,2,0.0,0.6666666666666666,1345
Tom Ford,George Pragnall,7,1349,1029,0.8605948171135659,0.6899744811276125,449,254,3263,1733,10,5,58,28,268,138,969,493,52,26,52,26,4,2,0.0,0.6666666666666666,1345
Peter Ebdon,Zhou Yuelong,7,1344,1201,0.6875128007198821,0.5884351201276382,904,520,7345,3944,47,22,294,148,327,181,1058,538,130,69,294,148,4,2,0.0,0.6666666666666666,1345
Ryan Day,Hossein Vafaei,7,1464,1158,0.8500614892601291,0.6824383021930648,690,416,4866,2672,24,14,178,92,605,330,1422,753,67,39,172,91,4,3,0.0,0.5714285714285714,1345
Mark Davis,Li Hang,7,1432,1349,0.611870456908998,0.5516896693427,847,508,6227,3388,142,69,1002,509,496,274,1648,914,276,149,591,305,4,0,0.0,1.0,1345
Dominic Dale,Michael Leslie,7,1421,1103,0.8591236298223967,0.6889039179769546,737,426,5466,2919,94,27,598,240,465,262,1270,674,185,79,465,179,4,0,0.0,1.0,1345
Dylan Craig,Brandon Sargeant,7,1080,1002,0.6053054839891849,0.5485961085831343,30,16,158,85,20,8,111,50,45,26,158,85,69,34,111,50,4,1,0.0,0.8,1345
Thor Chuan Leong,Jason Weston,7,942,1182,0.2070671951159809,0.35434369377420455,5,0,28,3,266,149,2103,1121,28,3,28,3,16,8,16,8,4,1,0.0,0.8,1345
Alfie Burden,Matthew Selt,7,1289,1445,0.2970193973349833,0.40371730070321216,553,300,4089,2118,371,199,2579,1338,211,107,868,439,369,225,860,455,4,1,0.0,0.8,1345
Luca Brecel,Gary Wilson,7,1275,1293,0.47540722540195457,0.4887518980531451,163,81,1131,576,277,165,1760,969,271,143,874,455,226,108,710,392,4,1,0.0,0.8,1345
Nigel Bond,Ben Woollaston,7,1274,1337,0.41457369574132835,0.4607061941016405,768,431,6179,3281,392,224,2569,1378,208,105,747,377,281,145,1023,559,4,2,0.0,0.6666666666666666,1345
Stuart Bingham,Ding Junhui,7,1473,1591,0.34322251370053336,0.42678022732016513,818,514,6050,3437,564,378,4163,2383,554,339,1661,959,417,260,1528,917,4,2,0.0,0.6666666666666666,1345
Zhang Anda,Graeme Dott,7,1274,1440,0.2853801489272095,0.3977138231113694,195,93,1334,664,690,405,5396,2888,203,107,703,344,446,256,1223,678,4,1,0.0,0.8,1345
Kyren Wilson,Zhang Anda,7,1320,1274,0.5626145694127913,0.5287183569514396,233,136,1487,806,195,93,1334,664,240,122,631,343,203,107,703,344,4,2,0.0,0.6666666666666666,1345
Michael White,Rod Lawler,7,1387,1335,0.5706954446194282,0.5324543063873187,275,155,1955,1045,698,389,5445,2850,355,196,1037,565,315,168,1032,554,4,1,0.0,0.8,1345
Liang Wenbo,Zak Surety,7,1423,1111,0.854643035192062,0.6856801139382539,402,237,2748,1508,70,33,398,193,373,204,1110,624,101,43,312,154,4,0,0.0,1.0,1345
Ricky Walden,Tom Ford,7,1497,1349,0.6935058085008956,0.5914589784327801,614,379,4449,2475,449,254,3263,1733,564,329,1551,861,268,138,969,493,4,2,0.0,0.6666666666666666,1345
Mark Selby,Zhao Xintong,7,1558,1258,0.8453785395674661,0.679178699175393,808,546,5868,3381,46,25,313,168,554,328,1981,1193,138,69,313,168,4,1,0.0,0.8,1345
Oliver Lines,Ryan Day,7,1224,1464,0.2070671951159809,0.35434369377420455,92,52,527,283,690,416,4866,2672,200,103,473,261,605,330,1422,753,4,3,0.0,0.5714285714285714,1345
Mark King,Mark Davis,7,1326,1432,0.358394567903784,0.4341349971045183,757,418,5653,2948,847,508,6227,3388,328,166,1021,526,496,274,1648,914,4,2,0.0,0.6666666666666666,1345
Andrew Higginson,Anthony Hamilton,7,1346,1375,0.46042091137016095,0.4818829349568186,586,354,4166,2296,717,422,5636,3032,304,163,1026,534,242,125,822,431,4,1,0.0,0.8,1345
David Grace,Fergal O'Brien,7,1182,1363,0.2683658456228286,0.3887665333241305,220,100,1428,688,721,414,5606,2965,172,71,690,326,283,155,828,433,4,3,0.0,0.5714285714285714,1345
Marco Fu,Dylan Craig,7,1463,1080,0.9013844742212599,0.7226209843749648,679,401,5090,2756,30,16,158,85,506,280,1487,837,45,26,158,85,4,2,0.0,0.6666666666666666,1345
Peter Ebdon,Jamie Jones,7,1344,1337,0.5095693356278297,0.5043748883497735,904,520,7345,3944,363,218,2400,1308,327,181,1058,538,315,171,949,501,4,1,0.0,0.8,1345
Dominic Dale,Tian Pengfei,7,1421,1380,0.5558590476581076,0.5256025883246178,737,426,5466,2919,259,147,1723,922,465,262,1270,674,292,163,856,450,4,3,0.0,0.5714285714285714,1345
Alfie Burden,Robbie Williams,7,1289,1252,0.5504420624351876,0.523108525489089,553,300,4089,2118,254,141,1553,799,211,107,868,439,277,134,807,410,4,1,0.0,0.8,1345
Luca Brecel,Lee Walker,7,1275,1261,0.5191328123553783,0.5087491068802403,163,81,1131,576,366,209,2877,1504,271,143,874,455,106,51,157,80,4,3,0.0,0.5714285714285714,1345
Nigel Bond,Daniel Wells,7,1274,1141,0.67536846283006,0.5823675407280794,768,431,6179,3281,244,118,1627,802,208,105,747,377,202,95,673,304,4,2,0.0,0.6666666666666666,1345
Stuart Bingham,Thor Chuan Leong,7,1473,942,0.9608669100259551,0.7904268047931361,818,514,6050,3437,5,0,28,3,554,339,1661,959,28,3,28,3,4,0,0.0,1.0,1345
Michael White,Andrew Higginson,7,1387,1346,0.5558590476581076,0.5256025883246178,275,155,1955,1045,586,354,4166,2296,355,196,1037,565,304,163,1026,534,4,3,0.0,0.5714285714285714,1345
Liang Wenbo,Mark Selby,7,1423,1558,0.32218616531476235,0.41641688448272474,402,237,2748,1508,808,546,5868,3381,373,204,1110,624,554,328,1981,1193,4,3,0.0,0.5714285714285714,1345
Mark King,Ricky Walden,7,1326,1497,0.27964834205542655,0.39472346622515553,757,418,5653,2948,614,379,4449,2475,328,166,1021,526,564,329,1551,861,4,2,0.0,0.6666666666666666,1345
David Grace,Peter Ebdon,7,1182,1344,0.29000807657290884,0.40011163113600173,220,100,1428,688,904,520,7345,3944,172,71,690,326,327,181,1058,538,4,2,0.0,0.6666666666666666,1345
Marco Fu,Luca Brecel,7,1463,1275,0.7393846765226212,0.6153837563911821,679,401,5090,2756,163,81,1131,576,506,280,1487,837,271,143,874,455,4,2,0.0,0.6666666666666666,1345
Dominic Dale,Kyren Wilson,7,1421,1320,0.6352110684578025,0.5627917401386452,737,426,5466,2919,233,136,1487,806,465,262,1270,674,240,122,631,343,4,3,0.0,0.5714285714285714,1345
Alfie Burden,Oliver Lines,7,1289,1224,0.5880916350836762,0.5405358392737893,553,300,4089,2118,92,52,527,283,211,107,868,439,200,103,473,261,4,2,0.0,0.6666666666666666,1345
Stuart Bingham,Nigel Bond,7,1473,1274,0.7513122476997512,0.6218716423074662,818,514,6050,3437,768,431,6179,3281,554,339,1661,959,208,105,747,377,4,0,0.0,1.0,1345
Michael White,Alfie Burden,7,1387,1289,0.6313550071762073,0.5609454503247162,275,155,1955,1045,553,300,4089,2118,355,196,1037,565,211,107,868,439,4,2,0.0,0.6666666666666666,1345
Liang Wenbo,David Grace,7,1423,1182,0.7938903058360224,0.6462280583309002,402,237,2748,1508,220,100,1428,688,373,204,1110,624,172,71,690,326,4,1,0.0,0.8,1345
Marco Fu,Dominic Dale,7,1463,1421,0.557211603425229,0.5262259093720687,679,401,5090,2756,737,426,5466,2919,506,280,1487,837,465,262,1270,674,4,1,0.0,0.8,1345
Stuart Bingham,Mark King,7,1473,1326,0.692311529960642,0.5908547524545943,818,514,6050,3437,757,418,5653,2948,554,339,1661,959,328,166,1021,526,4,1,0.0,0.8,1345
Michael White,Stuart Bingham,7,1387,1473,0.3842066871290606,0.4464560968488817,275,155,1955,1045,818,514,6050,3437,355,196,1037,565,554,339,1661,959,4,0,0.0,1.0,1345
Marco Fu,Liang Wenbo,7,1463,1423,0.5545057991359676,0.52497918747894,679,401,5090,2756,402,237,2748,1508,506,280,1487,837,373,204,1110,624,4,0,0.0,1.0,1345
Marco Fu,Michael White,7,1463,1387,0.6026704349193375,0.5473576181430894,679,401,5090,2756,275,155,1955,1045,506,280,1487,837,355,196,1037,565,4,1,0.0,0.8,1345
Zhou Yuelong,Craig Steadman,11,1205,1319,0.31466446801830544,0.4292283881055083,49,23,305,154,334,191,2192,1175,11,6,227,121,5,1,560,282,6,3,0.0,0.6666666666666666,1334
Ben Woollaston,Steven Hallworth,11,1339,1051,0.886639866993501,0.6726070170677604,394,225,2580,1384,36,14,210,92,11,6,652,353,4,0,177,79,6,1,0.0,0.8571428571428571,1334
Kyren Wilson,Paul Davison,11,1341,1230,0.6808260033162458,0.5689332093695465,237,139,1511,821,578,311,4096,2109,24,15,494,264,5,1,501,246,6,3,0.0,0.6666666666666666,1334
Gary Wilson,Martin O'Donnell,11,1286,1208,0.6295033783102222,0.5485961085831343,279,166,1770,974,208,97,1240,616,10,5,565,306,5,1,411,201,6,3,0.0,0.6666666666666666,1334
Sydney Wilson,Michael White,11,1126,1430,0.10123539242677079,0.31864626621097447,122,47,695,322,282,161,1992,1070,5,1,327,162,37,25,711,393,6,5,0.0,0.5454545454545454,1334
Robbie Williams,Mitchell Mann,11,1256,1148,0.6762884110738897,0.5670929049654543,257,143,1569,808,153,75,898,449,16,9,584,298,5,1,199,92,6,3,0.0,0.6666666666666666,1334
Mark Williams,Hamza Akbar,11,1406,995,0.9561441057211888,0.7364309317009723,1095,712,8629,4923,1,0,5,1,7,3,909,519,5,1,5,1,6,4,0.0,0.6,1334
Liang Wenbo,Gareth Allen,11,1446,1132,0.9058268970780113,0.6867567266439019,408,242,2779,1528,107,52,596,295,31,20,779,446,4,0,269,134,6,1,0.0,0.8571428571428571,1334
Daniel Wells,Rod Lawler,11,1159,1344,0.21734372123302143,0.3863929221952217,247,120,1643,812,701,391,5462,2859,16,10,443,205,17,9,638,333,6,4,0.0,0.6,1334
Ricky Walden,Itaro Santos,11,1506,924,0.9911725843610524,0.8107667463605056,618,382,4469,2489,69,22,384,157,20,14,1114,630,0,0,0,0,6,1,0.0,0.8571428571428571,1334
Chris Wakelin,Matthew Stevens,11,1232,1348,0.31167398745127517,0.42800386706848137,67,35,437,221,816,486,6399,3498,9,4,430,218,6,2,736,372,6,5,0.0,0.5454545454545454,1334
Thepchaiya Un-Nooh,Darryl Hill,11,1338,1035,0.8980368229956028,0.6808107108156386,175,97,1236,651,26,11,152,70,7,3,587,305,5,1,125,57,6,3,0.0,0.6666666666666666,1334
Judd Trump,Hammad Miah,11,1608,1054,0.9882854579950195,0.7997928218007208,618,411,4182,2434,50,17,314,126,11,7,1318,779,12,8,296,120,6,1,0.0,0.8571428571428571,1334
Joe Swail,Joel Walker,11,1318,1286,0.5539679003439111,0.5199893401555818,728,397,5799,3032,127,60,810,395,5,1,555,288,5,1,467,228,6,0,0.0,1.0,1334
Matthew Selt,Zhang Yong,11,1428,989,0.9655382959331047,0.7497913878870148,373,200,2591,1343,18,7,97,38,12,5,635,351,4,0,64,23,6,5,0.0,0.5454545454545454,1334
Mark Selby,Joe O'Connor,11,1559,1052,0.9814866547427133,0.7803144887848326,812,549,5891,3396,37,18,222,106,23,15,1326,804,6,2,201,95,6,0,0.0,1.0,1334
Neil Robertson,Alex Taubman,11,1511,1059,0.9692792561996867,0.7558388990947971,701,452,5163,2914,118,51,634,285,0,0,1409,835,10,4,204,106,6,3,0.0,0.6666666666666666,1334
Jimmy Robertson,Lu Ning,11,1307,1120,0.7851098343625788,0.6147918694922195,325,172,2169,1111,42,15,286,126,7,3,632,337,5,1,174,72,6,4,0.0,0.6,1334
Dechawat Poomjaeng,Chris Melling,11,1313,1176,0.7189179636673898,0.584797674717737,171,95,1217,621,146,84,1003,535,4,0,775,409,10,5,146,70,6,4,0.0,0.6,1334
Joe Perry,James Wattana,11,1489,1176,0.9051381539198899,0.6862186708976811,823,480,5999,3216,739,414,6294,3344,6,2,983,551,4,0,416,186,6,1,0.0,0.8571428571428571,1334
Tian Pengfei,Ian Burns,11,1375,1304,0.6182601443078577,0.5442588584178731,262,149,1742,933,230,125,1406,740,19,11,590,321,8,4,526,271,6,1,0.0,0.8571428571428571,1334
Sean O'Sullivan,Kurt Maflin,11,1172,1346,0.23113650704988192,0.39293301192829644,111,47,685,316,400,236,2647,1438,0,0,411,192,9,5,679,368,6,3,0.0,0.6666666666666666,1334
Fergal O'Brien,Thor Chuan Leong,11,1367,970,0.9506921929777727,0.729581436256663,724,416,5624,2976,8,2,44,11,18,11,576,310,16,8,44,11,6,5,0.0,0.5454545454545454,1334
Shaun Murphy,Ashley Hugill,11,1603,1022,0.9910817774834217,0.8103828882612089,805,522,5919,3357,18,7,94,44,0,0,1210,700,21,15,94,44,6,1,0.0,0.8571428571428571,1334
Ross Muir,Mark King,11,1117,1361,0.15218586559029912,0.35205919791934975,68,26,419,185,762,422,5682,2965,4,0,371,163,29,17,678,353,6,5,0.0,0.5454545454545454,1334
Robert Milkins,Vinnie Calabrese,11,1319,1090,0.8326791118411269,0.6393398367530659,658,402,4928,2692,92,38,585,262,6,2,942,509,5,1,319,122,6,0,0.0,1.0,1334
Aditya Mehta,Sam Baird,11,1323,1310,0.5219830188183359,0.5081242849062608,212,107,1467,737,226,121,1543,799,9,5,540,288,11,6,638,334,6,5,0.0,0.5454545454545454,1334
Alan McManus,Eden Sharav,11,1435,1181,0.8573621984079968,0.653622330899504,807,483,6851,3632,59,36,327,175,9,4,821,456,4,0,212,115,6,5,0.0,0.5454545454545454,1334
Anthony McGill,James Cahill,11,1369,1177,0.791169923020278,0.617747874769249,298,178,1850,1018,84,30,529,228,14,7,677,367,5,1,322,139,6,3,0.0,0.6666666666666666,1334
Stephen Maguire,Jimmy White,11,1549,1202,0.9264627718319158,0.704225233864307,732,491,5432,3101,1350,767,11691,6176,12,7,1197,702,6,2,568,265,6,5,0.0,0.5454545454545454,1334
Jack Lisowski,Zak Surety,11,1348,1128,0.8231281312424087,0.6341355910108007,282,170,1807,990,73,35,414,201,7,3,612,325,16,8,253,125,6,4,0.0,0.6,1334
Oliver Lines,Cao Yupeng,11,1258,1276,0.4695767035799719,0.4887518980531451,96,55,550,297,157,81,1137,579,23,14,393,220,7,3,523,255,6,2,0.0,0.75,1334
Mark Joyce,Barry Pinches,11,1263,1217,0.577315732364891,0.5287183569514396,345,183,2471,1249,680,357,5363,2793,7,3,588,295,4,0,459,214,6,4,0.0,0.6,1334
Jamie Jones,Ian Glover,11,1355,1160,0.7947551021173549,0.6195173196470847,366,220,2413,1317,150,67,902,437,13,9,623,332,13,6,209,100,6,4,0.0,0.6,1334
Robin Hull,Zhang Anda,11,1337,1287,0.5839387050670305,0.5312093733737563,433,264,3356,1855,198,95,1352,674,0,0,299,143,18,10,515,265,6,4,0.0,0.6,1334
Michael Holt,Fraser Patrick,11,1365,1196,0.7624293073910925,0.6040813228693781,620,364,4602,2451,139,61,913,428,11,6,750,396,0,0,393,179,6,4,0.0,0.6,1334
John Higgins,Leo Fernandez,11,1546,1231,0.9065117922093764,0.6872942801972042,1165,824,9455,5581,384,233,2945,1597,11,7,995,584,0,0,63,40,6,1,0.0,0.8571428571428571,1334
Barry Hawkins,Andy Hicks,11,1450,1243,0.8087108492997335,0.6265629971237182,716,438,5161,2860,552,298,4571,2372,0,0,1127,632,0,0,55,23,6,5,0.0,0.5454545454545454,1334
Li Hang,Lee Walker,11,1334,1277,0.5954682100046357,0.5355648379838539,144,70,1013,513,369,211,2893,1515,11,4,457,239,16,11,122,62,6,5,0.0,0.5454545454545454,1334
Anthony Hamilton,Peter Lines,11,1379,1225,0.7425250047020281,0.595078473866134,720,424,5652,3041,661,362,4897,2553,16,9,570,308,5,1,519,245,6,4,0.0,0.6,1334
Xiao Guodong,Noppon Saengkham,11,1397,1273,0.7001574255021287,0.5768852611320463,288,168,1967,1083,102,45,705,326,6,2,689,391,4,0,485,242,6,5,0.0,0.5454545454545454,1334
Gerard Greene,Michael Leslie,11,1214,1093,0.6957454653911014,0.5750535485557879,616,336,4664,2449,95,27,602,240,0,0,458,218,4,0,382,159,6,0,0.0,1.0,1334
David Grace,Andrew Higginson,11,1223,1371,0.2656828446942061,0.40854102156721994,225,104,1460,705,590,357,4189,2311,32,17,444,203,23,15,634,334,6,1,0.0,0.8571428571428571,1334
Martin Gould,Allan Taylor,11,1498,1191,0.9009243072134223,0.6829798455801029,494,296,3331,1815,211,107,1202,621,0,0,865,474,7,3,281,111,6,2,0.0,0.75,1334
David Gilbert,Jason Weston,11,1323,1173,0.7370683969010353,0.5926665999540697,373,207,2856,1508,268,150,2114,1126,6,2,612,330,11,5,27,13,6,1,0.0,0.8571428571428571,1334
Michael Georgiou,David Morris,11,1200,1294,0.3452406378162233,0.44151888756183866,110,50,641,315,213,111,1595,809,5,1,297,165,7,3,455,241,6,5,0.0,0.5454545454545454,1334
Marco Fu,Hatem Yassen,11,1506,1000,0.9813100565791354,0.7798856290007258,685,407,5122,2780,0,0,0,0,32,24,1113,639,0,0,0,0,6,2,0.0,0.75,1334
Tom Ford,Scott Donaldson,11,1358,1238,0.6942681409008947,0.574442516811659,452,256,3279,1743,129,69,834,417,16,10,541,266,5,1,628,313,6,1,0.0,0.8571428571428571,1334
Peter Ebdon,Lyu Chenwei,11,1351,1062,0.8874279875518349,0.6731572963701318,908,523,7369,3958,28,11,162,69,24,14,587,297,0,0,134,61,6,0,0.0,1.0,1334
Mike Dunn,Thanawat Thirapongpaiboon,11,1312,1188,0.7001574255021287,0.5768852611320463,589,313,4375,2254,145,66,1010,481,14,7,568,292,0,0,386,169,6,3,0.0,0.6666666666666666,1334
Adam Duffy,Ding Junhui,11,1175,1580,0.046127217231742026,0.2664908818397196,228,115,1419,722,565,378,4169,2385,13,7,414,194,6,2,1060,640,6,2,0.0,0.75,1334
Graeme Dott,Nigel Bond,11,1434,1283,0.7384383044161037,0.5932699921071872,692,406,5405,2893,772,434,6202,3293,9,5,883,503,23,12,516,259,6,2,0.0,0.75,1334
Ken Doherty,Tony Drago,11,1321,1210,0.6808260033162458,0.5689332093695465,1016,629,8412,4652,699,347,5767,2862,6,2,559,283,0,0,407,189,6,0,0.0,1.0,1334
Yu Delu,Michael Wasley,11,1314,1318,0.493232760237834,0.49750002083312506,182,94,1250,643,225,115,1431,714,10,6,515,265,7,3,603,303,6,2,0.0,0.75,1334
Ryan Day,Duane Jones,11,1453,1260,0.7923692348926034,0.6183380393302829,693,418,4885,2683,91,54,512,297,19,11,1028,555,5,1,232,138,6,1,0.0,0.8571428571428571,1334
Mark Davis,Rhys Clark,11,1441,1121,0.9098789181107124,0.6899744811276125,850,510,6242,3398,49,23,280,137,15,10,1032,574,4,0,208,101,6,1,0.0,0.8571428571428571,1334
Dominic Dale,Michael Wild,11,1435,1194,0.8448653440403099,0.6462280583309002,742,430,5493,2936,271,153,1635,895,27,17,863,467,0,0,125,63,6,0,0.0,1.0,1334
Jamie Cope,Rory McLeod,11,1272,1276,0.493232760237834,0.49750002083312506,482,261,3258,1669,453,249,3474,1822,4,0,449,215,7,3,506,250,6,5,0.0,0.5454545454545454,1334
Ali Carter,Alfie Burden,11,1498,1329,0.7624293073910925,0.6040813228693781,717,430,5144,2826,558,304,4115,2136,0,0,634,360,26,18,558,285,6,4,0.0,0.6,1334
Stuart Carrington,Liam Highfield,11,1278,1314,0.43933752904864576,0.4775151752081999,209,112,1279,678,246,136,1643,870,7,3,371,186,11,5,566,303,6,4,0.0,0.6,1334
Jamie Burnett,Sanderson Lam,11,1306,1094,0.8143426634341571,0.6294831119673949,590,344,4665,2484,67,30,381,177,0,0,452,227,5,1,329,160,6,1,0.0,0.8571428571428571,1334
Luca Brecel,Hossein Vafaei,11,1302,1164,0.7203362767604422,0.585404569129465,167,84,1153,590,25,14,185,95,22,14,519,268,7,3,112,58,6,1,0.0,0.8571428571428571,1334
Stuart Bingham,Jordan Brown,11,1502,1152,0.9281450409376045,0.7057850278370112,824,519,6078,3457,68,37,440,228,28,20,1184,703,0,0,43,20,6,1,0.0,0.8571428571428571,1334
Mark Allen,Zhao Xintong,11,1515,1289,0.8295346319186601,0.637608652621925,550,350,3718,2082,51,29,336,185,0,0,875,526,23,17,267,146,6,2,0.0,0.75,1334
Ben Woollaston,Ross Muir,11,1339,1117,0.8252810393862255,0.6352948493228071,394,225,2580,1384,68,26,419,185,11,6,652,353,4,0,371,163,6,5,0.0,0.5454545454545454,1334
Kyren Wilson,Mike Dunn,11,1341,1312,0.5489363138849731,0.5181170650431814,237,139,1511,821,589,313,4375,2254,24,15,494,264,14,7,568,292,6,2,0.0,0.75,1334
Robbie Williams,Joe Perry,11,1256,1489,0.16318920387694577,0.3583575467984366,257,143,1569,808,823,480,5999,3216,16,9,584,298,6,2,983,551,6,3,0.0,0.6666666666666666,1334
Liang Wenbo,Jimmy Robertson,11,1446,1307,0.7217509605986691,0.5860112044388707,408,242,2779,1528,325,172,2169,1111,31,20,779,446,7,3,632,337,6,2,0.0,0.75,1334
Thepchaiya Un-Nooh,Fergal O'Brien,11,1338,1367,0.45106368611502723,0.4818829349568186,175,97,1236,651,724,416,5624,2976,7,3,587,305,18,11,576,310,6,5,0.0,0.5454545454545454,1334
Judd Trump,Stuart Carrington,11,1608,1278,0.916330777885757,0.6952966693475653,618,411,4182,2434,209,112,1279,678,11,7,1318,779,7,3,371,186,6,3,0.0,0.6666666666666666,1334
Joe Swail,Adam Duffy,11,1318,1175,0.7273730783317633,0.5884351201276382,728,397,5799,3032,228,115,1419,722,5,1,555,288,13,7,414,194,6,5,0.0,0.5454545454545454,1334
Matthew Selt,Sean O'Sullivan,11,1428,1172,0.8592200839079102,0.6547534606063192,373,200,2591,1343,111,47,685,316,12,5,635,351,0,0,411,192,6,4,0.0,0.6,1334
Mark Selby,Oliver Lines,11,1559,1258,0.8965693689340688,0.6797231924722057,812,549,5891,3396,96,55,550,297,23,15,1326,804,23,14,393,220,6,0,0.0,1.0,1334
Neil Robertson,Aditya Mehta,11,1511,1323,0.7863303004766008,0.6153837563911821,701,452,5163,2914,212,107,1467,737,0,0,1409,835,9,5,540,288,6,2,0.0,0.75,1334
Dechawat Poomjaeng,Ryan Day,11,1313,1453,0.2768380012109587,0.41338242108267,171,95,1217,621,693,418,4885,2683,4,0,775,409,19,11,1028,555,6,2,0.0,0.75,1334
Shaun Murphy,Zhou Yuelong,11,1603,1205,0.9510994786162322,0.7300743839811188,805,522,5919,3357,49,23,305,154,0,0,1210,700,11,6,227,121,6,1,0.0,0.8571428571428571,1334
Stephen Maguire,Jamie Cope,11,1549,1272,0.8776987674539687,0.6665228332551123,732,491,5432,3101,482,261,3258,1669,12,7,1197,702,4,0,449,215,6,0,0.0,1.0,1334
Jack Lisowski,Graeme Dott,11,1348,1434,0.3577875019887313,0.4464560968488817,282,170,1807,990,692,406,5405,2893,7,3,612,325,9,5,883,503,6,5,0.0,0.5454545454545454,1334
Mark Joyce,Sydney Wilson,11,1263,1126,0.7189179636673898,0.584797674717737,345,183,2471,1249,122,47,695,322,7,3,588,295,5,1,327,162,6,2,0.0,0.75,1334
Jamie Jones,Xiao Guodong,11,1355,1397,0.4293301031522295,0.4737740906279313,366,220,2413,1317,288,168,1967,1083,13,9,623,332,6,2,689,391,6,1,0.0,0.8571428571428571,1334
Robin Hull,Barry Hawkins,11,1337,1450,0.31616449072801983,0.42984097461816473,433,264,3356,1855,716,438,5161,2860,0,0,299,143,0,0,1127,632,6,3,0.0,0.6666666666666666,1334
Michael Holt,Chris Wakelin,11,1365,1232,0.7132087530865945,0.5823675407280794,620,364,4602,2451,67,35,437,221,11,6,750,396,9,4,430,218,6,2,0.0,0.75,1334
John Higgins,Tian Pengfei,11,1546,1375,0.7650152035547967,0.6052765337748445,1165,824,9455,5581,262,149,1742,933,11,7,995,584,19,11,590,321,6,2,0.0,0.75,1334
Li Hang,Ricky Walden,11,1334,1506,0.23369794918973066,0.3941263315682394,144,70,1013,513,618,382,4469,2489,11,4,457,239,20,14,1114,630,6,5,0.0,0.5454545454545454,1334
David Grace,Robert Milkins,11,1223,1319,0.3421307635918876,0.44028635073280703,225,104,1460,705,658,402,4928,2692,32,17,444,203,6,2,942,509,6,2,0.0,0.75,1334
Martin Gould,Gary Wilson,11,1498,1286,0.8143426634341571,0.6294831119673949,494,296,3331,1815,279,166,1770,974,0,0,865,474,10,5,565,306,6,4,0.0,0.6,1334
David Gilbert,Gerard Greene,11,1323,1214,0.6778040243791852,0.5677065480733601,373,207,2856,1508,616,336,4664,2449,6,2,612,330,0,0,458,218,6,5,0.0,0.5454545454545454,1334
Marco Fu,Yu Delu,11,1506,1314,0.791169923020278,0.617747874769249,685,407,5122,2780,182,94,1250,643,32,24,1113,639,10,6,515,265,6,0,0.0,1.0,1334
Tom Ford,Mark Williams,11,1358,1406,0.41936980454001543,0.4700359482354282,452,256,3279,1743,1095,712,8629,4923,16,10,541,266,7,3,909,519,6,5,0.0,0.5454545454545454,1334
Peter Ebdon,Dominic Dale,11,1351,1435,0.3609500755738415,0.4476920904256748,908,523,7369,3958,742,430,5493,2936,24,14,587,297,27,17,863,467,6,5,0.0,0.5454545454545454,1334
Mark Davis,Ken Doherty,11,1441,1321,0.6942681409008947,0.574442516811659,850,510,6242,3398,1016,629,8412,4652,15,10,1032,574,6,2,559,283,6,3,0.0,0.6666666666666666,1334
Ali Carter,Daniel Wells,11,1498,1159,0.9218232548008097,0.7000424476024744,717,430,5144,2826,247,120,1643,812,0,0,634,360,16,10,443,205,6,3,0.0,0.6666666666666666,1334
Jamie Burnett,Alan McManus,11,1306,1435,0.29255716611659427,0.4200665998114943,590,344,4665,2484,807,483,6851,3632,0,0,452,227,9,4,821,456,6,3,0.0,0.6666666666666666,1334
Luca Brecel,Anthony McGill,11,1302,1369,0.3882122936340574,0.4582226307163632,167,84,1153,590,298,178,1850,1018,22,14,519,268,14,7,677,367,6,4,0.0,0.6,1334
Stuart Bingham,Anthony Hamilton,11,1502,1379,0.6986901270792941,0.5762749224932653,824,519,6078,3457,720,424,5652,3041,28,20,1184,703,16,9,570,308,6,3,0.0,0.6666666666666666,1334
Mark Allen,Michael Georgiou,11,1515,1200,0.9065117922093764,0.6872942801972042,550,350,3718,2082,110,50,641,315,0,0,875,526,5,1,297,165,6,2,0.0,0.75,1334
Liang Wenbo,Judd Trump,11,1446,1608,0.24674832144759412,0.40011163113600173,408,242,2779,1528,618,411,4182,2434,31,20,779,446,11,7,1318,779,6,4,0.0,0.6,1334
Joe Swail,Michael Holt,11,1318,1365,0.42102630671025626,0.47065874995421436,728,397,5799,3032,620,364,4602,2451,5,1,555,288,11,6,750,396,6,1,0.0,0.8571428571428571,1334
Matthew Selt,Robbie Williams,11,1428,1256,0.7663020508102693,0.6058736684317606,373,200,2591,1343,257,143,1569,808,12,5,635,351,16,9,584,298,6,3,0.0,0.6666666666666666,1334
Mark Selby,Jamie Jones,11,1559,1355,0.8052799231333212,0.6248064744684293,812,549,5891,3396,366,220,2413,1317,23,15,1326,804,13,9,623,332,6,5,0.0,0.5454545454545454,1334
Neil Robertson,Thepchaiya Un-Nooh,11,1511,1338,0.7675848172598367,0.6064704870683034,701,452,5163,2914,175,97,1236,651,0,0,1409,835,7,3,587,305,6,2,0.0,0.75,1334
Dechawat Poomjaeng,Mark Joyce,11,1313,1263,0.5839387050670305,0.5312093733737563,171,95,1217,621,345,183,2471,1249,4,0,775,409,7,3,588,295,6,5,0.0,0.5454545454545454,1334
Shaun Murphy,Ben Woollaston,11,1603,1339,0.86648027898718,0.6592603884513855,805,522,5919,3357,394,225,2580,1384,0,0,1210,700,11,6,652,353,6,2,0.0,0.75,1334
Stephen Maguire,Mark Davis,11,1549,1441,0.6762884110738897,0.5670929049654543,732,491,5432,3101,850,510,6242,3398,12,7,1197,702,15,10,1032,574,6,4,0.0,0.6,1334
John Higgins,Ali Carter,11,1546,1498,0.5806301954599846,0.5299640517645717,1165,824,9455,5581,717,430,5144,2826,11,7,995,584,0,0,634,360,6,2,0.0,0.75,1334
David Grace,Jack Lisowski,11,1223,1348,0.2983786565775312,0.4225046348141883,225,104,1460,705,282,170,1807,990,32,17,444,203,7,3,612,325,6,4,0.0,0.6,1334
Martin Gould,Mark Allen,11,1498,1515,0.47126374656647324,0.4893765989950364,494,296,3331,1815,550,350,3718,2082,0,0,865,474,0,0,875,526,6,4,0.0,0.6,1334
Marco Fu,David Gilbert,11,1506,1323,0.7801859416806328,0.6124209393479161,685,407,5122,2780,373,207,2856,1508,32,24,1113,639,6,2,612,330,6,3,0.0,0.6666666666666666,1334
Tom Ford,Kyren Wilson,11,1358,1341,0.528736253433527,0.5106234010049637,452,256,3279,1743,237,139,1511,821,16,10,541,266,24,15,494,264,6,1,0.0,0.8571428571428571,1334
Peter Ebdon,Stuart Bingham,11,1351,1502,0.2615616955838963,0.4067300078928128,908,523,7369,3958,824,519,6078,3457,24,14,587,297,28,20,1184,703,6,3,0.0,0.6666666666666666,1334
Jamie Burnett,Li Hang,11,1306,1334,0.4527427474759105,0.48250714233361025,590,344,4665,2484,144,70,1013,513,0,0,452,227,11,4,457,239,6,3,0.0,0.6666666666666666,1334
Luca Brecel,Robin Hull,11,1302,1337,0.4410095569399367,0.47813894602839846,167,84,1153,590,433,264,3356,1855,22,14,519,268,0,0,299,143,6,2,0.0,0.75,1334
Liang Wenbo,Tom Ford,11,1446,1358,0.6453649277803803,0.5547792351072148,408,242,2779,1528,452,256,3279,1743,31,20,779,446,16,10,541,266,6,5,0.0,0.5454545454545454,1334
Matthew Selt,Luca Brecel,11,1428,1302,0.7030818618963935,0.5781052328843092,373,200,2591,1343,167,84,1153,590,12,5,635,351,22,14,519,268,6,4,0.0,0.6,1334
Mark Selby,Dechawat Poomjaeng,11,1559,1313,0.849758322889838,0.6490805242445733,812,549,5891,3396,171,95,1217,621,23,15,1326,804,4,0,775,409,6,1,0.0,0.8571428571428571,1334
Neil Robertson,Stephen Maguire,11,1511,1549,0.43599688617440635,0.4762678458734389,701,452,5163,2914,732,491,5432,3101,0,0,1409,835,12,7,1197,702,6,1,0.0,0.8571428571428571,1334
John Higgins,Jamie Burnett,11,1546,1306,0.8438737358496442,0.6456563062257954,1165,824,9455,5581,590,344,4665,2484,11,7,995,584,0,0,452,227,6,4,0.0,0.6,1334
David Grace,Peter Ebdon,11,1223,1351,0.29400737437698665,0.42067574785125056,225,104,1460,705,908,523,7369,3958,32,17,444,203,24,14,587,297,6,2,0.0,0.75,1334
Martin Gould,Joe Swail,11,1498,1318,0.7764491076959295,0.610639233949222,494,296,3331,1815,728,397,5799,3032,0,0,865,474,5,1,555,288,6,3,0.0,0.6666666666666666,1334
Marco Fu,Shaun Murphy,11,1506,1603,0.34057998543318124,0.4396703573114467,685,407,5122,2780,805,522,5919,3357,32,24,1113,639,0,0,1210,700,6,4,0.0,0.6,1334
Liang Wenbo,Marco Fu,11,1446,1506,0.3996162597604901,0.46257015465625045,408,242,2779,1528,685,407,5122,2780,31,20,779,446,32,24,1113,639,6,5,0.0,0.5454545454545454,1334
Mark Selby,Matthew Selt,11,1559,1428,0.7103328120698551,0.5811509642893937,812,549,5891,3396,373,200,2591,1343,23,15,1326,804,12,5,635,351,6,1,0.0,0.8571428571428571,1334
Neil Robertson,John Higgins,11,1511,1546,0.4410095569399367,0.47813894602839846,701,452,5163,2914,1165,824,9455,5581,0,0,1409,835,11,7,995,584,6,5,0.0,0.5454545454545454,1334
David Grace,Martin Gould,11,1223,1498,0.12398087407211997,0.334589441253186,225,104,1460,705,494,296,3331,1815,32,17,444,203,0,0,865,474,6,5,0.0,0.5454545454545454,1334
Liang Wenbo,David Grace,11,1446,1223,0.8263509667528726,0.6358738914270539,408,242,2779,1528,225,104,1460,705,31,20,779,446,32,17,444,203,6,4,0.0,0.6,1334
Neil Robertson,Mark Selby,11,1511,1559,0.41936980454001543,0.4700359482354282,701,452,5163,2914,812,549,5891,3396,0,0,1409,835,23,15,1326,804,6,0,0.0,1.0,1334
Neil Robertson,Liang Wenbo,19,1511,1446,0.6400732403354609,0.5405358392737893,701,452,5163,2914,408,242,2779,1528,0,0,1409,835,31,20,779,446,10,5,0.0,0.6666666666666666,1334
Zhou Yuelong,Stuart Bingham,7,1214,1498,0.16760764782239262,0.3295988401911314,51,24,321,161,827,521,6103,3472,27,13,243,128,53,35,1209,718,4,3,0.0,0.5714285714285714,1332
Kyren Wilson,Judd Trump,7,1344,1594,0.19761832219652237,0.34864513533394575,240,141,1535,834,621,413,4208,2450,48,28,518,277,37,23,1344,795,4,2,0.0,0.6666666666666666,1332
Neil Robertson,Rory McLeod,7,1589,1272,0.858383853016921,0.6883678768310286,708,459,5227,2960,454,249,3485,1827,64,46,1473,881,18,8,517,255,4,0,0.0,1.0,1332
Joe Perry,Michael White,7,1477,1410,0.5907526477758748,0.5417773692836367,825,481,6015,3225,283,161,2003,1075,22,11,999,560,48,30,722,398,4,2,0.0,0.6666666666666666,1332
Stephen Maguire,Mark Selby,7,1533,1579,0.43738543058720863,0.4712816430485603,736,494,5466,3120,818,554,5934,3426,46,26,1231,721,66,45,1369,834,4,1,0.0,0.8,1332
John Higgins,Ali Carter,7,1570,1483,0.6170981549456108,0.5541616527636486,1170,828,9499,5610,720,432,5171,2840,55,36,1039,613,27,14,661,374,4,2,0.0,0.6666666666666666,1332
Yan Bingtao,Shaun Murphy,7,1157,1606,0.06652098929303418,0.24554785372749516,22,12,138,76,809,525,5951,3379,0,0,138,76,32,22,1242,722,4,2,0.0,0.6666666666666666,1332
Mark Allen,Barry Hawkins,7,1517,1427,0.6210041469292463,0.5560138905446199,553,352,3744,2098,718,439,5181,2869,26,16,901,542,20,9,1147,641,4,2,0.0,0.6666666666666666,1332
Kyren Wilson,Zhou Yuelong,11,1344,1214,0.7088895687139617,0.5805423048206596,240,141,1535,834,51,24,321,161,48,28,518,277,27,13,243,128,6,3,0.0,0.6666666666666666,1332
Neil Robertson,Yan Bingtao,11,1589,1157,0.9633672084368504,0.7464939833376621,708,459,5227,2960,22,12,138,76,64,46,1473,881,0,0,138,76,6,3,0.0,0.6666666666666666,1332
Joe Perry,John Higgins,11,1477,1570,0.34679968616187434,0.4421354272792655,825,481,6015,3225,1170,828,9499,5610,22,11,999,560,55,36,1039,613,6,5,0.0,0.5454545454545454,1332
Mark Allen,Stephen Maguire,11,1517,1533,0.4729513273017054,0.4900013331200346,553,352,3744,2098,736,494,5466,3120,26,16,901,542,46,26,1231,721,6,2,0.0,0.75,1332
Neil Robertson,Joe Perry,11,1589,1477,0.682332326039051,0.569546223939229,708,459,5227,2960,825,481,6015,3225,64,46,1473,881,22,11,999,560,6,4,0.0,0.6,1332
Mark Allen,Kyren Wilson,11,1517,1344,0.7675848172598367,0.6064704870683034,553,352,3744,2098,240,141,1535,834,26,16,901,542,48,28,518,277,6,3,0.0,0.6666666666666666,1332
Neil Robertson,Mark Allen,19,1589,1517,0.654401094387876,0.5448788923735801,708,459,5227,2960,553,352,3744,2098,64,46,1473,881,26,16,901,542,10,5,0.0,0.6666666666666666,1332
Michael Williams,Corina Maracine,7,1065,970,0.6274848196821066,0.559097471902393,19,10,91,50,2,0,8,0,11,7,91,50,0,0,8,0,4,0,0.0,1.0,1328
Alexander Ursenbacher,Damian Wilks,7,1063,940,0.6630224339222315,0.5762749224932653,42,13,257,102,21,6,109,39,0,0,227,86,0,0,53,21,4,1,0.0,0.8,1328
Sam Thistlewhite,Sashko Dimitrov,7,1045,984,0.5827567809217526,0.5380512843858591,50,20,258,118,1,0,4,0,19,13,54,28,0,0,4,0,4,1,0.0,0.8,1328
Alex Taubman,Terry Davidson,7,1065,1000,0.5880916350836762,0.5405358392737893,119,51,643,288,0,0,0,0,19,7,213,109,0,0,0,0,4,0,0.0,1.0,1328
Joe Steele,Adam Longley,7,961,953,0.510936041856229,0.5049998333399998,42,16,210,88,9,2,48,17,5,1,176,79,6,2,29,13,4,1,0.0,0.8,1328
Spasian Spasov,Gheorghe Margarit,7,998,1000,0.4972656477862734,0.49875000260416025,2,1,9,4,0,0,0,0,0,0,9,4,0,0,0,0,4,0,0.0,1.0,1328
Elliot Slessor,Anastasis Ioannou,7,1167,1000,0.7157709624772323,0.6028848673274662,72,29,433,195,0,0,0,0,15,9,312,139,0,0,0,0,4,0,0.0,1.0,1328
Tomasz Skalski,Freddie Blunden,7,1052,1000,0.5706954446194282,0.5324543063873187,38,16,211,97,0,0,0,0,16,8,112,55,0,0,0,0,4,1,0.0,0.8,1328
Dessie Sheehan,Daniel O’Regan,7,721,992,0.17869460046062505,0.33681950490064355,159,31,1242,460,1,0,6,2,0,0,38,14,0,0,0,0,4,2,0.0,0.6666666666666666,1328
Brandon Sargeant,Dana Amir,7,1034,1000,0.5463726874746992,0.5212372149662741,24,11,132,63,0,0,0,0,21,13,112,59,0,0,0,0,4,0,0.0,1.0,1328
Joe Roberts,Adam Stefanow,7,1038,1044,0.4917974901893887,0.496250070310918,20,10,105,56,19,10,96,49,0,0,105,56,0,0,67,37,4,2,0.0,0.6666666666666666,1328
Nicholas Roberts,Veselin Lazarov,7,1000,984,0.5218633393972989,0.5099986668799655,0,0,0,0,1,0,4,0,0,0,0,0,0,0,4,0,4,0,0.0,1.0,1328
Robbie Purdham,Ferdous Bhuyian,7,985,983,0.5027343522137269,0.5012499973958399,1,0,4,0,1,0,4,0,4,0,4,0,0,0,4,0,4,3,0.0,0.5714285714285714,1328
Andreas Ploner,Daniel Mladenov,7,1024,1000,0.5327731710226205,0.51499550161941,27,11,148,65,0,0,0,0,0,0,124,52,0,0,0,0,4,0,0.0,1.0,1328
Mark Owens,Kishan Hirani,7,951,1103,0.30173900629161093,0.4061268970658573,32,9,176,69,95,44,504,238,7,3,94,40,16,11,208,112,4,3,0.0,0.5714285714285714,1328
Robin Otto,Dimitar Mehandzhiyski,7,990,999,0.48769738857442835,0.4943752372926745,1,0,6,2,3,1,12,4,6,2,6,2,0,0,4,0,4,0,0.0,1.0,1328
Phil O'Kane,Kyriacos Kyriacou,7,976,1000,0.4672268289773793,0.4850044983805899,56,22,286,124,0,0,0,0,11,6,115,56,0,0,0,0,4,1,0.0,0.8,1328
Brendan O'Donoghue,Jeremy Lee,7,1120,1000,0.6592810606298003,0.574442516811659,62,32,402,207,0,0,0,0,0,0,0,0,0,0,0,0,4,1,0.0,0.8,1328
Simon Lichtenberg,Jonathan Mabey,7,989,997,0.48906395814377107,0.4950001666600003,2,0,13,5,1,0,5,1,7,3,13,5,0,0,0,0,4,1,0.0,0.8,1328
Bratislav Krastev,Salim Otti,7,967,977,0.4863309727288301,0.49375032550048964,4,1,20,5,2,0,9,1,0,0,15,4,0,0,4,0,4,1,0.0,0.8,1328
Lukas Kleckers,Michael Collumb,7,1006,993,0.5177671819164105,0.5081242849062608,12,5,63,28,30,11,162,72,4,0,59,28,6,2,104,45,4,2,0.0,0.6666666666666666,1328
Christopher Keogan,Hans Blanckaert,7,1062,924,0.6814665603465866,0.585404569129465,72,26,400,179,95,24,501,183,6,2,257,121,0,0,144,63,4,1,0.0,0.8,1328
Nikola Kemilev,Rodion Judin,7,992,983,0.5123026114255715,0.5056247627073255,4,1,19,7,1,0,4,0,0,0,11,3,0,0,4,0,4,1,0.0,0.8,1328
Jeff Jacobs,Kacper Filipiak,7,944,1031,0.3829018450543893,0.44583834723635146,15,3,79,28,52,17,275,97,0,0,65,26,16,8,141,69,4,3,0.0,0.5714285714285714,1328
Ashley Hugill,Jake Nicholson,7,1019,965,0.573382262278332,0.5336988354329009,19,7,101,45,56,16,298,117,28,16,101,45,18,9,122,64,4,1,0.0,0.8,1328
Jurian Heusdens,Krasimir Kameshev,7,1013,959,0.573382262278332,0.5336988354329009,25,12,124,61,3,0,12,0,4,0,101,47,0,0,8,0,4,1,0.0,0.8,1328
Lewis Gillen,Viktor Iliev,7,1000,984,0.5218633393972989,0.5099986668799655,0,0,0,0,1,0,4,0,0,0,0,0,0,0,4,0,4,1,0.0,0.8,1328
Felix Frede,Vladu Mihai,7,983,1000,0.476771798023094,0.4893765989950364,10,4,49,20,0,0,0,0,7,3,35,16,0,0,0,0,4,1,0.0,0.8,1328
Nico Elton,Matthew Glasby,7,1067,976,0.622303251187688,0.5566309599222533,36,16,198,93,17,7,98,44,17,10,163,81,0,0,98,44,4,1,0.0,0.8,1328
Adam Edge,Jin Foulger,7,973,1000,0.4631419178202212,0.48313140430861523,18,6,101,44,0,0,0,0,0,0,79,33,0,0,0,0,4,2,0.0,0.6666666666666666,1328
Adam Duffy,Nikolai Hristov,7,1209,978,0.7841899555246323,0.6404919537233386,230,116,1438,733,2,0,8,0,32,18,433,205,0,0,8,0,4,1,0.0,0.8,1328
Peter Devlin,Razvan Sdrobis,7,963,1000,0.44955793756481255,0.4768914745109111,9,3,43,16,0,0,0,0,0,0,39,16,0,0,0,0,4,0,0.0,1.0,1328
Marc Davis,Patrick Whelan,7,1062,1000,0.5840920587766287,0.538672605206508,87,36,461,211,0,0,0,0,0,0,179,100,0,0,0,0,4,2,0.0,0.6666666666666666,1328
David Davidkov,Alkinoos Triantos,7,1000,1000,0.5,0.5,0,0,0,0,0,0,0,0,0,0,0,0,0,0,0,0,4,0,0.0,1.0,1328
Sam Craigie,Alex Borg,7,1217,1134,0.611870456908998,0.5516896693427,75,38,457,234,309,133,2265,1039,13,8,17,8,0,0,305,123,4,0,0.0,1.0,1328
Joshua Cooper,Ivan Kupov,7,972,972,0.5,0.5,2,0,9,1,3,0,15,3,4,0,9,1,0,0,10,2,4,0,0.0,1.0,1328
Jamie Clarke,Paul Croitoru,7,1222,995,0.7802322205466414,0.6381861133090055,85,45,480,256,1,0,5,1,14,9,338,195,0,0,5,1,4,0,0.0,1.0,1328
Teodor Chomovski,Monica Manolache,7,1003,1000,0.5041014855971089,0.5018749912109869,2,1,8,4,0,0,0,0,0,0,8,4,0,0,0,0,4,0,0.0,1.0,1328
Ryan Causton,Brian Cini,7,1087,989,0.6313550071762073,0.5609454503247162,91,47,493,242,15,6,76,36,5,1,242,126,5,1,76,36,4,1,0.0,0.8,1328
Oliver Brown,Ashley Carty,7,1207,1161,0.5626145694127913,0.5287183569514396,126,55,680,321,69,36,398,201,17,11,341,190,13,9,335,174,4,2,0.0,0.6666666666666666,1328
Josh Boileau,Andrei Orzan,7,1075,1000,0.6013510291923431,0.5467381519846138,31,17,161,84,0,0,0,0,0,0,117,64,0,0,0,0,4,1,0.0,0.8,1328
Sam Betts,Nikolai Vlashev,7,1000,998,0.5027343522137269,0.5012499973958399,0,0,0,0,3,1,16,7,0,0,0,0,0,0,11,6,4,0,0.0,1.0,1328
Richard Beckham,Charlie Walters,7,1059,989,0.5947357972115818,0.5436386872370789,17,11,91,48,59,21,324,142,24,13,88,48,0,0,109,51,4,2,0.0,0.6666666666666666,1328
Mateusz Baranowski,Ben Jones,7,959,1026,0.4092473522241249,0.4582226307163632,3,0,13,1,48,23,250,120,4,0,8,0,6,2,177,83,4,3,0.0,0.5714285714285714,1328
Michael Williams,Sam Thistlewhite,7,1065,1045,0.5273209820427867,0.5124973964842103,19,10,91,50,50,20,258,118,11,7,91,50,19,13,54,28,4,2,0.0,0.6666666666666666,1328
Elliot Slessor,Georgi Georgiev,7,1167,1000,0.7157709624772323,0.6028848673274662,72,29,433,195,0,0,0,0,15,9,312,139,0,0,0,0,4,0,0.0,1.0,1328
Tomasz Skalski,Adam Edge,7,1052,973,0.6066210971235376,0.5492151291013335,38,16,211,97,18,6,101,44,16,8,112,55,0,0,79,33,4,3,0.0,0.5714285714285714,1328
Joe Roberts,Lukas Kleckers,7,1038,1006,0.5436568604546561,0.5199893401555818,20,10,105,56,12,5,63,28,0,0,105,56,4,0,59,28,4,1,0.0,0.8,1328
George Pragnall,Spasian Spasov,7,1066,998,0.5920814957526257,0.542397940774351,14,8,81,42,2,1,9,4,23,14,75,40,0,0,9,4,4,0,0.0,1.0,1328
Andreas Ploner,Daniel Schneider,7,1024,946,0.6053054839891849,0.5485961085831343,27,11,148,65,9,2,42,12,0,0,124,52,10,4,42,12,4,1,0.0,0.8,1328
John Parkin,Teodor Chomovski,7,1013,1003,0.51366902727117,0.5062496744995104,15,7,76,36,2,1,8,4,0,0,34,19,0,0,8,4,4,1,0.0,0.8,1328
Mark Owens,Nikola Kemilev,7,951,992,0.44414095234189266,0.47439741167538224,32,9,176,69,4,1,19,7,7,3,94,40,0,0,11,3,4,0,0.0,1.0,1328
Phil O'Kane,Radu Vilau,7,976,989,0.48223281808358937,0.4918757150937391,56,22,286,124,1,0,5,1,11,6,115,56,0,0,0,0,4,3,0.0,0.5714285714285714,1328
Brendan O'Donoghue,Alexander Ursenbacher,7,1120,1063,0.5774056625100122,0.5355648379838539,62,32,402,207,42,13,257,102,0,0,0,0,0,0,227,86,4,1,0.0,0.8,1328
Joe O'Connor,Sam Betts,7,1041,1000,0.5558590476581076,0.5256025883246178,38,18,228,106,0,0,0,0,12,2,207,95,0,0,0,0,4,0,0.0,1.0,1328
Marcin Nitschke,Nicholas Roberts,7,1003,1000,0.5041014855971089,0.5018749912109869,8,3,41,18,0,0,0,0,5,1,21,10,0,0,0,0,4,0,0.0,1.0,1328
Hammad Miah,Joshua Cooper,7,1051,972,0.6066210971235376,0.5492151291013335,51,17,321,127,2,0,9,1,19,9,303,121,4,0,9,1,4,1,0.0,0.8,1328
Simon Lichtenberg,Jeff Jacobs,7,989,944,0.5612649493584694,0.528095374408387,2,0,13,5,15,3,79,28,7,3,13,5,0,0,65,26,4,1,0.0,0.8,1328
Bratislav Krastev,David Davidkov,7,967,1000,0.45498494612477275,0.47938669028555136,4,1,20,5,0,0,0,0,0,0,15,4,0,0,0,0,4,0,0.0,1.0,1328
Adam King,Dessie Sheehan,7,970,721,0.8014494333741898,0.6507869207968349,7,3,36,14,159,31,1242,460,11,4,36,14,0,0,38,14,4,0,0.0,1.0,1328
Christopher Keogan,Marc Davis,7,1062,1062,0.5,0.5,72,26,400,179,87,36,461,211,6,2,257,121,0,0,179,100,4,2,0.0,0.6666666666666666,1328
Ashley Hugill,Robbie Purdham,7,1019,985,0.5463726874746992,0.5212372149662741,19,7,101,45,1,0,4,0,28,16,101,45,4,0,4,0,4,0,0.0,1.0,1328
Jurian Heusdens,Viktor Gaidov,7,1013,1000,0.5177671819164105,0.5081242849062608,25,12,124,61,0,0,0,0,4,0,101,47,0,0,0,0,4,0,0.0,1.0,1328
Lewis Gillen,Brandon Sargeant,7,1000,1034,0.45362731252530075,0.4787627850337259,0,0,0,0,24,11,132,63,0,0,0,0,21,13,112,59,4,3,0.0,0.5714285714285714,1328
Felix Frede,Julian Petrov,7,983,985,0.4972656477862734,0.49875000260416025,10,4,49,20,1,0,4,0,7,3,35,16,0,0,4,0,4,0,0.0,1.0,1328
Nico Elton,Robin Otto,7,1067,990,0.6039885915613215,0.5479769376367963,36,16,198,93,1,0,6,2,17,10,163,81,6,2,6,2,4,0,0.0,1.0,1328
Adam Duffy,Ross Higgins,7,1209,922,0.834882617465889,0.6720562626502714,230,116,1438,733,34,8,172,61,32,18,433,205,6,2,135,56,4,1,0.0,0.8,1328
Peter Devlin,Tom Rees,7,963,997,0.45362731252530075,0.4787627850337259,9,3,43,16,4,2,19,9,0,0,39,16,15,9,19,9,4,2,0.0,0.6666666666666666,1328
Sam Craigie,Rares Sinca,7,1217,980,0.7900435532881105,0.643938555965633,75,38,457,234,2,0,8,0,13,8,17,8,0,0,4,0,4,1,0.0,0.8,1328
Jamie Clarke,Chris Mason,7,1222,1000,0.7752232149046754,0.6352948493228071,85,45,480,256,0,0,0,0,14,9,338,195,0,0,0,0,4,0,0.0,1.0,1328
Ryan Causton,Stefan Simeonovski,7,1087,988,0.6326419490877371,0.5615610703361955,91,47,493,242,1,0,4,0,5,1,242,126,0,0,4,0,4,1,0.0,0.8,1328
Oliver Brown,Alex Taubman,7,1207,1065,0.6863077679270944,0.5878295384825115,126,55,680,321,119,51,643,288,17,11,341,190,19,7,213,109,4,0,0.0,1.0,1328
Josh Boileau,Chris Jones,7,1075,956,0.6580301976734948,0.5738312575916094,31,17,161,84,9,1,48,13,0,0,117,64,0,0,21,8,4,1,0.0,0.8,1328
Richard Beckham,Hristo Sirakov,7,1059,986,0.5987085312450529,0.5454987872127821,17,11,91,48,2,0,11,3,24,13,88,48,0,0,11,3,4,0,0.0,1.0,1328
Mateusz Baranowski,Joe Steele,7,959,961,0.4972656477862734,0.49875000260416025,3,0,13,1,42,16,210,88,4,0,8,0,5,1,176,79,4,0,0.0,1.0,1328
Zhou Yuelong,Lyu Chenwei,7,1222,1046,0.726023440718493,0.6082590307465143,53,25,337,168,29,11,168,69,43,20,259,135,6,0,140,61,4,1,0.0,0.8,1328
Gary Wilson,David Grace,7,1297,1316,0.47404295972292854,0.4881272322437472,281,167,1789,984,231,109,1514,739,29,15,584,316,86,51,498,237,4,1,0.0,0.8,1328
Kyren Wilson,Phil O'Kane,7,1361,976,0.9025093371553753,0.7236220674654401,243,143,1559,847,56,22,286,124,72,41,542,290,11,6,115,56,4,0,0.0,1.0,1328
Mark Williams,Sam Craigie,7,1390,1217,0.7226276336267841,0.6064704870683034,1097,713,8650,4934,75,38,457,234,28,14,930,530,13,8,17,8,4,0,0.0,1.0,1328
Michael White,John Parkin,7,1404,1013,0.9058240055138194,0.726611880149394,284,161,2009,1077,15,7,76,36,54,32,728,400,0,0,34,19,4,0,0.0,1.0,1328
Jason Weston,Ryan Causton,7,1158,1087,0.5960612197256479,0.5442588584178731,269,150,2121,1127,91,47,493,242,18,6,34,14,5,1,242,126,4,2,0.0,0.6666666666666666,1328
Liang Wenbo,Thepchaiya Un-Nooh,7,1474,1333,0.685100616527281,0.587223690839335,415,248,2851,1569,178,99,1264,665,103,61,851,487,35,17,615,319,4,1,0.0,0.8,1328
Daniel Wells,Ian Glover,7,1178,1162,0.5218633393972989,0.5099986668799655,249,121,1662,821,151,67,912,441,35,19,462,214,23,10,219,104,4,0,0.0,1.0,1328
Joel Walker,Hatem Yassen,7,1263,1002,0.8124499949726253,0.6575736106164225,128,60,816,395,1,0,8,2,11,1,473,228,8,2,8,2,4,0,0.0,1.0,1328
Ricky Walden,Fraser Patrick,7,1496,1196,0.8453785395674661,0.679178699175393,620,383,4487,2500,140,61,923,432,38,25,1132,641,10,4,403,183,4,1,0.0,0.8,1328
Judd Trump,Felix Frede,7,1579,983,0.9750615159895346,0.8160782725804958,622,413,4214,2452,10,4,49,20,43,25,1350,797,7,3,35,16,4,0,0.0,1.0,1328
Zak Surety,James Cahill,7,1131,1173,0.44278839657477087,0.4737740906279313,74,35,424,205,85,30,538,231,26,12,263,129,14,4,331,142,4,0,0.0,1.0,1328
Eden Sharav,Jamie Cope,7,1191,1260,0.4065907825999159,0.4569816192756902,60,36,338,180,484,262,3275,1675,15,5,223,120,21,6,466,221,4,3,0.0,0.5714285714285714,1328
Matthew Selt,Hamza Akbar,7,1405,1006,0.9101054622303202,0.7305667649586345,378,204,2638,1368,2,0,15,5,59,30,682,376,15,5,15,5,4,2,0.0,0.6666666666666666,1328
Mark Selby,Sydney Wilson,7,1566,1135,0.9257123991491316,0.7460205900722962,819,554,5939,3427,124,48,714,330,71,46,1374,835,24,9,346,170,4,0,0.0,1.0,1328
Jimmy Robertson,Allan Taylor,7,1296,1187,0.6454220086166967,0.5677065480733601,327,173,2187,1119,212,107,1210,623,25,11,650,345,15,5,289,113,4,1,0.0,0.8,1328
Joe Roberts,Lee Walker,7,1038,1276,0.2089905743017545,0.3554884462937054,20,10,105,56,370,211,2904,1520,0,0,105,56,27,16,133,67,4,3,0.0,0.5714285714285714,1328
George Pragnall,Dechawat Poomjaeng,7,1066,1325,0.1893551436986179,0.34355312754339407,14,8,81,42,175,98,1253,640,23,14,75,40,40,19,811,428,4,3,0.0,0.5714285714285714,1328
Joe Perry,Mark Owens,7,1489,951,0.9626746144488556,0.7933109871625582,828,483,6042,3239,32,9,176,69,49,25,1026,574,7,3,94,40,4,0,0.0,1.0,1328
Sean O'Sullivan,Joe Swail,7,1195,1354,0.29350342132334917,0.40191313966779657,113,48,704,326,732,400,5832,3053,19,10,430,202,38,22,588,309,4,1,0.0,0.8,1328
Martin O'Donnell,Joe O'Connor,7,1199,1041,0.7053268662779104,0.5974857658270161,209,97,1249,619,38,18,228,106,14,4,420,204,12,2,207,95,4,3,0.0,0.5714285714285714,1328
Fergal O'Brien,Michael Georgiou,7,1346,1205,0.685100616527281,0.587223690839335,726,417,5646,2987,112,51,660,323,40,22,598,321,24,9,316,173,4,2,0.0,0.6666666666666666,1328
Shaun Murphy,Christopher Keogan,7,1586,1062,0.9589841933022952,0.7875131558774608,810,525,5957,3381,72,26,400,179,38,24,1248,724,6,2,257,121,4,1,0.0,0.8,1328
Robert Milkins,Bratislav Krastev,7,1316,967,0.8806881852645642,0.7052656295907794,660,403,4942,2700,4,1,20,5,20,10,956,517,0,0,15,4,4,1,0.0,0.8,1328
Chris Melling,Chris Wakelin,7,1175,1231,0.42393453930920916,0.4650570548417855,147,84,1013,539,69,36,456,229,20,9,156,74,28,12,449,226,4,3,0.0,0.5714285714285714,1328
Aditya Mehta,Adam Duffy,7,1317,1209,0.644151517953897,0.5670929049654543,214,108,1486,745,230,116,1438,733,28,13,559,296,32,18,433,205,4,3,0.0,0.5714285714285714,1328
Alan McManus,Andreas Ploner,7,1408,1024,0.9019481605921685,0.7231218051243898,809,484,6871,3641,27,11,148,65,29,13,841,465,0,0,124,52,4,1,0.0,0.8,1328
Anthony McGill,Barry Pinches,7,1362,1211,0.6970755073607001,0.5932699921071872,300,179,1869,1028,681,357,5373,2797,33,17,696,377,14,4,469,218,4,3,0.0,0.5714285714285714,1328
Mitchell Mann,Tony Drago,7,1141,1189,0.4346885316890212,0.4700359482354282,154,75,907,452,700,347,5773,2862,14,4,208,95,6,0,413,189,4,0,0.0,1.0,1328
Kurt Maflin,Steven Hallworth,7,1326,1041,0.8332252833962372,0.6709533329057776,401,236,2656,1441,37,14,217,93,18,8,688,371,11,1,184,80,4,2,0.0,0.6666666666666666,1328
Jack Lisowski,Mateusz Baranowski,7,1342,959,0.9013844742212599,0.7226209843749648,285,172,1838,1006,3,0,13,1,38,19,643,341,4,0,8,0,4,1,0.0,0.8,1328
Oliver Lines,Simon Lichtenberg,7,1259,989,0.8204326451879429,0.6626218371700825,98,56,564,303,2,0,13,5,37,20,407,226,7,3,13,5,4,1,0.0,0.8,1328
Michael Leslie,Tomasz Skalski,7,1073,1052,0.5286845829371267,0.5131219861822433,96,27,608,240,38,16,211,97,10,0,388,159,16,8,112,55,4,3,0.0,0.5714285714285714,1328
Rod Lawler,Liam Highfield,7,1327,1304,0.5314106943491967,0.5143710406970602,702,391,5472,2863,247,136,1653,874,27,13,648,337,21,9,576,307,4,1,0.0,0.8,1328
Mark King,Jurian Heusdens,7,1344,1013,0.8684878923525275,0.6958260586292875,763,422,5693,2970,25,12,124,61,40,22,689,358,4,0,101,47,4,2,0.0,0.6666666666666666,1328
Mark Joyce,Scott Donaldson,7,1279,1222,0.5774056625100122,0.5355648379838539,348,185,2500,1266,130,69,841,418,36,20,617,312,12,2,635,314,4,2,0.0,0.6666666666666666,1328
Jamie Jones,Noppon Saengkham,7,1381,1276,0.6403298636636867,0.5652507475670999,369,222,2441,1334,103,45,716,331,41,26,651,349,15,5,496,247,4,3,0.0,0.5714285714285714,1328
Michael Holt,Michael Williams,7,1355,1065,0.837347307313657,0.6737070994545215,623,366,4627,2464,19,10,91,50,36,19,775,409,11,7,91,50,4,2,0.0,0.6666666666666666,1328
Darryl Hill,Peter Lines,7,1036,1225,0.25951818668021626,0.3840246980818742,27,11,161,73,662,362,4907,2557,14,4,134,60,15,5,529,249,4,0,0.0,1.0,1328
Andrew Higginson,Craig Steadman,7,1346,1302,0.5599145707304132,0.5274723043445937,591,357,4196,2312,335,191,2201,1178,30,16,641,335,14,4,569,285,4,2,0.0,0.6666666666666666,1328
John Higgins,Richard Beckham,7,1566,1059,0.9540853216740747,0.7803144887848326,1172,829,9516,5619,17,11,91,48,72,45,1056,622,24,13,88,48,4,1,0.0,0.8,1328
Xiao Guodong,Ben Woollaston,7,1373,1336,0.5504420624351876,0.523108525489089,290,169,1985,1090,397,227,2606,1398,24,9,707,398,37,20,678,367,4,1,0.0,0.8,1328
Gerard Greene,Gareth Allen,7,1236,1122,0.651748409886971,0.5707716118944918,618,337,4681,2460,108,52,603,296,17,11,475,229,11,1,276,135,4,2,0.0,0.6666666666666666,1328
Martin Gould,Elliot Slessor,7,1499,1167,0.8691888759761051,0.6963549298238342,499,300,3379,1844,72,29,433,195,48,29,913,503,15,9,312,139,4,0,0.0,1.0,1328
Tom Ford,Michael Wasley,7,1399,1302,0.6300664956451868,0.5603296426885532,456,259,3315,1766,226,115,1439,716,52,33,577,289,15,5,611,305,4,3,0.0,0.5714285714285714,1328
Peter Ebdon,Brendan O'Donoghue,7,1373,1120,0.8051614968205012,0.6530561132866127,912,526,7403,3978,62,32,402,207,58,34,621,317,0,0,0,0,4,2,0.0,0.6666666666666666,1328
Mike Dunn,Jamie Clarke,7,1303,1222,0.6092484254460553,0.5504527113395278,591,314,4392,2262,85,45,480,256,31,15,585,300,14,9,338,195,4,0,0.0,1.0,1328
Ryan Day,Ashley Hugill,7,1444,1019,0.9229656552326155,0.7431680086124811,695,419,4900,2691,19,7,101,45,34,19,1043,563,28,16,101,45,4,0,0.0,1.0,1328
Dominic Dale,Peter Devlin,7,1443,963,0.945284433740056,0.7685247834990175,744,431,5510,2947,9,3,43,16,44,28,880,478,0,0,39,16,4,1,0.0,0.8,1328
Rhys Clark,Lewis Gillen,7,1112,1000,0.6492231123314619,0.569546223939229,50,23,287,138,0,0,0,0,11,1,215,102,0,0,0,0,4,2,0.0,0.6666666666666666,1328
Thor Chuan Leong,Adam King,7,986,970,0.5218633393972989,0.5099986668799655,9,2,55,16,7,3,36,14,27,13,55,16,11,4,36,14,4,1,0.0,0.8,1328
Stuart Carrington,Nico Elton,7,1290,1067,0.7762304913665884,0.6358738914270539,211,113,1298,687,36,16,198,93,26,12,390,195,17,10,163,81,4,2,0.0,0.6666666666666666,1328
Ian Burns,Paul Davison,7,1286,1223,0.5854263042586716,0.5392938058983595,231,125,1413,741,579,311,4105,2112,15,5,533,272,14,4,510,249,4,3,0.0,0.5714285714285714,1328
Alfie Burden,Anthony Hamilton,7,1329,1373,0.44008542926958705,0.47252769565540637,559,304,4125,2140,722,425,5671,3050,36,22,568,289,35,18,589,317,4,3,0.0,0.5714285714285714,1328
Luca Brecel,Lu Ning,7,1340,1121,0.7721850273226749,0.633555377636775,171,87,1188,612,43,15,296,130,57,36,554,290,15,5,184,76,4,1,0.0,0.8,1328
Nigel Bond,Sanderson Lam,7,1273,1081,0.7437579445222342,0.617747874769249,773,434,6210,3295,68,30,388,178,31,14,524,261,12,2,336,161,4,3,0.0,0.5714285714285714,1328
Stuart Bingham,Josh Boileau,7,1484,1075,0.915239596620955,0.7354592830135422,828,521,6110,3475,31,17,161,84,60,38,1216,721,0,0,117,64,4,0,0.0,1.0,1328
Sam Baird,Rory McLeod,7,1307,1262,0.5612649493584694,0.528095374408387,227,121,1554,804,455,249,3489,1827,22,11,649,339,22,8,521,255,4,0,0.0,1.0,1328
Zhang Anda,Oliver Brown,7,1281,1207,0.6000303895586184,0.5461185410457796,199,95,1362,678,126,55,680,321,28,14,525,269,17,11,341,190,4,2,0.0,0.6666666666666666,1328
Mark Allen,Ross Muir,7,1527,1142,0.9025093371553753,0.7236220674654401,557,355,3782,2119,70,27,441,196,64,37,939,563,26,11,393,174,4,0,0.0,1.0,1328
Zhou Yuelong,Joe Roberts,7,1222,1038,0.7349708541108757,0.6130141761393355,53,25,337,168,20,10,105,56,43,20,259,135,0,0,105,56,4,0,0.0,1.0,1328
Gary Wilson,Thor Chuan Leong,7,1297,986,0.8538864678998308,0.6851410567502929,281,167,1789,984,9,2,55,16,29,15,584,316,27,13,55,16,4,0,0.0,1.0,1328
Kyren Wilson,Kurt Maflin,7,1361,1326,0.5477297445502348,0.5218610539716015,243,143,1559,847,401,236,2656,1441,72,41,542,290,18,8,688,371,4,2,0.0,0.6666666666666666,1328
Mark Williams,Jamie Jones,7,1390,1381,0.5123026114255715,0.5056247627073255,1097,713,8650,4934,369,222,2441,1334,28,14,930,530,41,26,651,349,4,1,0.0,0.8,1328
Daniel Wells,Xiao Guodong,7,1178,1373,0.25298898790249863,0.3804826803529153,249,121,1662,821,290,169,1985,1090,35,19,462,214,24,9,707,398,4,3,0.0,0.5714285714285714,1328
Ricky Walden,Michael White,7,1496,1404,0.6236008848905433,0.5572478545985555,620,383,4487,2500,284,161,2009,1077,38,25,1132,641,54,32,728,400,4,3,0.0,0.5714285714285714,1328
Judd Trump,Gerard Greene,7,1579,1236,0.8767191428425912,0.702138068199835,622,413,4214,2452,618,337,4681,2460,43,25,1350,797,17,11,475,229,4,1,0.0,0.8,1328
Eden Sharav,Luca Brecel,7,1191,1340,0.30530209550926213,0.40793707183518074,60,36,338,180,171,87,1188,612,15,5,223,120,57,36,554,290,4,1,0.0,0.8,1328
Mark Selby,Alfie Burden,7,1566,1329,0.7900435532881105,0.643938555965633,819,554,5939,3427,559,304,4125,2140,71,46,1374,835,36,22,568,289,4,2,0.0,0.6666666666666666,1328
Jimmy Robertson,Michael Leslie,7,1296,1073,0.7762304913665884,0.6358738914270539,327,173,2187,1119,96,27,608,240,25,11,650,345,10,0,388,159,4,3,0.0,0.5714285714285714,1328
Joe Perry,Sean O'Sullivan,7,1489,1195,0.8405938136052916,0.6759015277259407,828,483,6042,3239,113,48,704,326,49,25,1026,574,19,10,430,202,4,1,0.0,0.8,1328
Fergal O'Brien,Peter Ebdon,7,1346,1373,0.4631419178202212,0.48313140430861523,726,417,5646,2987,912,526,7403,3978,40,22,598,321,58,34,621,317,4,2,0.0,0.6666666666666666,1328
Shaun Murphy,Jason Weston,7,1586,1158,0.9243491045965284,0.7445969158274759,810,525,5957,3381,269,150,2121,1127,38,24,1248,724,18,6,34,14,4,0,0.0,1.0,1328
Robert Milkins,Liang Wenbo,7,1316,1474,0.2946731337220897,0.40251423417298393,660,403,4942,2700,415,248,2851,1569,20,10,956,517,103,61,851,487,4,3,0.0,0.5714285714285714,1328
Hammad Miah,Darryl Hill,7,1051,1036,0.5204982038546295,0.5093739015216607,51,17,321,127,27,11,161,73,19,9,303,121,14,4,134,60,4,2,0.0,0.6666666666666666,1328
Chris Melling,Ian Burns,7,1175,1286,0.35204218100893303,0.43106679063045344,147,84,1013,539,231,125,1413,741,20,9,156,74,15,5,533,272,4,0,0.0,1.0,1328
Alan McManus,Jack Lisowski,7,1408,1342,0.589422689021118,0.541156668150228,809,484,6871,3641,285,172,1838,1006,29,13,841,465,38,19,643,341,4,0,0.0,1.0,1328
Oliver Lines,Ken Doherty,7,1259,1335,0.3973295650806627,0.45264238185691075,98,56,564,303,1018,630,8427,4661,37,20,407,226,21,11,574,292,4,0,0.0,1.0,1328
Rod Lawler,Matthew Selt,7,1327,1405,0.3946945160108152,0.4514038914168657,702,391,5472,2863,378,204,2638,1368,27,13,648,337,59,30,682,376,4,3,0.0,0.5714285714285714,1328
Mark King,Anthony McGill,7,1344,1362,0.47540722540195457,0.4887518980531451,763,422,5693,2970,300,179,1869,1028,40,22,689,358,33,17,696,377,4,3,0.0,0.5714285714285714,1328
Mark Joyce,Martin O'Donnell,7,1279,1199,0.6079354159352611,0.549833997312478,348,185,2500,1266,209,97,1249,619,36,20,617,312,14,4,420,204,4,1,0.0,0.8,1328
Michael Holt,Martin Gould,7,1355,1499,0.31128429594529594,0.41095956594133487,623,366,4627,2464,499,300,3379,1844,36,19,775,409,48,29,913,503,4,3,0.0,0.5714285714285714,1328
Andrew Higginson,Rhys Clark,7,1346,1112,0.7871292414209698,0.6422170929574377,591,357,4196,2312,50,23,287,138,30,16,641,335,11,1,215,102,4,1,0.0,0.8,1328
John Higgins,David Gilbert,7,1566,1332,0.7871292414209698,0.6422170929574377,1172,829,9516,5619,376,209,2883,1523,72,45,1056,622,33,17,639,345,4,3,0.0,0.5714285714285714,1328
Tom Ford,Zak Surety,7,1399,1131,0.8186786074572162,0.6615031592029524,456,259,3315,1766,74,35,424,205,52,33,577,289,26,12,263,129,4,0,0.0,1.0,1328
Mike Dunn,Aditya Mehta,7,1303,1317,0.48086718764462183,0.4912508931197597,591,314,4392,2262,214,108,1486,745,31,15,585,300,28,13,559,296,4,1,0.0,0.8,1328
Ryan Day,Joel Walker,7,1444,1263,0.7316341543771714,0.6112334666758695,695,419,4900,2691,128,60,816,395,34,19,1043,563,11,1,473,228,4,0,0.0,1.0,1328
Dominic Dale,Mitchell Mann,7,1443,1141,0.8469508145525204,0.6802671966986485,744,431,5510,2947,154,75,907,452,44,28,880,478,14,4,208,95,4,2,0.0,0.6666666666666666,1328
Stuart Carrington,George Pragnall,7,1290,1066,0.7772350342961843,0.6364525402815664,211,113,1298,687,14,8,81,42,26,12,390,195,23,14,75,40,4,1,0.0,0.8,1328
Nigel Bond,Marcin Nitschke,7,1273,1003,0.8204326451879429,0.6626218371700825,773,434,6210,3295,8,3,41,18,31,14,524,261,5,1,21,10,4,0,0.0,1.0,1328
Sam Baird,Zhang Anda,7,1307,1281,0.5354968818114487,0.5162442810620724,227,121,1554,804,199,95,1362,678,22,11,649,339,28,14,525,269,4,0,0.0,1.0,1328
Mark Allen,Stuart Bingham,7,1527,1484,0.5585634499391967,0.5268491486891144,557,355,3782,2119,828,521,6110,3475,64,37,939,563,60,38,1216,721,4,3,0.0,0.5714285714285714,1328
Mark Williams,Oliver Lines,7,1390,1259,0.6729150209582897,0.5811509642893937,1097,713,8650,4934,98,56,564,303,28,14,930,530,37,20,407,226,4,1,0.0,0.8,1328
Daniel Wells,Gary Wilson,7,1178,1297,0.34196980232650515,0.42616874240839064,249,121,1662,821,281,167,1789,984,35,19,462,214,29,15,584,316,4,1,0.0,0.8,1328
Judd Trump,Andrew Higginson,7,1579,1346,0.786152249899794,0.6416424532015634,622,413,4214,2452,591,357,4196,2312,43,25,1350,797,30,16,641,335,4,2,0.0,0.6666666666666666,1328
Mark Selby,Eden Sharav,7,1566,1191,0.8967839705837035,0.7185943925708561,819,554,5939,3427,60,36,338,180,71,46,1374,835,15,5,223,120,4,2,0.0,0.6666666666666666,1328
Jimmy Robertson,Rod Lawler,7,1296,1327,0.4577018760615691,0.4806346917700681,327,173,2187,1119,702,391,5472,2863,25,11,650,345,27,13,648,337,4,0,0.0,1.0,1328
Fergal O'Brien,Mark King,7,1346,1344,0.5027343522137269,0.5012499973958399,726,417,5646,2987,763,422,5693,2970,40,22,598,321,40,22,689,358,4,3,0.0,0.5714285714285714,1328
Shaun Murphy,Hammad Miah,7,1586,1051,0.9619089218053724,0.7920785167252805,810,525,5957,3381,51,17,321,127,38,24,1248,724,19,9,303,121,4,2,0.0,0.6666666666666666,1328
Mark Joyce,Tom Ford,7,1279,1399,0.34071893937019965,0.425557483188341,348,185,2500,1266,456,259,3315,1766,36,20,617,312,52,33,577,289,4,1,0.0,0.8,1328
Michael Holt,Joe Perry,7,1355,1489,0.3234078367146668,0.4170245457988005,623,366,4627,2464,828,483,6042,3239,36,19,775,409,49,25,1026,574,4,2,0.0,0.6666666666666666,1328
John Higgins,Zhou Yuelong,7,1566,1222,0.8773873941193158,0.7026606543447315,1172,829,9516,5619,53,25,337,168,72,45,1056,622,43,20,259,135,4,1,0.0,0.8,1328
Mike Dunn,Robert Milkins,7,1303,1316,0.48223281808358937,0.4918757150937391,591,314,4392,2262,660,403,4942,2700,31,15,585,300,20,10,956,517,4,3,0.0,0.5714285714285714,1328
Ryan Day,Kyren Wilson,7,1444,1361,0.611870456908998,0.5516896693427,695,419,4900,2691,243,143,1559,847,34,19,1043,563,72,41,542,290,4,3,0.0,0.5714285714285714,1328
Dominic Dale,Alan McManus,7,1443,1408,0.5477297445502348,0.5218610539716015,744,431,5510,2947,809,484,6871,3641,44,28,880,478,29,13,841,465,4,0,0.0,1.0,1328
Stuart Carrington,Ricky Walden,7,1290,1496,0.24126123991548545,0.37402214223339625,211,113,1298,687,620,383,4487,2500,26,12,390,195,38,25,1132,641,4,2,0.0,0.6666666666666666,1328
Sam Baird,Chris Melling,7,1307,1175,0.6741427448520734,0.5817593768418363,227,121,1554,804,147,84,1013,539,22,11,649,339,20,9,156,74,4,0,0.0,1.0,1328
Mark Allen,Nigel Bond,7,1527,1273,0.8060824586598727,0.653622330899504,557,355,3782,2119,773,434,6210,3295,64,37,939,563,31,14,524,261,4,1,0.0,0.8,1328
Mark Williams,John Higgins,7,1390,1566,0.2739765592815067,0.3917409692534856,1097,713,8650,4934,1172,829,9516,5619,28,14,930,530,72,45,1056,622,4,0,0.0,1.0,1328
Judd Trump,Fergal O'Brien,7,1579,1346,0.786152249899794,0.6416424532015634,622,413,4214,2452,726,417,5646,2987,43,25,1350,797,40,22,598,321,4,2,0.0,0.6666666666666666,1328
Mark Selby,Dominic Dale,7,1566,1443,0.6630224339222315,0.5762749224932653,819,554,5939,3427,744,431,5510,2947,71,46,1374,835,44,28,880,478,4,2,0.0,0.6666666666666666,1328
Shaun Murphy,Stuart Carrington,7,1586,1290,0.8422000503552975,0.676995856238523,810,525,5957,3381,211,113,1298,687,38,24,1248,724,26,12,390,195,4,1,0.0,0.8,1328
Mike Dunn,Daniel Wells,7,1303,1178,0.6655072126279344,0.5774953651858118,591,314,4392,2262,249,121,1662,821,31,15,585,300,35,19,462,214,4,0,0.0,1.0,1328
Ryan Day,Mark Joyce,7,1444,1279,0.7134663824052628,0.6016871801828567,695,419,4900,2691,348,185,2500,1266,34,19,1043,563,36,20,617,312,4,3,0.0,0.5714285714285714,1328
Sam Baird,Jimmy Robertson,7,1307,1296,0.5150352723345792,0.5068745667645342,227,121,1554,804,327,173,2187,1119,22,11,649,339,25,11,650,345,4,3,0.0,0.5714285714285714,1328
Mark Allen,Michael Holt,7,1527,1355,0.721490850613204,0.6058736684317606,557,355,3782,2119,623,366,4627,2464,64,37,939,563,36,19,775,409,4,0,0.0,1.0,1328
Mark Williams,Shaun Murphy,7,1390,1586,0.25190978869692043,0.3798935676569099,1097,713,8650,4934,810,525,5957,3381,28,14,930,530,38,24,1248,724,4,3,0.0,0.5714285714285714,1328
Ryan Day,Mark Selby,7,1444,1566,0.33822280880876515,0.42433564895745063,695,419,4900,2691,819,554,5939,3427,34,19,1043,563,71,46,1374,835,4,0,0.0,1.0,1328
Sam Baird,Judd Trump,7,1307,1579,0.17782468979276692,0.3362613025956473,227,121,1554,804,622,413,4214,2452,22,11,649,339,43,25,1350,797,4,1,0.0,0.8,1328
Mark Allen,Mike Dunn,7,1527,1303,0.7772350342961843,0.6364525402815664,557,355,3782,2119,591,314,4392,2262,64,37,939,563,31,15,585,300,4,3,0.0,0.5714285714285714,1328
Ryan Day,Sam Baird,7,1444,1307,0.6802510445614828,0.584797674717737,695,419,4900,2691,227,121,1554,804,34,19,1043,563,22,11,649,339,4,2,0.0,0.6666666666666666,1328
Mark Allen,Mark Williams,7,1527,1390,0.6802510445614828,0.584797674717737,557,355,3782,2119,1097,713,8650,4934,64,37,939,563,28,14,930,530,4,0,0.0,1.0,1328
Mark Allen,Ryan Day,7,1527,1444,0.611870456908998,0.5516896693427,557,355,3782,2119,695,419,4900,2691,64,37,939,563,34,19,1043,563,4,0,0.0,1.0,1328
Cao Yupeng,Liam Highfield,11,1259,1293,0.4426826817576513,0.4787627850337259,158,81,1145,581,248,136,1658,875,15,5,531,257,26,10,581,308,6,2,0.0,0.75,1298
Zhou Yuelong,Sam Baird,11,1239,1366,0.29546103784140204,0.421285137539866,56,27,351,177,233,126,1584,826,57,29,273,144,52,33,679,361,6,4,0.0,0.6,1298
Zhao Xintong,Stuart Carrington,11,1282,1308,0.4561034833136905,0.48375571893792757,52,29,344,187,215,116,1320,700,31,19,275,148,48,25,412,208,6,0,0.0,1.0,1298
Ben Woollaston,Leo Fernandez,11,1325,1221,0.6701956406431402,0.5646362918030292,398,227,2611,1399,385,233,2952,1598,42,21,683,368,7,1,70,41,6,3,0.0,0.6666666666666666,1298
Kyren Wilson,Thor Chuan Leong,11,1376,988,0.946898353816414,0.7251194977898231,246,145,1576,858,11,3,64,20,89,52,559,301,36,17,64,20,6,1,0.0,0.8571428571428571,1298
Robbie Williams,Joel Walker,11,1278,1262,0.5270486726982949,0.5099986668799655,260,145,1596,823,130,61,824,399,43,24,611,313,19,5,481,232,6,2,0.0,0.75,1298
Mark Williams,Nigel Bond,11,1437,1275,0.7532516785524059,0.5998883688639983,1103,718,8679,4954,776,436,6226,3304,57,34,959,550,47,23,540,270,6,3,0.0,0.6666666666666666,1298
Michael Wild,Judd Trump,11,1177,1573,0.04971790749567344,0.27091207765069353,272,153,1641,895,627,417,4240,2469,6,0,131,63,69,42,1376,814,6,0,0.0,1.0,1298
Michael White,Alfie Burden,11,1412,1334,0.6295033783102222,0.5485961085831343,286,162,2020,1084,561,305,4138,2146,65,39,739,407,49,28,581,295,6,5,0.0,0.5454545454545454,1298
Liang Wenbo,Alex Taubman,11,1473,1067,0.9542580296327788,0.7339975165215696,417,249,2863,1576,121,52,651,292,115,68,863,494,27,11,221,113,6,3,0.0,0.6666666666666666,1298
Daniel Wells,Rory McLeod,11,1206,1247,0.43099491034088827,0.47439741167538224,253,124,1682,833,456,249,3493,1827,55,31,482,226,26,8,525,255,6,1,0.0,0.8571428571428571,1298
Lee Walker,Mark Davis,11,1265,1454,0.21245345075762884,0.3840246980818742,371,211,2911,1523,853,512,6268,3414,34,19,140,70,41,26,1058,590,6,5,0.0,0.5454545454545454,1298
Chris Wakelin,Peter Lines,11,1225,1205,0.5337956434399982,0.5124973964842103,70,36,463,232,663,362,4911,2557,35,15,456,229,19,5,533,249,6,4,0.0,0.6,1298
Thepchaiya Un-Nooh,Hammad Miah,11,1324,1075,0.8526421514898557,0.6507869207968349,179,99,1269,666,54,19,338,137,40,18,620,320,36,19,320,131,6,5,0.0,0.5454545454545454,1298
Joe Swail,Allan Taylor,11,1338,1178,0.7505935878532457,0.598687660112452,733,400,5837,3054,213,107,1215,624,43,23,593,310,20,6,294,114,6,5,0.0,0.5454545454545454,1298
Matthew Stevens,Fraser Patrick,11,1338,1191,0.7329358500759163,0.5908547524545943,817,486,6410,3503,141,61,928,433,17,7,747,377,15,5,408,184,6,0,0.0,1.0,1298
Craig Steadman,Li Hang,11,1295,1335,0.4326609967196092,0.47502081252106,336,191,2207,1180,147,72,1044,528,20,6,575,287,42,19,488,254,6,2,0.0,0.75,1298
Matthew Selt,Adam Duffy,11,1396,1219,0.7726748787826436,0.6088545692109504,380,205,2651,1375,233,118,1455,744,72,37,695,383,49,29,450,216,6,2,0.0,0.75,1298
Mark Selby,Eden Sharav,11,1560,1215,0.9253239430388136,0.7031827112198086,824,558,5965,3443,63,38,356,190,97,62,1400,851,33,15,241,130,6,1,0.0,0.8571428571428571,1298
Noppon Saengkham,Stephen Maguire,11,1276,1529,0.14357319380185787,0.3469438867133873,104,45,723,334,738,495,5479,3126,22,8,503,250,59,32,1244,727,6,2,0.0,0.75,1298
Neil Robertson,Kuldesh Johal,11,1613,1199,0.9572441024823404,0.7378841011916348,712,463,5265,2986,182,103,1218,652,102,72,1511,907,0,0,0,0,6,3,0.0,0.6666666666666666,1298
Jimmy Robertson,Lu Ning,11,1315,1114,0.8018102421503362,0.6230466603666162,331,176,2210,1134,44,15,301,131,48,26,673,360,20,6,189,77,6,1,0.0,0.8571428571428571,1298
Dechawat Poomjaeng,Michael Georgiou,11,1313,1201,0.682332326039051,0.569546223939229,176,98,1260,643,113,51,666,325,47,22,818,431,30,11,322,175,6,4,0.0,0.6,1298
Joe Perry,Michael Wasley,11,1489,1301,0.7863303004766008,0.6153837563911821,831,485,6057,3249,227,115,1446,719,64,35,1041,584,22,8,618,308,6,1,0.0,0.8571428571428571,1298
Tian Pengfei,Ricky Walden,11,1383,1488,0.3282766632375935,0.43474925243290014,264,150,1757,941,623,385,4505,2510,34,19,605,329,56,35,1150,651,6,4,0.0,0.6,1298
Sean O'Sullivan,Robin Hull,11,1206,1342,0.2825039621020861,0.4158094770645927,115,49,714,331,436,266,3383,1869,29,15,440,207,27,14,326,157,6,3,0.0,0.6666666666666666,1298
Martin O'Donnell,Gerard Greene,11,1188,1237,0.41771479076349977,0.469413239817919,211,98,1261,624,620,338,4692,2465,26,9,432,209,28,16,486,234,6,4,0.0,0.6,1298
Fergal O'Brien,Hatem Yassen,11,1362,991,0.9390757834356045,0.7165678145577145,730,420,5671,3001,2,0,12,2,65,36,623,335,12,2,12,2,6,2,0.0,0.75,1298
Shaun Murphy,Lyu Chenwei,11,1585,1038,0.9874415923147704,0.7969759406564939,815,529,5984,3400,30,11,173,70,65,43,1275,743,11,1,145,62,6,2,0.0,0.75,1298
Ross Muir,Alan McManus,11,1133,1411,0.12146767710478165,0.3329217229043748,71,27,445,196,812,486,6884,3649,30,11,397,174,42,21,854,473,6,5,0.0,0.5454545454545454,1298
Aditya Mehta,Ian Glover,11,1306,1146,0.7505935878532457,0.598687660112452,216,109,1498,750,152,67,916,441,40,18,571,301,27,10,223,104,6,1,0.0,0.8571428571428571,1298
Anthony McGill,James Wattana,11,1356,1166,0.7887585737238443,0.6165665045213193,302,180,1883,1035,740,414,6301,3345,47,24,710,384,11,1,423,187,6,3,0.0,0.6666666666666666,1298
Kurt Maflin,Joe O'Connor,11,1319,1058,0.86378975240228,0.6575736106164225,403,237,2668,1447,40,19,239,113,30,14,700,377,23,9,218,102,6,2,0.0,0.75,1298
Jack Lisowski,Hossein Vafaei,11,1331,1149,0.7789444994063182,0.6118273690017371,287,173,1847,1010,26,14,192,96,47,23,652,345,14,4,119,59,6,3,0.0,0.6666666666666666,1298
Oliver Lines,Gary Wilson,11,1273,1304,0.44770833132354415,0.4806346917700681,101,58,578,312,284,169,1803,993,51,29,421,235,43,24,598,325,6,3,0.0,0.6666666666666666,1298
Rod Lawler,Jimmy White,11,1327,1216,0.6808260033162458,0.5689332093695465,705,393,5488,2871,1351,767,11702,6181,43,21,664,345,17,7,579,270,6,3,0.0,0.6666666666666666,1298
Sanderson Lam,David Morris,11,1084,1285,0.1981897578496637,0.37695333963338384,69,30,395,181,214,111,1606,814,19,5,343,164,18,8,466,246,6,3,0.0,0.6666666666666666,1298
Ding Junhui,Sam Craigie,11,1549,1224,0.9131514516618087,0.6926419831347361,566,378,4177,2387,78,40,470,242,14,4,1068,642,26,16,30,16,6,4,0.0,0.6,1298
Mark Joyce,Hamza Akbar,11,1311,1009,0.8973050799605787,0.6802671966986485,352,188,2523,1281,3,0,21,7,59,35,640,327,21,7,21,7,6,2,0.0,0.75,1298
Jamie Jones,Thanawat Thirapongpaiboon,11,1370,1182,0.7863303004766008,0.6153837563911821,371,223,2453,1339,146,66,1019,484,53,31,663,354,9,3,395,172,6,4,0.0,0.6,1298
Michael Holt,Jake Nicholson,11,1363,954,0.9553976538064426,0.7354592830135422,627,369,4650,2476,57,16,303,118,59,31,798,421,23,10,127,65,6,1,0.0,0.8571428571428571,1298
Darryl Hill,Robert Milkins,11,1048,1326,0.12146767710478165,0.3329217229043748,29,12,171,79,663,405,4961,2711,24,10,144,66,39,21,975,528,6,4,0.0,0.6,1298
Andrew Higginson,Zhang Yong,11,1358,1007,0.9286989206960847,0.706303891936407,594,359,4213,2322,19,7,108,43,47,26,658,345,15,5,75,28,6,3,0.0,0.6666666666666666,1298
John Higgins,Ashley Hugill,11,1548,1036,0.9823476650275276,0.7824497764231124,1176,832,9537,5631,22,9,114,53,93,57,1077,634,41,24,114,53,6,1,0.0,0.8571428571428571,1298
Barry Hawkins,Rhys Clark,11,1422,1111,0.9037490818403014,0.6851410567502929,719,439,5187,2871,52,24,298,143,26,11,1153,643,22,6,226,107,6,0,0.0,1.0,1298
Xiao Guodong,Jason Weston,11,1373,1156,0.8198661538135361,0.6323937895695628,292,170,1997,1097,271,151,2131,1131,36,16,719,405,28,10,44,18,6,0,0.0,1.0,1298
Martin Gould,Gareth Allen,11,1500,1117,0.9446885675062047,0.7226209843749648,501,301,3390,1851,109,52,609,298,59,36,924,510,17,3,282,137,6,4,0.0,0.6,1298
David Gilbert,Barry Pinches,11,1336,1212,0.7001574255021287,0.5768852611320463,377,209,2890,1526,682,357,5380,2800,40,20,646,348,21,7,476,221,6,2,0.0,0.75,1298
Marco Fu,Paul Davison,11,1533,1221,0.9044455522950189,0.6856801139382539,690,411,5166,2809,580,311,4112,2115,76,53,1157,668,21,7,517,252,6,2,0.0,0.75,1298
Tom Ford,Michael Leslie,11,1396,1081,0.9065117922093764,0.6872942801972042,459,261,3331,1775,98,28,622,247,68,42,593,298,24,7,402,166,6,1,0.0,0.8571428571428571,1298
Peter Ebdon,Zak Surety,11,1365,1137,0.8316353061514149,0.6387631751488418,914,527,7415,3984,76,36,432,209,70,40,633,323,34,16,271,133,6,1,0.0,0.8571428571428571,1298
Mike Dunn,Mitchell Mann,11,1351,1158,0.7923692348926034,0.6183380393302829,596,318,4419,2281,156,76,917,458,58,34,612,319,24,10,218,101,6,3,0.0,0.6666666666666666,1298
Graeme Dott,Andy Hicks,11,1435,1250,0.7826562787669785,0.6136070778047783,694,407,5424,2904,553,298,4582,2377,28,16,902,514,11,5,66,28,6,3,0.0,0.6666666666666666,1298
Ken Doherty,Vinnie Calabrese,11,1318,1073,0.8487883941410768,0.6485108747389209,1019,630,8431,4661,93,38,591,262,25,11,578,292,11,1,325,122,6,3,0.0,0.6666666666666666,1298
Yu Delu,Chris Melling,11,1311,1186,0.7016213434224691,0.5774953651858118,184,95,1264,649,150,86,1028,547,24,12,529,271,35,17,171,82,6,1,0.0,0.8571428571428571,1298
Ryan Day,Zhang Anda,11,1474,1272,0.8029711015893946,0.623633628298226,702,425,4936,2715,201,96,1372,682,70,43,1079,587,38,18,535,273,6,1,0.0,0.8571428571428571,1298
Dominic Dale,Sydney Wilson,11,1456,1127,0.9157023013753977,0.6947667628737805,748,434,5531,2961,125,48,718,330,65,42,901,492,28,9,350,170,6,2,0.0,0.75,1298
Jamie Cope,Anthony Hamilton,11,1254,1367,0.31616449072801983,0.42984097461816473,485,262,3282,1678,723,425,5678,3053,28,9,473,224,42,21,596,320,6,2,0.0,0.75,1298
Ali Carter,Luke Simmonds,11,1478,1218,0.8628843773345907,0.6570104626734988,721,432,5177,2842,92,50,652,340,33,16,667,376,0,0,0,0,6,0,0.0,1.0,1298
Ian Burns,Mark King,11,1270,1344,0.3769079309289413,0.4538814589542204,233,126,1424,745,766,424,5713,2981,26,9,544,276,60,33,709,369,6,2,0.0,0.75,1298
Jamie Burnett,James Cahill,11,1352,1156,0.7959416456362278,0.6201064323430902,594,347,4700,2506,86,30,542,231,35,22,487,249,18,4,335,142,6,2,0.0,0.75,1298
Luca Brecel,David Grace,11,1331,1304,0.5455773097861221,0.5168685956913849,173,88,1198,617,232,109,1519,740,67,41,564,295,91,52,503,238,6,1,0.0,0.8571428571428571,1298
Stuart Bingham,Steven Hallworth,11,1491,1041,0.9687275205673052,0.7549149868676283,830,522,6121,3482,38,14,223,95,71,45,1227,728,17,3,190,82,6,1,0.0,0.8571428571428571,1298
Mark Allen,Scott Donaldson,11,1582,1216,0.9366041312681649,0.7140222267773016,564,362,3817,2147,131,69,847,420,99,65,974,591,18,4,641,316,6,5,0.0,0.5454545454545454,1298
Wang Yuchen,Aditya Mehta,11,1008,1306,0.10566166609478445,0.3219117504483725,20,6,116,44,216,109,1498,750,0,0,80,33,40,18,571,301,6,4,0.0,0.6,1298
Daniel Wells,Fang Xiongman,11,1206,1053,0.7411666221738994,0.5944759307482401,253,124,1682,833,21,10,112,54,55,31,482,226,0,0,98,48,6,2,0.0,0.75,1298
Noppon Saengkham,Lin Shuai,11,1276,1082,0.7935642965945933,0.6189278548001903,104,45,723,334,26,13,148,69,22,8,503,250,0,0,107,48,6,5,0.0,0.5454545454545454,1298
Ken Doherty,Chen Zifan,11,1318,1050,0.8700081127630673,0.6615031592029524,1019,630,8431,4661,22,11,124,59,25,11,578,292,0,0,112,53,6,2,0.0,0.75,1298
Zhou Yuelong,Martin Gould,11,1239,1500,0.13621024759772005,0.3424263893835775,56,27,351,177,501,301,3390,1851,57,29,273,144,59,36,924,510,6,2,0.0,0.75,1298
Ben Woollaston,Robbie Williams,11,1325,1278,0.5789736932897438,0.5293412500457856,398,227,2611,1399,260,145,1596,823,42,21,683,368,43,24,611,313,6,5,0.0,0.5454545454545454,1298
Kyren Wilson,Jamie Cope,11,1376,1254,0.6972194672758715,0.5756643510425494,246,145,1576,858,485,262,3282,1678,89,52,559,301,28,9,473,224,6,4,0.0,0.6,1298
Mark Williams,Ian Burns,11,1437,1270,0.7598272122029448,0.6028848673274662,1103,718,8679,4954,233,126,1424,745,57,34,959,550,26,9,544,276,6,3,0.0,0.6666666666666666,1298
Michael White,Dechawat Poomjaeng,11,1412,1313,0.6625131348293405,0.5615610703361955,286,162,2020,1084,176,98,1260,643,65,39,739,407,47,22,818,431,6,5,0.0,0.5454545454545454,1298
Liang Wenbo,Andrew Higginson,11,1473,1358,0.6868323733048138,0.5713839816769324,417,249,2863,1576,594,359,4213,2322,115,68,863,494,47,26,658,345,6,4,0.0,0.6,1298
Lee Walker,Daniel Wells,11,1265,1206,0.5987470289611413,0.5368082899889803,371,211,2911,1523,253,124,1682,833,34,19,140,70,55,31,482,226,6,4,0.0,0.6,1298
Thepchaiya Un-Nooh,Ross Muir,11,1324,1133,0.7899663671711594,0.6171573626529722,179,99,1269,666,71,27,445,196,40,18,620,320,30,11,397,174,6,5,0.0,0.5454545454545454,1298
Mark Selby,Mike Dunn,11,1560,1351,0.8109765513000483,0.6277321638605189,824,558,5965,3443,596,318,4419,2281,97,62,1400,851,58,34,612,319,6,3,0.0,0.6666666666666666,1298
Neil Robertson,Martin O'Donnell,11,1613,1188,0.9610807857991664,0.7431680086124811,712,463,5265,2986,211,98,1261,624,102,72,1511,907,26,9,432,209,6,2,0.0,0.75,1298
Jimmy Robertson,Darryl Hill,11,1315,1048,0.8691325167096877,0.6609431415591629,331,176,2210,1134,29,12,171,79,48,26,673,360,24,10,144,66,6,2,0.0,0.75,1298
Joe Perry,Wang Yuchen,11,1489,1008,0.9763838772708908,0.7689692210129387,831,485,6057,3249,20,6,116,44,64,35,1041,584,0,0,80,33,6,1,0.0,0.8571428571428571,1298
Tian Pengfei,Cao Yupeng,11,1383,1259,0.7001574255021287,0.5768852611320463,264,150,1757,941,158,81,1145,581,34,19,605,329,15,5,531,257,6,2,0.0,0.75,1298
Fergal O'Brien,Tom Ford,11,1362,1396,0.4426826817576513,0.4787627850337259,730,420,5671,3001,459,261,3331,1775,65,36,623,335,68,42,593,298,6,3,0.0,0.6666666666666666,1298
Shaun Murphy,Luca Brecel,11,1585,1331,0.8573621984079968,0.653622330899504,815,529,5984,3400,173,88,1198,617,65,43,1275,743,67,41,564,295,6,2,0.0,0.75,1298
Anthony McGill,Sean O'Sullivan,11,1356,1206,0.7370683969010353,0.5926665999540697,302,180,1883,1035,115,49,714,331,47,24,710,384,29,15,440,207,6,0,0.0,1.0,1298
Jack Lisowski,Ali Carter,11,1331,1478,0.26706414992408406,0.4091452475454058,287,173,1847,1010,721,432,5177,2842,47,23,652,345,33,16,667,376,6,5,0.0,0.5454545454545454,1298
Oliver Lines,Noppon Saengkham,11,1273,1276,0.49492445915603683,0.498125008789013,101,58,578,312,104,45,723,334,51,29,421,235,22,8,503,250,6,4,0.0,0.6,1298
Sanderson Lam,Michael Wild,11,1084,1177,0.34679968616187434,0.4421354272792655,69,30,395,181,272,153,1641,895,19,5,343,164,6,0,131,63,6,0,0.0,1.0,1298
Ding Junhui,Craig Steadman,11,1549,1295,0.8573621984079968,0.653622330899504,566,378,4177,2387,336,191,2207,1180,14,4,1068,642,20,6,575,287,6,2,0.0,0.75,1298
Jamie Jones,Kurt Maflin,11,1370,1319,0.5855906534878264,0.5318318894162242,371,223,2453,1339,403,237,2668,1447,53,31,663,354,30,14,700,377,6,2,0.0,0.75,1298
Michael Holt,Rod Lawler,11,1363,1327,0.5606624709513546,0.5224848247918001,627,369,4650,2476,705,393,5488,2871,59,31,798,421,43,21,664,345,6,4,0.0,0.6,1298
John Higgins,Zhao Xintong,11,1548,1282,0.8682526828052831,0.660382673079216,1176,832,9537,5631,52,29,344,187,93,57,1077,634,31,19,275,148,6,2,0.0,0.75,1298
Barry Hawkins,Chris Wakelin,11,1422,1225,0.7971239215103564,0.6206951913643555,719,439,5187,2871,70,36,463,232,26,11,1153,643,35,15,456,229,6,4,0.0,0.6,1298
David Gilbert,Xiao Guodong,11,1336,1373,0.4376666286326199,0.4768914745109111,377,209,2890,1526,292,170,1997,1097,40,20,646,348,36,16,719,405,6,5,0.0,0.5454545454545454,1298
Marco Fu,Matthew Stevens,11,1533,1338,0.7947551021173549,0.6195173196470847,690,411,5166,2809,817,486,6410,3503,76,53,1157,668,17,7,747,377,6,2,0.0,0.75,1298
Peter Ebdon,Ken Doherty,11,1365,1318,0.5789736932897438,0.5293412500457856,914,527,7415,3984,1019,630,8431,4661,70,40,633,323,25,11,578,292,6,0,0.0,1.0,1298
Graeme Dott,Jamie Burnett,11,1435,1352,0.6374648969394331,0.5516896693427,694,407,5424,2904,594,347,4700,2506,28,16,902,514,35,22,487,249,6,2,0.0,0.75,1298
Yu Delu,Stuart Bingham,11,1311,1491,0.22355089230407071,0.389360766050778,184,95,1264,649,830,522,6121,3482,24,12,529,271,71,45,1227,728,6,2,0.0,0.75,1298
Ryan Day,Mark Joyce,11,1474,1311,0.7545747737356233,0.6004882745269664,702,425,4936,2715,352,188,2523,1281,70,43,1079,587,59,35,640,327,6,3,0.0,0.6666666666666666,1298
Dominic Dale,Matthew Selt,11,1456,1396,0.6003837402395101,0.5374298453437496,748,434,5531,2961,380,205,2651,1375,65,42,901,492,72,37,695,383,6,1,0.0,0.8571428571428571,1298
Mark Allen,Joe Swail,11,1582,1338,0.8478141344097009,0.6479408020806503,564,362,3817,2147,733,400,5837,3054,99,65,974,591,43,23,593,310,6,4,0.0,0.6,1298
Zhou Yuelong,Sanderson Lam,11,1239,1084,0.7438795181694131,0.5956807306078472,56,27,351,177,69,30,395,181,57,29,273,144,19,5,343,164,6,0,0.0,1.0,1298
Ben Woollaston,Yu Delu,11,1325,1311,0.5236720238796282,0.5087491068802403,398,227,2611,1399,184,95,1264,649,42,21,683,368,24,12,529,271,6,5,0.0,0.5454545454545454,1298
Michael White,Lee Walker,11,1412,1265,0.7329358500759163,0.5908547524545943,286,162,2020,1084,371,211,2911,1523,65,39,739,407,34,19,140,70,6,3,0.0,0.6666666666666666,1298
Thepchaiya Un-Nooh,Mark Williams,11,1324,1437,0.31616449072801983,0.42984097461816473,179,99,1269,666,1103,718,8679,4954,40,18,620,320,57,34,959,550,6,5,0.0,0.5454545454545454,1298
Mark Selby,Anthony McGill,11,1560,1356,0.8052799231333212,0.6248064744684293,824,558,5965,3443,302,180,1883,1035,97,62,1400,851,47,24,710,384,6,1,0.0,0.8571428571428571,1298
Jimmy Robertson,Barry Hawkins,11,1315,1422,0.3252302559050892,0.43352094403237207,331,176,2210,1134,719,439,5187,2871,48,26,673,360,26,11,1153,643,6,4,0.0,0.6,1298
Neil Robertson,Fergal O'Brien,11,1613,1362,0.8545431033333998,0.6519223788927313,712,463,5265,2986,730,420,5671,3001,102,72,1511,907,65,36,623,335,6,3,0.0,0.6666666666666666,1298
Joe Perry,Dominic Dale,11,1489,1456,0.5556431271115847,0.5206133097144486,831,485,6057,3249,748,434,5531,2961,64,35,1041,584,65,42,901,492,6,3,0.0,0.6666666666666666,1298
Tian Pengfei,Liang Wenbo,11,1383,1473,0.3514929866287785,0.44398610945538003,264,150,1757,941,417,249,2863,1576,34,19,605,329,115,68,863,494,6,3,0.0,0.6666666666666666,1298
Shaun Murphy,Jamie Jones,11,1585,1370,0.8176697769208081,0.6312306626164005,815,529,5984,3400,371,223,2453,1339,65,43,1275,743,53,31,663,354,6,2,0.0,0.75,1298
John Higgins,Michael Holt,11,1548,1363,0.7826562787669785,0.6136070778047783,1176,832,9537,5631,627,369,4650,2476,93,57,1077,634,59,31,798,421,6,3,0.0,0.6666666666666666,1298
David Gilbert,Oliver Lines,11,1336,1273,0.6052827397248761,0.5392938058983595,377,209,2890,1526,101,58,578,312,40,20,646,348,51,29,421,235,6,4,0.0,0.6,1298
Marco Fu,Jack Lisowski,11,1533,1331,0.8029711015893946,0.623633628298226,690,411,5166,2809,287,173,1847,1010,76,53,1157,668,47,23,652,345,6,3,0.0,0.6666666666666666,1298
Graeme Dott,Peter Ebdon,11,1435,1365,0.6166451808732252,0.5436386872370789,694,407,5424,2904,914,527,7415,3984,28,16,902,514,70,40,633,323,6,3,0.0,0.6666666666666666,1298
Ryan Day,Ding Junhui,11,1474,1549,0.37530170116259215,0.45326184801538616,702,425,4936,2715,566,378,4177,2387,70,43,1079,587,14,4,1068,642,6,5,0.0,0.5454545454545454,1298
Mark Allen,Kyren Wilson,11,1582,1376,0.8075715200153646,0.6259778577666038,564,362,3817,2147,246,145,1576,858,99,65,974,591,89,52,559,301,6,3,0.0,0.6666666666666666,1298
Thepchaiya Un-Nooh,Zhou Yuelong,11,1324,1239,0.6406324665836775,0.5529259881329059,179,99,1269,666,56,27,351,177,40,18,620,320,57,29,273,144,6,5,0.0,0.5454545454545454,1298
Mark Selby,Michael White,11,1560,1412,0.7343171553057939,0.5914589784327801,824,558,5965,3443,286,162,2020,1084,97,62,1400,851,65,39,739,407,6,3,0.0,0.6666666666666666,1298
Neil Robertson,Graeme Dott,11,1613,1435,0.7739370957025349,0.6094497836283252,712,463,5265,2986,694,407,5424,2904,102,72,1511,907,28,16,902,514,6,1,0.0,0.8571428571428571,1298
Joe Perry,Ben Woollaston,11,1489,1325,0.7558938862654132,0.6010878788483698,831,485,6057,3249,398,227,2611,1399,64,35,1041,584,42,21,683,368,6,5,0.0,0.5454545454545454,1298
John Higgins,Shaun Murphy,11,1548,1585,0.4376666286326199,0.4768914745109111,1176,832,9537,5631,815,529,5984,3400,93,57,1077,634,65,43,1275,743,6,0,0.0,1.0,1298
David Gilbert,Ryan Day,11,1336,1474,0.2796637232395578,0.4145954308705349,377,209,2890,1526,702,425,4936,2715,40,20,646,348,70,43,1079,587,6,4,0.0,0.6,1298
Marco Fu,Jimmy Robertson,11,1533,1315,0.820957826408379,0.6329747766804606,690,411,5166,2809,331,176,2210,1134,76,53,1157,668,48,26,673,360,6,3,0.0,0.6666666666666666,1298
Mark Allen,Tian Pengfei,11,1582,1383,0.7994756486773107,0.6218716423074662,564,362,3817,2147,264,150,1757,941,99,65,974,591,34,19,605,329,6,1,0.0,0.8571428571428571,1298
Thepchaiya Un-Nooh,Mark Allen,11,1324,1582,0.13893920149055405,0.3441171587921863,179,99,1269,666,564,362,3817,2147,40,18,620,320,99,65,974,591,6,5,0.0,0.5454545454545454,1298
Mark Selby,Neil Robertson,11,1560,1613,0.41111020930232867,0.46692337763389535,824,558,5965,3443,712,463,5265,2986,97,62,1400,851,102,72,1511,907,6,4,0.0,0.6,1298
John Higgins,Joe Perry,11,1548,1489,0.5987470289611413,0.5368082899889803,1176,832,9537,5631,831,485,6057,3249,93,57,1077,634,64,35,1041,584,6,3,0.0,0.6666666666666666,1298
David Gilbert,Marco Fu,11,1336,1533,0.20287607848964373,0.37930480863564453,377,209,2890,1526,690,411,5166,2809,40,20,646,348,76,53,1157,668,6,5,0.0,0.5454545454545454,1298
John Higgins,Mark Selby,17,1548,1560,0.4749783619221955,0.4925005624493796,1176,832,9537,5631,824,558,5965,3443,93,57,1077,634,97,62,1400,851,9,4,0.0,0.6923076923076923,1298
David Gilbert,Thepchaiya Un-Nooh,17,1336,1324,0.5250216380778039,0.5074994375506203,377,209,2890,1526,179,99,1269,666,40,20,646,348,40,18,620,320,9,5,0.0,0.6428571428571429,1298
John Higgins,David Gilbert,19,1548,1336,0.8777359910068675,0.6294831119673949,1176,832,9537,5631,377,209,2890,1526,93,57,1077,634,40,20,646,348,10,5,0.0,0.6666666666666666,1298
Huang Zishun,Deng Jinhong,7,1000,1000,0.5,0.5,0,0,0,0,0,0,0,0,0,0,0,0,0,0,0,0,4,0,0.0,1.0,1305
Zhang Zihao,Min Changqing,7,965,989,0.4672268289773793,0.4850044983805899,7,1,37,10,1,0,5,1,0,0,32,9,0,0,5,1,4,2,0.0,0.6666666666666666,1305
Zhang Zhijie,Chau Hon Man,7,1000,992,0.510936041856229,0.5049998333399998,0,0,0,0,1,0,6,2,0,0,0,0,0,0,0,0,4,0,0.0,1.0,1305
Li Zhen,Nico Elton,7,966,1090,0.3357342215120212,0.42311473886795364,3,0,15,3,39,18,213,103,0,0,15,3,32,20,178,91,4,3,0.0,0.5714285714285714,1305
Zhang Yang,Wu Shengguang,7,1028,1000,0.5382188233953898,0.5174928576663897,13,7,71,35,0,0,0,0,0,0,27,13,0,0,0,0,4,1,0.0,0.8,1305
Duan Yanfeng,Shen Haoran,7,992,1000,0.48906395814377107,0.4950001666600003,2,1,11,4,0,0,0,0,0,0,11,4,0,0,0,0,4,1,0.0,0.8,1305
Li Yan,Li Yingdong,7,1161,966,0.7470110120975012,0.6195173196470847,124,55,855,413,3,0,13,1,0,0,313,137,0,0,8,0,4,2,0.0,0.6666666666666666,1305
Pan Weixing,Wang Haonan,7,996,1000,0.4945314322857424,0.49750002083312506,15,6,85,36,0,0,0,0,0,0,56,24,0,0,0,0,4,0,0.0,1.0,1305
Yao Pengcheng,Long Zehuang,7,965,986,0.4713154170628733,0.4868780138177567,5,0,26,6,5,2,27,9,0,0,20,4,0,0,27,9,4,2,0.0,0.6666666666666666,1305
Li Ningning,Chang Bingyu,7,993,1000,0.4904306643721704,0.4956251116502266,1,0,5,1,0,0,0,0,0,0,5,1,0,0,0,0,4,1,0.0,0.8,1305
Ding Kai,Ng On Yee,7,986,989,0.4958985144028909,0.498125008789013,2,0,9,1,1,0,5,1,0,0,9,1,0,0,5,1,4,3,0.0,0.5714285714285714,1305
Si Jiaxin,Wang Chenkai,7,990,1005,0.47950179614537025,0.4906260984783392,1,0,4,0,1,0,7,3,0,0,4,0,0,0,7,3,4,2,0.0,0.6666666666666666,1305
Liu Jiaming,Ren Zuijie,7,967,1000,0.45498494612477275,0.47938669028555136,8,1,45,15,0,0,0,0,0,0,41,15,0,0,0,0,4,3,0.0,0.5714285714285714,1305
Zhao Hanyang,Cheng Feng,7,979,990,0.48496472766542054,0.4931254332354657,2,0,10,2,2,0,12,4,0,0,10,2,0,0,12,4,4,2,0.0,0.6666666666666666,1305
Leo Fernandez,Ren Jiaxing,7,1214,982,0.7851724867885262,0.6410674063348171,386,233,2961,1601,2,0,9,1,16,4,79,44,0,0,9,1,4,2,0.0,0.6666666666666666,1305
Lee Chun Wai,Gong Xiaoqing,7,1000,1000,0.5,0.5,0,0,0,0,0,0,0,0,0,0,0,0,0,0,0,0,4,1,0.0,0.8,1305
Zhang Chi,Alan Lin Tan Ho,7,1000,967,0.5450150538752272,0.5206133097144486,0,0,0,0,17,5,99,39,0,0,0,0,0,0,25,9,4,0,0.0,1.0,1305
Wang Chenkai,Si Jiaxin,7,1005,990,0.5204982038546295,0.5093739015216607,1,0,7,3,1,0,4,0,0,0,7,3,0,0,4,0,4,3,0.0,0.5714285714285714,1305
Wen Chen,Elliot Slessor,7,976,1182,0.24126123991548545,0.37402214223339625,5,1,27,9,75,31,445,203,0,0,27,9,27,17,324,147,4,2,0.0,0.6666666666666666,1305
Sun Chang,George Pragnall,7,992,1086,0.37380831662168224,0.44151888756183866,2,0,12,4,17,10,97,51,0,0,6,2,39,23,91,49,4,3,0.0,0.5714285714285714,1305
Zhang Zihao,Sydney Wilson,7,965,1123,0.2946731337220897,0.40251423417298393,7,1,37,10,126,48,726,332,0,0,32,9,36,11,358,172,4,2,0.0,0.6666666666666666,1305
Niu Zhuang,Sun Chang,7,1010,992,0.5245927745980452,0.5112481019468548,18,6,101,38,2,0,12,4,0,0,68,23,0,0,6,2,4,1,0.0,0.8,1305
Huang Zhong,Yu Delu,7,1000,1345,0.12194705768405788,0.2968172887801915,0,0,0,0,187,97,1290,666,0,0,0,0,50,29,555,288,4,3,0.0,0.5714285714285714,1305
Fan Zhengyi,Fang Xiongman,7,987,1044,0.4225943374899878,0.4644351620161461,3,0,18,6,22,10,120,56,0,0,18,6,8,2,106,50,4,3,0.0,0.5714285714285714,1305
Guan Zhen,Pang Junxu,7,1086,976,0.6466907800352545,0.5683199834782481,23,14,120,67,8,2,40,13,0,0,93,55,0,0,40,13,4,2,0.0,0.6666666666666666,1305
Wang Zepeng,Lu Ning,7,1069,1101,0.4563431395453441,0.48001065984441826,23,10,126,58,45,15,308,132,0,0,112,54,27,7,196,78,4,3,0.0,0.5714285714285714,1305
Cao Yupeng,Lee Chun Wai,7,1265,1000,0.8160262378047215,0.6598217549720575,160,82,1161,589,0,0,0,0,31,13,547,265,0,0,0,0,4,0,0.0,1.0,1305
Zhou Yuelong,Conor McCormack,7,1295,955,0.8746981311142084,0.7005671424739729,60,30,386,200,5,1,25,6,92,52,308,167,5,1,25,6,4,0,0.0,1.0,1305
Li Yuan,Oliver Lines,7,1032,1289,0.19117161406779293,0.34468162982610484,20,10,105,49,104,60,607,328,0,0,59,29,80,45,450,251,4,1,0.0,0.8,1305
Zhang Yang,Steven Hallworth,7,1028,1035,0.4904306643721704,0.4956251116502266,13,7,71,35,39,14,230,96,0,0,27,13,24,4,197,83,4,2,0.0,0.6666666666666666,1305
Duan Yanfeng,Chen Zifan,7,992,1044,0.42930455538057166,0.4675456936126812,2,1,11,4,23,11,132,61,0,0,11,4,8,2,120,55,4,3,0.0,0.5714285714285714,1305
Ben Woollaston,Wen Chen,7,1345,976,0.8932262852912048,0.7155512239631054,402,230,2653,1422,5,1,27,9,84,44,725,391,0,0,27,9,4,2,0.0,0.6666666666666666,1305
Gary Wilson,Huang Jiahao,7,1291,1007,0.8323923521776074,0.6704011598088686,285,169,1812,996,12,3,72,28,52,27,607,328,0,0,60,23,4,2,0.0,0.6666666666666666,1305
Liang Wenbo,Chen Bo,7,1455,957,0.9512956927774615,0.7764331373333982,420,251,2891,1591,5,0,27,7,143,83,891,509,0,0,14,2,4,0,0.0,1.0,1305
James Wattana,Si Jiaxin,7,1162,990,0.721490850613204,0.6058736684317606,741,414,6310,3348,1,0,4,0,20,4,432,190,0,0,4,0,4,3,0.0,0.5714285714285714,1305
Ricky Walden,Li Ningning,7,1475,993,0.9459817257508164,0.7694130612287485,624,385,4515,2514,1,0,5,1,66,39,1160,655,0,0,5,1,4,0,0.0,1.0,1305
Thepchaiya Un-Nooh,Qi Guoxiao,7,1329,1000,0.867077669398587,0.6947667628737805,185,104,1338,701,0,0,0,0,109,53,689,355,0,0,0,0,4,1,0.0,0.8,1305
Thanawat Thirapongpaiboon,Geng Mingqi,7,1183,986,0.7491668212476215,0.6206951913643555,147,66,1029,488,5,1,28,10,19,7,405,176,0,0,23,9,4,2,0.0,0.6666666666666666,1305
Craig Steadman,Man Ming Wa,7,1306,994,0.854643035192062,0.6856801139382539,338,192,2223,1188,1,0,5,1,36,14,591,295,0,0,5,1,4,0,0.0,1.0,1305
Yuan Sijun,Lin Shuai,7,956,1090,0.3234078367146668,0.4170245457988005,12,1,71,19,27,13,159,74,0,0,67,19,11,5,118,53,4,1,0.0,0.8,1305
Pa Ruke,Zhang Yong,7,1025,1010,0.5204982038546295,0.5093739015216607,13,4,77,35,20,7,117,46,0,0,54,26,24,8,84,31,4,2,0.0,0.6666666666666666,1305
Jimmy Robertson,Zhang Zhijie,7,1344,1000,0.8773873941193158,0.7026606543447315,335,179,2244,1155,0,0,0,0,82,47,707,381,0,0,0,0,4,0,0.0,1.0,1305
Dechawat Poomjaeng,Chen Zhe,7,1316,1172,0.6887157040547041,0.5890404340586651,178,99,1281,654,150,76,921,461,68,33,839,442,0,0,376,171,4,3,0.0,0.5714285714285714,1305
Barry Pinches,Li Yujin,7,1201,951,0.8023816778034777,0.6513548646660542,683,357,5388,2802,9,1,49,15,29,9,484,223,0,0,33,9,4,1,0.0,0.8,1305
Tian Pengfei,Lei Zhen,7,1407,981,0.923429055434548,0.7436448917562621,268,153,1791,960,9,2,48,18,68,38,639,348,0,0,33,15,4,0,0.0,1.0,1305
Yao Pengcheng,Michael Wasley,7,965,1287,0.13794513269842484,0.30895698758427714,5,0,26,6,228,115,1453,720,0,0,20,4,29,9,625,309,4,1,0.0,0.8,1305
Sean O'Sullivan,Chen Junhao,7,1204,979,0.7782368395177592,0.6370307944803831,117,50,729,337,6,1,30,9,44,21,455,213,0,0,30,9,4,0,0.0,1.0,1305
Martin O'Donnell,Michael Williams,7,1197,1086,0.6479578189910667,0.5689332093695465,213,99,1279,632,22,12,107,60,44,17,450,217,27,17,107,60,4,0,0.0,1.0,1305
Ross Muir,Cheng Sihong,7,1157,1000,0.7041548710511403,0.596884378259767,73,28,467,207,5,2,25,10,52,22,419,185,0,0,25,10,4,3,0.0,0.5714285714285714,1305
Robert Milkins,Feng Zeyuan,7,1305,977,0.8663684234920509,0.6942363401080305,664,405,4971,2715,7,1,36,12,49,25,985,532,0,0,36,12,4,2,0.0,0.6666666666666666,1305
Rouzi Maimaiti,Li Zhen,7,1058,966,0.6236008848905433,0.5572478545985555,26,11,157,66,3,0,15,3,0,0,92,46,0,0,15,3,4,0,0.0,1.0,1305
Kurt Maflin,Song Yang,7,1311,974,0.8726526517869658,0.6989914835090479,405,238,2684,1455,3,0,17,5,46,22,716,385,0,0,17,5,4,1,0.0,0.8,1305
Peter Lines,He Wenchong,7,1198,1000,0.7502408354966205,0.6212835951910678,664,362,4921,2561,0,0,0,0,29,9,543,253,0,0,0,0,4,0,0.0,1.0,1305
Zhong Lin,Cao Kaisheng,7,1043,1044,0.4986328153483015,0.4993750003255206,14,8,73,39,13,5,70,28,0,0,73,39,0,0,27,12,4,3,0.0,0.5714285714285714,1305
Sanderson Lam,Ma Daojun,7,1112,1000,0.6492231123314619,0.569546223939229,72,32,416,193,0,0,0,0,40,17,364,176,0,0,0,0,4,2,0.0,0.6666666666666666,1305
Mark King,Pan Weixing,7,1325,996,0.867077669398587,0.6947667628737805,767,424,5721,2983,15,6,85,36,68,35,717,371,0,0,56,24,4,1,0.0,0.8,1305
Ding Junhui,Xu Si,7,1542,993,0.9653692310989538,0.7977837659035681,569,380,4206,2404,8,3,44,15,43,21,1097,659,0,0,44,15,4,1,0.0,0.8,1305
Tang Jun,Ding Kai,7,1067,986,0.6092484254460553,0.5504527113395278,22,11,120,59,2,0,9,1,0,0,76,43,0,0,9,1,4,0,0.0,1.0,1305
Cai Jianzhong,Liu Jiaming,7,1072,967,0.6403298636636867,0.5652507475670999,24,11,137,65,8,1,45,15,0,0,82,43,0,0,41,15,4,2,0.0,0.6666666666666666,1305
Luo Honghao,Chris Wakelin,7,1052,1234,0.2672511194925776,0.3881726309982629,14,8,75,41,72,37,483,242,0,0,75,41,55,25,476,239,4,3,0.0,0.5714285714285714,1305
John Higgins,Li Yan,7,1620,1161,0.9374975625448363,0.7590539855304069,1183,839,9604,5680,124,55,855,413,160,106,1144,683,0,0,313,137,4,1,0.0,0.8,1305
Lyu Haotian,Mike Dunn,7,1124,1351,0.21976777945335846,0.36181388669099446,61,22,427,184,598,319,4437,2290,0,0,321,136,76,43,630,328,4,2,0.0,0.6666666666666666,1305
Hu Hao,Gareth Allen,7,1083,1127,0.44008542926958705,0.47252769565540637,19,10,110,57,110,52,619,302,0,0,72,34,27,7,292,141,4,1,0.0,0.8,1305
Zhao Hanyang,Lyu Chenwei,7,979,1041,0.41590794122337116,0.46132739479349205,2,0,10,2,31,11,181,72,0,0,10,2,19,3,153,64,4,3,0.0,0.5714285714285714,1305
Li Hang,Ma Tingpeng,7,1317,1000,0.858383853016921,0.6883678768310286,148,72,1052,530,14,5,75,33,50,21,496,256,0,0,47,19,4,2,0.0,0.6666666666666666,1305
He Guoqiang,Thor Chuan Leong,7,978,981,0.4958985144028909,0.498125008789013,7,2,35,13,12,3,71,21,0,0,35,13,43,18,71,21,4,3,0.0,0.5714285714285714,1305
Xiao Guodong,Qin Jianfeng,7,1385,989,0.9085182512941501,0.7290879223493065,294,171,2014,1108,3,1,17,6,53,27,736,416,0,0,17,6,4,0,0.0,1.0,1305
Ian Glover,Xu Yuan,7,1132,1000,0.6741427448520734,0.5817593768418363,153,67,923,442,0,0,0,0,34,11,230,105,0,0,0,0,4,2,0.0,0.6666666666666666,1305
Michael Georgiou,Wang Yuchen,7,1199,1026,0.7226276336267841,0.6064704870683034,114,51,676,329,22,7,133,51,40,15,332,179,17,7,97,40,4,1,0.0,0.8,1305
Marco Fu,Zhao Xintong,7,1538,1301,0.7900435532881105,0.643938555965633,695,415,5211,2838,54,30,358,195,121,82,1202,697,45,27,289,156,4,1,0.0,0.8,1305
Tom Ford,Hrithik Jain,7,1392,1000,0.906367771534617,0.7271082163411295,461,262,3347,1784,0,0,0,0,84,51,609,307,0,0,0,0,4,0,0.0,1.0,1305
Leo Fernandez,Matthew Selt,7,1214,1387,0.27737236637321583,0.3935295129316965,386,233,2961,1601,382,206,2666,1382,16,4,79,44,87,44,710,390,4,3,0.0,0.5714285714285714,1305
Chen Feilong,Wu Sicheng,7,1078,1000,0.6053054839891849,0.5485961085831343,21,8,123,55,0,0,0,0,0,0,71,38,0,0,0,0,4,0,0.0,1.0,1305
Liu Fan,Ju Reti,7,992,1185,0.25515512793785655,0.38166196066971714,1,0,6,2,27,19,149,90,0,0,0,0,0,0,119,72,4,0,0.0,1.0,1305
Scott Donaldson,Zhang Chi,7,1231,1000,0.7841899555246323,0.6404919537233386,132,69,858,425,0,0,0,0,29,9,652,321,0,0,0,0,4,1,0.0,0.8,1305
Paul Davison,Charlie Walters,7,1217,983,0.7871292414209698,0.6422170929574377,581,311,4120,2117,60,21,330,144,29,9,525,254,6,2,115,53,4,2,0.0,0.6666666666666666,1305
Dominic Dale,Wang Peng,7,1467,975,0.9493571939713684,0.7738185742694538,751,436,5555,2976,2,0,8,0,89,57,925,507,0,0,8,0,4,1,0.0,0.8,1305
Ma Chunmao,Huang Zishun,7,1058,1000,0.578744911388209,0.5361866202317948,15,7,77,42,0,0,0,0,0,0,59,32,0,0,0,0,4,0,0.0,1.0,1305
Au Chi Wai,Si Jiahui,7,1005,1000,0.5068355814796678,0.5031249593105316,25,9,149,58,0,0,0,0,0,0,67,35,0,0,0,0,4,2,0.0,0.6666666666666666,1305
James Cahill,Jin Long,7,1148,1223,0.3986489708076568,0.45326184801538616,87,30,550,233,136,61,1009,482,26,6,343,144,0,0,61,34,4,2,0.0,0.6666666666666666,1305
Oliver Brown,Yan Bingtao,7,1221,1182,0.5531518743848329,0.5243557087682073,129,57,696,331,24,13,153,83,33,21,357,200,15,7,153,83,4,2,0.0,0.6666666666666666,1305
Zhang Anda,Sun Peng,7,1259,988,0.8213053995393751,0.6631804950993565,202,96,1379,683,8,3,46,20,45,19,542,274,0,0,46,20,4,2,0.0,0.6666666666666666,1305
Zhou Yuelong,Oliver Brown,7,1295,1221,0.6000303895586184,0.5461185410457796,60,30,386,200,129,57,696,331,92,52,308,167,33,21,357,200,4,2,0.0,0.6666666666666666,1305
Li Yuan,Zhong Lin,7,1032,1043,0.48496472766542054,0.4931254332354657,20,10,105,49,14,8,73,39,0,0,59,29,0,0,73,39,4,0,0.0,1.0,1305
Mei Xiwen,Dechawat Poomjaeng,7,1126,1316,0.25842359174627483,0.38343349547868066,38,18,256,121,178,99,1281,654,0,0,80,39,68,33,839,442,4,0,0.0,1.0,1305
Ben Woollaston,Fan Zhengyi,7,1345,987,0.8864609774555678,0.7099209183344533,402,230,2653,1422,3,0,18,6,84,44,725,391,0,0,18,6,4,3,0.0,0.5714285714285714,1305
Liang Wenbo,Duan Yanfeng,7,1455,992,0.9390477874318228,0.76087815507093,420,251,2891,1591,2,1,11,4,143,83,891,509,0,0,11,4,4,2,0.0,0.6666666666666666,1305
Ricky Walden,Au Chi Wai,7,1475,1005,0.9416839060165828,0.7640475997974661,624,385,4515,2514,25,9,149,58,66,39,1160,655,0,0,67,35,4,2,0.0,0.6666666666666666,1305
Thepchaiya Un-Nooh,James Wattana,7,1329,1162,0.7157709624772323,0.6028848673274662,185,104,1338,701,741,414,6310,3348,109,53,689,355,20,4,432,190,4,0,0.0,1.0,1305
Thanawat Thirapongpaiboon,Ian Glover,7,1183,1132,0.5693507188778237,0.5318318894162242,147,66,1029,488,153,67,923,442,19,7,405,176,34,11,230,105,4,0,0.0,1.0,1305
Jimmy Robertson,Luo Honghao,7,1344,1052,0.8389762354745806,0.6748052725823135,335,179,2244,1155,14,8,75,41,82,47,707,381,0,0,75,41,4,1,0.0,0.8,1305
Barry Pinches,Pa Ruke,7,1201,1025,0.726023440718493,0.6082590307465143,683,357,5388,2802,13,4,77,35,29,9,484,223,0,0,54,26,4,2,0.0,0.6666666666666666,1305
Tian Pengfei,Chen Feilong,7,1407,1078,0.867077669398587,0.6947667628737805,268,153,1791,960,21,8,123,55,68,38,639,348,0,0,71,38,4,0,0.0,1.0,1305
Sean O'Sullivan,Yao Pengcheng,7,1204,965,0.7919725105475417,0.645084137572727,117,50,729,337,5,0,26,6,44,21,455,213,0,0,20,4,4,1,0.0,0.8,1305
Martin O'Donnell,Gary Wilson,7,1197,1291,0.37380831662168224,0.44151888756183866,213,99,1279,632,285,169,1812,996,44,17,450,217,52,27,607,328,4,2,0.0,0.6666666666666666,1305
Robert Milkins,Zhang Zihao,7,1305,965,0.8746981311142084,0.7005671424739729,664,405,4971,2715,7,1,37,10,49,25,985,532,0,0,32,9,4,1,0.0,0.8,1305
Kurt Maflin,Ross Muir,7,1311,1157,0.7006252854909363,0.595078473866134,405,238,2684,1455,73,28,467,207,46,22,716,385,52,22,419,185,4,2,0.0,0.6666666666666666,1305
Peter Lines,Wang Zepeng,7,1198,1069,0.6704536022204194,0.5799334001885058,664,362,4921,2561,23,10,126,58,29,9,543,253,0,0,112,54,4,2,0.0,0.6666666666666666,1305
Mark King,He Guoqiang,7,1325,978,0.8793759455680459,0.704225233864307,767,424,5721,2983,7,2,35,13,68,35,717,371,0,0,35,13,4,1,0.0,0.8,1305
Ding Junhui,Tang Jun,7,1542,1067,0.9435081378442264,0.7662936430859597,569,380,4206,2404,22,11,120,59,43,21,1097,659,0,0,76,43,4,0,0.0,1.0,1305
Cai Jianzhong,Huang Zhong,7,1072,1000,0.5973854695265872,0.5448788923735801,24,11,137,65,0,0,0,0,0,0,82,43,0,0,0,0,4,2,0.0,0.6666666666666666,1305
John Higgins,Guan Zhen,7,1620,1086,0.9616506916590958,0.7916664907298545,1183,839,9604,5680,23,14,120,67,160,106,1144,683,0,0,93,55,4,2,0.0,0.6666666666666666,1305
Lyu Haotian,Sanderson Lam,7,1124,1112,0.5164013295642876,0.5074994375506203,61,22,427,184,72,32,416,193,0,0,321,136,40,17,364,176,4,1,0.0,0.8,1305
Li Hang,Paul Davison,7,1317,1217,0.6339273074659068,0.5621765008857981,148,72,1052,530,581,311,4120,2117,50,21,496,256,29,9,525,254,4,3,0.0,0.5714285714285714,1305
Xiao Guodong,Zhang Yang,7,1385,1028,0.8858301874086159,0.7094058152553435,294,171,2014,1108,13,7,71,35,53,27,736,416,0,0,27,13,4,1,0.0,0.8,1305
Michael Georgiou,Niu Zhuang,7,1199,1010,0.7404818133197837,0.6159753019181258,114,51,676,329,18,6,101,38,40,15,332,179,0,0,68,23,4,3,0.0,0.5714285714285714,1305
Marco Fu,James Cahill,7,1538,1148,0.9052777694255321,0.7261149812607791,695,415,5211,2838,87,30,550,233,121,82,1202,697,26,6,343,144,4,1,0.0,0.8,1305
Tom Ford,Rouzi Maimaiti,7,1392,1058,0.8705826043505938,0.6974111143958823,461,262,3347,1784,26,11,157,66,84,51,609,307,0,0,92,46,4,1,0.0,0.8,1305
Leo Fernandez,Zhao Hanyang,7,1214,979,0.7881034579959058,0.6427913242407762,386,233,2961,1601,2,0,10,2,16,4,79,44,0,0,10,2,4,0,0.0,1.0,1305
Liu Fan,Cao Yupeng,7,992,1265,0.17695762322296427,0.33570355710001126,1,0,6,2,160,82,1161,589,0,0,0,0,31,13,547,265,4,3,0.0,0.5714285714285714,1305
Scott Donaldson,Noppon Saengkham,7,1231,1286,0.42527567806654565,0.4656790563306954,132,69,858,425,107,47,752,350,29,9,652,321,51,24,532,266,4,1,0.0,0.8,1305
Dominic Dale,Yuan Sijun,7,1467,956,0.9552808009763321,0.782023920628231,751,436,5555,2976,12,1,71,19,89,57,925,507,0,0,67,19,4,0,0.0,1.0,1305
Ma Chunmao,Craig Steadman,7,1058,1306,0.19948562670059505,0.34978145142617295,15,7,77,42,338,192,2223,1188,0,0,59,32,36,14,591,295,4,2,0.0,0.6666666666666666,1305
Zhang Anda,Hu Hao,7,1259,1083,0.726023440718493,0.6082590307465143,202,96,1379,683,19,10,110,57,45,19,542,274,0,0,72,34,4,3,0.0,0.5714285714285714,1305
Ben Woollaston,Tom Ford,7,1345,1392,0.4360365854867152,0.47065874995421436,402,230,2653,1422,461,262,3347,1784,84,44,725,391,84,51,609,307,4,1,0.0,0.8,1305
Liang Wenbo,Mei Xiwen,7,1455,1126,0.867077669398587,0.6947667628737805,420,251,2891,1591,38,18,256,121,143,83,891,509,0,0,80,39,4,2,0.0,0.6666666666666666,1305
Ricky Walden,Michael Georgiou,7,1475,1199,0.8256265088413395,0.6659669267518202,624,385,4515,2514,114,51,676,329,66,39,1160,655,40,15,332,179,4,1,0.0,0.8,1305
Thepchaiya Un-Nooh,Cai Jianzhong,7,1329,1072,0.8088283859322067,0.655318370173895,185,104,1338,701,24,11,137,65,109,53,689,355,0,0,82,43,4,2,0.0,0.6666666666666666,1305
Jimmy Robertson,Barry Pinches,7,1344,1201,0.6875128007198821,0.5884351201276382,335,179,2244,1155,683,357,5388,2802,82,47,707,381,29,9,484,223,4,3,0.0,0.5714285714285714,1305
Tian Pengfei,Martin O'Donnell,7,1407,1197,0.7629243149475251,0.6283161882953663,268,153,1791,960,213,99,1279,632,68,38,639,348,44,17,450,217,4,2,0.0,0.6666666666666666,1305
Robert Milkins,Thanawat Thirapongpaiboon,7,1305,1183,0.661777191191235,0.5756643510425494,664,405,4971,2715,147,66,1029,488,49,25,985,532,19,7,405,176,4,0,0.0,1.0,1305
Mark King,Liu Fan,7,1325,992,0.8698871121691505,0.6968832820410791,767,424,5721,2983,1,0,6,2,68,35,717,371,0,0,0,0,4,0,0.0,1.0,1305
Ding Junhui,Peter Lines,7,1542,1198,0.8773873941193158,0.7026606543447315,569,380,4206,2404,664,362,4921,2561,43,21,1097,659,29,9,543,253,4,3,0.0,0.5714285714285714,1305
John Higgins,Li Yuan,7,1620,1032,0.973604010869337,0.8130573860319537,1183,839,9604,5680,20,10,105,49,160,106,1144,683,0,0,59,29,4,2,0.0,0.6666666666666666,1305
Lyu Haotian,Ma Chunmao,7,1124,1058,0.589422689021118,0.541156668150228,61,22,427,184,15,7,77,42,0,0,321,136,0,0,59,32,4,2,0.0,0.6666666666666666,1305
Xiao Guodong,Zhou Yuelong,7,1385,1295,0.6210041469292463,0.5560138905446199,294,171,2014,1108,60,30,386,200,53,27,736,416,92,52,308,167,4,1,0.0,0.8,1305
Marco Fu,Sean O'Sullivan,7,1538,1204,0.8705826043505938,0.6974111143958823,695,415,5211,2838,117,50,729,337,121,82,1202,697,44,21,455,213,4,3,0.0,0.5714285714285714,1305
Leo Fernandez,Li Hang,7,1214,1317,0.36222625682132775,0.43597836257374245,386,233,2961,1601,148,72,1052,530,16,4,79,44,50,21,496,256,4,0,0.0,1.0,1305
Dominic Dale,Scott Donaldson,7,1467,1231,0.7890748963496146,0.6433651456944017,751,436,5555,2976,132,69,858,425,89,57,925,507,29,9,652,321,4,2,0.0,0.6666666666666666,1305
Zhang Anda,Kurt Maflin,7,1259,1311,0.42930455538057166,0.4675456936126812,202,96,1379,683,405,238,2684,1455,45,19,542,274,46,22,716,385,4,1,0.0,0.8,1305
Ben Woollaston,John Higgins,7,1345,1620,0.175232023672485,0.334589441253186,402,230,2653,1422,1183,839,9604,5680,84,44,725,391,160,106,1144,683,4,3,0.0,0.5714285714285714,1305
Ricky Walden,Lyu Haotian,7,1475,1124,0.8819896948101545,0.706303891936407,624,385,4515,2514,61,22,427,184,66,39,1160,655,0,0,321,136,4,1,0.0,0.8,1305
Thepchaiya Un-Nooh,Marco Fu,7,1329,1538,0.238118079693393,0.3722678361394811,185,104,1338,701,695,415,5211,2838,109,53,689,355,121,82,1202,697,4,3,0.0,0.5714285714285714,1305
Jimmy Robertson,Xiao Guodong,7,1344,1385,0.44414095234189266,0.47439741167538224,335,179,2244,1155,294,171,2014,1108,82,47,707,381,53,27,736,416,4,1,0.0,0.8,1305
Robert Milkins,Dominic Dale,7,1305,1467,0.29000807657290884,0.40011163113600173,664,405,4971,2715,751,436,5555,2976,49,25,985,532,89,57,925,507,4,3,0.0,0.5714285714285714,1305
Ding Junhui,Mark King,7,1542,1325,0.7701459815525172,0.6323937895695628,569,380,4206,2404,767,424,5721,2983,43,21,1097,659,68,35,717,371,4,1,0.0,0.8,1305
Leo Fernandez,Tian Pengfei,7,1214,1407,0.25515512793785655,0.38166196066971714,386,233,2961,1601,268,153,1791,960,16,4,79,44,68,38,639,348,4,3,0.0,0.5714285714285714,1305
Zhang Anda,Liang Wenbo,7,1259,1455,0.25190978869692043,0.3798935676569099,202,96,1379,683,420,251,2891,1591,45,19,542,274,143,83,891,509,4,3,0.0,0.5714285714285714,1305
Ricky Walden,Leo Fernandez,7,1475,1214,0.8124499949726253,0.6575736106164225,624,385,4515,2514,386,233,2961,1601,66,39,1160,655,16,4,79,44,4,1,0.0,0.8,1305
Jimmy Robertson,Thepchaiya Un-Nooh,7,1344,1329,0.5204982038546295,0.5093739015216607,335,179,2244,1155,185,104,1338,701,82,47,707,381,109,53,689,355,4,3,0.0,0.5714285714285714,1305
Robert Milkins,Ben Woollaston,7,1305,1345,0.44549420086403224,0.47502081252106,664,405,4971,2715,402,230,2653,1422,49,25,985,532,84,44,725,391,4,2,0.0,0.6666666666666666,1305
Ding Junhui,Zhang Anda,7,1542,1259,0.8315565774707512,0.6698485160570237,569,380,4206,2404,202,96,1379,683,43,21,1097,659,45,19,542,274,4,3,0.0,0.5714285714285714,1305
Ricky Walden,Robert Milkins,7,1475,1305,0.7192100641468833,0.6046790847140093,624,385,4515,2514,664,405,4971,2715,66,39,1160,655,49,25,985,532,4,1,0.0,0.8,1305
Ding Junhui,Jimmy Robertson,7,1542,1344,0.7502408354966205,0.6212835951910678,569,380,4206,2404,335,179,2244,1155,43,21,1097,659,82,47,707,381,4,2,0.0,0.6666666666666666,1305
Ding Junhui,Ricky Walden,7,1542,1475,0.5907526477758748,0.5417773692836367,569,380,4206,2404,624,385,4515,2514,43,21,1097,659,66,39,1160,655,4,3,0.0,0.5714285714285714,1305
Damian Wilks,Adam King,7,931,969,0.44820271004203943,0.4762678458734389,22,6,114,40,9,4,45,19,5,1,58,22,20,9,45,19,4,2,0.0,0.6666666666666666,1304
Patrick Whelan,Pedro Chacon,7,994,1000,0.4917974901893887,0.496250070310918,1,0,6,2,0,0,0,0,6,2,6,2,0,0,0,0,4,0,0.0,1.0,1304
Maris Volajs,Dirk Oppenhoff,7,976,984,0.48906395814377107,0.4950001666600003,2,0,10,2,1,0,4,0,0,0,10,2,0,0,4,0,4,0,0.0,1.0,1304
Frans Veling,Dirk Lycops,7,1000,996,0.5054685677142574,0.5024999791668749,3,1,16,8,2,1,9,4,0,0,16,8,0,0,0,0,4,0,0.0,1.0,1304
Alain Vandersteen,Daan Leyssen,7,988,978,0.51366902727117,0.5062496744995104,14,6,70,31,4,1,18,6,0,0,30,13,0,0,12,4,4,3,0.0,0.5714285714285714,1304
Gary Thomson,Dessie Sheehan,7,1086,726,0.8877146338860857,0.7109495026250039,152,79,1108,562,161,32,1252,464,0,0,20,9,10,4,48,18,4,0,0.0,1.0,1304
Sam Thistlewhite,Markus Fischer,7,1048,971,0.6039885915613215,0.5479769376367963,52,21,269,124,2,0,9,1,30,19,65,34,0,0,9,1,4,0,0.0,1.0,1304
James Silverwood,Maxim Maximov,7,932,988,0.42393453930920916,0.4650570548417855,64,18,346,132,1,0,5,1,0,0,96,47,5,1,5,1,4,0,0.0,1.0,1304
Dean Sheridan,Joe Steele,7,1028,957,0.5960612197256479,0.5442588584178731,6,4,32,18,44,17,219,92,0,0,32,18,14,5,185,83,4,1,0.0,0.8,1304
Habib Shalchian,Daniel Salis,7,982,1000,0.47540722540195457,0.4887518980531451,2,0,9,1,0,0,0,0,0,0,4,0,0,0,0,0,4,1,0.0,0.8,1304
Michael Schnabel,Andrej Burdel,7,1000,1000,0.5,0.5,0,0,0,0,0,0,0,0,0,0,0,0,0,0,0,0,4,0,0.0,1.0,1304
Brandon Sargeant,Lukas Kleckers,7,1044,1003,0.5558590476581076,0.5256025883246178,26,12,143,70,14,6,74,33,32,20,123,66,15,5,70,33,4,1,0.0,0.8,1304
Mohammed Rangzib,Mark Vincent,7,1067,923,0.6887157040547041,0.5890404340586651,42,22,282,152,35,10,172,65,5,1,5,1,0,0,54,20,4,3,0.0,0.5714285714285714,1304
Miro Popovic,Umar Ali Shaikh,7,989,982,0.5095693356278297,0.5043748883497735,5,2,21,9,1,0,4,0,0,0,12,4,0,0,4,0,4,1,0.0,0.8,1304
Andreas Ploner,Aleksandr Kurgankov,7,1046,966,0.6079354159352611,0.549833997312478,30,13,162,74,4,1,17,4,14,9,138,61,0,0,17,4,4,0,0.0,1.0,1304
Mark Owens,Jan Eisenstein,7,970,989,0.47404295972292854,0.4881272322437472,35,11,191,77,1,0,5,1,22,11,109,48,0,0,5,1,4,1,0.0,0.8,1304
Robin Otto,Joe Roberts,7,991,1055,0.4132404983976814,0.46008511544443426,3,1,14,6,24,13,127,68,14,6,14,6,22,12,127,68,4,2,0.0,0.6666666666666666,1304
Brendan O'Donoghue,Manon Melief,7,1139,900,0.7919725105475417,0.645084137572727,65,34,418,217,7,0,29,1,16,10,16,10,4,0,29,1,4,0,0.0,1.0,1304
Joe O'Connor,Kevin Chan,7,1052,933,0.6580301976734948,0.5738312575916094,41,19,247,115,9,2,41,9,31,11,226,104,4,0,41,9,4,1,0.0,0.8,1304
Johny Moermans,Sebastian Zittermann,7,995,986,0.5123026114255715,0.5056247627073255,2,1,10,4,1,0,4,0,0,0,10,4,0,0,4,0,4,0,0.0,1.0,1304
Julian Mills,Julia Litschke,7,966,1000,0.45362731252530075,0.4787627850337259,93,42,670,321,0,0,0,0,0,0,0,0,0,0,0,0,4,0,0.0,1.0,1304
Hammad Miah,Steve Lambrechts,7,1084,998,0.6157933128709394,0.5535439031511183,55,19,349,142,5,2,26,13,47,24,331,136,0,0,16,8,4,0,0.0,1.0,1304
Fozan Masood,Jean-Luca Nüßgen,7,1005,992,0.5177671819164105,0.5081242849062608,4,2,20,10,2,1,10,4,0,0,20,10,0,0,0,0,4,1,0.0,0.8,1304
Sascha Lippe,Hans Blanckaert,7,944,915,0.5395790886298393,0.5181170650431814,36,8,209,78,96,24,506,184,0,0,18,10,5,1,149,64,4,2,0.0,0.6666666666666666,1304
Gary Lees,Paul Schopf,7,1038,988,0.5680051367615364,0.5312093733737563,254,136,1868,964,1,0,4,0,0,0,0,0,0,0,0,0,4,3,0.0,0.5714285714285714,1304
Christopher Keogan,Matthew Glasby,7,1078,966,0.6492231123314619,0.569546223939229,75,28,416,188,18,7,103,45,22,11,273,130,5,1,103,45,4,1,0.0,0.8,1304
Chris Jones,Arsen Balishyan,7,947,1000,0.42796070219744664,0.46692337763389535,10,1,53,14,0,0,0,0,5,1,26,9,0,0,0,0,4,0,0.0,1.0,1304
Ben Jones,Daniel Schneider,7,1020,936,0.6131794491635048,0.5523079095743253,49,23,257,123,10,2,47,13,13,5,184,86,15,5,47,13,4,1,0.0,0.8,1304
Nick Jennings,Lewis Gillen,7,1098,1012,0.6157933128709394,0.5535439031511183,93,45,509,253,3,2,18,10,0,0,44,20,18,10,18,10,4,2,0.0,0.6666666666666666,1304
Phuntsok Jaegers,Lieven Vanthournout,7,995,992,0.5041014855971089,0.5018749912109869,4,2,23,10,1,0,6,2,0,0,23,10,0,0,0,0,4,2,0.0,0.6666666666666666,1304
Ashley Hugill,Tomasz Skalski,7,1032,1060,0.46178117660461016,0.48250714233361025,23,9,121,54,41,18,230,108,48,25,121,54,35,19,131,66,4,1,0.0,0.8,1304
Ross Higgins,Oktay Yildiz,7,917,1000,0.3881295430910018,0.44831033065729986,35,8,177,62,0,0,0,0,11,3,140,57,0,0,0,0,4,0,0.0,1.0,1304
Jurian Heusdens,Thomas Barton,7,1041,987,0.573382262278332,0.5336988354329009,28,14,139,71,2,0,11,3,19,10,116,57,0,0,11,3,4,3,0.0,0.5714285714285714,1304
Thomas Hein,Özyurt Aksoy,7,1000,993,0.5095693356278297,0.5043748883497735,0,0,0,0,1,0,5,1,0,0,0,0,0,0,0,0,4,1,0.0,0.8,1304
Michael Heeger,Pascal Fischer,7,972,1000,0.46178117660461016,0.48250714233361025,3,0,13,1,0,0,0,0,0,0,0,0,0,0,0,0,4,0,0.0,1.0,1304
Christopher Harrison,Lee Brookes,7,985,984,0.5013671846516985,0.5006249996744794,1,0,4,0,1,0,4,0,0,0,4,0,0,0,4,0,4,3,0.0,0.5714285714285714,1304
Felix Frede,Rolf Mahr,7,1005,986,0.5259570402770714,0.5118727677562528,13,6,62,28,1,0,4,0,20,11,48,24,0,0,4,0,4,0,0.0,1.0,1304
Kacper Filipiak,Daniel O’Regan,7,1024,976,0.5653114683109788,0.5299640517645717,53,17,282,100,2,0,12,4,23,11,148,72,6,2,6,2,4,0,0.0,1.0,1304
Nico Elton,Conor McCormack,7,1082,945,0.6802510445614828,0.584797674717737,40,18,220,106,6,1,29,6,39,23,185,94,9,1,29,6,4,0,0.0,1.0,1304
Adam Edge,Deitmar Juschka,7,981,982,0.4986328153483015,0.4993750003255206,20,7,114,51,1,0,4,0,13,7,92,40,0,0,4,0,4,0,0.0,1.0,1304
Adam Duffy,Zack Richardson,7,1210,1077,0.67536846283006,0.5823675407280794,234,118,1463,746,33,17,179,98,57,31,458,218,0,0,179,98,4,3,0.0,0.5714285714285714,1304
Sam Craigie,Alexander van den Doel,7,1231,1000,0.7841899555246323,0.6404919537233386,79,40,480,246,0,0,0,0,36,20,40,20,0,0,0,0,4,0,0.0,1.0,1304
Michael Collumb,Jörg Petersen,7,985,968,0.5232282019769063,0.5106234010049637,31,11,168,74,6,2,27,9,12,4,110,47,0,0,4,0,4,0,0.0,1.0,1304
Ryan Causton,Fabian Tost,7,1100,980,0.6592810606298003,0.574442516811659,94,49,509,252,2,0,10,2,21,11,258,136,0,0,10,2,4,0,0.0,1.0,1304
Ashley Carty,Kemal Ueruen,7,1154,971,0.7338611162888773,0.6124209393479161,70,36,404,203,2,0,9,1,19,11,341,176,0,0,9,1,4,0,0.0,1.0,1304
Alex Borg,Adam Longley,7,1120,941,0.7293972619311108,0.610044672404527,310,133,2269,1039,10,2,53,18,4,0,309,123,11,3,34,14,4,0,0.0,1.0,1304
Josh Boileau,Krzysztof Kubicki,7,1085,1004,0.6092484254460553,0.5504527113395278,34,19,175,92,2,1,8,4,14,8,131,72,0,0,0,0,4,1,0.0,0.8,1304
Richard Beckham,Ismail Türker,7,1078,987,0.622303251187688,0.5566309599222533,20,13,106,57,3,1,13,5,39,22,103,57,0,0,8,4,4,2,0.0,0.6666666666666666,1304
Mateusz Baranowski,Albert Pronk,7,977,986,0.48769738857442835,0.4943752372926745,6,2,29,10,1,0,4,0,20,9,24,9,0,0,4,0,4,0,0.0,1.0,1304
Joshua Baddeley,Julian Maschmeier,7,994,1000,0.4917974901893887,0.496250070310918,8,3,41,19,0,0,0,0,5,1,41,19,0,0,0,0,4,1,0.0,0.8,1304
Damian Wilks,James Silverwood,7,931,932,0.4986328153483015,0.4993750003255206,22,6,114,40,64,18,346,132,5,1,58,22,0,0,96,47,4,0,0.0,1.0,1304
Maris Volajs,Rafał Szymanek,7,976,1000,0.4672268289773793,0.4850044983805899,2,0,10,2,0,0,0,0,0,0,10,2,0,0,0,0,4,0,0.0,1.0,1304
Alain Vandersteen,Michael Williams,7,988,1072,0.3868205508364956,0.4476920904256748,14,6,70,31,23,12,111,60,0,0,30,13,31,17,111,60,4,3,0.0,0.5714285714285714,1304
Alexander Ursenbacher,Brandon Sargeant,7,1061,1044,0.5232282019769063,0.5106234010049637,44,14,267,107,26,12,143,70,10,5,237,91,32,20,123,66,4,2,0.0,0.6666666666666666,1304
Sam Thistlewhite,Alex Taubman,7,1048,1072,0.4672268289773793,0.4850044983805899,52,21,269,124,122,52,660,295,30,19,65,34,36,14,230,116,4,1,0.0,0.8,1304
Charlie Sweeney,Frans Veling,7,1000,1000,0.5,0.5,0,0,0,0,3,1,16,8,0,0,0,0,0,0,16,8,4,2,0.0,0.6666666666666666,1304
Elliot Slessor,Charlie Walters,7,1168,982,0.7371828058525272,0.6141996427768951,76,31,451,205,61,21,336,146,33,19,330,149,12,4,121,55,4,2,0.0,0.6666666666666666,1304
Dean Sheridan,Tan Wang Chooi,7,1028,1007,0.5286845829371267,0.5131219861822433,6,4,32,18,17,8,90,43,0,0,32,18,0,0,67,36,4,1,0.0,0.8,1304
Mohammed Rangzib,Habib Shalchian,7,1067,982,0.6144870727228646,0.5529259881329059,42,22,282,152,2,0,9,1,5,1,5,1,0,0,4,0,4,0,0.0,1.0,1304
Phil O'Kane,Christopher Harrison,7,984,985,0.4986328153483015,0.4993750003255206,59,24,302,132,1,0,4,0,27,14,131,64,0,0,4,0,4,2,0.0,0.6666666666666666,1304
Brendan O'Donoghue,Stephane Ochoiski,7,1139,935,0.756630061657872,0.6248064744684293,65,34,418,217,11,2,55,16,16,10,16,10,0,0,15,7,4,0,0.0,1.0,1304
Joe O'Connor,Inge Vermeulen,7,1052,1000,0.5706954446194282,0.5324543063873187,41,19,247,115,0,0,0,0,31,11,226,104,0,0,0,0,4,0,0.0,1.0,1304
Julian Mills,Richard Beckham,7,966,1078,0.35077688766853815,0.43045377606077095,93,42,670,321,20,13,106,57,0,0,0,0,39,22,103,57,4,2,0.0,0.6666666666666666,1304
Hammad Miah,Nick Jennings,7,1084,1098,0.48086718764462183,0.4912508931197597,55,19,349,142,93,45,509,253,47,24,331,136,0,0,44,20,4,2,0.0,0.6666666666666666,1304
Fozan Masood,Luc Blancke,7,1005,971,0.5463726874746992,0.5212372149662741,4,2,20,10,2,0,9,1,0,0,20,10,0,0,5,1,4,1,0.0,0.8,1304
Callum Lloyd,Thomas Hein,7,952,1000,0.4346885316890212,0.4700359482354282,15,3,80,30,0,0,0,0,7,3,29,12,0,0,0,0,4,0,0.0,1.0,1304
Sascha Lippe,Tom Rees,7,944,988,0.44008542926958705,0.47252769565540637,36,8,209,78,5,2,25,11,0,0,18,10,21,11,25,11,4,0,0.0,1.0,1304
Gary Lees,Michael Heeger,7,1038,972,0.589422689021118,0.541156668150228,254,136,1868,964,3,0,13,1,0,0,0,0,0,0,0,0,4,1,0.0,0.8,1304
Ben Jones,Chris Jones,7,1020,947,0.5987085312450529,0.5454987872127821,49,23,257,123,10,1,53,14,13,5,184,86,5,1,26,9,4,2,0.0,0.6666666666666666,1304
Ashley Hugill,Jeff Jacobs,7,1032,940,0.6236008848905433,0.5572478545985555,23,9,121,54,17,4,91,33,48,25,121,54,12,5,77,31,4,0,0.0,1.0,1304
Kishan Hirani,Ryan Causton,7,1094,1100,0.4917974901893887,0.496250070310918,96,44,511,241,94,49,509,252,23,14,215,115,21,11,258,136,4,0,0.0,1.0,1304
Ross Higgins,Mark Owens,7,917,970,0.42796070219744664,0.46692337763389535,35,8,177,62,35,11,191,77,11,3,140,57,22,11,109,48,4,2,0.0,0.6666666666666666,1304
Jurian Heusdens,Johny Moermans,7,1041,995,0.5626145694127913,0.5287183569514396,28,14,139,71,2,1,10,4,19,10,116,57,0,0,10,4,4,1,0.0,0.8,1304
Felix Frede,Michael Schnabel,7,1005,1000,0.5068355814796678,0.5031249593105316,13,6,62,28,0,0,0,0,20,11,48,24,0,0,0,0,4,3,0.0,0.5714285714285714,1304
Kacper Filipiak,Joshua Cooper,7,1024,978,0.5626145694127913,0.5287183569514396,53,17,282,100,4,1,18,6,23,11,148,72,13,5,18,6,4,0,0.0,1.0,1304
Nico Elton,Jake Nicholson,7,1082,947,0.6778138346852377,0.5835831155172753,40,18,220,106,58,16,310,119,39,23,185,94,30,11,134,66,4,1,0.0,0.8,1304
Adam Duffy,Robin Otto,7,1210,991,0.7721850273226749,0.633555377636775,234,118,1463,746,3,1,14,6,57,31,458,218,14,6,14,6,4,2,0.0,0.6666666666666666,1304
Dennis Deroose,Miro Popovic,7,996,989,0.5095693356278297,0.5043748883497735,1,0,7,3,5,2,21,9,0,0,7,3,0,0,12,4,4,1,0.0,0.8,1304
Sam Craigie,Adam Edge,7,1231,981,0.8023816778034777,0.6513548646660542,79,40,480,246,20,7,114,51,36,20,40,20,13,7,92,40,4,0,0.0,1.0,1304
Michael Collumb,Andreas Ploner,7,985,1046,0.41724321907824724,0.4619487156141408,31,11,168,74,30,13,162,74,12,4,110,47,14,9,138,61,4,0,0.0,1.0,1304
Brian Cini,Christopher Keogan,7,979,1078,0.36735805091226303,0.4384389296638045,16,6,81,37,75,28,416,188,10,2,81,37,22,11,273,130,4,1,0.0,0.8,1304
Ashley Carty,Jamie Clarke,7,1154,1230,0.3973295650806627,0.45264238185691075,70,36,404,203,88,47,492,264,19,11,341,176,26,17,350,203,4,0,0.0,1.0,1304
Oliver Brown,Gary Thomson,7,1222,1086,0.6790334655716898,0.5841905229354074,131,58,708,337,152,79,1108,562,45,27,369,206,0,0,20,9,4,1,0.0,0.8,1304
Alex Borg,Marvin Losi,7,1120,1000,0.6592810606298003,0.574442516811659,310,133,2269,1039,0,0,0,0,4,0,309,123,0,0,0,0,4,1,0.0,0.8,1304
Josh Boileau,Phuntsok Jaegers,7,1085,995,0.6210041469292463,0.5560138905446199,34,19,175,92,4,2,23,10,14,8,131,72,0,0,23,10,4,1,0.0,0.8,1304
Mateusz Baranowski,Patrick Whelan,7,977,994,0.476771798023094,0.4893765989950364,6,2,29,10,1,0,6,2,20,9,24,9,6,2,6,2,4,0,0.0,1.0,1304
Joshua Baddeley,Simon Lichtenberg,7,994,1006,0.4835986704357121,0.4925005624493796,8,3,41,19,5,2,28,14,5,1,41,19,22,12,28,14,4,3,0.0,0.5714285714285714,1304
Damian Wilks,Callum Lloyd,7,931,952,0.4713154170628733,0.4868780138177567,22,6,114,40,15,3,80,30,5,1,58,22,7,3,29,12,4,2,0.0,0.6666666666666666,1304
Alain Vandersteen,Ben Jones,7,988,1020,0.4563431395453441,0.48001065984441826,14,6,70,31,49,23,257,123,0,0,30,13,13,5,184,86,4,2,0.0,0.6666666666666666,1304
Alexander Ursenbacher,Dennis Deroose,7,1061,996,0.5880916350836762,0.5405358392737893,44,14,267,107,1,0,7,3,10,5,237,91,0,0,7,3,4,0,0.0,1.0,1304
Sam Thistlewhite,Joe O'Connor,7,1048,1052,0.4945314322857424,0.49750002083312506,52,21,269,124,41,19,247,115,30,19,65,34,31,11,226,104,4,3,0.0,0.5714285714285714,1304
Elliot Slessor,Maris Volajs,7,1168,976,0.7437579445222342,0.617747874769249,76,31,451,205,2,0,10,2,33,19,330,149,0,0,10,2,4,0,0.0,1.0,1304
Mohammed Rangzib,Julian Mills,7,1067,966,0.6352110684578025,0.5627917401386452,42,22,282,152,93,42,670,321,5,1,5,1,0,0,0,0,4,2,0.0,0.6666666666666666,1304
Brendan O'Donoghue,Brian Cini,7,1139,979,0.7076639986592218,0.598687660112452,65,34,418,217,16,6,81,37,16,10,16,10,10,2,81,37,4,2,0.0,0.6666666666666666,1304
Hammad Miah,Dean Sheridan,7,1084,1028,0.5760654606907909,0.5349429451582145,55,19,349,142,6,4,32,18,47,24,331,136,0,0,32,18,4,0,0.0,1.0,1304
Sascha Lippe,Fozan Masood,7,944,1005,0.41724321907824724,0.4619487156141408,36,8,209,78,4,2,20,10,0,0,18,10,0,0,20,10,4,1,0.0,0.8,1304
Ashley Hugill,Charlie Sweeney,7,1032,1000,0.5436568604546561,0.5199893401555818,23,9,121,54,0,0,0,0,48,25,121,54,0,0,0,0,4,2,0.0,0.6666666666666666,1304
Kishan Hirani,Jurian Heusdens,7,1094,1041,0.5720392978025534,0.5330766223661046,96,44,511,241,28,14,139,71,23,14,215,115,19,10,116,57,4,3,0.0,0.5714285714285714,1304
Ross Higgins,Phil O'Kane,7,917,984,0.4092473522241249,0.4582226307163632,35,8,177,62,59,24,302,132,11,3,140,57,27,14,131,64,4,3,0.0,0.5714285714285714,1304
Adam Duffy,Felix Frede,7,1210,1005,0.75768573294214,0.6253923497205511,234,118,1463,746,13,6,62,28,57,31,458,218,20,11,48,24,4,1,0.0,0.8,1304
Sam Craigie,Oliver Brown,7,1231,1222,0.5123026114255715,0.5056247627073255,79,40,480,246,131,58,708,337,36,20,40,20,45,27,369,206,4,1,0.0,0.8,1304
Michael Collumb,Kacper Filipiak,7,985,1024,0.44684812561516707,0.47564429123179275,31,11,168,74,53,17,282,100,12,4,110,47,23,11,148,72,4,3,0.0,0.5714285714285714,1304
Ashley Carty,Gary Lees,7,1154,1038,0.6542665688127887,0.5719961329315186,70,36,404,203,254,136,1868,964,19,11,341,176,0,0,0,0,4,0,0.0,1.0,1304
Alex Borg,Nico Elton,7,1120,1082,0.5517972899579606,0.523732154126561,310,133,2269,1039,40,18,220,106,4,0,309,123,39,23,185,94,4,1,0.0,0.8,1304
Josh Boileau,Robert Czupryniak,7,1085,1000,0.6144870727228646,0.5529259881329059,34,19,175,92,0,0,0,0,14,8,131,72,0,0,0,0,4,1,0.0,0.8,1304
Mateusz Baranowski,Joshua Baddeley,7,977,994,0.476771798023094,0.4893765989950364,6,2,29,10,8,3,41,19,20,9,24,9,5,1,41,19,4,3,0.0,0.5714285714285714,1304
Zhang Yong,Martin O'Donnell,7,1002,1219,0.2298540184474826,0.3676062104304372,21,7,123,48,216,101,1295,642,30,10,90,33,60,27,466,227,4,2,0.0,0.6666666666666666,1304
Ben Woollaston,Michael Collumb,7,1353,985,0.8926243040427981,0.7150421057009898,407,234,2684,1440,31,11,168,74,115,62,756,409,12,4,110,47,4,1,0.0,0.8,1304
Gary Wilson,Ian Burns,7,1281,1284,0.4958985144028909,0.498125008789013,287,170,1824,1002,235,127,1441,754,64,33,619,334,43,18,561,285,4,2,0.0,0.6666666666666666,1304
Kyren Wilson,Xiao Guodong,7,1382,1395,0.48223281808358937,0.4918757150937391,249,147,1602,873,298,174,2033,1121,115,67,585,316,72,40,755,429,4,2,0.0,0.6666666666666666,1304
Robbie Williams,Liam Highfield,7,1291,1276,0.5204982038546295,0.5093739015216607,262,146,1615,834,249,136,1666,877,62,35,630,324,34,12,589,310,4,3,0.0,0.5714285714285714,1304
Mark Williams,Kishan Hirani,7,1436,1094,0.8760481845200896,0.7016149536154007,1106,720,8708,4971,96,44,511,241,86,51,988,567,23,14,215,115,4,0,0.0,1.0,1304
Michael White,Gareth Allen,7,1412,1114,0.843794955427504,0.6780882495516275,290,165,2060,1105,111,52,624,303,105,60,779,428,32,8,297,142,4,0,0.0,1.0,1304
Daniel Wells,Elliot Slessor,7,1230,1168,0.5840920587766287,0.538672605206508,256,126,1707,849,76,31,451,205,80,47,507,242,33,19,330,149,4,3,0.0,0.5714285714285714,1304
Lee Walker,Joe Swail,7,1279,1336,0.4225943374899878,0.4644351620161461,374,213,2941,1538,735,401,5858,3064,64,34,170,85,64,33,614,320,4,1,0.0,0.8,1304
Chris Wakelin,Tony Drago,7,1224,1172,0.5706954446194282,0.5324543063873187,73,37,490,245,701,347,5777,2862,62,28,483,242,10,0,417,189,4,0,0.0,1.0,1304
Matthew Selt,Eden Sharav,7,1377,1206,0.7203516579445735,0.6052765337748445,383,206,2673,1385,64,38,363,191,94,47,717,393,40,16,248,131,4,2,0.0,0.6666666666666666,1304
Mark Selby,Michael Wasley,7,1580,1268,0.854643035192062,0.6856801139382539,830,563,6020,3477,229,115,1458,721,152,96,1455,885,34,10,630,310,4,1,0.0,0.8,1304
Jimmy Robertson,Mark Joyce,7,1372,1311,0.5827567809217526,0.5380512843858591,341,184,2278,1177,354,189,2540,1290,116,69,741,403,76,44,657,336,4,1,0.0,0.8,1304
Joe Perry,David Morris,7,1504,1264,0.792932804884019,0.6456563062257954,836,489,6100,3276,215,111,1615,817,107,62,1084,611,27,11,475,249,4,1,0.0,0.8,1304
Tian Pengfei,Sydney Wilson,7,1417,1111,0.8500614892601291,0.6824383021930648,272,156,1812,975,127,48,732,334,89,53,660,363,42,13,364,174,4,0,0.0,1.0,1304
Sean O'Sullivan,Vinnie Calabrese,7,1230,1072,0.7053268662779104,0.5974857658270161,120,52,745,348,94,38,600,265,60,32,471,224,20,4,334,125,4,2,0.0,0.6666666666666666,1304
Fergal O'Brien,Stuart Bingham,7,1376,1474,0.36864499282379254,0.43905454967528373,733,422,5697,3016,832,523,6136,3490,91,51,649,350,86,53,1242,736,4,3,0.0,0.5714285714285714,1304
Shaun Murphy,David Grace,7,1572,1285,0.834882617465889,0.6720562626502714,819,532,6014,3418,233,109,1526,741,95,61,1305,761,98,53,510,239,4,2,0.0,0.6666666666666666,1304
Robert Milkins,Ashley Hugill,7,1332,1032,0.8453785395674661,0.679178699175393,670,410,5004,2736,23,9,121,54,82,46,1018,553,48,25,121,54,4,0,0.0,1.0,1304
Hammad Miah,Judd Trump,7,1084,1538,0.06448592027976845,0.24323954938018943,55,19,349,142,628,417,4246,2469,47,24,331,136,75,42,1382,814,4,3,0.0,0.5714285714285714,1304
Aditya Mehta,Alex Borg,7,1297,1120,0.7271505015076656,0.6088545692109504,218,110,1515,760,310,133,2269,1039,57,28,588,311,4,0,309,123,4,1,0.0,0.8,1304
Alan McManus,Barry Pinches,7,1392,1211,0.7316341543771714,0.6112334666758695,813,486,6895,3654,686,359,5406,2813,53,26,865,478,47,20,502,234,4,3,0.0,0.5714285714285714,1304
Rory McLeod,Craig Steadman,7,1226,1301,0.3986489708076568,0.45326184801538616,457,249,3500,1828,340,193,2233,1194,33,9,532,256,46,20,601,301,4,2,0.0,0.6666666666666666,1304
Anthony McGill,Mateusz Baranowski,7,1367,977,0.9052777694255321,0.7261149812607791,305,182,1905,1048,6,2,29,10,69,37,732,397,20,9,24,9,4,3,0.0,0.5714285714285714,1304
Stephen Maguire,Cao Yupeng,7,1503,1263,0.792932804884019,0.6456563062257954,739,495,5487,3128,162,83,1172,596,67,34,1252,729,42,20,558,272,4,0,0.0,1.0,1304
Kurt Maflin,Adam Duffy,7,1304,1210,0.6261916833783177,0.5584811124381613,408,240,2700,1464,234,118,1463,746,62,31,732,394,57,31,458,218,4,1,0.0,0.8,1304
Jack Lisowski,Ross Muir,7,1345,1153,0.7437579445222342,0.617747874769249,290,175,1876,1025,75,29,480,213,76,38,681,360,65,28,432,191,4,3,0.0,0.5714285714285714,1304
Oliver Lines,Steven Hallworth,7,1271,1027,0.7967460208697068,0.6479408020806503,105,60,612,329,40,14,236,98,85,46,455,252,30,6,203,85,4,0,0.0,1.0,1304
Michael Leslie,Dechawat Poomjaeng,7,1071,1295,0.22276496570381588,0.36354745971843366,99,28,629,248,180,100,1292,658,31,8,409,167,79,37,850,446,4,3,0.0,0.5714285714285714,1304
Rod Lawler,Alexander Ursenbacher,7,1328,1061,0.8177973252726516,0.6609431415591629,707,394,5507,2881,44,14,267,107,62,31,683,355,10,5,237,91,4,3,0.0,0.5714285714285714,1304
Sanderson Lam,Fraser Patrick,7,1106,1171,0.4119083649163239,0.4594641607262107,74,33,427,198,142,61,934,433,51,22,375,181,21,5,414,184,4,0,0.0,1.0,1304
Jamie Jones,Michael Georgiou,7,1375,1200,0.7248939369984414,0.6076631698328917,374,225,2479,1353,117,53,693,338,79,45,689,368,57,24,349,188,4,0,0.0,1.0,1304
Michael Holt,Allan Taylor,7,1372,1183,0.7404818133197837,0.6159753019181258,630,371,4676,2491,214,107,1226,629,85,46,824,436,31,11,305,119,4,3,0.0,0.5714285714285714,1304
Andrew Higginson,Darryl Hill,7,1353,1063,0.837347307313657,0.6737070994545215,596,360,4232,2332,31,13,189,87,66,36,677,355,42,18,162,74,4,0,0.0,1.0,1304
Barry Hawkins,Jimmy White,7,1422,1209,0.7660354477872332,0.6300660082850182,722,441,5213,2887,1352,767,11711,6184,52,27,1179,659,26,10,588,273,4,3,0.0,0.5714285714285714,1304
Li Hang,Sam Thistlewhite,7,1299,1048,0.8033111045084242,0.6519223788927313,151,74,1069,538,52,21,269,124,67,29,513,264,30,19,65,34,4,0,0.0,1.0,1304
Gerard Greene,Ricky Walden,7,1227,1500,0.17695762322296427,0.33570355710001126,621,338,4702,2469,631,391,4552,2541,38,20,496,238,103,66,1197,682,4,3,0.0,0.5714285714285714,1304
David Gilbert,Noppon Saengkham,7,1396,1273,0.6630224339222315,0.5762749224932653,384,215,2969,1570,108,47,757,351,119,64,725,392,56,25,537,267,4,3,0.0,0.5714285714285714,1304
Peter Ebdon,Anthony Hamilton,7,1389,1347,0.557211603425229,0.5262259093720687,917,529,7437,3999,724,425,5686,3055,92,55,655,338,50,23,604,322,4,3,0.0,0.5714285714285714,1304
Mike Dunn,Nigel Bond,7,1336,1270,0.589422689021118,0.541156668150228,599,319,4443,2292,777,436,6235,3307,82,45,636,330,56,26,549,273,4,2,0.0,0.6666666666666666,1304
Graeme Dott,Brendan O'Donoghue,7,1447,1139,0.8515999175968284,0.6835208937363156,698,410,5457,2923,65,34,418,217,61,35,935,533,16,10,16,10,4,1,0.0,0.8,1304
Yu Delu,Ken Doherty,7,1330,1303,0.536858082179779,0.5168685956913849,188,97,1297,669,1022,632,8454,4673,57,32,562,291,48,23,601,304,4,3,0.0,0.5714285714285714,1304
Ryan Day,Ashley Carty,7,1483,1154,0.867077669398587,0.6947667628737805,706,428,4973,2737,70,36,404,203,107,65,1116,609,19,11,341,176,4,2,0.0,0.6666666666666666,1304
Mark Davis,Alain Vandersteen,7,1440,988,0.9347062907150968,0.7558388990947971,854,512,6279,3419,14,6,70,31,52,31,1069,595,0,0,30,13,4,0,0.0,1.0,1304
Dominic Dale,Thanawat Thirapongpaiboon,7,1467,1186,0.829876495909729,0.668741821102192,755,439,5577,2991,150,68,1043,496,111,72,947,522,33,15,419,184,4,0,0.0,1.0,1304
Sam Craigie,Peter Lines,7,1231,1221,0.51366902727117,0.5062496744995104,79,40,480,246,667,364,4938,2572,36,20,40,20,46,20,560,264,4,0,0.0,1.0,1304
Rhys Clark,Jamie Cope,7,1096,1271,0.2751060630015586,0.39233683016710835,53,24,304,143,487,263,3300,1688,28,6,232,107,46,19,491,234,4,0,0.0,1.0,1304
Thor Chuan Leong,Damian Wilks,7,977,931,0.5626145694127913,0.5287183569514396,13,3,78,24,22,6,114,40,50,21,78,24,5,1,58,22,4,1,0.0,0.8,1304
Lyu Chenwei,Scott Donaldson,7,1035,1250,0.2319038910879732,0.36876933738359946,32,11,188,75,135,71,874,435,26,6,160,67,45,19,668,331,4,3,0.0,0.5714285714285714,1304
Stuart Carrington,Ross Higgins,7,1283,917,0.8914125527550687,0.7140222267773016,216,116,1326,700,35,8,177,62,54,25,418,208,11,3,140,57,4,1,0.0,0.8,1304
James Cahill,Neil Robertson,7,1155,1616,0.06172329498620226,0.24003274414092723,89,31,561,238,717,467,5308,3014,37,11,354,149,145,100,1554,935,4,3,0.0,0.5714285714285714,1304
Alfie Burden,Paul Davison,7,1334,1217,0.6555229391190917,0.5726080638632601,562,305,4149,2151,583,312,4133,2124,60,33,592,300,42,16,538,261,4,0,0.0,1.0,1304
Luca Brecel,Ian Glover,7,1343,1121,0.7752232149046754,0.6352948493228071,175,89,1213,625,155,68,933,446,82,49,579,303,44,15,240,109,4,1,0.0,0.8,1304
Sam Baird,Matthew Stevens,7,1352,1349,0.5041014855971089,0.5018749912109869,234,126,1594,830,819,487,6424,3511,62,37,689,365,31,15,761,385,4,2,0.0,0.6666666666666666,1304
Zhang Anda,Zak Surety,7,1286,1125,0.7088291167182063,0.5992881635083561,207,100,1411,702,77,36,439,210,77,38,574,293,41,17,278,134,4,2,0.0,0.6666666666666666,1304
Mark Allen,Josh Boileau,7,1565,1085,0.945284433740056,0.7685247834990175,569,366,3865,2176,34,19,175,92,147,94,1022,620,14,8,131,72,4,2,0.0,0.6666666666666666,1304
Zhang Yong,Mohammed Rangzib,7,1002,1067,0.4119083649163239,0.4594641607262107,21,7,123,48,42,22,282,152,30,10,90,33,5,1,5,1,4,1,0.0,0.8,1304
Ben Woollaston,Chris Wakelin,7,1353,1224,0.6704536022204194,0.5799334001885058,407,234,2684,1440,73,37,490,245,115,62,756,409,62,28,483,242,4,3,0.0,0.5714285714285714,1304
Mark Williams,Rod Lawler,7,1436,1328,0.644151517953897,0.5670929049654543,1106,720,8708,4971,707,394,5507,2881,86,51,988,567,62,31,683,355,4,3,0.0,0.5714285714285714,1304
Lee Walker,Thor Chuan Leong,7,1279,977,0.8469508145525204,0.6802671966986485,374,213,2941,1538,13,3,78,24,64,34,170,85,50,21,78,24,4,2,0.0,0.6666666666666666,1304
Mark Selby,Robbie Williams,7,1580,1291,0.8365285845595485,0.6731572963701318,830,563,6020,3477,262,146,1615,834,152,96,1455,885,62,35,630,324,4,3,0.0,0.5714285714285714,1304
Joe Perry,Stuart Carrington,7,1504,1283,0.774213209168811,0.6347154153791584,836,489,6100,3276,216,116,1326,700,107,62,1084,611,54,25,418,208,4,3,0.0,0.5714285714285714,1304
Tian Pengfei,Gary Wilson,7,1417,1281,0.6790334655716898,0.5841905229354074,272,156,1812,975,287,170,1824,1002,89,53,660,363,64,33,619,334,4,1,0.0,0.8,1304
Shaun Murphy,Sam Craigie,7,1572,1231,0.8753745152338872,0.7010913114266953,819,532,6014,3418,79,40,480,246,95,61,1305,761,36,20,40,20,4,2,0.0,0.6666666666666666,1304
Robert Milkins,Tom Ford,7,1332,1391,0.41991680863949354,0.46319171001101955,670,410,5004,2736,464,264,3361,1793,82,46,1018,553,98,60,623,316,4,1,0.0,0.8,1304
Hammad Miah,Daniel Wells,7,1084,1230,0.30888492066734696,0.40974974806981657,55,19,349,142,256,126,1707,849,47,24,331,136,80,47,507,242,4,1,0.0,0.8,1304
Aditya Mehta,Kyren Wilson,7,1297,1382,0.38551292727713543,0.4470740118670941,218,110,1515,760,249,147,1602,873,57,28,588,311,115,67,585,316,4,2,0.0,0.6666666666666666,1304
Alan McManus,Sam Baird,7,1392,1352,0.5545057991359676,0.52497918747894,813,486,6895,3654,234,126,1594,830,53,26,865,478,62,37,689,365,4,1,0.0,0.8,1304
Rory McLeod,Jamie Jones,7,1226,1375,0.30530209550926213,0.40793707183518074,457,249,3500,1828,374,225,2479,1353,33,9,532,256,79,45,689,368,4,3,0.0,0.5714285714285714,1304
Anthony McGill,Matthew Selt,7,1367,1377,0.4863309727288301,0.49375032550048964,305,182,1905,1048,383,206,2673,1385,69,37,732,397,94,47,717,393,4,2,0.0,0.6666666666666666,1304
Mitchell Mann,Michael Holt,7,1155,1372,0.2298540184474826,0.3676062104304372,157,76,926,461,630,371,4676,2491,33,13,227,104,85,46,824,436,4,3,0.0,0.5714285714285714,1304
Stephen Maguire,Michael White,7,1503,1412,0.622303251187688,0.5566309599222533,739,495,5487,3128,290,165,2060,1105,67,34,1252,729,105,60,779,428,4,3,0.0,0.5714285714285714,1304
Kurt Maflin,Ryan Day,7,1304,1483,0.2706027380688891,0.38995532759547297,408,240,2700,1464,706,428,4973,2737,62,31,732,394,107,65,1116,609,4,2,0.0,0.6666666666666666,1304
Michael Leslie,Lyu Chenwei,7,1071,1035,0.549086208422272,0.5224848247918001,99,28,629,248,32,11,188,75,31,8,409,167,26,6,160,67,4,3,0.0,0.5714285714285714,1304
Mark King,Alfie Burden,7,1337,1334,0.5041014855971089,0.5018749912109869,771,427,5740,2996,562,305,4149,2151,87,48,736,384,60,33,592,300,4,3,0.0,0.5714285714285714,1304
Andrew Higginson,Jimmy Robertson,7,1353,1372,0.47404295972292854,0.4881272322437472,596,360,4232,2332,341,184,2278,1177,66,36,677,355,116,69,741,403,4,3,0.0,0.5714285714285714,1304
Barry Hawkins,Sanderson Lam,7,1422,1106,0.8576412839544288,0.6878313305828404,722,441,5213,2887,74,33,427,198,52,27,1179,659,51,22,375,181,4,0,0.0,1.0,1304
Li Hang,Rhys Clark,7,1299,1096,0.7555717519931018,0.6242202334972642,151,74,1069,538,53,24,304,143,67,29,513,264,28,6,232,107,4,1,0.0,0.8,1304
Gerard Greene,Yu Delu,7,1227,1330,0.36222625682132775,0.43597836257374245,621,338,4702,2469,188,97,1297,669,38,20,496,238,57,32,562,291,4,0,0.0,1.0,1304
David Gilbert,James Cahill,7,1396,1155,0.7938903058360224,0.6462280583309002,384,215,2969,1570,89,31,561,238,119,64,725,392,37,11,354,149,4,0,0.0,1.0,1304
Peter Ebdon,Oliver Lines,7,1389,1271,0.6567774862994666,0.5732197726798348,917,529,7437,3999,105,60,612,329,92,55,655,338,85,46,455,252,4,2,0.0,0.6666666666666666,1304
Mike Dunn,Sean O'Sullivan,7,1336,1230,0.641605432096216,0.5658650028954817,599,319,4443,2292,120,52,745,348,82,45,636,330,60,32,471,224,4,0,0.0,1.0,1304
Mark Davis,Fergal O'Brien,7,1440,1376,0.5867595016023184,0.5399148845555657,854,512,6279,3419,733,422,5697,3016,52,31,1069,595,91,51,649,350,4,3,0.0,0.5714285714285714,1304
Dominic Dale,Graeme Dott,7,1467,1447,0.5273209820427867,0.5124973964842103,755,439,5577,2991,698,410,5457,2923,111,72,947,522,61,35,935,533,4,2,0.0,0.6666666666666666,1304
Ali Carter,Marco Fu,7,1481,1529,0.4346885316890212,0.4700359482354282,723,433,5194,2853,699,418,5235,2853,50,27,684,387,145,97,1226,712,4,3,0.0,0.5714285714285714,1304
Luca Brecel,Jason Weston,7,1343,1138,0.75768573294214,0.6253923497205511,175,89,1213,625,272,151,2137,1131,82,49,579,303,34,10,50,18,4,0,0.0,1.0,1304
Zhang Anda,Sascha Lippe,7,1286,944,0.8760481845200896,0.7016149536154007,207,100,1411,702,36,8,209,78,77,38,574,293,0,0,18,10,4,1,0.0,0.8,1304
Mark Allen,Jack Lisowski,7,1565,1345,0.7732004785001367,0.6341355910108007,569,366,3865,2176,290,175,1876,1025,147,94,1022,620,76,38,681,360,4,2,0.0,0.6666666666666666,1304
Ben Woollaston,Lee Walker,7,1353,1279,0.6000303895586184,0.5461185410457796,407,234,2684,1440,374,213,2941,1538,115,62,756,409,64,34,170,85,4,2,0.0,0.6666666666666666,1304
Mark Williams,Aditya Mehta,7,1436,1297,0.6826800016944434,0.5860112044388707,1106,720,8708,4971,218,110,1515,760,86,51,988,567,57,28,588,311,4,1,0.0,0.8,1304
Mark Selby,Anthony McGill,7,1580,1367,0.7660354477872332,0.6300660082850182,830,563,6020,3477,305,182,1905,1048,152,96,1455,885,69,37,732,397,4,3,0.0,0.5714285714285714,1304
Tian Pengfei,Li Hang,7,1417,1299,0.6567774862994666,0.5732197726798348,272,156,1812,975,151,74,1069,538,89,53,660,363,67,29,513,264,4,2,0.0,0.6666666666666666,1304
Shaun Murphy,Gerard Greene,7,1572,1227,0.8780529423159423,0.7031827112198086,819,532,6014,3418,621,338,4702,2469,95,61,1305,761,38,20,496,238,4,1,0.0,0.8,1304
Alan McManus,Stephen Maguire,7,1392,1503,0.35204218100893303,0.43106679063045344,813,486,6895,3654,739,495,5487,3128,53,26,865,478,67,34,1252,729,4,3,0.0,0.5714285714285714,1304
Rory McLeod,Mark King,7,1226,1337,0.35204218100893303,0.43106679063045344,457,249,3500,1828,771,427,5740,2996,33,9,532,256,87,48,736,384,4,3,0.0,0.5714285714285714,1304
Andrew Higginson,Robert Milkins,7,1353,1332,0.5286845829371267,0.5131219861822433,596,360,4232,2332,670,410,5004,2736,66,36,677,355,82,46,1018,553,4,2,0.0,0.6666666666666666,1304
Barry Hawkins,Michael Leslie,7,1422,1071,0.8819896948101545,0.706303891936407,722,441,5213,2887,99,28,629,248,52,27,1179,659,31,8,409,167,4,1,0.0,0.8,1304
David Gilbert,Mitchell Mann,7,1396,1155,0.7938903058360224,0.6462280583309002,384,215,2969,1570,157,76,926,461,119,64,725,392,33,13,227,104,4,1,0.0,0.8,1304
Peter Ebdon,Kurt Maflin,7,1389,1304,0.6144870727228646,0.5529259881329059,917,529,7437,3999,408,240,2700,1464,92,55,655,338,62,31,732,394,4,2,0.0,0.6666666666666666,1304
Mike Dunn,Hammad Miah,7,1336,1084,0.8042377114883456,0.6524894621927444,599,319,4443,2292,55,19,349,142,82,45,636,330,47,24,331,136,4,1,0.0,0.8,1304
Mark Davis,Ali Carter,7,1440,1481,0.44414095234189266,0.47439741167538224,854,512,6279,3419,723,433,5194,2853,52,31,1069,595,50,27,684,387,4,2,0.0,0.6666666666666666,1304
Dominic Dale,Zhang Yong,7,1467,1002,0.9398108653743346,0.7617866810463009,755,439,5577,2991,21,7,123,48,111,72,947,522,30,10,90,33,4,2,0.0,0.6666666666666666,1304
Luca Brecel,Zhang Anda,7,1343,1286,0.5774056625100122,0.5355648379838539,175,89,1213,625,207,100,1411,702,82,49,579,303,77,38,574,293,4,1,0.0,0.8,1304
Mark Allen,Joe Perry,7,1565,1504,0.5827567809217526,0.5380512843858591,569,366,3865,2176,836,489,6100,3276,147,94,1022,620,107,62,1084,611,4,3,0.0,0.5714285714285714,1304
Mark Williams,Mark Selby,7,1436,1580,0.31128429594529594,0.41095956594133487,1106,720,8708,4971,830,563,6020,3477,86,51,988,567,152,96,1455,885,4,3,0.0,0.5714285714285714,1304
Tian Pengfei,Shaun Murphy,7,1417,1572,0.29819592913144066,0.4043192693921528,272,156,1812,975,819,532,6014,3418,89,53,660,363,95,61,1305,761,4,1,0.0,0.8,1304
Alan McManus,Dominic Dale,7,1392,1467,0.3986489708076568,0.45326184801538616,813,486,6895,3654,755,439,5577,2991,53,26,865,478,111,72,947,522,4,0,0.0,1.0,1304
Rory McLeod,Ben Woollaston,7,1226,1353,0.33201569905505146,0.421285137539866,457,249,3500,1828,407,234,2684,1440,33,9,532,256,115,62,756,409,4,1,0.0,0.8,1304
Barry Hawkins,Mark Allen,7,1422,1565,0.3124871992801179,0.4115648798723618,722,441,5213,2887,569,366,3865,2176,52,27,1179,659,147,94,1022,620,4,1,0.0,0.8,1304
David Gilbert,Peter Ebdon,7,1396,1389,0.5095693356278297,0.5043748883497735,384,215,2969,1570,917,529,7437,3999,119,64,725,392,92,55,655,338,4,2,0.0,0.6666666666666666,1304
Mike Dunn,Andrew Higginson,7,1336,1353,0.476771798023094,0.4893765989950364,599,319,4443,2292,596,360,4232,2332,82,45,636,330,66,36,677,355,4,1,0.0,0.8,1304
Mark Davis,Luca Brecel,7,1440,1343,0.6300664956451868,0.5603296426885532,854,512,6279,3419,175,89,1213,625,52,31,1069,595,82,49,579,303,4,2,0.0,0.6666666666666666,1304
Tian Pengfei,Alan McManus,7,1417,1392,0.534135239137421,0.5156199157230156,272,156,1812,975,813,486,6895,3654,89,53,660,363,53,26,865,478,4,3,0.0,0.5714285714285714,1304
Rory McLeod,Mark Davis,7,1226,1440,0.23293287554107978,0.36935147434892557,457,249,3500,1828,854,512,6279,3419,33,9,532,256,52,31,1069,595,4,3,0.0,0.5714285714285714,1304
David Gilbert,Barry Hawkins,7,1396,1422,0.4645031181885513,0.48375571893792757,384,215,2969,1570,722,441,5213,2887,119,64,725,392,52,27,1179,659,4,2,0.0,0.6666666666666666,1304
Mike Dunn,Mark Williams,7,1336,1436,0.36607269253409314,0.43782349911420193,599,319,4443,2292,1106,720,8708,4971,82,45,636,330,86,51,988,567,4,1,0.0,0.8,1304
Tian Pengfei,David Gilbert,7,1417,1396,0.5286845829371267,0.5131219861822433,272,156,1812,975,384,215,2969,1570,89,53,660,363,119,64,725,392,4,3,0.0,0.5714285714285714,1304
Rory McLeod,Mike Dunn,7,1226,1336,0.35330921996474546,0.4316800165217519,457,249,3500,1828,599,319,4443,2292,33,9,532,256,82,45,636,330,4,1,0.0,0.8,1304
Rory McLeod,Tian Pengfei,7,1226,1417,0.257331545698999,0.38284263734702784,457,249,3500,1828,272,156,1812,975,33,9,532,256,89,53,660,363,4,2,0.0,0.6666666666666666,1304
Zhou Yuelong,Hammad Miah,9,1301,1145,0.7256147727911193,0.5962826992967879,63,32,401,209,61,24,380,163,107,61,323,176,78,45,362,157,5,4,0.0,0.5555555555555556,1184
Zhang Yong,Steven Hallworth,9,1034,1016,0.5276622061032297,0.5112481019468548,24,9,140,58,41,14,240,98,47,20,107,43,34,6,207,85,5,1,0.0,0.8333333333333334,1184
Sydney Wilson,Duane Jones,9,1101,1247,0.2872693867047188,0.40974974806981657,128,48,736,334,92,54,519,298,46,13,368,174,12,2,239,139,5,3,0.0,0.625,1184
Jimmy White,Oliver Lines,9,1212,1277,0.4011128900397446,0.4594641607262107,1353,767,11718,6187,107,61,622,335,33,13,595,276,95,52,465,258,5,3,0.0,0.625,1184
James Wattana,Ian Glover,9,1147,1114,0.5506132837092798,0.5206133097144486,743,415,6321,3352,156,68,938,447,31,8,443,194,49,16,245,110,5,3,0.0,0.625,1184
Michael Wasley,James Cahill,9,1263,1162,0.6513228977147019,0.5627917401386452,230,115,1463,722,91,32,572,242,39,11,635,311,48,15,365,153,5,3,0.0,0.625,1184
Joel Walker,Adam Duffy,9,1247,1208,0.5597486539081615,0.5243557087682073,131,61,832,401,238,121,1486,759,27,7,489,234,80,44,481,231,5,2,0.0,0.7142857142857143,1184
Lee Walker,Ashley Hugill,9,1285,1054,0.8118363604456017,0.6404919537233386,377,215,2958,1548,27,12,140,66,81,44,187,95,67,37,140,66,5,2,0.0,0.7142857142857143,1184
Hossein Vafaei,Alfie Burden,9,1145,1344,0.22260456198586073,0.3781283576925339,27,14,201,99,564,306,4160,2158,23,7,128,62,71,40,603,307,5,1,0.0,0.8333333333333334,1184
Alex Taubman,Michael Georgiou,9,1060,1187,0.3125478541883953,0.421285137539866,123,52,665,296,118,53,697,338,41,15,235,117,61,24,353,188,5,3,0.0,0.625,1184
Zak Surety,Jason Weston,9,1122,1126,0.4938479125874028,0.49750002083312506,78,36,445,212,273,151,2141,1131,47,19,284,136,38,10,54,18,5,1,0.0,0.8333333333333334,1184
Craig Steadman,Kuldesh Johal,9,1291,1204,0.6312250106267252,0.5541616527636486,341,193,2239,1196,183,103,1227,655,52,22,607,303,9,3,9,3,5,4,0.0,0.5555555555555556,1184
Eden Sharav,Thanawat Thirapongpaiboon,9,1203,1175,0.542978651056463,0.5174928576663897,65,38,369,193,151,68,1047,496,46,18,254,133,37,15,423,184,5,2,0.0,0.7142857142857143,1184
Tian Pengfei,Noppon Saengkham,9,1448,1273,0.7492413698670223,0.6076631698328917,279,162,1852,1001,109,47,764,354,129,79,700,389,63,28,544,270,5,1,0.0,0.8333333333333334,1184
Fraser Patrick,Darryl Hill,9,1154,1053,0.6513228977147019,0.5627917401386452,143,61,938,433,32,13,193,87,25,5,418,184,46,18,166,74,5,3,0.0,0.625,1184
Martin O'Donnell,Jake Nicholson,9,1205,939,0.8453183804092873,0.660382673079216,217,101,1301,644,59,16,315,120,66,29,472,229,35,12,139,67,5,1,0.0,0.8333333333333334,1184
Lu Ning,Sanderson Lam,9,1096,1113,0.4738722035413677,0.4893765989950364,46,15,315,135,76,34,435,202,34,10,203,81,59,26,383,185,5,2,0.0,0.7142857142857143,1184
Ross Muir,Tony Drago,9,1156,1157,0.49846191806792206,0.4993750003255206,76,29,487,216,702,347,5781,2862,72,31,439,194,14,0,421,189,5,1,0.0,0.8333333333333334,1184
Chris Melling,Daniel Wells,9,1170,1218,0.4266123046090862,0.4700359482354282,151,86,1035,548,258,127,1719,854,42,18,178,83,92,52,519,247,5,4,0.0,0.5555555555555556,1184
Michael Leslie,Luke Simmonds,9,1082,1202,0.32210928445621645,0.425557483188341,102,30,648,257,93,50,658,340,50,17,428,176,6,0,6,0,5,1,0.0,0.8333333333333334,1184
Liam Highfield,Michael Wild,9,1273,1185,0.6326739656258834,0.5547792351072148,250,136,1673,880,274,154,1653,901,41,15,596,313,18,6,143,69,5,0,0.0,1.0,1184
David Grace,Joe O'Connor,9,1285,1072,0.7929076344712422,0.6300660082850182,234,109,1532,743,44,21,263,126,104,55,516,241,47,22,242,115,5,3,0.0,0.625,1184
Leo Fernandez,Lyu Chenwei,9,1257,1043,0.7939893798637696,0.6306485256510744,392,238,2994,1622,34,12,202,82,49,25,112,65,40,13,174,74,5,4,0.0,0.5555555555555556,1184
Scott Donaldson,Jordan Brown,9,1239,1144,0.6427600375415892,0.559097471902393,136,71,881,438,69,37,447,229,52,22,675,334,7,1,50,21,5,2,0.0,0.7142857142857143,1184
Paul Davison,Rhys Clark,9,1203,1108,0.6427600375415892,0.559097471902393,584,312,4137,2124,55,25,313,148,46,16,542,261,37,11,241,112,5,4,0.0,0.5555555555555556,1184
Jamie Cope,Mitchell Mann,9,1252,1160,0.6384497606491344,0.5572478545985555,488,263,3304,1688,159,77,938,466,50,19,495,234,45,18,239,109,5,1,0.0,0.8333333333333334,1184
Vinnie Calabrese,Thor Chuan Leong,9,1069,990,0.6195643657627519,0.5492151291013335,95,38,606,267,15,4,89,30,26,6,340,127,61,27,89,30,5,1,0.0,0.8333333333333334,1184
Ian Burns,Sean O'Sullivan,9,1276,1219,0.5869351044529159,0.5355648379838539,236,127,1447,756,122,53,755,352,49,20,567,287,70,36,481,228,5,4,0.0,0.5555555555555556,1184
Nigel Bond,Chris Wakelin,9,1264,1239,0.5383896612204689,0.5156199157230156,778,436,6241,3309,75,38,501,252,62,28,555,275,73,35,494,249,5,0,0.0,1.0,1184
Zhang Anda,Andy Hicks,9,1284,1246,0.5582282705684568,0.523732154126561,210,102,1427,711,554,298,4591,2380,93,47,590,302,20,8,75,31,5,1,0.0,0.8333333333333334,1184
Gareth Allen,Barry Pinches,9,1104,1213,0.3373854944584286,0.43229345192664,112,52,628,303,687,359,5413,2816,36,8,301,142,54,23,509,237,5,1,0.0,0.8333333333333334,1184
Cao Yupeng,James Wattana,9,1252,1147,0.6569871207564459,0.5652507475670999,163,83,1176,596,743,415,6321,3352,46,20,562,272,31,8,443,194,5,1,0.0,0.8333333333333334,1184
Kyren Wilson,Vinnie Calabrese,9,1379,1069,0.8812152445871373,0.6846015003234307,251,148,1614,879,95,38,606,267,127,73,597,322,26,6,340,127,5,0,0.0,1.0,1184
Robbie Williams,Martin O'Donnell,9,1300,1205,0.6427600375415892,0.559097471902393,264,147,1629,841,217,101,1301,644,76,42,644,331,66,29,472,229,5,4,0.0,0.5555555555555556,1184
Hossein Vafaei,Anthony Hamilton,9,1145,1344,0.22260456198586073,0.3781283576925339,27,14,201,99,725,425,5693,3058,23,7,128,62,57,26,611,325,5,2,0.0,0.7142857142857143,1184
Joe Swail,Paul Davison,9,1323,1203,0.6778907155437834,0.574442516811659,736,401,5863,3065,584,312,4137,2124,69,34,619,321,46,16,542,261,5,2,0.0,0.7142857142857143,1184
Matthew Stevens,Fraser Patrick,9,1341,1154,0.763560717707773,0.6147918694922195,820,487,6430,3513,143,61,938,433,37,17,767,387,25,5,418,184,5,0,0.0,1.0,1184
Dechawat Poomjaeng,Ross Muir,9,1283,1156,0.6874521458116047,0.578714862460134,181,100,1299,661,76,29,487,216,86,40,857,449,72,31,439,194,5,3,0.0,0.625,1184
Tian Pengfei,Yu Delu,9,1448,1315,0.6955437518522246,0.5823675407280794,279,162,1852,1001,190,98,1308,673,129,79,700,389,68,36,573,295,5,1,0.0,0.8333333333333334,1184
Lu Ning,Kurt Maflin,9,1096,1321,0.19434508000828477,0.3629692055196168,46,15,315,135,411,242,2717,1474,34,10,203,81,79,41,749,404,5,4,0.0,0.5555555555555556,1184
David Morris,Zhou Yuelong,9,1258,1301,0.43417929822605655,0.4731508513108857,216,111,1620,818,63,32,401,209,32,12,480,250,107,61,323,176,5,3,0.0,0.625,1184
Rory McLeod,Scott Donaldson,9,1306,1239,0.6018604645306946,0.5417773692836367,464,256,3543,1856,136,71,881,438,76,37,575,284,52,22,675,334,5,3,0.0,0.625,1184
Jack Lisowski,Jimmy White,9,1340,1212,0.6888075102228256,0.5793242521487495,292,176,1889,1031,1353,767,11718,6187,89,44,694,366,33,13,595,276,5,0,0.0,1.0,1184
Peter Lines,Sydney Wilson,9,1206,1101,0.6569871207564459,0.5652507475670999,668,364,4942,2572,128,48,736,334,50,20,564,264,46,13,368,174,5,1,0.0,0.8333333333333334,1184
Rod Lawler,Michael Leslie,9,1324,1082,0.8228339524244989,0.6467993925579857,709,395,5521,2888,102,30,648,257,76,38,697,362,50,17,428,176,5,1,0.0,0.8333333333333334,1184
Mark King,Joel Walker,9,1334,1247,0.6312250106267252,0.5541616527636486,773,428,5754,3003,131,61,832,401,101,55,750,391,27,7,489,234,5,1,0.0,0.8333333333333334,1184
Mark Joyce,Ian Burns,9,1301,1276,0.5383896612204689,0.5156199157230156,355,189,2545,1291,236,127,1447,756,81,45,662,337,49,20,567,287,5,3,0.0,0.625,1184
Liam Highfield,Robin Hull,9,1273,1324,0.42208550570901493,0.4681681105837757,250,136,1673,880,437,266,3392,1872,41,15,596,313,36,17,335,160,5,2,0.0,0.7142857142857143,1184
Andrew Higginson,Michael Wasley,9,1364,1263,0.6513228977147019,0.5627917401386452,600,363,4254,2345,230,115,1463,722,88,49,699,368,39,11,635,311,5,4,0.0,0.5555555555555556,1184
Li Hang,Alex Taubman,9,1314,1060,0.8343351260922364,0.653622330899504,154,76,1084,548,123,52,665,296,82,39,528,274,41,15,235,117,5,3,0.0,0.625,1184
Gerard Greene,Zak Surety,9,1253,1122,0.6928574316362668,0.5811509642893937,624,340,4718,2478,78,36,445,212,54,29,512,247,47,19,284,136,5,0,0.0,1.0,1184
David Grace,Thepchaiya Un-Nooh,9,1285,1353,0.3966551741416371,0.45760205922564895,234,109,1532,743,190,108,1367,720,104,55,516,241,138,72,718,374,5,2,0.0,0.7142857142857143,1184
David Gilbert,Zhang Yong,9,1428,1034,0.9319738736042507,0.7280991982662492,390,220,3004,1593,24,9,140,58,154,87,760,415,47,20,107,43,5,0,0.0,1.0,1184
Tom Ford,Allan Taylor,9,1378,1185,0.7705394670022265,0.6183380393302829,465,264,3366,1794,215,107,1233,632,103,61,628,317,38,14,312,122,5,2,0.0,0.7142857142857143,1184
Leo Fernandez,Sam Baird,9,1257,1349,0.36155023935086533,0.44275214540144436,392,238,2994,1622,236,127,1605,835,49,25,112,65,73,42,700,370,5,4,0.0,0.5555555555555556,1184
Mike Dunn,Craig Steadman,9,1374,1291,0.6254097561604477,0.5516896693427,605,324,4473,2313,341,193,2239,1196,112,66,666,351,52,22,607,303,5,4,0.0,0.5555555555555556,1184
Ken Doherty,Chris Melling,9,1300,1170,0.6915101683136338,0.5805423048206596,1023,632,8461,4676,151,86,1035,548,55,26,608,307,42,18,178,83,5,0,0.0,1.0,1184
Dominic Dale,Lee Walker,9,1464,1285,0.7540674834504022,0.610044672404527,759,442,5597,3003,377,215,2958,1548,131,84,967,534,81,44,187,95,5,4,0.0,0.5555555555555556,1184
Jamie Cope,Jimmy Robertson,9,1252,1377,0.3152665769470101,0.4225046348141883,488,263,3304,1688,343,185,2290,1184,50,19,495,234,128,76,753,410,5,2,0.0,0.7142857142857143,1184
Jamie Burnett,Eden Sharav,9,1347,1203,0.7101180862128782,0.5890404340586651,596,348,4716,2514,65,38,369,193,51,30,503,257,46,18,254,133,5,0,0.0,1.0,1184
Luca Brecel,Nigel Bond,9,1367,1264,0.6541595421142608,0.5640216374262577,179,92,1233,639,778,436,6241,3309,102,63,599,317,62,28,555,275,5,2,0.0,0.7142857142857143,1184
Zhang Anda,Stuart Carrington,9,1284,1291,0.4892347721324395,0.4956251116502266,210,102,1427,711,218,117,1338,707,93,47,590,302,66,32,430,215,5,2,0.0,0.7142857142857143,1184
Gareth Allen,Aditya Mehta,9,1104,1307,0.21810282748285217,0.3757797665027358,112,52,628,303,221,112,1531,769,36,8,301,142,73,37,604,320,5,1,0.0,0.8333333333333334,1184
Kyren Wilson,Mark King,9,1379,1334,0.5688507121013815,0.528095374408387,251,148,1614,879,773,428,5754,3003,127,73,597,322,101,55,750,391,5,3,0.0,0.625,1184
Joe Swail,Hossein Vafaei,9,1323,1145,0.7528658846129856,0.6094497836283252,736,401,5863,3065,27,14,201,99,69,34,619,321,23,7,128,62,5,4,0.0,0.5555555555555556,1184
Tian Pengfei,Matthew Stevens,9,1448,1341,0.659805489406344,0.5664790559676278,279,162,1852,1001,820,487,6430,3513,129,79,700,389,37,17,767,387,5,0,0.0,1.0,1184
David Morris,Mark Joyce,9,1258,1301,0.43417929822605655,0.4731508513108857,216,111,1620,818,355,189,2545,1291,32,12,480,250,81,45,662,337,5,4,0.0,0.5555555555555556,1184
Rory McLeod,Lu Ning,9,1306,1096,0.7896412769224667,0.6283161882953663,464,256,3543,1856,46,15,315,135,76,37,575,284,34,10,203,81,5,1,0.0,0.8333333333333334,1184
Liam Highfield,Ken Doherty,9,1273,1300,0.4585503751450084,0.48313140430861523,250,136,1673,880,1023,632,8461,4676,41,15,596,313,55,26,608,307,5,0,0.0,1.0,1184
Andrew Higginson,Zhang Anda,9,1364,1284,0.6210284680300693,0.549833997312478,600,363,4254,2345,210,102,1427,711,88,49,699,368,93,47,590,302,5,4,0.0,0.5555555555555556,1184
Li Hang,Gareth Allen,9,1314,1104,0.7896412769224667,0.6283161882953663,154,76,1084,548,112,52,628,303,82,39,528,274,36,8,301,142,5,1,0.0,0.8333333333333334,1184
Gerard Greene,Dechawat Poomjaeng,9,1253,1283,0.4539653256740722,0.4812587841214648,624,340,4718,2478,181,100,1299,661,54,29,512,247,86,40,857,449,5,3,0.0,0.625,1184
David Grace,Cao Yupeng,9,1285,1252,0.5506132837092798,0.5206133097144486,234,109,1532,743,163,83,1176,596,104,55,516,241,46,20,562,272,5,4,0.0,0.5555555555555556,1184
Tom Ford,Leo Fernandez,9,1378,1257,0.6792644393709043,0.5750535485557879,465,264,3366,1794,392,238,2994,1622,103,61,628,317,49,25,112,65,5,3,0.0,0.625,1184
Mike Dunn,Jack Lisowski,9,1374,1340,0.5521379462338207,0.5212372149662741,605,324,4473,2313,292,176,1889,1031,112,66,666,351,89,44,694,366,5,2,0.0,0.7142857142857143,1184
Dominic Dale,Rod Lawler,9,1464,1324,0.7048581689623228,0.5866175789173301,759,442,5597,3003,709,395,5521,2888,131,84,967,534,76,38,697,362,5,2,0.0,0.7142857142857143,1184
Jamie Cope,Robbie Williams,9,1252,1300,0.4266123046090862,0.4700359482354282,488,263,3304,1688,264,147,1629,841,50,19,495,234,76,42,644,331,5,1,0.0,0.8333333333333334,1184
Jamie Burnett,Peter Lines,9,1347,1206,0.7061774724656459,0.587223690839335,596,348,4716,2514,668,364,4942,2572,51,30,503,257,50,20,564,264,5,3,0.0,0.625,1184
Luca Brecel,David Gilbert,9,1367,1428,0.4070775233607099,0.4619487156141408,179,92,1233,639,390,220,3004,1593,102,63,599,317,154,87,760,415,5,3,0.0,0.625,1184
Kyren Wilson,Anthony McGill,9,1379,1371,0.5123026370468309,0.5049998333399998,251,148,1614,879,308,184,1925,1059,127,73,597,322,89,48,752,408,5,4,0.0,0.5555555555555556,1184
Liang Wenbo,Andrew Higginson,9,1447,1364,0.6254097561604477,0.5516896693427,424,254,2914,1606,600,363,4254,2345,166,98,914,524,88,49,699,368,5,4,0.0,0.5555555555555556,1184
Matthew Selt,Joe Swail,9,1371,1323,0.5733876953909138,0.5299640517645717,385,207,2685,1391,736,401,5863,3065,106,53,729,399,69,34,619,321,5,3,0.0,0.625,1184
Robert Milkins,Gerard Greene,9,1348,1253,0.6427600375415892,0.559097471902393,673,412,5019,2746,624,340,4718,2478,97,56,1033,563,54,29,512,247,5,3,0.0,0.625,1184
Alan McManus,Rory McLeod,9,1423,1306,0.6737542556151955,0.5726080638632601,818,490,6925,3673,464,256,3543,1856,83,45,895,497,76,37,575,284,5,4,0.0,0.5555555555555556,1184
Jamie Jones,David Morris,9,1379,1258,0.6792644393709043,0.5750535485557879,376,226,2490,1360,216,111,1620,818,90,52,700,375,32,12,480,250,5,3,0.0,0.625,1184
Michael Holt,Li Hang,9,1359,1314,0.5688507121013815,0.528095374408387,632,372,4690,2498,154,76,1084,548,99,53,838,443,82,39,528,274,5,3,0.0,0.625,1184
David Grace,Ali Carter,9,1285,1478,0.22946053299777336,0.38166196066971714,234,109,1532,743,725,434,5207,2859,104,55,516,241,63,33,697,393,5,3,0.0,0.625,1184
Martin Gould,Liam Highfield,9,1465,1273,0.7693848278621133,0.617747874769249,503,302,3408,1859,250,136,1673,880,77,44,942,518,41,15,596,313,5,2,0.0,0.7142857142857143,1184
Tom Ford,Ben Woollaston,9,1378,1348,0.5460346743259274,0.5187412158785352,465,264,3366,1794,411,237,2707,1453,103,61,628,317,138,75,779,422,5,3,0.0,0.625,1184
Peter Ebdon,Jamie Burnett,9,1395,1347,0.5733876953909138,0.5299640517645717,921,532,7462,4013,596,348,4716,2514,117,69,680,352,51,30,503,257,5,1,0.0,0.8333333333333334,1184
Mike Dunn,Xiao Guodong,9,1374,1387,0.48001367903024084,0.4918757150937391,605,324,4473,2313,299,174,2039,1123,112,66,666,351,78,42,761,431,5,4,0.0,0.5555555555555556,1184
Ryan Day,Dominic Dale,9,1470,1464,0.5092276505295197,0.5037499296890819,708,429,4985,2743,759,442,5597,3003,119,71,1128,615,131,84,967,534,5,1,0.0,0.8333333333333334,1184
Mark Davis,Tian Pengfei,9,1453,1448,0.5076899290397746,0.5031249593105316,859,516,6309,3438,279,162,1852,1001,82,50,1099,614,129,79,700,389,5,4,0.0,0.5555555555555556,1184
Jamie Cope,Gary Wilson,9,1252,1280,0.45702134894353685,0.48250714233361025,488,263,3304,1688,289,171,1835,1007,50,19,495,234,75,38,630,339,5,4,0.0,0.5555555555555556,1184
Luca Brecel,Fergal O'Brien,9,1367,1381,0.4784777823974459,0.4912508931197597,179,92,1233,639,735,423,5711,3023,102,63,599,317,105,58,663,357,5,4,0.0,0.5555555555555556,1184
Fang Xiongman,Jamie Jones,9,1038,1379,0.09747710955477054,0.29890868857330466,23,10,127,59,376,226,2490,1360,15,5,113,53,90,52,700,375,5,1,0.0,0.8333333333333334,1184
Kyren Wilson,Wang Yuchen,9,1379,1018,0.9146249185246416,0.7114629823302013,251,148,1614,879,23,7,138,52,127,73,597,322,22,8,102,41,5,1,0.0,0.8333333333333334,1184
Robert Milkins,Chen Zifan,9,1348,1039,0.8804743277632153,0.6840614456522569,673,412,5019,2746,24,11,139,64,97,56,1033,563,15,5,127,58,5,0,0.0,1.0,1184
Alan McManus,Yao Pengcheng,9,1423,986,0.9501734685084674,0.7488521955201534,818,490,6925,3673,8,2,42,15,83,45,895,497,16,9,36,13,5,2,0.0,0.7142857142857143,1184
Tom Ford,Han Bin,9,1378,1000,0.92395463233562,0.7201085268004915,465,264,3366,1794,0,0,0,0,103,61,628,317,0,0,0,0,5,2,0.0,0.7142857142857143,1184
Peter Ebdon,Yuan Sijun,9,1395,964,0.9479079941487858,0.7460205900722962,921,532,7462,4013,14,2,80,23,117,69,680,352,9,4,76,23,5,2,0.0,0.7142857142857143,1184
Mike Dunn,Niu Zhuang,9,1374,1024,0.9081233677303755,0.7057850278370112,605,324,4473,2313,20,7,113,45,112,66,666,351,12,7,80,30,5,0,0.0,1.0,1184
Jamie Cope,Lin Shuai,9,1252,1075,0.7516609934098428,0.6088545692109504,488,263,3304,1688,28,13,164,75,50,19,495,234,16,6,123,54,5,2,0.0,0.7142857142857143,1184
Kyren Wilson,Joe Perry,9,1379,1504,0.3152665769470101,0.4225046348141883,251,148,1614,879,839,491,6119,3287,127,73,597,322,126,73,1103,622,5,2,0.0,0.7142857142857143,1184
Mark Williams,Tom Ford,9,1449,1378,0.6077883896186873,0.5442588584178731,1111,724,8736,4988,465,264,3366,1794,114,68,1016,584,103,61,628,317,5,1,0.0,0.8333333333333334,1184
Judd Trump,Robert Milkins,9,1521,1348,0.7468086860638347,0.6064704870683034,629,417,4253,2472,673,412,5019,2746,82,45,1389,817,97,56,1033,563,5,0,0.0,1.0,1184
Shaun Murphy,Peter Ebdon,9,1562,1395,0.7394330371891276,0.6028848673274662,823,535,6036,3431,921,532,7462,4013,117,74,1327,774,117,69,680,352,5,4,0.0,0.5555555555555556,1184
Ding Junhui,Alan McManus,9,1550,1423,0.6874521458116047,0.578714862460134,576,387,4247,2432,818,490,6925,3673,84,49,1138,687,83,45,895,497,5,1,0.0,0.8333333333333334,1184
Michael Holt,Stephen Maguire,9,1359,1507,0.28466862205354465,0.40854102156721994,632,372,4690,2498,742,497,5505,3139,99,53,838,443,85,45,1270,740,5,1,0.0,0.8333333333333334,1184
John Higgins,Liang Wenbo,9,1597,1447,0.717920276657251,0.5926665999540697,1187,842,9628,5695,424,254,2914,1606,184,121,1168,698,166,98,914,524,5,1,0.0,0.8333333333333334,1184
Martin Gould,Barry Hawkins,9,1465,1439,0.5399199537054243,0.5162442810620724,503,302,3408,1859,727,445,5240,2905,77,44,942,518,79,45,1206,677,5,1,0.0,0.8333333333333334,1184
Mike Dunn,Marco Fu,9,1374,1523,0.2833726830660777,0.40793707183518074,605,324,4473,2313,700,418,5242,2856,112,66,666,351,152,100,1233,715,5,3,0.0,0.625,1184
Ryan Day,Graeme Dott,9,1470,1445,0.5383896612204689,0.5156199157230156,708,429,4985,2743,700,411,5468,2929,119,71,1128,615,72,41,946,539,5,3,0.0,0.625,1184
Mark Davis,Michael White,9,1453,1421,0.5490878352749592,0.5199893401555818,859,516,6309,3438,292,166,2071,1112,82,50,1099,614,116,67,790,435,5,1,0.0,0.8333333333333334,1184
Jamie Cope,Neil Robertson,9,1252,1597,0.09495634799162514,0.2968172887801915,488,263,3304,1688,718,467,5315,3017,50,19,495,234,152,103,1561,938,5,4,0.0,0.5555555555555556,1184
Stuart Bingham,Fang Xiongman,9,1467,1038,0.9471340179507625,0.7450720559074311,833,523,6143,3493,23,10,127,59,93,56,1249,739,15,5,113,53,5,2,0.0,0.7142857142857143,1184
Mark Allen,Luca Brecel,9,1550,1367,0.7588407806226307,0.6124209393479161,573,369,3889,2189,179,92,1233,639,171,107,1046,633,102,63,599,317,5,3,0.0,0.625,1184
Kyren Wilson,Michael Holt,9,1379,1359,0.530729707309385,0.5124973964842103,251,148,1614,879,632,372,4690,2498,127,73,597,322,99,53,838,443,5,1,0.0,0.8333333333333334,1184
Mark Williams,Jamie Cope,9,1449,1252,0.7751238468246431,0.6206951913643555,1111,724,8736,4988,488,263,3304,1688,114,68,1016,584,50,19,495,234,5,3,0.0,0.625,1184
Judd Trump,Matthew Selt,9,1521,1371,0.717920276657251,0.5926665999540697,629,417,4253,2472,385,207,2685,1391,82,45,1389,817,106,53,729,399,5,4,0.0,0.5555555555555556,1184
Ding Junhui,Ryan Day,9,1550,1470,0.6210284680300693,0.549833997312478,576,387,4247,2432,708,429,4985,2743,84,49,1138,687,119,71,1128,615,5,4,0.0,0.5555555555555556,1184
Martin Gould,John Higgins,9,1465,1597,0.30579803555915175,0.4182406231581638,503,302,3408,1859,1187,842,9628,5695,77,44,942,518,184,121,1168,698,5,3,0.0,0.625,1184
Mark Davis,Shaun Murphy,9,1453,1562,0.3373854944584286,0.43229345192664,859,516,6309,3438,823,535,6036,3431,82,50,1099,614,117,74,1327,774,5,3,0.0,0.625,1184
Stuart Bingham,Mike Dunn,9,1467,1374,0.6398886059283445,0.5578645727207344,833,523,6143,3493,605,324,4473,2313,93,56,1249,739,112,66,666,351,5,1,0.0,0.8333333333333334,1184
Mark Allen,David Grace,9,1550,1285,0.8444228547259001,0.6598217549720575,573,369,3889,2189,234,109,1532,743,171,107,1046,633,104,55,516,241,5,1,0.0,0.8333333333333334,1184
Kyren Wilson,Ding Junhui,9,1379,1550,0.25563698264541296,0.39472346622515553,251,148,1614,879,576,387,4247,2432,127,73,597,322,84,49,1138,687,5,4,0.0,0.5555555555555556,1184
Judd Trump,Mark Williams,9,1521,1449,0.609266333359509,0.5448788923735801,629,417,4253,2472,1111,724,8736,4988,82,45,1389,817,114,68,1016,584,5,1,0.0,0.8333333333333334,1184
Stuart Bingham,Martin Gould,9,1467,1465,0.5030761398318634,0.5012499973958399,833,523,6143,3493,503,302,3408,1859,93,56,1249,739,77,44,942,518,5,4,0.0,0.5555555555555556,1184
Mark Allen,Mark Davis,9,1550,1453,0.6456229970128096,0.5603296426885532,573,369,3889,2189,859,516,6309,3438,171,107,1046,633,82,50,1099,614,5,1,0.0,0.8333333333333334,1184
Kyren Wilson,Mark Allen,11,1379,1550,0.23498479644520337,0.39472346622515553,251,148,1614,879,573,369,3889,2189,127,73,597,322,171,107,1046,633,6,1,0.0,0.8571428571428571,1184
Judd Trump,Stuart Bingham,11,1521,1467,0.5905369210165868,0.5336988354329009,629,417,4253,2472,833,523,6143,3493,82,45,1389,817,93,56,1249,739,6,3,0.0,0.6666666666666666,1184
Kyren Wilson,Judd Trump,19,1379,1521,0.217127931495429,0.41217046151748854,251,148,1614,879,629,417,4253,2472,127,73,597,322,82,45,1389,817,10,9,0.0,0.5263157894736842,1184
Liang Wenbo,Stephen Maguire,9,1435,1487,0.42057894147456754,0.4675456936126812,426,255,2929,1612,743,497,5511,3140,181,104,929,530,91,46,1276,741,5,1,0.0,0.8333333333333334,1272
Liang Wenbo,Thanawat Thirapongpaiboon,9,1435,1164,0.8497422960559372,0.6631804950993565,426,255,2929,1612,152,68,1054,498,181,104,929,530,44,17,430,186,5,3,0.0,0.625,1272
Liang Wenbo,Alan Trigg,9,1435,1116,0.8877306915973698,0.6894394530607736,426,255,2929,1612,109,65,765,420,181,104,929,530,0,0,0,0,5,1,0.0,0.8333333333333334,1272
Liang Wenbo,Hassan Kerde,9,1435,1000,0.9494276394767612,0.7479106630456372,426,255,2929,1612,0,0,0,0,181,104,929,530,0,0,0,0,5,2,0.0,0.7142857142857143,1272
Alan Trigg,Hassan Kerde,9,1116,1000,0.6723703942210427,0.5719961329315186,109,65,765,420,0,0,0,0,0,0,0,0,0,0,0,0,5,4,0.0,0.5555555555555556,1272
Thanawat Thirapongpaiboon,Pankaj Advani,9,1164,1317,0.27821884530484675,0.4055240692517599,152,68,1054,498,90,50,640,336,44,17,430,186,0,0,382,201,5,2,0.0,0.7142857142857143,1272
Thanawat Thirapongpaiboon,Hassan Kerde,9,1164,1000,0.7357020581715297,0.6010878788483698,152,68,1054,498,0,0,0,0,44,17,430,186,0,0,0,0,5,2,0.0,0.7142857142857143,1272
Thanawat Thirapongpaiboon,Stephen Maguire,9,1164,1487,0.10946109515519523,0.30842348624788063,152,68,1054,498,743,497,5511,3140,44,17,430,186,91,46,1276,741,5,1,0.0,0.8333333333333334,1272
Thanawat Thirapongpaiboon,Alan Trigg,9,1164,1116,0.5733876953909138,0.5299640517645717,152,68,1054,498,109,65,765,420,44,17,430,186,0,0,0,0,5,3,0.0,0.625,1272
Stephen Maguire,Hassan Kerde,9,1487,1000,0.9660279140162407,0.771623296651567,743,497,5511,3140,0,0,0,0,91,46,1276,741,0,0,0,0,5,2,0.0,0.7142857142857143,1272
Stephen Maguire,Alan Trigg,9,1487,1116,0.9202164313080865,0.7165678145577145,743,497,5511,3140,109,65,765,420,91,46,1276,741,0,0,0,0,5,3,0.0,0.625,1272
Pankaj Advani,Alan Trigg,9,1317,1116,0.7796532292456051,0.6230466603666162,90,50,640,336,109,65,765,420,0,0,382,201,0,0,0,0,5,0,0.0,1.0,1272
Pankaj Advani,Liang Wenbo,9,1317,1435,0.3248643926957258,0.42678022732016513,90,50,640,336,426,255,2929,1612,0,0,382,201,181,104,929,530,5,1,0.0,0.8333333333333334,1272
Pankaj Advani,Hassan Kerde,9,1317,1000,0.8863064712697625,0.6883678768310286,90,50,640,336,0,0,0,0,0,0,382,201,0,0,0,0,5,0,0.0,1.0,1272
Pankaj Advani,Stephen Maguire,9,1317,1487,0.2568646622142716,0.39532091528599067,90,50,640,336,743,497,5511,3140,0,0,382,201,91,46,1276,741,5,2,0.0,0.7142857142857143,1272
Yuan Sijun,John Higgins,9,966,1596,0.010137898871920513,0.17150476997540087,15,2,87,25,1189,843,9642,5703,16,6,83,25,198,129,1182,706,5,4,0.0,0.5555555555555556,1272
Matthew Selt,John Higgins,9,1380,1596,0.20385771581524126,0.3681875822638983,387,208,2702,1400,1189,843,9642,5703,123,62,746,408,198,129,1182,706,5,1,0.0,0.8333333333333334,1272
Matthew Selt,Yuan Sijun,9,1380,966,0.9410195194838312,0.7378841011916348,387,208,2702,1400,15,2,87,25,123,62,746,408,16,6,83,25,5,2,0.0,0.7142857142857143,1272
Matthew Selt,Boonyarit Keattikun,9,1380,1046,0.8979880573364181,0.6974111143958823,387,208,2702,1400,6,3,48,24,123,62,746,408,0,0,48,24,5,2,0.0,0.7142857142857143,1272
Matthew Selt,Muhammad Sajjad,9,1380,1084,0.8705294620763192,0.676995856238523,387,208,2702,1400,20,8,143,66,123,62,746,408,0,0,0,0,5,3,0.0,0.625,1272
Muhammad Sajjad,Boonyarit Keattikun,9,1084,1046,0.5582282705684568,0.523732154126561,20,8,143,66,6,3,48,24,0,0,0,0,0,0,48,24,5,3,0.0,0.625,1272
Muhammad Sajjad,John Higgins,9,1084,1596,0.027824696807472283,0.2175502235768875,20,8,143,66,1189,843,9642,5703,0,0,0,0,198,129,1182,706,5,3,0.0,0.625,1272
Muhammad Sajjad,Yuan Sijun,9,1084,966,0.675135607304274,0.5732197726798348,20,8,143,66,15,2,87,25,0,0,0,0,16,6,83,25,5,4,0.0,0.5555555555555556,1272
Anthony McGill,Muhammad Sajjad,9,1368,1084,0.8608272920014749,0.6704011598088686,309,184,1934,1063,20,8,143,66,98,52,761,412,0,0,0,0,5,4,0.0,0.5555555555555556,1272
Anthony McGill,John Higgins,9,1368,1596,0.19123827720453432,0.36123682485115804,309,184,1934,1063,1189,843,9642,5703,98,52,761,412,198,129,1182,706,5,3,0.0,0.625,1272
Anthony McGill,Yuan Sijun,9,1368,966,0.9357188635287434,0.7320405018416317,309,184,1934,1063,15,2,87,25,98,52,761,412,16,6,83,25,5,1,0.0,0.8333333333333334,1272
Anthony McGill,Matthew Selt,9,1368,1380,0.4815498876457767,0.4925005624493796,309,184,1934,1063,387,208,2702,1400,98,52,761,412,123,62,746,408,5,2,0.0,0.7142857142857143,1272
Anthony McGill,Boonyarit Keattikun,9,1368,1046,0.889841863716281,0.6910430124157229,309,184,1934,1063,6,3,48,24,98,52,761,412,0,0,48,24,5,4,0.0,0.5555555555555556,1272
Boonyarit Keattikun,Yuan Sijun,9,1046,966,0.6210284680300693,0.549833997312478,6,3,48,24,15,2,87,25,0,0,48,24,16,6,83,25,5,1,0.0,0.8333333333333334,1272
John Higgins,Boonyarit Keattikun,9,1596,1046,0.9796596931156069,0.7981867777396212,1189,843,9642,5703,6,3,48,24,198,129,1182,706,0,0,48,24,5,3,0.0,0.625,1272
Michael White,Ahmed Galal,9,1406,959,0.9537658725308359,0.7535246977220308,293,166,2077,1113,10,1,65,16,122,68,796,436,0,0,65,16,5,1,0.0,0.8333333333333334,1272
Michael White,Mohammed Asif,9,1406,1055,0.9087298931566316,0.706303891936407,293,166,2077,1113,11,2,87,37,122,68,796,436,0,0,87,37,5,3,0.0,0.625,1272
Judd Trump,Mohammed Asif,9,1545,1055,0.9668227255800634,0.7729422593967386,634,421,4301,2502,11,2,87,37,130,75,1437,847,0,0,87,37,5,2,0.0,0.7142857142857143,1272
Judd Trump,Kristjan Helgason,9,1545,1292,0.8333964892426636,0.6530561132866127,634,421,4301,2502,141,84,1203,669,130,75,1437,847,0,0,45,19,5,1,0.0,0.8333333333333334,1272
Judd Trump,Michael White,9,1545,1406,0.7035360054960305,0.5860112044388707,634,421,4301,2502,293,166,2077,1113,130,75,1437,847,122,68,796,436,5,1,0.0,0.8333333333333334,1272
Judd Trump,Noppadon Noppachorn,9,1545,1200,0.9050436520083749,0.7031827112198086,634,421,4301,2502,236,138,1862,1027,130,75,1437,847,0,0,0,0,5,1,0.0,0.8333333333333334,1272
Judd Trump,Ahmed Galal,9,1545,959,0.9850425346190489,0.8122962208104868,634,421,4301,2502,10,1,65,16,130,75,1437,847,0,0,65,16,5,0,0.0,1.0,1272
Noppadon Noppachorn,Ahmed Galal,9,1200,959,0.8218521323213228,0.6462280583309002,236,138,1862,1027,10,1,65,16,0,0,0,0,0,0,65,16,5,1,0.0,0.8333333333333334,1272
Noppadon Noppachorn,Michael White,9,1200,1406,0.21476297739316325,0.37402214223339625,236,138,1862,1027,293,166,2077,1113,0,0,0,0,122,68,796,436,5,4,0.0,0.5555555555555556,1272
Kristjan Helgason,Ahmed Galal,9,1292,959,0.8973272712258138,0.6968832820410791,141,84,1203,669,10,1,65,16,0,0,45,19,0,0,65,16,5,2,0.0,0.7142857142857143,1272
Kristjan Helgason,Mohammed Asif,9,1292,1055,0.8178889041226648,0.643938555965633,141,84,1203,669,11,2,87,37,0,0,45,19,0,0,87,37,5,4,0.0,0.5555555555555556,1272
Kristjan Helgason,Michael White,9,1292,1406,0.33040479097165565,0.4292283881055083,141,84,1203,669,293,166,2077,1113,0,0,45,19,122,68,796,436,5,2,0.0,0.7142857142857143,1272
Kristjan Helgason,Noppadon Noppachorn,9,1292,1200,0.6384497606491344,0.5572478545985555,141,84,1203,669,236,138,1862,1027,0,0,45,19,0,0,0,0,5,3,0.0,0.625,1272
Mohammed Asif,Noppadon Noppachorn,9,1055,1200,0.2885741864909932,0.4103545214372688,11,2,87,37,236,138,1862,1027,0,0,87,37,0,0,0,0,5,3,0.0,0.625,1272
Mohammed Asif,Ahmed Galal,9,1055,959,0.6441925857613411,0.5597136492671929,11,2,87,37,10,1,65,16,0,0,87,37,0,0,65,16,5,0,0.0,1.0,1272
Phaitoon Phonbun,Ehsan Heydarinezhad,9,1200,1052,0.7153313779464554,0.5914589784327801,108,51,884,434,8,3,69,32,0,0,0,0,0,0,69,32,5,0,0.0,1.0,1272
Phaitoon Phonbun,Ben Judge,9,1200,969,0.8118363604456017,0.6404919537233386,108,51,884,434,36,6,218,71,0,0,0,0,0,0,53,20,5,1,0.0,0.8333333333333334,1272
Ding Junhui,Graeme Dott,9,1553,1439,0.6695952090283444,0.5707716118944918,579,389,4271,2446,701,411,5476,2932,108,63,1162,701,80,44,954,542,5,4,0.0,0.5555555555555556,1272
Ding Junhui,Ben Judge,9,1553,969,0.9847809331647255,0.8115326747861805,579,389,4271,2446,36,6,218,71,108,63,1162,701,0,0,53,20,5,0,0.0,1.0,1272
Ding Junhui,Phaitoon Phonbun,9,1553,1200,0.9099335918113768,0.707340014518073,579,389,4271,2446,108,51,884,434,108,63,1162,701,0,0,0,0,5,1,0.0,0.8333333333333334,1272
Ben Judge,Michael Holt,9,969,1371,0.0642811364712565,0.2679594981583682,36,6,218,71,635,374,4710,2509,0,0,53,20,119,64,858,454,5,3,0.0,0.625,1272
Ben Judge,Ehsan Heydarinezhad,9,969,1052,0.37459024383955214,0.44831033065729986,36,6,218,71,8,3,69,32,0,0,53,20,0,0,69,32,5,4,0.0,0.5555555555555556,1272
Michael Holt,Ding Junhui,9,1371,1553,0.24234756182196188,0.3881726309982629,635,374,4710,2509,579,389,4271,2446,119,64,858,454,108,63,1162,701,5,4,0.0,0.5555555555555556,1272
Michael Holt,Ehsan Heydarinezhad,9,1371,1052,0.8877306915973698,0.6894394530607736,635,374,4710,2509,8,3,69,32,119,64,858,454,0,0,69,32,5,2,0.0,0.7142857142857143,1272
Michael Holt,Phaitoon Phonbun,9,1371,1200,0.7443630173545871,0.6052765337748445,635,374,4710,2509,108,51,884,434,119,64,858,454,0,0,0,0,5,3,0.0,0.625,1272
Michael Holt,Graeme Dott,9,1371,1439,0.3966551741416371,0.45760205922564895,635,374,4710,2509,701,411,5476,2932,119,64,858,454,80,44,954,542,5,1,0.0,0.8333333333333334,1272
Ehsan Heydarinezhad,Ding Junhui,9,1052,1553,0.030398845968933566,0.2222676768871567,8,3,69,32,579,389,4271,2446,0,0,69,32,108,63,1162,701,5,3,0.0,0.625,1272
Graeme Dott,Ehsan Heydarinezhad,9,1439,1052,0.928553794342766,0.7246209144181192,701,411,5476,2932,8,3,69,32,80,44,954,542,0,0,69,32,5,1,0.0,0.8333333333333334,1272
Graeme Dott,Phaitoon Phonbun,9,1439,1200,0.8198777056686509,0.645084137572727,701,411,5476,2932,108,51,884,434,80,44,954,542,0,0,0,0,5,1,0.0,0.8333333333333334,1272
Graeme Dott,Ben Judge,9,1439,969,0.9612074891119589,0.7640475997974661,701,411,5476,2932,36,6,218,71,80,44,954,542,0,0,53,20,5,0,0.0,1.0,1272
Soheil Vahedi,Craig MacGillivray,9,1000,1063,0.40409227705506734,0.4607061941016405,0,0,0,0,245,125,1832,910,0,0,0,0,0,0,0,0,5,2,0.0,0.7142857142857143,1272
Noppon Saengkham,Stuart Bingham,9,1262,1476,0.2060106201362305,0.36935147434892557,110,47,770,355,837,526,6174,3511,69,29,550,271,124,74,1280,757,5,3,0.0,0.625,1272
Noppon Saengkham,Craig MacGillivray,9,1262,1063,0.7773954380141394,0.6218716423074662,110,47,770,355,245,125,1832,910,69,29,550,271,0,0,0,0,5,3,0.0,0.625,1272
Noppon Saengkham,Soheil Vahedi,9,1262,1000,0.8417147594504835,0.6581363150480182,110,47,770,355,0,0,0,0,69,29,550,271,0,0,0,0,5,2,0.0,0.7142857142857143,1272
Mark Davis,Soheil Vahedi,9,1471,1000,0.9615064202660928,0.7644979994081456,863,519,6338,3454,0,0,0,0,111,66,1128,630,0,0,0,0,5,2,0.0,0.7142857142857143,1272
Mark Davis,Stuart Bingham,9,1471,1476,0.4923100709602251,0.4968750406894683,863,519,6338,3454,837,526,6174,3511,111,66,1128,630,124,74,1280,757,5,1,0.0,0.8333333333333334,1272
Mark Davis,Craig MacGillivray,9,1471,1063,0.9384158912094683,0.7349725994665188,863,519,6338,3454,245,125,1832,910,111,66,1128,630,0,0,0,0,5,1,0.0,0.8333333333333334,1272
Mark Davis,Noppon Saengkham,9,1471,1262,0.7885454656789053,0.6277321638605189,863,519,6338,3454,110,47,770,355,111,66,1128,630,69,29,550,271,5,3,0.0,0.625,1272
Mark Davis,Yan Bingtao,9,1471,1175,0.8705294620763192,0.676995856238523,863,519,6338,3454,25,13,159,85,111,66,1128,630,21,9,159,85,5,2,0.0,0.7142857142857143,1272
Yan Bingtao,Noppon Saengkham,9,1175,1262,0.3687749893732751,0.44583834723635146,25,13,159,85,110,47,770,355,21,9,159,85,69,29,550,271,5,3,0.0,0.625,1272
Yan Bingtao,Craig MacGillivray,9,1175,1063,0.66681018628421,0.569546223939229,25,13,159,85,245,125,1832,910,21,9,159,85,0,0,0,0,5,1,0.0,0.8333333333333334,1272
Yan Bingtao,Soheil Vahedi,9,1175,1000,0.7492413698670223,0.6076631698328917,25,13,159,85,0,0,0,0,21,9,159,85,0,0,0,0,5,4,0.0,0.5555555555555556,1272
Stuart Bingham,Craig MacGillivray,9,1476,1063,0.9405919769724851,0.7374002858276639,837,526,6174,3511,245,125,1832,910,124,74,1280,757,0,0,0,0,5,3,0.0,0.625,1272
Stuart Bingham,Yan Bingtao,9,1476,1175,0.8744235083193087,0.6797231924722057,837,526,6174,3511,25,13,159,85,124,74,1280,757,21,9,159,85,5,3,0.0,0.625,1272
Stuart Bingham,Soheil Vahedi,9,1476,1000,0.9629717169828317,0.7667410642285427,837,526,6174,3511,0,0,0,0,124,74,1280,757,0,0,0,0,5,0,0.0,1.0,1272
James Wattana,Thor Chuan Leong,9,1141,976,0.7369488869894564,0.6016871801828567,745,416,6335,3358,16,4,95,31,45,14,457,200,67,28,95,31,5,1,0.0,0.8333333333333334,1272
James Wattana,Matthew Stevens,9,1141,1340,0.22260456198586073,0.3781283576925339,745,416,6335,3358,822,488,6440,3518,45,14,457,200,47,22,777,392,5,2,0.0,0.7142857142857143,1272
Matthew Stevens,Asjad Iqbal,9,1340,1000,0.9018847190305681,0.7005671424739729,822,488,6440,3518,0,0,0,0,47,22,777,392,0,0,0,0,5,1,0.0,0.8333333333333334,1272
Matthew Stevens,Joe Perry,9,1340,1489,0.2833726830660777,0.40793707183518074,822,488,6440,3518,840,491,6126,3289,47,22,777,392,133,75,1110,624,5,2,0.0,0.7142857142857143,1272
Joe Perry,James Wattana,9,1489,1141,0.906900923551623,0.7047456979980911,840,491,6126,3289,745,416,6335,3358,133,75,1110,624,45,14,457,200,5,4,0.0,0.5555555555555556,1272
Joe Perry,Robert Milkins,9,1489,1350,0.7035360054960305,0.5860112044388707,840,491,6126,3289,676,414,5037,2756,133,75,1110,624,115,66,1051,573,5,0,0.0,1.0,1272
Joe Perry,Thor Chuan Leong,9,1489,976,0.9723996022176191,0.7828750312283104,840,491,6126,3289,16,4,95,31,133,75,1110,624,67,28,95,31,5,2,0.0,0.7142857142857143,1272
Robert Milkins,James Wattana,9,1350,1141,0.7885454656789053,0.6277321638605189,676,414,5037,2756,745,416,6335,3358,115,66,1051,573,45,14,457,200,5,1,0.0,0.8333333333333334,1272
Robert Milkins,Thor Chuan Leong,9,1350,976,0.9218360159129211,0.7180885751833498,676,414,5037,2756,16,4,95,31,115,66,1051,573,67,28,95,31,5,0,0.0,1.0,1272
Robert Milkins,Matthew Stevens,9,1350,1340,0.5153768549440177,0.5062496744995104,676,414,5037,2756,822,488,6440,3518,115,66,1051,573,47,22,777,392,5,1,0.0,0.8333333333333334,1272
Robert Milkins,Asjad Iqbal,9,1350,1000,0.9081233677303755,0.7057850278370112,676,414,5037,2756,0,0,0,0,115,66,1051,573,0,0,0,0,5,1,0.0,0.8333333333333334,1272
Asjad Iqbal,Joe Perry,9,1000,1489,0.033440409737965665,0.22749679627429234,0,0,0,0,840,491,6126,3289,0,0,0,0,133,75,1110,624,5,4,0.0,0.5555555555555556,1272
Asjad Iqbal,Thor Chuan Leong,9,1000,976,0.5368587710437642,0.51499550161941,0,0,0,0,16,4,95,31,0,0,0,0,67,28,95,31,5,3,0.0,0.625,1272
Asjad Iqbal,James Wattana,9,1000,1141,0.29382252753435445,0.4127763091606651,0,0,0,0,745,416,6335,3358,0,0,0,0,45,14,457,200,5,2,0.0,0.7142857142857143,1272
Thor Chuan Leong,Matthew Stevens,9,976,1340,0.08366615496732552,0.2869998372477183,16,4,95,31,822,488,6440,3518,67,28,95,31,47,22,777,392,5,2,0.0,0.7142857142857143,1272
Mark Williams,Darren Paris,9,1451,998,0.9558147913138959,0.7562999700991855,1114,726,8756,4999,72,33,516,257,134,79,1036,595,0,0,0,0,5,1,0.0,0.8333333333333334,1272
Mark Williams,Marco Fu,9,1451,1510,0.4100684546601523,0.46319171001101955,1114,726,8756,4999,701,418,5250,2859,134,79,1036,595,160,103,1241,718,5,1,0.0,0.8333333333333334,1272
Mark Williams,Peter Francisco,9,1451,1214,0.8178889041226648,0.643938555965633,1114,726,8756,4999,218,115,1950,1002,134,79,1036,595,0,0,0,0,5,3,0.0,0.625,1272
Mark Williams,Thepchaiya Un-Nooh,9,1451,1339,0.66681018628421,0.569546223939229,1114,726,8756,4999,191,108,1374,722,134,79,1036,595,145,74,725,376,5,4,0.0,0.5555555555555556,1272
Thepchaiya Un-Nooh,Marco Fu,9,1339,1510,0.25563698264541296,0.39472346622515553,191,108,1374,722,701,418,5250,2859,145,74,725,376,160,103,1241,718,5,4,0.0,0.5555555555555556,1272
Thepchaiya Un-Nooh,Peter Francisco,9,1339,1214,0.6847334230529902,0.5774953651858118,191,108,1374,722,218,115,1950,1002,145,74,725,376,0,0,0,0,5,4,0.0,0.5555555555555556,1272
Thepchaiya Un-Nooh,Jamie Clarke,9,1339,1213,0.6860941115953165,0.5781052328843092,191,108,1374,722,89,47,496,264,145,74,725,376,30,17,354,203,5,2,0.0,0.7142857142857143,1272
Thepchaiya Un-Nooh,Darren Paris,9,1339,998,0.9025228904452295,0.7010913114266953,191,108,1374,722,72,33,516,257,145,74,725,376,0,0,0,0,5,3,0.0,0.625,1272
Marco Fu,Darren Paris,9,1510,998,0.9721753031925277,0.7824497764231124,701,418,5250,2859,72,33,516,257,160,103,1241,718,0,0,0,0,5,4,0.0,0.5555555555555556,1272
Marco Fu,Jamie Clarke,9,1510,1213,0.8713152214887023,0.6775422953274692,701,418,5250,2859,89,47,496,264,160,103,1241,718,30,17,354,203,5,2,0.0,0.7142857142857143,1272
Marco Fu,Peter Francisco,9,1510,1214,0.8705294620763192,0.676995856238523,701,418,5250,2859,218,115,1950,1002,160,103,1241,718,0,0,0,0,5,1,0.0,0.8333333333333334,1272
Peter Francisco,Darren Paris,9,1214,998,0.7961422841847587,0.6318124177361016,218,115,1950,1002,72,33,516,257,0,0,0,0,0,0,0,0,5,1,0.0,0.8333333333333334,1272
Jamie Clarke,Peter Francisco,9,1213,1214,0.49846191806792206,0.4993750003255206,89,47,496,264,218,115,1950,1002,30,17,354,203,0,0,0,0,5,1,0.0,0.8333333333333334,1272
Jamie Clarke,Mark Williams,9,1213,1451,0.18111489882885923,0.3554884462937054,89,47,496,264,1114,726,8756,4999,30,17,354,203,134,79,1036,595,5,2,0.0,0.7142857142857143,1272
Jamie Clarke,Darren Paris,9,1213,998,0.7950675978142399,0.6312306626164005,89,47,496,264,72,33,516,257,30,17,354,203,0,0,0,0,5,1,0.0,0.8333333333333334,1272
Joe Swail,Wael Talaat,9,1323,957,0.9174580686186703,0.7140222267773016,739,403,5887,3078,17,3,117,39,93,47,643,334,0,0,0,0,5,1,0.0,0.8333333333333334,1272
Joe Swail,Ken Doherty,9,1323,1297,0.5399199537054243,0.5162442810620724,739,403,5887,3078,1025,633,8471,4681,93,47,643,334,65,31,618,312,5,1,0.0,0.8333333333333334,1272
Akani Songsermsawad,Joe Swail,9,1011,1323,0.1173131503881715,0.31431988606174616,5,1,39,17,739,403,5887,3078,0,0,0,0,93,47,643,334,5,2,0.0,0.7142857142857143,1272
Akani Songsermsawad,Wael Talaat,9,1011,957,0.5824304989902049,0.5336988354329009,5,1,39,17,17,3,117,39,0,0,0,0,0,0,0,0,5,0,0.0,1.0,1272
Mark Selby,Akani Songsermsawad,9,1568,1011,0.9808247097467626,0.8009910540033891,834,566,6046,3492,5,1,39,17,178,111,1481,900,0,0,0,0,5,0,0.0,1.0,1272
Mark Selby,Wael Talaat,9,1568,957,0.9879873425646085,0.8216402398747794,834,566,6046,3492,17,3,117,39,178,111,1481,900,0,0,0,0,5,1,0.0,0.8333333333333334,1272
Mark Selby,Ken Doherty,9,1568,1297,0.8497422960559372,0.6631804950993565,834,566,6046,3492,1025,633,8471,4681,178,111,1481,900,65,31,618,312,5,2,0.0,0.7142857142857143,1272
Mark Selby,Joe Swail,9,1568,1323,0.8257578299729261,0.6485108747389209,834,566,6046,3492,739,403,5887,3078,178,111,1481,900,93,47,643,334,5,1,0.0,0.8333333333333334,1272
Ken Doherty,Wael Talaat,9,1297,957,0.9018847190305681,0.7005671424739729,1025,633,8471,4681,17,3,117,39,65,31,618,312,0,0,0,0,5,3,0.0,0.625,1272
Ken Doherty,Ryan Day,9,1297,1491,0.22830930474796454,0.38107214519980964,1025,633,8471,4681,711,431,5008,2757,65,31,618,312,142,85,1151,629,5,3,0.0,0.625,1272
Ken Doherty,Akani Songsermsawad,9,1297,1011,0.8624794817796031,0.6715050342254059,1025,633,8471,4681,5,1,39,17,65,31,618,312,0,0,0,0,5,1,0.0,0.8333333333333334,1272
Ryan Day,Mark Selby,9,1491,1568,0.3833692257939145,0.4520230623632036,711,431,5008,2757,834,566,6046,3492,142,85,1151,629,178,111,1481,900,5,4,0.0,0.5555555555555556,1272
Ryan Day,Akani Songsermsawad,9,1491,1011,0.964109300890295,0.7685247834990175,711,431,5008,2757,5,1,39,17,142,85,1151,629,0,0,0,0,5,1,0.0,0.8333333333333334,1272
Ryan Day,Joe Swail,9,1491,1323,0.7406703376244016,0.6034832498647263,711,431,5008,2757,739,403,5887,3078,142,85,1151,629,93,47,643,334,5,1,0.0,0.8333333333333334,1272
Ryan Day,Wael Talaat,9,1491,957,0.9767581061498776,0.7916664907298545,711,431,5008,2757,17,3,117,39,142,85,1151,629,0,0,0,0,5,0,0.0,1.0,1272
Michael White,Pankaj Advani,11,1406,1317,0.6469372760307285,0.5553966483205892,293,166,2077,1113,90,50,640,336,122,68,796,436,0,0,382,201,6,2,0.0,0.75,1272
Liang Wenbo,Kristjan Helgason,11,1435,1292,0.7273730783317633,0.5884351201276382,426,255,2929,1612,141,84,1203,669,181,104,929,530,0,0,45,19,6,1,0.0,0.8571428571428571,1272
Thepchaiya Un-Nooh,Stuart Bingham,11,1339,1476,0.2810820363326102,0.415202325282263,191,108,1374,722,837,526,6174,3511,145,74,725,376,124,74,1280,757,6,3,0.0,0.6666666666666666,1272
Judd Trump,Stephen Maguire,11,1545,1487,0.5971085093515105,0.5361866202317948,634,421,4301,2502,743,497,5511,3140,130,75,1437,847,91,46,1276,741,6,4,0.0,0.6,1272
Matthew Selt,Ding Junhui,11,1380,1553,0.23241518274016312,0.3935295129316965,387,208,2702,1400,579,389,4271,2446,123,62,746,408,108,63,1162,701,6,2,0.0,0.75,1272
Mark Selby,James Wattana,11,1568,1141,0.9617460765894776,0.7441211943032843,834,566,6046,3492,745,416,6335,3358,178,111,1481,900,45,14,457,200,6,0,0.0,1.0,1272
Muhammad Sajjad,Graeme Dott,11,1084,1439,0.06911960864993336,0.291626008967673,20,8,143,66,701,411,5476,2932,0,0,0,0,80,44,954,542,6,3,0.0,0.6666666666666666,1272
Noppon Saengkham,Jamie Clarke,11,1262,1213,0.5822852092365003,0.530586760182081,110,47,770,355,89,47,496,264,69,29,550,271,30,17,354,203,6,5,0.0,0.5454545454545454,1272
Joe Perry,Ken Doherty,11,1489,1297,0.791169923020278,0.617747874769249,840,491,6126,3289,1025,633,8471,4681,133,75,1110,624,65,31,618,312,6,1,0.0,0.8571428571428571,1272
Robert Milkins,Joe Swail,11,1350,1323,0.5455773097861221,0.5168685956913849,676,414,5037,2756,739,403,5887,3078,115,66,1051,573,93,47,643,334,6,5,0.0,0.5454545454545454,1272
Anthony McGill,Phaitoon Phonbun,11,1368,1200,0.7611302793413719,0.6034832498647263,309,184,1934,1063,108,51,884,434,98,52,761,412,0,0,0,0,6,4,0.0,0.6,1272
Boonyarit Keattikun,Michael Holt,11,1046,1371,0.08684854833819139,0.30735801686526387,6,3,48,24,635,374,4710,2509,0,0,48,24,119,64,858,454,6,3,0.0,0.6666666666666666,1272
Marco Fu,Mark Davis,11,1510,1471,0.5656716679114975,0.5243557087682073,701,418,5250,2859,863,519,6338,3454,160,103,1241,718,111,66,1128,630,6,4,0.0,0.6,1272
Ryan Day,Asjad Iqbal,11,1491,1000,0.9784765816807547,0.7733807162924247,711,431,5008,2757,0,0,0,0,142,85,1151,629,0,0,0,0,6,3,0.0,0.6666666666666666,1272
Yan Bingtao,Mark Williams,11,1175,1451,0.12313896257972007,0.3340330732481797,25,13,159,85,1114,726,8756,4999,21,9,159,85,134,79,1036,595,6,4,0.0,0.6,1272
Mohammed Asif,Thanawat Thirapongpaiboon,11,1055,1164,0.3221959756208151,0.43229345192664,11,2,87,37,152,68,1054,498,0,0,87,37,44,17,430,186,6,2,0.0,0.75,1272
Liang Wenbo,Yan Bingtao,11,1435,1175,0.8628843773345907,0.6570104626734988,426,255,2929,1612,25,13,159,85,181,104,929,530,21,9,159,85,6,4,0.0,0.6,1272
Thepchaiya Un-Nooh,Judd Trump,11,1339,1545,0.19242847998463544,0.37402214223339625,191,108,1374,722,634,421,4301,2502,145,74,725,376,130,75,1437,847,6,3,0.0,0.6666666666666666,1272
Matthew Selt,Robert Milkins,11,1380,1350,0.550614462905557,0.5187412158785352,387,208,2702,1400,676,414,5037,2756,123,62,746,408,115,66,1051,573,6,2,0.0,0.75,1272
Mark Selby,Muhammad Sajjad,11,1568,1084,0.9770296396462947,0.7702989490466019,834,566,6046,3492,20,8,143,66,178,111,1481,900,0,0,0,0,6,2,0.0,0.75,1272
Noppon Saengkham,Michael White,11,1262,1406,0.2712306262782231,0.41095956594133487,110,47,770,355,293,166,2077,1113,69,29,550,271,122,68,796,436,6,5,0.0,0.5454545454545454,1272
Joe Perry,Anthony McGill,11,1489,1368,0.6957454653911014,0.5750535485557879,840,491,6126,3289,309,184,1934,1063,133,75,1110,624,98,52,761,412,6,1,0.0,0.8571428571428571,1272
Boonyarit Keattikun,Ryan Day,11,1046,1491,0.03268923925610076,0.24740510511902658,6,3,48,24,711,431,5008,2757,0,0,48,24,142,85,1151,629,6,4,0.0,0.6,1272
Marco Fu,Mohammed Asif,11,1510,1055,0.9700911317898934,0.75722034035404,701,418,5250,2859,11,2,87,37,160,103,1241,718,0,0,87,37,6,2,0.0,0.75,1272
Liang Wenbo,Mark Selby,13,1435,1568,0.2710377668033499,0.41763245927192055,426,255,2929,1612,834,566,6046,3492,181,104,929,530,178,111,1481,900,7,4,0.0,0.6363636363636364,1272
Thepchaiya Un-Nooh,Boonyarit Keattikun,13,1339,1046,0.9085382660461944,0.6753536404444148,191,108,1374,722,6,3,48,24,145,74,725,376,0,0,48,24,7,1,0.0,0.875,1272
Matthew Selt,Marco Fu,13,1380,1510,0.2755926988832847,0.41945769517934034,387,208,2702,1400,701,418,5250,2859,123,62,746,408,160,103,1241,718,7,3,0.0,0.7,1272
Noppon Saengkham,Joe Perry,13,1262,1489,0.15006058624568863,0.36181388669099446,110,47,770,355,840,491,6126,3289,69,29,550,271,133,75,1110,624,7,5,0.0,0.5833333333333334,1272
Liang Wenbo,Matthew Selt,13,1435,1380,0.5997083939161403,0.5343209436693046,426,255,2929,1612,387,208,2702,1400,181,104,929,530,123,62,746,408,7,4,0.0,0.6363636363636364,1272
Thepchaiya Un-Nooh,Noppon Saengkham,13,1339,1262,0.6381426074382827,0.5479769376367963,191,108,1374,722,110,47,770,355,145,74,725,376,69,29,550,271,7,3,0.0,0.7,1272
Thepchaiya Un-Nooh,Liang Wenbo,15,1339,1435,0.3184609243277926,0.44028635073280703,191,108,1374,722,426,255,2929,1612,145,74,725,376,181,104,929,530,8,2,0.0,0.8,1272
Michael Williams,Matthew Glasby,7,1065,957,0.644151517953897,0.5670929049654543,24,12,118,63,19,7,108,46,38,20,118,63,10,2,108,46,4,0,0.0,1.0,1271
Tan Wang Chooi,Thomas Kiesewetter,7,996,969,0.536858082179779,0.5168685956913849,18,8,95,44,2,0,8,0,5,1,72,37,0,0,8,0,4,1,0.0,0.8,1271
Charlie Walters,Jürgen Kesseler,7,979,978,0.5013671846516985,0.5006249996744794,62,21,342,148,5,1,23,6,18,6,127,57,0,0,0,0,4,2,0.0,0.6666666666666666,1271
Alexander Ursenbacher,Stefan Caspers,7,1088,988,0.6339273074659068,0.5621765008857981,47,16,284,118,1,0,5,1,27,16,254,102,0,0,5,1,4,0,0.0,1.0,1271
Sam Thistlewhite,Richard Wienold,7,1066,1000,0.589422689021118,0.541156668150228,56,24,289,136,0,0,0,0,50,31,85,46,0,0,0,0,4,0,0.0,1.0,1271
Charlie Sweeney,Kilian Baur-Pantoulier,7,1002,996,0.5082025098106111,0.5037499296890819,2,1,12,6,4,1,23,11,12,6,12,6,0,0,9,5,4,2,0.0,0.6666666666666666,1271
Dessie Sheehan,Özyurt Aksoy,7,717,981,0.1848635658405572,0.34073961154861454,162,32,1256,464,2,0,10,2,14,4,52,18,5,1,5,1,4,0,0.0,1.0,1271
Paul Schopf,Markus Hertle,7,986,991,0.493164418520332,0.4968750406894683,2,0,11,3,1,0,6,2,7,3,7,3,0,0,0,0,4,1,0.0,0.8,1271
Daniel Schneider,Manon Melief,7,926,889,0.5504420624351876,0.523108525489089,11,2,52,14,8,0,33,1,20,6,52,14,8,0,33,1,4,0,0.0,1.0,1271
Brandon Sargeant,Stefan Dohr,7,1047,1000,0.5639634145132848,0.5293412500457856,28,13,154,76,0,0,0,0,43,26,134,72,0,0,0,0,4,0,0.0,1.0,1271
Tom Rees,Jurian Heusdens,7,971,1052,0.3907515745539448,0.4495472886604723,6,2,29,11,31,16,158,82,25,11,29,11,38,21,135,68,4,2,0.0,0.6666666666666666,1271
Stephane Ochoiski,Sascha Lippe,7,923,976,0.42796070219744664,0.46692337763389535,12,2,59,16,40,11,229,91,4,0,19,7,20,13,38,23,4,1,0.0,0.8,1271
Phil O'Kane,Tanja Ender,7,986,1000,0.48086718764462183,0.4912508931197597,61,25,315,139,0,0,0,0,40,21,144,71,0,0,0,0,4,0,0.0,1.0,1271
Joe O'Connor,Shachar Ruberg,7,1072,1035,0.5504420624351876,0.523108525489089,45,21,271,129,18,7,125,51,55,25,250,118,0,0,86,36,4,0,0.0,1.0,1271
Chris Norbury,Tomasz Skalski,7,1092,1047,0.5612649493584694,0.528095374408387,238,113,1463,719,42,18,235,109,0,0,235,78,40,20,136,67,4,1,0.0,0.8,1271
Saqib Nasir,Sascha Breuer,7,1076,994,0.6105601107289808,0.551071269307342,61,31,332,177,4,1,23,11,4,0,176,95,0,0,6,2,4,1,0.0,0.8,1271
Julian Mills,Steve Lambrechts,7,989,984,0.5068355814796678,0.5031249593105316,96,44,686,331,6,2,30,13,16,10,16,10,4,0,20,8,4,0,0.0,1.0,1271
Conor McCormack,Carl Rosenberger,7,932,964,0.4563431395453441,0.48001065984441826,7,1,33,6,4,1,19,4,13,1,33,6,0,0,8,0,4,1,0.0,0.8,1271
Scott Lyons,Paul Liebstreich,7,1000,1000,0.5,0.5,0,0,0,0,0,0,0,0,0,0,0,0,0,0,0,0,4,2,0.0,0.6666666666666666,1271
Marvin Losi,Laurin Winters,7,991,929,0.5840920587766287,0.538672605206508,1,0,5,1,5,0,20,0,5,1,5,1,0,0,4,0,4,1,0.0,0.8,1271
Adam Longley,Freddie Blunden,7,929,989,0.4185795134993229,0.46257015465625045,11,2,57,18,1,0,5,1,15,3,38,14,5,1,5,1,4,0,0.0,1.0,1271
Simon Lichtenberg,Miro Popovic,7,1002,989,0.5177671819164105,0.5081242849062608,6,2,35,17,7,3,31,14,29,15,35,17,10,5,22,9,4,0,0.0,1.0,1271
Lukas Kleckers,Robbie Purdham,7,992,974,0.5245927745980452,0.5112481019468548,15,6,79,34,3,1,15,4,20,6,75,34,15,4,15,4,4,0,0.0,1.0,1271
Christopher Keogan,Manuel Pomwenger,7,1072,989,0.611870456908998,0.5516896693427,77,29,426,193,1,0,5,1,32,16,283,135,0,0,5,1,4,2,0.0,0.6666666666666666,1271
Luca Kaufmann,Daniel O’Regan,7,1005,961,0.5599145707304132,0.5274723043445937,7,4,36,19,3,0,16,4,0,0,27,15,10,2,10,2,4,0,0.0,1.0,1271
Ben Jones,Benjamin Buser,7,1027,954,0.5987085312450529,0.5454987872127821,52,25,274,133,3,0,12,0,30,15,201,96,0,0,12,0,4,0,0.0,1.0,1271
Jeff Jacobs,Gery De Mol,7,926,1000,0.39996961044138163,0.4538814589542204,18,4,95,33,0,0,0,0,16,5,81,31,0,0,0,0,4,0,0.0,1.0,1271
Ashley Hugill,Oktay Yildiz,7,1050,982,0.5920814957526257,0.542397940774351,28,12,147,68,1,0,4,0,74,39,147,68,4,0,4,0,4,1,0.0,0.8,1271
Thomas Hein,Matthew Hudson,7,995,977,0.5245927745980452,0.5112481019468548,2,1,9,4,2,0,9,1,9,4,9,4,0,0,9,1,4,1,0.0,0.8,1271
Michael Heeger,Pedro Chacon,7,978,984,0.4917974901893887,0.496250070310918,5,1,22,6,1,0,4,0,9,5,9,5,4,0,4,0,4,1,0.0,0.8,1271
Luke Garland,Corina Maracine,7,1058,956,0.6364932182719292,0.5634067862621936,17,11,100,53,3,0,12,0,0,0,100,53,4,0,12,0,4,0,0.0,1.0,1271
Dennis Furrer,Chris Lloyd,7,1000,1000,0.5,0.5,0,0,0,0,0,0,0,0,0,0,0,0,0,0,0,0,4,2,0.0,0.6666666666666666,1271
Kacper Filipiak,Loris Lehmann,7,1049,1000,0.5666587144886649,0.530586760182081,56,19,297,111,0,0,0,0,38,22,163,83,0,0,0,0,4,1,0.0,0.8,1271
Patrick Einsle,Rick Kraaijeveld,7,1059,967,0.6236008848905433,0.5572478545985555,117,47,687,300,2,0,8,0,0,0,97,34,0,0,8,0,4,0,0.0,1.0,1271
Gerry Egger,Dana Amir,7,984,985,0.4986328153483015,0.4993750003255206,1,0,4,0,1,0,4,0,0,0,4,0,4,0,4,0,4,0,0.0,1.0,1271
Adam Edge,Felix Frede,7,986,1018,0.4563431395453441,0.48001065984441826,22,8,122,55,16,8,78,37,21,11,100,44,36,20,64,33,4,0,0.0,1.0,1271
Adam Duffy,Hans Blanckaert,7,1197,908,0.8365285845595485,0.6731572963701318,239,121,1493,761,97,24,512,186,87,46,488,233,11,3,155,66,4,1,0.0,0.8,1271
Andrew Doherty,Markus Fischer,7,1000,957,0.5585634499391967,0.5268491486891144,0,0,0,0,3,0,13,1,0,0,0,0,4,0,13,1,4,0,0.0,1.0,1271
Marc Davis,Oliver Brown,7,1060,1220,0.2923360013407782,0.401312339887548,89,37,473,217,133,59,718,342,12,6,191,106,55,32,379,211,4,2,0.0,0.6666666666666666,1271
Sam Craigie,Ralph Müller,7,1280,959,0.8613262329678552,0.6905090012275708,84,44,503,264,3,0,12,0,59,38,63,38,0,0,8,0,4,0,0.0,1.0,1271
Tony Corrigan,Thomas Blang,7,1000,992,0.510936041856229,0.5049998333399998,0,0,0,0,2,1,10,4,0,0,0,0,0,0,10,4,4,0,0.0,1.0,1271
Joshua Cooper,Robin Otto,7,963,999,0.45091379157772826,0.4775151752081999,5,1,22,6,5,2,26,12,17,5,22,6,26,12,26,12,4,3,0.0,0.5714285714285714,1271
Michael Collumb,Rolf Mahr,7,1019,970,0.5666587144886649,0.530586760182081,35,14,188,87,2,0,8,0,32,17,130,60,4,0,8,0,4,0,0.0,1.0,1271
Jamie Clarke,Andreas Ploner,7,1245,1043,0.7545108097932872,0.623633628298226,95,50,540,288,32,14,170,78,74,41,398,227,22,13,146,65,4,1,0.0,0.8,1271
Brian Cini,Robert Drahn,7,991,897,0.6261916833783177,0.5584811124381613,18,7,92,43,9,0,38,2,21,8,92,43,0,0,4,0,4,0,0.0,1.0,1271
Kevin Chan,Imran Nisar,7,924,985,0.41724321907824724,0.4619487156141408,10,2,46,10,1,0,4,0,9,1,46,10,0,0,4,0,4,0,0.0,1.0,1271
Ashley Carty,Stefan Schneider,7,1196,997,0.7513122476997512,0.6218716423074662,74,39,422,217,2,1,8,4,37,25,359,190,0,0,8,4,4,0,0.0,1.0,1271
Alex Borg,Aaron Cook,7,1144,973,0.7203516579445735,0.6052765337748445,314,136,2288,1052,2,0,8,0,23,13,328,136,0,0,8,0,4,0,0.0,1.0,1271
Josh Boileau,Michael Schnabel,7,1118,1012,0.641605432096216,0.5658650028954817,38,22,196,106,2,1,11,7,35,22,152,86,11,7,11,7,4,0,0.0,1.0,1271
Thomas Barton,Matthias Porn,7,985,954,0.5422981239384312,0.519365308229932,3,0,18,6,3,0,12,0,7,3,18,6,0,0,8,0,4,2,0.0,0.6666666666666666,1271
Mateusz Baranowski,Ronny Pawlitza,7,1021,974,0.5639634145132848,0.5293412500457856,10,5,51,25,2,0,9,1,42,24,46,24,0,0,4,0,4,0,0.0,1.0,1271
Michael Williams,Dessie Sheehan,7,1065,717,0.880033408790135,0.7047456979980911,24,12,118,63,162,32,1256,464,38,20,118,63,14,4,52,18,4,0,0.0,1.0,1271
Tan Wang Chooi,Marvin Losi,7,996,991,0.5068355814796678,0.5031249593105316,18,8,95,44,1,0,5,1,5,1,72,37,5,1,5,1,4,2,0.0,0.6666666666666666,1271
Charlie Walters,Damian Wilks,7,979,952,0.536858082179779,0.5168685956913849,62,21,342,148,26,9,135,53,18,6,127,57,26,14,79,35,4,3,0.0,0.5714285714285714,1271
Alexander Ursenbacher,Soner Sari,7,1088,988,0.6339273074659068,0.5621765008857981,47,16,284,118,10,4,51,23,27,16,254,102,0,0,12,4,4,2,0.0,0.6666666666666666,1271
Sam Thistlewhite,Zack Richardson,7,1066,1078,0.4835986704357121,0.4925005624493796,56,24,289,136,34,17,186,101,50,31,85,46,7,3,186,101,4,3,0.0,0.5714285714285714,1271
Alex Taubman,Nick Jennings,7,1074,1095,0.4713154170628733,0.4868780138177567,125,53,681,304,95,46,521,259,57,23,251,125,12,6,56,26,4,0,0.0,1.0,1271
Joe Steele,Gerry Egger,7,947,984,0.44955793756481255,0.4768914745109111,45,17,224,93,1,0,4,0,19,6,190,84,0,0,4,0,4,1,0.0,0.8,1271
Elliot Slessor,Brandon Sargeant,7,1182,1047,0.6778138346852377,0.5835831155172753,79,33,468,216,28,13,154,76,50,30,347,160,43,26,134,72,4,0,0.0,1.0,1271
Daniel Schneider,Scott Lyons,7,926,1000,0.39996961044138163,0.4538814589542204,11,2,52,14,0,0,0,0,20,6,52,14,0,0,0,0,4,2,0.0,0.6666666666666666,1271
Tom Rees,Paul Schopf,7,971,986,0.47950179614537025,0.4906260984783392,6,2,29,11,2,0,11,3,25,11,29,11,7,3,7,3,4,3,0.0,0.5714285714285714,1271
Stephane Ochoiski,Ron Florax,7,923,938,0.47950179614537025,0.4906260984783392,12,2,59,16,5,0,23,3,4,0,19,7,0,0,14,2,4,0,0.0,1.0,1271
Phil O'Kane,Heiko Mutz,7,986,1000,0.48086718764462183,0.4912508931197597,61,25,315,139,0,0,0,0,40,21,144,71,0,0,0,0,4,0,0.0,1.0,1271
Chris Norbury,Tony Corrigan,7,1092,1000,0.6236008848905433,0.5572478545985555,238,113,1463,719,0,0,0,0,0,0,235,78,0,0,0,0,4,1,0.0,0.8,1271
Jake Nicholson,Ralf Günzel,7,931,914,0.5232282019769063,0.5106234010049637,60,16,321,121,6,0,24,0,41,13,145,68,0,0,8,0,4,0,0.0,1.0,1271
Conor McCormack,Vamsikrishna Yanamandra,7,932,1000,0.4079185042473741,0.45760205922564895,7,1,33,6,0,0,0,0,13,1,33,6,0,0,0,0,4,0,0.0,1.0,1271
Adam Longley,Adam King,7,929,960,0.4577018760615691,0.4806346917700681,11,2,57,18,10,4,51,21,15,3,38,14,26,11,51,21,4,3,0.0,0.5714285714285714,1271
Christopher Keogan,Charlie Sweeney,7,1072,1002,0.5947357972115818,0.5436386872370789,77,29,426,193,2,1,12,6,32,16,283,135,12,6,12,6,4,0,0.0,1.0,1271
Ben Jones,Ben Mertens,7,1027,1000,0.536858082179779,0.5168685956913849,52,25,274,133,0,0,0,0,30,15,201,96,0,0,0,0,4,0,0.0,1.0,1271
Ashley Hugill,Lukas Kleckers,7,1050,992,0.578744911388209,0.5361866202317948,28,12,147,68,15,6,79,34,74,39,147,68,20,6,75,34,4,3,0.0,0.5714285714285714,1271
Kishan Hirani,Jeff Jacobs,7,1102,926,0.726023440718493,0.6082590307465143,99,46,526,249,18,4,95,33,38,22,230,123,16,5,81,31,4,0,0.0,1.0,1271
Michael Heeger,Anton Woywod,7,978,984,0.4917974901893887,0.496250070310918,5,1,22,6,1,0,4,0,9,5,9,5,0,0,4,0,4,0,0.0,1.0,1271
Andreas Hartung,Thomas Frank,7,949,1000,0.43064928112217615,0.4681681105837757,7,2,35,11,0,0,0,0,0,0,16,6,0,0,0,0,4,1,0.0,0.8,1271
Dennis Furrer,Peter Brehm,7,1000,1000,0.5,0.5,0,0,0,0,0,0,0,0,0,0,0,0,0,0,0,0,4,1,0.0,0.8,1271
Kacper Filipiak,Phuntsok Jaegers,7,1049,993,0.5760654606907909,0.5349429451582145,56,19,297,111,6,3,34,15,38,22,163,83,11,5,34,15,4,0,0.0,1.0,1271
Nico Elton,Luke Garland,7,1092,1058,0.5463726874746992,0.5212372149662741,43,20,234,115,17,11,100,53,53,32,199,103,0,0,100,53,4,3,0.0,0.5714285714285714,1271
Patrick Einsle,Diana Schuler,7,1059,914,0.6899164671577602,0.5896454785627312,117,47,687,300,10,2,43,8,0,0,97,34,0,0,20,0,4,0,0.0,1.0,1271
Adam Duffy,Jamie Bodle,7,1197,1129,0.5920814957526257,0.542397940774351,239,121,1493,761,151,98,1119,625,87,46,488,233,0,0,39,23,4,2,0.0,0.6666666666666666,1271
Marc Davis,Simon Lichtenberg,7,1060,1002,0.578744911388209,0.5361866202317948,89,37,473,217,6,2,35,17,12,6,191,106,29,15,35,17,4,0,0.0,1.0,1271
Sam Craigie,Adam Edge,7,1280,986,0.8405938136052916,0.6759015277259407,84,44,503,264,22,8,122,55,59,38,63,38,21,11,100,44,4,1,0.0,0.8,1271
Joshua Cooper,Sebastian Stein,7,963,1000,0.44955793756481255,0.4768914745109111,5,1,22,6,0,0,0,0,17,5,22,6,0,0,0,0,4,0,0.0,1.0,1271
Michael Collumb,Stefan Schenk,7,1019,975,0.5599145707304132,0.5274723043445937,35,14,188,87,8,3,43,17,32,17,130,60,0,0,27,13,4,0,0.0,1.0,1271
Jamie Clarke,Kevin Chan,7,1245,924,0.8613262329678552,0.6905090012275708,95,50,540,288,10,2,46,10,74,41,398,227,9,1,46,10,4,0,0.0,1.0,1271
Brian Cini,Luca Kaufmann,7,991,1005,0.48086718764462183,0.4912508931197597,18,7,92,43,7,4,36,19,21,8,92,43,0,0,27,15,4,0,0.0,1.0,1271
Ryan Causton,Callum Lloyd,7,1098,961,0.6802510445614828,0.584797674717737,96,50,517,256,17,4,90,36,29,15,266,140,17,9,39,18,4,0,0.0,1.0,1271
Ashley Carty,Joe O'Connor,7,1196,1072,0.6642657784879786,0.5768852611320463,74,39,422,217,45,21,271,129,37,25,359,190,55,25,250,118,4,1,0.0,0.8,1271
Alex Borg,Saqib Nasir,7,1144,1076,0.5920814957526257,0.542397940774351,314,136,2288,1052,61,31,332,177,23,13,328,136,4,0,176,95,4,0,0.0,1.0,1271
Josh Boileau,Andrew Doherty,7,1118,1000,0.6567774862994666,0.5732197726798348,38,22,196,106,0,0,0,0,35,22,152,86,0,0,0,0,4,1,0.0,0.8,1271
Richard Beckham,Thomas Hein,7,1072,995,0.6039885915613215,0.5479769376367963,22,14,118,63,2,1,9,4,51,28,115,63,9,4,9,4,4,0,0.0,1.0,1271
Thomas Barton,Tom Zimmermann,7,985,1000,0.47950179614537025,0.4906260984783392,3,0,18,6,0,0,0,0,7,3,18,6,0,0,0,0,4,0,0.0,1.0,1271
Mateusz Baranowski,Julian Mills,7,1021,989,0.5436568604546561,0.5199893401555818,10,5,51,25,96,44,686,331,42,24,46,24,16,10,16,10,4,1,0.0,0.8,1271
Sam Thistlewhite,Kishan Hirani,7,1066,1102,0.45091379157772826,0.4775151752081999,56,24,289,136,99,46,526,249,50,31,85,46,38,22,230,123,4,2,0.0,0.6666666666666666,1271
Alex Taubman,Charlie Walters,7,1074,979,0.6274848196821066,0.559097471902393,125,53,681,304,62,21,342,148,57,23,251,125,18,6,127,57,4,3,0.0,0.5714285714285714,1271
Elliot Slessor,Tan Wang Chooi,7,1182,996,0.7371828058525272,0.6141996427768951,79,33,468,216,18,8,95,44,50,30,347,160,5,1,72,37,4,1,0.0,0.8,1271
Tom Rees,Andreas Hartung,7,971,949,0.5300478260158454,0.513746534902355,6,2,29,11,7,2,35,11,25,11,29,11,0,0,16,6,4,0,0.0,1.0,1271
Stephane Ochoiski,Conor McCormack,7,923,932,0.48769738857442835,0.4943752372926745,12,2,59,16,7,1,33,6,4,0,19,7,13,1,33,6,4,3,0.0,0.5714285714285714,1271
Jake Nicholson,Michael Heeger,7,931,978,0.4360365854867152,0.47065874995421436,60,16,321,121,5,1,22,6,41,13,145,68,9,5,9,5,4,0,0.0,1.0,1271
Christopher Keogan,Alexander Ursenbacher,7,1072,1088,0.4781366606027012,0.4900013331200346,77,29,426,193,47,16,284,118,32,16,283,135,27,16,254,102,4,2,0.0,0.6666666666666666,1271
Ben Jones,Michael Collumb,7,1027,1019,0.510936041856229,0.5049998333399998,52,25,274,133,35,14,188,87,30,15,201,96,32,17,130,60,4,3,0.0,0.5714285714285714,1271
Ashley Hugill,Michael Williams,7,1050,1065,0.47950179614537025,0.4906260984783392,28,12,147,68,24,12,118,63,74,39,147,68,38,20,118,63,4,1,0.0,0.8,1271
Kacper Filipiak,Alex Borg,7,1049,1144,0.37251518031789344,0.440902528097607,56,19,297,111,314,136,2288,1052,38,22,163,83,23,13,328,136,4,3,0.0,0.5714285714285714,1271
Nico Elton,Dennis Furrer,7,1092,1000,0.6236008848905433,0.5572478545985555,43,20,234,115,0,0,0,0,53,32,199,103,0,0,0,0,4,0,0.0,1.0,1271
Patrick Einsle,Chris Norbury,7,1059,1092,0.45498494612477275,0.47938669028555136,117,47,687,300,238,113,1463,719,0,0,97,34,0,0,235,78,4,1,0.0,0.8,1271
Marc Davis,Josh Boileau,7,1060,1118,0.42125508861179106,0.4638133797682053,89,37,473,217,38,22,196,106,12,6,191,106,35,22,152,86,4,3,0.0,0.5714285714285714,1271
Sam Craigie,Jamie Clarke,7,1280,1245,0.5477297445502348,0.5218610539716015,84,44,503,264,95,50,540,288,59,38,63,38,74,41,398,227,4,1,0.0,0.8,1271
Joshua Cooper,Joe Steele,7,963,947,0.5218633393972989,0.5099986668799655,5,1,22,6,45,17,224,93,17,5,22,6,19,6,190,84,4,3,0.0,0.5714285714285714,1271
Brian Cini,Adam Longley,7,991,929,0.5840920587766287,0.538672605206508,18,7,92,43,11,2,57,18,21,8,92,43,15,3,38,14,4,1,0.0,0.8,1271
Ryan Causton,Daniel Schneider,7,1098,926,0.721490850613204,0.6058736684317606,96,50,517,256,11,2,52,14,29,15,266,140,20,6,52,14,4,1,0.0,0.8,1271
Ashley Carty,Thomas Barton,7,1196,985,0.7639640378992283,0.6288998381516232,74,39,422,217,3,0,18,6,37,25,359,190,7,3,18,6,4,2,0.0,0.6666666666666666,1271
Richard Beckham,Adam Duffy,7,1072,1197,0.3344927873720658,0.4225046348141883,22,14,118,63,239,121,1493,761,51,28,115,63,87,46,488,233,4,1,0.0,0.8,1271
Mateusz Baranowski,Phil O'Kane,7,1021,986,0.5477297445502348,0.5218610539716015,10,5,51,25,61,25,315,139,42,24,46,24,40,21,144,71,4,2,0.0,0.6666666666666666,1271
Zhou Yuelong,Michael Georgiou,7,1288,1174,0.651748409886971,0.5707716118944918,65,33,418,217,119,53,705,341,124,69,340,184,69,27,361,191,4,2,0.0,0.6666666666666666,1271
Kyren Wilson,Ben Jones,7,1482,1027,0.9359148755824045,0.75722034035404,260,157,1690,930,52,25,274,133,203,124,673,373,30,15,201,96,4,0,0.0,1.0,1271
Mark Williams,Tom Rees,7,1429,971,0.937104951446693,0.7585964618789349,1120,730,8802,5025,6,2,29,11,180,105,1082,621,25,11,29,11,4,0,0.0,1.0,1271
Robbie Williams,Sam Craigie,7,1283,1280,0.5041014855971089,0.5018749912109869,266,148,1644,847,84,44,503,264,91,48,659,337,59,38,63,38,4,0,0.0,1.0,1271
Liang Wenbo,Noppon Saengkham,7,1451,1290,0.7088291167182063,0.5992881635083561,436,263,3011,1661,119,53,853,398,263,153,1011,579,152,72,633,314,4,1,0.0,0.8,1271
Daniel Wells,Anthony McGill,7,1212,1364,0.30173900629161093,0.4061268970658573,259,127,1728,858,316,190,1990,1095,101,56,528,251,154,84,817,444,4,0,0.0,1.0,1271
Lee Walker,Sydney Wilson,7,1293,1102,0.7426684543010009,0.6171573626529722,379,216,2974,1557,130,49,750,340,97,53,203,104,60,19,382,180,4,3,0.0,0.5714285714285714,1271
Chris Wakelin,David Grace,7,1220,1307,0.3829018450543893,0.44583834723635146,76,38,506,252,239,113,1570,764,78,35,499,249,142,76,554,262,4,1,0.0,0.8,1271
Judd Trump,Marc Davis,7,1555,1060,0.9503344431729717,0.7751285533173565,641,427,4350,2536,89,37,473,217,179,109,1486,881,12,6,191,106,4,2,0.0,0.6666666666666666,1271
Joe Swail,Michael Leslie,7,1301,1092,0.7618819203066071,0.6277321638605189,745,405,5929,3097,104,31,660,263,135,66,685,353,62,23,440,182,4,1,0.0,0.8,1271
Zak Surety,Zhang Anda,7,1121,1309,0.2606153234773788,0.38461624360881785,80,37,456,217,213,104,1449,725,58,24,295,141,115,61,612,316,4,0,0.0,1.0,1271
Matthew Stevens,Patrick Einsle,7,1307,1059,0.8005143732994051,0.6502185485738271,827,490,6473,3533,117,47,687,300,80,37,810,407,0,0,97,34,4,1,0.0,0.8,1271
Matthew Selt,Lu Ning,7,1429,1112,0.858383853016921,0.6883678768310286,396,215,2774,1445,49,17,337,146,195,107,818,453,56,21,225,92,4,3,0.0,0.5714285714285714,1271
Mark Selby,Jake Nicholson,7,1571,931,0.9818694968636467,0.8320183851339245,842,572,6104,3532,60,16,321,121,236,151,1539,940,41,13,145,68,4,1,0.0,0.8,1271
Jimmy Robertson,Gerard Greene,7,1361,1274,0.6170981549456108,0.5541616527636486,344,185,2297,1186,627,342,4739,2491,135,78,760,412,75,42,533,260,4,0,0.0,1.0,1271
Dechawat Poomjaeng,Ricky Walden,7,1278,1487,0.238118079693393,0.3722678361394811,183,101,1315,669,632,391,4559,2544,102,48,873,457,110,69,1204,685,4,3,0.0,0.5714285714285714,1271
Joe Perry,Michael Wasley,7,1463,1267,0.7480902113030796,0.6201064323430902,848,496,6189,3327,232,116,1480,731,196,113,1173,662,56,20,652,320,4,0,0.0,1.0,1271
Tian Pengfei,Ken Doherty,7,1482,1285,0.7491668212476215,0.6206951913643555,283,165,1878,1020,1031,636,8513,4700,155,98,726,408,107,50,660,331,4,3,0.0,0.5714285714285714,1271
Fraser Patrick,Craig Steadman,7,1142,1291,0.30530209550926213,0.40793707183518074,145,62,951,438,343,194,2257,1205,38,10,431,189,70,31,625,312,4,2,0.0,0.6666666666666666,1271
Sean O'Sullivan,Allan Taylor,7,1218,1180,0.5517972899579606,0.523732154126561,123,53,764,356,216,107,1240,634,79,40,490,232,45,16,319,124,4,0,0.0,1.0,1271
Martin O'Donnell,Thanawat Thirapongpaiboon,7,1213,1197,0.5218633393972989,0.5099986668799655,219,102,1316,653,158,72,1098,523,81,38,487,238,88,42,474,211,4,2,0.0,0.6666666666666666,1271
Shaun Murphy,Barry Pinches,7,1548,1194,0.883921914952807,0.7078572714244814,825,536,6053,3439,688,359,5419,2817,134,82,1344,782,60,24,515,238,4,0,0.0,1.0,1271
Aditya Mehta,Ian Glover,7,1286,1107,0.7293972619311108,0.610044672404527,222,112,1537,770,157,68,946,450,79,38,610,321,57,19,253,113,4,2,0.0,0.6666666666666666,1271
Alan McManus,Joshua Cooper,7,1408,963,0.9318132355220661,0.7525948948809733,821,492,6947,3684,5,1,22,6,105,56,917,508,17,5,22,6,4,0,0.0,1.0,1271
Mitchell Mann,Eden Sharav,7,1147,1197,0.43199486323846364,0.46879062662624377,160,77,944,467,67,39,381,198,51,19,245,110,58,23,266,138,4,2,0.0,0.6666666666666666,1271
Stephen Maguire,Stephane Ochoiski,7,1423,923,0.9519277300049478,0.7772998611746911,749,499,5555,3158,12,2,59,16,135,64,1320,759,4,0,19,7,4,1,0.0,0.8,1271
Kurt Maflin,Rory McLeod,7,1308,1323,0.47950179614537025,0.4906260984783392,412,242,2726,1478,467,258,3566,1870,88,45,758,408,99,51,598,298,4,3,0.0,0.5714285714285714,1271
Jack Lisowski,Lyu Chenwei,7,1346,1048,0.843794955427504,0.6780882495516275,294,177,1901,1038,35,12,211,86,101,51,706,373,49,17,183,78,4,1,0.0,0.8,1271
Rod Lawler,Peter Lines,7,1326,1217,0.6454220086166967,0.5677065480733601,711,396,5534,2895,670,365,4956,2580,89,45,710,369,64,28,578,272,4,1,0.0,0.8,1271
Sanderson Lam,Mark Allen,7,1100,1551,0.06570071620884166,0.24462276208625014,77,34,442,204,577,372,3916,2205,66,28,390,187,198,123,1073,649,4,3,0.0,0.5714285714285714,1271
Mark King,Brian Cini,7,1342,991,0.8819896948101545,0.706303891936407,775,429,5768,3011,18,7,92,43,115,63,764,399,21,8,92,43,4,0,0.0,1.0,1271
Duane Jones,Steven Hallworth,7,1233,1001,0.7851724867885262,0.6410674063348171,93,54,527,301,42,14,246,99,20,5,247,142,40,7,213,86,4,3,0.0,0.5714285714285714,1271
Jamie Jones,Sam Thistlewhite,7,1357,1066,0.8381631906470501,0.6742564252229473,378,227,2504,1366,56,24,289,136,104,58,714,381,50,31,85,46,4,1,0.0,0.8,1271
Michael Holt,Richard Beckham,7,1358,1072,0.8340553716337187,0.6715050342254059,641,378,4757,2535,22,14,118,63,166,90,905,480,51,28,115,63,4,0,0.0,1.0,1271
Andrew Higginson,Sam Baird,7,1366,1341,0.534135239137421,0.5156199157230156,603,365,4281,2359,237,127,1614,839,115,63,726,382,82,46,709,374,4,2,0.0,0.6666666666666666,1271
John Higgins,Stuart Bingham,7,1500,1430,0.5947357972115818,0.5436386872370789,1194,844,9681,5719,843,529,6218,3533,237,145,1221,722,168,96,1324,779,4,3,0.0,0.5714285714285714,1271
Barry Hawkins,Zhang Yong,7,1424,1038,0.9030680094960937,0.7241217707708186,728,445,5246,2906,26,10,151,63,85,46,1212,678,58,25,118,48,4,2,0.0,0.6666666666666666,1271
Li Hang,Oliver Lines,7,1317,1266,0.5693507188778237,0.5318318894162242,157,78,1106,561,108,61,630,338,104,52,550,287,103,55,473,261,4,1,0.0,0.8,1271
Anthony Hamilton,Gary Wilson,7,1326,1277,0.5666587144886649,0.530586760182081,726,425,5700,3060,290,171,1844,1011,64,28,618,327,84,42,639,343,4,3,0.0,0.5714285714285714,1271
Xiao Guodong,Fergal O'Brien,7,1383,1377,0.5082025098106111,0.5037499296890819,300,174,2048,1127,736,423,5720,3027,87,46,770,435,114,62,672,361,4,0,0.0,1.0,1271
Martin Gould,Darryl Hill,7,1495,1049,0.9322328500610259,0.7530600904213377,507,305,3438,1878,33,13,201,90,107,63,972,537,54,21,174,77,4,0,0.0,1.0,1271
David Gilbert,Kacper Filipiak,7,1428,1049,0.8991045200732098,0.7206121300108707,392,221,3017,1601,56,19,297,111,167,95,773,423,38,22,163,83,4,0,0.0,1.0,1271
Marco Fu,David Morris,7,1470,1270,0.7523810515908644,0.6224593312018546,709,423,5315,2894,219,113,1645,831,225,138,1306,753,57,25,505,263,4,1,0.0,0.8,1271
Nico Elton,Robert Milkins,7,1092,1361,0.1804429523596507,0.3379372751936011,43,20,234,115,683,419,5084,2784,53,32,199,103,162,94,1098,601,4,2,0.0,0.6666666666666666,1271
Peter Ebdon,Rhys Clark,7,1411,1108,0.847732715071801,0.6808107108156386,924,534,7484,4027,56,25,322,152,139,83,702,366,46,15,250,116,4,0,0.0,1.0,1271
Mike Dunn,Ross Muir,7,1399,1168,0.7841899555246323,0.6404919537233386,611,329,4517,2339,78,30,501,224,156,92,710,377,86,39,453,202,4,1,0.0,0.8,1271
Scott Donaldson,Ashley Hugill,7,1242,1050,0.7437579445222342,0.617747874769249,138,72,896,446,28,12,147,68,67,30,690,342,74,39,147,68,4,1,0.0,0.8,1271
Ryan Day,Liam Highfield,7,1473,1317,0.7029806026650167,0.5962826992967879,718,436,5061,2790,254,139,1697,897,195,118,1204,662,65,32,620,330,4,2,0.0,0.6666666666666666,1271
Mark Davis,Paul Davison,7,1481,1195,0.8340553716337187,0.6715050342254059,869,524,6382,3483,586,313,4153,2131,155,95,1172,659,62,23,558,268,4,3,0.0,0.5714285714285714,1271
Dominic Dale,Yu Delu,7,1452,1303,0.6946979044907379,0.5920629281648192,762,444,5619,3014,191,98,1314,674,153,95,989,545,74,37,579,296,4,1,0.0,0.8,1271
Jamie Cope,Ashley Carty,7,1320,1196,0.6642657784879786,0.5768852611320463,495,269,3356,1721,74,39,422,217,102,52,547,267,37,25,359,190,4,3,0.0,0.5714285714285714,1271
Thor Chuan Leong,Christopher Keogan,7,976,1072,0.3712235715309693,0.44028635073280703,21,5,128,42,77,29,426,193,100,39,128,42,32,16,283,135,4,1,0.0,0.8,1271
Ali Carter,Elliot Slessor,7,1463,1182,0.829876495909729,0.668741821102192,726,434,5215,2862,79,33,468,216,71,36,705,396,50,30,347,160,4,0,0.0,1.0,1271
Stuart Carrington,Tony Drago,7,1279,1141,0.6814665603465866,0.585404569129465,219,117,1345,709,703,347,5787,2863,73,34,437,217,20,1,427,190,4,2,0.0,0.6666666666666666,1271
James Cahill,Tom Ford,7,1158,1377,0.22781497267732487,0.3664446223632249,92,32,580,245,470,268,3402,1815,56,18,373,156,139,82,664,338,4,2,0.0,0.6666666666666666,1271
Ian Burns,Ryan Causton,7,1270,1098,0.721490850613204,0.6058736684317606,238,128,1464,764,96,50,517,256,66,28,584,295,29,15,266,140,4,3,0.0,0.5714285714285714,1271
Jamie Burnett,Ben Woollaston,7,1351,1342,0.5123026114255715,0.5056247627073255,599,350,4735,2525,412,237,2715,1456,70,41,522,268,146,78,787,425,4,3,0.0,0.5714285714285714,1271
Alfie Burden,Alex Taubman,7,1322,1074,0.8005143732994051,0.6502185485738271,565,306,4166,2159,125,53,681,304,77,41,609,308,57,23,251,125,4,0,0.0,1.0,1271
Luca Brecel,Gareth Allen,7,1389,1133,0.8079159048674549,0.6547534606063192,183,95,1265,657,115,54,646,314,134,81,631,335,54,19,319,153,4,3,0.0,0.5714285714285714,1271
Kyren Wilson,Barry Hawkins,7,1482,1424,0.578744911388209,0.5361866202317948,260,157,1690,930,728,445,5246,2906,203,124,673,373,85,46,1212,678,4,3,0.0,0.5714285714285714,1271
Mark Williams,Chris Wakelin,7,1429,1220,0.7618819203066071,0.6277321638605189,1120,730,8802,5025,76,38,506,252,180,105,1082,621,78,35,499,249,4,2,0.0,0.6666666666666666,1271
Robbie Williams,Jamie Burnett,7,1283,1351,0.4079185042473741,0.45760205922564895,266,148,1644,847,599,350,4735,2525,91,48,659,337,70,41,522,268,4,3,0.0,0.5714285714285714,1271
Daniel Wells,Xiao Guodong,7,1212,1383,0.27964834205542655,0.39472346622515553,259,127,1728,858,300,174,2048,1127,101,56,528,251,87,46,770,435,4,0,0.0,1.0,1271
Lee Walker,Kurt Maflin,7,1293,1308,0.47950179614537025,0.4906260984783392,379,216,2974,1557,412,242,2726,1478,97,53,203,104,88,45,758,408,4,3,0.0,0.5714285714285714,1271
Judd Trump,Joe Perry,7,1555,1463,0.6236008848905433,0.5572478545985555,641,427,4350,2536,848,496,6189,3327,179,109,1486,881,196,113,1173,662,4,2,0.0,0.6666666666666666,1271
Matthew Stevens,Michael White,7,1307,1371,0.4132404983976814,0.46008511544443426,827,490,6473,3533,300,169,2132,1141,80,37,810,407,177,96,851,464,4,1,0.0,0.8,1271
Jimmy Robertson,Stephen Maguire,7,1361,1423,0.41590794122337116,0.46132739479349205,344,185,2297,1186,749,499,5555,3158,135,78,760,412,135,64,1320,759,4,3,0.0,0.5714285714285714,1271
Dechawat Poomjaeng,Joel Walker,7,1278,1244,0.5463726874746992,0.5212372149662741,183,101,1315,669,133,62,845,407,102,48,873,457,40,13,502,240,4,1,0.0,0.8,1271
Tian Pengfei,Zhou Yuelong,7,1482,1288,0.7459292301495708,0.6189278548001903,283,165,1878,1020,65,33,418,217,155,98,726,408,124,69,340,184,4,3,0.0,0.5714285714285714,1271
Sean O'Sullivan,Joe Swail,7,1218,1301,0.3881295430910018,0.44831033065729986,123,53,764,356,745,405,5929,3097,79,40,490,232,135,66,685,353,4,0,0.0,1.0,1271
Martin O'Donnell,Duane Jones,7,1213,1233,0.4726790179572131,0.4875026035157896,219,102,1316,653,93,54,527,301,81,38,487,238,20,5,247,142,4,3,0.0,0.5714285714285714,1271
Shaun Murphy,Zak Surety,7,1548,1121,0.9238902030296949,0.7441211943032843,825,536,6053,3439,80,37,456,217,134,82,1344,782,58,24,295,141,4,0,0.0,1.0,1271
Rod Lawler,Jack Lisowski,7,1326,1346,0.4726790179572131,0.4875026035157896,711,396,5534,2895,294,177,1901,1038,89,45,710,369,101,51,706,373,4,3,0.0,0.5714285714285714,1271
Mark King,Jamie Jones,7,1342,1357,0.47950179614537025,0.4906260984783392,775,429,5768,3011,378,227,2504,1366,115,63,764,399,104,58,714,381,4,0,0.0,1.0,1271
Michael Holt,Mateusz Baranowski,7,1358,1021,0.8726526517869658,0.6989914835090479,641,378,4757,2535,10,5,51,25,166,90,905,480,42,24,46,24,4,1,0.0,0.8,1271
Andrew Higginson,Matthew Selt,7,1366,1429,0.41457369574132835,0.4607061941016405,603,365,4281,2359,396,215,2774,1445,115,63,726,382,195,107,818,453,4,1,0.0,0.8,1271
John Higgins,Anthony Hamilton,7,1500,1326,0.7237619985420221,0.6070669880717036,1194,844,9681,5719,726,425,5700,3060,237,145,1221,722,64,28,618,327,4,0,0.0,1.0,1271
Li Hang,Cao Yupeng,7,1317,1263,0.573382262278332,0.5336988354329009,157,78,1106,561,165,84,1191,605,104,52,550,287,61,29,577,281,4,0,0.0,1.0,1271
Martin Gould,James Cahill,7,1495,1158,0.8726526517869658,0.6989914835090479,507,305,3438,1878,92,32,580,245,107,63,972,537,56,18,373,156,4,1,0.0,0.8,1271
David Gilbert,Mitchell Mann,7,1428,1147,0.829876495909729,0.668741821102192,392,221,3017,1601,160,77,944,467,167,95,773,423,51,19,245,110,4,1,0.0,0.8,1271
Marco Fu,Ryan Day,7,1470,1473,0.4958985144028909,0.498125008789013,709,423,5315,2894,718,436,5061,2790,225,138,1306,753,195,118,1204,662,4,2,0.0,0.6666666666666666,1271
Graeme Dott,Dominic Dale,7,1422,1452,0.4590611389260606,0.4812587841214648,707,414,5517,2955,762,444,5619,3014,121,67,995,565,153,95,989,545,4,0,0.0,1.0,1271
Scott Donaldson,Mark Selby,7,1242,1571,0.13292233060141284,0.3052332371262195,138,72,896,446,842,572,6104,3532,67,30,690,342,236,151,1539,940,4,2,0.0,0.6666666666666666,1271
Mark Davis,Alan McManus,7,1481,1408,0.5987085312450529,0.5454987872127821,869,524,6382,3483,821,492,6947,3684,155,95,1172,659,105,56,917,508,4,2,0.0,0.6666666666666666,1271
Jamie Cope,Nico Elton,7,1320,1092,0.7812257884147848,0.6387631751488418,495,269,3356,1721,43,20,234,115,102,52,547,267,53,32,199,103,4,2,0.0,0.6666666666666666,1271
Thor Chuan Leong,Liang Wenbo,7,976,1451,0.0564918621557736,0.2337063569140403,21,5,128,42,436,263,3011,1661,100,39,128,42,263,153,1011,579,4,0,0.0,1.0,1271
Ali Carter,Aditya Mehta,7,1463,1286,0.7271505015076656,0.6088545692109504,726,434,5215,2862,222,112,1537,770,71,36,705,396,79,38,610,321,4,1,0.0,0.8,1271
Stuart Carrington,Mike Dunn,7,1279,1399,0.34071893937019965,0.425557483188341,219,117,1345,709,611,329,4517,2339,73,34,437,217,156,92,710,377,4,2,0.0,0.6666666666666666,1271
Ian Burns,Sanderson Lam,7,1270,1100,0.7192100641468833,0.6046790847140093,238,128,1464,764,77,34,442,204,66,28,584,295,66,28,390,187,4,0,0.0,1.0,1271
Alfie Burden,Peter Ebdon,7,1322,1411,0.38029641350050397,0.44460335167941084,565,306,4166,2159,924,534,7484,4027,77,41,609,308,139,83,702,366,4,2,0.0,0.6666666666666666,1271
Luca Brecel,Fraser Patrick,7,1389,1142,0.7995764997363425,0.6496497492904088,183,95,1265,657,145,62,951,438,134,81,631,335,38,10,431,189,4,1,0.0,0.8,1271
Kyren Wilson,John Higgins,7,1482,1500,0.47540722540195457,0.4887518980531451,260,157,1690,930,1194,844,9681,5719,203,124,673,373,237,145,1221,722,4,1,0.0,0.8,1271
Mark Williams,Dechawat Poomjaeng,7,1429,1278,0.6970755073607001,0.5932699921071872,1120,730,8802,5025,183,101,1315,669,180,105,1082,621,102,48,873,457,4,2,0.0,0.6666666666666666,1271
Robbie Williams,Alfie Burden,7,1283,1322,0.44684812561516707,0.47564429123179275,266,148,1644,847,565,306,4166,2159,91,48,659,337,77,41,609,308,4,2,0.0,0.6666666666666666,1271
Judd Trump,Daniel Wells,7,1555,1212,0.8767191428425912,0.702138068199835,641,427,4350,2536,259,127,1728,858,179,109,1486,881,101,56,528,251,4,1,0.0,0.8,1271
Jimmy Robertson,Marco Fu,7,1361,1470,0.3545779913833035,0.43229345192664,344,185,2297,1186,709,423,5315,2894,135,78,760,412,225,138,1306,753,4,2,0.0,0.6666666666666666,1271
Sean O'Sullivan,Tian Pengfei,7,1218,1482,0.1848635658405572,0.34073961154861454,123,53,764,356,283,165,1878,1020,79,40,490,232,155,98,726,408,4,2,0.0,0.6666666666666666,1271
Shaun Murphy,Luca Brecel,7,1548,1389,0.7064965786766507,0.5980868603322034,825,536,6053,3439,183,95,1265,657,134,82,1344,782,134,81,631,335,4,2,0.0,0.6666666666666666,1271
Mark King,Lee Walker,7,1342,1293,0.5666587144886649,0.530586760182081,775,429,5768,3011,379,216,2974,1557,115,63,764,399,97,53,203,104,4,0,0.0,1.0,1271
Michael Holt,Andrew Higginson,7,1358,1366,0.48906395814377107,0.4950001666600003,641,378,4757,2535,603,365,4281,2359,166,90,905,480,115,63,726,382,4,2,0.0,0.6666666666666666,1271
Scott Donaldson,Martin Gould,7,1242,1495,0.1948385031794988,0.3469438867133873,138,72,896,446,507,305,3438,1878,67,30,690,342,107,63,972,537,4,2,0.0,0.6666666666666666,1271
Mark Davis,David Gilbert,7,1481,1428,0.5720392978025534,0.5330766223661046,869,524,6382,3483,392,221,3017,1601,155,95,1172,659,167,95,773,423,4,2,0.0,0.6666666666666666,1271
Jamie Cope,Graeme Dott,7,1320,1422,0.3635067817280711,0.4365932137378064,495,269,3356,1721,707,414,5517,2955,102,52,547,267,121,67,995,565,4,3,0.0,0.5714285714285714,1271
Thor Chuan Leong,Rod Lawler,7,976,1326,0.11865972081008884,0.29421497216298875,21,5,128,42,711,396,5534,2895,100,39,128,42,89,45,710,369,4,1,0.0,0.8,1271
Ali Carter,Li Hang,7,1463,1317,0.691115079332653,0.5902502519301834,726,434,5215,2862,157,78,1106,561,71,36,705,396,104,52,550,287,4,0,0.0,1.0,1271
Stuart Carrington,Matthew Stevens,7,1279,1307,0.46178117660461016,0.48250714233361025,219,117,1345,709,827,490,6473,3533,73,34,437,217,80,37,810,407,4,1,0.0,0.8,1271
Ian Burns,Martin O'Donnell,7,1270,1213,0.5774056625100122,0.5355648379838539,238,128,1464,764,219,102,1316,653,66,28,584,295,81,38,487,238,4,2,0.0,0.6666666666666666,1271
Mark Williams,Scott Donaldson,7,1429,1242,0.7382850049697135,0.6147918694922195,1120,730,8802,5025,138,72,896,446,180,105,1082,621,67,30,690,342,4,1,0.0,0.8,1271
Judd Trump,Jamie Cope,7,1555,1320,0.7881034579959058,0.6427913242407762,641,427,4350,2536,495,269,3356,1721,179,109,1486,881,102,52,547,267,4,3,0.0,0.5714285714285714,1271
Shaun Murphy,Robbie Williams,7,1548,1283,0.8160262378047215,0.6598217549720575,825,536,6053,3439,266,148,1644,847,134,82,1344,782,91,48,659,337,4,1,0.0,0.8,1271
Mark King,Kyren Wilson,7,1342,1482,0.31610864255174254,0.41338242108267,775,429,5768,3011,260,157,1690,930,115,63,764,399,203,124,673,373,4,1,0.0,0.8,1271
Michael Holt,Sean O'Sullivan,7,1358,1218,0.6838913574482577,0.5866175789173301,641,378,4757,2535,123,53,764,356,166,90,905,480,79,40,490,232,4,0,0.0,1.0,1271
Ali Carter,Jimmy Robertson,7,1463,1361,0.6364932182719292,0.5634067862621936,726,434,5215,2862,344,185,2297,1186,71,36,705,396,135,78,760,412,4,2,0.0,0.6666666666666666,1271
Stuart Carrington,Mark Davis,7,1279,1481,0.24548919020671256,0.37636637170177395,219,117,1345,709,869,524,6382,3483,73,34,437,217,155,95,1172,659,4,3,0.0,0.5714285714285714,1271
Ian Burns,Thor Chuan Leong,7,1270,976,0.8405938136052916,0.6759015277259407,238,128,1464,764,21,5,128,42,66,28,584,295,100,39,128,42,4,3,0.0,0.5714285714285714,1271
Shaun Murphy,Stuart Carrington,7,1548,1279,0.8195570476403491,0.6620627248063988,825,536,6053,3439,219,117,1345,709,134,82,1344,782,73,34,437,217,4,2,0.0,0.6666666666666666,1271
Mark King,Ian Burns,7,1342,1270,0.5973854695265872,0.5448788923735801,775,429,5768,3011,238,128,1464,764,115,63,764,399,66,28,584,295,4,0,0.0,1.0,1271
Michael Holt,Judd Trump,7,1358,1555,0.2508331787523786,0.37930480863564453,641,378,4757,2535,641,427,4350,2536,166,90,905,480,179,109,1486,881,4,1,0.0,0.8,1271
Ali Carter,Mark Williams,7,1463,1429,0.5463726874746992,0.5212372149662741,726,434,5215,2862,1120,730,8802,5025,71,36,705,396,180,105,1082,621,4,2,0.0,0.6666666666666666,1271
Shaun Murphy,Mark King,7,1548,1342,0.7587387600845145,0.6259778577666038,825,536,6053,3439,775,429,5768,3011,134,82,1344,782,115,63,764,399,4,3,0.0,0.5714285714285714,1271
Ali Carter,Michael Holt,7,1463,1358,0.6403298636636867,0.5652507475670999,726,434,5215,2862,641,378,4757,2535,71,36,705,396,166,90,905,480,4,2,0.0,0.6666666666666666,1271
Ali Carter,Shaun Murphy,7,1463,1548,0.38551292727713543,0.4470740118670941,726,434,5215,2862,825,536,6053,3439,71,36,705,396,134,82,1344,782,4,3,0.0,0.5714285714285714,1271
Heath Williams,Freddie Blunden,7,1000,972,0.5382188233953898,0.5174928576663897,0,0,0,0,2,0,9,1,0,0,0,0,9,1,9,1,4,3,0.0,0.5714285714285714,1110
Maris Volajs,Tatjana Vasiljeva,7,995,984,0.5150352723345792,0.5068745667645342,5,2,22,10,1,0,4,0,12,8,22,10,0,0,4,0,4,3,0.0,0.5714285714285714,1110
Sam Thistlewhite,Hans Blanckaert,7,1088,903,0.7360780864464773,0.6136070778047783,60,27,311,149,98,24,517,187,72,44,107,59,16,4,160,67,4,1,0.0,0.8,1110
Joe Steele,Jack Bradford,7,957,938,0.5259570402770714,0.5118727677562528,47,18,236,100,30,8,153,55,31,13,202,91,0,0,102,49,4,2,0.0,0.6666666666666666,1110
Tomasz Skalski,Maxim Maximov,7,1036,971,0.5880916350836762,0.5405358392737893,43,18,240,110,2,0,9,1,45,21,141,68,9,1,9,1,4,0,0.0,1.0,1110
Dessie Sheehan,Arsen Balishyan,7,728,983,0.19299940476105965,0.3458118862387571,164,33,1264,468,1,0,4,0,22,8,60,22,4,0,4,0,4,1,0.0,0.8,1110
Shachar Ruberg,Jeff Jacobs,7,1020,930,0.6210041469292463,0.5560138905446199,19,7,129,51,20,5,103,37,4,0,90,36,24,9,89,35,4,1,0.0,0.8,1110
Zack Richardson,Lieven Vanthournout,7,1074,984,0.6210041469292463,0.5560138905446199,35,17,193,104,2,0,12,4,14,6,193,104,6,2,6,2,4,0,0.0,1.0,1110
Tom Rees,Mateusz Baranowski,7,994,1049,0.42527567806654565,0.4656790563306954,10,5,50,23,14,8,71,38,46,23,50,23,62,37,66,37,4,2,0.0,0.6666666666666666,1110
Anna Prisjaznuka,Brian Cini,7,1000,1021,0.4713154170628733,0.4868780138177567,0,0,0,0,22,10,109,55,0,0,0,0,38,20,109,55,4,2,0.0,0.6666666666666666,1110
Andreas Ploner,Louis Heathcote,7,1036,988,0.5653114683109788,0.5299640517645717,33,14,175,79,9,3,53,21,27,14,151,66,11,4,35,13,4,1,0.0,0.8,1110
Robin Otto,Ejler Hame,7,994,823,0.7203516579445735,0.6052765337748445,6,2,33,15,14,0,67,7,33,15,33,15,0,0,4,0,4,1,0.0,0.8,1110
Joe O'Connor,Adam Edge,7,1078,998,0.6079354159352611,0.549833997312478,47,22,280,134,24,9,131,60,64,30,259,123,30,16,109,49,4,1,0.0,0.8,1110
Saqib Nasir,Kacper Filipiak,7,1071,1073,0.4972656477862734,0.49875000260416025,63,32,341,181,60,22,317,123,13,4,185,99,58,34,183,95,4,1,0.0,0.8,1110
Josh Mulholland,Arpat Pulat,7,989,1000,0.48496472766542054,0.4931254332354657,1,0,5,1,0,0,0,0,0,0,5,1,0,0,0,0,4,1,0.0,0.8,1110
Sascha Lippe,Walter Theuma,7,963,1000,0.44955793756481255,0.4768914745109111,41,11,234,92,0,0,0,0,25,14,43,24,0,0,0,0,4,0,0.0,1.0,1110
Aleksandr Kurgankov,Andrew Urbaniak,7,952,1000,0.4346885316890212,0.4700359482354282,5,1,21,4,0,0,0,0,4,0,21,4,0,0,0,0,4,3,0.0,0.5714285714285714,1110
Christopher Keogan,Tetyana Volovelska,7,1086,954,0.6741427448520734,0.5817593768418363,81,32,447,206,3,0,12,0,53,29,304,148,0,0,4,0,4,0,0.0,1.0,1110
Anthony Jeffers,Thomas Barton,7,1015,1006,0.5123026114255715,0.5056247627073255,4,2,23,12,6,2,34,16,0,0,23,12,23,13,34,16,4,1,0.0,0.8,1110
Kishan Hirani,Antonis Poullos,7,1106,1000,0.641605432096216,0.5658650028954817,101,47,536,255,0,0,0,0,48,28,240,129,0,0,0,0,4,1,0.0,0.8,1110
Jurian Heusdens,Ben Jones,7,1042,1053,0.48496472766542054,0.4931254332354657,32,16,164,84,56,28,293,145,44,23,141,70,49,27,220,108,4,3,0.0,0.5714285714285714,1110
Roman Dietzel,Brendan O'Donoghue,7,984,1160,0.2739765592815067,0.3917409692534856,4,1,20,7,69,37,437,230,0,0,20,7,35,23,35,23,4,3,0.0,0.5714285714285714,1110
Simon Dent,Anita Maflin,7,983,950,0.5450150538752272,0.5206133097144486,11,4,58,25,4,0,17,2,4,0,22,10,0,0,14,2,4,0,0.0,1.0,1110
Jeff Cundy,Chris Mason,7,1181,989,0.7437579445222342,0.617747874769249,499,265,3522,1830,1,0,4,0,0,0,245,142,4,0,4,0,4,0,0.0,1.0,1110
Jamie Clarke,John Parkin,7,1251,1016,0.7881034579959058,0.6427913242407762,98,52,554,297,17,8,85,40,88,50,412,236,9,4,43,23,4,2,0.0,0.6666666666666666,1110
Lewis John Calcutt,Dana Amir,7,991,969,0.5300478260158454,0.513746534902355,1,0,4,0,2,0,8,0,0,0,0,0,8,0,8,0,4,0,0.0,1.0,1110
Alex Borg,Daniel O’Regan,7,1165,946,0.7721850273226749,0.633555377636775,317,138,2303,1063,4,0,20,4,38,24,343,147,14,2,14,2,4,2,0.0,0.6666666666666666,1110
Richard Beckham,Conor McCormack,7,1091,958,0.67536846283006,0.5823675407280794,25,16,131,71,10,3,49,17,64,36,128,71,29,12,49,17,4,2,0.0,0.6666666666666666,1110
Damian Wilks,Sascha Breuer,7,949,984,0.4522702554497651,0.47813894602839846,27,9,142,56,5,1,28,12,33,17,86,38,5,1,11,3,4,3,0.0,0.5714285714285714,1110
Sam Thistlewhite,Alex Taubman,7,1088,1079,0.5123026114255715,0.5056247627073255,60,27,311,149,128,55,696,312,72,44,107,59,72,31,266,133,4,1,0.0,0.8,1110
Joe Steele,Shachar Ruberg,7,957,1020,0.41457369574132835,0.4607061941016405,47,18,236,100,19,7,129,51,31,13,202,91,4,0,90,36,4,3,0.0,0.5714285714285714,1110
Tomasz Skalski,Tony Corrigan,7,1036,1006,0.5409388610739393,0.5187412158785352,43,18,240,110,2,1,9,5,45,21,141,68,9,5,9,5,4,2,0.0,0.6666666666666666,1110
Joe Roberts,Heath Williams,7,1045,1000,0.5612649493584694,0.528095374408387,25,13,133,70,0,0,0,0,28,14,133,70,0,0,0,0,4,1,0.0,0.8,1110
Zack Richardson,Jake Nicholson,7,1074,965,0.6454220086166967,0.5677065480733601,35,17,193,104,63,18,334,130,14,6,193,104,54,22,158,77,4,0,0.0,1.0,1110
Tom Rees,Corina Maracine,7,994,942,0.5706954446194282,0.5324543063873187,10,5,50,23,4,0,16,0,46,23,50,23,8,0,16,0,4,0,0.0,1.0,1110
Anna Prisjaznuka,Arturs Klindzans,7,1000,1000,0.5,0.5,0,0,0,0,0,0,0,0,0,0,0,0,0,0,0,0,4,1,0.0,0.8,1110
Andreas Ploner,Shaun Sultana,7,1036,1000,0.549086208422272,0.5224848247918001,33,14,175,79,0,0,0,0,27,14,151,66,0,0,0,0,4,0,0.0,1.0,1110
Andres Petrov,Aleksandr Kurgankov,7,1018,952,0.589422689021118,0.541156668150228,3,2,14,8,5,1,21,4,0,0,14,8,4,0,21,4,4,2,0.0,0.6666666666666666,1110
Robin Otto,Dessie Sheehan,7,994,728,0.8169132017945215,0.660382673079216,6,2,33,15,164,33,1264,468,33,15,33,15,22,8,60,22,4,3,0.0,0.5714285714285714,1110
Phil O'Kane,Keishin Kamihashi,7,1011,1000,0.5150352723345792,0.5068745667645342,64,27,329,149,0,0,0,0,54,31,158,81,0,0,0,0,4,0,0.0,1.0,1110
Joe O'Connor,Michael Collumb,7,1078,1045,0.5450150538752272,0.5206133097144486,47,22,280,134,38,16,203,98,64,30,259,123,47,28,145,71,4,0,0.0,1.0,1110
Josh Mulholland,Vilius Schulte-Ebbert,7,989,987,0.5027343522137269,0.5012499973958399,1,0,5,1,1,0,5,1,0,0,5,1,0,0,5,1,4,1,0.0,0.8,1110
Julian Mills,Nico Elton,7,994,1123,0.32954639777958084,0.4200665998114943,98,45,695,336,47,23,257,129,25,15,25,15,76,46,222,117,4,1,0.0,0.8,1110
Hammad Miah,Ryan Causton,7,1148,1120,0.5382188233953898,0.5174928576663897,62,24,389,167,99,52,533,267,87,49,371,161,45,26,282,151,4,0,0.0,1.0,1110
Callum Lloyd,Matthew Glasby,7,948,943,0.5068355814796678,0.5031249593105316,18,4,94,36,20,7,112,46,21,9,43,18,14,2,112,46,4,1,0.0,0.8,1110
Lukas Kleckers,Sascha Lippe,7,1006,963,0.5585634499391967,0.5268491486891144,17,7,90,41,41,11,234,92,31,13,86,41,25,14,43,24,4,1,0.0,0.8,1110
Christopher Keogan,Gunars Puce,7,1086,1000,0.6157933128709394,0.5535439031511183,81,32,447,206,0,0,0,0,53,29,304,148,0,0,0,0,4,0,0.0,1.0,1110
Rodion Judin,Maris Volajs,7,971,995,0.4672268289773793,0.4850044983805899,2,0,9,1,5,2,22,10,5,1,9,1,12,8,22,10,4,3,0.0,0.5714285714285714,1110
Ashley Hugill,Saqib Nasir,7,1067,1071,0.4945314322857424,0.49750002083312506,32,15,169,81,63,32,341,181,96,52,169,81,13,4,185,99,4,0,0.0,1.0,1110
Kishan Hirani,Patrick Whelan,7,1106,994,0.6492231123314619,0.569546223939229,101,47,536,255,3,1,14,6,48,28,240,129,14,6,14,6,4,1,0.0,0.8,1110
Jurian Heusdens,Shannon Dixon,7,1042,1000,0.557211603425229,0.5262259093720687,32,16,164,84,0,0,0,0,44,23,141,70,0,0,0,0,4,1,0.0,0.8,1110
Sam Harvey,Simon Dent,7,1028,983,0.5612649493584694,0.528095374408387,94,40,486,231,11,4,58,25,0,0,106,47,4,0,22,10,4,3,0.0,0.5714285714285714,1110
Roman Dietzel,George Parkin,7,984,1000,0.4781366606027012,0.4900013331200346,4,1,20,7,0,0,0,0,0,0,20,7,0,0,0,0,4,0,0.0,1.0,1110
Jamie Clarke,Anthony Jeffers,7,1251,1015,0.7890748963496146,0.6433651456944017,98,52,554,297,4,2,23,12,88,50,412,236,0,0,23,12,4,0,0.0,1.0,1110
Alex Borg,Ashley Carty,7,1165,1219,0.4266177377216683,0.4663011645670992,317,138,2303,1063,78,42,444,232,38,24,343,147,59,40,381,205,4,1,0.0,0.8,1110
Richard Beckham,Mario Brincat,7,1091,1000,0.622303251187688,0.5566309599222533,25,16,131,71,0,0,0,0,64,36,128,71,0,0,0,0,4,1,0.0,0.8,1110
Ben Woollaston,Vinnie Calabrese,7,1338,1070,0.8186786074572162,0.6615031592029524,413,237,2722,1459,97,39,617,272,153,81,794,428,37,11,351,132,4,0,0.0,1.0,1110
Kyren Wilson,Ross Muir,7,1490,1162,0.8663684234920509,0.6942363401080305,264,160,1711,943,79,30,506,225,224,137,694,386,91,40,458,203,4,1,0.0,0.8,1110
Gary Wilson,Sam Thistlewhite,7,1275,1088,0.7382850049697135,0.6147918694922195,291,171,1851,1014,60,27,311,149,91,45,646,346,72,44,107,59,4,1,0.0,0.8,1110
Mark Williams,Barry Pinches,7,1444,1185,0.810644856301382,0.6564468724566059,1125,734,8829,5043,689,359,5423,2817,207,123,1109,639,64,24,519,238,4,1,0.0,0.8,1110
Robbie Williams,Ian Glover,7,1308,1104,0.756630061657872,0.6248064744684293,270,151,1666,860,158,68,952,452,113,61,681,350,63,21,259,115,4,2,0.0,0.6666666666666666,1110
Michael White,Tom Rees,7,1358,994,0.8901903833125965,0.7130001627522816,301,169,2137,1142,10,5,50,23,182,97,856,465,46,23,50,23,4,2,0.0,0.6666666666666666,1110
Jason Weston,Sam Baird,7,1110,1334,0.22276496570381588,0.36354745971843366,274,151,2147,1132,238,127,1620,841,44,11,60,19,88,48,715,376,4,2,0.0,0.6666666666666666,1110
Liang Wenbo,Damian Wilks,7,1435,949,0.9473539436684719,0.7711824455558168,438,264,3020,1665,27,9,142,56,272,157,1020,583,33,17,86,38,4,0,0.0,1.0,1110
Lee Walker,Mitchell Mann,7,1280,1151,0.6704536022204194,0.5799334001885058,382,218,2992,1565,162,78,955,472,115,61,221,112,62,24,256,115,4,2,0.0,0.6666666666666666,1110
Joel Walker,Paul Davison,7,1233,1201,0.5436568604546561,0.5199893401555818,134,62,850,408,587,313,4160,2134,45,14,507,241,69,26,565,271,4,2,0.0,0.6666666666666666,1110
Ricky Walden,Zak Surety,7,1476,1133,0.8767191428425912,0.702138068199835,633,391,4566,2547,82,38,464,221,117,72,1211,688,66,28,303,145,4,3,0.0,0.5714285714285714,1110
Chris Wakelin,Mark Joyce,7,1232,1302,0.40526420278841835,0.4563613127629212,78,39,517,258,357,190,2562,1300,89,41,510,255,98,54,679,346,4,3,0.0,0.5714285714285714,1110
Judd Trump,Sydney Wilson,7,1542,1105,0.9283792405009167,0.7488521955201534,646,431,4379,2553,131,49,757,343,208,126,1515,898,67,22,389,183,4,2,0.0,0.6666666666666666,1110
Matthew Stevens,Steven Hallworth,7,1314,1005,0.8523649112589072,0.6840614456522569,830,492,6488,3542,43,14,253,102,95,46,825,416,47,10,220,89,4,1,0.0,0.8,1110
Craig Steadman,Phil O'Kane,7,1279,1011,0.8186786074572162,0.6615031592029524,344,194,2263,1207,64,27,329,149,76,33,631,314,54,31,158,81,4,0,0.0,1.0,1110
Tomasz Skalski,Liam Highfield,7,1036,1314,0.1726649612821163,0.3329217229043748,43,18,240,110,255,139,1703,899,45,21,141,68,71,34,626,332,4,2,0.0,0.6666666666666666,1110
Eden Sharav,Jimmy Robertson,7,1188,1387,0.24868775230024892,0.3781283576925339,68,39,387,200,348,188,2320,1200,64,25,272,140,158,92,783,426,4,2,0.0,0.6666666666666666,1110
Matthew Selt,Joe O'Connor,7,1409,1078,0.8684878923525275,0.6958260586292875,398,216,2786,1450,47,22,280,134,207,112,830,458,64,30,259,123,4,1,0.0,0.8,1110
Mark Selby,Sanderson Lam,7,1553,1105,0.9330657308141019,0.7539887164489482,844,573,6115,3538,79,35,453,208,247,157,1550,946,77,32,401,191,4,1,0.0,0.8,1110
Joe Roberts,John Higgins,7,1045,1502,0.06328969546633303,0.2418616537249081,25,13,133,70,1197,846,9697,5728,28,14,133,70,253,154,1237,731,4,2,0.0,0.6666666666666666,1110
Andres Petrov,Rod Lawler,7,1018,1320,0.1530491854474798,0.31973280330135156,3,2,14,8,714,398,5551,2904,0,0,14,8,106,54,727,378,4,2,0.0,0.6666666666666666,1110
Joe Perry,Alex Borg,7,1469,1165,0.8485117931807986,0.6813537337890256,850,497,6199,3333,317,138,2303,1063,206,119,1183,668,38,24,343,147,4,0,0.0,1.0,1110
Sean O'Sullivan,Kurt Maflin,7,1251,1308,0.4225943374899878,0.4644351620161461,127,56,782,368,414,243,2740,1485,97,52,508,244,102,52,772,415,4,1,0.0,0.8,1110
Fergal O'Brien,Callum Lloyd,7,1361,948,0.9172267781931953,0.7374002858276639,737,423,5724,3027,18,4,94,36,118,62,676,361,21,9,43,18,4,1,0.0,0.8,1110
Shaun Murphy,Andreas Ploner,7,1567,1036,0.9608669100259551,0.7904268047931361,832,542,6092,3466,33,14,175,79,173,109,1383,809,27,14,151,66,4,2,0.0,0.6666666666666666,1110
David Morris,Robin Otto,7,1263,994,0.8195570476403491,0.6620627248063988,220,113,1650,832,6,2,33,15,62,26,510,264,33,15,33,15,4,0,0.0,1.0,1110
Robert Milkins,Fraser Patrick,7,1346,1148,0.7502408354966205,0.6212835951910678,684,419,5090,2786,147,63,962,443,168,96,1104,603,49,15,442,194,4,1,0.0,0.8,1110
Hammad Miah,Mark Davis,7,1148,1478,0.1322158420684832,0.3047033306524346,62,24,389,167,873,527,6408,3498,87,49,371,161,181,110,1198,674,4,3,0.0,0.5714285714285714,1110
Aditya Mehta,Duane Jones,7,1282,1225,0.5774056625100122,0.5355648379838539,224,113,1548,775,95,55,541,308,90,43,621,326,34,12,261,149,4,3,0.0,0.5714285714285714,1110
Alan McManus,David Grace,7,1410,1293,0.6555229391190917,0.5726080638632601,823,493,6957,3690,240,113,1575,765,115,62,927,514,147,77,559,263,4,2,0.0,0.6666666666666666,1110
Rory McLeod,Roman Dietzel,7,1318,984,0.8705826043505938,0.6974111143958823,468,258,3573,1873,4,1,20,7,106,54,605,301,0,0,20,7,4,1,0.0,0.8,1110
Anthony McGill,Julian Mills,7,1345,994,0.8819896948101545,0.706303891936407,317,190,1994,1095,98,45,695,336,158,84,821,444,25,15,25,15,4,0,0.0,1.0,1110
Stephen Maguire,Zack Richardson,7,1418,1074,0.8773873941193158,0.7026606543447315,751,500,5567,3165,35,17,193,104,147,71,1332,766,14,6,193,104,4,1,0.0,0.8,1110
Jack Lisowski,Rhys Clark,7,1346,1098,0.8005143732994051,0.6502185485738271,296,178,1913,1045,57,25,326,152,113,58,718,380,50,15,254,116,4,1,0.0,0.8,1110
Oliver Lines,Daniel Wells,7,1255,1245,0.51366902727117,0.5062496744995104,109,61,635,339,262,129,1741,867,108,56,478,262,114,65,541,260,4,2,0.0,0.6666666666666666,1110
Peter Lines,Jurian Heusdens,7,1208,1042,0.7146198510727906,0.6022861768886306,671,365,4961,2581,32,16,164,84,69,29,583,273,44,23,141,70,4,1,0.0,0.8,1110
Lukas Kleckers,Anthony Hamilton,7,1006,1315,0.14763508874109277,0.3159385543477431,17,7,90,41,728,426,5711,3064,31,13,86,41,75,32,629,331,4,0,0.0,1.0,1110
Mark King,Rodion Judin,7,1414,971,0.9309676239951021,0.7516627404402959,781,434,5796,3034,2,0,9,1,143,86,792,422,5,1,9,1,4,0,0.0,1.0,1110
Michael Holt,Jimmy White,7,1407,1206,0.7534472409879828,0.6230466603666162,647,383,4787,2557,1355,768,11731,6192,196,112,935,502,46,18,608,281,4,2,0.0,0.6666666666666666,1110
Barry Hawkins,Richard Beckham,7,1419,1091,0.8663684234920509,0.6942363401080305,730,446,5259,2913,25,16,131,71,98,53,1225,685,64,36,128,71,4,1,0.0,0.8,1110
Gerard Greene,James Cahill,7,1260,1168,0.6236008848905433,0.5572478545985555,628,342,4743,2491,94,33,591,250,79,42,537,260,67,23,384,161,4,2,0.0,0.6666666666666666,1110
David Gilbert,Lewis John Calcutt,7,1435,991,0.9313914957717048,0.7521291114395702,395,223,3032,1611,1,0,4,0,182,105,788,433,0,0,0,0,4,0,0.0,1.0,1110
Michael Georgiou,Josh Mulholland,7,1169,989,0.7305169455924372,0.610639233949222,120,53,711,343,1,0,5,1,75,29,367,193,0,0,5,1,4,2,0.0,0.6666666666666666,1110
Tom Ford,Jamie Clarke,7,1363,1251,0.6492231123314619,0.569546223939229,471,268,3408,1817,98,52,554,297,145,84,670,340,88,50,412,236,4,3,0.0,0.5714285714285714,1110
Peter Ebdon,Nigel Bond,7,1410,1274,0.6790334655716898,0.5841905229354074,926,535,7494,4033,780,437,6253,3316,149,89,712,372,74,35,567,282,4,3,0.0,0.5714285714285714,1110
Mike Dunn,Anna Prisjaznuka,7,1393,1000,0.9069090732841394,0.7276039892428419,613,330,4528,2345,0,0,0,0,167,98,721,383,0,0,0,0,4,0,0.0,1.0,1110
Tony Drago,Robin Hull,7,1137,1311,0.2762380014579778,0.39293301192829644,704,347,5793,2865,438,266,3399,1874,26,3,433,192,43,19,342,162,4,3,0.0,0.5714285714285714,1110
Graeme Dott,Christopher Keogan,7,1431,1086,0.8780529423159423,0.7031827112198086,709,415,5528,2962,81,32,447,206,132,74,1006,572,53,29,304,148,4,1,0.0,0.8,1110
Scott Donaldson,Michael Leslie,7,1274,1085,0.7404818133197837,0.6159753019181258,142,75,918,459,105,31,665,264,89,43,712,355,67,24,445,183,4,3,0.0,0.5714285714285714,1110
Ken Doherty,Sam Harvey,7,1288,1028,0.8115488427624657,0.6570104626734988,1032,636,8520,4703,94,40,486,231,114,53,667,334,0,0,106,47,4,2,0.0,0.6666666666666666,1110
Ryan Day,Allan Taylor,7,1468,1165,0.847732715071801,0.6808107108156386,720,437,5073,2796,217,107,1244,634,207,124,1216,668,49,16,323,124,4,0,0.0,1.0,1110
Dominic Dale,Chris Melling,7,1443,1159,0.8323923521776074,0.6704011598088686,764,445,5628,3018,153,87,1049,553,162,99,998,549,56,23,192,88,4,0,0.0,1.0,1110
Jeff Cundy,Michael Wasley,7,1181,1255,0.39996961044138163,0.4538814589542204,499,265,3522,1830,233,116,1484,731,0,0,245,142,60,20,656,320,4,1,0.0,0.8,1110
Jamie Cope,Ian Burns,7,1334,1269,0.5880916350836762,0.5405358392737893,499,272,3383,1736,243,132,1492,780,129,67,574,282,94,44,612,311,4,3,0.0,0.5714285714285714,1110
Thor Chuan Leong,Stuart Carrington,7,1040,1317,0.1735178036771713,0.3334771667448877,25,8,149,57,224,121,1375,727,121,54,149,57,103,52,467,235,4,1,0.0,0.8,1110
Ali Carter,Joe Steele,7,1517,957,0.9678929919260498,0.8021838885585817,733,441,5253,2890,47,18,236,100,109,64,743,424,31,13,202,91,4,0,0.0,1.0,1110
Alfie Burden,Joe Swail,7,1336,1291,0.5612649493584694,0.528095374408387,568,308,4182,2169,747,406,5938,3101,93,51,625,318,144,70,694,357,4,2,0.0,0.6666666666666666,1110
Luca Brecel,Kishan Hirani,7,1387,1106,0.829876495909729,0.668741821102192,186,97,1283,667,101,47,536,255,152,91,649,345,48,28,240,129,4,3,0.0,0.5714285714285714,1110
Stuart Bingham,Ashley Hugill,7,1428,1067,0.88833750958084,0.7114629823302013,844,529,6225,3536,32,15,169,81,175,99,1331,782,96,52,169,81,4,1,0.0,0.8,1110
Mark Allen,Gareth Allen,7,1533,1138,0.9079843072969106,0.7285938428279278,578,372,3923,2208,116,54,653,317,205,126,1080,652,61,22,326,156,4,0,0.0,1.0,1110
Ben Woollaston,Jamie Cope,7,1338,1334,0.5054685677142574,0.5024999791668749,413,237,2722,1459,499,272,3383,1736,153,81,794,428,129,67,574,282,4,1,0.0,0.8,1110
Mark Williams,Gerard Greene,7,1444,1260,0.7349708541108757,0.6130141761393355,1125,734,8829,5043,628,342,4743,2491,207,123,1109,639,79,42,537,260,4,2,0.0,0.6666666666666666,1110
Michael White,Lee Walker,7,1358,1280,0.6053054839891849,0.5485961085831343,301,169,2137,1142,382,218,2992,1565,182,97,856,465,115,61,221,112,4,2,0.0,0.6666666666666666,1110
Liang Wenbo,David Morris,7,1435,1263,0.721490850613204,0.6058736684317606,438,264,3020,1665,220,113,1650,832,272,157,1020,583,62,26,510,264,4,1,0.0,0.8,1110
Ricky Walden,Darryl Hill,7,1476,1041,0.9274990826281075,0.7479106630456372,633,391,4566,2547,34,13,205,90,117,72,1211,688,58,21,178,77,4,1,0.0,0.8,1110
Judd Trump,Chris Wakelin,7,1542,1232,0.853127093984388,0.6846015003234307,646,431,4379,2553,78,39,517,258,208,126,1515,898,89,41,510,255,4,1,0.0,0.8,1110
Matthew Selt,Alfie Burden,7,1409,1336,0.5987085312450529,0.5454987872127821,398,216,2786,1450,568,308,4182,2169,207,112,830,458,93,51,625,318,4,1,0.0,0.8,1110
Mark Selby,Joel Walker,7,1553,1233,0.8605948171135659,0.6899744811276125,844,573,6115,3538,134,62,850,408,247,157,1550,946,45,14,507,241,4,1,0.0,0.8,1110
Sean O'Sullivan,Tony Drago,7,1251,1137,0.651748409886971,0.5707716118944918,127,56,782,368,704,347,5793,2865,97,52,508,244,26,3,433,192,4,3,0.0,0.5714285714285714,1110
Martin O'Donnell,Jeff Cundy,7,1219,1181,0.5517972899579606,0.523732154126561,222,104,1335,663,499,265,3522,1830,100,48,506,248,0,0,245,142,4,2,0.0,0.6666666666666666,1110
Shaun Murphy,Aditya Mehta,7,1567,1282,0.8332252833962372,0.6709533329057776,832,542,6092,3466,224,113,1548,775,173,109,1383,809,90,43,621,326,4,1,0.0,0.8,1110
Robert Milkins,Tomasz Skalski,7,1346,1036,0.853127093984388,0.6846015003234307,684,419,5090,2786,43,18,240,110,168,96,1104,603,45,21,141,68,4,2,0.0,0.6666666666666666,1110
Hammad Miah,Thor Chuan Leong,7,1148,1040,0.644151517953897,0.5670929049654543,62,24,389,167,25,8,149,57,87,49,371,161,121,54,149,57,4,3,0.0,0.5714285714285714,1110
Alan McManus,Eden Sharav,7,1410,1188,0.7752232149046754,0.6352948493228071,823,493,6957,3690,68,39,387,200,115,62,927,514,64,25,272,140,4,0,0.0,1.0,1110
Rory McLeod,Fergal O'Brien,7,1318,1361,0.44143655006080335,0.4731508513108857,468,258,3573,1873,737,423,5724,3027,106,54,605,301,118,62,676,361,4,0,0.0,1.0,1110
Anthony McGill,Craig Steadman,7,1345,1279,0.589422689021118,0.541156668150228,317,190,1994,1095,344,194,2263,1207,158,84,821,444,76,33,631,314,4,1,0.0,0.8,1110
Stephen Maguire,Lukas Kleckers,7,1418,1006,0.9167335033475016,0.7369158958334202,751,500,5567,3165,17,7,90,41,147,71,1332,766,31,13,86,41,4,0,0.0,1.0,1110
Oliver Lines,Joe Roberts,7,1255,1045,0.7629243149475251,0.6283161882953663,109,61,635,339,25,13,133,70,108,56,478,262,28,14,133,70,4,0,0.0,1.0,1110
Peter Lines,Andres Petrov,7,1208,1018,0.7415764082537253,0.6165665045213193,671,365,4961,2581,3,2,14,8,69,29,583,273,0,0,14,8,4,0,0.0,1.0,1110
Mark King,Jason Weston,7,1414,1110,0.8485117931807986,0.6813537337890256,781,434,5796,3034,274,151,2147,1132,143,86,792,422,44,11,60,19,4,2,0.0,0.6666666666666666,1110
Michael Holt,Kyren Wilson,7,1407,1490,0.3881295430910018,0.44831033065729986,647,383,4787,2557,264,160,1711,943,196,112,935,502,224,137,694,386,4,3,0.0,0.5714285714285714,1110
Barry Hawkins,Robbie Williams,7,1419,1308,0.6479578189910667,0.5689332093695465,730,446,5259,2913,270,151,1666,860,98,53,1225,685,113,61,681,350,4,0,0.0,1.0,1110
Tom Ford,Joe Perry,7,1363,1469,0.358394567903784,0.4341349971045183,471,268,3408,1817,850,497,6199,3333,145,84,670,340,206,119,1183,668,4,3,0.0,0.5714285714285714,1110
Peter Ebdon,Jack Lisowski,7,1410,1346,0.5867595016023184,0.5399148845555657,926,535,7494,4033,296,178,1913,1045,149,89,712,372,113,58,718,380,4,1,0.0,0.8,1110
Mike Dunn,Matthew Stevens,7,1393,1314,0.6066210971235376,0.5492151291013335,613,330,4528,2345,830,492,6488,3542,167,98,721,383,95,46,825,416,4,3,0.0,0.5714285714285714,1110
Graeme Dott,Andrew Higginson,7,1431,1378,0.5720392978025534,0.5330766223661046,709,415,5528,2962,606,367,4298,2369,132,74,1006,572,132,73,743,392,4,1,0.0,0.8,1110
Ken Doherty,Gary Wilson,7,1288,1275,0.5177671819164105,0.5081242849062608,1032,636,8520,4703,291,171,1851,1014,114,53,667,334,91,45,646,346,4,0,0.0,1.0,1110
Ryan Day,Michael Georgiou,7,1468,1169,0.8445881619019862,0.6786337178522214,720,437,5073,2796,120,53,711,343,207,124,1216,668,75,29,367,193,4,0,0.0,1.0,1110
Ali Carter,Dominic Dale,7,1517,1443,0.6000303895586184,0.5461185410457796,733,441,5253,2890,764,445,5628,3018,109,64,743,424,162,99,998,549,4,1,0.0,0.8,1110
Luca Brecel,Jamie Jones,7,1387,1347,0.5545057991359676,0.52497918747894,186,97,1283,667,380,228,2513,1370,152,91,649,345,113,62,723,385,4,1,0.0,0.8,1110
Stuart Bingham,David Gilbert,7,1428,1435,0.4904306643721704,0.4956251116502266,844,529,6225,3536,395,223,3032,1611,175,99,1331,782,182,105,788,433,4,3,0.0,0.5714285714285714,1110
Mark Allen,Scott Donaldson,7,1533,1274,0.810644856301382,0.6564468724566059,578,372,3923,2208,142,75,918,459,205,126,1080,652,89,43,712,355,4,0,0.0,1.0,1110
Ben Woollaston,Ricky Walden,7,1338,1476,0.3185334396534134,0.4145954308705349,413,237,2722,1459,633,391,4566,2547,153,81,794,428,117,72,1211,688,4,1,0.0,0.8,1110
Mark Williams,Martin O'Donnell,7,1444,1219,0.7782368395177592,0.6370307944803831,1125,734,8829,5043,222,104,1335,663,207,123,1109,639,100,48,506,248,4,0,0.0,1.0,1110
Michael White,Mark King,7,1358,1414,0.42393453930920916,0.4650570548417855,301,169,2137,1142,781,434,5796,3034,182,97,856,465,143,86,792,422,4,0,0.0,1.0,1110
Liang Wenbo,Stuart Bingham,7,1435,1428,0.5095693356278297,0.5043748883497735,438,264,3020,1665,844,529,6225,3536,272,157,1020,583,175,99,1331,782,4,1,0.0,0.8,1110
Judd Trump,Sean O'Sullivan,7,1542,1251,0.8381631906470501,0.6742564252229473,646,431,4379,2553,127,56,782,368,208,126,1515,898,97,52,508,244,4,2,0.0,0.6666666666666666,1110
Matthew Selt,Robert Milkins,7,1409,1346,0.5854263042586716,0.5392938058983595,398,216,2786,1450,684,419,5090,2786,207,112,830,458,168,96,1104,603,4,3,0.0,0.5714285714285714,1110
Shaun Murphy,Peter Ebdon,7,1567,1410,0.7041548710511403,0.596884378259767,832,542,6092,3466,926,535,7494,4033,173,109,1383,809,149,89,712,372,4,2,0.0,0.6666666666666666,1110
Alan McManus,Stephen Maguire,7,1410,1418,0.48906395814377107,0.4950001666600003,823,493,6957,3690,751,500,5567,3165,115,62,927,514,147,71,1332,766,4,2,0.0,0.6666666666666666,1110
Rory McLeod,Hammad Miah,7,1318,1148,0.7192100641468833,0.6046790847140093,468,258,3573,1873,62,24,389,167,106,54,605,301,87,49,371,161,4,2,0.0,0.6666666666666666,1110
Oliver Lines,Ali Carter,7,1255,1517,0.18665168829972018,0.3418636849519819,109,61,635,339,733,441,5253,2890,108,56,478,262,109,64,743,424,4,2,0.0,0.6666666666666666,1110
Barry Hawkins,Anthony McGill,7,1419,1345,0.6000303895586184,0.5461185410457796,730,446,5259,2913,317,190,1994,1095,98,53,1225,685,158,84,821,444,4,1,0.0,0.8,1110
Tom Ford,Michael Holt,7,1363,1407,0.44008542926958705,0.47252769565540637,471,268,3408,1817,647,383,4787,2557,145,84,670,340,196,112,935,502,4,3,0.0,0.5714285714285714,1110
Graeme Dott,Mike Dunn,7,1431,1393,0.5517972899579606,0.523732154126561,709,415,5528,2962,613,330,4528,2345,132,74,1006,572,167,98,721,383,4,1,0.0,0.8,1110
Ken Doherty,Mark Selby,7,1288,1553,0.1839737621952785,0.3401782450279425,1032,636,8520,4703,844,573,6115,3538,114,53,667,334,247,157,1550,946,4,1,0.0,0.8,1110
Ryan Day,Luca Brecel,7,1468,1387,0.6092484254460553,0.5504527113395278,720,437,5073,2796,186,97,1283,667,207,124,1216,668,152,91,649,345,4,3,0.0,0.5714285714285714,1110
Mark Allen,Peter Lines,7,1533,1208,0.8642241097139457,0.6926419831347361,578,372,3923,2208,671,365,4961,2581,205,126,1080,652,69,29,583,273,4,2,0.0,0.6666666666666666,1110
Ben Woollaston,Mark Williams,7,1338,1444,0.358394567903784,0.4341349971045183,413,237,2722,1459,1125,734,8829,5043,153,81,794,428,207,123,1109,639,4,2,0.0,0.6666666666666666,1110
Liang Wenbo,Oliver Lines,7,1435,1255,0.7305169455924372,0.610639233949222,438,264,3020,1665,109,61,635,339,272,157,1020,583,108,56,478,262,4,0,0.0,1.0,1110
Matthew Selt,Shaun Murphy,7,1409,1567,0.2946731337220897,0.40251423417298393,398,216,2786,1450,832,542,6092,3466,207,112,830,458,173,109,1383,809,4,1,0.0,0.8,1110
Alan McManus,Judd Trump,7,1410,1542,0.32585725514792674,0.4182406231581638,823,493,6957,3690,646,431,4379,2553,115,62,927,514,208,126,1515,898,4,1,0.0,0.8,1110
Barry Hawkins,Michael White,7,1419,1358,0.5827567809217526,0.5380512843858591,730,446,5259,2913,301,169,2137,1142,98,53,1225,685,182,97,856,465,4,1,0.0,0.8,1110
Tom Ford,Rory McLeod,7,1363,1318,0.5612649493584694,0.528095374408387,471,268,3408,1817,468,258,3573,1873,145,84,670,340,106,54,605,301,4,2,0.0,0.6666666666666666,1110
Graeme Dott,Mark Allen,7,1431,1533,0.3635067817280711,0.4365932137378064,709,415,5528,2962,578,372,3923,2208,132,74,1006,572,205,126,1080,652,4,1,0.0,0.8,1110
Ryan Day,Ken Doherty,7,1468,1288,0.7305169455924372,0.610639233949222,720,437,5073,2796,1032,636,8520,4703,207,124,1216,668,114,53,667,334,4,1,0.0,0.8,1110
Ben Woollaston,Liang Wenbo,7,1338,1435,0.3699335043548132,0.4396703573114467,413,237,2722,1459,438,264,3020,1665,153,81,794,428,272,157,1020,583,4,2,0.0,0.6666666666666666,1110
Barry Hawkins,Alan McManus,7,1419,1410,0.5123026114255715,0.5056247627073255,730,446,5259,2913,823,493,6957,3690,98,53,1225,685,115,62,927,514,4,2,0.0,0.6666666666666666,1110
Tom Ford,Matthew Selt,7,1363,1409,0.43738543058720863,0.4712816430485603,471,268,3408,1817,398,216,2786,1450,145,84,670,340,207,112,830,458,4,3,0.0,0.5714285714285714,1110
Graeme Dott,Ryan Day,7,1431,1468,0.44955793756481255,0.4768914745109111,709,415,5528,2962,720,437,5073,2796,132,74,1006,572,207,124,1216,668,4,0,0.0,1.0,1110
Barry Hawkins,Graeme Dott,7,1419,1431,0.4835986704357121,0.4925005624493796,730,446,5259,2913,709,415,5528,2962,98,53,1225,685,132,74,1006,572,4,1,0.0,0.8,1110
Tom Ford,Ben Woollaston,7,1363,1338,0.534135239137421,0.5156199157230156,471,268,3408,1817,413,237,2722,1459,145,84,670,340,153,81,794,428,4,1,0.0,0.8,1110
Barry Hawkins,Tom Ford,7,1419,1363,0.5760654606907909,0.5349429451582145,730,446,5259,2913,471,268,3408,1817,98,53,1225,685,145,84,670,340,4,1,0.0,0.8,1110
Zhao Xintong,Kuldesh Johal,9,1295,1204,0.6370088546286576,0.5566309599222533,55,30,363,196,184,103,1236,659,50,28,294,157,18,7,18,7,5,1,0.0,0.8333333333333334,1100
Sydney Wilson,Oliver Brown,9,1109,1207,0.3529487475112714,0.43905454967528373,132,49,763,345,134,59,724,344,73,24,395,185,61,34,385,213,5,2,0.0,0.7142857142857143,1100
Daniel Wells,Jamie Barrett,9,1237,1062,0.7492413698670223,0.6076631698328917,263,129,1747,869,30,13,169,84,120,67,547,262,0,0,36,20,5,3,0.0,0.625,1100
Chris Wakelin,Alex Taubman,9,1233,1067,0.7381925501749662,0.6022861768886306,80,40,529,263,129,55,701,313,101,46,522,260,77,32,271,134,5,1,0.0,0.8333333333333334,1100
Hossein Vafaei,Charlie Walters,9,1187,989,0.7762613643327039,0.6212835951910678,30,16,223,113,65,23,362,159,45,21,150,76,38,17,147,68,5,3,0.0,0.625,1100
Allan Taylor,Simon Dent,9,1155,995,0.7306833019461992,0.598687660112452,218,107,1248,634,13,5,69,32,53,16,327,124,15,7,33,17,5,2,0.0,0.7142857142857143,1100
Eden Sharav,Andrew Milliard,9,1190,857,0.8973272712258138,0.6968832820410791,70,40,397,204,156,44,924,351,74,29,282,144,0,0,21,8,5,3,0.0,0.625,1100
Fraser Patrick,Michael Williams,9,1141,1076,0.5988871099602557,0.5405358392737893,148,63,967,444,27,14,131,72,54,16,447,195,51,29,131,72,5,0,0.0,1.0,1100
Sean O'Sullivan,Brandon Sargeant,9,1264,1048,0.7961422841847587,0.6318124177361016,130,58,800,378,30,14,162,80,115,62,526,254,51,30,142,76,5,2,0.0,0.7142857142857143,1100
Martin O'Donnell,Leo Fernandez,9,1215,1257,0.4356958412515649,0.4737740906279313,224,105,1345,667,395,240,3020,1635,110,52,516,252,75,38,138,78,5,3,0.0,0.625,1100
Lu Ning,Joe O'Connor,9,1119,1098,0.5322627512389814,0.5131219861822433,50,17,344,149,50,24,294,143,63,24,232,95,78,39,273,132,5,4,0.0,0.5555555555555556,1100
Saqib Nasir,Jimmy White,9,1067,1204,0.29911684565394725,0.415202325282263,65,33,350,185,1356,768,11737,6194,22,8,194,103,52,20,614,283,5,4,0.0,0.5555555555555556,1100
Ross Muir,Callum Downing,9,1158,1035,0.682004145502627,0.5762749224932653,80,30,511,226,29,13,159,74,96,41,463,204,0,0,29,15,5,4,0.0,0.5555555555555556,1100
Hammad Miah,Jason Weston,9,1174,1126,0.5733876953909138,0.5299640517645717,66,27,413,181,276,152,2159,1138,111,63,395,175,56,17,72,25,5,2,0.0,0.7142857142857143,1100
Sanderson Lam,Matthew Day,9,1103,1111,0.48769736295316923,0.4950001666600003,80,35,458,209,116,55,624,306,82,33,406,192,0,0,275,146,5,3,0.0,0.625,1100
Duane Jones,Sam Thistlewhite,9,1223,1099,0.6833700957830113,0.5768852611320463,96,55,548,311,63,29,326,158,41,15,268,152,87,53,122,68,5,1,0.0,0.8333333333333334,1100
David John,Alfie Burden,9,1079,1333,0.16566487390776352,0.34637766910049594,57,29,397,200,570,309,4193,2174,0,0,0,0,104,56,636,323,5,1,0.0,0.8333333333333334,1100
Nick Jennings,Lyu Chenwei,9,1079,1043,0.5551848201387266,0.5224848247918001,96,46,525,259,36,12,216,87,16,6,60,26,54,18,188,79,5,1,0.0,0.8333333333333334,1100
Ashley Hugill,Zhang Yong,9,1079,1041,0.5582282705684568,0.523732154126561,34,16,178,86,27,10,157,65,105,57,178,86,64,27,124,50,5,1,0.0,0.8333333333333334,1100
Steven Hallworth,Jake Nicholson,9,1000,951,0.5748977901659925,0.530586760182081,44,14,258,103,64,18,338,130,52,11,225,90,58,22,162,77,5,0,0.0,1.0,1100
David Grace,Christopher Keogan,9,1288,1109,0.7540674834504022,0.610044672404527,241,113,1581,767,84,34,460,215,153,79,565,265,66,38,317,157,5,4,0.0,0.5555555555555556,1100
Ian Glover,Ross Higgins,9,1102,946,0.7256147727911193,0.5962826992967879,159,68,958,454,39,11,199,75,69,23,265,117,33,16,162,70,5,0,0.0,1.0,1100
Adam Duffy,Ashley Carty,9,1193,1206,0.48001367903024084,0.4918757150937391,242,123,1509,770,79,42,449,233,103,55,504,242,64,41,386,206,5,4,0.0,0.5555555555555556,1100
Paul Davison,Sam Harvey,9,1194,1030,0.7357020581715297,0.6010878788483698,588,313,4166,2136,96,41,499,237,75,28,571,273,13,6,119,53,5,1,0.0,0.8333333333333334,1100
Dylan Craig,Darryl Hill,9,1117,1039,0.6180984609900165,0.5485961085831343,35,20,187,103,35,13,210,91,29,18,153,84,63,22,183,78,5,3,0.0,0.625,1100
Jamie Cope,Scott MacFarlane,9,1324,1099,0.8056549199917152,0.6370307944803831,501,273,3395,1741,135,88,971,555,141,72,586,287,0,0,0,0,5,2,0.0,0.7142857142857143,1100
Rhys Clark,Grant Miles,9,1092,1000,0.6384497606491344,0.5572478545985555,58,25,331,153,0,0,0,0,55,16,259,117,0,0,0,0,5,1,0.0,0.8333333333333334,1100
Vinnie Calabrese,Billy Joe Castle,9,1059,1041,0.5276622061032297,0.5112481019468548,98,39,621,272,9,5,43,24,41,11,355,132,0,0,0,0,5,2,0.0,0.7142857142857143,1100
James Cahill,Jeff Cundy,9,1163,1199,0.44481517986127356,0.4775151752081999,95,33,597,252,502,267,3537,1840,73,25,390,163,15,10,260,152,5,2,0.0,0.7142857142857143,1100
Nigel Bond,Sam Craigie,9,1275,1290,0.476942221670483,0.4906260984783392,781,437,6260,3319,88,47,521,276,81,38,574,285,77,50,81,50,5,4,0.0,0.5555555555555556,1100
Gareth Allen,Adam Edge,9,1129,988,0.7061774724656459,0.587223690839335,117,54,657,317,25,9,136,61,65,22,330,156,35,17,114,50,5,3,0.0,0.625,1100
Zhou Yuelong,Martin O'Donnell,9,1295,1215,0.6210284680300693,0.549833997312478,67,34,431,224,224,105,1345,667,137,76,353,191,110,52,516,252,5,3,0.0,0.625,1100
Zhao Xintong,Barry Pinches,9,1295,1179,0.6723703942210427,0.5719961329315186,55,30,363,196,690,359,5428,2818,50,28,294,157,69,25,524,239,5,2,0.0,0.7142857142857143,1100
Kyren Wilson,Ian Glover,9,1487,1102,0.9275515881200725,0.7236220674654401,266,161,1723,950,159,68,958,454,236,144,706,393,69,23,265,117,5,3,0.0,0.625,1100
Robbie Williams,Nick Jennings,9,1296,1079,0.7972134349638327,0.6323937895695628,272,152,1676,864,96,46,525,259,123,65,691,354,16,6,60,26,5,2,0.0,0.7142857142857143,1100
Michael Wasley,Vinnie Calabrese,9,1241,1059,0.7576524381780382,0.6118273690017371,234,116,1489,732,98,39,621,272,65,21,661,321,41,11,355,132,5,1,0.0,0.8333333333333334,1100
Lee Walker,Chen Zhe,9,1278,1173,0.6569871207564459,0.5652507475670999,384,219,3004,1571,151,76,928,464,127,67,233,118,7,3,383,174,5,2,0.0,0.7142857142857143,1100
Joel Walker,Jamie Cope,9,1235,1324,0.36587906232994205,0.44460335167941084,136,63,861,413,501,273,3395,1741,56,19,518,246,141,72,586,287,5,2,0.0,0.7142857142857143,1100
Chris Wakelin,Craig Steadman,9,1233,1280,0.42812353102015543,0.47065874995421436,80,40,529,263,346,195,2272,1212,101,46,522,260,85,38,640,319,5,0,0.0,1.0,1100
Hossein Vafaei,Zak Surety,9,1187,1140,0.5718764689798446,0.5293412500457856,30,16,223,113,83,38,471,224,45,21,150,76,73,31,310,148,5,3,0.0,0.625,1100
Allan Taylor,Stuart Carrington,9,1155,1298,0.2911925553363697,0.4115648798723618,218,107,1248,634,225,121,1380,728,53,16,327,124,108,53,472,236,5,4,0.0,0.5555555555555556,1100
Joe Swail,Dylan Craig,9,1284,1117,0.7394330371891276,0.6028848673274662,748,406,5944,3103,35,20,187,103,150,72,700,359,29,18,153,84,5,0,0.0,1.0,1100
Fraser Patrick,Tom Ford,9,1141,1393,0.167545746084735,0.34751053780725555,148,63,967,444,478,274,3452,1842,54,16,447,195,189,109,714,365,5,1,0.0,0.8333333333333334,1100
David Morris,Lu Ning,9,1266,1119,0.7140324724419308,0.5908547524545943,222,114,1659,837,50,17,344,149,71,31,519,269,63,24,232,95,5,2,0.0,0.7142857142857143,1100
Aditya Mehta,Sean O'Sullivan,9,1279,1264,0.5230577783295167,0.5093739015216607,226,114,1560,780,130,58,800,378,102,48,633,331,115,62,526,254,5,4,0.0,0.5555555555555556,1100
Rory McLeod,Nigel Bond,9,1336,1275,0.5929224766392899,0.5380512843858591,472,261,3594,1887,781,437,6260,3319,127,68,626,315,81,38,574,285,5,2,0.0,0.7142857142857143,1100
Mitchell Mann,David Grace,9,1147,1288,0.29382252753435445,0.4127763091606651,163,78,961,474,241,113,1581,767,68,26,262,117,153,79,565,265,5,4,0.0,0.5555555555555556,1100
Jack Lisowski,Sydney Wilson,9,1341,1109,0.8128540809406867,0.6410674063348171,298,179,1923,1050,132,49,763,345,123,63,728,385,73,24,395,185,5,2,0.0,0.7142857142857143,1100
Peter Lines,David John,9,1230,1079,0.7192102444974917,0.5932699921071872,674,367,4976,2591,57,29,397,200,84,39,598,283,0,0,0,0,5,1,0.0,0.8333333333333334,1100
Oliver Lines,Steven Hallworth,9,1277,1000,0.8549331199994852,0.6665228332551123,113,64,655,351,44,14,258,103,128,68,498,274,52,11,225,90,5,3,0.0,0.625,1100
Michael Leslie,James Cahill,9,1087,1163,0.38483867400919086,0.45264238185691075,106,31,672,267,95,33,597,252,74,27,452,186,73,25,390,163,5,3,0.0,0.625,1100
Mark Joyce,Eden Sharav,9,1296,1190,0.6583974652784721,0.5658650028954817,358,190,2569,1303,70,40,397,204,105,57,686,349,74,29,282,144,5,1,0.0,0.8333333333333334,1100
Liam Highfield,Ashley Hugill,9,1299,1079,0.8004056355270881,0.6341355910108007,256,139,1709,901,34,16,178,86,77,36,632,334,105,57,178,86,5,0,0.0,1.0,1100
Andrew Higginson,Paul Davison,9,1367,1194,0.7468086860638347,0.6064704870683034,607,367,4303,2370,588,313,4166,2136,137,74,748,393,75,28,571,273,5,2,0.0,0.7142857142857143,1100
Li Hang,Rhys Clark,9,1330,1092,0.8188851011711408,0.6445115537062945,160,80,1119,569,58,25,331,153,117,60,563,295,55,16,259,117,5,1,0.0,0.8333333333333334,1100
Anthony Hamilton,Hammad Miah,9,1293,1174,0.6765144327536381,0.5738312575916094,729,426,5715,3064,66,27,413,181,79,32,633,331,111,63,395,175,5,1,0.0,0.8333333333333334,1100
Michael Georgiou,Ross Muir,9,1162,1158,0.5061520874125972,0.5024999791668749,122,54,721,347,80,30,511,226,85,33,377,197,96,41,463,204,5,0,0.0,1.0,1100
Adam Duffy,Scott Donaldson,9,1193,1261,0.3966551741416371,0.45760205922564895,242,123,1509,770,144,76,929,463,103,55,504,242,100,47,723,359,5,1,0.0,0.8333333333333334,1100
Ken Doherty,Sanderson Lam,9,1315,1103,0.7918223659012522,0.6294831119673949,1036,639,8540,4716,80,35,458,209,134,66,687,347,82,33,406,192,5,1,0.0,0.8333333333333334,1100
Ian Burns,Saqib Nasir,9,1267,1067,0.7785260616735107,0.6224593312018546,244,132,1499,783,65,33,350,185,101,47,619,314,22,8,194,103,5,1,0.0,0.8333333333333334,1100
Jamie Burnett,Gareth Allen,9,1349,1129,0.8004056355270881,0.6341355910108007,601,351,4749,2532,117,54,657,317,84,48,536,275,65,22,330,156,5,1,0.0,0.8333333333333334,1100
Sam Baird,Duane Jones,9,1319,1223,0.6441925857613411,0.5597136492671929,239,127,1626,843,96,55,548,311,94,50,721,378,41,15,268,152,5,1,0.0,0.8333333333333334,1100
Zhang Anda,Daniel Wells,9,1289,1237,0.5794210585254325,0.5324543063873187,214,104,1453,725,263,129,1747,869,119,61,616,316,120,67,547,262,5,2,0.0,0.7142857142857143,1100
Zhou Yuelong,Peter Lines,9,1295,1230,0.5988871099602557,0.5405358392737893,67,34,431,224,674,367,4976,2591,137,76,353,191,84,39,598,283,5,3,0.0,0.625,1100
Kyren Wilson,Ken Doherty,9,1487,1315,0.7455874700303385,0.6058736684317606,266,161,1723,950,1036,639,8540,4716,236,144,706,393,134,66,687,347,5,4,0.0,0.5555555555555556,1100
Joel Walker,Adam Duffy,9,1235,1193,0.5643041587484351,0.5262259093720687,136,63,861,413,242,123,1509,770,56,19,518,246,103,55,504,242,5,3,0.0,0.625,1100
Chris Wakelin,Liam Highfield,9,1233,1299,0.3996254479222332,0.45884333184977194,80,40,529,263,256,139,1709,901,101,46,522,260,77,36,632,334,5,2,0.0,0.7142857142857143,1100
Hossein Vafaei,Lee Walker,9,1187,1278,0.36299114537134225,0.44336904007774663,30,16,223,113,384,219,3004,1571,45,21,150,76,127,67,233,118,5,4,0.0,0.5555555555555556,1100
Allan Taylor,Li Hang,9,1155,1330,0.25075863013297794,0.39233683016710835,218,107,1248,634,160,80,1119,569,53,16,327,124,117,60,563,295,5,4,0.0,0.5555555555555556,1100
Joe Swail,Mitchell Mann,9,1284,1147,0.7008831543460528,0.584797674717737,748,406,5944,3103,163,78,961,474,150,72,700,359,68,26,262,117,5,3,0.0,0.625,1100
David Morris,Fraser Patrick,9,1266,1141,0.6847334230529902,0.5774953651858118,222,114,1659,837,148,63,967,444,71,31,519,269,54,16,447,195,5,3,0.0,0.625,1100
Jack Lisowski,Rory McLeod,9,1341,1336,0.5076899290397746,0.5031249593105316,298,179,1923,1050,472,261,3594,1887,123,63,728,385,127,68,626,315,5,4,0.0,0.5555555555555556,1100
Michael Leslie,Sam Baird,9,1087,1319,0.18714591905931333,0.35893259366518293,106,31,672,267,239,127,1626,843,74,27,452,186,94,50,721,378,5,0,0.0,1.0,1100
Mark Joyce,Robbie Williams,9,1296,1296,0.5,0.5,358,190,2569,1303,272,152,1676,864,105,57,686,349,123,65,691,354,5,1,0.0,0.8333333333333334,1100
Andrew Higginson,Anthony Hamilton,9,1367,1293,0.6122172280083397,0.5461185410457796,607,367,4303,2370,729,426,5715,3064,137,74,748,393,79,32,633,331,5,3,0.0,0.625,1100
Michael Georgiou,Aditya Mehta,9,1162,1279,0.3262457443848045,0.42739193613673987,122,54,721,347,226,114,1560,780,85,33,377,197,102,48,633,331,5,4,0.0,0.5555555555555556,1100
Ian Burns,Michael Wasley,9,1267,1241,0.5399199537054243,0.5162442810620724,244,132,1499,783,234,116,1489,732,101,47,619,314,65,21,661,321,5,2,0.0,0.7142857142857143,1100
Jamie Burnett,Oliver Lines,9,1349,1277,0.609266333359509,0.5448788923735801,601,351,4749,2532,113,64,655,351,84,48,536,275,128,68,498,274,5,2,0.0,0.7142857142857143,1100
Zhang Anda,Zhao Xintong,9,1289,1295,0.49077234947048,0.496250070310918,214,104,1453,725,55,30,363,196,119,61,616,316,50,28,294,157,5,3,0.0,0.625,1100
Ben Woollaston,Zhou Yuelong,9,1386,1295,0.6370088546286576,0.5566309599222533,419,242,2753,1480,67,34,431,224,184,102,825,449,137,76,353,191,5,2,0.0,0.7142857142857143,1100
Joel Walker,Gary Wilson,9,1235,1267,0.45091216472504103,0.48001065984441826,136,63,861,413,293,172,1860,1018,56,19,518,246,100,49,655,350,5,3,0.0,0.625,1100
Hossein Vafaei,Dominic Dale,9,1187,1444,0.16287054860800082,0.34468162982610484,30,16,223,113,766,446,5637,3023,45,21,150,76,171,104,1007,554,5,3,0.0,0.625,1100
Matthew Selt,Zhang Anda,9,1436,1289,0.7140324724419308,0.5908547524545943,403,220,2815,1469,214,104,1453,725,236,131,859,477,119,61,616,316,5,1,0.0,0.8333333333333334,1100
Fergal O'Brien,Joe Swail,9,1347,1284,0.5959077229449327,0.5392938058983595,739,424,5733,3031,748,406,5944,3103,127,66,685,365,150,72,700,359,5,2,0.0,0.7142857142857143,1100
Jack Lisowski,Jimmy Robertson,9,1341,1373,0.45091216472504103,0.48001065984441826,298,179,1923,1050,349,188,2326,1202,123,63,728,385,164,94,789,428,5,1,0.0,0.8333333333333334,1100
Mark King,Allan Taylor,9,1404,1155,0.8296059536556128,0.6507869207968349,784,436,5810,3042,218,107,1248,634,157,94,806,430,53,16,327,124,5,4,0.0,0.5555555555555556,1100
Mark Joyce,Luca Brecel,9,1296,1392,0.3558074142386589,0.44028635073280703,358,190,2569,1303,189,99,1302,678,105,57,686,349,171,102,668,356,5,4,0.0,0.5555555555555556,1100
Jamie Jones,Chris Wakelin,9,1336,1233,0.6541595421142608,0.5640216374262577,381,228,2518,1371,80,40,529,263,118,63,728,386,101,46,522,260,5,3,0.0,0.625,1100
Andrew Higginson,Mike Dunn,9,1367,1392,0.46161033877953106,0.4843800842769844,607,367,4303,2370,616,332,4544,2354,137,74,748,393,183,107,737,392,5,3,0.0,0.625,1100
Gerard Greene,David Morris,9,1262,1266,0.4938479125874028,0.49750002083312506,630,343,4755,2497,222,114,1659,837,91,48,549,266,71,31,519,269,5,0,0.0,1.0,1100
Martin Gould,Michael Leslie,9,1492,1087,0.9370791853228881,0.7335091181602805,510,307,3453,1888,106,31,672,267,122,73,987,547,74,27,452,186,5,1,0.0,0.8333333333333334,1100
Michael Georgiou,David Gilbert,9,1162,1439,0.14506688000051476,0.3334771667448877,122,54,721,347,397,224,3043,1618,85,33,377,197,193,112,799,440,5,4,0.0,0.5555555555555556,1100
Ali Carter,Kyren Wilson,9,1518,1487,0.5475616243336275,0.519365308229932,736,443,5268,2900,266,161,1723,950,124,74,758,434,236,144,706,393,5,1,0.0,0.8333333333333334,1100
Ian Burns,Rod Lawler,9,1267,1304,0.443293015086782,0.4768914745109111,244,132,1499,783,715,398,5557,2906,101,47,619,314,112,56,733,380,5,4,0.0,0.5555555555555556,1100
Jamie Burnett,Peter Ebdon,9,1349,1416,0.39813953546930514,0.4582226307163632,601,351,4749,2532,929,537,7512,4043,84,48,536,275,167,99,730,382,5,4,0.0,0.5555555555555556,1100
Matthew Selt,Ben Judge,9,1436,973,0.9590589918425874,0.76087815507093,403,220,2815,1469,41,8,251,82,236,131,859,477,33,11,86,31,5,0,0.0,1.0,1100
Adrian Ridley,Ben Woollaston,9,1027,1386,0.08652952851900032,0.2895645189571249,22,9,139,62,419,242,2753,1480,0,0,69,27,184,102,825,449,5,3,0.0,0.625,1100
Michael White,Hossein Vafaei,9,1369,1187,0.7576524381780382,0.6118273690017371,305,172,2158,1155,30,16,223,113,203,110,877,478,45,21,150,76,5,3,0.0,0.625,1100
Ricky Walden,Andrew Higginson,9,1456,1367,0.6341209376700583,0.5553966483205892,636,393,4583,2556,607,367,4303,2370,134,81,1228,697,137,74,748,393,5,3,0.0,0.625,1100
Judd Trump,Jack Lisowski,9,1528,1341,0.763560717707773,0.6147918694922195,650,434,4401,2566,298,179,1923,1050,230,139,1537,911,123,63,728,385,5,0,0.0,1.0,1100
Matthew Selt,Neil Robertson,9,1436,1580,0.28988191378712186,0.41095956594133487,403,220,2815,1469,719,467,5324,3021,236,131,859,477,161,107,1570,942,5,4,0.0,0.5555555555555556,1100
Mark Selby,Mark King,9,1542,1404,0.7022109959534144,0.585404569129465,847,575,6130,3547,784,436,5810,3042,262,166,1565,955,157,94,806,430,5,1,0.0,0.8333333333333334,1100
Joe Perry,Jamie Burnett,9,1471,1349,0.6806355880474421,0.5756643510425494,852,498,6210,3340,601,351,4749,2532,217,126,1194,675,84,48,536,275,5,3,0.0,0.625,1100
Fergal O'Brien,Stuart Bingham,9,1347,1424,0.3833692257939145,0.4520230623632036,739,424,5733,3031,847,531,6242,3545,127,66,685,365,192,108,1348,791,5,4,0.0,0.5555555555555556,1100
Robert Milkins,Adrian Ridley,9,1351,1027,0.8912326155418068,0.6921095043017882,687,421,5108,2797,22,9,139,62,186,107,1122,614,0,0,69,27,5,1,0.0,0.8333333333333334,1100
Stephen Maguire,Joel Walker,9,1423,1235,0.7647323039706795,0.6153837563911821,754,502,5582,3175,136,63,861,413,162,81,1347,776,56,19,518,246,5,0,0.0,1.0,1100
Mark Joyce,Mark Allen,9,1296,1538,0.1771660475755013,0.35320060744201437,358,190,2569,1303,582,375,3942,2221,105,57,686,349,224,139,1099,665,5,2,0.0,0.7142857142857143,1100
Jamie Jones,Mark Davis,9,1336,1464,0.31119248977717445,0.42067574785125056,381,228,2518,1371,874,527,6415,3501,118,63,728,386,188,113,1205,677,5,4,0.0,0.5555555555555556,1100
Michael Holt,Gerard Greene,9,1410,1262,0.7153313779464554,0.5914589784327801,650,385,4807,2568,630,343,4755,2497,216,123,955,513,91,48,549,266,5,0,0.0,1.0,1100
John Higgins,Michael Georgiou,9,1482,1162,0.888437763640334,0.6899744811276125,1198,846,9703,5730,122,54,721,347,259,156,1243,733,85,33,377,197,5,2,0.0,0.7142857142857143,1100
Martin Gould,Marco Fu,9,1492,1474,0.5276622061032297,0.5112481019468548,510,307,3453,1888,712,425,5332,2904,122,73,987,547,242,148,1323,763,5,4,0.0,0.5555555555555556,1100
Ali Carter,Shaun Murphy,9,1518,1555,0.443293015086782,0.4768914745109111,736,443,5268,2900,836,545,6114,3479,124,74,758,434,195,122,1405,822,5,4,0.0,0.5555555555555556,1100
Ian Burns,Xiao Guodong,9,1267,1380,0.3317960811303977,0.42984097461816473,244,132,1499,783,302,175,2056,1131,101,47,619,314,95,50,778,439,5,3,0.0,0.625,1100
Michael White,Ali Carter,9,1369,1518,0.2833726830660777,0.40793707183518074,305,172,2158,1155,736,443,5268,2900,203,110,877,478,124,74,758,434,5,4,0.0,0.5555555555555556,1100
Judd Trump,Ian Burns,9,1528,1267,0.8408048830150162,0.6575736106164225,650,434,4401,2566,244,132,1499,783,230,139,1537,911,101,47,619,314,5,2,0.0,0.7142857142857143,1100
Matthew Selt,Mark Joyce,9,1436,1296,0.7048581689623228,0.5866175789173301,403,220,2815,1469,358,190,2569,1303,236,131,859,477,105,57,686,349,5,4,0.0,0.5555555555555556,1100
Joe Perry,Robert Milkins,9,1471,1351,0.6778907155437834,0.574442516811659,852,498,6210,3340,687,421,5108,2797,217,126,1194,675,186,107,1122,614,5,3,0.0,0.625,1100
Stephen Maguire,Ricky Walden,9,1423,1456,0.44938671629072013,0.47938669028555136,754,502,5582,3175,636,393,4583,2556,162,81,1347,776,134,81,1228,697,5,4,0.0,0.5555555555555556,1100
Jamie Jones,Mark Selby,9,1336,1542,0.21476297739316325,0.37402214223339625,381,228,2518,1371,847,575,6130,3547,118,63,728,386,262,166,1565,955,5,1,0.0,0.8333333333333334,1100
John Higgins,Fergal O'Brien,9,1482,1347,0.6982190316058211,0.5835831155172753,1198,846,9703,5730,739,424,5733,3031,259,156,1243,733,127,66,685,365,5,1,0.0,0.8333333333333334,1100
Martin Gould,Michael Holt,9,1492,1410,0.6239511835050622,0.551071269307342,510,307,3453,1888,650,385,4807,2568,122,73,987,547,216,123,955,513,5,3,0.0,0.625,1100
Stephen Maguire,Judd Trump,9,1423,1528,0.34301287924355417,0.43474925243290014,754,502,5582,3175,650,434,4401,2566,162,81,1347,776,230,139,1537,911,5,1,0.0,0.8333333333333334,1100
Jamie Jones,Michael White,9,1336,1369,0.44938671629072013,0.47938669028555136,381,228,2518,1371,305,172,2158,1155,118,63,728,386,203,110,877,478,5,4,0.0,0.5555555555555556,1100
John Higgins,Joe Perry,9,1482,1471,0.5169136156946217,0.5068745667645342,1198,846,9703,5730,852,498,6210,3340,259,156,1243,733,217,126,1194,675,5,3,0.0,0.625,1100
Martin Gould,Matthew Selt,9,1492,1436,0.585434873024069,0.5349429451582145,510,307,3453,1888,403,220,2815,1469,122,73,987,547,236,131,859,477,5,1,0.0,0.8333333333333334,1100
John Higgins,Jamie Jones,11,1482,1336,0.7315507747727399,0.5902502519301834,1198,846,9703,5730,381,228,2518,1371,259,156,1243,733,118,63,728,386,6,4,0.0,0.6,1100
Martin Gould,Stephen Maguire,11,1492,1423,0.6150281018113474,0.5430183807243099,510,307,3453,1888,754,502,5582,3175,122,73,987,547,162,81,1347,776,6,1,0.0,0.8571428571428571,1100
John Higgins,Martin Gould,17,1482,1492,0.4791443360290147,0.49375032550048964,1198,846,9703,5730,510,307,3453,1888,259,156,1243,733,122,73,987,547,9,8,0.0,0.5294117647058824,1100
Erik Wilson,Ross Higgins,7,1000,930,0.5947357972115818,0.5436386872370789,0,0,0,0,40,11,204,75,0,0,0,0,38,16,167,70,4,1,0.0,0.8,1099
Jason Weston,Corey Deuel,7,1116,980,0.6790334655716898,0.5841905229354074,277,152,2166,1140,2,0,10,2,63,19,79,27,0,0,10,2,4,2,0.0,0.6666666666666666,1099
Kurtis Weaver,Zafran Ali,7,974,996,0.4699521739841547,0.486253465097645,5,1,27,10,1,0,7,3,0,0,27,10,0,0,7,3,4,0,0.0,1.0,1099
David Singh,Mike Finn,7,987,979,0.510936041856229,0.5049998333399998,166,64,1102,475,3,1,14,4,0,0,64,30,0,0,0,0,4,0,0.0,1.0,1099
Lin Shuai,Darryn Walker,7,1071,1136,0.4119083649163239,0.4594641607262107,29,13,171,77,262,141,2113,1101,23,8,130,56,0,0,0,0,4,2,0.0,0.6666666666666666,1099
Adrian Rosa,Hans Blanckaert,7,1236,896,0.8746981311142084,0.7005671424739729,266,147,2108,1082,99,24,522,188,0,0,0,0,21,5,165,68,4,0,0.0,1.0,1099
Joe Roberts,John Eames,7,1064,978,0.6157933128709394,0.5535439031511183,28,15,148,78,24,9,132,58,43,22,148,78,0,0,0,0,4,2,0.0,0.6666666666666666,1099
Arpat Pulat,Danny Hocking,7,988,1000,0.4835986704357121,0.4925005624493796,1,0,5,1,0,0,0,0,5,1,5,1,0,0,0,0,4,2,0.0,0.6666666666666666,1099
Lee Page,Ben Harrison,7,1091,1141,0.43199486323846364,0.46879062662624377,200,98,1204,594,121,64,666,351,0,0,275,107,0,0,131,68,4,3,0.0,0.5714285714285714,1099
Mark Owens,Marc Davis,7,973,1098,0.3344927873720658,0.4225046348141883,37,12,202,83,93,40,496,231,33,17,120,54,35,20,214,120,4,0,0.0,1.0,1099
Saqib Nasir,Scott Lyons,7,1067,998,0.5934092174000843,0.5430183807243099,67,34,365,191,2,1,12,6,37,14,209,109,12,6,12,6,4,0,0.0,1.0,1099
Hammad Miah,Chris Jones,7,1171,958,0.7660354477872332,0.6300660082850182,68,28,426,187,12,2,63,20,124,69,408,181,15,7,36,15,4,1,0.0,0.8,1099
James McGouran,Brad Chappell,7,1177,1000,0.7271505015076656,0.6088545692109504,110,64,718,387,0,0,0,0,0,0,0,0,0,0,0,0,4,1,0.0,0.8,1099
Scott MacFarlane,Jeff Jacobs,7,1095,920,0.7248939369984414,0.6076631698328917,136,88,978,557,21,5,108,38,7,2,7,2,29,10,94,36,4,3,0.0,0.5714285714285714,1099
William Lemons,Andy Marriott,7,1013,924,0.6197035864994962,0.5553966483205892,23,9,129,59,17,4,93,33,0,0,105,52,0,0,48,14,4,3,0.0,0.5714285714285714,1099
Adam King,Nick Jennings,7,956,1089,0.3246315371699399,0.41763245927192055,11,4,58,24,98,47,538,266,33,14,58,24,29,13,73,33,4,3,0.0,0.5714285714285714,1099
Christopher Keogan,Joshua Cooper,7,1113,980,0.67536846283006,0.5823675407280794,85,34,469,219,9,4,44,18,75,42,326,161,39,17,44,18,4,0,0.0,1.0,1099
David John,Michael Williams,7,1090,1058,0.5436568604546561,0.5199893401555818,59,30,409,206,28,14,136,72,12,6,12,6,56,29,136,72,4,3,0.0,0.5714285714285714,1099
Kuldesh Johal,James Burrett,7,1191,889,0.8469508145525204,0.6802671966986485,185,103,1242,660,26,6,136,44,24,8,24,8,0,0,41,15,4,0,0.0,1.0,1099
Andy Hicks,Chen Zhe,7,1231,1165,0.589422689021118,0.541156668150228,555,298,4597,2381,152,76,935,466,26,9,81,32,14,5,390,176,4,0,0.0,1.0,1099
Louis Heathcote,Heather Clare,7,977,1000,0.46858930565080326,0.4856289593029398,10,3,58,22,0,0,0,0,16,5,40,14,0,0,0,0,4,0,0.0,1.0,1099
Matthew Glasby,Andrew Alexandrou,7,931,849,0.6105601107289808,0.551071269307342,21,7,117,47,85,22,611,244,19,3,117,47,0,0,0,0,4,1,0.0,0.8,1099
Luke Garland,Roshan Birdi,7,1069,1000,0.5934092174000843,0.5430183807243099,19,12,111,60,0,0,0,0,11,7,111,60,0,0,0,0,4,0,0.0,1.0,1099
Reanne Evans,Rune Kampe,7,1027,979,0.5653114683109788,0.5299640517645717,115,40,614,250,11,3,58,21,6,2,186,88,0,0,10,5,4,3,0.0,0.5714285714285714,1099
Callum Downing,Danny Brindle,7,1036,925,0.6479578189910667,0.5689332093695465,30,13,168,78,11,1,60,18,9,4,38,19,0,0,24,10,4,0,0.0,1.0,1099
Paul Davison,Wayne Townsend,7,1199,984,0.7680961089120268,0.6312306626164005,590,314,4179,2143,27,13,180,89,88,35,584,280,0,0,26,8,4,3,0.0,0.5714285714285714,1099
Sam Craigie,Sean Bullock,7,1285,1026,0.810644856301382,0.6564468724566059,89,47,530,280,8,3,50,23,86,54,90,54,0,0,0,0,4,0,0.0,1.0,1099
Dylan Craig,Joe Steele,7,1106,964,0.6863077679270944,0.5878295384825115,37,21,200,108,50,20,253,108,42,23,166,89,48,21,219,99,4,3,0.0,0.5714285714285714,1099
Jordan Church,Julian Mills,7,980,999,0.47404295972292854,0.4881272322437472,8,3,46,21,100,46,704,340,0,0,21,9,34,19,34,19,4,2,0.0,0.6666666666666666,1099
Adam Chalkley,Thomas Hilborne,7,950,986,0.45091379157772826,0.4775151752081999,30,10,163,68,2,0,11,3,0,0,0,0,0,0,11,3,4,1,0.0,0.8,1099
Billy Joe Castle,Peter Delaney,7,1030,849,0.7316341543771714,0.6112334666758695,10,5,50,26,27,6,183,61,7,2,7,2,0,0,0,0,4,0,0.0,1.0,1099
Adam Bobat,Bash Maqsood,7,979,935,0.5599145707304132,0.5274723043445937,20,7,114,49,15,3,82,28,0,0,85,39,0,0,10,2,4,2,0.0,0.6666666666666666,1099
Thomas Barton,Reece King,7,994,1000,0.4917974901893887,0.496250070310918,7,2,39,17,0,0,0,0,28,14,39,17,0,0,0,0,4,0,0.0,1.0,1099
Khalid Al Salem,Freddie Blunden,7,1000,969,0.5422981239384312,0.519365308229932,0,0,0,0,3,0,16,4,0,0,0,0,16,4,16,4,4,1,0.0,0.8,1099
Wang Zepeng,Josh Boileau,7,1070,1135,0.4119083649163239,0.4594641607262107,25,11,139,64,41,24,212,117,13,6,125,60,51,33,168,97,4,1,0.0,0.8,1099
Zhao Xintong,Brandon Sargeant,7,1307,1043,0.8151364341594428,0.6592603884513855,58,32,384,209,31,14,169,82,71,41,315,170,58,32,149,78,4,0,0.0,1.0,1099
Jason Weston,Owais Ali,7,1116,1000,0.6542665688127887,0.5719961329315186,277,152,2166,1140,0,0,0,0,63,19,79,27,0,0,0,0,4,0,0.0,1.0,1099
Charlie Walters,Craig Barber,7,989,980,0.5123026114255715,0.5056247627073255,66,23,370,162,71,31,453,211,46,20,155,71,0,0,78,34,4,2,0.0,0.6666666666666666,1099
Alexander Ursenbacher,Luke Garland,7,1099,1069,0.5409388610739393,0.5187412158785352,50,18,300,128,19,12,111,60,43,26,270,112,11,7,111,60,4,1,0.0,0.8,1099
Mitchell Travis,David Maslov,7,1157,998,0.7064965786766507,0.5980868603322034,104,52,605,293,7,4,40,20,0,0,344,176,0,0,40,20,4,0,0.0,1.0,1099
Sam Thistlewhite,James McGouran,7,1087,1177,0.37899585307075345,0.44398610945538003,64,29,332,159,110,64,718,387,93,54,128,69,0,0,0,0,4,3,0.0,0.5714285714285714,1099
Alex Taubman,Khalid Al Salem,7,1056,1000,0.5760654606907909,0.5349429451582145,130,55,707,314,0,0,0,0,83,33,277,135,0,0,0,0,4,1,0.0,0.8,1099
Elliot Slessor,Adam Chalkley,7,1193,950,0.7957969165005263,0.647370307581549,82,35,481,224,30,10,163,68,63,38,360,168,0,0,0,0,4,0,0.0,1.0,1099
Luke Simmonds,Jason Tart,7,1182,941,0.7938903058360224,0.6462280583309002,94,50,664,341,7,1,36,9,12,1,12,1,0,0,15,4,4,2,0.0,0.6666666666666666,1099
Lee Shanker,Gareth Green,7,904,1078,0.2762380014579778,0.39293301192829644,25,6,125,39,53,26,297,136,0,0,0,0,0,0,151,76,4,3,0.0,0.5714285714285714,1099
Joe Roberts,Mohammed Rangzib,7,1064,1072,0.48906395814377107,0.4950001666600003,28,15,148,78,46,25,304,165,43,22,148,78,27,14,27,14,4,3,0.0,0.5714285714285714,1099
Arpat Pulat,Imran Puri,7,988,647,0.8753745152338872,0.7010913114266953,1,0,5,1,51,6,252,52,5,1,5,1,0,0,22,2,4,1,0.0,0.8,1099
Robin Otto,Darryl James,7,986,1000,0.48086718764462183,0.4912508931197597,9,4,49,23,0,0,0,0,49,23,49,23,0,0,0,0,4,1,0.0,0.8,1099
Jamie O'Neill,Thomas Barton,7,1207,994,0.7660354477872332,0.6300660082850182,264,136,1682,868,7,2,39,17,0,0,306,142,28,14,39,17,4,3,0.0,0.5714285714285714,1099
Phil O'Kane,Mark Owens,7,1016,973,0.5585634499391967,0.5268491486891144,66,28,337,153,37,12,202,83,62,35,166,85,33,17,120,54,4,1,0.0,0.8,1099
Joe O'Connor,Andrew Milliard,7,1095,862,0.786152249899794,0.6416424532015634,51,24,303,147,157,44,932,354,87,43,282,136,8,3,29,11,4,2,0.0,0.6666666666666666,1099
Jake Nicholson,Matthew Glasby,7,932,931,0.5013671846516985,0.5006249996744794,65,18,343,130,21,7,117,47,63,22,167,77,19,3,117,47,4,2,0.0,0.6666666666666666,1099
Brett Miller,Ben Tanner,7,974,1000,0.4645031181885513,0.48375571893792757,11,3,64,26,0,0,0,0,0,0,0,0,0,0,0,0,4,2,0.0,0.6666666666666666,1099
Hammad Miah,Chris Norbury,7,1171,1100,0.5960612197256479,0.5442588584178731,68,28,426,187,241,115,1478,728,124,69,408,181,15,9,250,87,4,2,0.0,0.6666666666666666,1099
Eddie Manning,William Lemons,7,1122,1013,0.6454220086166967,0.5677065480733601,256,140,1966,1025,23,9,129,59,0,0,0,0,0,0,105,52,4,1,0.0,0.8,1099
Scott MacFarlane,Grant Miles,7,1095,987,0.644151517953897,0.5670929049654543,136,88,978,557,1,0,6,1,7,2,7,2,6,1,6,1,4,1,0.0,0.8,1099
Sascha Lippe,Robert Cloherty,7,969,969,0.5,0.5,43,12,243,97,2,0,8,0,34,19,52,29,0,0,0,0,4,1,0.0,0.8,1099
Adam King,Boon Chin Ang,7,956,1000,0.44008542926958705,0.47252769565540637,11,4,58,24,0,0,0,0,33,14,58,24,0,0,0,0,4,2,0.0,0.6666666666666666,1099
Christopher Keogan,Zack Richardson,7,1113,1098,0.5204982038546295,0.5093739015216607,85,34,469,219,38,19,206,113,75,42,326,161,27,15,206,113,4,3,0.0,0.5714285714285714,1099
Keith Keldie,Saqib Nasir,7,992,1067,0.3986489708076568,0.45326184801538616,2,0,13,5,67,34,365,191,0,0,13,5,37,14,209,109,4,3,0.0,0.5714285714285714,1099
Ben Jones,David John,7,1049,1090,0.44414095234189266,0.47439741167538224,57,28,300,148,59,30,409,206,56,30,227,111,12,6,12,6,4,3,0.0,0.5714285714285714,1099
Duane Jones,Alex Davies,7,1222,1184,0.5517972899579606,0.523732154126561,98,56,560,317,201,99,1238,616,53,21,280,158,0,0,372,172,4,1,0.0,0.8,1099
Kuldesh Johal,Mark Vincent,7,1191,924,0.8177973252726516,0.6609431415591629,185,103,1242,660,36,10,179,68,24,8,24,8,7,3,61,23,4,0,0.0,1.0,1099
Tugba Irten,Conor McCormack,7,1010,954,0.5760654606907909,0.5349429451582145,3,2,21,11,11,3,55,19,0,0,0,0,35,14,55,19,4,0,0.0,1.0,1099
Clayton Humphries,Adam Bobat,7,1000,979,0.5286845829371267,0.5131219861822433,0,0,0,0,20,7,114,49,0,0,0,0,0,0,85,39,4,3,0.0,0.5714285714285714,1099
Ashley Hugill,Erik Wilson,7,1079,1000,0.6066210971235376,0.5492151291013335,36,17,189,91,0,0,0,0,116,62,189,91,0,0,0,0,4,3,0.0,0.5714285714285714,1099
Andy Hicks,George Pragnall,7,1231,1079,0.698260993708389,0.5938731029341427,555,298,4597,2381,18,10,104,54,26,9,81,32,46,26,98,52,4,2,0.0,0.6666666666666666,1099
Louis Heathcote,Kacper Filipiak,7,977,1061,0.3868205508364956,0.4476920904256748,10,3,58,22,61,22,322,124,16,5,40,14,63,35,188,96,4,2,0.0,0.6666666666666666,1099
Sam Harvey,Lee Page,7,1019,1091,0.40261453047341306,0.45512110762641994,97,41,505,238,200,98,1204,594,19,7,125,54,0,0,275,107,4,3,0.0,0.5714285714285714,1099
Josh Harrison,Lewis Frampton,7,1000,926,0.6000303895586184,0.5461185410457796,0,0,0,0,15,4,75,25,0,0,0,0,0,0,47,20,4,2,0.0,0.6666666666666666,1099
Leo Fernandez,Adam Stefanow,7,1247,1036,0.7639640378992283,0.6288998381516232,396,240,3028,1638,20,10,102,51,83,41,146,81,6,2,73,39,4,0,0.0,1.0,1099
Adam Edge,Lin Shuai,7,986,1071,0.38551292727713543,0.4470740118670941,26,9,144,64,29,13,171,77,43,20,122,53,23,8,130,56,4,3,0.0,0.5714285714285714,1099
Adam Duffy,Shachar Ruberg,7,1209,1024,0.7360780864464773,0.6136070778047783,245,125,1532,783,21,8,141,58,126,68,527,255,16,7,102,43,4,2,0.0,0.6666666666666666,1099
TJ Dowling,Andreas Ploner,7,1020,1067,0.4360365854867152,0.47065874995421436,16,9,82,40,36,16,190,89,0,0,77,40,42,24,166,76,4,1,0.0,0.8,1099
Simon Dent,Callum Downing,7,989,1036,0.4360365854867152,0.47065874995421436,14,5,76,34,30,13,168,78,22,9,40,19,9,4,38,19,4,0,0.0,1.0,1099
Matthew Day,Kishan Hirani,7,1103,1129,0.4645031181885513,0.48375571893792757,117,55,632,309,104,49,553,266,8,3,283,149,65,39,257,140,4,0,0.0,1.0,1099
Paul Davison,Lukas Kleckers,7,1199,1030,0.7180660778287002,0.6040813228693781,590,314,4179,2143,20,9,103,49,88,35,584,280,44,21,99,49,4,1,0.0,0.8,1099
Jeff Cundy,Oliver Brown,7,1186,1192,0.4917974901893887,0.496250070310918,503,267,3544,1842,135,59,731,346,22,12,267,154,68,36,392,215,4,2,0.0,0.6666666666666666,1099
Sam Craigie,Peter Devlin,7,1285,987,0.843794955427504,0.6780882495516275,89,47,530,280,12,5,58,25,86,54,90,54,15,9,54,25,4,0,0.0,1.0,1099
Dylan Craig,John Beesley,7,1106,954,0.698260993708389,0.5938731029341427,37,21,200,108,10,3,51,20,42,23,166,89,0,0,32,11,4,1,0.0,0.8,1099
Darren Cook,Jordan Church,7,1046,980,0.589422689021118,0.541156668150228,43,21,239,117,8,3,46,21,0,0,128,66,0,0,21,9,4,3,0.0,0.5714285714285714,1099
Michael Collumb,Nico Elton,7,1030,1108,0.3946945160108152,0.4514038914168657,39,16,207,98,48,23,262,130,51,28,149,71,81,47,227,118,4,2,0.0,0.6666666666666666,1099
Jamie Clarke,Li Yan,7,1263,1161,0.6364932182719292,0.5634067862621936,101,54,571,308,126,56,866,418,105,61,429,247,11,5,324,142,4,3,0.0,0.5714285714285714,1099
Brian Cini,Joshua Thomond,7,1012,1000,0.5164013295642876,0.5074994375506203,23,10,115,57,0,0,0,0,44,22,115,57,0,0,0,0,4,2,0.0,0.6666666666666666,1099
Ryan Causton,Reanne Evans,7,1105,1027,0.6053054839891849,0.5485961085831343,100,52,537,267,115,40,614,250,49,26,286,151,6,2,186,88,4,2,0.0,0.6666666666666666,1099
Billy Joe Castle,Chris Kilcoyne,7,1030,1000,0.5409388610739393,0.5187412158785352,10,5,50,26,0,0,0,0,7,2,7,2,0,0,0,0,4,0,0.0,1.0,1099
Greg Casey,Adrian Rosa,7,999,1236,0.2099564467118895,0.356061444034367,1,0,6,2,266,147,2108,1082,0,0,0,0,0,0,0,0,4,3,0.0,0.5714285714285714,1099
Ashley Carty,Tahel Miah,7,1201,1000,0.7534472409879828,0.6230466603666162,80,42,458,237,0,0,0,0,73,45,395,210,0,0,0,0,4,3,0.0,0.5714285714285714,1099
Jordan Brown,Kurtis Weaver,7,1135,974,0.7088291167182063,0.5992881635083561,70,37,454,231,5,1,27,10,14,3,57,23,0,0,27,10,4,3,0.0,0.5714285714285714,1099
Jack Bradford,Stephen Ormerod,7,931,870,0.5827567809217526,0.5380512843858591,31,8,159,57,95,28,647,255,6,2,108,51,0,0,10,5,4,3,0.0,0.5714285714285714,1099
Jamie Barrett,Darren Barton,7,1061,1000,0.5827567809217526,0.5380512843858591,31,13,177,87,0,0,0,0,8,3,44,23,0,0,0,0,4,1,0.0,0.8,1099
Joshua Baddeley,Gene Lam,7,1006,1000,0.5082025098106111,0.5037499296890819,11,5,60,30,0,0,0,0,24,12,60,30,0,0,0,0,4,3,0.0,0.5714285714285714,1099
Gareth Allen,David Singh,7,1121,987,0.6765921632853334,0.5829754542011996,119,55,671,323,166,64,1102,475,79,28,344,162,0,0,64,30,4,0,0.0,1.0,1099
Wang Zepeng,Brett Miller,7,1070,974,0.6287764284690306,0.5597136492671929,25,11,139,64,11,3,64,26,13,6,125,60,0,0,0,0,4,2,0.0,0.6666666666666666,1099
Zhao Xintong,Sascha Lippe,7,1307,969,0.8733372031383986,0.6995172276624274,58,32,384,209,43,12,243,97,71,41,315,170,34,19,52,29,4,3,0.0,0.5714285714285714,1099
Jason Weston,Simon Dent,7,1116,989,0.6679843009449487,0.578714862460134,277,152,2166,1140,14,5,76,34,63,19,79,27,22,9,40,19,4,1,0.0,0.8,1099
Charlie Walters,Michael Collumb,7,989,1030,0.44414095234189266,0.47439741167538224,66,23,370,162,39,16,207,98,46,20,155,71,51,28,149,71,4,3,0.0,0.5714285714285714,1099
Alexander Ursenbacher,Arpat Pulat,7,1099,988,0.6479578189910667,0.5689332093695465,50,18,300,128,1,0,5,1,43,26,270,112,5,1,5,1,4,0,0.0,1.0,1099
Mitchell Travis,Brian Cini,7,1157,1012,0.6899164671577602,0.5896454785627312,104,52,605,293,23,10,115,57,0,0,344,176,44,22,115,57,4,2,0.0,0.6666666666666666,1099
Sam Thistlewhite,Jake Nicholson,7,1087,932,0.7018040708685593,0.5956807306078472,64,29,332,159,65,18,343,130,93,54,128,69,63,22,167,77,4,3,0.0,0.5714285714285714,1099
Alex Taubman,Elliot Slessor,7,1056,1193,0.3197489554385173,0.415202325282263,130,55,707,314,82,35,481,224,83,33,277,135,63,38,360,168,4,1,0.0,0.8,1099
Luke Simmonds,Yasir Nadeem,7,1182,1000,0.732748880507422,0.6118273690017371,94,50,664,341,0,0,0,0,12,1,12,1,0,0,0,0,4,0,0.0,1.0,1099
Joe Roberts,Tom Rees,7,1064,1021,0.5585634499391967,0.5268491486891144,28,15,148,78,13,7,66,33,43,22,148,78,62,33,66,33,4,3,0.0,0.5714285714285714,1099
Jamie O'Neill,Adam Edge,7,1207,986,0.774213209168811,0.6347154153791584,264,136,1682,868,26,9,144,64,0,0,306,142,43,20,122,53,4,2,0.0,0.6666666666666666,1099
Joe O'Connor,Ashley Hugill,7,1095,1079,0.5218633393972989,0.5099986668799655,51,24,303,147,36,17,189,91,87,43,282,136,116,62,189,91,4,2,0.0,0.6666666666666666,1099
Hammad Miah,Louis Heathcote,7,1171,977,0.7459292301495708,0.6189278548001903,68,28,426,187,10,3,58,22,124,69,408,181,16,5,40,14,4,0,0.0,1.0,1099
Eddie Manning,Jack Bradford,7,1122,931,0.7426684543010009,0.6171573626529722,256,140,1966,1025,31,8,159,57,0,0,0,0,6,2,108,51,4,1,0.0,0.8,1099
Scott MacFarlane,Ben Jones,7,1095,1049,0.5626145694127913,0.5287183569514396,136,88,978,557,57,28,300,148,7,2,7,2,56,30,227,111,4,1,0.0,0.8,1099
Christopher Keogan,Dylan Craig,7,1113,1106,0.5095693356278297,0.5043748883497735,85,34,469,219,37,21,200,108,75,42,326,161,42,23,166,89,4,3,0.0,0.5714285714285714,1099
Duane Jones,Dessie Sheehan,7,1222,751,0.9420526291744534,0.7644979994081456,98,56,560,317,166,34,1276,475,53,21,280,158,34,15,72,29,4,0,0.0,1.0,1099
Kuldesh Johal,Jamie Clarke,7,1191,1263,0.40261453047341306,0.45512110762641994,185,103,1242,660,101,54,571,308,24,8,24,8,105,61,429,247,4,1,0.0,0.8,1099
Tugba Irten,Adam King,7,1010,956,0.573382262278332,0.5336988354329009,3,2,21,11,11,4,58,24,0,0,0,0,33,14,58,24,4,3,0.0,0.5714285714285714,1099
Clayton Humphries,Ryan Causton,7,1000,1105,0.3596701363363135,0.43474925243290014,0,0,0,0,100,52,537,267,0,0,0,0,49,26,286,151,4,0,0.0,1.0,1099
Andy Hicks,Phil O'Kane,7,1231,1016,0.7680961089120268,0.6312306626164005,555,298,4597,2381,66,28,337,153,26,9,81,32,62,35,166,85,4,1,0.0,0.8,1099
Adam Duffy,Ashley Carty,7,1209,1201,0.510936041856229,0.5049998333399998,245,125,1532,783,80,42,458,237,126,68,527,255,73,45,395,210,4,3,0.0,0.5714285714285714,1099
TJ Dowling,Jamie Barrett,7,1020,1061,0.44414095234189266,0.47439741167538224,16,9,82,40,31,13,177,87,0,0,77,40,8,3,44,23,4,1,0.0,0.8,1099
Matthew Day,Sam Harvey,7,1103,1019,0.6131794491635048,0.5523079095743253,117,55,632,309,97,41,505,238,8,3,283,149,19,7,125,54,4,2,0.0,0.6666666666666666,1099
Paul Davison,Jeff Cundy,7,1199,1186,0.5177671819164105,0.5081242849062608,590,314,4179,2143,503,267,3544,1842,88,35,584,280,22,12,267,154,4,2,0.0,0.6666666666666666,1099
Darren Cook,Keith Keldie,7,1046,992,0.573382262278332,0.5336988354329009,43,21,239,117,2,0,13,5,0,0,128,66,0,0,13,5,4,1,0.0,0.8,1099
Billy Joe Castle,Sam Craigie,7,1030,1285,0.19299940476105965,0.3458118862387571,10,5,50,26,89,47,530,280,7,2,7,2,86,54,90,54,4,3,0.0,0.5714285714285714,1099
Greg Casey,Josh Harrison,7,999,1000,0.4986328153483015,0.4993750003255206,1,0,6,2,0,0,0,0,0,0,0,0,0,0,0,0,4,0,0.0,1.0,1099
Marcus Campbell,Robin Otto,7,1170,986,0.7349708541108757,0.6130141761393355,668,361,4941,2527,9,4,49,23,0,0,458,194,49,23,49,23,4,0,0.0,1.0,1099
Jordan Brown,Leo Fernandez,7,1135,1247,0.35077688766853815,0.43045377606077095,70,37,454,231,396,240,3028,1638,14,3,57,23,83,41,146,81,4,2,0.0,0.6666666666666666,1099
Rhydian Ap Owen,Joshua Baddeley,7,1000,1006,0.4917974901893887,0.496250070310918,0,0,0,0,11,5,60,30,0,0,0,0,24,12,60,30,4,0,0.0,1.0,1099
Gareth Allen,Lee Shanker,7,1121,904,0.7701459815525172,0.6323937895695628,119,55,671,323,25,6,125,39,79,28,344,162,0,0,0,0,4,0,0.0,1.0,1099
Zhao Xintong,Jamie O'Neill,7,1307,1207,0.6339273074659068,0.5621765008857981,58,32,384,209,264,136,1682,868,71,41,315,170,0,0,306,142,4,0,0.0,1.0,1099
Jason Weston,Matthew Day,7,1116,1103,0.5177671819164105,0.5081242849062608,277,152,2166,1140,117,55,632,309,63,19,79,27,8,3,283,149,4,1,0.0,0.8,1099
Charlie Walters,Mitchell Travis,7,989,1157,0.2830802923189607,0.3965167501352737,66,23,370,162,104,52,605,293,46,20,155,71,0,0,344,176,4,1,0.0,0.8,1099
Alex Taubman,Tugba Irten,7,1056,1010,0.5626145694127913,0.5287183569514396,130,55,707,314,3,2,21,11,83,33,277,135,0,0,0,0,4,1,0.0,0.8,1099
Luke Simmonds,TJ Dowling,7,1182,1020,0.7099919234270913,0.5998883688639983,94,50,664,341,16,9,82,40,12,1,12,1,0,0,77,40,4,2,0.0,0.6666666666666666,1099
Joe Roberts,Alexander Ursenbacher,7,1064,1099,0.4522702554497651,0.47813894602839846,28,15,148,78,50,18,300,128,43,22,148,78,43,26,270,112,4,3,0.0,0.5714285714285714,1099
Joe O'Connor,Eddie Manning,7,1095,1122,0.4631419178202212,0.48313140430861523,51,24,303,147,256,140,1966,1025,87,43,282,136,0,0,0,0,4,1,0.0,0.8,1099
Hammad Miah,Darren Cook,7,1171,1046,0.6655072126279344,0.5774953651858118,68,28,426,187,43,21,239,117,124,69,408,181,0,0,128,66,4,1,0.0,0.8,1099
Christopher Keogan,Sam Thistlewhite,7,1113,1087,0.5354968818114487,0.5162442810620724,85,34,469,219,64,29,332,159,75,42,326,161,93,54,128,69,4,0,0.0,1.0,1099
Duane Jones,Scott MacFarlane,7,1222,1095,0.6679843009449487,0.578714862460134,98,56,560,317,136,88,978,557,53,21,280,158,7,2,7,2,4,0,0.0,1.0,1099
Kuldesh Johal,Marcus Campbell,7,1191,1170,0.5286845829371267,0.5131219861822433,185,103,1242,660,668,361,4941,2527,24,8,24,8,0,0,458,194,4,2,0.0,0.6666666666666666,1099
Andy Hicks,Clayton Humphries,7,1231,1000,0.7841899555246323,0.6404919537233386,555,298,4597,2381,0,0,0,0,26,9,81,32,0,0,0,0,4,2,0.0,0.6666666666666666,1099
Paul Davison,Adam Duffy,7,1199,1209,0.4863309727288301,0.49375032550048964,590,314,4179,2143,245,125,1532,783,88,35,584,280,126,68,527,255,4,3,0.0,0.5714285714285714,1099
Greg Casey,Wang Zepeng,7,999,1070,0.4039387802743521,0.4557411415821268,1,0,6,2,25,11,139,64,0,0,0,0,13,6,125,60,4,2,0.0,0.6666666666666666,1099
Jordan Brown,Billy Joe Castle,7,1135,1030,0.6403298636636867,0.5652507475670999,70,37,454,231,10,5,50,26,14,3,57,23,7,2,7,2,4,2,0.0,0.6666666666666666,1099
Gareth Allen,Rhydian Ap Owen,7,1121,1000,0.660530062626431,0.5750535485557879,119,55,671,323,0,0,0,0,79,28,344,162,0,0,0,0,4,1,0.0,0.8,1099
Zhao Xintong,Joe O'Connor,7,1307,1095,0.7650010839038448,0.6294831119673949,58,32,384,209,51,24,303,147,71,41,315,170,87,43,282,136,4,0,0.0,1.0,1099
Jason Weston,Joe Roberts,7,1116,1064,0.5706954446194282,0.5324543063873187,277,152,2166,1140,28,15,148,78,63,19,79,27,43,22,148,78,4,3,0.0,0.5714285714285714,1099
Alex Taubman,Charlie Walters,7,1056,989,0.5907526477758748,0.5417773692836367,130,55,707,314,66,23,370,162,83,33,277,135,46,20,155,71,4,1,0.0,0.8,1099
Luke Simmonds,Andy Hicks,7,1182,1231,0.433341285511335,0.469413239817919,94,50,664,341,555,298,4597,2381,12,1,12,1,26,9,81,32,4,3,0.0,0.5714285714285714,1099
Duane Jones,Jordan Brown,7,1222,1135,0.6170981549456108,0.5541616527636486,98,56,560,317,70,37,454,231,53,21,280,158,14,3,57,23,4,1,0.0,0.8,1099
Kuldesh Johal,Christopher Keogan,7,1191,1113,0.6053054839891849,0.5485961085831343,185,103,1242,660,85,34,469,219,24,8,24,8,75,42,326,161,4,2,0.0,0.6666666666666666,1099
Paul Davison,Hammad Miah,7,1199,1171,0.5382188233953898,0.5174928576663897,590,314,4179,2143,68,28,426,187,88,35,584,280,124,69,408,181,4,2,0.0,0.6666666666666666,1099
Gareth Allen,Greg Casey,7,1121,999,0.661777191191235,0.5756643510425494,119,55,671,323,1,0,6,2,79,28,344,162,0,0,0,0,4,2,0.0,0.6666666666666666,1099
Jason Weston,Kuldesh Johal,7,1116,1191,0.3986489708076568,0.45326184801538616,277,152,2166,1140,185,103,1242,660,63,19,79,27,24,8,24,8,4,2,0.0,0.6666666666666666,1099
Duane Jones,Zhao Xintong,7,1222,1307,0.38551292727713543,0.4470740118670941,98,56,560,317,58,32,384,209,53,21,280,158,71,41,315,170,4,3,0.0,0.5714285714285714,1099
Paul Davison,Luke Simmonds,7,1199,1182,0.5232282019769063,0.5106234010049637,590,314,4179,2143,94,50,664,341,88,35,584,280,12,1,12,1,4,3,0.0,0.5714285714285714,1099
Gareth Allen,Alex Taubman,7,1121,1056,0.5880916350836762,0.5405358392737893,119,55,671,323,130,55,707,314,79,28,344,162,83,33,277,135,4,2,0.0,0.6666666666666666,1099
Erik Wilson,Kacper Filipiak,7,1008,1051,0.44143655006080335,0.4731508513108857,2,1,12,7,62,22,328,126,12,7,12,7,69,37,194,98,4,3,0.0,0.5714285714285714,1098
Michael Williams,Darren Barton,7,1055,990,0.5880916350836762,0.5405358392737893,29,14,143,75,1,0,5,1,63,32,143,75,5,1,5,1,4,0,0.0,1.0,1098
Kurtis Weaver,Imran Puri,7,991,643,0.880033408790135,0.7047456979980911,7,2,38,17,52,6,257,53,11,7,38,17,5,1,27,3,4,1,0.0,0.8,1098
Alexander Ursenbacher,Charlie Walters,7,1119,1009,0.6466907800352545,0.5683199834782481,53,20,316,139,70,26,393,175,59,37,286,123,69,33,178,84,4,0,0.0,1.0,1098
Mitchell Travis,Chris Kilcoyne,7,1158,985,0.7226276336267841,0.6064704870683034,107,54,620,302,1,0,4,0,15,9,359,185,4,0,4,0,4,0,0.0,1.0,1098
Wayne Townsend,Scott Lyons,7,987,983,0.5054685677142574,0.5024999791668749,28,13,187,92,3,1,16,6,7,3,33,11,16,6,16,6,4,1,0.0,0.8,1098
Alex Taubman,Adam King,7,1097,972,0.6655072126279344,0.5774953651858118,135,59,733,332,14,6,78,35,109,51,303,153,53,25,78,35,4,1,0.0,0.8,1098
Elliot Slessor,Joe Roberts,7,1190,1080,0.6466907800352545,0.5683199834782481,84,36,490,229,33,19,182,97,72,43,369,173,77,41,182,97,4,1,0.0,0.8,1098
David Singh,Michael Collumb,7,989,1034,0.4387350506415305,0.4719046255916129,168,65,1110,479,41,17,220,105,8,4,72,34,64,35,162,78,4,3,0.0,0.5714285714285714,1098
Ahmed Saif,Danny Hocking,7,959,992,0.45498494612477275,0.47938669028555136,31,6,184,53,1,0,6,2,0,0,170,52,6,2,6,2,4,1,0.0,0.8,1098
Shachar Ruberg,Sam Thistlewhite,7,1021,1078,0.4225943374899878,0.4644351620161461,22,8,147,60,67,31,350,167,22,9,108,45,111,62,146,77,4,2,0.0,0.6666666666666666,1098
Jamie O'Neill,Owais Ali,7,1192,986,0.7587387600845145,0.6259778577666038,267,138,1699,876,1,0,4,0,17,8,323,150,4,0,4,0,4,1,0.0,0.8,1098
Andrew Milliard,Jack Bradford,7,861,926,0.4119083649163239,0.4594641607262107,158,44,938,356,33,9,171,62,14,5,35,13,18,7,120,56,4,1,0.0,0.8,1098
Brett Miller,Arpat Pulat,7,978,986,0.48906395814377107,0.4950001666600003,13,4,76,32,4,2,20,9,12,6,12,6,20,9,20,9,4,1,0.0,0.8,1098
Andy Marriott,Lee Page,7,923,1090,0.28422903752276774,0.39711513267253384,18,4,100,36,202,99,1218,601,7,3,55,17,14,7,289,114,4,3,0.0,0.5714285714285714,1098
William Lemons,Adam Bobat,7,1005,982,0.5314106943491967,0.5143710406970602,25,10,141,64,22,8,127,56,12,5,117,57,13,7,98,46,4,2,0.0,0.6666666666666666,1098
Lukas Kleckers,Mark Vincent,7,1022,913,0.6454220086166967,0.5677065480733601,21,9,108,50,37,10,183,68,49,22,104,50,11,3,65,23,4,2,0.0,0.6666666666666666,1098
Duane Jones,Adam Stefanow,7,1269,1024,0.7976923211673973,0.6485108747389209,103,61,585,337,21,10,106,51,78,41,305,178,10,2,77,39,4,0,0.0,1.0,1098
Tugba Irten,Clayton Humphries,7,1016,1021,0.493164418520332,0.4968750406894683,6,4,37,20,3,2,17,10,16,9,16,9,17,10,17,10,4,2,0.0,0.6666666666666666,1098
Sam Harvey,John Eames,7,1021,973,0.5653114683109788,0.5299640517645717,99,42,518,244,25,9,138,60,32,13,138,60,6,2,6,2,4,1,0.0,0.8,1098
Ben Harrison,Brad Chappell,7,1135,992,0.6875128007198821,0.5884351201276382,122,64,673,354,1,0,5,1,7,3,138,71,5,1,5,1,4,0,0.0,1.0,1098
Gareth Green,Lee Shanker,7,1068,902,0.7146198510727906,0.6022861768886306,54,26,304,139,27,7,136,43,7,3,158,79,11,4,11,4,4,3,0.0,0.5714285714285714,1098
Luke Garland,Mark Owens,7,1072,980,0.6236008848905433,0.5572478545985555,21,13,120,65,39,13,211,88,20,12,120,65,42,22,129,59,4,3,0.0,0.5714285714285714,1098
Simon Dent,James Burrett,7,997,879,0.6567774862994666,0.5732197726798348,16,6,85,39,27,6,140,44,31,14,49,24,4,0,45,15,4,0,0.0,1.0,1098
Matthew Day,Tom Rees,7,1113,1019,0.6261916833783177,0.5584811124381613,120,57,647,318,14,7,73,36,23,12,298,158,69,36,73,36,4,2,0.0,0.6666666666666666,1098
Alex Davies,Roshan Birdi,7,1173,985,0.7393846765226212,0.6153837563911821,202,99,1243,617,1,0,4,0,5,1,377,173,4,0,4,0,4,0,0.0,1.0,1098
Sam Craigie,Louis Heathcote,7,1294,991,0.847732715071801,0.6808107108156386,92,49,545,291,13,5,72,30,101,65,105,65,30,13,54,22,4,2,0.0,0.6666666666666666,1098
Dylan Craig,Yasir Nadeem,7,1110,988,0.661777191191235,0.5756643510425494,40,23,219,119,1,0,4,0,61,34,185,100,4,0,4,0,4,0,0.0,1.0,1098
Jamie Clarke,Kishan Hirani,7,1250,1112,0.6814665603465866,0.585404569129465,103,55,583,313,105,49,557,266,117,66,441,252,69,39,261,140,4,2,0.0,0.6666666666666666,1098
Brian Cini,Reece King,7,1016,984,0.5436568604546561,0.5199893401555818,25,11,127,63,1,0,4,0,56,28,127,63,4,0,4,0,4,0,0.0,1.0,1098
Billy Joe Castle,David Maslov,7,1063,985,0.6053054839891849,0.5485961085831343,14,8,71,40,8,4,44,20,28,16,28,16,4,0,44,20,4,2,0.0,0.6666666666666666,1098
Ashley Carty,TJ Dowling,7,1194,1042,0.698260993708389,0.5938731029341427,82,43,472,244,19,11,98,50,87,52,409,217,16,10,93,50,4,0,0.0,1.0,1098
Marcus Campbell,Christopher Keogan,7,1176,1142,0.5463726874746992,0.5212372149662741,670,362,4951,2533,90,38,497,237,10,6,468,200,103,60,354,179,4,0,0.0,1.0,1098
Sean Bullock,Zack Richardson,7,1015,1095,0.3920645840647391,0.45016600268752216,9,3,54,23,39,19,213,116,4,0,4,0,34,18,213,116,4,3,0.0,0.5714285714285714,1098
Jordan Brown,Thomas Barton,7,1143,1013,0.6716853028295744,0.5805423048206596,74,40,478,244,9,3,50,24,38,16,81,36,39,21,50,24,4,2,0.0,0.6666666666666666,1098
Craig Barber,Matthew Glasby,7,972,933,0.5531518743848329,0.5243557087682073,72,31,459,213,23,8,128,53,6,2,84,36,30,9,128,53,4,2,0.0,0.6666666666666666,1098
Chen Zhe,George Pragnall,7,1150,1076,0.6000303895586184,0.5461185410457796,153,76,939,466,19,10,110,56,18,5,394,176,52,28,104,54,4,0,0.0,1.0,1098
Wang Zepeng,Kurtis Weaver,7,1079,991,0.6184015843393024,0.5547792351072148,28,13,156,74,7,2,38,17,30,16,142,70,11,7,38,17,4,2,0.0,0.6666666666666666,1098
Zhao Xintong,Craig Barber,7,1330,972,0.8864609774555678,0.7099209183344533,63,36,410,228,72,31,459,213,97,60,341,189,6,2,84,36,4,0,0.0,1.0,1098
Sydney Wilson,Marcus Campbell,7,1119,1176,0.4225943374899878,0.4644351620161461,134,50,777,352,670,362,4951,2533,87,31,409,192,10,6,468,200,4,1,0.0,0.8,1098
Michael Williams,Keith Keldie,7,1055,988,0.5907526477758748,0.5417773692836367,29,14,143,75,4,1,25,10,63,32,143,75,12,5,25,10,4,2,0.0,0.6666666666666666,1098
Jason Weston,Billy Joe Castle,7,1166,1063,0.6377737431786725,0.5640216374262577,283,158,2199,1164,14,8,71,40,96,43,112,51,28,16,28,16,4,3,0.0,0.5714285714285714,1098
Daniel Wells,Li Yan,7,1228,1161,0.5907526477758748,0.5417773692836367,265,130,1762,876,127,56,873,421,135,74,562,269,18,8,331,145,4,3,0.0,0.5714285714285714,1098
Darryn Walker,Tugba Irten,7,1126,1016,0.6466907800352545,0.5683199834782481,263,141,2119,1103,6,4,37,20,6,2,6,2,16,9,16,9,4,1,0.0,0.8,1098
Alexander Ursenbacher,Freddie Blunden,7,1119,958,0.7088291167182063,0.5992881635083561,53,20,316,139,4,0,21,5,59,37,286,123,21,5,21,5,4,0,0.0,1.0,1098
Mitchell Travis,Danny Brindle,7,1158,911,0.7995764997363425,0.6496497492904088,107,54,620,302,12,1,64,18,15,9,359,185,4,0,28,10,4,1,0.0,0.8,1098
Wayne Townsend,Thomas Hilborne,7,987,973,0.5191328123553783,0.5087491068802403,28,13,187,92,3,0,16,4,7,3,33,11,5,1,16,4,4,0,0.0,1.0,1098
Jason Tart,Joshua Thomond,7,940,992,0.42930455538057166,0.4675456936126812,8,1,42,11,1,0,6,2,6,2,21,6,6,2,6,2,4,2,0.0,0.6666666666666666,1098
Elliot Slessor,Khalid Al Salem,7,1190,1000,0.7415764082537253,0.6165665045213193,84,36,490,229,2,1,10,5,72,43,369,173,10,5,10,5,4,1,0.0,0.8,1098
Luke Simmonds,Mohammed Rangzib,7,1202,1068,0.6765921632853334,0.5829754542011996,99,54,694,360,47,25,311,168,42,20,42,20,34,17,34,17,4,1,0.0,0.8,1098
Lin Shuai,Alex Taubman,7,1074,1097,0.46858930565080326,0.4856289593029398,31,14,184,84,135,59,733,332,36,15,143,63,109,51,303,153,4,2,0.0,0.6666666666666666,1098
Eden Sharav,Joshua Cooper,7,1172,967,0.75768573294214,0.6253923497205511,72,41,411,210,10,4,48,18,88,35,296,150,43,17,48,18,4,0,0.0,1.0,1098
Brandon Sargeant,Ben Tanner,7,1032,991,0.5558590476581076,0.5256025883246178,32,14,173,82,1,0,6,2,62,32,153,78,6,2,6,2,4,1,0.0,0.8,1098
Shachar Ruberg,Jeff Cundy,7,1021,1186,0.286533617594737,0.3983128198171432,22,8,147,60,505,268,3556,1848,22,9,108,45,34,18,279,160,4,2,0.0,0.6666666666666666,1098
Andreas Ploner,Tahel Miah,7,1054,1003,0.5693507188778237,0.5318318894162242,37,16,195,90,1,0,7,3,47,25,171,77,7,3,7,3,4,1,0.0,0.8,1098
Robin Otto,Zafran Ali,7,985,980,0.5068355814796678,0.5031249593105316,11,5,58,27,2,0,11,3,58,27,58,27,4,0,11,3,4,2,0.0,0.6666666666666666,1098
Joe O'Connor,Sascha Lippe,7,1105,988,0.6555229391190917,0.5726080638632601,55,27,324,159,45,13,255,104,108,55,303,148,46,26,64,36,4,2,0.0,0.6666666666666666,1098
Jake Nicholson,Darryl James,7,941,988,0.4360365854867152,0.47065874995421436,67,19,356,137,1,0,5,1,76,29,180,84,5,1,5,1,4,1,0.0,0.8,1098
Saqib Nasir,Heather Clare,7,1075,984,0.622303251187688,0.5566309599222533,69,35,376,198,1,0,4,0,48,21,220,116,4,0,4,0,4,0,0.0,1.0,1098
Andrew Milliard,Gene Lam,7,861,996,0.32218616531476235,0.41641688448272474,158,44,938,356,1,0,7,3,14,5,35,13,7,3,7,3,4,1,0.0,0.8,1098
Brett Miller,Phil O'Kane,7,978,1020,0.44278839657477087,0.4737740906279313,13,4,76,32,68,29,347,158,12,6,12,6,72,40,176,90,4,0,0.0,1.0,1098
Grant Miles,Andrew Alexandrou,7,978,839,0.6826800016944434,0.5860112044388707,2,0,11,2,86,22,616,245,11,2,11,2,5,1,5,1,4,0,0.0,1.0,1098
Bash Maqsood,Sam Harvey,7,928,1021,0.37510296628937845,0.4421354272792655,16,3,88,30,99,42,518,244,6,2,16,4,32,13,138,60,4,2,0.0,0.6666666666666666,1098
Scott MacFarlane,Chris Norbury,7,1100,1094,0.5082025098106111,0.5037499296890819,140,91,999,569,242,115,1484,730,28,14,28,14,21,11,256,89,4,2,0.0,0.6666666666666666,1098
William Lemons,Dessie Sheehan,7,1005,744,0.8124499949726253,0.6575736106164225,25,10,141,64,167,34,1280,475,12,5,117,57,38,15,76,29,4,1,0.0,0.8,1098
Lukas Kleckers,Nico Elton,7,1022,1098,0.3973295650806627,0.45264238185691075,21,9,108,50,49,23,268,132,49,22,104,50,87,49,233,120,4,0,0.0,1.0,1098
Rune Kampe,Peter Delaney,7,977,837,0.6838913574482577,0.5866175789173301,12,3,65,24,28,6,187,61,7,3,17,8,4,0,4,0,4,1,0.0,0.8,1098
Chris Jones,Simon Dent,7,951,997,0.43738543058720863,0.4712816430485603,13,2,68,21,16,6,85,39,20,8,41,16,31,14,49,24,4,3,0.0,0.5714285714285714,1098
Duane Jones,Peter Devlin,7,1269,977,0.8389762354745806,0.6748052725823135,103,61,585,337,13,5,62,25,78,41,305,178,19,9,58,25,4,0,0.0,1.0,1098
David John,Paul Davison,7,1087,1227,0.31610864255174254,0.41338242108267,61,31,423,213,596,320,4217,2167,26,13,26,13,126,59,622,304,4,2,0.0,0.6666666666666666,1098
Kuldesh Johal,Mike Finn,7,1227,963,0.8151364341594428,0.6592603884513855,191,108,1273,682,4,1,18,4,55,30,55,30,4,0,4,0,4,3,0.0,0.5714285714285714,1098
Nick Jennings,Adrian Rosa,7,1080,1234,0.29937471450906367,0.40492152613386595,99,47,545,269,268,148,2119,1089,36,16,80,36,11,7,11,7,4,2,0.0,0.6666666666666666,1098
Jeff Jacobs,Ahmed Saif,7,922,959,0.44955793756481255,0.4768914745109111,22,5,115,41,31,6,184,53,36,13,101,39,0,0,170,52,4,1,0.0,0.8,1098
Ashley Hugill,Joe Steele,7,1073,965,0.644151517953897,0.5670929049654543,38,18,202,97,51,20,260,111,129,68,202,97,55,24,226,102,4,0,0.0,1.0,1098
Ross Higgins,Rhydian Ap Owen,7,920,1007,0.3829018450543893,0.44583834723635146,41,11,209,76,2,1,9,5,43,17,172,71,9,5,9,5,4,0,0.0,1.0,1098
Andy Hicks,Stephen Ormerod,7,1251,868,0.9013844742212599,0.7226209843749648,560,302,4625,2400,96,28,654,258,54,28,109,51,7,3,17,8,4,1,0.0,0.8,1098
Ben Harrison,Joshua Baddeley,7,1135,994,0.685100616527281,0.587223690839335,122,64,673,354,13,6,71,34,7,3,138,71,35,16,71,34,4,1,0.0,0.8,1098
Leo Fernandez,Ryan Causton,7,1247,1093,0.7006252854909363,0.595078473866134,398,241,3038,1644,102,53,547,271,93,47,156,87,59,30,296,155,4,0,0.0,1.0,1098
Reanne Evans,Erik Wilson,7,1023,1008,0.5204982038546295,0.5093739015216607,117,41,627,256,2,1,12,7,19,8,199,94,12,7,12,7,4,0,0.0,1.0,1098
Adam Edge,Jamie Clarke,7,991,1250,0.1893551436986179,0.34355312754339407,28,10,157,70,103,55,583,313,56,26,135,59,117,66,441,252,4,2,0.0,0.6666666666666666,1098
Adam Duffy,Lewis Frampton,7,1212,920,0.8389762354745806,0.6748052725823135,248,127,1552,794,16,4,81,27,146,79,547,266,6,2,53,22,4,1,0.0,0.8,1098
Callum Downing,Luke Garland,7,1033,1072,0.44684812561516707,0.47564429123179275,32,14,176,82,21,13,120,65,17,8,46,23,20,12,120,65,4,3,0.0,0.5714285714285714,1098
Matthew Day,Josh Boileau,7,1113,1121,0.48906395814377107,0.4950001666600003,120,57,647,318,42,24,217,118,23,12,298,158,56,34,173,98,4,1,0.0,0.8,1098
Alex Davies,Boon Chin Ang,7,1173,991,0.732748880507422,0.6118273690017371,202,99,1243,617,1,0,6,2,5,1,377,173,6,2,6,2,4,1,0.0,0.8,1098
Sam Craigie,James McGouran,7,1294,1178,0.6542665688127887,0.5719961329315186,92,49,545,291,112,65,730,394,101,65,105,65,12,7,12,7,4,1,0.0,0.8,1098
Dylan Craig,Julian Mills,7,1110,990,0.6592810606298003,0.574442516811659,40,23,219,119,101,46,710,342,61,34,185,100,40,21,40,21,4,3,0.0,0.5714285714285714,1098
Darren Cook,Eddie Manning,7,1050,1125,0.3986489708076568,0.45326184801538616,46,23,256,126,259,142,1981,1034,17,9,145,75,15,9,15,9,4,0,0.0,1.0,1098
Rhys Clark,Robert Cloherty,7,1096,957,0.6826800016944434,0.5860112044388707,60,26,343,159,3,0,13,1,67,22,271,123,5,1,5,1,4,0,0.0,1.0,1098
Brian Cini,Hans Blanckaert,7,1016,886,0.6716853028295744,0.5805423048206596,25,11,127,63,100,24,526,188,56,28,127,63,25,5,169,68,4,0,0.0,1.0,1098
Jordan Church,Gareth Green,7,987,1068,0.3907515745539448,0.4495472886604723,10,4,59,28,54,26,304,139,13,7,34,16,7,3,158,79,4,1,0.0,0.8,1098
Greg Casey,David Singh,7,1033,989,0.5599145707304132,0.5274723043445937,5,3,29,16,168,65,1110,479,23,14,23,14,8,4,72,34,4,2,0.0,0.6666666666666666,1098
Ashley Carty,Adam Chalkley,7,1194,951,0.7957969165005263,0.647370307581549,82,43,472,244,32,11,172,72,87,52,409,217,9,4,9,4,4,1,0.0,0.8,1098
Sean Bullock,Conor McCormack,7,1015,939,0.6026704349193375,0.5473576181430894,9,3,54,23,12,3,59,19,4,0,4,0,39,14,59,19,4,1,0.0,0.8,1098
Oliver Brown,Marc Davis,7,1184,1080,0.6390526295107546,0.5646362918030292,136,59,737,348,94,40,500,231,74,38,398,217,39,20,218,120,4,1,0.0,0.8,1098
Jordan Brown,Ben Jones,7,1143,1044,0.6326419490877371,0.5615610703361955,74,40,478,244,59,29,312,153,38,16,81,36,68,35,239,116,4,0,0.0,1.0,1098
John Beesley,Josh Harrison,7,946,990,0.44008542926958705,0.47252769565540637,11,3,56,21,2,1,10,4,5,1,37,12,10,4,10,4,4,3,0.0,0.5714285714285714,1098
Jamie Barrett,Corey Deuel,7,1058,976,0.6105601107289808,0.551071269307342,33,14,187,92,3,0,16,4,18,8,54,28,6,2,16,4,4,3,0.0,0.5714285714285714,1098
Gareth Allen,Andy Marriott,7,1166,923,0.7957969165005263,0.647370307581549,124,60,696,343,18,4,100,36,104,48,369,182,7,3,55,17,4,2,0.0,0.6666666666666666,1098
Chen Zhe,Jason Tart,7,1150,940,0.7629243149475251,0.6283161882953663,153,76,939,466,8,1,42,11,18,5,394,176,6,2,21,6,4,2,0.0,0.6666666666666666,1098
Zhao Xintong,Andreas Ploner,7,1330,1054,0.8256265088413395,0.6659669267518202,63,36,410,228,37,16,195,90,97,60,341,189,47,25,171,77,4,1,0.0,0.8,1098
Sydney Wilson,Lukas Kleckers,7,1119,1022,0.6300664956451868,0.5603296426885532,134,50,777,352,21,9,108,50,87,31,409,192,49,22,104,50,4,3,0.0,0.5714285714285714,1098
Michael Williams,Scott MacFarlane,7,1055,1100,0.4387350506415305,0.4719046255916129,29,14,143,75,140,91,999,569,63,32,143,75,28,14,28,14,4,1,0.0,0.8,1098
Daniel Wells,Duane Jones,7,1228,1269,0.44414095234189266,0.47439741167538224,265,130,1762,876,103,61,585,337,135,74,562,269,78,41,305,178,4,1,0.0,0.8,1098
Darryn Walker,Grant Miles,7,1126,978,0.6935058085008956,0.5914589784327801,263,141,2119,1103,2,0,11,2,6,2,6,2,11,2,11,2,4,2,0.0,0.6666666666666666,1098
Alexander Ursenbacher,Robin Otto,7,1119,985,0.6765921632853334,0.5829754542011996,53,20,316,139,11,5,58,27,59,37,286,123,58,27,58,27,4,1,0.0,0.8,1098
Wayne Townsend,Brian Cini,7,987,1016,0.46042091137016095,0.4818829349568186,28,13,187,92,25,11,127,63,7,3,33,11,56,28,127,63,4,0,0.0,1.0,1098
Luke Simmonds,Jamie O'Neill,7,1202,1192,0.51366902727117,0.5062496744995104,99,54,694,360,267,138,1699,876,42,20,42,20,17,8,323,150,4,3,0.0,0.5714285714285714,1098
Lin Shuai,Gareth Allen,7,1074,1166,0.37639911510945645,0.44275214540144436,31,14,184,84,124,60,696,343,36,15,143,63,104,48,369,182,4,2,0.0,0.6666666666666666,1098
Eden Sharav,William Lemons,7,1172,1005,0.7157709624772323,0.6028848673274662,72,41,411,210,25,10,141,64,88,35,296,150,12,5,117,57,4,0,0.0,1.0,1098
Brandon Sargeant,Adam Edge,7,1032,991,0.5558590476581076,0.5256025883246178,32,14,173,82,28,10,157,70,62,32,153,78,56,26,135,59,4,1,0.0,0.8,1098
Shachar Ruberg,Joe O'Connor,7,1021,1105,0.3868205508364956,0.4476920904256748,22,8,147,60,55,27,324,159,22,9,108,45,108,55,303,148,4,3,0.0,0.5714285714285714,1098
Jake Nicholson,Jordan Church,7,941,987,0.43738543058720863,0.4712816430485603,67,19,356,137,10,4,59,28,76,29,180,84,13,7,34,16,4,1,0.0,0.8,1098
Saqib Nasir,Andrew Milliard,7,1075,861,0.7670671244589201,0.6306485256510744,69,35,376,198,158,44,938,356,48,21,220,116,14,5,35,13,4,0,0.0,1.0,1098
Brett Miller,Wang Zepeng,7,978,1079,0.3647889315421975,0.43720825986135486,13,4,76,32,28,13,156,74,12,6,12,6,30,16,142,70,4,2,0.0,0.6666666666666666,1098
Bash Maqsood,Mitchell Travis,7,928,1158,0.2167953403729519,0.36008390326226586,16,3,88,30,107,54,620,302,6,2,16,4,15,9,359,185,4,3,0.0,0.5714285714285714,1098
Nick Jennings,John Beesley,7,1080,946,0.6765921632853334,0.5829754542011996,99,47,545,269,11,3,56,21,36,16,80,36,5,1,37,12,4,0,0.0,1.0,1098
Ashley Hugill,Ashley Carty,7,1073,1194,0.3394699373735689,0.424946451444212,38,18,202,97,82,43,472,244,129,68,202,97,87,52,409,217,4,1,0.0,0.8,1098
Ross Higgins,Jason Weston,7,920,1166,0.20136418507919251,0.3509194757554267,41,11,209,76,283,158,2199,1164,43,17,172,71,96,43,112,51,4,2,0.0,0.6666666666666666,1098
Andy Hicks,Sean Bullock,7,1251,1015,0.7890748963496146,0.6433651456944017,560,302,4625,2400,9,3,54,23,54,28,109,51,4,0,4,0,4,2,0.0,0.6666666666666666,1098
Ben Harrison,Jeff Jacobs,7,1135,922,0.7660354477872332,0.6300660082850182,122,64,673,354,22,5,115,41,7,3,138,71,36,13,101,39,4,0,0.0,1.0,1098
Leo Fernandez,Matthew Day,7,1247,1113,0.6765921632853334,0.5829754542011996,398,241,3038,1644,120,57,647,318,93,47,156,87,23,12,298,158,4,1,0.0,0.8,1098
Reanne Evans,Greg Casey,7,1023,1033,0.4863309727288301,0.49375032550048964,117,41,627,256,5,3,29,16,19,8,199,94,23,14,23,14,4,2,0.0,0.6666666666666666,1098
Adam Duffy,David John,7,1212,1087,0.6655072126279344,0.5774953651858118,248,127,1552,794,61,31,423,213,146,79,547,266,26,13,26,13,4,2,0.0,0.6666666666666666,1098
Callum Downing,Rune Kampe,7,1033,977,0.5760654606907909,0.5349429451582145,32,14,176,82,12,3,65,24,17,8,46,23,7,3,17,8,4,1,0.0,0.8,1098
Alex Davies,Hammad Miah,7,1173,1197,0.4672268289773793,0.4850044983805899,202,99,1243,617,73,32,452,205,5,1,377,173,150,87,434,199,4,3,0.0,0.5714285714285714,1098
Sam Craigie,Jordan Brown,7,1294,1143,0.6970755073607001,0.5932699921071872,92,49,545,291,74,40,478,244,101,65,105,65,38,16,81,36,4,2,0.0,0.6666666666666666,1098
Dylan Craig,Chris Jones,7,1110,951,0.7064965786766507,0.5980868603322034,40,23,219,119,13,2,68,21,61,34,185,100,20,8,41,16,4,0,0.0,1.0,1098
Rhys Clark,Kuldesh Johal,7,1096,1227,0.32708497904170997,0.41884903571060617,60,26,343,159,191,108,1273,682,67,22,271,123,55,30,55,30,4,2,0.0,0.6666666666666666,1098
Oliver Brown,Elliot Slessor,7,1184,1190,0.4917974901893887,0.496250070310918,136,59,737,348,84,36,490,229,74,38,398,217,72,43,369,173,4,1,0.0,0.8,1098
Jamie Barrett,Darren Cook,7,1058,1050,0.510936041856229,0.5049998333399998,33,14,187,92,46,23,256,126,18,8,54,28,17,9,145,75,4,0,0.0,1.0,1098
Chen Zhe,Lin Shuai,7,1150,1074,0.6026704349193375,0.5473576181430894,153,76,939,466,31,14,184,84,18,5,394,176,36,15,143,63,4,0,0.0,1.0,1098
Zhao Xintong,Michael Williams,7,1330,1055,0.8247679763275149,0.665410558746814,63,36,410,228,29,14,143,75,97,60,341,189,63,32,143,75,4,0,0.0,1.0,1098
Sydney Wilson,Saqib Nasir,7,1119,1075,0.5599145707304132,0.5274723043445937,134,50,777,352,69,35,376,198,87,31,409,192,48,21,220,116,4,0,0.0,1.0,1098
Daniel Wells,Bash Maqsood,7,1228,928,0.8453785395674661,0.679178699175393,265,130,1762,876,16,3,88,30,135,74,562,269,6,2,16,4,4,2,0.0,0.6666666666666666,1098
Alexander Ursenbacher,Jamie Barrett,7,1119,1058,0.5827567809217526,0.5380512843858591,53,20,316,139,33,14,187,92,59,37,286,123,18,8,54,28,4,3,0.0,0.5714285714285714,1098
Luke Simmonds,Nick Jennings,7,1202,1080,0.661777191191235,0.5756643510425494,99,54,694,360,99,47,545,269,42,20,42,20,36,16,80,36,4,0,0.0,1.0,1098
Eden Sharav,Brett Miller,7,1172,978,0.7459292301495708,0.6189278548001903,72,41,411,210,13,4,76,32,88,35,296,150,12,6,12,6,4,1,0.0,0.8,1098
Shachar Ruberg,Brandon Sargeant,7,1021,1032,0.48496472766542054,0.4931254332354657,22,8,147,60,32,14,173,82,22,9,108,45,62,32,153,78,4,3,0.0,0.5714285714285714,1098
Ashley Hugill,Reanne Evans,7,1073,1023,0.5680051367615364,0.5312093733737563,38,18,202,97,117,41,627,256,129,68,202,97,19,8,199,94,4,1,0.0,0.8,1098
Ross Higgins,Jake Nicholson,7,920,941,0.4713154170628733,0.4868780138177567,41,11,209,76,67,19,356,137,43,17,172,71,76,29,180,84,4,2,0.0,0.6666666666666666,1098
Andy Hicks,Darryn Walker,7,1251,1126,0.6655072126279344,0.5774953651858118,560,302,4625,2400,263,141,2119,1103,54,28,109,51,6,2,6,2,4,1,0.0,0.8,1098
Leo Fernandez,Oliver Brown,7,1247,1184,0.5854263042586716,0.5392938058983595,398,241,3038,1644,136,59,737,348,93,47,156,87,74,38,398,217,4,3,0.0,0.5714285714285714,1098
Adam Duffy,Sam Craigie,7,1212,1294,0.3894398892710193,0.448928730692658,248,127,1552,794,92,49,545,291,146,79,547,266,101,65,105,65,4,2,0.0,0.6666666666666666,1098
Callum Downing,Dylan Craig,7,1033,1110,0.39601140843867844,0.4520230623632036,32,14,176,82,40,23,219,119,17,8,46,23,61,34,185,100,4,0,0.0,1.0,1098
Alex Davies,Ben Harrison,7,1173,1135,0.5517972899579606,0.523732154126561,202,99,1243,617,122,64,673,354,5,1,377,173,7,3,138,71,4,0,0.0,1.0,1098
Rhys Clark,Wayne Townsend,7,1096,987,0.6454220086166967,0.5677065480733601,60,26,343,159,28,13,187,92,67,22,271,123,7,3,33,11,4,1,0.0,0.8,1098
Chen Zhe,Ashley Hugill,7,1150,1073,0.6039885915613215,0.5479769376367963,153,76,939,466,38,18,202,97,18,5,394,176,129,68,202,97,4,2,0.0,0.6666666666666666,1098
Sydney Wilson,Ross Higgins,7,1119,920,0.7513122476997512,0.6218716423074662,134,50,777,352,41,11,209,76,87,31,409,192,43,17,172,71,4,1,0.0,0.8,1098
Daniel Wells,Luke Simmonds,7,1228,1202,0.5354968818114487,0.5162442810620724,265,130,1762,876,99,54,694,360,135,74,562,269,42,20,42,20,4,3,0.0,0.5714285714285714,1098
Alexander Ursenbacher,Zhao Xintong,7,1119,1330,0.23603596210077177,0.3711001618483768,53,20,316,139,63,36,410,228,59,37,286,123,97,60,341,189,4,3,0.0,0.5714285714285714,1098
Eden Sharav,Callum Downing,7,1172,1033,0.6826800016944434,0.5860112044388707,72,41,411,210,32,14,176,82,88,35,296,150,17,8,46,23,4,1,0.0,0.8,1098
Leo Fernandez,Alex Davies,7,1247,1173,0.6000303895586184,0.5461185410457796,398,241,3038,1644,202,99,1243,617,93,47,156,87,5,1,377,173,4,3,0.0,0.5714285714285714,1098
Adam Duffy,Andy Hicks,7,1212,1251,0.44684812561516707,0.47564429123179275,248,127,1552,794,560,302,4625,2400,146,79,547,266,54,28,109,51,4,0,0.0,1.0,1098
Rhys Clark,Shachar Ruberg,7,1096,1021,0.6013510291923431,0.5467381519846138,60,26,343,159,22,8,147,60,67,22,271,123,22,9,108,45,4,0,0.0,1.0,1098
Sydney Wilson,Chen Zhe,7,1119,1150,0.4577018760615691,0.4806346917700681,134,50,777,352,153,76,939,466,87,31,409,192,18,5,394,176,4,1,0.0,0.8,1098
Daniel Wells,Alexander Ursenbacher,7,1228,1119,0.6454220086166967,0.5677065480733601,265,130,1762,876,53,20,316,139,135,74,562,269,59,37,286,123,4,1,0.0,0.8,1098
Eden Sharav,Adam Duffy,7,1172,1212,0.44549420086403224,0.47502081252106,72,41,411,210,248,127,1552,794,88,35,296,150,146,79,547,266,4,3,0.0,0.5714285714285714,1098
Rhys Clark,Leo Fernandez,7,1096,1247,0.3029244926392998,0.4067300078928128,60,26,343,159,398,241,3038,1644,67,22,271,123,93,47,156,87,4,1,0.0,0.8,1098
Cao Yupeng,Ross Muir,19,1248,1137,0.729677395623025,0.5689332093695465,166,84,1195,605,82,31,525,231,65,29,581,281,110,46,477,209,10,8,0.0,0.5555555555555556,1095
Zhou Yuelong,Zak Surety,19,1297,1134,0.815097404602695,0.6004882745269664,70,36,454,236,84,38,479,227,160,88,376,203,81,34,318,151,10,8,0.0,0.5555555555555556,1095
Ben Woollaston,Sean O'Sullivan,19,1373,1265,0.7241956922090544,0.5670929049654543,421,243,2768,1488,132,59,816,387,199,110,840,457,131,71,542,263,10,8,0.0,0.5555555555555556,1095
Gary Wilson,Eden Sharav,19,1259,1219,0.5873700253670554,0.52497918747894,294,172,1868,1021,77,46,436,230,108,52,663,353,113,55,321,170,10,5,0.0,0.6666666666666666,1095
Robbie Williams,Lee Page,19,1285,1080,0.8698600780254463,0.6253923497205511,274,153,1689,870,203,99,1225,604,136,71,704,360,21,10,296,117,10,3,0.0,0.7692307692307693,1095
Jimmy White,James Wattana,19,1194,1139,0.619254590398306,0.5343209436693046,1357,768,11746,6198,751,418,6376,3375,61,24,623,287,86,31,498,217,10,3,0.0,0.7692307692307693,1095
Michael White,Steven Hallworth,19,1378,1021,0.9738096088445801,0.7094058152553435,308,174,2184,1169,46,15,271,111,229,124,903,492,65,19,238,98,10,8,0.0,0.5555555555555556,1095
Liang Wenbo,Chris Norbury,19,1464,1086,0.9798338262223268,0.7201085268004915,443,268,3044,1683,243,115,1490,732,296,175,1044,601,27,13,262,91,10,4,0.0,0.7142857142857143,1095
Lee Walker,David Morris,19,1278,1257,0.5461457182470236,0.5131219861822433,386,220,3020,1580,225,116,1679,847,143,76,249,127,91,41,539,279,10,9,0.0,0.5263157894736842,1095
Chris Wakelin,Nico Elton,19,1273,1081,0.8542933759894712,0.617747874769249,84,43,555,281,50,23,272,132,127,64,548,278,91,49,237,120,10,6,0.0,0.625,1095
Thepchaiya Un-Nooh,Barry Pinches,19,1440,1171,0.9294369369071822,0.6620627248063988,201,117,1462,780,691,359,5435,2820,233,132,813,434,76,27,531,241,10,8,0.0,0.5555555555555556,1095
Thanawat Thirapongpaiboon,Kyren Wilson,19,1189,1463,0.06700664580939115,0.3351462695940264,159,72,1104,525,269,163,1746,961,94,44,480,213,259,155,729,404,10,3,0.0,0.7692307692307693,1095
Joe Swail,Alexander Ursenbacher,19,1292,1156,0.7730862495294097,0.5841905229354074,751,408,5964,3115,59,25,348,160,170,84,720,371,91,58,318,144,10,4,0.0,0.7142857142857143,1095
Matthew Stevens,Ahmed Saif,19,1318,959,0.9744431991462356,0.7104354810428751,832,493,6500,3549,33,7,194,58,107,53,837,423,10,5,180,57,10,5,0.0,0.6666666666666666,1095
Craig Steadman,Rhys Clark,19,1259,1159,0.7093094464382455,0.5621765008857981,347,195,2277,1212,65,31,367,179,90,38,645,319,91,42,295,143,10,5,0.0,0.6666666666666666,1095
Matthew Selt,Lyu Chenwei,19,1450,1028,0.988682069677934,0.7417338799314313,408,224,2850,1490,37,12,222,88,271,152,894,498,60,19,194,80,10,8,0.0,0.5555555555555556,1095
Noppon Saengkham,Lukas Kleckers,19,1282,1043,0.9048957080208625,0.645084137572727,120,53,858,399,24,11,125,61,157,73,638,315,66,33,121,61,10,6,0.0,0.625,1095
Jimmy Robertson,Thor Chuan Leong,19,1356,1059,0.947558470370421,0.6775422953274692,350,188,2332,1203,27,9,161,64,170,95,795,429,133,61,161,64,10,7,0.0,0.5882352941176471,1095
Dechawat Poomjaeng,Daniel Wells,19,1296,1257,0.5852205880282355,0.5243557087682073,186,103,1333,679,270,135,1792,896,120,58,891,467,165,94,592,289,10,8,0.0,0.5555555555555556,1095
Tian Pengfei,Rory McLeod,19,1462,1342,0.7457806230499152,0.574442516811659,286,167,1898,1030,474,262,3610,1896,175,108,746,418,143,77,642,324,10,2,0.0,0.8333333333333334,1095
Fraser Patrick,Brandon Sargeant,19,1178,1050,0.7596499792629583,0.5793242521487495,151,65,986,457,35,16,190,93,73,29,466,208,79,43,170,89,10,3,0.0,0.7692307692307693,1095
Andrew Pagett,Lyu Haotian,19,1130,1152,0.45166766983077045,0.486253465097645,233,105,1531,738,65,25,449,197,0,0,373,157,22,13,343,149,10,8,0.0,0.5555555555555556,1095
Fergal O'Brien,Hammad Miah,19,1352,1193,0.8092056355950423,0.5980868603322034,742,426,5755,3042,74,32,459,208,149,77,707,376,157,90,441,202,10,5,0.0,0.6666666666666666,1095
Robert Milkins,William Lemons,19,1355,1005,0.9714850402571423,0.7057850278370112,689,422,5122,2805,28,12,156,72,200,115,1136,622,27,13,132,65,10,6,0.0,0.625,1095
Alan McManus,Michael Wasley,19,1442,1241,0.8652011760245274,0.6230466603666162,828,497,6984,3708,236,117,1502,739,142,80,954,532,78,28,674,328,10,5,0.0,0.6666666666666666,1095
Anthony McGill,Hossein Vafaei,19,1355,1216,0.7780107211674285,0.5860112044388707,320,192,2008,1104,35,20,264,136,172,93,835,453,86,44,191,99,10,3,0.0,0.7692307692307693,1095
Mitchell Mann,Alfie Burden,19,1155,1310,0.19680285039089362,0.4043192693921528,165,79,978,482,571,309,4199,2175,85,34,279,125,110,57,642,324,10,4,0.0,0.7142857142857143,1095
Kurt Maflin,David Grace,19,1295,1274,0.5461457182470236,0.5131219861822433,415,243,2745,1486,243,114,1599,776,107,53,777,416,171,88,583,274,10,5,0.0,0.6666666666666666,1095
Jack Lisowski,Allan Taylor,19,1351,1188,0.815097404602695,0.6004882745269664,302,182,1950,1065,222,110,1282,653,150,78,755,400,87,35,361,143,10,7,0.0,0.5882352941176471,1095
Peter Lines,Rodion Judin,19,1236,968,0.9287081179705448,0.6615031592029524,676,368,4990,2599,4,1,20,5,98,47,612,291,16,5,20,5,10,6,0.0,0.625,1095
Oliver Lines,Ian Glover,19,1266,1124,0.7828720685045708,0.5878295384825115,115,65,670,358,161,69,971,462,143,75,513,281,82,31,278,125,10,7,0.0,0.5882352941176471,1095
Rod Lawler,Michael Tomlinson,19,1299,1040,0.9218796042368589,0.6564468724566059,716,398,5566,2910,26,12,155,74,121,60,742,384,0,0,155,74,10,4,0.0,0.7142857142857143,1095
Mark King,Michael Leslie,19,1386,1119,0.9279733898945238,0.6609431415591629,786,437,5825,3048,109,33,691,278,172,100,821,436,93,38,471,197,10,7,0.0,0.5882352941176471,1095
Mark Joyce,Ian Burns,19,1352,1300,0.6129360473306419,0.5324543063873187,363,194,2606,1327,249,136,1536,805,142,81,723,373,138,69,656,336,10,6,0.0,0.625,1095
Jak Jones,Aditya Mehta,19,1092,1274,0.15852255640442833,0.3881726309982629,121,49,752,336,228,115,1578,789,0,0,215,76,120,57,651,340,10,7,0.0,0.5882352941176471,1095
Jamie Jones,Ashley Carty,19,1375,1198,0.8347932741848034,0.6088545692109504,386,232,2560,1395,85,45,486,253,160,87,770,410,101,61,423,226,10,3,0.0,0.7692307692307693,1095
Robin Hull,Martin McCrudden,19,1301,1049,0.9162252309503702,0.6524894621927444,439,266,3406,1877,17,9,91,45,50,22,349,165,0,0,46,29,10,3,0.0,0.7692307692307693,1095
Michael Holt,Sydney Wilson,19,1422,1169,0.9170517764058509,0.6530561132866127,652,386,4820,2576,139,55,803,372,229,131,968,521,113,51,435,212,10,3,0.0,0.7692307692307693,1095
Darryl Hill,James Cahill,19,1034,1164,0.2369498537625736,0.41945769517934034,36,13,218,94,97,34,612,260,71,25,191,81,88,33,405,171,10,9,0.0,0.5263157894736842,1095
Liam Highfield,Oliver Brown,19,1300,1203,0.7036293713965621,0.5603296426885532,258,140,1721,908,139,61,754,359,89,43,644,341,91,49,415,228,10,1,0.0,0.9090909090909091,1095
Andrew Higginson,Scott Donaldson,19,1382,1243,0.7780107211674285,0.5860112044388707,611,370,4334,2388,145,76,935,464,168,92,779,411,106,48,729,360,10,8,0.0,0.5555555555555556,1095
Li Hang,Chris Melling,19,1328,1148,0.8388259009383668,0.610639233949222,162,81,1134,578,154,87,1053,553,132,69,578,304,60,23,196,88,10,1,0.0,0.9090909090909091,1095
Xiao Guodong,Ong Jia Jun,19,1369,1000,0.9774174683869106,0.7155512239631054,303,175,2064,1134,0,0,0,0,103,53,786,442,0,0,0,0,10,1,0.0,0.9090909090909091,1095
Gerard Greene,Elliot Slessor,19,1265,1194,0.6523675048543702,0.5442588584178731,632,344,4765,2502,87,38,505,238,101,53,559,271,87,52,384,182,10,4,0.0,0.7142857142857143,1095
David Gilbert,George Pragnall,19,1424,1061,0.9756710113991722,0.7124883131320702,398,224,3052,1622,20,10,114,56,202,116,808,444,56,28,108,54,10,5,0.0,0.6666666666666666,1095
Tom Ford,Andrew Norman,19,1370,1122,0.9128555434510965,0.6502185485738271,479,274,3458,1843,317,149,2368,1150,195,110,720,366,0,0,247,106,10,2,0.0,0.8333333333333334,1095
Igor Figueiredo,Nigel Bond,19,1195,1270,0.33952569551444783,0.45326184801538616,74,39,539,267,783,438,6276,3326,0,0,63,31,97,45,590,292,10,3,0.0,0.7692307692307693,1095
Peter Ebdon,Lu Ning,19,1410,1115,0.9464037328077655,0.6764489333484797,930,537,7521,4047,52,18,360,156,176,103,739,386,79,31,248,102,10,6,0.0,0.625,1095
Mike Dunn,Itaro Santos,19,1383,921,0.9935299576071022,0.7604230019887311,617,332,4552,2357,70,22,391,158,191,110,745,395,7,1,7,1,10,4,0.0,0.7142857142857143,1095
Adam Duffy,Martin Gould,19,1244,1532,0.05780126576136985,0.32739298293223956,253,131,1580,813,516,312,3506,1922,174,98,575,285,175,107,1040,581,10,6,0.0,0.625,1095
Graeme Dott,Mark Owens,19,1475,979,0.9960751461691741,0.7755640142690734,715,420,5557,2983,40,13,218,91,161,95,1035,593,49,25,136,62,10,4,0.0,0.7142857142857143,1095
Ken Doherty,Reanne Evans,19,1328,1036,0.944633010840449,0.6748052725823135,1038,640,8555,4725,120,43,642,265,149,75,702,356,34,17,214,103,10,8,0.0,0.5555555555555556,1095
Yu Delu,Hans Blanckaert,19,1295,873,0.988682069677934,0.7417338799314313,192,98,1319,675,101,24,530,188,79,38,584,297,29,5,173,68,10,0,0.0,1.0,1095
Ryan Day,Jamie Clarke,19,1480,1238,0.9076078466975557,0.6467993925579857,725,441,5097,2812,105,56,595,319,231,140,1240,684,129,72,453,258,10,7,0.0,0.5882352941176471,1095
Steve Davis,Jamie Cope,19,1246,1313,0.35581136956281245,0.4582226307163632,1365,890,11602,6625,503,274,3409,1748,0,0,336,159,155,79,600,294,10,9,0.0,0.5263157894736842,1095
Mark Davis,Joe O'Connor,19,1455,1104,0.9718275291026923,0.706303891936407,875,527,6424,3505,57,28,337,166,197,117,1214,681,121,62,316,155,10,4,0.0,0.7142857142857143,1095
Alex Davies,Michael Georgiou,19,1209,1203,0.5132123015611022,0.5037499296890819,207,103,1270,636,126,57,751,364,32,20,404,192,115,50,407,214,10,6,0.0,0.625,1095
Dominic Dale,John Astley,19,1427,1129,0.9481282042822395,0.6780882495516275,767,446,5645,3026,118,55,719,334,179,107,1015,557,0,0,320,132,10,6,0.0,0.625,1095
Stuart Carrington,Joel Walker,19,1288,1249,0.5852205880282355,0.5243557087682073,226,121,1389,732,140,66,889,428,117,57,481,240,84,34,546,261,10,6,0.0,0.625,1095
Marcus Campbell,Ivaylo Pekov,19,1177,1000,0.8347932741848034,0.6088545692109504,672,363,4960,2538,3,1,14,5,19,11,477,205,0,0,4,0,10,2,0.0,0.8333333333333334,1095
Jamie Burnett,Alex Borg,19,1370,1170,0.8640183394074468,0.6224593312018546,605,354,4779,2550,320,140,2318,1071,114,66,566,293,53,32,358,155,10,8,0.0,0.5555555555555556,1095
Luca Brecel,Saqib Nasir,19,1385,1086,0.9486928875806805,0.6786337178522214,190,99,1311,682,72,37,388,206,180,106,677,360,60,29,232,124,10,0,0.0,1.0,1095
Sam Baird,Tony Drago,19,1306,1147,0.8092056355950423,0.5980868603322034,241,128,1637,848,706,348,5807,2872,105,55,732,383,40,10,447,199,10,7,0.0,0.5882352941176471,1095
Zhang Anda,Anthony Hamilton,19,1296,1301,0.4889891179715391,0.4968750406894683,217,106,1474,736,731,427,5729,3072,140,72,637,327,93,40,647,339,10,3,0.0,0.7692307692307693,1095
Robbie Williams,Dechawat Poomjaeng,19,1285,1296,0.4757881645224206,0.4931254332354657,274,153,1689,870,186,103,1333,679,136,71,704,360,120,58,891,467,10,8,0.0,0.5555555555555556,1095
Liang Wenbo,Zhou Yuelong,19,1464,1297,0.8208719499318822,0.6028848673274662,443,268,3044,1683,70,36,454,236,296,175,1044,601,160,88,376,203,10,5,0.0,0.6666666666666666,1095
Joe Swail,Dominic Dale,19,1292,1427,0.22856917611830138,0.41641688448272474,751,408,5964,3115,767,446,5645,3026,170,84,720,371,179,107,1015,557,10,9,0.0,0.5263157894736842,1095
Matthew Stevens,Peter Lines,19,1318,1236,0.6744777649630489,0.551071269307342,832,493,6500,3549,676,368,4990,2599,107,53,837,423,98,47,612,291,10,7,0.0,0.5882352941176471,1095
Craig Steadman,Michael White,19,1259,1378,0.2559828260578688,0.42616874240839064,347,195,2277,1212,308,174,2184,1169,90,38,645,319,229,124,903,492,10,5,0.0,0.6666666666666666,1095
Matthew Selt,Jimmy White,19,1450,1194,0.9194937055252321,0.6547534606063192,408,224,2850,1490,1357,768,11746,6198,271,152,894,498,61,24,623,287,10,8,0.0,0.5555555555555556,1095
Jimmy Robertson,Thanawat Thirapongpaiboon,19,1356,1189,0.8208719499318822,0.6028848673274662,350,188,2332,1203,159,72,1104,525,170,95,795,429,94,44,480,213,10,6,0.0,0.625,1095
Fergal O'Brien,Chris Wakelin,19,1352,1273,0.66850568123858,0.5492151291013335,742,426,5755,3042,84,43,555,281,149,77,707,376,127,64,548,278,10,8,0.0,0.5555555555555556,1095
Robert Milkins,Darryl Hill,19,1355,1034,0.9598979719971672,0.6905090012275708,689,422,5122,2805,36,13,218,94,200,115,1136,622,71,25,191,81,10,6,0.0,0.625,1095
Alan McManus,Andrew Pagett,19,1442,1130,0.9555876149358729,0.6856801139382539,828,497,6984,3708,233,105,1531,738,142,80,954,532,0,0,373,157,10,4,0.0,0.7142857142857143,1095
Anthony McGill,Cao Yupeng,19,1355,1248,0.7223560889491962,0.5664790559676278,320,192,2008,1104,166,84,1195,605,172,93,835,453,65,29,581,281,10,6,0.0,0.625,1095
Mitchell Mann,Gerard Greene,19,1155,1265,0.27214361928140535,0.4316800165217519,165,79,978,482,632,344,4765,2502,85,34,279,125,101,53,559,271,10,6,0.0,0.625,1095
Kurt Maflin,Steve Davis,19,1295,1246,0.6065866704738739,0.530586760182081,415,243,2745,1486,1365,890,11602,6625,107,53,777,416,0,0,336,159,10,1,0.0,0.9090909090909091,1095
Mark King,Marcus Campbell,19,1386,1177,0.8744035996764563,0.6277321638605189,786,437,5825,3048,672,363,4960,2538,172,100,821,436,19,11,477,205,10,6,0.0,0.625,1095
Jak Jones,Jack Lisowski,19,1092,1351,0.07812039576314111,0.34355312754339407,121,49,752,336,302,182,1950,1065,0,0,215,76,150,78,755,400,10,5,0.0,0.6666666666666666,1095
Jamie Jones,Tian Pengfei,19,1375,1462,0.3156706761212045,0.44583834723635146,386,232,2560,1395,286,167,1898,1030,160,87,770,410,175,108,746,418,10,5,0.0,0.6666666666666666,1095
Robin Hull,Ben Woollaston,19,1301,1373,0.3455989056121246,0.45512110762641994,439,266,3406,1877,421,243,2768,1488,50,22,349,165,199,110,840,457,10,6,0.0,0.625,1095
Michael Holt,Noppon Saengkham,19,1422,1282,0.7796382096421529,0.5866175789173301,652,386,4820,2576,120,53,858,399,229,131,968,521,157,73,638,315,10,2,0.0,0.8333333333333334,1095
Andrew Higginson,Luca Brecel,19,1382,1385,0.49339292025780557,0.498125008789013,611,370,4334,2388,190,99,1311,682,168,92,779,411,180,106,677,360,10,3,0.0,0.7692307692307693,1095
Li Hang,Gary Wilson,19,1328,1259,0.6482868635805126,0.5430183807243099,162,81,1134,578,294,172,1868,1021,132,69,578,304,108,52,663,353,10,7,0.0,0.5882352941176471,1095
Xiao Guodong,Liam Highfield,19,1369,1300,0.6482868635805126,0.5430183807243099,303,175,2064,1134,258,140,1721,908,103,53,786,442,89,43,644,341,10,5,0.0,0.6666666666666666,1095
Tom Ford,David Gilbert,19,1370,1424,0.38284806468158256,0.4663011645670992,479,274,3458,1843,398,224,3052,1622,195,110,720,366,202,116,808,444,10,8,0.0,0.5555555555555556,1095
Igor Figueiredo,Rod Lawler,19,1195,1299,0.2831993239280682,0.4353637081969708,74,39,539,267,716,398,5566,2910,0,0,63,31,121,60,742,384,10,9,0.0,0.5263157894736842,1095
Adam Duffy,Sam Baird,19,1244,1306,0.3661310472723167,0.46132739479349205,253,131,1580,813,241,128,1637,848,174,98,575,285,105,55,732,383,10,7,0.0,0.5882352941176471,1095
Graeme Dott,Fraser Patrick,19,1475,1178,0.947558470370421,0.6775422953274692,715,420,5557,2983,151,65,986,457,161,95,1035,593,73,29,466,208,10,2,0.0,0.8333333333333334,1095
Ken Doherty,Lee Walker,19,1328,1278,0.608706454900811,0.5312093733737563,1038,640,8555,4725,386,220,3020,1580,149,75,702,356,143,76,249,127,10,6,0.0,0.625,1095
Yu Delu,Mike Dunn,19,1295,1383,0.3137160787506259,0.4452207648927852,192,98,1319,675,617,332,4552,2357,79,38,584,297,191,110,745,395,10,7,0.0,0.5882352941176471,1095
Ryan Day,Alex Davies,19,1480,1209,0.9308769566787983,0.6631804950993565,725,441,5097,2812,207,103,1270,636,231,140,1240,684,32,20,404,192,10,2,0.0,0.8333333333333334,1095
Mark Davis,Oliver Lines,19,1455,1266,0.8505257904401684,0.6159753019181258,875,527,6424,3505,115,65,670,358,197,117,1214,681,143,75,513,281,10,7,0.0,0.5882352941176471,1095
Stuart Carrington,Peter Ebdon,19,1288,1410,0.25071216255194234,0.42433564895745063,226,121,1389,732,930,537,7521,4047,117,57,481,240,176,103,739,386,10,7,0.0,0.5882352941176471,1095
Jamie Burnett,Thepchaiya Un-Nooh,19,1370,1440,0.34967058986691646,0.4563613127629212,605,354,4779,2550,201,117,1462,780,114,66,566,293,233,132,813,434,10,8,0.0,0.5555555555555556,1095
Zhang Anda,Mark Joyce,19,1296,1352,0.37864635967266563,0.4650570548417855,217,106,1474,736,363,194,2606,1327,140,72,637,327,142,81,723,373,10,9,0.0,0.5263157894736842,1095
Robbie Williams,Michael Holt,19,1285,1422,0.2252652787145093,0.415202325282263,274,153,1689,870,652,386,4820,2576,136,71,704,360,229,131,968,521,10,5,0.0,0.6666666666666666,1095
Matthew Stevens,Joe Swail,19,1318,1292,0.5570630831556096,0.5162442810620724,832,493,6500,3549,751,408,5964,3115,107,53,837,423,170,84,720,371,10,5,0.0,0.6666666666666666,1095
Craig Steadman,Jamie Burnett,19,1259,1370,0.2703226043769745,0.43106679063045344,347,195,2277,1212,605,354,4779,2550,90,38,645,319,114,66,566,293,10,6,0.0,0.625,1095
Matthew Selt,Tom Ford,19,1450,1370,0.6705013585950822,0.549833997312478,408,224,2850,1490,479,274,3458,1843,271,152,894,498,195,110,720,366,10,8,0.0,0.5555555555555556,1095
Jimmy Robertson,Xiao Guodong,19,1356,1369,0.4713931605766388,0.4918757150937391,350,188,2332,1203,303,175,2064,1134,170,95,795,429,103,53,786,442,10,9,0.0,0.5263157894736842,1095
Robert Milkins,Andrew Higginson,19,1355,1382,0.44075848686275765,0.48313140430861523,689,422,5122,2805,611,370,4334,2388,200,115,1136,622,168,92,779,411,10,9,0.0,0.5263157894736842,1095
Alan McManus,Mitchell Mann,19,1442,1155,0.9415768785968437,0.6720562626502714,828,497,6984,3708,165,79,978,482,142,80,954,532,85,34,279,125,10,6,0.0,0.625,1095
Anthony McGill,Mark King,19,1355,1386,0.4320637950585922,0.4806346917700681,320,192,2008,1104,786,437,5825,3048,172,93,835,453,172,100,821,436,10,9,0.0,0.5263157894736842,1095
Kurt Maflin,Fergal O'Brien,19,1295,1352,0.37655097388069453,0.4644351620161461,415,243,2745,1486,742,426,5755,3042,107,53,777,416,149,77,707,376,10,9,0.0,0.5263157894736842,1095
Jamie Jones,Adam Duffy,19,1375,1244,0.7647400134102841,0.5811509642893937,386,232,2560,1395,253,131,1580,813,160,87,770,410,174,98,575,285,10,8,0.0,0.5555555555555556,1095
Robin Hull,Igor Figueiredo,19,1301,1195,0.7205103607783518,0.5658650028954817,439,266,3406,1877,74,39,539,267,50,22,349,165,0,0,63,31,10,4,0.0,0.7142857142857143,1095
Graeme Dott,Yu Delu,19,1475,1295,0.8388259009383668,0.610639233949222,715,420,5557,2983,192,98,1319,675,161,95,1035,593,79,38,584,297,10,7,0.0,0.5882352941176471,1095
Ryan Day,Jak Jones,19,1480,1092,0.9822522316214968,0.7251194977898231,725,441,5097,2812,121,49,752,336,231,140,1240,684,0,0,215,76,10,6,0.0,0.625,1095
Mark Davis,Ken Doherty,19,1455,1328,0.757939728688939,0.578714862460134,875,527,6424,3505,1038,640,8555,4725,197,117,1214,681,149,75,702,356,10,3,0.0,0.7692307692307693,1095
Stuart Carrington,Li Hang,19,1288,1328,0.41262997463294454,0.47502081252106,226,121,1389,732,162,81,1134,578,117,57,481,240,132,69,578,304,10,9,0.0,0.5263157894736842,1095
Zhang Anda,Liang Wenbo,19,1296,1464,0.17770277719259758,0.3965167501352737,217,106,1474,736,443,268,3044,1683,140,72,637,327,296,175,1044,601,10,9,0.0,0.5263157894736842,1095
Judd Trump,Stuart Carrington,19,1529,1288,0.9067103935731329,0.6462280583309002,653,436,4419,2577,226,121,1389,732,248,150,1555,922,117,57,481,240,10,6,0.0,0.625,1095
Matthew Stevens,Mark Williams,19,1318,1454,0.22691375047059054,0.4158094770645927,832,493,6500,3549,1129,737,8850,5057,107,53,837,423,228,137,1130,653,10,2,0.0,0.8333333333333334,1095
Mark Selby,Kurt Maflin,19,1532,1295,0.9030545026227834,0.643938555965633,849,576,6142,3553,415,243,2745,1486,274,172,1577,961,107,53,777,416,10,9,0.0,0.5263157894736842,1095
Neil Robertson,Jamie Jones,19,1571,1375,0.8592142539015748,0.6201064323430902,720,467,5333,3025,386,232,2560,1395,170,111,1579,946,160,87,770,410,10,2,0.0,0.8333333333333334,1095
Joe Perry,Zhang Anda,19,1471,1296,0.8320679754433805,0.6076631698328917,855,500,6234,3353,217,106,1474,736,241,139,1218,688,140,72,637,327,10,4,0.0,0.7142857142857143,1095
Ronnie O'Sullivan,Craig Steadman,19,1745,1259,0.9954431579840651,0.7711824455558168,1039,789,9235,5613,347,195,2277,1212,0,0,759,504,90,38,645,319,10,3,0.0,0.7692307692307693,1095
Shaun Murphy,Robin Hull,19,1550,1301,0.9137075400336618,0.6507869207968349,837,545,6123,3483,439,266,3406,1877,204,126,1414,826,50,22,349,165,10,3,0.0,0.7692307692307693,1095
Anthony McGill,Stephen Maguire,19,1355,1445,0.30982296807766957,0.44398610945538003,320,192,2008,1104,758,505,5609,3191,172,93,835,453,189,97,1374,792,10,9,0.0,0.5263157894736842,1095
Ding Junhui,Mark Davis,19,1504,1455,0.6065866704738739,0.530586760182081,585,392,4316,2470,875,527,6424,3505,153,87,1207,725,197,117,1214,681,10,7,0.0,0.5882352941176471,1095
John Higgins,Robert Milkins,19,1513,1355,0.8077144337023154,0.5974857658270161,1203,851,9751,5760,689,422,5122,2805,307,186,1291,763,200,115,1136,622,10,5,0.0,0.6666666666666666,1095
Barry Hawkins,Matthew Selt,19,1489,1450,0.5852205880282355,0.5243557087682073,737,453,5294,2941,408,224,2850,1490,133,81,1260,713,271,152,894,498,10,9,0.0,0.5263157894736842,1095
Marco Fu,Jimmy Robertson,19,1471,1356,0.7368984631390643,0.5713839816769324,713,425,5341,2908,350,188,2332,1203,251,152,1332,767,170,95,795,429,10,6,0.0,0.625,1095
Graeme Dott,Ricky Walden,19,1475,1456,0.5417682565323138,0.5118727677562528,715,420,5557,2983,638,394,4600,2565,161,95,1035,593,151,90,1245,706,10,8,0.0,0.5555555555555556,1095
Ali Carter,Alan McManus,19,1527,1442,0.680404274354107,0.5529259881329059,739,445,5292,2914,828,497,6984,3708,148,88,782,448,142,80,954,532,10,5,0.0,0.6666666666666666,1095
Stuart Bingham,Robbie Williams,19,1417,1285,0.7664230377765949,0.5817593768418363,848,531,6251,3549,274,153,1689,870,201,112,1357,795,136,71,704,360,10,7,0.0,0.5882352941176471,1095
Mark Allen,Ryan Day,19,1519,1480,0.5852205880282355,0.5243557087682073,583,375,3949,2223,725,441,5097,2812,231,141,1106,667,231,140,1240,684,10,3,0.0,0.7692307692307693,1095
Judd Trump,Marco Fu,25,1529,1471,0.6428113402044435,0.5361866202317948,653,436,4419,2577,713,425,5341,2908,248,150,1555,922,251,152,1332,767,13,8,0.0,0.6190476190476191,1095
Neil Robertson,Ali Carter,25,1571,1527,0.6093762783728196,0.5274723043445937,720,467,5333,3025,739,445,5292,2914,170,111,1579,946,148,88,782,448,13,5,0.0,0.7222222222222222,1095
Ronnie O'Sullivan,Matthew Stevens,25,1745,1318,0.9958050086141218,0.7441211943032843,1039,789,9235,5613,832,493,6500,3549,0,0,759,504,107,53,837,423,13,5,0.0,0.7222222222222222,1095
Shaun Murphy,Joe Perry,25,1550,1471,0.6908674035996659,0.5492151291013335,837,545,6123,3483,855,500,6234,3353,204,126,1414,826,241,139,1218,688,13,5,0.0,0.7222222222222222,1095
Anthony McGill,Mark Selby,25,1355,1532,0.13287556186808785,0.3911454307890496,320,192,2008,1104,849,576,6142,3553,172,93,835,453,274,172,1577,961,13,9,0.0,0.5909090909090909,1095
Ding Junhui,John Higgins,25,1504,1513,0.47734645082670624,0.4943752372926745,585,392,4316,2470,1203,851,9751,5760,153,87,1207,725,307,186,1291,763,13,9,0.0,0.5909090909090909,1095
Barry Hawkins,Mark Allen,25,1489,1519,0.4249045787929332,0.4812587841214648,737,453,5294,2941,583,375,3949,2223,133,81,1260,713,231,141,1106,667,13,11,0.0,0.5416666666666666,1095
Stuart Bingham,Graeme Dott,25,1417,1475,0.3571886597955563,0.4638133797682053,848,531,6251,3549,715,420,5557,2983,201,112,1357,795,161,95,1035,593,13,5,0.0,0.7222222222222222,1095
Judd Trump,Ding Junhui,25,1529,1504,0.5626956389859692,0.5156199157230156,653,436,4419,2577,585,392,4316,2470,248,150,1555,922,153,87,1207,725,13,4,0.0,0.7647058823529411,1095
Shaun Murphy,Anthony McGill,25,1550,1355,0.8897198267666915,0.6195173196470847,837,545,6123,3483,320,192,2008,1104,204,126,1414,826,172,93,835,453,13,8,0.0,0.6190476190476191,1095
Barry Hawkins,Neil Robertson,25,1489,1571,0.30250771202816473,0.448928730692658,737,453,5294,2941,720,467,5333,3025,133,81,1260,713,170,111,1579,946,13,12,0.0,0.52,1095
Stuart Bingham,Ronnie O'Sullivan,25,1417,1745,0.020530532429174637,0.3057636598919695,848,531,6251,3549,1039,789,9235,5613,201,112,1357,795,0,0,759,504,13,9,0.0,0.5909090909090909,1095
Shaun Murphy,Barry Hawkins,33,1550,1489,0.6704446764420839,0.5380512843858591,837,545,6123,3483,737,453,5294,2941,204,126,1414,826,133,81,1260,713,17,9,0.0,0.6538461538461539,1095
Stuart Bingham,Judd Trump,33,1417,1529,0.20924441886658796,0.43045377606077095,848,531,6251,3549,653,436,4419,2577,201,112,1357,795,248,150,1555,922,17,16,0.0,0.5151515151515151,1095
Stuart Bingham,Shaun Murphy,35,1417,1550,0.16149155616058072,0.41763245927192055,848,531,6251,3549,837,545,6123,3483,201,112,1357,795,204,126,1414,826,18,15,0.0,0.5454545454545454,1095
Martin O'Donnell,Josh Boileau,7,1220,1109,0.6479578189910667,0.5689332093695465,226,106,1361,675,43,24,222,119,126,60,532,260,61,35,178,99,4,0,0.0,1.0,1096
Sanderson Lam,Marc Davis,7,1101,1071,0.5409388610739393,0.5187412158785352,82,36,472,215,95,40,505,232,96,39,420,198,44,21,223,121,4,3,0.0,0.5714285714285714,1096
Adam Duffy,Christopher Keogan,7,1299,1127,0.721490850613204,0.6058736684317606,256,133,1631,841,91,38,501,237,225,126,626,313,107,60,358,179,4,2,0.0,0.6666666666666666,1096
TJ Dowling,Kishan Hirani,7,1029,1108,0.3933789028764624,0.45078487089866653,20,11,102,50,106,49,563,268,20,10,97,50,75,41,267,142,4,0,0.0,1.0,1096
Paul Davison,Michael Williams,7,1215,1078,0.6802510445614828,0.584797674717737,597,320,4223,2169,33,17,162,87,132,61,628,306,82,44,162,87,4,1,0.0,0.8,1096
Jamie Clarke,Mitchell Travis,7,1246,1165,0.6092484254460553,0.5504527113395278,106,56,612,326,110,56,636,313,146,79,470,265,31,20,375,196,4,1,0.0,0.8,1096
Ashley Carty,Richard Beckham,7,1181,1100,0.6092484254460553,0.5504527113395278,86,45,499,256,28,18,147,80,114,64,436,229,80,45,144,80,4,0,0.0,1.0,1096
Gareth Allen,Ben Jones,7,1156,1030,0.6667467241528153,0.5781052328843092,126,61,708,349,60,29,316,153,116,54,381,188,72,35,243,116,4,1,0.0,0.8,1096
Martin O'Donnell,Paul Davison,7,1220,1215,0.5068355814796678,0.5031249593105316,226,106,1361,675,597,320,4223,2169,126,60,532,260,132,61,628,306,4,3,0.0,0.5714285714285714,1096
Sanderson Lam,Gareth Allen,7,1101,1156,0.42527567806654565,0.4656790563306954,82,36,472,215,126,61,708,349,96,39,420,198,116,54,381,188,4,3,0.0,0.5714285714285714,1096
TJ Dowling,Adam Duffy,7,1029,1299,0.17956735481205705,0.33737816282991745,20,11,102,50,256,133,1631,841,20,10,97,50,225,126,626,313,4,3,0.0,0.5714285714285714,1096
Jamie Clarke,Ashley Carty,7,1246,1181,0.5880916350836762,0.5405358392737893,106,56,612,326,86,45,499,256,146,79,470,265,114,64,436,229,4,2,0.0,0.6666666666666666,1096
Martin O'Donnell,Jamie Clarke,7,1220,1246,0.4645031181885513,0.48375571893792757,226,106,1361,675,106,56,612,326,126,60,532,260,146,79,470,265,4,3,0.0,0.5714285714285714,1096
Sanderson Lam,TJ Dowling,7,1101,1029,0.5973854695265872,0.5448788923735801,82,36,472,215,20,11,102,50,96,39,420,198,20,10,97,50,4,2,0.0,0.6666666666666666,1096
Cao Yupeng,Adam Bobat,9,1240,975,0.8444228547259001,0.6598217549720575,168,85,1229,621,23,8,133,58,99,45,615,297,19,9,104,48,5,2,0.0,0.7142857142857143,1081
Zhou Yuelong,Michael Holt,9,1284,1426,0.2925060977553507,0.41217046151748854,72,37,487,251,655,388,4860,2601,193,103,409,218,269,156,1008,546,5,1,0.0,0.8333333333333334,1081
Kyren Wilson,Matthew Day,9,1418,1121,0.8713152214887023,0.6775422953274692,270,163,1759,964,123,59,663,327,272,158,742,407,39,21,314,167,5,3,0.0,0.625,1081
Gary Wilson,Jak Jones,9,1271,1165,0.6583974652784721,0.5658650028954817,296,173,1900,1038,124,51,800,362,140,69,695,370,48,26,263,102,5,3,0.0,0.625,1081
Mark Williams,Lee Walker,9,1415,1266,0.7166273169339222,0.5920629281648192,1130,737,8862,5059,388,221,3055,1596,240,139,1142,655,178,92,284,143,5,1,0.0,0.8333333333333334,1081
Michael White,James Wattana,9,1330,1115,0.7950675978142399,0.6312306626164005,310,175,2217,1184,752,418,6389,3378,262,139,936,507,99,34,511,220,5,2,0.0,0.7142857142857143,1081
Liang Wenbo,Joel Walker,9,1453,1236,0.7972134349638327,0.6323937895695628,446,270,3092,1712,141,66,905,434,344,204,1092,630,100,40,562,267,5,2,0.0,0.7142857142857143,1081
Daniel Wells,Robbie Williams,9,1253,1334,0.3775092526157308,0.4495472886604723,271,135,1810,904,278,156,1752,907,183,102,610,297,199,108,767,397,5,3,0.0,0.625,1081
Ricky Walden,David Grace,9,1450,1256,0.7716906952520353,0.6189278548001903,639,394,4618,2573,244,114,1614,781,169,98,1263,714,186,93,598,279,5,2,0.0,0.7142857142857143,1081
Judd Trump,Eden Sharav,9,1563,1202,0.9146249185246416,0.7114629823302013,657,439,4506,2629,78,46,451,235,335,202,1642,974,128,60,336,175,5,0,0.0,1.0,1081
Joe Swail,Rod Lawler,9,1302,1294,0.5123026370468309,0.5049998333399998,754,410,6012,3140,718,399,5599,2929,218,109,768,396,154,79,775,403,5,2,0.0,0.7142857142857143,1081
Zak Surety,Li Hang,9,1140,1351,0.209266421454622,0.3711001618483768,85,38,497,235,165,83,1181,607,99,42,336,159,179,98,625,333,5,4,0.0,0.5555555555555556,1081
Matthew Stevens,Mark Owens,9,1376,986,0.9300361409724274,0.7261149812607791,837,497,6577,3594,41,13,232,95,184,98,914,468,63,29,150,66,5,0,0.0,1.0,1081
Elliot Slessor,Xiao Guodong,9,1175,1393,0.20171895373393084,0.36702522331953935,88,38,519,242,306,177,2109,1163,101,56,398,186,148,82,831,471,5,4,0.0,0.5555555555555556,1081
Matthew Selt,John Astley,9,1423,1136,0.8633002845321215,0.6720562626502714,412,227,2923,1529,119,55,735,340,344,191,967,537,16,6,336,138,5,0,0.0,1.0,1081
Mark Selby,Barry Pinches,9,1489,1186,0.8759568702030395,0.6808107108156386,851,577,6183,3572,692,359,5453,2828,315,191,1618,980,94,35,549,249,5,1,0.0,0.8333333333333334,1081
Jimmy Robertson,Steven Hallworth,9,1353,1043,0.8812152445871373,0.6846015003234307,354,191,2400,1239,47,15,289,119,238,131,863,465,83,27,256,106,5,3,0.0,0.625,1081
Neil Robertson,Lyu Haotian,9,1602,1142,0.9581076824078019,0.759510916949111,723,469,5388,3060,66,25,467,205,225,146,1634,981,40,21,361,157,5,3,0.0,0.625,1081
Dechawat Poomjaeng,James Cahill,9,1292,1148,0.7101180862128782,0.5890404340586651,188,104,1369,697,98,34,631,269,156,76,927,485,107,42,424,180,5,1,0.0,0.8333333333333334,1081
Joe Perry,Oliver Brown,9,1462,1172,0.8657415704315571,0.6737070994545215,857,501,6266,3368,140,61,765,360,273,154,1250,703,102,50,426,229,5,2,0.0,0.7142857142857143,1081
Ronnie O'Sullivan,Luca Brecel,9,1703,1381,0.889841863716281,0.6910430124157229,1042,791,9288,5645,192,100,1334,695,53,32,812,536,203,119,700,373,5,1,0.0,0.8333333333333334,1081
Joe O'Connor,Ben Woollaston,9,1103,1350,0.1723109098759696,0.3503502507095912,58,28,351,170,423,244,2802,1504,135,66,330,159,233,126,874,473,5,2,0.0,0.7142857142857143,1081
Fergal O'Brien,George Pragnall,9,1355,1066,0.8649313248966203,0.6731572963701318,745,428,5807,3071,21,10,129,61,201,106,759,405,71,33,123,59,5,2,0.0,0.7142857142857143,1081
Shaun Murphy,Igor Figueiredo,9,1589,1222,0.9180156886314788,0.7145324397353954,842,549,6234,3551,77,41,585,291,315,194,1525,894,46,24,109,55,5,1,0.0,0.8333333333333334,1081
David Morris,Jamie Clarke,9,1255,1257,0.49692386016813683,0.49875000260416025,226,116,1698,856,109,58,630,337,110,50,558,288,164,90,488,276,5,1,0.0,0.8333333333333334,1081
Robert Milkins,Stuart Carrington,9,1341,1330,0.5169136156946217,0.5068745667645342,693,425,5188,2840,230,124,1457,768,266,150,1202,657,185,93,549,276,5,0,0.0,1.0,1081
Alan McManus,Tian Pengfei,9,1435,1460,0.46161033877953106,0.4843800842769844,832,500,7044,3743,288,168,1925,1045,202,115,1014,567,202,123,773,433,5,3,0.0,0.625,1081
Anthony McGill,Alexander Ursenbacher,9,1421,1141,0.8574804739607897,0.6681877721681662,326,197,2118,1165,60,25,362,164,282,154,945,514,105,62,332,148,5,3,0.0,0.625,1081
Stephen Maguire,Lee Page,9,1435,1065,0.9196706883249288,0.7160597938157098,759,505,5628,3200,204,99,1238,607,208,106,1393,801,34,13,309,120,5,2,0.0,0.7142857142857143,1081
Kurt Maflin,Cao Xinlong,9,1364,1053,0.8819527499348307,0.6851410567502929,419,246,2809,1525,45,13,297,114,171,92,841,455,0,0,218,84,5,3,0.0,0.625,1081
Jack Lisowski,Ahmed Saif,9,1312,964,0.906900923551623,0.7047456979980911,304,183,1982,1080,34,7,209,63,182,93,787,415,25,10,195,62,5,0,0.0,1.0,1081
Peter Lines,Chris Melling,9,1226,1122,0.6555744737095885,0.5646362918030292,678,369,5023,2616,155,87,1064,554,131,64,645,308,71,24,207,89,5,4,0.0,0.5555555555555556,1081
Michael Leslie,Mark Allen,9,1129,1530,0.06473987084226544,0.26845017555914563,110,33,708,285,585,376,3986,2244,110,45,488,204,268,162,1143,688,5,1,0.0,0.8333333333333334,1081
Mark King,Lu Ning,9,1374,1122,0.8324542539152648,0.6524894621927444,789,439,5877,3077,53,18,376,162,224,129,873,465,95,37,264,108,5,2,0.0,0.7142857142857143,1081
Ding Junhui,Ross Muir,9,1495,1139,0.9117158840658912,0.7088901725661199,588,394,4372,2497,83,31,543,239,209,114,1263,752,128,54,495,217,5,1,0.0,0.8333333333333334,1081
Mark Joyce,Fraser Patrick,9,1356,1182,0.748026655837828,0.6070669880717036,365,195,2641,1346,153,66,1011,469,177,100,758,392,98,41,491,220,5,2,0.0,0.7142857142857143,1081
Jamie Jones,Michael Tomlinson,9,1393,1034,0.9134704714809997,0.7104354810428751,390,235,2618,1427,27,12,169,78,218,119,828,442,14,4,169,78,5,2,0.0,0.7142857142857143,1081
Robin Hull,Rory McLeod,9,1336,1317,0.5291961843292591,0.5118727677562528,443,269,3462,1910,475,262,3622,1898,106,55,405,198,155,79,654,326,5,3,0.0,0.625,1081
Liam Highfield,Thepchaiya Un-Nooh,9,1315,1411,0.3558074142386589,0.44028635073280703,260,141,1747,923,203,118,1498,798,115,58,670,356,269,150,849,452,5,1,0.0,0.8333333333333334,1081
Andrew Higginson,Hammad Miah,9,1397,1185,0.7918223659012522,0.6294831119673949,614,372,4384,2417,75,32,474,213,218,121,829,440,172,95,456,207,5,0,0.0,1.0,1081
John Higgins,Oliver Lines,9,1504,1270,0.8148787714569037,0.6422170929574377,1205,852,9788,5779,117,66,704,375,344,205,1328,782,177,92,547,298,5,2,0.0,0.7142857142857143,1081
Barry Hawkins,Noppon Saengkham,9,1497,1256,0.8218521323213228,0.6462280583309002,741,456,5388,2986,122,54,886,411,227,126,1354,758,185,85,666,327,5,1,0.0,0.8333333333333334,1081
Anthony Hamilton,Michael Wasley,9,1273,1236,0.5567069849132181,0.523108525489089,732,427,5742,3075,237,117,1517,744,106,43,660,342,93,33,689,333,5,0,0.0,1.0,1081
Gerard Greene,Chris Wakelin,9,1261,1274,0.48001367903024084,0.4918757150937391,634,345,4795,2518,86,44,589,299,131,69,589,287,161,82,582,296,5,2,0.0,0.7142857142857143,1081
David Gilbert,Adam Duffy,9,1408,1289,0.6765144327536381,0.5738312575916094,400,225,3085,1640,258,134,1644,848,235,134,841,462,238,133,639,320,5,2,0.0,0.7142857142857143,1081
Marco Fu,Michael Georgiou,9,1463,1187,0.8540768917779444,0.6659669267518202,715,426,5378,2926,127,57,767,370,288,170,1369,785,131,56,423,220,5,2,0.0,0.7142857142857143,1081
Peter Ebdon,Sam Baird,9,1382,1291,0.6370088546286576,0.5566309599222533,932,538,7554,4064,243,129,1671,865,209,120,772,403,139,72,766,400,5,3,0.0,0.625,1081
Mike Dunn,Thanawat Thirapongpaiboon,9,1361,1227,0.6968827791173715,0.5829754542011996,619,333,4583,2374,161,73,1133,541,222,127,776,412,123,60,509,229,5,3,0.0,0.625,1081
Graeme Dott,Sean O'Sullivan,9,1451,1267,0.760025787896806,0.6130141761393355,720,424,5636,3028,133,59,834,395,240,140,1114,638,149,79,560,271,5,1,0.0,0.8333333333333334,1081
Ken Doherty,Dave Harold,9,1305,1205,0.6499012213921682,0.5621765008857981,1041,642,8602,4748,687,383,5353,2806,196,98,749,379,0,0,353,171,5,4,0.0,0.5555555555555556,1081
Yu Delu,Chris Norbury,9,1334,1087,0.8276890901240301,0.6496497492904088,195,100,1363,702,244,115,1504,736,123,65,628,324,41,17,276,95,5,3,0.0,0.625,1081
Ryan Day,Sydney Wilson,9,1455,1157,0.8720975009961879,0.6780882495516275,729,444,5155,2845,140,55,816,375,289,173,1298,717,126,54,448,215,5,0,0.0,1.0,1081
Mark Davis,Mitchell Mann,9,1463,1215,0.828649321563008,0.6502185485738271,879,530,6485,3542,168,81,1024,508,258,154,1275,718,131,60,325,151,5,3,0.0,0.625,1081
Alex Davies,Tom Ford,9,1207,1392,0.23879254816430406,0.3863929221952217,209,104,1298,648,482,276,3506,1871,60,32,432,204,243,138,768,394,5,3,0.0,0.625,1081
Dominic Dale,Ian Glover,9,1405,1124,0.8583224919882384,0.668741821102192,769,447,5680,3045,162,69,988,469,214,126,1050,576,99,38,295,132,5,2,0.0,0.7142857142857143,1081
Jamie Cope,Thor Chuan Leong,9,1303,1071,0.8128540809406867,0.6410674063348171,504,274,3428,1757,28,9,178,71,174,88,619,303,150,68,178,71,5,3,0.0,0.625,1081
Ashley Carty,Jimmy White,9,1189,1228,0.44025134609183847,0.47564429123179275,88,46,509,262,1359,769,11777,6216,124,70,446,235,92,42,654,305,5,4,0.0,0.5555555555555556,1081
Ali Carter,Martin McCrudden,9,1514,1037,0.9632589719644733,0.7671878890411421,741,446,5325,2929,18,9,104,48,181,103,815,463,13,3,59,32,5,1,0.0,0.8333333333333334,1081
Marcus Campbell,Lyu Chenwei,9,1197,1055,0.7074939022446493,0.5878295384825115,674,364,4988,2554,38,12,240,96,47,27,505,221,78,27,212,88,5,2,0.0,0.7142857142857143,1081
Jamie Burnett,Ian Burns,9,1352,1288,0.5973981597131834,0.5399148845555657,608,356,4831,2576,250,136,1552,811,166,92,618,319,154,75,672,342,5,3,0.0,0.625,1081
Alfie Burden,Allan Taylor,9,1275,1190,0.6283212305936767,0.5529259881329059,572,309,4213,2179,223,110,1299,660,124,61,656,328,104,42,378,150,5,4,0.0,0.5555555555555556,1081
Nigel Bond,Craig Steadman,9,1237,1317,0.37897153196993094,0.45016600268752216,784,438,6289,3329,351,198,2336,1245,110,48,603,295,149,71,704,352,5,2,0.0,0.7142857142857143,1081
Stuart Bingham,Scott Donaldson,9,1549,1247,0.8751919168487037,0.6802671966986485,853,536,6374,3620,146,76,953,472,324,183,1480,866,124,56,747,368,5,0,0.0,1.0,1081
Zhang Anda,Aditya Mehta,9,1333,1247,0.6297740923567853,0.5535439031511183,221,109,1539,770,229,115,1595,796,205,106,702,361,137,64,668,347,5,2,0.0,0.7142857142857143,1081
Zhou Yuelong,Zhang Yong,9,1284,1026,0.8380537004953521,0.6558828412078137,72,37,487,251,28,10,163,66,193,103,409,218,70,28,130,51,5,2,0.0,0.7142857142857143,1081
Zhao Xintong,Alex Davies,9,1344,1207,0.7008831543460528,0.584797674717737,67,39,430,243,209,104,1298,648,117,75,361,204,60,32,432,204,5,0,0.0,1.0,1081
Peter Lines,Yuan Sijun,9,1226,977,0.8296059536556128,0.6507869207968349,678,369,5023,2616,20,3,124,38,131,64,645,308,53,19,120,38,5,3,0.0,0.625,1081
Robin Hull,Yan Bingtao,9,1336,1217,0.6765144327536381,0.5738312575916094,443,269,3462,1910,32,17,217,115,106,55,405,198,79,39,217,115,5,1,0.0,0.8333333333333334,1081
Zhou Yuelong,Anthony Hamilton,9,1284,1273,0.5169136156946217,0.5068745667645342,72,37,487,251,732,427,5742,3075,193,103,409,218,106,43,660,342,5,1,0.0,0.8333333333333334,1081
Gary Wilson,Liang Wenbo,9,1271,1453,0.24234756182196188,0.3881726309982629,296,173,1900,1038,446,270,3092,1712,140,69,695,370,344,204,1092,630,5,3,0.0,0.625,1081
Mark Williams,Zhao Xintong,9,1415,1344,0.6077883896186873,0.5442588584178731,1130,737,8862,5059,67,39,430,243,240,139,1142,655,117,75,361,204,5,2,0.0,0.7142857142857143,1081
Michael White,Ken Doherty,9,1330,1305,0.5383896612204689,0.5156199157230156,310,175,2217,1184,1041,642,8602,4748,262,139,936,507,196,98,749,379,5,4,0.0,0.5555555555555556,1081
Ricky Walden,Cao Yupeng,9,1450,1240,0.7896412769224667,0.6283161882953663,639,394,4618,2573,168,85,1229,621,169,98,1263,714,99,45,615,297,5,0,0.0,1.0,1081
Judd Trump,Andrew Higginson,9,1563,1397,0.7381925501749662,0.6022861768886306,657,439,4506,2629,614,372,4384,2417,335,202,1642,974,218,121,829,440,5,3,0.0,0.625,1081
Zak Surety,Joe Swail,9,1140,1302,0.2668010535495999,0.40011163113600173,85,38,497,235,754,410,6012,3140,99,42,336,159,218,109,768,396,5,4,0.0,0.5555555555555556,1081
Elliot Slessor,Matthew Selt,9,1175,1423,0.1713506784369921,0.34978145142617295,88,38,519,242,412,227,2923,1529,101,56,398,186,344,191,967,537,5,3,0.0,0.625,1081
Mark Selby,Mark Joyce,9,1489,1356,0.6955437518522246,0.5823675407280794,851,577,6183,3572,365,195,2641,1346,315,191,1618,980,177,100,758,392,5,3,0.0,0.625,1081
Dechawat Poomjaeng,Neil Robertson,9,1292,1602,0.11878475541286268,0.31539849967656924,188,104,1369,697,723,469,5388,3060,156,76,927,485,225,146,1634,981,5,4,0.0,0.5555555555555556,1081
Shaun Murphy,Jamie Cope,9,1589,1303,0.8624794817796031,0.6715050342254059,842,549,6234,3551,504,274,3428,1757,315,194,1525,894,174,88,619,303,5,1,0.0,0.8333333333333334,1081
Robert Milkins,Nigel Bond,9,1341,1237,0.6555744737095885,0.5646362918030292,693,425,5188,2840,784,438,6289,3329,266,150,1202,657,110,48,603,295,5,3,0.0,0.625,1081
Anthony McGill,Alfie Burden,9,1421,1275,0.7127306132952813,0.5902502519301834,326,197,2118,1165,572,309,4213,2179,282,154,945,514,124,61,656,328,5,1,0.0,0.8333333333333334,1081
Stephen Maguire,David Morris,9,1435,1255,0.7552657810970291,0.610639233949222,759,505,5628,3200,226,116,1698,856,208,106,1393,801,110,50,558,288,5,1,0.0,0.8333333333333334,1081
Kurt Maflin,Ali Carter,9,1364,1514,0.2820797233427488,0.40733340004593027,419,246,2809,1525,741,446,5325,2929,171,92,841,455,181,103,815,463,5,4,0.0,0.5555555555555556,1081
Jack Lisowski,Alan McManus,9,1312,1435,0.31799585449737267,0.42372507750673466,304,183,1982,1080,832,500,7044,3743,182,93,787,415,202,115,1014,567,5,4,0.0,0.5555555555555556,1081
Michael Leslie,Joe O'Connor,9,1129,1103,0.5399199537054243,0.5162442810620724,110,33,708,285,58,28,351,170,110,45,488,204,135,66,330,159,5,1,0.0,0.8333333333333334,1081
Mark King,Jamie Burnett,9,1374,1352,0.5337952923373129,0.513746534902355,789,439,5877,3077,608,356,4831,2576,224,129,873,465,166,92,618,319,5,3,0.0,0.625,1081
Ding Junhui,Marcus Campbell,9,1495,1197,0.8720975009961879,0.6780882495516275,588,394,4372,2497,674,364,4988,2554,209,114,1263,752,47,27,505,221,5,1,0.0,0.8333333333333334,1081
Jamie Jones,Matthew Stevens,9,1393,1376,0.5261277964586326,0.5106234010049637,390,235,2618,1427,837,497,6577,3594,218,119,828,442,184,98,914,468,5,3,0.0,0.625,1081
John Higgins,Yu Delu,9,1504,1334,0.7431353377857283,0.6046790847140093,1205,852,9788,5779,195,100,1363,702,344,205,1328,782,123,65,628,324,5,3,0.0,0.625,1081
Barry Hawkins,Gerard Greene,9,1497,1261,0.8168891158426366,0.6433651456944017,741,456,5388,2986,634,345,4795,2518,227,126,1354,758,131,69,589,287,5,2,0.0,0.7142857142857143,1081
David Gilbert,Joe Perry,9,1408,1462,0.4175695010097954,0.4663011645670992,400,225,3085,1640,857,501,6266,3368,235,134,841,462,273,154,1250,703,5,3,0.0,0.625,1081
Marco Fu,Ashley Carty,9,1463,1189,0.852353752497679,0.6648537304059736,715,426,5378,2926,88,46,509,262,288,170,1369,785,124,70,446,235,5,0,0.0,1.0,1081
Peter Ebdon,Zhang Anda,9,1382,1333,0.5748977901659925,0.530586760182081,932,538,7554,4064,221,109,1539,770,209,120,772,403,205,106,702,361,5,4,0.0,0.5555555555555556,1081
Mike Dunn,Fergal O'Brien,9,1361,1355,0.5092276505295197,0.5037499296890819,619,333,4583,2374,745,428,5807,3071,222,127,776,412,201,106,759,405,5,3,0.0,0.625,1081
Graeme Dott,Daniel Wells,9,1451,1253,0.7762613643327039,0.6212835951910678,720,424,5636,3028,271,135,1810,904,240,140,1114,638,183,102,610,297,5,3,0.0,0.625,1081
Ryan Day,Liam Highfield,9,1455,1315,0.7048581689623228,0.5866175789173301,729,444,5155,2845,260,141,1747,923,289,173,1298,717,115,58,670,356,5,1,0.0,0.8333333333333334,1081
Mark Davis,Kyren Wilson,9,1463,1418,0.5688507121013815,0.528095374408387,879,530,6485,3542,270,163,1759,964,258,154,1275,718,272,158,742,407,5,3,0.0,0.625,1081
Dominic Dale,Jimmy Robertson,9,1405,1353,0.5794210585254325,0.5324543063873187,769,447,5680,3045,354,191,2400,1239,214,126,1050,576,238,131,863,465,5,3,0.0,0.625,1081
Stuart Bingham,Peter Lines,9,1549,1226,0.8905389048448046,0.6915765137521193,853,536,6374,3620,678,369,5023,2616,324,183,1480,866,131,64,645,308,5,1,0.0,0.8333333333333334,1081
Gary Wilson,Ricky Walden,9,1271,1450,0.2459325165495979,0.38995532759547297,296,173,1900,1038,639,394,4618,2573,140,69,695,370,169,98,1263,714,5,2,0.0,0.7142857142857143,1081
Mark Williams,Michael Leslie,9,1415,1129,0.8624794817796031,0.6715050342254059,1130,737,8862,5059,110,33,708,285,240,139,1142,655,110,45,488,204,5,0,0.0,1.0,1081
Michael White,Stuart Bingham,9,1330,1549,0.20065488566813539,0.3664446223632249,310,175,2217,1184,853,536,6374,3620,262,139,936,507,324,183,1480,866,5,4,0.0,0.5555555555555556,1081
Judd Trump,Peter Ebdon,9,1563,1382,0.7564607688598808,0.6112334666758695,657,439,4506,2629,932,538,7554,4064,335,202,1642,974,209,120,772,403,5,1,0.0,0.8333333333333334,1081
Mark Selby,Elliot Slessor,9,1489,1175,0.8841448555450592,0.6867567266439019,851,577,6183,3572,88,38,519,242,315,191,1618,980,101,56,398,186,5,0,0.0,1.0,1081
Dechawat Poomjaeng,Jack Lisowski,9,1292,1312,0.46927029269061465,0.4875026035157896,188,104,1369,697,304,183,1982,1080,156,76,927,485,182,93,787,415,5,0,0.0,1.0,1081
Shaun Murphy,Anthony McGill,9,1589,1421,0.7406703376244016,0.6034832498647263,842,549,6234,3551,326,197,2118,1165,315,194,1525,894,282,154,945,514,5,4,0.0,0.5555555555555556,1081
Robert Milkins,Zak Surety,9,1341,1140,0.7796532292456051,0.6230466603666162,693,425,5188,2840,85,38,497,235,266,150,1202,657,99,42,336,159,5,4,0.0,0.5555555555555556,1081
Stephen Maguire,Ryan Day,9,1435,1455,0.46927029269061465,0.4875026035157896,759,505,5628,3200,729,444,5155,2845,208,106,1393,801,289,173,1298,717,5,4,0.0,0.5555555555555556,1081
Kurt Maflin,Mike Dunn,9,1364,1361,0.5046141496682656,0.5018749912109869,419,246,2809,1525,619,333,4583,2374,171,92,841,455,222,127,776,412,5,3,0.0,0.625,1081
Ding Junhui,Mark Davis,9,1495,1463,0.5490878352749592,0.5199893401555818,588,394,4372,2497,879,530,6485,3542,209,114,1263,752,258,154,1275,718,5,1,0.0,0.8333333333333334,1081
Jamie Jones,Marco Fu,9,1393,1463,0.3936911903272074,0.4563613127629212,390,235,2618,1427,715,426,5378,2926,218,119,828,442,288,170,1369,785,5,4,0.0,0.5555555555555556,1081
Robin Hull,Mark King,9,1336,1374,0.44177172943154325,0.4762678458734389,443,269,3462,1910,789,439,5877,3077,106,55,405,198,224,129,873,465,5,4,0.0,0.5555555555555556,1081
John Higgins,Graeme Dott,9,1504,1451,0.5809264008951017,0.5330766223661046,1205,852,9788,5779,720,424,5636,3028,344,205,1328,782,240,140,1114,638,5,2,0.0,0.7142857142857143,1081
Barry Hawkins,Dominic Dale,9,1497,1405,0.6384497606491344,0.5572478545985555,741,456,5388,2986,769,447,5680,3045,227,126,1354,758,214,126,1050,576,5,2,0.0,0.7142857142857143,1081
David Gilbert,Zhou Yuelong,9,1408,1284,0.6833700957830113,0.5768852611320463,400,225,3085,1640,72,37,487,251,235,134,841,462,193,103,409,218,5,2,0.0,0.7142857142857143,1081
Gary Wilson,Dechawat Poomjaeng,9,1271,1292,0.46773724876101863,0.4868780138177567,296,173,1900,1038,188,104,1369,697,140,69,695,370,156,76,927,485,5,1,0.0,0.8333333333333334,1081
Mark Selby,David Gilbert,9,1489,1408,0.6224907473842691,0.5504527113395278,851,577,6183,3572,400,225,3085,1640,315,191,1618,980,235,134,841,462,5,2,0.0,0.7142857142857143,1081
Shaun Murphy,Jamie Jones,9,1589,1393,0.773982891815793,0.6201064323430902,842,549,6234,3551,390,235,2618,1427,315,194,1525,894,218,119,828,442,5,3,0.0,0.625,1081
Robert Milkins,Michael White,9,1341,1330,0.5169136156946217,0.5068745667645342,693,425,5188,2840,310,175,2217,1184,266,150,1202,657,262,139,936,507,5,1,0.0,0.8333333333333334,1081
Kurt Maflin,Robin Hull,9,1364,1336,0.542978651056463,0.5174928576663897,419,246,2809,1525,443,269,3462,1910,171,92,841,455,106,55,405,198,5,1,0.0,0.8333333333333334,1081
Ding Junhui,Mark Williams,9,1495,1415,0.6210284680300693,0.549833997312478,588,394,4372,2497,1130,737,8862,5059,209,114,1263,752,240,139,1142,655,5,2,0.0,0.7142857142857143,1081
John Higgins,Judd Trump,9,1504,1563,0.4100684546601523,0.46319171001101955,1205,852,9788,5779,657,439,4506,2629,344,205,1328,782,335,202,1642,974,5,4,0.0,0.5555555555555556,1081
Barry Hawkins,Stephen Maguire,9,1497,1435,0.5944158213362583,0.538672605206508,741,456,5388,2986,759,505,5628,3200,227,126,1354,758,208,106,1393,801,5,3,0.0,0.625,1081
Gary Wilson,Barry Hawkins,9,1271,1497,0.19330590936848324,0.36239134737807494,296,173,1900,1038,741,456,5388,2986,140,69,695,370,227,126,1354,758,5,3,0.0,0.625,1081
Mark Selby,Robert Milkins,9,1489,1341,0.7153313779464554,0.5914589784327801,851,577,6183,3572,693,425,5188,2840,315,191,1618,980,266,150,1202,657,5,4,0.0,0.5555555555555556,1081
Kurt Maflin,Shaun Murphy,9,1364,1589,0.19434508000828477,0.3629692055196168,419,246,2809,1525,842,549,6234,3551,171,92,841,455,315,194,1525,894,5,4,0.0,0.5555555555555556,1081
Ding Junhui,John Higgins,9,1495,1504,0.48616014593133106,0.4943752372926745,588,394,4372,2497,1205,852,9788,5779,209,114,1263,752,344,205,1328,782,5,4,0.0,0.5555555555555556,1081
Gary Wilson,Ding Junhui,11,1271,1495,0.17258345825234583,0.36354745971843366,296,173,1900,1038,588,394,4372,2497,140,69,695,370,209,114,1263,752,6,5,0.0,0.5454545454545454,1081
Mark Selby,Kurt Maflin,11,1489,1364,0.7016213434224691,0.5774953651858118,851,577,6183,3572,419,246,2809,1525,315,191,1618,980,171,92,841,455,6,3,0.0,0.6666666666666666,1081
Mark Selby,Gary Wilson,19,1489,1271,0.884208874712364,0.6329747766804606,851,577,6183,3572,296,173,1900,1038,315,191,1618,980,140,69,695,370,10,2,0.0,0.8333333333333334,1081
Mark Williams,Thepchaiya Un-Nooh,7,1442,1392,0.5680051367615364,0.5312093733737563,1134,740,8887,5076,204,118,1504,799,265,156,1167,672,275,151,855,453,4,1,0.0,0.8,1093
Chris Wakelin,Robert Milkins,7,1262,1378,0.34573343118721134,0.42800386706848137,87,44,596,301,698,429,5225,2864,168,84,589,298,303,174,1239,681,4,0,0.0,1.0,1093
Judd Trump,Luca Brecel,7,1580,1374,0.7587387600845145,0.6259778577666038,661,442,4534,2648,193,100,1340,696,363,221,1670,993,209,120,706,374,4,0,0.0,1.0,1093
Matthew Selt,Oliver Lines,7,1418,1266,0.698260993708389,0.5938731029341427,414,228,2936,1537,118,66,711,377,357,199,980,545,184,94,554,300,4,1,0.0,0.8,1093
Mark Selby,Dominic Dale,7,1548,1405,0.6875128007198821,0.5884351201276382,858,584,6239,3613,772,449,5702,3057,371,232,1674,1021,236,138,1072,588,4,0,0.0,1.0,1093
Neil Robertson,Marco Fu,7,1577,1472,0.6403298636636867,0.5652507475670999,725,470,5405,3069,718,428,5399,2940,242,155,1651,990,309,184,1390,799,4,3,0.0,0.5714285714285714,1093
Joe Perry,Ding Junhui,7,1454,1521,0.4092473522241249,0.4582226307163632,859,502,6281,3376,594,399,4417,2527,288,162,1265,711,254,144,1308,782,4,1,0.0,0.8,1093
Shaun Murphy,Rod Lawler,7,1587,1282,0.8492880506369576,0.6818962645895934,847,553,6272,3575,719,399,5606,2931,353,218,1563,918,161,81,782,405,4,2,0.0,0.6666666666666666,1093
Anthony McGill,Peter Ebdon,7,1434,1378,0.5760654606907909,0.5349429451582145,329,199,2141,1179,935,540,7577,4075,305,168,968,528,232,131,795,414,4,1,0.0,0.8,1093
Stephen Maguire,John Higgins,7,1447,1522,0.3986489708076568,0.45326184801538616,763,508,5658,3218,1210,856,9828,5803,238,124,1423,819,384,229,1368,806,4,3,0.0,0.5714285714285714,1093
Mark King,Barry Hawkins,7,1379,1508,0.32954639777958084,0.4200665998114943,792,441,5901,3091,746,460,5424,3009,248,143,897,479,263,149,1390,781,4,2,0.0,0.6666666666666666,1093
Michael Holt,Jimmy Robertson,7,1406,1343,0.5854263042586716,0.5392938058983595,656,388,4866,2602,356,192,2416,1247,275,157,1014,547,254,139,879,473,4,2,0.0,0.6666666666666666,1093
Martin Gould,Michael White,7,1494,1336,0.7053268662779104,0.5974857658270161,517,312,3522,1928,314,178,2248,1200,191,113,1056,587,293,155,967,523,4,3,0.0,0.5714285714285714,1093
Mark Davis,Ricky Walden,7,1452,1452,0.5,0.5,882,532,6507,3553,642,396,4637,2585,280,165,1297,729,188,110,1282,726,4,2,0.0,0.6666666666666666,1093
Stuart Bingham,Alan McManus,7,1554,1435,0.6580301976734948,0.5738312575916094,856,538,6394,3634,834,501,7061,3752,344,197,1500,880,219,124,1031,576,4,1,0.0,0.8,1093
Mark Allen,Ryan Day,7,1503,1474,0.5395790886298393,0.5181170650431814,586,376,3992,2245,732,446,5175,2859,274,163,1149,689,309,187,1318,731,4,3,0.0,0.5714285714285714,1093
Mark Williams,Mark Selby,7,1442,1548,0.358394567903784,0.4341349971045183,1134,740,8887,5076,858,584,6239,3613,265,156,1167,672,371,232,1674,1021,4,3,0.0,0.5714285714285714,1093
Judd Trump,Mark King,7,1580,1379,0.7534472409879828,0.6230466603666162,661,442,4534,2648,792,441,5901,3091,363,221,1670,993,248,143,897,479,4,2,0.0,0.6666666666666666,1093
Matthew Selt,Chris Wakelin,7,1418,1262,0.7029806026650167,0.5962826992967879,414,228,2936,1537,87,44,596,301,357,199,980,545,168,84,589,298,4,2,0.0,0.6666666666666666,1093
Joe Perry,Anthony McGill,7,1454,1434,0.5273209820427867,0.5124973964842103,859,502,6281,3376,329,199,2141,1179,288,162,1265,711,305,168,968,528,4,3,0.0,0.5714285714285714,1093
Michael Holt,Stephen Maguire,7,1406,1447,0.44414095234189266,0.47439741167538224,656,388,4866,2602,763,508,5658,3218,275,157,1014,547,238,124,1423,819,4,3,0.0,0.5714285714285714,1093
Martin Gould,Shaun Murphy,7,1494,1587,0.37510296628937845,0.4421354272792655,517,312,3522,1928,847,553,6272,3575,191,113,1056,587,353,218,1563,918,4,2,0.0,0.6666666666666666,1093
Mark Davis,Neil Robertson,7,1452,1577,0.3344927873720658,0.4225046348141883,882,532,6507,3553,725,470,5405,3069,280,165,1297,729,242,155,1651,990,4,1,0.0,0.8,1093
Stuart Bingham,Mark Allen,7,1554,1503,0.5693507188778237,0.5318318894162242,856,538,6394,3634,586,376,3992,2245,344,197,1500,880,274,163,1149,689,4,2,0.0,0.6666666666666666,1093
Mark Williams,Matthew Selt,7,1442,1418,0.5327731710226205,0.51499550161941,1134,740,8887,5076,414,228,2936,1537,265,156,1167,672,357,199,980,545,4,3,0.0,0.5714285714285714,1093
Judd Trump,Martin Gould,7,1580,1494,0.6157933128709394,0.5535439031511183,661,442,4534,2648,517,312,3522,1928,363,221,1670,993,191,113,1056,587,4,2,0.0,0.6666666666666666,1093
Joe Perry,Michael Holt,7,1454,1406,0.5653114683109788,0.5299640517645717,859,502,6281,3376,656,388,4866,2602,288,162,1265,711,275,157,1014,547,4,1,0.0,0.8,1093
Stuart Bingham,Mark Davis,7,1554,1452,0.6364932182719292,0.5634067862621936,856,538,6394,3634,882,532,6507,3553,344,197,1500,880,280,165,1297,729,4,1,0.0,0.8,1093
Mark Williams,Judd Trump,7,1442,1580,0.3185334396534134,0.4145954308705349,1134,740,8887,5076,661,442,4534,2648,265,156,1167,672,363,221,1670,993,4,2,0.0,0.6666666666666666,1093
Joe Perry,Stuart Bingham,7,1454,1554,0.36607269253409314,0.43782349911420193,859,502,6281,3376,856,538,6394,3634,288,162,1265,711,344,197,1500,880,4,1,0.0,0.8,1093
Joe Perry,Mark Williams,7,1454,1442,0.5164013295642876,0.5074994375506203,859,502,6281,3376,1134,740,8887,5076,288,162,1265,711,265,156,1167,672,4,3,0.0,0.5714285714285714,1093
Mark Williams,Ryan Day,7,1473,1471,0.5027343522137269,0.5012499973958399,1139,744,8919,5095,733,446,5182,2862,297,175,1199,691,316,190,1325,734,4,3,0.0,0.5714285714285714,1090
Liang Wenbo,Mark Allen,7,1443,1500,0.4225943374899878,0.4644351620161461,448,271,3107,1720,588,377,4005,2251,359,212,1107,638,287,169,1162,695,4,3,0.0,0.5714285714285714,1090
Ricky Walden,Ding Junhui,7,1444,1507,0.41457369574132835,0.4607061941016405,643,396,4643,2587,595,399,4422,2528,194,112,1288,728,259,145,1313,783,4,1,0.0,0.8,1090
Judd Trump,Dominic Dale,7,1587,1392,0.7470110120975012,0.6195173196470847,665,445,4556,2662,773,449,5706,3057,385,235,1692,1007,240,138,1076,588,4,0,0.0,1.0,1090
Matthew Selt,Barry Hawkins,7,1427,1496,0.4065907825999159,0.4569816192756902,417,230,2954,1548,747,460,5430,3011,375,210,998,556,269,151,1396,783,4,0,0.0,1.0,1090
Mark Selby,Michael Holt,7,1553,1406,0.692311529960642,0.5908547524545943,860,585,6250,3620,659,390,4884,2611,382,239,1685,1028,293,166,1032,556,4,1,0.0,0.8,1090
Neil Robertson,Luca Brecel,7,1562,1362,0.7523810515908644,0.6224593312018546,727,471,5417,3074,194,100,1344,696,254,160,1663,995,213,120,710,374,4,0,0.0,1.0,1090
Joe Perry,Ben Woollaston,7,1499,1330,0.7180660778287002,0.6040813228693781,864,507,6310,3396,424,244,2809,1506,317,182,1294,731,240,128,881,475,4,0,0.0,1.0,1090
Ronnie O'Sullivan,Rod Lawler,7,1710,1283,0.9238902030296949,0.7441211943032843,1043,792,9294,5650,720,399,5612,2933,59,37,818,541,167,83,788,407,4,2,0.0,0.6666666666666666,1090
Robert Milkins,Michael White,7,1360,1337,0.5314106943491967,0.5143710406970602,699,429,5229,2864,315,178,2255,1203,307,174,1243,681,300,158,974,526,4,2,0.0,0.6666666666666666,1090
Stephen Maguire,Xiao Guodong,7,1449,1379,0.5947357972115818,0.5436386872370789,765,509,5672,3225,307,177,2118,1167,252,131,1437,826,157,86,840,475,4,1,0.0,0.8,1090
Martin Gould,Alan McManus,7,1499,1426,0.5987085312450529,0.5454987872127821,520,314,3541,1938,835,501,7066,3753,210,123,1075,597,224,125,1036,577,4,1,0.0,0.8,1090
Peter Ebdon,Shaun Murphy,7,1367,1575,0.2391631406818608,0.3728522336868044,936,540,7582,4076,849,554,6284,3581,237,132,800,415,365,224,1575,924,4,3,0.0,0.5714285714285714,1090
Graeme Dott,John Higgins,7,1452,1515,0.41457369574132835,0.4607061941016405,723,426,5657,3040,1211,856,9835,5806,261,152,1135,650,391,232,1375,809,4,3,0.0,0.5714285714285714,1090
Mark Davis,Marco Fu,7,1465,1472,0.4904306643721704,0.4956251116502266,885,534,6523,3562,719,428,5406,2943,296,174,1313,738,316,187,1397,802,4,1,0.0,0.8,1090
Stuart Bingham,Anthony McGill,7,1565,1442,0.6630224339222315,0.5762749224932653,860,541,6415,3647,331,200,2153,1186,365,210,1521,893,317,175,980,535,4,3,0.0,0.5714285714285714,1090
Mark Williams,Ricky Walden,7,1473,1444,0.5395790886298393,0.5181170650431814,1139,744,8919,5095,643,396,4643,2587,297,175,1199,691,194,112,1288,728,4,3,0.0,0.5714285714285714,1090
Judd Trump,Joe Perry,7,1587,1499,0.6184015843393024,0.5547792351072148,665,445,4556,2662,864,507,6310,3396,385,235,1692,1007,317,182,1294,731,4,2,0.0,0.6666666666666666,1090
Ronnie O'Sullivan,Robert Milkins,7,1710,1360,0.881340279189911,0.7057850278370112,1043,792,9294,5650,699,429,5229,2864,59,37,818,541,307,174,1243,681,4,0,0.0,1.0,1090
Martin Gould,Mark Selby,7,1499,1553,0.4266177377216683,0.4663011645670992,520,314,3541,1938,860,585,6250,3620,210,123,1075,597,382,239,1685,1028,4,2,0.0,0.6666666666666666,1090
Peter Ebdon,Stephen Maguire,7,1367,1449,0.3894398892710193,0.448928730692658,936,540,7582,4076,765,509,5672,3225,237,132,800,415,252,131,1437,826,4,1,0.0,0.8,1090
Graeme Dott,Liang Wenbo,7,1452,1443,0.5123026114255715,0.5056247627073255,723,426,5657,3040,448,271,3107,1720,261,152,1135,650,359,212,1107,638,4,3,0.0,0.5714285714285714,1090
Mark Davis,Neil Robertson,7,1465,1562,0.3699335043548132,0.4396703573114467,885,534,6523,3562,727,471,5417,3074,296,174,1313,738,254,160,1663,995,4,3,0.0,0.5714285714285714,1090
Stuart Bingham,Matthew Selt,7,1565,1427,0.6814665603465866,0.585404569129465,860,541,6415,3647,417,230,2954,1548,365,210,1521,893,375,210,998,556,4,2,0.0,0.6666666666666666,1090
Judd Trump,Mark Williams,7,1587,1473,0.651748409886971,0.5707716118944918,665,445,4556,2662,1139,744,8919,5095,385,235,1692,1007,297,175,1199,691,4,3,0.0,0.5714285714285714,1090
Ronnie O'Sullivan,Graeme Dott,7,1710,1452,0.8097380368967944,0.6558828412078137,1043,792,9294,5650,723,426,5657,3040,59,37,818,541,261,152,1135,650,4,1,0.0,0.8,1090
Martin Gould,Peter Ebdon,7,1499,1367,0.6741427448520734,0.5817593768418363,520,314,3541,1938,936,540,7582,4076,210,123,1075,597,237,132,800,415,4,2,0.0,0.6666666666666666,1090
Stuart Bingham,Mark Davis,7,1565,1465,0.6339273074659068,0.5621765008857981,860,541,6415,3647,885,534,6523,3562,365,210,1521,893,296,174,1313,738,4,0,0.0,1.0,1090
Judd Trump,Martin Gould,11,1587,1499,0.6453649277803803,0.5547792351072148,665,445,4556,2662,520,314,3541,1938,385,235,1692,1007,210,123,1075,597,6,5,0.0,0.5454545454545454,1090
Ronnie O'Sullivan,Stuart Bingham,11,1710,1565,0.7301619442930439,0.5896454785627312,1043,792,9294,5650,860,541,6415,3647,59,37,818,541,365,210,1521,893,6,0,0.0,1.0,1090
Judd Trump,Ronnie O'Sullivan,19,1587,1710,0.24896845500171133,0.42372507750673466,665,445,4556,2662,1043,792,9294,5650,385,235,1692,1007,59,37,818,541,10,7,0.0,0.5882352941176471,1090
Cao Yupeng,Michael Leslie,7,1228,1157,0.5960612197256479,0.5442588584178731,170,86,1241,626,113,35,725,295,111,50,627,302,127,55,505,214,4,2,0.0,0.6666666666666666,1080
Zhou Yuelong,Jimmy White,7,1315,1222,0.6248970337106214,0.5578645727207344,76,40,513,268,1360,769,11786,6220,219,120,435,235,101,46,663,309,4,2,0.0,0.6666666666666666,1080
Ben Woollaston,Alexander Ursenbacher,7,1317,1144,0.7226276336267841,0.6064704870683034,425,244,2813,1506,61,25,370,167,244,128,885,475,113,65,340,151,4,1,0.0,0.8,1080
Kyren Wilson,Joe O'Connor,7,1409,1108,0.8461660899282688,0.6797231924722057,272,164,1775,972,60,29,364,176,288,166,758,415,148,72,343,165,4,1,0.0,0.8,1080
Gary Wilson,Daniel Wells,7,1334,1264,0.5947357972115818,0.5436386872370789,303,179,1960,1071,273,136,1826,912,200,102,755,403,199,110,626,305,4,1,0.0,0.8,1080
Mark Williams,Zhang Anda,7,1480,1340,0.6838913574482577,0.5866175789173301,1142,746,8940,5106,223,110,1555,779,318,186,1220,702,221,115,718,370,4,1,0.0,0.8,1080
Michael White,Mitchell Mann,7,1330,1217,0.6504866469700167,0.5701590253818352,316,178,2261,1205,169,81,1032,511,306,160,980,528,139,63,333,154,4,0,0.0,1.0,1080
Liang Wenbo,James Cahill,7,1445,1136,0.8523649112589072,0.6840614456522569,450,272,3121,1727,99,34,637,270,373,219,1121,645,113,43,430,181,4,1,0.0,0.8,1080
Joel Walker,Alfie Burden,7,1231,1263,0.4563431395453441,0.48001065984441826,142,66,912,436,574,310,4228,2185,107,42,569,269,139,67,671,334,4,3,0.0,0.5714285714285714,1080
Ricky Walden,Matthew Day,7,1455,1124,0.8684878923525275,0.6958260586292875,645,397,4655,2594,124,59,671,330,206,119,1300,735,47,24,322,170,4,0,0.0,1.0,1080
Chris Wakelin,Saqib Nasir,7,1276,1060,0.7691223962231968,0.6318124177361016,89,45,606,307,73,37,398,206,178,90,599,304,70,29,242,124,4,3,0.0,0.5714285714285714,1080
Thepchaiya Un-Nooh,Joe Roberts,7,1381,1071,0.853127093984388,0.6846015003234307,205,118,1509,800,34,19,187,98,280,152,860,454,82,42,187,98,4,0,0.0,1.0,1080
Judd Trump,Martin Ball,7,1628,1001,0.9800565614896817,0.8274269213962434,670,450,4601,2690,44,18,235,102,430,263,1737,1035,0,0,105,55,4,0,0.0,1.0,1080
Thanawat Thirapongpaiboon,Jimmy Robertson,7,1224,1337,0.3495133530299832,0.42984097461816473,162,73,1141,544,357,192,2422,1249,131,63,517,232,260,141,885,475,4,0,0.0,1.0,1080
Allan Taylor,Michael Holt,7,1190,1398,0.2391631406818608,0.3728522336868044,224,110,1308,664,660,390,4889,2612,113,46,387,154,298,167,1037,557,4,3,0.0,0.5714285714285714,1080
Joe Swail,Jak Jones,7,1303,1161,0.6863077679270944,0.5878295384825115,756,411,6028,3149,125,51,808,365,234,118,784,405,56,29,271,105,4,2,0.0,0.6666666666666666,1080
Matthew Stevens,Ian Glover,7,1379,1121,0.8097380368967944,0.6558828412078137,839,498,6590,3602,163,69,995,471,197,106,927,476,106,40,302,134,4,1,0.0,0.8,1080
Eden Sharav,Dave Harold,7,1190,1205,0.47950179614537025,0.4906260984783392,79,46,456,235,688,383,5362,2810,133,60,341,175,9,4,362,175,4,1,0.0,0.8,1080
Matthew Selt,Igor Figueiredo,7,1440,1216,0.7772350342961843,0.6364525402815664,419,231,2964,1554,78,41,591,292,385,216,1008,562,52,25,115,56,4,0,0.0,1.0,1080
Dechawat Poomjaeng,Thor Chuan Leong,7,1323,1072,0.8033111045084242,0.6519223788927313,192,107,1395,713,29,9,186,74,182,92,953,501,158,71,186,74,4,1,0.0,0.8,1080
Joe Perry,Ashley Carty,7,1507,1182,0.8642241097139457,0.6926419831347361,866,508,6320,3402,90,47,523,267,327,188,1304,737,138,75,460,240,4,2,0.0,0.6666666666666666,1080
Tian Pengfei,Robbie Williams,7,1451,1323,0.6692199309586204,0.5793242521487495,289,168,1933,1048,279,156,1760,910,210,126,781,436,207,111,775,400,4,0,0.0,1.0,1080
Fraser Patrick,Andrew Higginson,7,1176,1410,0.2128707585790301,0.3577829070425624,154,66,1018,471,616,373,4397,2425,105,43,498,222,231,129,842,448,4,3,0.0,0.5714285714285714,1080
Andrew Pagett,Noppon Saengkham,7,1136,1247,0.35204218100893303,0.43106679063045344,235,106,1563,752,123,54,892,412,32,14,405,171,191,86,672,328,4,2,0.0,0.6666666666666666,1080
Fergal O'Brien,William Lemons,7,1349,1015,0.8705826043505938,0.6974111143958823,747,429,5822,3079,29,12,172,78,216,114,774,413,43,19,148,71,4,0,0.0,1.0,1080
David Morris,Michael Wasley,7,1260,1217,0.5585634499391967,0.5268491486891144,228,117,1710,862,238,117,1522,744,122,56,570,294,98,33,694,333,4,2,0.0,0.6666666666666666,1080
Robert Milkins,Alex Davies,7,1357,1205,0.698260993708389,0.5938731029341427,701,430,5239,2868,211,105,1311,653,317,178,1253,685,73,37,445,209,4,2,0.0,0.6666666666666666,1080
Aditya Mehta,Hammad Miah,7,1238,1170,0.5920814957526257,0.542397940774351,230,115,1602,798,76,32,479,213,144,66,675,349,177,95,461,207,4,0,0.0,1.0,1080
Alan McManus,Cao Xinlong,7,1416,1057,0.8870891247364365,0.7104354810428751,836,501,7071,3754,46,13,305,117,229,126,1041,578,8,3,226,87,4,1,0.0,0.8,1080
Rory McLeod,Callum Lloyd,7,1310,957,0.8832805083358919,0.707340014518073,476,262,3630,1901,20,5,104,41,163,82,662,329,31,14,53,23,4,1,0.0,0.8,1080
Anthony McGill,Ian Burns,7,1442,1283,0.7064965786766507,0.5980868603322034,332,200,2160,1189,251,136,1560,814,324,178,987,538,162,78,680,345,4,0,0.0,1.0,1080
Peter Lines,Lyu Chenwei,7,1217,1048,0.7180660778287002,0.6040813228693781,681,371,5046,2627,39,12,247,98,154,75,668,319,85,29,219,90,4,3,0.0,0.5714285714285714,1080
Rod Lawler,Craig Steadman,7,1287,1302,0.47950179614537025,0.4906260984783392,721,399,5618,2935,352,198,2343,1247,173,85,794,409,156,73,711,354,4,0,0.0,1.0,1080
Mark King,David Grace,7,1389,1251,0.6814665603465866,0.585404569129465,794,442,5913,3097,245,114,1621,783,260,149,909,485,193,95,605,281,4,1,0.0,0.8,1080
Ding Junhui,Barry Pinches,7,1493,1179,0.8561477589533566,0.6867567266439019,596,399,4427,2529,693,359,5459,2829,264,146,1318,784,100,36,555,250,4,1,0.0,0.8,1080
Mark Joyce,John Astley,7,1359,1123,0.7890748963496146,0.6433651456944017,367,196,2656,1354,120,55,740,340,192,108,773,400,21,6,341,138,4,1,0.0,0.8,1080
Jamie Jones,Sean O'Sullivan,7,1407,1256,0.6970755073607001,0.5932699921071872,394,238,2650,1445,134,59,840,396,250,137,860,460,155,80,566,272,4,2,0.0,0.6666666666666666,1080
Robin Hull,Chris Norbury,7,1345,1089,0.8079159048674549,0.6547534606063192,447,272,3491,1926,245,115,1512,739,135,71,434,214,49,20,284,98,4,1,0.0,0.8,1080
John Higgins,Adam Bobat,7,1509,972,0.9624208765455056,0.7929007649074549,1212,856,9842,5809,24,8,140,60,398,235,1382,812,26,11,111,50,4,0,0.0,1.0,1080
Lyu Haotian,Dominic Dale,7,1151,1380,0.21778339730367308,0.36066016324693406,67,25,475,208,774,449,5710,3057,48,24,369,160,244,138,1080,588,4,2,0.0,0.6666666666666666,1080
Li Hang,Oliver Lines,7,1338,1258,0.6079354159352611,0.549833997312478,166,83,1190,611,119,66,716,378,188,102,634,337,189,95,559,301,4,2,0.0,0.6666666666666666,1080
Anthony Hamilton,Michael Georgiou,7,1276,1184,0.6236008848905433,0.5572478545985555,734,428,5753,3081,128,57,774,372,117,49,671,348,138,58,430,222,4,1,0.0,0.8,1080
Gerard Greene,Ahmed Saif,7,1269,952,0.858383853016921,0.6883678768310286,636,346,4809,2525,35,7,214,63,145,76,603,294,30,10,200,62,4,0,0.0,1.0,1080
David Gilbert,Nico Elton,7,1425,1080,0.8780529423159423,0.7031827112198086,404,228,3114,1657,51,23,288,138,264,151,870,479,107,55,253,126,4,0,0.0,1.0,1080
Marco Fu,Sydney Wilson,7,1460,1144,0.8576412839544288,0.6878313305828404,720,428,5411,2944,141,55,821,375,321,188,1402,803,131,54,453,215,4,2,0.0,0.6666666666666666,1080
Tom Ford,Chris Melling,7,1377,1123,0.8060824586598727,0.653622330899504,483,276,3514,1874,156,87,1073,558,251,141,776,397,80,28,216,93,4,1,0.0,0.8,1080
Peter Ebdon,Paul Davison,7,1388,1220,0.7169197076810394,0.6034832498647263,939,542,7600,4086,599,321,4235,2176,255,142,818,425,144,68,640,313,4,3,0.0,0.5714285714285714,1080
Mike Dunn,Jamie Clarke,7,1364,1241,0.6630224339222315,0.5762749224932653,622,335,4607,2387,110,58,636,338,246,140,800,425,170,91,494,277,4,3,0.0,0.5714285714285714,1080
Adam Duffy,Jack Lisowski,7,1281,1313,0.4563431395453441,0.48001065984441826,259,134,1651,850,307,185,2001,1090,245,135,646,322,201,103,806,425,4,2,0.0,0.6666666666666666,1080
Graeme Dott,Scott Donaldson,7,1456,1234,0.7752232149046754,0.6352948493228071,726,428,5676,3049,147,76,958,472,280,161,1154,659,129,56,752,368,4,3,0.0,0.5714285714285714,1080
Ken Doherty,Sanderson Lam,7,1302,1117,0.7360780864464773,0.6136070778047783,1043,643,8620,4757,85,39,492,227,214,107,767,388,116,51,440,210,4,3,0.0,0.5714285714285714,1080
Yu Delu,Martin McCrudden,7,1331,1034,0.8429989187038389,0.6775422953274692,197,101,1379,710,19,9,110,49,139,73,644,332,19,4,65,33,4,3,0.0,0.5714285714285714,1080
Ryan Day,Oliver Brown,7,1467,1170,0.8429989187038389,0.6775422953274692,734,446,5189,2865,141,61,772,362,323,193,1332,737,109,52,433,231,4,3,0.0,0.5714285714285714,1080
Mark Davis,Elliot Slessor,7,1470,1194,0.8256265088413395,0.6659669267518202,888,536,6539,3570,91,40,541,252,312,182,1329,746,123,66,420,196,4,0,0.0,1.0,1080
Jamie Cope,Ross Muir,7,1294,1133,0.7088291167182063,0.5992881635083561,506,275,3442,1763,84,31,549,240,188,94,633,309,134,55,501,218,4,3,0.0,0.5714285714285714,1080
Rhys Clark,Kurt Maflin,7,1146,1400,0.19391754134012712,0.34637766910049594,66,31,382,184,425,251,2858,1553,106,47,310,148,220,120,890,483,4,3,0.0,0.5714285714285714,1080
Ali Carter,Lee Page,7,1506,1065,0.9301134571560195,0.7507282371635285,743,447,5340,2938,205,99,1245,609,196,112,830,472,41,15,316,122,4,1,0.0,0.8,1080
Stuart Carrington,Lee Walker,7,1310,1254,0.5760654606907909,0.5349429451582145,231,124,1462,768,389,221,3061,1597,190,93,554,276,184,93,290,144,4,2,0.0,0.6666666666666666,1080
Marcus Campbell,Zak Surety,7,1197,1169,0.5382188233953898,0.5174928576663897,676,365,5001,2560,88,40,524,249,60,33,518,227,126,56,363,173,4,2,0.0,0.6666666666666666,1080
Jamie Burnett,Steven Hallworth,7,1350,1047,0.847732715071801,0.6808107108156386,610,357,4847,2584,48,15,297,122,182,100,634,327,91,30,264,109,4,3,0.0,0.5714285714285714,1080
Luca Brecel,Lu Ning,7,1350,1119,0.7841899555246323,0.6404919537233386,195,100,1348,696,54,18,383,164,217,120,714,374,102,39,271,110,4,3,0.0,0.5714285714285714,1080
Nigel Bond,Liam Highfield,7,1248,1322,0.39996961044138163,0.4538814589542204,786,439,6304,3337,262,142,1759,929,125,56,618,303,127,64,682,362,4,3,0.0,0.5714285714285714,1080
Sam Baird,Darryl Hill,7,1287,1057,0.783204659627048,0.6399160967377341,244,129,1679,868,38,14,253,110,147,75,774,403,106,41,226,97,4,0,0.0,1.0,1080
Thepchaiya Un-Nooh,Neeraj Kumar,7,1381,1000,0.9002495498742646,0.7216176701846587,205,118,1509,800,0,0,0,0,280,152,860,454,0,0,0,0,4,0,0.0,1.0,1080
Lyu Haotian,Dharminder Lilly,7,1151,994,0.7041548710511403,0.596884378259767,67,25,475,208,1,0,4,0,48,24,369,160,0,0,4,0,4,3,0.0,0.5714285714285714,1080
Adam Duffy,Sumit Talwar,7,1281,1000,0.829876495909729,0.668741821102192,259,134,1651,850,0,0,0,0,245,135,646,322,0,0,0,0,4,0,0.0,1.0,1080
Rhys Clark,Pankaj Advani,7,1146,1346,0.24761894840913548,0.3775406687981454,66,31,382,184,96,54,678,360,106,47,310,148,38,24,420,225,4,3,0.0,0.5714285714285714,1080
Nigel Bond,Faizal Khan,7,1248,994,0.8060824586598727,0.653622330899504,786,439,6304,3337,1,0,5,1,125,56,618,303,0,0,5,1,4,2,0.0,0.6666666666666666,1080
Sam Baird,Brijesh Damani,7,1287,1048,0.7919725105475417,0.645084137572727,244,129,1679,868,8,5,42,25,147,75,774,403,0,0,0,0,4,1,0.0,0.8,1080
Ben Woollaston,Yu Delu,7,1317,1331,0.48086718764462183,0.4912508931197597,425,244,2813,1506,197,101,1379,710,244,128,885,475,139,73,644,332,4,3,0.0,0.5714285714285714,1080
Kyren Wilson,Alan McManus,7,1409,1416,0.4904306643721704,0.4956251116502266,272,164,1775,972,836,501,7071,3754,288,166,758,415,229,126,1041,578,4,0,0.0,1.0,1080
Mark Williams,Eden Sharav,7,1480,1190,0.837347307313657,0.6737070994545215,1142,746,8940,5106,79,46,456,235,318,186,1220,702,133,60,341,175,4,2,0.0,0.6666666666666666,1080
Michael White,Cao Yupeng,7,1330,1228,0.6364932182719292,0.5634067862621936,316,178,2261,1205,170,86,1241,626,306,160,980,528,111,50,627,302,4,3,0.0,0.5714285714285714,1080
Ricky Walden,Rory McLeod,7,1455,1310,0.6899164671577602,0.5896454785627312,645,397,4655,2594,476,262,3630,1901,206,119,1300,735,163,82,662,329,4,1,0.0,0.8,1080
Chris Wakelin,Rhys Clark,7,1276,1146,0.6716853028295744,0.5805423048206596,89,45,606,307,66,31,382,184,178,90,599,304,106,47,310,148,4,2,0.0,0.6666666666666666,1080
Thepchaiya Un-Nooh,Ding Junhui,7,1381,1493,0.35077688766853815,0.43045377606077095,205,118,1509,800,596,399,4427,2529,280,152,860,454,264,146,1318,784,4,3,0.0,0.5714285714285714,1080
Judd Trump,Peter Lines,7,1628,1217,0.9162378856649652,0.7364309317009723,670,450,4601,2690,681,371,5046,2627,430,263,1737,1035,154,75,668,319,4,2,0.0,0.6666666666666666,1080
Joe Swail,Ken Doherty,7,1303,1302,0.5013671846516985,0.5006249996744794,756,411,6028,3149,1043,643,8620,4757,234,118,784,405,214,107,767,388,4,2,0.0,0.6666666666666666,1080
Matthew Selt,Joel Walker,7,1440,1231,0.7618819203066071,0.6277321638605189,419,231,2964,1554,142,66,912,436,385,216,1008,562,107,42,569,269,4,0,0.0,1.0,1080
Dechawat Poomjaeng,Thanawat Thirapongpaiboon,7,1323,1224,0.6326419490877371,0.5615610703361955,192,107,1395,713,162,73,1141,544,182,92,953,501,131,63,517,232,4,1,0.0,0.8,1080
Joe Perry,Marcus Campbell,7,1507,1197,0.853127093984388,0.6846015003234307,866,508,6320,3402,676,365,5001,2560,327,188,1304,737,60,33,518,227,4,2,0.0,0.6666666666666666,1080
Tian Pengfei,Lyu Haotian,7,1451,1151,0.8453785395674661,0.679178699175393,289,168,1933,1048,67,25,475,208,210,126,781,436,48,24,369,160,4,1,0.0,0.8,1080
Andrew Pagett,Zack Richardson,7,1136,1088,0.5653114683109788,0.5299640517645717,235,106,1563,752,40,19,220,119,32,14,405,171,41,21,220,119,4,2,0.0,0.6666666666666666,1080
David Morris,David Gilbert,7,1260,1425,0.286533617594737,0.3983128198171432,228,117,1710,862,404,228,3114,1657,122,56,570,294,264,151,870,479,4,0,0.0,1.0,1080
Robert Milkins,Mike Dunn,7,1357,1364,0.4904306643721704,0.4956251116502266,701,430,5239,2868,622,335,4607,2387,317,178,1253,685,246,140,800,425,4,2,0.0,0.6666666666666666,1080
Aditya Mehta,Mark King,7,1238,1389,0.3029244926392998,0.4067300078928128,230,115,1602,798,794,442,5913,3097,144,66,675,349,260,149,909,485,4,3,0.0,0.5714285714285714,1080
Anthony McGill,Tom Ford,7,1442,1377,0.5880916350836762,0.5405358392737893,332,200,2160,1189,483,276,3514,1874,324,178,987,538,251,141,776,397,4,0,0.0,1.0,1080
Rod Lawler,Sam Baird,7,1287,1287,0.5,0.5,721,399,5618,2935,244,129,1679,868,173,85,794,409,147,75,774,403,4,0,0.0,1.0,1080
Jamie Jones,Liang Wenbo,7,1407,1445,0.44820271004203943,0.4762678458734389,394,238,2650,1445,450,272,3121,1727,250,137,860,460,373,219,1121,645,4,2,0.0,0.6666666666666666,1080
John Higgins,Jamie Burnett,7,1509,1350,0.7064965786766507,0.5980868603322034,1212,856,9842,5809,610,357,4847,2584,398,235,1382,812,182,100,634,327,4,2,0.0,0.6666666666666666,1080
Li Hang,Allan Taylor,7,1338,1190,0.6935058085008956,0.5914589784327801,166,83,1190,611,224,110,1308,664,188,102,634,337,113,46,387,154,4,3,0.0,0.5714285714285714,1080
Gerard Greene,Matthew Stevens,7,1269,1379,0.35330921996474546,0.4316800165217519,636,346,4809,2525,839,498,6590,3602,145,76,603,294,197,106,927,476,4,2,0.0,0.6666666666666666,1080
Peter Ebdon,Zhou Yuelong,7,1388,1315,0.5987085312450529,0.5454987872127821,939,542,7600,4086,76,40,513,268,255,142,818,425,219,120,435,235,4,2,0.0,0.6666666666666666,1080
Adam Duffy,Gary Wilson,7,1281,1334,0.42796070219744664,0.46692337763389535,259,134,1651,850,303,179,1960,1071,245,135,646,322,200,102,755,403,4,3,0.0,0.5714285714285714,1080
Graeme Dott,Robin Hull,7,1456,1345,0.6479578189910667,0.5689332093695465,726,428,5676,3049,447,272,3491,1926,280,161,1154,659,135,71,434,214,4,3,0.0,0.5714285714285714,1080
Mark Davis,Anthony Hamilton,7,1470,1276,0.7459292301495708,0.6189278548001903,888,536,6539,3570,734,428,5753,3081,312,182,1329,746,117,49,671,348,4,2,0.0,0.6666666666666666,1080
Jamie Cope,Fraser Patrick,7,1294,1176,0.6567774862994666,0.5732197726798348,506,275,3442,1763,154,66,1018,471,188,94,633,309,105,43,498,222,4,2,0.0,0.6666666666666666,1080
Luca Brecel,Fergal O'Brien,7,1350,1349,0.5013671846516985,0.5006249996744794,195,100,1348,696,747,429,5822,3079,217,120,714,374,216,114,774,413,4,2,0.0,0.6666666666666666,1080
Nigel Bond,Ryan Day,7,1248,1467,0.22781497267732487,0.3664446223632249,786,439,6304,3337,734,446,5189,2865,125,56,618,303,323,193,1332,737,4,1,0.0,0.8,1080
Kyren Wilson,Ben Woollaston,7,1409,1317,0.6236008848905433,0.5572478545985555,272,164,1775,972,425,244,2813,1506,288,166,758,415,244,128,885,475,4,1,0.0,0.8,1080
Mark Williams,Peter Ebdon,7,1480,1388,0.6236008848905433,0.5572478545985555,1142,746,8940,5106,939,542,7600,4086,318,186,1220,702,255,142,818,425,4,3,0.0,0.5714285714285714,1080
Michael White,Matthew Selt,7,1330,1440,0.35330921996474546,0.4316800165217519,316,178,2261,1205,419,231,2964,1554,306,160,980,528,385,216,1008,562,4,2,0.0,0.6666666666666666,1080
Ricky Walden,Aditya Mehta,7,1455,1238,0.7701459815525172,0.6323937895695628,645,397,4655,2594,230,115,1602,798,206,119,1300,735,144,66,675,349,4,2,0.0,0.6666666666666666,1080
Chris Wakelin,Andrew Pagett,7,1276,1136,0.6838913574482577,0.5866175789173301,89,45,606,307,235,106,1563,752,178,90,599,304,32,14,405,171,4,1,0.0,0.8,1080
Thepchaiya Un-Nooh,Luca Brecel,7,1381,1350,0.5422981239384312,0.519365308229932,205,118,1509,800,195,100,1348,696,280,152,860,454,217,120,714,374,4,0,0.0,1.0,1080
Judd Trump,Adam Duffy,7,1628,1281,0.8793759455680459,0.704225233864307,670,450,4601,2690,259,134,1651,850,430,263,1737,1035,245,135,646,322,4,3,0.0,0.5714285714285714,1080
Joe Perry,Rod Lawler,7,1507,1287,0.7732004785001367,0.6341355910108007,866,508,6320,3402,721,399,5618,2935,327,188,1304,737,173,85,794,409,4,1,0.0,0.8,1080
Tian Pengfei,Mark Joyce,7,1451,1359,0.6236008848905433,0.5572478545985555,289,168,1933,1048,367,196,2656,1354,210,126,781,436,192,108,773,400,4,1,0.0,0.8,1080
Robert Milkins,Joe Swail,7,1357,1303,0.573382262278332,0.5336988354329009,701,430,5239,2868,756,411,6028,3149,317,178,1253,685,234,118,784,405,4,1,0.0,0.8,1080
Jamie Jones,Gerard Greene,7,1407,1269,0.6814665603465866,0.585404569129465,394,238,2650,1445,636,346,4809,2525,250,137,860,460,145,76,603,294,4,3,0.0,0.5714285714285714,1080
John Higgins,Jamie Cope,7,1509,1294,0.7680961089120268,0.6312306626164005,1212,856,9842,5809,506,275,3442,1763,398,235,1382,812,188,94,633,309,4,2,0.0,0.6666666666666666,1080
Li Hang,Stuart Carrington,7,1338,1310,0.5382188233953898,0.5174928576663897,166,83,1190,611,231,124,1462,768,188,102,634,337,190,93,554,276,4,1,0.0,0.8,1080
Graeme Dott,David Morris,7,1456,1260,0.7480902113030796,0.6201064323430902,726,428,5676,3049,228,117,1710,862,280,161,1154,659,122,56,570,294,4,0,0.0,1.0,1080
Mark Davis,Anthony McGill,7,1470,1442,0.5382188233953898,0.5174928576663897,888,536,6539,3570,332,200,2160,1189,312,182,1329,746,324,178,987,538,4,3,0.0,0.5714285714285714,1080
Nigel Bond,Dechawat Poomjaeng,7,1248,1323,0.3986489708076568,0.45326184801538616,786,439,6304,3337,192,107,1395,713,125,56,618,303,182,92,953,501,4,3,0.0,0.5714285714285714,1080
Mark Williams,Judd Trump,7,1480,1628,0.3064941914991044,0.40854102156721994,1142,746,8940,5106,670,450,4601,2690,318,186,1220,702,430,263,1737,1035,4,3,0.0,0.5714285714285714,1080
Michael White,Li Hang,7,1330,1338,0.48906395814377107,0.4950001666600003,316,178,2261,1205,166,83,1190,611,306,160,980,528,188,102,634,337,4,2,0.0,0.6666666666666666,1080
Ricky Walden,Tian Pengfei,7,1455,1451,0.5054685677142574,0.5024999791668749,645,397,4655,2594,289,168,1933,1048,206,119,1300,735,210,126,781,436,4,0,0.0,1.0,1080
Chris Wakelin,Nigel Bond,7,1276,1248,0.5382188233953898,0.5174928576663897,89,45,606,307,786,439,6304,3337,178,90,599,304,125,56,618,303,4,1,0.0,0.8,1080
Thepchaiya Un-Nooh,Jamie Jones,7,1381,1407,0.4645031181885513,0.48375571893792757,205,118,1509,800,394,238,2650,1445,280,152,860,454,250,137,860,460,4,1,0.0,0.8,1080
Joe Perry,Kyren Wilson,7,1507,1409,0.6313550071762073,0.5609454503247162,866,508,6320,3402,272,164,1775,972,327,188,1304,737,288,166,758,415,4,3,0.0,0.5714285714285714,1080
Robert Milkins,Graeme Dott,7,1357,1456,0.36735805091226303,0.4384389296638045,701,430,5239,2868,726,428,5676,3049,317,178,1253,685,280,161,1154,659,4,2,0.0,0.6666666666666666,1080
Mark Davis,John Higgins,7,1470,1509,0.44684812561516707,0.47564429123179275,888,536,6539,3570,1212,856,9842,5809,312,182,1329,746,398,235,1382,812,4,0,0.0,1.0,1080
Mark Williams,Robert Milkins,7,1480,1357,0.6630224339222315,0.5762749224932653,1142,746,8940,5106,701,430,5239,2868,318,186,1220,702,317,178,1253,685,4,1,0.0,0.8,1080
Michael White,Chris Wakelin,7,1330,1276,0.573382262278332,0.5336988354329009,316,178,2261,1205,89,45,606,307,306,160,980,528,178,90,599,304,4,2,0.0,0.6666666666666666,1080
Ricky Walden,Joe Perry,7,1455,1507,0.42930455538057166,0.4675456936126812,645,397,4655,2594,866,508,6320,3402,206,119,1300,735,327,188,1304,737,4,2,0.0,0.6666666666666666,1080
Thepchaiya Un-Nooh,Mark Davis,7,1381,1470,0.38029641350050397,0.44460335167941084,205,118,1509,800,888,536,6539,3570,280,152,860,454,312,182,1329,746,4,2,0.0,0.6666666666666666,1080
Michael White,Mark Williams,7,1330,1480,0.3041121924541114,0.40733340004593027,316,178,2261,1205,1142,746,8940,5106,306,160,980,528,318,186,1220,702,4,2,0.0,0.6666666666666666,1080
Ricky Walden,Thepchaiya Un-Nooh,7,1455,1381,0.6000303895586184,0.5461185410457796,645,397,4655,2594,205,118,1509,800,206,119,1300,735,280,152,860,454,4,3,0.0,0.5714285714285714,1080
Michael White,Ricky Walden,9,1330,1455,0.3152665769470101,0.4225046348141883,316,178,2261,1205,645,397,4655,2594,306,160,980,528,206,119,1300,735,5,0,0.0,1.0,1080
Ben Woollaston,Jamie Cope,1,1320,1295,0.5156199157230156,0.5156199157230156,428,246,2830,1515,509,277,3461,1773,261,137,902,484,207,104,652,319,1,0,0.0,1.0,1087
Kyren Wilson,Kurt Maflin,1,1438,1387,0.5318318894162242,0.5318318894162242,276,167,1796,987,426,251,2865,1556,309,181,779,430,227,123,897,486,1,0,0.0,1.0,1087
Mark Williams,John Higgins,1,1496,1504,0.4950001666600003,0.4950001666600003,1148,751,8976,5128,1216,859,9862,5821,354,208,1256,724,418,247,1402,824,1,0,0.0,1.0,1087
Michael White,Robert Milkins,1,1405,1381,0.51499550161941,0.51499550161941,323,185,2301,1234,706,434,5267,2885,346,189,1020,557,345,195,1281,702,1,0,0.0,1.0,1087
Jimmy White,Dechawat Poomjaeng,1,1217,1333,0.42800386706848137,0.42800386706848137,1361,769,11792,6222,195,109,1412,724,107,48,669,311,199,103,970,512,1,0,0.0,1.0,1087
Ricky Walden,Andrew Higginson,1,1479,1398,0.5504527113395278,0.5504527113395278,652,403,4692,2618,617,373,4404,2428,243,143,1337,759,238,132,849,451,1,0,0.0,1.0,1087
Chris Wakelin,Marcus Campbell,1,1293,1205,0.5547792351072148,0.5547792351072148,94,49,635,325,678,366,5013,2566,207,108,628,322,72,39,530,233,1,0,0.0,1.0,1087
Judd Trump,Matthew Selt,1,1614,1452,0.5998883688639983,0.5998883688639983,674,453,4625,2705,422,233,2978,1564,454,278,1761,1050,399,226,1022,572,1,0,0.0,1.0,1087
Joe Perry,Mike Dunn,1,1504,1356,0.5914589784327801,0.5914589784327801,871,512,6350,3420,624,336,4620,2393,357,206,1334,755,259,146,813,431,1,0,0.0,1.0,1087
Fraser Patrick,Mark Davis,1,1183,1494,0.31485894324970715,0.31485894324970715,156,67,1031,477,893,540,6566,3588,118,49,511,228,339,200,1356,764,1,0,0.0,1.0,1087
Ronnie O'Sullivan,Dave Harold,1,1718,1193,0.7879311956428947,0.7879311956428947,1048,796,9332,5675,689,383,5367,2811,97,62,856,566,14,5,367,176,1,0,0.0,1.0,1087
Shaun Murphy,Jamie Burnett,1,1564,1341,0.6358738914270539,0.6358738914270539,850,554,6291,3584,612,358,4860,2590,372,227,1582,927,195,106,647,333,1,0,0.0,1.0,1087
David Morris,Matthew Stevens,1,1273,1374,0.43720825986135486,0.43720825986135486,231,119,1724,870,841,499,6601,3608,136,64,584,302,208,112,938,482,1,0,0.0,1.0,1087
Aditya Mehta,Noppon Saengkham,1,1260,1236,0.51499550161941,0.51499550161941,233,117,1619,808,124,54,898,414,161,76,692,359,197,88,678,330,1,0,0.0,1.0,1087
Rory McLeod,Nigel Bond,1,1306,1266,0.52497918747894,0.52497918747894,478,263,3640,1906,791,443,6334,3354,173,87,672,334,155,73,648,320,1,0,0.0,1.0,1087
Anthony McGill,Mark Selby,1,1466,1551,0.4470740118670941,0.4470740118670941,335,202,2175,1200,862,586,6261,3626,339,189,1002,549,393,245,1696,1034,1,0,0.0,1.0,1087
Rod Lawler,Gerard Greene,1,1312,1291,0.5131219861822433,0.5131219861822433,724,401,5631,2944,639,348,4826,2536,186,94,807,418,162,87,620,305,1,0,0.0,1.0,1087
Jamie Jones,Mark Joyce,1,1407,1356,0.5318318894162242,0.5318318894162242,398,241,2674,1458,369,197,2666,1359,274,150,884,473,202,113,783,405,1,0,0.0,1.0,1087
Michael Holt,Ryan Day,1,1387,1444,0.4644351620161461,0.4644351620161461,661,390,4896,2615,736,447,5201,2870,305,170,1044,560,335,198,1344,742,1,0,0.0,1.0,1087
Barry Hawkins,Joe Swail,1,1479,1304,0.6076631698328917,0.6076631698328917,748,460,5434,3011,759,413,6045,3158,273,151,1400,783,251,127,801,414,1,0,0.0,1.0,1087
Anthony Hamilton,Alan McManus,1,1284,1404,0.425557483188341,0.425557483188341,736,429,5764,3087,838,502,7080,3758,128,55,682,354,238,130,1050,582,1,0,0.0,1.0,1087
Xiao Guodong,Peter Lines,1,1369,1219,0.5926665999540697,0.5926665999540697,308,177,2123,1168,683,372,5059,2633,162,87,845,476,167,81,681,325,1,0,0.0,1.0,1087
Martin Gould,David Gilbert,1,1523,1415,0.5670929049654543,0.5670929049654543,524,317,3569,1955,406,229,3122,1661,238,140,1103,614,272,155,878,483,1,0,0.0,1.0,1087
Tom Ford,Jack Lisowski,1,1368,1304,0.5399148845555657,0.5399148845555657,485,277,3523,1878,308,185,2007,1092,260,145,785,401,207,105,812,427,1,0,0.0,1.0,1087
Peter Ebdon,Gary Wilson,1,1391,1338,0.5330766223661046,0.5330766223661046,942,544,7620,4097,305,180,1972,1078,275,153,838,436,212,109,767,410,1,0,0.0,1.0,1087
Graeme Dott,Jimmy Robertson,1,1454,1319,0.5835831155172753,0.5835831155172753,730,431,5700,3063,358,192,2426,1249,304,175,1178,673,264,141,889,475,1,0,0.0,1.0,1087
Ali Carter,Mark King,1,1508,1389,0.5738312575916094,0.5738312575916094,744,448,5345,2942,796,443,5925,3104,201,116,835,476,272,156,921,492,1,0,0.0,1.0,1087
Alfie Burden,Ken Doherty,1,1258,1292,0.4787627850337259,0.4787627850337259,575,310,4235,2188,1045,644,8633,4763,146,70,678,337,227,113,780,394,1,0,0.0,1.0,1087
Luca Brecel,Dominic Dale,1,1339,1365,0.48375571893792757,0.48375571893792757,198,102,1365,704,775,449,5716,3059,234,128,731,382,250,140,1086,590,1,0,0.0,1.0,1087
Stuart Bingham,Fergal O'Brien,1,1563,1351,0.6294831119673949,0.6294831119673949,864,544,6438,3659,749,430,5832,3085,388,222,1544,905,226,120,784,419,1,0,0.0,1.0,1087
Sam Baird,Stephen Maguire,1,1289,1445,0.40371730070321216,0.40371730070321216,247,131,1692,876,767,510,5682,3230,160,83,787,411,262,136,1447,831,1,0,0.0,1.0,1087
Mark Allen,Thepchaiya Un-Nooh,1,1494,1442,0.5324543063873187,0.5324543063873187,589,377,4012,2254,212,124,1546,827,294,172,1169,698,317,179,897,481,1,0,0.0,1.0,1087
Ben Woollaston,Aditya Mehta,1,1320,1260,0.5374298453437496,0.5374298453437496,428,246,2830,1515,233,117,1619,808,261,137,902,484,161,76,692,359,1,0,0.0,1.0,1087
Kyren Wilson,Jimmy White,1,1438,1217,0.6347154153791584,0.6347154153791584,276,167,1796,987,1361,769,11792,6222,309,181,779,430,107,48,669,311,1,0,0.0,1.0,1087
Mark Williams,Peter Ebdon,1,1496,1391,0.5652507475670999,0.5652507475670999,1148,751,8976,5128,942,544,7620,4097,354,208,1256,724,275,153,838,436,1,0,0.0,1.0,1087
Michael White,Judd Trump,1,1405,1614,0.3722678361394811,0.3722678361394811,323,185,2301,1234,674,453,4625,2705,346,189,1020,557,454,278,1761,1050,1,0,0.0,1.0,1087
Joe Perry,Luca Brecel,1,1504,1339,0.6016871801828567,0.6016871801828567,871,512,6350,3420,198,102,1365,704,357,206,1334,755,234,128,731,382,1,0,0.0,1.0,1087
Shaun Murphy,Anthony Hamilton,1,1564,1284,0.6681877721681662,0.6681877721681662,850,554,6291,3584,736,429,5764,3087,372,227,1582,927,128,55,682,354,1,0,0.0,1.0,1087
David Morris,Chris Wakelin,1,1273,1293,0.4875026035157896,0.4875026035157896,231,119,1724,870,94,49,635,325,136,64,584,302,207,108,628,322,1,0,0.0,1.0,1087
Rod Lawler,Graeme Dott,1,1312,1454,0.41217046151748854,0.41217046151748854,724,401,5631,2944,730,431,5700,3063,186,94,807,418,304,175,1178,673,1,0,0.0,1.0,1087
Jamie Jones,Stuart Bingham,1,1407,1563,0.40371730070321216,0.40371730070321216,398,241,2674,1458,864,544,6438,3659,274,150,884,473,388,222,1544,905,1,0,0.0,1.0,1087
Michael Holt,Ali Carter,1,1387,1508,0.424946451444212,0.424946451444212,661,390,4896,2615,744,448,5345,2942,305,170,1044,560,201,116,835,476,1,0,0.0,1.0,1087
Barry Hawkins,Anthony McGill,1,1479,1466,0.5081242849062608,0.5081242849062608,748,460,5434,3011,335,202,2175,1200,273,151,1400,783,339,189,1002,549,1,0,0.0,1.0,1087
Xiao Guodong,Mark Allen,1,1369,1494,0.4225046348141883,0.4225046348141883,308,177,2123,1168,589,377,4012,2254,162,87,845,476,294,172,1169,698,1,0,0.0,1.0,1087
Martin Gould,Rory McLeod,1,1523,1306,0.6323937895695628,0.6323937895695628,524,317,3569,1955,478,263,3640,1906,238,140,1103,614,173,87,672,334,1,0,0.0,1.0,1087
Tom Ford,Ronnie O'Sullivan,1,1368,1718,0.29421497216298875,0.29421497216298875,485,277,3523,1878,1048,796,9332,5675,260,145,785,401,97,62,856,566,1,0,0.0,1.0,1087
Alfie Burden,Fraser Patrick,1,1258,1183,0.5467381519846138,0.5467381519846138,575,310,4235,2188,156,67,1031,477,146,70,678,337,118,49,511,228,1,0,0.0,1.0,1087
Sam Baird,Ricky Walden,1,1289,1479,0.38343349547868066,0.38343349547868066,247,131,1692,876,652,403,4692,2618,160,83,787,411,243,143,1337,759,1,0,0.0,1.0,1087
Ben Woollaston,Joe Perry,1,1320,1504,0.38698582386066455,0.38698582386066455,428,246,2830,1515,871,512,6350,3420,261,137,902,484,357,206,1334,755,1,0,0.0,1.0,1087
Kyren Wilson,Barry Hawkins,1,1438,1479,0.47439741167538224,0.47439741167538224,276,167,1796,987,748,460,5434,3011,309,181,779,430,273,151,1400,783,1,0,0.0,1.0,1087
Michael White,Tom Ford,1,1405,1368,0.523108525489089,0.523108525489089,323,185,2301,1234,485,277,3523,1878,346,189,1020,557,260,145,785,401,1,0,0.0,1.0,1087
Shaun Murphy,Martin Gould,1,1564,1523,0.5256025883246178,0.5256025883246178,850,554,6291,3584,524,317,3569,1955,372,227,1582,927,238,140,1103,614,1,0,0.0,1.0,1087
Jamie Jones,Mark Williams,1,1407,1496,0.44460335167941084,0.44460335167941084,398,241,2674,1458,1148,751,8976,5128,274,150,884,473,354,208,1256,724,1,0,0.0,1.0,1087
Michael Holt,Rod Lawler,1,1387,1312,0.5467381519846138,0.5467381519846138,661,390,4896,2615,724,401,5631,2944,305,170,1044,560,186,94,807,418,1,0,0.0,1.0,1087
Xiao Guodong,David Morris,1,1369,1273,0.5597136492671929,0.5597136492671929,308,177,2123,1168,231,119,1724,870,162,87,845,476,136,64,584,302,1,0,0.0,1.0,1087
Alfie Burden,Sam Baird,1,1258,1289,0.4806346917700681,0.4806346917700681,575,310,4235,2188,247,131,1692,876,146,70,678,337,160,83,787,411,1,0,0.0,1.0,1087
Kyren Wilson,Michael Holt,1,1438,1387,0.5318318894162242,0.5318318894162242,276,167,1796,987,661,390,4896,2615,309,181,779,430,305,170,1044,560,1,0,0.0,1.0,1087
Michael White,Ben Woollaston,1,1405,1320,0.5529259881329059,0.5529259881329059,323,185,2301,1234,428,246,2830,1515,346,189,1020,557,261,137,902,484,1,0,0.0,1.0,1087
Jamie Jones,Shaun Murphy,1,1407,1564,0.40311562174023297,0.40311562174023297,398,241,2674,1458,850,554,6291,3584,274,150,884,473,372,227,1582,927,1,0,0.0,1.0,1087
Xiao Guodong,Alfie Burden,1,1369,1258,0.5689332093695465,0.5689332093695465,308,177,2123,1168,575,310,4235,2188,162,87,845,476,146,70,678,337,1,0,0.0,1.0,1087
Michael White,Kyren Wilson,1,1405,1438,0.47938669028555136,0.47938669028555136,323,185,2301,1234,276,167,1796,987,346,189,1020,557,309,181,779,430,1,0,0.0,1.0,1087
Xiao Guodong,Jamie Jones,1,1369,1407,0.4762678458734389,0.4762678458734389,308,177,2123,1168,398,241,2674,1458,162,87,845,476,274,150,884,473,1,0,0.0,1.0,1087
Michael White,Xiao Guodong,1,1405,1369,0.5224848247918001,0.5224848247918001,323,185,2301,1234,308,177,2123,1168,346,189,1020,557,162,87,845,476,1,0,0.0,1.0,1087
Geoff Williams,Stuart Parnell,3,1041,1113,0.4328624439385218,0.45512110762641994,62,33,441,229,161,90,1206,632,0,0,0,0,0,0,0,0,2,1,0.0,0.6666666666666666,1073
John Welsh,Les Dodd,3,994,1009,0.48594079508751975,0.4906260984783392,47,18,301,142,330,136,2769,1299,0,0,2,0,0,0,31,17,2,0,0.0,1.0,1073
Darryn Walker,Jamie Home,3,1130,879,0.7208707069935733,0.6519223788927313,266,143,2135,1112,18,2,126,40,22,11,22,11,0,0,0,0,2,0,0.0,1.0,1073
Karl Townsend,Craig Barber,3,873,970,0.4099446954400324,0.4396703573114467,146,58,967,430,74,32,469,217,0,0,4,2,16,6,94,40,2,1,0.0,0.6666666666666666,1073
Joe Swail,David Roe,3,1301,1180,0.6117347642792654,0.5750535485557879,760,413,6046,3158,499,257,4210,2136,252,127,802,414,0,0,0,0,2,0,0.0,1.0,1073
Ian Barry Stark,Rod Lawler,3,858,1317,0.14618871265393146,0.24094601446959302,88,28,570,219,727,403,5634,2946,0,0,29,13,189,96,810,420,2,0,0.0,1.0,1073
Jamie Rous,Tony Knowles,3,976,930,0.5430301648404956,0.5287183569514396,95,37,694,318,587,293,4882,2424,0,0,0,0,0,0,10,3,2,1,0.0,0.6666666666666666,1073
Adrian Rosa,Alex Peart,3,1221,730,0.869207756481184,0.7733807162924247,269,148,2125,1091,24,1,148,30,17,9,17,9,0,0,0,0,2,0,0.0,1.0,1073
Fergal O'Brien,Jimmy O'Shea,3,1348,943,0.8247988035182527,0.7335091181602805,750,430,5833,3085,37,15,244,114,227,120,785,419,0,0,2,0,2,0,0.0,1.0,1073
Andrew Milliard,Anthony Taylor,3,878,954,0.42917599481289437,0.45264238185691075,161,46,952,364,80,30,592,265,28,13,49,21,0,0,0,0,2,1,0.0,0.6666666666666666,1073
Alan McManus,Steve Meakin,3,1399,1071,0.7766983077406716,0.6942363401080305,839,502,7081,3758,249,117,1881,901,239,130,1051,582,0,0,3,1,2,1,0.0,0.6666666666666666,1073
Rory McLeod,Tony Drago,3,1307,1148,0.6452428968209177,0.5980868603322034,480,264,3642,1907,707,348,5824,2879,175,88,674,335,57,17,464,206,2,1,0.0,0.6666666666666666,1073
Craig MacGillivray,Hassan Vaizie,3,1041,988,0.5495425577352617,0.5330766223661046,250,125,1867,920,72,28,513,237,35,10,35,10,0,0,17,6,2,0,0.0,1.0,1073
Scott MacFarlane,Paul Davison,3,1095,1222,0.38290314554093535,0.421285137539866,142,92,1010,574,600,321,4242,2179,39,19,39,19,151,71,647,316,2,1,0.0,0.6666666666666666,1073
Peter Lines,Andy Hicks,3,1216,1248,0.47003196419663423,0.48001065984441826,684,372,5060,2633,564,305,4645,2412,168,81,682,325,74,40,129,63,2,0,0.0,1.0,1073
John Leahy,Dessie Sheehan,3,886,738,0.6356584056323649,0.5914589784327801,42,14,273,112,168,34,1285,476,0,0,7,4,43,16,81,30,2,1,0.0,0.6666666666666666,1073
Mark King,Barry Pinches,3,1386,1174,0.6898828722786701,0.6294831119673949,797,443,5926,3104,694,359,5464,2830,273,156,922,492,105,37,560,251,2,0,0.0,1.0,1073
Robin Hull,David McLellan,3,1351,1085,0.7323230903406421,0.660382673079216,449,273,3503,1933,288,161,2283,1192,147,78,446,221,0,0,0,0,2,1,0.0,0.6666666666666666,1073
Anthony Harris,Shane Haines,3,933,959,0.47564215138038757,0.48375571893792757,213,90,1650,772,116,48,856,398,0,0,54,25,0,0,14,2,2,0,0.0,1.0,1073
Dave Harold,Raymon Fabrie,3,1191,941,0.72009773320259,0.6513548646660542,690,383,5368,2811,51,21,381,176,15,5,368,176,0,0,12,4,2,0,0.0,1.0,1073
Gerard Greene,Balvinder Sembi,3,1287,1008,0.7420285919047417,0.6676332571171155,640,348,4827,2536,9,4,62,33,163,87,621,305,0,0,0,0,2,0,0.0,1.0,1073
Gary Filtness,Mike Hallett,3,1007,1076,0.43563164691646883,0.4569816192756902,43,23,280,142,632,328,5117,2568,0,0,2,0,0,0,24,10,2,0,0.0,1.0,1073
Patsy Fagan,Paul Moss,3,752,918,0.3487110651411176,0.3977138231113694,86,28,699,275,21,5,140,54,0,0,6,4,0,0,0,0,2,0,0.0,1.0,1073
Dominic Dale,Peter Delaney,3,1361,828,0.8874673561291961,0.7912538634254065,776,449,5717,3059,29,6,192,62,251,140,1087,590,9,1,9,1,2,0,0.0,1.0,1073
Tony Chappel,Richard Somauroo,3,1175,842,0.7800613392059225,0.6968832820410791,368,184,3111,1558,100,30,650,261,0,0,19,9,0,0,12,4,2,0,0.0,1.0,1073
Ian Brumby,Ashley Beal,3,1099,966,0.6224336804672821,0.5823675407280794,399,204,2951,1492,16,6,92,41,0,0,17,7,0,0,11,5,2,0,0.0,1.0,1073
Gary Wilkinson,Mark King,3,1179,1386,0.31421012515145663,0.3734370028762817,544,296,4536,2367,797,443,5926,3104,0,0,5,2,273,156,922,492,2,0,0.0,1.0,1073
John Welsh,Adrian Rosa,3,994,1221,0.2979982687809247,0.36181388669099446,47,18,301,142,269,148,2125,1091,0,0,2,0,17,9,17,9,2,0,0.0,1.0,1073
Darryn Walker,Anthony Harris,3,1130,933,0.6775263738711496,0.6206951913643555,266,143,2135,1112,213,90,1650,772,22,11,22,11,0,0,54,25,2,0,0.0,1.0,1073
Karl Townsend,Ian Barry Stark,3,873,858,0.5140592049124801,0.5093739015216607,146,58,967,430,88,28,570,219,0,0,4,2,0,0,29,13,2,1,0.0,0.6666666666666666,1073
Darren Thompson,Paul Stockwell,3,1042,828,0.691512699373366,0.6306485256510744,13,7,71,37,34,7,233,80,0,0,10,6,0,0,3,1,2,0,0.0,1.0,1073
Joe Swail,Gary Miller,3,1301,964,0.7827280507463208,0.6989914835090479,760,413,6046,3158,16,7,87,40,252,127,802,414,0,0,2,0,2,0,0.0,1.0,1073
Fergal O'Brien,Mark Davis,3,1348,1489,0.3704916545787839,0.4127763091606651,750,430,5833,3085,894,540,6567,3588,227,120,785,419,340,200,1357,764,2,0,0.0,1.0,1073
Paul McPhillips,Gary Filtness,3,1188,1007,0.6640976424294183,0.6112334666758695,246,147,1941,1049,43,23,280,142,0,0,0,0,0,0,2,0,2,0,0.0,1.0,1073
Alan McManus,Gerard Greene,3,1399,1287,0.6036465906285672,0.569546223939229,839,502,7081,3758,640,348,4827,2536,239,130,1051,582,163,87,621,305,2,0,0.0,1.0,1073
Rory McLeod,Andrew Milliard,3,1307,878,0.838169875293018,0.7450720559074311,480,264,3642,1907,161,46,952,364,175,88,674,335,28,13,49,21,2,0,0.0,1.0,1073
Craig MacGillivray,Patsy Fagan,3,1041,752,0.7493522385266942,0.6731572963701318,250,125,1867,920,86,28,699,275,35,10,35,10,0,0,6,4,2,0,0.0,1.0,1073
Robin Hull,Jamie Rous,3,1351,976,0.8070011748413521,0.7185943925708561,449,273,3503,1933,95,37,694,318,147,78,446,221,0,0,0,0,2,0,0.0,1.0,1073
Dave Harold,Scott MacFarlane,3,1191,1095,0.5891446296047504,0.5597136492671929,690,383,5368,2811,142,92,1010,574,15,5,368,176,39,19,39,19,2,0,0.0,1.0,1073
Dominic Dale,Geoff Williams,3,1361,1041,0.7712492483368285,0.6899744811276125,776,449,5717,3059,62,33,441,229,251,140,1087,590,0,0,0,0,2,1,0.0,0.6666666666666666,1073
Tony Chappel,Anthony Davies,3,1175,1214,0.4634953324873436,0.47564429123179275,368,184,3111,1558,344,193,2799,1473,0,0,19,9,0,0,39,22,2,1,0.0,0.6666666666666666,1073
Marcus Campbell,Dean Reynolds,3,1201,1069,0.6215460085047553,0.5817593768418363,679,366,5014,2566,425,215,3697,1846,73,39,531,233,0,0,2,0,2,0,0.0,1.0,1073
Ian Brumby,John Leahy,3,1099,886,0.6906983157883182,0.6300660082850182,399,204,2951,1492,42,14,273,112,0,0,17,7,0,0,7,4,2,1,0.0,0.6666666666666666,1073
Jonathan Bagley,Peter Lines,3,929,1216,0.25210249213720426,0.3279437373497286,110,41,795,360,684,372,5060,2633,0,0,0,0,168,81,682,325,2,0,0.0,1.0,1073
Andrew Alexandrou,Peter Bardsley,3,826,1011,0.3325219382717035,0.3863929221952217,87,22,620,245,16,6,106,55,9,1,9,1,0,0,0,0,2,1,0.0,0.6666666666666666,1073
Gary Wilkinson,John Welsh,3,1179,994,0.6674780617282965,0.6136070778047783,544,296,4536,2367,47,18,301,142,0,0,5,2,0,0,2,0,2,1,0.0,0.6666666666666666,1073
Darryn Walker,Darren Thompson,3,1130,1042,0.5818400934818897,0.5547792351072148,266,143,2135,1112,13,7,71,37,22,11,22,11,0,0,10,6,2,1,0.0,0.6666666666666666,1073
Fergal O'Brien,Joe Swail,3,1348,1301,0.5439613547788918,0.5293412500457856,750,430,5833,3085,760,413,6046,3158,227,120,785,419,252,127,802,414,2,0,0.0,1.0,1073
Paul McPhillips,Marcus Campbell,3,1188,1201,0.4878146451112957,0.4918757150937391,246,147,1941,1049,679,366,5014,2566,0,0,0,0,73,39,531,233,2,1,0.0,0.6666666666666666,1073
Rory McLeod,Jamie Bodle,3,1307,1123,0.6666343839820057,0.6130141761393355,480,264,3642,1907,152,98,1125,627,175,88,674,335,6,2,45,25,2,1,0.0,0.6666666666666666,1073
Craig MacGillivray,Karl Townsend,3,1041,873,0.6530085154626863,0.6034832498647263,250,125,1867,920,146,58,967,430,35,10,35,10,0,0,4,2,2,0,0.0,1.0,1073
Dominic Dale,Andrew Alexandrou,3,1361,826,0.8882834203857037,0.7920785167252805,776,449,5717,3059,87,22,620,245,251,140,1087,590,9,1,9,1,2,0,0.0,1.0,1073
Tony Chappel,Dave Harold,3,1175,1191,0.48500399888028645,0.4900013331200346,368,184,3111,1558,690,383,5368,2811,0,0,19,9,15,5,368,176,2,0,0.0,1.0,1073
Ian Brumby,Alan McManus,3,1099,1399,0.2427370177464626,0.320821300824607,399,204,2951,1492,839,502,7081,3758,0,0,17,7,239,130,1051,582,2,0,0.0,1.0,1073
Jonathan Bagley,Robin Hull,3,929,1351,0.16565074856146755,0.25826612006856875,110,41,795,360,449,273,3503,1933,0,0,0,0,147,78,446,221,2,1,0.0,0.6666666666666666,1073
Darryn Walker,Jonathan Bagley,3,1130,929,0.6808440193948357,0.6230466603666162,266,143,2135,1112,110,41,795,360,22,11,22,11,0,0,0,0,2,0,0.0,1.0,1073
Fergal O'Brien,Gary Wilkinson,3,1348,1179,0.6538669746472932,0.6040813228693781,750,430,5833,3085,544,296,4536,2367,227,120,785,419,0,0,5,2,2,1,0.0,0.6666666666666666,1073
Paul McPhillips,Craig MacGillivray,3,1188,1041,0.6347821919386811,0.5908547524545943,246,147,1941,1049,250,125,1867,920,0,0,0,0,35,10,35,10,2,1,0.0,0.6666666666666666,1073
Rory McLeod,Ian Brumby,3,1307,1099,0.6866105668879662,0.6271477663131956,480,264,3642,1907,399,204,2951,1492,175,88,674,335,0,0,17,7,2,0,0.0,1.0,1073
Dominic Dale,Tony Chappel,3,1361,1175,0.6683207815419061,0.6141996427768951,776,449,5717,3059,368,184,3111,1558,251,140,1087,590,0,0,19,9,2,0,0.0,1.0,1073
Mark Williams,Darryn Walker,3,1499,1130,0.8032968116797783,0.7155512239631054,1151,753,8979,5130,266,143,2135,1112,357,210,1259,726,22,11,22,11,2,0,0.0,1.0,1073
John Parrott,Cliff Thorburn,3,1169,1166,0.5028124736330719,0.5018749912109869,846,516,7896,4283,403,225,3634,1902,0,0,0,0,0,0,5,3,2,0,0.0,1.0,1073
Fergal O'Brien,Peter Ebdon,3,1348,1392,0.4588330116905938,0.47252769565540637,750,430,5833,3085,944,545,7622,4098,227,120,785,419,277,154,840,437,2,0,0.0,1.0,1073
Darren Morgan,Dennis Taylor,3,1271,1107,0.6495658328784527,0.6010878788483698,513,292,4484,2315,550,293,4651,2396,0,0,44,18,0,0,2,0,2,0,0.0,1.0,1073
Paul McPhillips,Joe Johnson,3,1188,1077,0.602744702149216,0.5689332093695465,246,147,1941,1049,456,227,4017,1999,0,0,0,0,0,0,2,0,2,1,0.0,0.6666666666666666,1073
Ken Doherty,Jimmy White,3,1288,1219,0.5643683530835313,0.5430183807243099,1046,644,8634,4763,1363,770,11794,6223,228,113,781,394,109,49,671,312,2,0,0.0,1.0,1073
Steve Davis,Rory McLeod,3,1223,1307,0.42182437680202234,0.4476920904256748,1367,891,11632,6636,480,264,3642,1907,30,11,366,170,175,88,674,335,2,1,0.0,0.6666666666666666,1073
Dominic Dale,Nigel Bond,3,1361,1262,0.5918750014779461,0.5615610703361955,776,449,5717,3059,792,443,6335,3354,251,140,1087,590,156,73,649,320,2,0,0.0,1.0,1073
Mark Williams,Dominic Dale,3,1499,1361,0.6268609820151465,0.585404569129465,1151,753,8979,5130,776,449,5717,3059,357,210,1259,726,251,140,1087,590,2,0,0.0,1.0,1073
John Parrott,Paul McPhillips,3,1169,1188,0.48219419559838206,0.4881272322437472,846,516,7896,4283,246,147,1941,1049,0,0,0,0,0,0,0,0,2,0,0.0,1.0,1073
Fergal O'Brien,Steve Davis,3,1348,1223,0.6153122460458453,0.5774953651858118,750,430,5833,3085,1367,891,11632,6636,227,120,785,419,30,11,366,170,2,0,0.0,1.0,1073
Ken Doherty,Darren Morgan,3,1288,1271,0.5159327036645707,0.5106234010049637,1046,644,8634,4763,513,292,4484,2315,228,113,781,394,0,0,44,18,2,0,0.0,1.0,1073
Mark Williams,John Parrott,3,1499,1169,0.7780474658826184,0.6952966693475653,1151,753,8979,5130,846,516,7896,4283,357,210,1259,726,0,0,0,0,2,0,0.0,1.0,1073
Fergal O'Brien,Ken Doherty,3,1348,1288,0.55603989008885,0.5374298453437496,750,430,5833,3085,1046,644,8634,4763,227,120,785,419,228,113,781,394,2,0,0.0,1.0,1073
Mark Williams,Fergal O'Brien,3,1499,1348,0.6382822224751862,0.5932699921071872,1151,753,8979,5130,750,430,5833,3085,357,210,1259,726,227,120,785,419,2,1,0.0,0.6666666666666666,1073
Charlie Walters,Daniel Wells,7,995,1254,0.1893551436986179,0.34355312754339407,71,26,397,175,274,136,1831,913,73,33,182,84,204,111,631,306,4,0,0.0,1.0,1084
Jyri Virtanen,Conor McCormack,7,1010,929,0.6092484254460553,0.5504527113395278,2,1,14,7,13,3,64,20,0,0,0,0,44,15,64,20,4,0,0.0,1.0,1084
Mitchell Travis,Grant Miles,7,1155,987,0.7169197076810394,0.6034832498647263,111,56,641,314,4,1,21,8,36,21,380,197,21,8,21,8,4,2,0.0,0.6666666666666666,1084
Harri Sillanpää,Essam Saadeh,7,1000,985,0.5204982038546295,0.5093739015216607,0,0,0,0,1,0,4,0,0,0,0,0,0,0,0,0,4,2,0.0,0.6666666666666666,1084
Zack Richardson,Adam Bobat,7,1082,965,0.6555229391190917,0.5726080638632601,41,19,226,121,25,8,144,60,47,23,226,121,30,11,115,50,4,0,0.0,1.0,1084
Sean O'Sullivan,Daniel Schneider,7,1252,943,0.8523649112589072,0.6840614456522569,135,59,846,398,14,4,67,23,161,82,572,274,35,15,67,23,4,2,0.0,0.6666666666666666,1084
Martin O'Donnell,Michał Zieliński,7,1243,939,0.8485117931807986,0.6813537337890256,229,109,1379,687,11,2,54,14,144,72,550,272,0,0,0,0,4,3,0.0,0.5714285714285714,1084
Joe O'Connor,Brandon Sargeant,7,1103,1030,0.5987085312450529,0.5454987872127821,61,29,369,177,36,16,203,96,153,73,348,166,92,46,183,92,4,2,0.0,0.6666666666666666,1084
Maciej Michowski,Ejler Hame,7,991,815,0.726023440718493,0.6082590307465143,1,0,6,2,15,0,72,8,0,0,6,2,5,1,9,1,4,0,0.0,1.0,1084
Patryk Masłowski,Wojciech Przylucki,7,991,1012,0.4713154170628733,0.4868780138177567,1,0,6,2,3,2,16,9,0,0,6,2,0,0,16,9,4,0,0.0,1.0,1084
Sanderson Lam,Adam Stefanow,7,1119,1013,0.641605432096216,0.5658650028954817,86,39,499,230,22,10,110,51,123,54,447,213,14,2,81,39,4,2,0.0,0.6666666666666666,1084
Przemek Kruk,Przemyslaw Fundament,7,1000,1000,0.5,0.5,0,0,0,0,0,0,0,0,0,0,0,0,0,0,0,0,4,2,0.0,0.6666666666666666,1084
Rune Kampe,Maciej Maciejwski,7,975,987,0.4835986704357121,0.4925005624493796,14,4,75,29,1,0,5,1,17,8,27,13,0,0,5,1,4,0,0.0,1.0,1084
Ben Jones,Edwin Ingebrigtsen,7,1021,1000,0.5286845829371267,0.5131219861822433,61,29,321,154,0,0,0,0,77,36,248,117,0,0,0,0,4,0,0.0,1.0,1084
Anthony Jeffers,Bartosz Oldakowski,7,1015,1000,0.5204982038546295,0.5093739015216607,6,3,32,16,0,0,0,0,9,4,32,16,0,0,0,0,4,1,0.0,0.8,1084
Juhana Hautala,Pawel Farynowski,7,1000,1000,0.5,0.5,0,0,0,0,0,0,0,0,0,0,0,0,0,0,0,0,4,2,0.0,0.6666666666666666,1084
Nico Elton,Ryan Causton,7,1071,1080,0.48769738857442835,0.4943752372926745,52,23,292,138,103,53,551,271,111,55,257,126,63,30,300,155,4,0,0.0,1.0,1084
Ollie Douglas,Felix Vidler,7,1000,1000,0.5,0.5,0,0,0,0,0,0,0,0,0,0,0,0,0,0,0,0,4,0,0.0,1.0,1084
Peter Devlin,Joe Steele,7,967,951,0.5218633393972989,0.5099986668799655,14,5,66,25,52,20,264,111,23,9,62,25,59,24,230,102,4,3,0.0,0.5714285714285714,1084
Paul Davison,Kobi Mates,7,1216,960,0.8079159048674549,0.6547534606063192,601,321,4245,2180,5,1,20,4,154,72,650,317,0,0,20,4,4,0,0.0,1.0,1084
Marc Davis,Ron Florax,7,1068,922,0.691115079332653,0.5902502519301834,96,40,512,235,6,0,27,3,51,24,230,124,4,0,18,2,4,0,0.0,1.0,1084
Dylan Craig,Maris Volajs,7,1118,994,0.6642657784879786,0.5768852611320463,44,26,238,131,7,3,36,17,80,46,204,112,26,15,36,17,4,2,0.0,0.6666666666666666,1084
Tony Corrigan,Jan Bossaert,7,999,1000,0.4986328153483015,0.4993750003255206,3,1,15,7,0,0,0,0,15,7,15,7,0,0,0,0,4,0,0.0,1.0,1084
Jamie Clarke,Eden Sharav,7,1241,1202,0.5531518743848329,0.5243557087682073,111,58,643,341,81,47,467,241,177,94,501,280,144,66,352,181,4,1,0.0,0.8,1084
Billy Brown,Iiro Sirkiä,7,961,1000,0.44684812561516707,0.47564429123179275,21,6,106,41,0,0,0,0,0,0,94,41,0,0,0,0,4,1,0.0,0.8,1084
Josh Boileau,Bartlomiej Jakobczak,7,1095,1000,0.6274848196821066,0.559097471902393,44,24,226,119,0,0,0,0,65,35,182,99,0,0,0,0,4,1,0.0,0.8,1084
Richard Beckham,Luke Garland,7,1086,1068,0.5245927745980452,0.5112481019468548,29,18,151,80,23,14,134,72,84,45,148,80,34,19,134,72,4,1,0.0,0.8,1084
Mateusz Baranowski,Ariel Trebocha,7,1039,1000,0.5531518743848329,0.5243557087682073,15,8,77,40,0,0,0,0,68,39,72,39,0,0,0,0,4,1,0.0,0.8,1084
Joshua Baddeley,Henry Roper,7,986,913,0.5987085312450529,0.5454987872127821,14,6,76,35,12,2,63,21,40,17,76,35,0,0,39,9,4,0,0.0,1.0,1084
Gareth Allen,Michał Ebert,7,1159,996,0.7111524094404451,0.6004882745269664,128,62,720,356,3,1,14,5,128,61,393,195,0,0,4,0,4,0,0.0,1.0,1084
Krzysztof Wrobel,Michal Matuszczyk,7,979,970,0.5123026114255715,0.5056247627073255,22,7,128,51,2,0,8,0,0,0,12,7,0,0,4,0,4,0,0.0,1.0,1084
Sydney Wilson,Oliver Brown,7,1145,1176,0.4577018760615691,0.4806346917700681,142,55,827,377,142,61,779,365,137,56,459,217,116,55,440,234,4,2,0.0,0.6666666666666666,1084
Michael Williams,Marcin Nitschke,7,1069,1008,0.5827567809217526,0.5380512843858591,34,17,167,88,10,4,49,22,87,45,167,88,13,5,29,14,4,2,0.0,0.6666666666666666,1084
Jason Weston,Jeff Jacobs,7,1152,923,0.7822166026963269,0.6393398367530659,285,159,2212,1170,24,6,124,45,109,49,125,57,45,17,110,43,4,1,0.0,0.8,1084
Jyri Virtanen,Jayson Wholey,7,1010,904,0.641605432096216,0.5658650028954817,2,1,14,7,6,0,25,1,0,0,0,0,0,0,17,1,4,0,0.0,1.0,1084
Chris Totten,Joshua Baddeley,7,983,986,0.4958985144028909,0.498125008789013,2,0,11,3,14,6,76,35,0,0,7,3,40,17,76,35,4,2,0.0,0.6666666666666666,1084
Jason Tart,Harri Sillanpää,7,948,1000,0.42930455538057166,0.4675456936126812,10,2,54,17,0,0,0,0,18,8,33,12,0,0,0,0,4,0,0.0,1.0,1084
Andres Petrov,Aki Suutari,7,1027,1000,0.536858082179779,0.5168685956913849,6,4,30,16,0,0,0,0,16,8,30,16,0,0,0,0,4,0,0.0,1.0,1084
Bartosz Olchowka,Juhana Hautala,7,1000,1000,0.5,0.5,0,0,0,0,0,0,0,0,0,0,0,0,0,0,0,0,4,2,0.0,0.6666666666666666,1084
Sean O'Sullivan,Andreas Ploner,7,1252,1060,0.7437579445222342,0.617747874769249,135,59,846,398,39,17,205,95,161,82,572,274,57,30,181,82,4,1,0.0,0.8,1084
Martin O'Donnell,Phuntsok Jaegers,7,1243,978,0.8160262378047215,0.6598217549720575,229,109,1379,687,7,3,38,15,144,72,550,272,15,5,38,15,4,1,0.0,0.8,1084
Joe O'Connor,Wiktor Doberschütz,7,1103,1003,0.6339273074659068,0.5621765008857981,61,29,369,177,2,1,8,4,153,73,348,166,0,0,0,0,4,0,0.0,1.0,1084
Jeremy Lee,Lukasz Guzowski,7,991,1000,0.48769738857442835,0.4943752372926745,1,0,5,1,0,0,0,0,5,1,5,1,0,0,0,0,4,1,0.0,0.8,1084
Sanderson Lam,Daniel Holoyda,7,1119,1000,0.6580301976734948,0.5738312575916094,86,39,499,230,0,0,0,0,123,54,447,213,0,0,0,0,4,0,0.0,1.0,1084
Przemek Kruk,Kristof De Mulder,7,1000,1000,0.5,0.5,0,0,0,0,0,0,0,0,0,0,0,0,0,0,0,0,4,1,0.0,0.8,1084
Marcin Kolibski,Konrad Piekarczyk,7,1013,983,0.5409388610739393,0.5187412158785352,3,2,14,8,1,0,4,0,0,0,14,8,0,0,4,0,4,0,0.0,1.0,1084
Christopher Keogan,Jarosław Kowalski,7,1124,984,0.6838913574482577,0.5866175789173301,92,38,507,239,7,2,35,14,113,62,364,181,0,0,9,5,4,0,0.0,1.0,1084
Ben Jones,Jurian Heusdens,7,1021,1049,0.46178117660461016,0.48250714233361025,61,29,321,154,35,18,181,93,77,36,248,117,61,32,158,79,4,0,0.0,1.0,1084
Ashley Hugill,Tony Corrigan,7,1107,999,0.644151517953897,0.5670929049654543,42,21,222,111,3,1,15,7,149,82,222,111,15,7,15,7,4,2,0.0,0.6666666666666666,1084
Kishan Hirani,Matthew Glasby,7,1090,926,0.7123105654940886,0.6010878788483698,107,49,567,268,24,8,134,55,79,41,271,142,36,11,134,55,4,1,0.0,0.8,1084
Ross Higgins,Zack Richardson,7,954,1082,0.33078006904137963,0.42067574785125056,45,14,230,89,41,19,226,121,64,30,193,84,47,23,226,121,4,3,0.0,0.5714285714285714,1084
David Greig,Adrian Gill,7,1000,1000,0.5,0.5,0,0,0,0,0,0,0,0,0,0,0,0,0,0,0,0,4,0,0.0,1.0,1084
Kacper Filipiak,Patryk Masłowski,7,1045,991,0.573382262278332,0.5336988354329009,63,22,335,129,1,0,6,2,76,40,201,101,0,0,6,2,4,3,0.0,0.5714285714285714,1084
Nico Elton,Tytus Pawlak,7,1071,1000,0.5960612197256479,0.5442588584178731,52,23,292,138,0,0,0,0,111,55,257,126,0,0,0,0,4,0,0.0,1.0,1084
Adam Duffy,Sascha Lippe,7,1313,983,0.8677841579315165,0.6952966693475653,263,137,1675,865,46,13,261,106,269,150,670,337,52,28,70,38,4,2,0.0,0.6666666666666666,1084
TJ Dowling,Maciej Michowski,7,1053,991,0.5840920587766287,0.538672605206508,23,13,119,60,1,0,6,2,37,20,114,60,0,0,6,2,4,1,0.0,0.8,1084
Ollie Douglas,Rafał Jewtuch,7,1000,990,0.51366902727117,0.5062496744995104,0,0,0,0,4,2,21,9,0,0,0,0,0,0,16,8,4,2,0.0,0.6666666666666666,1084
Mark Dooley,Karol Lelek,7,1001,998,0.5041014855971089,0.5018749912109869,3,1,15,7,3,1,15,7,0,0,15,7,0,0,9,5,4,2,0.0,0.6666666666666666,1084
Jason Devaney,Olli-Pekka Virho,7,983,1000,0.476771798023094,0.4893765989950364,7,1,37,13,0,0,0,0,0,0,16,7,0,0,0,0,4,0,0.0,1.0,1084
Paul Davison,Kevin Hanssens,7,1216,1000,0.7691223962231968,0.6318124177361016,601,321,4245,2180,0,0,0,0,154,72,650,317,0,0,0,0,4,2,0.0,0.6666666666666666,1084
Marc Davis,Matthew Day,7,1068,1114,0.43738543058720863,0.4712816430485603,96,40,512,235,125,59,675,330,51,24,230,124,51,24,326,170,4,0,0.0,1.0,1084
Jeff Cundy,Anthony Jeffers,7,1173,1015,0.7053268662779104,0.5974857658270161,506,268,3562,1850,6,3,32,16,40,20,285,162,9,4,32,16,4,1,0.0,0.8,1084
Dylan Craig,Phan Quoc Binh,7,1118,1004,0.651748409886971,0.5707716118944918,44,26,238,131,2,1,9,4,80,46,204,112,0,0,0,0,4,0,0.0,1.0,1084
Jamie Clarke,Antoni Kowalski,7,1241,983,0.8097380368967944,0.6558828412078137,111,58,643,341,1,0,4,0,177,94,501,280,0,0,4,0,4,0,0.0,1.0,1084
Brian Cini,Kamil Zubrzycki,7,1027,988,0.5531518743848329,0.5243557087682073,28,13,139,71,1,0,5,1,68,36,139,71,0,0,0,0,4,1,0.0,0.8,1084
Ashley Carty,Dessie Sheehan,7,1183,736,0.9326503462134863,0.7535246977220308,91,47,529,269,169,34,1288,477,144,77,466,242,46,17,84,31,4,1,0.0,0.8,1084
Josh Boileau,Maciej Kusak,7,1095,1000,0.6274848196821066,0.559097471902393,44,24,226,119,0,0,0,0,65,35,182,99,0,0,0,0,4,1,0.0,0.8,1084
Mateusz Baranowski,Tom Snyers,7,1039,1000,0.5531518743848329,0.5243557087682073,15,8,77,40,0,0,0,0,68,39,72,39,0,0,0,0,4,0,0.0,1.0,1084
Gareth Allen,Aleksandr Kurgankov,7,1159,952,0.7597891374076362,0.6265629971237182,128,62,720,356,7,2,34,10,128,61,393,195,17,6,34,10,4,0,0.0,1.0,1084
Charlie Walters,Michael Williams,7,995,1069,0.39996961044138163,0.4538814589542204,71,26,397,175,34,17,167,88,73,33,182,84,87,45,167,88,4,3,0.0,0.5714285714285714,1084
Mitchell Travis,Peter Devlin,7,1155,967,0.7393846765226212,0.6153837563911821,111,56,641,314,14,5,66,25,36,21,380,197,23,9,62,25,4,0,0.0,1.0,1084
Jason Tart,Marcin Kolibski,7,948,1013,0.4119083649163239,0.4594641607262107,10,2,54,17,3,2,14,8,18,8,33,12,0,0,14,8,4,0,0.0,1.0,1084
Joe O'Connor,Przemek Kruk,7,1103,1000,0.6377737431786725,0.5640216374262577,61,29,369,177,0,0,0,0,153,73,348,166,0,0,0,0,4,0,0.0,1.0,1084
Sanderson Lam,Chris Totten,7,1119,983,0.6790334655716898,0.5841905229354074,86,39,499,230,2,0,11,3,123,54,447,213,0,0,7,3,4,2,0.0,0.6666666666666666,1084
Lukas Kleckers,Andres Petrov,7,1046,1027,0.5259570402770714,0.5118727677562528,25,11,141,67,6,4,30,16,82,39,137,67,16,8,30,16,4,3,0.0,0.5714285714285714,1084
Christopher Keogan,Mark Dooley,7,1124,1001,0.6630224339222315,0.5762749224932653,92,38,507,239,3,1,15,7,113,62,364,181,0,0,15,7,4,1,0.0,0.8,1084
Ben Jones,Martin O'Donnell,7,1021,1243,0.22477678509532484,0.364705150677193,61,29,321,154,229,109,1379,687,77,36,248,117,144,72,550,272,4,1,0.0,0.8,1084
Kishan Hirani,Ollie Douglas,7,1090,1000,0.6210041469292463,0.5560138905446199,107,49,567,268,0,0,0,0,79,41,271,142,0,0,0,0,4,2,0.0,0.6666666666666666,1084
David Greig,Sydney Wilson,7,1000,1145,0.31008353284223983,0.4103545214372688,0,0,0,0,142,55,827,377,0,0,0,0,137,56,459,217,4,2,0.0,0.6666666666666666,1084
Kacper Filipiak,Jeff Cundy,7,1045,1173,0.33078006904137963,0.42067574785125056,63,22,335,129,506,268,3562,1850,76,40,201,101,40,20,285,162,4,2,0.0,0.6666666666666666,1084
Nico Elton,Jamie Clarke,7,1071,1241,0.2807899358531167,0.39532091528599067,52,23,292,138,111,58,643,341,111,55,257,126,177,94,501,280,4,0,0.0,1.0,1084
Adam Duffy,Sean O'Sullivan,7,1313,1252,0.5827567809217526,0.5380512843858591,263,137,1675,865,135,59,846,398,269,150,670,337,161,82,572,274,4,1,0.0,0.8,1084
TJ Dowling,Ashley Carty,7,1053,1183,0.32831469717042555,0.41945769517934034,23,13,119,60,91,47,529,269,37,20,114,60,144,77,466,242,4,2,0.0,0.6666666666666666,1084
Jason Devaney,Jyri Virtanen,7,983,1010,0.4631419178202212,0.48313140430861523,7,1,37,13,2,1,14,7,0,0,16,7,0,0,0,0,4,2,0.0,0.6666666666666666,1084
Paul Davison,Ashley Hugill,7,1216,1107,0.6454220086166967,0.5677065480733601,601,321,4245,2180,42,21,222,111,154,72,650,317,149,82,222,111,4,0,0.0,1.0,1084
Marc Davis,Billy Brown,7,1068,961,0.6428793213307702,0.5664790559676278,96,40,512,235,21,6,106,41,51,24,230,124,0,0,94,41,4,2,0.0,0.6666666666666666,1084
Dylan Craig,Bartosz Olchowka,7,1118,1000,0.6567774862994666,0.5732197726798348,44,26,238,131,0,0,0,0,80,46,204,112,0,0,0,0,4,0,0.0,1.0,1084
Brian Cini,Rune Kampe,7,1027,975,0.5706954446194282,0.5324543063873187,28,13,139,71,14,4,75,29,68,36,139,71,17,8,27,13,4,0,0.0,1.0,1084
Josh Boileau,Ross Higgins,7,1095,954,0.685100616527281,0.587223690839335,44,24,226,119,45,14,230,89,65,35,182,99,64,30,193,84,4,2,0.0,0.6666666666666666,1084
Richard Beckham,Jeremy Lee,7,1086,991,0.6274848196821066,0.559097471902393,29,18,151,80,1,0,5,1,84,45,148,80,5,1,5,1,4,1,0.0,0.8,1084
Mateusz Baranowski,Krzysztof Wrobel,7,1039,979,0.5814204865006773,0.5374298453437496,15,8,77,40,22,7,128,51,68,39,72,39,0,0,12,7,4,3,0.0,0.5714285714285714,1084
Gareth Allen,Jason Weston,7,1159,1152,0.5095693356278297,0.5043748883497735,128,62,720,356,285,159,2212,1170,128,61,393,195,109,49,125,57,4,2,0.0,0.6666666666666666,1084
Ben Woollaston,Barry Pinches,7,1329,1168,0.7088291167182063,0.5992881635083561,432,249,2834,1518,695,359,5466,2830,265,140,906,487,107,37,562,251,4,2,0.0,0.6666666666666666,1084
Kyren Wilson,Andrew Pagett,7,1449,1144,0.8492880506369576,0.6818962645895934,281,171,1801,991,238,108,1580,761,314,185,784,434,49,23,422,180,4,0,0.0,1.0,1084
Robbie Williams,TJ Dowling,7,1310,1053,0.8088283859322067,0.655318370173895,280,156,1764,910,23,13,119,60,211,111,779,400,37,20,114,60,4,2,0.0,0.6666666666666666,1084
Mark Williams,Lee Page,7,1518,1063,0.9359148755824045,0.75722034035404,1155,757,8988,5138,206,99,1250,610,366,218,1268,734,46,16,321,123,4,2,0.0,0.6666666666666666,1084
Michael White,Mitchell Mann,7,1430,1203,0.7802322205466414,0.6381861133090055,329,191,2307,1240,170,81,1036,511,352,195,1026,563,143,63,337,154,4,0,0.0,1.0,1084
Liang Wenbo,Nico Elton,7,1441,1071,0.8938256769723133,0.7160597938157098,452,273,3132,1733,52,23,292,138,384,225,1132,651,111,55,257,126,4,2,0.0,0.6666666666666666,1084
Joel Walker,Kishan Hirani,7,1224,1090,0.6765921632853334,0.5829754542011996,144,67,923,440,107,49,567,268,118,46,580,273,79,41,271,142,4,1,0.0,0.8,1084
Ricky Walden,Brian Cini,7,1478,1027,0.9342992837911581,0.7553772379137498,654,404,4694,2619,28,13,139,71,245,144,1339,760,68,36,139,71,4,3,0.0,0.5714285714285714,1084
Chris Wakelin,David Grace,7,1293,1242,0.5693507188778237,0.5318318894162242,96,50,637,326,246,114,1626,784,209,109,630,323,198,96,610,282,4,1,0.0,0.8,1084
Thepchaiya Un-Nooh,Jason Devaney,7,1438,983,0.9359148755824045,0.75722034035404,213,124,1547,827,7,1,37,13,318,179,898,481,0,0,16,7,4,0,0.0,1.0,1084
Judd Trump,Joe O'Connor,7,1612,1103,0.9546864226118135,0.7811704063081433,676,454,4627,2706,61,29,369,177,456,279,1763,1051,153,73,348,166,4,0,0.0,1.0,1084
Zak Surety,Allan Taylor,7,1162,1202,0.44549420086403224,0.47502081252106,89,40,530,251,226,111,1322,671,132,58,369,175,127,53,401,161,4,2,0.0,0.6666666666666666,1084
Craig Steadman,David Greig,7,1286,1000,0.8340553716337187,0.6715050342254059,353,198,2347,1247,0,0,0,0,160,73,715,354,0,0,0,0,4,0,0.0,1.0,1084
Matthew Selt,Alexander Ursenbacher,7,1449,1136,0.855396798107813,0.6862186708976811,423,233,2979,1564,62,25,375,168,400,226,1023,572,118,66,345,152,4,3,0.0,0.5714285714285714,1084
Mark Selby,Rory McLeod,7,1547,1315,0.7851724867885262,0.6410674063348171,863,586,6262,3626,485,268,3655,1916,394,245,1697,1034,188,97,687,344,4,1,0.0,0.8,1084
Neil Robertson,Adam Duffy,7,1567,1313,0.8060824586598727,0.653622330899504,729,472,5428,3081,263,137,1675,865,265,167,1674,1002,269,150,670,337,4,3,0.0,0.5714285714285714,1084
Jimmy Robertson,Charlie Walters,7,1316,995,0.8613262329678552,0.6905090012275708,359,192,2427,1249,71,26,397,175,265,141,890,475,73,33,182,84,4,1,0.0,0.8,1084
Dechawat Poomjaeng,Ben Jones,7,1328,1021,0.850832110932218,0.6829798455801029,196,109,1413,724,61,29,321,154,200,103,971,512,77,36,248,117,4,1,0.0,0.8,1084
Joe Perry,Matthew Stevens,7,1505,1369,0.6790334655716898,0.5841905229354074,874,514,6353,3422,842,499,6602,3608,360,208,1337,757,209,112,939,482,4,1,0.0,0.8,1084
Fergal O'Brien,Lyu Chenwei,7,1390,1050,0.8746981311142084,0.7005671424739729,758,437,5851,3100,40,12,254,101,245,135,803,434,92,32,226,93,4,1,0.0,0.8,1084
Ross Muir,Stephen Maguire,7,1135,1440,0.15071194936304244,0.31810373541040654,85,31,556,243,768,510,5683,3230,141,58,508,221,263,136,1448,831,4,3,0.0,0.5714285714285714,1084
Robert Milkins,Josh Boileau,7,1377,1095,0.8307179588376647,0.669295402777446,707,434,5268,2885,44,24,226,119,346,195,1282,702,65,35,182,99,4,1,0.0,0.8,1084
Chris Melling,Chris Norbury,7,1117,1083,0.5463726874746992,0.5212372149662741,157,87,1078,559,246,115,1517,740,85,29,221,94,54,21,289,99,4,0,0.0,1.0,1084
Alan McManus,Mateusz Baranowski,7,1394,1039,0.8845606606866738,0.708373991032327,842,504,7088,3762,15,8,77,40,246,134,1058,586,68,39,72,39,4,0,0.0,1.0,1084
Anthony McGill,John Astley,7,1466,1117,0.8806881852645642,0.7052656295907794,337,203,2177,1201,121,55,745,341,341,190,1004,550,26,7,346,139,4,1,0.0,0.8,1084
Oliver Lines,Kacper Filipiak,7,1252,1045,0.7597891374076362,0.6265629971237182,120,66,722,380,63,22,335,129,195,97,565,303,76,40,201,101,4,0,0.0,1.0,1084
Peter Lines,Andrew Higginson,7,1213,1394,0.2683658456228286,0.3887665333241305,686,373,5064,2635,618,373,4405,2428,172,83,686,327,239,132,850,451,4,1,0.0,0.8,1084
Rod Lawler,Ali Carter,7,1305,1506,0.2465527590120173,0.37695333963338384,728,403,5636,2946,746,449,5347,2943,191,96,812,420,203,117,837,477,4,2,0.0,0.6666666666666666,1084
Mark King,Dave Harold,7,1382,1196,0.7371828058525272,0.6141996427768951,799,444,5930,3106,693,385,5374,2815,277,158,926,494,21,9,374,180,4,2,0.0,0.6666666666666666,1084
Mark Joyce,Christopher Keogan,7,1352,1124,0.7812257884147848,0.6387631751488418,370,197,2667,1359,92,38,507,239,203,113,784,405,113,62,364,181,4,1,0.0,0.8,1084
Jamie Jones,Ian Burns,7,1421,1270,0.6970755073607001,0.5932699921071872,403,245,2679,1462,252,136,1564,814,279,154,889,477,166,78,684,345,4,1,0.0,0.8,1084
Robin Hull,Aditya Mehta,7,1346,1260,0.6157933128709394,0.5535439031511183,452,275,3511,1938,235,118,1621,809,155,83,454,226,163,77,694,360,4,3,0.0,0.5714285714285714,1084
Liam Highfield,Ian Glover,7,1315,1115,0.7523810515908644,0.6224593312018546,263,142,1766,932,164,69,1000,472,134,67,689,365,111,41,307,135,4,3,0.0,0.5714285714285714,1084
Anthony Hamilton,Michael Leslie,7,1286,1151,0.6778138346852377,0.5835831155172753,738,430,5766,3088,114,35,731,297,130,56,684,355,133,57,511,216,4,2,0.0,0.6666666666666666,1084
Steven Hallworth,Michael Wasley,7,1053,1210,0.2958451289488597,0.40311562174023297,49,15,304,125,239,117,1528,746,98,33,271,112,104,35,700,335,4,2,0.0,0.6666666666666666,1084
Gerard Greene,Alfie Burden,7,1285,1267,0.5245927745980452,0.5112481019468548,642,349,4831,2538,579,313,4239,2191,167,89,625,307,150,73,682,340,4,0,0.0,1.0,1084
Martin Gould,Mitchell Travis,7,1525,1155,0.8938256769723133,0.7160597938157098,527,319,3572,1957,111,56,641,314,241,142,1106,616,36,21,380,197,4,0,0.0,1.0,1084
David Gilbert,Jason Tart,7,1412,948,0.939430323486017,0.7613327148429104,407,229,3123,1661,10,2,54,17,273,155,879,483,18,8,33,12,4,1,0.0,0.8,1084
Michael Georgiou,Noppon Saengkham,7,1174,1232,0.42125508861179106,0.4638133797682053,129,57,779,373,125,54,899,414,143,59,435,223,198,88,679,330,4,1,0.0,0.8,1084
Tom Ford,James Cahill,7,1374,1131,0.7957969165005263,0.647370307581549,488,279,3526,1880,100,34,642,271,263,147,788,403,118,44,435,182,4,0,0.0,1.0,1084
Igor Figueiredo,Michael Holt,7,1204,1396,0.25624205547776585,0.382252125230751,79,41,595,292,665,393,4900,2618,56,25,119,56,309,173,1048,563,4,2,0.0,0.6666666666666666,1084
Peter Ebdon,Scott Donaldson,7,1384,1238,0.691115079332653,0.5902502519301834,945,545,7624,4098,148,76,965,475,279,154,842,437,136,59,759,371,4,1,0.0,0.8,1084
Tony Drago,Fraser Patrick,7,1146,1184,0.44820271004203943,0.4762678458734389,708,348,5827,2880,158,68,1033,478,60,18,467,207,120,50,513,229,4,2,0.0,0.6666666666666666,1084
Graeme Dott,Lu Ning,7,1452,1123,0.867077669398587,0.6947667628737805,732,432,5702,3064,55,18,390,167,306,176,1180,674,109,42,278,113,4,1,0.0,0.8,1084
Ryan Day,Ken Doherty,7,1440,1296,0.6887157040547041,0.5890404340586651,737,447,5202,2870,1049,646,8640,4767,336,198,1345,742,234,117,787,398,4,1,0.0,0.8,1084
Marc Davis,Elliot Slessor,7,1068,1183,0.3469916118703663,0.42861601832306767,96,40,512,235,92,40,545,252,51,24,230,124,127,66,424,196,4,3,0.0,0.5714285714285714,1084
Mark Davis,Lukas Kleckers,7,1480,1046,0.9270557177648057,0.7474390202201999,895,540,6569,3588,25,11,141,67,342,200,1359,764,82,39,137,67,4,0,0.0,1.0,1084
Dominic Dale,Paul Davison,7,1372,1216,0.7029806026650167,0.5962826992967879,782,454,5730,3069,601,321,4245,2180,264,150,1100,600,154,72,650,317,4,3,0.0,0.5714285714285714,1084
Jamie Cope,Jack Lisowski,7,1291,1300,0.48769738857442835,0.4943752372926745,510,277,3462,1773,309,185,2008,1092,208,104,653,319,208,105,813,427,4,1,0.0,0.8,1084
Stuart Carrington,Richard Beckham,7,1305,1086,0.7721850273226749,0.633555377636775,233,125,1473,773,29,18,151,80,201,98,565,281,84,45,148,80,4,0,0.0,1.0,1084
Marcus Campbell,Gary Wilson,7,1204,1334,0.32831469717042555,0.41945769517934034,681,367,5019,2569,306,180,1973,1078,78,42,536,236,213,109,768,410,4,2,0.0,0.6666666666666666,1084
Jamie Burnett,Jimmy White,7,1338,1212,0.6667467241528153,0.5781052328843092,613,358,4861,2590,1364,770,11796,6223,196,106,648,333,111,49,673,312,4,1,0.0,0.8,1084
Luca Brecel,Hammad Miah,7,1340,1155,0.7360780864464773,0.6136070778047783,200,103,1367,705,77,32,483,213,236,129,733,383,181,95,465,207,4,0,0.0,1.0,1084
Stuart Bingham,Dylan Craig,7,1561,1118,0.9309676239951021,0.7516627404402959,866,545,6440,3660,44,26,238,131,390,223,1546,906,80,46,204,112,4,2,0.0,0.6666666666666666,1084
Gareth Allen,Kurt Maflin,7,1159,1383,0.22276496570381588,0.36354745971843366,128,62,720,356,427,251,2866,1556,128,61,393,195,228,123,898,486,4,1,0.0,0.8,1084
Kyren Wilson,Joe Swail,7,1449,1305,0.6887157040547041,0.5890404340586651,281,171,1801,991,763,415,6052,3162,314,185,784,434,258,131,808,418,4,1,0.0,0.8,1084
Mark Williams,Tom Ford,7,1518,1374,0.6887157040547041,0.5890404340586651,1155,757,8988,5138,488,279,3526,1880,366,218,1268,734,263,147,788,403,4,0,0.0,1.0,1084
Michael White,Craig Steadman,7,1430,1286,0.6887157040547041,0.5890404340586651,329,191,2307,1240,353,198,2347,1247,352,195,1026,563,160,73,715,354,4,2,0.0,0.6666666666666666,1084
Liang Wenbo,Robbie Williams,7,1441,1310,0.6729150209582897,0.5811509642893937,452,273,3132,1733,280,156,1764,910,384,225,1132,651,211,111,779,400,4,3,0.0,0.5714285714285714,1084
Judd Trump,Jamie Burnett,7,1612,1338,0.8239065989069515,0.6648537304059736,676,454,4627,2706,613,358,4861,2590,456,279,1763,1051,196,106,648,333,4,1,0.0,0.8,1084
Matthew Selt,Thepchaiya Un-Nooh,7,1449,1438,0.5150352723345792,0.5068745667645342,423,233,2979,1564,213,124,1547,827,400,226,1023,572,318,179,898,481,4,3,0.0,0.5714285714285714,1084
Mark Selby,Sanderson Lam,7,1547,1119,0.9243491045965284,0.7445969158274759,863,586,6262,3626,86,39,499,230,394,245,1697,1034,123,54,447,213,4,0,0.0,1.0,1084
Neil Robertson,Anthony Hamilton,7,1567,1286,0.829876495909729,0.668741821102192,729,472,5428,3081,738,430,5766,3088,265,167,1674,1002,130,56,684,355,4,0,0.0,1.0,1084
Jimmy Robertson,Marc Davis,7,1316,1068,0.8005143732994051,0.6502185485738271,359,192,2427,1249,96,40,512,235,265,141,890,475,51,24,230,124,4,0,0.0,1.0,1084
Joe Perry,Zhang Anda,7,1505,1331,0.7237619985420221,0.6070669880717036,874,514,6353,3422,224,110,1560,780,360,208,1337,757,226,116,723,371,4,0,0.0,1.0,1084
Fergal O'Brien,Ryan Day,7,1390,1440,0.43199486323846364,0.46879062662624377,758,437,5851,3100,737,447,5202,2870,245,135,803,434,336,198,1345,742,4,1,0.0,0.8,1084
Shaun Murphy,Zak Surety,7,1569,1162,0.9142318609422069,0.7344853437972199,854,557,6295,3587,89,40,530,251,376,230,1586,930,132,58,369,175,4,0,0.0,1.0,1084
Ross Muir,Joel Walker,7,1135,1224,0.38029641350050397,0.44460335167941084,85,31,556,243,144,67,923,440,141,58,508,221,118,46,580,273,4,2,0.0,0.6666666666666666,1084
Robert Milkins,Ben Woollaston,7,1377,1329,0.5653114683109788,0.5299640517645717,707,434,5268,2885,432,249,2834,1518,346,195,1282,702,265,140,906,487,4,2,0.0,0.6666666666666666,1084
Alan McManus,Gareth Allen,7,1394,1159,0.7881034579959058,0.6427913242407762,842,504,7088,3762,128,62,720,356,246,134,1058,586,128,61,393,195,4,0,0.0,1.0,1084
Anthony McGill,Marcus Campbell,7,1466,1204,0.8133483117002799,0.6581363150480182,337,203,2177,1201,681,367,5019,2569,341,190,1004,550,78,42,536,236,4,1,0.0,0.8,1084
Oliver Lines,Dechawat Poomjaeng,7,1252,1328,0.3973295650806627,0.45264238185691075,120,66,722,380,196,109,1413,724,195,97,565,303,200,103,971,512,4,3,0.0,0.5714285714285714,1084
Peter Lines,Rod Lawler,7,1213,1305,0.37639911510945645,0.44275214540144436,686,373,5064,2635,728,403,5636,2946,172,83,686,327,191,96,812,420,4,3,0.0,0.5714285714285714,1084
Mark Joyce,Ricky Walden,7,1352,1478,0.33325327584718467,0.4218947671156908,370,197,2667,1359,654,404,4694,2619,203,113,784,405,245,144,1339,760,4,1,0.0,0.8,1084
Liam Highfield,Stuart Bingham,7,1315,1561,0.20136418507919251,0.3509194757554267,263,142,1766,932,866,545,6440,3660,134,67,689,365,390,223,1546,906,4,2,0.0,0.6666666666666666,1084
John Higgins,Jamie Cope,7,1500,1291,0.7618819203066071,0.6277321638605189,1217,859,9863,5821,510,277,3462,1773,419,247,1403,824,208,104,653,319,4,1,0.0,0.8,1084
Martin Gould,Gerard Greene,7,1525,1285,0.792932804884019,0.6456563062257954,527,319,3572,1957,642,349,4831,2538,241,142,1106,616,167,89,625,307,4,2,0.0,0.6666666666666666,1084
David Gilbert,Mark Davis,7,1412,1480,0.4079185042473741,0.45760205922564895,407,229,3123,1661,895,540,6569,3588,273,155,879,483,342,200,1359,764,4,2,0.0,0.6666666666666666,1084
Marco Fu,Chris Melling,7,1459,1117,0.8760481845200896,0.7016149536154007,721,429,5417,2948,157,87,1078,559,327,192,1408,807,85,29,221,94,4,3,0.0,0.5714285714285714,1084
Peter Ebdon,Sam Baird,7,1384,1295,0.6197035864994962,0.5553966483205892,945,545,7624,4098,250,133,1695,878,279,154,842,437,163,85,790,413,4,2,0.0,0.6666666666666666,1084
Mike Dunn,Jamie Jones,7,1353,1421,0.4079185042473741,0.45760205922564895,625,336,4621,2393,403,245,2679,1462,260,146,814,431,279,154,889,477,4,2,0.0,0.6666666666666666,1084
Tony Drago,Chris Wakelin,7,1146,1293,0.30768847003935823,0.4091452475454058,708,348,5827,2880,96,50,637,326,60,18,467,207,209,109,630,323,4,2,0.0,0.6666666666666666,1084
Graeme Dott,Mark King,7,1452,1382,0.5947357972115818,0.5436386872370789,732,432,5702,3064,799,444,5930,3106,306,176,1180,674,277,158,926,494,4,1,0.0,0.8,1084
Alex Davies,Robin Hull,7,1202,1346,0.31128429594529594,0.41095956594133487,212,105,1317,655,452,275,3511,1938,79,39,451,211,155,83,454,226,4,2,0.0,0.6666666666666666,1084
Dominic Dale,Michael Georgiou,7,1372,1174,0.7502408354966205,0.6212835951910678,782,454,5730,3069,129,57,779,373,264,150,1100,600,143,59,435,223,4,1,0.0,0.8,1084
Stuart Carrington,Steven Hallworth,7,1305,1053,0.8042377114883456,0.6524894621927444,233,125,1473,773,49,15,304,125,201,98,565,281,98,33,271,112,4,2,0.0,0.6666666666666666,1084
Luca Brecel,Igor Figueiredo,7,1340,1204,0.6790334655716898,0.5841905229354074,200,103,1367,705,79,41,595,292,236,129,733,383,56,25,119,56,4,2,0.0,0.6666666666666666,1084
Mark Williams,Peter Lines,7,1518,1213,0.8492880506369576,0.6818962645895934,1155,757,8988,5138,686,373,5064,2635,366,218,1268,734,172,83,686,327,4,0,0.0,1.0,1084
Judd Trump,Mike Dunn,7,1612,1353,0.810644856301382,0.6564468724566059,676,454,4627,2706,625,336,4621,2393,456,279,1763,1051,260,146,814,431,4,0,0.0,1.0,1084
Neil Robertson,Tony Drago,7,1567,1146,0.9210893973650893,0.7412546787548828,729,472,5428,3081,708,348,5827,2880,265,167,1674,1002,60,18,467,207,4,0,0.0,1.0,1084
Jimmy Robertson,Peter Ebdon,7,1316,1384,0.4079185042473741,0.45760205922564895,359,192,2427,1249,945,545,7624,4098,265,141,890,475,279,154,842,437,4,1,0.0,0.8,1084
Joe Perry,Anthony McGill,7,1505,1466,0.5531518743848329,0.5243557087682073,874,514,6353,3422,337,203,2177,1201,360,208,1337,757,341,190,1004,550,4,1,0.0,0.8,1084
Shaun Murphy,Kyren Wilson,7,1569,1449,0.6592810606298003,0.574442516811659,854,557,6295,3587,281,171,1801,991,376,230,1586,930,314,185,784,434,4,2,0.0,0.6666666666666666,1084
Robert Milkins,Marco Fu,7,1377,1459,0.3894398892710193,0.448928730692658,707,434,5268,2885,721,429,5417,2948,346,195,1282,702,327,192,1408,807,4,3,0.0,0.5714285714285714,1084
Alan McManus,Graeme Dott,7,1394,1452,0.42125508861179106,0.4638133797682053,842,504,7088,3762,732,432,5702,3064,246,134,1058,586,306,176,1180,674,4,0,0.0,1.0,1084
Oliver Lines,Matthew Selt,7,1252,1449,0.2508331787523786,0.37930480863564453,120,66,722,380,423,233,2979,1564,195,97,565,303,400,226,1023,572,4,3,0.0,0.5714285714285714,1084
Liam Highfield,Mark Selby,7,1315,1547,0.21482751321147378,0.35893259366518293,263,142,1766,932,863,586,6262,3626,134,67,689,365,394,245,1697,1034,4,3,0.0,0.5714285714285714,1084
John Higgins,Mark Joyce,7,1500,1352,0.6935058085008956,0.5914589784327801,1217,859,9863,5821,370,197,2667,1359,419,247,1403,824,203,113,784,405,4,3,0.0,0.5714285714285714,1084
Martin Gould,Fergal O'Brien,7,1525,1390,0.6778138346852377,0.5835831155172753,527,319,3572,1957,758,437,5851,3100,241,142,1106,616,245,135,803,434,4,2,0.0,0.6666666666666666,1084
David Gilbert,Liang Wenbo,7,1412,1441,0.46042091137016095,0.4818829349568186,407,229,3123,1661,452,273,3132,1733,273,155,879,483,384,225,1132,651,4,1,0.0,0.8,1084
Dominic Dale,Michael White,7,1372,1430,0.42125508861179106,0.4638133797682053,782,454,5730,3069,329,191,2307,1240,264,150,1100,600,352,195,1026,563,4,1,0.0,0.8,1084
Stuart Carrington,Ross Muir,7,1305,1135,0.7192100641468833,0.6046790847140093,233,125,1473,773,85,31,556,243,201,98,565,281,141,58,508,221,4,3,0.0,0.5714285714285714,1084
Luca Brecel,Alex Davies,7,1340,1202,0.6814665603465866,0.585404569129465,200,103,1367,705,212,105,1317,655,236,129,733,383,79,39,451,211,4,1,0.0,0.8,1084
Mark Williams,Liam Highfield,7,1518,1315,0.7555717519931018,0.6242202334972642,1155,757,8988,5138,263,142,1766,932,366,218,1268,734,134,67,689,365,4,2,0.0,0.6666666666666666,1084
Judd Trump,John Higgins,7,1612,1500,0.6492231123314619,0.569546223939229,676,454,4627,2706,1217,859,9863,5821,456,279,1763,1051,419,247,1403,824,4,2,0.0,0.6666666666666666,1084
Jimmy Robertson,Martin Gould,7,1316,1525,0.238118079693393,0.3722678361394811,359,192,2427,1249,527,319,3572,1957,265,141,890,475,241,142,1106,616,4,2,0.0,0.6666666666666666,1084
Neil Robertson,Oliver Lines,7,1567,1252,0.856895920094142,0.6872942801972042,729,472,5428,3081,120,66,722,380,265,167,1674,1002,195,97,565,303,4,3,0.0,0.5714285714285714,1084
Joe Perry,David Gilbert,7,1505,1412,0.6248970337106214,0.5578645727207344,874,514,6353,3422,407,229,3123,1661,360,208,1337,757,273,155,879,483,4,3,0.0,0.5714285714285714,1084
Shaun Murphy,Alan McManus,7,1569,1394,0.7248939369984414,0.6076631698328917,854,557,6295,3587,842,504,7088,3762,376,230,1586,930,246,134,1058,586,4,0,0.0,1.0,1084
Robert Milkins,Dominic Dale,7,1377,1372,0.5068355814796678,0.5031249593105316,707,434,5268,2885,782,454,5730,3069,346,195,1282,702,264,150,1100,600,4,0,0.0,1.0,1084
Luca Brecel,Stuart Carrington,7,1340,1305,0.5477297445502348,0.5218610539716015,200,103,1367,705,233,125,1473,773,236,129,733,383,201,98,565,281,4,2,0.0,0.6666666666666666,1084
Mark Williams,Joe Perry,7,1518,1505,0.5177671819164105,0.5081242849062608,1155,757,8988,5138,874,514,6353,3422,366,218,1268,734,360,208,1337,757,4,1,0.0,0.8,1084
Jimmy Robertson,Luca Brecel,7,1316,1340,0.4672268289773793,0.4850044983805899,359,192,2427,1249,200,103,1367,705,265,141,890,475,236,129,733,383,4,1,0.0,0.8,1084
Neil Robertson,Judd Trump,7,1567,1612,0.4387350506415305,0.4719046255916129,729,472,5428,3081,676,454,4627,2706,265,167,1674,1002,456,279,1763,1051,4,3,0.0,0.5714285714285714,1084
Shaun Murphy,Robert Milkins,7,1569,1377,0.7437579445222342,0.617747874769249,854,557,6295,3587,707,434,5268,2885,376,230,1586,930,346,195,1282,702,4,2,0.0,0.6666666666666666,1084
Mark Williams,Jimmy Robertson,7,1518,1316,0.7545108097932872,0.623633628298226,1155,757,8988,5138,359,192,2427,1249,366,218,1268,734,265,141,890,475,4,0,0.0,1.0,1084
Neil Robertson,Shaun Murphy,7,1567,1569,0.4972656477862734,0.49875000260416025,729,472,5428,3081,854,557,6295,3587,265,167,1674,1002,376,230,1586,930,4,2,0.0,0.6666666666666666,1084
Neil Robertson,Mark Williams,7,1567,1518,0.5666587144886649,0.530586760182081,729,472,5428,3081,1155,757,8988,5138,265,167,1674,1002,366,218,1268,734,4,0,0.0,1.0,1084
Cao Yupeng,Craig Steadman,7,1234,1293,0.41991680863949354,0.46319171001101955,172,87,1254,633,355,199,2357,1253,124,57,640,309,170,79,725,360,4,2,0.0,0.6666666666666666,1083
Ben Woollaston,Thanawat Thirapongpaiboon,7,1326,1232,0.6261916833783177,0.5584811124381613,434,250,2846,1524,164,74,1150,549,277,146,918,493,140,68,526,237,4,2,0.0,0.6666666666666666,1083
Gary Wilson,Zhang Anda,7,1322,1319,0.5041014855971089,0.5018749912109869,307,180,1979,1080,225,110,1564,780,219,111,774,412,230,116,727,371,4,0,0.0,1.0,1083
Mark Williams,Lyu Haotian,7,1548,1159,0.9047290575025384,0.7256175202732952,1162,763,9021,5162,70,27,493,217,399,242,1301,758,66,33,387,169,4,0,0.0,1.0,1083
Michael White,Ross Muir,7,1432,1161,0.8213053995393751,0.6631804950993565,332,193,2322,1249,88,33,576,254,367,204,1041,572,161,69,528,232,4,1,0.0,0.8,1083
Liang Wenbo,Cao Xinlong,7,1428,1053,0.8967839705837035,0.7185943925708561,455,275,3150,1742,47,13,310,118,402,234,1150,660,13,4,231,88,4,0,0.0,1.0,1083
Michael Wasley,Dominic Dale,7,1197,1376,0.2706027380688891,0.38995532759547297,240,117,1534,748,786,457,5751,3081,110,37,706,337,285,162,1121,612,4,3,0.0,0.5714285714285714,1083
Lee Walker,Ding Junhui,7,1248,1491,0.20420308349947378,0.35262969241845105,390,221,3067,1599,598,400,4439,2536,190,95,296,146,276,153,1330,791,4,1,0.0,0.8,1083
Ricky Walden,Lu Ning,7,1453,1119,0.8705826043505938,0.6974111143958823,656,405,4706,2624,56,18,395,168,257,149,1351,765,114,43,283,114,4,0,0.0,1.0,1083
Chris Wakelin,Andrew Higginson,7,1292,1378,0.3842066871290606,0.4464560968488817,98,51,648,332,619,373,4410,2429,220,115,641,329,244,133,855,452,4,2,0.0,0.6666666666666666,1083
Thepchaiya Un-Nooh,Mitchell Mann,7,1442,1191,0.8033111045084242,0.6519223788927313,215,125,1558,834,171,81,1040,511,329,186,909,488,147,63,341,154,4,2,0.0,0.6666666666666666,1083
Judd Trump,James Wattana,7,1633,1110,0.9587089757386484,0.787094514720409,681,458,4653,2725,753,418,6396,3380,482,298,1789,1070,106,36,518,222,4,2,0.0,0.6666666666666666,1083
Matthew Stevens,Oliver Lines,7,1360,1286,0.6000303895586184,0.5461185410457796,843,499,6607,3609,124,69,747,395,214,113,944,483,220,112,590,318,4,3,0.0,0.5714285714285714,1083
Matthew Selt,Ian Burns,7,1437,1262,0.7248939369984414,0.6076631698328917,426,235,3000,1575,253,136,1569,815,421,237,1044,583,171,79,689,346,4,1,0.0,0.8,1083
Mark Selby,Alex Davies,7,1549,1206,0.8767191428425912,0.702138068199835,866,588,6278,3637,214,106,1328,660,410,256,1713,1045,90,44,462,216,4,0,0.0,1.0,1083
Ahmed Saif,Anthony Hamilton,7,942,1279,0.12734734821303414,0.30100851649095206,36,7,218,63,740,431,5776,3092,34,10,204,62,140,60,694,359,4,0,0.0,1.0,1083
Jimmy Robertson,Igor Figueiredo,7,1361,1214,0.692311529960642,0.5908547524545943,365,197,2456,1269,81,42,607,298,294,161,919,495,68,31,131,62,4,3,0.0,0.5714285714285714,1083
Neil Robertson,James Cahill,7,1606,1120,0.9473539436684719,0.7711824455558168,736,479,5467,3109,101,34,646,271,304,195,1713,1030,122,44,439,182,4,0,0.0,1.0,1083
Dechawat Poomjaeng,Allan Taylor,7,1328,1193,0.6778138346852377,0.5835831155172753,198,110,1425,731,227,111,1328,673,212,110,983,519,133,55,407,163,4,3,0.0,0.5714285714285714,1083
Barry Pinches,Jimmy White,7,1165,1203,0.44820271004203943,0.4762678458734389,696,359,5472,2832,1365,770,11801,6224,113,39,568,253,116,50,678,313,4,3,0.0,0.5714285714285714,1083
Joe Perry,Lee Page,7,1525,1067,0.937104951446693,0.7585964618789349,879,518,6379,3439,207,99,1256,612,386,225,1363,774,52,18,327,125,4,3,0.0,0.5714285714285714,1083
Tian Pengfei,Tom Ford,7,1462,1372,0.6210041469292463,0.5560138905446199,293,171,1951,1060,490,280,3534,1884,228,138,799,448,271,151,796,407,4,2,0.0,0.6666666666666666,1083
Ronnie O'Sullivan,Vinnie Calabrese,7,1714,1059,0.9837757394547765,0.8371944748865756,1050,797,9334,5676,100,40,634,278,99,63,858,567,54,17,368,138,4,1,0.0,0.8,1083
Shaun Murphy,Steven Hallworth,7,1590,1065,0.9592578328353056,0.7879311956428947,859,561,6321,3605,51,16,316,131,402,248,1612,948,110,39,283,118,4,3,0.0,0.5714285714285714,1083
David Morris,Joe O'Connor,7,1278,1130,0.6935058085008956,0.5914589784327801,234,121,1727,872,65,32,387,189,139,66,587,304,171,85,366,178,4,0,0.0,1.0,1083
Chris Melling,Nigel Bond,7,1139,1255,0.34573343118721134,0.42800386706848137,159,88,1089,566,793,443,6337,3354,96,36,232,101,158,73,651,320,4,3,0.0,0.5714285714285714,1083
Aditya Mehta,Sydney Wilson,7,1259,1142,0.6555229391190917,0.5726080638632601,236,118,1628,812,144,56,839,383,170,80,701,363,149,62,471,223,4,0,0.0,1.0,1083
Alan McManus,Jamie Clarke,7,1420,1244,0.726023440718493,0.6082590307465143,846,507,7104,3774,114,60,656,349,262,146,1074,598,190,102,514,288,4,2,0.0,0.6666666666666666,1083
Rory McLeod,Andrew Pagett,7,1309,1134,0.7248939369984414,0.6076631698328917,486,268,3660,1917,239,108,1584,761,193,98,692,345,53,23,426,180,4,2,0.0,0.6666666666666666,1083
Anthony McGill,David Grace,7,1465,1231,0.7871292414209698,0.6422170929574377,340,205,2192,1210,247,114,1631,785,356,199,1019,559,203,97,615,283,4,3,0.0,0.5714285714285714,1083
Stephen Maguire,Duane Jones,7,1426,1277,0.6946979044907379,0.5920629281648192,769,510,5690,3233,106,63,598,346,270,139,1455,834,91,50,318,187,4,0,0.0,1.0,1083
Rod Lawler,Hammad Miah,7,1312,1143,0.7180660778287002,0.6040813228693781,730,404,5649,2953,78,32,487,213,204,103,825,427,185,95,469,207,4,1,0.0,0.8,1083
Mark King,Eden Sharav,7,1375,1191,0.7349708541108757,0.6130141761393355,801,445,5941,3111,82,47,472,242,288,163,937,499,149,67,357,182,4,0,0.0,1.0,1083
Mark Joyce,Joel Walker,7,1375,1222,0.6994442564412618,0.5944759307482401,373,199,2684,1370,146,68,934,446,220,124,801,416,129,52,591,279,4,2,0.0,0.6666666666666666,1083
Jamie Jones,Chris Norbury,7,1419,1068,0.8819896948101545,0.706303891936407,405,246,2690,1468,247,115,1521,740,290,160,900,483,58,21,293,99,4,0,0.0,1.0,1083
Robin Hull,Kyren Wilson,7,1335,1462,0.33201569905505146,0.421285137539866,454,276,3524,1944,284,173,1816,1001,168,89,467,232,329,195,799,444,4,0,0.0,1.0,1083
Liam Highfield,Kurt Maflin,7,1337,1366,0.46042091137016095,0.4818829349568186,267,145,1792,946,428,251,2871,1557,160,81,715,379,233,124,903,487,4,1,0.0,0.8,1083
John Higgins,Michael Leslie,7,1502,1147,0.8845606606866738,0.708373991032327,1220,861,9881,5831,115,35,737,299,437,257,1421,834,139,59,517,218,4,1,0.0,0.8,1083
Barry Hawkins,Scott Donaldson,7,1482,1230,0.8042377114883456,0.6524894621927444,751,462,5437,3013,149,76,970,476,276,153,1403,785,141,60,764,372,4,3,0.0,0.5714285714285714,1083
Dave Harold,Robbie Williams,7,1193,1311,0.34322251370053336,0.42678022732016513,694,385,5380,2817,282,157,1777,917,27,11,380,182,224,118,792,407,4,1,0.0,0.8,1083
Li Hang,Jack Lisowski,7,1346,1288,0.578744911388209,0.5361866202317948,170,86,1214,625,310,185,2013,1093,212,116,658,351,213,106,818,428,4,3,0.0,0.5714285714285714,1083
Xiao Guodong,Joe Swail,7,1384,1297,0.6170981549456108,0.5541616527636486,314,182,2129,1173,764,415,6057,3163,168,92,851,481,263,132,813,419,4,1,0.0,0.8,1083
Gerard Greene,Daniel Wells,7,1300,1233,0.5907526477758748,0.5417773692836367,644,350,4841,2544,275,136,1835,913,177,95,635,313,208,111,635,306,4,2,0.0,0.6666666666666666,1083
Martin Gould,Jak Jones,7,1525,1157,0.8926243040427981,0.7150421057009898,531,322,3594,1971,126,51,814,367,263,156,1128,630,62,31,277,107,4,0,0.0,1.0,1083
Michael Georgiou,Peter Lines,7,1180,1226,0.43738543058720863,0.4712816430485603,131,58,789,378,689,375,5080,2643,153,64,445,228,188,91,702,335,4,1,0.0,0.8,1083
Marco Fu,Ian Glover,7,1446,1118,0.8663684234920509,0.6942363401080305,723,430,5431,2955,165,69,1007,475,341,199,1422,814,118,44,314,138,4,2,0.0,0.6666666666666666,1083
Peter Ebdon,Tony Drago,7,1383,1159,0.7772350342961843,0.6364525402815664,948,547,7640,4107,711,350,5843,2888,295,163,858,446,76,26,483,215,4,0,0.0,1.0,1083
Graeme Dott,Zak Surety,7,1449,1162,0.834882617465889,0.6720562626502714,735,434,5716,3072,91,41,540,255,320,184,1194,682,142,62,379,179,4,1,0.0,0.8,1083
Ken Doherty,Zhou Yuelong,7,1288,1314,0.4645031181885513,0.48375571893792757,1050,646,8645,4768,78,41,525,274,239,118,792,399,231,126,447,241,4,3,0.0,0.5714285714285714,1083
Ryan Day,Noppon Saengkham,7,1435,1219,0.7691223962231968,0.6318124177361016,739,448,5212,2875,126,54,904,415,346,203,1355,747,203,89,684,331,4,1,0.0,0.8,1083
Mark Davis,Lyu Chenwei,7,1478,1046,0.9261623827014096,0.7464939833376621,897,541,6579,3594,41,12,259,102,352,206,1369,770,97,33,231,94,4,3,0.0,0.5714285714285714,1083
Jamie Cope,Elliot Slessor,7,1296,1176,0.6592810606298003,0.574442516811659,512,278,3472,1778,93,40,552,255,218,109,663,324,134,69,431,199,4,3,0.0,0.5714285714285714,1083
Ashley Carty,Michael Holt,7,1173,1382,0.238118079693393,0.3722678361394811,93,48,540,275,666,393,4906,2620,155,83,477,248,315,175,1054,565,4,2,0.0,0.6666666666666666,1083
Ali Carter,Fraser Patrick,7,1492,1175,0.858383853016921,0.6883678768310286,747,449,5353,2945,159,68,1039,480,209,119,843,479,126,52,519,231,4,1,0.0,0.8,1083
Marcus Campbell,Stuart Carrington,7,1210,1310,0.36607269253409314,0.43782349911420193,683,368,5030,2574,237,128,1496,787,89,47,547,241,224,112,588,295,4,3,0.0,0.5714285714285714,1083
Alfie Burden,Andrew Norman,7,1251,1104,0.692311529960642,0.5908547524545943,580,313,4243,2191,318,149,2380,1152,154,73,686,340,12,2,259,108,4,1,0.0,0.8,1083
Oliver Brown,Mike Dunn,7,1167,1352,0.26392191355352257,0.3863929221952217,143,61,785,367,627,337,4631,2397,122,57,446,236,270,150,824,435,4,3,0.0,0.5714285714285714,1083
Luca Brecel,Robert Milkins,7,1359,1408,0.433341285511335,0.469413239817919,205,107,1393,722,712,438,5296,2903,262,146,759,400,374,213,1310,720,4,0,0.0,1.0,1083
Alex Borg,Jamie Burnett,7,1180,1342,0.29000807657290884,0.40011163113600173,321,140,2336,1079,615,359,4871,2595,71,40,376,163,206,111,658,338,4,3,0.0,0.5714285714285714,1083
Stuart Bingham,Thor Chuan Leong,7,1543,1066,0.9442243595943203,0.7671878890411421,868,546,6452,3666,30,9,191,75,402,229,1558,912,163,72,191,75,4,3,0.0,0.5714285714285714,1083
Sam Baird,Fergal O'Brien,7,1290,1403,0.3495133530299832,0.42984097461816473,251,133,1701,880,761,439,5867,3110,169,87,796,415,261,145,819,444,4,3,0.0,0.5714285714285714,1083
John Astley,David Gilbert,7,1113,1436,0.1372192770596931,0.30842348624788063,122,55,750,342,411,232,3146,1676,31,8,351,140,296,170,902,498,4,1,0.0,0.8,1083
Mark Allen,Alexander Ursenbacher,7,1493,1142,0.8819896948101545,0.706303891936407,591,378,4014,2255,63,25,382,171,296,173,1171,699,125,69,352,155,4,1,0.0,0.8,1083
Ben Woollaston,Mark Davis,7,1326,1478,0.30173900629161093,0.4061268970658573,434,250,2846,1524,897,541,6579,3594,277,146,918,493,352,206,1369,770,4,1,0.0,0.8,1083
Gary Wilson,John Astley,7,1322,1113,0.7618819203066071,0.6277321638605189,307,180,1979,1080,122,55,750,342,219,111,774,412,31,8,351,140,4,3,0.0,0.5714285714285714,1083
Mark Williams,Barry Pinches,7,1548,1165,0.9013844742212599,0.7226209843749648,1162,763,9021,5162,696,359,5472,2832,399,242,1301,758,113,39,568,253,4,2,0.0,0.6666666666666666,1083
Michael White,Chris Melling,7,1432,1139,0.8397864427779326,0.6753536404444148,332,193,2322,1249,159,88,1089,566,367,204,1041,572,96,36,232,101,4,0,0.0,1.0,1083
Liang Wenbo,Gerard Greene,7,1428,1300,0.6692199309586204,0.5793242521487495,455,275,3150,1742,644,350,4841,2544,402,234,1150,660,177,95,635,313,4,0,0.0,1.0,1083
Michael Wasley,Li Hang,7,1197,1346,0.30530209550926213,0.40793707183518074,240,117,1534,748,170,86,1214,625,110,37,706,337,212,116,658,351,4,2,0.0,0.6666666666666666,1083
Ricky Walden,Thepchaiya Un-Nooh,7,1453,1442,0.5150352723345792,0.5068745667645342,656,405,4706,2624,215,125,1558,834,257,149,1351,765,329,186,909,488,4,1,0.0,0.8,1083
Judd Trump,Mark Joyce,7,1633,1375,0.8097380368967944,0.6558828412078137,681,458,4653,2725,373,199,2684,1370,482,298,1789,1070,220,124,801,416,4,0,0.0,1.0,1083
Matthew Stevens,Ken Doherty,7,1360,1288,0.5973854695265872,0.5448788923735801,843,499,6607,3609,1050,646,8645,4768,214,113,944,483,239,118,792,399,4,3,0.0,0.5714285714285714,1083
Matthew Selt,Xiao Guodong,7,1437,1384,0.5720392978025534,0.5330766223661046,426,235,3000,1575,314,182,2129,1173,421,237,1044,583,168,92,851,481,4,1,0.0,0.8,1083
Mark Selby,Marcus Campbell,7,1549,1210,0.8740190283398156,0.7000424476024744,866,588,6278,3637,683,368,5030,2574,410,256,1713,1045,89,47,547,241,4,2,0.0,0.6666666666666666,1083
Neil Robertson,David Morris,7,1606,1278,0.8663684234920509,0.6942363401080305,736,479,5467,3109,234,121,1727,872,304,195,1713,1030,139,66,587,304,4,0,0.0,1.0,1083
Joe Perry,Yu Delu,7,1525,1321,0.756630061657872,0.6248064744684293,879,518,6379,3439,199,102,1393,717,386,225,1363,774,153,80,658,339,4,0,0.0,1.0,1083
Ronnie O'Sullivan,Rory McLeod,7,1714,1309,0.9132146288664583,0.7335091181602805,1050,797,9334,5676,486,268,3660,1917,99,63,858,567,193,98,692,345,4,2,0.0,0.6666666666666666,1083
Aditya Mehta,Barry Hawkins,7,1259,1482,0.22376950863341183,0.3641261085729462,236,118,1628,812,751,462,5437,3013,170,80,701,363,276,153,1403,785,4,2,0.0,0.6666666666666666,1083
Alan McManus,Ahmed Saif,7,1420,942,0.9445796117826006,0.7676341173216251,846,507,7104,3774,36,7,218,63,262,146,1074,598,34,10,204,62,4,0,0.0,1.0,1083
Stephen Maguire,Liam Highfield,7,1426,1337,0.6197035864994962,0.5553966483205892,769,510,5690,3233,267,145,1792,946,270,139,1455,834,160,81,715,379,4,2,0.0,0.6666666666666666,1083
Jamie Jones,Shaun Murphy,7,1419,1590,0.27964834205542655,0.39472346622515553,405,246,2690,1468,859,561,6321,3605,290,160,900,483,402,248,1612,948,4,3,0.0,0.5714285714285714,1083
John Higgins,Alex Borg,7,1502,1180,0.8620548673015752,0.6910430124157229,1220,861,9881,5831,321,140,2336,1079,437,257,1421,834,71,40,376,163,4,0,0.0,1.0,1083
Martin Gould,Rod Lawler,7,1525,1312,0.7660354477872332,0.6300660082850182,531,322,3594,1971,730,404,5649,2953,263,156,1128,630,204,103,825,427,4,1,0.0,0.8,1083
Michael Georgiou,Lee Walker,7,1180,1248,0.4079185042473741,0.45760205922564895,131,58,789,378,390,221,3067,1599,153,64,445,228,190,95,296,146,4,2,0.0,0.6666666666666666,1083
Marco Fu,Dechawat Poomjaeng,7,1446,1328,0.6567774862994666,0.5732197726798348,723,430,5431,2955,198,110,1425,731,341,199,1422,814,212,110,983,519,4,2,0.0,0.6666666666666666,1083
Peter Ebdon,Jimmy Robertson,7,1383,1361,0.5300478260158454,0.513746534902355,948,547,7640,4107,365,197,2456,1269,295,163,858,446,294,161,919,495,4,1,0.0,0.8,1083
Graeme Dott,Chris Wakelin,7,1449,1292,0.7041548710511403,0.596884378259767,735,434,5716,3072,98,51,648,332,320,184,1194,682,220,115,641,329,4,1,0.0,0.8,1083
Jamie Cope,Anthony McGill,7,1296,1465,0.28193392217129976,0.3959186771306219,512,278,3472,1778,340,205,2192,1210,218,109,663,324,356,199,1019,559,4,2,0.0,0.6666666666666666,1083
Ashley Carty,Alfie Burden,7,1173,1251,0.3946945160108152,0.4514038914168657,93,48,540,275,580,313,4243,2191,155,83,477,248,154,73,686,340,4,0,0.0,1.0,1083
Ali Carter,Mark King,7,1492,1375,0.6555229391190917,0.5726080638632601,747,449,5353,2945,801,445,5941,3111,209,119,843,479,288,163,937,499,4,0,0.0,1.0,1083
Oliver Brown,Ryan Day,7,1167,1435,0.18132139254278376,0.33849684079704756,143,61,785,367,739,448,5212,2875,122,57,446,236,346,203,1355,747,4,1,0.0,0.8,1083
Luca Brecel,Tian Pengfei,7,1359,1462,0.36222625682132775,0.43597836257374245,205,107,1393,722,293,171,1951,1060,262,146,759,400,228,138,799,448,4,1,0.0,0.8,1083
Stuart Bingham,Robin Hull,7,1543,1335,0.7608368593181393,0.6271477663131956,868,546,6452,3666,454,276,3524,1944,402,229,1558,912,168,89,467,232,4,2,0.0,0.6666666666666666,1083
Sam Baird,Dave Harold,7,1290,1193,0.6300664956451868,0.5603296426885532,251,133,1701,880,694,385,5380,2817,169,87,796,415,27,11,380,182,4,0,0.0,1.0,1083
Mark Allen,Cao Yupeng,7,1493,1234,0.810644856301382,0.6564468724566059,591,378,4014,2255,172,87,1254,633,296,173,1171,699,124,57,640,309,4,3,0.0,0.5714285714285714,1083
Ben Woollaston,Mark Allen,7,1326,1493,0.28422903752276774,0.39711513267253384,434,250,2846,1524,591,378,4014,2255,277,146,918,493,296,173,1171,699,4,3,0.0,0.5714285714285714,1083
Gary Wilson,Joe Perry,7,1322,1525,0.24442824800689816,0.3757797665027358,307,180,1979,1080,879,518,6379,3439,219,111,774,412,386,225,1363,774,4,2,0.0,0.6666666666666666,1083
Mark Williams,Jamie Jones,7,1548,1419,0.6704536022204194,0.5799334001885058,1162,763,9021,5162,405,246,2690,1468,399,242,1301,758,290,160,900,483,4,2,0.0,0.6666666666666666,1083
Ricky Walden,Martin Gould,7,1453,1525,0.40261453047341306,0.45512110762641994,656,405,4706,2624,531,322,3594,1971,257,149,1351,765,263,156,1128,630,4,2,0.0,0.6666666666666666,1083
Judd Trump,Michael Wasley,7,1633,1197,0.9279402546368307,0.7483817216070642,681,458,4653,2725,240,117,1534,748,482,298,1789,1070,110,37,706,337,4,2,0.0,0.6666666666666666,1083
Matthew Stevens,Ronnie O'Sullivan,7,1360,1714,0.11607808504719289,0.29214272857551865,843,499,6607,3609,1050,797,9334,5676,214,113,944,483,99,63,858,567,4,3,0.0,0.5714285714285714,1083
Mark Selby,Peter Ebdon,7,1549,1383,0.7146198510727906,0.6022861768886306,866,588,6278,3637,948,547,7640,4107,410,256,1713,1045,295,163,858,446,4,3,0.0,0.5714285714285714,1083
Neil Robertson,Jamie Cope,7,1606,1296,0.853127093984388,0.6846015003234307,736,479,5467,3109,512,278,3472,1778,304,195,1713,1030,218,109,663,324,4,3,0.0,0.5714285714285714,1083
Alan McManus,Aditya Mehta,7,1420,1259,0.7088291167182063,0.5992881635083561,846,507,7104,3774,236,118,1628,812,262,146,1074,598,170,80,701,363,4,0,0.0,1.0,1083
Stephen Maguire,Sam Baird,7,1426,1290,0.6790334655716898,0.5841905229354074,769,510,5690,3233,251,133,1701,880,270,139,1455,834,169,87,796,415,4,2,0.0,0.6666666666666666,1083
John Higgins,Liang Wenbo,7,1502,1428,0.6000303895586184,0.5461185410457796,1220,861,9881,5831,455,275,3150,1742,437,257,1421,834,402,234,1150,660,4,0,0.0,1.0,1083
Michael Georgiou,Graeme Dott,7,1180,1449,0.1804429523596507,0.3379372751936011,131,58,789,378,735,434,5716,3072,153,64,445,228,320,184,1194,682,4,3,0.0,0.5714285714285714,1083
Marco Fu,Ashley Carty,7,1446,1173,0.8230423767770356,0.6642964428999887,723,430,5431,2955,93,48,540,275,341,199,1422,814,155,83,477,248,4,2,0.0,0.6666666666666666,1083
Ali Carter,Matthew Selt,7,1492,1437,0.5747243219334544,0.5343209436693046,747,449,5353,2945,426,235,3000,1575,209,119,843,479,421,237,1044,583,4,3,0.0,0.5714285714285714,1083
Luca Brecel,Oliver Brown,7,1359,1167,0.7437579445222342,0.617747874769249,205,107,1393,722,143,61,785,367,262,146,759,400,122,57,446,236,4,0,0.0,1.0,1083
Stuart Bingham,Michael White,7,1543,1432,0.6479578189910667,0.5689332093695465,868,546,6452,3666,332,193,2322,1249,402,229,1558,912,367,204,1041,572,4,1,0.0,0.8,1083
Ben Woollaston,Ali Carter,7,1326,1492,0.2853801489272095,0.3977138231113694,434,250,2846,1524,747,449,5353,2945,277,146,918,493,209,119,843,479,4,2,0.0,0.6666666666666666,1083
Gary Wilson,Neil Robertson,7,1322,1606,0.16760764782239262,0.3295988401911314,307,180,1979,1080,736,479,5467,3109,219,111,774,412,304,195,1713,1030,4,2,0.0,0.6666666666666666,1083
Mark Williams,Judd Trump,7,1548,1633,0.38551292727713543,0.4470740118670941,1162,763,9021,5162,681,458,4653,2725,399,242,1301,758,482,298,1789,1070,4,1,0.0,0.8,1083
Ricky Walden,Stuart Bingham,7,1453,1543,0.37899585307075345,0.44398610945538003,656,405,4706,2624,868,546,6452,3666,257,149,1351,765,402,229,1558,912,4,2,0.0,0.6666666666666666,1083
Stephen Maguire,Alan McManus,7,1426,1420,0.5082025098106111,0.5037499296890819,769,510,5690,3233,846,507,7104,3774,270,139,1455,834,262,146,1074,598,4,0,0.0,1.0,1083
John Higgins,Michael Georgiou,7,1502,1180,0.8620548673015752,0.6910430124157229,1220,861,9881,5831,131,58,789,378,437,257,1421,834,153,64,445,228,4,2,0.0,0.6666666666666666,1083
Marco Fu,Matthew Stevens,7,1446,1360,0.6157933128709394,0.5535439031511183,723,430,5431,2955,843,499,6607,3609,341,199,1422,814,214,113,944,483,4,2,0.0,0.6666666666666666,1083
Luca Brecel,Mark Selby,7,1359,1549,0.25842359174627483,0.38343349547868066,205,107,1393,722,866,588,6278,3637,262,146,759,400,410,256,1713,1045,4,3,0.0,0.5714285714285714,1083
Ben Woollaston,Gary Wilson,9,1326,1322,0.5061520874125972,0.5024999791668749,434,250,2846,1524,307,180,1979,1080,277,146,918,493,219,111,774,412,5,2,0.0,0.7142857142857143,1083
Mark Williams,Marco Fu,9,1548,1446,0.6527423440531748,0.5634067862621936,1162,763,9021,5162,723,430,5431,2955,399,242,1301,758,341,199,1422,814,5,1,0.0,0.8333333333333334,1083
John Higgins,Stephen Maguire,9,1502,1426,0.6151613259908093,0.5473576181430894,1220,861,9881,5831,769,510,5690,3233,437,257,1421,834,270,139,1455,834,5,1,0.0,0.8333333333333334,1083
Luca Brecel,Ricky Walden,9,1359,1453,0.35867462873861855,0.44151888756183866,205,107,1393,722,656,405,4706,2624,262,146,759,400,257,149,1351,765,5,3,0.0,0.625,1083
Ben Woollaston,Mark Williams,11,1326,1548,0.17471896061377468,0.364705150677193,434,250,2846,1524,1162,763,9021,5162,277,146,918,493,399,242,1301,758,6,5,0.0,0.5454545454545454,1083
John Higgins,Luca Brecel,11,1502,1359,0.7273730783317633,0.5884351201276382,1220,861,9881,5831,205,107,1393,722,437,257,1421,834,262,146,759,400,6,4,0.0,0.6,1083
John Higgins,Ben Woollaston,17,1502,1326,0.8204006307683291,0.6082590307465143,1220,861,9881,5831,434,250,2846,1524,437,257,1421,834,277,146,918,493,9,3,0.0,0.75,1083
Ben Woollaston,Alex Davies,9,1380,1196,0.760025787896806,0.6130141761393355,441,256,2900,1554,215,106,1332,660,331,176,972,523,94,44,466,216,5,2,0.0,0.7142857142857143,1072
Sydney Wilson,Anthony Hamilton,9,1128,1257,0.30983981053020837,0.4200665998114943,145,56,843,383,741,431,5780,3092,153,62,475,223,144,60,698,359,5,3,0.0,0.625,1072
Gary Wilson,Michael Leslie,9,1353,1143,0.7896412769224667,0.6283161882953663,312,184,2009,1098,116,35,742,300,249,129,804,430,144,60,522,219,5,2,0.0,0.7142857142857143,1072
Robbie Williams,Matthew Day,9,1296,1097,0.7773954380141394,0.6218716423074662,283,157,1782,918,126,59,679,330,229,119,797,408,55,24,330,170,5,0,0.0,1.0,1072
Mark Williams,Luca Brecel,9,1571,1420,0.7192102444974917,0.5932699921071872,1168,768,9059,5188,211,112,1431,747,437,268,1339,784,300,171,797,425,5,4,0.0,0.5555555555555556,1072
Michael White,Chris Norbury,9,1437,1059,0.92395463233562,0.7201085268004915,335,195,2336,1258,248,115,1525,740,381,213,1055,581,62,21,297,99,5,1,0.0,0.8333333333333334,1072
Liang Wenbo,Ian Glover,9,1435,1119,0.8855893102982093,0.6878313305828404,458,277,3162,1750,166,69,1013,477,414,242,1162,668,124,46,320,140,5,4,0.0,0.5555555555555556,1072
Judd Trump,Thanawat Thirapongpaiboon,9,1620,1227,0.9314935612778559,0.7276039892428419,685,461,4674,2738,165,74,1156,551,503,311,1810,1083,146,70,532,239,5,0,0.0,1.0,1072
Craig Steadman,Peter Lines,9,1283,1213,0.6063088096727929,0.5436386872370789,356,199,2363,1255,690,375,5085,2644,176,81,731,362,193,92,707,336,5,2,0.0,0.7142857142857143,1072
Matthew Selt,Lyu Chenwei,9,1454,1056,0.9338679078481679,0.7300743839811188,429,237,3017,1586,42,12,266,105,438,248,1061,594,104,36,238,97,5,4,0.0,0.5555555555555556,1072
Mark Selby,Oliver Brown,9,1547,1183,0.9163338450326745,0.7130001627522816,870,591,6302,3652,146,63,801,375,434,271,1737,1060,138,65,462,244,5,3,0.0,0.625,1072
Neil Robertson,Mitchell Mann,9,1601,1190,0.9397292470105665,0.7364309317009723,740,482,5488,3123,172,81,1046,513,325,209,1734,1044,153,65,347,156,5,4,0.0,0.5555555555555556,1072
Jimmy Robertson,Hammad Miah,9,1349,1135,0.7939893798637696,0.6306485256510744,367,198,2468,1274,79,32,492,214,306,166,931,500,190,96,474,208,5,4,0.0,0.5555555555555556,1072
Joe Perry,Scott Donaldson,9,1513,1235,0.855785791096651,0.6670782770956253,882,520,6396,3449,150,76,977,479,403,235,1380,784,148,63,771,375,5,1,0.0,0.8333333333333334,1072
Tian Pengfei,Jimmy White,9,1453,1198,0.8352701649709137,0.654188113761243,295,172,1962,1065,1366,770,11808,6227,239,143,810,453,123,53,685,316,5,3,0.0,0.625,1072
Fraser Patrick,Cao Yupeng,9,1171,1249,0.3819015390099838,0.4514038914168657,160,68,1044,481,174,88,1267,640,131,53,524,232,137,64,653,316,5,4,0.0,0.5555555555555556,1072
Andrew Pagett,Tom Ford,9,1131,1367,0.18311088415736348,0.35663485430559827,240,108,1590,763,491,280,3540,1886,59,25,432,182,277,153,802,409,5,2,0.0,0.7142857142857143,1072
Sean O'Sullivan,Thepchaiya Un-Nooh,9,1247,1431,0.2399742121031942,0.38698582386066455,138,61,862,407,217,126,1569,839,177,91,588,283,340,191,920,493,5,2,0.0,0.7142857142857143,1072
Ronnie O'Sullivan,George Pragnall,9,1695,1064,0.9899529519624257,0.8288501655627865,1053,799,9352,5687,22,10,136,63,117,74,876,578,78,35,130,61,5,2,0.0,0.7142857142857143,1072
Fergal O'Brien,Lyu Haotian,9,1395,1150,0.8257578299729261,0.6485108747389209,762,439,5874,3113,71,27,497,217,268,148,826,447,70,33,391,169,5,1,0.0,0.8333333333333334,1072
Lu Ning,Dominic Dale,9,1109,1366,0.16287054860800082,0.34468162982610484,57,18,399,168,787,457,5758,3084,118,43,287,114,292,165,1128,615,5,1,0.0,0.8333333333333334,1072
Shaun Murphy,Joe O'Connor,9,1569,1117,0.9554787287279248,0.7558388990947971,861,562,6335,3612,66,32,391,189,416,255,1626,955,175,85,370,178,5,1,0.0,0.8333333333333334,1072
Ross Muir,Jamie Cope,9,1156,1315,0.2705791923598182,0.40191313966779657,89,33,581,255,515,280,3492,1789,166,70,533,233,238,120,683,335,5,2,0.0,0.7142857142857143,1072
David Morris,Duane Jones,9,1281,1264,0.5261277964586326,0.5106234010049637,236,122,1735,876,107,63,602,346,147,70,595,308,95,50,322,187,5,1,0.0,0.8333333333333334,1072
Aditya Mehta,Adam Duffy,9,1274,1327,0.4190735991048983,0.46692337763389535,239,120,1642,820,266,139,1693,876,184,88,715,371,287,161,688,348,5,3,0.0,0.625,1072
Alan McManus,Zak Surety,9,1428,1157,0.8497422960559372,0.6631804950993565,850,510,7122,3786,92,41,545,256,280,158,1092,610,147,63,384,180,5,4,0.0,0.5555555555555556,1072
Anthony McGill,John Astley,9,1448,1136,0.8826868496118285,0.6856801139382539,342,206,2205,1216,124,56,762,349,369,205,1032,565,43,15,363,147,5,3,0.0,0.625,1072
Stephen Maguire,Alexander Ursenbacher,9,1450,1138,0.8826868496118285,0.6856801139382539,774,514,5716,3250,64,25,387,172,296,156,1481,851,130,70,357,156,5,1,0.0,0.8333333333333334,1072
Oliver Lines,Jack Lisowski,9,1285,1286,0.49846191806792206,0.4993750003255206,125,69,754,398,311,185,2020,1096,227,115,597,321,220,109,825,431,5,1,0.0,0.8333333333333334,1072
Rod Lawler,Allan Taylor,9,1313,1194,0.6765144327536381,0.5738312575916094,732,405,5659,2958,228,111,1335,676,214,108,835,432,140,58,414,166,5,2,0.0,0.7142857142857143,1072
Mark King,Steven Hallworth,9,1373,1077,0.8705294620763192,0.676995856238523,803,446,5949,3115,52,16,323,134,296,167,945,503,117,42,290,121,5,3,0.0,0.625,1072
Ding Junhui,Jamie Clarke,9,1473,1241,0.8128540809406867,0.6410674063348171,599,400,4444,2537,115,60,662,351,281,154,1335,792,196,104,520,290,5,1,0.0,0.8333333333333334,1072
Jamie Jones,Joe Swail,9,1432,1287,0.7114258135090068,0.5896454785627312,408,248,2707,1478,765,415,6062,3164,307,170,917,493,268,133,818,420,5,3,0.0,0.625,1072
Michael Holt,Eden Sharav,9,1368,1179,0.7659005155576041,0.6159753019181258,667,393,4912,2622,83,47,476,242,321,177,1060,567,153,67,361,182,5,3,0.0,0.625,1072
Liam Highfield,Rory McLeod,9,1345,1315,0.5460346743259274,0.5187412158785352,269,146,1803,952,488,269,3672,1923,171,87,726,385,205,104,704,351,5,2,0.0,0.7142857142857143,1072
John Higgins,Elliot Slessor,9,1561,1176,0.9275515881200725,0.7236220674654401,1227,868,9928,5867,94,40,559,258,484,293,1468,870,141,72,438,202,5,2,0.0,0.7142857142857143,1072
Barry Hawkins,Noppon Saengkham,9,1463,1212,0.8315084197134864,0.6519223788927313,753,463,5450,3019,127,54,909,416,289,159,1416,791,208,90,689,332,5,0,0.0,1.0,1072
Li Hang,Ricky Walden,9,1336,1484,0.28466862205354465,0.40854102156721994,172,87,1227,631,661,409,4735,2643,225,122,671,357,286,168,1380,784,5,4,0.0,0.5555555555555556,1072
Xiao Guodong,Cao Xinlong,9,1383,1044,0.9012433396788231,0.7000424476024744,316,183,2139,1178,48,13,314,118,178,97,861,486,17,4,235,88,5,0,0.0,1.0,1072
Gerard Greene,Ratchayothin Yotharuck,9,1293,1053,0.8208667164135127,0.6456563062257954,646,351,4851,2548,40,8,267,97,187,99,645,317,0,0,267,97,5,2,0.0,0.7142857142857143,1072
Martin Gould,Chris Melling,9,1531,1137,0.9319738736042507,0.7280991982662492,534,324,3609,1981,161,89,1100,570,278,166,1143,640,107,40,243,105,5,3,0.0,0.625,1072
David Gilbert,Joel Walker,9,1416,1219,0.7751238468246431,0.6206951913643555,412,232,3151,1677,147,68,940,448,301,171,907,499,135,54,597,281,5,2,0.0,0.7142857142857143,1072
Michael Georgiou,Graeme Dott,9,1217,1449,0.18714591905931333,0.35893259366518293,135,61,813,392,738,436,5733,3083,177,78,469,242,337,195,1211,693,5,1,0.0,0.8333333333333334,1072
Marco Fu,Steve Davis,9,1443,1221,0.8025160233947083,0.6352948493228071,728,434,5461,2972,1369,892,11637,6638,371,216,1452,831,35,13,371,172,5,1,0.0,0.8333333333333334,1072
Igor Figueiredo,Kurt Maflin,9,1215,1353,0.2977890040465855,0.4145954308705349,82,42,614,301,429,251,2876,1558,75,34,138,65,238,125,908,488,5,3,0.0,0.625,1072
Peter Ebdon,Chris Wakelin,9,1407,1295,0.66681018628421,0.569546223939229,951,549,7656,4118,100,52,659,337,311,174,874,457,231,120,652,334,5,2,0.0,0.7142857142857143,1072
Tony Drago,Nigel Bond,9,1147,1247,0.3500987786078318,0.43782349911420193,712,350,5847,2888,794,443,6344,3357,80,26,487,215,165,76,658,323,5,2,0.0,0.7142857142857143,1072
Ken Doherty,Vinnie Calabrese,9,1291,1060,0.8118363604456017,0.6404919537233386,1052,647,8659,4775,101,40,639,279,253,125,806,406,59,18,373,139,5,3,0.0,0.625,1072
Yu Delu,Lee Walker,9,1309,1256,0.5809264008951017,0.5330766223661046,200,102,1397,717,392,222,3078,1605,157,80,662,339,201,101,307,152,5,1,0.0,0.8333333333333334,1072
Ryan Day,Dave Harold,9,1424,1194,0.8108150591323824,0.6399160967377341,741,449,5222,2880,696,386,5389,2821,356,208,1365,752,36,15,389,186,5,2,0.0,0.7142857142857143,1072
Mark Davis,Daniel Wells,9,1453,1227,0.8066940906315168,0.637608652621925,899,542,6591,3599,276,136,1841,915,364,211,1381,775,214,113,641,308,5,4,0.0,0.5555555555555556,1072
Ashley Carty,Robert Milkins,9,1203,1391,0.23526769602932074,0.38461624360881785,96,50,556,285,713,438,5300,2903,171,93,493,258,378,213,1314,720,5,2,0.0,0.7142857142857143,1072
Stuart Carrington,Dechawat Poomjaeng,9,1303,1323,0.46927029269061465,0.4875026035157896,238,128,1503,790,200,111,1438,737,231,115,595,298,225,116,996,525,5,2,0.0,0.7142857142857143,1072
Marcus Campbell,Michael Tomlinson,9,1219,1034,0.7612074518356959,0.6136070778047783,685,369,5043,2580,28,12,176,80,102,53,560,247,21,6,176,80,5,0,0.0,1.0,1072
James Cahill,Andrew Higginson,9,1113,1367,0.16566487390776352,0.34637766910049594,102,34,650,271,620,373,4416,2431,126,44,443,182,250,135,861,454,5,4,0.0,0.5555555555555556,1072
Ian Burns,Matthew Stevens,9,1254,1372,0.3248643926957258,0.42678022732016513,254,136,1574,816,847,502,6634,3623,176,80,694,347,241,127,971,497,5,3,0.0,0.625,1072
Alfie Burden,David Grace,9,1242,1235,0.5107652278675607,0.5043748883497735,582,314,4252,2195,248,114,1638,788,163,77,695,344,210,100,622,286,5,3,0.0,0.625,1072
Stuart Bingham,Zhou Yuelong,9,1535,1309,0.8066940906315168,0.637608652621925,872,549,6476,3680,79,41,532,277,426,243,1582,926,238,129,454,244,5,1,0.0,0.8333333333333334,1072
Sam Baird,Ali Carter,9,1308,1499,0.23177321518818045,0.38284263734702784,254,135,1718,890,751,452,5375,2959,186,97,813,425,231,133,865,493,5,4,0.0,0.5555555555555556,1072
Zhang Anda,Kyren Wilson,9,1303,1443,0.2951418310376775,0.41338242108267,226,110,1568,780,285,173,1820,1001,234,116,731,371,333,195,803,444,5,4,0.0,0.5555555555555556,1072
Mark Allen,Robin Hull,9,1483,1351,0.6942019644408484,0.5817593768418363,594,380,4033,2266,456,277,3534,1950,315,184,1190,710,178,95,477,238,5,3,0.0,0.625,1072
Mark Williams,Yu Delu,9,1571,1309,0.8417147594504835,0.6581363150480182,1168,768,9059,5188,200,102,1397,717,437,268,1339,784,157,80,662,339,5,1,0.0,0.8333333333333334,1072
Liang Wenbo,Stuart Carrington,9,1435,1303,0.6942019644408484,0.5817593768418363,458,277,3162,1750,238,128,1503,790,414,242,1162,668,231,115,595,298,5,3,0.0,0.625,1072
Michael Wasley,Lu Ning,9,1223,1109,0.6695952090283444,0.5707716118944918,243,119,1553,758,57,18,399,168,129,47,725,347,118,43,287,114,5,1,0.0,0.8333333333333334,1072
Judd Trump,Mark Joyce,9,1620,1367,0.8333964892426636,0.6530561132866127,685,461,4674,2738,375,200,2694,1374,503,311,1810,1083,230,128,811,420,5,4,0.0,0.5555555555555556,1072
Matthew Selt,Alan McManus,9,1454,1428,0.5399199537054243,0.5162442810620724,429,237,3017,1586,850,510,7122,3786,438,248,1061,594,280,158,1092,610,5,4,0.0,0.5555555555555556,1072
Mark Selby,Oliver Lines,9,1547,1285,0.8417147594504835,0.6581363150480182,870,591,6302,3652,125,69,754,398,434,271,1737,1060,227,115,597,321,5,2,0.0,0.7142857142857143,1072
Jimmy Robertson,Ian Burns,9,1349,1254,0.6427600375415892,0.559097471902393,367,198,2468,1274,254,136,1574,816,306,166,931,500,176,80,694,347,5,4,0.0,0.5555555555555556,1072
Neil Robertson,Jamie Jones,9,1601,1432,0.7419044412047486,0.6040813228693781,740,482,5488,3123,408,248,2707,1478,325,209,1734,1044,307,170,917,493,5,2,0.0,0.7142857142857143,1072
Joe Perry,Fraser Patrick,9,1513,1171,0.9031578616468432,0.7016149536154007,882,520,6396,3449,160,68,1044,481,403,235,1380,784,131,53,524,232,5,4,0.0,0.5555555555555556,1072
Ronnie O'Sullivan,Aditya Mehta,9,1695,1274,0.9439418910041667,0.7412546787548828,1053,799,9352,5687,239,120,1642,820,117,74,876,578,184,88,715,371,5,2,0.0,0.7142857142857143,1072
Fergal O'Brien,Tian Pengfei,9,1395,1453,0.4115659974105401,0.4638133797682053,762,439,5874,3113,295,172,1962,1065,268,148,826,447,239,143,810,453,5,2,0.0,0.7142857142857143,1072
Shaun Murphy,Robbie Williams,9,1569,1296,0.8514868359502932,0.6642964428999887,861,562,6335,3612,283,157,1782,918,416,255,1626,955,229,119,797,408,5,3,0.0,0.625,1072
Anthony McGill,Sean O'Sullivan,9,1448,1247,0.7796532292456051,0.6230466603666162,342,206,2205,1216,138,61,862,407,369,205,1032,565,177,91,588,283,5,3,0.0,0.625,1072
Stephen Maguire,David Morris,9,1450,1281,0.7419044412047486,0.6040813228693781,774,514,5716,3250,236,122,1735,876,296,156,1481,851,147,70,595,308,5,4,0.0,0.5555555555555556,1072
Mark King,Michael White,9,1373,1437,0.4026018402868163,0.46008511544443426,803,446,5949,3115,335,195,2336,1258,296,167,945,503,381,213,1055,581,5,3,0.0,0.625,1072
Ding Junhui,Craig Steadman,9,1473,1283,0.7670653449627305,0.6165665045213193,599,400,4444,2537,356,199,2363,1255,281,154,1335,792,176,81,731,362,5,1,0.0,0.8333333333333334,1072
Michael Holt,Zhang Anda,9,1368,1303,0.5988871099602557,0.5405358392737893,667,393,4912,2622,226,110,1568,780,321,177,1060,567,234,116,731,371,5,1,0.0,0.8333333333333334,1072
Liam Highfield,Marco Fu,9,1345,1443,0.3529487475112714,0.43905454967528373,269,146,1803,952,728,434,5461,2972,171,87,726,385,371,216,1452,831,5,2,0.0,0.7142857142857143,1072
John Higgins,Ken Doherty,9,1561,1291,0.8488646678121341,0.6626218371700825,1227,868,9928,5867,1052,647,8659,4775,484,293,1468,870,253,125,806,406,5,2,0.0,0.7142857142857143,1072
Barry Hawkins,Barry Pinches,9,1463,1173,0.8657415704315571,0.6737070994545215,753,463,5450,3019,698,360,5485,2838,289,159,1416,791,126,45,581,259,5,4,0.0,0.5555555555555556,1072
Li Hang,Gerard Greene,9,1336,1293,0.5658207017739435,0.5268491486891144,172,87,1227,631,646,351,4851,2548,225,122,671,357,187,99,645,317,5,0,0.0,1.0,1072
Xiao Guodong,Tony Drago,9,1383,1147,0.8168891158426366,0.6433651456944017,316,183,2139,1178,712,350,5847,2888,178,97,861,486,80,26,487,215,5,0,0.0,1.0,1072
Martin Gould,Ross Muir,9,1531,1156,0.9223700263151574,0.7185943925708561,534,324,3609,1981,89,33,581,255,278,166,1143,640,166,70,533,233,5,1,0.0,0.8333333333333334,1072
David Gilbert,Rod Lawler,9,1416,1313,0.6541595421142608,0.5640216374262577,412,232,3151,1677,732,405,5659,2958,301,171,907,499,214,108,835,432,5,2,0.0,0.7142857142857143,1072
Michael Georgiou,Andrew Pagett,9,1217,1131,0.6297740923567853,0.5535439031511183,135,61,813,392,240,108,1590,763,177,78,469,242,59,25,432,182,5,3,0.0,0.625,1072
Peter Ebdon,Marcus Campbell,9,1407,1219,0.7647323039706795,0.6153837563911821,951,549,7656,4118,685,369,5043,2580,311,174,874,457,102,53,560,247,5,2,0.0,0.7142857142857143,1072
Ryan Day,Sydney Wilson,9,1424,1128,0.8705294620763192,0.676995856238523,741,449,5222,2880,145,56,843,383,356,208,1365,752,153,62,475,223,5,3,0.0,0.625,1072
Mark Davis,Gary Wilson,9,1453,1353,0.6499012213921682,0.5621765008857981,899,542,6591,3599,312,184,2009,1098,364,211,1381,775,249,129,804,430,5,3,0.0,0.625,1072
Ashley Carty,James Cahill,9,1203,1113,0.6355659071692855,0.5560138905446199,96,50,556,285,102,34,650,271,171,93,493,258,126,44,443,182,5,2,0.0,0.7142857142857143,1072
Alfie Burden,Sam Baird,9,1242,1308,0.3996254479222332,0.45884333184977194,582,314,4252,2195,254,135,1718,890,163,77,695,344,186,97,813,425,5,4,0.0,0.5555555555555556,1072
Stuart Bingham,Igor Figueiredo,9,1535,1215,0.888437763640334,0.6899744811276125,872,549,6476,3680,82,42,614,301,426,243,1582,926,75,34,138,65,5,1,0.0,0.8333333333333334,1072
Mark Allen,Ben Woollaston,9,1483,1380,0.6541595421142608,0.5640216374262577,594,380,4033,2266,441,256,2900,1554,315,184,1190,710,331,176,972,523,5,3,0.0,0.625,1072
Liang Wenbo,Li Hang,9,1435,1336,0.6484773334831452,0.5615610703361955,458,277,3162,1750,172,87,1227,631,414,242,1162,668,225,122,671,357,5,1,0.0,0.8333333333333334,1072
Judd Trump,Michael Holt,9,1620,1368,0.8324542539152648,0.6524894621927444,685,461,4674,2738,667,393,4912,2622,503,311,1810,1083,321,177,1060,567,5,0,0.0,1.0,1072
Mark Selby,Anthony McGill,9,1547,1448,0.6484773334831452,0.5615610703361955,870,591,6302,3652,342,206,2205,1216,434,271,1737,1060,369,205,1032,565,5,4,0.0,0.5555555555555556,1072
Neil Robertson,Fergal O'Brien,9,1601,1395,0.7852370226068368,0.6259778577666038,740,482,5488,3123,762,439,5874,3113,325,209,1734,1044,268,148,826,447,5,0,0.0,1.0,1072
Joe Perry,Jimmy Robertson,9,1513,1349,0.7357020581715297,0.6010878788483698,882,520,6396,3449,367,198,2468,1274,403,235,1380,784,306,166,931,500,5,0,0.0,1.0,1072
Ronnie O'Sullivan,Mark Davis,9,1695,1453,0.8228339524244989,0.6467993925579857,1053,799,9352,5687,899,542,6591,3599,117,74,876,578,364,211,1381,775,5,1,0.0,0.8333333333333334,1072
Shaun Murphy,Michael Wasley,9,1569,1223,0.9056659006528578,0.7037042379997707,861,562,6335,3612,243,119,1553,758,416,255,1626,955,129,47,725,347,5,1,0.0,0.8333333333333334,1072
Stephen Maguire,David Gilbert,9,1450,1416,0.5521379462338207,0.5212372149662741,774,514,5716,3250,412,232,3151,1677,296,156,1481,851,301,171,907,499,5,3,0.0,0.625,1072
Mark King,Barry Hawkins,9,1373,1463,0.3644340928307144,0.44398610945538003,803,446,5949,3115,753,463,5450,3019,296,167,945,503,289,159,1416,791,5,3,0.0,0.625,1072
Xiao Guodong,Liam Highfield,9,1383,1345,0.5582282705684568,0.523732154126561,316,183,2139,1178,269,146,1803,952,178,97,861,486,171,87,726,385,5,4,0.0,0.5555555555555556,1072
Martin Gould,Ashley Carty,9,1531,1203,0.8939742892523868,0.6942363401080305,534,324,3609,1981,96,50,556,285,278,166,1143,640,171,93,493,258,5,3,0.0,0.625,1072
Peter Ebdon,John Higgins,9,1407,1561,0.2769379275423167,0.40492152613386595,951,549,7656,4118,1227,868,9928,5867,311,174,874,457,484,293,1468,870,5,2,0.0,0.7142857142857143,1072
Ryan Day,Ding Junhui,9,1424,1473,0.42510220983400737,0.469413239817919,741,449,5222,2880,599,400,4444,2537,356,208,1365,752,281,154,1335,792,5,4,0.0,0.5555555555555556,1072
Alfie Burden,Michael Georgiou,9,1242,1217,0.5383896612204689,0.5156199157230156,582,314,4252,2195,135,61,813,392,163,77,695,344,177,78,469,242,5,3,0.0,0.625,1072
Stuart Bingham,Matthew Selt,9,1535,1454,0.6224907473842691,0.5504527113395278,872,549,6476,3680,429,237,3017,1586,426,243,1582,926,438,248,1061,594,5,3,0.0,0.625,1072
Mark Allen,Mark Williams,9,1483,1571,0.3673260343741166,0.4452207648927852,594,380,4033,2266,1168,768,9059,5188,315,184,1190,710,437,268,1339,784,5,2,0.0,0.7142857142857143,1072
Liang Wenbo,Stuart Bingham,9,1435,1535,0.3500987786078318,0.43782349911420193,458,277,3162,1750,872,549,6476,3680,414,242,1162,668,426,243,1582,926,5,4,0.0,0.5555555555555556,1072
Judd Trump,Martin Gould,9,1620,1531,0.6341209376700583,0.5553966483205892,685,461,4674,2738,534,324,3609,1981,503,311,1810,1083,278,166,1143,640,5,1,0.0,0.8333333333333334,1072
Mark Selby,Peter Ebdon,9,1547,1407,0.7048581689623228,0.5866175789173301,870,591,6302,3652,951,549,7656,4118,434,271,1737,1060,311,174,874,457,5,1,0.0,0.8333333333333334,1072
Neil Robertson,Xiao Guodong,9,1601,1383,0.7982810462660692,0.6329747766804606,740,482,5488,3123,316,183,2139,1178,325,209,1734,1044,178,97,861,486,5,0,0.0,1.0,1072
Ronnie O'Sullivan,Joe Perry,9,1695,1513,0.7576524381780382,0.6118273690017371,1053,799,9352,5687,882,520,6396,3449,117,74,876,578,403,235,1380,784,5,0,0.0,1.0,1072
Shaun Murphy,Mark Allen,9,1569,1483,0.6297740923567853,0.5535439031511183,861,562,6335,3612,594,380,4033,2266,416,255,1626,955,315,184,1190,710,5,4,0.0,0.5555555555555556,1072
Stephen Maguire,Mark King,9,1450,1373,0.6166307742060854,0.5479769376367963,774,514,5716,3250,803,446,5949,3115,296,156,1481,851,296,167,945,503,5,2,0.0,0.7142857142857143,1072
Ryan Day,Alfie Burden,9,1424,1242,0.7576524381780382,0.6118273690017371,741,449,5222,2880,582,314,4252,2195,356,208,1365,752,163,77,695,344,5,2,0.0,0.7142857142857143,1072
Liang Wenbo,Ryan Day,9,1435,1424,0.5169136156946217,0.5068745667645342,458,277,3162,1750,741,449,5222,2880,414,242,1162,668,356,208,1365,752,5,4,0.0,0.5555555555555556,1072
Mark Selby,Judd Trump,9,1547,1620,0.3892573801791685,0.45450121278721795,870,591,6302,3652,685,461,4674,2738,434,271,1737,1060,503,311,1810,1083,5,4,0.0,0.5555555555555556,1072
Shaun Murphy,Ronnie O'Sullivan,9,1569,1695,0.31390588840468353,0.4218947671156908,861,562,6335,3612,1053,799,9352,5687,416,255,1626,955,117,74,876,578,5,4,0.0,0.5555555555555556,1072
Stephen Maguire,Neil Robertson,9,1450,1601,0.28078975550250823,0.4067300078928128,774,514,5716,3250,740,482,5488,3123,296,156,1481,851,325,209,1734,1044,5,4,0.0,0.5555555555555556,1072
Mark Selby,Stephen Maguire,11,1547,1450,0.6594200145668188,0.5603296426885532,870,591,6302,3652,774,514,5716,3250,434,271,1737,1060,296,156,1481,851,6,2,0.0,0.75,1072
Shaun Murphy,Liang Wenbo,11,1569,1435,0.7146414155676208,0.5829754542011996,861,562,6335,3612,458,277,3162,1750,416,255,1626,955,414,242,1162,668,6,4,0.0,0.6,1072
Mark Selby,Shaun Murphy,17,1547,1569,0.4541999556754191,0.486253465097645,870,591,6302,3652,861,562,6335,3612,434,271,1737,1060,416,255,1626,955,9,7,0.0,0.5625,1072
