player1,player2,best_of,player1_elo,player2_elo,elo_match_win_rate,elo_frame_win_rate,p1_matches_played,p1_matches_won,p1_frames_played,p1_frames_won,p2_matches_played,p2_matches_won,p2_frames_played,p2_frames_won,p1_frames_played_1_year,p1_frames_won_1_year,p1_frames_played_3_years,p1_frames_won_3_years,p2_frames_played_1_year,p2_frames_won_1_year,p2_frames_played_3_years,p2_frames_won_3_years,score1,score2,match_result,win_percentage,tournament_id
Zhou Yuelong,Michael Wild,9,1384,1128,0.8362016064954723,0.6547534606063192,153,86,1070,565,298,157,1831,965,232,127,776,417,39,14,196,70,5,4,0.0,0.5555555555555556,2264
Ben Woollaston,Igor Figueiredo,9,1422,1193,0.8097901791567259,0.6393398367530659,558,321,3631,1944,90,44,684,326,280,157,1062,566,17,7,145,59,5,1,0.0,0.8333333333333334,2264
Kyren Wilson,Michael Georgiou,9,1454,1281,0.7468086860638347,0.6064704870683034,406,250,2665,1468,198,92,1219,596,341,187,1178,662,152,71,583,282,5,2,0.0,0.7142857142857143,2264
Gary Wilson,Duane Jones,9,1381,1191,0.7670653449627305,0.6165665045213193,380,221,2468,1343,152,79,900,470,229,123,708,374,133,55,393,174,5,2,0.0,0.7142857142857143,2264
Mark Williams,Zhao Xintong,9,1575,1360,0.7950675978142399,0.6312306626164005,1334,880,10108,5814,121,63,815,434,387,253,1486,894,154,76,502,266,5,3,0.0,0.625,2264
Robbie Williams,Jamie Barrett,9,1347,1022,0.8919230025206442,0.6926419831347361,340,184,2222,1138,71,28,418,177,183,91,669,339,100,26,249,93,5,1,0.0,0.8333333333333334,2264
Jimmy White,Sam Baird,9,1198,1320,0.31936441195255827,0.42433564895745063,1412,787,12098,6351,317,166,2207,1138,130,51,413,177,160,79,675,345,5,4,0.0,0.5555555555555556,2264
Michael White,Kritsanut Lertsattayathorn,9,1396,1204,0.7693848278621133,0.617747874769249,451,261,3047,1625,29,13,225,110,270,148,1092,580,24,9,152,71,5,4,0.0,0.5555555555555556,2264
Liang Wenbo,Itaro Santos,9,1456,861,0.9861703467201272,0.8157027397176331,568,346,3974,2202,83,22,473,170,241,135,1226,694,10,0,89,13,5,0,0.0,1.0,2264
Daniel Wells,Marco Fu,9,1279,1442,0.2655479256086079,0.3995117254730337,329,160,2221,1098,845,503,6298,3431,171,83,594,296,271,144,1208,675,5,3,0.0,0.625,2264
Ricky Walden,Zhang Yong,9,1310,1152,0.7281552136873749,0.5974857658270161,787,477,5564,3072,81,32,507,214,252,131,1115,597,171,78,414,176,5,1,0.0,0.8333333333333334,2264
Hossein Vafaei,Dechawat Poomjaeng,9,1335,1279,0.585434873024069,0.5349429451582145,82,45,639,323,233,124,1694,862,226,119,461,231,31,14,481,241,5,4,0.0,0.5555555555555556,2264
Judd Trump,Jason Weston,9,1583,1057,0.9751748273219457,0.788348634008099,835,564,5655,3339,307,161,2354,1212,296,185,1484,912,30,11,251,91,5,0,0.0,1.0,2264
Allan Taylor,Ken Doherty,9,1221,1364,0.2911925553363697,0.4115648798723618,277,130,1661,813,1110,677,9070,4981,170,80,466,195,200,108,664,331,5,3,0.0,0.625,2264
Matthew Stevens,Josh Boileau,9,1328,1053,0.853217103541739,0.665410558746814,916,535,7093,3860,76,31,439,195,157,74,700,364,100,32,278,111,5,3,0.0,0.625,2264
Eden Sharav,Jamie Jones,9,1176,1363,0.2364392822922271,0.3852081305077805,123,58,762,358,476,285,3165,1718,142,58,439,183,201,106,765,410,5,3,0.0,0.625,2264
Matthew Selt,Craig Steadman,9,1365,1229,0.699552494810083,0.5841905229354074,527,289,3624,1900,413,222,2740,1431,192,96,1045,562,131,54,553,257,5,0,0.0,1.0,2264
Mark Selby,Adam Stefanow,9,1617,1122,0.9681117472523049,0.7751285533173565,1025,711,7507,4391,55,26,302,148,370,219,1639,1010,52,27,206,99,5,3,0.0,0.625,2264
Noppon Saengkham,Tom Ford,9,1322,1399,0.3833692257939145,0.4520230623632036,193,87,1413,666,578,332,4127,2207,254,131,712,340,268,150,864,474,5,3,0.0,0.625,2264
Jimmy Robertson,Cao Yupeng,9,1410,1396,0.5215222176025543,0.5087491068802403,445,244,3031,1583,236,120,1707,866,267,145,869,475,257,144,577,290,5,3,0.0,0.625,2264
Joe Perry,David John,9,1429,1080,0.9075137139216076,0.7052656295907794,999,594,7188,3892,88,39,579,270,252,143,1195,678,44,8,182,70,5,0,0.0,1.0,2264
Tian Pengfei,Ian Preece,9,1336,1263,0.6107426198208319,0.5454987872127821,356,200,2379,1271,210,114,1538,794,190,101,656,349,153,72,273,135,5,1,0.0,0.8333333333333334,2264
Fraser Patrick,Ryan Day,9,1175,1445,0.15113533218786596,0.33737816282991745,189,78,1248,570,865,525,6052,3338,49,23,335,142,290,156,1186,666,5,2,0.0,0.7142857142857143,2264
Ronnie O'Sullivan,James Cahill,9,1667,1162,0.9705602090330827,0.7794561686382467,1182,904,10312,6305,133,46,865,367,378,245,1077,692,49,25,341,140,5,3,0.0,0.625,2264
Martin O'Donnell,Thepchaiya Un-Nooh,9,1287,1367,0.37897153196993094,0.45016600268752216,290,141,1819,914,298,171,2165,1147,218,113,584,299,249,130,936,499,5,4,0.0,0.5555555555555556,2264
Fergal O'Brien,Nigel Bond,9,1319,1234,0.6283212305936767,0.5529259881329059,857,489,6482,3415,840,459,6662,3494,211,99,876,450,120,49,483,213,5,3,0.0,0.625,2264
Shaun Murphy,Sydney Wilson,9,1516,1155,0.9146249185246416,0.7114629823302013,978,645,7240,4140,173,64,1038,462,375,215,1321,783,59,34,348,141,5,1,0.0,0.8333333333333334,2264
Ross Muir,Dominic Dale,9,1207,1357,0.2820797233427488,0.40733340004593027,136,49,933,414,897,515,6422,3430,142,60,518,229,179,96,956,511,5,2,0.0,0.7142857142857143,2264
Robert Milkins,Mei Xiwen,9,1358,1266,0.6384497606491344,0.5572478545985555,814,490,5946,3231,82,40,546,270,229,123,1024,541,132,61,290,149,5,3,0.0,0.625,2264
Aditya Mehta,Barry Hawkins,9,1226,1467,0.17814786767867696,0.3537719416690997,275,133,1886,923,871,535,6281,3478,143,61,428,191,243,128,1120,618,5,2,0.0,0.7142857142857143,2264
Alan McManus,Chen Zhe,9,1371,1184,0.763560717707773,0.6147918694922195,916,545,7668,4076,193,92,1196,581,204,110,826,448,110,40,275,120,5,1,0.0,0.8333333333333334,2264
Rory McLeod,Daniel Womersley,9,1265,1012,0.8333964892426636,0.6530561132866127,554,302,4149,2149,18,6,112,48,221,103,682,330,13,5,112,48,5,2,0.0,0.7142857142857143,2264
Anthony McGill,Peter Lines,9,1425,1304,0.6792644393709043,0.5750535485557879,447,278,2943,1633,759,410,5521,2865,326,179,1107,622,188,94,629,313,5,1,0.0,0.8333333333333334,2264
Stephen Maguire,Boonyarit Keattikun,9,1527,1086,0.9516375388870315,0.7507282371635285,904,600,6626,3782,39,9,289,112,366,223,1206,688,66,16,241,88,5,0,0.0,1.0,2264
Kurt Maflin,Adam Duffy,9,1331,1248,0.6254097561604477,0.5516896693427,506,292,3409,1839,321,163,2046,1044,206,108,771,406,112,41,640,329,5,1,0.0,0.8333333333333334,2264
Sanderson Lam,David Grace,9,1146,1293,0.2859675275580694,0.4091452475454058,130,52,792,355,303,138,2040,984,140,61,416,179,185,88,612,296,5,2,0.0,0.7142857142857143,2264
Mark King,Marc Davis,9,1417,1105,0.8826868496118285,0.6856801139382539,905,509,6668,3515,118,54,627,295,288,160,1015,567,16,8,166,84,5,1,0.0,0.8333333333333334,2264
Ding Junhui,Sean O'Sullivan,9,1535,1164,0.9202164313080865,0.7165678145577145,693,465,5319,3041,191,81,1202,555,263,148,1156,658,152,61,517,239,5,3,0.0,0.625,2264
Mark Joyce,Mitchell Mann,9,1391,1242,0.7166273169339222,0.5920629281648192,443,237,3205,1641,226,105,1437,690,269,146,741,395,154,70,544,242,5,4,0.0,0.5555555555555556,2264
Ashley Hugill,Anthony Hamilton,9,1205,1315,0.3359845376484875,0.4316800165217519,97,48,548,267,806,466,6245,3334,144,68,475,238,139,62,609,302,5,2,0.0,0.7142857142857143,2264
Michael Holt,Liam Highfield,9,1384,1397,0.48001367903024084,0.4918757150937391,791,460,5759,3070,326,176,2237,1181,237,129,1168,625,177,93,605,316,5,4,0.0,0.5555555555555556,2264
Andrew Higginson,Christopher Keogan,9,1351,1140,0.790733578545378,0.6288998381516232,691,412,4881,2676,133,52,754,343,178,92,715,380,100,32,360,166,5,1,0.0,0.8333333333333334,2264
John Higgins,Darryl Hill,9,1623,1006,0.9886108861476525,0.823827857809139,1367,969,10976,6504,59,16,398,153,424,269,1532,930,38,17,251,84,5,0,0.0,1.0,2264
Andy Hicks,Luca Brecel,9,1226,1500,0.14764624750232094,0.3351462695940264,602,324,4881,2531,311,181,2179,1175,67,39,310,159,356,210,1048,599,5,3,0.0,0.625,2264
Li Hang,Fang Xiongman,9,1386,1169,0.7972134349638327,0.6323937895695628,241,125,1760,913,65,28,398,180,276,150,758,404,140,57,286,126,5,3,0.0,0.625,2264
Xiao Guodong,John Astley,9,1454,1269,0.7612074518356959,0.6136070778047783,407,239,2754,1527,178,84,1124,527,273,162,793,446,173,82,405,193,5,3,0.0,0.625,2264
Martin Gould,Lee Walker,9,1449,1282,0.7394330371891276,0.6028848673274662,634,385,4309,2367,442,241,3444,1772,309,172,978,552,172,81,567,268,5,2,0.0,0.7142857142857143,2264
David Gilbert,Kurt Dunham,9,1388,902,0.9657593543403356,0.7711824455558168,544,310,3984,2135,27,3,156,35,302,164,1134,629,82,15,156,35,5,1,0.0,0.8333333333333334,2264
Mike Dunn,Elliot Slessor,9,1267,1294,0.4585503751450084,0.48313140430861523,689,367,5068,2610,149,68,912,428,182,92,707,363,190,96,494,242,5,2,0.0,0.7142857142857143,2264
Graeme Dott,Jak Jones,9,1433,1159,0.852353752497679,0.6648537304059736,828,486,6383,3420,158,61,1031,451,289,157,987,532,120,45,279,115,5,3,0.0,0.625,2264
Scott Donaldson,Chris Wakelin,9,1253,1320,0.39813953546930514,0.4582226307163632,201,96,1356,657,160,82,1089,549,134,60,527,241,197,102,661,332,5,2,0.0,0.7142857142857143,2264
Yu Delu,Hammad Miah,9,1356,1240,0.6723703942210427,0.5719961329315186,260,132,1834,933,124,47,841,372,194,107,594,296,156,71,539,254,5,0,0.0,1.0,2264
Paul Davison,Joe Swail,9,1232,1256,0.46314122895623555,0.4850044983805899,657,345,4606,2344,828,445,6467,3362,167,83,515,236,200,97,673,331,5,3,0.0,0.625,2264
Mark Davis,Yan Bingtao,9,1432,1490,0.4115659974105401,0.4638133797682053,1040,626,7378,4036,100,62,715,404,206,112,1151,648,289,174,577,328,5,0,0.0,1.0,2264
Jamie Cope,Rod Lawler,9,1237,1258,0.46773724876101863,0.4868780138177567,549,294,3720,1895,797,431,6079,3147,76,44,466,226,128,52,634,297,5,2,0.0,0.7142857142857143,2264
Rhys Clark,Peter Ebdon,9,1199,1363,0.26429794182847044,0.3989121211516302,111,47,698,319,1052,602,8287,4446,104,41,422,182,237,124,942,502,5,2,0.0,0.7142857142857143,2264
Stuart Carrington,Wang Yuchen,9,1406,1072,0.8979880573364181,0.6974111143958823,301,163,1960,1035,55,15,358,136,191,104,688,360,105,38,242,92,5,1,0.0,0.8333333333333334,2264
Ian Burns,Thor Chuan Leong,9,1258,1142,0.6723703942210427,0.5719961329315186,308,159,1953,994,69,19,468,185,140,60,555,258,111,44,440,182,5,1,0.0,0.8333333333333334,2264
Alfie Burden,Akani Songsermsawad,9,1285,1351,0.3996254479222332,0.45884333184977194,645,346,4695,2413,68,35,526,270,164,75,606,295,233,123,487,253,5,2,0.0,0.7142857142857143,2264
Alex Borg,Jack Lisowski,9,1093,1380,0.13669971546787862,0.3279437373497286,362,153,2592,1177,387,230,2552,1382,99,30,327,138,275,149,752,395,5,1,0.0,0.8333333333333334,2264
Stuart Bingham,James Wattana,9,1503,1189,0.8841448555450592,0.6867567266439019,1022,649,7475,4263,797,433,6715,3519,221,132,1425,826,115,46,425,175,5,4,0.0,0.5555555555555556,2264
Zhang Anda,Oliver Lines,9,1313,1244,0.6048276146754163,0.5430183807243099,289,145,2021,1012,179,92,1141,578,161,78,687,348,174,81,614,295,5,3,0.0,0.625,2264
Gareth Allen,Robin Hull,9,1136,1263,0.3125478541883953,0.421285137539866,159,73,922,439,512,304,3887,2124,44,21,330,144,128,55,531,269,5,4,0.0,0.5555555555555556,2264
Zhou Yuelong,Matthew Selt,9,1384,1365,0.5291961843292591,0.5118727677562528,153,86,1070,565,527,289,3624,1900,232,127,776,417,192,96,1045,562,5,1,0.0,0.8333333333333334,2264
Ben Woollaston,Kurt Maflin,9,1422,1331,0.6370088546286576,0.5566309599222533,558,321,3631,1944,506,292,3409,1839,280,157,1062,566,206,108,771,406,5,3,0.0,0.625,2264
Kyren Wilson,Xiao Guodong,9,1454,1454,0.5,0.5,406,250,2665,1468,407,239,2754,1527,341,187,1178,662,273,162,793,446,5,3,0.0,0.625,2264
Gary Wilson,Graeme Dott,9,1381,1433,0.42057894147456754,0.4675456936126812,380,221,2468,1343,828,486,6383,3420,229,123,708,374,289,157,987,532,5,3,0.0,0.625,2264
Mark Williams,Zhang Anda,9,1575,1313,0.8417147594504835,0.6581363150480182,1334,880,10108,5814,289,145,2021,1012,387,253,1486,894,161,78,687,348,5,1,0.0,0.8333333333333334,2264
Michael White,Yu Delu,9,1396,1356,0.5612681117807465,0.52497918747894,451,261,3047,1625,260,132,1834,933,270,148,1092,580,194,107,594,296,5,3,0.0,0.625,2264
Daniel Wells,Jamie Cope,9,1279,1237,0.5643041587484351,0.5262259093720687,329,160,2221,1098,549,294,3720,1895,171,83,594,296,76,44,466,226,5,3,0.0,0.625,2264
Ricky Walden,Niu Zhuang,9,1310,1077,0.8138682185826697,0.6416424532015634,787,477,5564,3072,41,14,244,95,252,131,1115,597,93,35,143,57,5,1,0.0,0.8333333333333334,2264
Hossein Vafaei,Joe Perry,9,1335,1429,0.35867462873861855,0.44151888756183866,82,45,639,323,999,594,7188,3892,226,119,461,231,252,143,1195,678,5,2,0.0,0.7142857142857143,2264
Judd Trump,Ashley Hugill,9,1583,1205,0.92395463233562,0.7201085268004915,835,564,5655,3339,97,48,548,267,296,185,1484,912,144,68,475,238,5,1,0.0,0.8333333333333334,2264
Matthew Stevens,Alan McManus,9,1328,1371,0.43417929822605655,0.4731508513108857,916,535,7093,3860,916,545,7668,4076,157,74,700,364,204,110,826,448,5,1,0.0,0.8333333333333334,2264
Eden Sharav,Ross Muir,9,1176,1207,0.45243837566637274,0.4806346917700681,123,58,762,358,136,49,933,414,142,58,439,183,142,60,518,229,5,0,0.0,1.0,2264
Mark Selby,Alfie Burden,9,1617,1285,0.8966632246585242,0.6963549298238342,1025,711,7507,4391,645,346,4695,2413,370,219,1639,1010,164,75,606,295,5,0,0.0,1.0,2264
Noppon Saengkham,Robert Milkins,9,1322,1358,0.44481517986127356,0.4775151752081999,193,87,1413,666,814,490,5946,3231,254,131,712,340,229,123,1024,541,5,3,0.0,0.625,2264
Tian Pengfei,Anthony McGill,9,1336,1425,0.36587906232994205,0.44460335167941084,356,200,2379,1271,447,278,2943,1633,190,101,656,349,326,179,1107,622,5,2,0.0,0.7142857142857143,2264
Ronnie O'Sullivan,Gareth Allen,9,1667,1136,0.9761751166052841,0.7904268047931361,1182,904,10312,6305,159,73,922,439,378,245,1077,692,44,21,330,144,5,0,0.0,1.0,2264
Martin O'Donnell,Jimmy Robertson,9,1287,1410,0.31799585449737267,0.42372507750673466,290,141,1819,914,445,244,3031,1583,218,113,584,299,267,145,869,475,5,0,0.0,1.0,2264
Shaun Murphy,Allan Taylor,9,1516,1221,0.8697402180608809,0.6764489333484797,978,645,7240,4140,277,130,1661,813,375,215,1321,783,170,80,466,195,5,2,0.0,0.7142857142857143,2264
Rory McLeod,Liang Wenbo,9,1265,1456,0.23177321518818045,0.38284263734702784,554,302,4149,2149,568,346,3974,2202,221,103,682,330,241,135,1226,694,5,2,0.0,0.7142857142857143,2264
Stephen Maguire,Fergal O'Brien,9,1527,1319,0.7874461495888876,0.6271477663131956,904,600,6626,3782,857,489,6482,3415,366,223,1206,688,211,99,876,450,5,3,0.0,0.625,2264
Sanderson Lam,Mark King,9,1146,1417,0.150257703944063,0.33681950490064355,130,52,792,355,905,509,6668,3515,140,61,416,179,288,160,1015,567,5,4,0.0,0.5555555555555556,2264
Ding Junhui,Paul Davison,9,1535,1232,0.8759568702030395,0.6808107108156386,693,465,5319,3041,657,345,4606,2344,263,148,1156,658,167,83,515,236,5,0,0.0,1.0,2264
Mark Joyce,Fraser Patrick,9,1391,1175,0.7961422841847587,0.6318124177361016,443,237,3205,1641,189,78,1248,570,269,146,741,395,49,23,335,142,5,4,0.0,0.5555555555555556,2264
Michael Holt,Jimmy White,9,1384,1198,0.7623857644063681,0.6141996427768951,791,460,5759,3070,1412,787,12098,6351,237,129,1168,625,130,51,413,177,5,3,0.0,0.625,2264
Andrew Higginson,David Gilbert,9,1351,1388,0.443293015086782,0.4768914745109111,691,412,4881,2676,544,310,3984,2135,178,92,715,380,302,164,1134,629,5,3,0.0,0.625,2264
John Higgins,Ian Burns,9,1623,1258,0.9168974570366167,0.713511467542637,1367,969,10976,6504,308,159,1953,994,424,269,1532,930,140,60,555,258,5,1,0.0,0.8333333333333334,2264
Li Hang,Aditya Mehta,9,1386,1226,0.7306833019461992,0.598687660112452,241,125,1760,913,275,133,1886,923,276,150,758,404,143,61,428,191,5,4,0.0,0.5555555555555556,2264
Martin Gould,Fan Zhengyi,9,1449,991,0.957463105382579,0.7585964618789349,634,385,4309,2367,8,1,51,18,309,172,978,552,13,3,33,12,5,1,0.0,0.8333333333333334,2264
Mike Dunn,Andy Hicks,9,1267,1226,0.5627866210804462,0.5256025883246178,689,367,5068,2610,602,324,4881,2531,182,92,707,363,67,39,310,159,5,3,0.0,0.625,2264
Mark Davis,Rhys Clark,9,1432,1199,0.8138682185826697,0.6416424532015634,1040,626,7378,4036,111,47,698,319,206,112,1151,648,104,41,422,182,5,4,0.0,0.5555555555555556,2264
Ali Carter,Stuart Carrington,9,1487,1406,0.6224907473842691,0.5504527113395278,870,527,6160,3403,301,163,1960,1035,183,103,1016,577,191,104,688,360,5,0,0.0,1.0,2264
Stuart Bingham,Scott Donaldson,9,1503,1253,0.8305589863516776,0.6513548646660542,1022,649,7475,4263,201,96,1356,657,221,132,1425,826,134,60,527,241,5,3,0.0,0.625,2264
Niu Zhuang,Alex Borg,9,1077,1093,0.4754070207556724,0.4900013331200346,41,14,244,95,362,153,2592,1177,93,35,143,57,99,30,327,138,5,4,0.0,0.5555555555555556,2264
Jimmy White,Li Yuan,9,1198,1144,0.5824304989902049,0.5336988354329009,1412,787,12098,6351,44,22,250,119,130,51,413,177,111,51,145,70,5,1,0.0,0.8333333333333334,2264
Li Hang,Luo Honghao,9,1386,1052,0.8979880573364181,0.6974111143958823,241,125,1760,913,20,10,111,54,276,150,758,404,13,3,36,13,5,1,0.0,0.8333333333333334,2264
Kyren Wilson,Sanderson Lam,9,1454,1146,0.8797299937321948,0.6835208937363156,406,250,2665,1468,130,52,792,355,341,187,1178,662,140,61,416,179,5,2,0.0,0.7142857142857143,2264
Mark Williams,Michael Holt,9,1575,1384,0.7682267848118195,0.6171573626529722,1334,880,10108,5814,791,460,5759,3070,387,253,1486,894,237,129,1168,625,5,2,0.0,0.7142857142857143,2264
Michael White,Ali Carter,9,1396,1487,0.36299114537134225,0.44336904007774663,451,261,3047,1625,870,527,6160,3403,270,148,1092,580,183,103,1016,577,5,3,0.0,0.625,2264
Daniel Wells,Matthew Stevens,9,1279,1328,0.42510220983400737,0.469413239817919,329,160,2221,1098,916,535,7093,3860,171,83,594,296,157,74,700,364,5,2,0.0,0.7142857142857143,2264
Hossein Vafaei,Ben Woollaston,9,1335,1422,0.3687749893732751,0.44583834723635146,82,45,639,323,558,321,3631,1944,226,119,461,231,280,157,1062,566,5,4,0.0,0.5555555555555556,2264
Judd Trump,Eden Sharav,9,1583,1176,0.937972930182064,0.7344853437972199,835,564,5655,3339,123,58,762,358,296,185,1484,912,142,58,439,183,5,0,0.0,1.0,2264
Mark Selby,Martin O'Donnell,9,1617,1287,0.8953253211201412,0.6952966693475653,1025,711,7507,4391,290,141,1819,914,370,219,1639,1010,218,113,584,299,5,1,0.0,0.8333333333333334,2264
Tian Pengfei,Martin Gould,9,1336,1449,0.3317960811303977,0.42984097461816473,356,200,2379,1271,634,385,4309,2367,190,101,656,349,309,172,978,552,5,3,0.0,0.625,2264
Shaun Murphy,Gary Wilson,9,1516,1381,0.6982190316058211,0.5835831155172753,978,645,7240,4140,380,221,2468,1343,375,215,1321,783,229,123,708,374,5,1,0.0,0.8333333333333334,2264
Rory McLeod,Mike Dunn,9,1265,1267,0.49692386016813683,0.49875000260416025,554,302,4149,2149,689,367,5068,2610,221,103,682,330,182,92,707,363,5,3,0.0,0.625,2264
Stephen Maguire,Li Hang,9,1527,1386,0.7061774724656459,0.587223690839335,904,600,6626,3782,241,125,1760,913,366,223,1206,688,276,150,758,404,5,3,0.0,0.625,2264
Ding Junhui,Zhou Yuelong,9,1535,1384,0.7192102444974917,0.5932699921071872,693,465,5319,3041,153,86,1070,565,263,148,1156,658,232,127,776,417,5,0,0.0,1.0,2264
Mark Joyce,Ronnie O'Sullivan,9,1391,1667,0.14592310822205534,0.3340330732481797,443,237,3205,1641,1182,904,10312,6305,269,146,741,395,378,245,1077,692,5,4,0.0,0.5555555555555556,2264
Andrew Higginson,Ricky Walden,9,1351,1310,0.5627866210804462,0.5256025883246178,691,412,4881,2676,787,477,5564,3072,178,92,715,380,252,131,1115,597,5,4,0.0,0.5555555555555556,2264
John Higgins,Mark Davis,9,1623,1432,0.7682267848118195,0.6171573626529722,1367,969,10976,6504,1040,626,7378,4036,424,269,1532,930,206,112,1151,648,5,2,0.0,0.7142857142857143,2264
Stuart Bingham,Noppon Saengkham,9,1503,1322,0.7564607688598808,0.6112334666758695,1022,649,7475,4263,193,87,1413,666,221,132,1425,826,254,131,712,340,5,2,0.0,0.7142857142857143,2264
Kyren Wilson,Stuart Bingham,9,1454,1503,0.42510220983400737,0.469413239817919,406,250,2665,1468,1022,649,7475,4263,341,187,1178,662,221,132,1425,826,5,2,0.0,0.7142857142857143,2264
Mark Williams,John Higgins,9,1575,1623,0.4266123046090862,0.4700359482354282,1334,880,10108,5814,1367,969,10976,6504,387,253,1486,894,424,269,1532,930,5,4,0.0,0.5555555555555556,2264
Hossein Vafaei,Rory McLeod,9,1335,1265,0.6063088096727929,0.5436386872370789,82,45,639,323,554,302,4149,2149,226,119,461,231,221,103,682,330,5,3,0.0,0.625,2264
Judd Trump,Tian Pengfei,9,1583,1336,0.8276890901240301,0.6496497492904088,835,564,5655,3339,356,200,2379,1271,296,185,1484,912,190,101,656,349,5,3,0.0,0.625,2264
Mark Selby,Andrew Higginson,9,1617,1351,0.8453183804092873,0.660382673079216,1025,711,7507,4391,691,412,4881,2676,370,219,1639,1010,178,92,715,380,5,4,0.0,0.5555555555555556,2264
Shaun Murphy,Michael White,9,1516,1396,0.6778907155437834,0.574442516811659,978,645,7240,4140,451,261,3047,1625,375,215,1321,783,270,148,1092,580,5,1,0.0,0.8333333333333334,2264
Stephen Maguire,Daniel Wells,9,1527,1279,0.828649321563008,0.6502185485738271,904,600,6626,3782,329,160,2221,1098,366,223,1206,688,171,83,594,296,5,1,0.0,0.8333333333333334,2264
Ding Junhui,Mark Joyce,9,1535,1391,0.7101180862128782,0.5890404340586651,693,465,5319,3041,443,237,3205,1641,263,148,1156,658,269,146,741,395,5,3,0.0,0.625,2264
Kyren Wilson,Ding Junhui,9,1454,1535,0.3775092526157308,0.4495472886604723,406,250,2665,1468,693,465,5319,3041,341,187,1178,662,263,148,1156,658,5,1,0.0,0.8333333333333334,2264
Mark Williams,Shaun Murphy,9,1575,1516,0.5899315453398475,0.5368082899889803,1334,880,10108,5814,978,645,7240,4140,387,253,1486,894,375,215,1321,783,5,1,0.0,0.8333333333333334,2264
Hossein Vafaei,Judd Trump,9,1335,1583,0.1713506784369921,0.34978145142617295,82,45,639,323,835,564,5655,3339,226,119,461,231,296,185,1484,912,5,3,0.0,0.625,2264
Mark Selby,Stephen Maguire,9,1617,1527,0.6355659071692855,0.5560138905446199,1025,711,7507,4391,904,600,6626,3782,370,219,1639,1010,366,223,1206,688,5,1,0.0,0.8333333333333334,2264
Mark Williams,Hossein Vafaei,11,1575,1335,0.8438737358496442,0.6456563062257954,1334,880,10108,5814,82,45,639,323,387,253,1486,894,226,119,461,231,6,1,0.0,0.8571428571428571,2264
Mark Selby,Kyren Wilson,11,1617,1454,0.7545747737356233,0.6004882745269664,1025,711,7507,4391,406,250,2665,1468,370,219,1639,1010,341,187,1178,662,6,4,0.0,0.6,2264
Mark Selby,Mark Williams,19,1617,1575,0.591660787934234,0.5262259093720687,1025,711,7507,4391,1334,880,10108,5814,370,219,1639,1010,387,253,1486,894,10,8,0.0,0.5555555555555556,2264
Judd Trump,Mark King,9,1590,1409,0.7564607688598808,0.6112334666758695,840,568,5687,3362,907,510,6683,3524,328,208,1516,935,303,169,1030,576,5,2,0.0,0.7142857142857143,2270
Mark Selby,Ryan Day,9,1642,1424,0.7982810462660692,0.6329747766804606,1032,718,7569,4432,866,525,6059,3340,432,260,1701,1051,297,158,1193,668,5,4,0.0,0.5555555555555556,2270
Neil Robertson,Barry Hawkins,9,1531,1447,0.6268664452075894,0.5523079095743253,852,560,6275,3588,872,535,6288,3480,317,193,1112,674,250,130,1127,620,5,0,0.0,1.0,2270
Ronnie O'Sullivan,Liang Wenbo,9,1650,1444,0.7852370226068368,0.6259778577666038,1185,906,10334,6319,570,347,3986,2209,400,259,1099,706,253,142,1238,701,5,1,0.0,0.8333333333333334,2270
Ding Junhui,John Higgins,9,1542,1636,0.35867462873861855,0.44151888756183866,698,469,5351,3062,1371,972,11003,6523,295,169,1188,679,451,288,1559,949,5,4,0.0,0.5555555555555556,2270
Anthony Hamilton,Stuart Bingham,9,1299,1487,0.23526769602932074,0.38461624360881785,807,466,6252,3336,1026,652,7506,4280,146,64,616,304,252,149,1456,843,5,1,0.0,0.8333333333333334,2270
Marco Fu,Anthony McGill,9,1428,1422,0.5092276505295197,0.5037499296890819,846,503,6306,3434,449,279,2956,1640,279,147,1216,678,339,186,1120,629,5,1,0.0,0.8333333333333334,2270
Ali Carter,Shaun Murphy,9,1493,1533,0.4387318882192537,0.47502081252106,872,528,6173,3411,983,649,7271,4161,196,111,1029,585,406,236,1352,804,5,4,0.0,0.5555555555555556,2270
Judd Trump,Ronnie O'Sullivan,9,1590,1650,0.40857228932346973,0.46257015465625045,840,568,5687,3362,1185,906,10334,6319,328,208,1516,935,400,259,1099,706,5,3,0.0,0.625,2270
Ding Junhui,Anthony Hamilton,9,1542,1299,0.823812175871814,0.647370307581549,698,469,5351,3062,807,466,6252,3336,295,169,1188,679,146,64,616,304,5,2,0.0,0.7142857142857143,2270
Marco Fu,Mark Selby,9,1428,1642,0.2060106201362305,0.36935147434892557,846,503,6306,3434,1032,718,7569,4432,279,147,1216,678,432,260,1701,1051,5,2,0.0,0.7142857142857143,2270
Ali Carter,Neil Robertson,9,1493,1531,0.44177172943154325,0.4762678458734389,872,528,6173,3411,852,560,6275,3588,196,111,1029,585,317,193,1112,674,5,3,0.0,0.625,2270
Judd Trump,Ali Carter,11,1590,1493,0.6594200145668188,0.5603296426885532,840,568,5687,3362,872,528,6173,3411,328,208,1516,935,196,111,1029,585,6,4,0.0,0.6,2270
Marco Fu,Ding Junhui,11,1428,1542,0.31466446801830544,0.4292283881055083,846,503,6306,3434,698,469,5351,3062,279,147,1216,678,295,169,1188,679,6,5,0.0,0.5454545454545454,2270
Judd Trump,Marco Fu,19,1590,1428,0.8136354344641303,0.5998883688639983,840,568,5687,3362,846,503,6306,3434,328,208,1516,935,279,147,1216,678,10,8,0.0,0.5555555555555556,2270
Mark Vincent,James Budd,7,908,1000,0.37639911510945645,0.44275214540144436,41,11,208,79,0,0,0,0,19,9,36,14,0,0,0,0,4,3,0.0,0.5714285714285714,2267
Alex Taubman,Michael Williams,7,1100,1138,0.44820271004203943,0.4762678458734389,157,70,859,394,57,32,285,158,36,21,235,113,55,35,205,115,4,2,0.0,0.6666666666666666,2267
Charlie Sweeney,David Lilley,7,995,1214,0.22781497267732487,0.3664446223632249,4,2,22,10,69,39,422,231,0,0,22,10,40,23,146,82,4,3,0.0,0.5714285714285714,2267
Joe Steele,Andrew Olivero,7,946,1000,0.4266177377216683,0.4663011645670992,61,22,312,131,0,0,0,0,12,4,107,44,0,0,0,0,4,1,0.0,0.8,2267
Daniel Schneider,Matthew Glasby,7,945,955,0.4863309727288301,0.49375032550048964,19,5,99,36,39,15,207,89,7,3,67,28,32,18,109,45,4,2,0.0,0.6666666666666666,2267
Brandon Sargeant,Richard Beckham,7,1100,1100,0.5,0.5,65,27,378,180,44,25,233,123,35,19,267,130,18,7,166,88,4,1,0.0,0.8,2267
Francisco Sanchez Ruiz,Hans Blanckaert,7,1000,829,0.7203516579445735,0.6052765337748445,0,0,0,0,105,24,555,191,0,0,0,0,0,0,54,8,4,3,0.0,0.5714285714285714,2267
Zack Richardson,Bhavesh Sodha,7,1135,891,0.7967460208697068,0.6479408020806503,64,32,361,196,10,1,42,6,63,31,182,98,4,0,22,2,4,0,0.0,1.0,2267
Lee Prickman,John Fearick,7,995,982,0.5177671819164105,0.5081242849062608,1,0,7,3,2,0,11,3,0,0,7,3,11,3,11,3,4,3,0.0,0.5714285714285714,2267
George Pragnall,Felix Frede,7,1096,972,0.6642657784879786,0.5768852611320463,41,20,240,116,26,10,133,57,53,29,182,88,14,2,91,40,4,0,0.0,1.0,2267
Barry Pinches,Tom Rees,7,1253,1023,0.783204659627048,0.6399160967377341,728,376,5666,2942,21,10,111,54,49,34,307,149,0,0,107,54,4,0,0.0,1.0,2267
Daniel O’Regan,Jurian Heusdens,7,938,1027,0.38029641350050397,0.44460335167941084,16,5,80,30,39,19,202,101,11,3,74,28,0,0,82,40,4,1,0.0,0.8,2267
Robin Otto,Sean McAllister,7,991,993,0.4972656477862734,0.49875000260416025,22,10,114,53,1,0,6,2,14,9,114,53,6,2,6,2,4,2,0.0,0.6666666666666666,2267
Phil O'Kane,Nev Graham,7,1049,992,0.5774056625100122,0.5355648379838539,86,39,443,209,1,0,6,2,32,17,168,91,6,2,6,2,4,2,0.0,0.6666666666666666,2267
Joe O'Connor,Greg Casey,7,1085,1053,0.5436568604546561,0.5199893401555818,84,39,502,237,17,8,109,54,45,22,286,133,17,7,103,52,4,2,0.0,0.6666666666666666,2267
Ben Murphy,Adam Stefanow,7,980,1132,0.30173900629161093,0.4061268970658573,4,1,22,8,56,26,310,151,16,6,22,8,60,30,214,102,4,2,0.0,0.6666666666666666,2267
Ian Martin,Manasawin Phetmalaikul,7,997,977,0.5273209820427867,0.5124973964842103,31,14,191,88,6,2,32,12,28,14,28,14,5,1,32,12,4,1,0.0,0.8,2267
Simon Lichtenberg,Ivelin Bozhanov,7,1043,995,0.5653114683109788,0.5299640517645717,18,8,94,50,1,0,7,3,28,14,88,48,0,0,7,3,4,0,0.0,1.0,2267
Steven Hallworth,Francis Becerra,7,1174,984,0.7415764082537253,0.6165665045213193,86,31,535,235,1,0,4,0,43,25,329,143,0,0,4,0,4,0,0.0,1.0,2267
Gerard Greene,Joshua Thomond,7,1241,1020,0.774213209168811,0.6347154153791584,691,372,5151,2685,18,9,104,52,159,71,487,236,44,23,104,52,4,0,0.0,1.0,2267
Ian Glover,Ejler Hame,7,1122,790,0.8691888759761051,0.6963549298238342,178,71,1096,511,17,0,80,8,6,2,207,80,4,0,13,1,4,1,0.0,0.8,2267
John Foster,David Alcaide,7,995,1000,0.493164418520332,0.4968750406894683,7,2,44,20,0,0,0,0,25,11,44,20,0,0,0,0,4,0,0.0,1.0,2267
Simon Dent,Mike Collins,7,986,1000,0.48086718764462183,0.4912508931197597,29,11,153,70,0,0,0,0,25,10,99,45,0,0,0,0,4,0,0.0,1.0,2267
James Dabell,Rees Carter,7,997,965,0.5436568604546561,0.5199893401555818,2,1,11,5,3,0,14,2,0,0,11,5,0,0,4,0,4,1,0.0,0.8,2267
Jeff Cundy,Oliver Brown,7,1127,1217,0.37899585307075345,0.44398610945538003,520,275,3634,1883,174,80,956,458,37,19,112,53,57,35,293,148,4,3,0.0,0.5714285714285714,2267
Joshua Cooper,Conor McCormack,7,1003,861,0.6863077679270944,0.5878295384825115,25,11,133,60,25,6,125,35,29,15,128,59,18,5,105,30,4,0,0.0,1.0,2267
Danny Connolly,Matthew Day,7,974,1103,0.32954639777958084,0.4200665998114943,4,1,19,5,144,69,774,379,14,4,19,5,29,18,150,73,4,3,0.0,0.5714285714285714,2267
Michael Collumb,Sam Harvey,7,1098,1021,0.6039885915613215,0.5479769376367963,60,26,333,165,101,43,529,250,32,16,177,95,0,0,43,19,4,1,0.0,0.8,2267
Jamie Clarke,Jenson Kendrick,7,1249,1001,0.8005143732994051,0.6502185485738271,145,76,852,449,3,1,18,9,83,43,386,202,12,7,18,9,4,1,0.0,0.8,2267
Paul Burrell,Andrew Urbaniak,7,879,994,0.3469916118703663,0.42861601832306767,17,3,109,35,1,0,7,3,9,1,20,2,0,0,7,3,4,0,0.0,1.0,2267
Dan Barsley,Adam Longley,7,1000,926,0.6000303895586184,0.5461185410457796,0,0,0,0,20,6,107,40,0,0,0,0,0,0,65,25,4,2,0.0,0.6666666666666666,2267
Charlie Walters,Simon Lichtenberg,7,1089,1043,0.5626145694127913,0.5287183569514396,93,38,513,238,18,8,94,50,44,28,189,96,28,14,88,48,4,2,0.0,0.6666666666666666,2267
Brandon Sargeant,Patrick Whelan,7,1100,963,0.6802510445614828,0.584797674717737,65,27,378,180,12,3,61,23,35,19,267,130,27,13,61,23,4,2,0.0,0.6666666666666666,2267
Matthew Roberts,Danny Connolly,7,976,974,0.5027343522137269,0.5012499973958399,2,0,9,1,4,1,19,5,9,1,9,1,14,4,19,5,4,3,0.0,0.5714285714285714,2267
Zack Richardson,James Dabell,7,1135,997,0.6814665603465866,0.585404569129465,64,32,361,196,2,1,11,5,63,31,182,98,0,0,11,5,4,0,0.0,1.0,2267
George Pragnall,Francisco Sanchez Ruiz,7,1096,1000,0.6287764284690306,0.5597136492671929,41,20,240,116,0,0,0,0,53,29,182,88,0,0,0,0,4,0,0.0,1.0,2267
Andreas Ploner,Ashley Hugill,7,1050,1215,0.286533617594737,0.3983128198171432,53,23,287,134,99,49,561,273,18,6,139,69,157,74,488,244,4,1,0.0,0.8,2267
Martin Pitcher,Ben Murphy,7,988,980,0.510936041856229,0.5049998333399998,1,0,5,1,4,1,22,8,5,1,5,1,16,6,22,8,4,1,0.0,0.8,2267
Joe O'Connor,Charlie Sweeney,7,1085,995,0.6210041469292463,0.5560138905446199,84,39,502,237,4,2,22,10,45,22,286,133,0,0,22,10,4,3,0.0,0.5714285714285714,2267
Saqib Nasir,Michael Collumb,7,1098,1098,0.5,0.5,89,45,490,257,60,26,333,165,41,22,162,80,32,16,177,95,4,1,0.0,0.8,2267
Ian Martin,Robin Otto,7,997,991,0.5082025098106111,0.5037499296890819,31,14,191,88,22,10,114,53,28,14,28,14,14,9,114,53,4,1,0.0,0.8,2267
Peter Lines,Alex Taubman,7,1292,1100,0.7437579445222342,0.617747874769249,760,410,5527,2866,157,70,859,394,194,95,635,314,36,21,235,113,4,0,0.0,1.0,2267
Stephen Kershaw,Daniel O’Regan,7,992,938,0.573382262278332,0.5336988354329009,187,80,1343,639,16,5,80,30,23,11,33,15,11,3,74,28,4,3,0.0,0.5714285714285714,2267
Ben Jones,Daniel Schneider,7,1096,945,0.6970755073607001,0.5932699921071872,86,44,446,224,19,5,99,36,73,43,202,106,7,3,67,28,4,0,0.0,1.0,2267
Steven Hallworth,Boris Lazarkov,7,1174,984,0.7415764082537253,0.6165665045213193,86,31,535,235,1,0,4,0,43,25,329,143,4,0,4,0,4,0,0.0,1.0,2267
Mitchell Grinstead,Mark Vincent,7,1000,908,0.6236008848905433,0.5572478545985555,0,0,0,0,41,11,208,79,0,0,0,0,19,9,36,14,4,0,0.0,1.0,2267
Gerard Greene,Ian Glover,7,1241,1122,0.6580301976734948,0.5738312575916094,691,372,5151,2685,178,71,1096,511,159,71,487,236,6,2,207,80,4,2,0.0,0.6666666666666666,2267
John Foster,Barry Pinches,7,995,1253,0.19026196310320587,0.3441171587921863,7,2,44,20,728,376,5666,2942,25,11,44,20,49,34,307,149,4,3,0.0,0.5714285714285714,2267
Adam Edge,Ryan Causton,7,1002,1084,0.3894398892710193,0.448928730692658,43,17,247,113,123,64,656,323,35,17,146,69,28,13,168,82,4,0,0.0,1.0,2267
Simon Dent,Lee Prickman,7,986,995,0.48769738857442835,0.4943752372926745,29,11,153,70,1,0,7,3,25,10,99,45,0,0,7,3,4,3,0.0,0.5714285714285714,2267
Laurens de Staelen,Joe Steele,7,1000,946,0.573382262278332,0.5336988354329009,4,2,17,8,61,22,312,131,0,0,0,0,12,4,107,44,4,1,0.0,0.8,2267
Jeff Cundy,Louis Heathcote,7,1127,1058,0.5934092174000843,0.5430183807243099,520,275,3634,1883,32,13,180,83,37,19,112,53,35,21,138,66,4,2,0.0,0.6666666666666666,2267
Jamie Clarke,Joel Walker,7,1249,1177,0.5973854695265872,0.5448788923735801,145,76,852,449,161,72,1031,484,83,43,386,202,28,15,226,90,4,2,0.0,0.6666666666666666,2267
Ashley Carty,Joshua Cooper,7,1259,1003,0.8079159048674549,0.6547534606063192,119,64,689,361,25,11,133,60,70,43,304,169,29,15,128,59,4,0,0.0,1.0,2267
Dan Barsley,Kaif Shazad,7,1000,1000,0.5,0.5,0,0,0,0,0,0,0,0,0,0,0,0,0,0,0,0,4,0,0.0,1.0,2267
Jaspal Bamotra,Paul Burrell,7,964,879,0.6144870727228646,0.5529259881329059,3,0,14,2,17,3,109,35,9,1,9,1,9,1,20,2,4,2,0.0,0.6666666666666666,2267
Zhou Yuelong,James Cahill,7,1377,1172,0.75768573294214,0.6253923497205511,156,88,1090,575,134,46,873,370,252,137,796,427,57,28,349,143,4,0,0.0,1.0,2267
Zhang Yong,Andrew Higginson,7,1141,1379,0.2089905743017545,0.3554884462937054,82,32,513,215,695,415,4913,2695,177,79,420,177,210,111,747,399,4,2,0.0,0.6666666666666666,2267
Fang Xiongman,Mitchell Grinstead,7,1169,1000,0.7180660778287002,0.6040813228693781,66,28,406,183,0,0,0,0,148,60,294,129,0,0,0,0,4,1,0.0,0.8,2267
Zhao Xintong,Laurens de Staelen,7,1360,1000,0.8877146338860857,0.7109495026250039,122,63,823,437,4,2,17,8,162,79,510,269,0,0,0,0,4,0,0.0,1.0,2267
Ben Woollaston,Fergal O'Brien,7,1428,1324,0.6390526295107546,0.5646362918030292,561,323,3654,1958,859,490,6498,3423,303,171,1085,580,227,107,892,458,4,3,0.0,0.5714285714285714,2267
Gary Wilson,Peter Lines,7,1384,1292,0.6236008848905433,0.5572478545985555,383,223,2489,1354,760,410,5527,2866,250,134,729,385,194,95,635,314,4,3,0.0,0.5714285714285714,2267
Mark Williams,Adam Edge,7,1615,1002,0.9779236997941787,0.8223717996358786,1341,886,10169,5853,43,17,247,113,448,292,1547,933,35,17,146,69,4,1,0.0,0.8,2267
Michael White,Matthew Stevens,7,1399,1329,0.5947357972115818,0.5436386872370789,455,264,3078,1641,919,537,7114,3872,301,164,1123,596,178,86,721,376,4,3,0.0,0.5714285714285714,2267
Jimmy White,Kurt Dunham,7,1220,899,0.8613262329678552,0.6905090012275708,1415,789,12121,6364,28,3,162,36,153,64,436,190,88,16,162,36,4,1,0.0,0.8,2267
Daniel Wells,Kyren Wilson,7,1304,1500,0.25190978869692043,0.3798935676569099,333,163,2250,1114,412,255,2710,1497,200,99,623,312,386,216,1223,691,4,3,0.0,0.5714285714285714,2267
Charlie Walters,Oliver Lines,7,1089,1239,0.3041121924541114,0.40733340004593027,93,38,513,238,180,92,1149,581,44,28,189,96,182,84,622,298,4,3,0.0,0.5714285714285714,2267
Lee Walker,Paul Davison,7,1276,1228,0.5653114683109788,0.5299640517645717,443,241,3451,1774,659,346,4619,2349,179,83,574,270,180,88,528,241,4,3,0.0,0.5714285714285714,2267
Ricky Walden,Liang Wenbo,7,1328,1434,0.358394567903784,0.4341349971045183,790,479,5585,3086,571,347,3992,2210,273,145,1136,611,259,143,1244,702,4,1,0.0,0.8,2267
Chris Wakelin,Gareth Allen,7,1306,1137,0.7180660778287002,0.6040813228693781,161,82,1096,551,161,74,936,444,204,104,668,334,58,26,344,149,4,1,0.0,0.8,2267
Judd Trump,Jamie Barrett,7,1606,1015,0.9741591860347287,0.8141946734770447,844,572,5730,3388,72,28,424,178,371,234,1559,961,106,27,255,94,4,0,0.0,1.0,2267
Allan Taylor,Saqib Nasir,7,1233,1098,0.6778138346852377,0.5835831155172753,279,131,1676,820,89,45,490,257,185,87,481,202,41,22,162,80,4,3,0.0,0.5714285714285714,2267
Craig Steadman,Brandon Sargeant,7,1212,1100,0.6492231123314619,0.569546223939229,414,222,2745,1431,65,27,378,180,136,54,558,257,35,19,267,130,4,1,0.0,0.8,2267
Elliot Slessor,Josh Boileau,7,1281,1056,0.7782368395177592,0.6370307944803831,150,68,919,430,77,31,447,198,197,98,501,244,108,35,286,114,4,0,0.0,1.0,2267
Eden Sharav,Sam Baird,7,1201,1311,0.35330921996474546,0.4316800165217519,126,60,780,368,318,166,2216,1142,160,68,457,193,169,83,684,349,4,1,0.0,0.8,2267
Matthew Selt,Rory McLeod,7,1366,1290,0.6026704349193375,0.5473576181430894,529,290,3635,1906,558,305,4179,2167,203,102,1056,568,251,121,712,348,4,0,0.0,1.0,2267
Mark Selby,Adam Duffy,7,1617,1234,0.9013844742212599,0.7226209843749648,1034,719,7585,4439,322,163,2052,1045,448,267,1717,1058,118,42,646,330,4,1,0.0,0.8,2267
Noppon Saengkham,Zhang Anda,7,1335,1309,0.5354968818114487,0.5162442810620724,196,89,1436,678,291,146,2035,1018,277,143,735,352,175,84,701,354,4,3,0.0,0.5714285714285714,2267
Jimmy Robertson,Ben Jones,7,1394,1096,0.843794955427504,0.6780882495516275,447,245,3044,1588,86,44,446,224,280,150,882,480,73,43,202,106,4,2,0.0,0.6666666666666666,2267
Neil Robertson,Jaspal Bamotra,7,1539,964,0.9710745459448351,0.8080672135527632,854,561,6288,3596,3,0,14,2,330,201,1125,682,9,1,9,1,4,0,0.0,1.0,2267
George Pragnall,Michael Georgiou,7,1096,1275,0.2706027380688891,0.38995532759547297,41,20,240,116,199,92,1226,598,53,29,182,88,159,73,590,284,4,3,0.0,0.5714285714285714,2267
Joe Perry,Zack Richardson,7,1425,1135,0.837347307313657,0.6737070994545215,1001,595,7200,3899,64,32,361,196,264,150,1207,685,63,31,182,98,4,2,0.0,0.6666666666666666,2267
Tian Pengfei,Liam Highfield,7,1378,1392,0.48086718764462183,0.4912508931197597,360,203,2408,1289,327,176,2246,1185,219,119,685,367,186,97,614,320,4,2,0.0,0.6666666666666666,2267
Fraser Patrick,Stephen Kershaw,7,1200,992,0.7608368593181393,0.6271477663131956,191,79,1264,579,187,80,1343,639,65,32,351,151,23,11,33,15,4,2,0.0,0.6666666666666666,2267
Martin O'Donnell,Joe Swail,7,1311,1247,0.5867595016023184,0.5399148845555657,293,143,1839,925,829,445,6475,3365,238,124,604,310,208,100,681,334,4,2,0.0,0.6666666666666666,2267
Robert Milkins,Christopher Keogan,7,1353,1130,0.7762304913665884,0.6358738914270539,816,491,5962,3239,134,52,760,344,245,131,1040,549,106,33,366,167,4,2,0.0,0.6666666666666666,2267
Hammad Miah,Dan Barsley,7,1223,1000,0.7762304913665884,0.6358738914270539,125,47,846,372,0,0,0,0,161,71,544,254,0,0,0,0,4,0,0.0,1.0,2267
Anthony McGill,Joe O'Connor,7,1406,1085,0.8613262329678552,0.6905090012275708,450,279,2962,1641,84,39,502,237,345,187,1126,630,45,22,286,133,4,2,0.0,0.6666666666666666,2267
Mitchell Mann,David Grace,7,1245,1276,0.4577018760615691,0.4806346917700681,227,105,1446,694,304,138,2047,986,163,74,553,246,192,90,619,298,4,3,0.0,0.5714285714285714,2267
Stephen Maguire,Gerard Greene,7,1534,1241,0.8397864427779326,0.6753536404444148,909,604,6659,3803,691,372,5151,2685,399,244,1239,709,159,71,487,236,4,3,0.0,0.5714285714285714,2267
Kurt Maflin,Hamza Akbar,7,1340,1060,0.8290321883880187,0.6681877721681662,508,293,3423,1847,30,4,220,75,220,116,785,414,73,24,220,75,4,0,0.0,1.0,2267
Sanderson Lam,Wang Yuchen,7,1176,1065,0.6479578189910667,0.5689332093695465,133,54,815,367,56,15,364,137,163,73,439,191,111,39,248,93,4,3,0.0,0.5714285714285714,2267
Mark King,Simon Dent,7,1403,986,0.9191765758921823,0.7393320946525015,908,510,6690,3526,29,11,153,70,310,171,1037,578,25,10,99,45,4,3,0.0,0.5714285714285714,2267
Ding Junhui,Jason Weston,7,1545,1049,0.9506566281535355,0.7755640142690734,701,471,5378,3077,308,161,2359,1212,322,184,1215,694,35,11,256,91,4,1,0.0,0.8,2267
Jamie Jones,Mei Xiwen,7,1348,1262,0.6157933128709394,0.5535439031511183,477,285,3173,1721,83,40,554,273,209,109,773,413,140,64,298,152,4,1,0.0,0.8,2267
Duane Jones,Jamie Cope,7,1186,1244,0.42125508861179106,0.4638133797682053,153,79,907,472,551,295,3735,1903,140,57,400,176,91,52,481,234,4,2,0.0,0.6666666666666666,2267
David John,Robbie Williams,7,1068,1354,0.16594462836628154,0.3284949657745942,89,39,584,270,341,185,2228,1143,49,8,187,70,189,96,675,344,4,3,0.0,0.5714285714285714,2267
Michael Holt,Ian Martin,7,1385,997,0.9041778640069977,0.7251194977898231,794,462,5783,3082,31,14,191,88,261,141,1192,637,28,14,28,14,4,3,0.0,0.5714285714285714,2267
John Higgins,Dominic Dale,7,1628,1340,0.8357070215370299,0.6726070170677604,1372,972,11012,6527,898,515,6429,3432,460,292,1568,953,186,98,963,513,4,0,0.0,1.0,2267
Barry Hawkins,Jeff Cundy,7,1429,1127,0.8469508145525204,0.6802671966986485,873,535,6293,3480,520,275,3634,1883,255,130,1132,620,37,19,112,53,4,0,0.0,1.0,2267
Steven Hallworth,Darryl Hill,7,1174,999,0.7248939369984414,0.6076631698328917,86,31,535,235,60,16,403,153,43,25,329,143,43,17,256,84,4,0,0.0,1.0,2267
David Gilbert,Hossein Vafaei,7,1382,1370,0.5164013295642876,0.5074994375506203,546,311,3998,2143,88,50,687,349,316,172,1148,637,274,145,509,257,4,1,0.0,0.8,2267
Tom Ford,Scott Donaldson,7,1388,1268,0.6592810606298003,0.574442516811659,579,332,4135,2210,203,97,1371,665,276,153,872,477,149,68,542,249,4,1,0.0,0.8,2267
Igor Figueiredo,Sydney Wilson,7,1184,1149,0.5477297445502348,0.5218610539716015,91,44,690,327,174,64,1044,463,23,8,151,60,65,35,354,142,4,1,0.0,0.8,2267
Peter Ebdon,Jamie Clarke,7,1345,1249,0.6287764284690306,0.5597136492671929,1053,602,8294,4448,145,76,852,449,244,126,949,504,83,43,386,202,4,0,0.0,1.0,2267
Mike Dunn,Michael Wild,7,1279,1135,0.6887157040547041,0.5890404340586651,692,369,5091,2623,299,157,1840,969,205,105,730,376,48,18,205,74,4,2,0.0,0.6666666666666666,2267
Ryan Day,Phil O'Kane,7,1430,1049,0.9002495498742646,0.7216176701846587,867,525,6068,3344,86,39,443,209,306,162,1202,672,32,17,168,91,4,0,0.0,1.0,2267
Mark Davis,Mark Joyce,7,1441,1398,0.5585634499391967,0.5268491486891144,1043,628,7399,4048,447,240,3240,1659,227,124,1172,660,304,164,776,413,4,2,0.0,0.6666666666666666,2267
Sam Craigie,John Foster,7,1286,995,0.8381631906470501,0.6742564252229473,141,71,869,446,7,2,44,20,150,67,425,220,25,11,44,20,4,0,0.0,1.0,2267
Rhys Clark,Sean O'Sullivan,7,1223,1170,0.5720392978025534,0.5330766223661046,113,48,714,328,192,81,1210,558,120,50,438,191,160,64,525,242,4,1,0.0,0.8,2267
Thor Chuan Leong,Matthew Roberts,7,1129,976,0.6994442564412618,0.5944759307482401,70,19,474,186,2,0,9,1,117,45,446,183,9,1,9,1,4,0,0.0,1.0,2267
Alfie Burden,Ian Burns,7,1286,1265,0.5286845829371267,0.5131219861822433,647,347,4707,2418,310,160,1965,1000,176,80,618,300,152,66,567,264,4,2,0.0,0.6666666666666666,2267
Luca Brecel,Martin Pitcher,7,1481,988,0.9496847330516315,0.7742558331886429,312,181,2187,1178,1,0,5,1,364,213,1056,602,5,1,5,1,4,1,0.0,0.8,2267
Nigel Bond,Aditya Mehta,7,1229,1248,0.47404295972292854,0.4881272322437472,841,459,6670,3497,277,134,1902,932,128,52,491,216,159,70,444,200,4,3,0.0,0.5714285714285714,2267
Yan Bingtao,Ashley Carty,7,1469,1259,0.7629243149475251,0.6283161882953663,101,62,720,404,119,64,689,361,294,174,582,328,70,43,304,169,4,1,0.0,0.8,2267
John Astley,Andreas Ploner,7,1268,1050,0.7711668601434363,0.6329747766804606,179,84,1132,530,53,23,287,134,181,85,413,196,18,6,139,69,4,1,0.0,0.8,2267
Mark Allen,Ross Muir,7,1505,1203,0.8469508145525204,0.6802671966986485,697,452,4840,2728,138,50,945,419,338,196,1122,646,154,65,530,234,4,0,0.0,1.0,2267
Zhou Yuelong,Mike Dunn,7,1377,1279,0.6313550071762073,0.5609454503247162,156,88,1090,575,692,369,5091,2623,252,137,796,427,205,105,730,376,4,0,0.0,1.0,2267
Zhao Xintong,Martin O'Donnell,7,1360,1311,0.5666587144886649,0.530586760182081,122,63,823,437,293,143,1839,925,162,79,510,269,238,124,604,310,4,2,0.0,0.6666666666666666,2267
Ben Woollaston,Eden Sharav,7,1428,1201,0.7802322205466414,0.6381861133090055,561,323,3654,1958,126,60,780,368,303,171,1085,580,160,68,457,193,4,2,0.0,0.6666666666666666,2267
Mark Williams,Zhang Yong,7,1615,1141,0.9431471543034744,0.7658456258197971,1341,886,10169,5853,82,32,513,215,448,292,1547,933,177,79,420,177,4,2,0.0,0.6666666666666666,2267
Michael White,Kurt Maflin,7,1399,1340,0.5800831913605062,0.5368082899889803,455,264,3078,1641,508,293,3423,1847,301,164,1123,596,220,116,785,414,4,0,0.0,1.0,2267
Daniel Wells,Fang Xiongman,7,1304,1169,0.6778138346852377,0.5835831155172753,333,163,2250,1114,66,28,406,183,200,99,623,312,148,60,294,129,4,3,0.0,0.5714285714285714,2267
Lee Walker,Jimmy Robertson,7,1276,1394,0.34322251370053336,0.42678022732016513,443,241,3451,1774,447,245,3044,1588,179,83,574,270,280,150,882,480,4,0,0.0,1.0,2267
Ricky Walden,Yan Bingtao,7,1328,1469,0.3148993834727192,0.4127763091606651,790,479,5585,3086,101,62,720,404,273,145,1136,611,294,174,582,328,4,3,0.0,0.5714285714285714,2267
Judd Trump,Craig Steadman,7,1606,1212,0.9074479165872151,0.7280991982662492,844,572,5730,3388,414,222,2745,1431,371,234,1559,961,136,54,558,257,4,1,0.0,0.8,2267
Allan Taylor,Elliot Slessor,7,1233,1281,0.4346885316890212,0.4700359482354282,279,131,1676,820,150,68,919,430,185,87,481,202,197,98,501,244,4,2,0.0,0.6666666666666666,2267
Matthew Selt,Stephen Maguire,7,1366,1534,0.2830802923189607,0.3965167501352737,529,290,3635,1906,909,604,6659,3803,203,102,1056,568,399,244,1239,709,4,2,0.0,0.6666666666666666,2267
Mark Selby,Robert Milkins,7,1617,1353,0.8151364341594428,0.6592603884513855,1034,719,7585,4439,816,491,5962,3239,448,267,1717,1058,245,131,1040,549,4,3,0.0,0.5714285714285714,2267
Neil Robertson,Chris Wakelin,7,1539,1306,0.786152249899794,0.6416424532015634,854,561,6288,3596,161,82,1096,551,330,201,1125,682,204,104,668,334,4,2,0.0,0.6666666666666666,2267
Joe Perry,Jimmy White,7,1425,1220,0.75768573294214,0.6253923497205511,1001,595,7200,3899,1415,789,12121,6364,264,150,1207,685,153,64,436,190,4,2,0.0,0.6666666666666666,2267
Shaun Murphy,Sam Craigie,7,1527,1286,0.7938903058360224,0.6462280583309002,984,649,7280,4165,141,71,869,446,415,240,1361,808,150,67,425,220,4,1,0.0,0.8,2267
Jack Lisowski,Mark King,7,1356,1403,0.4360365854867152,0.47065874995421436,388,230,2558,1383,908,510,6690,3526,281,150,758,396,310,171,1037,578,4,2,0.0,0.6666666666666666,2267
Sanderson Lam,Noppon Saengkham,7,1176,1335,0.29350342132334917,0.40191313966779657,133,54,815,367,196,89,1436,678,163,73,439,191,277,143,735,352,4,1,0.0,0.8,2267
Jamie Jones,Hammad Miah,7,1348,1223,0.6655072126279344,0.5774953651858118,477,285,3173,1721,125,47,846,372,209,109,773,413,161,71,544,254,4,0,0.0,1.0,2267
Barry Hawkins,Charlie Walters,7,1429,1089,0.8746981311142084,0.7005671424739729,873,535,6293,3480,93,38,513,238,255,130,1132,620,44,28,189,96,4,1,0.0,0.8,2267
Anthony Hamilton,Tian Pengfei,7,1317,1378,0.41724321907824724,0.4619487156141408,809,467,6265,3343,360,203,2408,1289,159,71,629,311,219,119,685,367,4,2,0.0,0.6666666666666666,2267
David Gilbert,Ding Junhui,7,1382,1545,0.2888475905595551,0.3995117254730337,546,311,3998,2143,701,471,5378,3077,316,172,1148,637,322,184,1215,694,4,3,0.0,0.5714285714285714,2267
Igor Figueiredo,Fraser Patrick,7,1184,1200,0.4781366606027012,0.4900013331200346,91,44,690,327,191,79,1264,579,23,8,151,60,65,32,351,151,4,3,0.0,0.5714285714285714,2267
Peter Ebdon,Tom Ford,7,1345,1388,0.44143655006080335,0.4731508513108857,1053,602,8294,4448,579,332,4135,2210,244,126,949,504,276,153,872,477,4,0,0.0,1.0,2267
Ryan Day,Michael Holt,7,1430,1385,0.5612649493584694,0.528095374408387,867,525,6068,3344,794,462,5783,3082,306,162,1202,672,261,141,1192,637,4,2,0.0,0.6666666666666666,2267
Mark Davis,David John,7,1441,1068,0.8956083654896791,0.7175822059302752,1043,628,7399,4048,89,39,584,270,227,124,1172,660,49,8,187,70,4,3,0.0,0.5714285714285714,2267
Rhys Clark,Mitchell Mann,7,1223,1245,0.4699521739841547,0.486253465097645,113,48,714,328,227,105,1446,694,120,50,438,191,163,74,553,246,4,3,0.0,0.5714285714285714,2267
Thor Chuan Leong,Gary Wilson,7,1129,1384,0.19299940476105965,0.3458118862387571,70,19,474,186,383,223,2489,1354,117,45,446,183,250,134,729,385,4,1,0.0,0.8,2267
Alfie Burden,Anthony McGill,7,1286,1406,0.34071893937019965,0.425557483188341,647,347,4707,2418,450,279,2962,1641,176,80,618,300,345,187,1126,630,4,2,0.0,0.6666666666666666,2267
Luca Brecel,Duane Jones,7,1481,1186,0.8413983490710147,0.6764489333484797,312,181,2187,1178,153,79,907,472,364,213,1056,602,140,57,400,176,4,0,0.0,1.0,2267
Nigel Bond,Steven Hallworth,7,1229,1174,0.5747243219334544,0.5343209436693046,841,459,6670,3497,86,31,535,235,128,52,491,216,43,25,329,143,4,1,0.0,0.8,2267
John Astley,George Pragnall,7,1268,1096,0.721490850613204,0.6058736684317606,179,84,1132,530,41,20,240,116,181,85,413,196,53,29,182,88,4,1,0.0,0.8,2267
Mark Allen,John Higgins,7,1505,1628,0.3369775660777682,0.42372507750673466,697,452,4840,2728,1372,972,11012,6527,338,196,1122,646,460,292,1568,953,4,1,0.0,0.8,2267
Mark Williams,Zhao Xintong,7,1615,1360,0.8070005952389404,0.654188113761243,1341,886,10169,5853,122,63,823,437,448,292,1547,933,162,79,510,269,4,3,0.0,0.5714285714285714,2267
Ricky Walden,Mark Selby,7,1328,1617,0.1634714154404514,0.3268427036298682,790,479,5585,3086,1034,719,7585,4439,273,145,1136,611,448,267,1717,1058,4,3,0.0,0.5714285714285714,2267
Judd Trump,Matthew Selt,7,1606,1366,0.792932804884019,0.6456563062257954,844,572,5730,3388,529,290,3635,1906,371,234,1559,961,203,102,1056,568,4,1,0.0,0.8,2267
Neil Robertson,Rhys Clark,7,1539,1223,0.8576412839544288,0.6878313305828404,854,561,6288,3596,113,48,714,328,330,201,1125,682,120,50,438,191,4,2,0.0,0.6666666666666666,2267
Shaun Murphy,Allan Taylor,7,1527,1233,0.8405938136052916,0.6759015277259407,984,649,7280,4165,279,131,1676,820,415,240,1361,808,185,87,481,202,4,3,0.0,0.5714285714285714,2267
Jack Lisowski,Anthony Hamilton,7,1356,1317,0.5531518743848329,0.5243557087682073,388,230,2558,1383,809,467,6265,3343,281,150,758,396,159,71,629,311,4,0,0.0,1.0,2267
Sanderson Lam,Peter Ebdon,7,1176,1345,0.28193392217129976,0.3959186771306219,133,54,815,367,1053,602,8294,4448,163,73,439,191,244,126,949,504,4,1,0.0,0.8,2267
Jamie Jones,Joe Perry,7,1348,1425,0.39601140843867844,0.4520230623632036,477,285,3173,1721,1001,595,7200,3899,209,109,773,413,264,150,1207,685,4,1,0.0,0.8,2267
Barry Hawkins,Michael White,7,1429,1399,0.5409388610739393,0.5187412158785352,873,535,6293,3480,455,264,3078,1641,255,130,1132,620,301,164,1123,596,4,2,0.0,0.6666666666666666,2267
Igor Figueiredo,Thor Chuan Leong,7,1184,1129,0.5747243219334544,0.5343209436693046,91,44,690,327,70,19,474,186,23,8,151,60,117,45,446,183,4,3,0.0,0.5714285714285714,2267
Ryan Day,Luca Brecel,7,1430,1481,0.43064928112217615,0.4681681105837757,867,525,6068,3344,312,181,2187,1178,306,162,1202,672,364,213,1056,602,4,3,0.0,0.5714285714285714,2267
Mark Davis,Lee Walker,7,1441,1276,0.7134663824052628,0.6016871801828567,1043,628,7399,4048,443,241,3451,1774,227,124,1172,660,179,83,574,270,4,3,0.0,0.5714285714285714,2267
Alfie Burden,Zhou Yuelong,7,1286,1377,0.3776967488123118,0.44336904007774663,647,347,4707,2418,156,88,1090,575,176,80,618,300,252,137,796,427,4,2,0.0,0.6666666666666666,2267
Nigel Bond,Daniel Wells,7,1229,1304,0.3986489708076568,0.45326184801538616,841,459,6670,3497,333,163,2250,1114,128,52,491,216,200,99,623,312,4,0,0.0,1.0,2267
John Astley,Ben Woollaston,7,1268,1428,0.2923360013407782,0.401312339887548,179,84,1132,530,561,323,3654,1958,181,85,413,196,303,171,1085,580,4,1,0.0,0.8,2267
Mark Allen,David Gilbert,7,1505,1382,0.6630224339222315,0.5762749224932653,697,452,4840,2728,546,311,3998,2143,338,196,1122,646,316,172,1148,637,4,1,0.0,0.8,2267
Mark Williams,Mark Davis,7,1615,1441,0.7237619985420221,0.6070669880717036,1341,886,10169,5853,1043,628,7399,4048,448,292,1547,933,227,124,1172,660,4,3,0.0,0.5714285714285714,2267
Judd Trump,Sanderson Lam,7,1606,1176,0.9252601960385705,0.7455466141264027,844,572,5730,3388,133,54,815,367,371,234,1559,961,163,73,439,191,4,1,0.0,0.8,2267
Neil Robertson,Jamie Jones,7,1539,1348,0.7426684543010009,0.6171573626529722,854,561,6288,3596,477,285,3173,1721,330,201,1125,682,209,109,773,413,4,0,0.0,1.0,2267
Shaun Murphy,Barry Hawkins,7,1527,1429,0.6313550071762073,0.5609454503247162,984,649,7280,4165,873,535,6293,3480,415,240,1361,808,255,130,1132,620,4,1,0.0,0.8,2267
Jack Lisowski,Mark Allen,7,1356,1505,0.30530209550926213,0.40793707183518074,388,230,2558,1383,697,452,4840,2728,281,150,758,396,338,196,1122,646,4,1,0.0,0.8,2267
Ryan Day,John Astley,7,1430,1268,0.7099919234270913,0.5998883688639983,867,525,6068,3344,179,84,1132,530,306,162,1202,672,181,85,413,196,4,2,0.0,0.6666666666666666,2267
Alfie Burden,Ricky Walden,7,1286,1328,0.44278839657477087,0.4737740906279313,647,347,4707,2418,790,479,5585,3086,176,80,618,300,273,145,1136,611,4,3,0.0,0.5714285714285714,2267
Nigel Bond,Igor Figueiredo,7,1229,1184,0.5612649493584694,0.528095374408387,841,459,6670,3497,91,44,690,327,128,52,491,216,23,8,151,60,4,2,0.0,0.6666666666666666,2267
Judd Trump,Jack Lisowski,7,1606,1356,0.8023816778034777,0.6513548646660542,844,572,5730,3388,388,230,2558,1383,371,234,1559,961,281,150,758,396,4,1,0.0,0.8,2267
Shaun Murphy,Mark Williams,7,1527,1615,0.38159841566069774,0.4452207648927852,984,649,7280,4165,1341,886,10169,5853,415,240,1361,808,448,292,1547,933,4,3,0.0,0.5714285714285714,2267
Ryan Day,Neil Robertson,7,1430,1539,0.3545779913833035,0.43229345192664,867,525,6068,3344,854,561,6288,3596,306,162,1202,672,330,201,1125,682,4,2,0.0,0.6666666666666666,2267
Nigel Bond,Alfie Burden,7,1229,1286,0.4225943374899878,0.4644351620161461,841,459,6670,3497,647,347,4707,2418,128,52,491,216,176,80,618,300,4,3,0.0,0.5714285714285714,2267
Judd Trump,Ryan Day,7,1606,1430,0.726023440718493,0.6082590307465143,844,572,5730,3388,867,525,6068,3344,371,234,1559,961,306,162,1202,672,4,2,0.0,0.6666666666666666,2267
Shaun Murphy,Nigel Bond,7,1527,1229,0.843794955427504,0.6780882495516275,984,649,7280,4165,841,459,6670,3497,415,240,1361,808,128,52,491,216,4,0,0.0,1.0,2267
Shaun Murphy,Judd Trump,7,1527,1606,0.3933789028764624,0.45078487089866653,984,649,7280,4165,844,572,5730,3388,415,240,1361,808,371,234,1559,961,4,2,0.0,0.6666666666666666,2267
Chen Zhe,Itaro Santos,1,1174,854,0.6899744811276125,0.6899744811276125,194,92,1202,582,84,22,478,170,116,41,281,121,15,0,94,13,1,0,0.0,1.0,2266
Cao Yupeng,Marc Davis,1,1389,1098,0.6742564252229473,0.6742564252229473,237,120,1715,869,119,54,633,296,265,147,585,293,22,9,172,85,1,0,0.0,1.0,2266
Zhang Yong,Josh Boileau,1,1160,1044,0.5719961329315186,0.5719961329315186,84,33,525,221,78,31,451,198,189,85,432,183,112,35,290,114,1,0,0.0,1.0,2266
Fang Xiongman,Adam Stefanow,1,1178,1119,0.5368082899889803,0.5368082899889803,68,29,418,190,57,26,316,153,160,67,306,136,66,32,220,104,1,0,0.0,1.0,2266
Zhao Xintong,Mark Davis,1,1379,1441,0.46132739479349205,0.46132739479349205,125,65,840,448,1047,631,7426,4063,179,90,527,280,254,139,1199,675,1,0,0.0,1.0,2266
Daniel Womersley,Michael Wild,1,1009,1131,0.42433564895745063,0.42433564895745063,19,6,119,50,300,157,1846,971,20,7,119,50,54,20,211,76,1,0,0.0,1.0,2266
Mark Williams,Jamie Jones,1,1598,1372,0.637608652621925,0.637608652621925,1346,890,10201,5872,481,288,3191,1733,480,311,1579,952,227,121,791,425,1,0,0.0,1.0,2266
Jimmy White,Louis Heathcote,1,1222,1052,0.6046790847140093,0.6046790847140093,1417,790,12132,6370,33,13,186,85,164,70,447,196,41,23,144,68,1,0,0.0,1.0,2266
Michael White,Alan McManus,1,1409,1363,0.5287183569514396,0.5287183569514396,458,266,3095,1651,918,546,7680,4082,318,174,1140,606,216,116,838,454,1,0,0.0,1.0,2266
Jason Weston,Matthew Selt,1,1048,1385,0.30100851649095206,0.30100851649095206,309,161,2364,1213,532,292,3650,1915,40,12,261,92,218,111,1071,577,1,0,0.0,1.0,2266
Liang Wenbo,Matthew Stevens,1,1419,1327,0.5572478545985555,0.5572478545985555,572,347,3997,2211,920,537,7121,3875,264,144,1249,703,185,89,728,379,1,0,0.0,1.0,2266
Daniel Wells,Ian Burns,1,1297,1258,0.5243557087682073,0.5243557087682073,336,165,2268,1122,311,160,1971,1002,218,107,641,320,158,68,573,266,1,0,0.0,1.0,2266
Ricky Walden,Hammad Miah,1,1359,1221,0.585404569129465,0.585404569129465,794,482,5611,3101,127,48,854,376,299,160,1162,626,169,75,552,258,1,0,0.0,1.0,2266
Chris Wakelin,Tom Ford,1,1313,1380,0.4582226307163632,0.4582226307163632,163,83,1107,557,581,333,4144,2214,215,110,679,340,285,157,881,481,1,0,0.0,1.0,2266
Hossein Vafaei,Yan Bingtao,1,1358,1467,0.43229345192664,0.43229345192664,89,50,692,350,103,63,732,411,279,146,514,258,306,181,594,335,1,0,0.0,1.0,2266
Thepchaiya Un-Nooh,Alex Borg,1,1359,1111,0.6502185485738271,0.6502185485738271,299,171,2174,1151,364,154,2607,1186,258,134,945,503,114,39,342,147,1,0,0.0,1.0,2266
Allan Taylor,Christopher Keogan,1,1249,1129,0.574442516811659,0.574442516811659,282,133,1696,831,135,52,766,346,205,98,501,213,112,35,372,169,1,0,0.0,1.0,2266
Joe Swail,Michael Collumb,1,1241,1096,0.5896454785627312,0.5896454785627312,830,445,6481,3367,62,27,343,170,214,102,687,336,42,21,187,100,1,0,0.0,1.0,2266
Akani Songsermsawad,Duane Jones,1,1337,1185,0.5938731029341427,0.5938731029341427,69,35,533,272,155,80,917,476,240,125,494,255,150,61,410,180,1,0,0.0,1.0,2266
Eden Sharav,Gareth Allen,1,1214,1129,0.5529259881329059,0.5529259881329059,128,61,791,374,162,74,941,445,171,74,468,199,63,27,349,150,1,0,0.0,1.0,2266
Noppon Saengkham,Martin Gould,1,1322,1446,0.42311473886795364,0.42311473886795364,198,90,1448,683,637,387,4330,2380,289,148,747,357,330,185,999,565,1,0,0.0,1.0,2266
Jimmy Robertson,Elliot Slessor,1,1376,1283,0.5578645727207344,0.5578645727207344,449,246,3054,1592,152,69,929,436,290,154,892,484,207,104,511,250,1,0,0.0,1.0,2266
Tian Pengfei,Peter Lines,1,1376,1303,0.5454987872127821,0.5454987872127821,362,204,2420,1295,762,411,5538,2873,231,125,697,373,205,102,646,321,1,0,0.0,1.0,2266
Fraser Patrick,Dechawat Poomjaeng,1,1198,1278,0.45016600268752216,0.45016600268752216,193,80,1277,586,234,124,1703,866,78,39,364,158,40,18,490,245,1,0,0.0,1.0,2266
Fergal O'Brien,Ryan Day,1,1324,1462,0.4145954308705349,0.4145954308705349,860,490,6505,3426,873,530,6103,3366,234,110,899,461,341,184,1237,694,1,0,0.0,1.0,2266
Shaun Murphy,Zhang Anda,1,1564,1306,0.6558828412078137,0.6558828412078137,990,655,7314,4189,292,146,2042,1021,449,264,1395,832,182,87,708,357,1,0,0.0,1.0,2266
Ross Muir,Martin O'Donnell,1,1193,1311,0.42678022732016513,0.42678022732016513,139,50,949,419,295,144,1851,931,158,65,534,234,250,130,616,316,1,0,0.0,1.0,2266
Robert Milkins,Zak Surety,1,1359,1165,0.6189278548001903,0.6189278548001903,818,492,5975,3246,123,56,732,348,258,138,1053,556,29,17,334,155,1,0,0.0,1.0,2266
Anthony McGill,Oliver Lines,1,1394,1230,0.6010878788483698,0.6010878788483698,452,280,2974,1647,181,92,1156,584,357,193,1138,636,189,87,629,301,1,0,0.0,1.0,2266
Jack Lisowski,Zhou Yuelong,1,1390,1392,0.49875000260416025,0.49875000260416025,392,233,2578,1396,159,90,1104,585,301,163,778,409,266,147,810,437,1,0,0.0,1.0,2266
Mark King,Adam Duffy,1,1385,1231,0.595078473866134,0.595078473866134,910,511,6703,3532,323,163,2057,1046,323,177,1050,584,123,43,651,331,1,0,0.0,1.0,2266
Mark Joyce,Joe Perry,1,1391,1414,0.4856289593029398,0.4856289593029398,448,240,3246,1661,1004,597,7217,3908,310,166,782,415,281,159,1224,694,1,0,0.0,1.0,2266
Jak Jones,Craig Steadman,1,1162,1219,0.4644351620161461,0.4644351620161461,159,61,1039,454,416,223,2755,1436,128,48,287,118,146,59,568,262,1,0,0.0,1.0,2266
Bradley Jones,Sanderson Lam,1,1184,1206,0.486253465097645,0.486253465097645,350,200,2794,1477,137,57,837,380,0,0,52,23,185,86,461,204,1,0,0.0,1.0,2266
David John,Charlie Walters,1,1090,1101,0.4931254332354657,0.4931254332354657,91,40,598,277,96,40,531,247,63,15,201,77,62,37,207,105,1,0,0.0,1.0,2266
Robin Hull,Mei Xiwen,1,1253,1252,0.5006249996744794,0.5006249996744794,513,304,3896,2128,84,40,559,274,137,59,540,273,145,65,303,153,1,0,0.0,1.0,2266
Ashley Hugill,Paul Davison,1,1199,1226,0.48313140430861523,0.48313140430861523,100,49,566,274,660,346,4626,2352,162,75,493,245,187,91,535,244,1,0,0.0,1.0,2266
Michael Holt,Joshua Thomond,1,1371,1008,0.7124883131320702,0.7124883131320702,796,463,5796,3088,19,9,108,52,274,147,1205,643,48,23,108,52,1,0,0.0,1.0,2266
Darryl Hill,Kurt Maflin,1,987,1336,0.29473437040922057,0.29473437040922057,61,16,407,153,510,294,3431,1851,47,17,260,84,228,120,793,418,1,0,0.0,1.0,2266
Liam Highfield,Oliver Brown,1,1384,1210,0.6070669880717036,0.6070669880717036,328,176,2252,1187,175,80,963,461,192,99,620,322,64,38,300,151,1,0,0.0,1.0,2266
Andrew Higginson,Ian Preece,1,1364,1249,0.5713839816769324,0.5713839816769324,696,415,4919,2697,211,114,1544,795,216,113,753,401,159,73,279,136,1,0,0.0,1.0,2266
Andy Hicks,Sydney Wilson,1,1238,1138,0.5621765008857981,0.5621765008857981,604,325,4897,2539,175,64,1049,464,83,47,326,167,70,36,359,143,1,0,0.0,1.0,2266
Barry Hawkins,Hatem Yassen,1,1440,896,0.7957596977159083,0.7957596977159083,877,538,6313,3493,13,0,81,9,275,143,1152,633,11,1,81,9,1,0,0.0,1.0,2266
Li Hang,Brandon Sargeant,1,1389,1106,0.6698485160570237,0.6698485160570237,245,128,1791,931,68,29,394,189,307,168,789,422,51,28,283,139,1,0,0.0,1.0,2266
Anthony Hamilton,Gary Wilson,1,1312,1367,0.4656790563306954,0.4656790563306954,811,468,6275,3347,385,224,2501,1359,169,75,639,315,262,139,741,390,1,0,0.0,1.0,2266
Steven Hallworth,Boonyarit Keattikun,1,1199,1076,0.5762749224932653,0.5762749224932653,90,34,552,248,40,9,294,112,60,38,346,156,71,16,246,88,1,0,0.0,1.0,2266
Xiao Guodong,Rod Lawler,1,1447,1245,0.623633628298226,0.623633628298226,409,240,2770,1535,798,431,6086,3149,289,170,809,454,135,54,641,299,1,0,0.0,1.0,2266
David Grace,Kyren Wilson,1,1271,1489,0.36702522331953935,0.36702522331953935,305,138,2054,989,413,255,2717,1500,199,93,626,301,393,219,1230,694,1,0,0.0,1.0,2266
David Gilbert,Wang Yuchen,1,1394,1065,0.6947667628737805,0.6947667628737805,549,313,4015,2152,57,15,371,140,333,181,1165,646,118,42,255,96,1,0,0.0,1.0,2266
Michael Georgiou,Jamie Cope,1,1266,1234,0.5199893401555818,0.5199893401555818,200,92,1233,601,552,295,3741,1905,166,76,597,287,97,54,487,236,1,0,0.0,1.0,2266
Graeme Dott,Mitchell Mann,1,1420,1245,0.6076631698328917,0.6076631698328917,830,487,6399,3428,229,106,1460,701,305,165,1003,540,177,81,567,253,1,0,0.0,1.0,2266
Scott Donaldson,Thor Chuan Leong,1,1259,1157,0.5634067862621936,0.5634067862621936,204,97,1376,666,73,21,490,197,154,69,547,250,133,56,462,194,1,0,0.0,1.0,2266
Ken Doherty,Aditya Mehta,1,1350,1243,0.5664790559676278,0.5664790559676278,1111,677,9078,4984,278,134,1909,935,208,111,672,334,166,73,451,203,1,0,0.0,1.0,2266
Dominic Dale,Sean O'Sullivan,1,1330,1159,0.6052765337748445,0.6052765337748445,899,515,6433,3432,193,81,1215,559,190,98,967,513,165,65,530,243,1,0,0.0,1.0,2266
Sam Craigie,Mike Dunn,1,1291,1269,0.513746534902355,0.513746534902355,143,72,878,451,694,370,5101,2627,159,72,434,225,215,109,740,380,1,0,0.0,1.0,2266
Rhys Clark,Rory McLeod,1,1240,1276,0.4775151752081999,0.4775151752081999,116,50,732,338,559,305,4183,2167,138,60,456,201,255,121,716,348,1,0,0.0,1.0,2266
Stuart Carrington,Kurt Dunham,1,1395,895,0.7772998611746911,0.7772998611746911,303,164,1971,1040,29,3,167,37,202,109,699,365,93,17,167,37,1,0,0.0,1.0,2266
James Cahill,Robbie Williams,1,1160,1340,0.389360766050778,0.389360766050778,135,46,877,370,342,185,2235,1146,61,28,353,143,196,99,682,347,1,0,0.0,1.0,2266
Alfie Burden,Ben Woollaston,1,1315,1414,0.4384389296638045,0.4384389296638045,652,351,4739,2437,564,325,3672,1967,208,99,650,319,321,180,1103,589,1,0,0.0,1.0,2266
Luca Brecel,Lee Walker,1,1487,1297,0.6165665045213193,0.6165665045213193,315,183,2203,1189,446,243,3469,1785,380,224,1072,613,197,94,592,281,1,0,0.0,1.0,2266
Nigel Bond,Mark Allen,1,1263,1523,0.34298953732650117,0.34298953732650117,847,464,6703,3517,701,455,4859,2741,161,72,524,236,357,209,1141,659,1,0,0.0,1.0,2266
Jamie Barrett,Sam Baird,1,1009,1296,0.3279437373497286,0.3279437373497286,73,28,428,178,319,166,2221,1143,110,27,259,94,174,84,689,350,1,0,0.0,1.0,2266
John Astley,Igor Figueiredo,1,1296,1196,0.5621765008857981,0.5621765008857981,183,87,1153,544,95,47,715,341,202,99,434,210,48,22,176,74,1,0,0.0,1.0,2266
Hamza Akbar,Stuart Bingham,1,1049,1465,0.261149993915751,0.261149993915751,31,4,224,75,1027,652,7512,4281,77,24,224,75,258,150,1462,844,1,0,0.0,1.0,2266
Cao Yupeng,Liang Wenbo,1,1389,1419,0.4812587841214648,0.4812587841214648,237,120,1715,869,572,347,3997,2211,265,147,585,293,264,144,1249,703,1,0,0.0,1.0,2266
Zhang Yong,Nigel Bond,1,1160,1263,0.43597836257374245,0.43597836257374245,84,33,525,221,847,464,6703,3517,189,85,432,183,161,72,524,236,1,0,0.0,1.0,2266
Daniel Womersley,Robert Milkins,1,1009,1359,0.29421497216298875,0.29421497216298875,19,6,119,50,818,492,5975,3246,20,7,119,50,258,138,1053,556,1,0,0.0,1.0,2266
Jimmy White,Chen Zhe,1,1222,1174,0.5299640517645717,0.5299640517645717,1417,790,12132,6370,194,92,1202,582,164,70,447,196,116,41,281,121,1,0,0.0,1.0,2266
Daniel Wells,Thepchaiya Un-Nooh,1,1297,1359,0.46132739479349205,0.46132739479349205,336,165,2268,1122,299,171,2174,1151,218,107,641,320,258,134,945,503,1,0,0.0,1.0,2266
Joe Swail,Allan Taylor,1,1241,1249,0.4950001666600003,0.4950001666600003,830,445,6481,3367,282,133,1696,831,214,102,687,336,205,98,501,213,1,0,0.0,1.0,2266
Eden Sharav,Barry Hawkins,1,1214,1440,0.36239134737807494,0.36239134737807494,128,61,791,374,877,538,6313,3493,171,74,468,199,275,143,1152,633,1,0,0.0,1.0,2266
Jimmy Robertson,Rhys Clark,1,1376,1240,0.5841905229354074,0.5841905229354074,449,246,3054,1592,116,50,732,338,290,154,892,484,138,60,456,201,1,0,0.0,1.0,2266
Fergal O'Brien,Robin Hull,1,1324,1253,0.5442588584178731,0.5442588584178731,860,490,6505,3426,513,304,3896,2128,234,110,899,461,137,59,540,273,1,0,0.0,1.0,2266
Shaun Murphy,John Astley,1,1564,1296,0.6615031592029524,0.6615031592029524,990,655,7314,4189,183,87,1153,544,449,264,1395,832,202,99,434,210,1,0,0.0,1.0,2266
Ross Muir,Michael Holt,1,1193,1371,0.3905502163716748,0.3905502163716748,139,50,949,419,796,463,5796,3088,158,65,534,234,274,147,1205,643,1,0,0.0,1.0,2266
Anthony McGill,Jamie Barrett,1,1394,1009,0.7236220674654401,0.7236220674654401,452,280,2974,1647,73,28,428,178,357,193,1138,636,110,27,259,94,1,0,0.0,1.0,2266
Jack Lisowski,Chris Wakelin,1,1390,1313,0.5479769376367963,0.5479769376367963,392,233,2578,1396,163,83,1107,557,301,163,778,409,215,110,679,340,1,0,0.0,1.0,2266
Mark King,Andrew Higginson,1,1385,1364,0.5131219861822433,0.5131219861822433,910,511,6703,3532,696,415,4919,2697,323,177,1050,584,216,113,753,401,1,0,0.0,1.0,2266
Jak Jones,Fraser Patrick,1,1162,1198,0.4775151752081999,0.4775151752081999,159,61,1039,454,193,80,1277,586,128,48,287,118,78,39,364,158,1,0,0.0,1.0,2266
Ashley Hugill,Stuart Carrington,1,1199,1395,0.3798935676569099,0.3798935676569099,100,49,566,274,303,164,1971,1040,162,75,493,245,202,109,699,365,1,0,0.0,1.0,2266
Darryl Hill,Bradley Jones,1,987,1184,0.37930480863564453,0.37930480863564453,61,16,407,153,350,200,2794,1477,47,17,260,84,0,0,52,23,1,0,0.0,1.0,2266
Liam Highfield,David John,1,1384,1090,0.6759015277259407,0.6759015277259407,328,176,2252,1187,91,40,598,277,192,99,620,322,63,15,201,77,1,0,0.0,1.0,2266
Andy Hicks,Mark Williams,1,1238,1598,0.289050497374996,0.289050497374996,604,325,4897,2539,1346,890,10201,5872,83,47,326,167,480,311,1579,952,1,0,0.0,1.0,2266
Li Hang,Graeme Dott,1,1389,1420,0.4806346917700681,0.4806346917700681,245,128,1791,931,830,487,6399,3428,307,168,789,422,305,165,1003,540,1,0,0.0,1.0,2266
Anthony Hamilton,Fang Xiongman,1,1312,1178,0.5829754542011996,0.5829754542011996,811,468,6275,3347,68,29,418,190,169,75,639,315,160,67,306,136,1,0,0.0,1.0,2266
Steven Hallworth,Michael White,1,1199,1409,0.37168381170463377,0.37168381170463377,90,34,552,248,458,266,3095,1651,60,38,346,156,318,174,1140,606,1,0,0.0,1.0,2266
Xiao Guodong,Hamza Akbar,1,1447,1049,0.7300743839811188,0.7300743839811188,409,240,2770,1535,31,4,224,75,289,170,809,454,77,24,224,75,1,0,0.0,1.0,2266
David Grace,Tian Pengfei,1,1271,1376,0.43474925243290014,0.43474925243290014,305,138,2054,989,362,204,2420,1295,199,93,626,301,231,125,697,373,1,0,0.0,1.0,2266
David Gilbert,Akani Songsermsawad,1,1394,1337,0.5355648379838539,0.5355648379838539,549,313,4015,2152,69,35,533,272,333,181,1165,646,240,125,494,255,1,0,0.0,1.0,2266
Michael Georgiou,Ricky Walden,1,1266,1359,0.4421354272792655,0.4421354272792655,200,92,1233,601,794,482,5611,3101,166,76,597,287,299,160,1162,626,1,0,0.0,1.0,2266
Ken Doherty,Zhao Xintong,1,1350,1379,0.4818829349568186,0.4818829349568186,1111,677,9078,4984,125,65,840,448,208,111,672,334,179,90,527,280,1,0,0.0,1.0,2266
Dominic Dale,Hossein Vafaei,1,1330,1358,0.48250714233361025,0.48250714233361025,899,515,6433,3432,89,50,692,350,190,98,967,513,279,146,514,258,1,0,0.0,1.0,2266
Sam Craigie,Mark Joyce,1,1291,1391,0.43782349911420193,0.43782349911420193,143,72,878,451,448,240,3246,1661,159,72,434,225,310,166,782,415,1,0,0.0,1.0,2266
James Cahill,Noppon Saengkham,1,1160,1322,0.40011163113600173,0.40011163113600173,135,46,877,370,198,90,1448,683,61,28,353,143,289,148,747,357,1,0,0.0,1.0,2266
Alfie Burden,Jason Weston,1,1315,1048,0.6609431415591629,0.6609431415591629,652,351,4739,2437,309,161,2364,1213,208,99,650,319,40,12,261,92,1,0,0.0,1.0,2266
Luca Brecel,Scott Donaldson,1,1487,1259,0.6387631751488418,0.6387631751488418,315,183,2203,1189,204,97,1376,666,380,224,1072,613,154,69,547,250,1,0,0.0,1.0,2266
Cao Yupeng,Jimmy Robertson,1,1389,1376,0.5081242849062608,0.5081242849062608,237,120,1715,869,449,246,3054,1592,265,147,585,293,290,154,892,484,1,0,0.0,1.0,2266
Fergal O'Brien,Liam Highfield,1,1324,1384,0.46257015465625045,0.46257015465625045,860,490,6505,3426,328,176,2252,1187,234,110,899,461,192,99,620,322,1,0,0.0,1.0,2266
Shaun Murphy,Sam Craigie,1,1564,1291,0.6642964428999887,0.6642964428999887,990,655,7314,4189,143,72,878,451,449,264,1395,832,159,72,434,225,1,0,0.0,1.0,2266
Ross Muir,Jimmy White,1,1193,1222,0.4818829349568186,0.4818829349568186,139,50,949,419,1417,790,12132,6370,158,65,534,234,164,70,447,196,1,0,0.0,1.0,2266
Anthony McGill,Mark King,1,1394,1385,0.5056247627073255,0.5056247627073255,452,280,2974,1647,910,511,6703,3532,357,193,1138,636,323,177,1050,584,1,0,0.0,1.0,2266
Jack Lisowski,Eden Sharav,1,1390,1214,0.6082590307465143,0.6082590307465143,392,233,2578,1396,128,61,791,374,301,163,778,409,171,74,468,199,1,0,0.0,1.0,2266
Jak Jones,Joe Swail,1,1162,1241,0.45078487089866653,0.45078487089866653,159,61,1039,454,830,445,6481,3367,128,48,287,118,214,102,687,336,1,0,0.0,1.0,2266
Andy Hicks,Zhang Yong,1,1238,1160,0.5485961085831343,0.5485961085831343,604,325,4897,2539,84,33,525,221,83,47,326,167,189,85,432,183,1,0,0.0,1.0,2266
Li Hang,Darryl Hill,1,1389,987,0.7320405018416317,0.7320405018416317,245,128,1791,931,61,16,407,153,307,168,789,422,47,17,260,84,1,0,0.0,1.0,2266
Anthony Hamilton,Luca Brecel,1,1312,1487,0.39233683016710835,0.39233683016710835,811,468,6275,3347,315,183,2203,1189,169,75,639,315,380,224,1072,613,1,0,0.0,1.0,2266
Steven Hallworth,Daniel Wells,1,1199,1297,0.43905454967528373,0.43905454967528373,90,34,552,248,336,165,2268,1122,60,38,346,156,218,107,641,320,1,0,0.0,1.0,2266
Xiao Guodong,Daniel Womersley,1,1447,1009,0.7493220844051797,0.7493220844051797,409,240,2770,1535,19,6,119,50,289,170,809,454,20,7,119,50,1,0,0.0,1.0,2266
David Grace,Dominic Dale,1,1271,1330,0.46319171001101955,0.46319171001101955,305,138,2054,989,899,515,6433,3432,199,93,626,301,190,98,967,513,1,0,0.0,1.0,2266
David Gilbert,Alfie Burden,1,1394,1315,0.5492151291013335,0.5492151291013335,549,313,4015,2152,652,351,4739,2437,333,181,1165,646,208,99,650,319,1,0,0.0,1.0,2266
Michael Georgiou,Ashley Hugill,1,1266,1199,0.5417773692836367,0.5417773692836367,200,92,1233,601,100,49,566,274,166,76,597,287,162,75,493,245,1,0,0.0,1.0,2266
Ken Doherty,James Cahill,1,1350,1160,0.6165665045213193,0.6165665045213193,1111,677,9078,4984,135,46,877,370,208,111,672,334,61,28,353,143,1,0,0.0,1.0,2266
Shaun Murphy,Jak Jones,1,1564,1162,0.7320405018416317,0.7320405018416317,990,655,7314,4189,159,61,1039,454,449,264,1395,832,128,48,287,118,1,0,0.0,1.0,2266
Anthony McGill,Jack Lisowski,1,1394,1390,0.5024999791668749,0.5024999791668749,452,280,2974,1647,392,233,2578,1396,357,193,1138,636,301,163,778,409,1,0,0.0,1.0,2266
Andy Hicks,Michael Georgiou,1,1238,1266,0.48250714233361025,0.48250714233361025,604,325,4897,2539,200,92,1233,601,83,47,326,167,166,76,597,287,1,0,0.0,1.0,2266
Anthony Hamilton,Ross Muir,1,1312,1193,0.5738312575916094,0.5738312575916094,811,468,6275,3347,139,50,949,419,169,75,639,315,158,65,534,234,1,0,0.0,1.0,2266
Steven Hallworth,Li Hang,1,1199,1389,0.38343349547868066,0.38343349547868066,90,34,552,248,245,128,1791,931,60,38,346,156,307,168,789,422,1,0,0.0,1.0,2266
Xiao Guodong,Ken Doherty,1,1447,1350,0.5603296426885532,0.5603296426885532,409,240,2770,1535,1111,677,9078,4984,289,170,809,454,208,111,672,334,1,0,0.0,1.0,2266
David Grace,Cao Yupeng,1,1271,1389,0.42678022732016513,0.42678022732016513,305,138,2054,989,237,120,1715,869,199,93,626,301,265,147,585,293,1,0,0.0,1.0,2266
David Gilbert,Fergal O'Brien,1,1394,1324,0.5436386872370789,0.5436386872370789,549,313,4015,2152,860,490,6505,3426,333,181,1165,646,234,110,899,461,1,0,0.0,1.0,2266
Shaun Murphy,David Grace,1,1564,1271,0.6753536404444148,0.6753536404444148,990,655,7314,4189,305,138,2054,989,449,264,1395,832,199,93,626,301,1,0,0.0,1.0,2266
Anthony McGill,Anthony Hamilton,1,1394,1312,0.551071269307342,0.551071269307342,452,280,2974,1647,811,468,6275,3347,357,193,1138,636,169,75,639,315,1,0,0.0,1.0,2266
Andy Hicks,Steven Hallworth,1,1238,1199,0.5243557087682073,0.5243557087682073,604,325,4897,2539,90,34,552,248,83,47,326,167,60,38,346,156,1,0,0.0,1.0,2266
Xiao Guodong,David Gilbert,1,1447,1394,0.5330766223661046,0.5330766223661046,409,240,2770,1535,549,313,4015,2152,289,170,809,454,333,181,1165,646,1,0,0.0,1.0,2266
Anthony McGill,Shaun Murphy,1,1394,1564,0.39532091528599067,0.39532091528599067,452,280,2974,1647,990,655,7314,4189,357,193,1138,636,449,264,1395,832,1,0,0.0,1.0,2266
Xiao Guodong,Andy Hicks,1,1447,1238,0.6277321638605189,0.6277321638605189,409,240,2770,1535,604,325,4897,2539,289,170,809,454,83,47,326,167,1,0,0.0,1.0,2266
Anthony McGill,Xiao Guodong,1,1394,1447,0.46692337763389535,0.46692337763389535,452,280,2974,1647,409,240,2770,1535,357,193,1138,636,289,170,809,454,1,0,0.0,1.0,2266
Zhou Yuelong,Noppon Saengkham,7,1388,1322,0.589422689021118,0.541156668150228,160,90,1105,585,200,91,1450,684,267,147,811,437,291,149,749,358,4,0,0.0,1.0,2268
Wang Yuchen,Gareth Allen,7,1063,1125,0.41590794122337116,0.46132739479349205,58,15,372,140,163,74,942,445,119,42,256,96,64,27,350,150,4,3,0.0,0.5714285714285714,2268
Mei Xiwen,Matthew Selt,7,1248,1379,0.32708497904170997,0.41884903571060617,85,40,560,274,533,292,3651,1915,146,65,304,153,219,111,1072,577,4,3,0.0,0.5714285714285714,2268
Robbie Williams,David Grace,7,1335,1287,0.5653114683109788,0.5299640517645717,343,185,2236,1146,310,142,2059,993,197,99,683,347,204,97,631,305,4,2,0.0,0.6666666666666666,2268
Michael White,Duane Jones,7,1408,1182,0.7792359029381558,0.637608652621925,460,267,3097,1652,156,80,918,476,320,175,1142,607,151,61,411,180,4,1,0.0,0.8,2268
Liang Wenbo,Rod Lawler,7,1419,1242,0.7271505015076656,0.6088545692109504,574,348,3999,2212,799,431,6087,3149,266,145,1251,704,136,54,642,299,4,2,0.0,0.6666666666666666,2268
James Wattana,Xiao Guodong,7,1198,1461,0.18575620821056255,0.3413014252643556,798,433,6724,3523,416,246,2777,1541,124,50,434,179,296,176,816,460,4,3,0.0,0.5714285714285714,2268
Lee Walker,Rhys Clark,7,1294,1241,0.5720392978025534,0.5330766223661046,447,243,3470,1785,118,51,734,339,198,94,593,281,140,61,458,202,4,2,0.0,0.6666666666666666,2268
Chris Wakelin,Akani Songsermsawad,7,1313,1336,0.46858930565080326,0.4856289593029398,165,84,1109,558,71,36,535,273,217,111,681,341,242,126,496,256,4,2,0.0,0.6666666666666666,2268
Hossein Vafaei,Sanderson Lam,7,1359,1202,0.7041548710511403,0.596884378259767,91,51,694,351,138,57,838,380,281,147,516,259,186,86,462,204,4,3,0.0,0.5714285714285714,2268
Thepchaiya Un-Nooh,Ben Woollaston,7,1358,1410,0.42930455538057166,0.4675456936126812,301,172,2176,1152,565,325,3673,1967,260,135,947,504,322,180,1104,589,4,0,0.0,1.0,2268
Judd Trump,Andrew Higginson,7,1624,1363,0.8124499949726253,0.6575736106164225,851,578,5766,3414,698,416,4921,2698,407,260,1595,987,218,114,755,402,4,1,0.0,0.8,2268
Allan Taylor,Michael Georgiou,7,1248,1274,0.4645031181885513,0.48375571893792757,284,134,1698,832,204,95,1237,604,207,99,503,214,170,79,601,290,4,1,0.0,0.8,2268
Adam Stefanow,Michael Wild,7,1115,1126,0.48496472766542054,0.4931254332354657,58,26,317,153,301,157,1847,971,67,32,221,104,55,20,212,76,4,3,0.0,0.5714285714285714,2268
Craig Steadman,Jak Jones,7,1215,1172,0.5585634499391967,0.5268491486891144,417,223,2756,1436,163,64,1043,457,147,59,569,262,132,51,291,121,4,2,0.0,0.6666666666666666,2268
Elliot Slessor,Mark Williams,7,1279,1595,0.14235871604557113,0.3121686694171596,153,69,930,436,1348,891,10203,5873,208,104,512,250,482,312,1581,953,4,3,0.0,0.5714285714285714,2268
Eden Sharav,Oliver Lines,7,1220,1227,0.4904306643721704,0.4956251116502266,131,63,794,376,182,92,1157,584,174,76,471,201,190,87,630,301,4,1,0.0,0.8,2268
Mark Selby,Liam Highfield,7,1602,1386,0.7691223962231968,0.6318124177361016,1037,721,7604,4450,331,178,2255,1189,467,278,1736,1069,195,101,623,324,4,0,0.0,1.0,2268
Neil Robertson,Jimmy White,7,1547,1225,0.8620548673015752,0.6910430124157229,859,565,6314,3614,1420,792,12135,6372,356,219,1151,700,167,72,450,198,4,1,0.0,0.8,2268
Jimmy Robertson,Aditya Mehta,7,1379,1240,0.6826800016944434,0.5860112044388707,452,248,3057,1594,279,134,1910,935,293,156,895,486,167,73,452,203,4,3,0.0,0.5714285714285714,2268
Tian Pengfei,Chen Zhe,7,1375,1172,0.7555717519931018,0.6242202334972642,364,205,2422,1296,196,93,1204,583,233,126,699,374,118,42,283,122,4,2,0.0,0.6666666666666666,2268
Jackson Page,Jason Weston,7,1081,1051,0.5409388610739393,0.5187412158785352,21,9,136,62,311,162,2366,1214,136,62,136,62,42,13,263,93,4,3,0.0,0.5714285714285714,2268
Ronnie O'Sullivan,Tom Ford,7,1649,1376,0.8230423767770356,0.6642964428999887,1187,907,10348,6327,582,333,4145,2214,414,267,1113,714,286,157,882,481,4,1,0.0,0.8,2268
Sean O'Sullivan,Kyren Wilson,7,1156,1484,0.13363157650794907,0.3057636598919695,194,81,1216,559,414,255,2718,1500,166,65,531,243,394,219,1231,694,4,2,0.0,0.6666666666666666,2268
Fergal O'Brien,Cao Yupeng,7,1333,1395,0.41590794122337116,0.46132739479349205,864,493,6509,3429,241,123,1719,872,238,113,903,464,269,150,589,296,4,1,0.0,0.8,2268
Shaun Murphy,Jamie Barrett,7,1573,1012,0.9681142495003159,0.8025803011221312,996,660,7320,4194,75,29,430,179,455,269,1401,837,112,28,261,95,4,0,0.0,1.0,2268
Ross Muir,Mark Joyce,7,1204,1391,0.26171499503028667,0.3852081305077805,143,53,953,422,450,241,3248,1662,162,68,538,237,312,167,784,416,4,3,0.0,0.5714285714285714,2268
Robert Milkins,Yu Delu,7,1356,1366,0.4863309727288301,0.49375032550048964,820,493,5977,3247,262,133,1847,941,260,139,1055,557,207,115,607,304,4,0,0.0,1.0,2268
Rory McLeod,Gary Wilson,7,1272,1363,0.3776967488123118,0.44336904007774663,560,305,4184,2167,386,224,2502,1359,256,121,717,348,263,139,742,390,4,3,0.0,0.5714285714285714,2268
Anthony McGill,Joe Perry,7,1420,1410,0.51366902727117,0.5062496744995104,459,287,2981,1654,1005,597,7218,3908,364,200,1145,643,282,159,1225,694,4,3,0.0,0.5714285714285714,2268
Mitchell Mann,Michael Holt,7,1242,1368,0.33325327584718467,0.4218947671156908,230,106,1461,701,798,464,5798,3089,178,81,568,253,276,148,1207,644,4,1,0.0,0.8,2268
Stephen Maguire,Zhang Yong,7,1517,1164,0.8832805083358919,0.707340014518073,911,605,6672,3809,87,35,528,223,412,250,1252,715,192,87,435,185,4,2,0.0,0.6666666666666666,2268
Kurt Maflin,Fang Xiongman,7,1330,1179,0.6970755073607001,0.5932699921071872,511,294,3432,1851,70,30,420,191,229,120,794,418,162,68,308,137,4,1,0.0,0.8,2268
Mark King,David John,7,1388,1091,0.8429989187038389,0.6775422953274692,913,513,6706,3534,93,41,600,278,326,179,1053,586,65,16,203,78,4,2,0.0,0.6666666666666666,2268
Christopher Keogan,Alan McManus,7,1126,1359,0.21384775010020607,0.3583575467984366,136,52,767,346,919,546,7681,4082,113,35,373,169,217,116,839,454,4,2,0.0,0.6666666666666666,2268
Boonyarit Keattikun,Ken Doherty,7,1073,1356,0.16844342252924877,0.33015148394297633,41,9,295,112,1115,680,9082,4987,72,16,247,88,212,114,676,337,4,1,0.0,0.8,2268
Jamie Jones,Tyler Rees,7,1369,982,0.9036241832308295,0.7246209144181192,482,288,3192,1733,14,6,80,32,228,121,792,425,48,24,76,32,4,1,0.0,0.8,2268
Robin Hull,Ding Junhui,7,1253,1537,0.16760764782239262,0.3295988401911314,515,305,3898,2129,703,472,5390,3084,139,60,542,274,334,191,1227,701,4,2,0.0,0.6666666666666666,2268
Darryl Hill,Dechawat Poomjaeng,7,996,1274,0.1726649612821163,0.3329217229043748,64,18,410,155,235,124,1704,866,50,19,263,86,41,18,491,245,4,1,0.0,0.8,2268
Andy Hicks,Martin O'Donnell,7,1257,1306,0.433341285511335,0.469413239817919,610,330,4903,2544,296,144,1852,931,89,52,332,172,251,130,617,316,4,2,0.0,0.6666666666666666,2268
Barry Hawkins,Fraser Patrick,7,1437,1198,0.7919725105475417,0.645084137572727,879,539,6315,3494,195,81,1279,587,277,144,1154,634,80,40,366,159,4,1,0.0,0.8,2268
Anthony Hamilton,Luca Brecel,7,1323,1488,0.286533617594737,0.3983128198171432,816,472,6280,3351,318,185,2206,1191,174,79,644,319,383,226,1075,615,4,2,0.0,0.6666666666666666,2268
Marco Fu,Martin Gould,7,1476,1441,0.5477297445502348,0.5218610539716015,850,506,6348,3458,638,387,4331,2380,321,171,1258,702,331,185,1000,565,4,2,0.0,0.6666666666666666,2268
Igor Figueiredo,Alfie Burden,7,1192,1318,0.33325327584718467,0.4218947671156908,96,47,716,341,655,353,4742,2439,49,22,177,74,211,101,653,321,4,0,0.0,1.0,2268
Peter Ebdon,Hamza Akbar,7,1359,1053,0.8500614892601291,0.6824383021930648,1056,604,8307,4457,33,5,226,76,257,135,962,513,79,25,226,76,4,2,0.0,0.6666666666666666,2268
Mike Dunn,Kurt Dunham,7,1265,893,0.8950167119467943,0.7170752854929726,695,370,5102,2627,30,3,168,37,216,109,741,380,94,17,168,37,4,1,0.0,0.8,2268
Graeme Dott,Ricky Walden,7,1419,1358,0.5827567809217526,0.5380512843858591,832,488,6401,3429,796,483,5613,3102,307,166,1005,541,301,161,1164,627,4,3,0.0,0.5714285714285714,2268
Scott Donaldson,Jack Lisowski,7,1259,1397,0.3185334396534134,0.4145954308705349,206,98,1378,667,396,236,2582,1399,156,70,549,251,305,166,782,412,4,1,0.0,0.8,2268
Ryan Day,David Gilbert,7,1457,1404,0.5720392978025534,0.5330766223661046,874,530,6104,3366,554,317,4020,2156,342,184,1238,694,338,185,1170,650,4,3,0.0,0.5714285714285714,2268
Paul Davison,Joe Swail,7,1222,1244,0.4699521739841547,0.486253465097645,661,346,4627,2352,833,447,6484,3369,188,91,536,244,217,104,690,338,4,0,0.0,1.0,2268
Mark Davis,Li Hang,7,1437,1393,0.5599145707304132,0.5274723043445937,1048,631,7427,4063,249,131,1795,934,255,139,1200,675,311,171,793,425,4,2,0.0,0.6666666666666666,2268
Dominic Dale,Zhang Anda,7,1333,1303,0.5409388610739393,0.5187412158785352,902,517,6436,3434,293,146,2043,1021,193,100,970,515,183,87,709,357,4,0,0.0,1.0,2268
Jamie Cope,Nigel Bond,7,1230,1263,0.45498494612477275,0.47938669028555136,553,295,3742,1905,849,465,6705,3518,98,54,488,236,163,73,526,237,4,0,0.0,1.0,2268
Thor Chuan Leong,Adam Duffy,7,1154,1228,0.39996961044138163,0.4538814589542204,74,21,491,197,324,163,2058,1046,134,56,463,194,124,43,652,331,4,3,0.0,0.5714285714285714,2268
Ali Carter,Zhao Xintong,7,1506,1379,0.6679843009449487,0.578714862460134,875,530,6200,3425,127,66,842,449,223,125,1056,599,181,91,529,281,4,2,0.0,0.6666666666666666,2268
Stuart Carrington,Sam Craigie,7,1392,1296,0.6287764284690306,0.5597136492671929,305,165,1973,1041,146,74,881,453,204,110,701,366,162,74,437,227,4,2,0.0,0.6666666666666666,2268
Ian Burns,James Cahill,7,1254,1167,0.6170981549456108,0.5541616527636486,312,160,1972,1002,138,48,880,372,159,68,574,266,64,30,356,145,4,3,0.0,0.5714285714285714,2268
Alex Borg,Hatem Yassen,7,1108,894,0.7670671244589201,0.6306485256510744,365,154,2608,1186,14,0,82,9,115,39,343,147,12,1,82,9,4,1,0.0,0.8,2268
Josh Boileau,Hammad Miah,7,1041,1218,0.2728494984923345,0.3911454307890496,79,31,452,198,128,48,855,376,113,35,291,114,170,75,553,258,4,1,0.0,0.8,2268
Yan Bingtao,Daniel Wells,7,1462,1301,0.7088291167182063,0.5992881635083561,104,63,733,411,339,167,2271,1124,307,181,595,335,221,109,644,322,4,1,0.0,0.8,2268
Stuart Bingham,Matthew Stevens,7,1459,1323,0.6790334655716898,0.5841905229354074,1028,652,7513,4281,921,537,7122,3875,259,150,1463,844,186,89,729,379,4,2,0.0,0.6666666666666666,2268
Sam Baird,John Higgins,7,1291,1623,0.1308111240238948,0.3036450701761659,320,166,2222,1143,1374,973,11021,6532,175,84,690,350,469,297,1577,958,4,2,0.0,0.6666666666666666,2268
John Astley,Ian Preece,7,1297,1246,0.5693507188778237,0.5318318894162242,185,88,1155,545,212,114,1545,795,204,100,436,211,160,73,280,136,4,1,0.0,0.8,2268
Mark Allen,Sydney Wilson,7,1518,1134,0.9019481605921685,0.7231218051243898,702,455,4860,2741,176,64,1050,464,358,209,1142,659,71,36,360,143,4,0,0.0,1.0,2268
Zhou Yuelong,Paul Davison,7,1388,1222,0.7146198510727906,0.6022861768886306,160,90,1105,585,661,346,4627,2352,267,147,811,437,188,91,536,244,4,1,0.0,0.8,2268
Mei Xiwen,Peter Ebdon,7,1248,1359,0.35204218100893303,0.43106679063045344,85,40,560,274,1056,604,8307,4457,146,65,304,153,257,135,962,513,4,0,0.0,1.0,2268
Robbie Williams,Andy Hicks,7,1335,1257,0.6053054839891849,0.5485961085831343,343,185,2236,1146,610,330,4903,2544,197,99,683,347,89,52,332,172,4,3,0.0,0.5714285714285714,2268
Michael White,Liang Wenbo,7,1408,1419,0.48496472766542054,0.4931254332354657,460,267,3097,1652,574,348,3999,2212,320,175,1142,607,266,145,1251,704,4,3,0.0,0.5714285714285714,2268
Lee Walker,Neil Robertson,7,1294,1547,0.1948385031794988,0.3469438867133873,447,243,3470,1785,859,565,6314,3614,198,94,593,281,356,219,1151,700,4,3,0.0,0.5714285714285714,2268
Hossein Vafaei,Christopher Keogan,7,1359,1126,0.786152249899794,0.6416424532015634,91,51,694,351,136,52,767,346,281,147,516,259,113,35,373,169,4,2,0.0,0.6666666666666666,2268
Thepchaiya Un-Nooh,Ryan Day,7,1358,1457,0.36735805091226303,0.4384389296638045,301,172,2176,1152,874,530,6104,3366,260,135,947,504,342,184,1238,694,4,1,0.0,0.8,2268
Judd Trump,Alex Borg,7,1624,1108,0.9567376970738612,0.7841471891774855,851,578,5766,3414,365,154,2608,1186,407,260,1595,987,115,39,343,147,4,2,0.0,0.6666666666666666,2268
Craig Steadman,Sam Baird,7,1215,1291,0.3973295650806627,0.45264238185691075,417,223,2756,1436,320,166,2222,1143,147,59,569,262,175,84,690,350,4,1,0.0,0.8,2268
Mark Selby,Mike Dunn,7,1602,1265,0.8726526517869658,0.6989914835090479,1037,721,7604,4450,695,370,5102,2627,467,278,1736,1069,216,109,741,380,4,2,0.0,0.6666666666666666,2268
Jimmy Robertson,Elliot Slessor,7,1379,1279,0.6339273074659068,0.5621765008857981,452,248,3057,1594,153,69,930,436,293,156,895,486,208,104,512,250,4,2,0.0,0.6666666666666666,2268
Jackson Page,John Astley,7,1081,1297,0.23087760377680316,0.3681875822638983,21,9,136,62,185,88,1155,545,136,62,136,62,204,100,436,211,4,3,0.0,0.5714285714285714,2268
Fergal O'Brien,Chris Wakelin,7,1333,1313,0.5273209820427867,0.5124973964842103,864,493,6509,3429,165,84,1109,558,238,113,903,464,217,111,681,341,4,2,0.0,0.6666666666666666,2268
Ross Muir,Marco Fu,7,1204,1476,0.17782468979276692,0.3362613025956473,143,53,953,422,850,506,6348,3458,162,68,538,237,321,171,1258,702,4,0,0.0,1.0,2268
Robert Milkins,Eden Sharav,7,1356,1220,0.6790334655716898,0.5841905229354074,820,493,5977,3247,131,63,794,376,260,139,1055,557,174,76,471,201,4,1,0.0,0.8,2268
Mitchell Mann,Sean O'Sullivan,7,1242,1156,0.6157933128709394,0.5535439031511183,230,106,1461,701,194,81,1216,559,178,81,568,253,166,65,531,243,4,2,0.0,0.6666666666666666,2268
Kurt Maflin,James Wattana,7,1330,1198,0.6741427448520734,0.5817593768418363,511,294,3432,1851,798,433,6724,3523,229,120,794,418,124,50,434,179,4,3,0.0,0.5714285714285714,2268
Robin Hull,Allan Taylor,7,1253,1248,0.5068355814796678,0.5031249593105316,515,305,3898,2129,284,134,1698,832,139,60,542,274,207,99,503,214,4,1,0.0,0.8,2268
Barry Hawkins,Tian Pengfei,7,1437,1375,0.5840920587766287,0.538672605206508,879,539,6315,3494,364,205,2422,1296,277,144,1154,634,233,126,699,374,4,0,0.0,1.0,2268
Anthony Hamilton,Jamie Cope,7,1323,1230,0.6248970337106214,0.5578645727207344,816,472,6280,3351,553,295,3742,1905,174,79,644,319,98,54,488,236,4,1,0.0,0.8,2268
Igor Figueiredo,Anthony McGill,7,1192,1420,0.2187742115852151,0.36123682485115804,96,47,716,341,459,287,2981,1654,49,22,177,74,364,200,1145,643,4,2,0.0,0.6666666666666666,2268
Graeme Dott,Adam Stefanow,7,1419,1115,0.8485117931807986,0.6813537337890256,832,488,6401,3429,58,26,317,153,307,166,1005,541,67,32,221,104,4,1,0.0,0.8,2268
Scott Donaldson,Mark King,7,1259,1388,0.32954639777958084,0.4200665998114943,206,98,1378,667,913,513,6706,3534,156,70,549,251,326,179,1053,586,4,2,0.0,0.6666666666666666,2268
Mark Davis,Ronnie O'Sullivan,7,1437,1649,0.23499891609615547,0.3705168880326052,1048,631,7427,4063,1187,907,10348,6327,255,139,1200,675,414,267,1113,714,4,3,0.0,0.5714285714285714,2268
Dominic Dale,Jamie Jones,7,1333,1369,0.45091379157772826,0.4775151752081999,902,517,6436,3434,482,288,3192,1733,193,100,970,515,228,121,792,425,4,2,0.0,0.6666666666666666,2268
Ali Carter,Darryl Hill,7,1506,996,0.9549844486683168,0.7815974639023655,875,530,6200,3425,64,18,410,155,223,125,1056,599,50,19,263,86,4,1,0.0,0.8,2268
Stuart Carrington,Wang Yuchen,7,1392,1063,0.867077669398587,0.6947667628737805,305,165,1973,1041,58,15,372,140,204,110,701,366,119,42,256,96,4,2,0.0,0.6666666666666666,2268
Ian Burns,Stephen Maguire,7,1254,1517,0.18575620821056255,0.3413014252643556,312,160,1972,1002,911,605,6672,3809,159,68,574,266,412,250,1252,715,4,3,0.0,0.5714285714285714,2268
Josh Boileau,Shaun Murphy,7,1041,1573,0.038870307542883765,0.2091593652130633,79,31,452,198,996,660,7320,4194,113,35,291,114,455,269,1401,837,4,2,0.0,0.6666666666666666,2268
Yan Bingtao,Thor Chuan Leong,7,1462,1154,0.8515999175968284,0.6835208937363156,104,63,733,411,74,21,491,197,307,181,595,335,134,56,463,194,4,3,0.0,0.5714285714285714,2268
Stuart Bingham,Rory McLeod,7,1459,1272,0.7382850049697135,0.6147918694922195,1028,652,7513,4281,560,305,4184,2167,259,150,1463,844,256,121,717,348,4,2,0.0,0.6666666666666666,2268
Mark Allen,Boonyarit Keattikun,7,1518,1073,0.9318132355220661,0.7525948948809733,702,455,4860,2741,41,9,295,112,358,209,1142,659,72,16,247,88,4,1,0.0,0.8,2268
Zhou Yuelong,Ross Muir,7,1388,1204,0.7349708541108757,0.6130141761393355,160,90,1105,585,143,53,953,422,267,147,811,437,162,68,538,237,4,1,0.0,0.8,2268
Mei Xiwen,Mark Allen,7,1248,1518,0.17956735481205705,0.33737816282991745,85,40,560,274,702,455,4860,2741,146,65,304,153,358,209,1142,659,4,2,0.0,0.6666666666666666,2268
Robbie Williams,Michael White,7,1335,1408,0.40129146875494726,0.45450121278721795,343,185,2236,1146,460,267,3097,1652,197,99,683,347,320,175,1142,607,4,2,0.0,0.6666666666666666,2268
Lee Walker,Graeme Dott,7,1294,1419,0.3344927873720658,0.4225046348141883,447,243,3470,1785,832,488,6401,3429,198,94,593,281,307,166,1005,541,4,2,0.0,0.6666666666666666,2268
Hossein Vafaei,Ali Carter,7,1359,1506,0.30768847003935823,0.4091452475454058,91,51,694,351,875,530,6200,3425,281,147,516,259,223,125,1056,599,4,1,0.0,0.8,2268
Judd Trump,Jackson Page,7,1624,1081,0.9639211744589963,0.7953530817731491,851,578,5766,3414,21,9,136,62,407,260,1595,987,136,62,136,62,4,0,0.0,1.0,2268
Craig Steadman,Anthony Hamilton,7,1215,1323,0.3558484820461031,0.4329070950345457,417,223,2756,1436,816,472,6280,3351,147,59,569,262,174,79,644,319,4,2,0.0,0.6666666666666666,2268
Robert Milkins,Josh Boileau,7,1356,1041,0.856895920094142,0.6872942801972042,820,493,5977,3247,79,31,452,198,260,139,1055,557,113,35,291,114,4,0,0.0,1.0,2268
Kurt Maflin,Mitchell Mann,7,1330,1242,0.6184015843393024,0.5547792351072148,511,294,3432,1851,230,106,1461,701,229,120,794,418,178,81,568,253,4,2,0.0,0.6666666666666666,2268
Barry Hawkins,Thepchaiya Un-Nooh,7,1437,1358,0.6066210971235376,0.5492151291013335,879,539,6315,3494,301,172,2176,1152,277,144,1154,634,260,135,947,504,4,1,0.0,0.8,2268
Igor Figueiredo,Dominic Dale,7,1192,1333,0.3148993834727192,0.4127763091606651,96,47,716,341,902,517,6436,3434,49,22,177,74,193,100,970,515,4,1,0.0,0.8,2268
Scott Donaldson,Jimmy Robertson,7,1259,1379,0.34071893937019965,0.425557483188341,206,98,1378,667,452,248,3057,1594,156,70,549,251,293,156,895,486,4,0,0.0,1.0,2268
Mark Davis,Fergal O'Brien,7,1437,1333,0.6390526295107546,0.5646362918030292,1048,631,7427,4063,864,493,6509,3429,255,139,1200,675,238,113,903,464,4,2,0.0,0.6666666666666666,2268
Stuart Carrington,Robin Hull,7,1392,1253,0.6826800016944434,0.5860112044388707,305,165,1973,1041,515,305,3898,2129,204,110,701,366,139,60,542,274,4,0,0.0,1.0,2268
Yan Bingtao,Mark Selby,7,1462,1602,0.31610864255174254,0.41338242108267,104,63,733,411,1037,721,7604,4450,307,181,595,335,467,278,1736,1069,4,1,0.0,0.8,2268
Stuart Bingham,Ian Burns,7,1459,1254,0.75768573294214,0.6253923497205511,1028,652,7513,4281,312,160,1972,1002,259,150,1463,844,159,68,574,266,4,0,0.0,1.0,2268
Zhou Yuelong,Lee Walker,7,1388,1294,0.6261916833783177,0.5584811124381613,160,90,1105,585,447,243,3470,1785,267,147,811,437,198,94,593,281,4,0,0.0,1.0,2268
Judd Trump,Hossein Vafaei,7,1624,1359,0.8160262378047215,0.6598217549720575,851,578,5766,3414,91,51,694,351,407,260,1595,987,281,147,516,259,4,1,0.0,0.8,2268
Robert Milkins,Mei Xiwen,7,1356,1248,0.644151517953897,0.5670929049654543,820,493,5977,3247,85,40,560,274,260,139,1055,557,146,65,304,153,4,2,0.0,0.6666666666666666,2268
Kurt Maflin,Yan Bingtao,7,1330,1462,0.32585725514792674,0.4182406231581638,511,294,3432,1851,104,63,733,411,229,120,794,418,307,181,595,335,4,1,0.0,0.8,2268
Barry Hawkins,Craig Steadman,7,1437,1215,0.7752232149046754,0.6352948493228071,879,539,6315,3494,417,223,2756,1436,277,144,1154,634,147,59,569,262,4,0,0.0,1.0,2268
Scott Donaldson,Mark Davis,7,1259,1437,0.27172488874541606,0.3905502163716748,206,98,1378,667,1048,631,7427,4063,156,70,549,251,255,139,1200,675,4,3,0.0,0.5714285714285714,2268
Stuart Carrington,Igor Figueiredo,7,1392,1192,0.7523810515908644,0.6224593312018546,305,165,1973,1041,96,47,716,341,204,110,701,366,49,22,177,74,4,1,0.0,0.8,2268
Stuart Bingham,Robbie Williams,7,1459,1335,0.6642657784879786,0.5768852611320463,1028,652,7513,4281,343,185,2236,1146,259,150,1463,844,197,99,683,347,4,0,0.0,1.0,2268
Judd Trump,Barry Hawkins,9,1624,1437,0.763560717707773,0.6147918694922195,851,578,5766,3414,879,539,6315,3494,407,260,1595,987,277,144,1154,634,5,4,0.0,0.5555555555555556,2268
Robert Milkins,Kurt Maflin,9,1356,1330,0.5399199537054243,0.5162442810620724,820,493,5977,3247,511,294,3432,1851,260,139,1055,557,229,120,794,418,5,2,0.0,0.7142857142857143,2268
Scott Donaldson,Zhou Yuelong,9,1259,1388,0.30983981053020837,0.4200665998114943,206,98,1378,667,160,90,1105,585,156,70,549,251,267,147,811,437,5,0,0.0,1.0,2268
Stuart Bingham,Stuart Carrington,9,1459,1392,0.6018604645306946,0.5417773692836367,1028,652,7513,4281,305,165,1973,1041,259,150,1463,844,204,110,701,366,5,3,0.0,0.625,2268
Judd Trump,Scott Donaldson,11,1624,1259,0.9361001769533164,0.713511467542637,851,578,5766,3414,206,98,1378,667,407,260,1595,987,156,70,549,251,6,3,0.0,0.6666666666666666,2268
Stuart Bingham,Robert Milkins,11,1459,1356,0.6686649793168535,0.5640216374262577,1028,652,7513,4281,820,493,5977,3247,259,150,1463,844,260,139,1055,557,6,0,0.0,1.0,2268
Stuart Bingham,Judd Trump,17,1459,1624,0.19489609435569075,0.3983128198171432,1028,652,7513,4281,851,578,5766,3414,259,150,1463,844,407,260,1595,987,9,8,0.0,0.5294117647058824,2268
Michael White,John Higgins,7,1408,1606,0.2497591645033793,0.37871640480893215,463,269,3115,1662,1375,973,11027,6534,338,185,1160,617,475,299,1583,960,4,3,0.0,0.5714285714285714,2265
Liang Wenbo,Dominic Dale,7,1418,1342,0.6026704349193375,0.5473576181430894,576,349,4012,2219,905,519,6451,3443,279,152,1264,711,208,109,985,524,4,0,0.0,1.0,2265
Judd Trump,Tom Ford,7,1619,1371,0.8005143732994051,0.6502185485738271,858,584,5821,3449,583,333,4150,2215,462,295,1650,1022,291,158,887,482,4,2,0.0,0.6666666666666666,2265
Neil Robertson,Ricky Walden,7,1538,1356,0.732748880507422,0.6118273690017371,861,566,6326,3621,797,483,5620,3105,368,226,1163,707,308,164,1171,630,4,2,0.0,0.6666666666666666,2265
Joe Perry,Mark Williams,7,1406,1580,0.2762380014579778,0.39293301192829644,1006,597,7225,3911,1349,891,10210,5876,289,162,1232,697,489,315,1588,956,4,2,0.0,0.6666666666666666,2265
Ronnie O'Sullivan,Yan Bingtao,7,1643,1465,0.728275111254584,0.6094497836283252,1189,908,10360,6334,108,66,755,424,426,274,1125,721,329,194,617,348,4,2,0.0,0.6666666666666666,2265
Shaun Murphy,Michael Holt,7,1557,1353,0.756630061657872,0.6248064744684293,998,661,7330,4200,799,464,5803,3090,465,275,1411,843,281,149,1212,645,4,1,0.0,0.8,2265
Anthony McGill,David Gilbert,7,1410,1402,0.510936041856229,0.5049998333399998,461,288,2994,1660,555,317,4027,2159,377,206,1158,649,345,188,1177,653,4,1,0.0,0.8,2265
Mark King,Stephen Maguire,7,1376,1502,0.33325327584718467,0.4218947671156908,915,514,6718,3540,913,606,6685,3816,338,185,1065,592,425,257,1265,722,4,3,0.0,0.5714285714285714,2265
Ding Junhui,Yu Delu,7,1521,1350,0.7203516579445735,0.6052765337748445,704,472,5396,3086,263,133,1851,941,340,193,1233,703,211,115,611,304,4,2,0.0,0.6666666666666666,2265
Barry Hawkins,Kyren Wilson,7,1483,1467,0.5218633393972989,0.5099986668799655,884,543,6342,3514,415,255,2724,1502,304,164,1181,654,400,221,1237,696,4,2,0.0,0.6666666666666666,2265
Martin Gould,Mark Selby,7,1434,1596,0.29000807657290884,0.40011163113600173,639,387,4337,2382,1040,723,7619,4459,337,187,1006,567,482,287,1751,1078,4,3,0.0,0.5714285714285714,2265
Marco Fu,Jamie Jones,7,1462,1363,0.6326419490877371,0.5615610703361955,852,507,6358,3462,484,289,3203,1739,331,175,1268,706,239,127,803,431,4,2,0.0,0.6666666666666666,2265
Ryan Day,Stuart Bingham,7,1445,1532,0.3829018450543893,0.44583834723635146,876,531,6116,3371,1035,659,7564,4317,354,189,1250,699,310,186,1514,880,4,2,0.0,0.6666666666666666,2265
Ali Carter,Zhou Yuelong,7,1495,1410,0.6144870727228646,0.5529259881329059,878,532,6216,3434,165,94,1128,601,239,134,1072,608,290,163,834,453,4,3,0.0,0.5714285714285714,2265
Mark Allen,Anthony Hamilton,7,1514,1335,0.7293972619311108,0.610044672404527,705,457,4875,2751,819,474,6297,3361,373,219,1157,669,191,89,661,329,4,0,0.0,1.0,2265
Liang Wenbo,Mark Allen,7,1418,1514,0.3712235715309693,0.44028635073280703,576,349,4012,2219,705,457,4875,2751,279,152,1264,711,373,219,1157,669,4,3,0.0,0.5714285714285714,2265
Neil Robertson,Ronnie O'Sullivan,7,1538,1643,0.3596701363363135,0.43474925243290014,861,566,6326,3621,1189,908,10360,6334,368,226,1163,707,426,274,1125,721,4,1,0.0,0.8,2265
Joe Perry,Martin Gould,7,1406,1434,0.46178117660461016,0.48250714233361025,1006,597,7225,3911,639,387,4337,2382,289,162,1232,697,337,187,1006,567,4,3,0.0,0.5714285714285714,2265
Shaun Murphy,Ding Junhui,7,1557,1521,0.549086208422272,0.5224848247918001,998,661,7330,4200,704,472,5396,3086,465,275,1411,843,340,193,1233,703,4,3,0.0,0.5714285714285714,2265
Mark King,Ali Carter,7,1376,1495,0.34196980232650515,0.42616874240839064,915,514,6718,3540,878,532,6216,3434,338,185,1065,592,239,134,1072,608,4,3,0.0,0.5714285714285714,2265
Barry Hawkins,Judd Trump,7,1483,1619,0.32096653442831036,0.4158094770645927,884,543,6342,3514,858,584,5821,3449,304,164,1181,654,462,295,1650,1022,4,1,0.0,0.8,2265
Marco Fu,Anthony McGill,7,1462,1410,0.5706954446194282,0.5324543063873187,852,507,6358,3462,461,288,2994,1660,331,175,1268,706,377,206,1158,649,4,2,0.0,0.6666666666666666,2265
Ryan Day,Michael White,7,1445,1408,0.5504420624351876,0.523108525489089,876,531,6116,3371,463,269,3115,1662,354,189,1250,699,338,185,1160,617,4,2,0.0,0.6666666666666666,2265
Liang Wenbo,Joe Perry,7,1418,1406,0.5164013295642876,0.5074994375506203,576,349,4012,2219,1006,597,7225,3911,279,152,1264,711,289,162,1232,697,4,3,0.0,0.5714285714285714,2265
Barry Hawkins,Neil Robertson,7,1483,1538,0.42527567806654565,0.4656790563306954,884,543,6342,3514,861,566,6326,3621,304,164,1181,654,368,226,1163,707,4,2,0.0,0.6666666666666666,2265
Marco Fu,Mark King,7,1462,1376,0.6157933128709394,0.5535439031511183,852,507,6358,3462,915,514,6718,3540,331,175,1268,706,338,185,1065,592,4,2,0.0,0.6666666666666666,2265
Ryan Day,Shaun Murphy,7,1445,1557,0.35077688766853815,0.43045377606077095,876,531,6116,3371,998,661,7330,4200,354,189,1250,699,465,275,1411,843,4,2,0.0,0.6666666666666666,2265
Barry Hawkins,Liang Wenbo,11,1483,1418,0.6085391782790425,0.5405358392737893,884,543,6342,3514,576,349,4012,2219,304,164,1181,654,279,152,1264,711,6,1,0.0,0.8571428571428571,2265
Ryan Day,Marco Fu,11,1445,1462,0.47126374656647324,0.4893765989950364,876,531,6116,3371,852,507,6358,3462,354,189,1250,699,331,175,1268,706,6,4,0.0,0.6,2265
Barry Hawkins,Ryan Day,19,1483,1445,0.5830685315489563,0.523732154126561,884,543,6342,3514,876,531,6116,3371,304,164,1181,654,354,189,1250,699,10,7,0.0,0.5882352941176471,2265
Zhang Yong,Mike Dunn,9,1166,1270,0.34442552629041145,0.4353637081969708,88,35,534,225,697,371,5113,2633,198,89,441,187,227,115,752,386,5,4,0.0,0.5555555555555556,2259
Fang Xiongman,Michael Wild,9,1171,1122,0.5748977901659925,0.530586760182081,71,30,425,192,302,157,1854,974,167,69,313,138,62,23,219,79,5,4,0.0,0.5555555555555556,2259
Zhao Xintong,Li Hang,9,1375,1386,0.483086384305378,0.4931254332354657,128,66,848,451,250,131,1801,936,187,93,535,283,317,173,799,427,5,3,0.0,0.625,2259
Ben Woollaston,Zak Surety,9,1393,1162,0.8118363604456017,0.6404919537233386,566,325,3677,1967,124,56,733,348,326,180,1108,589,30,17,335,155,5,1,0.0,0.8333333333333334,2259
Gary Wilson,Rod Lawler,9,1356,1239,0.6737542556151955,0.5726080638632601,387,224,2509,1362,800,431,6093,3151,270,142,749,393,142,56,648,301,5,3,0.0,0.625,2259
Kyren Wilson,Xiao Guodong,9,1459,1448,0.5169136156946217,0.5068745667645342,416,255,2730,1504,417,246,2784,1544,406,223,1243,698,303,179,823,463,5,1,0.0,0.8333333333333334,2259
Mark Williams,Fergal O'Brien,9,1567,1349,0.7982810462660692,0.6329747766804606,1350,891,10216,5878,867,495,6526,3439,495,317,1594,958,255,123,920,474,5,3,0.0,0.625,2259
Robbie Williams,Andy Hicks,9,1339,1265,0.6122172280083397,0.5461185410457796,347,188,2259,1158,612,331,4916,2551,220,111,706,359,102,59,345,179,5,2,0.0,0.7142857142857143,2259
Michael White,Chen Zhe,9,1412,1170,0.8228339524244989,0.6467993925579857,465,270,3128,1668,197,93,1210,585,351,191,1173,623,124,44,289,124,5,4,0.0,0.5555555555555556,2259
Jimmy White,Zhou Yuelong,9,1221,1409,0.23526769602932074,0.38461624360881785,1421,792,12140,6373,166,94,1135,604,172,73,455,199,297,166,841,456,5,3,0.0,0.625,2259
Ricky Walden,Daniel Womersley,9,1353,1018,0.8986455903223913,0.6979384260080908,798,483,5626,3107,22,8,122,52,314,166,1177,632,23,9,122,52,5,3,0.0,0.625,2259
Thepchaiya Un-Nooh,Joe Swail,9,1379,1228,0.7192102444974917,0.5932699921071872,304,174,2190,1161,834,447,6488,3369,274,144,961,513,221,104,694,338,5,3,0.0,0.625,2259
Judd Trump,Paul Davison,9,1605,1230,0.9223700263151574,0.7185943925708561,860,585,5832,3454,663,347,4636,2357,473,300,1661,1027,197,96,545,249,5,0,0.0,1.0,2259
Allan Taylor,Elliot Slessor,9,1249,1289,0.4387318882192537,0.47502081252106,286,135,1708,837,155,70,943,442,217,104,513,219,221,110,525,256,5,3,0.0,0.625,2259
Matthew Stevens,Chris Wakelin,9,1319,1315,0.5061520874125972,0.5024999791668749,922,537,7128,3877,167,85,1121,564,192,91,735,381,229,117,693,347,5,3,0.0,0.625,2259
Adam Stefanow,Martin O'Donnell,9,1114,1297,0.24115921937736967,0.38757906065208403,60,27,329,158,297,144,1858,933,79,37,233,109,257,132,623,318,5,4,0.0,0.5555555555555556,2259
Craig Steadman,Jason Weston,9,1235,1048,0.763560717707773,0.6147918694922195,421,226,2777,1448,312,162,2373,1217,168,71,590,274,49,16,270,96,5,1,0.0,0.8333333333333334,2259
Akani Songsermsawad,Graeme Dott,9,1327,1415,0.3673260343741166,0.4452207648927852,72,36,541,275,835,490,6419,3439,248,128,502,258,325,176,1023,551,5,2,0.0,0.7142857142857143,2259
Matthew Selt,Ian Preece,9,1370,1235,0.6982190316058211,0.5835831155172753,534,292,3658,1918,213,114,1550,796,226,114,1079,580,165,74,285,137,5,2,0.0,0.7142857142857143,2259
Mark Selby,Dechawat Poomjaeng,9,1586,1255,0.895995910361251,0.6958260586292875,1041,723,7626,4462,236,124,1709,867,489,290,1758,1081,46,19,496,246,5,0,0.0,1.0,2259
Noppon Saengkham,Josh Boileau,9,1307,1069,0.8188851011711408,0.6445115537062945,201,91,1454,684,82,33,467,206,295,149,753,358,128,43,306,122,5,1,0.0,0.8333333333333334,2259
Neil Robertson,Lee Walker,9,1547,1310,0.8178889041226648,0.643938555965633,864,568,6343,3631,451,246,3493,1797,385,236,1180,717,221,106,616,293,5,2,0.0,0.7142857142857143,2259
Joe Perry,Kurt Maflin,9,1421,1348,0.6107426198208319,0.5454987872127821,1009,599,7245,3922,516,298,3462,1869,309,173,1252,708,259,138,824,436,5,3,0.0,0.625,2259
Tian Pengfei,Zhang Anda,9,1362,1288,0.6122172280083397,0.5461185410457796,366,206,2432,1300,294,146,2047,1021,243,130,709,378,187,87,713,357,5,4,0.0,0.5555555555555556,2259
Ronnie O'Sullivan,Darryl Hill,9,1631,1014,0.9886108861476525,0.823827857809139,1191,909,10371,6339,66,19,420,160,437,279,1136,726,60,24,273,91,5,4,0.0,0.5555555555555556,2259
Shaun Murphy,Daniel Wells,9,1556,1293,0.8426210458793881,0.6586985747356444,1001,663,7348,4210,340,167,2276,1125,483,285,1429,853,226,110,649,323,5,1,0.0,0.8333333333333334,2259
Ross Muir,Itaro Santos,9,1227,852,0.9223700263151574,0.7185943925708561,146,55,969,431,85,22,479,170,178,77,554,246,16,0,95,13,5,2,0.0,0.7142857142857143,2259
Robert Milkins,Gareth Allen,9,1386,1119,0.8462103226165194,0.6609431415591629,826,498,6009,3268,164,74,949,448,292,160,1087,578,71,30,357,153,5,3,0.0,0.625,2259
Aditya Mehta,Nigel Bond,9,1241,1246,0.4923100709602251,0.4968750406894683,280,134,1917,938,850,465,6709,3518,174,76,459,206,167,73,530,237,5,4,0.0,0.5555555555555556,2259
Stephen Maguire,Mitchell Mann,9,1494,1256,0.8188851011711408,0.6445115537062945,914,606,6692,3819,233,108,1478,711,432,260,1272,725,195,91,585,263,5,4,0.0,0.5555555555555556,2259
Jack Lisowski,David Grace,9,1382,1280,0.6527423440531748,0.5634067862621936,397,236,2587,1400,311,142,2065,995,310,167,787,413,210,99,637,307,5,1,0.0,0.8333333333333334,2259
Mark King,Rhys Clark,9,1386,1235,0.7192102444974917,0.5932699921071872,918,516,6738,3550,119,51,740,341,358,195,1085,602,146,63,464,204,5,1,0.0,0.8333333333333334,2259
Christopher Keogan,Brandon Sargeant,9,1139,1103,0.5551848201387266,0.5224848247918001,138,53,779,352,69,29,395,189,125,41,385,175,52,28,284,139,5,3,0.0,0.625,2259
Boonyarit Keattikun,Scott Donaldson,9,1090,1336,0.1732747404981928,0.3509194757554267,43,10,305,117,212,103,1414,691,82,21,257,93,192,94,585,275,5,3,0.0,0.625,2259
Mark Joyce,Kritsanut Lertsattayathorn,9,1381,1208,0.7468086860638347,0.6064704870683034,451,241,3255,1665,30,13,234,114,319,170,791,419,33,13,161,75,5,1,0.0,0.8333333333333334,2259
Jak Jones,Jamie Cope,9,1165,1237,0.39073366664049125,0.45512110762641994,164,64,1049,459,555,296,3751,1910,138,53,297,123,107,59,497,241,5,1,0.0,0.8333333333333334,2259
Jamie Jones,Oliver Lines,9,1358,1215,0.7088074446636303,0.5884351201276382,485,289,3209,1741,183,92,1162,585,245,129,809,433,195,88,635,302,5,3,0.0,0.625,2259
Robin Hull,Luca Brecel,9,1267,1475,0.2125538504111123,0.3728522336868044,518,307,3913,2137,319,185,2212,1193,154,68,557,282,389,228,1081,617,5,3,0.0,0.625,2259
Michael Holt,James Wattana,9,1346,1211,0.6982190316058211,0.5835831155172753,800,464,5808,3091,800,434,6738,3530,286,150,1217,646,138,57,448,186,5,0,0.0,1.0,2259
Liam Highfield,Hammad Miah,9,1374,1202,0.7455874700303385,0.6058736684317606,332,178,2259,1189,129,48,860,377,199,101,627,324,175,76,558,259,5,1,0.0,0.8333333333333334,2259
Andrew Higginson,Jamie Barrett,9,1357,1006,0.9087298931566316,0.706303891936407,699,416,4926,2699,76,29,434,179,223,115,760,403,116,28,265,95,5,0,0.0,1.0,2259
John Higgins,Rory McLeod,9,1595,1276,0.8877306915973698,0.6894394530607736,1376,973,11034,6537,562,306,4197,2173,482,302,1590,963,269,127,730,354,5,4,0.0,0.5555555555555556,2259
Barry Hawkins,Ian Burns,9,1540,1256,0.8608272920014749,0.6704011598088686,889,548,6383,3542,315,162,1990,1010,345,192,1222,682,177,76,592,274,5,3,0.0,0.625,2259
Anthony Hamilton,Anthony McGill,9,1323,1415,0.36155023935086533,0.44275214540144436,820,474,6301,3361,463,289,3005,1666,195,89,665,329,388,212,1169,655,5,2,0.0,0.7142857142857143,2259
Martin Gould,Sanderson Lam,9,1439,1203,0.8168891158426366,0.6433651456944017,641,388,4351,2389,139,57,845,383,351,194,1020,574,193,89,469,207,5,1,0.0,0.8333333333333334,2259
David Gilbert,Kurt Dunham,9,1390,890,0.9693571928858792,0.7772998611746911,556,317,4032,2160,31,3,173,38,350,189,1182,654,99,18,173,38,5,3,0.0,0.625,2259
Marco Fu,David John,9,1472,1092,0.9249966076249283,0.7211151780228631,856,510,6386,3478,94,41,606,280,359,191,1296,722,71,18,209,80,5,3,0.0,0.625,2259
Tom Ford,Duane Jones,9,1370,1176,0.7716906952520353,0.6189278548001903,584,333,4156,2217,157,80,923,477,297,160,893,484,156,62,416,181,5,1,0.0,0.8333333333333334,2259
Igor Figueiredo,Eden Sharav,9,1231,1223,0.5123026370468309,0.5049998333399998,100,50,736,354,133,64,804,381,69,35,197,87,184,81,481,206,5,2,0.0,0.7142857142857143,2259
Peter Ebdon,Michael Georgiou,9,1340,1261,0.6195643657627519,0.5492151291013335,1058,605,8317,4461,205,95,1242,605,267,139,972,517,175,80,606,291,5,3,0.0,0.625,2259
Adam Duffy,Mei Xiwen,9,1221,1285,0.4026018402868163,0.46008511544443426,325,163,2065,1049,89,43,583,288,131,46,659,334,169,79,327,167,5,3,0.0,0.625,2259
Yu Delu,Peter Lines,9,1347,1299,0.5733876953909138,0.5299640517645717,264,133,1857,943,763,411,5539,2873,217,117,617,306,206,102,647,321,5,1,0.0,0.8333333333333334,2259
Ryan Day,Thor Chuan Leong,9,1474,1167,0.8789822368385559,0.6829798455801029,881,535,6161,3396,76,22,505,204,399,214,1295,724,148,63,477,201,5,0,0.0,1.0,2259
Mark Davis,Fraser Patrick,9,1451,1192,0.8389743547486134,0.6564468724566059,1052,634,7453,4078,196,81,1284,588,281,154,1226,690,85,41,371,160,5,3,0.0,0.625,2259
Dominic Dale,Alan McManus,9,1328,1344,0.4754070207556724,0.4900013331200346,906,519,6455,3443,920,546,7687,4084,212,109,989,524,223,118,845,456,5,4,0.0,0.5555555555555556,2259
Ali Carter,Wang Yuchen,9,1488,1070,0.9427044379406582,0.7398136066696879,880,533,6230,3441,60,16,385,146,253,141,1086,615,132,48,269,102,5,0,0.0,1.0,2259
Stuart Carrington,Ken Doherty,9,1413,1337,0.6151613259908093,0.5473576181430894,310,169,2002,1060,1116,680,9087,4988,233,129,730,385,217,115,681,338,5,2,0.0,0.7142857142857143,2259
James Cahill,Cao Yupeng,9,1166,1381,0.20493240218576003,0.36876933738359946,139,48,887,375,242,123,1724,873,71,33,363,148,274,151,594,297,5,4,0.0,0.5555555555555556,2259
Alex Borg,Sydney Wilson,9,1121,1125,0.4938479125874028,0.49750002083312506,367,155,2619,1192,177,64,1054,464,126,45,354,153,75,36,364,143,5,3,0.0,0.625,2259
Yan Bingtao,Sam Baird,9,1462,1294,0.7406703376244016,0.6034832498647263,109,66,761,426,322,167,2233,1148,335,196,623,350,186,89,701,355,5,1,0.0,0.8333333333333334,2259
Stuart Bingham,Alfie Burden,9,1521,1300,0.8014626063427572,0.6347154153791584,1036,659,7570,4319,656,353,4746,2439,316,188,1520,882,215,101,657,321,5,2,0.0,0.7142857142857143,2259
John Astley,Jimmy Robertson,9,1296,1365,0.39517238532458393,0.4569816192756902,187,89,1167,552,455,250,3074,1602,216,107,448,218,310,164,912,494,5,1,0.0,0.8333333333333334,2259
Mark Allen,Sean O'Sullivan,9,1519,1168,0.9087298931566316,0.706303891936407,707,458,4886,2758,196,82,1228,565,384,226,1168,676,178,71,543,249,5,4,0.0,0.5555555555555556,2259
Zhang Yong,Mark Davis,9,1166,1451,0.13834484781865164,0.32904666709422237,88,35,534,225,1052,634,7453,4078,198,89,441,187,281,154,1226,690,5,3,0.0,0.625,2259
Zhao Xintong,John Higgins,9,1375,1595,0.19959436447291212,0.36586440898919936,128,66,848,451,1376,973,11034,6537,187,93,535,283,482,302,1590,963,5,1,0.0,0.8333333333333334,2259
Ben Woollaston,Tian Pengfei,9,1393,1362,0.5475616243336275,0.519365308229932,566,325,3677,1967,366,206,2432,1300,326,180,1108,589,243,130,709,378,5,1,0.0,0.8333333333333334,2259
Mark Williams,Mark Joyce,9,1567,1381,0.7623857644063681,0.6141996427768951,1350,891,10216,5878,451,241,3255,1665,495,317,1594,958,319,170,791,419,5,4,0.0,0.5555555555555556,2259
Jimmy White,Joe Perry,9,1221,1421,0.22147393832648926,0.3775406687981454,1421,792,12140,6373,1009,599,7245,3922,172,73,455,199,309,173,1252,708,5,3,0.0,0.625,2259
Michael White,Liam Highfield,9,1412,1374,0.5582282705684568,0.523732154126561,465,270,3128,1668,332,178,2259,1189,351,191,1173,623,199,101,627,324,5,4,0.0,0.5555555555555556,2259
Ricky Walden,Robbie Williams,9,1353,1339,0.5215222176025543,0.5087491068802403,798,483,5626,3107,347,188,2259,1158,314,166,1177,632,220,111,706,359,5,1,0.0,0.8333333333333334,2259
Thepchaiya Un-Nooh,Aditya Mehta,9,1379,1241,0.7022109959534144,0.585404569129465,304,174,2190,1161,280,134,1917,938,274,144,961,513,174,76,459,206,5,4,0.0,0.5555555555555556,2259
Akani Songsermsawad,Jack Lisowski,9,1327,1382,0.4160666695379549,0.4656790563306954,72,36,541,275,397,236,2587,1400,248,128,502,258,310,167,787,413,5,4,0.0,0.5555555555555556,2259
Mark Selby,Fang Xiongman,9,1586,1171,0.9414445269047842,0.7383673414380187,1041,723,7626,4462,71,30,425,192,489,290,1758,1081,167,69,313,138,5,0,0.0,1.0,2259
Neil Robertson,Christopher Keogan,9,1547,1139,0.9384158912094683,0.7349725994665188,864,568,6343,3631,138,53,779,352,385,236,1180,717,125,41,385,175,5,1,0.0,0.8333333333333334,2259
Ronnie O'Sullivan,Gary Wilson,9,1631,1356,0.853217103541739,0.665410558746814,1191,909,10371,6339,387,224,2509,1362,437,279,1136,726,270,142,749,393,5,3,0.0,0.625,2259
Stephen Maguire,Noppon Saengkham,9,1494,1307,0.763560717707773,0.6147918694922195,914,606,6692,3819,201,91,1454,684,432,260,1272,725,295,149,753,358,5,4,0.0,0.5555555555555556,2259
Mark King,Andrew Higginson,9,1386,1357,0.5445070087292267,0.5181170650431814,918,516,6738,3550,699,416,4926,2699,358,195,1085,602,223,115,760,403,5,3,0.0,0.625,2259
Jamie Jones,James Cahill,9,1358,1166,0.7693848278621133,0.617747874769249,485,289,3209,1741,139,48,887,375,245,129,809,433,71,33,363,148,5,2,0.0,0.7142857142857143,2259
Robin Hull,Matthew Stevens,9,1267,1319,0.42057894147456754,0.4675456936126812,518,307,3913,2137,922,537,7128,3877,154,68,557,282,192,91,735,381,5,3,0.0,0.625,2259
Michael Holt,Igor Figueiredo,9,1346,1231,0.6709840397710257,0.5713839816769324,800,464,5808,3091,100,50,736,354,286,150,1217,646,69,35,197,87,5,3,0.0,0.625,2259
Barry Hawkins,Jak Jones,9,1540,1165,0.9223700263151574,0.7185943925708561,889,548,6383,3542,164,64,1049,459,345,192,1222,682,138,53,297,123,5,0,0.0,1.0,2259
Anthony Hamilton,Boonyarit Keattikun,9,1323,1090,0.8138682185826697,0.6416424532015634,820,474,6301,3361,43,10,305,117,195,89,665,329,82,21,257,93,5,3,0.0,0.625,2259
Martin Gould,Craig Steadman,9,1439,1235,0.7830139367356328,0.6248064744684293,641,388,4351,2389,421,226,2777,1448,351,194,1020,574,168,71,590,274,5,1,0.0,0.8333333333333334,2259
David Gilbert,Allan Taylor,9,1390,1249,0.7061774724656459,0.587223690839335,556,317,4032,2160,286,135,1708,837,350,189,1182,654,217,104,513,219,5,2,0.0,0.7142857142857143,2259
Marco Fu,Adam Stefanow,9,1472,1114,0.912888673167789,0.7099209183344533,856,510,6386,3478,60,27,329,158,359,191,1296,722,79,37,233,109,5,1,0.0,0.8333333333333334,2259
Tom Ford,Judd Trump,9,1370,1605,0.18411426223135344,0.35720867575922377,584,333,4156,2217,860,585,5832,3454,297,160,893,484,473,300,1661,1027,5,1,0.0,0.8333333333333334,2259
Peter Ebdon,Matthew Selt,9,1340,1370,0.4539653256740722,0.4812587841214648,1058,605,8317,4461,534,292,3658,1918,267,139,972,517,226,114,1079,580,5,4,0.0,0.5555555555555556,2259
Ryan Day,Robert Milkins,9,1474,1386,0.6326739656258834,0.5547792351072148,881,535,6161,3396,826,498,6009,3268,399,214,1295,724,292,160,1087,578,5,3,0.0,0.625,2259
Dominic Dale,Alex Borg,9,1328,1121,0.786343333554673,0.6265629971237182,906,519,6455,3443,367,155,2619,1192,212,109,989,524,126,45,354,153,5,1,0.0,0.8333333333333334,2259
Ali Carter,Ross Muir,9,1488,1227,0.8408048830150162,0.6575736106164225,880,533,6230,3441,146,55,969,431,253,141,1086,615,178,77,554,246,5,4,0.0,0.5555555555555556,2259
Stuart Carrington,Sam Craigie,9,1413,1291,0.6806355880474421,0.5756643510425494,310,169,2002,1060,147,74,887,455,233,129,730,385,168,76,443,229,5,1,0.0,0.8333333333333334,2259
Yan Bingtao,Shaun Murphy,9,1462,1556,0.35867462873861855,0.44151888756183866,109,66,761,426,1001,663,7348,4210,335,196,623,350,483,285,1429,853,5,4,0.0,0.5555555555555556,2259
Stuart Bingham,Yu Delu,9,1521,1347,0.748026655837828,0.6070669880717036,1036,659,7570,4319,264,133,1857,943,316,188,1520,882,217,117,617,306,5,3,0.0,0.625,2259
John Astley,Kyren Wilson,9,1296,1459,0.2655479256086079,0.3995117254730337,187,89,1167,552,416,255,2730,1504,216,107,448,218,406,223,1243,698,5,4,0.0,0.5555555555555556,2259
Mark Allen,Adam Duffy,9,1519,1221,0.8720975009961879,0.6780882495516275,707,458,4886,2758,325,163,2065,1049,384,226,1168,676,131,46,659,334,5,2,0.0,0.7142857142857143,2259
Zhao Xintong,Akani Songsermsawad,9,1375,1327,0.5733876953909138,0.5299640517645717,128,66,848,451,72,36,541,275,187,93,535,283,248,128,502,258,5,0,0.0,1.0,2259
Ben Woollaston,Neil Robertson,9,1393,1547,0.2769379275423167,0.40492152613386595,566,325,3677,1967,864,568,6343,3631,326,180,1108,589,385,236,1180,717,5,4,0.0,0.5555555555555556,2259
Ricky Walden,John Astley,9,1353,1296,0.5869351044529159,0.5355648379838539,798,483,5626,3107,187,89,1167,552,314,166,1177,632,216,107,448,218,5,4,0.0,0.5555555555555556,2259
Mark Selby,Thepchaiya Un-Nooh,9,1586,1379,0.786343333554673,0.6265629971237182,1041,723,7626,4462,304,174,2190,1161,489,290,1758,1081,274,144,961,513,5,0,0.0,1.0,2259
Mark King,Ronnie O'Sullivan,9,1386,1631,0.1742421700270737,0.351489125261079,918,516,6738,3550,1191,909,10371,6339,358,195,1085,602,437,279,1136,726,5,4,0.0,0.5555555555555556,2259
Robin Hull,Jimmy White,9,1267,1221,0.5703641336320321,0.5287183569514396,518,307,3913,2137,1421,792,12140,6373,154,68,557,282,172,73,455,199,5,4,0.0,0.5555555555555556,2259
Michael Holt,Stuart Carrington,9,1346,1413,0.39813953546930514,0.4582226307163632,800,464,5808,3091,310,169,2002,1060,286,150,1217,646,233,129,730,385,5,1,0.0,0.8333333333333334,2259
Barry Hawkins,Michael White,9,1540,1412,0.6888075102228256,0.5793242521487495,889,548,6383,3542,465,270,3128,1668,345,192,1222,682,351,191,1173,623,5,1,0.0,0.8333333333333334,2259
Anthony Hamilton,Mark Williams,9,1323,1567,0.17521319807206864,0.35205919791934975,820,474,6301,3361,1350,891,10216,5878,195,89,665,329,495,317,1594,958,5,3,0.0,0.625,2259
Martin Gould,Jamie Jones,9,1439,1358,0.6224907473842691,0.5504527113395278,641,388,4351,2389,485,289,3209,1741,351,194,1020,574,245,129,809,433,5,0,0.0,1.0,2259
David Gilbert,Marco Fu,9,1390,1472,0.37604881649493793,0.448928730692658,556,317,4032,2160,856,510,6386,3478,350,189,1182,654,359,191,1296,722,5,3,0.0,0.625,2259
Tom Ford,Peter Ebdon,9,1370,1340,0.5460346743259274,0.5187412158785352,584,333,4156,2217,1058,605,8317,4461,297,160,893,484,267,139,972,517,5,2,0.0,0.7142857142857143,2259
Ryan Day,Mark Allen,9,1474,1519,0.4311492878986184,0.4719046255916129,881,535,6161,3396,707,458,4886,2758,399,214,1295,724,384,226,1168,676,5,1,0.0,0.8333333333333334,2259
Ali Carter,Stephen Maguire,9,1488,1494,0.49077234947048,0.496250070310918,880,533,6230,3441,914,606,6692,3819,253,141,1086,615,432,260,1272,725,5,1,0.0,0.8333333333333334,2259
Yan Bingtao,Dominic Dale,9,1462,1328,0.6968827791173715,0.5829754542011996,109,66,761,426,906,519,6455,3443,335,196,623,350,212,109,989,524,5,2,0.0,0.7142857142857143,2259
Stuart Bingham,Zhang Yong,9,1521,1166,0.91112487624584,0.708373991032327,1036,659,7570,4319,88,35,534,225,316,188,1520,882,198,89,441,187,5,3,0.0,0.625,2259
Barry Hawkins,Ben Woollaston,9,1540,1393,0.7140324724419308,0.5908547524545943,889,548,6383,3542,566,325,3677,1967,345,192,1222,682,326,180,1108,589,5,2,0.0,0.7142857142857143,2259
Anthony Hamilton,Mark Selby,9,1323,1586,0.1573789541206118,0.3413014252643556,820,474,6301,3361,1041,723,7626,4462,195,89,665,329,489,290,1758,1081,5,2,0.0,0.7142857142857143,2259
Martin Gould,Ricky Walden,9,1439,1353,0.6297740923567853,0.5535439031511183,641,388,4351,2389,798,483,5626,3107,351,194,1020,574,314,166,1177,632,5,3,0.0,0.625,2259
Tom Ford,Mark King,9,1370,1386,0.4754070207556724,0.4900013331200346,584,333,4156,2217,918,516,6738,3550,297,160,893,484,358,195,1085,602,5,2,0.0,0.7142857142857143,2259
Ryan Day,Robin Hull,9,1474,1267,0.786343333554673,0.6265629971237182,881,535,6161,3396,518,307,3913,2137,399,214,1295,724,154,68,557,282,5,4,0.0,0.5555555555555556,2259
Ali Carter,Zhao Xintong,9,1488,1375,0.6682039188696021,0.5701590253818352,880,533,6230,3441,128,66,848,451,253,141,1086,615,187,93,535,283,5,4,0.0,0.5555555555555556,2259
Yan Bingtao,Michael Holt,9,1462,1346,0.6723703942210427,0.5719961329315186,109,66,761,426,800,464,5808,3091,335,196,623,350,286,150,1217,646,5,1,0.0,0.8333333333333334,2259
Stuart Bingham,David Gilbert,9,1521,1390,0.6928574316362668,0.5811509642893937,1036,659,7570,4319,556,317,4032,2160,316,188,1520,882,350,189,1182,654,5,4,0.0,0.5555555555555556,2259
Anthony Hamilton,Barry Hawkins,9,1323,1540,0.2027865650361672,0.3676062104304372,820,474,6301,3361,889,548,6383,3542,195,89,665,329,345,192,1222,682,5,4,0.0,0.5555555555555556,2259
Martin Gould,Ryan Day,9,1439,1474,0.4463382005151679,0.47813894602839846,641,388,4351,2389,881,535,6161,3396,351,194,1020,574,399,214,1295,724,5,2,0.0,0.7142857142857143,2259
Ali Carter,Tom Ford,9,1488,1370,0.675135607304274,0.5732197726798348,880,533,6230,3441,584,333,4156,2217,253,141,1086,615,297,160,893,484,5,2,0.0,0.7142857142857143,2259
Stuart Bingham,Yan Bingtao,9,1521,1462,0.5899315453398475,0.5368082899889803,1036,659,7570,4319,109,66,761,426,316,188,1520,882,335,196,623,350,5,2,0.0,0.7142857142857143,2259
Anthony Hamilton,Stuart Bingham,11,1323,1521,0.20169807571775378,0.37871640480893215,820,474,6301,3361,1036,659,7570,4319,195,89,665,329,316,188,1520,882,6,4,0.0,0.6,2259
Ali Carter,Martin Gould,11,1488,1439,0.5822852092365003,0.530586760182081,880,533,6230,3441,641,388,4351,2389,253,141,1086,615,351,194,1020,574,6,2,0.0,0.75,2259
Anthony Hamilton,Ali Carter,17,1323,1488,0.19489609435569075,0.3983128198171432,820,474,6301,3361,880,533,6230,3441,195,89,665,329,253,141,1086,615,9,6,0.0,0.6,2259
Mark Selby,Mark Williams,11,1601,1545,0.5938261596175556,0.5349429451582145,1045,726,7648,4479,1353,893,10241,5891,511,307,1780,1098,520,330,1619,971,6,5,0.0,0.5454545454545454,2260
Neil Robertson,Ali Carter,11,1546,1509,0.5623333713673805,0.523108525489089,867,570,6365,3645,887,539,6289,3478,407,250,1202,731,312,178,1145,652,6,3,0.0,0.6666666666666666,2260
Joe Perry,Stuart Bingham,11,1411,1517,0.3267519546873183,0.4341349971045183,1011,600,7261,3930,1042,664,7619,4348,325,181,1268,716,365,217,1569,911,6,1,0.0,0.8571428571428571,2260
Ronnie O'Sullivan,Liang Wenbo,11,1597,1425,0.7663020508102693,0.6058736684317606,1194,911,10397,6353,580,352,4037,2232,463,293,1162,740,304,165,1289,724,6,5,0.0,0.5454545454545454,2260
Ding Junhui,Kyren Wilson,11,1521,1464,0.5954682100046357,0.5355648379838539,706,473,5409,3093,418,256,2745,1513,353,200,1246,710,421,232,1258,707,6,3,0.0,0.6666666666666666,2260
Barry Hawkins,Shaun Murphy,11,1555,1556,0.49830811075590464,0.4993750003255206,894,552,6418,3566,1003,664,7363,4219,380,216,1257,706,498,294,1444,862,6,1,0.0,0.8571428571428571,2260
Marco Fu,Judd Trump,11,1461,1593,0.2882274539121979,0.4182406231581638,859,512,6408,3491,862,586,5843,3460,381,204,1318,735,484,306,1672,1033,6,5,0.0,0.5454545454545454,2260
Mark Allen,John Higgins,11,1494,1563,0.38497189818865285,0.4569816192756902,710,460,4908,2769,1378,974,11049,6543,406,237,1190,687,497,308,1605,969,6,5,0.0,0.5454545454545454,2260
Joe Perry,Ding Junhui,11,1411,1521,0.32068343769396374,0.4316800165217519,1011,600,7261,3930,706,473,5409,3093,325,181,1268,716,353,200,1246,710,6,1,0.0,0.8571428571428571,2260
Ronnie O'Sullivan,Neil Robertson,11,1597,1546,0.5855906534878264,0.5318318894162242,1194,911,10397,6353,867,570,6365,3645,463,293,1162,740,407,250,1202,731,6,3,0.0,0.6666666666666666,2260
Barry Hawkins,Mark Selby,11,1555,1601,0.42268426763510913,0.4712816430485603,894,552,6418,3566,1045,726,7648,4479,380,216,1257,706,511,307,1780,1098,6,3,0.0,0.6666666666666666,2260
Marco Fu,Mark Allen,11,1461,1494,0.44435687288841547,0.47938669028555136,859,512,6408,3491,710,460,4908,2769,381,204,1318,735,406,237,1190,687,6,2,0.0,0.75,2260
Joe Perry,Barry Hawkins,11,1411,1555,0.2712306262782231,0.41095956594133487,1011,600,7261,3930,894,552,6418,3566,325,181,1268,716,380,216,1257,706,6,5,0.0,0.5454545454545454,2260
Ronnie O'Sullivan,Marco Fu,11,1597,1461,0.7174960378979142,0.5841905229354074,1194,911,10397,6353,859,512,6408,3491,463,293,1162,740,381,204,1318,735,6,4,0.0,0.6,2260
Ronnie O'Sullivan,Joe Perry,19,1597,1411,0.84669209107247,0.6141996427768951,1194,911,10397,6353,1011,600,7261,3930,463,293,1162,740,325,181,1268,716,10,7,0.0,0.5882352941176471,2260
Ben Woollaston,Mark Davis,5,1420,1430,0.4882830807686246,0.49375032550048964,570,328,3705,1984,1054,635,7469,4086,354,197,1136,606,297,162,1242,698,3,1,0.0,0.75,2262
Ben Woollaston,Robert Milkins,5,1420,1380,0.5467581048282663,0.52497918747894,570,328,3705,1984,828,499,6025,3276,354,197,1136,606,308,168,1103,586,3,2,0.0,0.6,2262
Matthew Selt,Ben Woollaston,5,1372,1420,0.4439517732929926,0.4700359482354282,536,293,3674,1927,570,328,3705,1984,242,123,1095,589,354,197,1136,606,3,2,0.0,0.6,2262
Matthew Selt,Robert Milkins,5,1372,1380,0.49062593740625826,0.4950001666600003,536,293,3674,1927,828,499,6025,3276,242,123,1095,589,308,168,1103,586,3,1,0.0,0.75,2262
Matthew Selt,Ryan Day,5,1372,1490,0.3646630049010261,0.42678022732016513,536,293,3674,1927,886,539,6196,3418,242,123,1095,589,434,236,1330,746,3,1,0.0,0.75,2262
Robert Milkins,Mark Davis,5,1380,1430,0.44163424081696845,0.46879062662624377,828,499,6025,3276,1054,635,7469,4086,308,168,1103,586,297,162,1242,698,3,2,0.0,0.6,2262
Anthony McGill,Matthew Selt,5,1400,1372,0.5327723538739585,0.5174928576663897,464,289,3012,1668,536,293,3674,1927,395,214,1176,657,242,123,1095,589,3,2,0.0,0.6,2262
Anthony McGill,Robert Milkins,5,1400,1380,0.5234228607127622,0.5124973964842103,464,289,3012,1668,828,499,6025,3276,395,214,1176,657,308,168,1103,586,3,1,0.0,0.75,2262
Anthony McGill,Ryan Day,5,1400,1490,0.3958493803112607,0.44398610945538003,464,289,3012,1668,886,539,6196,3418,395,214,1176,657,434,236,1330,746,3,1,0.0,0.75,2262
Anthony McGill,Ben Woollaston,5,1400,1420,0.47657713928723755,0.4875026035157896,464,289,3012,1668,570,328,3705,1984,395,214,1176,657,354,197,1136,606,3,0,0.0,1.0,2262
David Gilbert,Robert Milkins,5,1400,1380,0.5234228607127622,0.5124973964842103,560,320,4064,2179,828,499,6025,3276,382,208,1214,673,308,168,1103,586,3,0,0.0,1.0,2262
David Gilbert,Ben Woollaston,5,1400,1420,0.47657713928723755,0.4875026035157896,560,320,4064,2179,570,328,3705,1984,382,208,1214,673,354,197,1136,606,3,2,0.0,0.6,2262
David Gilbert,Matthew Selt,5,1400,1372,0.5327723538739585,0.5174928576663897,560,320,4064,2179,536,293,3674,1927,382,208,1214,673,242,123,1095,589,3,1,0.0,0.75,2262
David Gilbert,Anthony McGill,5,1400,1400,0.5,0.5,560,320,4064,2179,464,289,3012,1668,382,208,1214,673,395,214,1176,657,3,2,0.0,0.6,2262
Ryan Day,Robert Milkins,5,1490,1380,0.626514441159436,0.5683199834782481,886,539,6196,3418,828,499,6025,3276,434,236,1330,746,308,168,1103,586,3,1,0.0,0.75,2262
Ryan Day,Ben Woollaston,5,1490,1420,0.5814079746991073,0.5436386872370789,886,539,6196,3418,570,328,3705,1984,434,236,1330,746,354,197,1136,606,3,1,0.0,0.75,2262
Ryan Day,David Gilbert,5,1490,1400,0.6041506196887392,0.5560138905446199,886,539,6196,3418,560,320,4064,2179,434,236,1330,746,382,208,1214,673,3,0,0.0,1.0,2262
Mark Davis,Ryan Day,5,1430,1490,0.4300807939975804,0.46257015465625045,1054,635,7469,4086,886,539,6196,3418,297,162,1242,698,434,236,1330,746,3,2,0.0,0.6,2262
Mark Davis,Anthony McGill,5,1430,1400,0.5351068809607274,0.5187412158785352,1054,635,7469,4086,464,289,3012,1668,297,162,1242,698,395,214,1176,657,3,1,0.0,0.75,2262
Mark Davis,David Gilbert,5,1430,1400,0.5351068809607274,0.5187412158785352,1054,635,7469,4086,560,320,4064,2179,297,162,1242,698,382,208,1214,673,3,2,0.0,0.6,2262
Mark Davis,Matthew Selt,5,1430,1372,0.5676133584967381,0.5361866202317948,1054,635,7469,4086,536,293,3674,1927,297,162,1242,698,242,123,1095,589,3,1,0.0,0.75,2262
David Gilbert,Mark Davis,5,1400,1430,0.46489311903927244,0.4812587841214648,560,320,4064,2179,1054,635,7469,4086,382,208,1214,673,297,162,1242,698,3,1,0.0,0.75,2262
Ryan Day,Anthony McGill,5,1490,1400,0.6041506196887392,0.5560138905446199,886,539,6196,3418,464,289,3012,1668,434,236,1330,746,395,214,1176,657,3,2,0.0,0.6,2262
David Gilbert,Ryan Day,5,1400,1490,0.3958493803112607,0.44398610945538003,560,320,4064,2179,886,539,6196,3418,382,208,1214,673,434,236,1330,746,3,2,0.0,0.6,2262
Mark Williams,Matthew Selt,5,1544,1372,0.6926591310679836,0.6058736684317606,1354,893,10252,5896,536,293,3674,1927,531,335,1630,976,242,123,1095,589,3,1,0.0,0.75,2262
Mark Williams,Michael White,5,1544,1396,0.6676988252540521,0.5914589784327801,1354,893,10252,5896,468,272,3152,1679,531,335,1630,976,375,202,1197,634,3,0,0.0,1.0,2262
Michael White,Ryan Day,5,1396,1490,0.39134384883894247,0.44151888756183866,468,272,3152,1679,886,539,6196,3418,375,202,1197,634,434,236,1330,746,3,2,0.0,0.6,2262
Matthew Selt,Neil Robertson,5,1372,1546,0.30530170690885716,0.39293301192829644,536,293,3674,1927,869,571,6383,3654,242,123,1095,589,425,259,1220,740,3,1,0.0,0.75,2262
Matthew Selt,Michael White,5,1372,1396,0.47190028973670184,0.4850044983805899,536,293,3674,1927,468,272,3152,1679,242,123,1095,589,375,202,1197,634,3,1,0.0,0.75,2262
Neil Robertson,Ryan Day,5,1546,1490,0.5653050064173626,0.5349429451582145,869,571,6383,3654,886,539,6196,3418,425,259,1220,740,434,236,1330,746,3,1,0.0,0.75,2262
Neil Robertson,Anthony McGill,5,1546,1400,0.6655796568538406,0.5902502519301834,869,571,6383,3654,464,289,3012,1668,425,259,1220,740,395,214,1176,657,3,2,0.0,0.6,2262
Neil Robertson,Mark Davis,5,1546,1430,0.633138416322128,0.5719961329315186,869,571,6383,3654,1054,635,7469,4086,425,259,1220,740,297,162,1242,698,3,2,0.0,0.6,2262
Neil Robertson,Michael White,5,1546,1396,0.669812187137851,0.5926665999540697,869,571,6383,3654,468,272,3152,1679,425,259,1220,740,375,202,1197,634,3,1,0.0,0.75,2262
Neil Robertson,Mark Williams,5,1546,1544,0.5023437353516541,0.5012499973958399,869,571,6383,3654,1354,893,10252,5896,425,259,1220,740,531,335,1630,976,3,1,0.0,0.75,2262
Anthony McGill,Michael White,5,1400,1396,0.5046873828154295,0.5024999791668749,464,289,3012,1668,468,272,3152,1679,395,214,1176,657,375,202,1197,634,3,2,0.0,0.6,2262
Anthony McGill,Mark Williams,5,1400,1544,0.33654525696203985,0.41095956594133487,464,289,3012,1668,1354,893,10252,5896,395,214,1176,657,531,335,1630,976,3,0,0.0,1.0,2262
Ryan Day,Mark Williams,5,1490,1544,0.4370057667393497,0.4663011645670992,886,539,6196,3418,1354,893,10252,5896,434,236,1330,746,531,335,1630,976,3,1,0.0,0.75,2262
Ryan Day,Matthew Selt,5,1490,1372,0.6353369950989738,0.5732197726798348,886,539,6196,3418,536,293,3674,1927,434,236,1330,746,242,123,1095,589,3,0,0.0,1.0,2262
Ryan Day,Anthony McGill,5,1490,1400,0.6041506196887392,0.5560138905446199,886,539,6196,3418,464,289,3012,1668,434,236,1330,746,395,214,1176,657,3,1,0.0,0.75,2262
Ryan Day,Mark Davis,5,1490,1430,0.5699192060024199,0.5374298453437496,886,539,6196,3418,1054,635,7469,4086,434,236,1330,746,297,162,1242,698,3,2,0.0,0.6,2262
Mark Davis,Michael White,5,1430,1396,0.5397719120129171,0.5212372149662741,1054,635,7469,4086,468,272,3152,1679,297,162,1242,698,375,202,1197,634,3,2,0.0,0.6,2262
Mark Davis,Mark Williams,5,1430,1544,0.36906491624238447,0.4292283881055083,1054,635,7469,4086,1354,893,10252,5896,297,162,1242,698,531,335,1630,976,3,2,0.0,0.6,2262
Mark Davis,Matthew Selt,5,1430,1372,0.5676133584967381,0.5361866202317948,1054,635,7469,4086,536,293,3674,1927,297,162,1242,698,242,123,1095,589,3,0,0.0,1.0,2262
Anthony McGill,Neil Robertson,5,1400,1546,0.3344203431461593,0.40974974806981657,464,289,3012,1668,869,571,6383,3654,395,214,1176,657,425,259,1220,740,3,1,0.0,0.75,2262
Anthony McGill,Ryan Day,5,1400,1490,0.3958493803112607,0.44398610945538003,464,289,3012,1668,886,539,6196,3418,395,214,1176,657,434,236,1330,746,3,0,0.0,1.0,2262
Mark Williams,Ryan Day,5,1544,1490,0.5629942332606505,0.5336988354329009,1354,893,10252,5896,886,539,6196,3418,531,335,1630,976,434,236,1330,746,3,2,0.0,0.6,2262
Mark Williams,Barry Hawkins,5,1544,1577,0.46139381581175565,0.47938669028555136,1354,893,10252,5896,897,554,6445,3583,531,335,1630,976,407,233,1284,723,3,0,0.0,1.0,2262
Neil Robertson,Barry Hawkins,5,1546,1577,0.46372634214917396,0.4806346917700681,869,571,6383,3654,897,554,6445,3583,425,259,1220,740,407,233,1284,723,3,0,0.0,1.0,2262
Neil Robertson,Mark Williams,5,1546,1544,0.5023437353516541,0.5012499973958399,869,571,6383,3654,1354,893,10252,5896,425,259,1220,740,531,335,1630,976,3,2,0.0,0.6,2262
Neil Robertson,Ali Carter,5,1546,1499,0.5548886735914911,0.5293412500457856,869,571,6383,3654,888,539,6298,3481,425,259,1220,740,321,181,1154,655,3,0,0.0,1.0,2262
Neil Robertson,Joe Perry,5,1546,1468,0.5905455113158475,0.5485961085831343,869,571,6383,3654,1015,603,7303,3955,425,259,1220,740,367,206,1310,741,3,1,0.0,0.75,2262
Joe Perry,Mark Williams,5,1468,1544,0.4117340918258475,0.45264238185691075,1015,603,7303,3955,1354,893,10252,5896,367,206,1310,741,531,335,1630,976,3,1,0.0,0.75,2262
Barry Hawkins,Ryan Day,5,1577,1490,0.6007614835262755,0.5541616527636486,897,554,6445,3583,886,539,6196,3418,407,233,1284,723,434,236,1330,746,3,1,0.0,0.75,2262
Barry Hawkins,Mark Davis,5,1577,1430,0.666639963065059,0.5908547524545943,897,554,6445,3583,1054,635,7469,4086,407,233,1284,723,297,162,1242,698,3,1,0.0,0.75,2262
Barry Hawkins,Ali Carter,5,1577,1499,0.5905455113158475,0.5485961085831343,897,554,6445,3583,888,539,6298,3481,407,233,1284,723,321,181,1154,655,3,0,0.0,1.0,2262
Barry Hawkins,Joe Perry,5,1577,1468,0.6254064207400727,0.5677065480733601,897,554,6445,3583,1015,603,7303,3955,407,233,1284,723,367,206,1310,741,3,2,0.0,0.6,2262
Ryan Day,Mark Davis,5,1490,1430,0.5699192060024199,0.5374298453437496,886,539,6196,3418,1054,635,7469,4086,434,236,1330,746,297,162,1242,698,3,2,0.0,0.6,2262
Ryan Day,Ali Carter,5,1490,1499,0.4894544596699453,0.4943752372926745,886,539,6196,3418,888,539,6298,3481,434,236,1330,746,321,181,1154,655,3,2,0.0,0.6,2262
Ryan Day,Joe Perry,5,1490,1468,0.5257617676645827,0.513746534902355,886,539,6196,3418,1015,603,7303,3955,434,236,1330,746,367,206,1310,741,3,1,0.0,0.75,2262
Ryan Day,Neil Robertson,5,1490,1546,0.4346949935826374,0.4650570548417855,886,539,6196,3418,869,571,6383,3654,434,236,1330,746,425,259,1220,740,3,2,0.0,0.6,2262
Mark Davis,Ali Carter,5,1430,1499,0.41973769721178134,0.4569816192756902,1054,635,7469,4086,888,539,6298,3481,297,162,1242,698,321,181,1154,655,3,0,0.0,1.0,2262
Mark Davis,Joe Perry,5,1430,1468,0.4555689973865378,0.4762678458734389,1054,635,7469,4086,1015,603,7303,3955,297,162,1242,698,367,206,1310,741,3,1,0.0,0.75,2262
Mark Davis,Neil Robertson,5,1430,1546,0.366861583677872,0.42800386706848137,1054,635,7469,4086,869,571,6383,3654,297,162,1242,698,425,259,1220,740,3,2,0.0,0.6,2262
Mark Davis,Mark Williams,5,1430,1544,0.36906491624238447,0.4292283881055083,1054,635,7469,4086,1354,893,10252,5896,297,162,1242,698,531,335,1630,976,3,0,0.0,1.0,2262
Ali Carter,Joe Perry,5,1499,1468,0.5362736578508261,0.519365308229932,888,539,6298,3481,1015,603,7303,3955,321,181,1154,655,367,206,1310,741,3,0,0.0,1.0,2262
Ali Carter,Mark Williams,5,1499,1544,0.44743195337918795,0.4719046255916129,888,539,6298,3481,1354,893,10252,5896,321,181,1154,655,531,335,1630,976,3,1,0.0,0.75,2262
Neil Robertson,Barry Hawkins,5,1546,1577,0.46372634214917396,0.4806346917700681,869,571,6383,3654,897,554,6445,3583,425,259,1220,740,407,233,1284,723,3,1,0.0,0.75,2262
Mark Davis,Ryan Day,5,1430,1490,0.4300807939975804,0.46257015465625045,1054,635,7469,4086,886,539,6196,3418,297,162,1242,698,434,236,1330,746,3,2,0.0,0.6,2262
Mark Davis,Neil Robertson,5,1430,1546,0.366861583677872,0.42800386706848137,1054,635,7469,4086,869,571,6383,3654,297,162,1242,698,425,259,1220,740,3,2,0.0,0.6,2262
Kyren Wilson,Ryan Day,5,1455,1490,0.4590627314550677,0.47813894602839846,419,256,2754,1516,886,539,6196,3418,430,235,1267,710,434,236,1330,746,3,2,0.0,0.6,2262
Kyren Wilson,Neil Robertson,5,1455,1546,0.3947215513809864,0.44336904007774663,419,256,2754,1516,869,571,6383,3654,430,235,1267,710,425,259,1220,740,3,2,0.0,0.6,2262
Kyren Wilson,Mark Allen,5,1455,1485,0.46489311903927244,0.4812587841214648,419,256,2754,1516,712,461,4927,2777,430,235,1267,710,425,245,1209,695,3,1,0.0,0.75,2262
Mark Williams,Shaun Murphy,5,1544,1536,0.5093740625937418,0.5049998333399998,1354,893,10252,5896,1004,664,7370,4220,531,335,1630,976,505,295,1451,863,3,2,0.0,0.6,2262
Mark Williams,Mark Allen,5,1544,1485,0.5687666005278796,0.5368082899889803,1354,893,10252,5896,712,461,4927,2777,531,335,1630,976,425,245,1209,695,3,1,0.0,0.75,2262
Mark Williams,Ryan Day,5,1544,1490,0.5629942332606505,0.5336988354329009,1354,893,10252,5896,886,539,6196,3418,531,335,1630,976,434,236,1330,746,3,1,0.0,0.75,2262
Mark Williams,Kyren Wilson,5,1544,1455,0.6030218427499395,0.5553966483205892,1354,893,10252,5896,419,256,2754,1516,531,335,1630,976,430,235,1267,710,3,0,0.0,1.0,2262
Neil Robertson,Shaun Murphy,5,1546,1536,0.5117169192313755,0.5062496744995104,869,571,6383,3654,1004,664,7370,4220,425,259,1220,740,505,295,1451,863,3,1,0.0,0.75,2262
Neil Robertson,Mark Williams,5,1546,1544,0.5023437353516541,0.5012499973958399,869,571,6383,3654,1354,893,10252,5896,425,259,1220,740,531,335,1630,976,3,1,0.0,0.75,2262
Shaun Murphy,Ryan Day,5,1536,1490,0.5537286100231147,0.5287183569514396,1004,664,7370,4220,886,539,6196,3418,505,295,1451,863,434,236,1330,746,3,0,0.0,1.0,2262
Shaun Murphy,Kyren Wilson,5,1536,1455,0.5939586643462674,0.5504527113395278,1004,664,7370,4220,419,256,2754,1516,505,295,1451,863,430,235,1267,710,3,1,0.0,0.75,2262
Shaun Murphy,Mark Allen,5,1536,1485,0.5595237173859442,0.5318318894162242,1004,664,7370,4220,712,461,4927,2777,505,295,1451,863,425,245,1209,695,3,2,0.0,0.6,2262
Barry Hawkins,Mark Allen,5,1577,1485,0.6064053199065478,0.5572478545985555,897,554,6445,3583,712,461,4927,2777,407,233,1284,723,425,245,1209,695,3,1,0.0,0.75,2262
Barry Hawkins,Mark Williams,5,1577,1544,0.5386061841882444,0.5206133097144486,897,554,6445,3583,1354,893,10252,5896,407,233,1284,723,531,335,1630,976,3,1,0.0,0.75,2262
Barry Hawkins,Kyren Wilson,5,1577,1455,0.6397196107539715,0.5756643510425494,897,554,6445,3583,419,256,2754,1516,407,233,1284,723,430,235,1267,710,3,0,0.0,1.0,2262
Barry Hawkins,Neil Robertson,5,1577,1546,0.5362736578508261,0.519365308229932,897,554,6445,3583,869,571,6383,3654,407,233,1284,723,425,259,1220,740,3,2,0.0,0.6,2262
Barry Hawkins,Shaun Murphy,5,1577,1536,0.5479210075858741,0.5256025883246178,897,554,6445,3583,1004,664,7370,4220,407,233,1284,723,505,295,1451,863,3,1,0.0,0.75,2262
Ryan Day,Mark Allen,5,1490,1485,0.5058591461271044,0.5031249593105316,886,539,6196,3418,712,461,4927,2777,434,236,1330,746,425,245,1209,695,3,0,0.0,1.0,2262
Ryan Day,Barry Hawkins,5,1490,1577,0.39923851647372466,0.44583834723635146,886,539,6196,3418,897,554,6445,3583,434,236,1330,746,407,233,1284,723,3,1,0.0,0.75,2262
Ryan Day,Neil Robertson,5,1490,1546,0.4346949935826374,0.4650570548417855,886,539,6196,3418,869,571,6383,3654,434,236,1330,746,425,259,1220,740,3,2,0.0,0.6,2262
Mark Allen,Neil Robertson,5,1485,1546,0.4289288354684101,0.4619487156141408,712,461,4927,2777,869,571,6383,3654,425,245,1209,695,425,259,1220,740,3,1,0.0,0.75,2262
Mark Williams,Shaun Murphy,5,1544,1536,0.5093740625937418,0.5049998333399998,1354,893,10252,5896,1004,664,7370,4220,531,335,1630,976,505,295,1451,863,3,0,0.0,1.0,2262
Barry Hawkins,Ryan Day,5,1577,1490,0.6007614835262755,0.5541616527636486,897,554,6445,3583,886,539,6196,3418,407,233,1284,723,434,236,1330,746,3,2,0.0,0.6,2262
Barry Hawkins,Mark Williams,5,1577,1544,0.5386061841882444,0.5206133097144486,897,554,6445,3583,1354,893,10252,5896,407,233,1284,723,531,335,1630,976,3,0,0.0,1.0,2262
Kyren Wilson,Stuart Bingham,5,1455,1493,0.4555689973865378,0.4762678458734389,419,256,2754,1516,1043,664,7626,4349,430,235,1267,710,372,218,1576,912,3,0,0.0,1.0,2262
Kyren Wilson,Ryan Day,5,1455,1490,0.4590627314550677,0.47813894602839846,419,256,2754,1516,886,539,6196,3418,430,235,1267,710,434,236,1330,746,3,0,0.0,1.0,2262
Mark Williams,Liang Wenbo,5,1544,1430,0.6309350837576155,0.5707716118944918,1354,893,10252,5896,581,352,4048,2237,531,335,1630,976,315,170,1300,729,3,1,0.0,0.75,2262
Mark Williams,Stuart Bingham,5,1544,1493,0.5595237173859442,0.5318318894162242,1354,893,10252,5896,1043,664,7626,4349,531,335,1630,976,372,218,1576,912,3,2,0.0,0.6,2262
Mark Williams,Kyren Wilson,5,1544,1455,0.6030218427499395,0.5553966483205892,1354,893,10252,5896,419,256,2754,1516,531,335,1630,976,430,235,1267,710,3,1,0.0,0.75,2262
Mark Williams,Shaun Murphy,5,1544,1536,0.5093740625937418,0.5049998333399998,1354,893,10252,5896,1004,664,7370,4220,531,335,1630,976,505,295,1451,863,3,2,0.0,0.6,2262
Liang Wenbo,Kyren Wilson,5,1430,1455,0.47073170731370345,0.4843800842769844,581,352,4048,2237,419,256,2754,1516,315,170,1300,729,430,235,1267,710,3,1,0.0,0.75,2262
Judd Trump,Mark Williams,5,1582,1544,0.5444310026134622,0.523732154126561,863,586,5854,3465,1354,893,10252,5896,495,311,1683,1038,531,335,1630,976,3,2,0.0,0.6,2262
Judd Trump,Ryan Day,5,1582,1490,0.6064053199065478,0.5572478545985555,863,586,5854,3465,886,539,6196,3418,495,311,1683,1038,434,236,1330,746,3,1,0.0,0.75,2262
Judd Trump,Shaun Murphy,5,1582,1536,0.5537286100231147,0.5287183569514396,863,586,5854,3465,1004,664,7370,4220,495,311,1683,1038,505,295,1451,863,3,2,0.0,0.6,2262
Judd Trump,Kyren Wilson,5,1582,1455,0.6451699005858763,0.578714862460134,863,586,5854,3465,419,256,2754,1516,495,311,1683,1038,430,235,1267,710,3,0,0.0,1.0,2262
Judd Trump,Liang Wenbo,5,1582,1430,0.671919682062295,0.5938731029341427,863,586,5854,3465,581,352,4048,2237,495,311,1683,1038,315,170,1300,729,3,2,0.0,0.6,2262
Judd Trump,Stuart Bingham,5,1582,1493,0.6030218427499395,0.5553966483205892,863,586,5854,3465,1043,664,7626,4349,495,311,1683,1038,372,218,1576,912,3,2,0.0,0.6,2262
Shaun Murphy,Liang Wenbo,5,1536,1430,0.622075640573307,0.5658650028954817,1004,664,7370,4220,581,352,4048,2237,505,295,1451,863,315,170,1300,729,3,0,0.0,1.0,2262
Shaun Murphy,Stuart Bingham,5,1536,1493,0.5502454628672198,0.5268491486891144,1004,664,7370,4220,1043,664,7626,4349,505,295,1451,863,372,218,1576,912,3,1,0.0,0.75,2262
Shaun Murphy,Kyren Wilson,5,1536,1455,0.5939586643462674,0.5504527113395278,1004,664,7370,4220,419,256,2754,1516,505,295,1451,863,430,235,1267,710,3,2,0.0,0.6,2262
Ryan Day,Liang Wenbo,5,1490,1430,0.5699192060024199,0.5374298453437496,886,539,6196,3418,581,352,4048,2237,434,236,1330,746,315,170,1300,729,3,0,0.0,1.0,2262
Ryan Day,Shaun Murphy,5,1490,1536,0.4462713899768853,0.4712816430485603,886,539,6196,3418,1004,664,7370,4220,434,236,1330,746,505,295,1451,863,3,1,0.0,0.75,2262
Ryan Day,Mark Williams,5,1490,1544,0.4370057667393497,0.4663011645670992,886,539,6196,3418,1354,893,10252,5896,434,236,1330,746,531,335,1630,976,3,2,0.0,0.6,2262
Stuart Bingham,Liang Wenbo,5,1493,1430,0.5733730992985561,0.5392938058983595,1043,664,7626,4349,581,352,4048,2237,372,218,1576,912,315,170,1300,729,3,1,0.0,0.75,2262
Stuart Bingham,Ryan Day,5,1493,1490,0.5035155755622185,0.5018749912109869,1043,664,7626,4349,886,539,6196,3418,372,218,1576,912,434,236,1330,746,3,0,0.0,1.0,2262
Mark Williams,Shaun Murphy,5,1544,1536,0.5093740625937418,0.5049998333399998,1354,893,10252,5896,1004,664,7370,4220,531,335,1630,976,505,295,1451,863,3,0,0.0,1.0,2262
Judd Trump,Ryan Day,5,1582,1490,0.6064053199065478,0.5572478545985555,863,586,5854,3465,886,539,6196,3418,495,311,1683,1038,434,236,1330,746,3,0,0.0,1.0,2262
Judd Trump,Mark Williams,5,1582,1544,0.5444310026134622,0.523732154126561,863,586,5854,3465,1354,893,10252,5896,495,311,1683,1038,531,335,1630,976,3,0,0.0,1.0,2262
Mark Williams,Mark Selby,5,1544,1589,0.44743195337918795,0.4719046255916129,1354,893,10252,5896,1047,727,7668,4488,531,335,1630,976,531,316,1800,1107,3,2,0.0,0.6,2262
Mark Williams,Ryan Day,5,1544,1490,0.5629942332606505,0.5336988354329009,1354,893,10252,5896,886,539,6196,3418,531,335,1630,976,434,236,1330,746,3,2,0.0,0.6,2262
Ricky Walden,Mark Williams,5,1362,1544,0.2972109628192382,0.3881726309982629,802,486,5657,3125,1354,893,10252,5896,345,184,1208,650,531,335,1630,976,3,1,0.0,0.75,2262
Ricky Walden,Ryan Day,5,1362,1490,0.35374385749583265,0.42067574785125056,802,486,5657,3125,886,539,6196,3418,345,184,1208,650,434,236,1330,746,3,2,0.0,0.6,2262
Ricky Walden,Martin Gould,5,1362,1478,0.366861583677872,0.42800386706848137,802,486,5657,3125,647,393,4391,2416,345,184,1208,650,391,221,1060,601,3,2,0.0,0.6,2262
Ricky Walden,Mark Selby,5,1362,1589,0.25379230996503327,0.36181388669099446,802,486,5657,3125,1047,727,7668,4488,345,184,1208,650,531,316,1800,1107,3,1,0.0,0.75,2262
Mark Selby,Stuart Bingham,5,1589,1493,0.6109030369603428,0.5597136492671929,1047,727,7668,4488,1043,664,7626,4349,531,316,1800,1107,372,218,1576,912,3,1,0.0,0.75,2262
Mark Selby,Shaun Murphy,5,1589,1536,0.5618379649527969,0.5330766223661046,1047,727,7668,4488,1004,664,7370,4220,531,316,1800,1107,505,295,1451,863,3,0,0.0,1.0,2262
Mark Selby,Ryan Day,5,1589,1490,0.6142658017738556,0.5615610703361955,1047,727,7668,4488,886,539,6196,3418,531,316,1800,1107,434,236,1330,746,3,0,0.0,1.0,2262
Shaun Murphy,Ricky Walden,5,1536,1362,0.6946982930911428,0.6070669880717036,1004,664,7370,4220,802,486,5657,3125,505,295,1451,863,345,184,1208,650,3,0,0.0,1.0,2262
Shaun Murphy,Mark Williams,5,1536,1544,0.49062593740625826,0.4950001666600003,1004,664,7370,4220,1354,893,10252,5896,505,295,1451,863,531,335,1630,976,3,2,0.0,0.6,2262
Martin Gould,Shaun Murphy,5,1478,1536,0.4323866415032619,0.4638133797682053,647,393,4391,2416,1004,664,7370,4220,391,221,1060,601,505,295,1451,863,3,1,0.0,0.75,2262
Martin Gould,Mark Williams,5,1478,1544,0.42317910919977986,0.45884333184977194,647,393,4391,2416,1354,893,10252,5896,391,221,1060,601,531,335,1630,976,3,2,0.0,0.6,2262
Martin Gould,Mark Selby,5,1478,1589,0.3723786733374611,0.43106679063045344,647,393,4391,2416,1047,727,7668,4488,391,221,1060,601,531,316,1800,1107,3,0,0.0,1.0,2262
Martin Gould,Stuart Bingham,5,1478,1493,0.4824280526376499,0.4906260984783392,647,393,4391,2416,1043,664,7626,4349,391,221,1060,601,372,218,1576,912,3,2,0.0,0.6,2262
Ryan Day,Stuart Bingham,5,1490,1493,0.49648442443778124,0.498125008789013,886,539,6196,3418,1043,664,7626,4349,434,236,1330,746,372,218,1576,912,3,1,0.0,0.75,2262
Ryan Day,Martin Gould,5,1490,1478,0.5140593366492736,0.5074994375506203,886,539,6196,3418,647,393,4391,2416,434,236,1330,746,391,221,1060,601,3,1,0.0,0.75,2262
Ryan Day,Shaun Murphy,5,1490,1536,0.4462713899768853,0.4712816430485603,886,539,6196,3418,1004,664,7370,4220,434,236,1330,746,505,295,1451,863,3,0,0.0,1.0,2262
Stuart Bingham,Mark Williams,5,1493,1544,0.4404762826140556,0.4681681105837757,1043,664,7626,4349,1354,893,10252,5896,372,218,1576,912,531,335,1630,976,3,0,0.0,1.0,2262
Stuart Bingham,Ricky Walden,5,1493,1362,0.6495070845747472,0.5811509642893937,1043,664,7626,4349,802,486,5657,3125,372,218,1576,912,345,184,1208,650,3,2,0.0,0.6,2262
Stuart Bingham,Shaun Murphy,5,1493,1536,0.44975453713278024,0.4731508513108857,1043,664,7626,4349,1004,664,7370,4220,372,218,1576,912,505,295,1451,863,3,1,0.0,0.75,2262
Martin Gould,Stuart Bingham,5,1478,1493,0.4824280526376499,0.4906260984783392,647,393,4391,2416,1043,664,7626,4349,391,221,1060,601,372,218,1576,912,3,1,0.0,0.75,2262
Ryan Day,Ricky Walden,5,1490,1362,0.6462561425041674,0.5793242521487495,886,539,6196,3418,802,486,5657,3125,434,236,1330,746,345,184,1208,650,3,2,0.0,0.6,2262
Ryan Day,Martin Gould,5,1490,1478,0.5140593366492736,0.5074994375506203,886,539,6196,3418,647,393,4391,2416,434,236,1330,746,391,221,1060,601,3,1,0.0,0.75,2262
Ricky Walden,Graeme Dott,5,1362,1400,0.4555689973865378,0.4762678458734389,802,486,5657,3125,836,490,6426,3441,345,184,1208,650,332,178,1030,553,3,1,0.0,0.75,2262
Ricky Walden,Michael Holt,5,1362,1371,0.4894544596699453,0.4943752372926745,802,486,5657,3125,804,467,5833,3107,345,184,1208,650,311,166,1242,662,3,2,0.0,0.6,2262
Mark Selby,John Higgins,5,1589,1555,0.5397719120129171,0.5212372149662741,1047,727,7668,4488,1379,974,11060,6548,531,316,1800,1107,508,313,1616,974,3,1,0.0,0.75,2262
Mark Selby,Ricky Walden,5,1589,1362,0.7462076900349666,0.6381861133090055,1047,727,7668,4488,802,486,5657,3125,531,316,1800,1107,345,184,1208,650,3,0,0.0,1.0,2262
Mark Selby,Graeme Dott,5,1589,1400,0.7097800814946296,0.6159753019181258,1047,727,7668,4488,836,490,6426,3441,531,316,1800,1107,332,178,1030,553,3,1,0.0,0.75,2262
Michael Holt,Martin Gould,5,1371,1478,0.3768129886451631,0.43352094403237207,804,467,5833,3107,647,393,4391,2416,311,166,1242,662,391,221,1060,601,3,1,0.0,0.75,2262
Michael Holt,Mark Selby,5,1371,1589,0.2621793292705147,0.36702522331953935,804,467,5833,3107,1047,727,7668,4488,311,166,1242,662,531,316,1800,1107,3,1,0.0,0.75,2262
Michael Holt,Graeme Dott,5,1371,1400,0.46606022397740154,0.4818829349568186,804,467,5833,3107,836,490,6426,3441,311,166,1242,662,332,178,1030,553,3,2,0.0,0.6,2262
John Higgins,Ricky Walden,5,1555,1362,0.7137371013098217,0.6183380393302829,1379,974,11060,6548,802,486,5657,3125,508,313,1616,974,345,184,1208,650,3,1,0.0,0.75,2262
John Higgins,Martin Gould,5,1555,1478,0.5894061198759756,0.5479769376367963,1379,974,11060,6548,647,393,4391,2416,508,313,1616,974,391,221,1060,601,3,1,0.0,0.75,2262
John Higgins,Graeme Dott,5,1555,1400,0.6750697933135998,0.5956807306078472,1379,974,11060,6548,836,490,6426,3441,508,313,1616,974,332,178,1030,553,3,2,0.0,0.6,2262
John Higgins,Michael Holt,5,1555,1371,0.7047949951633816,0.6130141761393355,1379,974,11060,6548,804,467,5833,3107,508,313,1616,974,311,166,1242,662,3,2,0.0,0.6,2262
Martin Gould,Mark Selby,5,1478,1589,0.3723786733374611,0.43106679063045344,647,393,4391,2416,1047,727,7668,4488,391,221,1060,601,531,316,1800,1107,3,1,0.0,0.75,2262
Martin Gould,Ricky Walden,5,1478,1362,0.633138416322128,0.5719961329315186,647,393,4391,2416,802,486,5657,3125,391,221,1060,601,345,184,1208,650,3,2,0.0,0.6,2262
Graeme Dott,Martin Gould,5,1400,1478,0.4094544886841527,0.4514038914168657,836,490,6426,3441,647,393,4391,2416,332,178,1030,553,391,221,1060,601,3,0,0.0,1.0,2262
Stuart Bingham,Michael Holt,5,1493,1371,0.6397196107539715,0.5756643510425494,1043,664,7626,4349,804,467,5833,3107,372,218,1576,912,311,166,1242,662,3,0,0.0,1.0,2262
Stuart Bingham,Mark Selby,5,1493,1589,0.38909696303965713,0.44028635073280703,1043,664,7626,4349,1047,727,7668,4488,372,218,1576,912,531,316,1800,1107,3,0,0.0,1.0,2262
Stuart Bingham,Graeme Dott,5,1493,1400,0.6075312239459781,0.5578645727207344,1043,664,7626,4349,836,490,6426,3441,372,218,1576,912,332,178,1030,553,3,0,0.0,1.0,2262
Stuart Bingham,Ricky Walden,5,1493,1362,0.6495070845747472,0.5811509642893937,1043,664,7626,4349,802,486,5657,3125,372,218,1576,912,345,184,1208,650,3,2,0.0,0.6,2262
Stuart Bingham,Martin Gould,5,1493,1478,0.5175719473623499,0.5093739015216607,1043,664,7626,4349,647,393,4391,2416,372,218,1576,912,391,221,1060,601,3,0,0.0,1.0,2262
Stuart Bingham,John Higgins,5,1493,1555,0.427777534253478,0.46132739479349205,1043,664,7626,4349,1379,974,11060,6548,372,218,1576,912,508,313,1616,974,3,2,0.0,0.6,2262
Mark Selby,Stuart Bingham,5,1589,1493,0.6109030369603428,0.5597136492671929,1047,727,7668,4488,1043,664,7626,4349,531,316,1800,1107,372,218,1576,912,3,2,0.0,0.6,2262
John Higgins,Michael Holt,5,1555,1371,0.7047949951633816,0.6130141761393355,1379,974,11060,6548,804,467,5833,3107,508,313,1616,974,311,166,1242,662,3,2,0.0,0.6,2262
John Higgins,Mark Selby,5,1555,1589,0.4602280879870827,0.4787627850337259,1379,974,11060,6548,1047,727,7668,4488,508,313,1616,974,531,316,1800,1107,3,0,0.0,1.0,2262
Judd Trump,Anthony McGill,5,1582,1400,0.7027890371807617,0.6118273690017371,863,586,5854,3465,464,289,3012,1668,495,311,1683,1038,395,214,1176,657,3,1,0.0,0.75,2262
Judd Trump,Barry Hawkins,5,1582,1577,0.5058591461271044,0.5031249593105316,863,586,5854,3465,897,554,6445,3583,495,311,1683,1038,407,233,1284,723,3,2,0.0,0.6,2262
Judd Trump,Mark Davis,5,1582,1430,0.671919682062295,0.5938731029341427,863,586,5854,3465,1054,635,7469,4086,495,311,1683,1038,297,162,1242,698,3,1,0.0,0.75,2262
Judd Trump,Ryan Day,5,1582,1490,0.6064053199065478,0.5572478545985555,863,586,5854,3465,886,539,6196,3418,495,311,1683,1038,434,236,1330,746,3,1,0.0,0.75,2262
Judd Trump,David Gilbert,5,1582,1400,0.7027890371807617,0.6118273690017371,863,586,5854,3465,560,320,4064,2179,495,311,1683,1038,382,208,1214,673,3,0,0.0,1.0,2262
Anthony McGill,Barry Hawkins,5,1400,1577,0.30225524113023383,0.3911454307890496,464,289,3012,1668,897,554,6445,3583,395,214,1176,657,407,233,1284,723,3,1,0.0,0.75,2262
John Higgins,Anthony McGill,5,1555,1400,0.6750697933135998,0.5956807306078472,1379,974,11060,6548,464,289,3012,1668,508,313,1616,974,395,214,1176,657,3,2,0.0,0.6,2262
John Higgins,David Gilbert,5,1555,1400,0.6750697933135998,0.5956807306078472,1379,974,11060,6548,560,320,4064,2179,508,313,1616,974,382,208,1214,673,3,0,0.0,1.0,2262
John Higgins,Judd Trump,5,1555,1582,0.4683953746377971,0.48313140430861523,1379,974,11060,6548,863,586,5854,3465,508,313,1616,974,495,311,1683,1038,3,1,0.0,0.75,2262
Barry Hawkins,David Gilbert,5,1577,1400,0.6977447588697662,0.6088545692109504,897,554,6445,3583,560,320,4064,2179,407,233,1284,723,382,208,1214,673,3,1,0.0,0.75,2262
Barry Hawkins,John Higgins,5,1577,1555,0.5257617676645827,0.513746534902355,897,554,6445,3583,1379,974,11060,6548,407,233,1284,723,508,313,1616,974,3,1,0.0,0.75,2262
Barry Hawkins,Ryan Day,5,1577,1490,0.6007614835262755,0.5541616527636486,897,554,6445,3583,886,539,6196,3418,407,233,1284,723,434,236,1330,746,3,2,0.0,0.6,2262
Barry Hawkins,Mark Davis,5,1577,1430,0.666639963065059,0.5908547524545943,897,554,6445,3583,1054,635,7469,4086,407,233,1284,723,297,162,1242,698,3,1,0.0,0.75,2262
David Gilbert,Anthony McGill,5,1400,1400,0.5,0.5,560,320,4064,2179,464,289,3012,1668,382,208,1214,673,395,214,1176,657,3,0,0.0,1.0,2262
Ryan Day,Mark Davis,5,1490,1430,0.5699192060024199,0.5374298453437496,886,539,6196,3418,1054,635,7469,4086,434,236,1330,746,297,162,1242,698,3,1,0.0,0.75,2262
Ryan Day,David Gilbert,5,1490,1400,0.6041506196887392,0.5560138905446199,886,539,6196,3418,560,320,4064,2179,434,236,1330,746,382,208,1214,673,3,2,0.0,0.6,2262
Ryan Day,Anthony McGill,5,1490,1400,0.6041506196887392,0.5560138905446199,886,539,6196,3418,464,289,3012,1668,434,236,1330,746,395,214,1176,657,3,1,0.0,0.75,2262
Ryan Day,John Higgins,5,1490,1555,0.424327677877833,0.4594641607262107,886,539,6196,3418,1379,974,11060,6548,434,236,1330,746,508,313,1616,974,3,2,0.0,0.6,2262
Mark Davis,John Higgins,5,1430,1555,0.35700642473105315,0.4225046348141883,1054,635,7469,4086,1379,974,11060,6548,297,162,1242,698,508,313,1616,974,3,2,0.0,0.6,2262
Mark Davis,David Gilbert,5,1430,1400,0.5351068809607274,0.5187412158785352,1054,635,7469,4086,560,320,4064,2179,297,162,1242,698,382,208,1214,673,3,1,0.0,0.75,2262
Mark Davis,Anthony McGill,5,1430,1400,0.5351068809607274,0.5187412158785352,1054,635,7469,4086,464,289,3012,1668,297,162,1242,698,395,214,1176,657,3,0,0.0,1.0,2262
John Higgins,Judd Trump,5,1555,1582,0.4683953746377971,0.48313140430861523,1379,974,11060,6548,863,586,5854,3465,508,313,1616,974,495,311,1683,1038,3,2,0.0,0.6,2262
Ryan Day,Barry Hawkins,5,1490,1577,0.39923851647372466,0.44583834723635146,886,539,6196,3418,897,554,6445,3583,434,236,1330,746,407,233,1284,723,3,2,0.0,0.6,2262
John Higgins,Ryan Day,5,1555,1490,0.5756723221221671,0.5405358392737893,1379,974,11060,6548,886,539,6196,3418,508,313,1616,974,434,236,1330,746,3,0,0.0,1.0,2262
Zhou Yuelong,Barry Hawkins,7,1394,1605,0.23603596210077177,0.3711001618483768,167,94,1143,607,919,569,6534,3635,305,169,849,459,496,285,1373,775,4,3,0.0,0.5714285714285714,2758
Zhang Yong,Anthony McGill,7,1199,1425,0.22076409706184416,0.36239134737807494,91,37,559,238,483,298,3089,1707,223,102,466,200,472,253,1253,696,4,2,0.0,0.6666666666666666,2758
Zhao Xintong,Ashley Hugill,7,1424,1204,0.7732004785001367,0.6341355910108007,132,69,876,470,103,51,569,276,215,112,563,302,165,77,496,247,4,1,0.0,0.8,2758
Ben Woollaston,Harvey Chandler,7,1403,1011,0.906367771534617,0.7271082163411295,576,330,3731,1995,12,6,64,29,380,208,1162,617,27,17,44,23,4,1,0.0,0.8,2758
Kyren Wilson,Oliver Lines,7,1445,1213,0.7851724867885262,0.6410674063348171,431,261,2800,1536,184,92,1170,588,476,255,1313,730,203,91,643,305,4,2,0.0,0.6666666666666666,2758
Robbie Williams,Liam Highfield,7,1332,1382,0.43199486323846364,0.46879062662624377,349,189,2272,1164,334,179,2274,1198,233,117,719,365,214,110,642,333,4,2,0.0,0.6666666666666666,2758
Michael White,Allan Taylor,7,1373,1251,0.661777191191235,0.5756643510425494,474,273,3178,1688,288,136,1723,844,401,211,1223,643,232,111,528,226,4,2,0.0,0.6666666666666666,2758
Lee Walker,Jordan Brown,7,1306,1120,0.7371828058525272,0.6141996427768951,452,246,3500,1799,91,47,580,290,228,108,623,295,40,15,140,62,4,2,0.0,0.6666666666666666,2758
Soheil Vahedi,Hamza Akbar,7,1065,1054,0.5150352723345792,0.5068745667645342,22,5,150,59,34,5,232,78,115,46,150,59,85,27,232,78,4,2,0.0,0.6666666666666666,2758
Judd Trump,Jimmy White,7,1637,1249,0.9041778640069977,0.7251194977898231,878,599,5916,3507,1424,794,12165,6387,557,353,1745,1080,197,87,480,213,4,0,0.0,1.0,2758
Joe Swail,Andrew Higginson,7,1226,1362,0.32096653442831036,0.4158094770645927,835,447,6496,3372,701,417,4939,2707,229,107,702,341,236,123,773,411,4,2,0.0,0.6666666666666666,2758
Matthew Stevens,Li Yuan,7,1317,1130,0.7382850049697135,0.6147918694922195,924,538,7144,3885,45,22,256,120,208,99,751,389,117,52,151,71,4,2,0.0,0.6666666666666666,2758
Elliot Slessor,Thepchaiya Un-Nooh,7,1279,1365,0.3842066871290606,0.4464560968488817,156,70,951,445,307,176,2212,1171,229,113,533,259,296,154,983,523,4,1,0.0,0.8,2758
Luke Simmonds,Dechawat Poomjaeng,7,1203,1243,0.44549420086403224,0.47502081252106,114,62,780,404,237,124,1714,867,37,22,128,64,51,19,501,246,4,0,0.0,1.0,2758
Yuan Sijun,Xiao Guodong,7,1183,1432,0.19855056662581022,0.34921307920316513,51,17,342,144,418,246,2790,1545,106,44,271,125,309,180,829,464,4,0,0.0,1.0,2758
Jimmy Robertson,Lukas Kleckers,7,1347,1155,0.7437579445222342,0.617747874769249,456,250,3080,1603,60,25,363,166,316,165,918,495,117,50,304,138,4,2,0.0,0.6666666666666666,2758
Neil Robertson,Peter Lines,7,1555,1284,0.8213053995393751,0.6631804950993565,890,583,6474,3705,764,411,5545,2874,516,310,1311,791,212,103,653,322,4,1,0.0,0.8,2758
Joe Perry,James Wattana,7,1442,1194,0.8005143732994051,0.6502185485738271,1021,604,7327,3963,801,434,6743,3530,391,214,1334,749,143,57,453,186,4,0,0.0,1.0,2758
Tian Pengfei,Stuart Bingham,7,1348,1533,0.26392191355352257,0.3863929221952217,368,207,2447,1306,1063,675,7706,4394,258,136,724,384,452,263,1656,957,4,0,0.0,1.0,2758
Martin O'Donnell,Chris Wakelin,7,1285,1307,0.4699521739841547,0.486253465097645,298,144,1867,937,168,85,1129,567,266,136,632,322,237,120,701,350,4,1,0.0,0.8,2758
Lu Ning,Duane Jones,7,1148,1166,0.47540722540195457,0.4887518980531451,72,25,492,215,158,80,929,478,27,17,211,90,162,63,422,182,4,3,0.0,0.5714285714285714,2758
Shaun Murphy,Akani Songsermsawad,7,1491,1329,0.7099919234270913,0.5998883688639983,1024,672,7449,4255,75,38,562,285,584,330,1530,898,269,138,523,268,4,1,0.0,0.8,2758
Ross Muir,Alexander Ursenbacher,7,1235,1281,0.43738543058720863,0.4712816430485603,148,56,985,440,99,44,622,289,194,86,570,255,192,94,365,187,4,1,0.0,0.8,2758
Robert Milkins,Fergal O'Brien,7,1349,1350,0.4986328153483015,0.4993750003255206,834,500,6050,3284,868,495,6534,3442,333,176,1128,594,263,126,928,477,4,0,0.0,1.0,2758
Alan McManus,John Astley,7,1339,1323,0.5218633393972989,0.5099986668799655,921,546,7696,4088,190,91,1191,566,232,122,854,460,240,121,472,232,4,3,0.0,0.5714285714285714,2758
Jack Lisowski,Adam Stefanow,7,1389,1120,0.8195570476403491,0.6620627248063988,399,237,2602,1409,62,28,344,164,325,176,802,422,94,43,248,115,4,3,0.0,0.5714285714285714,2758
David Lilley,Tom Ford,7,1203,1416,0.23396455221276663,0.36993399171498176,70,39,429,234,589,337,4189,2239,47,26,153,85,330,182,926,506,4,3,0.0,0.5714285714285714,2758
Mark King,Mei Xiwen,7,1406,1274,0.6741427448520734,0.5817593768418363,922,519,6768,3567,90,43,591,291,388,212,1115,619,177,82,335,170,4,2,0.0,0.6666666666666666,2758
Ding Junhui,Niu Zhuang,7,1507,1074,0.9266101533502596,0.7469667935196899,708,474,5425,3100,43,15,259,101,369,207,1262,717,108,41,158,63,4,0,0.0,1.0,2758
Mark Joyce,Ricky Walden,7,1396,1381,0.5204982038546295,0.5093739015216607,453,242,3270,1674,815,492,5714,3152,334,179,806,428,402,211,1265,677,4,2,0.0,0.6666666666666666,2758
Jak Jones,Sanderson Lam,7,1171,1194,0.46858930565080326,0.4856289593029398,166,65,1060,464,140,57,851,384,149,58,308,128,199,90,475,208,4,1,0.0,0.8,2758
Zhang Jiankang,Simon Lichtenberg,7,995,1051,0.42393453930920916,0.4650570548417855,5,1,34,12,20,9,104,56,18,5,34,12,38,20,98,54,4,1,0.0,0.8,2758
Robin Hull,Kishan Hirani,7,1300,1132,0.7169197076810394,0.6034832498647263,522,310,3947,2156,132,64,709,345,188,87,591,301,47,29,221,118,4,2,0.0,0.6666666666666666,2758
Michael Holt,Sam Craigie,7,1384,1279,0.6403298636636867,0.5652507475670999,811,470,5864,3122,148,74,893,456,342,181,1273,677,174,77,449,230,4,2,0.0,0.6666666666666666,2758
John Higgins,Adam Duffy,7,1583,1229,0.883921914952807,0.7078572714244814,1395,985,11129,6589,327,164,2080,1056,577,354,1685,1015,146,53,674,341,4,3,0.0,0.5714285714285714,2758
Lyu Haotian,Fan Zhengyi,7,1236,988,0.8005143732994051,0.6502185485738271,104,43,716,325,9,1,57,19,170,82,289,141,19,4,39,13,4,2,0.0,0.6666666666666666,2758
Anthony Hamilton,Kurt Maflin,7,1424,1343,0.6092484254460553,0.5504527113395278,827,481,6365,3401,517,298,3470,1872,259,129,729,369,267,141,832,439,4,1,0.0,0.8,2758
Gerard Greene,Chris Totten,7,1262,998,0.8151364341594428,0.6592603884513855,694,374,5168,2696,25,5,151,50,176,82,504,247,100,29,140,47,4,1,0.0,0.8,2758
David Gilbert,Craig MacGillivray,7,1409,1058,0.8819896948101545,0.706303891936407,574,327,4120,2206,256,129,1880,929,438,235,1270,700,0,0,48,19,4,2,0.0,0.6666666666666666,2758
Michael Georgiou,Sean O'Sullivan,7,1256,1179,0.6039885915613215,0.5479769376367963,206,95,1250,608,197,82,1237,569,183,83,614,294,187,75,552,253,4,3,0.0,0.5714285714285714,2758
Marco Fu,Chen Zifan,7,1487,1226,0.8124499949726253,0.6575736106164225,862,514,6437,3507,63,33,369,181,410,220,1347,751,157,83,245,122,4,3,0.0,0.5714285714285714,2758
Chen Feilong,Fraser Patrick,7,1100,1194,0.37380831662168224,0.44151888756183866,27,11,157,73,197,81,1292,591,16,8,34,18,93,44,379,163,4,3,0.0,0.5714285714285714,2758
Mike Dunn,Joe O'Connor,7,1261,1094,0.7157709624772323,0.6028848673274662,698,371,5122,2637,87,41,521,247,236,119,761,390,64,32,305,143,4,2,0.0,0.6666666666666666,2758
Graeme Dott,Xu Si,7,1388,1128,0.8115488427624657,0.6570104626734988,842,491,6450,3450,38,15,256,107,356,187,1054,562,142,60,212,92,4,1,0.0,0.8,2758
Scott Donaldson,Rory McLeod,7,1318,1286,0.5436568604546561,0.5199893401555818,213,103,1422,694,563,306,4206,2177,200,97,593,278,278,131,739,358,4,2,0.0,0.6666666666666666,2758
Ryan Day,Rhys Clark,7,1512,1223,0.8365285845595485,0.6731572963701318,938,567,6413,3529,120,51,746,342,651,347,1547,857,152,64,470,205,4,3,0.0,0.5714285714285714,2758
Paul Davison,Li Hang,7,1219,1378,0.29350342132334917,0.40191313966779657,664,347,4641,2357,251,131,1809,939,202,96,550,249,325,176,807,430,4,3,0.0,0.5714285714285714,2758
Mark Davis,Jamie Clarke,7,1497,1247,0.8023816778034777,0.6513548646660542,1080,651,7581,4148,148,78,867,457,409,224,1354,760,98,51,401,210,4,3,0.0,0.5714285714285714,2758
Dominic Dale,Noppon Saengkham,7,1336,1320,0.5218633393972989,0.5099986668799655,909,521,6477,3455,203,92,1469,693,234,121,1011,536,310,158,768,367,4,3,0.0,0.5714285714285714,2758
Billy Joe Castle,Stephen Maguire,7,1128,1468,0.1253018688857915,0.29943285752602705,39,20,227,111,917,608,6716,3830,143,64,184,87,456,271,1296,736,4,1,0.0,0.8,2758
Ashley Carty,Craig Steadman,7,1263,1235,0.5382188233953898,0.5174928576663897,121,65,698,366,423,227,2789,1454,79,48,313,174,180,77,602,280,4,2,0.0,0.6666666666666666,2758
Ali Carter,Luo Honghao,7,1482,1045,0.9283792405009167,0.7488521955201534,894,541,6319,3489,21,10,117,55,342,189,1175,663,19,4,42,14,4,0,0.0,1.0,2758
Stuart Carrington,Gary Wilson,7,1416,1361,0.5747243219334544,0.5343209436693046,313,171,2021,1071,389,225,2525,1370,252,140,749,396,286,150,765,401,4,3,0.0,0.5714285714285714,2758
James Cahill,Thor Chuan Leong,7,1173,1154,0.5259570402770714,0.5118727677562528,141,49,903,382,77,22,510,204,87,40,379,155,153,63,482,201,4,2,0.0,0.6666666666666666,2758
Ian Burns,Matthew Selt,7,1259,1368,0.3545779913833035,0.43229345192664,316,162,1998,1013,547,298,3718,1947,185,79,600,277,286,143,1139,609,4,3,0.0,0.5714285714285714,2758
Alfie Burden,Peter Ebdon,7,1296,1340,0.44008542926958705,0.47252769565540637,657,353,4753,2441,1061,607,8341,4473,222,103,664,323,291,151,996,529,4,2,0.0,0.6666666666666666,2758
Luca Brecel,Hammad Miah,7,1459,1191,0.8186786074572162,0.6615031592029524,320,185,2220,1196,130,48,866,378,397,231,1089,620,181,77,564,260,4,0,0.0,1.0,2758
Nigel Bond,Andy Lee,7,1242,1083,0.7064965786766507,0.5980868603322034,851,465,6718,3522,102,49,609,297,176,77,539,241,0,0,16,9,4,2,0.0,0.6666666666666666,2758
Yan Bingtao,Basem Eltahhan,7,1490,998,0.9493571939713684,0.7738185742694538,114,70,796,448,9,2,58,17,370,218,658,372,23,5,58,17,4,0,0.0,1.0,2758
Sam Baird,Rod Lawler,7,1283,1236,0.5639634145132848,0.5293412500457856,323,167,2239,1149,801,431,6101,3154,192,90,707,356,150,59,656,304,4,3,0.0,0.5714285714285714,2758
Zhang Anda,Ken Doherty,7,1287,1328,0.44414095234189266,0.47439741167538224,295,146,2056,1025,1117,680,9094,4990,196,91,722,361,224,117,688,340,4,0,0.0,1.0,2758
Mark Allen,Liang Wenbo,7,1460,1404,0.5760654606907909,0.5349429451582145,718,462,4951,2785,587,353,4071,2244,449,253,1233,703,338,177,1323,736,4,2,0.0,0.6666666666666666,2758
Zhou Yuelong,Lyu Haotian,7,1394,1236,0.7053268662779104,0.5974857658270161,167,94,1143,607,104,43,716,325,305,169,849,459,170,82,289,141,4,2,0.0,0.6666666666666666,2758
Zhang Yong,James Cahill,7,1199,1173,0.5354968818114487,0.5162442810620724,91,37,559,238,141,49,903,382,223,102,466,200,87,40,379,155,4,2,0.0,0.6666666666666666,2758
Zhao Xintong,Dominic Dale,7,1424,1336,0.6184015843393024,0.5547792351072148,132,69,876,470,909,521,6477,3455,215,112,563,302,234,121,1011,536,4,3,0.0,0.5714285714285714,2758
Kyren Wilson,Paul Davison,7,1445,1219,0.7792359029381558,0.637608652621925,431,261,2800,1536,664,347,4641,2357,476,255,1313,730,202,96,550,249,4,0,0.0,1.0,2758
Daniel Wells,David Gilbert,7,1285,1409,0.3357342215120212,0.42311473886795364,341,167,2282,1126,574,327,4120,2206,232,111,655,324,438,235,1270,700,4,1,0.0,0.8,2758
Judd Trump,Ben Woollaston,7,1637,1403,0.7871292414209698,0.6422170929574377,878,599,5916,3507,576,330,3731,1995,557,353,1745,1080,380,208,1162,617,4,0,0.0,1.0,2758
Matthew Stevens,Elliot Slessor,7,1317,1279,0.5517972899579606,0.523732154126561,924,538,7144,3885,156,70,951,445,208,99,751,389,229,113,533,259,4,1,0.0,0.8,2758
Yuan Sijun,Luke Simmonds,7,1183,1203,0.4726790179572131,0.4875026035157896,51,17,342,144,114,62,780,404,106,44,271,125,37,22,128,64,4,3,0.0,0.5714285714285714,2758
Jimmy Robertson,Jack Lisowski,7,1347,1389,0.44278839657477087,0.4737740906279313,456,250,3080,1603,399,237,2602,1409,316,165,918,495,325,176,802,422,4,1,0.0,0.8,2758
Joe Perry,Robbie Williams,7,1442,1332,0.6466907800352545,0.5683199834782481,1021,604,7327,3963,349,189,2272,1164,391,214,1334,749,233,117,719,365,4,2,0.0,0.6666666666666666,2758
Tian Pengfei,Robin Hull,7,1348,1300,0.5653114683109788,0.5299640517645717,368,207,2447,1306,522,310,3947,2156,258,136,724,384,188,87,591,301,4,0,0.0,1.0,2758
Lu Ning,Jak Jones,7,1148,1171,0.46858930565080326,0.4856289593029398,72,25,492,215,166,65,1060,464,27,17,211,90,149,58,308,128,4,3,0.0,0.5714285714285714,2758
Shaun Murphy,Michael Holt,7,1491,1384,0.6428793213307702,0.5664790559676278,1024,672,7449,4255,811,470,5864,3122,584,330,1530,898,342,181,1273,677,4,0,0.0,1.0,2758
Ross Muir,Neil Robertson,7,1235,1555,0.13940518288643433,0.31002551887238755,148,56,985,440,890,583,6474,3705,194,86,570,255,516,310,1311,791,4,2,0.0,0.6666666666666666,2758
David Lilley,Mark King,7,1203,1406,0.24442824800689816,0.3757797665027358,70,39,429,234,922,519,6768,3567,47,26,153,85,388,212,1115,619,4,3,0.0,0.5714285714285714,2758
Ding Junhui,Robert Milkins,7,1507,1349,0.7053268662779104,0.5974857658270161,708,474,5425,3100,834,500,6050,3284,369,207,1262,717,333,176,1128,594,4,1,0.0,0.8,2758
Mark Joyce,Joe Swail,7,1396,1226,0.7192100641468833,0.6046790847140093,453,242,3270,1674,835,447,6496,3372,334,179,806,428,229,107,702,341,4,2,0.0,0.6666666666666666,2758
Zhang Jiankang,Lee Walker,7,995,1306,0.14611353210016934,0.31485894324970715,5,1,34,12,452,246,3500,1799,18,5,34,12,228,108,623,295,4,2,0.0,0.6666666666666666,2758
John Higgins,Gerard Greene,7,1583,1262,0.8613262329678552,0.6905090012275708,1395,985,11129,6589,694,374,5168,2696,577,354,1685,1015,176,82,504,247,4,0,0.0,1.0,2758
Graeme Dott,Scott Donaldson,7,1388,1318,0.5947357972115818,0.5436386872370789,842,491,6450,3450,213,103,1422,694,356,187,1054,562,200,97,593,278,4,1,0.0,0.8,2758
Ryan Day,Anthony Hamilton,7,1512,1424,0.6184015843393024,0.5547792351072148,938,567,6413,3529,827,481,6365,3401,651,347,1547,857,259,129,729,369,4,1,0.0,0.8,2758
Billy Joe Castle,Soheil Vahedi,7,1128,1065,0.5854263042586716,0.5392938058983595,39,20,227,111,22,5,150,59,143,64,184,87,115,46,150,59,4,1,0.0,0.8,2758
Ali Carter,Michael Georgiou,7,1482,1256,0.7792359029381558,0.637608652621925,894,541,6319,3489,206,95,1250,608,342,189,1175,663,183,83,614,294,4,2,0.0,0.6666666666666666,2758
Stuart Carrington,Eden Sharav,7,1416,1211,0.75768573294214,0.6253923497205511,313,171,2021,1071,134,64,811,383,252,140,749,396,191,83,488,208,4,2,0.0,0.6666666666666666,2758
Ian Burns,Mike Dunn,7,1259,1261,0.4972656477862734,0.49875000260416025,316,162,1998,1013,698,371,5122,2637,185,79,600,277,236,119,761,390,4,1,0.0,0.8,2758
Alfie Burden,Marco Fu,7,1296,1487,0.257331545698999,0.38284263734702784,657,353,4753,2441,862,514,6437,3507,222,103,664,323,410,220,1347,751,4,3,0.0,0.5714285714285714,2758
Luca Brecel,Alan McManus,7,1459,1339,0.6592810606298003,0.574442516811659,320,185,2220,1196,921,546,7696,4088,397,231,1089,620,232,122,854,460,4,2,0.0,0.6666666666666666,2758
Nigel Bond,Michael White,7,1242,1373,0.32708497904170997,0.41884903571060617,851,465,6718,3522,474,273,3178,1688,176,77,539,241,401,211,1223,643,4,1,0.0,0.8,2758
Yan Bingtao,Ashley Carty,7,1490,1263,0.7802322205466414,0.6381861133090055,114,70,796,448,121,65,698,366,370,218,658,372,79,48,313,174,4,0,0.0,1.0,2758
Sam Baird,Martin O'Donnell,7,1283,1285,0.4972656477862734,0.49875000260416025,323,167,2239,1149,298,144,1867,937,192,90,707,356,266,136,632,322,4,1,0.0,0.8,2758
Zhang Anda,Mark Davis,7,1287,1497,0.23707568505247512,0.37168381170463377,295,146,2056,1025,1080,651,7581,4148,196,91,722,361,409,224,1354,760,4,2,0.0,0.6666666666666666,2758
Mark Allen,Chen Feilong,7,1460,1100,0.8877146338860857,0.7109495026250039,718,462,4951,2785,27,11,157,73,449,253,1233,703,16,8,34,18,4,1,0.0,0.8,2758
Kyren Wilson,Joe Perry,7,1445,1442,0.5041014855971089,0.5018749912109869,431,261,2800,1536,1021,604,7327,3963,476,255,1313,730,391,214,1334,749,4,3,0.0,0.5714285714285714,2758
Daniel Wells,Mark Joyce,7,1285,1396,0.35204218100893303,0.43106679063045344,341,167,2282,1126,453,242,3270,1674,232,111,655,324,334,179,806,428,4,1,0.0,0.8,2758
Judd Trump,Zhang Jiankang,7,1637,995,0.982134831558578,0.8327160444615168,878,599,5916,3507,5,1,34,12,557,353,1745,1080,18,5,34,12,4,1,0.0,0.8,2758
Matthew Stevens,Jimmy Robertson,7,1317,1347,0.4590611389260606,0.4812587841214648,924,538,7144,3885,456,250,3080,1603,208,99,751,389,316,165,918,495,4,3,0.0,0.5714285714285714,2758
Tian Pengfei,Lu Ning,7,1348,1148,0.7523810515908644,0.6224593312018546,368,207,2447,1306,72,25,492,215,258,136,724,384,27,17,211,90,4,3,0.0,0.5714285714285714,2758
Shaun Murphy,Nigel Bond,7,1491,1242,0.8014494333741898,0.6507869207968349,1024,672,7449,4255,851,465,6718,3522,584,330,1530,898,176,77,539,241,4,2,0.0,0.6666666666666666,2758
Ding Junhui,Zhao Xintong,7,1507,1424,0.611870456908998,0.5516896693427,708,474,5425,3100,132,69,876,470,369,207,1262,717,215,112,563,302,4,3,0.0,0.5714285714285714,2758
John Higgins,Yan Bingtao,7,1583,1490,0.6248970337106214,0.5578645727207344,1395,985,11129,6589,114,70,796,448,577,354,1685,1015,370,218,658,372,4,0,0.0,1.0,2758
Graeme Dott,Luca Brecel,7,1388,1459,0.4039387802743521,0.4557411415821268,842,491,6450,3450,320,185,2220,1196,356,187,1054,562,397,231,1089,620,4,3,0.0,0.5714285714285714,2758
Ryan Day,Zhang Anda,7,1512,1287,0.7782368395177592,0.6370307944803831,938,567,6413,3529,295,146,2056,1025,651,347,1547,857,196,91,722,361,4,2,0.0,0.6666666666666666,2758
Ali Carter,David Lilley,7,1482,1203,0.8281850360436097,0.6676332571171155,894,541,6319,3489,70,39,429,234,342,189,1175,663,47,26,153,85,4,1,0.0,0.8,2758
Stuart Carrington,Zhou Yuelong,7,1416,1394,0.5300478260158454,0.513746534902355,313,171,2021,1071,167,94,1143,607,252,140,749,396,305,169,849,459,4,0,0.0,1.0,2758
Ian Burns,Billy Joe Castle,7,1259,1128,0.6729150209582897,0.5811509642893937,316,162,1998,1013,39,20,227,111,185,79,600,277,143,64,184,87,4,1,0.0,0.8,2758
Alfie Burden,Zhang Yong,7,1296,1199,0.6300664956451868,0.5603296426885532,657,353,4753,2441,91,37,559,238,222,103,664,323,223,102,466,200,4,3,0.0,0.5714285714285714,2758
Sam Baird,Ross Muir,7,1283,1235,0.5653114683109788,0.5299640517645717,323,167,2239,1149,148,56,985,440,192,90,707,356,194,86,570,255,4,2,0.0,0.6666666666666666,2758
Mark Allen,Yuan Sijun,7,1460,1183,0.8264821963228286,0.6665228332551123,718,462,4951,2785,51,17,342,144,449,253,1233,703,106,44,271,125,4,1,0.0,0.8,2758
Daniel Wells,Matthew Stevens,7,1285,1317,0.4563431395453441,0.48001065984441826,341,167,2282,1126,924,538,7144,3885,232,111,655,324,208,99,751,389,4,0,0.0,1.0,2758
Judd Trump,Ian Burns,7,1637,1259,0.8985282020078706,0.7201085268004915,878,599,5916,3507,316,162,1998,1013,557,353,1745,1080,185,79,600,277,4,1,0.0,0.8,2758
Shaun Murphy,Kyren Wilson,7,1491,1445,0.5626145694127913,0.5287183569514396,1024,672,7449,4255,431,261,2800,1536,584,330,1530,898,476,255,1313,730,4,3,0.0,0.5714285714285714,2758
Ryan Day,Ding Junhui,7,1512,1507,0.5068355814796678,0.5031249593105316,938,567,6413,3529,708,474,5425,3100,651,347,1547,857,369,207,1262,717,4,2,0.0,0.6666666666666666,2758
Stuart Carrington,Tian Pengfei,7,1416,1348,0.5920814957526257,0.542397940774351,313,171,2021,1071,368,207,2447,1306,252,140,749,396,258,136,724,384,4,3,0.0,0.5714285714285714,2758
Alfie Burden,John Higgins,7,1296,1583,0.16511738253411098,0.3279437373497286,657,353,4753,2441,1395,985,11129,6589,222,103,664,323,577,354,1685,1015,4,2,0.0,0.6666666666666666,2758
Sam Baird,Ali Carter,7,1283,1482,0.24868775230024892,0.3781283576925339,323,167,2239,1149,894,541,6319,3489,192,90,707,356,342,189,1175,663,4,3,0.0,0.5714285714285714,2758
Mark Allen,Graeme Dott,7,1460,1388,0.5973854695265872,0.5448788923735801,718,462,4951,2785,842,491,6450,3450,449,253,1233,703,356,187,1054,562,4,2,0.0,0.6666666666666666,2758
Daniel Wells,Ryan Day,9,1285,1512,0.19227030755303381,0.36181388669099446,341,167,2282,1126,938,567,6413,3529,232,111,655,324,651,347,1547,857,5,1,0.0,0.8333333333333334,2758
Judd Trump,Stuart Carrington,9,1637,1416,0.8014626063427572,0.6347154153791584,878,599,5916,3507,313,171,2021,1071,557,353,1745,1080,252,140,749,396,5,3,0.0,0.625,2758
Shaun Murphy,Sam Baird,9,1491,1283,0.7874461495888876,0.6271477663131956,1024,672,7449,4255,323,167,2239,1149,584,330,1530,898,192,90,707,356,5,0,0.0,1.0,2758
Mark Allen,Alfie Burden,9,1460,1296,0.7357020581715297,0.6010878788483698,718,462,4951,2785,657,353,4753,2441,449,253,1233,703,222,103,664,323,5,0,0.0,1.0,2758
Shaun Murphy,Judd Trump,11,1491,1637,0.26844922522726006,0.40974974806981657,1024,672,7449,4255,878,599,5916,3507,584,330,1530,898,557,353,1745,1080,6,3,0.0,0.6666666666666666,2758
Mark Allen,Daniel Wells,11,1460,1285,0.7701380681178696,0.6076631698328917,718,462,4951,2785,341,167,2282,1126,449,253,1233,703,232,111,655,324,6,5,0.0,0.5454545454545454,2758
Mark Allen,Shaun Murphy,17,1460,1491,0.4356072901203778,0.4806346917700681,718,462,4951,2785,1024,672,7449,4255,449,253,1233,703,584,330,1530,898,9,7,0.0,0.5625,2758
Zhou Yuelong,Soheil Vahedi,11,1392,1063,0.9157023013753977,0.6947667628737805,170,96,1160,615,24,6,161,64,17,8,593,319,11,5,126,51,6,1,0.0,0.8571428571428571,2744
Mei Xiwen,Fergal O'Brien,11,1270,1334,0.3930880661471555,0.46008511544443426,91,43,597,293,869,495,6538,3442,6,2,322,161,4,0,565,279,6,5,0.0,0.5454545454545454,2744
Ben Woollaston,Alfie Burden,11,1395,1316,0.6311004465824185,0.5492151291013335,578,331,3740,1999,662,357,4784,2457,9,4,756,399,31,16,475,227,6,3,0.0,0.6666666666666666,2744
Gary Wilson,Billy Joe Castle,11,1359,1149,0.812102917246662,0.6283161882953663,390,225,2532,1373,42,22,242,120,7,3,498,261,15,9,158,73,6,4,0.0,0.6,2744
Kyren Wilson,Andy Lee,11,1460,1080,0.9433267852514017,0.7211151780228631,435,264,2824,1551,103,49,615,299,24,15,995,546,6,2,22,11,6,0,0.0,1.0,2744
Mark Williams,Adam Duffy,11,1508,1237,0.8726095321721828,0.6631804950993565,1388,909,10390,5963,328,164,2087,1059,0,0,1250,728,7,3,386,180,6,2,0.0,0.75,2744
Daniel Wells,Zhao Xintong,11,1357,1431,0.3769079309289413,0.4538814589542204,346,171,2313,1148,135,71,895,481,31,22,463,229,19,11,446,228,6,5,0.0,0.5454545454545454,2744
Chris Wakelin,Duane Jones,11,1294,1161,0.7132087530865945,0.5823675407280794,169,85,1134,568,159,80,936,481,5,1,468,229,7,3,328,134,6,1,0.0,0.8571428571428571,2744
Hossein Vafaei,Ashley Hugill,11,1370,1197,0.7675848172598367,0.6064704870683034,95,54,717,364,104,51,574,277,0,0,440,225,5,1,342,162,6,5,0.0,0.5454545454545454,2744
Thepchaiya Un-Nooh,Jimmy White,11,1351,1240,0.6808260033162458,0.5689332093695465,308,176,2217,1172,1425,794,12169,6387,5,1,602,306,4,0,353,157,6,3,0.0,0.6666666666666666,2744
Judd Trump,David Lilley,11,1640,1219,0.9597207665428465,0.7412546787548828,884,604,5951,3531,73,41,448,243,35,24,1143,717,19,9,172,94,6,0,0.0,1.0,2744
Joe Swail,Michael White,11,1235,1362,0.29546103784140204,0.421285137539866,837,448,6508,3378,476,274,3189,1693,12,6,438,211,11,5,787,405,6,5,0.0,0.5454545454545454,2744
Matthew Stevens,Ross Muir,11,1319,1258,0.6020186146971794,0.5380512843858591,928,541,7166,3897,151,58,1002,450,22,12,497,260,17,10,396,183,6,4,0.0,0.6,2744
Akani Songsermsawad,Eden Sharav,11,1321,1209,0.682332326039051,0.569546223939229,76,38,567,286,135,64,817,385,5,1,499,257,6,2,333,140,6,5,0.0,0.5454545454545454,2744
Matthew Selt,Zhang Yong,11,1360,1220,0.7231619987890416,0.5866175789173301,548,298,3725,1950,94,39,578,249,7,3,610,315,19,11,383,165,6,2,0.0,0.75,2744
Noppon Saengkham,Hamza Akbar,11,1317,1046,0.8726095321721828,0.6631804950993565,204,92,1476,696,35,5,238,80,7,3,555,277,6,2,209,71,6,1,0.0,0.8571428571428571,2744
Jimmy Robertson,Jordan Brown,11,1357,1117,0.8438737358496442,0.6456563062257954,459,252,3098,1614,92,47,586,292,18,11,589,319,6,2,92,38,6,4,0.0,0.6,2744
Neil Robertson,Kishan Hirani,11,1543,1129,0.9572441024823404,0.7378841011916348,892,584,6485,3711,133,64,715,347,11,6,896,528,6,2,132,70,6,2,0.0,0.75,2744
Joe Perry,John Astley,11,1454,1320,0.7146414155676208,0.5829754542011996,1024,606,7344,3974,191,91,1198,569,17,11,873,476,7,3,428,217,6,0,0.0,1.0,2744
Tian Pengfei,Lyu Haotian,11,1377,1234,0.7273730783317633,0.5884351201276382,372,210,2469,1321,106,44,728,331,22,15,477,240,12,6,213,106,6,4,0.0,0.6,2744
Ronnie O'Sullivan,Luke Simmonds,11,1605,1215,0.9477616310501991,0.7261149812607791,1198,915,10444,6381,116,63,791,411,0,0,1001,635,11,7,74,36,6,1,0.0,0.8571428571428571,2744
Martin O'Donnell,Xu Si,11,1286,1122,0.7558938862654132,0.6010878788483698,300,145,1877,942,39,15,261,108,10,5,481,246,5,1,201,86,6,4,0.0,0.6,2744
Joe O'Connor,Ryan Day,11,1091,1504,0.043119956610726276,0.26259971417233613,88,41,527,249,943,571,6443,3546,6,2,130,59,30,17,1127,616,6,2,0.0,0.75,2744
Lu Ning,Anthony McGill,11,1162,1410,0.1483148014079072,0.34978145142617295,75,27,513,226,484,298,3095,1709,21,11,86,41,6,2,865,479,6,5,0.0,0.5454545454545454,2744
Robert Milkins,Sanderson Lam,11,1357,1181,0.7714085331898454,0.6082590307465143,836,501,6059,3289,141,57,856,385,9,5,716,370,5,1,337,143,6,1,0.0,0.8571428571428571,2744
Alan McManus,Alexander Ursenbacher,11,1338,1268,0.6166451808732252,0.5436386872370789,923,547,7709,4094,100,44,627,290,13,6,569,299,5,1,234,117,6,1,0.0,0.8571428571428571,2744
Rory McLeod,Peter Lines,11,1279,1279,0.5,0.5,564,306,4212,2179,765,411,5550,2875,6,2,533,254,5,1,458,229,6,3,0.0,0.6666666666666666,2744
Stephen Maguire,Simon Lichtenberg,11,1448,1038,0.955772200670612,0.7359453939271484,918,608,6721,3831,21,9,109,57,5,1,917,536,5,1,66,36,6,3,0.0,0.6666666666666666,2744
Kurt Maflin,Zhang Anda,11,1333,1316,0.528736253433527,0.5106234010049637,518,298,3475,1873,298,148,2072,1035,5,1,569,305,16,10,477,244,6,3,0.0,0.6666666666666666,2744
Jack Lisowski,Zhang Jiankang,11,1371,1026,0.9253239430388136,0.7031827112198086,401,238,2614,1414,8,3,50,21,12,5,588,317,16,9,50,21,6,1,0.0,0.8571428571428571,2744
Rod Lawler,Anthony Hamilton,11,1234,1424,0.21124142627615566,0.38343349547868066,802,431,6108,3157,829,482,6375,3406,7,3,412,184,10,5,587,311,6,1,0.0,0.8571428571428571,2744
Mark King,Elliot Slessor,11,1399,1282,0.6898164291923761,0.5726080638632601,924,520,6781,3574,158,71,961,450,13,7,759,422,10,5,373,178,6,5,0.0,0.5454545454545454,2744
Ding Junhui,Adam Stefanow,11,1516,1125,0.9481889006858235,0.726611880149394,712,477,5447,3114,63,28,351,167,22,14,973,560,7,3,235,114,6,1,0.0,0.8571428571428571,2744
Mark Joyce,Niu Zhuang,11,1392,1066,0.9137947284470538,0.6931739493259501,456,244,3287,1683,44,15,263,101,17,9,584,305,4,0,124,43,6,3,0.0,0.6666666666666666,2744
Jak Jones,Ricky Walden,11,1179,1373,0.2064357034054066,0.38107214519980964,168,66,1072,471,816,492,5720,3154,12,7,254,104,6,2,966,503,6,5,0.0,0.5454545454545454,2744
Luo Honghao,Michael Georgiou,11,1037,1256,0.17795484726208163,0.3664446223632249,22,10,121,55,208,96,1263,614,4,0,23,4,13,6,428,209,6,0,0.0,1.0,2744
Michael Holt,Chen Zifan,11,1375,1231,0.7287693737217769,0.5890404340586651,813,471,5874,3126,64,33,376,184,10,4,919,485,7,3,210,107,6,1,0.0,0.8571428571428571,2744
Liam Highfield,Robin Hull,11,1373,1288,0.6406324665836775,0.5529259881329059,335,179,2280,1200,524,311,3957,2160,6,2,454,234,10,4,415,207,6,4,0.0,0.6,2744
Andrew Higginson,Nigel Bond,11,1350,1259,0.6500741151186586,0.5566309599222533,702,417,4945,2709,854,467,6735,3532,6,2,520,274,17,10,384,173,6,2,0.0,0.75,2744
John Higgins,Dechawat Poomjaeng,11,1583,1226,0.9319508746285202,0.7094058152553435,1399,988,11150,6603,238,124,1718,867,21,14,1168,710,4,0,263,123,6,5,0.0,0.5454545454545454,2744
Barry Hawkins,Jamie Clarke,11,1594,1251,0.9241711459408903,0.702138068199835,920,569,6541,3638,149,78,874,460,7,3,1006,574,7,3,206,108,6,0,0.0,1.0,2744
Li Hang,Lee Walker,11,1369,1292,0.6279039800050926,0.5479769376367963,252,131,1816,942,454,247,3512,1805,7,3,562,297,12,6,428,199,6,3,0.0,0.6666666666666666,2744
Xiao Guodong,Sean O'Sullivan,11,1411,1178,0.8368107961230543,0.6416424532015634,419,246,2794,1545,198,82,1244,572,4,0,567,316,7,3,346,143,6,4,0.0,0.6,2744
Martin Gould,Harvey Chandler,11,1463,1008,0.9700911317898934,0.75722034035404,661,400,4448,2443,13,6,69,30,0,0,811,446,5,1,49,24,6,1,0.0,0.8571428571428571,2744
David Gilbert,Ashley Carty,11,1392,1258,0.7146414155676208,0.5829754542011996,576,328,4131,2211,123,66,708,370,11,5,844,461,10,4,130,72,6,3,0.0,0.6666666666666666,2744
Marco Fu,Hammad Miah,11,1472,1180,0.889767881841614,0.6748052725823135,864,515,6451,3514,131,48,870,378,14,7,884,494,4,0,369,160,6,0,0.0,1.0,2744
Tom Ford,Craig Steadman,11,1405,1228,0.7726748787826436,0.6088545692109504,590,337,4196,2242,424,227,2795,1456,7,3,614,331,6,2,393,180,6,5,0.0,0.5454545454545454,2744
Chen Feilong,Shaun Murphy,11,1103,1537,0.03600090508015216,0.2525609797798001,29,12,169,78,1031,678,7501,4289,12,5,28,13,52,34,1061,611,6,3,0.0,0.6666666666666666,2744
Peter Ebdon,Chris Totten,11,1331,992,0.9218232548008097,0.7000424476024744,1062,607,8347,4475,26,5,156,51,6,2,536,274,5,1,133,42,6,2,0.0,0.75,2744
Mike Dunn,Allan Taylor,11,1252,1247,0.5084588118089964,0.5031249593105316,700,372,5133,2642,289,136,1729,846,11,5,495,242,6,2,387,168,6,4,0.0,0.6,2744
Graeme Dott,Oliver Lines,11,1404,1212,0.791169923020278,0.617747874769249,846,494,6473,3464,185,92,1176,590,23,14,723,374,6,2,409,185,6,2,0.0,0.75,2744
Scott Donaldson,Li Yuan,11,1315,1128,0.7851098343625788,0.6147918694922195,215,104,1433,699,46,22,262,122,11,5,443,216,6,2,123,54,6,3,0.0,0.6666666666666666,2744
Ken Doherty,Yuan Sijun,11,1311,1203,0.6762884110738897,0.5670929049654543,1118,680,9098,4990,54,19,358,153,4,0,424,208,16,9,226,112,6,2,0.0,0.75,2744
Paul Davison,Stuart Carrington,11,1216,1439,0.17364903324712758,0.3641261085729462,666,348,4652,2361,318,175,2053,1090,11,4,374,161,32,19,535,292,6,1,0.0,0.8571428571428571,2744
Mark Davis,Sam Craigie,11,1479,1274,0.8064278766835024,0.6253923497205511,1082,652,7594,4154,149,74,899,458,13,6,849,471,6,2,331,153,6,4,0.0,0.6,2744
Dominic Dale,Gerard Greene,11,1338,1258,0.6326951586011105,0.549833997312478,911,522,6491,3462,696,375,5177,2700,14,7,679,359,9,4,314,147,6,4,0.0,0.6,2744
Ali Carter,Thor Chuan Leong,11,1486,1147,0.9218232548008097,0.7000424476024744,898,544,6341,3504,78,22,516,206,22,15,854,486,6,2,318,128,6,3,0.0,0.6666666666666666,2744
James Cahill,Mark Selby,11,1173,1561,0.05310164618358605,0.2748805022101769,143,50,915,388,1061,734,7720,4514,12,6,249,110,0,0,1344,817,6,3,0.0,0.6666666666666666,2744
Ian Burns,Robbie Williams,11,1285,1336,0.4144093465121733,0.4681681105837757,320,165,2020,1026,351,190,2284,1170,22,13,429,201,12,6,489,244,6,5,0.0,0.5454545454545454,2744
Luca Brecel,Fan Zhengyi,11,1468,987,0.9763838772708908,0.7689692210129387,323,187,2237,1207,10,1,63,21,17,11,797,456,6,2,25,6,6,4,0.0,0.6,2744
Yan Bingtao,Lukas Kleckers,11,1495,1153,0.9235894785656281,0.7016149536154007,117,72,808,456,61,25,369,168,12,8,579,338,6,2,217,97,6,1,0.0,0.8571428571428571,2744
Stuart Bingham,James Wattana,11,1513,1183,0.916330777885757,0.6952966693475653,1064,675,7710,4394,802,434,6747,3530,4,0,1042,610,4,0,345,148,6,0,0.0,1.0,2744
Sam Baird,Liang Wenbo,11,1300,1398,0.3390320114677981,0.43905454967528373,328,171,2269,1165,588,353,4077,2246,30,16,533,266,6,2,839,459,6,5,0.0,0.5454545454545454,2744
Mark Allen,Basem Eltahhan,11,1506,991,0.9828470482746715,0.7837237376544267,725,469,5005,2821,10,2,62,17,54,36,912,522,4,0,62,17,6,2,0.0,0.75,2744
Zhou Yuelong,Mark Davis,11,1392,1479,0.35621000655071555,0.44583834723635146,170,96,1160,615,1082,652,7594,4154,17,8,593,319,13,6,849,471,6,4,0.0,0.6,2744
Gary Wilson,Sam Baird,11,1359,1300,0.5987470289611413,0.5368082899889803,390,225,2532,1373,328,171,2269,1165,7,3,498,261,30,16,533,266,6,3,0.0,0.6666666666666666,2744
Kyren Wilson,Mike Dunn,11,1460,1252,0.8098458608857009,0.6271477663131956,435,264,2824,1551,700,372,5133,2642,24,15,995,546,11,5,495,242,6,2,0.0,0.75,2744
Mark Williams,Daniel Wells,11,1508,1357,0.7384383044161037,0.5932699921071872,1388,909,10390,5963,346,171,2313,1148,0,0,1250,728,31,22,463,229,6,0,0.0,1.0,2744
Hossein Vafaei,Martin Gould,11,1370,1463,0.34679968616187434,0.4421354272792655,95,54,717,364,661,400,4448,2443,0,0,440,225,0,0,811,446,6,4,0.0,0.6,2744
Judd Trump,Dominic Dale,11,1640,1338,0.8973050799605787,0.6802671966986485,884,604,5951,3531,911,522,6491,3462,35,24,1143,717,14,7,679,359,6,5,0.0,0.5454545454545454,2744
Akani Songsermsawad,James Cahill,11,1321,1173,0.7343171553057939,0.5914589784327801,76,38,567,286,143,50,915,388,5,1,499,257,12,6,249,110,6,5,0.0,0.5454545454545454,2744
Noppon Saengkham,Rod Lawler,11,1317,1234,0.6374648969394331,0.5516896693427,204,92,1476,696,802,431,6108,3157,7,3,555,277,7,3,412,184,6,0,0.0,1.0,2744
Neil Robertson,Thepchaiya Un-Nooh,11,1543,1351,0.791169923020278,0.617747874769249,892,584,6485,3711,308,176,2217,1172,11,6,896,528,5,1,602,306,6,3,0.0,0.6666666666666666,2744
Joe Perry,Michael Holt,11,1454,1375,0.6311004465824185,0.5492151291013335,1024,606,7344,3974,813,471,5874,3126,17,11,873,476,10,4,919,485,6,1,0.0,0.8571428571428571,2744
Tian Pengfei,Jimmy Robertson,11,1377,1357,0.5337956434399982,0.5124973964842103,372,210,2469,1321,459,252,3098,1614,22,15,477,240,18,11,589,319,6,2,0.0,0.75,2744
Ronnie O'Sullivan,Ken Doherty,11,1605,1311,0.8913075060744795,0.6759015277259407,1198,915,10444,6381,1118,680,9098,4990,0,0,1001,635,4,0,424,208,6,5,0.0,0.5454545454545454,2744
Martin O'Donnell,Chen Feilong,11,1286,1103,0.7801859416806328,0.6124209393479161,300,145,1877,942,29,12,169,78,10,5,481,246,12,5,28,13,6,2,0.0,0.75,2744
Joe O'Connor,Andrew Higginson,11,1091,1350,0.1380252723863991,0.34355312754339407,88,41,527,249,702,417,4945,2709,6,2,130,59,6,2,520,274,6,3,0.0,0.6666666666666666,2744
Lu Ning,Mark Joyce,11,1162,1392,0.16628143666623535,0.36008390326226586,75,27,513,226,456,244,3287,1683,21,11,86,41,17,9,584,305,6,4,0.0,0.6,2744
Alan McManus,John Higgins,11,1338,1583,0.15121160585892304,0.351489125261079,923,547,7709,4094,1399,988,11150,6603,13,6,569,299,21,14,1168,710,6,5,0.0,0.5454545454545454,2744
Stephen Maguire,Scott Donaldson,11,1448,1315,0.7132087530865945,0.5823675407280794,918,608,6721,3831,215,104,1433,699,5,1,917,536,11,5,443,216,6,4,0.0,0.6,2744
Jack Lisowski,Mei Xiwen,11,1371,1270,0.6655948512999666,0.5627917401386452,401,238,2614,1414,91,43,597,293,12,5,588,317,6,2,322,161,6,1,0.0,0.8571428571428571,2744
Mark King,Li Hang,11,1399,1369,0.550614462905557,0.5187412158785352,924,520,6781,3574,252,131,1816,942,13,7,759,422,7,3,562,297,6,2,0.0,0.75,2744
Ding Junhui,Matthew Selt,11,1516,1360,0.7452301491932622,0.5962826992967879,712,477,5447,3114,548,298,3725,1950,22,14,973,560,7,3,610,315,6,5,0.0,0.5454545454545454,2744
Jak Jones,Joe Swail,11,1179,1235,0.4061738403824442,0.4650570548417855,168,66,1072,471,837,448,6508,3378,12,7,254,104,12,6,438,211,6,5,0.0,0.5454545454545454,2744
Barry Hawkins,Ian Burns,11,1594,1285,0.9023444933799599,0.6840614456522569,920,569,6541,3638,320,165,2020,1026,7,3,1006,574,22,13,429,201,6,0,0.0,1.0,2744
Xiao Guodong,Ben Woollaston,11,1411,1395,0.5270486726982949,0.5099986668799655,419,246,2794,1545,578,331,3740,1999,4,0,567,316,9,4,756,399,6,3,0.0,0.6666666666666666,2744
David Gilbert,Peter Ebdon,11,1392,1331,0.6020186146971794,0.5380512843858591,576,328,4131,2211,1062,607,8347,4475,11,5,844,461,6,2,536,274,6,4,0.0,0.6,2744
Marco Fu,Luo Honghao,11,1472,1037,0.9643115397978188,0.7479106630456372,864,515,6451,3514,22,10,121,55,14,7,884,494,4,0,23,4,6,2,0.0,0.75,2744
Tom Ford,Robert Milkins,11,1405,1357,0.5806301954599846,0.5299640517645717,590,337,4196,2242,836,501,6059,3289,7,3,614,331,9,5,716,370,6,5,0.0,0.5454545454545454,2744
Graeme Dott,Matthew Stevens,11,1404,1319,0.6406324665836775,0.5529259881329059,846,494,6473,3464,928,541,7166,3897,23,14,723,374,22,12,497,260,6,2,0.0,0.75,2744
Ali Carter,Chris Wakelin,11,1486,1294,0.791169923020278,0.617747874769249,898,544,6341,3504,169,85,1134,568,22,15,854,486,5,1,468,229,6,4,0.0,0.6,2744
Luca Brecel,Liam Highfield,11,1468,1373,0.6563156776858904,0.559097471902393,323,187,2237,1207,335,179,2280,1200,17,11,797,456,6,2,454,234,6,5,0.0,0.5454545454545454,2744
Yan Bingtao,Paul Davison,11,1495,1216,0.8793617107264892,0.6676332571171155,117,72,808,456,666,348,4652,2361,12,8,579,338,11,4,374,161,6,1,0.0,0.8571428571428571,2744
Stuart Bingham,Kurt Maflin,11,1513,1333,0.7764491076959295,0.610639233949222,1064,675,7710,4394,518,298,3475,1873,4,0,1042,610,5,1,569,305,6,5,0.0,0.5454545454545454,2744
Mark Allen,Rory McLeod,11,1506,1279,0.8305871461583106,0.6381861133090055,725,469,5005,2821,564,306,4212,2179,54,36,912,522,6,2,533,254,6,2,0.0,0.75,2744
Kyren Wilson,Yan Bingtao,11,1460,1495,0.4410095569399367,0.47813894602839846,435,264,2824,1551,117,72,808,456,24,15,995,546,12,8,579,338,6,2,0.0,0.75,2744
Mark Williams,Noppon Saengkham,11,1508,1317,0.7899663671711594,0.6171573626529722,1388,909,10390,5963,204,92,1476,696,0,0,1250,728,7,3,555,277,6,3,0.0,0.6666666666666666,2744
Judd Trump,Mark King,11,1640,1399,0.8448653440403099,0.6462280583309002,884,604,5951,3531,924,520,6781,3574,35,24,1143,717,13,7,759,422,6,2,0.0,0.75,2744
Akani Songsermsawad,Jak Jones,11,1321,1179,0.7259730735833964,0.5878295384825115,76,38,567,286,168,66,1072,471,5,1,499,257,12,7,254,104,6,2,0.0,0.75,2744
Neil Robertson,Graeme Dott,11,1543,1404,0.7217509605986691,0.5860112044388707,892,584,6485,3711,846,494,6473,3464,11,6,896,528,23,14,723,374,6,5,0.0,0.5454545454545454,2744
Joe Perry,Joe O'Connor,11,1454,1091,0.9350825402753549,0.7124883131320702,1024,606,7344,3974,88,41,527,249,17,11,873,476,6,2,130,59,6,2,0.0,0.75,2744
Ronnie O'Sullivan,Zhou Yuelong,11,1605,1392,0.8154560379628985,0.6300660082850182,1198,915,10444,6381,170,96,1160,615,0,0,1001,635,17,8,593,319,6,0,0.0,1.0,2744
Martin O'Donnell,Tian Pengfei,11,1286,1377,0.34992588488134135,0.44336904007774663,300,145,1877,942,372,210,2469,1321,10,5,481,246,22,15,477,240,6,4,0.0,0.6,2744
Lu Ning,Luca Brecel,11,1162,1468,0.09979166006932375,0.3175616978069352,75,27,513,226,323,187,2237,1207,21,11,86,41,17,11,797,456,6,4,0.0,0.6,2744
Stephen Maguire,Ali Carter,11,1448,1486,0.43599688617440635,0.4762678458734389,918,608,6721,3831,898,544,6341,3504,5,1,917,536,22,15,854,486,6,3,0.0,0.6666666666666666,2744
Jack Lisowski,Marco Fu,11,1371,1472,0.33440514870003335,0.43720825986135486,401,238,2614,1414,864,515,6451,3514,12,5,588,317,14,7,884,494,6,3,0.0,0.6666666666666666,2744
Ding Junhui,Xiao Guodong,11,1516,1411,0.6717233367624065,0.5652507475670999,712,477,5447,3114,419,246,2794,1545,22,14,973,560,4,0,567,316,6,4,0.0,0.6,2744
Barry Hawkins,Gary Wilson,11,1594,1359,0.8388505228821673,0.6427913242407762,920,569,6541,3638,390,225,2532,1373,7,3,1006,574,7,3,498,261,6,4,0.0,0.6,2744
Tom Ford,Alan McManus,11,1405,1338,0.6117877063659423,0.5417773692836367,590,337,4196,2242,923,547,7709,4094,7,3,614,331,13,6,569,299,6,3,0.0,0.6666666666666666,2744
Stuart Bingham,David Gilbert,11,1513,1392,0.6957454653911014,0.5750535485557879,1064,675,7710,4394,576,328,4131,2211,4,0,1042,610,11,5,844,461,6,2,0.0,0.75,2744
Mark Allen,Hossein Vafaei,11,1506,1370,0.7174960378979142,0.5841905229354074,725,469,5005,2821,95,54,717,364,54,36,912,522,0,0,440,225,6,2,0.0,0.75,2744
Kyren Wilson,Barry Hawkins,11,1460,1594,0.28535858443237944,0.4170245457988005,435,264,2824,1551,920,569,6541,3638,24,15,995,546,7,3,1006,574,6,2,0.0,0.75,2744
Joe Perry,Judd Trump,11,1454,1640,0.21611484197711373,0.38580035722310485,1024,606,7344,3974,884,604,5951,3531,17,11,873,476,35,24,1143,717,6,4,0.0,0.6,2744
Ronnie O'Sullivan,Jack Lisowski,11,1605,1371,0.8378328351257411,0.6422170929574377,1198,915,10444,6381,401,238,2614,1414,0,0,1001,635,12,5,588,317,6,1,0.0,0.8571428571428571,2744
Martin O'Donnell,Ding Junhui,11,1286,1516,0.16628143666623535,0.36008390326226586,300,145,1877,942,712,477,5447,3114,10,5,481,246,22,14,973,560,6,4,0.0,0.6,2744
Stephen Maguire,Mark Williams,11,1448,1508,0.3996162597604901,0.46257015465625045,918,608,6721,3831,1388,909,10390,5963,5,1,917,536,0,0,1250,728,6,5,0.0,0.5454545454545454,2744
Tom Ford,Lu Ning,11,1405,1162,0.8468355410929524,0.647370307581549,590,337,4196,2242,75,27,513,226,7,3,614,331,21,11,86,41,6,5,0.0,0.5454545454545454,2744
Stuart Bingham,Akani Songsermsawad,11,1513,1321,0.791169923020278,0.617747874769249,1064,675,7710,4394,76,38,567,286,4,0,1042,610,5,1,499,257,6,2,0.0,0.75,2744
Mark Allen,Neil Robertson,11,1506,1543,0.4376666286326199,0.4768914745109111,725,469,5005,2821,892,584,6485,3711,54,36,912,522,11,6,896,528,6,5,0.0,0.5454545454545454,2744
Ronnie O'Sullivan,Martin O'Donnell,11,1605,1286,0.9092131038977679,0.6894394530607736,1198,915,10444,6381,300,145,1877,942,0,0,1001,635,10,5,481,246,6,1,0.0,0.8571428571428571,2744
Tom Ford,Joe Perry,11,1405,1454,0.41771479076349977,0.469413239817919,590,337,4196,2242,1024,606,7344,3974,7,3,614,331,17,11,873,476,6,2,0.0,0.75,2744
Stuart Bingham,Kyren Wilson,11,1513,1460,0.5888897906976714,0.5330766223661046,1064,675,7710,4394,435,264,2824,1551,4,0,1042,610,24,15,995,546,6,1,0.0,0.8571428571428571,2744
Mark Allen,Stephen Maguire,11,1506,1448,0.5971085093515105,0.5361866202317948,725,469,5005,2821,918,608,6721,3831,54,36,912,522,5,1,917,536,6,1,0.0,0.8571428571428571,2744
Ronnie O'Sullivan,Tom Ford,11,1605,1405,0.8006450896034027,0.6224593312018546,1198,915,10444,6381,590,337,4196,2242,0,0,1001,635,7,3,614,331,6,1,0.0,0.8571428571428571,2744
Mark Allen,Stuart Bingham,11,1506,1513,0.48815855151692544,0.4956251116502266,725,469,5005,2821,1064,675,7710,4394,54,36,912,522,4,0,1042,610,6,5,0.0,0.5454545454545454,2744
Ronnie O'Sullivan,Mark Allen,19,1605,1506,0.7074218935077607,0.5615610703361955,1198,915,10444,6381,725,469,5005,2821,0,0,1001,635,54,36,912,522,10,6,0.0,0.625,2744
Chen Zifan,Barry Hawkins,7,1216,1598,0.09918172751088478,0.27788039415064275,65,33,383,185,924,572,6571,3658,14,4,217,108,37,23,1036,594,4,3,0.0,0.5714285714285714,2736
Niu Zhuang,Mark Allen,7,1068,1543,0.0564918621557736,0.2337063569140403,45,15,272,104,732,475,5074,2863,13,3,133,46,123,78,981,564,4,1,0.0,0.8,2736
Zhou Yuelong,Lukas Kleckers,7,1395,1144,0.8033111045084242,0.6519223788927313,173,98,1183,627,62,25,376,169,40,20,616,331,13,3,224,98,4,1,0.0,0.8,2736
Mei Xiwen,Zhang Jiankang,7,1262,1017,0.7976923211673973,0.6485108747389209,93,44,615,300,9,3,57,22,24,9,340,168,23,10,57,22,4,0,0.0,1.0,2736
Gary Wilson,Adam Stefanow,7,1371,1118,0.8051614968205012,0.6530561132866127,393,227,2561,1389,64,28,358,168,36,19,527,277,14,4,242,115,4,3,0.0,0.5714285714285714,2736
Robbie Williams,Simon Lichtenberg,7,1329,1043,0.8340553716337187,0.6715050342254059,352,190,2295,1175,22,9,118,60,23,11,500,249,14,4,75,39,4,0,0.0,1.0,2736
Mark Williams,Alfie Burden,7,1530,1308,0.7752232149046754,0.6352948493228071,1392,912,10424,5986,663,357,4793,2460,34,23,1284,751,40,19,484,230,4,2,0.0,0.6666666666666666,2736
Michael White,Mark Joyce,7,1351,1372,0.4713154170628733,0.4868780138177567,477,274,3200,1698,458,245,3306,1693,22,10,798,410,36,19,603,315,4,0,0.0,1.0,2736
Daniel Wells,Zhao Xintong,7,1345,1423,0.3946945160108152,0.4514038914168657,348,172,2330,1154,136,71,906,486,48,28,480,235,30,16,457,233,4,1,0.0,0.8,2736
Lee Walker,Kyren Wilson,7,1283,1500,0.2298540184474826,0.3676062104304372,455,247,3521,1808,440,268,2861,1576,21,9,437,202,61,40,1032,571,4,3,0.0,0.5714285714285714,2736
Chris Wakelin,Thor Chuan Leong,7,1310,1149,0.7088291167182063,0.5992881635083561,171,86,1151,578,79,22,525,209,22,11,485,239,15,5,327,131,4,1,0.0,0.8,2736
Alexander Ursenbacher,Anthony McGill,7,1250,1393,0.3124871992801179,0.4115648798723618,101,44,634,291,485,298,3106,1714,12,2,241,118,17,7,876,484,4,0,0.0,1.0,2736
Thepchaiya Un-Nooh,Robert Milkins,7,1354,1369,0.47950179614537025,0.4906260984783392,310,177,2235,1181,838,502,6077,3300,23,10,620,315,27,16,734,381,4,0,0.0,1.0,2736
Judd Trump,Matthew Selt,7,1631,1374,0.8088283859322067,0.655318370173895,888,607,5986,3553,550,299,3744,1961,70,46,1178,739,26,14,629,326,4,2,0.0,0.6666666666666666,2736
Chris Totten,Dominic Dale,7,989,1354,0.10919722723358294,0.28648853245736305,27,5,164,53,913,523,6512,3473,13,3,141,44,35,18,700,370,4,3,0.0,0.5714285714285714,2736
Joe Swail,Luke Simmonds,7,1239,1208,0.5422981239384312,0.519365308229932,839,449,6530,3389,117,63,798,412,34,17,460,222,18,8,81,37,4,1,0.0,0.8,2736
Matthew Stevens,Ricky Walden,7,1312,1359,0.4360365854867152,0.47065874995421436,930,542,7184,3905,817,492,5731,3159,40,20,515,268,17,7,977,508,4,3,0.0,0.5714285714285714,2736
Akani Songsermsawad,Fan Zhengyi,7,1320,1001,0.8598606169693392,0.6894394530607736,80,41,605,306,11,1,73,25,43,21,537,277,16,6,35,10,4,0,0.0,1.0,2736
Yuan Sijun,Jamie Clarke,7,1191,1237,0.43738543058720863,0.4712816430485603,55,19,366,155,150,78,880,460,24,11,234,114,13,3,212,108,4,1,0.0,0.8,2736
Eden Sharav,Li Yuan,7,1211,1124,0.6170981549456108,0.5541616527636486,136,64,828,390,47,22,271,125,17,7,344,145,15,5,132,57,4,3,0.0,0.5714285714285714,2736
Mark Selby,Anthony Hamilton,7,1533,1397,0.6790334655716898,0.5841905229354074,1062,734,7729,4517,830,482,6382,3407,9,3,1353,820,17,6,594,312,4,1,0.0,0.8,2736
Neil Robertson,Ben Woollaston,7,1540,1391,0.6946979044907379,0.5920629281648192,896,587,6524,3734,580,332,3758,2008,50,29,935,551,27,13,774,408,4,3,0.0,0.5714285714285714,2736
Jimmy Robertson,James Cahill,7,1338,1203,0.6778138346852377,0.5835831155172753,461,253,3116,1622,145,51,935,399,36,19,607,327,32,17,269,121,4,1,0.0,0.8,2736
Tian Pengfei,Mike Dunn,7,1380,1252,0.6692199309586204,0.5793242521487495,375,212,2497,1337,702,373,5151,2650,50,31,505,256,29,13,513,250,4,3,0.0,0.5714285714285714,2736
Sean O'Sullivan,Andy Lee,7,1181,1067,0.651748409886971,0.5707716118944918,199,82,1254,576,104,49,621,299,17,7,356,147,12,2,28,11,4,1,0.0,0.8,2736
Ronnie O'Sullivan,Soheil Vahedi,7,1663,1054,0.97727796793188,0.8209063233378503,1205,922,10505,6427,25,6,168,65,61,46,1062,681,18,6,133,52,4,0,0.0,1.0,2736
Martin O'Donnell,Jimmy White,7,1317,1233,0.6131794491635048,0.5523079095743253,305,149,1922,967,1426,794,12178,6390,55,30,526,271,13,3,362,160,4,3,0.0,0.5714285714285714,2736
Lu Ning,Craig Steadman,7,1224,1234,0.4863309727288301,0.49375032550048964,79,30,555,249,425,227,2806,1461,63,34,128,64,17,7,404,185,4,3,0.0,0.5714285714285714,2736
Ross Muir,Elliot Slessor,7,1253,1284,0.4577018760615691,0.4806346917700681,152,58,1012,454,159,71,972,455,27,14,406,187,21,10,384,183,4,1,0.0,0.8,2736
Hammad Miah,Basem Eltahhan,7,1164,993,0.7203516579445735,0.6052765337748445,132,48,876,378,11,2,70,19,10,0,375,160,12,2,70,19,4,2,0.0,0.6666666666666666,2736
Alan McManus,Allan Taylor,7,1360,1239,0.660530062626431,0.5750535485557879,926,549,7736,4109,290,136,1739,850,40,21,596,314,16,6,397,172,4,0,0.0,1.0,2736
Rory McLeod,John Higgins,7,1283,1554,0.17869460046062505,0.33681950490064355,566,307,4229,2187,1401,989,11172,6614,23,10,550,262,43,25,1190,721,4,2,0.0,0.6666666666666666,2736
Kurt Maflin,Ashley Carty,7,1350,1252,0.6313550071762073,0.5609454503247162,520,299,3495,1884,124,66,717,373,25,12,589,316,19,7,139,75,4,0,0.0,1.0,2736
Jack Lisowski,Hossein Vafaei,7,1399,1367,0.5436568604546561,0.5199893401555818,405,241,2644,1433,98,56,746,378,42,24,618,336,29,14,469,239,4,0,0.0,1.0,2736
Peter Lines,Stuart Bingham,7,1267,1555,0.16429297846297009,0.32739298293223956,766,411,5559,2878,1070,680,7761,4429,14,4,467,232,55,35,1093,645,4,2,0.0,0.6666666666666666,2736
David Lilley,Duane Jones,7,1207,1146,0.5827567809217526,0.5380512843858591,74,41,454,243,160,80,943,482,25,9,178,94,14,4,335,135,4,2,0.0,0.6666666666666666,2736
Sanderson Lam,Joe O'Connor,7,1167,1141,0.5354968818114487,0.5162442810620724,142,57,863,386,91,43,552,263,12,2,344,144,31,16,155,73,4,3,0.0,0.5714285714285714,2736
Mark King,John Astley,7,1405,1300,0.6403298636636867,0.5652507475670999,927,522,6808,3588,192,91,1204,569,40,21,786,436,13,3,434,217,4,0,0.0,1.0,2736
Robin Hull,Jordan Brown,7,1284,1121,0.7111524094404451,0.6004882745269664,525,311,3967,2164,93,47,596,296,20,8,425,211,16,6,102,42,4,1,0.0,0.8,2736
Luo Honghao,Lyu Haotian,7,1066,1233,0.28422903752276774,0.39711513267253384,24,11,135,63,107,44,738,335,18,8,37,12,22,10,223,110,4,2,0.0,0.6666666666666666,2736
Michael Holt,Stephen Maguire,7,1373,1449,0.3973295650806627,0.45264238185691075,815,472,5888,3133,923,612,6767,3856,24,11,933,492,51,26,963,561,4,2,0.0,0.6666666666666666,2736
Kishan Hirani,Jak Jones,7,1128,1189,0.41724321907824724,0.4619487156141408,134,64,723,349,171,68,1102,485,14,4,140,72,42,21,284,118,4,3,0.0,0.5714285714285714,2736
Liam Highfield,James Wattana,7,1377,1168,0.7618819203066071,0.6277321638605189,337,180,2301,1211,803,434,6753,3530,27,13,475,245,10,0,351,148,4,2,0.0,0.6666666666666666,2736
Li Hang,Zhang Yong,7,1363,1210,0.6994442564412618,0.5944759307482401,254,132,1833,950,95,39,586,251,24,11,579,305,27,13,391,167,4,3,0.0,0.5714285714285714,2736
Xiao Guodong,Harvey Chandler,7,1417,1002,0.9182063246697127,0.7383673414380187,422,248,2823,1561,14,6,76,31,33,16,596,332,12,2,56,25,4,3,0.0,0.5714285714285714,2736
Gerard Greene,Oliver Lines,7,1254,1204,0.5680051367615364,0.5312093733737563,697,375,5187,2704,186,92,1184,592,19,8,324,151,14,4,417,187,4,0,0.0,1.0,2736
David Gilbert,Fergal O'Brien,7,1392,1326,0.589422689021118,0.541156668150228,579,330,4158,2225,870,495,6549,3447,38,19,871,475,15,5,576,284,4,1,0.0,0.8,2736
Tom Ford,Rod Lawler,7,1412,1239,0.7226276336267841,0.6064704870683034,596,342,4253,2273,804,432,6121,3163,64,34,671,362,20,9,425,190,4,3,0.0,0.5714285714285714,2736
Chen Feilong,Marco Fu,7,1123,1473,0.11865972081008884,0.29421497216298875,31,13,186,86,867,517,6474,3529,29,13,45,21,37,22,907,509,4,2,0.0,0.6666666666666666,2736
Peter Ebdon,Patrick Wallace,7,1329,1295,0.5463726874746992,0.5212372149662741,1064,608,8365,4485,388,220,3141,1695,24,12,554,284,0,0,6,2,4,0,0.0,1.0,2736
Scott Donaldson,Ken Doherty,7,1317,1334,0.476771798023094,0.4893765989950364,217,105,1452,709,1120,681,9117,5001,30,15,462,226,23,11,443,219,4,1,0.0,0.8,2736
Ryan Day,Michael Georgiou,7,1473,1226,0.7995764997363425,0.6496497492904088,944,571,6451,3548,209,96,1269,614,38,19,1135,618,19,6,434,209,4,1,0.0,0.8,2736
Mark Davis,Noppon Saengkham,7,1465,1346,0.6580301976734948,0.5738312575916094,1084,653,7614,4164,207,94,1498,711,33,16,869,481,29,18,577,292,4,3,0.0,0.5714285714285714,2736
Sam Craigie,Adam Duffy,7,1276,1231,0.5612649493584694,0.528095374408387,150,74,909,462,329,164,2095,1061,16,6,341,157,15,5,394,182,4,0,0.0,1.0,2736
Billy Joe Castle,Graeme Dott,7,1151,1427,0.1743734911586604,0.3340330732481797,43,22,252,124,849,496,6500,3481,25,13,168,77,50,31,750,391,4,3,0.0,0.5714285714285714,2736
Ali Carter,Paul Davison,7,1469,1233,0.7890748963496146,0.6433651456944017,901,546,6369,3519,668,349,4666,2368,50,30,882,501,25,11,388,168,4,1,0.0,0.8,2736
Stuart Carrington,Xu Si,7,1411,1122,0.8365285845595485,0.6731572963701318,319,175,2060,1091,40,15,271,112,39,20,542,293,15,5,211,90,4,1,0.0,0.8,2736
Ian Burns,Farakh Ajaib,7,1277,1008,0.8195570476403491,0.6620627248063988,322,166,2037,1032,36,16,205,97,39,19,446,207,0,0,40,17,4,1,0.0,0.8,2736
Luca Brecel,Raymond Fry,7,1434,979,0.9359148755824045,0.75722034035404,326,189,2268,1223,15,5,82,36,48,27,828,472,0,0,9,1,4,1,0.0,0.8,2736
Nigel Bond,Joe Perry,7,1247,1490,0.20420308349947378,0.35262969241845105,855,467,6743,3534,1029,610,7383,4000,25,12,392,175,56,37,912,502,4,2,0.0,0.6666666666666666,2736
Sam Baird,Shaun Murphy,7,1299,1507,0.2391631406818608,0.3728522336868044,330,172,2289,1174,1032,678,7510,4292,50,25,553,275,61,37,1070,614,4,2,0.0,0.6666666666666666,2736
Zhang Anda,Yan Bingtao,7,1305,1498,0.25515512793785655,0.38166196066971714,299,148,2081,1038,120,74,830,470,25,13,486,247,34,22,601,352,4,3,0.0,0.5714285714285714,2736
Hamza Akbar,Ashley Hugill,7,1035,1202,0.28422903752276774,0.39711513267253384,36,5,245,81,105,51,585,282,13,3,216,72,16,6,353,167,4,2,0.0,0.6666666666666666,2736
Zhou Yuelong,Kishan Hirani,7,1395,1128,0.8177973252726516,0.6609431415591629,173,98,1183,627,134,64,723,349,40,20,616,331,14,4,140,72,4,0,0.0,1.0,2736
Gary Wilson,Daniel Wells,7,1371,1345,0.5354968818114487,0.5162442810620724,393,227,2561,1389,348,172,2330,1154,36,19,527,277,48,28,480,235,4,3,0.0,0.5714285714285714,2736
Robbie Williams,Peter Lines,7,1329,1267,0.5840920587766287,0.538672605206508,352,190,2295,1175,766,411,5559,2878,23,11,500,249,14,4,467,232,4,2,0.0,0.6666666666666666,2736
Thepchaiya Un-Nooh,Ross Muir,7,1354,1253,0.6352110684578025,0.5627917401386452,310,177,2235,1181,152,58,1012,454,23,10,620,315,27,14,406,187,4,0,0.0,1.0,2736
Judd Trump,Stuart Carrington,7,1631,1411,0.7732004785001367,0.6341355910108007,888,607,5986,3553,319,175,2060,1091,70,46,1178,739,39,20,542,293,4,0,0.0,1.0,2736
Chris Totten,Sam Baird,7,989,1299,0.14687290601561193,0.31539849967656924,27,5,164,53,330,172,2289,1174,13,3,141,44,50,25,553,275,4,3,0.0,0.5714285714285714,2736
Joe Swail,Nigel Bond,7,1239,1247,0.48906395814377107,0.4950001666600003,839,449,6530,3389,855,467,6743,3534,34,17,460,222,25,12,392,175,4,2,0.0,0.6666666666666666,2736
Matthew Stevens,Gerard Greene,7,1312,1254,0.578744911388209,0.5361866202317948,930,542,7184,3905,697,375,5187,2704,40,20,515,268,19,8,324,151,4,1,0.0,0.8,2736
Eden Sharav,Michael White,7,1211,1351,0.31610864255174254,0.41338242108267,136,64,828,390,477,274,3200,1698,17,7,344,145,22,10,798,410,4,2,0.0,0.6666666666666666,2736
Mark Selby,Jimmy Robertson,7,1533,1338,0.7470110120975012,0.6195173196470847,1062,734,7729,4517,461,253,3116,1622,9,3,1353,820,36,19,607,327,4,0,0.0,1.0,2736
Neil Robertson,Kurt Maflin,7,1540,1350,0.7415764082537253,0.6165665045213193,896,587,6524,3734,520,299,3495,1884,50,29,935,551,25,12,589,316,4,3,0.0,0.5714285714285714,2736
Ronnie O'Sullivan,Mei Xiwen,7,1663,1262,0.9111514783284038,0.7315498244408544,1205,922,10505,6427,93,44,615,300,61,46,1062,681,24,9,340,168,4,1,0.0,0.8,2736
Martin O'Donnell,Chen Feilong,7,1317,1123,0.7459292301495708,0.6189278548001903,305,149,1922,967,31,13,186,86,55,30,526,271,29,13,45,21,4,1,0.0,0.8,2736
Lu Ning,Alan McManus,7,1224,1360,0.32096653442831036,0.4158094770645927,79,30,555,249,926,549,7736,4109,63,34,128,64,40,21,596,314,4,1,0.0,0.8,2736
Hammad Miah,Niu Zhuang,7,1164,1068,0.6287764284690306,0.5597136492671929,132,48,876,378,45,15,272,104,10,0,375,160,13,3,133,46,4,0,0.0,1.0,2736
Jack Lisowski,Liam Highfield,7,1399,1377,0.5300478260158454,0.513746534902355,405,241,2644,1433,337,180,2301,1211,42,24,618,336,27,13,475,245,4,3,0.0,0.5714285714285714,2736
Sanderson Lam,Sean O'Sullivan,7,1167,1181,0.48086718764462183,0.4912508931197597,142,57,863,386,199,82,1254,576,12,2,344,144,17,7,356,147,4,3,0.0,0.5714285714285714,2736
Robin Hull,Tian Pengfei,7,1284,1380,0.3712235715309693,0.44028635073280703,525,311,3967,2164,375,212,2497,1337,20,8,425,211,50,31,505,256,4,1,0.0,0.8,2736
Michael Holt,Mark King,7,1373,1405,0.4563431395453441,0.48001065984441826,815,472,5888,3133,927,522,6808,3588,24,11,933,492,40,21,786,436,4,3,0.0,0.5714285714285714,2736
Andrew Higginson,Yuan Sijun,7,1340,1191,0.6946979044907379,0.5920629281648192,704,418,4962,2718,55,19,366,155,23,11,537,283,24,11,234,114,4,3,0.0,0.5714285714285714,2736
Li Hang,Sam Craigie,7,1363,1276,0.6170981549456108,0.5541616527636486,254,132,1833,950,150,74,909,462,24,11,579,305,16,6,341,157,4,2,0.0,0.6666666666666666,2736
Xiao Guodong,Akani Songsermsawad,7,1417,1320,0.6300664956451868,0.5603296426885532,422,248,2823,1561,80,41,605,306,33,16,596,332,43,21,537,277,4,3,0.0,0.5714285714285714,2736
David Gilbert,Chen Zifan,7,1392,1216,0.726023440718493,0.6082590307465143,579,330,4158,2225,65,33,383,185,38,19,871,475,14,4,217,108,4,2,0.0,0.6666666666666666,2736
Tom Ford,Chris Wakelin,7,1412,1310,0.6364932182719292,0.5634067862621936,596,342,4253,2273,171,86,1151,578,64,34,671,362,22,11,485,239,4,3,0.0,0.5714285714285714,2736
Peter Ebdon,Lee Walker,7,1329,1283,0.5626145694127913,0.5287183569514396,1064,608,8365,4485,455,247,3521,1808,24,12,554,284,21,9,437,202,4,3,0.0,0.5714285714285714,2736
Scott Donaldson,David Lilley,7,1317,1207,0.6466907800352545,0.5683199834782481,217,105,1452,709,74,41,454,243,30,15,462,226,25,9,178,94,4,2,0.0,0.6666666666666666,2736
Ryan Day,Zhang Anda,7,1473,1305,0.7169197076810394,0.6034832498647263,944,571,6451,3548,299,148,2081,1038,38,19,1135,618,25,13,486,247,4,3,0.0,0.5714285714285714,2736
Mark Davis,Luo Honghao,7,1465,1066,0.9101054622303202,0.7305667649586345,1084,653,7614,4164,24,11,135,63,33,16,869,481,18,8,37,12,4,1,0.0,0.8,2736
Billy Joe Castle,Rory McLeod,7,1151,1283,0.32585725514792674,0.4182406231581638,43,22,252,124,566,307,4229,2187,25,13,168,77,23,10,550,262,4,1,0.0,0.8,2736
Ali Carter,Mark Williams,7,1469,1530,0.41724321907824724,0.4619487156141408,901,546,6369,3519,1392,912,10424,5986,50,30,882,501,34,23,1284,751,4,3,0.0,0.5714285714285714,2736
Luca Brecel,Ian Burns,7,1434,1277,0.7041548710511403,0.596884378259767,326,189,2268,1223,322,166,2037,1032,48,27,828,472,39,19,446,207,4,0,0.0,1.0,2736
Hamza Akbar,Alexander Ursenbacher,7,1035,1250,0.2319038910879732,0.36876933738359946,36,5,245,81,101,44,634,291,13,3,216,72,12,2,241,118,4,3,0.0,0.5714285714285714,2736
Zhou Yuelong,Michael Holt,7,1395,1373,0.5300478260158454,0.513746534902355,173,98,1183,627,815,472,5888,3133,40,20,616,331,24,11,933,492,4,3,0.0,0.5714285714285714,2736
Robbie Williams,Sanderson Lam,7,1329,1167,0.7099919234270913,0.5998883688639983,352,190,2295,1175,142,57,863,386,23,11,500,249,12,2,344,144,4,1,0.0,0.8,2736
Thepchaiya Un-Nooh,Chris Totten,7,1354,989,0.8908027727664171,0.713511467542637,310,177,2235,1181,27,5,164,53,23,10,620,315,13,3,141,44,4,1,0.0,0.8,2736
Judd Trump,Jack Lisowski,7,1631,1399,0.7851724867885262,0.6410674063348171,888,607,5986,3553,405,241,2644,1433,70,46,1178,739,42,24,618,336,4,0,0.0,1.0,2736
Eden Sharav,Joe Swail,7,1211,1239,0.46178117660461016,0.48250714233361025,136,64,828,390,839,449,6530,3389,17,7,344,145,34,17,460,222,4,2,0.0,0.6666666666666666,2736
Mark Selby,Hamza Akbar,7,1533,1035,0.9512956927774615,0.7764331373333982,1062,734,7729,4517,36,5,245,81,9,3,1353,820,13,3,216,72,4,0,0.0,1.0,2736
Ronnie O'Sullivan,Tom Ford,7,1663,1412,0.8033111045084242,0.6519223788927313,1205,922,10505,6427,596,342,4253,2273,61,46,1062,681,64,34,671,362,4,0,0.0,1.0,2736
Martin O'Donnell,Scott Donaldson,7,1317,1317,0.5,0.5,305,149,1922,967,217,105,1452,709,55,30,526,271,30,15,462,226,4,1,0.0,0.8,2736
Lu Ning,Hammad Miah,7,1224,1164,0.5814204865006773,0.5374298453437496,79,30,555,249,132,48,876,378,63,34,128,64,10,0,375,160,4,2,0.0,0.6666666666666666,2736
Andrew Higginson,Billy Joe Castle,7,1340,1151,0.7404818133197837,0.6159753019181258,704,418,4962,2718,43,22,252,124,23,11,537,283,25,13,168,77,4,2,0.0,0.6666666666666666,2736
Li Hang,Neil Robertson,7,1363,1540,0.2728494984923345,0.3911454307890496,254,132,1833,950,896,587,6524,3734,24,11,579,305,50,29,935,551,4,0,0.0,1.0,2736
David Gilbert,Matthew Stevens,7,1392,1312,0.6079354159352611,0.549833997312478,579,330,4158,2225,930,542,7184,3905,38,19,871,475,40,20,515,268,4,2,0.0,0.6666666666666666,2736
Peter Ebdon,Mark Davis,7,1329,1465,0.32096653442831036,0.4158094770645927,1064,608,8365,4485,1084,653,7614,4164,24,12,554,284,33,16,869,481,4,1,0.0,0.8,2736
Ryan Day,Robin Hull,7,1473,1284,0.7404818133197837,0.6159753019181258,944,571,6451,3548,525,311,3967,2164,38,19,1135,618,20,8,425,211,4,3,0.0,0.5714285714285714,2736
Ali Carter,Xiao Guodong,7,1469,1417,0.5706954446194282,0.5324543063873187,901,546,6369,3519,422,248,2823,1561,50,30,882,501,33,16,596,332,4,2,0.0,0.6666666666666666,2736
Luca Brecel,Gary Wilson,7,1434,1371,0.5854263042586716,0.5392938058983595,326,189,2268,1223,393,227,2561,1389,48,27,828,472,36,19,527,277,4,2,0.0,0.6666666666666666,2736
Thepchaiya Un-Nooh,Robbie Williams,7,1354,1329,0.534135239137421,0.5156199157230156,310,177,2235,1181,352,190,2295,1175,23,10,620,315,23,11,500,249,4,0,0.0,1.0,2736
Judd Trump,Luca Brecel,7,1631,1434,0.7491668212476215,0.6206951913643555,888,607,5986,3553,326,189,2268,1223,70,46,1178,739,48,27,828,472,4,2,0.0,0.6666666666666666,2736
Eden Sharav,Ali Carter,7,1211,1469,0.19026196310320587,0.3441171587921863,136,64,828,390,901,546,6369,3519,17,7,344,145,50,30,882,501,4,3,0.0,0.5714285714285714,2736
Mark Selby,Martin O'Donnell,7,1533,1317,0.7691223962231968,0.6318124177361016,1062,734,7729,4517,305,149,1922,967,9,3,1353,820,55,30,526,271,4,2,0.0,0.6666666666666666,2736
Ronnie O'Sullivan,Zhou Yuelong,7,1663,1395,0.8186786074572162,0.6615031592029524,1205,922,10505,6427,173,98,1183,627,61,46,1062,681,40,20,616,331,4,1,0.0,0.8,2736
David Gilbert,Lu Ning,7,1392,1224,0.7169197076810394,0.6034832498647263,579,330,4158,2225,79,30,555,249,38,19,871,475,63,34,128,64,4,0,0.0,1.0,2736
Peter Ebdon,Li Hang,7,1329,1363,0.45362731252530075,0.4787627850337259,1064,608,8365,4485,254,132,1833,950,24,12,554,284,24,11,579,305,4,1,0.0,0.8,2736
Ryan Day,Andrew Higginson,7,1473,1340,0.67536846283006,0.5823675407280794,944,571,6451,3548,704,418,4962,2718,38,19,1135,618,23,11,537,283,4,0,0.0,1.0,2736
Judd Trump,Ryan Day,9,1631,1473,0.7281552136873749,0.5974857658270161,888,607,5986,3553,944,571,6451,3548,70,46,1178,739,38,19,1135,618,5,3,0.0,0.625,2736
Eden Sharav,Peter Ebdon,9,1211,1329,0.3248643926957258,0.42678022732016513,136,64,828,390,1064,608,8365,4485,17,7,344,145,24,12,554,284,5,4,0.0,0.5555555555555556,2736
Mark Selby,Thepchaiya Un-Nooh,9,1533,1354,0.7540674834504022,0.610044672404527,1062,734,7729,4517,310,177,2235,1181,9,3,1353,820,23,10,620,315,5,3,0.0,0.625,2736
Ronnie O'Sullivan,David Gilbert,9,1663,1392,0.8497422960559372,0.6631804950993565,1205,922,10505,6427,579,330,4158,2225,61,46,1062,681,38,19,871,475,5,2,0.0,0.7142857142857143,2736
Judd Trump,Eden Sharav,11,1631,1211,0.9593745526501821,0.740774899182154,888,607,5986,3553,136,64,828,390,70,46,1178,739,17,7,344,145,6,3,0.0,0.6666666666666666,2736
Ronnie O'Sullivan,Mark Selby,11,1663,1533,0.7088895687139617,0.5805423048206596,1205,922,10505,6427,1062,734,7729,4517,61,46,1062,681,9,3,1353,820,6,5,0.0,0.5454545454545454,2736
Judd Trump,Ronnie O'Sullivan,17,1631,1663,0.43354965344859364,0.48001065984441826,888,607,5986,3553,1205,922,10505,6427,70,46,1178,739,61,46,1062,681,9,7,0.0,0.5625,2736
Kyren Wilson,Mark Williams,7,1489,1526,0.44955793756481255,0.4768914745109111,441,268,2868,1579,1394,913,10437,5993,68,43,1039,574,47,30,1297,758,4,1,0.0,0.8,2732
Judd Trump,Luca Brecel,7,1665,1453,0.7650010839038448,0.6294831119673949,895,614,6039,3589,330,192,2289,1237,123,82,1231,775,69,41,849,486,4,1,0.0,0.8,2732
Neil Robertson,Mark Selby,7,1518,1567,0.433341285511335,0.469413239817919,899,589,6542,3742,1068,739,7767,4543,68,37,953,559,47,29,1391,846,4,3,0.0,0.5714285714285714,2732
Ronnie O'Sullivan,Stuart Bingham,7,1678,1539,0.6826800016944434,0.5860112044388707,1212,928,10557,6461,1071,680,7767,4431,113,80,1114,715,61,37,1099,647,4,2,0.0,0.6666666666666666,2732
Shaun Murphy,Jimmy Robertson,7,1493,1335,0.7053268662779104,0.5974857658270161,1033,678,7516,4294,463,254,3125,1626,67,39,1076,616,45,23,616,331,4,2,0.0,0.6666666666666666,2732
Ding Junhui,Michael Georgiou,7,1504,1220,0.8323923521776074,0.6704011598088686,716,480,5485,3136,210,96,1274,615,60,36,1011,582,24,7,439,210,4,2,0.0,0.6666666666666666,2732
John Higgins,Ryan Day,7,1538,1487,0.5693507188778237,0.5318318894162242,1402,989,11178,6616,949,575,6482,3567,49,27,1196,723,69,38,1166,637,4,3,0.0,0.5714285714285714,2732
Mark Allen,Barry Hawkins,7,1520,1582,0.41590794122337116,0.46132739479349205,733,475,5079,2864,925,572,6578,3661,128,79,986,565,44,26,1043,597,4,2,0.0,0.6666666666666666,2732
Kyren Wilson,Judd Trump,11,1489,1665,0.22859146681015452,0.3917409692534856,441,268,2868,1579,895,614,6039,3589,68,43,1039,574,123,82,1231,775,6,1,0.0,0.8571428571428571,2732
Ronnie O'Sullivan,John Higgins,11,1678,1538,0.7231619987890416,0.5866175789173301,1212,928,10557,6461,1402,989,11178,6616,113,80,1114,715,49,27,1196,723,6,3,0.0,0.6666666666666666,2732
Shaun Murphy,Ding Junhui,11,1493,1504,0.481396194852922,0.4931254332354657,1033,678,7516,4294,716,480,5485,3136,67,39,1076,616,60,36,1011,582,6,3,0.0,0.6666666666666666,2732
Mark Allen,Neil Robertson,11,1520,1518,0.5033837467656391,0.5012499973958399,733,475,5079,2864,899,589,6542,3742,128,79,986,565,68,37,953,559,6,1,0.0,0.8571428571428571,2732
Kyren Wilson,Mark Allen,11,1489,1520,0.44770833132354415,0.4806346917700681,441,268,2868,1579,733,475,5079,2864,68,43,1039,574,128,79,986,565,6,5,0.0,0.5454545454545454,2732
Ronnie O'Sullivan,Shaun Murphy,11,1678,1493,0.7826562787669785,0.6136070778047783,1212,928,10557,6461,1033,678,7516,4294,113,80,1114,715,67,39,1076,616,6,3,0.0,0.6666666666666666,2732
Ronnie O'Sullivan,Kyren Wilson,19,1678,1489,0.8505257904401684,0.6159753019181258,1212,928,10557,6461,441,268,2868,1579,113,80,1114,715,68,43,1039,574,10,9,0.0,0.5263157894736842,2732
Fan Zhengyi,Lyu Haotian,11,991,1220,0.16732088815887303,0.36066016324693406,12,1,77,25,108,44,744,337,20,6,39,10,28,12,229,112,6,5,0.0,0.5454545454545454,2730
Zhou Yuelong,Allan Taylor,11,1409,1225,0.7814232040915076,0.6130141761393355,177,101,1204,640,291,136,1743,850,61,33,637,344,20,6,401,172,6,1,0.0,0.8571428571428571,2730
Ben Woollaston,Bai Langning,11,1392,984,0.9550204518635534,0.7349725994665188,581,332,3765,2011,1,0,4,0,34,16,781,411,0,0,0,0,6,3,0.0,0.6666666666666666,2730
Kyren Wilson,Nigel Bond,11,1544,1254,0.8882120246673187,0.6737070994545215,445,271,2910,1604,857,468,6755,3540,110,68,1081,599,37,18,404,181,6,4,0.0,0.6,2730
Mark Williams,Zhang Jiankang,11,1513,1006,0.9814866547427133,0.7803144887848326,1395,913,10442,5994,10,3,61,22,52,31,1302,759,27,10,61,22,6,1,0.0,0.8571428571428571,2730
Jimmy White,Fergal O'Brien,11,1232,1316,0.3609500755738415,0.4476920904256748,1427,794,12185,6393,871,495,6554,3448,20,6,369,163,20,6,581,285,6,5,0.0,0.5454545454545454,2730
Liang Wenbo,Ashley Hugill,11,1389,1189,0.8006450896034027,0.6224593312018546,589,353,4088,2251,106,51,591,284,17,7,850,464,22,8,359,169,6,3,0.0,0.6666666666666666,2730
James Wattana,Anthony Hamilton,11,1166,1388,0.17471896061377468,0.364705150677193,804,434,6759,3532,831,482,6387,3408,16,2,357,150,22,7,599,313,6,5,0.0,0.5454545454545454,2730
Chris Wakelin,Thor Chuan Leong,11,1317,1141,0.7714085331898454,0.6082590307465143,173,87,1163,585,80,22,530,210,34,18,497,246,20,6,332,132,6,3,0.0,0.6666666666666666,2730
Hossein Vafaei,Niu Zhuang,11,1352,1077,0.87601912592788,0.665410558746814,99,56,750,378,47,16,281,108,33,14,473,239,22,7,142,50,6,3,0.0,0.6666666666666666,2730
Thepchaiya Un-Nooh,Mei Xiwen,11,1400,1270,0.7088895687139617,0.5805423048206596,315,181,2260,1200,95,45,624,305,48,29,645,334,33,14,349,173,6,5,0.0,0.5454545454545454,2730
Judd Trump,Lu Ning,11,1646,1237,0.9553976538064426,0.7354592830135422,897,615,6051,3594,83,33,577,261,135,87,1243,780,85,46,150,76,6,4,0.0,0.6,2730
Matthew Stevens,Hamza Akbar,11,1323,1053,0.8717466145335053,0.6626218371700825,933,544,7202,3915,39,7,262,89,58,30,533,278,30,11,233,80,6,3,0.0,0.6666666666666666,2730
Craig Steadman,Mark Joyce,11,1230,1356,0.29691813810360657,0.4218947671156908,426,227,2813,1464,459,245,3310,1693,24,10,411,188,40,19,607,315,6,4,0.0,0.6,2730
Akani Songsermsawad,Soheil Vahedi,11,1329,1048,0.8810080120634379,0.668741821102192,82,42,616,313,26,6,172,65,54,28,548,284,22,6,137,52,6,5,0.0,0.5454545454545454,2730
Yuan Sijun,Robbie Williams,11,1205,1339,0.28535858443237944,0.4170245457988005,57,20,378,162,356,193,2314,1187,36,18,246,121,42,23,519,261,6,2,0.0,0.75,2730
Eden Sharav,Dominic Dale,11,1262,1338,0.3736977219803135,0.45264238185691075,142,69,872,414,914,523,6519,3476,61,31,388,169,42,21,707,373,6,5,0.0,0.5454545454545454,2730
Matthew Selt,Sean O'Sullivan,11,1373,1185,0.7863303004766008,0.6153837563911821,551,299,3750,1963,201,83,1266,583,32,16,635,328,29,14,368,154,6,0,0.0,1.0,2730
Mark Selby,Li Yuan,11,1561,1123,0.9652350348472034,0.7493220844051797,1069,739,7774,4546,48,22,278,128,54,32,1398,849,22,8,139,60,6,5,0.0,0.5454545454545454,2730
Noppon Saengkham,Chang Bingyu,11,1346,988,0.932481097741165,0.7099209183344533,208,94,1505,714,1,0,5,1,36,21,584,295,0,0,0,0,6,4,0.0,0.6,2730
Jimmy Robertson,Adam Stefanow,11,1332,1123,0.8109765513000483,0.6277321638605189,464,254,3131,1628,65,28,365,171,51,25,622,333,21,7,249,118,6,3,0.0,0.6666666666666666,2730
Neil Robertson,Ross Muir,11,1504,1252,0.8554871090947277,0.6524894621927444,901,590,6556,3747,154,59,1021,458,82,42,967,564,36,18,415,191,6,1,0.0,0.8571428571428571,2730
Joe Perry,Harvey Chandler,11,1475,1011,0.9724166003370383,0.7613327148429104,1030,610,7389,4002,15,6,83,34,62,39,918,504,19,5,63,28,6,3,0.0,0.6666666666666666,2730
Tian Pengfei,Mike Dunn,11,1366,1252,0.6853355319816946,0.5707716118944918,377,213,2509,1342,703,373,5158,2653,62,36,517,261,36,16,520,253,6,3,0.0,0.6666666666666666,2730
Martin O'Donnell,Rod Lawler,11,1337,1241,0.6578692364081125,0.5597136492671929,309,152,1945,981,805,432,6128,3166,78,44,549,285,27,12,432,193,6,2,0.0,0.75,2730
Robert Milkins,Andy Lee,11,1353,1058,0.8920712523878023,0.6764489333484797,839,502,6081,3300,105,49,626,300,31,16,738,381,17,3,33,12,6,1,0.0,0.8571428571428571,2730
Alan McManus,Jamie Clarke,11,1358,1224,0.7146414155676208,0.5829754542011996,928,550,7745,4114,151,78,885,461,49,26,605,319,18,4,217,109,6,5,0.0,0.5454545454545454,2730
Anthony McGill,Xu Si,11,1374,1117,0.8601425854272058,0.655318370173895,486,298,3110,1714,41,15,276,113,21,7,880,484,20,6,216,91,6,5,0.0,0.5454545454545454,2730
Stephen Maguire,Duane Jones,11,1439,1140,0.8950860052159663,0.6786337178522214,924,612,6773,3858,161,80,949,484,57,28,969,563,20,6,341,137,6,0,0.0,1.0,2730
Kurt Maflin,Jak Jones,11,1366,1183,0.7801859416806328,0.6124209393479161,522,300,3506,1891,172,68,1109,488,36,19,600,323,49,24,291,121,6,0,0.0,1.0,2730
Jack Lisowski,Oliver Lines,11,1405,1189,0.8187701366837733,0.6318124177361016,408,243,2659,1441,187,92,1188,592,57,32,633,344,18,4,421,187,6,5,0.0,0.5454545454545454,2730
Peter Lines,John Higgins,11,1277,1534,0.13985741457279408,0.34468162982610484,768,412,5571,2884,1404,990,11194,6623,26,10,479,238,65,34,1212,730,6,3,0.0,0.6666666666666666,2730
David Lilley,Ricky Walden,11,1208,1353,0.269838055706956,0.4103545214372688,76,42,466,249,818,492,5738,3162,37,15,190,100,24,10,984,511,6,4,0.0,0.6,2730
Mark King,Gerard Greene,11,1414,1258,0.7452301491932622,0.5962826992967879,929,523,6819,3595,699,376,5196,2709,51,28,797,443,28,13,333,156,6,5,0.0,0.5454545454545454,2730
Ding Junhui,Robin Hull,11,1492,1308,0.7814232040915076,0.6130141761393355,718,481,5500,3143,528,313,3984,2175,75,43,1026,589,37,19,442,222,6,4,0.0,0.6,2730
Luo Honghao,Michael White,11,1076,1354,0.12146767710478165,0.3329217229043748,26,12,146,68,479,275,3210,1704,29,13,48,17,32,16,808,416,6,1,0.0,0.8571428571428571,2730
Michael Holt,Joe O'Connor,11,1385,1138,0.8507239234072369,0.6496497492904088,818,474,5908,3144,92,43,559,266,44,22,953,503,38,19,162,76,6,3,0.0,0.6666666666666666,2730
Liam Highfield,Luo Zetao,11,1376,1000,0.9414684365769234,0.7190996574163839,339,181,2314,1218,0,0,0,0,40,20,488,252,0,0,0,0,6,1,0.0,0.8571428571428571,2730
Andrew Higginson,Rhys Clark,11,1329,1229,0.6640554301392593,0.5621765008857981,707,420,4979,2726,121,51,753,345,40,19,554,291,7,3,351,151,6,1,0.0,0.8571428571428571,2730
Barry Hawkins,Sanderson Lam,11,1572,1167,0.953872782768258,0.7335091181602805,926,572,6584,3663,145,59,882,395,50,28,1049,599,31,11,363,153,6,1,0.0,0.8571428571428571,2730
Li Hang,Chen Zifan,11,1374,1229,0.7301619442930439,0.5896454785627312,258,135,1855,963,67,34,396,191,46,24,601,318,27,10,230,114,6,0,0.0,1.0,2730
He Guoqiang,Gary Wilson,11,982,1364,0.05576234079111901,0.27788039415064275,11,4,56,22,396,229,2581,1399,0,0,0,0,56,29,547,287,6,1,0.0,0.8571428571428571,2730
Xiao Guodong,Lukas Kleckers,11,1403,1138,0.86736860540385,0.6598217549720575,425,250,2843,1571,63,25,381,170,53,26,616,342,18,4,229,99,6,1,0.0,0.8571428571428571,2730
Martin Gould,Zhang Yong,11,1456,1211,0.8487883941410768,0.6485108747389209,663,401,4465,2453,96,39,593,254,17,10,828,456,34,16,398,170,6,1,0.0,0.8571428571428571,2730
David Gilbert,Sam Craigie,11,1421,1285,0.7174960378979142,0.5841905229354074,584,334,4186,2243,152,75,919,468,66,37,899,493,26,12,351,163,6,5,0.0,0.5454545454545454,2730
Michael Georgiou,Billy Joe Castle,11,1220,1176,0.5739955532320409,0.5274723043445937,211,96,1280,617,46,24,270,134,30,9,445,212,43,23,186,87,6,3,0.0,0.6666666666666666,2730
Marco Fu,Simon Lichtenberg,11,1455,1032,0.9604057172614779,0.7422125022622994,868,517,6480,3531,23,9,122,60,43,24,913,511,18,4,79,39,6,2,0.0,0.75,2730
Tom Ford,Joe Swail,11,1400,1249,0.7384383044161037,0.5932699921071872,599,344,4271,2281,842,451,6547,3399,82,42,689,370,51,27,477,232,6,5,0.0,0.5454545454545454,2730
Graeme Dott,Ashley Carty,11,1414,1238,0.7714085331898454,0.6082590307465143,850,496,6507,3484,125,66,721,373,57,34,757,394,23,7,143,75,6,5,0.0,0.5454545454545454,2730
Ken Doherty,Chris Totten,11,1322,1016,0.9002083399306763,0.6824383021930648,1121,681,9122,5002,30,7,183,62,28,12,448,220,32,12,160,53,6,4,0.0,0.6,2730
Ryan Day,Lee Walker,11,1485,1292,0.7923692348926034,0.6183380393302829,950,575,6489,3570,457,248,3535,1815,76,41,1173,640,35,16,451,209,6,2,0.0,0.75,2730
Mark Davis,Elliot Slessor,11,1453,1271,0.7789444994063182,0.6118273690017371,1087,655,7631,4173,160,71,977,456,50,25,886,490,26,11,389,184,6,4,0.0,0.6,2730
Ali Carter,Kishan Hirani,11,1474,1123,0.9286989206960847,0.706303891936407,905,549,6394,3534,136,65,734,353,75,45,907,516,25,8,151,76,6,3,0.0,0.6666666666666666,2730
Stuart Carrington,Hammad Miah,11,1404,1175,0.8326791118411269,0.6393398367530659,321,176,2069,1095,135,50,892,388,48,24,551,297,26,10,391,170,6,3,0.0,0.6666666666666666,2730
Ian Burns,Peter Ebdon,11,1270,1364,0.3452406378162233,0.44151888756183866,324,167,2046,1036,1069,612,8395,4505,48,23,455,211,54,32,584,304,6,5,0.0,0.5454545454545454,2730
Alfie Burden,Rory McLeod,11,1306,1284,0.5371654626927551,0.513746534902355,664,357,4799,2462,568,308,4240,2192,46,21,490,232,34,15,561,267,6,5,0.0,0.5454545454545454,2730
Jordan Brown,Luca Brecel,11,1113,1446,0.08180577465325506,0.3031167179589209,94,47,601,297,331,192,2294,1238,21,7,107,43,74,42,854,487,6,5,0.0,0.5454545454545454,2730
Yan Bingtao,Alexander Ursenbacher,11,1487,1257,0.8337185633337647,0.6399160967377341,121,74,837,473,103,45,645,298,41,25,608,355,23,9,252,125,6,0,0.0,1.0,2730
Stuart Bingham,Chen Feilong,11,1535,1133,0.9527007395538005,0.7320405018416317,1072,680,7773,4433,33,14,197,91,67,39,1105,649,40,18,56,26,6,1,0.0,0.8571428571428571,2730
Sam Baird,Shaun Murphy,11,1299,1504,0.1935721233164976,0.37460765027944887,332,173,2302,1181,1036,680,7540,4307,63,32,566,282,91,52,1100,629,6,0,0.0,1.0,2730
John Astley,Scott Donaldson,11,1286,1322,0.43933752904864576,0.4775151752081999,193,91,1208,569,220,107,1468,718,17,3,438,217,46,24,478,235,6,2,0.0,0.75,2730
Zhang Anda,Daniel Wells,11,1318,1355,0.4376666286326199,0.4768914745109111,301,149,2095,1045,350,173,2342,1161,39,20,500,254,60,35,492,242,6,4,0.0,0.6,2730
Mark Allen,Paul Davison,11,1545,1227,0.9085434949735309,0.6889039179769546,736,477,5103,2879,669,349,4671,2369,152,94,1010,580,30,12,393,169,6,0,0.0,1.0,2730
Zhou Yuelong,He Guoqiang,11,1409,982,0.9617460765894776,0.7441211943032843,177,101,1204,640,11,4,56,22,61,33,637,344,0,0,0,0,6,1,0.0,0.8571428571428571,2730
Zhao Xintong,James Wattana,11,1409,1166,0.8468355410929524,0.647370307581549,137,71,911,487,804,434,6759,3532,35,17,462,234,16,2,357,150,6,5,0.0,0.5454545454545454,2730
Hossein Vafaei,Graeme Dott,11,1352,1414,0.3963483760491549,0.46132739479349205,99,56,750,378,850,496,6507,3484,33,14,473,239,57,34,757,394,6,3,0.0,0.6666666666666666,2730
Judd Trump,Alan McManus,11,1646,1358,0.886639866993501,0.6726070170677604,897,615,6051,3594,928,550,7745,4114,135,87,1243,780,49,26,605,319,6,0,0.0,1.0,2730
Matthew Stevens,Jordan Brown,11,1323,1113,0.812102917246662,0.6283161882953663,933,544,7202,3915,94,47,601,297,58,30,533,278,21,7,107,43,6,4,0.0,0.6,2730
Akani Songsermsawad,Mark Williams,11,1329,1513,0.21857679590849272,0.38698582386066455,82,42,616,313,1395,913,10442,5994,54,28,548,284,52,31,1302,759,6,3,0.0,0.6666666666666666,2730
Yuan Sijun,Kyren Wilson,11,1205,1544,0.07817674519919048,0.2999575523975257,57,20,378,162,445,271,2910,1604,36,18,246,121,110,68,1081,599,6,2,0.0,0.75,2730
Eden Sharav,Stuart Bingham,11,1262,1535,0.12567726831077955,0.33570355710001126,142,69,872,414,1072,680,7773,4433,61,31,388,169,67,39,1105,649,6,3,0.0,0.6666666666666666,2730
Mark Selby,Ken Doherty,11,1561,1322,0.8428777851658715,0.645084137572727,1069,739,7774,4546,1121,681,9122,5002,54,32,1398,849,28,12,448,220,6,0,0.0,1.0,2730
Neil Robertson,Matthew Selt,11,1504,1373,0.7103328120698551,0.5811509642893937,901,590,6556,3747,551,299,3750,1963,82,42,967,564,32,16,635,328,6,1,0.0,0.8571428571428571,2730
Joe Perry,Mark Davis,11,1475,1453,0.5371654626927551,0.513746534902355,1030,610,7389,4002,1087,655,7631,4173,62,39,918,504,50,25,886,490,6,3,0.0,0.6666666666666666,2730
Martin O'Donnell,Peter Lines,11,1337,1277,0.6003837402395101,0.5374298453437496,309,152,1945,981,768,412,5571,2884,78,44,549,285,26,10,479,238,6,4,0.0,0.6,2730
Robert Milkins,Noppon Saengkham,11,1353,1346,0.5118414484830749,0.5043748883497735,839,502,6081,3300,208,94,1505,714,31,16,738,381,36,21,584,295,6,2,0.0,0.75,2730
Stephen Maguire,Michael Georgiou,11,1439,1220,0.8220451527379182,0.633555377636775,924,612,6773,3858,211,96,1280,617,57,28,969,563,30,9,445,212,6,1,0.0,0.8571428571428571,2730
Jack Lisowski,Chris Wakelin,11,1405,1317,0.6453649277803803,0.5547792351072148,408,243,2659,1441,173,87,1163,585,57,32,633,344,34,18,497,246,6,1,0.0,0.8571428571428571,2730
David Lilley,Ben Woollaston,11,1208,1392,0.21857679590849272,0.38698582386066455,76,42,466,249,581,332,3765,2011,37,15,190,100,34,16,781,411,6,5,0.0,0.5454545454545454,2730
Mark King,Craig Steadman,11,1414,1230,0.7814232040915076,0.6130141761393355,929,523,6819,3595,426,227,2813,1464,51,28,797,443,24,10,411,188,6,3,0.0,0.6666666666666666,2730
Ding Junhui,Zhang Anda,11,1492,1318,0.7688634929501181,0.6070669880717036,718,481,5500,3143,301,149,2095,1045,75,43,1026,589,39,20,500,254,6,4,0.0,0.6,2730
Michael Holt,Luo Honghao,11,1385,1076,0.9023444933799599,0.6840614456522569,818,474,5908,3144,26,12,146,68,44,22,953,503,29,13,48,17,6,4,0.0,0.6,2730
Barry Hawkins,Thepchaiya Un-Nooh,11,1572,1400,0.7663020508102693,0.6058736684317606,926,572,6584,3663,315,181,2260,1200,50,28,1049,599,48,29,645,334,6,2,0.0,0.75,2730
Xiao Guodong,Fan Zhengyi,11,1403,991,0.9565133822128673,0.7369158958334202,425,250,2843,1571,12,1,77,25,53,26,616,342,20,6,39,10,6,2,0.0,0.75,2730
Martin Gould,Li Hang,11,1456,1374,0.6358774096640514,0.551071269307342,663,401,4465,2453,258,135,1855,963,17,10,828,456,46,24,601,318,6,1,0.0,0.8571428571428571,2730
David Gilbert,John Astley,11,1421,1286,0.7160705162153687,0.5835831155172753,584,334,4186,2243,193,91,1208,569,66,37,899,493,17,3,438,217,6,2,0.0,0.75,2730
Marco Fu,Andrew Higginson,11,1455,1329,0.7030818618963935,0.5781052328843092,868,517,6480,3531,707,420,4979,2726,43,24,913,511,40,19,554,291,6,5,0.0,0.5454545454545454,2730
Tom Ford,Jimmy Robertson,11,1400,1332,0.6134089344823475,0.542397940774351,599,344,4271,2281,464,254,3131,1628,82,42,689,370,51,25,622,333,6,3,0.0,0.6666666666666666,2730
Ryan Day,Tian Pengfei,11,1485,1366,0.6927875134571495,0.5738312575916094,950,575,6489,3570,377,213,2509,1342,76,41,1173,640,62,36,517,261,6,3,0.0,0.6666666666666666,2730
Ali Carter,Kurt Maflin,11,1474,1366,0.6762884110738897,0.5670929049654543,905,549,6394,3534,522,300,3506,1891,75,45,907,516,36,19,600,323,6,0,0.0,1.0,2730
Stuart Carrington,Anthony McGill,11,1404,1374,0.550614462905557,0.5187412158785352,321,176,2069,1095,486,298,3110,1714,48,24,551,297,21,7,880,484,6,4,0.0,0.6,2730
Ian Burns,Liang Wenbo,11,1270,1389,0.3072124865428505,0.42616874240839064,324,167,2046,1036,589,353,4088,2251,48,23,455,211,17,7,850,464,6,4,0.0,0.6,2730
Alfie Burden,Sam Baird,11,1306,1299,0.5118414484830749,0.5043748883497735,664,357,4799,2462,332,173,2302,1181,46,21,490,232,63,32,566,282,6,2,0.0,0.75,2730
Yan Bingtao,Jimmy White,11,1487,1232,0.8582932896295349,0.654188113761243,121,74,837,473,1427,794,12185,6393,41,25,608,355,20,6,369,163,6,0,0.0,1.0,2730
Mark Allen,Liam Highfield,11,1545,1376,0.7624293073910925,0.6040813228693781,736,477,5103,2879,339,181,2314,1218,152,94,1010,580,40,20,488,252,6,5,0.0,0.5454545454545454,2730
Judd Trump,Michael Holt,11,1646,1385,0.86378975240228,0.6575736106164225,897,615,6051,3594,818,474,5908,3144,135,87,1243,780,44,22,953,503,6,1,0.0,0.8571428571428571,2730
Matthew Stevens,Mark King,11,1323,1414,0.34992588488134135,0.44336904007774663,933,544,7202,3915,929,523,6819,3595,58,30,533,278,51,28,797,443,6,5,0.0,0.5454545454545454,2730
Akani Songsermsawad,Zhou Yuelong,11,1329,1409,0.36730484139888986,0.45016600268752216,82,42,616,313,177,101,1204,640,54,28,548,284,61,33,637,344,6,4,0.0,0.6,2730
Yuan Sijun,Xiao Guodong,11,1205,1403,0.20169807571775378,0.37871640480893215,57,20,378,162,425,250,2843,1571,36,18,246,121,53,26,616,342,6,1,0.0,0.8571428571428571,2730
Mark Selby,Robert Milkins,11,1561,1353,0.8098458608857009,0.6271477663131956,1069,739,7774,4546,839,502,6081,3300,54,32,1398,849,31,16,738,381,6,4,0.0,0.6,2730
Neil Robertson,Joe Perry,11,1504,1475,0.5489363138849731,0.5181170650431814,901,590,6556,3747,1030,610,7389,4002,82,42,967,564,62,39,918,504,6,5,0.0,0.5454545454545454,2730
Martin O'Donnell,Tom Ford,11,1337,1400,0.39471726027512394,0.4607061941016405,309,152,1945,981,599,344,4271,2281,78,44,549,285,82,42,689,370,6,0,0.0,1.0,2730
Jack Lisowski,Marco Fu,11,1405,1455,0.41606129493296945,0.46879062662624377,408,243,2659,1441,868,517,6480,3531,57,32,633,344,43,24,913,511,6,3,0.0,0.6666666666666666,2730
Ding Junhui,Zhao Xintong,11,1492,1409,0.6374648969394331,0.5516896693427,718,481,5500,3143,137,71,911,487,75,43,1026,589,35,17,462,234,6,4,0.0,0.6,2730
Martin Gould,Barry Hawkins,11,1456,1572,0.31167398745127517,0.42800386706848137,663,401,4465,2453,926,572,6584,3663,17,10,828,456,50,28,1049,599,6,3,0.0,0.6666666666666666,2730
David Gilbert,Eden Sharav,11,1421,1262,0.7492586166277835,0.5980868603322034,584,334,4186,2243,142,69,872,414,66,37,899,493,61,31,388,169,6,5,0.0,0.5454545454545454,2730
Ali Carter,Stephen Maguire,11,1474,1439,0.5589904430600633,0.5218610539716015,905,549,6394,3534,924,612,6773,3858,75,45,907,516,57,28,969,563,6,4,0.0,0.6,2730
Stuart Carrington,Ian Burns,11,1404,1270,0.7146414155676208,0.5829754542011996,321,176,2069,1095,324,167,2046,1036,48,24,551,297,48,23,455,211,6,5,0.0,0.5454545454545454,2730
Alfie Burden,David Lilley,11,1306,1208,0.6609679885322016,0.5609454503247162,664,357,4799,2462,76,42,466,249,46,21,490,232,37,15,190,100,6,0,0.0,1.0,2730
Yan Bingtao,Ryan Day,11,1487,1485,0.5033837467656391,0.5012499973958399,121,74,837,473,950,575,6489,3570,41,25,608,355,76,41,1173,640,6,5,0.0,0.5454545454545454,2730
Mark Allen,Hossein Vafaei,11,1545,1352,0.7923692348926034,0.6183380393302829,736,477,5103,2879,99,56,750,378,152,94,1010,580,33,14,473,239,6,3,0.0,0.6666666666666666,2730
Judd Trump,Yan Bingtao,11,1646,1487,0.7492586166277835,0.5980868603322034,897,615,6051,3594,121,74,837,473,135,87,1243,780,41,25,608,355,6,1,0.0,0.8571428571428571,2730
Matthew Stevens,Ding Junhui,11,1323,1492,0.23757069260890742,0.3959186771306219,933,544,7202,3915,718,481,5500,3143,58,30,533,278,75,43,1026,589,6,5,0.0,0.5454545454545454,2730
Mark Selby,Stuart Carrington,11,1561,1404,0.7465768845808712,0.596884378259767,1069,739,7774,4546,321,176,2069,1095,54,32,1398,849,48,24,551,297,6,3,0.0,0.6666666666666666,2730
Neil Robertson,Yuan Sijun,11,1504,1205,0.8950860052159663,0.6786337178522214,901,590,6556,3747,57,20,378,162,82,42,967,564,36,18,246,121,6,4,0.0,0.6,2730
Martin O'Donnell,David Gilbert,11,1337,1421,0.3609500755738415,0.4476920904256748,309,152,1945,981,584,334,4186,2243,78,44,549,285,66,37,899,493,6,1,0.0,0.8571428571428571,2730
Jack Lisowski,Martin Gould,11,1405,1456,0.4144093465121733,0.4681681105837757,408,243,2659,1441,663,401,4465,2453,57,32,633,344,17,10,828,456,6,5,0.0,0.5454545454545454,2730
Ali Carter,Akani Songsermsawad,11,1474,1329,0.7301619442930439,0.5896454785627312,905,549,6394,3534,82,42,616,313,75,45,907,516,54,28,548,284,6,4,0.0,0.6,2730
Mark Allen,Alfie Burden,11,1545,1306,0.8428777851658715,0.645084137572727,736,477,5103,2879,664,357,4799,2462,152,94,1010,580,46,21,490,232,6,1,0.0,0.8571428571428571,2730
Matthew Stevens,Martin O'Donnell,11,1323,1337,0.47632797612037214,0.4912508931197597,933,544,7202,3915,309,152,1945,981,58,30,533,278,78,44,549,285,6,5,0.0,0.5454545454545454,2730
Neil Robertson,Mark Selby,11,1504,1561,0.4045317899953643,0.4644351620161461,901,590,6556,3747,1069,739,7774,4546,82,42,967,564,54,32,1398,849,6,4,0.0,0.6,2730
Jack Lisowski,Judd Trump,11,1405,1646,0.15513465595968998,0.3537719416690997,408,243,2659,1441,897,615,6051,3594,57,32,633,344,135,87,1243,780,6,2,0.0,0.75,2730
Mark Allen,Ali Carter,11,1545,1474,0.6182601443078577,0.5442588584178731,736,477,5103,2879,905,549,6394,3534,152,94,1010,580,75,45,907,516,6,0,0.0,1.0,2730
Neil Robertson,Jack Lisowski,17,1504,1405,0.6974706802238848,0.5615610703361955,901,590,6556,3747,408,243,2659,1441,82,42,967,564,57,32,633,344,9,7,0.0,0.5625,2730
Mark Allen,Matthew Stevens,17,1545,1323,0.8757256963835027,0.6352948493228071,736,477,5103,2879,933,544,7202,3915,152,94,1010,580,58,30,533,278,9,6,0.0,0.6,2730
Mark Allen,Neil Robertson,19,1545,1504,0.5895167798293791,0.5256025883246178,736,477,5103,2879,901,590,6556,3747,152,94,1010,580,82,42,967,564,10,5,0.0,0.6666666666666666,2730
Zhou Yuelong,Paul Davison,7,1417,1212,0.75768573294214,0.6253923497205511,180,103,1228,656,670,349,4677,2369,85,49,661,360,36,12,399,169,4,3,0.0,0.5714285714285714,2731
Zhang Yong,Chen Feilong,7,1199,1126,0.5987085312450529,0.5454987872127821,97,39,600,255,34,14,204,92,41,17,405,171,47,19,63,27,4,3,0.0,0.5714285714285714,2731
Mei Xiwen,James Wattana,7,1273,1190,0.611870456908998,0.5516896693427,96,45,635,310,806,435,6781,3543,44,19,360,178,38,13,379,161,4,3,0.0,0.5714285714285714,2731
Zhao Xintong,Michael Judge,7,1397,1242,0.7018040708685593,0.5956807306078472,139,72,932,497,474,274,3818,2042,56,27,483,244,0,0,0,0,4,3,0.0,0.5714285714285714,2731
Ben Woollaston,Graeme Dott,7,1374,1393,0.47404295972292854,0.4881272322437472,583,333,3785,2022,852,497,6527,3493,54,27,801,422,77,43,777,403,4,2,0.0,0.6666666666666666,2731
Mark Williams,Dominic Dale,7,1496,1330,0.7146198510727906,0.6022861768886306,1397,914,10458,6003,915,523,6530,3481,68,40,1318,768,53,26,718,378,4,1,0.0,0.8,2731
Jimmy White,Lyu Haotian,7,1225,1204,0.5286845829371267,0.5131219861822433,1429,795,12202,6399,109,44,755,342,37,12,386,169,39,17,240,117,4,2,0.0,0.6666666666666666,2731
Liang Wenbo,Gary Wilson,7,1378,1332,0.5626145694127913,0.5287183569514396,591,354,4107,2261,397,229,2588,1400,36,17,869,474,63,30,554,288,4,0,0.0,1.0,2731
Daniel Wells,Joe Perry,7,1345,1478,0.3246315371699399,0.41763245927192055,351,173,2352,1165,1033,612,7418,4019,70,39,502,246,91,56,947,521,4,2,0.0,0.6666666666666666,2731
Lee Walker,Jak Jones,7,1284,1164,0.6592810606298003,0.574442516811659,458,248,3543,1817,173,68,1115,488,43,18,459,211,55,24,297,121,4,3,0.0,0.5714285714285714,2731
Ricky Walden,Hammad Miah,7,1338,1173,0.7134663824052628,0.6016871801828567,819,492,5748,3166,136,50,901,391,34,14,994,515,35,13,400,173,4,2,0.0,0.6666666666666666,2731
Chris Wakelin,Ken Doherty,7,1304,1298,0.5082025098106111,0.5037499296890819,175,88,1179,592,1123,682,9138,5008,50,25,513,253,44,18,464,226,4,0,0.0,1.0,2731
Hossein Vafaei,Michael White,7,1363,1325,0.5517972899579606,0.523732154126561,102,58,777,393,480,275,3217,1705,60,29,500,254,39,17,815,417,4,3,0.0,0.5714285714285714,2731
Alexander Ursenbacher,Kishan Hirani,7,1240,1126,0.651748409886971,0.5707716118944918,104,45,651,298,137,65,743,356,29,9,258,125,34,11,160,79,4,1,0.0,0.8,2731
Thepchaiya Un-Nooh,Soheil Vahedi,7,1388,1059,0.867077669398587,0.6947667628737805,317,182,2279,1208,27,6,183,70,67,37,664,342,33,11,148,57,4,1,0.0,0.8,2731
Judd Trump,Robin Hull,7,1652,1309,0.8767191428425912,0.702138068199835,902,619,6089,3620,529,313,3994,2179,173,113,1281,806,47,23,452,226,4,1,0.0,0.8,2731
Allan Taylor,Scott Donaldson,7,1211,1305,0.37380831662168224,0.44151888756183866,292,136,1750,851,221,107,1476,720,27,7,408,173,54,26,486,237,4,3,0.0,0.5714285714285714,2731
Matthew Stevens,Chen Zifan,7,1357,1209,0.6935058085008956,0.5914589784327801,939,549,7269,3951,68,34,402,191,125,66,600,314,33,10,236,114,4,1,0.0,0.8,2731
Adam Stefanow,Jamie Clarke,7,1120,1227,0.3571206786692294,0.43352094403237207,66,28,374,174,152,78,896,466,30,10,258,121,29,9,228,114,4,1,0.0,0.8,2731
Craig Steadman,Joe Swail,7,1239,1253,0.48086718764462183,0.4912508931197597,428,228,2832,1473,843,451,6558,3404,43,19,430,197,62,32,488,237,4,1,0.0,0.8,2731
Akani Songsermsawad,Kyren Wilson,7,1351,1510,0.29350342132334917,0.40191313966779657,86,45,656,335,447,272,2928,1612,94,50,588,306,128,76,1099,607,4,3,0.0,0.5714285714285714,2731
Elliot Slessor,Sean O'Sullivan,7,1272,1167,0.6403298636636867,0.5652507475670999,161,71,987,460,202,83,1272,583,36,15,399,188,35,14,374,154,4,2,0.0,0.6666666666666666,2731
Yuan Sijun,Farakh Ajaib,7,1284,1002,0.8307179588376647,0.669295402777446,61,23,411,184,37,16,210,98,69,40,279,143,5,1,45,18,4,1,0.0,0.8,2731
Xu Si,Chris Totten,7,1127,1023,0.6390526295107546,0.5646362918030292,42,15,287,118,31,7,193,66,31,11,227,96,42,16,170,57,4,2,0.0,0.6666666666666666,2731
Eden Sharav,Michael Georgiou,7,1297,1218,0.6066210971235376,0.5492151291013335,145,71,903,431,213,97,1296,624,92,48,419,186,46,16,461,219,4,3,0.0,0.5714285714285714,2731
Matthew Selt,Zhang Anda,7,1375,1328,0.5639634145132848,0.5293412500457856,553,300,3763,1970,303,150,2115,1055,45,23,648,335,59,30,520,264,4,3,0.0,0.5714285714285714,2731
Mark Selby,Sanderson Lam,7,1554,1160,0.9074479165872151,0.7280991982662492,1074,743,7820,4574,146,59,889,396,100,60,1444,877,38,12,370,154,4,0,0.0,1.0,2731
Noppon Saengkham,Harvey Chandler,7,1322,1018,0.8485117931807986,0.6813537337890256,210,95,1523,722,16,6,92,37,54,29,602,303,28,8,72,31,4,1,0.0,0.8,2731
Jimmy Robertson,Michael Holt,7,1326,1370,0.44008542926958705,0.47252769565540637,466,255,3149,1637,821,476,5934,3157,69,34,640,342,70,35,979,516,4,1,0.0,0.8,2731
Neil Robertson,Ross Muir,7,1524,1241,0.8315565774707512,0.6698485160570237,908,596,6632,3791,155,59,1028,459,158,86,1043,608,43,19,422,192,4,2,0.0,0.6666666666666666,2731
Ronnie O'Sullivan,Kurt Maflin,7,1681,1364,0.858383853016921,0.6883678768310286,1216,932,10600,6487,524,301,3518,1897,156,106,1157,741,48,25,612,329,4,1,0.0,0.8,2731
Shaun Murphy,Mike Dunn,7,1474,1245,0.7822166026963269,0.6393398367530659,1037,680,7546,4307,704,373,5167,2656,97,52,1106,629,45,19,529,256,4,1,0.0,0.8,2731
Robert Milkins,Lu Ning,7,1379,1248,0.6729150209582897,0.5811509642893937,842,504,6106,3316,84,33,587,265,56,32,763,397,95,50,160,80,4,2,0.0,0.6666666666666666,2731
Alan McManus,Fan Zhengyi,7,1339,1006,0.8698871121691505,0.6968832820410791,930,551,7762,4120,14,2,96,33,66,32,622,325,39,14,58,18,4,0,0.0,1.0,2731
Anthony McGill,Simon Lichtenberg,7,1358,1032,0.8649416467776995,0.6931739493259501,488,299,3131,1724,24,9,130,62,42,17,901,494,26,6,87,41,4,0,0.0,1.0,2731
Stephen Maguire,James Cahill,7,1459,1194,0.8160262378047215,0.6598217549720575,927,614,6796,3874,146,51,940,400,80,44,992,579,37,18,274,122,4,3,0.0,0.5714285714285714,2731
Jack Lisowski,Fergal O'Brien,7,1459,1307,0.698260993708389,0.5938731029341427,414,248,2721,1478,872,495,6565,3453,119,69,695,381,31,11,592,290,4,2,0.0,0.6666666666666666,2731
Oliver Lines,Joe O'Connor,7,1197,1137,0.5814204865006773,0.5374298453437496,188,92,1199,597,93,43,568,269,29,9,432,192,47,22,171,79,4,3,0.0,0.5714285714285714,2731
David Lilley,Tom Ford,7,1215,1380,0.286533617594737,0.3983128198171432,79,44,493,261,602,346,4297,2293,64,27,217,112,108,54,715,382,4,2,0.0,0.6666666666666666,2731
Lukas Kleckers,John Astley,7,1127,1292,0.286533617594737,0.3983128198171432,64,25,388,171,195,92,1224,577,25,5,236,100,33,11,454,225,4,1,0.0,0.8,2731
Mark King,Ashley Carty,7,1406,1244,0.7099919234270913,0.5998883688639983,932,525,6850,3612,126,66,732,378,82,45,828,460,34,12,154,80,4,3,0.0,0.5714285714285714,2731
Zhang Jiankang,Luke Simmonds,7,1002,1197,0.25298898790249863,0.3804826803529153,11,3,68,23,118,63,803,413,34,11,68,23,23,9,86,38,4,0,0.0,1.0,2731
Luo Honghao,Adam Duffy,7,1110,1216,0.358394567903784,0.4341349971045183,28,13,163,78,330,164,2099,1061,46,23,65,27,19,5,398,182,4,3,0.0,0.5714285714285714,2731
John Higgins,Li Yuan,7,1511,1141,0.8938256769723133,0.7160597938157098,1405,990,11203,6626,49,22,289,133,74,37,1221,733,33,13,150,65,4,1,0.0,0.8,2731
Barry Hawkins,Peter Lines,7,1571,1294,0.8264821963228286,0.6665228332551123,929,574,6608,3678,770,413,5590,2894,74,43,1073,614,45,20,498,248,4,0,0.0,1.0,2731
Steven Hallworth,Xiao Guodong,7,1212,1389,0.2728494984923345,0.3911454307890496,95,38,557,252,428,252,2865,1584,0,0,226,115,75,39,638,355,4,2,0.0,0.6666666666666666,2731
Martin Gould,Billy Joe Castle,7,1494,1166,0.8663684234920509,0.6942363401080305,667,404,4499,2476,47,24,279,137,51,33,862,479,52,26,195,90,4,2,0.0,0.6666666666666666,2731
David Gilbert,Gerard Greene,7,1404,1262,0.6863077679270944,0.5878295384825115,588,337,4223,2262,700,376,5207,2714,103,56,936,512,39,18,344,161,4,3,0.0,0.5714285714285714,2731
Marco Fu,Mark Joyce,7,1439,1342,0.6300664956451868,0.5603296426885532,871,519,6508,3546,460,245,3320,1697,71,39,941,526,50,23,617,319,4,1,0.0,0.8,2731
Peter Ebdon,Alfie Burden,7,1355,1334,0.5286845829371267,0.5131219861822433,1070,612,8406,4510,668,360,4831,2481,65,37,595,309,78,40,522,251,4,0,0.0,1.0,2731
Ryan Day,Ashley Hugill,7,1497,1186,0.8538864678998308,0.6851410567502929,953,577,6517,3587,107,51,600,287,104,58,1201,657,31,11,368,172,4,0,0.0,1.0,2731
Mark Davis,Robbie Williams,7,1441,1318,0.6630224339222315,0.5762749224932653,1089,656,7650,4182,357,193,2322,1189,69,34,905,499,50,25,527,263,4,1,0.0,0.8,2731
Sam Craigie,Rod Lawler,7,1288,1229,0.5800831913605062,0.5368082899889803,153,75,930,473,806,432,6136,3168,37,17,362,168,35,14,440,195,4,0,0.0,1.0,2731
Thor Chuan Leong,Hamza Akbar,7,1137,1053,0.6131794491635048,0.5523079095743253,81,22,539,213,40,7,271,92,29,9,341,135,39,14,242,83,4,1,0.0,0.8,2731
Ali Carter,Rory McLeod,7,1478,1281,0.7491668212476215,0.6206951913643555,910,553,6435,3558,569,308,4251,2197,116,69,948,540,45,20,572,272,4,2,0.0,0.6666666666666666,2731
Stuart Carrington,Martin O'Donnell,7,1405,1395,0.51366902727117,0.5062496744995104,325,179,2108,1116,314,156,1987,1010,87,45,590,318,120,73,591,314,4,2,0.0,0.6666666666666666,2731
Ian Burns,Li Hang,7,1295,1377,0.3894398892710193,0.448928730692658,327,169,2078,1053,260,136,1868,970,80,40,487,228,59,31,614,325,4,0,0.0,1.0,2731
Jordan Brown,Andrew Higginson,7,1135,1348,0.23396455221276663,0.36993399171498176,96,48,622,307,709,421,4997,2737,42,17,128,53,58,30,572,302,4,2,0.0,0.6666666666666666,2731
Luca Brecel,Niu Zhuang,7,1425,1077,0.880033408790135,0.7047456979980911,332,192,2305,1243,48,16,290,111,85,47,865,492,31,10,151,53,4,0,0.0,1.0,2731
Nigel Bond,Tian Pengfei,7,1260,1366,0.358394567903784,0.4341349971045183,858,468,6765,3544,379,214,2527,1351,47,22,414,185,80,45,535,270,4,3,0.0,0.5714285714285714,2731
Yan Bingtao,Andy Lee,7,1508,1048,0.9378881447559685,0.759510916949111,125,77,867,492,106,49,633,301,71,44,638,374,24,4,40,13,4,2,0.0,0.6666666666666666,2731
Stuart Bingham,Duane Jones,7,1518,1125,0.9069090732841394,0.7276039892428419,1074,681,7789,4442,162,80,955,484,83,48,1121,658,26,6,347,137,4,0,0.0,1.0,2731
Sam Baird,Liam Highfield,7,1312,1390,0.3946945160108152,0.4514038914168657,334,174,2316,1189,341,182,2332,1229,77,40,580,290,58,31,506,263,4,2,0.0,0.6666666666666666,2731
Mark Allen,Anthony Hamilton,7,1603,1372,0.7841899555246323,0.6404919537233386,743,484,5172,2928,832,482,6398,3413,221,143,1079,629,33,12,610,318,4,2,0.0,0.6666666666666666,2731
Zhou Yuelong,Xu Si,7,1417,1127,0.837347307313657,0.6737070994545215,180,103,1228,656,42,15,287,118,85,49,661,360,31,11,227,96,4,2,0.0,0.6666666666666666,2731
Mei Xiwen,Marco Fu,7,1273,1439,0.2853801489272095,0.3977138231113694,96,45,635,310,871,519,6508,3546,44,19,360,178,71,39,941,526,4,1,0.0,0.8,2731
Ben Woollaston,Mark Selby,7,1374,1554,0.26948305440756287,0.389360766050778,583,333,3785,2022,1074,743,7820,4574,54,27,801,422,100,60,1444,877,4,3,0.0,0.5714285714285714,2731
Mark Williams,Alexander Ursenbacher,7,1496,1240,0.8079159048674549,0.6547534606063192,1397,914,10458,6003,104,45,651,298,68,40,1318,768,29,9,258,125,4,0,0.0,1.0,2731
Daniel Wells,Lee Walker,7,1345,1284,0.5827567809217526,0.5380512843858591,351,173,2352,1165,458,248,3543,1817,70,39,502,246,43,18,459,211,4,3,0.0,0.5714285714285714,2731
Ricky Walden,Lukas Kleckers,7,1338,1127,0.7639640378992283,0.6288998381516232,819,492,5748,3166,64,25,388,171,34,14,994,515,25,5,236,100,4,0,0.0,1.0,2731
Thepchaiya Un-Nooh,Thor Chuan Leong,7,1388,1137,0.8033111045084242,0.6519223788927313,317,182,2279,1208,81,22,539,213,67,37,664,342,29,9,341,135,4,3,0.0,0.5714285714285714,2731
Judd Trump,Zhao Xintong,7,1652,1397,0.8070005952389404,0.654188113761243,902,619,6089,3620,139,72,932,497,173,113,1281,806,56,27,483,244,4,3,0.0,0.5714285714285714,2731
Matthew Stevens,Jimmy White,7,1357,1225,0.6741427448520734,0.5817593768418363,939,549,7269,3951,1429,795,12202,6399,125,66,600,314,37,12,386,169,4,0,0.0,1.0,2731
Craig Steadman,Chris Wakelin,7,1239,1304,0.4119083649163239,0.4594641607262107,428,228,2832,1473,175,88,1179,592,43,19,430,197,50,25,513,253,4,1,0.0,0.8,2731
Yuan Sijun,Mark Allen,7,1284,1603,0.14013938303066084,0.31056054693922636,61,23,411,184,743,484,5172,2928,69,40,279,143,221,143,1079,629,4,3,0.0,0.5714285714285714,2731
Eden Sharav,Liang Wenbo,7,1297,1378,0.3907515745539448,0.4495472886604723,145,71,903,431,591,354,4107,2261,92,48,419,186,36,17,869,474,4,2,0.0,0.6666666666666666,2731
Matthew Selt,Sam Baird,7,1375,1312,0.5854263042586716,0.5392938058983595,553,300,3763,1970,334,174,2316,1189,45,23,648,335,77,40,580,290,4,0,0.0,1.0,2731
Noppon Saengkham,Steven Hallworth,7,1322,1212,0.6466907800352545,0.5683199834782481,210,95,1523,722,95,38,557,252,54,29,602,303,0,0,226,115,4,2,0.0,0.6666666666666666,2731
Neil Robertson,Oliver Lines,7,1524,1197,0.8656564170034025,0.6937054019553982,908,596,6632,3791,188,92,1199,597,158,86,1043,608,29,9,432,192,4,2,0.0,0.6666666666666666,2731
Ronnie O'Sullivan,Allan Taylor,7,1681,1211,0.9416839060165828,0.7640475997974661,1216,932,10600,6487,292,136,1750,851,156,106,1157,741,27,7,408,173,4,0,0.0,1.0,2731
Shaun Murphy,David Gilbert,7,1474,1404,0.5947357972115818,0.5436386872370789,1037,680,7546,4307,588,337,4223,2262,97,52,1106,629,103,56,936,512,4,2,0.0,0.6666666666666666,2731
Robert Milkins,Elliot Slessor,7,1379,1272,0.6428793213307702,0.5664790559676278,842,504,6106,3316,161,71,987,460,56,32,763,397,36,15,399,188,4,3,0.0,0.5714285714285714,2731
Alan McManus,David Lilley,7,1339,1215,0.6642657784879786,0.5768852611320463,930,551,7762,4120,79,44,493,261,66,32,622,325,64,27,217,112,4,0,0.0,1.0,2731
Anthony McGill,Akani Songsermsawad,7,1358,1351,0.5095693356278297,0.5043748883497735,488,299,3131,1724,86,45,656,335,42,17,901,494,94,50,588,306,4,0,0.0,1.0,2731
Stephen Maguire,Yan Bingtao,7,1459,1508,0.433341285511335,0.469413239817919,927,614,6796,3874,125,77,867,492,80,44,992,579,71,44,638,374,4,2,0.0,0.6666666666666666,2731
Jack Lisowski,Ian Burns,7,1459,1295,0.7123105654940886,0.6010878788483698,414,248,2721,1478,327,169,2078,1053,119,69,695,381,80,40,487,228,4,3,0.0,0.5714285714285714,2731
Mark King,Peter Ebdon,7,1406,1355,0.5693507188778237,0.5318318894162242,932,525,6850,3612,1070,612,8406,4510,82,45,828,460,65,37,595,309,4,3,0.0,0.5714285714285714,2731
Luo Honghao,Stuart Carrington,7,1110,1405,0.15860165092898523,0.3235510666515204,28,13,163,78,325,179,2108,1116,46,23,65,27,87,45,590,318,4,1,0.0,0.8,2731
John Higgins,Nigel Bond,7,1511,1260,0.8033111045084242,0.6519223788927313,1405,990,11203,6626,858,468,6765,3544,74,37,1221,733,47,22,414,185,4,1,0.0,0.8,2731
Barry Hawkins,Sam Craigie,7,1571,1288,0.8315565774707512,0.6698485160570237,929,574,6608,3678,153,75,930,473,74,43,1073,614,37,17,362,168,4,3,0.0,0.5714285714285714,2731
Martin Gould,Zhang Jiankang,7,1494,1002,0.9493571939713684,0.7738185742694538,667,404,4499,2476,11,3,68,23,51,33,862,479,34,11,68,23,4,2,0.0,0.6666666666666666,2731
Ryan Day,Zhang Yong,7,1497,1199,0.843794955427504,0.6780882495516275,953,577,6517,3587,97,39,600,255,104,58,1201,657,41,17,405,171,4,0,0.0,1.0,2731
Mark Davis,Adam Stefanow,7,1441,1120,0.8613262329678552,0.6905090012275708,1089,656,7650,4182,66,28,374,174,69,34,905,499,30,10,258,121,4,0,0.0,1.0,2731
Ali Carter,Luca Brecel,7,1478,1425,0.5720392978025534,0.5330766223661046,910,553,6435,3558,332,192,2305,1243,116,69,948,540,85,47,865,492,4,1,0.0,0.8,2731
Jordan Brown,Jimmy Robertson,7,1135,1326,0.257331545698999,0.38284263734702784,96,48,622,307,466,255,3149,1637,42,17,128,53,69,34,640,342,4,3,0.0,0.5714285714285714,2731
Stuart Bingham,Hossein Vafaei,7,1518,1363,0.7018040708685593,0.5956807306078472,1074,681,7789,4442,102,58,777,393,83,48,1121,658,60,29,500,254,4,0,0.0,1.0,2731
Zhou Yuelong,Mark Williams,7,1417,1496,0.3933789028764624,0.45078487089866653,180,103,1228,656,1397,914,10458,6003,85,49,661,360,68,40,1318,768,4,3,0.0,0.5714285714285714,2731
Daniel Wells,Barry Hawkins,7,1345,1571,0.22076409706184416,0.36239134737807494,351,173,2352,1165,929,574,6608,3678,70,39,502,246,74,43,1073,614,4,3,0.0,0.5714285714285714,2731
Ricky Walden,Ben Woollaston,7,1338,1374,0.45091379157772826,0.4775151752081999,819,492,5748,3166,583,333,3785,2022,34,14,994,515,54,27,801,422,4,3,0.0,0.5714285714285714,2731
Judd Trump,Jack Lisowski,7,1652,1459,0.7448448720621436,0.6183380393302829,902,619,6089,3620,414,248,2721,1478,173,113,1281,806,119,69,695,381,4,2,0.0,0.6666666666666666,2731
Eden Sharav,Craig Steadman,7,1297,1239,0.578744911388209,0.5361866202317948,145,71,903,431,428,228,2832,1473,92,48,419,186,43,19,430,197,4,0,0.0,1.0,2731
Noppon Saengkham,Yuan Sijun,7,1322,1284,0.5517972899579606,0.523732154126561,210,95,1523,722,61,23,411,184,54,29,602,303,69,40,279,143,4,1,0.0,0.8,2731
Neil Robertson,Alan McManus,7,1524,1339,0.7360780864464773,0.6136070778047783,908,596,6632,3791,930,551,7762,4120,158,86,1043,608,66,32,622,325,4,1,0.0,0.8,2731
Ronnie O'Sullivan,Matthew Stevens,7,1681,1357,0.86350380276547,0.6921095043017882,1216,932,10600,6487,939,549,7269,3951,156,106,1157,741,125,66,600,314,4,1,0.0,0.8,2731
Robert Milkins,Shaun Murphy,7,1379,1474,0.37251518031789344,0.440902528097607,842,504,6106,3316,1037,680,7546,4307,56,32,763,397,97,52,1106,629,4,1,0.0,0.8,2731
Stephen Maguire,Jordan Brown,7,1459,1135,0.86350380276547,0.6921095043017882,927,614,6796,3874,96,48,622,307,80,44,992,579,42,17,128,53,4,2,0.0,0.6666666666666666,2731
Luo Honghao,Anthony McGill,7,1110,1358,0.19948562670059505,0.34978145142617295,28,13,163,78,488,299,3131,1724,46,23,65,27,42,17,901,494,4,2,0.0,0.6666666666666666,2731
John Higgins,Martin Gould,7,1511,1494,0.5232282019769063,0.5106234010049637,1405,990,11203,6626,667,404,4499,2476,74,37,1221,733,51,33,862,479,4,1,0.0,0.8,2731
Ryan Day,Mark King,7,1497,1406,0.622303251187688,0.5566309599222533,953,577,6517,3587,932,525,6850,3612,104,58,1201,657,82,45,828,460,4,2,0.0,0.6666666666666666,2731
Mark Davis,Mei Xiwen,7,1441,1273,0.7169197076810394,0.6034832498647263,1089,656,7650,4182,96,45,635,310,69,34,905,499,44,19,360,178,4,2,0.0,0.6666666666666666,2731
Ali Carter,Matthew Selt,7,1478,1375,0.6377737431786725,0.5640216374262577,910,553,6435,3558,553,300,3763,1970,116,69,948,540,45,23,648,335,4,1,0.0,0.8,2731
Stuart Bingham,Thepchaiya Un-Nooh,7,1518,1388,0.6716853028295744,0.5805423048206596,1074,681,7789,4442,317,182,2279,1208,83,48,1121,658,67,37,664,342,4,3,0.0,0.5714285714285714,2731
Noppon Saengkham,Robert Milkins,7,1322,1379,0.4225943374899878,0.4644351620161461,210,95,1523,722,842,504,6106,3316,54,29,602,303,56,32,763,397,4,3,0.0,0.5714285714285714,2731
Ronnie O'Sullivan,Eden Sharav,7,1681,1297,0.9019481605921685,0.7231218051243898,1216,932,10600,6487,145,71,903,431,156,106,1157,741,92,48,419,186,4,1,0.0,0.8,2731
Stephen Maguire,Zhou Yuelong,7,1459,1417,0.557211603425229,0.5262259093720687,927,614,6796,3874,180,103,1228,656,80,44,992,579,85,49,661,360,4,0,0.0,1.0,2731
Luo Honghao,Neil Robertson,7,1110,1524,0.08228228347925158,0.26211589880836517,28,13,163,78,908,596,6632,3791,46,23,65,27,158,86,1043,608,4,2,0.0,0.6666666666666666,2731
Ryan Day,Judd Trump,7,1497,1652,0.29819592913144066,0.4043192693921528,953,577,6517,3587,902,619,6089,3620,104,58,1201,657,173,113,1281,806,4,2,0.0,0.6666666666666666,2731
Mark Davis,John Higgins,7,1441,1511,0.40526420278841835,0.4563613127629212,1089,656,7650,4182,1405,990,11203,6626,69,34,905,499,74,37,1221,733,4,2,0.0,0.6666666666666666,2731
Ali Carter,Daniel Wells,7,1478,1345,0.67536846283006,0.5823675407280794,910,553,6435,3558,351,173,2352,1165,116,69,948,540,70,39,502,246,4,3,0.0,0.5714285714285714,2731
Stuart Bingham,Ricky Walden,7,1518,1338,0.7305169455924372,0.610639233949222,1074,681,7789,4442,819,492,5748,3166,83,48,1121,658,34,14,994,515,4,0,0.0,1.0,2731
Ronnie O'Sullivan,Luo Honghao,9,1681,1110,0.9829779775644152,0.8065114879171674,1216,932,10600,6487,28,13,163,78,156,106,1157,741,46,23,65,27,5,3,0.0,0.625,2731
Stephen Maguire,Noppon Saengkham,9,1459,1322,0.7008831543460528,0.584797674717737,927,614,6796,3874,210,95,1523,722,80,44,992,579,54,29,602,303,5,3,0.0,0.625,2731
Mark Davis,Ryan Day,9,1441,1497,0.4145651269759309,0.4650570548417855,1089,656,7650,4182,953,577,6517,3587,69,34,905,499,104,58,1201,657,5,1,0.0,0.8333333333333334,2731
Stuart Bingham,Ali Carter,9,1518,1478,0.5612681117807465,0.52497918747894,1074,681,7789,4442,910,553,6435,3558,83,48,1121,658,116,69,948,540,5,2,0.0,0.7142857142857143,2731
Mark Davis,Ronnie O'Sullivan,11,1441,1681,0.1561262641503557,0.35434369377420455,1089,656,7650,4182,1216,932,10600,6487,69,34,905,499,156,106,1157,741,6,1,0.0,0.8571428571428571,2731
Stuart Bingham,Stephen Maguire,11,1518,1459,0.5987470289611413,0.5368082899889803,1074,681,7789,4442,927,614,6796,3874,83,48,1121,658,80,44,992,579,6,3,0.0,0.6666666666666666,2731
Stuart Bingham,Mark Davis,17,1518,1441,0.656312087429809,0.5479769376367963,1074,681,7789,4442,1089,656,7650,4182,83,48,1121,658,69,34,905,499,9,7,0.0,0.5625,2731
Zhou Yuelong,Mike Dunn,7,1407,1239,0.7169197076810394,0.6034832498647263,184,106,1252,668,705,373,5172,2657,109,61,685,372,50,20,534,257,4,2,0.0,0.6666666666666666,2692
Zhao Xintong,Matthew Stevens,7,1401,1373,0.5382188233953898,0.5174928576663897,141,73,946,504,942,551,7283,3960,70,34,497,251,139,75,614,323,4,1,0.0,0.8,2692
Gary Wilson,Shaun Murphy,7,1317,1471,0.29937471450906367,0.40492152613386595,398,229,2592,1400,1040,682,7562,4316,67,30,558,288,113,61,1122,638,4,3,0.0,0.5714285714285714,2692
Kyren Wilson,Basem Eltahhan,7,1501,990,0.9552808009763321,0.782023920628231,448,272,2935,1615,12,2,76,21,135,79,1106,610,18,4,76,21,4,2,0.0,0.6666666666666666,2692
Liang Wenbo,Li Yuan,7,1382,1138,0.7967460208697068,0.6479408020806503,593,355,4117,2267,50,22,294,134,46,23,879,480,38,14,155,66,4,2,0.0,0.6666666666666666,2692
Lee Walker,Fan Zhengyi,7,1283,996,0.834882617465889,0.6720562626502714,460,249,3557,1824,15,2,100,33,57,25,473,218,43,14,62,18,4,0,0.0,1.0,2692
Ricky Walden,Hammad Miah,7,1346,1170,0.726023440718493,0.6082590307465143,823,495,5769,3178,137,50,907,393,55,26,1015,527,41,15,406,175,4,3,0.0,0.5714285714285714,2692
Chris Wakelin,Joe O'Connor,7,1306,1135,0.7203516579445735,0.6052765337748445,177,89,1188,597,94,43,575,272,59,30,522,258,54,25,178,82,4,0,0.0,1.0,2692
Hossein Vafaei,Rod Lawler,7,1353,1214,0.6826800016944434,0.5860112044388707,104,59,788,397,807,432,6140,3168,71,33,511,258,39,14,444,195,4,2,0.0,0.6666666666666666,2692
Alexander Ursenbacher,Michael White,7,1238,1322,0.3868205508364956,0.4476920904256748,106,46,660,302,481,275,3224,1708,38,13,267,129,46,20,822,420,4,1,0.0,0.8,2692
Thepchaiya Un-Nooh,Harvey Chandler,7,1389,1013,0.8973679326012581,0.7190996574163839,320,184,2298,1219,17,6,97,38,86,48,683,353,33,9,77,32,4,2,0.0,0.6666666666666666,2692
Judd Trump,Martin O'Donnell,7,1641,1387,0.8060824586598727,0.653622330899504,906,622,6113,3634,315,156,1993,1012,197,127,1305,820,126,75,597,316,4,0,0.0,1.0,2692
Chris Totten,James Cahill,7,1018,1199,0.2683658456228286,0.3887665333241305,32,7,199,68,147,51,947,403,48,18,176,59,44,21,281,125,4,3,0.0,0.5714285714285714,2692
Allan Taylor,Simon Bedford,7,1210,1195,0.5204982038546295,0.5093739015216607,294,137,1761,855,423,246,3237,1740,38,11,419,177,0,0,37,22,4,2,0.0,0.6666666666666666,2692
Craig Steadman,Adam Stefanow,7,1250,1125,0.6655072126279344,0.5774953651858118,431,230,2846,1481,68,29,383,178,57,27,444,205,39,14,267,125,4,2,0.0,0.6666666666666666,2692
Elliot Slessor,Ben Woollaston,7,1277,1388,0.35204218100893303,0.43106679063045344,163,72,1000,467,586,335,3805,2033,49,22,412,195,74,38,821,433,4,0,0.0,1.0,2692
Yuan Sijun,Gerard Greene,7,1292,1263,0.5395790886298393,0.5181170650431814,64,25,428,193,701,376,5214,2717,86,49,296,152,46,21,351,164,4,2,0.0,0.6666666666666666,2692
Mark Selby,Mei Xiwen,7,1553,1287,0.8169132017945215,0.660382673079216,1076,744,7831,4581,99,47,653,320,111,67,1455,884,62,29,378,188,4,3,0.0,0.5714285714285714,2692
Jimmy Robertson,Andy Lee,7,1328,1052,0.8256265088413395,0.6659669267518202,468,256,3161,1644,107,49,639,303,81,41,652,349,30,6,46,15,4,3,0.0,0.5714285714285714,2692
Neil Robertson,Dominic Dale,7,1512,1322,0.7415764082537253,0.6165665045213193,912,599,6655,3805,916,523,6535,3482,181,100,1066,622,58,27,723,379,4,3,0.0,0.5714285714285714,2692
Joe Perry,Sean O'Sullivan,7,1466,1162,0.8485117931807986,0.6813537337890256,1034,612,7424,4021,203,83,1278,585,97,58,953,523,41,16,380,156,4,0,0.0,1.0,2692
Tian Pengfei,Tom Ford,7,1358,1367,0.48769738857442835,0.4943752372926745,380,214,2534,1354,603,346,4303,2295,87,48,542,273,114,56,721,384,4,2,0.0,0.6666666666666666,2692
Fergal O'Brien,Andy Hicks,7,1304,1256,0.5653114683109788,0.5299640517645717,873,495,6571,3455,613,331,4923,2553,37,13,598,292,0,0,276,141,4,1,0.0,0.8,2692
Ross Muir,Martin Gould,7,1241,1477,0.2109251036503855,0.35663485430559827,156,59,1034,461,670,406,4516,2485,49,21,428,194,68,42,879,488,4,2,0.0,0.6666666666666666,2692
Alan McManus,Soheil Vahedi,7,1355,1055,0.8453785395674661,0.679178699175393,933,553,7775,4129,28,6,188,71,79,41,635,334,38,12,153,58,4,1,0.0,0.8,2692
Rory McLeod,Lukas Kleckers,7,1279,1131,0.6935058085008956,0.5914589784327801,570,308,4257,2199,66,26,397,175,51,22,578,274,34,9,245,104,4,3,0.0,0.5714285714285714,2692
Anthony McGill,Lu Ning,7,1369,1244,0.6655072126279344,0.5774953651858118,491,301,3145,1734,85,33,593,267,56,27,915,504,101,52,166,82,4,1,0.0,0.8,2692
Jack Lisowski,James Wattana,7,1459,1189,0.8204326451879429,0.6626218371700825,417,250,2740,1488,807,435,6788,3546,138,79,714,391,45,16,386,164,4,1,0.0,0.8,2692
Peter Lines,Billy Joe Castle,7,1283,1167,0.6542665688127887,0.5719961329315186,771,413,5594,2894,48,24,285,139,49,20,502,248,58,28,201,92,4,2,0.0,0.6666666666666666,2692
Oliver Lines,Matthew Selt,7,1200,1382,0.2672511194925776,0.3881726309982629,190,93,1212,603,556,302,3779,1979,42,15,445,198,61,32,664,344,4,2,0.0,0.6666666666666666,2692
Mark King,Ian Burns,7,1402,1314,0.6184015843393024,0.5547792351072148,935,527,6870,3622,329,170,2089,1060,102,55,848,470,91,47,498,235,4,2,0.0,0.6666666666666666,2692
Jak Jones,Graeme Dott,7,1164,1384,0.22679952149986343,0.36586440898919936,174,68,1122,491,853,497,6533,3495,62,27,304,124,83,45,783,405,4,2,0.0,0.6666666666666666,2692
Duane Jones,Mark Joyce,7,1116,1332,0.23087760377680316,0.3681875822638983,163,80,959,484,461,245,3325,1698,30,6,351,137,55,24,622,320,4,2,0.0,0.6666666666666666,2692
Zhang Jiankang,Michael Holt,7,1027,1357,0.1322158420684832,0.3047033306524346,13,4,78,29,822,476,5939,3158,44,17,78,29,75,36,984,517,4,2,0.0,0.6666666666666666,2692
Ashley Hugill,Kishan Hirani,7,1176,1117,0.5800831913605062,0.5368082899889803,108,51,604,287,138,65,748,357,35,11,372,172,39,12,165,80,4,2,0.0,0.6666666666666666,2692
Luo Honghao,Niu Zhuang,7,1182,1068,0.651748409886971,0.5707716118944918,33,17,195,97,49,16,294,111,78,42,97,46,35,10,155,53,4,3,0.0,0.5714285714285714,2692
Liam Highfield,John Astley,7,1380,1276,0.6390526295107546,0.5646362918030292,342,182,2338,1231,196,92,1229,578,64,33,512,265,38,12,459,226,4,1,0.0,0.8,2692
Andrew Higginson,Dechawat Poomjaeng,7,1334,1240,0.6261916833783177,0.5584811124381613,710,421,5003,2739,239,124,1729,872,64,32,578,304,15,5,274,128,4,2,0.0,0.6666666666666666,2692
John Higgins,Chen Feilong,7,1521,1125,0.9085182512941501,0.7290879223493065,1409,993,11224,6640,35,14,211,95,95,51,1242,747,54,22,70,30,4,0,0.0,1.0,2692
Barry Hawkins,Sanderson Lam,7,1566,1151,0.9182063246697127,0.7383673414380187,932,576,6626,3689,147,59,893,396,92,54,1091,625,42,12,374,154,4,2,0.0,0.6666666666666666,2692
Li Hang,Akani Songsermsawad,7,1359,1344,0.5204982038546295,0.5093739015216607,261,136,1872,970,88,46,667,339,63,31,618,325,105,54,599,310,4,0,0.0,1.0,2692
Anthony Hamilton,Robin Hull,7,1371,1305,0.589422689021118,0.541156668150228,833,482,6404,3415,530,313,3999,2180,39,14,616,320,52,24,457,227,4,0,0.0,1.0,2692
David Gilbert,Robbie Williams,7,1397,1309,0.6184015843393024,0.5547792351072148,590,338,4236,2268,358,193,2327,1190,116,62,949,518,55,26,532,264,4,3,0.0,0.5714285714285714,2692
Michael Georgiou,Jimmy White,7,1217,1219,0.4972656477862734,0.49875000260416025,214,97,1303,627,1431,796,12212,6403,53,19,468,222,47,16,396,173,4,1,0.0,0.8,2692
Marco Fu,Nigel Bond,7,1433,1262,0.7203516579445735,0.6052765337748445,873,520,6518,3551,860,469,6777,3549,81,44,951,531,59,27,426,190,4,1,0.0,0.8,2692
Peter Ebdon,Jordan Brown,7,1368,1161,0.7597891374076362,0.6265629971237182,1072,613,8417,4517,99,50,641,317,76,44,606,316,61,27,147,63,4,2,0.0,0.6666666666666666,2692
Adam Duffy,Simon Lichtenberg,7,1208,1022,0.7371828058525272,0.6141996427768951,331,164,2106,1064,25,9,134,62,26,8,405,185,30,6,91,41,4,0,0.0,1.0,2692
Scott Donaldson,Robert Milkins,7,1298,1392,0.37380831662168224,0.44151888756183866,222,107,1483,723,846,507,6131,3331,61,29,493,240,81,47,788,412,4,2,0.0,0.6666666666666666,2692
Ken Doherty,Kurt Maflin,7,1282,1360,0.3946945160108152,0.4514038914168657,1124,682,9142,5008,525,301,3523,1898,48,18,468,226,53,26,617,330,4,2,0.0,0.6666666666666666,2692
Ryan Day,Hamza Akbar,7,1516,1043,0.9427842463351405,0.7653970126407402,958,581,6543,3604,41,7,276,93,130,75,1227,674,44,15,247,84,4,2,0.0,0.6666666666666666,2692
Paul Davison,Stephen Maguire,7,1215,1472,0.19117161406779293,0.34468162982610484,671,349,4684,2372,933,619,6836,3898,43,15,406,172,120,68,1032,603,4,1,0.0,0.8,2692
Mark Davis,Sam Baird,7,1514,1307,0.7597891374076362,0.6265629971237182,1096,662,7700,4216,336,175,2326,1193,119,68,955,533,87,44,590,294,4,2,0.0,0.6666666666666666,2692
Sam Craigie,Ashley Carty,7,1308,1246,0.5840920587766287,0.538672605206508,155,76,941,480,127,66,739,381,48,24,373,175,41,15,161,83,4,1,0.0,0.8,2692
Thor Chuan Leong,Noppon Saengkham,7,1151,1346,0.25298898790249863,0.3804826803529153,83,23,551,220,215,99,1554,741,41,16,353,142,85,48,633,322,4,1,0.0,0.8,2692
Ali Carter,Xu Si,7,1490,1132,0.8864609774555678,0.7099209183344533,915,557,6465,3576,44,16,299,124,146,87,978,558,43,17,239,102,4,2,0.0,0.6666666666666666,2692
Stuart Carrington,Jamie Clarke,7,1394,1212,0.732748880507422,0.6118273690017371,327,180,2119,1121,153,78,901,467,98,50,601,323,34,10,233,115,4,1,0.0,0.8,2692
Alfie Burden,Joe Swail,7,1318,1241,0.6039885915613215,0.5479769376367963,669,360,4835,2481,844,451,6563,3405,82,40,526,251,67,33,493,238,4,0,0.0,1.0,2692
Luca Brecel,Daniel Wells,7,1423,1370,0.5720392978025534,0.5330766223661046,334,193,2314,1248,355,176,2379,1180,94,52,874,497,97,54,529,261,4,2,0.0,0.6666666666666666,2692
Yan Bingtao,Chen Zifan,7,1495,1201,0.8405938136052916,0.6759015277259407,127,78,879,498,69,34,407,192,83,50,650,380,38,11,241,115,4,1,0.0,0.8,2692
Stuart Bingham,Jamie Jones,7,1573,1348,0.7782368395177592,0.6370307944803831,1081,688,7840,4478,488,291,3229,1751,134,84,1172,694,0,0,507,266,4,3,0.0,0.5714285714285714,2692
Zhang Anda,Lyu Haotian,7,1326,1197,0.6704536022204194,0.5799334001885058,304,150,2122,1058,110,44,761,344,66,33,527,267,45,19,246,119,4,0,0.0,1.0,2692
Mark Allen,David Lilley,7,1590,1214,0.8973679326012581,0.7190996574163839,745,485,5185,2935,81,45,503,265,234,150,1092,636,74,31,227,116,4,3,0.0,0.5714285714285714,2692
Zhou Yuelong,Ken Doherty,7,1407,1282,0.6655072126279344,0.5774953651858118,184,106,1252,668,1124,682,9142,5008,109,61,685,372,48,18,468,226,4,0,0.0,1.0,2692
Gary Wilson,Stuart Carrington,7,1317,1394,0.39601140843867844,0.4520230623632036,398,229,2592,1400,327,180,2119,1121,67,30,558,288,98,50,601,323,4,2,0.0,0.6666666666666666,2692
Kyren Wilson,Thepchaiya Un-Nooh,7,1501,1389,0.6492231123314619,0.569546223939229,448,272,2935,1615,320,184,2298,1219,135,79,1106,610,86,48,683,353,4,1,0.0,0.8,2692
Liang Wenbo,Alfie Burden,7,1382,1318,0.5867595016023184,0.5399148845555657,593,355,4117,2267,669,360,4835,2481,46,23,879,480,82,40,526,251,4,3,0.0,0.5714285714285714,2692
Ricky Walden,Rory McLeod,7,1346,1279,0.5907526477758748,0.5417773692836367,823,495,5769,3178,570,308,4257,2199,55,26,1015,527,51,22,578,274,4,1,0.0,0.8,2692
Judd Trump,Liam Highfield,7,1641,1380,0.8124499949726253,0.6575736106164225,906,622,6113,3634,342,182,2338,1231,197,127,1305,820,64,33,512,265,4,0,0.0,1.0,2692
Allan Taylor,Michael Georgiou,7,1210,1217,0.4904306643721704,0.4956251116502266,294,137,1761,855,214,97,1303,627,38,11,419,177,53,19,468,222,4,2,0.0,0.6666666666666666,2692
Craig Steadman,Barry Hawkins,7,1250,1566,0.14235871604557113,0.3121686694171596,431,230,2846,1481,932,576,6626,3689,57,27,444,205,92,54,1091,625,4,0,0.0,1.0,2692
Elliot Slessor,David Gilbert,7,1277,1397,0.34071893937019965,0.425557483188341,163,72,1000,467,590,338,4236,2268,49,22,412,195,116,62,949,518,4,3,0.0,0.5714285714285714,2692
Mark Selby,Sam Craigie,7,1553,1308,0.7976923211673973,0.6485108747389209,1076,744,7831,4581,155,76,941,480,111,67,1455,884,48,24,373,175,4,1,0.0,0.8,2692
Jimmy Robertson,Zhang Yong,7,1328,1190,0.6814665603465866,0.585404569129465,468,256,3161,1644,99,40,611,259,81,41,652,349,52,21,416,175,4,3,0.0,0.5714285714285714,2692
Joe Perry,Oliver Lines,7,1466,1200,0.8169132017945215,0.660382673079216,1034,612,7424,4021,190,93,1212,603,97,58,953,523,42,15,445,198,4,1,0.0,0.8,2692
Tian Pengfei,Li Hang,7,1358,1359,0.4986328153483015,0.4993750003255206,380,214,2534,1354,261,136,1872,970,87,48,542,273,63,31,618,325,4,3,0.0,0.5714285714285714,2692
Fergal O'Brien,Marco Fu,7,1304,1433,0.32954639777958084,0.4200665998114943,873,495,6571,3455,873,520,6518,3551,37,13,598,292,81,44,951,531,4,3,0.0,0.5714285714285714,2692
Ross Muir,Lee Walker,7,1241,1283,0.44278839657477087,0.4737740906279313,156,59,1034,461,460,249,3557,1824,49,21,428,194,57,25,473,218,4,2,0.0,0.6666666666666666,2692
Alan McManus,Yan Bingtao,7,1355,1495,0.31610864255174254,0.41338242108267,933,553,7775,4129,127,78,879,498,79,41,635,334,83,50,650,380,4,3,0.0,0.5714285714285714,2692
Anthony McGill,Chris Totten,7,1369,1018,0.8819896948101545,0.706303891936407,491,301,3145,1734,32,7,199,68,56,27,915,504,48,18,176,59,4,3,0.0,0.5714285714285714,2692
Jack Lisowski,Duane Jones,7,1459,1116,0.8767191428425912,0.702138068199835,417,250,2740,1488,163,80,959,484,138,79,714,391,30,6,351,137,4,1,0.0,0.8,2692
Peter Lines,Paul Davison,7,1283,1215,0.5920814957526257,0.542397940774351,771,413,5594,2894,671,349,4684,2372,49,20,502,248,43,15,406,172,4,0,0.0,1.0,2692
Mark King,Zhao Xintong,7,1402,1401,0.5013671846516985,0.5006249996744794,935,527,6870,3622,141,73,946,504,102,55,848,470,70,34,497,251,4,1,0.0,0.8,2692
Jak Jones,Adam Duffy,7,1164,1208,0.44008542926958705,0.47252769565540637,174,68,1122,491,331,164,2106,1064,62,27,304,124,26,8,405,185,4,3,0.0,0.5714285714285714,2692
Andrew Higginson,Neil Robertson,7,1334,1512,0.27172488874541606,0.3905502163716748,710,421,5003,2739,912,599,6655,3805,64,32,578,304,181,100,1066,622,4,2,0.0,0.6666666666666666,2692
Anthony Hamilton,Zhang Jiankang,7,1371,1027,0.8773873941193158,0.7026606543447315,833,482,6404,3415,13,4,78,29,39,14,616,320,44,17,78,29,4,1,0.0,0.8,2692
Ryan Day,Yuan Sijun,7,1516,1292,0.7772350342961843,0.6364525402815664,958,581,6543,3604,64,25,428,193,130,75,1227,674,86,49,296,152,4,1,0.0,0.8,2692
Mark Davis,Scott Donaldson,7,1514,1298,0.7691223962231968,0.6318124177361016,1096,662,7700,4216,222,107,1483,723,119,68,955,533,61,29,493,240,4,2,0.0,0.6666666666666666,2692
Ali Carter,Peter Ebdon,7,1490,1368,0.661777191191235,0.5756643510425494,915,557,6465,3576,1072,613,8417,4517,146,87,978,558,76,44,606,316,4,1,0.0,0.8,2692
Luca Brecel,Luo Honghao,7,1423,1182,0.7938903058360224,0.6462280583309002,334,193,2314,1248,33,17,195,97,94,52,874,497,78,42,97,46,4,2,0.0,0.6666666666666666,2692
Stuart Bingham,Chris Wakelin,7,1573,1306,0.8177973252726516,0.6609431415591629,1081,688,7840,4478,177,89,1188,597,134,84,1172,694,59,30,522,258,4,1,0.0,0.8,2692
Zhang Anda,Alexander Ursenbacher,7,1326,1238,0.6184015843393024,0.5547792351072148,304,150,2122,1058,106,46,660,302,66,33,527,267,38,13,267,129,4,3,0.0,0.5714285714285714,2692
Mark Allen,Ashley Hugill,7,1590,1176,0.9177177165207486,0.7378841011916348,745,485,5185,2935,108,51,604,287,234,150,1092,636,35,11,372,172,4,1,0.0,0.8,2692
Kyren Wilson,Allan Taylor,7,1501,1210,0.8381631906470501,0.6742564252229473,448,272,2935,1615,294,137,1761,855,135,79,1106,610,38,11,419,177,4,2,0.0,0.6666666666666666,2692
Liang Wenbo,Fergal O'Brien,7,1382,1304,0.6053054839891849,0.5485961085831343,593,355,4117,2267,873,495,6571,3455,46,23,879,480,37,13,598,292,4,2,0.0,0.6666666666666666,2692
Ricky Walden,Craig Steadman,7,1346,1250,0.6287764284690306,0.5597136492671929,823,495,5769,3178,431,230,2846,1481,55,26,1015,527,57,27,444,205,4,2,0.0,0.6666666666666666,2692
Mark Selby,Mark Davis,7,1553,1514,0.5531518743848329,0.5243557087682073,1076,744,7831,4581,1096,662,7700,4216,111,67,1455,884,119,68,955,533,4,2,0.0,0.6666666666666666,2692
Jimmy Robertson,Zhou Yuelong,7,1328,1407,0.3933789028764624,0.45078487089866653,468,256,3161,1644,184,106,1252,668,81,41,652,349,109,61,685,372,4,3,0.0,0.5714285714285714,2692
Joe Perry,Andrew Higginson,7,1466,1334,0.6741427448520734,0.5817593768418363,1034,612,7424,4021,710,421,5003,2739,97,58,953,523,64,32,578,304,4,3,0.0,0.5714285714285714,2692
Tian Pengfei,Judd Trump,7,1358,1641,0.16844342252924877,0.33015148394297633,380,214,2534,1354,906,622,6113,3634,87,48,542,273,197,127,1305,820,4,2,0.0,0.6666666666666666,2692
Ross Muir,Gary Wilson,7,1241,1317,0.3973295650806627,0.45264238185691075,156,59,1034,461,398,229,2592,1400,49,21,428,194,67,30,558,288,4,2,0.0,0.6666666666666666,2692
Anthony McGill,Ali Carter,7,1369,1490,0.3394699373735689,0.424946451444212,491,301,3145,1734,915,557,6465,3576,56,27,915,504,146,87,978,558,4,3,0.0,0.5714285714285714,2692
Jack Lisowski,Peter Lines,7,1459,1283,0.726023440718493,0.6082590307465143,417,250,2740,1488,771,413,5594,2894,138,79,714,391,49,20,502,248,4,2,0.0,0.6666666666666666,2692
Mark King,Stuart Bingham,7,1402,1573,0.27964834205542655,0.39472346622515553,935,527,6870,3622,1081,688,7840,4478,102,55,848,470,134,84,1172,694,4,0,0.0,1.0,2692
Anthony Hamilton,Thor Chuan Leong,7,1371,1151,0.7732004785001367,0.6341355910108007,833,482,6404,3415,83,23,551,220,39,14,616,320,41,16,353,142,4,2,0.0,0.6666666666666666,2692
Ryan Day,Elliot Slessor,7,1516,1277,0.7919725105475417,0.645084137572727,958,581,6543,3604,163,72,1000,467,130,75,1227,674,49,22,412,195,4,3,0.0,0.5714285714285714,2692
Luca Brecel,Alan McManus,7,1423,1355,0.5920814957526257,0.542397940774351,334,193,2314,1248,933,553,7775,4129,94,52,874,497,79,41,635,334,4,3,0.0,0.5714285714285714,2692
Zhang Anda,Eden Sharav,7,1326,1321,0.5068355814796678,0.5031249593105316,304,150,2122,1058,149,74,925,444,66,33,527,267,114,61,441,199,4,2,0.0,0.6666666666666666,2692
Mark Allen,Jak Jones,7,1590,1164,0.923429055434548,0.7436448917562621,745,485,5185,2935,174,68,1122,491,234,150,1092,636,62,27,304,124,4,2,0.0,0.6666666666666666,2692
Jimmy Robertson,Anthony McGill,7,1328,1369,0.44414095234189266,0.47439741167538224,468,256,3161,1644,491,301,3145,1734,81,41,652,349,56,27,915,504,4,3,0.0,0.5714285714285714,2692
Joe Perry,Kyren Wilson,7,1466,1501,0.4522702554497651,0.47813894602839846,1034,612,7424,4021,448,272,2935,1615,97,58,953,523,135,79,1106,610,4,1,0.0,0.8,2692
Tian Pengfei,Liang Wenbo,7,1358,1382,0.4672268289773793,0.4850044983805899,380,214,2534,1354,593,355,4117,2267,87,48,542,273,46,23,879,480,4,2,0.0,0.6666666666666666,2692
Jack Lisowski,Zhang Anda,7,1459,1326,0.67536846283006,0.5823675407280794,417,250,2740,1488,304,150,2122,1058,138,79,714,391,66,33,527,267,4,2,0.0,0.6666666666666666,2692
Mark King,Ricky Walden,7,1402,1346,0.5760654606907909,0.5349429451582145,935,527,6870,3622,823,495,5769,3178,102,55,848,470,55,26,1015,527,4,1,0.0,0.8,2692
Anthony Hamilton,Luca Brecel,7,1371,1423,0.42930455538057166,0.4675456936126812,833,482,6404,3415,334,193,2314,1248,39,14,616,320,94,52,874,497,4,3,0.0,0.5714285714285714,2692
Ryan Day,Mark Selby,7,1516,1553,0.44955793756481255,0.4768914745109111,958,581,6543,3604,1076,744,7831,4581,130,75,1227,674,111,67,1455,884,4,2,0.0,0.6666666666666666,2692
Mark Allen,Ross Muir,7,1590,1241,0.8806881852645642,0.7052656295907794,745,485,5185,2935,156,59,1034,461,234,150,1092,636,49,21,428,194,4,3,0.0,0.5714285714285714,2692
Jimmy Robertson,Mark Allen,7,1328,1590,0.18665168829972018,0.3418636849519819,468,256,3161,1644,745,485,5185,2935,81,41,652,349,234,150,1092,636,4,2,0.0,0.6666666666666666,2692
Joe Perry,Tian Pengfei,7,1466,1358,0.644151517953897,0.5670929049654543,1034,612,7424,4021,380,214,2534,1354,97,58,953,523,87,48,542,273,4,3,0.0,0.5714285714285714,2692
Mark King,Ryan Day,7,1402,1516,0.34825159011302903,0.4292283881055083,935,527,6870,3622,958,581,6543,3604,102,55,848,470,130,75,1227,674,4,1,0.0,0.8,2692
Anthony Hamilton,Jack Lisowski,7,1371,1459,0.38159841566069774,0.4452207648927852,833,482,6404,3415,417,250,2740,1488,39,14,616,320,138,79,714,391,4,3,0.0,0.5714285714285714,2692
Jimmy Robertson,Mark King,11,1328,1402,0.3769079309289413,0.4538814589542204,468,256,3161,1644,935,527,6870,3622,81,41,652,349,102,55,848,470,6,4,0.0,0.6,2692
Joe Perry,Anthony Hamilton,11,1466,1371,0.6563156776858904,0.559097471902393,1034,612,7424,4021,833,482,6404,3415,97,58,953,523,39,14,616,320,6,3,0.0,0.6666666666666666,2692
Jimmy Robertson,Joe Perry,17,1328,1466,0.23575827445387174,0.4145954308705349,468,256,3161,1644,1034,612,7424,4021,81,41,652,349,97,58,953,523,9,6,0.0,0.6,2692
Mei Xiwen,Li Hang,9,1292,1371,0.3804356342372483,0.45078487089866653,100,47,660,323,263,137,1883,977,69,32,385,191,74,38,629,332,5,2,0.0,0.7142857142857143,2693
Zhao Xintong,Matthew Stevens,9,1400,1362,0.5582282705684568,0.523732154126561,143,74,956,509,943,551,7288,3961,80,39,507,256,144,76,619,324,5,3,0.0,0.625,2693
Gary Wilson,Fan Zhengyi,9,1326,986,0.9018847190305681,0.7005671424739729,401,231,2611,1410,16,2,104,33,86,40,577,298,47,14,66,18,5,3,0.0,0.625,2693
Kyren Wilson,Lukas Kleckers,9,1491,1132,0.9134704714809997,0.7104354810428751,452,275,2957,1628,67,26,404,178,157,92,1128,623,41,12,252,107,5,1,0.0,0.8333333333333334,2693
Mark Williams,Rod Lawler,9,1507,1210,0.8713152214887023,0.6775422953274692,1400,916,10474,6014,808,432,6146,3170,84,51,1334,779,45,16,450,197,5,0,0.0,1.0,2693
Michael White,Oliver Lines,9,1308,1207,0.6513228977147019,0.5627917401386452,482,275,3229,1709,192,94,1223,608,51,21,827,421,53,20,456,203,5,3,0.0,0.625,2693
Liang Wenbo,Alfie Burden,9,1383,1330,0.5809264008951017,0.5330766223661046,597,358,4142,2281,671,361,4846,2488,71,37,904,494,93,47,537,258,5,4,0.0,0.5555555555555556,2693
Daniel Wells,Billy Joe Castle,9,1364,1162,0.7807769347952548,0.623633628298226,356,176,2385,1182,49,24,291,141,103,56,535,263,64,30,207,94,5,4,0.0,0.5555555555555556,2693
Chris Wakelin,Thor Chuan Leong,9,1313,1166,0.7140324724419308,0.5908547524545943,179,90,1197,602,85,24,562,226,68,35,531,263,52,22,364,148,5,4,0.0,0.5555555555555556,2693
Hossein Vafaei,Chen Zifan,9,1357,1196,0.731942685280923,0.5992881635083561,105,60,794,401,70,34,412,193,77,37,517,262,43,12,246,116,5,2,0.0,0.7142857142857143,2693
Alexander Ursenbacher,Ben Woollaston,9,1251,1370,0.3234855672463619,0.42616874240839064,108,47,672,309,587,335,3809,2033,50,20,279,136,78,38,825,433,5,0,0.0,1.0,2693
Judd Trump,Eden Sharav,9,1647,1314,0.8973272712258138,0.6968832820410791,909,624,6127,3644,150,74,931,446,211,137,1319,830,120,63,447,201,5,3,0.0,0.625,2693
Allan Taylor,Alan McManus,9,1226,1367,0.29382252753435445,0.4127763091606651,297,139,1779,865,936,555,7794,4140,56,21,437,187,98,52,654,345,5,1,0.0,0.8333333333333334,2693
Akani Songsermsawad,Robin Hull,9,1328,1290,0.5582282705684568,0.523732154126561,89,46,671,339,531,313,4003,2180,109,54,603,310,56,24,461,227,5,2,0.0,0.7142857142857143,2693
Yuan Sijun,Ricky Walden,9,1292,1350,0.4115659974105401,0.4638133797682053,66,26,439,198,827,498,5792,3191,97,54,307,157,78,39,1038,540,5,2,0.0,0.7142857142857143,2693
Xu Si,Martin Gould,9,1134,1462,0.1060257107476133,0.3057636598919695,45,16,305,126,671,406,4522,2487,49,19,245,104,74,44,885,490,5,4,0.0,0.5555555555555556,2693
Matthew Selt,Jamie Clarke,9,1369,1204,0.7369488869894564,0.6016871801828567,557,302,3785,1981,154,78,906,468,67,34,670,346,39,11,238,116,5,2,0.0,0.7142857142857143,2693
Mark Selby,Jimmy White,9,1552,1207,0.9050436520083749,0.7031827112198086,1080,747,7855,4595,1432,796,12217,6404,135,81,1479,898,52,17,401,174,5,2,0.0,0.7142857142857143,2693
Noppon Saengkham,Lu Ning,9,1329,1235,0.6413253712613813,0.5584811124381613,216,99,1559,742,86,33,598,268,90,49,638,323,106,53,171,83,5,1,0.0,0.8333333333333334,2693
Neil Robertson,Ross Muir,9,1496,1281,0.7950675978142399,0.6312306626164005,914,600,6668,3811,160,62,1059,476,194,106,1079,628,74,36,453,209,5,3,0.0,0.625,2693
Joe Perry,Ashley Hugill,9,1481,1179,0.8751919168487037,0.6802671966986485,1041,618,7476,4053,110,52,615,292,149,90,1005,555,46,16,383,177,5,2,0.0,0.7142857142857143,2693
Martin O'Donnell,Elliot Slessor,9,1376,1306,0.6063088096727929,0.5436386872370789,316,156,1997,1012,166,74,1018,478,130,75,601,316,67,33,430,206,5,3,0.0,0.625,2693
Fergal O'Brien,Peter Lines,9,1317,1300,0.5261277964586326,0.5106234010049637,876,497,6589,3465,774,415,5610,2904,55,23,616,302,65,30,518,258,5,2,0.0,0.7142857142857143,2693
Shaun Murphy,Jordan Brown,9,1462,1159,0.8759568702030395,0.6808107108156386,1041,682,7569,4319,100,50,647,319,120,64,1129,641,67,29,153,65,5,2,0.0,0.7142857142857143,2693
Robert Milkins,Chris Totten,9,1381,1036,0.9050436520083749,0.7031827112198086,847,507,6137,3333,34,8,213,75,87,49,794,414,62,25,190,66,5,2,0.0,0.7142857142857143,2693
Anthony McGill,Joe Swail,9,1372,1227,0.7114258135090068,0.5896454785627312,495,304,3171,1749,845,451,6567,3405,82,42,941,519,71,33,497,238,5,3,0.0,0.625,2693
Stephen Maguire,Chen Feilong,9,1454,1116,0.9005987447198918,0.6995172276624274,934,619,6841,3899,36,14,215,95,125,69,1037,604,58,22,74,30,5,1,0.0,0.8333333333333334,2693
Kurt Maflin,Sanderson Lam,9,1350,1154,0.773982891815793,0.6201064323430902,526,301,3529,1900,148,59,899,398,59,28,623,332,48,14,380,156,5,1,0.0,0.8333333333333334,2693
Jack Lisowski,Ian Burns,9,1468,1309,0.7294208076401816,0.5980868603322034,422,254,2769,1507,330,170,2095,1062,167,98,743,410,97,49,504,237,5,4,0.0,0.5555555555555556,2693
Mark King,Zhang Jiankang,9,1448,1040,0.9384158912094683,0.7349725994665188,941,532,6905,3646,15,5,89,34,137,79,883,494,55,22,89,34,5,1,0.0,0.8333333333333334,2693
Ding Junhui,Lee Walker,9,1482,1284,0.7762613643327039,0.6212835951910678,722,484,5541,3166,462,250,3567,1830,116,66,1067,612,67,31,483,224,5,3,0.0,0.625,2693
Mark Joyce,James Wattana,9,1318,1184,0.6968827791173715,0.5829754542011996,462,245,3331,1700,808,435,6793,3547,61,26,628,322,50,17,391,165,5,1,0.0,0.8333333333333334,2693
Jamie Jones,Adam Stefanow,9,1352,1121,0.8118363604456017,0.6404919537233386,489,291,3236,1754,69,29,389,180,7,3,514,269,45,16,273,127,5,2,0.0,0.7142857142857143,2693
Luo Honghao,Zhou Yuelong,9,1181,1416,0.18411426223135344,0.35720867575922377,35,18,208,103,187,108,1269,679,91,48,110,52,126,72,702,383,5,1,0.0,0.8333333333333334,2693
Liam Highfield,Hammad Miah,9,1378,1172,0.7852370226068368,0.6259778577666038,344,183,2347,1235,138,50,914,396,73,37,521,269,48,18,413,178,5,2,0.0,0.7142857142857143,2693
John Higgins,Duane Jones,9,1530,1126,0.9366283818121344,0.7330201492388575,1410,994,11228,6644,165,81,970,489,99,55,1246,751,41,11,362,142,5,1,0.0,0.8333333333333334,2693
Barry Hawkins,Simon Lichtenberg,9,1541,1010,0.9761751166052841,0.7904268047931361,934,577,6636,3693,26,9,138,62,102,58,1101,629,34,6,95,41,5,0,0.0,1.0,2693
Lyu Haotian,Li Yuan,9,1184,1137,0.5718764689798446,0.5293412500457856,111,44,765,344,51,22,300,136,49,19,250,119,44,16,161,68,5,4,0.0,0.5555555555555556,2693
Anthony Hamilton,Soheil Vahedi,9,1396,1050,0.9056659006528578,0.7037042379997707,839,487,6442,3438,29,6,193,72,77,37,654,343,43,13,158,59,5,0,0.0,1.0,2693
Xiao Guodong,Zhang Yong,9,1376,1191,0.7612074518356959,0.6136070778047783,429,252,2871,1586,100,40,618,262,81,41,644,357,59,24,423,178,5,1,0.0,0.8333333333333334,2693
Gerard Greene,Robbie Williams,9,1256,1308,0.42057894147456754,0.4675456936126812,702,376,5220,2719,359,193,2334,1193,52,23,357,166,62,29,539,267,5,0,0.0,1.0,2693
David Gilbert,Kishan Hirani,9,1390,1111,0.8566349080562111,0.6676332571171155,592,339,4250,2275,139,65,754,359,130,69,963,525,45,14,171,82,5,0,0.0,1.0,2693
Marco Fu,Sam Baird,9,1433,1305,0.6888075102228256,0.5793242521487495,875,521,6530,3558,337,175,2332,1195,93,51,963,538,93,46,596,296,5,2,0.0,0.7142857142857143,2693
Tom Ford,Paul Davison,9,1359,1218,0.7061774724656459,0.587223690839335,604,346,4309,2297,673,350,4693,2376,120,58,727,386,52,19,415,176,5,0,0.0,1.0,2693
Peter Ebdon,Harvey Chandler,9,1361,1016,0.9050436520083749,0.7031827112198086,1074,614,8428,4522,18,6,103,40,87,49,617,321,39,11,83,34,5,3,0.0,0.625,2693
Mike Dunn,Luo Zetao,9,1236,992,0.8247868019279315,0.6479408020806503,706,373,5178,2659,1,0,7,1,56,22,540,259,7,1,7,1,5,1,0.0,0.8333333333333334,2693
Graeme Dott,Bai Langning,9,1370,989,0.9255132944846598,0.7216176701846587,854,497,6539,3497,2,0,13,3,89,47,789,407,9,3,9,3,5,2,0.0,0.7142857142857143,2693
Scott Donaldson,Basem Eltahhan,9,1307,996,0.8819527499348307,0.6851410567502929,224,108,1495,729,13,2,82,23,73,35,505,246,24,6,82,23,5,0,0.0,1.0,2693
Ken Doherty,Tian Pengfei,9,1278,1393,0.3290159602289745,0.42861601832306767,1126,683,9152,5012,385,218,2566,1373,58,22,478,230,119,67,574,292,5,3,0.0,0.625,2693
Ryan Day,Jak Jones,9,1510,1186,0.8912326155418068,0.6921095043017882,963,585,6572,3621,177,70,1141,501,159,92,1256,691,81,37,323,134,5,2,0.0,0.7142857142857143,2693
Mark Davis,Hamza Akbar,9,1511,1048,0.9590589918425874,0.76087815507093,1099,664,7718,4226,42,7,282,95,137,78,973,543,50,17,253,86,5,1,0.0,0.8333333333333334,2693
Sam Craigie,Dominic Dale,9,1312,1325,0.48001367903024084,0.4918757150937391,157,77,951,485,917,523,6542,3485,58,29,383,180,65,30,730,382,5,2,0.0,0.7142857142857143,2693
Rhys Clark,Thepchaiya Un-Nooh,9,1212,1377,0.26305111301054346,0.3983128198171432,122,51,760,346,322,185,2309,1224,14,4,358,152,97,53,694,358,5,4,0.0,0.5555555555555556,2693
Ashley Carty,Rory McLeod,9,1236,1268,0.45091216472504103,0.48001065984441826,128,66,744,382,572,309,4269,2204,46,16,166,84,63,27,590,279,5,3,0.0,0.625,2693
Ali Carter,Andy Lee,9,1489,1057,0.9482914288722696,0.7464939833376621,918,559,6483,3587,108,49,646,306,164,98,996,569,37,9,53,18,5,1,0.0,0.8333333333333334,2693
Stuart Carrington,He Guoqiang,9,1392,1007,0.9275515881200725,0.7236220674654401,329,181,2130,1127,13,5,70,29,109,56,612,329,14,7,14,7,5,3,0.0,0.625,2693
Luca Brecel,Joe O'Connor,9,1427,1122,0.8774764322222064,0.6818962645895934,338,196,2340,1263,95,43,579,272,120,67,900,512,58,25,182,82,5,1,0.0,0.8333333333333334,2693
Nigel Bond,Michael Holt,9,1254,1340,0.3702259076432147,0.4464560968488817,861,469,6782,3550,823,476,5945,3160,64,28,431,191,81,38,990,519,5,3,0.0,0.625,2693
Chang Bingyu,Jimmy Robertson,9,997,1387,0.06996385902757249,0.2738850187392209,2,0,15,5,475,263,3220,1679,10,4,10,4,140,76,711,384,5,3,0.0,0.625,2693
Yan Bingtao,Niu Zhuang,9,1491,1068,0.9447545158648063,0.7422125022622994,129,79,891,505,50,16,301,114,95,57,662,387,42,13,162,56,5,3,0.0,0.625,2693
Stuart Bingham,Craig Steadman,9,1556,1270,0.8624794817796031,0.6715050342254059,1084,690,7856,4486,434,232,2862,1491,150,92,1188,702,73,37,460,215,5,4,0.0,0.5555555555555556,2693
John Astley,Michael Georgiou,9,1267,1221,0.5703641336320321,0.5287183569514396,197,92,1234,579,216,98,1314,633,43,13,464,227,64,25,479,228,5,4,0.0,0.5555555555555556,2693
Zhang Anda,Andrew Higginson,9,1343,1353,0.4846231450559826,0.49375032550048964,308,153,2145,1072,713,423,5022,2750,89,47,550,281,83,43,597,315,5,3,0.0,0.625,2693
Mark Allen,Sean O'Sullivan,9,1561,1152,0.9388562577752325,0.7354592830135422,750,489,5216,2953,204,83,1282,585,265,168,1123,654,45,16,384,156,5,2,0.0,0.7142857142857143,2693
Mei Xiwen,Michael White,9,1292,1308,0.4754070207556724,0.4900013331200346,100,47,660,323,482,275,3229,1709,69,32,385,191,51,21,827,421,5,4,0.0,0.5555555555555556,2693
Zhao Xintong,Anthony McGill,9,1400,1372,0.542978651056463,0.5174928576663897,143,74,956,509,495,304,3171,1749,80,39,507,256,82,42,941,519,5,4,0.0,0.5555555555555556,2693
Gary Wilson,Luo Honghao,9,1326,1181,0.7114258135090068,0.5896454785627312,401,231,2611,1410,35,18,208,103,86,40,577,298,91,48,110,52,5,2,0.0,0.7142857142857143,2693
Mark Williams,Ken Doherty,9,1507,1278,0.8097901791567259,0.6393398367530659,1400,916,10474,6014,1126,683,9152,5012,84,51,1334,779,58,22,478,230,5,0,0.0,1.0,2693
Liang Wenbo,John Astley,9,1383,1267,0.6723703942210427,0.5719961329315186,597,358,4142,2281,197,92,1234,579,71,37,904,494,43,13,464,227,5,3,0.0,0.625,2693
Hossein Vafaei,David Gilbert,9,1357,1390,0.44938671629072013,0.47938669028555136,105,60,794,401,592,339,4250,2275,77,37,517,262,130,69,963,525,5,3,0.0,0.625,2693
Judd Trump,Rhys Clark,9,1647,1212,0.9494276394767612,0.7479106630456372,909,624,6127,3644,122,51,760,346,211,137,1319,830,14,4,358,152,5,0,0.0,1.0,2693
Yuan Sijun,Alexander Ursenbacher,9,1292,1251,0.5627866210804462,0.5256025883246178,66,26,439,198,108,47,672,309,97,54,307,157,50,20,279,136,5,2,0.0,0.7142857142857143,2693
Mark Selby,Akani Songsermsawad,9,1552,1328,0.8046121832928468,0.6364525402815664,1080,747,7855,4595,89,46,671,339,135,81,1479,898,109,54,603,310,5,3,0.0,0.625,2693
Noppon Saengkham,Xu Si,9,1329,1134,0.7728385057625519,0.6195173196470847,216,99,1559,742,45,16,305,126,90,49,638,323,49,19,245,104,5,2,0.0,0.7142857142857143,2693
Neil Robertson,Gerard Greene,9,1496,1256,0.8208667164135127,0.6456563062257954,914,600,6668,3811,702,376,5220,2719,194,106,1079,628,52,23,357,166,5,2,0.0,0.7142857142857143,2693
Joe Perry,Mark Joyce,9,1481,1318,0.7344520743913923,0.6004882745269664,1041,618,7476,4053,462,245,3331,1700,149,90,1005,555,61,26,628,322,5,1,0.0,0.8333333333333334,2693
Martin O'Donnell,Luca Brecel,9,1376,1427,0.42208550570901493,0.4681681105837757,316,156,1997,1012,338,196,2340,1263,130,75,601,316,120,67,900,512,5,3,0.0,0.625,2693
Fergal O'Brien,Ali Carter,9,1317,1489,0.2544125299696614,0.3941263315682394,876,497,6589,3465,918,559,6483,3587,55,23,616,302,164,98,996,569,5,1,0.0,0.8333333333333334,2693
Shaun Murphy,Liam Highfield,9,1462,1378,0.6268664452075894,0.5523079095743253,1041,682,7569,4319,344,183,2347,1235,120,64,1129,641,73,37,521,269,5,1,0.0,0.8333333333333334,2693
Jack Lisowski,Kurt Maflin,9,1468,1350,0.675135607304274,0.5732197726798348,422,254,2769,1507,526,301,3529,1900,167,98,743,410,59,28,623,332,5,3,0.0,0.625,2693
Mark King,Sam Craigie,9,1448,1312,0.699552494810083,0.5841905229354074,941,532,6905,3646,157,77,951,485,137,79,883,494,58,29,383,180,5,3,0.0,0.625,2693
Ding Junhui,Daniel Wells,9,1482,1364,0.675135607304274,0.5732197726798348,722,484,5541,3166,356,176,2385,1182,116,66,1067,612,103,56,535,263,5,1,0.0,0.8333333333333334,2693
Jamie Jones,Anthony Hamilton,9,1352,1396,0.432663772804632,0.47252769565540637,489,291,3236,1754,839,487,6442,3438,7,3,514,269,77,37,654,343,5,4,0.0,0.5555555555555556,2693
John Higgins,Allan Taylor,9,1530,1226,0.8767183735713725,0.6813537337890256,1410,994,11228,6644,297,139,1779,865,99,55,1246,751,56,21,437,187,5,3,0.0,0.625,2693
Barry Hawkins,Ashley Carty,9,1541,1236,0.8774764322222064,0.6818962645895934,934,577,6636,3693,128,66,744,382,102,58,1101,629,46,16,166,84,5,3,0.0,0.625,2693
Xiao Guodong,Mark Davis,9,1376,1511,0.3017809683941789,0.41641688448272474,429,252,2871,1586,1099,664,7718,4226,81,41,644,357,137,78,973,543,5,0,0.0,1.0,2693
Tom Ford,Nigel Bond,9,1359,1254,0.6569871207564459,0.5652507475670999,604,346,4309,2297,861,469,6782,3550,120,58,727,386,64,28,431,191,5,0,0.0,1.0,2693
Graeme Dott,Stuart Carrington,9,1370,1392,0.466204707662687,0.486253465097645,854,497,6539,3497,329,181,2130,1127,89,47,789,407,109,56,612,329,5,4,0.0,0.5555555555555556,2693
Scott Donaldson,Stephen Maguire,9,1307,1454,0.2859675275580694,0.4091452475454058,224,108,1495,729,934,619,6841,3899,73,35,505,246,125,69,1037,604,5,2,0.0,0.7142857142857143,2693
Ryan Day,Mike Dunn,9,1510,1236,0.852353752497679,0.6648537304059736,963,585,6572,3621,706,373,5178,2659,159,92,1256,691,56,22,540,259,5,1,0.0,0.8333333333333334,2693
Chang Bingyu,Robert Milkins,9,997,1381,0.0729537359922913,0.27687819487561016,2,0,15,5,847,507,6137,3333,10,4,10,4,87,49,794,414,5,3,0.0,0.625,2693
Yan Bingtao,Chris Wakelin,9,1491,1313,0.7528658846129856,0.6094497836283252,129,79,891,505,179,90,1197,602,95,57,662,387,68,35,531,263,5,4,0.0,0.5555555555555556,2693
Stuart Bingham,Peter Ebdon,9,1556,1361,0.7728385057625519,0.6195173196470847,1084,690,7856,4486,1074,614,8428,4522,150,92,1188,702,87,49,617,321,5,3,0.0,0.625,2693
Zhang Anda,Marco Fu,9,1343,1433,0.3644340928307144,0.44398610945538003,308,153,2145,1072,875,521,6530,3558,89,47,550,281,93,51,963,538,5,3,0.0,0.625,2693
Mark Allen,Matthew Selt,9,1561,1369,0.7693848278621133,0.617747874769249,750,489,5216,2953,557,302,3785,1981,265,168,1123,654,67,34,670,346,5,1,0.0,0.8333333333333334,2693
Zhao Xintong,Fergal O'Brien,9,1400,1317,0.6254097561604477,0.5516896693427,143,74,956,509,876,497,6589,3465,80,39,507,256,55,23,616,302,5,2,0.0,0.7142857142857143,2693
Mark Williams,Gary Wilson,9,1507,1326,0.7564607688598808,0.6112334666758695,1400,916,10474,6014,401,231,2611,1410,84,51,1334,779,86,40,577,298,5,2,0.0,0.7142857142857143,2693
Liang Wenbo,Zhang Anda,9,1383,1343,0.5612681117807465,0.52497918747894,597,358,4142,2281,308,153,2145,1072,71,37,904,494,89,47,550,281,5,2,0.0,0.7142857142857143,2693
Hossein Vafaei,Ryan Day,9,1357,1510,0.27821884530484675,0.4055240692517599,105,60,794,401,963,585,6572,3621,77,37,517,262,159,92,1256,691,5,3,0.0,0.625,2693
Judd Trump,Jamie Jones,9,1647,1352,0.8697402180608809,0.6764489333484797,909,624,6127,3644,489,291,3236,1754,211,137,1319,830,7,3,514,269,5,2,0.0,0.7142857142857143,2693
Yuan Sijun,Ding Junhui,9,1292,1482,0.23293465503726948,0.38343349547868066,66,26,439,198,722,484,5541,3166,97,54,307,157,116,66,1067,612,5,4,0.0,0.5555555555555556,2693
Mark Selby,Chang Bingyu,9,1552,997,0.9804980609599635,0.8001928324515694,1080,747,7855,4595,2,0,15,5,135,81,1479,898,10,4,10,4,5,1,0.0,0.8333333333333334,2693
Martin O'Donnell,Tom Ford,9,1376,1359,0.5261277964586326,0.5106234010049637,316,156,1997,1012,604,346,4309,2297,130,75,601,316,120,58,727,386,5,4,0.0,0.5555555555555556,2693
Shaun Murphy,Xiao Guodong,9,1462,1376,0.6297740923567853,0.5535439031511183,1041,682,7569,4319,429,252,2871,1586,120,64,1129,641,81,41,644,357,5,2,0.0,0.7142857142857143,2693
Mark King,Mark Allen,9,1448,1561,0.3317960811303977,0.42984097461816473,941,532,6905,3646,750,489,5216,2953,137,79,883,494,265,168,1123,654,5,1,0.0,0.8333333333333334,2693
John Higgins,Mei Xiwen,9,1530,1292,0.8188851011711408,0.6445115537062945,1410,994,11228,6644,100,47,660,323,99,55,1246,751,69,32,385,191,5,4,0.0,0.5555555555555556,2693
Barry Hawkins,Noppon Saengkham,9,1541,1329,0.7918223659012522,0.6294831119673949,934,577,6636,3693,216,99,1559,742,102,58,1101,629,90,49,638,323,5,4,0.0,0.5555555555555556,2693
Lyu Haotian,Joe Perry,9,1184,1481,0.12868477851129756,0.32245770467253076,111,44,765,344,1041,618,7476,4053,49,19,250,119,149,90,1005,555,5,3,0.0,0.625,2693
Graeme Dott,Neil Robertson,9,1370,1496,0.31390588840468353,0.4218947671156908,854,497,6539,3497,914,600,6668,3811,89,47,789,407,194,106,1079,628,5,2,0.0,0.7142857142857143,2693
Scott Donaldson,Jack Lisowski,9,1307,1468,0.268057314719077,0.40071183649164394,224,108,1495,729,422,254,2769,1507,73,35,505,246,167,98,743,410,5,3,0.0,0.625,2693
Yan Bingtao,Stuart Bingham,9,1491,1556,0.4011128900397446,0.4594641607262107,129,79,891,505,1084,690,7856,4486,95,57,662,387,150,92,1188,702,5,2,0.0,0.7142857142857143,2693
Zhao Xintong,Mark Williams,9,1400,1507,0.34019451059365574,0.43352094403237207,143,74,956,509,1400,916,10474,6014,80,39,507,256,84,51,1334,779,5,3,0.0,0.625,2693
Judd Trump,Yan Bingtao,9,1647,1491,0.7256147727911193,0.5962826992967879,909,624,6127,3644,129,79,891,505,211,137,1319,830,95,57,662,387,5,1,0.0,0.8333333333333334,2693
Yuan Sijun,Mark King,9,1292,1448,0.2743852272088807,0.40371730070321216,66,26,439,198,941,532,6905,3646,97,54,307,157,137,79,883,494,5,3,0.0,0.625,2693
Mark Selby,Hossein Vafaei,9,1552,1357,0.7728385057625519,0.6195173196470847,1080,747,7855,4595,105,60,794,401,135,81,1479,898,77,37,517,262,5,3,0.0,0.625,2693
Martin O'Donnell,Liang Wenbo,9,1376,1383,0.4892347721324395,0.4956251116502266,316,156,1997,1012,597,358,4142,2281,130,75,601,316,71,37,904,494,5,2,0.0,0.7142857142857143,2693
John Higgins,Scott Donaldson,9,1530,1307,0.8035658834232549,0.6358738914270539,1410,994,11228,6644,224,108,1495,729,99,55,1246,751,73,35,505,246,5,3,0.0,0.625,2693
Barry Hawkins,Graeme Dott,9,1541,1370,0.7443630173545871,0.6052765337748445,934,577,6636,3693,854,497,6539,3497,102,58,1101,629,89,47,789,407,5,2,0.0,0.7142857142857143,2693
Lyu Haotian,Shaun Murphy,9,1184,1462,0.14421420890334904,0.3329217229043748,111,44,765,344,1041,682,7569,4319,49,19,250,119,120,64,1129,641,5,3,0.0,0.625,2693
Zhao Xintong,Barry Hawkins,9,1400,1541,0.29382252753435445,0.4127763091606651,143,74,956,509,934,577,6636,3693,80,39,507,256,102,58,1101,629,5,4,0.0,0.5555555555555556,2693
Mark Selby,Yuan Sijun,9,1552,1292,0.8398914152025413,0.6570104626734988,1080,747,7855,4595,66,26,439,198,135,81,1479,898,97,54,307,157,5,2,0.0,0.7142857142857143,2693
John Higgins,Judd Trump,9,1530,1647,0.3262457443848045,0.42739193613673987,1410,994,11228,6644,909,624,6127,3644,99,55,1246,751,211,137,1319,830,5,3,0.0,0.625,2693
Lyu Haotian,Martin O'Donnell,9,1184,1376,0.2306151721378868,0.382252125230751,111,44,765,344,316,156,1997,1012,49,19,250,119,130,75,601,316,5,1,0.0,0.8333333333333334,2693
Mark Selby,Zhao Xintong,11,1552,1400,0.7398043841577568,0.5938731029341427,1080,747,7855,4595,143,74,956,509,135,81,1479,898,80,39,507,256,6,4,0.0,0.6,2693
John Higgins,Lyu Haotian,11,1530,1184,0.9258950973091913,0.7037042379997707,1410,994,11228,6644,111,44,765,344,99,55,1246,751,49,19,250,119,6,3,0.0,0.6666666666666666,2693
Mark Selby,John Higgins,19,1552,1530,0.5483323301692296,0.513746534902355,1080,747,7855,4595,1410,994,11228,6644,135,81,1479,898,99,55,1246,751,10,9,0.0,0.5263157894736842,2693
Zhou Yuelong,Luca Brecel,11,1393,1424,0.44770833132354415,0.4806346917700681,188,108,1275,680,340,197,2354,1271,132,73,708,384,134,75,914,520,6,4,0.0,0.6,2721
Kyren Wilson,Liang Wenbo,11,1497,1387,0.6793165623060362,0.5683199834782481,453,276,2963,1633,601,361,4173,2298,163,97,1134,628,102,54,935,511,6,3,0.0,0.6666666666666666,2721
Neil Robertson,Guo Hua,11,1485,1108,0.9419376319488703,0.7196043690484492,917,602,6690,3823,70,34,502,252,216,118,1101,640,0,0,0,0,6,1,0.0,0.8571428571428571,2721
Anthony McGill,Yan Bingtao,11,1371,1482,0.319173996683754,0.43106679063045344,497,305,3188,1758,133,82,921,521,99,51,958,528,125,73,692,403,6,2,0.0,0.75,2721
Stephen Maguire,Pu QingSong,11,1443,1000,0.9667288265290946,0.7516627404402959,936,620,6854,3906,0,0,0,0,138,76,1050,611,0,0,0,0,6,4,0.0,0.6,2721
Ryan Day,Chang Bingyu,11,1505,1039,0.9729115524714441,0.7622400534271092,966,587,6593,3634,5,2,37,16,180,105,1277,704,32,15,32,15,6,2,0.0,0.75,2721
Stuart Bingham,Fan Zhengyi,11,1534,991,0.9869351886788317,0.7953530817731491,1087,692,7880,4498,17,2,112,36,174,104,1212,714,55,17,74,21,6,0,0.0,1.0,2721
Mark Allen,Xiao Guodong,11,1552,1400,0.7398043841577568,0.5938731029341427,753,491,5235,2964,432,254,2889,1598,284,179,1142,665,99,53,662,369,6,4,0.0,0.6,2721
Kyren Wilson,Judd Trump,11,1497,1652,0.2561204818305868,0.4043192693921528,453,276,2963,1633,914,628,6161,3667,163,97,1134,628,245,160,1353,853,6,2,0.0,0.75,2721
Mark Williams,Anthony McGill,11,1526,1371,0.7438795181694131,0.5956807306078472,1404,919,10499,6032,497,305,3188,1758,109,69,1359,797,99,51,958,528,6,3,0.0,0.6666666666666666,2721
Mark Selby,Zhou Yuelong,11,1565,1393,0.7663020508102693,0.6058736684317606,1087,754,7920,4636,188,108,1275,680,200,122,1544,939,132,73,708,384,6,5,0.0,0.5454545454545454,2721
Ronnie O'Sullivan,Neil Robertson,11,1663,1485,0.7739370957025349,0.6094497836283252,1222,937,10634,6509,917,602,6690,3823,190,128,1191,763,216,118,1101,640,6,3,0.0,0.6666666666666666,2721
Ding Junhui,Mark Allen,11,1482,1552,0.3833548191267751,0.4563613127629212,725,486,5564,3180,753,491,5235,2964,139,80,1090,626,284,179,1142,665,6,3,0.0,0.6666666666666666,2721
Barry Hawkins,Stephen Maguire,11,1538,1443,0.6563156776858904,0.559097471902393,939,581,6674,3717,936,620,6854,3906,140,82,1139,653,138,76,1050,611,6,3,0.0,0.6666666666666666,2721
Ryan Day,John Higgins,11,1505,1537,0.4460320996560893,0.48001065984441826,966,587,6593,3634,1417,1000,11295,6684,180,105,1277,704,166,95,1313,791,6,5,0.0,0.5454545454545454,2721
Kyren Wilson,Ryan Day,11,1497,1505,0.4864675502669957,0.4950001666600003,453,276,2963,1633,966,587,6593,3634,163,97,1134,628,180,105,1277,704,6,5,0.0,0.5454545454545454,2721
Ronnie O'Sullivan,Stuart Bingham,11,1663,1534,0.7074428338834061,0.5799334001885058,1222,937,10634,6509,1087,692,7880,4498,190,128,1191,763,174,104,1212,714,6,2,0.0,0.75,2721
Ding Junhui,Mark Selby,11,1482,1565,0.3625351030605667,0.44831033065729986,725,486,5564,3180,1087,754,7920,4636,139,80,1090,626,200,122,1544,939,6,5,0.0,0.5454545454545454,2721
Barry Hawkins,Mark Williams,11,1538,1526,0.5202936020488736,0.5074994375506203,939,581,6674,3717,1404,919,10499,6032,140,82,1139,653,109,69,1359,797,6,4,0.0,0.6,2721
Ronnie O'Sullivan,Kyren Wilson,19,1663,1497,0.8194393262349954,0.6022861768886306,1222,937,10634,6509,453,276,2963,1633,190,128,1191,763,163,97,1134,628,10,6,0.0,0.625,2721
Barry Hawkins,Ding Junhui,19,1538,1482,0.6213536403273343,0.5349429451582145,939,581,6674,3717,725,486,5564,3180,140,82,1139,653,139,80,1090,626,10,9,0.0,0.5263157894736842,2721
Ronnie O'Sullivan,Barry Hawkins,21,1663,1538,0.7652061753266675,0.5774953651858118,1222,937,10634,6509,939,581,6674,3717,190,128,1191,763,140,82,1139,653,11,9,0.0,0.55,2721
Mark Williams,Ricky Walden,9,1525,1336,0.7659005155576041,0.6159753019181258,1406,920,10518,6042,828,498,5799,3193,128,79,1378,807,85,41,1045,542,5,2,0.0,0.7142857142857143,2722
Mark Williams,Tom Ford,9,1525,1389,0.699552494810083,0.5841905229354074,1406,920,10518,6042,607,348,4328,2311,128,79,1378,807,139,72,746,400,5,4,0.0,0.5555555555555556,2722
Mark Williams,Thepchaiya Un-Nooh,9,1525,1366,0.7294208076401816,0.5980868603322034,1406,920,10518,6042,323,185,2318,1228,128,79,1378,807,106,57,703,362,5,1,0.0,0.8333333333333334,2722
Ricky Walden,Thanawat Thirapongpaiboon,9,1336,1207,0.690160189469792,0.5799334001885058,828,498,5799,3193,167,74,1167,552,85,41,1045,542,0,0,6,1,5,4,0.0,0.5555555555555556,2722
Tom Ford,Thepchaiya Un-Nooh,9,1389,1366,0.5353273068487134,0.5143710406970602,607,348,4328,2311,323,185,2318,1228,139,72,746,400,106,57,703,362,5,1,0.0,0.8333333333333334,2722
Tom Ford,Ricky Walden,9,1389,1336,0.5809264008951017,0.5330766223661046,607,348,4328,2311,828,498,5799,3193,139,72,746,400,85,41,1045,542,5,4,0.0,0.5555555555555556,2722
Stephen Maguire,Ryan Day,9,1424,1507,0.37459024383955214,0.44831033065729986,938,621,6873,3915,969,589,6623,3651,157,85,1069,620,210,122,1307,721,5,3,0.0,0.625,2722
Stephen Maguire,Nutcharat Wongharuthai,9,1424,1000,0.9451571550569371,0.7426905453026857,938,621,6873,3915,0,0,0,0,157,85,1069,620,0,0,0,0,5,1,0.0,0.8333333333333334,2722
Stephen Maguire,Luo Honghao,9,1424,1196,0.8087617227954655,0.6387631751488418,938,621,6873,3915,37,19,221,110,157,85,1069,620,104,55,123,59,5,2,0.0,0.7142857142857143,2722
Luo Honghao,Nutcharat Wongharuthai,9,1196,1000,0.773982891815793,0.6201064323430902,37,19,221,110,0,0,0,0,104,55,123,59,0,0,0,0,5,1,0.0,0.8333333333333334,2722
Ryan Day,Luo Honghao,9,1507,1196,0.8819527499348307,0.6851410567502929,969,589,6623,3651,37,19,221,110,210,122,1307,721,104,55,123,59,5,2,0.0,0.7142857142857143,2722
Ryan Day,Nutcharat Wongharuthai,9,1507,1000,0.9710297893660506,0.7803144887848326,969,589,6623,3651,0,0,0,0,210,122,1307,721,0,0,0,0,5,1,0.0,0.8333333333333334,2722
James Wattana,Shachar Ruberg,9,1172,1032,0.7048581689623228,0.5866175789173301,809,435,6799,3548,33,14,208,90,56,18,397,166,0,0,31,14,5,2,0.0,0.7142857142857143,2722
James Wattana,Mark King,9,1172,1461,0.13506867510337967,0.3268427036298682,809,435,6799,3548,945,535,6933,3664,56,18,397,166,165,97,911,512,5,3,0.0,0.625,2722
Mark King,Shachar Ruberg,9,1461,1032,0.9471340179507625,0.7450720559074311,945,535,6933,3664,33,14,208,90,165,97,911,512,0,0,31,14,5,0,0.0,1.0,2722
Stuart Bingham,Mark King,9,1533,1461,0.609266333359509,0.5448788923735801,1089,693,7894,4506,945,535,6933,3664,188,112,1226,722,165,97,911,512,5,2,0.0,0.7142857142857143,2722
Stuart Bingham,Shachar Ruberg,9,1533,1032,0.9696011540310664,0.7777323231128432,1089,693,7894,4506,33,14,208,90,188,112,1226,722,0,0,31,14,5,1,0.0,0.8333333333333334,2722
Stuart Bingham,James Wattana,9,1533,1172,0.9146249185246416,0.7114629823302013,1089,693,7894,4506,809,435,6799,3548,188,112,1226,722,56,18,397,166,5,3,0.0,0.625,2722
Kyren Wilson,Graeme Dott,9,1525,1384,0.7061774724656459,0.587223690839335,457,279,3007,1657,858,500,6569,3514,207,121,1178,652,119,64,819,424,5,1,0.0,0.8333333333333334,2722
Kyren Wilson,Michael White,9,1525,1308,0.7972134349638327,0.6323937895695628,457,279,3007,1657,484,276,3246,1718,207,121,1178,652,68,30,844,430,5,4,0.0,0.5555555555555556,2722
Kyren Wilson,Marvin Lim Chun Kiat,9,1525,1002,0.9745571004807211,0.787094514720409,457,279,3007,1657,9,2,60,24,207,121,1178,652,0,0,0,0,5,0,0.0,1.0,2722
Graeme Dott,Marvin Lim Chun Kiat,9,1384,1002,0.9260271265901262,0.7221196058493572,858,500,6569,3514,9,2,60,24,119,64,819,424,0,0,0,0,5,1,0.0,0.8333333333333334,2722
Graeme Dott,Michael White,9,1384,1308,0.6151613259908093,0.5473576181430894,858,500,6569,3514,484,276,3246,1718,119,64,819,424,68,30,844,430,5,0,0.0,1.0,2722
Akani Songsermsawad,Mohamed Khairy,9,1339,928,0.9397292470105665,0.7364309317009723,91,47,686,347,24,3,156,43,124,62,618,318,0,0,0,0,5,1,0.0,0.8333333333333334,2722
Akani Songsermsawad,Jimmy Robertson,9,1339,1365,0.4600800462945756,0.48375571893792757,91,47,686,347,476,263,3228,1682,124,62,618,318,148,79,719,387,5,4,0.0,0.5555555555555556,2722
Jimmy Robertson,Mohamed Khairy,9,1365,928,0.9501734685084674,0.7488521955201534,476,263,3228,1682,24,3,156,43,148,79,719,387,0,0,0,0,5,1,0.0,0.8333333333333334,2722
Ding Junhui,Jimmy Robertson,9,1505,1365,0.7048581689623228,0.5866175789173301,728,488,5603,3201,476,263,3228,1682,178,101,1129,647,148,79,719,387,5,3,0.0,0.625,2722
Ding Junhui,Akani Songsermsawad,9,1505,1339,0.7381925501749662,0.6022861768886306,728,488,5603,3201,91,47,686,347,178,101,1129,647,124,62,618,318,5,4,0.0,0.5555555555555556,2722
Ding Junhui,Mohamed Khairy,9,1505,928,0.9838326308961652,0.8088414922499486,728,488,5603,3201,24,3,156,43,178,101,1129,647,0,0,0,0,5,3,0.0,0.625,2722
Zhou Yuelong,Michael Holt,9,1408,1329,0.6195643657627519,0.5492151291013335,190,109,1296,691,824,476,5953,3163,153,84,729,395,89,41,998,522,5,2,0.0,0.7142857142857143,2722
Zhou Yuelong,Joe Perry,9,1408,1474,0.3996254479222332,0.45884333184977194,190,109,1296,691,1044,620,7497,4066,153,84,729,395,170,103,1026,568,5,4,0.0,0.5555555555555556,2722
Joe Perry,Anthony McGill,9,1474,1385,0.6341209376700583,0.5553966483205892,1044,620,7497,4066,499,306,3205,1767,170,103,1026,568,116,60,975,537,5,3,0.0,0.625,2722
Anthony McGill,Michael Holt,9,1385,1329,0.585434873024069,0.5349429451582145,499,306,3205,1767,824,476,5953,3163,116,60,975,537,89,41,998,522,5,4,0.0,0.5555555555555556,2722
Anthony McGill,Zhou Yuelong,9,1385,1408,0.4646726931512867,0.4856289593029398,499,306,3205,1767,190,109,1296,691,116,60,975,537,153,84,729,395,5,3,0.0,0.625,2722
Michael Holt,Joe Perry,9,1329,1474,0.2885741864909932,0.4103545214372688,824,476,5953,3163,1044,620,7497,4066,89,41,998,522,170,103,1026,568,5,3,0.0,0.625,2722
Noppon Saengkham,Kurt Dunham,9,1352,900,0.9554787287279248,0.7558388990947971,219,101,1581,756,32,3,181,41,112,63,660,337,0,0,181,41,5,2,0.0,0.7142857142857143,2722
Noppon Saengkham,Marco Fu,9,1352,1429,0.3833692257939145,0.4520230623632036,219,101,1581,756,877,522,6545,3566,112,63,660,337,108,59,978,546,5,4,0.0,0.5555555555555556,2722
Marco Fu,Kurt Dunham,9,1429,900,0.9757793386507573,0.7895973406728265,877,522,6545,3566,32,3,181,41,108,59,978,546,0,0,181,41,5,3,0.0,0.625,2722
Marco Fu,Luca Brecel,9,1429,1414,0.5230577783295167,0.5093739015216607,877,522,6545,3566,341,197,2364,1275,108,59,978,546,144,79,924,524,5,4,0.0,0.5555555555555556,2722
Luca Brecel,Noppon Saengkham,9,1414,1352,0.5944158213362583,0.538672605206508,341,197,2364,1275,219,101,1581,756,144,79,924,524,112,63,660,337,5,1,0.0,0.8333333333333334,2722
Luca Brecel,Kurt Dunham,9,1414,900,0.9726223206251,0.7832996849890409,341,197,2364,1275,32,3,181,41,144,79,924,524,0,0,181,41,5,2,0.0,0.7142857142857143,2722
Mohammed Shehab,David Gilbert,9,1161,1393,0.18714591905931333,0.35893259366518293,66,28,477,229,594,340,4263,2283,0,0,40,16,143,77,976,533,5,4,0.0,0.5555555555555556,2722
Mohammed Shehab,Thanawat Thirapongpaiboon,9,1161,1207,0.42963586636796786,0.4712816430485603,66,28,477,229,167,74,1167,552,0,0,40,16,0,0,6,1,5,4,0.0,0.5555555555555556,2722
Mark Selby,Thanawat Thirapongpaiboon,9,1553,1207,0.9056659006528578,0.7037042379997707,1089,755,7942,4647,167,74,1167,552,222,133,1566,950,0,0,6,1,5,2,0.0,0.7142857142857143,2722
Mark Selby,David Gilbert,9,1553,1393,0.7306833019461992,0.598687660112452,1089,755,7942,4647,594,340,4263,2283,222,133,1566,950,143,77,976,533,5,1,0.0,0.8333333333333334,2722
Mark Selby,Mohammed Shehab,9,1553,1161,0.9310105081394651,0.7271082163411295,1089,755,7942,4647,66,28,477,229,222,133,1566,950,0,0,40,16,5,4,0.0,0.5555555555555556,2722
David Gilbert,Thanawat Thirapongpaiboon,9,1393,1207,0.7623857644063681,0.6141996427768951,594,340,4263,2283,167,74,1167,552,143,77,976,533,0,0,6,1,5,3,0.0,0.625,2722
Kyren Wilson,Anthony McGill,11,1525,1385,0.7231619987890416,0.5866175789173301,457,279,3007,1657,499,306,3205,1767,207,121,1178,652,116,60,975,537,6,4,0.0,0.6,2722
James Wattana,Zhou Yuelong,11,1172,1408,0.160136139539428,0.35663485430559827,809,435,6799,3548,190,109,1296,691,56,18,397,166,153,84,729,395,6,5,0.0,0.5454545454545454,2722
Akani Songsermsawad,Stephen Maguire,11,1339,1424,0.35936753341632255,0.4470740118670941,91,47,686,347,938,621,6873,3915,124,62,618,318,157,85,1069,620,6,5,0.0,0.5454545454545454,2722
Mohammed Shehab,Mark Williams,11,1161,1525,0.06440701571778638,0.2869998372477183,66,28,477,229,1406,920,10518,6042,0,0,40,16,128,79,1378,807,6,3,0.0,0.6666666666666666,2722
Ding Junhui,Graeme Dott,11,1505,1384,0.6957454653911014,0.5750535485557879,728,488,5603,3201,858,500,6569,3514,178,101,1129,647,119,64,819,424,6,3,0.0,0.6666666666666666,2722
Tom Ford,Mark Selby,11,1389,1553,0.24410611373458688,0.3989121211516302,607,348,4328,2311,1089,755,7942,4647,139,72,746,400,222,133,1566,950,6,5,0.0,0.5454545454545454,2722
Luca Brecel,Ryan Day,11,1414,1507,0.34679968616187434,0.4421354272792655,341,197,2364,1275,969,589,6623,3651,144,79,924,524,210,122,1307,721,6,3,0.0,0.6666666666666666,2722
Stuart Bingham,Marco Fu,11,1533,1429,0.6701956406431402,0.5646362918030292,1089,693,7894,4506,877,522,6545,3566,188,112,1226,722,108,59,978,546,6,2,0.0,0.75,2722
Kyren Wilson,Stuart Bingham,11,1525,1533,0.4864675502669957,0.4950001666600003,457,279,3007,1657,1089,693,7894,4506,207,121,1178,652,188,112,1226,722,6,4,0.0,0.6,2722
Akani Songsermsawad,Mohammed Shehab,11,1339,1161,0.7739370957025349,0.6094497836283252,91,47,686,347,66,28,477,229,124,62,618,318,0,0,40,16,6,5,0.0,0.5454545454545454,2722
Ding Junhui,James Wattana,11,1505,1172,0.9181942253467449,0.6968832820410791,728,488,5603,3201,809,435,6799,3548,178,101,1129,647,56,18,397,166,6,2,0.0,0.75,2722
Luca Brecel,Tom Ford,11,1414,1389,0.5422149042901065,0.5156199157230156,341,197,2364,1275,607,348,4328,2311,144,79,924,524,139,72,746,400,6,3,0.0,0.6666666666666666,2722
Kyren Wilson,Akani Songsermsawad,13,1525,1339,0.8025648549800243,0.6141996427768951,457,279,3007,1657,91,47,686,347,207,121,1178,652,124,62,618,318,7,5,0.0,0.5833333333333334,2722
Ding Junhui,Luca Brecel,13,1505,1414,0.6618969663593867,0.5566309599222533,728,488,5603,3201,341,197,2364,1275,178,101,1129,647,144,79,924,524,7,6,0.0,0.5384615384615384,2722
Kyren Wilson,Ding Junhui,15,1525,1505,0.5392107649915198,0.5124973964842103,457,279,3007,1657,728,488,5603,3201,207,121,1178,652,178,101,1129,647,8,4,0.0,0.6666666666666666,2722
Nutcharat Wongharuthai,Enes Bakirci,7,984,1000,0.4781366606027012,0.4900013331200346,3,0,18,3,0,0,0,0,18,3,18,3,0,0,0,0,4,0,0.0,1.0,2691
Daniel Womersley,Tomasz Skalski,7,1023,1056,0.45498494612477275,0.47938669028555136,23,8,130,55,50,22,275,129,0,0,130,55,0,0,13,5,4,3,0.0,0.5714285714285714,2691
Michael Wild,Davut Dikme,7,1120,1000,0.6592810606298003,0.574442516811659,303,157,1863,978,0,0,0,0,0,0,205,77,0,0,0,0,4,1,0.0,0.8,2691
Patrick Whelan,Andreas Hartung,7,959,952,0.5095693356278297,0.5043748883497735,13,3,67,25,14,6,67,27,0,0,48,18,0,0,23,12,4,0,0.0,1.0,2691
Ka Wai Cheung,Umar Ali Shaikh,7,983,958,0.534135239137421,0.5156199157230156,3,0,24,6,3,0,13,1,0,0,24,6,0,0,4,0,4,0,0.0,1.0,2691
Kevin van Hove,Daniel Schneider,7,1075,940,0.6778138346852377,0.5835831155172753,96,46,559,263,21,6,109,40,0,0,33,17,0,0,36,15,4,0,0.0,1.0,2691
Luke Simmonds,Luca Kaufmann,7,1177,1015,0.7099919234270913,0.5998883688639983,119,63,807,413,14,8,70,38,27,9,90,38,0,0,26,15,4,0,0.0,1.0,2691
Soner Sari,Georg Schoder,7,990,1000,0.4863309727288301,0.49375032550048964,15,6,80,37,0,0,0,0,0,0,23,12,0,0,0,0,4,0,0.0,1.0,2691
Matthew Roberts,Bernd Strnad,7,967,950,0.5232282019769063,0.5106234010049637,4,1,20,5,6,1,27,6,0,0,20,5,0,0,4,0,4,1,0.0,0.8,2691
Luke Pinches,Luis Chacon,7,988,986,0.5027343522137269,0.5012499973958399,3,1,18,7,1,0,4,0,0,0,18,7,0,0,4,0,4,0,0.0,1.0,2691
Andrew Pagett,Paweł Rogoza,7,1128,981,0.692311529960642,0.5908547524545943,247,110,1638,783,2,0,11,3,0,0,33,12,0,0,0,0,4,0,0.0,1.0,2691
Ng On Yee,Paul Thompson,7,981,1000,0.47404295972292854,0.4881272322437472,15,7,98,42,0,0,0,0,0,0,86,38,0,0,0,0,4,0,0.0,1.0,2691
Jamie O'Neill,Julian Maschmeier,7,1184,972,0.7650010839038448,0.6294831119673949,281,146,1778,921,2,0,9,1,0,0,67,38,0,0,4,0,4,0,0.0,1.0,2691
Florian Nüßle,Jamie Barrett,7,1014,994,0.5273209820427867,0.5124973964842103,2,1,10,6,77,29,439,179,0,0,10,6,0,0,234,76,4,0,0.0,1.0,2691
Marcin Nitschke,Christian Oehmicke,7,1018,1000,0.5245927745980452,0.5112481019468548,15,6,75,36,0,0,0,0,0,0,20,12,0,0,0,0,4,0,0.0,1.0,2691
Fabian Monnin,Pedro Chacon,7,992,957,0.5477297445502348,0.5218610539716015,2,1,11,4,3,0,13,1,0,0,11,4,0,0,4,0,4,0,0.0,1.0,2691
Ben Mertens,Marvin Losi,7,981,988,0.4904306643721704,0.4956251116502266,2,0,10,2,4,1,23,10,0,0,6,2,0,0,7,3,4,1,0.0,0.8,2691
Sean Maddocks,Jörg Petersen,7,1000,931,0.5934092174000843,0.5430183807243099,0,0,0,0,9,2,41,11,0,0,0,0,0,0,10,2,4,1,0.0,0.8,2691
Antoni Kowalski,Johny Moermans,7,980,996,0.4781366606027012,0.4900013331200346,6,2,27,10,6,3,31,14,0,0,19,10,0,0,12,5,4,2,0.0,0.6666666666666666,2691
Jürgen Kesseler,Tan Wang Chooi,7,956,995,0.44684812561516707,0.47564429123179275,7,1,34,9,22,10,116,54,0,0,5,1,0,0,5,1,4,3,0.0,0.5714285714285714,2691
Gert Kempenaers,Norbert Hofheinz,7,992,938,0.573382262278332,0.5336988354329009,1,0,6,2,11,4,55,19,0,0,6,2,0,0,15,4,4,1,0.0,0.8,2691
Ben Jones,Ján Chren,7,1109,1000,0.6454220086166967,0.5677065480733601,88,45,456,230,0,0,0,0,0,0,117,63,0,0,0,0,4,0,0.0,1.0,2691
Sergey Isaenko,Stephane Ochoiski,7,983,955,0.5382188233953898,0.5174928576663897,4,1,23,8,17,5,86,31,0,0,0,0,0,0,6,2,4,1,0.0,0.8,2691
Daniel Holoyda,Fabian Haken,7,987,1000,0.48223281808358937,0.4918757150937391,5,2,28,11,4,2,18,9,0,0,24,11,0,0,18,9,4,2,0.0,0.6666666666666666,2691
Jurian Heusdens,Zsolt Fenyvesi,7,1013,1000,0.5177671819164105,0.5081242849062608,40,19,207,102,0,0,0,0,0,0,22,9,0,0,0,0,4,1,0.0,0.8,2691
Markus Hertle,Ralf Günzel,7,979,876,0.6377737431786725,0.5640216374262577,2,0,11,3,9,0,36,0,0,0,0,0,0,0,8,0,4,1,0.0,0.8,2691
David Grace,John Nicholson,7,1267,1000,0.8177973252726516,0.6609431415591629,312,142,2071,996,0,0,0,0,0,0,425,205,0,0,0,0,4,0,0.0,1.0,2691
Matthew Glasby,Louis Wakelin,7,947,1007,0.4185795134993229,0.46257015465625045,40,15,213,91,3,2,15,8,0,0,74,35,0,0,15,8,4,2,0.0,0.6666666666666666,2691
Yun Fung Tam,Abid Manzoor,7,1000,1000,0.5,0.5,0,0,0,0,0,0,0,0,0,0,0,0,0,0,0,0,4,0,0.0,1.0,2691
Dylan Emery,Tom Zimmermann,7,1000,970,0.5409388610739393,0.5187412158785352,0,0,0,0,3,0,16,4,0,0,0,0,0,0,12,4,4,0,0.0,1.0,2691
Patrick Einsle,Michael Heeger,7,1120,989,0.6729150209582897,0.5811509642893937,127,54,735,332,8,3,35,14,0,0,30,19,0,0,0,0,4,0,0.0,1.0,2691
Ryan Davies,Shahidul Islam,7,1000,983,0.5232282019769063,0.5106234010049637,0,0,0,0,1,0,4,0,0,0,0,0,0,0,4,0,4,0,0.0,1.0,2691
Curtis Daher,Nicolai Gebhardt,7,992,984,0.510936041856229,0.5049998333399998,1,0,5,1,1,0,4,0,0,0,5,1,0,0,4,0,4,1,0.0,0.8,2691
Philip Ciantar,Karam Fatima,7,1000,1000,0.5,0.5,0,0,0,0,0,0,0,0,0,0,0,0,0,0,0,0,4,2,0.0,0.6666666666666666,2691
James Cahill,Conor Caniff,7,1189,1000,0.7404818133197837,0.6159753019181258,148,51,954,406,0,0,0,0,51,24,288,128,0,0,0,0,4,1,0.0,0.8,2691
Aaron Busuttil,Dale Prime,7,1001,1000,0.5013671846516985,0.5006249996744794,10,5,50,23,0,0,0,0,0,0,9,1,0,0,0,0,4,1,0.0,0.8,2691
Jack Bradford,Michael Spooner,7,903,939,0.45091379157772826,0.4775151752081999,39,10,207,75,5,0,23,3,0,0,31,12,0,0,0,0,4,0,0.0,1.0,2691
Callum Beresford,Robin Otto,7,1000,987,0.5177671819164105,0.5081242849062608,0,0,0,0,24,11,125,58,0,0,0,0,0,0,56,26,4,1,0.0,0.8,2691
Horst Bendig,Boris Lazarkov,7,997,972,0.534135239137421,0.5156199157230156,2,1,9,4,2,0,8,0,0,0,9,4,0,0,8,0,4,1,0.0,0.8,2691
Jamie Barrett,Florian Nüßle,7,994,1014,0.4726790179572131,0.4875026035157896,77,29,439,179,2,1,10,6,0,0,234,76,0,0,10,6,4,0,0.0,1.0,2691
Mateusz Baranowski,Abdullah Atmar Ghulam Jilani,7,1058,971,0.6170981549456108,0.5541616527636486,36,18,197,95,2,0,8,0,0,0,100,43,0,0,8,0,4,0,0.0,1.0,2691
Daniel Williams,David Elahi,7,983,1000,0.476771798023094,0.4893765989950364,1,0,4,0,0,0,0,0,0,0,4,0,0,0,0,0,4,0,0.0,1.0,2691
Michael Wild,Loris Lehmann,7,1120,959,0.7088291167182063,0.5992881635083561,303,157,1863,978,3,0,13,1,0,0,205,77,0,0,8,0,4,0,0.0,1.0,2691
Christopher Watts,Nutcharat Wongharuthai,7,999,984,0.5204982038546295,0.5093739015216607,2,1,8,4,3,0,18,3,0,0,0,0,18,3,18,3,4,1,0.0,0.8,2691
Luis Vetter,Paul Ludden,7,996,968,0.5382188233953898,0.5174928576663897,1,0,7,3,2,0,10,2,0,0,7,3,0,0,0,0,4,0,0.0,1.0,2691
Kevin van Hove,Heikki Niva,7,1075,1028,0.5639634145132848,0.5293412500457856,96,46,559,263,6,3,31,18,0,0,33,17,0,0,31,18,4,3,0.0,0.5714285714285714,2691
Alex Taubman,Daniel Womersley,7,1097,1023,0.6000303895586184,0.5461185410457796,159,71,869,398,23,8,130,55,0,0,125,60,0,0,130,55,4,0,0.0,1.0,2691
Luke Simmonds,Stefan Gerst,7,1177,946,0.7841899555246323,0.6404919537233386,119,63,807,413,11,3,53,18,27,9,90,38,0,0,10,2,4,0,0.0,1.0,2691
Soner Sari,Mario-Zeljo Milosevic,7,990,987,0.5041014855971089,0.5018749912109869,15,6,80,37,1,0,4,0,0,0,23,12,0,0,4,0,4,1,0.0,0.8,2691
Itaro Santos,Hussam Al-Saffar,7,852,981,0.32954639777958084,0.4200665998114943,86,22,486,172,3,1,13,4,0,0,81,10,0,0,13,4,4,1,0.0,0.8,2691
Sompol Saetang,Horst Bendig,7,1000,997,0.5041014855971089,0.5018749912109869,0,0,0,0,2,1,9,4,0,0,0,0,0,0,9,4,4,0,0.0,1.0,2691
George Pragnall,Jamie O'Neill,7,1125,1184,0.41991680863949354,0.46319171001101955,45,23,260,129,281,146,1778,921,0,0,117,64,0,0,67,38,4,3,0.0,0.5714285714285714,2691
Andreas Ploner,Achim Belzl,7,1059,1000,0.5800831913605062,0.5368082899889803,55,24,297,139,0,0,0,0,0,0,87,43,0,0,0,0,4,0,0.0,1.0,2691
Luke Pinches,Kevin Vandevoort,7,988,994,0.4917974901893887,0.496250070310918,3,1,18,7,10,4,49,23,0,0,18,7,0,0,18,12,4,3,0.0,0.5714285714285714,2691
Barry Pinches,Matthew Glasby,7,1252,947,0.8492880506369576,0.6818962645895934,730,377,5677,2949,40,15,213,91,0,0,159,92,0,0,74,35,4,3,0.0,0.5714285714285714,2691
Andrew Pagett,James Budd,7,1128,993,0.6778138346852377,0.5835831155172753,247,110,1638,783,1,0,7,3,0,0,33,12,0,0,7,3,4,0,0.0,1.0,2691
Jackson Page,Thomas Cesal,7,1089,959,0.6716853028295744,0.5805423048206596,24,11,154,70,4,0,19,3,0,0,154,70,0,0,0,0,4,0,0.0,1.0,2691
Ng On Yee,Paul Schopf,7,981,993,0.4835986704357121,0.4925005624493796,15,7,98,42,4,1,23,10,0,0,86,38,0,0,0,0,4,2,0.0,0.6666666666666666,2691
Florian Nüßle,Richard Wienold,7,1014,976,0.5517972899579606,0.523732154126561,2,1,10,6,3,1,15,4,0,0,10,6,0,0,11,4,4,0,0.0,1.0,2691
Marcin Nitschke,Ismail Türker,7,1018,985,0.5450150538752272,0.5206133097144486,15,6,75,36,6,2,30,13,0,0,20,12,0,0,11,6,4,0,0.0,1.0,2691
Jake Nicholson,Ka Wai Cheung,7,1002,983,0.5259570402770714,0.5118727677562528,86,28,456,187,3,0,24,6,0,0,84,40,0,0,24,6,4,0,0.0,1.0,2691
Fabian Monnin,Bhavesh Sodha,7,992,880,0.6492231123314619,0.569546223939229,2,1,11,4,11,1,46,6,0,0,11,4,0,0,26,2,4,0,0.0,1.0,2691
Ben Mertens,Jan Matejícek,7,981,1000,0.47404295972292854,0.4881272322437472,2,0,10,2,0,0,0,0,0,0,6,2,0,0,0,0,4,0,0.0,1.0,2691
Jürgen Kesseler,Dietmar Smolka,7,956,988,0.4563431395453441,0.48001065984441826,7,1,34,9,1,0,4,0,0,0,5,1,0,0,4,0,4,0,0.0,1.0,2691
Ben Jones,Markus Fischer,7,1109,923,0.7371828058525272,0.6141996427768951,88,45,456,230,6,0,27,3,0,0,117,63,0,0,10,2,4,0,0.0,1.0,2691
Sergey Isaenko,Carl Rosenberger,7,983,934,0.5666587144886649,0.530586760182081,4,1,23,8,7,1,35,8,0,0,0,0,0,0,11,3,4,0,0.0,1.0,2691
Daniel Holoyda,Tanja Ender,7,987,984,0.5041014855971089,0.5018749912109869,5,2,28,11,1,0,4,0,0,0,24,11,0,0,0,0,4,0,0.0,1.0,2691
Jurian Heusdens,Billy Ginn,7,1013,996,0.5232282019769063,0.5106234010049637,40,19,207,102,2,1,9,4,0,0,22,9,0,0,9,4,4,2,0.0,0.6666666666666666,2691
Markus Hertle,Thomas Blang,7,979,961,0.5245927745980452,0.5112481019468548,2,0,11,3,4,1,18,4,0,0,0,0,0,0,4,0,4,0,0.0,1.0,2691
David Grace,Rolf Mahr,7,1267,928,0.8740190283398156,0.7000424476024744,312,142,2071,996,5,0,21,1,0,0,425,205,0,0,9,1,4,0,0.0,1.0,2691
Yun Fung Tam,Tom Egger,7,1000,1000,0.5,0.5,0,0,0,0,0,0,0,0,0,0,0,0,0,0,0,0,4,0,0.0,1.0,2691
Felix Frede,Patrick Whelan,7,958,959,0.4986328153483015,0.4993750003255206,27,10,137,57,13,3,67,25,0,0,55,20,0,0,48,18,4,3,0.0,0.5714285714285714,2691
Dylan Emery,Tony Corrigan,7,1000,991,0.5123026114255715,0.5056247627073255,0,0,0,0,9,3,48,21,0,0,0,0,0,0,23,8,4,1,0.0,0.8,2691
Patrick Einsle,Jenson Kendrick,7,1120,995,0.6655072126279344,0.5774953651858118,127,54,735,332,4,1,23,10,0,0,30,19,0,0,23,10,4,1,0.0,0.8,2691
Reggie Edwards,Mateusz Baranowski,7,999,1058,0.41991680863949354,0.46319171001101955,4,2,19,9,36,18,197,95,0,0,19,9,0,0,100,43,4,3,0.0,0.5714285714285714,2691
Umut Dikme,Gert Kempenaers,7,1039,992,0.5639634145132848,0.5293412500457856,4,3,18,13,1,0,6,2,0,0,18,13,0,0,6,2,4,0,0.0,1.0,2691
Ryan Davies,Peter Devlin,7,1000,954,0.5626145694127913,0.5287183569514396,0,0,0,0,25,9,125,50,0,0,0,0,0,0,48,21,4,3,0.0,0.5714285714285714,2691
Curtis Daher,Ebrahim Baghi,7,992,1000,0.48906395814377107,0.4950001666600003,1,0,5,1,2,1,9,4,0,0,5,1,0,0,0,0,4,2,0.0,0.6666666666666666,2691
Regis D'Anna,Ron Kantor,7,953,983,0.4590611389260606,0.4812587841214648,3,0,12,0,1,0,4,0,0,0,8,0,0,0,4,0,4,0,0.0,1.0,2691
Brian Cini,Antoni Kowalski,7,1095,980,0.6530083881296338,0.5713839816769324,42,21,219,117,6,2,27,10,0,0,64,35,0,0,19,10,4,2,0.0,0.6666666666666666,2691
James Cahill,Charlie Walters,7,1189,1097,0.6236008848905433,0.5572478545985555,148,51,954,406,97,40,532,247,51,24,288,128,0,0,119,63,4,2,0.0,0.6666666666666666,2691
Aaron Busuttil,Brian Ochoiski,7,1001,990,0.5150352723345792,0.5068745667645342,10,5,50,23,2,1,11,4,0,0,9,1,0,0,11,4,4,3,0.0,0.5714285714285714,2691
Wayne Brown,Matthew Roberts,7,1093,967,0.6667467241528153,0.5781052328843092,290,161,2227,1150,4,1,20,5,0,0,76,34,0,0,20,5,4,1,0.0,0.8,2691
Oliver Brown,Callum Beresford,7,1207,1000,0.7597891374076362,0.6265629971237182,176,80,964,461,0,0,0,0,0,0,155,83,0,0,0,0,4,2,0.0,0.6666666666666666,2691
Jack Bradford,Bartosz Utkowski,7,903,1000,0.3699335043548132,0.4396703573114467,39,10,207,75,0,0,0,0,0,0,31,12,0,0,0,0,4,0,0.0,1.0,2691
Iulian Boiko,Brandon Sargeant,7,1000,1096,0.3712235715309693,0.44028635073280703,0,0,0,0,70,29,403,192,0,0,0,0,0,0,194,94,4,2,0.0,0.6666666666666666,2691
Duncan Bezzina,Sean Maddocks,7,996,1000,0.4945314322857424,0.49750002083312506,1,0,6,1,0,0,0,0,0,0,0,0,0,0,0,0,4,2,0.0,0.6666666666666666,2691
Chen Zifan,Duncan Bezzina,7,1190,996,0.7459292301495708,0.6189278548001903,71,34,419,195,1,0,6,1,50,14,253,118,0,0,0,0,4,0,0.0,1.0,2691
Niu Zhuang,James Cahill,7,1076,1189,0.3495133530299832,0.42984097461816473,51,16,309,117,148,51,954,406,50,16,170,59,51,24,288,128,4,1,0.0,0.8,2691
Zhang Yong,Elliot Slessor,7,1180,1301,0.3394699373735689,0.424946451444212,101,40,624,263,167,74,1026,481,65,25,429,179,75,36,438,209,4,3,0.0,0.5714285714285714,2691
Ben Woollaston,Alex Taubman,7,1347,1097,0.8023816778034777,0.6513548646660542,588,335,3814,2033,159,71,869,398,83,38,830,433,0,0,125,60,4,2,0.0,0.6666666666666666,2691
Gary Wilson,John Astley,7,1324,1266,0.578744911388209,0.5361866202317948,404,233,2633,1422,199,93,1251,587,108,52,599,310,60,21,481,235,4,2,0.0,0.6666666666666666,2691
Kyren Wilson,Chen Feilong,7,1559,1110,0.9334790107069658,0.7544521462725048,464,286,3071,1699,37,14,221,96,271,163,1242,694,64,23,80,31,4,2,0.0,0.6666666666666666,2691
Michael White,Thor Chuan Leong,7,1296,1169,0.6679843009449487,0.578714862460134,486,276,3260,1722,86,24,571,230,82,34,858,434,61,26,373,152,4,2,0.0,0.6666666666666666,2691
Daniel Wells,Jürgen Kesseler,7,1347,956,0.9058240055138194,0.726611880149394,358,177,2400,1188,7,1,34,9,118,62,550,269,0,0,5,1,4,0,0.0,1.0,2691
Lee Walker,Regis D'Anna,7,1284,953,0.8684878923525275,0.6958260586292875,463,250,3575,1833,3,0,12,0,75,34,491,227,0,0,8,0,4,0,0.0,1.0,2691
Chris Wakelin,Luke Simmonds,7,1314,1177,0.6802510445614828,0.584797674717737,181,91,1215,611,119,63,807,413,86,44,549,272,27,9,90,38,4,1,0.0,0.8,2691
Alexander Ursenbacher,Barry Pinches,7,1263,1252,0.5150352723345792,0.5068745667645342,110,48,684,316,730,377,5677,2949,62,27,291,143,0,0,159,92,4,0,0.0,1.0,2691
Thepchaiya Un-Nooh,Christopher Watts,7,1340,999,0.8753745152338872,0.7010913114266953,325,185,2330,1230,2,1,8,4,118,59,715,364,0,0,0,0,4,0,0.0,1.0,2691
Allan Taylor,Rory McLeod,7,1249,1259,0.4863309727288301,0.49375032550048964,299,140,1793,873,573,309,4277,2207,70,29,451,195,71,30,598,282,4,0,0.0,1.0,2691
Joe Swail,Paul Davison,7,1225,1201,0.5327731710226205,0.51499550161941,846,451,6575,3408,674,350,4698,2376,79,36,505,241,57,19,420,176,4,1,0.0,0.8,2691
Craig Steadman,Oliver Lines,7,1278,1203,0.6013510291923431,0.5467381519846138,435,232,2871,1495,193,94,1231,611,82,41,469,219,61,23,464,206,4,1,0.0,0.8,2691
Eden Sharav,Daniel Holoyda,7,1319,987,0.8691888759761051,0.6963549298238342,151,74,939,449,5,2,28,11,128,66,455,204,0,0,24,11,4,1,0.0,0.8,2691
Matthew Selt,Luis Vetter,7,1364,996,0.8926243040427981,0.7150421057009898,559,303,3798,1987,1,0,7,3,80,40,683,352,0,0,7,3,4,3,0.0,0.5714285714285714,2691
Noppon Saengkham,Robbie Williams,7,1344,1287,0.5774056625100122,0.5355648379838539,222,103,1603,767,360,193,2339,1193,134,74,682,348,67,29,544,267,4,2,0.0,0.6666666666666666,2691
Andreas Ploner,Basem Eltahhan,7,1059,983,0.6026704349193375,0.5473576181430894,55,24,297,139,14,2,87,23,0,0,87,43,29,6,87,23,4,2,0.0,0.6666666666666666,2691
Andrew Pagett,Ashley Hugill,7,1128,1177,0.433341285511335,0.469413239817919,247,110,1638,783,111,52,622,294,0,0,33,12,53,18,390,179,4,1,0.0,0.8,2691
Jackson Page,Zhou Yuelong,7,1089,1399,0.14687290601561193,0.31539849967656924,24,11,154,70,194,111,1331,709,0,0,154,70,188,102,764,413,4,0,0.0,1.0,2691
Joe O'Connor,Sompol Saetang,7,1115,1000,0.6530083881296338,0.5713839816769324,96,43,585,273,0,0,0,0,64,26,188,83,0,0,0,0,4,0,0.0,1.0,2691
Fergal O'Brien,Shaun Murphy,7,1339,1469,0.32831469717042555,0.41945769517934034,879,499,6609,3477,1045,685,7597,4337,75,35,636,314,148,82,1157,659,4,2,0.0,0.6666666666666666,2691
Lu Ning,Daniel Williams,7,1222,983,0.7919725105475417,0.645084137572727,87,33,604,269,1,0,4,0,112,54,177,84,0,0,4,0,4,1,0.0,0.8,2691
Jake Nicholson,Ashley Carty,7,1002,1249,0.20042350026365735,0.3503502507095912,86,28,456,187,130,67,760,390,0,0,84,40,62,24,182,92,4,3,0.0,0.5714285714285714,2691
Ross Muir,Patrick Einsle,7,1281,1120,0.7088291167182063,0.5992881635083561,161,62,1067,479,127,54,735,332,82,39,461,212,0,0,30,19,4,1,0.0,0.8,2691
Robert Milkins,Sanderson Lam,7,1360,1144,0.7691223962231968,0.6318124177361016,849,508,6152,3341,149,59,905,399,102,57,809,422,54,15,386,157,4,2,0.0,0.6666666666666666,2691
Hammad Miah,Jurian Heusdens,7,1167,1013,0.7006252854909363,0.595078473866134,139,50,921,398,40,19,207,102,55,20,420,180,0,0,22,9,4,1,0.0,0.8,2691
Ben Mertens,Adam Stefanow,7,981,1117,0.32096653442831036,0.4158094770645927,2,0,10,2,70,29,396,182,0,0,6,2,52,18,280,129,4,1,0.0,0.8,2691
Kurt Maflin,David Grace,7,1356,1267,0.6197035864994962,0.5553966483205892,528,302,3543,1908,312,142,2071,996,73,36,637,340,0,0,425,205,4,2,0.0,0.6666666666666666,2691
Jack Lisowski,Dylan Emery,7,1456,1000,0.9363136148840127,0.7576796390037048,425,256,2794,1520,0,0,0,0,192,111,768,423,0,0,0,0,4,0,0.0,1.0,2691
Peter Lines,Yun Fung Tam,7,1289,1000,0.8365285845595485,0.6731572963701318,775,415,5617,2906,0,0,0,0,72,32,525,260,0,0,0,0,4,1,0.0,0.8,2691
Simon Lichtenberg,Wayne Brown,7,1002,1093,0.3776967488123118,0.44336904007774663,27,9,143,62,290,161,2227,1150,39,6,100,41,0,0,76,34,4,3,0.0,0.5714285714285714,2691
Rod Lawler,Florian Nüßle,7,1197,1014,0.7338611162888773,0.6124209393479161,809,432,6151,3170,2,1,10,6,50,16,455,197,0,0,10,6,4,0,0.0,1.0,2691
Lukas Kleckers,Ng On Yee,7,1126,981,0.6899164671577602,0.5896454785627312,68,26,410,179,15,7,98,42,47,13,258,108,0,0,86,38,4,1,0.0,0.8,2691
Mark King,Martin O'Donnell,7,1443,1386,0.5774056625100122,0.5355648379838539,948,536,6953,3674,321,160,2035,1033,185,107,931,522,168,96,639,337,4,3,0.0,0.5714285714285714,2691
Mark Joyce,Michael Wild,7,1319,1120,0.7513122476997512,0.6218716423074662,464,246,3343,1706,303,157,1863,978,73,32,640,328,0,0,205,77,4,3,0.0,0.5714285714285714,2691
Jamie Jones,Nigel Bond,7,1360,1248,0.6492231123314619,0.569546223939229,492,293,3259,1766,863,470,6795,3555,30,15,537,281,77,33,444,196,4,0,0.0,1.0,2691
Zhang Jiankang,Felix Frede,7,1035,958,0.6039885915613215,0.5479769376367963,16,5,95,35,27,10,137,57,61,23,95,35,0,0,55,20,4,3,0.0,0.5714285714285714,2691
Kishan Hirani,Jamie Clarke,7,1098,1198,0.36607269253409314,0.43782349911420193,140,65,759,359,155,78,913,470,50,14,176,82,46,13,245,118,4,3,0.0,0.5714285714285714,2691
Liam Highfield,Sergey Isaenko,7,1369,983,0.9030680094960937,0.7241217707708186,346,184,2360,1241,4,1,23,8,86,43,534,275,0,0,0,0,4,0,0.0,1.0,2691
Andrew Higginson,Fabian Monnin,7,1345,992,0.8832805083358919,0.707340014518073,714,423,5030,2753,2,1,11,4,91,46,605,318,0,0,11,4,4,1,0.0,0.8,2691
Gerard Greene,Soner Sari,7,1272,990,0.8307179588376647,0.669295402777446,704,377,5232,2726,15,6,80,37,64,30,369,173,0,0,23,12,4,0,0.0,1.0,2691
Michael Georgiou,Umut Dikme,7,1219,1039,0.7305169455924372,0.610639233949222,217,98,1323,637,4,3,18,13,73,29,488,232,0,0,18,13,4,2,0.0,0.6666666666666666,2691
Tom Ford,Luke Pinches,7,1408,988,0.9206146360344621,0.740774899182154,612,351,4372,2334,3,1,18,7,183,95,790,423,0,0,18,7,4,0,0.0,1.0,2691
Reggie Edwards,Andy Lee,7,999,1053,0.4266177377216683,0.4663011645670992,4,2,19,9,109,49,652,307,0,0,19,9,43,10,59,19,4,3,0.0,0.5714285714285714,2691
Peter Ebdon,Ben Jones,7,1356,1109,0.7995764997363425,0.6496497492904088,1076,615,8444,4530,88,45,456,230,103,57,633,329,0,0,117,63,4,0,0.0,1.0,2691
Scott Donaldson,Sam Craigie,7,1349,1321,0.5382188233953898,0.5174928576663897,228,111,1523,747,159,78,966,493,101,53,533,264,73,37,398,188,4,2,0.0,0.6666666666666666,2691
Mark Davis,Markus Hertle,7,1491,979,0.9555754864224,0.7824497764231124,1101,665,7729,4231,2,0,11,3,148,83,984,548,0,0,0,0,4,0,0.0,1.0,2691
Ryan Davies,Kilian Baur-Pantoulier,7,1000,978,0.5300478260158454,0.513746534902355,0,0,0,0,7,1,41,17,0,0,0,0,0,0,12,4,4,0,0.0,1.0,2691
Dominic Dale,Itaro Santos,7,1313,852,0.9382767050137978,0.7599672558590728,918,523,6549,3487,86,22,486,172,72,32,737,384,0,0,81,10,4,0,0.0,1.0,2691
Brian Cini,Sean O'Sullivan,7,1095,1153,0.42125508861179106,0.4638133797682053,42,21,219,117,205,83,1289,587,0,0,64,35,52,18,391,158,4,0,0.0,1.0,2691
Billy Joe Castle,Iulian Boiko,7,1167,1000,0.7157709624772323,0.6028848673274662,50,24,300,145,0,0,0,0,73,34,216,98,0,0,0,0,4,1,0.0,0.8,2691
Aaron Busuttil,Stefan Joachim,7,1001,990,0.5150352723345792,0.5068745667645342,10,5,50,23,5,2,25,10,0,0,9,1,0,0,17,6,4,0,0.0,1.0,2691
Ian Burns,Oliver Brown,7,1312,1207,0.6403298636636867,0.5652507475670999,331,170,2104,1066,176,80,964,461,106,53,513,241,0,0,155,83,4,0,0.0,1.0,2691
Alfie Burden,Marcin Nitschke,7,1328,1018,0.853127093984388,0.6846015003234307,672,361,4855,2492,15,6,75,36,102,51,546,262,0,0,20,12,4,3,0.0,0.5714285714285714,2691
Jordan Brown,Philip Ciantar,7,1157,1000,0.7041548710511403,0.596884378259767,101,50,654,321,0,0,0,0,74,31,160,67,0,0,0,0,4,1,0.0,0.8,2691
Luca Brecel,Curtis Daher,7,1447,992,0.9359148755824045,0.75722034035404,347,201,2417,1307,1,0,5,1,197,111,977,556,0,0,5,1,4,0,0.0,1.0,2691
Sam Baird,Kevin van Hove,7,1297,1075,0.7752232149046754,0.6352948493228071,338,175,2339,1197,96,46,559,263,100,48,603,298,0,0,33,17,4,2,0.0,0.6666666666666666,2691
Zhang Anda,George Pragnall,7,1352,1125,0.7802322205466414,0.6381861133090055,311,155,2168,1084,45,23,260,129,112,59,573,293,0,0,117,64,4,3,0.0,0.5714285714285714,2691
Zhang Yong,Michael Georgiou,7,1180,1219,0.44684812561516707,0.47564429123179275,101,40,624,263,217,98,1323,637,65,25,429,179,73,29,488,232,4,3,0.0,0.5714285714285714,2691
Kyren Wilson,Jake Nicholson,7,1559,1002,0.9672211462349466,0.8009910540033891,464,286,3071,1699,86,28,456,187,271,163,1242,694,0,0,84,40,4,0,0.0,1.0,2691
Michael White,Allan Taylor,7,1296,1249,0.5639634145132848,0.5293412500457856,486,276,3260,1722,299,140,1793,873,82,34,858,434,70,29,451,195,4,2,0.0,0.6666666666666666,2691
Daniel Wells,Robert Milkins,7,1347,1360,0.48223281808358937,0.4918757150937391,358,177,2400,1188,849,508,6152,3341,118,62,550,269,102,57,809,422,4,3,0.0,0.5714285714285714,2691
Lee Walker,Jamie Jones,7,1284,1360,0.3973295650806627,0.45264238185691075,463,250,3575,1833,492,293,3259,1766,75,34,491,227,30,15,537,281,4,2,0.0,0.6666666666666666,2691
Chris Wakelin,Aaron Busuttil,7,1314,1001,0.855396798107813,0.6862186708976811,181,91,1215,611,10,5,50,23,86,44,549,272,0,0,9,1,4,2,0.0,0.6666666666666666,2691
Thepchaiya Un-Nooh,Ben Woollaston,7,1340,1347,0.4904306643721704,0.4956251116502266,325,185,2330,1230,588,335,3814,2033,118,59,715,364,83,38,830,433,4,1,0.0,0.8,2691
Craig Steadman,Kishan Hirani,7,1278,1098,0.7305169455924372,0.610639233949222,435,232,2871,1495,140,65,759,359,82,41,469,219,50,14,176,82,4,0,0.0,1.0,2691
Noppon Saengkham,Fergal O'Brien,7,1344,1339,0.5068355814796678,0.5031249593105316,222,103,1603,767,879,499,6609,3477,134,74,682,348,75,35,636,314,4,1,0.0,0.8,2691
Jimmy Robertson,Joe Swail,7,1362,1225,0.6802510445614828,0.584797674717737,479,264,3251,1694,846,451,6575,3408,171,91,742,399,79,36,505,241,4,1,0.0,0.8,2691
Jackson Page,Ian Burns,7,1089,1312,0.22376950863341183,0.3641261085729462,24,11,154,70,331,170,2104,1066,0,0,154,70,106,53,513,241,4,1,0.0,0.8,2691
Joe O'Connor,Matthew Selt,7,1115,1364,0.19855056662581022,0.34921307920316513,96,43,585,273,559,303,3798,1987,64,26,188,83,80,40,683,352,4,3,0.0,0.5714285714285714,2691
Lu Ning,Eden Sharav,7,1222,1319,0.3699335043548132,0.4396703573114467,87,33,604,269,151,74,939,449,112,54,177,84,128,66,455,204,4,0,0.0,1.0,2691
Hammad Miah,Gerard Greene,7,1167,1272,0.3596701363363135,0.43474925243290014,139,50,921,398,704,377,5232,2726,55,20,420,180,64,30,369,173,4,2,0.0,0.6666666666666666,2691
Jack Lisowski,Zhang Jiankang,7,1456,1035,0.9210893973650893,0.7412546787548828,425,256,2794,1520,16,5,95,35,192,111,768,423,61,23,95,35,4,0,0.0,1.0,2691
Peter Lines,Kurt Maflin,7,1289,1356,0.4092473522241249,0.4582226307163632,775,415,5617,2906,528,302,3543,1908,72,32,525,260,73,36,637,340,4,1,0.0,0.8,2691
Rod Lawler,Lukas Kleckers,7,1197,1126,0.5960612197256479,0.5442588584178731,809,432,6151,3170,68,26,410,179,50,16,455,197,47,13,258,108,4,3,0.0,0.5714285714285714,2691
Mark King,Jack Bradford,7,1443,903,0.9631776445107532,0.7941296281990528,948,536,6953,3674,39,10,207,75,185,107,931,522,0,0,31,12,4,2,0.0,0.6666666666666666,2691
Mark Joyce,Brian Cini,7,1319,1095,0.7772350342961843,0.6364525402815664,464,246,3343,1706,42,21,219,117,73,32,640,328,0,0,64,35,4,2,0.0,0.6666666666666666,2691
Liam Highfield,Ryan Davies,7,1369,1000,0.8932262852912048,0.7155512239631054,346,184,2360,1241,0,0,0,0,86,43,534,275,0,0,0,0,4,1,0.0,0.8,2691
Andrew Higginson,Ben Mertens,7,1345,981,0.8901903833125965,0.7130001627522816,714,423,5030,2753,2,0,10,2,91,46,605,318,0,0,6,2,4,0,0.0,1.0,2691
Tom Ford,Ross Muir,7,1408,1281,0.6679843009449487,0.578714862460134,612,351,4372,2334,161,62,1067,479,183,95,790,423,82,39,461,212,4,2,0.0,0.6666666666666666,2691
Peter Ebdon,Andreas Ploner,7,1356,1059,0.8429989187038389,0.6775422953274692,1076,615,8444,4530,55,24,297,139,103,57,633,329,0,0,87,43,4,0,0.0,1.0,2691
Scott Donaldson,Niu Zhuang,7,1349,1076,0.8230423767770356,0.6642964428999887,228,111,1523,747,51,16,309,117,101,53,533,264,50,16,170,59,4,3,0.0,0.5714285714285714,2691
Mark Davis,Andrew Pagett,7,1491,1128,0.8895753795158947,0.7124883131320702,1101,665,7729,4231,247,110,1638,783,148,83,984,548,0,0,33,12,4,2,0.0,0.6666666666666666,2691
Harvey Chandler,Alexander Ursenbacher,7,1021,1263,0.20515498938795906,0.35320060744201437,19,6,111,43,110,48,684,316,47,14,91,37,62,27,291,143,4,1,0.0,0.8,2691
Billy Joe Castle,Xiao Guodong,7,1167,1400,0.21384775010020607,0.3583575467984366,50,24,300,145,433,254,2899,1602,73,34,216,98,109,57,672,373,4,3,0.0,0.5714285714285714,2691
Alfie Burden,Simon Lichtenberg,7,1328,1002,0.8649416467776995,0.6931739493259501,672,361,4855,2492,27,9,143,62,102,51,546,262,39,6,100,41,4,1,0.0,0.8,2691
Jordan Brown,Gary Wilson,7,1157,1324,0.28422903752276774,0.39711513267253384,101,50,654,321,404,233,2633,1422,74,31,160,67,108,52,599,310,4,0,0.0,1.0,2691
Luca Brecel,Chen Zifan,7,1447,1190,0.8088283859322067,0.655318370173895,347,201,2417,1307,71,34,419,195,197,111,977,556,50,14,253,118,4,1,0.0,0.8,2691
Sam Baird,Reggie Edwards,7,1297,999,0.843794955427504,0.6780882495516275,338,175,2339,1197,4,2,19,9,100,48,603,298,0,0,19,9,4,0,0.0,1.0,2691
Zhang Anda,Dominic Dale,7,1352,1313,0.5531518743848329,0.5243557087682073,311,155,2168,1084,918,523,6549,3487,112,59,573,293,72,32,737,384,4,2,0.0,0.6666666666666666,2691
Kyren Wilson,Liam Highfield,7,1559,1369,0.7415764082537253,0.6165665045213193,464,286,3071,1699,346,184,2360,1241,271,163,1242,694,86,43,534,275,4,0,0.0,1.0,2691
Daniel Wells,Joe O'Connor,7,1347,1115,0.7851724867885262,0.6410674063348171,358,177,2400,1188,96,43,585,273,118,62,550,269,64,26,188,83,4,3,0.0,0.5714285714285714,2691
Lee Walker,Craig Steadman,7,1284,1278,0.5082025098106111,0.5037499296890819,463,250,3575,1833,435,232,2871,1495,75,34,491,227,82,41,469,219,4,3,0.0,0.5714285714285714,2691
Chris Wakelin,Luca Brecel,7,1314,1447,0.3246315371699399,0.41763245927192055,181,91,1215,611,347,201,2417,1307,86,44,549,272,197,111,977,556,4,2,0.0,0.6666666666666666,2691
Thepchaiya Un-Nooh,Zhang Yong,7,1340,1180,0.7076639986592218,0.598687660112452,325,185,2330,1230,101,40,624,263,118,59,715,364,65,25,429,179,4,2,0.0,0.6666666666666666,2691
Jimmy Robertson,Rod Lawler,7,1362,1197,0.7134663824052628,0.6016871801828567,479,264,3251,1694,809,432,6151,3170,171,91,742,399,50,16,455,197,4,3,0.0,0.5714285714285714,2691
Jackson Page,Sam Baird,7,1089,1297,0.2391631406818608,0.3728522336868044,24,11,154,70,338,175,2339,1197,0,0,154,70,100,48,603,298,4,3,0.0,0.5714285714285714,2691
Hammad Miah,Jordan Brown,7,1167,1157,0.51366902727117,0.5062496744995104,139,50,921,398,101,50,654,321,55,20,420,180,74,31,160,67,4,2,0.0,0.6666666666666666,2691
Jack Lisowski,Lu Ning,7,1456,1222,0.7871292414209698,0.6422170929574377,425,256,2794,1520,87,33,604,269,192,111,768,423,112,54,177,84,4,3,0.0,0.5714285714285714,2691
Peter Lines,Noppon Saengkham,7,1289,1344,0.42527567806654565,0.4656790563306954,775,415,5617,2906,222,103,1603,767,72,32,525,260,134,74,682,348,4,2,0.0,0.6666666666666666,2691
Peter Ebdon,Mark King,7,1356,1443,0.3829018450543893,0.44583834723635146,1076,615,8444,4530,948,536,6953,3674,103,57,633,329,185,107,931,522,4,2,0.0,0.6666666666666666,2691
Scott Donaldson,Tom Ford,7,1349,1408,0.41991680863949354,0.46319171001101955,228,111,1523,747,612,351,4372,2334,101,53,533,264,183,95,790,423,4,3,0.0,0.5714285714285714,2691
Mark Davis,Alfie Burden,7,1491,1328,0.7111524094404451,0.6004882745269664,1101,665,7729,4231,672,361,4855,2492,148,83,984,548,102,51,546,262,4,2,0.0,0.6666666666666666,2691
Harvey Chandler,Mark Joyce,7,1021,1319,0.156205044572496,0.3219117504483725,19,6,111,43,464,246,3343,1706,47,14,91,37,73,32,640,328,4,0,0.0,1.0,2691
Billy Joe Castle,Andrew Higginson,7,1167,1345,0.27172488874541606,0.3905502163716748,50,24,300,145,714,423,5030,2753,73,34,216,98,91,46,605,318,4,3,0.0,0.5714285714285714,2691
Zhang Anda,Michael White,7,1352,1296,0.5760654606907909,0.5349429451582145,311,155,2168,1084,486,276,3260,1722,112,59,573,293,82,34,858,434,4,1,0.0,0.8,2691
Kyren Wilson,Hammad Miah,7,1559,1167,0.906367771534617,0.7271082163411295,464,286,3071,1699,139,50,921,398,271,163,1242,694,55,20,420,180,4,1,0.0,0.8,2691
Daniel Wells,Billy Joe Castle,7,1347,1167,0.7305169455924372,0.610639233949222,358,177,2400,1188,50,24,300,145,118,62,550,269,73,34,216,98,4,2,0.0,0.6666666666666666,2691
Lee Walker,Chris Wakelin,7,1284,1314,0.4590611389260606,0.4812587841214648,463,250,3575,1833,181,91,1215,611,75,34,491,227,86,44,549,272,4,2,0.0,0.6666666666666666,2691
Jack Lisowski,Jimmy Robertson,7,1456,1362,0.6261916833783177,0.5584811124381613,425,256,2794,1520,479,264,3251,1694,192,111,768,423,171,91,742,399,4,0,0.0,1.0,2691
Peter Lines,Mark Davis,7,1289,1491,0.24548919020671256,0.37636637170177395,775,415,5617,2906,1101,665,7729,4231,72,32,525,260,148,83,984,548,4,2,0.0,0.6666666666666666,2691
Peter Ebdon,Thepchaiya Un-Nooh,7,1356,1340,0.5218633393972989,0.5099986668799655,1076,615,8444,4530,325,185,2330,1230,103,57,633,329,118,59,715,364,4,0,0.0,1.0,2691
Scott Donaldson,Jackson Page,7,1349,1089,0.8115488427624657,0.6570104626734988,228,111,1523,747,24,11,154,70,101,53,533,264,0,0,154,70,4,2,0.0,0.6666666666666666,2691
Zhang Anda,Harvey Chandler,7,1352,1021,0.8684878923525275,0.6958260586292875,311,155,2168,1084,19,6,111,43,112,59,573,293,47,14,91,37,4,0,0.0,1.0,2691
Kyren Wilson,Daniel Wells,7,1559,1347,0.7650010839038448,0.6294831119673949,464,286,3071,1699,358,177,2400,1188,271,163,1242,694,118,62,550,269,4,3,0.0,0.5714285714285714,2691
Peter Lines,Jack Lisowski,7,1289,1456,0.28422903752276774,0.39711513267253384,775,415,5617,2906,425,256,2794,1520,72,32,525,260,192,111,768,423,4,3,0.0,0.5714285714285714,2691
Peter Ebdon,Lee Walker,7,1356,1284,0.5973854695265872,0.5448788923735801,1076,615,8444,4530,463,250,3575,1833,103,57,633,329,75,34,491,227,4,1,0.0,0.8,2691
Scott Donaldson,Zhang Anda,7,1349,1352,0.4958985144028909,0.498125008789013,228,111,1523,747,311,155,2168,1084,101,53,533,264,112,59,573,293,4,3,0.0,0.5714285714285714,2691
Kyren Wilson,Peter Lines,7,1559,1289,0.8204326451879429,0.6626218371700825,464,286,3071,1699,775,415,5617,2906,271,163,1242,694,72,32,525,260,4,3,0.0,0.5714285714285714,2691
Peter Ebdon,Scott Donaldson,7,1356,1349,0.5095693356278297,0.5043748883497735,1076,615,8444,4530,228,111,1523,747,103,57,633,329,101,53,533,264,4,1,0.0,0.8,2691
Kyren Wilson,Peter Ebdon,7,1559,1356,0.7555717519931018,0.6242202334972642,464,286,3071,1699,1076,615,8444,4530,271,163,1242,694,103,57,633,329,4,2,0.0,0.6666666666666666,2691
Zhou Yuelong,Adam Duffy,9,1377,1215,0.7331989464504001,0.5998883688639983,195,111,1335,709,333,165,2117,1071,192,102,768,413,37,15,416,192,5,3,0.0,0.625,2684
Mei Xiwen,Shaun Murphy,9,1317,1457,0.2951418310376775,0.41338242108267,103,49,685,337,1046,685,7603,4339,94,46,410,205,154,84,1163,661,5,4,0.0,0.5555555555555556,2684
Zhao Xintong,Graeme Dott,9,1439,1387,0.5794210585254325,0.5324543063873187,149,79,1007,538,862,502,6595,3528,131,68,558,285,145,78,845,438,5,3,0.0,0.625,2684
Ben Woollaston,Bai Langning,9,1336,989,0.9062849884895158,0.704225233864307,590,336,3825,2038,3,0,20,5,94,43,841,438,16,5,16,5,5,1,0.0,0.8333333333333334,2684
Kyren Wilson,Nigel Bond,9,1574,1234,0.9018847190305681,0.7005671424739729,471,293,3110,1727,864,470,6799,3555,310,191,1281,722,81,33,448,196,5,3,0.0,0.625,2684
Gary Wilson,Jimmy White,9,1311,1206,0.6569871207564459,0.5652507475670999,406,234,2643,1426,1433,796,12224,6406,118,56,609,314,59,19,408,176,5,1,0.0,0.8333333333333334,2684
Mark Williams,Lukas Kleckers,9,1513,1134,0.9244770566772496,0.7206121300108707,1410,923,10549,6060,70,27,422,186,159,97,1409,825,59,20,270,115,5,4,0.0,0.5555555555555556,2684
Robbie Williams,Oliver Lines,9,1281,1193,0.6326739656258834,0.5547792351072148,361,193,2345,1195,194,94,1236,612,73,31,550,269,66,24,469,207,5,4,0.0,0.5555555555555556,2684
Lee Walker,Anthony McGill,9,1307,1390,0.37459024383955214,0.44831033065729986,468,254,3603,1850,503,308,3240,1784,103,51,519,244,151,77,1010,554,5,1,0.0,0.8333333333333334,2684
Ricky Walden,Joe Swail,9,1328,1227,0.6513228977147019,0.5627917401386452,831,499,5824,3204,848,452,6585,3413,110,52,1070,553,89,41,515,246,5,2,0.0,0.7142857142857143,2684
Chris Wakelin,Craig Steadman,9,1326,1296,0.5460346743259274,0.5187412158785352,185,94,1238,625,438,234,2887,1506,109,58,572,286,98,52,485,230,5,3,0.0,0.625,2684
Alexander Ursenbacher,Tian Pengfei,9,1261,1380,0.3234855672463619,0.42616874240839064,112,49,693,321,386,218,2574,1376,71,32,300,148,127,70,582,295,5,4,0.0,0.5555555555555556,2684
Thepchaiya Un-Nooh,Billy Joe Castle,9,1349,1194,0.7243399491478313,0.5956807306078472,329,188,2349,1242,54,27,325,159,137,71,734,376,98,48,241,112,5,1,0.0,0.8333333333333334,2684
Judd Trump,Kishan Hirani,9,1630,1093,0.977328481394726,0.7929007649074549,915,628,6169,3669,142,66,770,363,253,162,1361,855,61,18,187,86,5,0,0.0,1.0,2684
Matthew Stevens,Allan Taylor,9,1356,1258,0.6470512524887283,0.5609454503247162,944,551,7296,3964,301,141,1803,879,152,79,627,327,80,35,461,201,5,0,0.0,1.0,2684
Akani Songsermsawad,Fan Zhengyi,9,1360,981,0.9244770566772496,0.7206121300108707,97,51,744,378,18,2,118,36,182,93,676,349,61,17,80,21,5,0,0.0,1.0,2684
Elliot Slessor,Gerard Greene,9,1293,1272,0.5322627512389814,0.5131219861822433,168,74,1033,484,706,378,5242,2732,82,39,445,212,74,36,379,179,5,0,0.0,1.0,2684
Yuan Sijun,Xu Si,9,1338,1147,0.7682267848118195,0.6171573626529722,71,30,477,220,47,17,321,133,135,76,345,179,65,26,261,111,5,4,0.0,0.5555555555555556,2684
Matthew Selt,Joe O'Connor,9,1344,1144,0.7785260616735107,0.6224593312018546,561,304,3812,1994,99,45,603,284,94,47,697,359,82,37,206,94,5,3,0.0,0.625,2684
Mark Selby,Luke Simmonds,9,1540,1192,0.906900923551623,0.7047456979980911,1093,758,7975,4667,122,65,820,422,255,153,1599,970,40,18,103,47,5,3,0.0,0.625,2684
Noppon Saengkham,Sean O'Sullivan,9,1352,1136,0.7961422841847587,0.6318124177361016,225,105,1620,777,206,83,1293,587,151,84,699,358,56,18,395,158,5,2,0.0,0.7142857142857143,2684
Neil Robertson,He Guoqiang,9,1489,1013,0.9629717169828317,0.7667410642285427,919,603,6706,3832,14,5,78,32,232,127,1117,649,22,10,22,10,5,0,0.0,1.0,2684
Joe Perry,Li Yuan,9,1458,1135,0.8905389048448046,0.6915765137521193,1047,621,7522,4078,52,22,309,140,195,115,1051,580,53,20,170,72,5,3,0.0,0.625,2684
Martin O'Donnell,Soheil Vahedi,9,1384,1038,0.9056659006528578,0.7037042379997707,322,160,2042,1036,30,6,198,72,175,99,646,340,48,13,163,59,5,1,0.0,0.8333333333333334,2684
Fergal O'Brien,Robin Hull,9,1339,1279,0.5914277106765304,0.5374298453437496,881,500,6620,3482,532,313,4010,2182,86,40,647,319,63,26,468,229,5,3,0.0,0.625,2684
Robert Milkins,Chen Zifan,9,1358,1196,0.7331989464504001,0.5998883688639983,851,509,6165,3348,73,35,428,200,115,64,822,429,59,19,262,123,5,0,0.0,1.0,2684
Rory McLeod,Thor Chuan Leong,9,1243,1165,0.6180984609900165,0.5485961085831343,574,309,4281,2207,87,24,577,232,75,30,602,282,67,28,379,154,5,3,0.0,0.625,2684
Stephen Maguire,Adam Stefanow,9,1434,1102,0.8966632246585242,0.6963549298238342,942,624,6905,3935,71,29,401,183,189,105,1101,640,57,19,285,130,5,4,0.0,0.5555555555555556,2684
Kurt Maflin,Lu Ning,9,1348,1251,0.6456229970128096,0.5603296426885532,530,303,3554,1913,90,35,620,280,84,41,648,345,128,65,193,95,5,1,0.0,0.8333333333333334,2684
Jack Lisowski,Zhang Jiankang,9,1473,1028,0.9530653579262477,0.7525948948809733,430,260,2820,1539,18,6,106,39,218,130,794,442,72,27,106,39,5,2,0.0,0.7142857142857143,2684
David Lilley,Li Hang,9,1222,1356,0.30311722088262855,0.4170245457988005,82,45,510,268,264,137,1890,979,81,34,234,119,81,40,636,334,5,4,0.0,0.5555555555555556,2684
Simon Lichtenberg,Ken Doherty,9,1004,1277,0.14851316404970683,0.33570355710001126,29,10,155,67,1128,684,9165,5017,51,11,112,46,71,27,491,235,5,2,0.0,0.7142857142857143,2684
Andy Lee,Daniel Wells,9,1047,1363,0.11441068970179072,0.3121686694171596,110,49,659,310,363,181,2431,1207,50,13,66,22,149,81,581,288,5,2,0.0,0.7142857142857143,2684
Rod Lawler,Mark King,9,1213,1430,0.2027865650361672,0.3676062104304372,812,434,6169,3181,951,538,6972,3684,68,27,473,208,204,117,950,532,5,4,0.0,0.5555555555555556,2684
Ding Junhui,James Wattana,9,1491,1213,0.855785791096651,0.6670782770956253,735,494,5670,3239,814,438,6841,3569,245,139,1196,685,98,39,439,187,5,4,0.0,0.5555555555555556,2684
Mark Joyce,Chen Feilong,9,1298,1114,0.760025787896806,0.6130141761393355,467,248,3360,1714,38,14,227,98,90,40,657,336,70,25,86,33,5,2,0.0,0.7142857142857143,2684
Jak Jones,Liam Highfield,9,1185,1370,0.23879254816430406,0.3863929221952217,178,70,1148,503,349,186,2373,1249,88,39,330,136,99,51,547,283,5,4,0.0,0.5555555555555556,2684
Michael Holt,John Astley,9,1333,1260,0.6107426198208319,0.5454987872127821,827,477,5977,3174,200,93,1257,589,113,52,1022,533,66,23,487,237,5,2,0.0,0.7142857142857143,2684
Andrew Higginson,Luo Honghao,9,1349,1200,0.7166273169339222,0.5920629281648192,717,425,5046,2764,40,20,241,119,107,57,621,329,124,64,143,68,5,3,0.0,0.625,2684
Barry Hawkins,Alfie Burden,9,1556,1325,0.8118363604456017,0.6404919537233386,943,584,6732,3748,675,363,4873,2502,198,113,1197,684,120,61,564,272,5,2,0.0,0.7142857142857143,2684
Lyu Haotian,Eden Sharav,9,1247,1306,0.4100684546601523,0.46319171001101955,116,48,805,367,153,75,948,453,89,42,290,142,137,70,464,208,5,1,0.0,0.8333333333333334,2684
Anthony Hamilton,Rhys Clark,9,1402,1213,0.7659005155576041,0.6159753019181258,841,488,6456,3447,124,52,774,351,91,46,668,352,28,9,372,157,5,1,0.0,0.8333333333333334,2684
Xiao Guodong,Zhang Yong,9,1388,1190,0.7762613643327039,0.6212835951910678,434,254,2906,1605,104,42,644,273,116,60,679,376,85,35,449,189,5,2,0.0,0.7142857142857143,2684
David Gilbert,Niu Zhuang,9,1369,1096,0.8514868359502932,0.6642964428999887,597,341,4286,2293,53,17,321,124,166,87,999,543,62,23,182,66,5,1,0.0,0.8333333333333334,2684
Michael Georgiou,Jordan Brown,9,1217,1176,0.5627866210804462,0.5256025883246178,219,99,1336,644,104,52,669,331,86,36,501,239,89,41,175,77,5,1,0.0,0.8333333333333334,2684
Marco Fu,Chris Totten,9,1404,1035,0.9191219895419346,0.7155512239631054,881,524,6579,3582,35,8,220,77,142,75,1012,562,69,27,197,68,5,0,0.0,1.0,2684
Tom Ford,Dechawat Poomjaeng,9,1415,1235,0.7552657810970291,0.610639233949222,615,353,4389,2345,240,124,1735,874,200,106,807,434,21,7,280,130,5,4,0.0,0.5555555555555556,2684
Peter Ebdon,Jamie Clarke,9,1421,1191,0.8108150591323824,0.6399160967377341,1083,621,8478,4556,156,78,920,473,137,83,667,355,53,16,252,121,5,3,0.0,0.625,2684
Mike Dunn,Luo Zetao,9,1237,983,0.8343351260922364,0.653622330899504,708,374,5190,2665,2,0,13,2,68,28,552,265,13,2,13,2,5,0,0.0,1.0,2684
Scott Donaldson,Sanderson Lam,9,1353,1142,0.790733578545378,0.6288998381516232,234,116,1561,768,150,59,911,401,139,74,571,285,60,17,392,159,5,1,0.0,0.8333333333333334,2684
Ryan Day,Ross Muir,9,1484,1286,0.7762613643327039,0.6212835951910678,973,591,6653,3667,163,63,1078,485,240,138,1337,737,93,45,472,218,5,4,0.0,0.5555555555555556,2684
Paul Davison,Alan McManus,9,1190,1347,0.27311346845733875,0.40311562174023297,675,350,4703,2377,937,555,7800,4141,62,20,425,177,104,53,660,346,5,2,0.0,0.7142857142857143,2684
Mark Davis,Sam Baird,9,1487,1299,0.7647323039706795,0.6153837563911821,1105,668,7751,4245,341,177,2356,1208,170,97,1006,562,117,59,620,309,5,1,0.0,0.8333333333333334,2684
Dominic Dale,Hammad Miah,9,1314,1192,0.6806355880474421,0.5756643510425494,920,524,6559,3493,143,53,943,411,82,38,747,390,77,33,442,193,5,4,0.0,0.5555555555555556,2684
Harvey Chandler,Michael White,9,1050,1296,0.1732747404981928,0.3509194757554267,22,8,124,51,489,278,3277,1731,60,22,104,45,99,43,875,443,5,4,0.0,0.5555555555555556,2684
Ali Carter,Basem Eltahhan,9,1472,978,0.9678574659337194,0.7746924929149283,920,560,6495,3593,15,2,93,25,176,104,1008,575,35,8,93,25,5,0,0.0,1.0,2684
Stuart Carrington,Duane Jones,9,1381,1121,0.8398914152025413,0.6570104626734988,331,182,2147,1136,166,81,976,490,126,65,629,338,47,12,368,143,5,2,0.0,0.7142857142857143,2684
James Cahill,Liang Wenbo,9,1186,1380,0.22830930474796454,0.38107214519980964,151,53,970,415,602,361,4182,2301,67,33,304,137,111,57,944,514,5,1,0.0,0.8333333333333334,2684
Luca Brecel,Ian Burns,9,1449,1309,0.7048581689623228,0.5866175789173301,350,203,2432,1317,333,171,2113,1071,212,121,992,566,115,58,522,246,5,1,0.0,0.8333333333333334,2684
Chang Bingyu,Jimmy Robertson,9,1040,1355,0.11513122622051847,0.31270571980279593,6,2,45,18,482,266,3267,1702,40,17,40,17,187,99,758,407,5,4,0.0,0.5555555555555556,2684
Yan Bingtao,Ashley Carty,9,1462,1237,0.8056549199917152,0.6370307944803831,134,82,929,523,131,67,767,393,133,75,700,405,69,27,189,95,5,3,0.0,0.625,2684
Zhang Anda,Stuart Bingham,9,1371,1542,0.25563698264541296,0.39472346622515553,316,159,2197,1103,1094,697,7933,4531,141,78,602,312,227,137,1265,747,5,4,0.0,0.5555555555555556,2684
Mark Allen,Peter Lines,9,1537,1345,0.7693848278621133,0.617747874769249,755,492,5254,2973,781,420,5653,2929,303,188,1161,674,108,55,561,283,5,2,0.0,0.7142857142857143,2684
Mei Xiwen,Simon Lichtenberg,9,1317,1004,0.8834175494976392,0.6862186708976811,103,49,685,337,29,10,155,67,94,46,410,205,51,11,112,46,5,2,0.0,0.7142857142857143,2684
Ben Woollaston,Chang Bingyu,9,1336,1040,0.8705294620763192,0.676995856238523,590,336,3825,2038,6,2,45,18,94,43,841,438,40,17,40,17,5,1,0.0,0.8333333333333334,2684
Kyren Wilson,Paul Davison,9,1574,1190,0.9270462640077086,0.7231218051243898,471,293,3110,1727,675,350,4703,2377,310,191,1281,722,62,20,425,177,5,1,0.0,0.8333333333333334,2684
Gary Wilson,Tom Ford,9,1311,1415,0.34442552629041145,0.4353637081969708,406,234,2643,1426,615,353,4389,2345,118,56,609,314,200,106,807,434,5,3,0.0,0.625,2684
Mark Williams,Alexander Ursenbacher,9,1513,1261,0.8324542539152648,0.6524894621927444,1410,923,10549,6060,112,49,693,321,159,97,1409,825,71,32,300,148,5,1,0.0,0.8333333333333334,2684
Ricky Walden,Dominic Dale,9,1328,1314,0.5215222176025543,0.5087491068802403,831,499,5824,3204,920,524,6559,3493,110,52,1070,553,82,38,747,390,5,3,0.0,0.625,2684
Judd Trump,Martin O'Donnell,9,1630,1384,0.8267252595018073,0.6490805242445733,915,628,6169,3669,322,160,2042,1036,253,162,1361,855,175,99,646,340,5,1,0.0,0.8333333333333334,2684
Matthew Selt,Lee Walker,9,1344,1307,0.5567069849132181,0.523108525489089,561,304,3812,1994,468,254,3603,1850,94,47,697,359,103,51,519,244,5,4,0.0,0.5555555555555556,2684
Mark Selby,Elliot Slessor,9,1540,1293,0.8276890901240301,0.6496497492904088,1093,758,7975,4667,168,74,1033,484,255,153,1599,970,82,39,445,212,5,3,0.0,0.625,2684
Noppon Saengkham,Rod Lawler,9,1352,1213,0.7035360054960305,0.5860112044388707,225,105,1620,777,812,434,6169,3181,151,84,699,358,68,27,473,208,5,3,0.0,0.625,2684
Neil Robertson,Andy Lee,9,1489,1047,0.9519978672777369,0.7511957822308614,919,603,6706,3832,110,49,659,310,232,127,1117,649,50,13,66,22,5,1,0.0,0.8333333333333334,2684
Joe Perry,Mike Dunn,9,1458,1237,0.8014626063427572,0.6347154153791584,1047,621,7522,4078,708,374,5190,2665,195,115,1051,580,68,28,552,265,5,4,0.0,0.5555555555555556,2684
Fergal O'Brien,Zhao Xintong,9,1339,1439,0.3500987786078318,0.43782349911420193,881,500,6620,3482,149,79,1007,538,86,40,647,319,131,68,558,285,5,4,0.0,0.5555555555555556,2684
Robert Milkins,David Lilley,9,1358,1222,0.699552494810083,0.5841905229354074,851,509,6165,3348,82,45,510,268,115,64,822,429,81,34,234,119,5,4,0.0,0.5555555555555556,2684
Stephen Maguire,Thepchaiya Un-Nooh,9,1434,1349,0.6283212305936767,0.5529259881329059,942,624,6905,3935,329,188,2349,1242,189,105,1101,640,137,71,734,376,5,4,0.0,0.5555555555555556,2684
Jack Lisowski,Chris Wakelin,9,1473,1326,0.7140324724419308,0.5908547524545943,430,260,2820,1539,185,94,1238,625,218,130,794,442,109,58,572,286,5,0,0.0,1.0,2684
Ding Junhui,Yuan Sijun,9,1491,1338,0.7217811546951534,0.5944759307482401,735,494,5670,3239,71,30,477,220,245,139,1196,685,135,76,345,179,5,3,0.0,0.625,2684
Jak Jones,Zhang Anda,9,1185,1371,0.23761423559363187,0.38580035722310485,178,70,1148,503,316,159,2197,1103,88,39,330,136,141,78,602,312,5,3,0.0,0.625,2684
Jamie Jones,Zhou Yuelong,9,1364,1377,0.48001367903024084,0.4918757150937391,494,294,3269,1772,195,111,1335,709,40,21,547,287,192,102,768,413,5,2,0.0,0.7142857142857143,2684
Michael Holt,Mark Davis,9,1333,1487,0.2769379275423167,0.40492152613386595,827,477,5977,3174,1105,668,7751,4245,113,52,1022,533,170,97,1006,562,5,3,0.0,0.625,2684
Andrew Higginson,James Cahill,9,1349,1186,0.7344520743913923,0.6004882745269664,717,425,5046,2764,151,53,970,415,107,57,621,329,67,33,304,137,5,4,0.0,0.5555555555555556,2684
Barry Hawkins,Akani Songsermsawad,9,1556,1360,0.773982891815793,0.6201064323430902,943,584,6732,3748,97,51,744,378,198,113,1197,684,182,93,676,349,5,2,0.0,0.7142857142857143,2684
Anthony Hamilton,Mark Joyce,9,1402,1298,0.6555744737095885,0.5646362918030292,841,488,6456,3447,467,248,3360,1714,91,46,668,352,90,40,657,336,5,2,0.0,0.7142857142857143,2684
Xiao Guodong,Michael Georgiou,9,1388,1217,0.7443630173545871,0.6052765337748445,434,254,2906,1605,219,99,1336,644,116,60,679,376,86,36,501,239,5,1,0.0,0.8333333333333334,2684
Marco Fu,Peter Ebdon,9,1404,1421,0.4738722035413677,0.4893765989950364,881,524,6579,3582,1083,621,8478,4556,142,75,1012,562,137,83,667,355,5,4,0.0,0.5555555555555556,2684
Ryan Day,Robbie Williams,9,1484,1281,0.7818971725171479,0.6242202334972642,973,591,6653,3667,361,193,2345,1195,240,138,1337,737,73,31,550,269,5,2,0.0,0.7142857142857143,2684
Harvey Chandler,Kurt Maflin,9,1050,1348,0.12790249900381212,0.3219117504483725,22,8,124,51,530,303,3554,1913,60,22,104,45,84,41,648,345,5,4,0.0,0.5555555555555556,2684
Ali Carter,Rory McLeod,9,1472,1243,0.8097901791567259,0.6393398367530659,920,560,6495,3593,574,309,4281,2207,176,104,1008,575,75,30,602,282,5,0,0.0,1.0,2684
Luca Brecel,Scott Donaldson,9,1449,1353,0.6441925857613411,0.5597136492671929,350,203,2432,1317,234,116,1561,768,212,121,992,566,139,74,571,285,5,4,0.0,0.5555555555555556,2684
Yan Bingtao,Stuart Carrington,9,1462,1381,0.6224907473842691,0.5504527113395278,134,82,929,523,331,182,2147,1136,133,75,700,405,126,65,629,338,5,0,0.0,1.0,2684
Mark Allen,Lyu Haotian,9,1537,1247,0.8657415704315571,0.6737070994545215,755,492,5254,2973,116,48,805,367,303,188,1161,674,89,42,290,142,5,1,0.0,0.8333333333333334,2684
Gary Wilson,Judd Trump,9,1311,1630,0.11226930840263008,0.31056054693922636,406,234,2643,1426,915,628,6169,3669,118,56,609,314,253,162,1361,855,5,3,0.0,0.625,2684
Kyren Wilson,Harvey Chandler,9,1574,1050,0.9747644919420927,0.7875131558774608,471,293,3110,1727,22,8,124,51,310,191,1281,722,60,22,104,45,5,3,0.0,0.625,2684
Mark Williams,Ben Woollaston,9,1513,1336,0.7516609934098428,0.6088545692109504,1410,923,10549,6060,590,336,3825,2038,159,97,1409,825,94,43,841,438,5,2,0.0,0.7142857142857143,2684
Ricky Walden,Neil Robertson,9,1328,1489,0.268057314719077,0.40071183649164394,831,499,5824,3204,919,603,6706,3832,110,52,1070,553,232,127,1117,649,5,3,0.0,0.625,2684
Matthew Selt,Yan Bingtao,9,1344,1462,0.3248643926957258,0.42678022732016513,561,304,3812,1994,134,82,929,523,94,47,697,359,133,75,700,405,5,3,0.0,0.625,2684
Mark Selby,Jamie Jones,9,1540,1364,0.7504528187981169,0.6082590307465143,1093,758,7975,4667,494,294,3269,1772,255,153,1599,970,40,21,547,287,5,2,0.0,0.7142857142857143,2684
Noppon Saengkham,Ryan Day,9,1352,1484,0.30579803555915175,0.4182406231581638,225,105,1620,777,973,591,6653,3667,151,84,699,358,240,138,1337,737,5,2,0.0,0.7142857142857143,2684
Joe Perry,Stephen Maguire,9,1458,1434,0.5368587710437642,0.51499550161941,1047,621,7522,4078,942,624,6905,3935,195,115,1051,580,189,105,1101,640,5,4,0.0,0.5555555555555556,2684
Fergal O'Brien,Luca Brecel,9,1339,1449,0.3359845376484875,0.4316800165217519,881,500,6620,3482,350,203,2432,1317,86,40,647,319,212,121,992,566,5,4,0.0,0.5555555555555556,2684
Robert Milkins,Ding Junhui,9,1358,1491,0.30445624814777533,0.41763245927192055,851,509,6165,3348,735,494,5670,3239,115,64,822,429,245,139,1196,685,5,4,0.0,0.5555555555555556,2684
Jack Lisowski,Mark Allen,9,1473,1537,0.4026018402868163,0.46008511544443426,430,260,2820,1539,755,492,5254,2973,218,130,794,442,303,188,1161,674,5,1,0.0,0.8333333333333334,2684
Barry Hawkins,Michael Holt,9,1556,1333,0.8035658834232549,0.6358738914270539,943,584,6732,3748,827,477,5977,3174,198,113,1197,684,113,52,1022,533,5,2,0.0,0.7142857142857143,2684
Anthony Hamilton,Mei Xiwen,9,1402,1317,0.6283212305936767,0.5529259881329059,841,488,6456,3447,103,49,685,337,91,46,668,352,94,46,410,205,5,4,0.0,0.5555555555555556,2684
Xiao Guodong,Jak Jones,9,1388,1185,0.7818971725171479,0.6242202334972642,434,254,2906,1605,178,70,1148,503,116,60,679,376,88,39,330,136,5,0,0.0,1.0,2684
David Gilbert,Ali Carter,9,1369,1472,0.3458404578857395,0.43597836257374245,597,341,4286,2293,920,560,6495,3593,166,87,999,543,176,104,1008,575,5,3,0.0,0.625,2684
Marco Fu,Andrew Higginson,9,1404,1349,0.5839333304620451,0.5343209436693046,881,524,6579,3582,717,425,5046,2764,142,75,1012,562,107,57,621,329,5,4,0.0,0.5555555555555556,2684
Gary Wilson,Fergal O'Brien,9,1311,1339,0.45702134894353685,0.48250714233361025,406,234,2643,1426,881,500,6620,3482,118,56,609,314,86,40,647,319,5,2,0.0,0.7142857142857143,2684
Mark Williams,Joe Perry,9,1513,1458,0.5839333304620451,0.5343209436693046,1410,923,10549,6060,1047,621,7522,4078,159,97,1409,825,195,115,1051,580,5,1,0.0,0.8333333333333334,2684
Noppon Saengkham,Mark Selby,9,1352,1540,0.23526769602932074,0.38461624360881785,225,105,1620,777,1093,758,7975,4667,151,84,699,358,255,153,1599,970,5,4,0.0,0.5555555555555556,2684
Jack Lisowski,Kyren Wilson,9,1473,1574,0.3486771022852981,0.43720825986135486,430,260,2820,1539,471,293,3110,1727,218,130,794,442,310,191,1281,722,5,4,0.0,0.5555555555555556,2684
Barry Hawkins,Matthew Selt,9,1556,1344,0.7918223659012522,0.6294831119673949,943,584,6732,3748,561,304,3812,1994,198,113,1197,684,94,47,697,359,5,4,0.0,0.5555555555555556,2684
Xiao Guodong,Anthony Hamilton,9,1388,1402,0.4784777823974459,0.4912508931197597,434,254,2906,1605,841,488,6456,3447,116,60,679,376,91,46,668,352,5,3,0.0,0.625,2684
David Gilbert,Ricky Walden,9,1369,1328,0.5627866210804462,0.5256025883246178,597,341,4286,2293,831,499,5824,3204,166,87,999,543,110,52,1070,553,5,3,0.0,0.625,2684
Marco Fu,Robert Milkins,9,1404,1358,0.5703641336320321,0.5287183569514396,881,524,6579,3582,851,509,6165,3348,142,75,1012,562,115,64,822,429,5,2,0.0,0.7142857142857143,2684
Mark Williams,Jack Lisowski,9,1513,1473,0.5612681117807465,0.52497918747894,1410,923,10549,6060,430,260,2820,1539,159,97,1409,825,218,130,794,442,5,3,0.0,0.625,2684
Noppon Saengkham,Xiao Guodong,9,1352,1388,0.44481517986127356,0.4775151752081999,225,105,1620,777,434,254,2906,1605,151,84,699,358,116,60,679,376,5,1,0.0,0.8333333333333334,2684
Barry Hawkins,Gary Wilson,9,1556,1311,0.8257578299729261,0.6485108747389209,943,584,6732,3748,406,234,2643,1426,198,113,1197,684,118,56,609,314,5,3,0.0,0.625,2684
David Gilbert,Marco Fu,9,1369,1404,0.4463382005151679,0.47813894602839846,597,341,4286,2293,881,524,6579,3582,166,87,999,543,142,75,1012,562,5,3,0.0,0.625,2684
Mark Williams,Noppon Saengkham,11,1513,1352,0.7519246125749761,0.5992881635083561,1410,923,10549,6060,225,105,1620,777,159,97,1409,825,151,84,699,358,6,5,0.0,0.5454545454545454,2684
David Gilbert,Barry Hawkins,11,1369,1556,0.2148901656374212,0.3852081305077805,597,341,4286,2293,943,584,6732,3748,166,87,999,543,198,113,1197,684,6,4,0.0,0.6,2684
Mark Williams,David Gilbert,19,1513,1369,0.7860776492125148,0.5890404340586651,1410,923,10549,6060,597,341,4286,2293,159,97,1409,825,166,87,999,543,10,9,0.0,0.5263157894736842,2684
Niu Zhuang,Stuart Bingham,7,1088,1530,0.06945838661220348,0.24880421776913866,54,17,327,125,1095,697,7942,4535,68,24,188,67,236,141,1274,751,4,0,0.0,1.0,2683
Zhou Yuelong,Michael Georgiou,7,1366,1221,0.6899164671577602,0.5896454785627312,197,112,1350,716,221,100,1348,650,207,109,783,420,98,42,513,245,4,3,0.0,0.5714285714285714,2683
Li Yuan,Paul Davison,7,1139,1201,0.41590794122337116,0.46132739479349205,53,22,317,143,677,351,4716,2383,61,23,178,75,75,26,438,183,4,1,0.0,0.8,2683
Zhang Yong,Ross Muir,7,1185,1291,0.358394567903784,0.4341349971045183,105,42,651,275,164,63,1087,489,92,37,456,191,102,49,481,222,4,1,0.0,0.8,2683
Mei Xiwen,Soheil Vahedi,7,1329,1032,0.8429989187038389,0.6775422953274692,106,51,710,351,31,6,204,73,119,60,435,219,54,14,169,60,4,1,0.0,0.8,2683
Zhao Xintong,Jimmy Robertson,7,1437,1338,0.6326419490877371,0.5615610703361955,151,80,1024,547,483,266,3276,1706,148,77,575,294,196,103,767,411,4,0,0.0,1.0,2683
Ben Woollaston,Sam Baird,7,1344,1289,0.5747243219334544,0.5343209436693046,593,338,3844,2050,342,177,2362,1209,113,55,860,450,123,60,626,310,4,0,0.0,1.0,2683
Kyren Wilson,Dominic Dale,7,1558,1306,0.8042377114883456,0.6524894621927444,475,296,3141,1746,922,525,6576,3501,341,210,1312,741,99,46,764,398,4,3,0.0,0.5714285714285714,2683
Robbie Williams,Alan McManus,7,1276,1330,0.4266177377216683,0.4663011645670992,363,194,2361,1202,938,555,7807,4143,89,38,566,276,111,55,667,348,4,3,0.0,0.5714285714285714,2683
Jimmy White,Rodion Judin,7,1193,965,0.7812257884147848,0.6387631751488418,1434,796,12230,6407,10,3,65,21,65,20,414,177,0,0,29,10,4,0,0.0,1.0,2683
Michael White,Gary Wilson,7,1281,1367,0.3842066871290606,0.4464560968488817,490,278,3286,1735,411,238,2680,1449,108,47,884,447,155,79,646,337,4,1,0.0,0.8,2683
Liang Wenbo,Adam Duffy,7,1358,1213,0.6899164671577602,0.5896454785627312,603,361,4188,2302,334,165,2125,1074,117,58,950,515,45,18,424,195,4,0,0.0,1.0,2683
Lee Walker,Basem Eltahhan,7,1322,969,0.8832805083358919,0.707340014518073,470,255,3618,1859,16,2,98,25,118,60,534,253,40,8,98,25,4,0,0.0,1.0,2683
Ricky Walden,John Astley,7,1350,1251,0.6326419490877371,0.5615610703361955,835,502,5855,3222,201,93,1264,591,141,70,1101,571,73,25,494,239,4,1,0.0,0.8,2683
Chris Wakelin,Kuldesh Johal,7,1316,1193,0.6630224339222315,0.5762749224932653,187,95,1251,630,206,116,1370,732,122,63,585,291,0,0,84,44,4,2,0.0,0.6666666666666666,2683
Joe Swail,Dechawat Poomjaeng,7,1219,1239,0.4726790179572131,0.4875026035157896,849,452,6592,3415,241,124,1744,878,96,43,522,248,30,11,289,134,4,1,0.0,0.8,2683
Craig Steadman,Yuan Sijun,7,1289,1332,0.44143655006080335,0.4731508513108857,439,234,2895,1509,73,31,494,228,106,55,493,233,152,84,362,187,4,2,0.0,0.6666666666666666,2683
Luke Simmonds,Zhang Jiankang,7,1197,1030,0.7157709624772323,0.6028848673274662,123,65,828,425,19,6,113,41,48,21,111,50,79,29,113,41,4,3,0.0,0.5714285714285714,2683
Xu Si,Matthew Selt,7,1151,1365,0.23293287554107978,0.36935147434892557,48,17,330,137,565,307,3846,2013,74,30,270,115,128,66,731,378,4,3,0.0,0.5714285714285714,2683
Neil Robertson,Luo Honghao,7,1488,1198,0.837347307313657,0.6737070994545215,922,605,6725,3845,41,20,249,122,251,140,1136,662,132,67,151,71,4,2,0.0,0.6666666666666666,2683
Joe Perry,Lu Ning,7,1438,1238,0.7523810515908644,0.6224593312018546,1051,624,7554,4094,91,35,626,281,227,131,1083,596,134,66,199,96,4,1,0.0,0.8,2683
Tian Pengfei,Zhang Anda,7,1371,1368,0.5041014855971089,0.5018749912109869,387,218,2583,1380,318,160,2214,1111,136,74,591,299,158,86,619,320,4,3,0.0,0.5714285714285714,2683
Joe O'Connor,Jordan Brown,7,1144,1161,0.476771798023094,0.4893765989950364,100,45,611,287,105,52,675,332,90,40,214,97,95,42,181,78,4,1,0.0,0.8,2683
Fergal O'Brien,Eden Sharav,7,1350,1288,0.5840920587766287,0.538672605206508,885,503,6653,3499,154,75,954,454,119,57,680,336,143,71,470,209,4,3,0.0,0.5714285714285714,2683
Shaun Murphy,Sanderson Lam,7,1447,1132,0.856895920094142,0.6872942801972042,1047,685,7612,4343,151,59,917,402,163,88,1172,665,66,18,398,160,4,2,0.0,0.6666666666666666,2683
Robert Milkins,Jak Jones,7,1370,1197,0.7226276336267841,0.6064704870683034,855,512,6195,3365,181,72,1170,513,145,81,852,446,110,49,352,146,4,2,0.0,0.6666666666666666,2683
Rory McLeod,Adam Stefanow,7,1234,1112,0.661777191191235,0.5756643510425494,576,310,4294,2212,72,29,410,187,88,35,615,287,66,23,294,134,4,3,0.0,0.5714285714285714,2683
Anthony McGill,Kishan Hirani,7,1372,1085,0.834882617465889,0.6720562626502714,504,308,3246,1785,143,66,775,363,157,78,1016,555,66,18,192,86,4,0,0.0,1.0,2683
Stephen Maguire,Michael Judge,7,1422,1243,0.7293972619311108,0.610044672404527,945,626,6932,3949,475,274,3825,2045,216,119,1128,654,7,3,7,3,4,0,0.0,1.0,2683
Kurt Maflin,Lyu Haotian,7,1344,1257,0.6170981549456108,0.5541616527636486,532,304,3569,1922,118,49,817,373,99,50,663,354,101,48,302,148,4,2,0.0,0.6666666666666666,2683
Jack Lisowski,Fan Zhengyi,7,1506,970,0.9621656478807225,0.7924899414403644,435,264,2855,1562,19,2,123,36,253,153,829,465,66,17,85,21,4,1,0.0,0.8,2683
Oliver Lines,Akani Songsermsawad,7,1193,1365,0.278509149386796,0.3941263315682394,195,94,1245,616,99,52,756,385,75,28,478,211,194,100,688,356,4,3,0.0,0.5714285714285714,2683
Peter Lines,Shane Castle,7,1340,1060,0.8290321883880187,0.6681877721681662,782,420,5660,2931,60,25,359,166,115,57,568,285,0,0,17,9,4,2,0.0,0.6666666666666666,2683
David Lilley,Hammad Miah,7,1234,1193,0.5558590476581076,0.5256025883246178,84,46,528,277,144,53,952,415,99,43,252,128,86,37,451,197,4,2,0.0,0.6666666666666666,2683
Rod Lawler,Martin O'Donnell,7,1224,1381,0.2958451289488597,0.40311562174023297,814,435,6186,3189,324,161,2054,1042,85,35,490,216,187,105,658,346,4,0,0.0,1.0,2683
Lukas Kleckers,Alexander Ursenbacher,7,1146,1261,0.3469916118703663,0.42861601832306767,71,27,431,190,114,50,708,327,68,24,279,119,86,38,315,154,4,1,0.0,0.8,2683
Mark King,Peter Ebdon,7,1416,1416,0.5,0.5,952,538,6981,3688,1085,622,8495,4565,213,121,959,536,154,92,684,364,4,3,0.0,0.5714285714285714,2683
Jamie Jones,Simon Lichtenberg,7,1370,1023,0.8793759455680459,0.704225233864307,496,295,3283,1779,31,11,169,74,54,28,561,294,65,18,126,53,4,0,0.0,1.0,2683
Robin Hull,James Cahill,7,1273,1210,0.5854263042586716,0.5392938058983595,533,313,4018,2185,153,54,985,424,71,29,476,232,82,42,319,146,4,1,0.0,0.8,2683
Michael Holt,Matthew Stevens,7,1351,1374,0.46858930565080326,0.4856289593029398,830,479,5999,3186,945,552,7301,3969,135,64,1044,545,157,84,632,332,4,0,0.0,1.0,2683
Liam Highfield,Sean O'Sullivan,7,1358,1131,0.7802322205466414,0.6381861133090055,350,186,2382,1253,207,83,1300,589,108,55,556,287,63,20,402,160,4,0,0.0,1.0,2683
Barry Hawkins,Andy Lee,7,1550,1066,0.9466715437504504,0.7702989490466019,949,589,6780,3777,112,50,672,316,246,142,1245,713,63,19,79,28,4,0,0.0,1.0,2683
Li Hang,Duane Jones,7,1346,1118,0.7812257884147848,0.6387631751488418,265,137,1899,983,167,81,983,492,90,44,645,338,54,14,375,145,4,2,0.0,0.6666666666666666,2683
Anthony Hamilton,Chris Totten,7,1412,1024,0.9041778640069977,0.7251194977898231,845,491,6486,3465,36,8,225,77,121,64,698,370,74,27,202,68,4,2,0.0,0.6666666666666666,2683
Xiao Guodong,Tom Ford,7,1410,1400,0.51366902727117,0.5062496744995104,439,258,2938,1626,617,354,4406,2353,148,81,711,397,217,114,824,442,4,3,0.0,0.5714285714285714,2683
Gerard Greene,Chen Feilong,7,1253,1108,0.6899164671577602,0.5896454785627312,707,378,5247,2732,39,14,234,100,79,36,384,179,77,27,93,35,4,1,0.0,0.8,2683
David Gilbert,Farakh Ajaib,7,1429,997,0.9261623827014096,0.7464939833376621,603,346,4345,2328,38,16,215,99,225,122,1058,578,10,2,50,19,4,1,0.0,0.8,2683
Marco Fu,Elliot Slessor,7,1422,1313,0.6454220086166967,0.5677065480733601,886,528,6617,3605,170,75,1046,492,180,98,1050,585,95,47,458,220,4,1,0.0,0.8,2683
Graeme Dott,Maris Volajs,7,1381,980,0.9111514783284038,0.7315498244408544,863,502,6603,3531,9,3,48,21,153,81,853,441,0,0,6,2,4,0,0.0,1.0,2683
Scott Donaldson,Noppon Saengkham,7,1363,1407,0.44008542926958705,0.47252769565540637,236,117,1576,777,231,110,1668,807,154,83,586,294,199,114,747,388,4,3,0.0,0.5714285714285714,2683
Mark Davis,Andrew Higginson,7,1483,1348,0.6778138346852377,0.5835831155172753,1107,669,7765,4253,720,427,5072,2778,184,105,1020,570,133,71,647,343,4,2,0.0,0.6666666666666666,2683
Ashley Carty,Harvey Chandler,7,1238,1092,0.691115079332653,0.5902502519301834,132,67,775,396,25,10,150,64,77,30,197,98,86,35,130,58,4,1,0.0,0.8,2683
Ali Carter,Billy Joe Castle,7,1482,1183,0.8445881619019862,0.6786337178522214,923,562,6513,3606,55,27,331,160,194,117,1026,588,104,49,247,113,4,0,0.0,1.0,2683
Ian Burns,Jamie Clarke,7,1297,1192,0.6403298636636867,0.5652507475670999,334,171,2119,1072,157,78,928,476,121,59,528,247,61,19,260,124,4,3,0.0,0.5714285714285714,2683
Alfie Burden,Chen Zifan,7,1321,1180,0.685100616527281,0.587223690839335,676,363,4880,2504,74,35,433,200,127,63,571,274,64,19,267,123,4,2,0.0,0.6666666666666666,2683
Luca Brecel,Allan Taylor,7,1452,1240,0.7650010839038448,0.6294831119673949,353,205,2456,1331,302,141,1808,879,236,135,1016,580,85,35,466,201,4,2,0.0,0.6666666666666666,2683
Nigel Bond,Mark Joyce,7,1239,1296,0.4225943374899878,0.4644351620161461,865,470,6807,3558,469,249,3374,1721,89,36,456,199,104,47,671,343,4,2,0.0,0.6666666666666666,2683
Yan Bingtao,Martin Gould,7,1466,1444,0.5300478260158454,0.513746534902355,137,84,950,536,672,406,4531,2491,154,88,721,418,83,48,894,494,4,1,0.0,0.8,2683
Simon Bedford,Mike Dunn,7,1187,1256,0.4065907825999159,0.4569816192756902,424,246,3243,1742,710,375,5204,2674,6,2,43,24,82,37,566,274,4,3,0.0,0.5714285714285714,2683
Mark Allen,Daniel Wells,7,1532,1340,0.7437579445222342,0.617747874769249,758,494,5273,2984,364,181,2438,1209,322,199,1180,685,156,83,588,290,4,2,0.0,0.6666666666666666,2683
Zhang Yong,Rory McLeod,7,1185,1234,0.433341285511335,0.469413239817919,105,42,651,275,576,310,4294,2212,92,37,456,191,88,35,615,287,4,0,0.0,1.0,2683
Zhao Xintong,Nigel Bond,7,1437,1239,0.7502408354966205,0.6212835951910678,151,80,1024,547,865,470,6807,3558,148,77,575,294,89,36,456,199,4,0,0.0,1.0,2683
Kyren Wilson,Luke Simmonds,7,1558,1197,0.88833750958084,0.7114629823302013,475,296,3141,1746,123,65,828,425,341,210,1312,741,48,21,111,50,4,0,0.0,1.0,2683
Mark Williams,Ben Woollaston,7,1527,1344,0.7338611162888773,0.6124209393479161,1417,930,10615,6101,593,338,3844,2050,225,138,1475,866,113,55,860,450,4,2,0.0,0.6666666666666666,2683
Michael White,David Gilbert,7,1281,1429,0.3064941914991044,0.40854102156721994,490,278,3286,1735,603,346,4345,2328,108,47,884,447,225,122,1058,578,4,3,0.0,0.5714285714285714,2683
Liang Wenbo,Kurt Maflin,7,1358,1344,0.5191328123553783,0.5087491068802403,603,361,4188,2302,532,304,3569,1922,117,58,950,515,99,50,663,354,4,2,0.0,0.6666666666666666,2683
Ricky Walden,Jimmy White,7,1350,1193,0.7041548710511403,0.596884378259767,835,502,5855,3222,1434,796,12230,6407,141,70,1101,571,65,20,414,177,4,0,0.0,1.0,2683
Joe Swail,Mei Xiwen,7,1219,1329,0.35330921996474546,0.4316800165217519,849,452,6592,3415,106,51,710,351,96,43,522,248,119,60,435,219,4,2,0.0,0.6666666666666666,2683
Craig Steadman,Zhou Yuelong,7,1289,1366,0.39601140843867844,0.4520230623632036,439,234,2895,1509,197,112,1350,716,106,55,493,233,207,109,783,420,4,1,0.0,0.8,2683
Neil Robertson,Li Yuan,7,1488,1139,0.8806881852645642,0.7052656295907794,922,605,6725,3845,53,22,317,143,251,140,1136,662,61,23,178,75,4,2,0.0,0.6666666666666666,2683
Joe Perry,Robert Milkins,7,1438,1370,0.5920814957526257,0.542397940774351,1051,624,7554,4094,855,512,6195,3365,227,131,1083,596,145,81,852,446,4,3,0.0,0.5714285714285714,2683
Joe O'Connor,Lee Walker,7,1144,1322,0.27172488874541606,0.3905502163716748,100,45,611,287,470,255,3618,1859,90,40,214,97,118,60,534,253,4,1,0.0,0.8,2683
Shaun Murphy,David Lilley,7,1447,1234,0.7660354477872332,0.6300660082850182,1047,685,7612,4343,84,46,528,277,163,88,1172,665,99,43,252,128,4,0,0.0,1.0,2683
Stephen Maguire,Gerard Greene,7,1422,1253,0.7180660778287002,0.6040813228693781,945,626,6932,3949,707,378,5247,2732,216,119,1128,654,79,36,384,179,4,1,0.0,0.8,2683
Jack Lisowski,Ian Burns,7,1506,1297,0.7618819203066071,0.6277321638605189,435,264,2855,1562,334,171,2119,1072,253,153,829,465,121,59,528,247,4,2,0.0,0.6666666666666666,2683
Oliver Lines,Alfie Burden,7,1193,1321,0.33078006904137963,0.42067574785125056,195,94,1245,616,676,363,4880,2504,75,28,478,211,127,63,571,274,4,2,0.0,0.6666666666666666,2683
Lukas Kleckers,Robbie Williams,7,1146,1276,0.32831469717042555,0.41945769517934034,71,27,431,190,363,194,2361,1202,68,24,279,119,89,38,566,276,4,3,0.0,0.5714285714285714,2683
Mark King,Xu Si,7,1416,1151,0.8160262378047215,0.6598217549720575,952,538,6981,3688,48,17,330,137,213,121,959,536,74,30,270,115,4,2,0.0,0.6666666666666666,2683
Jamie Jones,Rod Lawler,7,1370,1224,0.691115079332653,0.5902502519301834,496,295,3283,1779,814,435,6186,3189,54,28,561,294,85,35,490,216,4,2,0.0,0.6666666666666666,2683
Michael Holt,Liam Highfield,7,1351,1358,0.4904306643721704,0.4956251116502266,830,479,5999,3186,350,186,2382,1253,135,64,1044,545,108,55,556,287,4,1,0.0,0.8,2683
Li Hang,Barry Hawkins,7,1346,1550,0.24336993834212794,0.3751935255315707,265,137,1899,983,949,589,6780,3777,90,44,645,338,246,142,1245,713,4,3,0.0,0.5714285714285714,2683
Marco Fu,Xiao Guodong,7,1422,1410,0.5164013295642876,0.5074994375506203,886,528,6617,3605,439,258,2938,1626,180,98,1050,585,148,81,711,397,4,1,0.0,0.8,2683
Graeme Dott,Tian Pengfei,7,1381,1371,0.51366902727117,0.5062496744995104,863,502,6603,3531,387,218,2583,1380,153,81,853,441,136,74,591,299,4,3,0.0,0.5714285714285714,2683
Scott Donaldson,Robin Hull,7,1363,1273,0.6210041469292463,0.5560138905446199,236,117,1576,777,533,313,4018,2185,154,83,586,294,71,29,476,232,4,3,0.0,0.5714285714285714,2683
Mark Davis,Luca Brecel,7,1483,1452,0.5422981239384312,0.519365308229932,1107,669,7765,4253,353,205,2456,1331,184,105,1020,570,236,135,1016,580,4,2,0.0,0.6666666666666666,2683
Ashley Carty,Anthony McGill,7,1238,1372,0.3234078367146668,0.4170245457988005,132,67,775,396,504,308,3246,1785,77,30,197,98,157,78,1016,555,4,2,0.0,0.6666666666666666,2683
Ali Carter,Ryan Day,7,1482,1468,0.5191328123553783,0.5087491068802403,923,562,6513,3606,976,593,6676,3679,194,117,1026,588,263,150,1360,749,4,3,0.0,0.5714285714285714,2683
Stuart Carrington,Fergal O'Brien,7,1366,1350,0.5218633393972989,0.5099986668799655,333,183,2159,1141,885,503,6653,3499,138,70,641,343,119,57,680,336,4,3,0.0,0.5714285714285714,2683
Simon Bedford,Niu Zhuang,7,1187,1088,0.6326419490877371,0.5615610703361955,424,246,3243,1742,54,17,327,125,6,2,43,24,68,24,188,67,4,0,0.0,1.0,2683
Mark Allen,Peter Lines,7,1532,1340,0.7437579445222342,0.617747874769249,758,494,5273,2984,782,420,5660,2931,322,199,1180,685,115,57,568,285,4,3,0.0,0.5714285714285714,2683
Zhang Yong,Mark Williams,7,1185,1527,0.12395181547991055,0.29838504638459934,105,42,651,275,1417,930,10615,6101,92,37,456,191,225,138,1475,866,4,3,0.0,0.5714285714285714,2683
Zhao Xintong,Shaun Murphy,7,1437,1447,0.4863309727288301,0.49375032550048964,151,80,1024,547,1047,685,7612,4343,148,77,575,294,163,88,1172,665,4,0,0.0,1.0,2683
Kyren Wilson,Simon Bedford,7,1558,1187,0.8944224841553805,0.7165678145577145,475,296,3141,1746,424,246,3243,1742,341,210,1312,741,6,2,43,24,4,2,0.0,0.6666666666666666,2683
Ricky Walden,Li Hang,7,1350,1346,0.5054685677142574,0.5024999791668749,835,502,5855,3222,265,137,1899,983,141,70,1101,571,90,44,645,338,4,0,0.0,1.0,2683
Chris Wakelin,Jamie Jones,7,1316,1370,0.4266177377216683,0.4663011645670992,187,95,1251,630,496,295,3283,1779,122,63,585,291,54,28,561,294,4,0,0.0,1.0,2683
Craig Steadman,Scott Donaldson,7,1289,1363,0.39996961044138163,0.4538814589542204,439,234,2895,1509,236,117,1576,777,106,55,493,233,154,83,586,294,4,3,0.0,0.5714285714285714,2683
Neil Robertson,Liang Wenbo,7,1488,1358,0.6716853028295744,0.5805423048206596,922,605,6725,3845,603,361,4188,2302,251,140,1136,662,117,58,950,515,4,3,0.0,0.5714285714285714,2683
Joe Perry,Michael White,7,1438,1281,0.7041548710511403,0.596884378259767,1051,624,7554,4094,490,278,3286,1735,227,131,1083,596,108,47,884,447,4,1,0.0,0.8,2683
Stephen Maguire,Joe O'Connor,7,1422,1144,0.8273350387178837,0.6670782770956253,945,626,6932,3949,100,45,611,287,216,119,1128,654,90,40,214,97,4,2,0.0,0.6666666666666666,2683
Jack Lisowski,Oliver Lines,7,1506,1193,0.855396798107813,0.6862186708976811,435,264,2855,1562,195,94,1245,616,253,153,829,465,75,28,478,211,4,0,0.0,1.0,2683
Mark King,Lukas Kleckers,7,1416,1146,0.8204326451879429,0.6626218371700825,952,538,6981,3688,71,27,431,190,213,121,959,536,68,24,279,119,4,2,0.0,0.6666666666666666,2683
Anthony Hamilton,Michael Holt,7,1412,1351,0.5827567809217526,0.5380512843858591,845,491,6486,3465,830,479,5999,3186,121,64,698,370,135,64,1044,545,4,1,0.0,0.8,2683
Graeme Dott,Ashley Carty,7,1381,1238,0.6875128007198821,0.5884351201276382,863,502,6603,3531,132,67,775,396,153,81,853,441,77,30,197,98,4,0,0.0,1.0,2683
Mark Davis,Marco Fu,7,1483,1422,0.5827567809217526,0.5380512843858591,1107,669,7765,4253,886,528,6617,3605,184,105,1020,570,180,98,1050,585,4,3,0.0,0.5714285714285714,2683
Stuart Carrington,Joe Swail,7,1366,1219,0.692311529960642,0.5908547524545943,333,183,2159,1141,849,452,6592,3415,138,70,641,343,96,43,522,248,4,3,0.0,0.5714285714285714,2683
Mark Allen,Ali Carter,7,1532,1482,0.5680051367615364,0.5312093733737563,758,494,5273,2984,923,562,6513,3606,322,199,1180,685,194,117,1026,588,4,2,0.0,0.6666666666666666,2683
Kyren Wilson,Anthony Hamilton,7,1558,1412,0.691115079332653,0.5902502519301834,475,296,3141,1746,845,491,6486,3465,341,210,1312,741,121,64,698,370,4,2,0.0,0.6666666666666666,2683
Ricky Walden,Mark Allen,7,1350,1532,0.2672511194925776,0.3881726309982629,835,502,5855,3222,758,494,5273,2984,141,70,1101,571,322,199,1180,685,4,2,0.0,0.6666666666666666,2683
Chris Wakelin,Mark King,7,1316,1416,0.36607269253409314,0.43782349911420193,187,95,1251,630,952,538,6981,3688,122,63,585,291,213,121,959,536,4,3,0.0,0.5714285714285714,2683
Neil Robertson,Craig Steadman,7,1488,1289,0.7513122476997512,0.6218716423074662,922,605,6725,3845,439,234,2895,1509,251,140,1136,662,106,55,493,233,4,2,0.0,0.6666666666666666,2683
Stephen Maguire,Joe Perry,7,1422,1438,0.4781366606027012,0.4900013331200346,945,626,6932,3949,1051,624,7554,4094,216,119,1128,654,227,131,1083,596,4,0,0.0,1.0,2683
Jack Lisowski,Zhang Yong,7,1506,1185,0.8613262329678552,0.6905090012275708,435,264,2855,1562,105,42,651,275,253,153,829,465,92,37,456,191,4,1,0.0,0.8,2683
Graeme Dott,Mark Davis,7,1381,1483,0.3635067817280711,0.4365932137378064,863,502,6603,3531,1107,669,7765,4253,153,81,853,441,184,105,1020,570,4,0,0.0,1.0,2683
Stuart Carrington,Zhao Xintong,7,1366,1437,0.4039387802743521,0.4557411415821268,333,183,2159,1141,151,80,1024,547,138,70,641,343,148,77,575,294,4,1,0.0,0.8,2683
Neil Robertson,Ricky Walden,7,1488,1350,0.6814665603465866,0.585404569129465,922,605,6725,3845,835,502,5855,3222,251,140,1136,662,141,70,1101,571,4,2,0.0,0.6666666666666666,2683
Stephen Maguire,Kyren Wilson,7,1422,1558,0.32096653442831036,0.4158094770645927,945,626,6932,3949,475,296,3141,1746,216,119,1128,654,341,210,1312,741,4,2,0.0,0.6666666666666666,2683
Jack Lisowski,Graeme Dott,7,1506,1381,0.6655072126279344,0.5774953651858118,435,264,2855,1562,863,502,6603,3531,253,153,829,465,153,81,853,441,4,0,0.0,1.0,2683
Stuart Carrington,Chris Wakelin,7,1366,1316,0.5680051367615364,0.5312093733737563,333,183,2159,1141,187,95,1251,630,138,70,641,343,122,63,585,291,4,2,0.0,0.6666666666666666,2683
Neil Robertson,Stuart Carrington,9,1488,1366,0.6806355880474421,0.5756643510425494,922,605,6725,3845,333,183,2159,1141,251,140,1136,662,138,70,641,343,5,0,0.0,1.0,2683
Jack Lisowski,Stephen Maguire,9,1506,1422,0.6268664452075894,0.5523079095743253,435,264,2855,1562,945,626,6932,3949,253,153,829,465,216,119,1128,654,5,1,0.0,0.8333333333333334,2683
Neil Robertson,Jack Lisowski,9,1488,1506,0.47233779389677,0.4887518980531451,922,605,6725,3845,435,264,2855,1562,251,140,1136,662,253,153,829,465,5,2,0.0,0.7142857142857143,2683
Chen Zhe,Tugba Irten,7,1177,997,0.7305169455924372,0.610639233949222,198,93,1219,589,15,8,89,42,0,0,242,99,0,0,41,17,4,0,0.0,1.0,2677
Wang Zepeng,Ryan Thomerson,7,1088,1000,0.6184015843393024,0.5547792351072148,33,16,186,90,13,3,80,31,0,0,0,0,0,0,36,11,4,1,0.0,0.8,2677
Long Zehuang,James Welch,7,962,1000,0.44820271004203943,0.4762678458734389,7,2,37,11,0,0,0,0,0,0,0,0,0,0,0,0,4,1,0.0,0.8,2677
Fang Xiongman,Constantin Mateescu,7,1163,1000,0.7111524094404451,0.6004882745269664,73,31,439,197,0,0,0,0,0,0,285,122,0,0,0,0,4,0,0.0,1.0,2677
Michael Williams,James Burrett,7,1129,844,0.8332252833962372,0.6709533329057776,58,32,291,160,33,7,168,51,0,0,111,65,0,0,24,7,4,0,0.0,1.0,2677
Ronan Whyte,Kurtis Weaver,7,1000,990,0.51366902727117,0.5062496744995104,0,0,0,0,9,3,49,23,0,0,0,0,0,0,0,0,4,1,0.0,0.8,2677
Patrick Whelan,Jaspal Bamotra,7,970,964,0.5082025098106111,0.5037499296890819,15,4,78,32,5,1,24,6,11,7,59,25,0,0,19,5,4,0,0.0,1.0,2677
Daniel Ward,Daniel Kandi,7,1217,996,0.774213209168811,0.6347154153791584,112,65,641,365,1,0,5,1,0,0,75,43,0,0,0,0,4,2,0.0,0.6666666666666666,2677
Charlie Walters,Haydon Pinhey,7,1092,998,0.6261916833783177,0.5584811124381613,98,40,538,249,8,4,48,23,6,2,125,65,0,0,48,23,4,3,0.0,0.5714285714285714,2677
Joel Walker,Antony Parsons,7,1171,1104,0.5907526477758748,0.5417773692836367,162,72,1037,486,90,42,545,264,0,0,90,36,0,0,89,48,4,2,0.0,0.6666666666666666,2677
Mark Vincent,Aaron Holland,7,901,1000,0.36735805091226303,0.4384389296638045,43,12,219,83,0,0,0,0,0,0,30,13,0,0,0,0,4,1,0.0,0.8,2677
Ma Tingpeng,Ka Wai Cheung,7,1013,983,0.5409388610739393,0.5187412158785352,22,9,124,57,5,1,32,10,0,0,38,21,8,4,32,10,4,3,0.0,0.5714285714285714,2677
William Thomson,Billy Ginn,7,971,989,0.47540722540195457,0.4887518980531451,2,0,9,1,3,1,15,6,0,0,0,0,6,2,15,6,4,0,0.0,1.0,2677
Zak Surety,Darren Burns,7,1153,974,0.7293972619311108,0.610044672404527,125,56,739,349,19,7,104,43,0,0,185,89,0,0,32,13,4,0,0.0,1.0,2677
Andrew Smith,Jake Keen,7,1000,998,0.5027343522137269,0.5012499973958399,0,0,0,0,4,2,22,11,0,0,0,0,0,0,0,0,4,0,0.0,1.0,2677
Luke Simmonds,John Parkin,7,1186,1015,0.7203516579445735,0.6052765337748445,125,66,839,429,20,9,101,47,59,25,122,54,0,0,10,5,4,3,0.0,0.5714285714285714,2677
Wu Shengguang,Adam Brown,7,978,986,0.48906395814377107,0.4950001666600003,2,0,9,1,2,0,11,3,0,0,0,0,0,0,11,3,4,1,0.0,0.8,2677
Lee Shanker,Luke Garland,7,890,1056,0.2853801489272095,0.3977138231113694,32,7,166,53,24,14,139,73,0,0,23,7,0,0,0,0,4,0,0.0,1.0,2677
Brandon Sargeant,Christopher Keogan,7,1085,1141,0.42393453930920916,0.4650570548417855,71,29,409,194,140,54,793,358,6,2,200,96,0,0,272,110,4,3,0.0,0.5714285714285714,2677
Chae Ross,Dean Goddard,7,1029,978,0.5693507188778237,0.5318318894162242,5,3,29,17,6,2,30,11,0,0,29,17,0,0,0,0,4,2,0.0,0.6666666666666666,2677
John Pritchett,Richard Somauroo,7,986,836,0.6958878075458884,0.5926665999540697,8,2,43,18,104,31,663,265,0,0,0,0,0,0,11,4,4,1,0.0,0.8,2677
Barry Pinches,Umut Dikme,7,1230,1051,0.7293972619311108,0.610044672404527,732,378,5688,2953,6,4,28,19,11,4,170,96,10,6,28,19,4,2,0.0,0.6666666666666666,2677
Andrew Pagett,Louis Heathcote,7,1168,1049,0.6580301976734948,0.5738312575916094,251,113,1657,797,34,13,187,85,19,14,52,26,0,0,109,53,4,1,0.0,0.8,2677
Brian Ochoiski,Imran Puri,7,987,677,0.853127093984388,0.6846015003234307,3,1,18,7,61,9,300,69,7,3,18,7,0,0,38,15,4,2,0.0,0.6666666666666666,2677
Jamie O'Neill,Kacper Filipiak,7,1190,1130,0.5814204865006773,0.5374298453437496,283,147,1789,928,82,35,444,192,11,7,78,45,0,0,92,55,4,3,0.0,0.5714285714285714,2677
Phil O'Kane,Sam Thistlewhite,7,1046,1103,0.4225943374899878,0.4644351620161461,88,40,453,213,84,40,442,218,0,0,102,55,0,0,86,49,4,2,0.0,0.6666666666666666,2677
Heikki Niva,Leong Man Hoi,7,1026,978,0.5653114683109788,0.5299640517645717,7,3,38,21,2,0,10,2,7,3,38,21,0,0,0,0,4,0,0.0,1.0,2677
Saqib Nasir,Simon Dent,7,1110,1015,0.6274848196821066,0.559097471902393,91,46,502,264,32,13,171,81,0,0,97,55,0,0,75,35,4,0,0.0,1.0,2677
Andy Milliard,Niel Vincent,7,996,991,0.5068355814796678,0.5031249593105316,1,0,7,3,1,0,5,1,0,0,7,3,0,0,5,1,4,3,0.0,0.5714285714285714,2677
Stefan Mazrocis,James Height,7,1065,977,0.6184015843393024,0.5547792351072148,350,194,2809,1472,3,1,17,6,0,0,0,0,0,0,17,6,4,2,0.0,0.6666666666666666,2677
Mitchell Mann,Daniel Womersley,7,1262,1013,0.8014494333741898,0.6507869207968349,234,108,1487,715,25,9,141,59,0,0,432,198,11,4,141,59,4,2,0.0,0.6666666666666666,2677
Callum Lloyd,Vladu Mihai,7,946,984,0.44820271004203943,0.4762678458734389,24,6,124,48,2,0,12,4,0,0,15,6,0,0,7,3,4,1,0.0,0.8,2677
Andy Lee,Joshua Thomond,7,1059,1006,0.5720392978025534,0.5330766223661046,113,50,676,316,20,9,109,52,67,19,83,28,0,0,97,48,4,2,0.0,0.6666666666666666,2677
Daegyu Lee,Peter Delaney,7,1000,799,0.7534472409879828,0.6230466603666162,0,0,0,0,36,7,223,70,0,0,0,0,0,0,29,8,4,1,0.0,0.8,2677
Keith Keldie,Shafaqut Hussain,7,952,970,0.47540722540195457,0.4887518980531451,10,2,58,20,2,0,8,0,0,0,27,8,0,0,8,0,4,3,0.0,0.5714285714285714,2677
Ning Kang,Matthew Roberts,7,1000,970,0.5409388610739393,0.5187412158785352,0,0,0,0,6,2,30,10,0,0,0,0,10,5,30,10,4,1,0.0,0.8,2677
Michael Judge,John Whitty,7,1231,1105,0.6667467241528153,0.5781052328843092,476,274,3829,2045,213,117,1503,774,11,3,11,3,0,0,0,0,4,1,0.0,0.8,2677
Kuldesh Johal,Paul Burrell,7,1189,891,0.843794955427504,0.6780882495516275,207,116,1376,734,19,4,119,41,6,2,90,46,0,0,30,8,4,2,0.0,0.6666666666666666,2677
Clayton Humphries,Tam Mustafa,7,1031,1027,0.5054685677142574,0.5024999791668749,14,7,85,44,52,25,294,141,0,0,62,32,0,0,0,0,4,0,0.0,1.0,2677
Kristjan Helgason,Iulian Boiko,7,1291,1003,0.8357070215370299,0.6726070170677604,150,89,1268,701,2,1,11,5,0,0,21,10,11,5,11,5,4,0,0.0,1.0,2677
Ben Hancorn,Omar Alajlani,7,994,1000,0.4917974901893887,0.496250070310918,21,8,140,65,0,0,0,0,0,0,0,0,0,0,0,0,4,1,0.0,0.8,2677
Steven Hallworth,Mark Ganderton,7,1220,787,0.9266101533502596,0.7469667935196899,97,39,569,258,74,18,515,185,12,6,238,121,0,0,0,0,4,0,0.0,1.0,2677
Brandon Hall,Ryan Causton,7,972,1066,0.37380831662168224,0.44151888756183866,2,0,8,0,124,64,660,323,0,0,8,0,0,0,105,52,4,0,0.0,1.0,2677
Matthew Glasby,Reanne Evans,7,963,1087,0.3357342215120212,0.42311473886795364,42,16,226,98,137,52,765,327,13,7,87,42,0,0,105,54,4,3,0.0,0.5714285714285714,2677
Dylan Emery,Alex Millington,7,1018,1000,0.5245927745980452,0.5112481019468548,3,2,13,8,0,0,0,0,13,8,13,8,0,0,0,0,4,3,0.0,0.5714285714285714,2677
Adam Duffy,Simon Blackwell,7,1200,1015,0.7360780864464773,0.6136070778047783,335,165,2129,1074,7,3,36,18,49,18,428,195,0,0,36,18,4,3,0.0,0.5714285714285714,2677
Himanshu Dinesh Jain,Sean Maddocks,7,1000,1002,0.4972656477862734,0.49875000260416025,0,0,0,0,2,1,11,6,0,0,0,0,11,6,11,6,4,1,0.0,0.8,2677
Peter Devlin,Alex Taubman,7,952,1111,0.29350342132334917,0.40191313966779657,26,9,132,53,161,72,879,404,7,3,55,24,10,6,135,66,4,0,0.0,1.0,2677
Matthew Day,Aaron Cook,7,1095,910,0.7360780864464773,0.6136070778047783,145,69,781,382,7,0,30,2,0,0,97,52,0,0,18,2,4,1,0.0,0.8,2677
Dylan Craig,James Silverwood,7,1158,991,0.7157709624772323,0.6028848673274662,56,33,306,168,77,25,411,168,0,0,48,23,0,0,57,32,4,3,0.0,0.5714285714285714,2677
Matthew Couch,Daniel Devlin,7,1112,1005,0.6428793213307702,0.5664790559676278,517,292,3945,2071,6,3,28,14,0,0,0,0,0,0,28,14,4,1,0.0,0.8,2677
Callum Costello,Jamie Brown,7,992,987,0.5068355814796678,0.5031249593105316,3,1,14,5,13,4,74,32,0,0,14,5,0,0,46,24,4,1,0.0,0.8,2677
Jamie Cope,Ahmed Elsayed,7,1219,1000,0.7721850273226749,0.633555377636775,556,296,3757,1911,0,0,0,0,0,0,258,120,0,0,0,0,4,0,0.0,1.0,2677
Shane Castle,Ben Fortey,7,1060,1009,0.5693507188778237,0.5318318894162242,61,25,365,168,19,7,100,45,6,2,23,11,0,0,26,18,4,2,0.0,0.6666666666666666,2677
Greg Casey,Heather Clare,7,1046,938,0.644151517953897,0.5670929049654543,18,8,115,56,4,0,16,0,0,0,74,34,0,0,8,0,4,0,0.0,1.0,2677
James Cahill,Steve Martin,7,1200,996,0.756630061657872,0.6248064744684293,154,54,990,425,1,0,7,3,87,43,324,147,0,0,0,0,4,0,0.0,1.0,2677
Oliver Brown,Labeeb Ahmed,7,1195,978,0.7701459815525172,0.6323937895695628,178,81,974,465,4,1,17,5,10,4,165,87,0,0,17,5,4,2,0.0,0.6666666666666666,2677
Jack Bradford,Daniel Gorton,7,943,972,0.46042091137016095,0.4818829349568186,42,12,221,85,2,0,8,0,14,10,45,22,0,0,8,0,4,1,0.0,0.8,2677
Jamie Barrett,Steven Evans,7,995,1035,0.44549420086403224,0.47502081252106,79,30,447,183,63,35,441,230,8,4,242,80,0,0,0,0,4,0,0.0,1.0,2677
Ahmed Aseeri,Jason Turnbull,7,1000,936,0.5867595016023184,0.5399148845555657,0,0,0,0,4,0,17,1,0,0,0,0,0,0,17,1,4,1,0.0,0.8,2677
Farakh Ajaib,Andy Marriott,7,995,921,0.6000303895586184,0.5461185410457796,39,16,220,100,22,5,125,46,15,3,55,20,0,0,12,4,4,3,0.0,0.5714285714285714,2677
Chen Zhe,Fraser Patrick,7,1177,1187,0.4863309727288301,0.49375032550048964,198,93,1219,589,198,81,1299,594,0,0,242,99,7,3,237,104,4,2,0.0,0.6666666666666666,2677
Wang Zepeng,Ben Jones,7,1088,1123,0.4522702554497651,0.47813894602839846,33,16,186,90,91,47,468,238,0,0,0,0,12,8,129,71,4,0,0.0,1.0,2677
Wang Yuchen,Zak Surety,7,1060,1153,0.37510296628937845,0.4421354272792655,61,16,390,146,125,56,739,349,0,0,227,83,0,0,185,89,4,0,0.0,1.0,2677
Fang Xiongman,Marc Davis,7,1163,1095,0.5920814957526257,0.542397940774351,73,31,439,197,120,54,634,296,0,0,285,122,0,0,97,45,4,1,0.0,0.8,2677
Michael Wild,Ronan Whyte,7,1144,1000,0.6887157040547041,0.5890404340586651,306,159,1879,989,0,0,0,0,16,11,221,88,0,0,0,0,4,0,0.0,1.0,2677
Charlie Walters,Sydney Wilson,7,1092,1117,0.465864760862579,0.4843800842769844,98,40,538,249,178,64,1062,467,6,2,125,65,0,0,203,76,4,3,0.0,0.5714285714285714,2677
Joel Walker,Owais Ali,7,1171,979,0.7437579445222342,0.617747874769249,162,72,1037,486,2,0,9,1,0,0,90,36,0,0,0,0,4,0,0.0,1.0,2677
Mark Vincent,Gary Challis,7,901,982,0.3907515745539448,0.4495472886604723,43,12,219,83,9,3,46,19,0,0,30,13,0,0,35,13,4,3,0.0,0.5714285714285714,2677
Ma Tingpeng,Dan Woolloff,7,1013,1000,0.5177671819164105,0.5081242849062608,22,9,124,57,0,0,0,0,0,0,38,21,0,0,0,0,4,0,0.0,1.0,2677
Andrew Smith,Matthew Day,7,1000,1095,0.37251518031789344,0.440902528097607,0,0,0,0,145,69,781,382,0,0,0,0,0,0,97,52,4,1,0.0,0.8,2677
Luke Simmonds,Lewis Ullah,7,1186,1000,0.7371828058525272,0.6141996427768951,125,66,839,429,0,0,0,0,59,25,122,54,0,0,0,0,4,3,0.0,0.5714285714285714,2677
Wu Shengguang,Luke Pinches,7,978,999,0.4713154170628733,0.4868780138177567,2,0,9,1,6,3,33,15,0,0,0,0,15,8,33,15,4,1,0.0,0.8,2677
Brandon Sargeant,John Foster,7,1085,1013,0.5973854695265872,0.5448788923735801,71,29,409,194,10,4,59,28,6,2,200,96,0,0,59,28,4,0,0.0,1.0,2677
Tyler Rees,Ahmed Aseeri,7,979,1000,0.4713154170628733,0.4868780138177567,15,6,85,33,0,0,0,0,0,0,81,33,0,0,0,0,4,1,0.0,0.8,2677
Laxman Rawat,Haider Ali,7,1020,1000,0.5273209820427867,0.5124973964842103,7,2,47,19,0,0,0,0,0,0,4,0,0,0,0,0,4,1,0.0,0.8,2677
Dechawat Poomjaeng,Ross Bulman,7,1227,1000,0.7802322205466414,0.6381861133090055,242,124,1749,879,0,0,0,0,35,12,294,135,0,0,0,0,4,1,0.0,0.8,2677
Barry Pinches,Callum Costello,7,1230,992,0.7910094256982455,0.6445115537062945,732,378,5688,2953,3,1,14,5,11,4,170,96,0,0,14,5,4,1,0.0,0.8,2677
Andres Petrov,Daniel Walker,7,1040,1000,0.5545057991359676,0.52497918747894,13,7,78,38,0,0,0,0,0,0,37,15,0,0,0,0,4,0,0.0,1.0,2677
Jackson Page,Saqib Nasir,7,1149,1110,0.5531518743848329,0.5243557087682073,29,15,180,88,91,46,502,264,26,18,180,88,0,0,97,55,4,2,0.0,0.6666666666666666,2677
Ng On Yee,Ning Kang,7,996,1000,0.4945314322857424,0.49750002083312506,18,9,113,51,0,0,0,0,15,9,101,47,0,0,0,0,4,2,0.0,0.6666666666666666,2677
Brian Ochoiski,Andreas Ploner,7,987,1069,0.3894398892710193,0.448928730692658,3,1,18,7,58,26,311,147,7,3,18,7,14,8,101,51,4,2,0.0,0.6666666666666666,2677
Jamie O'Neill,Matthew Couch,7,1190,1112,0.6053054839891849,0.5485961085831343,283,147,1789,928,517,292,3945,2071,11,7,78,45,0,0,0,0,4,0,0.0,1.0,2677
Heikki Niva,Jenson Kendrick,7,1026,986,0.5545057991359676,0.52497918747894,7,3,38,21,5,1,28,11,7,3,38,21,5,1,28,11,4,3,0.0,0.5714285714285714,2677
Andy Milliard,Lucky Vatnani,7,996,979,0.5232282019769063,0.5106234010049637,1,0,7,3,73,26,412,172,0,0,7,3,0,0,51,23,4,3,0.0,0.5714285714285714,2677
Jamie McArdle,Lee Shanker,7,1002,890,0.6492231123314619,0.569546223939229,6,2,33,16,32,7,166,53,0,0,17,8,0,0,23,7,4,0,0.0,1.0,2677
Bash Maqsood,William Thomson,7,934,971,0.44955793756481255,0.4768914745109111,21,5,117,42,2,0,9,1,0,0,10,2,0,0,0,0,4,1,0.0,0.8,2677
Mitchell Mann,Belan Sharif,7,1262,1000,0.8133483117002799,0.6581363150480182,234,108,1487,715,0,0,0,0,0,0,432,198,0,0,0,0,4,0,0.0,1.0,2677
David Lilley,Michael Williams,7,1229,1129,0.6339273074659068,0.5621765008857981,86,47,538,281,58,32,291,160,109,47,262,132,0,0,111,65,4,3,0.0,0.5714285714285714,2677
Andy Lee,Dessie Sheehan,7,1059,688,0.8944224841553805,0.7165678145577145,113,50,676,316,176,34,1317,480,67,19,83,28,0,0,24,2,4,0,0.0,1.0,2677
Daegyu Lee,Stefan Mazrocis,7,1000,1065,0.4119083649163239,0.4594641607262107,0,0,0,0,350,194,2809,1472,0,0,0,0,0,0,0,0,4,1,0.0,0.8,2677
Michael Judge,Geng Mingqi,7,1231,1017,0.7670671244589201,0.6306485256510744,476,274,3829,2045,13,5,77,36,11,3,11,3,0,0,29,17,4,3,0.0,0.5714285714285714,2677
Kuldesh Johal,Jed Mann,7,1189,1000,0.7404818133197837,0.6159753019181258,207,116,1376,734,0,0,0,0,6,2,90,46,0,0,0,0,4,1,0.0,0.8,2677
Anthony Jeffers,Matthew Glasby,7,1014,963,0.5693507188778237,0.5318318894162242,11,5,61,29,42,16,226,98,0,0,19,8,13,7,87,42,4,2,0.0,0.6666666666666666,2677
Clayton Humphries,Jamie Trump,7,1031,1000,0.5422981239384312,0.519365308229932,14,7,85,44,0,0,0,0,0,0,62,32,0,0,0,0,4,0,0.0,1.0,2677
Andy Hicks,Long Zehuang,7,1245,962,0.8315565774707512,0.6698485160570237,614,331,4928,2554,7,2,37,11,5,1,281,142,0,0,0,0,4,2,0.0,0.6666666666666666,2677
Kristjan Helgason,David Craggs,7,1291,1125,0.7146198510727906,0.6022861768886306,150,89,1268,701,155,75,939,472,0,0,21,10,0,0,3,1,4,1,0.0,0.8,2677
Hu Hao,Liu Jiaming,7,1165,972,0.7448448720621436,0.6183380393302829,40,20,223,116,11,2,65,24,0,0,93,48,0,0,0,0,4,2,0.0,0.6666666666666666,2677
Ben Hancorn,David Grace,7,994,1281,0.16511738253411098,0.3279437373497286,21,8,140,65,315,144,2085,1006,0,0,0,0,14,10,439,215,4,1,0.0,0.8,2677
Steven Hallworth,William Lemons,7,1220,1041,0.7293972619311108,0.610044672404527,97,39,569,258,40,17,237,108,12,6,238,121,0,0,61,30,4,3,0.0,0.5714285714285714,2677
Brandon Hall,Mateusz Baranowski,7,972,1065,0.37510296628937845,0.4421354272792655,2,0,8,0,38,19,208,102,0,0,8,0,11,7,111,50,4,2,0.0,0.6666666666666666,2677
Leo Fernandez,Daniel Ward,7,1172,1217,0.4387350506415305,0.4719046255916129,414,247,3145,1684,112,65,641,365,0,0,79,23,0,0,75,43,4,3,0.0,0.5714285714285714,2677
Adam Edge,Dylan Emery,7,1021,1018,0.5041014855971089,0.5018749912109869,45,18,256,118,3,2,13,8,0,0,88,43,13,8,13,8,4,2,0.0,0.6666666666666666,2677
Adam Duffy,Wayne Townsend,7,1200,988,0.7650010839038448,0.6294831119673949,335,165,2129,1074,35,16,227,109,49,18,428,195,0,0,22,4,4,2,0.0,0.6666666666666666,2677
Himanshu Dinesh Jain,Manasawin Phetmalaikul,7,1000,965,0.5477297445502348,0.5218610539716015,0,0,0,0,7,2,37,13,0,0,0,0,0,0,31,11,4,2,0.0,0.6666666666666666,2677
Peter Devlin,Dave Nelson,7,952,1000,0.4346885316890212,0.4700359482354282,26,9,132,53,0,0,0,0,7,3,55,24,0,0,0,0,4,0,0.0,1.0,2677
Jamie Cope,Corey Deuel,7,1219,966,0.8051614968205012,0.6530561132866127,556,296,3757,1911,11,2,66,25,0,0,258,120,0,0,37,16,4,0,0.0,1.0,2677
Joshua Cooper,Danny Brindle,7,1005,891,0.651748409886971,0.5707716118944918,27,12,141,64,15,1,79,21,0,0,89,46,0,0,10,2,4,0,0.0,1.0,2677
Michael Collumb,Phil O'Kane,7,1093,1046,0.5639634145132848,0.5293412500457856,63,27,344,170,88,40,453,213,0,0,117,62,0,0,102,55,4,2,0.0,0.6666666666666666,2677
Thor Chuan Leong,Alex Borg,7,1160,1119,0.5558590476581076,0.5256025883246178,88,24,585,235,369,156,2633,1198,75,31,387,157,0,0,286,115,4,1,0.0,0.8,2677
Shane Castle,Jack Bradford,7,1060,943,0.6555229391190917,0.5726080638632601,61,25,365,168,42,12,221,85,6,2,23,11,14,10,45,22,4,0,0.0,1.0,2677
Greg Casey,Felix Frede,7,1046,962,0.6131794491635048,0.5523079095743253,18,8,115,56,29,11,151,64,0,0,74,34,14,7,69,27,4,3,0.0,0.5714285714285714,2677
Ashley Carty,John Pritchett,7,1245,986,0.810644856301382,0.6564468724566059,135,69,790,404,8,2,43,18,92,38,212,106,0,0,0,0,4,0,0.0,1.0,2677
James Cahill,Andrew Pagett,7,1200,1168,0.5436568604546561,0.5199893401555818,154,54,990,425,251,113,1657,797,87,43,324,147,19,14,52,26,4,1,0.0,0.8,2677
Oliver Brown,Sergey Isaenko,7,1195,1000,0.7470110120975012,0.6195173196470847,178,81,974,465,7,3,36,16,10,4,165,87,13,8,13,8,4,0,0.0,1.0,2677
Simon Bedford,Jake Nicholson,7,1209,1023,0.7371828058525272,0.6141996427768951,427,248,3260,1752,89,30,471,195,23,12,60,34,15,8,99,48,4,0,0.0,1.0,2677
Jamie Barrett,Jeff Cundy,7,995,1130,0.32218616531476235,0.41641688448272474,79,30,447,183,523,277,3651,1891,8,4,242,80,0,0,78,35,4,1,0.0,0.8,2677
Farakh Ajaib,George Pragnall,7,995,1135,0.31610864255174254,0.41338242108267,39,16,220,100,47,24,274,136,15,3,55,20,14,7,131,71,4,0,0.0,1.0,2677
Chen Zhe,Leo Fernandez,7,1177,1172,0.5068355814796678,0.5031249593105316,198,93,1219,589,414,247,3145,1684,0,0,242,99,0,0,79,23,4,1,0.0,0.8,2677
Wang Zepeng,Brian Ochoiski,7,1088,987,0.6352110684578025,0.5627917401386452,33,16,186,90,3,1,18,7,0,0,0,0,7,3,18,7,4,3,0.0,0.5714285714285714,2677
Wang Yuchen,Mitchell Mann,7,1060,1262,0.24548919020671256,0.37636637170177395,61,16,390,146,234,108,1487,715,0,0,227,83,0,0,432,198,4,2,0.0,0.6666666666666666,2677
Fang Xiongman,Hu Hao,7,1163,1165,0.4972656477862734,0.49875000260416025,73,31,439,197,40,20,223,116,0,0,285,122,0,0,93,48,4,3,0.0,0.5714285714285714,2677
Joel Walker,Wu Shengguang,7,1171,978,0.7448448720621436,0.6183380393302829,162,72,1037,486,2,0,9,1,0,0,90,36,0,0,0,0,4,1,0.0,0.8,2677
Brandon Sargeant,Jamie O'Neill,7,1085,1190,0.3596701363363135,0.43474925243290014,71,29,409,194,283,147,1789,928,6,2,200,96,11,7,78,45,4,3,0.0,0.5714285714285714,2677
Chae Ross,Joshua Cooper,7,1029,1005,0.5327731710226205,0.51499550161941,5,3,29,17,27,12,141,64,0,0,29,17,0,0,89,46,4,1,0.0,0.8,2677
Tyler Rees,Andres Petrov,7,979,1040,0.41724321907824724,0.4619487156141408,15,6,85,33,13,7,78,38,0,0,81,33,0,0,37,15,4,1,0.0,0.8,2677
Laxman Rawat,Hans Blanckaert,7,1020,831,0.7404818133197837,0.6159753019181258,7,2,47,19,106,24,562,194,0,0,4,0,0,0,22,6,4,1,0.0,0.8,2677
Dechawat Poomjaeng,Ng On Yee,7,1227,996,0.7841899555246323,0.6404919537233386,242,124,1749,879,18,9,113,51,35,12,294,135,15,9,101,47,4,1,0.0,0.8,2677
Barry Pinches,Charlie Walters,7,1230,1092,0.6814665603465866,0.585404569129465,732,378,5688,2953,98,40,538,249,11,4,170,96,6,2,125,65,4,0,0.0,1.0,2677
Jackson Page,Bash Maqsood,7,1149,934,0.7680961089120268,0.6312306626164005,29,15,180,88,21,5,117,42,26,18,180,88,0,0,10,2,4,1,0.0,0.8,2677
David Lilley,Ma Tingpeng,7,1229,1013,0.7691223962231968,0.6318124177361016,86,47,538,281,22,9,124,57,109,47,262,132,0,0,38,21,4,1,0.0,0.8,2677
Andy Lee,Patrick Whelan,7,1059,970,0.6197035864994962,0.5553966483205892,113,50,676,316,15,4,78,32,67,19,83,28,11,7,59,25,4,0,0.0,1.0,2677
Michael Judge,Andrew Smith,7,1231,1000,0.7841899555246323,0.6404919537233386,476,274,3829,2045,0,0,0,0,11,3,11,3,0,0,0,0,4,1,0.0,0.8,2677
Kuldesh Johal,Ben Hancorn,7,1189,994,0.7470110120975012,0.6195173196470847,207,116,1376,734,21,8,140,65,6,2,90,46,0,0,0,0,4,2,0.0,0.6666666666666666,2677
Anthony Jeffers,Mark Vincent,7,1014,901,0.6504866469700167,0.5701590253818352,11,5,61,29,43,12,219,83,0,0,19,8,0,0,30,13,4,1,0.0,0.8,2677
Kishan Hirani,Jamie Barrett,7,1075,995,0.6079354159352611,0.549833997312478,144,66,779,363,79,30,447,183,70,18,196,86,8,4,242,80,4,2,0.0,0.6666666666666666,2677
Andy Hicks,Daegyu Lee,7,1245,1000,0.7976923211673973,0.6485108747389209,614,331,4928,2554,0,0,0,0,5,1,281,142,0,0,0,0,4,1,0.0,0.8,2677
Kristjan Helgason,Dylan Craig,7,1291,1158,0.67536846283006,0.5823675407280794,150,89,1268,701,56,33,306,168,0,0,21,10,0,0,48,23,4,1,0.0,0.8,2677
Steven Hallworth,Michael Wild,7,1220,1144,0.6026704349193375,0.5473576181430894,97,39,569,258,306,159,1879,989,12,6,238,121,16,11,221,88,4,1,0.0,0.8,2677
Brandon Hall,Luke Simmonds,7,972,1186,0.23293287554107978,0.36935147434892557,2,0,8,0,125,66,839,429,0,0,8,0,59,25,122,54,4,3,0.0,0.5714285714285714,2677
Adam Duffy,Heikki Niva,7,1200,1026,0.7237619985420221,0.6070669880717036,335,165,2129,1074,7,3,38,21,49,18,428,195,7,3,38,21,4,1,0.0,0.8,2677
Himanshu Dinesh Jain,Clayton Humphries,7,1000,1031,0.4577018760615691,0.4806346917700681,0,0,0,0,14,7,85,44,0,0,0,0,0,0,62,32,4,3,0.0,0.5714285714285714,2677
Jamie Cope,Callum Lloyd,7,1219,946,0.8230423767770356,0.6642964428999887,556,296,3757,1911,24,6,124,48,0,0,258,120,0,0,15,6,4,2,0.0,0.6666666666666666,2677
Thor Chuan Leong,Keith Keldie,7,1160,952,0.7608368593181393,0.6271477663131956,88,24,585,235,10,2,58,20,75,31,387,157,0,0,27,8,4,1,0.0,0.8,2677
Greg Casey,Peter Devlin,7,1046,952,0.6261916833783177,0.5584811124381613,18,8,115,56,26,9,132,53,0,0,74,34,7,3,55,24,4,3,0.0,0.5714285714285714,2677
Ashley Carty,Andy Milliard,7,1245,996,0.8014494333741898,0.6507869207968349,135,69,790,404,1,0,7,3,92,38,212,106,0,0,7,3,4,1,0.0,0.8,2677
James Cahill,Jamie McArdle,7,1200,1002,0.7502408354966205,0.6212835951910678,154,54,990,425,6,2,33,16,87,43,324,147,0,0,17,8,4,2,0.0,0.6666666666666666,2677
Oliver Brown,Adam Edge,7,1195,1021,0.7237619985420221,0.6070669880717036,178,81,974,465,45,18,256,118,10,4,165,87,0,0,88,43,4,2,0.0,0.6666666666666666,2677
Simon Bedford,Michael Collumb,7,1209,1093,0.6542665688127887,0.5719961329315186,427,248,3260,1752,63,27,344,170,23,12,60,34,0,0,117,62,4,0,0.0,1.0,2677
Farakh Ajaib,Shane Castle,7,995,1060,0.4119083649163239,0.4594641607262107,39,16,220,100,61,25,365,168,15,3,55,20,6,2,23,11,4,3,0.0,0.5714285714285714,2677
Chen Zhe,Oliver Brown,7,1177,1195,0.47540722540195457,0.4887518980531451,198,93,1219,589,178,81,974,465,0,0,242,99,10,4,165,87,4,0,0.0,1.0,2677
Wang Yuchen,Joel Walker,7,1060,1171,0.35204218100893303,0.43106679063045344,61,16,390,146,162,72,1037,486,0,0,227,83,0,0,90,36,4,2,0.0,0.6666666666666666,2677
Fang Xiongman,Steven Hallworth,7,1163,1220,0.4225943374899878,0.4644351620161461,73,31,439,197,97,39,569,258,0,0,285,122,12,6,238,121,4,3,0.0,0.5714285714285714,2677
David Lilley,Jackson Page,7,1229,1149,0.6079354159352611,0.549833997312478,86,47,538,281,29,15,180,88,109,47,262,132,26,18,180,88,4,1,0.0,0.8,2677
Andy Lee,Wang Zepeng,7,1059,1088,0.46042091137016095,0.4818829349568186,113,50,676,316,33,16,186,90,67,19,83,28,0,0,0,0,4,2,0.0,0.6666666666666666,2677
Michael Judge,Brandon Hall,7,1231,972,0.810644856301382,0.6564468724566059,476,274,3829,2045,2,0,8,0,11,3,11,3,0,0,8,0,4,0,0.0,1.0,2677
Kuldesh Johal,Adam Duffy,7,1189,1200,0.48496472766542054,0.4931254332354657,207,116,1376,734,335,165,2129,1074,6,2,90,46,49,18,428,195,4,2,0.0,0.6666666666666666,2677
Kishan Hirani,Brandon Sargeant,7,1075,1085,0.4863309727288301,0.49375032550048964,144,66,779,363,71,29,409,194,70,18,196,86,6,2,200,96,4,0,0.0,1.0,2677
Andy Hicks,Barry Pinches,7,1245,1230,0.5204982038546295,0.5093739015216607,614,331,4928,2554,732,378,5688,2953,5,1,281,142,11,4,170,96,4,3,0.0,0.5714285714285714,2677
Himanshu Dinesh Jain,Dechawat Poomjaeng,7,1000,1227,0.21976777945335846,0.36181388669099446,0,0,0,0,242,124,1749,879,0,0,0,0,35,12,294,135,4,2,0.0,0.6666666666666666,2677
Thor Chuan Leong,Kristjan Helgason,7,1160,1291,0.32708497904170997,0.41884903571060617,88,24,585,235,150,89,1268,701,75,31,387,157,0,0,21,10,4,1,0.0,0.8,2677
Greg Casey,Jamie Cope,7,1046,1219,0.27737236637321583,0.3935295129316965,18,8,115,56,556,296,3757,1911,0,0,74,34,0,0,258,120,4,3,0.0,0.5714285714285714,2677
Ashley Carty,Tyler Rees,7,1245,979,0.8169132017945215,0.660382673079216,135,69,790,404,15,6,85,33,92,38,212,106,0,0,81,33,4,2,0.0,0.6666666666666666,2677
James Cahill,Chae Ross,7,1200,1029,0.7203516579445735,0.6052765337748445,154,54,990,425,5,3,29,17,87,43,324,147,0,0,29,17,4,0,0.0,1.0,2677
Simon Bedford,Laxman Rawat,7,1209,1020,0.7404818133197837,0.6159753019181258,427,248,3260,1752,7,2,47,19,23,12,60,34,0,0,4,0,4,0,0.0,1.0,2677
Farakh Ajaib,Anthony Jeffers,7,995,1014,0.47404295972292854,0.4881272322437472,39,16,220,100,11,5,61,29,15,3,55,20,0,0,19,8,4,2,0.0,0.6666666666666666,2677
Fang Xiongman,Farakh Ajaib,7,1163,995,0.7169197076810394,0.6034832498647263,73,31,439,197,39,16,220,100,0,0,285,122,15,3,55,20,4,3,0.0,0.5714285714285714,2677
Andy Lee,Andy Hicks,7,1059,1245,0.26281719414747273,0.38580035722310485,113,50,676,316,614,331,4928,2554,67,19,83,28,5,1,281,142,4,2,0.0,0.6666666666666666,2677
Kuldesh Johal,James Cahill,7,1189,1200,0.48496472766542054,0.4931254332354657,207,116,1376,734,154,54,990,425,6,2,90,46,87,43,324,147,4,3,0.0,0.5714285714285714,2677
Kishan Hirani,Michael Judge,7,1075,1231,0.2970193973349833,0.40371730070321216,144,66,779,363,476,274,3829,2045,70,18,196,86,11,3,11,3,4,0,0.0,1.0,2677
Himanshu Dinesh Jain,Chen Zhe,7,1000,1177,0.2728494984923345,0.3911454307890496,0,0,0,0,198,93,1219,589,0,0,0,0,0,0,242,99,4,1,0.0,0.8,2677
Thor Chuan Leong,Greg Casey,7,1160,1046,0.651748409886971,0.5707716118944918,88,24,585,235,18,8,115,56,75,31,387,157,0,0,74,34,4,0,0.0,1.0,2677
Ashley Carty,Wang Yuchen,7,1245,1060,0.7360780864464773,0.6136070778047783,135,69,790,404,61,16,390,146,92,38,212,106,0,0,227,83,4,1,0.0,0.8,2677
Simon Bedford,David Lilley,7,1209,1229,0.4726790179572131,0.4875026035157896,427,248,3260,1752,86,47,538,281,23,12,60,34,109,47,262,132,4,3,0.0,0.5714285714285714,2677
Andy Lee,Kuldesh Johal,7,1059,1189,0.32831469717042555,0.41945769517934034,113,50,676,316,207,116,1376,734,67,19,83,28,6,2,90,46,4,2,0.0,0.6666666666666666,2677
Kishan Hirani,Simon Bedford,7,1075,1209,0.3234078367146668,0.4170245457988005,144,66,779,363,427,248,3260,1752,70,18,196,86,23,12,60,34,4,2,0.0,0.6666666666666666,2677
Thor Chuan Leong,Fang Xiongman,7,1160,1163,0.4958985144028909,0.498125008789013,88,24,585,235,73,31,439,197,75,31,387,157,0,0,285,122,4,1,0.0,0.8,2677
Ashley Carty,Himanshu Dinesh Jain,7,1245,1000,0.7976923211673973,0.6485108747389209,135,69,790,404,0,0,0,0,92,38,212,106,0,0,0,0,4,2,0.0,0.6666666666666666,2677
Chen Zhe,Luke Pinches,7,1208,987,0.774213209168811,0.6347154153791584,203,97,1243,606,7,3,38,16,24,17,266,116,20,9,38,16,4,3,0.0,0.5714285714285714,2675
Wang Zepeng,Daniel Kandi,7,1105,994,0.6479578189910667,0.5689332093695465,37,19,208,104,2,0,11,3,22,14,22,14,6,2,6,2,4,1,0.0,0.8,2675
Fang Xiongman,Ronan Whyte,7,1181,999,0.732748880507422,0.6118273690017371,79,36,474,218,2,1,9,4,35,21,320,143,9,4,9,4,4,0,0.0,1.0,2675
Zhao Xintong,Clayton Humphries,7,1464,1056,0.914736912729561,0.7349725994665188,155,83,1041,560,17,9,100,55,165,90,592,307,15,11,77,43,4,3,0.0,0.5714285714285714,2675
Sydney Wilson,Saqib Nasir,7,1112,1117,0.493164418520332,0.4968750406894683,179,64,1069,470,93,47,512,270,7,3,210,79,10,6,107,61,4,3,0.0,0.5714285714285714,2675
Patrick Whelan,Gary Challis,7,972,976,0.4945314322857424,0.49750002083312506,17,5,86,36,10,3,53,22,19,11,67,29,7,3,42,16,4,0,0.0,1.0,2675
Charlie Walters,Daniel Walker,7,1085,985,0.6339273074659068,0.5621765008857981,101,42,556,257,1,0,4,0,24,10,143,73,4,0,4,0,4,1,0.0,0.8,2675
Ka Wai Cheung,Haydon Pinhey,7,980,997,0.476771798023094,0.4893765989950364,6,1,39,13,9,4,55,26,15,7,39,13,7,3,55,26,4,3,0.0,0.5714285714285714,2675
Lucky Vatnani,Steve Martin,7,976,984,0.48906395814377107,0.4950001666600003,74,26,419,175,2,0,11,3,7,3,58,26,4,0,4,0,4,1,0.0,0.8,2675
Joshua Thomond,William Thomson,7,1000,974,0.5354968818114487,0.5162442810620724,21,9,115,54,4,1,18,6,6,2,103,50,9,5,9,5,4,0,0.0,1.0,2675
Richard Somauroo,Thomas Wei,7,828,1000,0.278509149386796,0.3941263315682394,105,31,668,266,0,0,0,0,5,1,16,5,0,0,0,0,4,0,0.0,1.0,2675
Luke Simmonds,John Whitty,7,1172,1096,0.6026704349193375,0.5473576181430894,128,68,860,440,214,117,1508,775,80,36,143,65,5,1,5,1,4,2,0.0,0.6666666666666666,2675
Wu Shengguang,Zak Surety,7,995,1147,0.30173900629161093,0.4061268970658573,5,2,24,10,127,57,747,353,15,9,15,9,8,4,193,93,4,1,0.0,0.8,2675
Matthew Roberts,Daniel Devlin,7,959,996,0.44955793756481255,0.4768914745109111,7,2,35,11,7,3,33,15,15,6,35,11,5,1,33,15,4,1,0.0,0.8,2675
John Pritchett,Michael Williams,7,983,1139,0.2970193973349833,0.40371730070321216,10,3,52,22,60,33,302,167,9,4,9,4,11,7,122,72,4,2,0.0,0.6666666666666666,2675
George Pragnall,Mark Vincent,7,1116,911,0.75768573294214,0.6253923497205511,48,24,278,136,46,14,236,92,18,7,135,71,17,9,47,22,4,1,0.0,0.8,2675
Dechawat Poomjaeng,Tugba Irten,7,1225,985,0.792932804884019,0.6456563062257954,245,126,1765,889,16,8,93,42,51,22,310,145,4,0,45,17,4,1,0.0,0.8,2675
Manasawin Phetmalaikul,Jason Turnbull,7,958,926,0.5436568604546561,0.5199893401555818,8,2,43,15,5,0,22,2,6,2,37,13,5,1,22,2,4,1,0.0,0.8,2675
Jackson Page,Anthony Jeffers,7,1153,1023,0.6716853028295744,0.5805423048206596,32,17,196,97,14,7,78,39,42,27,196,97,17,10,36,18,4,0,0.0,1.0,2675
Brian Ochoiski,Dan Woolloff,7,996,984,0.5164013295642876,0.5074994375506203,6,3,37,18,1,0,4,0,26,14,37,18,4,0,4,0,4,0,0.0,1.0,2675
Jamie O'Neill,Peter Delaney,7,1199,792,0.9142318609422069,0.7344853437972199,286,149,1807,939,37,7,228,71,29,18,96,56,5,1,34,9,4,2,0.0,0.6666666666666666,2675
Phil O'Kane,Constantin Mateescu,7,1049,987,0.5840920587766287,0.538672605206508,90,41,465,219,1,0,4,0,12,6,114,61,4,0,4,0,4,0,0.0,1.0,2675
Lu Ning,Andy Marriott,7,1231,920,0.8538864678998308,0.6851410567502929,92,35,631,282,23,5,132,49,139,67,204,97,7,3,19,7,4,3,0.0,0.5714285714285714,2675
Jake Nicholson,Chae Ross,7,1011,1035,0.4672268289773793,0.4850044983805899,90,30,475,195,8,5,44,25,19,8,103,48,15,8,44,25,4,0,0.0,1.0,2675
Dave Nelson,Haider Ali,7,983,988,0.493164418520332,0.4968750406894683,1,0,4,0,1,0,5,1,4,0,4,0,5,1,5,1,4,2,0.0,0.6666666666666666,2675
Geng Mingqi,James Silverwood,7,1021,993,0.5382188233953898,0.5174928576663897,14,5,84,39,78,25,418,171,7,3,36,20,7,3,64,35,4,2,0.0,0.6666666666666666,2675
Leong Man Hoi,Corey Deuel,7,963,955,0.510936041856229,0.5049998333399998,3,0,14,2,12,2,70,25,4,0,4,0,4,0,41,16,4,0,0.0,1.0,2675
Callum Lloyd,William Lemons,7,959,1043,0.3868205508364956,0.4476920904256748,26,7,135,54,41,17,244,111,11,6,26,12,7,3,68,33,4,2,0.0,0.6666666666666666,2675
David Lilley,Andrew Smith,7,1243,1023,0.7732004785001367,0.6341355910108007,90,50,562,296,3,2,14,9,133,62,286,147,14,9,14,9,4,3,0.0,0.5714285714285714,2675
Daegyu Lee,Jed Mann,7,1014,993,0.5286845829371267,0.5131219861822433,3,2,15,9,1,0,5,1,15,9,15,9,5,1,5,1,4,1,0.0,0.8,2675
Ning Kang,Imran Puri,7,1003,678,0.8642241097139457,0.6926419831347361,2,1,11,6,62,9,306,71,11,6,11,6,6,2,44,17,4,1,0.0,0.8,2675
Michael Judge,Adam Brown,7,1235,974,0.8124499949726253,0.6575736106164225,481,278,3854,2061,3,0,16,4,36,19,36,19,5,1,16,4,4,1,0.0,0.8,2675
Kuldesh Johal,Mateusz Baranowski,7,1200,1055,0.6899164671577602,0.5896454785627312,213,121,1412,756,39,19,214,104,42,24,126,68,17,9,117,52,4,1,0.0,0.8,2675
Liu Jiaming,Callum Costello,7,970,998,0.46178117660461016,0.48250714233361025,12,2,71,26,5,2,24,10,6,2,6,2,10,5,24,10,4,2,0.0,0.6666666666666666,2675
Sergey Isaenko,Tam Mustafa,7,988,1011,0.46858930565080326,0.4856289593029398,8,3,40,16,53,25,298,141,17,8,17,8,4,0,4,0,4,1,0.0,0.8,2675
Aaron Holland,Bash Maqsood,7,986,940,0.5626145694127913,0.5287183569514396,1,0,5,1,23,6,127,47,5,1,5,1,10,5,20,7,4,3,0.0,0.5714285714285714,2675
Kishan Hirani,Paul Burrell,7,1130,892,0.7910094256982455,0.6445115537062945,148,70,799,379,20,4,125,43,90,34,216,102,6,2,36,10,4,1,0.0,0.8,2675
Darryl Hill,Ng On Yee,7,1033,998,0.5477297445502348,0.5218610539716015,67,19,429,164,20,10,124,56,0,0,172,54,26,14,112,52,4,2,0.0,0.6666666666666666,2675
Louis Heathcote,Darren Burns,7,1040,962,0.6053054839891849,0.5485961085831343,35,13,192,86,20,7,108,43,5,1,114,54,4,0,36,13,4,0,0.0,1.0,2675
Ben Hancorn,Wayne Townsend,7,1022,986,0.549086208422272,0.5224848247918001,24,10,156,75,36,16,233,111,16,10,16,10,6,2,28,6,4,1,0.0,0.8,2675
David Grace,Steven Hallworth,7,1262,1230,0.5436568604546561,0.5199893401555818,316,144,2090,1007,101,42,592,273,19,11,444,216,35,21,261,136,4,3,0.0,0.5714285714285714,2675
Daniel Gorton,Jake Keen,7,959,982,0.46858930565080326,0.4856289593029398,3,0,13,1,5,2,26,11,5,1,13,1,4,0,4,0,4,1,0.0,0.8,2675
Luke Garland,Aaron Cook,7,1037,903,0.6765921632853334,0.5829754542011996,25,14,143,73,8,0,35,3,4,0,4,0,5,1,23,3,4,0,0.0,1.0,2675
Felix Frede,Brandon Sargeant,7,961,1096,0.32218616531476235,0.41641688448272474,30,11,158,67,75,32,431,206,21,10,76,30,28,14,222,108,4,1,0.0,0.8,2675
John Foster,Owais Ali,7,999,967,0.5436568604546561,0.5199893401555818,11,4,63,28,3,0,13,1,4,0,63,28,4,0,4,0,4,0,0.0,1.0,2675
Leo Fernandez,Andy Milliard,7,1166,997,0.7180660778287002,0.6040813228693781,416,248,3157,1689,4,2,26,12,12,5,91,28,19,9,26,12,4,1,0.0,0.8,2675
Adam Edge,Billy Ginn,7,1026,973,0.5720392978025534,0.5330766223661046,47,19,268,124,4,1,19,6,12,6,100,49,10,2,19,6,4,0,0.0,1.0,2675
Adam Duffy,Barry Pinches,7,1200,1248,0.4346885316890212,0.4700359482354282,339,168,2153,1088,736,381,5710,2968,73,32,452,209,33,19,192,111,4,0,0.0,1.0,2675
Umut Dikme,Andrew Pagett,7,1048,1166,0.34322251370053336,0.42678022732016513,7,4,34,21,253,114,1667,802,16,8,34,21,29,19,62,31,4,3,0.0,0.5714285714285714,2675
Peter Devlin,Shehzad Iqbal,7,987,981,0.5082025098106111,0.5037499296890819,29,11,147,64,7,2,36,14,22,14,70,35,0,0,21,11,4,2,0.0,0.6666666666666666,2675
Simon Dent,Sam Thistlewhite,7,1001,1093,0.37639911510945645,0.44275214540144436,33,13,175,81,85,40,448,220,4,0,79,35,6,2,92,51,4,2,0.0,0.6666666666666666,2675
Marc Davis,Belan Sharif,7,1085,989,0.6287764284690306,0.5597136492671929,121,54,639,297,1,0,4,0,5,1,102,46,4,0,4,0,4,0,0.0,1.0,2675
Jeff Cundy,Niel Vincent,7,1115,987,0.6692199309586204,0.5793242521487495,524,277,3656,1892,2,0,12,4,5,1,83,36,7,3,12,4,4,0,0.0,1.0,2675
Dylan Craig,Andres Petrov,7,1148,1041,0.6428793213307702,0.5664790559676278,58,34,318,173,15,8,87,43,12,5,60,28,9,5,46,20,4,3,0.0,0.5714285714285714,2675
Thor Chuan Leong,Ben Fortey,7,1219,1003,0.7691223962231968,0.6318124177361016,93,29,609,255,20,7,106,47,99,51,411,177,6,2,32,20,4,2,0.0,0.6666666666666666,2675
Ryan Causton,Jenson Kendrick,7,1048,984,0.5867595016023184,0.5399148845555657,125,64,664,323,6,1,35,14,4,0,109,52,12,4,35,14,4,0,0.0,1.0,2675
Shane Castle,Keith Keldie,7,1074,950,0.6642657784879786,0.5768852611320463,64,27,382,179,12,3,70,25,23,13,40,22,12,5,39,13,4,1,0.0,0.8,2675
James Cahill,James Height,7,1232,972,0.8115488427624657,0.6570104626734988,159,58,1016,444,4,1,23,8,113,62,350,166,6,2,23,8,4,0,0.0,1.0,2675
Ross Bulman,Dean Goddard,7,994,972,0.5300478260158454,0.513746534902355,1,0,5,1,7,2,36,13,5,1,5,1,6,2,6,2,4,0,0.0,1.0,2675
Jamie Brown,Oliver Brown,7,975,1196,0.22578679083118888,0.3652845846208415,14,4,79,33,182,84,994,477,5,1,51,25,30,16,185,99,4,1,0.0,0.8,2675
Jordan Brown,Reanne Evans,7,1149,1079,0.5947357972115818,0.5436386872370789,106,52,680,333,138,52,772,330,100,43,186,79,7,3,112,57,4,1,0.0,0.8,2675
Danny Brindle,Michael Wild,7,877,1147,0.17956735481205705,0.33737816282991745,16,1,83,21,308,160,1888,994,4,0,14,2,25,16,230,93,4,2,0.0,0.6666666666666666,2675
Jack Bradford,Matthew Couch,7,942,1106,0.28768943450591145,0.3989121211516302,44,13,230,89,519,293,3954,2075,23,14,54,26,9,4,9,4,4,1,0.0,0.8,2675
Alex Borg,Stefan Mazrocis,7,1108,1056,0.5706954446194282,0.5324543063873187,370,156,2638,1199,352,195,2820,1477,5,1,291,116,11,5,11,5,4,0,0.0,1.0,2675
Simon Blackwell,Benny Loh Siang Leng,7,1017,1000,0.5232282019769063,0.5106234010049637,8,3,43,21,0,0,0,0,7,3,43,21,0,0,0,0,4,0,0.0,1.0,2675
Simon Bedford,Joel Walker,7,1239,1185,0.573382262278332,0.5336988354329009,432,252,3285,1770,166,75,1058,500,48,30,85,52,21,14,111,50,4,0,0.0,1.0,2675
Farakh Ajaib,David Craggs,7,1031,1117,0.3842066871290606,0.4464560968488817,44,20,251,119,156,75,944,473,46,22,86,39,5,1,8,2,4,2,0.0,0.6666666666666666,2675
Labeeb Ahmed,Vladu Mihai,7,976,971,0.5068355814796678,0.5031249593105316,5,1,23,7,3,0,17,5,6,2,23,7,5,1,12,4,4,2,0.0,0.6666666666666666,2675
Chen Zhe,Ben Jones,7,1208,1107,0.6352110684578025,0.5627917401386452,203,97,1243,606,92,47,472,238,24,17,266,116,16,8,133,71,4,3,0.0,0.5714285714285714,2675
Wang Zepeng,Heikki Niva,7,1105,1035,0.5947357972115818,0.5436386872370789,37,19,208,104,10,5,54,30,22,14,22,14,23,12,54,30,4,2,0.0,0.6666666666666666,2675
Long Zehuang,Himanshu Dinesh Jain,7,975,1054,0.3933789028764624,0.45078487089866653,9,3,48,17,6,5,35,22,11,6,11,6,35,22,35,22,4,1,0.0,0.8,2675
Zhao Xintong,Jamie Brown,7,1464,975,0.9483637569519401,0.7725032037257077,155,83,1041,560,14,4,79,33,165,90,592,307,5,1,51,25,4,2,0.0,0.6666666666666666,2675
Sydney Wilson,Jamie McArdle,7,1112,1014,0.6313550071762073,0.5609454503247162,179,64,1069,470,8,3,43,22,7,3,210,79,10,6,27,14,4,1,0.0,0.8,2675
Kurtis Weaver,Felix Frede,7,978,961,0.5232282019769063,0.5106234010049637,10,3,54,24,30,11,158,67,5,1,5,1,21,10,76,30,4,1,0.0,0.8,2675
Daniel Ward,Aaron Holland,7,1213,986,0.7802322205466414,0.6381861133090055,114,66,654,372,1,0,5,1,13,7,88,50,5,1,5,1,4,0,0.0,1.0,2675
Ka Wai Cheung,Luke Garland,7,980,1037,0.4225943374899878,0.4644351620161461,6,1,39,13,25,14,143,73,15,7,39,13,4,0,4,0,4,0,0.0,1.0,2675
Lucky Vatnani,James Burrett,7,976,833,0.6875128007198821,0.5884351201276382,74,26,419,175,34,7,172,51,7,3,58,26,4,0,28,7,4,1,0.0,0.8,2675
Ma Tingpeng,Danny Brindle,7,1025,877,0.6935058085008956,0.5914589784327801,25,11,140,66,16,1,83,21,16,9,54,30,4,0,14,2,4,1,0.0,0.8,2675
Joshua Thomond,Patrick Whelan,7,1000,972,0.5382188233953898,0.5174928576663897,21,9,115,54,17,5,86,36,6,2,103,50,19,11,67,29,4,3,0.0,0.5714285714285714,2675
Alex Taubman,Darryl Hill,7,1092,1033,0.5800831913605062,0.5368082899889803,162,72,883,404,67,19,429,164,14,6,139,66,0,0,172,54,4,1,0.0,0.8,2675
Craig Steadman,Ben Hancorn,7,1315,1022,0.8397864427779326,0.6753536404444148,443,237,2919,1523,24,10,156,75,130,69,517,247,16,10,16,10,4,1,0.0,0.8,2675
Luke Simmonds,Adam Edge,7,1172,1026,0.691115079332653,0.5902502519301834,128,68,860,440,47,19,268,124,80,36,143,65,12,6,100,49,4,1,0.0,0.8,2675
Wu Shengguang,Steven Evans,7,995,1018,0.46858930565080326,0.4856289593029398,5,2,24,10,64,35,445,230,15,9,15,9,4,0,4,0,4,0,0.0,1.0,2675
Lee Shanker,Alex Millington,7,895,997,0.3635067817280711,0.4365932137378064,34,8,174,57,1,0,7,3,8,4,31,11,7,3,7,3,4,3,0.0,0.5714285714285714,2675
John Pritchett,Joshua Saywell,7,983,1000,0.476771798023094,0.4893765989950364,10,3,52,22,0,0,0,0,9,4,9,4,0,0,0,0,4,1,0.0,0.8,2675
Dechawat Poomjaeng,Ahmed Elsayed,7,1225,988,0.7900435532881105,0.643938555965633,245,126,1765,889,1,0,4,0,51,22,310,145,4,0,4,0,4,0,0.0,1.0,2675
Andreas Ploner,Daniel Gorton,7,1059,959,0.6339273074659068,0.5621765008857981,59,26,317,149,3,0,13,1,20,10,107,53,5,1,13,1,4,1,0.0,0.8,2675
Fraser Patrick,Ross Bulman,7,1179,994,0.7360780864464773,0.6136070778047783,199,81,1305,596,1,0,5,1,13,5,243,106,5,1,5,1,4,3,0.0,0.5714285714285714,2675
Antony Parsons,Matthew Roberts,7,1098,959,0.6826800016944434,0.5860112044388707,91,42,551,266,7,2,35,11,6,2,95,50,15,6,35,11,4,0,0.0,1.0,2675
Jackson Page,Joshua Cooper,7,1153,1007,0.691115079332653,0.5902502519301834,32,17,196,97,29,13,150,69,42,27,196,97,9,5,98,51,4,3,0.0,0.5714285714285714,2675
Brian Ochoiski,Omar Alajlani,7,996,988,0.510936041856229,0.5049998333399998,6,3,37,18,1,0,5,1,26,14,37,18,5,1,5,1,4,1,0.0,0.8,2675
Jamie O'Neill,Matthew Day,7,1199,1088,0.6479578189910667,0.5689332093695465,286,149,1807,939,147,70,791,387,29,18,96,56,10,5,107,57,4,3,0.0,0.5714285714285714,2675
Lu Ning,James Welch,7,1231,987,0.7967460208697068,0.6479408020806503,92,35,631,282,1,0,5,1,139,67,204,97,5,1,5,1,4,0,0.0,1.0,2675
Jake Nicholson,Dessie Sheehan,7,1011,679,0.8691888759761051,0.6963549298238342,90,30,475,195,177,34,1321,480,19,8,103,48,4,0,28,2,4,0,0.0,1.0,2675
Geng Mingqi,Matthew Glasby,7,1021,964,0.5774056625100122,0.5355648379838539,14,5,84,39,44,17,239,104,7,3,36,20,26,13,100,48,4,0,0.0,1.0,2675
Mitchell Mann,Charlie Walters,7,1260,1085,0.7248939369984414,0.6076631698328917,237,110,1503,725,101,42,556,257,16,10,448,208,24,10,143,73,4,1,0.0,0.8,2675
Sean Maddocks,Ryan Thomerson,7,990,990,0.5,0.5,3,1,16,7,14,3,85,32,16,7,16,7,5,1,41,12,4,3,0.0,0.5714285714285714,2675
David Lilley,Lewis Ullah,7,1243,1002,0.7938903058360224,0.6462280583309002,90,50,562,296,1,0,7,3,133,62,286,147,7,3,7,3,4,0,0.0,1.0,2675
Andy Lee,Dave Nelson,7,1121,983,0.6814665603465866,0.585404569129465,119,56,708,340,1,0,4,0,99,43,115,52,4,0,4,0,4,0,0.0,1.0,2675
Christopher Keogan,Alex Borg,7,1135,1108,0.536858082179779,0.5168685956913849,141,54,800,361,370,156,2638,1199,7,3,279,113,5,1,291,116,4,0,0.0,1.0,2675
Michael Judge,Hu Hao,7,1235,1164,0.5960612197256479,0.5442588584178731,481,278,3854,2061,42,21,236,123,36,19,36,19,13,7,106,55,4,1,0.0,0.8,2675
Kuldesh Johal,Tyler Rees,7,1200,1005,0.7470110120975012,0.6195173196470847,213,121,1412,756,18,8,101,43,42,24,126,68,16,10,97,43,4,1,0.0,0.8,2675
Liu Jiaming,Jamie Trump,7,970,985,0.47950179614537025,0.4906260984783392,12,2,71,26,1,0,4,0,6,2,6,2,4,0,4,0,4,0,0.0,1.0,2675
Sergey Isaenko,Shafaqut Hussain,7,988,965,0.5314106943491967,0.5143710406970602,8,3,40,16,3,0,15,3,17,8,17,8,7,3,15,3,4,2,0.0,0.6666666666666666,2675
Kishan Hirani,Manasawin Phetmalaikul,7,1130,958,0.721490850613204,0.6058736684317606,148,70,799,379,8,2,43,15,90,34,216,102,6,2,37,13,4,1,0.0,0.8,2675
Andy Hicks,George Pragnall,7,1243,1116,0.6679843009449487,0.578714862460134,618,334,4952,2568,48,24,278,136,29,15,305,156,18,7,135,71,4,1,0.0,0.8,2675
Kristjan Helgason,Simon Blackwell,7,1302,1017,0.8332252833962372,0.6709533329057776,154,92,1287,714,8,3,43,21,19,13,40,23,7,3,43,21,4,3,0.0,0.5714285714285714,2675
Louis Heathcote,Wang Yuchen,7,1040,1095,0.42527567806654565,0.4656790563306954,35,13,192,86,65,19,411,159,5,1,114,54,21,13,248,96,4,2,0.0,0.6666666666666666,2675
David Grace,Heather Clare,7,1262,924,0.8733372031383986,0.6995172276624274,316,144,2090,1007,5,0,20,0,19,11,444,216,4,0,12,0,4,0,0.0,1.0,2675
John Foster,John Parkin,7,999,1017,0.47540722540195457,0.4887518980531451,11,4,63,28,21,9,108,50,4,0,63,28,7,3,17,8,4,0,0.0,1.0,2675
Kacper Filipiak,Ning Kang,7,1128,1003,0.6655072126279344,0.5774953651858118,83,35,451,195,2,1,11,6,7,3,99,58,11,6,11,6,4,0,0.0,1.0,2675
Leo Fernandez,Mike Finn,7,1166,982,0.7349708541108757,0.6130141761393355,416,248,3157,1689,12,5,61,25,12,5,91,28,0,0,36,18,4,1,0.0,0.8,2675
Dylan Emery,Brandon Hall,7,1013,999,0.5191328123553783,0.5087491068802403,5,3,26,14,6,3,29,12,26,14,26,14,21,12,29,12,4,2,0.0,0.6666666666666666,2675
Adam Duffy,Ahmed Aseeri,7,1200,997,0.7555717519931018,0.6242202334972642,339,168,2153,1088,2,1,10,5,73,32,452,209,10,5,10,5,4,0,0.0,1.0,2675
Umut Dikme,Laxman Rawat,7,1048,1027,0.5286845829371267,0.5131219861822433,7,4,34,21,10,4,61,27,16,8,34,21,14,8,18,8,4,0,0.0,1.0,2675
Peter Devlin,Dylan Craig,7,987,1148,0.2911708832817938,0.40071183649164394,29,11,147,64,58,34,318,173,22,14,70,35,12,5,60,28,4,2,0.0,0.6666666666666666,2675
Simon Dent,Greg Casey,7,1001,1058,0.4225943374899878,0.4644351620161461,33,13,175,81,23,12,144,72,4,0,79,35,29,16,103,50,4,2,0.0,0.6666666666666666,2675
Marc Davis,Mark Ganderton,7,1085,779,0.8500614892601291,0.6824383021930648,121,54,639,297,75,18,519,185,5,1,102,46,4,0,4,0,4,0,0.0,1.0,2675
Jeff Cundy,Iulian Boiko,7,1115,993,0.661777191191235,0.5756643510425494,524,277,3656,1892,3,1,15,5,5,1,83,36,15,5,15,5,4,2,0.0,0.6666666666666666,2675
Jamie Cope,Phil O'Kane,7,1232,1049,0.7338611162888773,0.6124209393479161,560,299,3778,1926,90,41,465,219,21,15,279,135,12,6,114,61,4,1,0.0,0.8,2675
Michael Collumb,Labeeb Ahmed,7,1086,976,0.6466907800352545,0.5683199834782481,65,28,354,174,5,1,23,7,10,4,127,66,6,2,23,7,4,1,0.0,0.8,2675
Thor Chuan Leong,Jaspal Bamotra,7,1219,948,0.8213053995393751,0.6631804950993565,93,29,609,255,6,1,28,6,99,51,411,177,4,0,23,5,4,0,0.0,1.0,2675
Shane Castle,Callum Lloyd,7,1074,959,0.6530083881296338,0.5713839816769324,64,27,382,179,26,7,135,54,23,13,40,22,11,6,26,12,4,1,0.0,0.8,2675
Ashley Carty,Nutcharat Wongharuthai,7,1273,988,0.8332252833962372,0.6709533329057776,140,74,816,424,5,1,27,8,118,58,238,126,27,8,27,8,4,2,0.0,0.6666666666666666,2675
James Cahill,Hans Blanckaert,7,1232,824,0.914736912729561,0.7349725994665188,159,58,1016,444,107,24,567,195,113,62,350,166,5,1,27,7,4,2,0.0,0.6666666666666666,2675
Jordan Brown,Daniel Womersley,7,1149,1012,0.6802510445614828,0.584797674717737,106,52,680,333,26,9,147,61,100,43,186,79,17,6,147,61,4,3,0.0,0.5714285714285714,2675
Jack Bradford,Leong Man Hoi,7,942,963,0.4713154170628733,0.4868780138177567,44,13,230,89,3,0,14,2,23,14,54,26,4,0,4,0,4,3,0.0,0.5714285714285714,2675
Simon Bedford,Alex Davies,7,1239,1193,0.5626145694127913,0.5287183569514396,432,252,3285,1770,229,115,1412,703,48,30,85,52,0,0,73,41,4,0,0.0,1.0,2675
Jamie Barrett,Daegyu Lee,7,1020,1014,0.5082025098106111,0.5037499296890819,82,32,462,193,3,2,15,9,23,14,257,90,15,9,15,9,4,3,0.0,0.5714285714285714,2675
Farakh Ajaib,Ryan Causton,7,1031,1048,0.476771798023094,0.4893765989950364,44,20,251,119,125,64,664,323,46,22,86,39,4,0,109,52,4,1,0.0,0.8,2675
Chen Zhe,Michael Collumb,7,1208,1086,0.661777191191235,0.5756643510425494,203,97,1243,606,65,28,354,174,24,17,266,116,10,4,127,66,4,3,0.0,0.5714285714285714,2675
Zhao Xintong,Jamie Barrett,7,1464,1020,0.9313914957717048,0.7521291114395702,155,83,1041,560,82,32,462,193,165,90,592,307,23,14,257,90,4,1,0.0,0.8,2675
Lucky Vatnani,Daniel Ward,7,976,1213,0.2099564467118895,0.356061444034367,74,26,419,175,114,66,654,372,7,3,58,26,13,7,88,50,4,0,0.0,1.0,2675
Alex Taubman,Kristjan Helgason,7,1092,1302,0.23707568505247512,0.37168381170463377,162,72,883,404,154,92,1287,714,14,6,139,66,19,13,40,23,4,0,0.0,1.0,2675
Craig Steadman,Liu Jiaming,7,1315,970,0.8780529423159423,0.7031827112198086,443,237,2919,1523,12,2,71,26,130,69,517,247,6,2,6,2,4,2,0.0,0.6666666666666666,2675
Luke Simmonds,Jake Nicholson,7,1172,1011,0.7088291167182063,0.5992881635083561,128,68,860,440,90,30,475,195,80,36,143,65,19,8,103,48,4,2,0.0,0.6666666666666666,2675
John Pritchett,Joshua Thomond,7,983,1000,0.476771798023094,0.4893765989950364,10,3,52,22,21,9,115,54,9,4,9,4,6,2,103,50,4,2,0.0,0.6666666666666666,2675
Dechawat Poomjaeng,Ka Wai Cheung,7,1225,980,0.7976923211673973,0.6485108747389209,245,126,1765,889,6,1,39,13,51,22,310,145,15,7,39,13,4,1,0.0,0.8,2675
Andreas Ploner,Wu Shengguang,7,1059,995,0.5867595016023184,0.5399148845555657,59,26,317,149,5,2,24,10,20,10,107,53,15,9,15,9,4,1,0.0,0.8,2675
Fraser Patrick,Leo Fernandez,7,1179,1166,0.5177671819164105,0.5081242849062608,199,81,1305,596,416,248,3157,1689,13,5,243,106,12,5,91,28,4,1,0.0,0.8,2675
Antony Parsons,Brian Ochoiski,7,1098,996,0.6364932182719292,0.5634067862621936,91,42,551,266,6,3,37,18,6,2,95,50,26,14,37,18,4,2,0.0,0.6666666666666666,2675
Jamie O'Neill,Shane Castle,7,1199,1074,0.6655072126279344,0.5774953651858118,286,149,1807,939,64,27,382,179,29,18,96,56,23,13,40,22,4,1,0.0,0.8,2675
Lu Ning,Long Zehuang,7,1231,975,0.8079159048674549,0.6547534606063192,92,35,631,282,9,3,48,17,139,67,204,97,11,6,11,6,4,1,0.0,0.8,2675
Mitchell Mann,Umut Dikme,7,1260,1048,0.7650010839038448,0.6294831119673949,237,110,1503,725,7,4,34,21,16,10,448,208,16,8,34,21,4,0,0.0,1.0,2675
David Lilley,Marc Davis,7,1243,1085,0.7053268662779104,0.5974857658270161,90,50,562,296,121,54,639,297,133,62,286,147,5,1,102,46,4,3,0.0,0.5714285714285714,2675
Andy Lee,Geng Mingqi,7,1121,1021,0.6339273074659068,0.5621765008857981,119,56,708,340,14,5,84,39,99,43,115,52,7,3,36,20,4,2,0.0,0.6666666666666666,2675
Michael Judge,Sydney Wilson,7,1235,1112,0.6630224339222315,0.5762749224932653,481,278,3854,2061,179,64,1069,470,36,19,36,19,7,3,210,79,4,1,0.0,0.8,2675
Kuldesh Johal,Jackson Page,7,1200,1153,0.5639634145132848,0.5293412500457856,213,121,1412,756,32,17,196,97,42,24,126,68,42,27,196,97,4,3,0.0,0.5714285714285714,2675
Kishan Hirani,Kurtis Weaver,7,1130,978,0.698260993708389,0.5938731029341427,148,70,799,379,10,3,54,24,90,34,216,102,5,1,5,1,4,1,0.0,0.8,2675
Andy Hicks,Sean Maddocks,7,1243,990,0.8051614968205012,0.6530561132866127,618,334,4952,2568,3,1,16,7,29,15,305,156,16,7,16,7,4,1,0.0,0.8,2675
Louis Heathcote,Ma Tingpeng,7,1040,1025,0.5204982038546295,0.5093739015216607,35,13,192,86,25,11,140,66,5,1,114,54,16,9,54,30,4,1,0.0,0.8,2675
David Grace,Thor Chuan Leong,7,1262,1219,0.5585634499391967,0.5268491486891144,316,144,2090,1007,93,29,609,255,19,11,444,216,99,51,411,177,4,1,0.0,0.8,2675
John Foster,Kacper Filipiak,7,999,1128,0.32954639777958084,0.4200665998114943,11,4,63,28,83,35,451,195,4,0,63,28,7,3,99,58,4,2,0.0,0.6666666666666666,2675
Dylan Emery,Simon Dent,7,1013,1001,0.5164013295642876,0.5074994375506203,5,3,26,14,33,13,175,81,26,14,26,14,4,0,79,35,4,1,0.0,0.8,2675
Adam Duffy,Richard Somauroo,7,1200,828,0.8950167119467943,0.7170752854929726,339,168,2153,1088,105,31,668,266,73,32,452,209,5,1,16,5,4,0,0.0,1.0,2675
Peter Devlin,Lee Shanker,7,987,895,0.6236008848905433,0.5572478545985555,29,11,147,64,34,8,174,57,22,14,70,35,8,4,31,11,4,1,0.0,0.8,2675
Jeff Cundy,Fang Xiongman,7,1115,1181,0.4105773109788817,0.45884333184977194,524,277,3656,1892,79,36,474,218,5,1,83,36,35,21,320,143,4,2,0.0,0.6666666666666666,2675
Jamie Cope,Sergey Isaenko,7,1232,988,0.7967460208697068,0.6479408020806503,560,299,3778,1926,8,3,40,16,21,15,279,135,17,8,17,8,4,1,0.0,0.8,2675
Ashley Carty,Wang Zepeng,7,1273,1105,0.7169197076810394,0.6034832498647263,140,74,816,424,37,19,208,104,118,58,238,126,22,14,22,14,4,3,0.0,0.5714285714285714,2675
James Cahill,Christopher Keogan,7,1232,1135,0.6300664956451868,0.5603296426885532,159,58,1016,444,141,54,800,361,113,62,350,166,7,3,279,113,4,0,0.0,1.0,2675
Jordan Brown,Jack Bradford,7,1149,942,0.7597891374076362,0.6265629971237182,106,52,680,333,44,13,230,89,100,43,186,79,23,14,54,26,4,1,0.0,0.8,2675
Farakh Ajaib,Simon Bedford,7,1031,1239,0.2391631406818608,0.3728522336868044,44,20,251,119,432,252,3285,1770,46,22,86,39,48,30,85,52,4,2,0.0,0.6666666666666666,2675
Zhao Xintong,Dylan Emery,7,1464,1013,0.9342992837911581,0.7553772379137498,155,83,1041,560,5,3,26,14,165,90,592,307,26,14,26,14,4,1,0.0,0.8,2675
Lucky Vatnani,Antony Parsons,7,976,1098,0.33822280880876515,0.42433564895745063,74,26,419,175,91,42,551,266,7,3,58,26,6,2,95,50,4,2,0.0,0.6666666666666666,2675
Craig Steadman,David Grace,7,1315,1262,0.5720392978025534,0.5330766223661046,443,237,2919,1523,316,144,2090,1007,130,69,517,247,19,11,444,216,4,2,0.0,0.6666666666666666,2675
Dechawat Poomjaeng,Louis Heathcote,7,1225,1040,0.7360780864464773,0.6136070778047783,245,126,1765,889,35,13,192,86,51,22,310,145,5,1,114,54,4,1,0.0,0.8,2675
Andreas Ploner,Jamie O'Neill,7,1059,1199,0.31610864255174254,0.41338242108267,59,26,317,149,286,149,1807,939,20,10,107,53,29,18,96,56,4,1,0.0,0.8,2675
Lu Ning,Kuldesh Johal,7,1231,1200,0.5422981239384312,0.519365308229932,92,35,631,282,213,121,1412,756,139,67,204,97,42,24,126,68,4,0,0.0,1.0,2675
Mitchell Mann,Chen Zhe,7,1260,1208,0.5706954446194282,0.5324543063873187,237,110,1503,725,203,97,1243,606,16,10,448,208,24,17,266,116,4,3,0.0,0.5714285714285714,2675
David Lilley,Ashley Carty,7,1243,1273,0.4590611389260606,0.4812587841214648,90,50,562,296,140,74,816,424,133,62,286,147,118,58,238,126,4,2,0.0,0.6666666666666666,2675
Andy Lee,Jeff Cundy,7,1121,1115,0.5082025098106111,0.5037499296890819,119,56,708,340,524,277,3656,1892,99,43,115,52,5,1,83,36,4,3,0.0,0.5714285714285714,2675
Michael Judge,Peter Devlin,7,1235,987,0.8005143732994051,0.6502185485738271,481,278,3854,2061,29,11,147,64,36,19,36,19,22,14,70,35,4,0,0.0,1.0,2675
Kishan Hirani,Fraser Patrick,7,1130,1179,0.433341285511335,0.469413239817919,148,70,799,379,199,81,1305,596,90,34,216,102,13,5,243,106,4,3,0.0,0.5714285714285714,2675
Andy Hicks,John Pritchett,7,1243,983,0.8115488427624657,0.6570104626734988,618,334,4952,2568,10,3,52,22,29,15,305,156,9,4,9,4,4,3,0.0,0.5714285714285714,2675
Adam Duffy,Luke Simmonds,7,1200,1172,0.5382188233953898,0.5174928576663897,339,168,2153,1088,128,68,860,440,73,32,452,209,80,36,143,65,4,2,0.0,0.6666666666666666,2675
Jamie Cope,Farakh Ajaib,7,1232,1031,0.7534472409879828,0.6230466603666162,560,299,3778,1926,44,20,251,119,21,15,279,135,46,22,86,39,4,2,0.0,0.6666666666666666,2675
James Cahill,John Foster,7,1232,999,0.786152249899794,0.6416424532015634,159,58,1016,444,11,4,63,28,113,62,350,166,4,0,63,28,4,1,0.0,0.8,2675
Jordan Brown,Alex Taubman,7,1149,1092,0.5774056625100122,0.5355648379838539,106,52,680,333,162,72,883,404,100,43,186,79,14,6,139,66,4,1,0.0,0.8,2675
Zhao Xintong,Andreas Ploner,7,1464,1059,0.9132146288664583,0.7335091181602805,155,83,1041,560,59,26,317,149,165,90,592,307,20,10,107,53,4,0,0.0,1.0,2675
Craig Steadman,Lucky Vatnani,7,1315,976,0.8740190283398156,0.7000424476024744,443,237,2919,1523,74,26,419,175,130,69,517,247,7,3,58,26,4,2,0.0,0.6666666666666666,2675
Dechawat Poomjaeng,Michael Judge,7,1225,1235,0.4863309727288301,0.49375032550048964,245,126,1765,889,481,278,3854,2061,51,22,310,145,36,19,36,19,4,2,0.0,0.6666666666666666,2675
Lu Ning,Andy Lee,7,1231,1121,0.6466907800352545,0.5683199834782481,92,35,631,282,119,56,708,340,139,67,204,97,99,43,115,52,4,1,0.0,0.8,2675
Mitchell Mann,David Lilley,7,1260,1243,0.5232282019769063,0.5106234010049637,237,110,1503,725,90,50,562,296,16,10,448,208,133,62,286,147,4,3,0.0,0.5714285714285714,2675
Adam Duffy,Kishan Hirani,7,1200,1130,0.5947357972115818,0.5436386872370789,339,168,2153,1088,148,70,799,379,73,32,452,209,90,34,216,102,4,1,0.0,0.8,2675
Jamie Cope,James Cahill,7,1232,1232,0.5,0.5,560,299,3778,1926,159,58,1016,444,21,15,279,135,113,62,350,166,4,1,0.0,0.8,2675
Jordan Brown,Andy Hicks,7,1149,1243,0.37380831662168224,0.44151888756183866,106,52,680,333,618,334,4952,2568,100,43,186,79,29,15,305,156,4,0,0.0,1.0,2675
Zhao Xintong,Dechawat Poomjaeng,7,1464,1225,0.7919725105475417,0.645084137572727,155,83,1041,560,245,126,1765,889,165,90,592,307,51,22,310,145,4,1,0.0,0.8,2675
Craig Steadman,Adam Duffy,7,1315,1200,0.6530083881296338,0.5713839816769324,443,237,2919,1523,339,168,2153,1088,130,69,517,247,73,32,452,209,4,0,0.0,1.0,2675
Lu Ning,Mitchell Mann,7,1231,1260,0.46042091137016095,0.4818829349568186,92,35,631,282,237,110,1503,725,139,67,204,97,16,10,448,208,4,2,0.0,0.6666666666666666,2675
Jordan Brown,Jamie Cope,7,1149,1232,0.3881295430910018,0.44831033065729986,106,52,680,333,560,299,3778,1926,100,43,186,79,21,15,279,135,4,1,0.0,0.8,2675
Wang Zepeng,Darren Burns,7,1121,948,0.7226276336267841,0.6064704870683034,40,21,226,115,21,7,112,43,40,25,40,25,8,0,40,13,4,1,0.0,0.8,2667
Long Zehuang,Labeeb Ahmed,7,983,975,0.510936041856229,0.5049998333399998,11,4,58,22,7,2,34,12,21,11,21,11,17,7,34,12,4,2,0.0,0.6666666666666666,2667
Zhao Xintong,Oliver Brown,7,1470,1179,0.8381631906470501,0.6742564252229473,161,89,1073,584,183,84,999,478,197,114,624,331,35,17,190,100,4,1,0.0,0.8,2667
Nutcharat Wongharuthai,James Height,7,988,961,0.536858082179779,0.5168685956913849,6,1,33,10,5,1,27,8,33,10,33,10,10,2,27,8,4,1,0.0,0.8,2667
Daniel Womersley,Ng On Yee,7,1013,991,0.5300478260158454,0.513746534902355,27,9,154,64,21,10,130,58,24,9,154,64,32,16,118,54,4,3,0.0,0.5714285714285714,2667
Daniel Ward,Vladu Mihai,7,1205,963,0.794845010612041,0.6467993925579857,116,67,662,376,4,0,23,7,21,11,96,54,11,3,18,6,4,0,0.0,1.0,2667
Joel Walker,Stefan Mazrocis,7,1170,1041,0.6704536022204194,0.5799334001885058,167,75,1062,500,353,195,2824,1477,25,14,115,50,15,5,15,5,4,0,0.0,1.0,2667
Mark Vincent,Niel Vincent,7,904,974,0.40526420278841835,0.4563613127629212,47,14,241,93,3,0,16,4,22,10,52,23,11,3,16,4,4,3,0.0,0.5714285714285714,2667
Wayne Townsend,Umut Dikme,7,975,1059,0.3868205508364956,0.4476920904256748,37,16,238,112,10,6,49,29,11,3,33,7,31,16,49,29,4,3,0.0,0.5714285714285714,2667
Ma Tingpeng,Wu Shengguang,7,1023,1016,0.5095693356278297,0.5043748883497735,27,12,150,71,8,4,38,19,26,14,64,35,29,18,29,18,4,2,0.0,0.6666666666666666,2667
William Thomson,Jaspal Bamotra,7,959,937,0.5300478260158454,0.513746534902355,5,1,22,6,7,1,32,6,13,5,13,5,8,0,27,5,4,1,0.0,0.8,2667
Joshua Thomond,Antony Parsons,7,1010,1106,0.3712235715309693,0.44028635073280703,24,11,132,64,94,44,567,276,23,12,120,60,22,12,111,60,4,1,0.0,0.8,2667
Craig Steadman,Louis Heathcote,7,1340,1066,0.8239065989069515,0.6648537304059736,448,242,2946,1543,39,16,212,99,157,89,544,267,25,14,134,67,4,2,0.0,0.6666666666666666,2667
Andrew Smith,Andy Milliard,7,1027,989,0.5517972899579606,0.523732154126561,4,2,21,12,5,2,31,13,21,12,21,12,24,10,31,13,4,2,0.0,0.6666666666666666,2667
Chae Ross,Ryan Thomerson,7,1019,986,0.5450150538752272,0.5206133097144486,9,5,48,25,15,3,92,35,19,8,48,25,12,4,48,15,4,3,0.0,0.5714285714285714,2667
Matthew Roberts,Steve Martin,7,958,972,0.48086718764462183,0.4912508931197597,9,3,44,15,3,0,16,4,24,10,44,15,9,1,9,1,4,2,0.0,0.6666666666666666,2667
Laxman Rawat,Heather Clare,7,1012,914,0.6313550071762073,0.5609454503247162,11,4,65,27,6,0,24,0,18,8,22,8,8,0,16,0,4,0,0.0,1.0,2667
Haydon Pinhey,Corey Deuel,7,992,939,0.5720392978025534,0.5330766223661046,10,4,62,29,13,2,74,25,14,6,62,29,8,0,45,16,4,1,0.0,0.8,2667
Barry Pinches,Dean Goddard,7,1231,956,0.8247679763275149,0.665410558746814,737,381,5714,2968,8,2,40,13,37,19,196,111,10,2,10,2,4,0,0.0,1.0,2667
Fraser Patrick,Alex Millington,7,1184,989,0.7470110120975012,0.6195173196470847,202,83,1324,607,2,0,14,6,32,16,262,117,14,6,14,6,4,2,0.0,0.6666666666666666,2667
John Parkin,Clayton Humphries,7,1001,1065,0.4132404983976814,0.46008511544443426,22,9,112,50,18,9,107,58,11,3,21,8,22,14,84,46,4,1,0.0,0.8,2667
Andrew Pagett,Benny Loh Siang Leng,7,1158,984,0.7237619985420221,0.6070669880717036,254,114,1674,805,1,0,4,0,36,22,69,34,4,0,4,0,4,0,0.0,1.0,2667
Jackson Page,Simon Blackwell,7,1163,1038,0.6655072126279344,0.5774953651858118,35,19,214,108,10,4,54,28,60,38,214,108,18,10,54,28,4,1,0.0,0.8,2667
Brian Ochoiski,Leong Man Hoi,7,1018,974,0.5599145707304132,0.5274723043445937,9,5,52,28,5,1,25,9,41,24,52,28,15,7,15,7,4,2,0.0,0.6666666666666666,2667
Jamie O'Neill,George Pragnall,7,1190,1114,0.6026704349193375,0.5473576181430894,290,152,1830,952,50,25,288,141,52,31,119,69,28,12,145,76,4,0,0.0,1.0,2667
Phil O'Kane,Lucky Vatnani,7,1056,1028,0.5382188233953898,0.5174928576663897,92,42,474,224,79,30,445,193,21,11,123,66,33,21,84,44,4,0,0.0,1.0,2667
Heikki Niva,Haider Ali,7,1029,980,0.5666587144886649,0.530586760182081,11,5,60,32,2,0,11,3,29,14,60,32,11,3,11,3,4,0,0.0,1.0,2667
Lu Ning,Daniel Kandi,7,1276,985,0.8381631906470501,0.6742564252229473,98,41,662,306,3,0,16,4,170,91,235,121,11,3,11,3,4,2,0.0,0.6666666666666666,2667
Jake Nicholson,Ben Fortey,7,1032,1001,0.5422981239384312,0.519365308229932,93,32,489,205,21,7,112,49,33,18,117,58,12,4,38,22,4,2,0.0,0.6666666666666666,2667
Saqib Nasir,Dessie Sheehan,7,1113,670,0.9309676239951021,0.7516627404402959,94,47,519,273,178,34,1325,480,17,9,114,64,8,0,32,2,4,0,0.0,1.0,2667
Geng Mingqi,Matthew Glasby,7,1038,949,0.6197035864994962,0.5553966483205892,17,7,100,49,45,17,243,104,23,13,52,30,30,13,104,48,4,0,0.0,1.0,2667
Hammad Miah,Luke Garland,7,1186,1033,0.6994442564412618,0.5944759307482401,145,53,958,417,27,15,151,77,92,39,457,199,12,4,12,4,4,0,0.0,1.0,2667
Jed Mann,Darryl Hill,7,982,1029,0.4360365854867152,0.47065874995421436,2,0,10,2,69,20,440,169,10,2,10,2,11,5,183,59,4,3,0.0,0.5714285714285714,2667
Sean Maddocks,Belan Sharif,7,988,975,0.5177671819164105,0.5081242849062608,5,2,28,12,2,0,8,0,28,12,28,12,8,0,8,0,4,3,0.0,0.5714285714285714,2667
David Lilley,Jason Turnbull,7,1255,915,0.8746981311142084,0.7005671424739729,95,54,593,315,6,0,27,3,164,81,317,166,10,2,27,3,4,1,0.0,0.8,2667
William Lemons,Ashley Carty,7,1032,1263,0.21581004447536756,0.35950804627666144,42,17,250,113,143,76,835,434,13,5,74,35,137,68,257,136,4,2,0.0,0.6666666666666666,2667
Daegyu Lee,Thomas Wei,7,1021,981,0.5545057991359676,0.52497918747894,5,3,27,16,1,0,4,0,27,16,27,16,4,0,4,0,4,0,0.0,1.0,2667
Ning Kang,Dan Woolloff,7,993,968,0.534135239137421,0.5156199157230156,4,2,20,10,2,0,8,0,20,10,20,10,8,0,8,0,4,0,0.0,1.0,2667
Michael Judge,Mitchell Mann,7,1263,1275,0.4835986704357121,0.4925005624493796,486,282,3879,2079,242,114,1532,743,61,37,61,37,45,28,477,226,4,3,0.0,0.5714285714285714,2667
Ben Jones,Mark Ganderton,7,1106,769,0.8726526517869658,0.6989914835090479,93,47,479,241,76,18,523,185,23,11,140,74,8,0,8,0,4,2,0.0,0.6666666666666666,2667
Jak Jones,Alex Borg,7,1194,1107,0.6170981549456108,0.5541616527636486,182,72,1176,515,372,157,2646,1203,116,51,358,148,13,5,299,120,4,3,0.0,0.5714285714285714,2667
Anthony Jeffers,Keith Keldie,7,1010,941,0.5934092174000843,0.5430183807243099,15,7,82,39,13,3,75,26,21,10,40,18,17,6,44,14,4,2,0.0,0.6666666666666666,2667
Kishan Hirani,Danny Brindle,7,1147,884,0.8142437917894374,0.6586985747356444,153,74,826,396,18,2,94,26,117,51,243,119,15,5,25,7,4,3,0.0,0.5714285714285714,2667
Andy Hicks,Ka Wai Cheung,7,1236,996,0.792932804884019,0.6456563062257954,622,337,4973,2580,9,3,55,22,50,27,326,168,31,16,55,22,4,2,0.0,0.6666666666666666,2667
Kristjan Helgason,Mike Finn,7,1277,975,0.8469508145525204,0.6802671966986485,156,93,1298,718,13,5,66,26,30,17,51,27,5,1,41,19,4,3,0.0,0.5714285714285714,2667
Brandon Hall,Christopher Keogan,7,991,1137,0.30888492066734696,0.40974974806981657,7,3,35,14,143,55,808,365,27,14,35,14,15,7,287,117,4,2,0.0,0.6666666666666666,2667
David Grace,Tyler Rees,7,1279,998,0.829876495909729,0.668741821102192,320,147,2112,1021,19,8,106,44,41,25,466,230,21,11,102,44,4,0,0.0,1.0,2667
Daniel Gorton,Steven Evans,7,962,1002,0.44549420086403224,0.47502081252106,5,1,23,6,65,35,449,230,15,6,23,6,8,0,8,0,4,3,0.0,0.5714285714285714,2667
Kacper Filipiak,Ahmed Elsayed,7,1131,977,0.7006252854909363,0.595078473866134,85,36,461,201,2,0,8,0,17,9,109,64,8,0,8,0,4,3,0.0,0.5714285714285714,2667
Leo Fernandez,Andreas Ploner,7,1169,1086,0.611870456908998,0.5516896693427,419,250,3172,1698,63,29,336,161,27,14,106,37,39,22,126,65,4,3,0.0,0.5714285714285714,2667
Peter Devlin,Bash Maqsood,7,1006,938,0.5920814957526257,0.542397940774351,33,14,168,76,24,6,134,50,43,26,91,47,17,8,27,10,4,0,0.0,1.0,2667
Daniel Devlin,Peter Delaney,7,983,795,0.7393846765226212,0.6153837563911821,8,3,38,16,38,7,234,73,10,2,38,16,11,3,40,11,4,1,0.0,0.8,2667
Matthew Day,Ahmed Aseeri,7,1088,985,0.6377737431786725,0.5640216374262577,148,70,798,390,3,1,14,5,17,8,114,60,14,5,14,5,4,0,0.0,1.0,2667
Alex Davies,Michael Wild,7,1178,1131,0.5639634145132848,0.5293412500457856,230,115,1416,703,309,160,1894,996,4,0,77,41,31,18,236,95,4,2,0.0,0.6666666666666666,2667
David Craggs,Aaron Holland,7,1106,976,0.6716853028295744,0.5805423048206596,157,75,950,475,3,1,16,5,11,3,14,4,16,5,16,5,4,1,0.0,0.8,2667
Jamie Cope,John Pritchett,7,1247,1020,0.7802322205466414,0.6381861133090055,565,303,3804,1943,14,6,76,37,47,32,305,152,33,19,33,19,4,1,0.0,0.8,2667
Thor Chuan Leong,Simon Bedford,7,1221,1255,0.45362731252530075,0.4787627850337259,96,31,624,264,435,254,3299,1780,114,60,426,186,62,40,99,62,4,2,0.0,0.6666666666666666,2667
Gary Challis,Shafaqut Hussain,7,960,958,0.5027343522137269,0.5012499973958399,11,3,57,22,4,0,21,5,11,3,46,16,13,5,21,5,4,1,0.0,0.8,2667
Ryan Causton,Jake Keen,7,1050,969,0.6092484254460553,0.5504527113395278,127,65,673,328,6,2,31,12,13,5,118,57,9,1,9,1,4,1,0.0,0.8,2667
Shane Castle,Richard Somauroo,7,1083,838,0.7976923211673973,0.6485108747389209,67,29,397,188,107,32,676,270,38,22,55,31,13,5,24,9,4,0,0.0,1.0,2667
Greg Casey,Billy Ginn,7,1049,958,0.622303251187688,0.5566309599222533,24,12,150,74,5,1,23,6,35,18,109,52,14,2,23,6,4,1,0.0,0.8,2667
James Cahill,Himanshu Dinesh Jain,7,1248,1040,0.7608368593181393,0.6271477663131956,164,62,1040,461,7,5,40,23,137,79,374,183,40,23,40,23,4,0,0.0,1.0,2667
James Burrett,Lewis Ullah,7,825,991,0.2853801489272095,0.3977138231113694,35,7,177,52,2,0,11,3,9,1,33,8,11,3,11,3,4,2,0.0,0.6666666666666666,2667
Paul Burrell,Daniel Walker,7,886,975,0.38029641350050397,0.44460335167941084,21,4,130,44,2,0,9,1,11,3,41,11,9,1,9,1,4,1,0.0,0.8,2667
Ross Bulman,Aaron Cook,7,1012,890,0.661777191191235,0.5756643510425494,3,1,16,8,9,0,39,3,16,8,16,8,9,1,27,3,4,0,0.0,1.0,2667
Jamie Brown,Imran Puri,7,997,674,0.8627807229403067,0.6915765137521193,16,5,90,39,63,9,311,72,16,7,62,31,11,3,49,18,4,0,0.0,1.0,2667
Jack Bradford,Michael Collumb,7,956,1095,0.31731999830555657,0.4139887955611293,47,15,247,98,67,29,366,181,40,23,71,35,22,11,139,73,4,1,0.0,0.8,2667
Jamie Barrett,Hans Blanckaert,7,1022,828,0.7459292301495708,0.6189278548001903,84,33,474,198,108,24,573,197,35,19,269,95,11,3,33,9,4,1,0.0,0.8,2667
Sam Baird,James Silverwood,7,1274,986,0.8357070215370299,0.6726070170677604,343,177,2366,1209,79,25,424,173,127,60,630,310,13,5,70,37,4,3,0.0,0.5714285714285714,2667
Owais Ali,Joshua Saywell,7,952,988,0.45091379157772826,0.4775151752081999,4,0,17,1,1,0,5,1,8,0,8,0,5,1,5,1,4,0,0.0,1.0,2667
Omar Alajlani,Jenson Kendrick,7,977,969,0.510936041856229,0.5049998333399998,2,0,10,2,7,1,39,14,10,2,10,2,16,4,39,14,4,0,0.0,1.0,2667
Long Zehuang,Sergey Isaenko,7,983,1002,0.47404295972292854,0.4881272322437472,11,4,58,22,11,5,56,25,21,11,21,11,33,17,33,17,4,1,0.0,0.8,2667
Fang Xiongman,Ross Bulman,7,1183,1012,0.7203516579445735,0.6052765337748445,81,37,484,224,3,1,16,8,45,27,330,149,16,8,16,8,4,0,0.0,1.0,2667
Zhao Xintong,Adam Brown,7,1470,968,0.9525527954411733,0.7781641849247005,161,89,1073,584,4,0,21,5,197,114,624,331,10,2,21,5,4,0,0.0,1.0,2667
Daniel Womersley,Shehzad Iqbal,7,1013,973,0.5545057991359676,0.52497918747894,27,9,154,64,8,2,42,16,24,9,154,64,6,2,27,13,4,2,0.0,0.6666666666666666,2667
Sydney Wilson,Greg Casey,7,1116,1049,0.5907526477758748,0.5417773692836367,182,66,1086,479,24,12,150,74,24,12,227,88,35,18,109,52,4,1,0.0,0.8,2667
John Whitty,William Thomson,7,1090,959,0.6729150209582897,0.5811509642893937,215,117,1514,777,5,1,22,6,11,3,11,3,13,5,13,5,4,0,0.0,1.0,2667
Patrick Whelan,James Welch,7,985,976,0.5123026114255715,0.5056247627073255,19,6,97,43,2,0,9,1,30,18,78,36,9,1,9,1,4,0,0.0,1.0,2667
Charlie Walters,Joshua Thomond,7,1087,1010,0.6039885915613215,0.5479769376367963,103,43,566,262,24,11,132,64,34,15,153,78,23,12,120,60,4,1,0.0,0.8,2667
Wayne Townsend,John Foster,7,975,1034,0.41991680863949354,0.46319171001101955,37,16,238,112,15,7,82,41,11,3,33,7,23,13,82,41,4,2,0.0,0.6666666666666666,2667
Sam Thistlewhite,Jamie O'Neill,7,1082,1190,0.3558484820461031,0.4329070950345457,86,40,454,222,290,152,1830,952,12,4,98,53,52,31,119,69,4,3,0.0,0.5714285714285714,2667
Zak Surety,Jamie Brown,7,1131,997,0.6765921632853334,0.5829754542011996,128,57,752,354,16,5,90,39,13,5,198,94,16,7,62,31,4,1,0.0,0.8,2667
Andrew Smith,Constantin Mateescu,7,1027,972,0.5747243219334544,0.5343209436693046,4,2,21,12,2,0,8,0,21,12,21,12,8,0,8,0,4,0,0.0,1.0,2667
Luke Simmonds,Owais Ali,7,1184,952,0.7851724867885262,0.6410674063348171,132,71,883,454,4,0,17,1,103,50,166,79,8,0,8,0,4,0,0.0,1.0,2667
Brandon Sargeant,Peter Devlin,7,1081,1006,0.6013510291923431,0.5467381519846138,76,32,436,207,33,14,168,76,33,15,227,109,43,26,91,47,4,2,0.0,0.6666666666666666,2667
Chae Ross,Matthew Couch,7,1019,1090,0.4039387802743521,0.4557411415821268,9,5,48,25,520,293,3959,2076,19,8,48,25,14,5,14,5,4,3,0.0,0.5714285714285714,2667
Laxman Rawat,Chen Zhe,7,1012,1204,0.25624205547776585,0.382252125230751,11,4,65,27,207,100,1271,621,18,8,22,8,52,32,294,131,4,1,0.0,0.8,2667
Dechawat Poomjaeng,Nutcharat Wongharuthai,7,1257,988,0.8195570476403491,0.6620627248063988,251,131,1795,910,6,1,33,10,81,43,340,166,33,10,33,10,4,0,0.0,1.0,2667
Haydon Pinhey,Kuldesh Johal,7,992,1201,0.238118079693393,0.3722678361394811,10,4,62,29,217,124,1433,768,14,6,62,29,63,36,147,80,4,1,0.0,0.8,2667
Barry Pinches,Luke Pinches,7,1231,991,0.792932804884019,0.6456563062257954,737,381,5714,2968,8,3,45,19,37,19,196,111,27,12,45,19,4,1,0.0,0.8,2667
Fraser Patrick,Kacper Filipiak,7,1184,1131,0.5720392978025534,0.5330766223661046,202,83,1324,607,85,36,461,201,32,16,262,117,17,9,109,64,4,2,0.0,0.6666666666666666,2667
John Parkin,Manasawin Phetmalaikul,7,1001,961,0.5545057991359676,0.52497918747894,22,9,112,50,10,3,53,20,11,3,21,8,16,7,47,18,4,2,0.0,0.6666666666666666,2667
Andrew Pagett,Craig Steadman,7,1158,1340,0.2672511194925776,0.3881726309982629,254,114,1674,805,448,242,2946,1543,36,22,69,34,157,89,544,267,4,1,0.0,0.8,2667
Phil O'Kane,Tugba Irten,7,1056,979,0.6039885915613215,0.5479769376367963,92,42,474,224,17,8,98,43,21,11,123,66,9,1,50,18,4,1,0.0,0.8,2667
Heikki Niva,Michael Williams,7,1029,1126,0.3699335043548132,0.4396703573114467,11,5,60,32,61,33,308,169,29,14,60,32,17,9,128,74,4,2,0.0,0.6666666666666666,2667
Lu Ning,Dave Nelson,7,1276,978,0.843794955427504,0.6780882495516275,98,41,662,306,3,1,14,4,170,91,235,121,14,4,14,4,4,0,0.0,1.0,2667
Jake Nicholson,Jed Mann,7,1032,982,0.5680051367615364,0.5312093733737563,93,32,489,205,2,0,10,2,33,18,117,58,10,2,10,2,4,0,0.0,1.0,2667
Tam Mustafa,Alex Davies,7,998,1178,0.26948305440756287,0.389360766050778,54,25,303,142,230,115,1416,703,9,1,9,1,4,0,77,41,4,3,0.0,0.5714285714285714,2667
Geng Mingqi,Mateusz Baranowski,7,1038,1047,0.48769738857442835,0.4943752372926745,17,7,100,49,40,19,219,105,23,13,52,30,22,10,122,53,4,3,0.0,0.5714285714285714,2667
Hammad Miah,Jeff Cundy,7,1186,1138,0.5653114683109788,0.5299640517645717,145,53,958,417,528,280,3679,1907,92,39,457,199,28,16,106,51,4,2,0.0,0.6666666666666666,2667
Jamie McArdle,Matthew Roberts,7,1005,958,0.5639634145132848,0.5293412500457856,9,3,48,23,9,3,44,15,15,7,32,15,24,10,44,15,4,2,0.0,0.6666666666666666,2667
Sean Maddocks,Joshua Cooper,7,988,1008,0.4726790179572131,0.4875026035157896,5,2,28,12,30,13,157,72,28,12,28,12,16,8,105,54,4,0,0.0,1.0,2667
Callum Lloyd,Gary Challis,7,961,960,0.5013671846516985,0.5006249996744794,28,8,146,59,11,3,57,22,22,11,37,17,11,3,46,16,4,1,0.0,0.8,2667
David Lilley,Alex Taubman,7,1255,1112,0.6875128007198821,0.5884351201276382,95,54,593,315,165,74,897,413,164,81,317,166,28,15,153,75,4,0,0.0,1.0,2667
William Lemons,Jamie Trump,7,1032,969,0.5854263042586716,0.5392938058983595,42,17,250,113,2,0,8,0,13,5,74,35,8,0,8,0,4,0,0.0,1.0,2667
Daegyu Lee,Wang Zepeng,7,1021,1121,0.36607269253409314,0.43782349911420193,5,3,27,16,40,21,226,115,27,16,27,16,40,25,40,25,4,1,0.0,0.8,2667
Andy Lee,Mark Vincent,7,1134,904,0.783204659627048,0.6399160967377341,123,59,730,353,47,14,241,93,121,56,137,65,22,10,52,23,4,0,0.0,1.0,2667
Ning Kang,Ronan Whyte,7,993,987,0.5082025098106111,0.5037499296890819,4,2,20,10,3,1,13,4,20,10,20,10,13,4,13,4,4,2,0.0,0.6666666666666666,2667
Jak Jones,Kurtis Weaver,7,1194,982,0.7650010839038448,0.6294831119673949,182,72,1176,515,12,4,64,29,116,51,358,148,15,6,15,6,4,0,0.0,1.0,2667
Liu Jiaming,Ben Jones,7,996,1106,0.35330921996474546,0.4316800165217519,15,4,87,36,93,47,479,241,22,12,22,12,23,11,140,74,4,0,0.0,1.0,2667
Kishan Hirani,Michael Judge,7,1147,1263,0.34573343118721134,0.42800386706848137,153,74,826,396,486,282,3879,2079,117,51,243,119,61,37,61,37,4,2,0.0,0.6666666666666666,2667
Kristjan Helgason,Wang Yuchen,7,1277,1086,0.7426684543010009,0.6171573626529722,156,93,1298,718,66,19,417,161,30,17,51,27,27,15,254,98,4,2,0.0,0.6666666666666666,2667
Hu Hao,Saqib Nasir,7,1154,1113,0.5558590476581076,0.5256025883246178,43,21,241,124,94,47,519,273,18,8,111,56,17,9,114,64,4,3,0.0,0.5714285714285714,2667
Ben Hancorn,Jackson Page,7,1028,1163,0.32218616531476235,0.41641688448272474,26,11,166,80,35,19,214,108,26,15,26,15,60,38,214,108,4,3,0.0,0.5714285714285714,2667
Steven Hallworth,Brian Ochoiski,7,1227,1018,0.7618819203066071,0.6277321638605189,102,42,599,276,9,5,52,28,42,24,268,139,41,24,52,28,4,0,0.0,1.0,2667
David Grace,Ryan Causton,7,1279,1050,0.7822166026963269,0.6393398367530659,320,147,2112,1021,127,65,673,328,41,25,466,230,13,5,118,57,4,1,0.0,0.8,2667
Felix Frede,Daniel Gorton,7,964,962,0.5027343522137269,0.5012499973958399,32,12,168,72,5,1,23,6,31,15,86,35,15,6,23,6,4,2,0.0,0.6666666666666666,2667
Leo Fernandez,Daniel Ward,7,1169,1205,0.45091379157772826,0.4775151752081999,419,250,3172,1698,116,67,662,376,27,14,106,37,21,11,96,54,4,0,0.0,1.0,2667
Reanne Evans,Anthony Jeffers,7,1069,1010,0.5800831913605062,0.5368082899889803,139,52,777,331,15,7,82,39,12,4,117,58,21,10,40,18,4,3,0.0,0.5714285714285714,2667
Adam Duffy,Jack Bradford,7,1240,956,0.8323923521776074,0.6704011598088686,345,173,2180,1108,47,15,247,98,100,52,479,229,40,23,71,35,4,2,0.0,0.6666666666666666,2667
Daniel Devlin,Dylan Craig,7,983,1135,0.30173900629161093,0.4061268970658573,8,3,38,16,60,35,331,179,10,2,38,16,25,11,73,34,4,1,0.0,0.8,2667
Simon Dent,James Burrett,7,1009,825,0.7349708541108757,0.6130141761393355,36,15,192,90,35,7,177,52,21,9,96,44,9,1,33,8,4,0,0.0,1.0,2667
Matthew Day,Iulian Boiko,7,1088,989,0.6326419490877371,0.5615610703361955,148,70,798,390,4,1,21,7,17,8,114,60,21,7,21,7,4,1,0.0,0.8,2667
Sam Craigie,Andy Hicks,7,1314,1236,0.6053054839891849,0.5485961085831343,160,78,972,495,622,337,4973,2580,79,39,404,190,50,27,326,168,4,3,0.0,0.5714285714285714,2667
David Craggs,Jamie Barrett,7,1106,1022,0.6131794491635048,0.5523079095743253,157,75,950,475,84,33,474,198,11,3,14,4,35,19,269,95,4,3,0.0,0.5714285714285714,2667
Callum Costello,Paul Burrell,7,989,886,0.6377737431786725,0.5640216374262577,6,2,30,12,21,4,130,44,16,7,30,12,11,3,41,11,4,2,0.0,0.6666666666666666,2667
Jamie Cope,Adam Edge,7,1247,1032,0.7680961089120268,0.6312306626164005,565,303,3804,1943,49,20,277,129,47,32,305,152,21,11,109,54,4,2,0.0,0.6666666666666666,2667
Thor Chuan Leong,Brandon Hall,7,1221,991,0.783204659627048,0.6399160967377341,96,31,624,264,7,3,35,14,114,60,426,186,27,14,35,14,4,1,0.0,0.8,2667
Shane Castle,Lee Shanker,7,1083,894,0.7404818133197837,0.6159753019181258,67,29,397,188,36,9,186,62,38,22,55,31,20,9,43,16,4,2,0.0,0.6666666666666666,2667
James Cahill,Andres Petrov,7,1248,1041,0.7597891374076362,0.6265629971237182,164,62,1040,461,16,8,94,46,137,79,374,183,16,8,53,23,4,0,0.0,1.0,2667
Jordan Brown,Ma Tingpeng,7,1208,1023,0.7360780864464773,0.6136070778047783,112,58,711,357,27,12,150,71,131,67,217,103,26,14,64,35,4,2,0.0,0.6666666666666666,2667
Sam Baird,Marc Davis,7,1274,1110,0.7123105654940886,0.6010878788483698,343,177,2366,1209,124,56,654,308,127,60,630,310,20,12,117,57,4,0,0.0,1.0,2667
Omar Alajlani,Andy Marriott,7,977,926,0.5693507188778237,0.5318318894162242,2,0,10,2,24,5,139,52,10,2,10,2,14,6,26,10,4,3,0.0,0.5714285714285714,2667
Farakh Ajaib,Dylan Emery,7,1066,1031,0.5477297445502348,0.5218610539716015,48,23,274,133,8,5,42,23,69,36,109,53,42,23,42,23,4,2,0.0,0.6666666666666666,2667
Joel Walker,Jamie Cope,7,1170,1247,0.39601140843867844,0.4520230623632036,167,75,1062,500,565,303,3804,1943,25,14,115,50,47,32,305,152,4,1,0.0,0.8,2667
Luke Simmonds,Omar Alajlani,7,1184,977,0.7597891374076362,0.6265629971237182,132,71,883,454,2,0,10,2,103,50,166,79,10,2,10,2,4,0,0.0,1.0,2667
Laxman Rawat,Andrew Pagett,7,1012,1158,0.30888492066734696,0.40974974806981657,11,4,65,27,254,114,1674,805,18,8,22,8,36,22,69,34,4,2,0.0,0.6666666666666666,2667
Dechawat Poomjaeng,Brandon Sargeant,7,1257,1081,0.726023440718493,0.6082590307465143,251,131,1795,910,76,32,436,207,81,43,340,166,33,15,227,109,4,2,0.0,0.6666666666666666,2667
Haydon Pinhey,Patrick Whelan,7,992,985,0.5095693356278297,0.5043748883497735,10,4,62,29,19,6,97,43,14,6,62,29,30,18,78,36,4,2,0.0,0.6666666666666666,2667
Barry Pinches,Fang Xiongman,7,1231,1183,0.5653114683109788,0.5299640517645717,737,381,5714,2968,81,37,484,224,37,19,196,111,45,27,330,149,4,3,0.0,0.5714285714285714,2667
Phil O'Kane,Daniel Womersley,7,1056,1013,0.5585634499391967,0.5268491486891144,92,42,474,224,27,9,154,64,21,11,123,66,24,9,154,64,4,2,0.0,0.6666666666666666,2667
Lu Ning,Callum Costello,7,1276,989,0.834882617465889,0.6720562626502714,98,41,662,306,6,2,30,12,170,91,235,121,16,7,30,12,4,1,0.0,0.8,2667
Jake Nicholson,Simon Dent,7,1032,1009,0.5314106943491967,0.5143710406970602,93,32,489,205,36,15,192,90,33,18,117,58,21,9,96,44,4,0,0.0,1.0,2667
Geng Mingqi,Tam Mustafa,7,1038,998,0.5545057991359676,0.52497918747894,17,7,100,49,54,25,303,142,23,13,52,30,9,1,9,1,4,3,0.0,0.5714285714285714,2667
Hammad Miah,Farakh Ajaib,7,1186,1066,0.6592810606298003,0.574442516811659,145,53,958,417,48,23,274,133,92,39,457,199,69,36,109,53,4,1,0.0,0.8,2667
Sean Maddocks,Callum Lloyd,7,988,961,0.536858082179779,0.5168685956913849,5,2,28,12,28,8,146,59,28,12,28,12,22,11,37,17,4,3,0.0,0.5714285714285714,2667
David Lilley,Kristjan Helgason,7,1255,1277,0.4699521739841547,0.486253465097645,95,54,593,315,156,93,1298,718,164,81,317,166,30,17,51,27,4,0,0.0,1.0,2667
Andy Lee,Fraser Patrick,7,1134,1184,0.43199486323846364,0.46879062662624377,123,59,730,353,202,83,1324,607,121,56,137,65,32,16,262,117,4,1,0.0,0.8,2667
Ning Kang,Jamie McArdle,7,993,1005,0.4835986704357121,0.4925005624493796,4,2,20,10,9,3,48,23,20,10,20,10,15,7,32,15,4,3,0.0,0.5714285714285714,2667
Jak Jones,Andrew Smith,7,1194,1027,0.7157709624772323,0.6028848673274662,182,72,1176,515,4,2,21,12,116,51,358,148,21,12,21,12,4,0,0.0,1.0,2667
Liu Jiaming,Matthew Day,7,996,1088,0.37639911510945645,0.44275214540144436,15,4,87,36,148,70,798,390,22,12,22,12,17,8,114,60,4,2,0.0,0.6666666666666666,2667
Kishan Hirani,Zak Surety,7,1147,1131,0.5218633393972989,0.5099986668799655,153,74,826,396,128,57,752,354,117,51,243,119,13,5,198,94,4,0,0.0,1.0,2667
Hu Hao,Heikki Niva,7,1154,1029,0.6655072126279344,0.5774953651858118,43,21,241,124,11,5,60,32,18,8,111,56,29,14,60,32,4,3,0.0,0.5714285714285714,2667
Ben Hancorn,Sam Thistlewhite,7,1028,1082,0.4266177377216683,0.4663011645670992,26,11,166,80,86,40,454,222,26,15,26,15,12,4,98,53,4,0,0.0,1.0,2667
Steven Hallworth,Zhao Xintong,7,1227,1470,0.20420308349947378,0.35262969241845105,102,42,599,276,161,89,1073,584,42,24,268,139,197,114,624,331,4,2,0.0,0.6666666666666666,2667
Leo Fernandez,Chae Ross,7,1169,1019,0.6958878075458884,0.5926665999540697,419,250,3172,1698,9,5,48,25,27,14,106,37,19,8,48,25,4,0,0.0,1.0,2667
Reanne Evans,Daegyu Lee,7,1069,1021,0.5653114683109788,0.5299640517645717,139,52,777,331,5,3,27,16,12,4,117,58,27,16,27,16,4,3,0.0,0.5714285714285714,2667
Adam Duffy,David Grace,7,1240,1279,0.44684812561516707,0.47564429123179275,345,173,2180,1108,320,147,2112,1021,100,52,479,229,41,25,466,230,4,1,0.0,0.8,2667
Daniel Devlin,Felix Frede,7,983,964,0.5259570402770714,0.5118727677562528,8,3,38,16,32,12,168,72,10,2,38,16,31,15,86,35,4,1,0.0,0.8,2667
Sam Craigie,Long Zehuang,7,1314,983,0.8684878923525275,0.6958260586292875,160,78,972,495,11,4,58,22,79,39,404,190,21,11,21,11,4,1,0.0,0.8,2667
David Craggs,Wayne Townsend,7,1106,975,0.6729150209582897,0.5811509642893937,157,75,950,475,37,16,238,112,11,3,14,4,11,3,33,7,4,2,0.0,0.6666666666666666,2667
Thor Chuan Leong,Charlie Walters,7,1221,1087,0.6765921632853334,0.5829754542011996,96,31,624,264,103,43,566,262,114,60,426,186,34,15,153,78,4,0,0.0,1.0,2667
Shane Castle,Sydney Wilson,7,1083,1116,0.45498494612477275,0.47938669028555136,67,29,397,188,182,66,1086,479,38,22,55,31,24,12,227,88,4,3,0.0,0.5714285714285714,2667
James Cahill,William Lemons,7,1248,1032,0.7691223962231968,0.6318124177361016,164,62,1040,461,42,17,250,113,137,79,374,183,13,5,74,35,4,1,0.0,0.8,2667
Jordan Brown,John Whitty,7,1208,1090,0.6567774862994666,0.5732197726798348,112,58,711,357,215,117,1514,777,131,67,217,103,11,3,11,3,4,2,0.0,0.6666666666666666,2667
Sam Baird,John Parkin,7,1274,1001,0.8230423767770356,0.6642964428999887,343,177,2366,1209,22,9,112,50,127,60,630,310,11,3,21,8,4,0,0.0,1.0,2667
Luke Simmonds,Daniel Devlin,7,1184,983,0.7534472409879828,0.6230466603666162,132,71,883,454,8,3,38,16,103,50,166,79,10,2,38,16,4,0,0.0,1.0,2667
Dechawat Poomjaeng,Leo Fernandez,7,1257,1169,0.6184015843393024,0.5547792351072148,251,131,1795,910,419,250,3172,1698,81,43,340,166,27,14,106,37,4,1,0.0,0.8,2667
Haydon Pinhey,Phil O'Kane,7,992,1056,0.4132404983976814,0.46008511544443426,10,4,62,29,92,42,474,224,14,6,62,29,21,11,123,66,4,3,0.0,0.5714285714285714,2667
Lu Ning,Laxman Rawat,7,1276,1012,0.8151364341594428,0.6592603884513855,98,41,662,306,11,4,65,27,170,91,235,121,18,8,22,8,4,2,0.0,0.6666666666666666,2667
Geng Mingqi,Liu Jiaming,7,1038,996,0.557211603425229,0.5262259093720687,17,7,100,49,15,4,87,36,23,13,52,30,22,12,22,12,4,1,0.0,0.8,2667
Hammad Miah,Reanne Evans,7,1186,1069,0.6555229391190917,0.5726080638632601,145,53,958,417,139,52,777,331,92,39,457,199,12,4,117,58,4,1,0.0,0.8,2667
David Lilley,Kishan Hirani,7,1255,1147,0.644151517953897,0.5670929049654543,95,54,593,315,153,74,826,396,164,81,317,166,117,51,243,119,4,1,0.0,0.8,2667
Jak Jones,Shane Castle,7,1194,1083,0.6479578189910667,0.5689332093695465,182,72,1176,515,67,29,397,188,116,51,358,148,38,22,55,31,4,2,0.0,0.6666666666666666,2667
Hu Hao,Ning Kang,7,1154,993,0.7088291167182063,0.5992881635083561,43,21,241,124,4,2,20,10,18,8,111,56,20,10,20,10,4,2,0.0,0.6666666666666666,2667
Ben Hancorn,Joel Walker,7,1028,1170,0.31369223207290564,0.41217046151748854,26,11,166,80,167,75,1062,500,26,15,26,15,25,14,115,50,4,3,0.0,0.5714285714285714,2667
Adam Duffy,Steven Hallworth,7,1240,1227,0.5177671819164105,0.5081242849062608,345,173,2180,1108,102,42,599,276,100,52,479,229,42,24,268,139,4,2,0.0,0.6666666666666666,2667
Sam Craigie,Jake Nicholson,7,1314,1032,0.8307179588376647,0.669295402777446,160,78,972,495,93,32,489,205,79,39,404,190,33,18,117,58,4,0,0.0,1.0,2667
Thor Chuan Leong,Andy Lee,7,1221,1134,0.6170981549456108,0.5541616527636486,96,31,624,264,123,59,730,353,114,60,426,186,121,56,137,65,4,0,0.0,1.0,2667
James Cahill,David Craggs,7,1248,1106,0.6863077679270944,0.5878295384825115,164,62,1040,461,157,75,950,475,137,79,374,183,11,3,14,4,4,3,0.0,0.5714285714285714,2667
Jordan Brown,Sean Maddocks,7,1208,988,0.7732004785001367,0.6341355910108007,112,58,711,357,5,2,28,12,131,67,217,103,28,12,28,12,4,1,0.0,0.8,2667
Sam Baird,Barry Pinches,7,1274,1231,0.5585634499391967,0.5268491486891144,343,177,2366,1209,737,381,5714,2968,127,60,630,310,37,19,196,111,4,1,0.0,0.8,2667
Luke Simmonds,Haydon Pinhey,7,1184,992,0.7437579445222342,0.617747874769249,132,71,883,454,10,4,62,29,103,50,166,79,14,6,62,29,4,2,0.0,0.6666666666666666,2667
Dechawat Poomjaeng,Geng Mingqi,7,1257,1038,0.7721850273226749,0.633555377636775,251,131,1795,910,17,7,100,49,81,43,340,166,23,13,52,30,4,2,0.0,0.6666666666666666,2667
Hammad Miah,Ben Hancorn,7,1186,1028,0.7053268662779104,0.5974857658270161,145,53,958,417,26,11,166,80,92,39,457,199,26,15,26,15,4,2,0.0,0.6666666666666666,2667
Jak Jones,Thor Chuan Leong,7,1194,1221,0.4631419178202212,0.48313140430861523,182,72,1176,515,96,31,624,264,116,51,358,148,114,60,426,186,4,3,0.0,0.5714285714285714,2667
Hu Hao,Lu Ning,7,1154,1276,0.33822280880876515,0.42433564895745063,43,21,241,124,98,41,662,306,18,8,111,56,170,91,235,121,4,2,0.0,0.6666666666666666,2667
Sam Craigie,David Lilley,7,1314,1255,0.5800831913605062,0.5368082899889803,160,78,972,495,95,54,593,315,79,39,404,190,164,81,317,166,4,2,0.0,0.6666666666666666,2667
Jordan Brown,James Cahill,7,1208,1248,0.44549420086403224,0.47502081252106,112,58,711,357,164,62,1040,461,131,67,217,103,137,79,374,183,4,1,0.0,0.8,2667
Sam Baird,Adam Duffy,7,1274,1240,0.5463726874746992,0.5212372149662741,343,177,2366,1209,345,173,2180,1108,127,60,630,310,100,52,479,229,4,2,0.0,0.6666666666666666,2667
Hammad Miah,Luke Simmonds,7,1186,1184,0.5027343522137269,0.5012499973958399,145,53,958,417,132,71,883,454,92,39,457,199,103,50,166,79,4,0,0.0,1.0,2667
Jak Jones,Jordan Brown,7,1194,1208,0.48086718764462183,0.4912508931197597,182,72,1176,515,112,58,711,357,116,51,358,148,131,67,217,103,4,2,0.0,0.6666666666666666,2667
Sam Craigie,Dechawat Poomjaeng,7,1314,1257,0.5774056625100122,0.5355648379838539,160,78,972,495,251,131,1795,910,79,39,404,190,81,43,340,166,4,0,0.0,1.0,2667
Sam Baird,Hu Hao,7,1274,1154,0.6592810606298003,0.574442516811659,343,177,2366,1209,43,21,241,124,127,60,630,310,18,8,111,56,4,2,0.0,0.6666666666666666,2667
Zhou Yuelong,Ian Preece,19,1351,1228,0.7510315449982883,0.5762749224932653,199,113,1362,721,214,114,1557,798,219,114,795,425,0,0,292,139,10,1,0.0,0.9090909090909091,2661
Mei Xiwen,Basem Eltahhan,19,1323,960,0.9756710113991722,0.7124883131320702,108,52,721,357,17,2,102,25,130,66,446,225,44,8,102,25,10,8,0.0,0.5555555555555556,2661
Zhao Xintong,Aditya Mehta,19,1467,1247,0.8863100826365873,0.6341355910108007,164,91,1088,594,282,135,1935,947,212,124,639,341,0,0,278,120,10,8,0.0,0.5555555555555556,2661
Ben Woollaston,Kacper Filipiak,19,1356,1124,0.8983343355291649,0.6410674063348171,595,339,3854,2056,87,37,474,207,123,61,870,456,30,15,122,70,10,5,0.0,0.6666666666666666,2661
Robbie Williams,Jak Jones,19,1274,1237,0.5809139199144943,0.523108525489089,365,195,2375,1209,188,78,1210,539,103,45,580,283,150,75,392,172,10,8,0.0,0.5555555555555556,2661
Michael White,Niu Zhuang,19,1296,1098,0.8616308627379214,0.6212835951910678,493,280,3303,1744,56,18,335,129,125,56,901,456,76,28,196,71,10,9,0.0,0.5263157894736842,2661
Jimmy White,Sam Craigie,19,1192,1353,0.1878338556091183,0.40071183649164394,1436,797,12238,6411,165,83,998,515,73,24,422,181,105,59,430,210,10,6,0.0,0.625,2661
Liang Wenbo,Rod Lawler,19,1378,1239,0.7780107211674285,0.5860112044388707,606,363,4205,2313,816,436,6196,3195,134,69,967,526,95,41,500,222,10,2,0.0,0.8333333333333334,2661
Daniel Wells,Kurt Dunham,19,1338,916,0.988682069677934,0.7417338799314313,365,181,2444,1211,35,3,203,48,162,85,594,292,22,7,203,48,10,6,0.0,0.625,2661
Lee Walker,Kristjan Helgason,19,1315,1258,0.6234490261193055,0.5355648379838539,472,256,3627,1864,159,95,1315,726,127,65,543,258,47,25,68,35,10,6,0.0,0.625,2661
Ricky Walden,Joe Swail,19,1396,1242,0.8016768627203623,0.595078473866134,840,506,5880,3240,852,454,6610,3426,166,88,1126,589,114,54,540,259,10,8,0.0,0.5555555555555556,2661
Chris Wakelin,Xu Si,19,1337,1161,0.8334343127725208,0.6082590307465143,191,98,1274,644,50,18,343,143,145,77,608,305,87,36,283,121,10,4,0.0,0.7142857142857143,2661
Hossein Vafaei,Jamie Cope,19,1386,1241,0.7876697919718141,0.5896454785627312,109,63,825,419,568,305,3820,1952,108,55,548,280,63,41,321,161,10,8,0.0,0.5555555555555556,2661
Thepchaiya Un-Nooh,Alexander Ursenbacher,19,1359,1246,0.7333005947633041,0.5701590253818352,331,189,2364,1251,115,50,713,328,152,80,749,385,91,39,320,155,10,8,0.0,0.5555555555555556,2661
Matthew Stevens,Ryan Thomerson,19,1358,983,0.9790545730279399,0.7185943925708561,946,552,7305,3969,16,3,99,38,161,84,636,332,19,7,55,18,10,5,0.0,0.6666666666666666,2661
Adam Stefanow,Gary Wilson,19,1112,1353,0.09328960642686708,0.3537719416690997,73,29,417,190,412,238,2685,1450,73,26,301,137,160,80,651,338,10,8,0.0,0.5555555555555556,2661
Akani Songsermsawad,Lukas Kleckers,19,1355,1168,0.8479773450488521,0.6147918694922195,100,52,763,388,74,29,449,200,201,103,695,359,86,34,297,129,10,4,0.0,0.7142857142857143,2661
Elliot Slessor,Eden Sharav,19,1304,1286,0.539577541738263,0.5112481019468548,171,75,1051,493,155,75,961,457,100,48,463,221,150,74,477,212,10,7,0.0,0.5882352941176471,2661
Yuan Sijun,Fergal O'Brien,19,1323,1348,0.44511711689114175,0.4843800842769844,74,31,500,230,887,504,6667,3506,158,86,368,189,133,64,694,343,10,5,0.0,0.6666666666666666,2661
Matthew Selt,Ng On Yee,19,1354,988,0.9765582551672606,0.7140222267773016,566,307,3853,2016,22,10,137,61,135,69,738,381,39,19,125,57,10,1,0.0,0.9090909090909091,2661
Noppon Saengkham,Chen Zifan,19,1401,1176,0.8914409177131178,0.6370307944803831,232,110,1675,810,75,35,439,202,206,117,754,391,70,21,273,125,10,1,0.0,0.9090909090909091,2661
Jimmy Robertson,Alex Borg,19,1324,1106,0.884208874712364,0.6329747766804606,484,266,3280,1706,373,157,2653,1206,200,103,771,411,20,8,306,123,10,2,0.0,0.8333333333333334,2661
Joe Perry,Ross Muir,19,1438,1276,0.8136354344641303,0.5998883688639983,1055,627,7575,4106,165,63,1092,490,248,143,1104,608,107,50,486,223,10,1,0.0,0.9090909090909091,2661
Tian Pengfei,Li Yuan,19,1372,1155,0.8831477310816062,0.6323937895695628,389,219,2597,1387,55,23,328,149,150,81,605,306,72,29,189,81,10,1,0.0,0.9090909090909091,2661
Martin O'Donnell,Anthony Hamilton,19,1362,1416,0.38284806468158256,0.4663011645670992,325,161,2058,1042,848,493,6503,3475,191,105,662,346,138,74,715,380,10,7,0.0,0.5882352941176471,2661
Robert Milkins,Aaron Canavan,19,1372,1000,0.9782493458122716,0.7170752854929726,857,513,6208,3372,0,0,0,0,158,88,865,453,0,0,0,0,10,1,0.0,0.9090909090909091,2661
Hammad Miah,Jordan Brown,19,1242,1228,0.530803037091272,0.5087491068802403,151,59,988,441,117,62,739,375,122,63,487,223,159,85,245,121,10,9,0.0,0.5263157894736842,2661
Alan McManus,Rhys Clark,19,1324,1203,0.7475375205969886,0.5750535485557879,939,555,7814,4146,125,52,780,352,118,58,674,351,34,10,378,158,10,2,0.0,0.8333333333333334,2661
Rory McLeod,Ian Burns,19,1217,1295,0.33349491302708817,0.4514038914168657,578,311,4305,2216,336,172,2132,1078,99,39,626,291,134,65,541,253,10,8,0.0,0.5555555555555556,2661
Mitchell Mann,Peter Lines,19,1271,1343,0.3455989056121246,0.45512110762641994,243,114,1539,746,784,421,5673,2938,52,31,484,229,128,64,581,292,10,5,0.0,0.6666666666666666,2661
Stephen Maguire,Allan Taylor,19,1455,1238,0.8831477310816062,0.6323937895695628,951,631,6963,3970,303,141,1814,881,247,140,1159,675,91,37,472,203,10,5,0.0,0.6666666666666666,2661
Kurt Maflin,Hamza Akbar,19,1342,1045,0.947558470370421,0.6775422953274692,534,305,3581,1928,43,7,288,96,111,56,675,360,56,18,259,87,10,7,0.0,0.5882352941176471,2661
Jack Lisowski,Christopher Keogan,19,1538,1125,0.9872212471436778,0.7374002858276639,442,270,2892,1589,144,55,814,367,290,180,866,492,21,9,293,119,10,4,0.0,0.7142857142857143,2661
Oliver Lines,Harvey Chandler,19,1205,1084,0.7475375205969886,0.5750535485557879,198,96,1262,624,26,10,155,65,92,36,495,219,91,36,135,59,10,6,0.0,0.625,2661
Jamie Jones,Craig Steadman,19,1366,1324,0.591660787934234,0.5262259093720687,499,297,3297,1787,450,243,2957,1548,68,36,575,302,168,94,555,272,10,5,0.0,0.6666666666666666,2661
Robin Hull,Cao Yupeng,19,1282,1368,0.3176305738616615,0.4464560968488817,535,314,4030,2192,243,123,1733,877,83,36,488,239,0,0,439,222,10,7,0.0,0.5882352941176471,2661
Michael Holt,Thor Chuan Leong,19,1368,1258,0.7278563807185946,0.5683199834782481,833,481,6013,3195,101,35,650,283,149,73,1058,554,140,79,452,205,10,7,0.0,0.5882352941176471,2661
Liam Highfield,Chen Zhe,19,1358,1188,0.8251256977548064,0.6046790847140093,352,187,2391,1258,208,100,1276,622,117,60,565,292,57,33,299,132,10,3,0.0,0.7692307692307693,2661
Andrew Higginson,David John,19,1344,1098,0.9111322563753673,0.6490805242445733,721,427,5078,2780,95,41,614,283,139,73,653,345,0,0,179,64,10,4,0.0,0.7142857142857143,2661
Lyu Haotian,Fang Xiongman,19,1252,1194,0.6255406891300608,0.5361866202317948,119,49,823,375,83,38,495,231,107,50,308,150,56,34,341,156,10,8,0.0,0.5555555555555556,2661
Li Hang,Ashley Hugill,19,1342,1164,0.8361448592511926,0.6094497836283252,268,139,1916,991,112,52,627,295,107,52,662,346,58,19,395,180,10,9,0.0,0.5263157894736842,2661
Xiao Guodong,Chris Totten,19,1402,1027,0.9790545730279399,0.7185943925708561,441,259,2950,1631,37,8,231,79,160,86,723,402,80,29,208,70,10,3,0.0,0.7692307692307693,2661
Gerard Greene,Mark King,19,1253,1415,0.18636456553586955,0.40011163113600173,709,379,5257,2737,956,541,7007,3703,89,41,394,184,239,136,985,551,10,9,0.0,0.5263157894736842,2661
David Grace,Wang Yuchen,19,1283,1083,0.8640183394074468,0.6224593312018546,323,149,2126,1030,67,19,423,163,55,34,480,239,33,17,260,100,10,6,0.0,0.625,2661
Martin Gould,Paul Davison,19,1433,1187,0.9111322563753673,0.6490805242445733,673,406,4536,2492,678,351,4721,2384,88,49,899,495,80,27,443,184,10,4,0.0,0.7142857142857143,2661
David Gilbert,Billy Joe Castle,19,1422,1173,0.9137075400336618,0.6507869207968349,605,347,4357,2335,56,27,335,160,237,129,1070,585,108,49,251,113,10,8,0.0,0.5555555555555556,2661
Michael Georgiou,Matthew Bolton,19,1222,955,0.9279733898945238,0.6609431415591629,222,100,1355,653,11,0,60,9,105,45,520,248,0,0,55,9,10,4,0.0,0.7142857142857143,2661
Tom Ford,Leo Fernandez,19,1396,1190,0.8710067462973496,0.6259778577666038,618,354,4413,2356,423,253,3192,1711,224,117,831,445,47,27,126,50,10,2,0.0,0.8333333333333334,2661
Peter Ebdon,James Wattana,19,1412,1221,0.8530448512016227,0.6171573626529722,1086,622,8502,4568,815,438,6850,3573,161,95,691,367,107,43,448,191,10,4,0.0,0.7142857142857143,2661
Mike Dunn,Duane Jones,19,1250,1117,0.7680991960546169,0.5823675407280794,711,375,5211,2677,168,81,989,494,89,40,573,277,60,16,381,147,10,8,0.0,0.5555555555555556,2661
Adam Duffy,Mark Joyce,19,1254,1286,0.4298952093968887,0.48001065984441826,349,176,2203,1122,470,249,3380,1723,123,66,502,243,110,49,677,345,10,4,0.0,0.7142857142857143,2661
Graeme Dott,Adrian Ridley,19,1410,1042,0.9771341354132855,0.7150421057009898,868,506,6626,3547,24,10,153,68,176,97,876,457,0,0,0,0,10,1,0.0,0.9090909090909091,2661
Scott Donaldson,Tyler Rees,19,1364,987,0.9795769198129518,0.7196043690484492,239,119,1597,788,20,8,110,44,175,94,607,305,25,11,106,44,10,5,0.0,0.6666666666666666,2661
Ken Doherty,Josh Boileau,19,1256,1060,0.8592142539015748,0.6201064323430902,1129,684,9172,5019,83,33,473,207,78,29,498,237,0,0,226,75,10,8,0.0,0.5555555555555556,2661
Yu Delu,Sean O'Sullivan,19,1360,1119,0.9067103935731329,0.6462280583309002,266,134,1871,951,208,83,1304,589,0,0,447,219,67,20,406,160,10,8,0.0,0.5555555555555556,2661
Ryan Day,Igor Figueiredo,19,1465,1240,0.8914409177131178,0.6370307944803831,977,593,6683,3682,102,51,751,362,270,153,1367,752,0,0,123,55,10,2,0.0,0.8333333333333334,2661
Mark Davis,Sanderson Lam,19,1478,1133,0.9697189115587466,0.7031827112198086,1111,672,7788,4265,152,59,923,404,207,117,1043,582,72,20,404,162,10,1,0.0,0.9090909090909091,2661
Dominic Dale,Reanne Evans,19,1311,1065,0.9111322563753673,0.6490805242445733,923,525,6583,3504,142,54,796,340,106,49,771,401,31,13,136,67,10,7,0.0,0.5882352941176471,2661
Stuart Carrington,Nigel Bond,19,1375,1237,0.776376218528399,0.585404569129465,338,187,2189,1157,867,471,6817,3562,168,86,671,359,99,40,466,203,10,9,0.0,0.5263157894736842,2661
Alfie Burden,Jamie Barrett,19,1313,1028,0.9403170200144868,0.6709533329057776,678,364,4892,2510,86,34,486,205,139,69,583,280,47,26,281,102,10,6,0.0,0.625,2661
Yan Bingtao,Jackson Page,19,1477,1163,0.9565771681923656,0.6867567266439019,138,85,955,540,37,20,226,115,159,92,726,422,72,45,226,115,10,7,0.0,0.5882352941176471,2661
Sam Baird,Soheil Vahedi,19,1314,1027,0.9415768785968437,0.6720562626502714,349,183,2398,1233,32,6,209,74,159,84,662,334,59,15,174,61,10,5,0.0,0.6666666666666666,2661
John Astley,Marvin Lim Chun Kiat,19,1241,989,0.9162252309503702,0.6524894621927444,202,93,1269,592,11,2,71,25,78,26,499,240,11,1,11,1,10,1,0.0,0.9090909090909091,2661
Zhang Anda,Zhang Yong,19,1364,1226,0.776376218528399,0.585404569129465,319,160,2221,1114,109,45,672,288,165,89,626,323,113,50,477,204,10,6,0.0,0.625,2661
Michael White,John Astley,19,1296,1241,0.619254590398306,0.5343209436693046,493,280,3303,1744,202,93,1269,592,125,56,901,456,78,26,499,240,10,7,0.0,0.5882352941176471,2661
Liang Wenbo,Zhao Xintong,19,1378,1467,0.311766827607464,0.44460335167941084,606,363,4205,2313,164,91,1088,594,134,69,967,526,212,124,639,341,10,5,0.0,0.6666666666666666,2661
Daniel Wells,Zhou Yuelong,19,1338,1351,0.4713931605766388,0.4918757150937391,365,181,2444,1211,199,113,1362,721,162,85,594,292,219,114,795,425,10,8,0.0,0.5555555555555556,2661
Ricky Walden,Lee Walker,19,1396,1315,0.6724920695266582,0.5504527113395278,840,506,5880,3240,472,256,3627,1864,166,88,1126,589,127,65,543,258,10,7,0.0,0.5882352941176471,2661
Chris Wakelin,Kurt Maflin,19,1337,1342,0.4889891179715391,0.4968750406894683,191,98,1274,644,534,305,3581,1928,145,77,608,305,111,56,675,360,10,4,0.0,0.7142857142857143,2661
Hossein Vafaei,Noppon Saengkham,19,1386,1401,0.4670017257663631,0.4906260984783392,109,63,825,419,232,110,1675,810,108,55,548,280,206,117,754,391,10,5,0.0,0.6666666666666666,2661
Thepchaiya Un-Nooh,Adam Stefanow,19,1359,1112,0.9119971235082704,0.6496497492904088,331,189,2364,1251,73,29,417,190,152,80,749,385,73,26,301,137,10,4,0.0,0.7142857142857143,2661
Matthew Stevens,Yuan Sijun,19,1358,1323,0.5765972883320668,0.5218610539716015,946,552,7305,3969,74,31,500,230,161,84,636,332,158,86,368,189,10,9,0.0,0.5263157894736842,2661
Jimmy Robertson,Sam Baird,19,1324,1314,0.5220131658921434,0.5062496744995104,484,266,3280,1706,349,183,2398,1233,200,103,771,411,159,84,662,334,10,7,0.0,0.5882352941176471,2661
Joe Perry,Jimmy White,19,1438,1192,0.9111322563753673,0.6490805242445733,1055,627,7575,4106,1436,797,12238,6411,248,143,1104,608,73,24,422,181,10,5,0.0,0.6666666666666666,2661
Tian Pengfei,Yan Bingtao,19,1372,1477,0.28134145583980763,0.43474925243290014,389,219,2597,1387,138,85,955,540,150,81,605,306,159,92,726,422,10,9,0.0,0.5263157894736842,2661
Robert Milkins,Scott Donaldson,19,1372,1364,0.5176138337853691,0.5049998333399998,857,513,6208,3372,239,119,1597,788,158,88,865,453,175,94,607,305,10,8,0.0,0.5555555555555556,2661
Alan McManus,Oliver Lines,19,1324,1205,0.7440171739421312,0.5738312575916094,939,555,7814,4146,198,96,1262,624,118,58,674,351,92,36,495,219,10,9,0.0,0.5263157894736842,2661
Rory McLeod,Li Hang,19,1217,1342,0.24550097956758876,0.4225046348141883,578,311,4305,2216,268,139,1916,991,99,39,626,291,107,52,662,346,10,9,0.0,0.5263157894736842,2661
Stephen Maguire,Hammad Miah,19,1455,1242,0.8788325254564631,0.6300660082850182,951,631,6963,3970,151,59,988,441,247,140,1159,675,122,63,487,223,10,4,0.0,0.7142857142857143,2661
Jack Lisowski,David Grace,19,1538,1283,0.9186859886096059,0.654188113761243,442,270,2892,1589,323,149,2126,1030,290,180,866,492,55,34,480,239,10,3,0.0,0.7692307692307693,2661
Jamie Jones,Yu Delu,19,1366,1360,0.5132123015611022,0.5037499296890819,499,297,3297,1787,266,134,1871,951,68,36,575,302,0,0,447,219,10,7,0.0,0.5882352941176471,2661
Michael Holt,Elliot Slessor,19,1368,1304,0.6380092490619715,0.5399148845555657,833,481,6013,3195,171,75,1051,493,149,73,1058,554,100,48,463,221,10,7,0.0,0.5882352941176471,2661
Liam Highfield,Tom Ford,19,1358,1396,0.41693146845104373,0.4762678458734389,352,187,2391,1258,618,354,4413,2356,117,60,565,292,224,117,831,445,10,6,0.0,0.625,2661
Andrew Higginson,Robin Hull,19,1344,1282,0.6338689527276833,0.538672605206508,721,427,5078,2780,535,314,4030,2192,139,73,653,345,83,36,488,239,10,5,0.0,0.6666666666666666,2661
Lyu Haotian,Martin O'Donnell,19,1252,1362,0.27214361928140535,0.4316800165217519,119,49,823,375,325,161,2058,1042,107,50,308,150,191,105,662,346,10,9,0.0,0.5263157894736842,2661
Xiao Guodong,Mei Xiwen,19,1402,1323,0.66850568123858,0.5492151291013335,441,259,2950,1631,108,52,721,357,160,86,723,402,130,66,446,225,10,4,0.0,0.7142857142857143,2661
Peter Ebdon,Robbie Williams,19,1412,1274,0.776376218528399,0.585404569129465,1086,622,8502,4568,365,195,2375,1209,161,95,691,367,103,45,580,283,10,5,0.0,0.6666666666666666,2661
Mike Dunn,Dominic Dale,19,1250,1311,0.3682072397313146,0.4619487156141408,711,375,5211,2677,923,525,6583,3504,89,40,573,277,106,49,771,401,10,3,0.0,0.7692307692307693,2661
Adam Duffy,Matthew Selt,19,1254,1354,0.2906905535617543,0.43782349911420193,349,176,2203,1122,566,307,3853,2016,123,66,502,243,135,69,738,381,10,6,0.0,0.625,2661
Graeme Dott,Akani Songsermsawad,19,1410,1355,0.619254590398306,0.5343209436693046,868,506,6626,3547,100,52,763,388,176,97,876,457,201,103,695,359,10,2,0.0,0.8333333333333334,2661
Ken Doherty,Gerard Greene,19,1256,1253,0.506607079742194,0.5018749912109869,1129,684,9172,5019,709,379,5257,2737,78,29,498,237,89,41,394,184,10,4,0.0,0.7142857142857143,2661
Ryan Day,Mitchell Mann,19,1465,1271,0.856768445351273,0.6189278548001903,977,593,6683,3682,243,114,1539,746,270,153,1367,752,52,31,484,229,10,1,0.0,0.9090909090909091,2661
Mark Davis,Michael Georgiou,19,1478,1222,0.9194937055252321,0.6547534606063192,1111,672,7788,4265,222,100,1355,653,207,117,1043,582,105,45,520,248,10,0,0.0,1.0,2661
Stuart Carrington,Ben Woollaston,19,1375,1356,0.5417682565323138,0.5118727677562528,338,187,2189,1157,595,339,3854,2056,168,86,671,359,123,61,870,456,10,8,0.0,0.5555555555555556,2661
Alfie Burden,David Gilbert,19,1313,1422,0.27397086539056464,0.43229345192664,678,364,4892,2510,605,347,4357,2335,139,69,583,280,237,129,1070,585,10,9,0.0,0.5263157894736842,2661
Zhang Anda,Martin Gould,19,1364,1433,0.35171313641948787,0.4569816192756902,319,160,2221,1114,673,406,4536,2492,165,89,626,323,88,49,899,495,10,4,0.0,0.7142857142857143,2661
Ricky Walden,Andrew Higginson,19,1396,1344,0.6129360473306419,0.5324543063873187,840,506,5880,3240,721,427,5078,2780,166,88,1126,589,139,73,653,345,10,6,0.0,0.625,2661
Chris Wakelin,Tian Pengfei,19,1337,1372,0.4234027116679332,0.47813894602839846,191,98,1274,644,389,219,2597,1387,145,77,608,305,150,81,605,306,10,1,0.0,0.9090909090909091,2661
Thepchaiya Un-Nooh,Alfie Burden,19,1359,1313,0.6002080964095705,0.5287183569514396,331,189,2364,1251,678,364,4892,2510,152,80,749,385,139,69,583,280,10,8,0.0,0.5555555555555556,2661
Matthew Stevens,Ken Doherty,19,1358,1256,0.7130669359513337,0.5634067862621936,946,552,7305,3969,1129,684,9172,5019,161,84,636,332,78,29,498,237,10,2,0.0,0.8333333333333334,2661
Jimmy Robertson,Michael White,19,1324,1296,0.5614181065460194,0.5174928576663897,484,266,3280,1706,493,280,3303,1744,200,103,771,411,125,56,901,456,10,7,0.0,0.5882352941176471,2661
Joe Perry,Mark Davis,19,1438,1478,0.41262997463294454,0.47502081252106,1055,627,7575,4106,1111,672,7788,4265,248,143,1104,608,207,117,1043,582,10,7,0.0,0.5882352941176471,2661
Robert Milkins,Michael Holt,19,1372,1368,0.5088091185026075,0.5024999791668749,857,513,6208,3372,833,481,6013,3195,158,88,865,453,149,73,1058,554,10,3,0.0,0.7692307692307693,2661
Stephen Maguire,Hossein Vafaei,19,1455,1386,0.6482868635805126,0.5430183807243099,951,631,6963,3970,109,63,825,419,247,140,1159,675,108,55,548,280,10,7,0.0,0.5882352941176471,2661
Jack Lisowski,Alan McManus,19,1538,1324,0.879921951969676,0.6306485256510744,442,270,2892,1589,939,555,7814,4146,290,180,866,492,118,58,674,351,10,3,0.0,0.7692307692307693,2661
Jamie Jones,Liang Wenbo,19,1366,1378,0.47359025054999443,0.4925005624493796,499,297,3297,1787,606,363,4205,2313,68,36,575,302,134,69,967,526,10,0,0.0,1.0,2661
Liam Highfield,Daniel Wells,19,1358,1338,0.5439576712236219,0.5124973964842103,352,187,2391,1258,365,181,2444,1211,117,60,565,292,162,85,594,292,10,4,0.0,0.7142857142857143,2661
Lyu Haotian,Rory McLeod,19,1252,1217,0.5765972883320668,0.5218610539716015,119,49,823,375,578,311,4305,2216,107,50,308,150,99,39,626,291,10,2,0.0,0.8333333333333334,2661
Xiao Guodong,Adam Duffy,19,1402,1254,0.7924034347122141,0.5914589784327801,441,259,2950,1631,349,176,2203,1122,160,86,723,402,123,66,502,243,10,1,0.0,0.9090909090909091,2661
Graeme Dott,Mike Dunn,19,1410,1250,0.8106895420465703,0.598687660112452,868,506,6626,3547,711,375,5211,2677,176,97,876,457,89,40,573,277,10,7,0.0,0.5882352941176471,2661
Ryan Day,Peter Ebdon,19,1465,1412,0.6150457344108478,0.5330766223661046,977,593,6683,3682,1086,622,8502,4568,270,153,1367,752,161,95,691,367,10,6,0.0,0.625,2661
Stuart Carrington,Zhang Anda,19,1375,1364,0.5242118354775787,0.5068745667645342,338,187,2189,1157,319,160,2221,1114,168,86,671,359,165,89,626,323,10,8,0.0,0.5555555555555556,2661
Kyren Wilson,Matthew Stevens,19,1553,1358,0.8579950035617098,0.6195173196470847,480,300,3170,1764,946,552,7305,3969,370,228,1341,759,161,84,636,332,10,3,0.0,0.7692307692307693,2661
Mark Williams,Jimmy Robertson,19,1516,1324,0.8542933759894712,0.617747874769249,1419,931,10628,6108,484,266,3280,1706,238,145,1488,873,200,103,771,411,10,5,0.0,0.6666666666666666,2661
Ricky Walden,Luca Brecel,19,1396,1447,0.38917706594044876,0.4681681105837757,840,506,5880,3240,355,206,2468,1337,166,88,1126,589,248,141,1028,586,10,6,0.0,0.625,2661
Judd Trump,Chris Wakelin,19,1627,1337,0.9434264434454256,0.6737070994545215,918,630,6188,3682,191,98,1274,644,272,175,1380,868,145,77,608,305,10,9,0.0,0.5263157894736842,2661
Joe Perry,Mark Selby,19,1438,1530,0.30595160302648217,0.44275214540144436,1055,627,7575,4106,1097,761,8007,4686,248,143,1104,608,287,172,1631,989,10,4,0.0,0.7142857142857143,2661
Ronnie O'Sullivan,Stephen Maguire,19,1677,1455,0.8883832943659045,0.6352948493228071,1226,941,10687,6542,951,631,6963,3970,243,161,1244,796,247,140,1159,675,10,7,0.0,0.5882352941176471,2661
Robert Milkins,Neil Robertson,19,1372,1524,0.2013854328826775,0.4061268970658573,857,513,6208,3372,929,612,6768,3875,158,88,865,453,294,170,1179,692,10,5,0.0,0.6666666666666666,2661
Anthony McGill,Ryan Day,19,1370,1465,0.3001860997616771,0.440902528097607,506,309,3256,1791,977,593,6683,3682,167,84,1026,561,270,153,1367,752,10,8,0.0,0.5555555555555556,2661
Jack Lisowski,Stuart Bingham,19,1538,1506,0.5701047906031116,0.5199893401555818,442,270,2892,1589,1096,697,7946,4535,290,180,866,492,240,141,1278,751,10,7,0.0,0.5882352941176471,2661
Ding Junhui,Xiao Guodong,19,1476,1402,0.6584545465244145,0.5461185410457796,738,496,5696,3253,441,259,2950,1631,271,153,1222,699,160,86,723,402,10,3,0.0,0.7692307692307693,2661
Jamie Jones,Shaun Murphy,19,1366,1442,0.33751065201687264,0.45264238185691075,499,297,3297,1787,1050,687,7626,4351,68,36,575,302,177,96,1186,673,10,9,0.0,0.5263157894736842,2661
John Higgins,Thepchaiya Un-Nooh,19,1531,1359,0.8279247192350918,0.6058736684317606,1418,1000,11306,6689,331,189,2364,1251,177,100,1324,796,152,80,749,385,10,7,0.0,0.5882352941176471,2661
Barry Hawkins,Stuart Carrington,19,1546,1375,0.8265288918673533,0.6052765337748445,951,590,6791,3784,338,187,2189,1157,257,149,1256,720,168,86,671,359,10,7,0.0,0.5882352941176471,2661
Lyu Haotian,Marco Fu,19,1252,1441,0.1494742095598316,0.3840246980818742,119,49,823,375,889,530,6634,3616,107,50,308,150,197,109,1067,596,10,5,0.0,0.6666666666666666,2661
Ali Carter,Graeme Dott,19,1488,1410,0.6665050869729121,0.5485961085831343,926,564,6530,3616,868,506,6626,3547,211,127,1043,598,176,97,876,457,10,8,0.0,0.5555555555555556,2661
Mark Allen,Liam Highfield,19,1526,1358,0.8222972228074023,0.6034832498647263,762,497,5298,2998,352,187,2391,1258,347,213,1205,699,117,60,565,292,10,5,0.0,0.6666666666666666,2661
Kyren Wilson,Jamie Jones,25,1553,1366,0.8800496321256926,0.6147918694922195,480,300,3170,1764,499,297,3297,1787,370,228,1341,759,68,36,575,302,13,5,0.0,0.7222222222222222,2661
Mark Williams,Robert Milkins,25,1516,1372,0.8176987267608479,0.5890404340586651,1419,931,10628,6108,857,513,6208,3372,238,145,1488,873,158,88,865,453,13,7,0.0,0.65,2661
Judd Trump,Ricky Walden,25,1627,1396,0.9262483738734275,0.6404919537233386,918,630,6188,3682,840,506,5880,3240,272,175,1380,868,166,88,1126,589,13,9,0.0,0.5909090909090909,2661
Ding Junhui,Anthony McGill,25,1476,1370,0.7479941157057612,0.5658650028954817,738,496,5696,3253,506,309,3256,1791,271,153,1222,699,167,84,1026,561,13,4,0.0,0.7647058823529411,2661
John Higgins,Jack Lisowski,25,1531,1538,0.48237675633078403,0.4956251116502266,1418,1000,11306,6689,442,270,2892,1589,177,100,1324,796,290,180,866,492,13,1,0.0,0.9285714285714286,2661
Barry Hawkins,Lyu Haotian,25,1546,1252,0.966812579886335,0.6759015277259407,951,590,6791,3784,119,49,823,375,257,149,1256,720,107,50,308,150,13,10,0.0,0.5652173913043478,2661
Ali Carter,Ronnie O'Sullivan,25,1488,1677,0.11747750235913151,0.3840246980818742,926,564,6530,3616,1226,941,10687,6542,211,127,1043,598,243,161,1244,796,13,9,0.0,0.5909090909090909,2661
Mark Allen,Joe Perry,25,1526,1438,0.7105434179944186,0.5547792351072148,762,497,5298,2998,1055,627,7575,4106,347,213,1205,699,248,143,1104,608,13,8,0.0,0.6190476190476191,2661
Kyren Wilson,Mark Allen,25,1553,1526,0.5676638113469497,0.5168685956913849,480,300,3170,1764,762,497,5298,2998,370,228,1341,759,347,213,1205,699,13,6,0.0,0.6842105263157895,2661
Mark Williams,Ali Carter,25,1516,1488,0.5701438653277973,0.5174928576663897,1419,931,10628,6108,926,564,6530,3616,238,145,1488,873,211,127,1043,598,13,8,0.0,0.6190476190476191,2661
John Higgins,Judd Trump,25,1531,1627,0.272486287336363,0.44028635073280703,1418,1000,11306,6689,918,630,6188,3682,177,100,1324,796,272,175,1380,868,13,12,0.0,0.52,2661
Barry Hawkins,Ding Junhui,25,1546,1476,0.6706168368145973,0.5436386872370789,951,590,6791,3784,738,496,5696,3253,257,149,1256,720,271,153,1222,699,13,5,0.0,0.7222222222222222,2661
Mark Williams,Barry Hawkins,33,1516,1546,0.41409100813505184,0.4812587841214648,1419,931,10628,6108,951,590,6791,3784,238,145,1488,873,257,149,1256,720,17,15,0.0,0.53125,2661
John Higgins,Kyren Wilson,33,1531,1553,0.43676878437603645,0.486253465097645,1418,1000,11306,6689,480,300,3170,1764,177,100,1324,796,370,228,1341,759,17,13,0.0,0.5666666666666667,2661
Mark Williams,John Higgins,35,1516,1531,0.45552338193788827,0.4906260984783392,1419,931,10628,6108,1418,1000,11306,6689,238,145,1488,873,177,100,1324,796,18,16,0.0,0.5294117647058824,2661
Luo Honghao,Basem Eltahhan,11,1198,983,0.8176697769208081,0.6312306626164005,42,20,255,124,18,2,120,33,138,69,157,73,62,16,120,33,6,1,0.0,0.8571428571428571,2626
Chen Feilong,Fan Zhengyi,11,1100,970,0.7088895687139617,0.5805423048206596,40,14,239,101,20,2,128,37,82,28,98,36,71,18,90,22,6,2,0.0,0.75,2626
Chang Bingyu,Zhang Yong,11,1049,1221,0.23369794918973066,0.3941263315682394,8,3,60,24,110,45,688,294,55,23,55,23,129,56,493,210,6,4,0.0,0.6,2626
Chen Zhe,Li Hang,11,1171,1316,0.269838055706956,0.4103545214372688,209,100,1289,625,270,140,1954,1010,70,36,312,135,145,71,700,365,6,4,0.0,0.6,2626
Cao Yupeng,Kurt Dunham,11,1349,931,0.9586745822159598,0.7398136066696879,244,123,1750,884,36,3,219,54,17,7,456,229,38,13,219,54,6,3,0.0,0.6666666666666666,2626
Zhou Yuelong,Sean O'Sullivan,11,1367,1132,0.8388505228821673,0.6427913242407762,201,114,1391,739,209,83,1322,597,248,132,824,443,85,28,424,168,6,2,0.0,0.75,2626
Ben Woollaston,Rod Lawler,11,1352,1215,0.7189179636673898,0.584797674717737,597,340,3887,2074,817,436,6208,3197,156,79,903,474,107,43,512,224,6,1,0.0,0.8571428571428571,2626
Kyren Wilson,Li Yuan,11,1595,1131,0.9724166003370383,0.7613327148429104,484,303,3250,1813,56,23,339,150,450,277,1421,808,83,30,200,82,6,0,0.0,1.0,2626
Gary Wilson,Niu Zhuang,11,1324,1112,0.8143426634341571,0.6294831119673949,413,238,2703,1458,57,18,354,138,178,88,669,346,95,37,215,80,6,2,0.0,0.75,2626
Robbie Williams,Sanderson Lam,11,1270,1115,0.7438795181694131,0.5956807306078472,367,196,2408,1224,153,59,934,405,136,60,613,298,83,21,415,163,6,3,0.0,0.6666666666666666,2626
Mark Williams,Ian Preece,11,1583,1199,0.9451364743922579,0.7231218051243898,1424,936,10750,6179,215,114,1568,799,360,216,1610,944,11,1,303,140,6,1,0.0,0.8571428571428571,2626
Michael White,Xu Si,11,1285,1149,0.7174960378979142,0.5841905229354074,496,282,3356,1771,51,18,357,147,178,83,954,483,101,40,297,125,6,5,0.0,0.5454545454545454,2626
Liang Wenbo,Rhys Clark,11,1384,1178,0.8075715200153646,0.6259778577666038,609,365,4242,2333,126,52,792,354,171,89,1004,546,46,12,390,160,6,1,0.0,0.8571428571428571,2626
Lee Walker,Robert Milkins,11,1319,1432,0.31616449072801983,0.42984097461816473,474,257,3660,1881,862,517,6285,3419,160,82,576,275,235,135,942,500,6,4,0.0,0.6,2626
Ricky Walden,Aditya Mehta,11,1434,1258,0.7714085331898454,0.6082590307465143,845,510,5969,3289,283,135,1953,955,255,137,1215,638,18,8,296,128,6,2,0.0,0.75,2626
Chris Wakelin,Lukas Kleckers,11,1426,1157,0.8708794767381817,0.6620627248063988,195,101,1332,683,75,29,463,204,203,116,666,344,100,38,311,133,6,1,0.0,0.8571428571428571,2626
Thepchaiya Un-Nooh,Ian Burns,11,1372,1280,0.6516385567369204,0.5572478545985555,335,192,2431,1288,337,172,2150,1086,219,117,816,422,152,73,559,261,6,4,0.0,0.6,2626
Chris Totten,Matthew Selt,11,1022,1348,0.08620527155294613,0.3068260506740499,38,8,244,82,568,308,3880,2032,93,32,221,73,162,85,765,397,6,2,0.0,0.75,2626
Matthew Stevens,Eden Sharav,11,1365,1276,0.6469372760307285,0.5553966483205892,950,555,7364,4002,156,75,978,464,220,117,695,365,167,81,494,219,6,1,0.0,0.8571428571428571,2626
Craig Steadman,Tian Pengfei,11,1307,1368,0.39798138530282035,0.4619487156141408,451,243,2972,1553,392,221,2638,1408,183,99,570,277,191,102,646,327,6,4,0.0,0.6,2626
Elliot Slessor,Daniel Wells,11,1307,1316,0.4847768026393152,0.4943752372926745,173,76,1085,510,368,183,2492,1235,134,65,497,238,210,109,642,316,6,4,0.0,0.6,2626
Yuan Sijun,Alan McManus,11,1342,1325,0.528736253433527,0.5106234010049637,76,32,534,249,942,557,7858,4169,192,105,402,208,162,81,718,374,6,5,0.0,0.5454545454545454,2626
Mark Selby,Wang Yuchen,11,1503,1083,0.9593745526501821,0.740774899182154,1098,761,8021,4690,68,19,439,169,301,176,1645,993,49,23,276,106,6,4,0.0,0.6,2626
Noppon Saengkham,Ken Doherty,11,1402,1246,0.7452301491932622,0.5962826992967879,234,111,1701,825,1132,686,9216,5041,232,132,780,406,122,51,542,259,6,4,0.0,0.6,2626
Neil Robertson,Robin Hull,11,1496,1285,0.8132249556059346,0.6288998381516232,930,612,6783,3880,537,315,4062,2207,309,175,1194,697,115,51,520,254,6,4,0.0,0.6,2626
Jimmy Robertson,Christopher Keogan,11,1351,1128,0.8263509667528726,0.6358738914270539,488,269,3341,1741,145,55,828,371,261,138,832,446,35,13,307,123,6,2,0.0,0.75,2626
Joe Perry,Joe Swail,11,1494,1248,0.849758322889838,0.6490805242445733,1060,631,7653,4154,853,454,6628,3434,326,191,1182,656,132,62,558,267,6,1,0.0,0.8571428571428571,2626
Ronnie O'Sullivan,Ross Muir,11,1637,1249,0.946898353816414,0.7251194977898231,1228,942,10726,6561,166,63,1103,491,282,180,1283,815,118,51,497,224,6,2,0.0,0.75,2626
Martin O'Donnell,Alfie Burden,11,1363,1317,0.577315732364891,0.5287183569514396,327,162,2094,1061,681,366,4945,2538,227,124,698,365,192,97,636,308,6,2,0.0,0.75,2626
Fergal O'Brien,Hammad Miah,11,1326,1236,0.6485070133712213,0.5560138905446199,888,504,6682,3511,153,60,1021,455,148,69,709,348,155,77,520,237,6,3,0.0,0.6666666666666666,2626
Shaun Murphy,David Grace,11,1437,1271,0.7585201168814718,0.6022861768886306,1051,687,7645,4360,325,150,2155,1043,196,105,1205,682,84,47,509,252,6,3,0.0,0.6666666666666666,2626
Anthony McGill,Thor Chuan Leong,11,1364,1255,0.6778040243791852,0.5677065480733601,508,310,3291,1805,102,35,667,290,202,98,1061,575,157,86,469,212,6,5,0.0,0.5454545454545454,2626
Stephen Maguire,James Wattana,11,1480,1210,0.8717466145335053,0.6626218371700825,955,634,7026,4007,816,438,6864,3577,310,177,1222,712,121,47,462,195,6,3,0.0,0.6666666666666666,2626
Kurt Maflin,Ashley Hugill,11,1307,1177,0.7088895687139617,0.5805423048206596,536,306,3612,1942,113,52,646,304,142,70,706,374,77,28,414,189,6,5,0.0,0.5454545454545454,2626
Jack Lisowski,Gerard Greene,11,1518,1246,0.8734682358009771,0.6637386974043528,447,274,2963,1630,711,380,5290,2751,361,221,937,533,122,55,427,198,6,4,0.0,0.6,2626
Mark King,Leo Fernandez,11,1396,1170,0.8295346319186601,0.637608652621925,957,541,7026,3712,424,253,3204,1713,258,145,1004,560,59,29,138,52,6,2,0.0,0.75,2626
Ding Junhui,Michael Georgiou,11,1498,1201,0.8935866573668577,0.6775422953274692,741,498,5744,3281,224,101,1379,663,319,181,1270,727,129,55,544,258,6,2,0.0,0.75,2626
Mark Joyce,Peter Lines,11,1260,1318,0.4028914906484895,0.4638133797682053,471,249,3394,1727,785,421,5688,2943,124,53,691,349,143,69,596,297,6,4,0.0,0.6,2626
Jak Jones,Judd Trump,11,1232,1600,0.06239762313203283,0.28495789429901025,189,78,1228,547,921,632,6254,3717,168,83,410,180,338,210,1446,903,6,5,0.0,0.5454545454545454,2626
Duane Jones,Yu Delu,11,1121,1338,0.18013384618646378,0.3676062104304372,169,81,1007,502,268,135,1906,968,78,24,399,155,35,17,482,236,6,5,0.0,0.5454545454545454,2626
Luo Honghao,Stuart Carrington,11,1198,1385,0.2148901656374212,0.3852081305077805,42,20,255,124,342,190,2261,1194,138,69,157,73,240,123,743,396,6,2,0.0,0.75,2626
Michael Holt,Akani Songsermsawad,11,1351,1338,0.5219830188183359,0.5081242849062608,836,483,6060,3218,102,53,789,400,196,96,1105,577,227,115,721,371,6,2,0.0,0.75,2626
Liam Highfield,Rory McLeod,11,1402,1215,0.7851098343625788,0.6147918694922195,356,190,2449,1293,581,313,4354,2238,175,95,623,327,148,61,675,313,6,0,0.0,1.0,2626
Andrew Higginson,Chen Feilong,11,1353,1100,0.8564268061981422,0.6530561132866127,724,429,5123,2806,40,14,239,101,184,99,698,371,82,28,98,36,6,5,0.0,0.5454545454545454,2626
John Higgins,Adam Duffy,11,1593,1274,0.9092131038977679,0.6894394530607736,1423,1004,11426,6758,352,178,2244,1143,297,169,1444,865,164,87,543,264,6,3,0.0,0.6666666666666666,2626
Barry Hawkins,Josh Boileau,11,1555,1069,0.9774515072838529,0.7711824455558168,955,593,6881,3835,84,33,491,215,347,200,1346,771,18,8,244,83,6,4,0.0,0.6,2626
Lyu Haotian,Ryan Day,11,1343,1499,0.25476985080673786,0.40371730070321216,124,53,910,425,981,596,6740,3720,194,100,395,200,327,191,1424,790,6,3,0.0,0.6666666666666666,2626
Anthony Hamilton,David John,11,1399,1091,0.9016363550424294,0.6835208937363156,849,493,6520,3482,96,41,628,287,155,81,732,387,14,4,193,68,6,5,0.0,0.5454545454545454,2626
Xiao Guodong,Alex Borg,11,1426,1087,0.9218232548008097,0.7000424476024744,445,262,3001,1664,374,157,2665,1208,211,119,774,435,32,10,318,125,6,2,0.0,0.75,2626
Martin Gould,Fang Xiongman,11,1411,1191,0.8231281312424087,0.6341355910108007,675,407,4564,2506,84,38,513,239,116,63,927,509,74,42,359,164,6,2,0.0,0.75,2626
David Gilbert,Billy Joe Castle,11,1394,1187,0.8087108492997335,0.6265629971237182,607,348,4394,2354,57,27,353,168,274,148,1107,604,126,57,269,121,6,3,0.0,0.6666666666666666,2626
Tom Ford,Jamie Barrett,11,1397,1034,0.9350825402753549,0.7124883131320702,620,355,4441,2372,87,34,502,211,252,133,859,461,63,32,297,108,6,3,0.0,0.6666666666666666,2626
Peter Ebdon,Chang Bingyu,11,1422,1049,0.9400422326636385,0.7175822059302752,1089,624,8547,4594,8,3,60,24,206,121,736,393,55,23,55,23,6,2,0.0,0.75,2626
Mike Dunn,Mitchell Mann,11,1281,1270,0.5186038051470776,0.5068745667645342,714,377,5259,2704,245,115,1565,757,137,67,621,304,78,42,510,240,6,4,0.0,0.6,2626
Graeme Dott,Mei Xiwen,11,1447,1283,0.7558938862654132,0.6010878788483698,872,509,6684,3585,110,53,753,371,234,135,934,495,162,80,478,239,6,2,0.0,0.75,2626
Scott Donaldson,Zhang Anda,11,1353,1388,0.4410095569399367,0.47813894602839846,241,120,1630,806,322,162,2269,1142,208,112,640,323,213,117,674,351,6,3,0.0,0.6666666666666666,2626
Paul Davison,Dominic Dale,11,1180,1271,0.34992588488134135,0.44336904007774663,679,351,4735,2388,925,526,6613,3517,94,31,457,188,136,62,801,414,6,4,0.0,0.6,2626
Mark Davis,Alexander Ursenbacher,11,1506,1248,0.861060798509446,0.6558828412078137,1114,674,7826,4292,116,50,731,336,245,144,1081,609,109,47,338,163,6,2,0.0,0.75,2626
Sam Craigie,Jamie Jones,11,1324,1419,0.3436843223141096,0.440902528097607,166,83,1014,521,504,301,3376,1832,121,65,446,216,147,81,654,347,6,3,0.0,0.6666666666666666,2626
Ali Carter,Chen Zifan,11,1509,1152,0.9319508746285202,0.7094058152553435,929,566,6591,3647,76,35,450,203,272,158,1104,629,81,22,284,126,6,4,0.0,0.6,2626
Luca Brecel,Zhao Xintong,11,1428,1432,0.493232760237834,0.49750002083312506,356,206,2484,1343,166,92,1121,609,264,147,1044,592,245,139,672,356,6,4,0.0,0.6,2626
Nigel Bond,Oliver Lines,11,1246,1220,0.5438965166863096,0.5162442810620724,868,471,6836,3571,200,97,1297,643,118,49,485,212,127,55,530,238,6,3,0.0,0.6666666666666666,2626
Yan Bingtao,John Astley,11,1454,1254,0.8006450896034027,0.6224593312018546,140,86,991,559,204,94,1297,609,195,111,762,441,106,43,527,257,6,2,0.0,0.75,2626
Stuart Bingham,Jimmy White,11,1499,1219,0.8801869380453571,0.6681877721681662,1097,697,7963,4542,1438,798,12269,6426,257,148,1295,758,104,39,453,196,6,2,0.0,0.75,2626
Sam Baird,Soheil Vahedi,11,1304,1028,0.8768610374202797,0.6659669267518202,351,184,2430,1250,33,6,224,79,191,101,694,351,74,20,189,66,6,5,0.0,0.5454545454545454,2626
Mark Allen,Allan Taylor,11,1530,1234,0.8928309665224095,0.676995856238523,765,499,5353,3027,304,141,1829,886,402,242,1260,728,106,42,487,208,6,4,0.0,0.6,2626
Cao Yupeng,Luca Brecel,11,1349,1428,0.36889955341758146,0.45078487089866653,244,123,1750,884,356,206,2484,1343,17,7,456,229,264,147,1044,592,6,4,0.0,0.6,2626
Zhou Yuelong,Chen Zhe,11,1367,1171,0.7959416456362278,0.6201064323430902,201,114,1391,739,209,100,1289,625,248,132,824,443,70,36,312,135,6,2,0.0,0.75,2626
Ben Woollaston,Lee Walker,11,1352,1319,0.5556431271115847,0.5206133097144486,597,340,3887,2074,474,257,3660,1881,156,79,903,474,160,82,576,275,6,5,0.0,0.5454545454545454,2626
Kyren Wilson,Andrew Higginson,11,1595,1353,0.8458526117374912,0.6467993925579857,484,303,3250,1813,724,429,5123,2806,450,277,1421,808,184,99,698,371,6,3,0.0,0.6666666666666666,2626
Gary Wilson,Ali Carter,11,1324,1509,0.21734372123302143,0.3863929221952217,413,238,2703,1458,929,566,6591,3647,178,88,669,346,272,158,1104,629,6,4,0.0,0.6,2626
Mark Williams,Thepchaiya Un-Nooh,11,1583,1372,0.8132249556059346,0.6288998381516232,1424,936,10750,6179,335,192,2431,1288,360,216,1610,944,219,117,816,422,6,1,0.0,0.8571428571428571,2626
Michael White,Paul Davison,11,1285,1180,0.6717233367624065,0.5652507475670999,496,282,3356,1771,679,351,4735,2388,178,83,954,483,94,31,457,188,6,5,0.0,0.5454545454545454,2626
Ricky Walden,Hamza Akbar,11,1434,1057,0.9419376319488703,0.7196043690484492,845,510,5969,3289,44,7,305,103,255,137,1215,638,73,25,276,94,6,0,0.0,1.0,2626
Chris Wakelin,Shaun Murphy,11,1426,1437,0.481396194852922,0.4931254332354657,195,101,1332,683,1051,687,7645,4360,203,116,666,344,196,105,1205,682,6,0,0.0,1.0,2626
Elliot Slessor,Ronnie O'Sullivan,11,1307,1637,0.08366922211424288,0.3047033306524346,173,76,1085,510,1228,942,10726,6561,134,65,497,238,282,180,1283,815,6,2,0.0,0.75,2626
Mark Selby,Scott Donaldson,11,1503,1353,0.7370683969010353,0.5926665999540697,1098,761,8021,4690,241,120,1630,806,301,176,1645,993,208,112,640,323,6,4,0.0,0.6,2626
Neil Robertson,Robbie Williams,11,1496,1270,0.8295346319186601,0.637608652621925,930,612,6783,3880,367,196,2408,1224,309,175,1194,697,136,60,613,298,6,3,0.0,0.6666666666666666,2626
Joe Perry,Chris Totten,11,1494,1022,0.9743504258859246,0.7649478037637647,1060,631,7653,4154,38,8,244,82,326,191,1182,656,93,32,221,73,6,0,0.0,1.0,2626
Fergal O'Brien,Stephen Maguire,11,1326,1480,0.25747499529797174,0.40492152613386595,888,504,6682,3511,955,634,7026,4007,148,69,709,348,310,177,1222,712,6,5,0.0,0.5454545454545454,2626
Jack Lisowski,Anthony Hamilton,11,1518,1399,0.6927875134571495,0.5738312575916094,447,274,2963,1630,849,493,6520,3482,361,221,937,533,155,81,732,387,6,1,0.0,0.8571428571428571,2626
Mark King,Peter Ebdon,11,1396,1422,0.4561034833136905,0.48375571893792757,957,541,7026,3712,1089,624,8547,4594,258,145,1004,560,206,121,736,393,6,5,0.0,0.5454545454545454,2626
Ding Junhui,Craig Steadman,11,1498,1307,0.7899663671711594,0.6171573626529722,741,498,5744,3281,451,243,2972,1553,319,181,1270,727,183,99,570,277,6,4,0.0,0.6,2626
Duane Jones,Liang Wenbo,11,1121,1384,0.13441230183410607,0.3413014252643556,169,81,1007,502,609,365,4242,2333,78,24,399,155,171,89,1004,546,6,5,0.0,0.5454545454545454,2626
Jak Jones,Nigel Bond,11,1232,1246,0.47632797612037214,0.4912508931197597,189,78,1228,547,868,471,6836,3571,168,83,410,180,118,49,485,212,6,5,0.0,0.5454545454545454,2626
Luo Honghao,Anthony McGill,11,1198,1364,0.24147988311852817,0.3977138231113694,42,20,255,124,508,310,3291,1805,138,69,157,73,202,98,1061,575,6,4,0.0,0.6,2626
Michael Holt,Mark Davis,11,1351,1506,0.2561204818305868,0.4043192693921528,836,483,6060,3218,1114,674,7826,4292,196,96,1105,577,245,144,1081,609,6,4,0.0,0.6,2626
John Higgins,Martin O'Donnell,11,1593,1363,0.8337185633337647,0.6399160967377341,1423,1004,11426,6758,327,162,2094,1061,297,169,1444,865,227,124,698,365,6,2,0.0,0.75,2626
Barry Hawkins,Sam Baird,11,1555,1304,0.8545431033333998,0.6519223788927313,955,593,6881,3835,351,184,2430,1250,347,200,1346,771,191,101,694,351,6,3,0.0,0.6666666666666666,2626
Lyu Haotian,Liam Highfield,11,1343,1402,0.40125297103885843,0.46319171001101955,124,53,910,425,356,190,2449,1293,194,100,395,200,175,95,623,327,6,4,0.0,0.6,2626
Xiao Guodong,Jimmy Robertson,11,1426,1351,0.6246982988374079,0.5467381519846138,445,262,3001,1664,488,269,3341,1741,211,119,774,435,261,138,832,446,6,5,0.0,0.5454545454545454,2626
David Gilbert,Mike Dunn,11,1394,1281,0.6838355092719799,0.5701590253818352,607,348,4394,2354,714,377,5259,2704,274,148,1107,604,137,67,621,304,6,3,0.0,0.6666666666666666,2626
Tom Ford,Yuan Sijun,11,1397,1342,0.5921823869887557,0.5343209436693046,620,355,4441,2372,76,32,534,249,252,133,859,461,192,105,402,208,6,2,0.0,0.75,2626
Graeme Dott,Mark Joyce,11,1447,1260,0.7851098343625788,0.6147918694922195,872,509,6684,3585,471,249,3394,1727,234,135,934,495,124,53,691,349,6,2,0.0,0.75,2626
Sam Craigie,Martin Gould,11,1324,1411,0.35621000655071555,0.44583834723635146,166,83,1014,521,675,407,4564,2506,121,65,446,216,116,63,927,509,6,4,0.0,0.6,2626
Yan Bingtao,Kurt Maflin,11,1454,1307,0.7329358500759163,0.5908547524545943,140,86,991,559,536,306,3612,1942,195,111,762,441,142,70,706,374,6,5,0.0,0.5454545454545454,2626
Stuart Bingham,Matthew Stevens,11,1499,1365,0.7146414155676208,0.5829754542011996,1097,697,7963,4542,950,555,7364,4002,257,148,1295,758,220,117,695,365,6,5,0.0,0.5454545454545454,2626
Mark Allen,Noppon Saengkham,11,1530,1402,0.7059926256230133,0.5793242521487495,765,499,5353,3027,234,111,1701,825,402,242,1260,728,232,132,780,406,6,1,0.0,0.8571428571428571,2626
Cao Yupeng,David Gilbert,11,1349,1394,0.424343657590278,0.4719046255916129,244,123,1750,884,607,348,4394,2354,17,7,456,229,274,148,1107,604,6,2,0.0,0.75,2626
Zhou Yuelong,Jak Jones,11,1367,1232,0.7160705162153687,0.5835831155172753,201,114,1391,739,189,78,1228,547,248,132,824,443,168,83,410,180,6,2,0.0,0.75,2626
Gary Wilson,Joe Perry,11,1324,1494,0.23627571436293565,0.39532091528599067,413,238,2703,1458,1060,631,7653,4154,178,88,669,346,326,191,1182,656,6,4,0.0,0.6,2626
Kyren Wilson,Mark King,11,1595,1396,0.7994756486773107,0.6218716423074662,484,303,3250,1813,957,541,7026,3712,450,277,1421,808,258,145,1004,560,6,4,0.0,0.6,2626
Mark Williams,Michael Holt,11,1583,1351,0.8357844049641134,0.6410674063348171,1424,936,10750,6179,836,483,6060,3218,360,216,1610,944,196,96,1105,577,6,1,0.0,0.8571428571428571,2626
Mark Selby,Ben Woollaston,11,1503,1352,0.7384383044161037,0.5932699921071872,1098,761,8021,4690,597,340,3887,2074,301,176,1645,993,156,79,903,474,6,3,0.0,0.6666666666666666,2626
Neil Robertson,Sam Craigie,11,1496,1324,0.7663020508102693,0.6058736684317606,930,612,6783,3880,166,83,1014,521,309,175,1194,697,121,65,446,216,6,5,0.0,0.5454545454545454,2626
Jack Lisowski,John Higgins,11,1518,1593,0.37530170116259215,0.45326184801538616,447,274,2963,1630,1423,1004,11426,6758,361,221,937,533,297,169,1444,865,6,2,0.0,0.75,2626
Ding Junhui,Xiao Guodong,11,1498,1426,0.6198729648761532,0.5448788923735801,741,498,5744,3281,445,262,3001,1664,319,181,1270,727,211,119,774,435,6,2,0.0,0.75,2626
Luo Honghao,Duane Jones,11,1198,1121,0.6279039800050926,0.5479769376367963,42,20,255,124,169,81,1007,502,138,69,157,73,78,24,399,155,6,5,0.0,0.5454545454545454,2626
Barry Hawkins,Michael White,11,1555,1285,0.8717466145335053,0.6626218371700825,955,593,6881,3835,496,282,3356,1771,347,200,1346,771,178,83,954,483,6,1,0.0,0.8571428571428571,2626
Lyu Haotian,Fergal O'Brien,11,1343,1326,0.528736253433527,0.5106234010049637,124,53,910,425,888,504,6682,3511,194,100,395,200,148,69,709,348,6,5,0.0,0.5454545454545454,2626
Tom Ford,Elliot Slessor,11,1397,1307,0.6485070133712213,0.5560138905446199,620,355,4441,2372,173,76,1085,510,252,133,859,461,134,65,497,238,6,4,0.0,0.6,2626
Graeme Dott,Chris Wakelin,11,1447,1426,0.5354808847061806,0.5131219861822433,872,509,6684,3585,195,101,1332,683,234,135,934,495,203,116,666,344,6,3,0.0,0.6666666666666666,2626
Stuart Bingham,Ricky Walden,11,1499,1434,0.6085391782790425,0.5405358392737893,1097,697,7963,4542,845,510,5969,3289,257,148,1295,758,255,137,1215,638,6,5,0.0,0.5454545454545454,2626
Mark Allen,Yan Bingtao,11,1530,1454,0.6263022780196867,0.5473576181430894,765,499,5353,3027,140,86,991,559,402,242,1260,728,195,111,762,441,6,4,0.0,0.6,2626
Kyren Wilson,Ding Junhui,11,1595,1498,0.6594200145668188,0.5603296426885532,484,303,3250,1813,741,498,5744,3281,450,277,1421,808,319,181,1270,727,6,5,0.0,0.5454545454545454,2626
Mark Williams,Mark Allen,11,1583,1530,0.5888897906976714,0.5330766223661046,1424,936,10750,6179,765,499,5353,3027,360,216,1610,944,402,242,1260,728,6,5,0.0,0.5454545454545454,2626
Mark Selby,Lyu Haotian,11,1503,1343,0.7505935878532457,0.598687660112452,1098,761,8021,4690,124,53,910,425,301,176,1645,993,194,100,395,200,6,1,0.0,0.8571428571428571,2626
Neil Robertson,Zhou Yuelong,11,1496,1367,0.7074428338834061,0.5799334001885058,930,612,6783,3880,201,114,1391,739,309,175,1194,697,248,132,824,443,6,1,0.0,0.8571428571428571,2626
Jack Lisowski,Gary Wilson,11,1518,1324,0.7935642965945933,0.6189278548001903,447,274,2963,1630,413,238,2703,1458,361,221,937,533,178,88,669,346,6,2,0.0,0.75,2626
Barry Hawkins,Cao Yupeng,11,1555,1349,0.8075715200153646,0.6259778577666038,955,593,6881,3835,244,123,1750,884,347,200,1346,771,17,7,456,229,6,5,0.0,0.5454545454545454,2626
Tom Ford,Luo Honghao,11,1397,1198,0.7994756486773107,0.6218716423074662,620,355,4441,2372,42,20,255,124,252,133,859,461,138,69,157,73,6,2,0.0,0.75,2626
Stuart Bingham,Graeme Dott,11,1499,1447,0.5872410251253013,0.5324543063873187,1097,697,7963,4542,872,509,6684,3585,257,148,1295,758,234,135,934,495,6,2,0.0,0.75,2626
Kyren Wilson,Jack Lisowski,11,1595,1518,0.6279039800050926,0.5479769376367963,484,303,3250,1813,447,274,2963,1630,450,277,1421,808,361,221,937,533,6,5,0.0,0.5454545454545454,2626
Mark Selby,Mark Williams,11,1503,1583,0.36730484139888986,0.45016600268752216,1098,761,8021,4690,1424,936,10750,6179,301,176,1645,993,360,216,1610,944,6,2,0.0,0.75,2626
Neil Robertson,Stuart Bingham,11,1496,1499,0.49492445915603683,0.498125008789013,930,612,6783,3880,1097,697,7963,4542,309,175,1194,697,257,148,1295,758,6,0,0.0,1.0,2626
Barry Hawkins,Tom Ford,11,1555,1397,0.7479197113297592,0.5974857658270161,955,593,6881,3835,620,355,4441,2372,347,200,1346,771,252,133,859,461,6,5,0.0,0.5454545454545454,2626
Mark Selby,Kyren Wilson,19,1503,1595,0.30595160302648217,0.44275214540144436,1098,761,8021,4690,484,303,3250,1813,301,176,1645,993,450,277,1421,808,10,8,0.0,0.5555555555555556,2626
Barry Hawkins,Neil Robertson,19,1555,1496,0.6276285710624814,0.5368082899889803,955,593,6881,3835,930,612,6783,3880,347,200,1346,771,309,175,1194,697,10,6,0.0,0.625,2626
Mark Selby,Barry Hawkins,21,1503,1555,0.3815820043872611,0.4675456936126812,1098,761,8021,4690,955,593,6881,3835,301,176,1645,993,347,200,1346,771,11,3,0.0,0.7857142857142857,2626
Mark Williams,Yan Bingtao,11,1596,1453,0.7273730783317633,0.5884351201276382,1429,940,10790,6205,143,88,1020,575,400,242,1650,970,224,127,791,457,6,2,0.0,0.75,2653
Judd Trump,Stephen Maguire,11,1577,1468,0.6778040243791852,0.5677065480733601,922,632,6265,3722,957,635,7046,4018,349,215,1457,908,330,188,1242,723,6,4,0.0,0.6,2653
Neil Robertson,Luca Brecel,11,1518,1423,0.6563156776858904,0.559097471902393,936,617,6842,3916,358,207,2504,1353,368,211,1253,733,284,157,1064,602,6,2,0.0,0.75,2653
Ronnie O'Sullivan,Graeme Dott,11,1611,1463,0.7343171553057939,0.5914589784327801,1230,943,10742,6569,876,512,6717,3605,298,188,1299,823,267,155,967,515,6,1,0.0,0.8571428571428571,2653
Shaun Murphy,Kyren Wilson,11,1418,1591,0.23241518274016312,0.3935295129316965,1053,688,7660,4366,490,308,3315,1851,211,111,1220,688,515,315,1486,846,6,3,0.0,0.6666666666666666,2653
Anthony McGill,John Higgins,11,1348,1580,0.16421559503588654,0.35893259366518293,510,311,3312,1815,1426,1006,11451,6772,223,108,1082,585,322,183,1469,879,6,0,0.0,1.0,2653
Ding Junhui,Mark Allen,11,1516,1544,0.4527427474759105,0.48250714233361025,745,501,5781,3304,769,502,5391,3050,356,204,1307,750,440,265,1298,751,6,2,0.0,0.75,2653
Ryan Day,Mark Selby,11,1480,1583,0.3313350206831467,0.43597836257374245,982,596,6749,3723,1105,768,8097,4741,336,194,1433,793,377,227,1721,1044,6,3,0.0,0.6666666666666666,2653
Mark Williams,Ryan Day,11,1596,1480,0.6883260125487248,0.5719961329315186,1429,940,10790,6205,982,596,6749,3723,400,242,1650,970,336,194,1433,793,6,3,0.0,0.6666666666666666,2653
Judd Trump,Neil Robertson,11,1577,1518,0.5987470289611413,0.5368082899889803,922,632,6265,3722,936,617,6842,3916,349,215,1457,908,368,211,1253,733,6,1,0.0,0.8571428571428571,2653
Ronnie O'Sullivan,Ding Junhui,11,1611,1516,0.6563156776858904,0.559097471902393,1230,943,10742,6569,745,501,5781,3304,298,188,1299,823,356,204,1307,750,6,3,0.0,0.6666666666666666,2653
Shaun Murphy,Anthony McGill,11,1418,1348,0.6166451808732252,0.5436386872370789,1053,688,7660,4366,510,311,3312,1815,211,111,1220,688,223,108,1082,585,6,5,0.0,0.5454545454545454,2653
Ronnie O'Sullivan,Judd Trump,11,1611,1577,0.5573173182423484,0.5212372149662741,1230,943,10742,6569,922,632,6265,3722,298,188,1299,823,349,215,1457,908,6,5,0.0,0.5454545454545454,2653
Shaun Murphy,Mark Williams,11,1418,1596,0.22606290429746534,0.3905502163716748,1053,688,7660,4366,1429,940,10790,6205,211,111,1220,688,400,242,1650,970,6,3,0.0,0.6666666666666666,2653
Ronnie O'Sullivan,Shaun Murphy,19,1611,1418,0.8555345718354841,0.6183380393302829,1230,943,10742,6569,1053,688,7660,4366,298,188,1299,823,211,111,1220,688,10,4,0.0,0.7142857142857143,2653
Kyren Wilson,Mark Allen,7,1571,1527,0.5599145707304132,0.5274723043445937,491,308,3324,1854,770,502,5399,3052,524,318,1495,849,448,267,1306,753,4,2,0.0,0.6666666666666666,2649
Liang Wenbo,Mark Selby,7,1379,1566,0.26171499503028667,0.3852081305077805,611,366,4260,2344,1106,768,8106,4744,189,100,1022,557,386,230,1730,1047,4,2,0.0,0.6666666666666666,2649
Judd Trump,Luca Brecel,7,1596,1411,0.7360780864464773,0.6136070778047783,925,634,6293,3739,359,207,2512,1355,377,232,1485,925,292,159,1072,604,4,0,0.0,1.0,2649
Stephen Maguire,Mark King,7,1465,1410,0.5747243219334544,0.5343209436693046,958,635,7056,4022,960,543,7055,3728,340,192,1252,727,287,161,1033,576,4,0,0.0,1.0,2649
John Higgins,Anthony McGill,7,1549,1378,0.7203516579445735,0.6052765337748445,1427,1006,11457,6772,512,312,3329,1826,328,183,1475,879,240,119,1099,596,4,2,0.0,0.6666666666666666,2649
Ryan Day,Barry Hawkins,7,1490,1526,0.45091379157772826,0.4775151752081999,984,597,6767,3732,962,599,6959,3878,354,203,1451,802,425,243,1424,814,4,2,0.0,0.6666666666666666,2649
Ali Carter,Mark Williams,7,1484,1593,0.3545779913833035,0.43229345192664,931,567,6611,3657,1432,942,10816,6220,292,168,1124,639,426,257,1676,985,4,0,0.0,1.0,2649
Stuart Bingham,Neil Robertson,7,1494,1512,0.47540722540195457,0.4887518980531451,1102,701,8007,4566,938,618,6857,3923,301,172,1339,782,383,218,1268,740,4,3,0.0,0.5714285714285714,2649
Kyren Wilson,Judd Trump,7,1571,1596,0.465864760862579,0.4843800842769844,491,308,3324,1854,925,634,6293,3739,524,318,1495,849,377,232,1485,925,4,2,0.0,0.6666666666666666,2649
Ryan Day,John Higgins,7,1490,1549,0.41991680863949354,0.46319171001101955,984,597,6767,3732,1427,1006,11457,6772,354,203,1451,802,328,183,1475,879,4,1,0.0,0.8,2649
Ali Carter,Stephen Maguire,7,1484,1465,0.5259570402770714,0.5118727677562528,931,567,6611,3657,958,635,7056,4022,292,168,1124,639,340,192,1252,727,4,3,0.0,0.5714285714285714,2649
Stuart Bingham,Liang Wenbo,7,1494,1379,0.6530083881296338,0.5713839816769324,1102,701,8007,4566,611,366,4260,2344,301,172,1339,782,189,100,1022,557,4,1,0.0,0.8,2649
Ryan Day,Kyren Wilson,9,1490,1571,0.3775092526157308,0.4495472886604723,984,597,6767,3732,491,308,3324,1854,354,203,1451,802,524,318,1495,849,5,0,0.0,1.0,2649
Stuart Bingham,Ali Carter,9,1494,1484,0.5153768549440177,0.5062496744995104,1102,701,8007,4566,931,567,6611,3657,301,172,1339,782,292,168,1124,639,5,2,0.0,0.7142857142857143,2649
Ryan Day,Stuart Bingham,19,1490,1494,0.4911908814973925,0.49750002083312506,984,597,6767,3732,1102,701,8007,4566,354,203,1451,802,301,172,1339,782,10,8,0.0,0.5555555555555556,2649
Michael Wild,Sean McAllister,7,1124,985,0.6826800016944434,0.5860112044388707,310,160,1900,998,2,0,12,4,37,20,242,97,0,0,12,4,4,2,0.0,0.6666666666666666,2648
Patrick Whelan,Joshua Thomond,7,994,1014,0.4726790179572131,0.4875026035157896,21,7,107,49,26,12,142,69,40,24,88,42,33,17,130,65,4,1,0.0,0.8,2648
Brandon Sargeant,Iulian Boiko,7,1084,980,0.6390526295107546,0.5646362918030292,78,33,448,213,5,1,26,8,45,21,239,115,26,8,26,8,4,2,0.0,0.6666666666666666,2648
Martin Pitcher,Danny Connolly,7,999,978,0.5286845829371267,0.5131219861822433,3,1,15,6,6,2,33,12,0,0,15,6,0,0,28,11,4,2,0.0,0.6666666666666666,2648
Jackson Page,Andrew Mincher,7,1176,1000,0.726023440718493,0.6082590307465143,38,20,243,122,0,0,0,0,89,52,243,122,0,0,0,0,4,0,0.0,1.0,2648
Vladu Mihai,Aaron Graham,7,952,1003,0.43064928112217615,0.4681681105837757,5,0,27,7,2,1,9,5,15,3,22,6,0,0,9,5,4,2,0.0,0.6666666666666666,2648
Louis Heathcote,Paul McLeod,7,1066,1000,0.589422689021118,0.541156668150228,40,16,218,101,0,0,0,0,31,16,140,69,0,0,0,0,4,0,0.0,1.0,2648
Paul Gibbs,Conor McCormack,7,1000,848,0.698260993708389,0.5938731029341427,0,0,0,0,26,6,129,35,0,0,0,0,0,0,61,15,4,1,0.0,0.8,2648
Felix Frede,Andrew Urbaniak,7,961,976,0.47950179614537025,0.4906260984783392,34,13,179,77,2,0,11,3,42,20,97,40,0,0,4,0,4,0,0.0,1.0,2648
Dylan Craig,Peter Devlin,7,1119,1015,0.6390526295107546,0.5646362918030292,61,35,336,180,35,15,178,82,30,12,78,35,53,32,101,53,4,1,0.0,0.8,2648
Brian Cini,Dan Barsley,7,1115,1010,0.6403298636636867,0.5652507475670999,45,23,235,127,3,2,14,8,16,10,80,45,0,0,14,8,4,2,0.0,0.6666666666666666,2648
Richard Beckham,Daniel Schneider,7,1088,927,0.7088291167182063,0.5992881635083561,45,25,238,124,22,6,113,40,0,0,73,36,4,0,40,15,4,1,0.0,0.8,2648
Michael Wild,Kevin Chan,7,1124,903,0.774213209168811,0.6347154153791584,310,160,1900,998,14,3,62,14,37,20,242,97,0,0,8,0,4,0,0.0,1.0,2648
Patrick Whelan,Robin Otto,7,994,975,0.5259570402770714,0.5118727677562528,21,7,107,49,25,11,130,59,40,24,88,42,5,1,61,27,4,0,0.0,1.0,2648
Charlie Walters,Kevin Kelly,7,1084,1000,0.6131794491635048,0.5523079095743253,105,44,575,266,0,0,0,0,43,19,162,82,0,0,0,0,4,1,0.0,0.8,2648
Andy Symons,Tony Corrigan,7,1100,980,0.6592810606298003,0.574442516811659,44,24,239,127,10,3,53,22,0,0,32,23,5,1,28,9,4,0,0.0,1.0,2648
Brandon Sargeant,Ron Kantor,7,1084,966,0.6567774862994666,0.5732197726798348,78,33,448,213,2,0,8,0,45,21,239,115,4,0,8,0,4,0,0.0,1.0,2648
George Pragnall,Mitchell Grinstead,7,1100,1006,0.6261916833783177,0.5584811124381613,51,25,292,141,2,1,9,5,32,12,149,76,0,0,9,5,4,3,0.0,0.5714285714285714,2648
Andreas Ploner,Ashley Carty,7,1085,1248,0.2888475905595551,0.3995117254730337,64,29,343,164,144,76,841,436,46,25,133,68,143,70,263,138,4,3,0.0,0.5714285714285714,2648
Martin Pitcher,Reggie Edwards,7,999,1002,0.4958985144028909,0.498125008789013,3,1,15,6,7,4,37,17,0,0,15,6,18,8,37,17,4,3,0.0,0.5714285714285714,2648
Barry Pinches,Steven Hallworth,7,1239,1246,0.4904306643721704,0.4956251116502266,741,384,5735,2981,105,44,615,286,58,32,217,124,58,34,284,149,4,2,0.0,0.6666666666666666,2648
Manasawin Phetmalaikul,Vladu Mihai,7,955,952,0.5041014855971089,0.5018749912109869,11,3,59,22,5,0,27,7,22,9,53,20,15,3,22,6,4,2,0.0,0.6666666666666666,2648
Andrei Orzan,Adam Nash,7,955,992,0.44955793756481255,0.4768914745109111,7,1,40,13,1,0,6,2,0,0,35,12,0,0,0,0,4,2,0.0,0.6666666666666666,2648
Jamie O'Neill,Andrew Olivero,7,1196,987,0.7618819203066071,0.6277321638605189,292,153,1841,959,1,0,5,1,63,38,130,76,0,0,5,1,4,0,0.0,1.0,2648
Joe O'Connor,Daniel O’Regan,7,1172,949,0.7762304913665884,0.6358738914270539,103,47,627,297,18,6,92,37,106,50,230,107,0,0,66,31,4,0,0.0,1.0,2648
Saqib Nasir,Lee Mein,7,1118,1025,0.6248970337106214,0.5578645727207344,96,48,530,280,8,4,42,22,28,16,125,71,0,0,42,22,4,0,0.0,1.0,2648
Andy Milliard,Paul Gibbs,7,982,1000,0.47540722540195457,0.4887518980531451,6,2,37,15,0,0,0,0,30,12,37,15,0,0,0,0,4,0,0.0,1.0,2648
Bash Maqsood,Simon Dent,7,923,1007,0.3868205508364956,0.4476920904256748,25,6,138,50,38,16,200,94,21,8,31,10,29,13,104,48,4,0,0.0,1.0,2648
Simon Lichtenberg,Robert James,7,1014,1169,0.29819592913144066,0.4043192693921528,32,11,173,74,107,64,667,361,69,18,130,53,0,0,27,17,4,3,0.0,0.5714285714285714,2648
Thomas Kevern,Gareth Lopez,7,1004,1000,0.5054685677142574,0.5024999791668749,2,1,10,5,0,0,0,0,0,0,10,5,0,0,0,0,4,2,0.0,0.6666666666666666,2648
Andy Hicks,Zack Richardson,7,1236,1159,0.6039885915613215,0.5479769376367963,624,338,4986,2587,67,34,375,206,63,34,339,175,0,0,138,78,4,3,0.0,0.5714285714285714,2648
James Height,Matthew Roberts,7,950,959,0.48769738857442835,0.4943752372926745,6,1,32,9,11,4,56,21,15,3,32,9,36,16,56,21,4,2,0.0,0.6666666666666666,2648
Louis Heathcote,Bradley Tyson,7,1066,1000,0.589422689021118,0.541156668150228,40,16,218,101,0,0,0,0,31,16,140,69,0,0,0,0,4,0,0.0,1.0,2648
Liam Golt,Matthew Hudson,7,1000,954,0.5626145694127913,0.5287183569514396,0,0,0,0,4,0,19,3,0,0,0,0,0,0,5,1,4,3,0.0,0.5714285714285714,2648
Matthew Glasby,Fergal Quinn,7,935,1000,0.4119083649163239,0.4594641607262107,46,17,247,104,0,0,0,0,34,13,108,48,0,0,0,0,4,0,0.0,1.0,2648
Felix Frede,Shahidul Islam,7,961,967,0.4917974901893887,0.496250070310918,34,13,179,77,2,0,8,0,42,20,97,40,4,0,8,0,4,1,0.0,0.8,2648
John Foster,Bhavesh Sodha,7,1024,867,0.7041548710511403,0.596884378259767,16,7,88,43,12,1,50,6,29,15,88,43,4,0,30,2,4,0,0.0,1.0,2648
Mike Finn,Jenson Kendrick,7,981,953,0.5382188233953898,0.5174928576663897,14,5,73,29,8,1,43,14,12,4,48,22,20,4,43,14,4,3,0.0,0.5714285714285714,2648
Dylan Emery,Phil O'Kane,7,1024,1081,0.4225943374899878,0.4644351620161461,9,5,48,25,96,45,496,239,48,25,48,25,43,26,145,81,4,2,0.0,0.6666666666666666,2648
Adam Edge,Manon Melief,7,1030,860,0.7192100641468833,0.6046790847140093,50,20,283,131,10,0,41,1,27,13,115,56,0,0,4,0,4,0,0.0,1.0,2648
Umut Dikme,Thomas Lancastle,7,1052,996,0.5760654606907909,0.5349429451582145,11,6,56,32,1,0,7,3,38,19,56,32,0,0,7,3,4,3,0.0,0.5714285714285714,2648
Matthew Day,Joshua Cooper,7,1100,992,0.644151517953897,0.5670929049654543,151,72,813,400,31,13,161,72,32,18,129,70,20,8,109,54,4,3,0.0,0.5714285714285714,2648
Dylan Craig,Barry Mincher,7,1119,984,0.6778138346852377,0.5835831155172753,61,35,336,180,1,0,4,0,30,12,78,35,0,0,4,0,4,0,0.0,1.0,2648
Jamie Cope,Lee Prickman,7,1246,995,0.8033111045084242,0.6519223788927313,569,305,3838,1960,3,1,21,10,81,49,339,169,0,0,14,7,4,1,0.0,0.8,2648
Jamie Clarke,Michael Williams,7,1192,1116,0.6026704349193375,0.5473576181430894,158,78,935,479,62,33,314,171,68,22,267,127,23,11,134,76,4,2,0.0,0.6666666666666666,2648
Brian Cini,Francis Becerra,7,1115,972,0.6875128007198821,0.5884351201276382,45,23,235,127,2,0,8,0,16,10,80,45,0,0,4,0,4,1,0.0,0.8,2648
Harvey Chandler,Sergey Isaenko,7,1078,990,0.6184015843393024,0.5547792351072148,27,10,171,71,12,5,61,26,107,42,151,65,38,18,38,18,4,2,0.0,0.6666666666666666,2648
Ryan Causton,Ben Jones,7,1054,1086,0.4563431395453441,0.48001065984441826,129,66,683,333,95,48,489,245,23,10,128,62,33,15,150,78,4,1,0.0,0.8,2648
James Cahill,Hamim Hussain,7,1265,960,0.8492880506369576,0.6818962645895934,169,66,1065,478,3,0,13,1,162,96,399,200,0,0,13,1,4,1,0.0,0.8,2648
Oliver Brown,Blythe Reeve,7,1174,1000,0.7237619985420221,0.6070669880717036,184,84,1004,479,0,0,0,0,40,18,195,101,0,0,0,0,4,0,0.0,1.0,2648
Richard Beckham,Ian Martin,7,1088,1029,0.5800831913605062,0.5368082899889803,45,25,238,124,34,16,208,99,0,0,73,36,0,0,45,25,4,3,0.0,0.5714285714285714,2648
Adam Ashley,Jack Bradford,7,1000,971,0.5395790886298393,0.5181170650431814,0,0,0,0,49,16,258,104,0,0,0,0,51,29,82,41,4,3,0.0,0.5714285714285714,2648
Michael Wild,Andrei Orzan,7,1124,955,0.7180660778287002,0.6040813228693781,310,160,1900,998,7,1,40,13,37,20,242,97,0,0,35,12,4,0,0.0,1.0,2648
Patrick Whelan,Felix Frede,7,994,961,0.5450150538752272,0.5206133097144486,21,7,107,49,34,13,179,77,40,24,88,42,42,20,97,40,4,0,0.0,1.0,2648
Andy Symons,Andy Milliard,7,1100,982,0.6567774862994666,0.5732197726798348,44,24,239,127,6,2,37,15,0,0,32,23,30,12,37,15,4,3,0.0,0.5714285714285714,2648
Brandon Sargeant,Saqib Nasir,7,1084,1118,0.45362731252530075,0.4787627850337259,78,33,448,213,96,48,530,280,45,21,239,115,28,16,125,71,4,0,0.0,1.0,2648
Andreas Ploner,Charlie Walters,7,1085,1084,0.5013671846516985,0.5006249996744794,64,29,343,164,105,44,575,266,46,25,133,68,43,19,162,82,4,3,0.0,0.5714285714285714,2648
Barry Pinches,Ryan Causton,7,1239,1054,0.7360780864464773,0.6136070778047783,741,384,5735,2981,129,66,683,333,58,32,217,124,23,10,128,62,4,2,0.0,0.6666666666666666,2648
Jackson Page,Brian Cini,7,1176,1115,0.5827567809217526,0.5380512843858591,38,20,243,122,45,23,235,127,89,52,243,122,16,10,80,45,4,2,0.0,0.6666666666666666,2648
Jamie O'Neill,Dylan Emery,7,1196,1024,0.721490850613204,0.6058736684317606,292,153,1841,959,9,5,48,25,63,38,130,76,48,25,48,25,4,2,0.0,0.6666666666666666,2648
Joe O'Connor,Adam Edge,7,1172,1030,0.6863077679270944,0.5878295384825115,103,47,627,297,50,20,283,131,106,50,230,107,27,13,115,56,4,2,0.0,0.6666666666666666,2648
Simon Lichtenberg,Dylan Craig,7,1014,1119,0.3596701363363135,0.43474925243290014,32,11,173,74,61,35,336,180,69,18,130,53,30,12,78,35,4,2,0.0,0.6666666666666666,2648
Thomas Kevern,Bash Maqsood,7,1004,923,0.6092484254460553,0.5504527113395278,2,1,10,5,25,6,138,50,0,0,10,5,21,8,31,10,4,2,0.0,0.6666666666666666,2648
Andy Hicks,George Pragnall,7,1236,1100,0.6790334655716898,0.5841905229354074,624,338,4986,2587,51,25,292,141,63,34,339,175,32,12,149,76,4,2,0.0,0.6666666666666666,2648
Louis Heathcote,Liam Golt,7,1066,1000,0.589422689021118,0.541156668150228,40,16,218,101,0,0,0,0,31,16,140,69,0,0,0,0,4,0,0.0,1.0,2648
Matthew Glasby,Martin Pitcher,7,935,999,0.4132404983976814,0.46008511544443426,46,17,247,104,3,1,15,6,34,13,108,48,0,0,15,6,4,2,0.0,0.6666666666666666,2648
Mike Finn,Harvey Chandler,7,981,1078,0.3699335043548132,0.4396703573114467,14,5,73,29,27,10,171,71,12,4,48,22,107,42,151,65,4,3,0.0,0.5714285714285714,2648
Umut Dikme,Ivelin Boyanov Bozhanov,7,1052,1000,0.5706954446194282,0.5324543063873187,11,6,56,32,0,0,0,0,38,19,56,32,0,0,0,0,4,1,0.0,0.8,2648
Matthew Day,John Foster,7,1100,1024,0.6026704349193375,0.5473576181430894,151,72,813,400,16,7,88,43,32,18,129,70,29,15,88,43,4,1,0.0,0.8,2648
Jamie Cope,Richard Beckham,7,1246,1088,0.7053268662779104,0.5974857658270161,569,305,3838,1960,45,25,238,124,81,49,339,169,0,0,73,36,4,2,0.0,0.6666666666666666,2648
Jamie Clarke,Adam Ashley,7,1192,1000,0.7437579445222342,0.617747874769249,158,78,935,479,0,0,0,0,68,22,267,127,0,0,0,0,4,1,0.0,0.8,2648
James Cahill,Manasawin Phetmalaikul,7,1265,955,0.853127093984388,0.6846015003234307,169,66,1065,478,11,3,59,22,162,96,399,200,22,9,53,20,4,1,0.0,0.8,2648
Oliver Brown,James Height,7,1174,950,0.7772350342961843,0.6364525402815664,184,84,1004,479,6,1,32,9,40,18,195,101,15,3,32,9,4,0,0.0,1.0,2648
Niu Zhuang,Mike Finn,7,1104,981,0.6630224339222315,0.5762749224932653,58,18,362,140,14,5,73,29,103,39,223,82,12,4,48,22,4,2,0.0,0.6666666666666666,2648
Cao Yupeng,Yuan Sijun,7,1381,1331,0.5680051367615364,0.5312093733737563,248,126,1788,907,78,33,553,257,55,30,494,252,211,113,421,216,4,3,0.0,0.5714285714285714,2648
Zhang Yong,Billy Joe Castle,7,1205,1184,0.5286845829371267,0.5131219861822433,111,45,698,298,58,27,362,171,139,60,503,214,135,60,278,124,4,1,0.0,0.8,2648
Fang Xiongman,Lukas Kleckers,7,1184,1146,0.5517972899579606,0.523732154126561,85,38,521,241,76,29,470,205,82,44,367,166,107,39,318,134,4,2,0.0,0.6666666666666666,2648
Zhao Xintong,Sanderson Lam,7,1424,1110,0.8561477589533566,0.6867567266439019,167,92,1131,613,154,59,943,408,255,143,682,360,92,24,424,166,4,2,0.0,0.6666666666666666,2648
Gary Wilson,Umut Dikme,7,1355,1052,0.847732715071801,0.6808107108156386,417,241,2739,1478,11,6,56,32,214,108,705,366,38,19,56,32,4,0,0.0,1.0,2648
Kyren Wilson,Mark Joyce,7,1565,1262,0.847732715071801,0.6808107108156386,494,310,3341,1862,473,250,3412,1735,541,326,1512,857,142,61,709,357,4,1,0.0,0.8,2648
Robbie Williams,Jamie Jones,7,1273,1403,0.32831469717042555,0.41945769517934034,369,197,2426,1233,505,301,3385,1835,154,69,631,307,156,84,663,350,4,3,0.0,0.5714285714285714,2648
Michael Wild,Fergal O'Brien,7,1124,1343,0.22781497267732487,0.3664446223632249,310,160,1900,998,891,506,6713,3528,37,20,242,97,179,86,740,365,4,1,0.0,0.8,2648
Jimmy White,Christopher Keogan,7,1214,1121,0.6248970337106214,0.5578645727207344,1439,798,12277,6428,146,55,836,373,112,41,461,198,43,15,315,125,4,3,0.0,0.5714285714285714,2648
Liang Wenbo,Alex Borg,7,1384,1084,0.8453785395674661,0.679178699175393,613,367,4271,2349,375,157,2673,1210,200,105,1033,562,40,12,326,127,4,1,0.0,0.8,2648
Daniel Wells,Ian Burns,7,1308,1277,0.5422981239384312,0.519365308229932,369,183,2502,1239,338,172,2160,1090,220,113,652,320,162,77,569,265,4,2,0.0,0.6666666666666666,2648
Lee Walker,Gerard Greene,7,1331,1251,0.6079354159352611,0.549833997312478,476,258,3681,1892,712,380,5300,2755,181,93,597,286,132,59,437,202,4,3,0.0,0.5714285714285714,2648
Soheil Vahedi,Jackson Page,7,1039,1176,0.3197489554385173,0.415202325282263,34,6,235,84,38,20,243,122,85,25,200,71,89,52,243,122,4,2,0.0,0.6666666666666666,2648
Allan Taylor,Andy Symons,7,1240,1100,0.6838913574482577,0.5866175789173301,305,141,1839,890,44,24,239,127,116,46,497,212,0,0,32,23,4,2,0.0,0.6666666666666666,2648
Matthew Stevens,Mike Dunn,7,1385,1281,0.6390526295107546,0.5646362918030292,952,556,7382,4013,716,378,5278,2713,238,128,713,376,156,76,640,313,4,3,0.0,0.5714285714285714,2648
Craig Steadman,Peter Ebdon,7,1319,1420,0.3647889315421975,0.43720825986135486,453,244,2992,1563,1091,625,8566,4605,203,109,590,287,225,132,755,404,4,3,0.0,0.5714285714285714,2648
Noppon Saengkham,Barry Pinches,7,1386,1239,0.692311529960642,0.5908547524545943,236,112,1718,832,741,384,5735,2981,249,139,797,413,58,32,217,124,4,1,0.0,0.8,2648
Joe Perry,Adam Duffy,7,1502,1276,0.7792359029381558,0.637608652621925,1063,633,7676,4170,353,178,2253,1146,349,207,1205,672,173,90,552,267,4,1,0.0,0.8,2648
Tian Pengfei,Chen Zhe,7,1357,1177,0.7305169455924372,0.610639233949222,393,221,2648,1412,211,101,1307,633,201,106,656,331,88,44,330,143,4,1,0.0,0.8,2648
Jamie O'Neill,Peter Lines,7,1196,1307,0.35204218100893303,0.43106679063045344,292,153,1841,959,786,421,5698,2947,63,38,130,76,153,73,606,301,4,3,0.0,0.5714285714285714,2648
Martin O'Donnell,Luca Brecel,7,1369,1399,0.4590611389260606,0.4812587841214648,329,163,2110,1069,360,207,2516,1355,243,132,714,373,296,159,1076,604,4,1,0.0,0.8,2648
Hammad Miah,Chen Zifan,7,1228,1161,0.5907526477758748,0.5417773692836367,154,60,1030,458,77,35,460,207,164,80,529,240,91,26,294,130,4,0,0.0,1.0,2648
Aditya Mehta,Brian Ochoiski,7,1249,1013,0.7890748963496146,0.6433651456944017,284,135,1961,957,11,6,62,32,26,10,304,130,51,28,62,32,4,2,0.0,0.6666666666666666,2648
Rory McLeod,Ian Preece,7,1197,1191,0.5082025098106111,0.5037499296890819,582,313,4360,2238,216,114,1575,800,154,61,681,313,18,2,310,141,4,3,0.0,0.5714285714285714,2648
Anthony McGill,Paul Davison,7,1375,1194,0.7316341543771714,0.6112334666758695,513,312,3335,1828,681,352,4756,2399,246,121,1105,598,115,42,478,199,4,3,0.0,0.5714285714285714,2648
Mitchell Mann,Patrick Whelan,7,1263,994,0.8195570476403491,0.6620627248063988,246,115,1575,761,21,7,107,49,88,46,520,244,40,24,88,42,4,3,0.0,0.5714285714285714,2648
Jack Lisowski,Ross Muir,7,1556,1247,0.8523649112589072,0.6840614456522569,452,278,3007,1659,167,63,1111,493,405,250,981,562,126,53,505,226,4,0,0.0,1.0,2648
Oliver Lines,Elliot Slessor,7,1209,1338,0.32954639777958084,0.4200665998114943,201,97,1306,646,176,78,1113,526,136,58,539,241,162,81,525,254,4,2,0.0,0.6666666666666666,2648
Mark King,Nigel Bond,7,1395,1253,0.6863077679270944,0.5878295384825115,961,543,7059,3728,870,472,6856,3582,291,161,1037,576,138,60,505,223,4,1,0.0,0.8,2648
Jak Jones,Hamza Akbar,7,1248,1044,0.756630061657872,0.6248064744684293,192,80,1258,561,45,7,311,103,198,97,440,194,79,25,282,94,4,2,0.0,0.6666666666666666,2648
Andy Hicks,Robert Milkins,7,1236,1418,0.2672511194925776,0.3881726309982629,624,338,4986,2587,863,517,6295,3423,63,34,339,175,245,139,952,504,4,2,0.0,0.6666666666666666,2648
Barry Hawkins,Chris Wakelin,7,1517,1449,0.5920814957526257,0.542397940774351,963,599,6965,3880,198,103,1354,698,431,245,1430,816,225,131,688,359,4,0,0.0,1.0,2648
Li Hang,Matthew Glasby,7,1301,935,0.8914125527550687,0.7140222267773016,271,140,1964,1014,46,17,247,104,155,75,710,369,34,13,108,48,4,1,0.0,0.8,2648
Anthony Hamilton,Ashley Hugill,7,1371,1180,0.7426684543010009,0.6171573626529722,851,494,6538,3489,114,52,657,309,173,88,750,394,88,33,425,194,4,2,0.0,0.6666666666666666,2648
David Grace,Ben Woollaston,7,1266,1363,0.3699335043548132,0.4396703573114467,326,150,2164,1046,600,342,3914,2089,93,50,518,255,183,94,930,489,4,1,0.0,0.8,2648
Michael Georgiou,Liam Highfield,7,1196,1409,0.23396455221276663,0.36993399171498176,225,101,1387,665,358,191,2465,1303,137,57,552,260,191,105,639,337,4,1,0.0,0.8,2648
Tom Ford,Li Yuan,7,1425,1120,0.8492880506369576,0.6818962645895934,625,359,4487,2401,57,23,345,150,298,162,905,490,89,30,206,82,4,1,0.0,0.8,2648
Scott Donaldson,Duane Jones,7,1365,1156,0.7618819203066071,0.6277321638605189,243,121,1649,816,172,83,1040,519,227,122,659,333,111,41,432,172,4,1,0.0,0.8,2648
Ken Doherty,Andreas Ploner,7,1246,1085,0.7088291167182063,0.5992881635083561,1133,686,9226,5045,64,29,343,164,132,55,552,263,46,25,133,68,4,2,0.0,0.6666666666666666,2648
Yu Delu,Louis Heathcote,7,1322,1066,0.8079159048674549,0.6547534606063192,269,135,1917,973,40,16,218,101,46,22,493,241,31,16,140,69,4,1,0.0,0.8,2648
Ryan Day,Xu Si,7,1541,1152,0.9047290575025384,0.7256175202732952,988,601,6801,3755,52,18,368,152,388,226,1485,825,112,45,308,130,4,2,0.0,0.6666666666666666,2648
Matthew Day,Rod Lawler,7,1100,1200,0.36607269253409314,0.43782349911420193,151,72,813,400,818,436,6215,3198,32,18,129,70,114,44,519,225,4,3,0.0,0.5714285714285714,2648
Dominic Dale,Chris Totten,7,1258,1038,0.7732004785001367,0.6341355910108007,926,526,6623,3521,40,9,258,88,146,66,811,418,107,38,235,79,4,1,0.0,0.8,2648
Sam Craigie,Joe O'Connor,7,1356,1172,0.7349708541108757,0.6130141761393355,169,85,1044,538,103,47,627,297,151,82,476,233,106,50,230,107,4,2,0.0,0.6666666666666666,2648
Jamie Clarke,Sam Baird,7,1192,1292,0.36607269253409314,0.43782349911420193,158,78,935,479,353,185,2450,1259,68,22,267,127,211,110,714,360,4,3,0.0,0.5714285714285714,2648
Stuart Carrington,Mark Davis,7,1362,1497,0.32218616531476235,0.41641688448272474,343,190,2269,1196,1116,675,7844,4302,248,125,751,398,263,154,1099,619,4,2,0.0,0.6666666666666666,2648
James Cahill,Eden Sharav,7,1265,1259,0.5082025098106111,0.5037499296890819,169,66,1065,478,157,75,985,465,162,96,399,200,174,82,501,220,4,1,0.0,0.8,2648
Alfie Burden,Ricky Walden,7,1303,1454,0.3029244926392998,0.4067300078928128,682,366,4953,2540,848,512,5994,3306,200,99,644,310,280,154,1240,655,4,2,0.0,0.6666666666666666,2648
Oliver Brown,Michael White,7,1174,1270,0.3712235715309693,0.44028635073280703,184,84,1004,479,499,284,3385,1784,40,18,195,101,207,96,983,496,4,1,0.0,0.8,2648
Stuart Bingham,Andrew Higginson,7,1513,1343,0.7192100641468833,0.6046790847140093,1106,704,8044,4587,726,430,5143,2815,338,193,1376,803,204,108,718,380,4,0,0.0,1.0,2648
Jamie Barrett,Leo Fernandez,7,1037,1163,0.33325327584718467,0.4218947671156908,88,34,511,214,425,253,3212,1715,72,35,306,111,67,31,146,54,4,3,0.0,0.5714285714285714,2648
John Astley,Jimmy Robertson,7,1246,1358,0.35077688766853815,0.43045377606077095,205,94,1305,611,490,270,3360,1752,114,45,535,259,280,149,851,457,4,0,0.0,1.0,2648
Zhang Anda,Zhou Yuelong,7,1374,1377,0.4958985144028909,0.498125008789013,323,162,2278,1145,205,117,1422,758,222,120,683,354,279,151,855,462,4,2,0.0,0.6666666666666666,2648
Cao Yupeng,Matthew Stevens,7,1381,1385,0.4945314322857424,0.49750002083312506,248,126,1788,907,952,556,7382,4013,55,30,494,252,238,128,713,376,4,2,0.0,0.6666666666666666,2648
Zhang Yong,Sean O'Sullivan,7,1205,1125,0.6079354159352611,0.549833997312478,111,45,698,298,210,83,1330,599,139,60,503,214,93,30,432,170,4,2,0.0,0.6666666666666666,2648
Fang Xiongman,Hammad Miah,7,1184,1228,0.44008542926958705,0.47252769565540637,85,38,521,241,154,60,1030,458,82,44,367,166,164,80,529,240,4,2,0.0,0.6666666666666666,2648
Zhao Xintong,Craig Steadman,7,1424,1319,0.6403298636636867,0.5652507475670999,167,92,1131,613,453,244,2992,1563,255,143,682,360,203,109,590,287,4,1,0.0,0.8,2648
Kyren Wilson,Daniel Wells,7,1565,1308,0.8088283859322067,0.655318370173895,494,310,3341,1862,369,183,2502,1239,541,326,1512,857,220,113,652,320,4,1,0.0,0.8,2648
Michael Wild,Stuart Carrington,7,1124,1362,0.2089905743017545,0.3554884462937054,310,160,1900,998,343,190,2269,1196,37,20,242,97,248,125,751,398,4,2,0.0,0.6666666666666666,2648
Liang Wenbo,Robbie Williams,7,1384,1273,0.6479578189910667,0.5689332093695465,613,367,4271,2349,369,197,2426,1233,200,105,1033,562,154,69,631,307,4,0,0.0,1.0,2648
Lee Walker,Jak Jones,7,1331,1248,0.611870456908998,0.5516896693427,476,258,3681,1892,192,80,1258,561,181,93,597,286,198,97,440,194,4,0,0.0,1.0,2648
Soheil Vahedi,Zhang Anda,7,1039,1374,0.12872464400898986,0.3020615739919092,34,6,235,84,323,162,2278,1145,85,25,200,71,222,120,683,354,4,2,0.0,0.6666666666666666,2648
Allan Taylor,Niu Zhuang,7,1240,1104,0.6790334655716898,0.5841905229354074,305,141,1839,890,58,18,362,140,116,46,497,212,103,39,223,82,4,3,0.0,0.5714285714285714,2648
Matthew Selt,Mitchell Mann,7,1320,1263,0.5774056625100122,0.5355648379838539,569,308,3888,2034,246,115,1575,761,170,87,773,399,88,46,520,244,4,2,0.0,0.6666666666666666,2648
Brandon Sargeant,Thomas Kevern,7,1084,1004,0.6079354159352611,0.549833997312478,78,33,448,213,2,1,10,5,45,21,239,115,0,0,10,5,4,3,0.0,0.5714285714285714,2648
Noppon Saengkham,James Cahill,7,1386,1265,0.660530062626431,0.5750535485557879,236,112,1718,832,169,66,1065,478,249,139,797,413,162,96,399,200,4,1,0.0,0.8,2648
Joe Perry,Anthony Hamilton,7,1502,1371,0.6729150209582897,0.5811509642893937,1063,633,7676,4170,851,494,6538,3489,349,207,1205,672,173,88,750,394,4,1,0.0,0.8,2648
Tian Pengfei,Gary Wilson,7,1357,1355,0.5027343522137269,0.5012499973958399,393,221,2648,1412,417,241,2739,1478,201,106,656,331,214,108,705,366,4,1,0.0,0.8,2648
Martin O'Donnell,Jimmy White,7,1369,1214,0.7018040708685593,0.5956807306078472,329,163,2110,1069,1439,798,12277,6428,243,132,714,373,112,41,461,198,4,2,0.0,0.6666666666666666,2648
Aditya Mehta,Kurt Dunham,7,1249,936,0.855396798107813,0.6862186708976811,284,135,1961,957,37,3,228,57,26,10,304,130,47,16,228,57,4,1,0.0,0.8,2648
Anthony McGill,David Grace,7,1375,1266,0.6454220086166967,0.5677065480733601,513,312,3335,1828,326,150,2164,1046,246,121,1105,598,93,50,518,255,4,2,0.0,0.6666666666666666,2648
Jack Lisowski,Jamie O'Neill,7,1556,1196,0.8877146338860857,0.7109495026250039,452,278,3007,1659,292,153,1841,959,405,250,981,562,63,38,130,76,4,3,0.0,0.5714285714285714,2648
Oliver Lines,Li Hang,7,1209,1301,0.37639911510945645,0.44275214540144436,201,97,1306,646,271,140,1964,1014,136,58,539,241,155,75,710,369,4,0,0.0,1.0,2648
Andy Hicks,John Astley,7,1236,1246,0.4863309727288301,0.49375032550048964,624,338,4986,2587,205,94,1305,611,63,34,339,175,114,45,535,259,4,2,0.0,0.6666666666666666,2648
Michael Georgiou,Mei Xiwen,7,1196,1273,0.39601140843867844,0.4520230623632036,225,101,1387,665,111,53,761,373,137,57,552,260,170,82,486,241,4,2,0.0,0.6666666666666666,2648
Scott Donaldson,Simon Lichtenberg,7,1365,1014,0.8819896948101545,0.706303891936407,243,121,1649,816,32,11,173,74,227,122,659,333,69,18,130,53,4,1,0.0,0.8,2648
Ken Doherty,Kurt Maflin,7,1246,1309,0.41457369574132835,0.4607061941016405,1133,686,9226,5045,538,307,3634,1953,132,55,552,263,164,81,728,385,4,0,0.0,1.0,2648
Yu Delu,Thor Chuan Leong,7,1322,1257,0.5880916350836762,0.5405358392737893,269,135,1917,973,103,35,678,295,46,22,493,241,168,91,480,217,4,1,0.0,0.8,2648
Ryan Day,Oliver Brown,7,1541,1174,0.892019728195359,0.7145324397353954,988,601,6801,3755,184,84,1004,479,388,226,1485,825,40,18,195,101,4,1,0.0,0.8,2648
Dominic Dale,Tom Ford,7,1258,1425,0.28422903752276774,0.39711513267253384,926,526,6623,3521,625,359,4487,2401,146,66,811,418,298,162,905,490,4,2,0.0,0.6666666666666666,2648
Sam Craigie,Barry Hawkins,7,1356,1517,0.2911708832817938,0.40071183649164394,169,85,1044,538,963,599,6965,3880,151,82,476,233,431,245,1430,816,4,1,0.0,0.8,2648
Jamie Cope,Rory McLeod,7,1246,1197,0.5666587144886649,0.530586760182081,569,305,3838,1960,582,313,4360,2238,81,49,339,169,154,61,681,313,4,2,0.0,0.6666666666666666,2648
Jamie Clarke,Jamie Barrett,7,1192,1037,0.7018040708685593,0.5956807306078472,158,78,935,479,88,34,511,214,68,22,267,127,72,35,306,111,4,0,0.0,1.0,2648
Alfie Burden,Matthew Day,7,1303,1100,0.7555717519931018,0.6242202334972642,682,366,4953,2540,151,72,813,400,200,99,644,310,32,18,129,70,4,0,0.0,1.0,2648
Stuart Bingham,Mark King,7,1513,1395,0.6567774862994666,0.5732197726798348,1106,704,8044,4587,961,543,7059,3728,338,193,1376,803,291,161,1037,576,4,2,0.0,0.6666666666666666,2648
Cao Yupeng,Sam Craigie,7,1381,1356,0.534135239137421,0.5156199157230156,248,126,1788,907,169,85,1044,538,55,30,494,252,151,82,476,233,4,2,0.0,0.6666666666666666,2648
Zhang Yong,Zhao Xintong,7,1205,1424,0.22781497267732487,0.3664446223632249,111,45,698,298,167,92,1131,613,139,60,503,214,255,143,682,360,4,1,0.0,0.8,2648
Fang Xiongman,Brandon Sargeant,7,1184,1084,0.6339273074659068,0.5621765008857981,85,38,521,241,78,33,448,213,82,44,367,166,45,21,239,115,4,3,0.0,0.5714285714285714,2648
Kyren Wilson,Andy Hicks,7,1565,1236,0.867077669398587,0.6947667628737805,494,310,3341,1862,624,338,4986,2587,541,326,1512,857,63,34,339,175,4,2,0.0,0.6666666666666666,2648
Lee Walker,Allan Taylor,7,1331,1240,0.622303251187688,0.5566309599222533,476,258,3681,1892,305,141,1839,890,181,93,597,286,116,46,497,212,4,1,0.0,0.8,2648
Matthew Selt,Liang Wenbo,7,1320,1384,0.4132404983976814,0.46008511544443426,569,308,3888,2034,613,367,4271,2349,170,87,773,399,200,105,1033,562,4,1,0.0,0.8,2648
Joe Perry,Michael Wild,7,1502,1124,0.8985282020078706,0.7201085268004915,1063,633,7676,4170,310,160,1900,998,349,207,1205,672,37,20,242,97,4,1,0.0,0.8,2648
Tian Pengfei,Aditya Mehta,7,1357,1249,0.644151517953897,0.5670929049654543,393,221,2648,1412,284,135,1961,957,201,106,656,331,26,10,304,130,4,2,0.0,0.6666666666666666,2648
Anthony McGill,Oliver Lines,7,1375,1209,0.7146198510727906,0.6022861768886306,513,312,3335,1828,201,97,1306,646,246,121,1105,598,136,58,539,241,4,0,0.0,1.0,2648
Jack Lisowski,Soheil Vahedi,7,1556,1039,0.9570241512614298,0.7845700395151199,452,278,3007,1659,34,6,235,84,405,250,981,562,85,25,200,71,4,3,0.0,0.5714285714285714,2648
Scott Donaldson,Jamie Clarke,7,1365,1192,0.7226276336267841,0.6064704870683034,243,121,1649,816,158,78,935,479,227,122,659,333,68,22,267,127,4,0,0.0,1.0,2648
Ken Doherty,Dominic Dale,7,1246,1258,0.4835986704357121,0.4925005624493796,1133,686,9226,5045,926,526,6623,3521,132,55,552,263,146,66,811,418,4,3,0.0,0.5714285714285714,2648
Yu Delu,Jamie Cope,7,1322,1246,0.6026704349193375,0.5473576181430894,269,135,1917,973,569,305,3838,1960,46,22,493,241,81,49,339,169,4,2,0.0,0.6666666666666666,2648
Ryan Day,Martin O'Donnell,7,1541,1369,0.721490850613204,0.6058736684317606,988,601,6801,3755,329,163,2110,1069,388,226,1485,825,243,132,714,373,4,1,0.0,0.8,2648
Alfie Burden,Michael Georgiou,7,1303,1196,0.6428793213307702,0.5664790559676278,682,366,4953,2540,225,101,1387,665,200,99,644,310,137,57,552,260,4,1,0.0,0.8,2648
Stuart Bingham,Noppon Saengkham,7,1513,1386,0.6679843009449487,0.578714862460134,1106,704,8044,4587,236,112,1718,832,338,193,1376,803,249,139,797,413,4,2,0.0,0.6666666666666666,2648
Cao Yupeng,Yu Delu,7,1381,1322,0.5800831913605062,0.5368082899889803,248,126,1788,907,269,135,1917,973,55,30,494,252,46,22,493,241,4,1,0.0,0.8,2648
Zhang Yong,Tian Pengfei,7,1205,1357,0.30173900629161093,0.4061268970658573,111,45,698,298,393,221,2648,1412,139,60,503,214,201,106,656,331,4,1,0.0,0.8,2648
Kyren Wilson,Matthew Selt,7,1565,1320,0.7976923211673973,0.6485108747389209,494,310,3341,1862,569,308,3888,2034,541,326,1512,857,170,87,773,399,4,0,0.0,1.0,2648
Lee Walker,Anthony McGill,7,1331,1375,0.44008542926958705,0.47252769565540637,476,258,3681,1892,513,312,3335,1828,181,93,597,286,246,121,1105,598,4,2,0.0,0.6666666666666666,2648
Joe Perry,Jack Lisowski,7,1502,1556,0.4266177377216683,0.4663011645670992,1063,633,7676,4170,452,278,3007,1659,349,207,1205,672,405,250,981,562,4,1,0.0,0.8,2648
Scott Donaldson,Alfie Burden,7,1365,1303,0.5840920587766287,0.538672605206508,243,121,1649,816,682,366,4953,2540,227,122,659,333,200,99,644,310,4,3,0.0,0.5714285714285714,2648
Ryan Day,Fang Xiongman,7,1541,1184,0.8858301874086159,0.7094058152553435,988,601,6801,3755,85,38,521,241,388,226,1485,825,82,44,367,166,4,1,0.0,0.8,2648
Stuart Bingham,Ken Doherty,7,1513,1246,0.8177973252726516,0.6609431415591629,1106,704,8044,4587,1133,686,9226,5045,338,193,1376,803,132,55,552,263,4,1,0.0,0.8,2648
Cao Yupeng,Stuart Bingham,7,1381,1513,0.32585725514792674,0.4182406231581638,248,126,1788,907,1106,704,8044,4587,55,30,494,252,338,193,1376,803,4,0,0.0,1.0,2648
Lee Walker,Kyren Wilson,7,1331,1565,0.2128707585790301,0.3577829070425624,476,258,3681,1892,494,310,3341,1862,181,93,597,286,541,326,1512,857,4,0,0.0,1.0,2648
Scott Donaldson,Zhang Yong,7,1365,1205,0.7076639986592218,0.598687660112452,243,121,1649,816,111,45,698,298,227,122,659,333,139,60,503,214,4,2,0.0,0.6666666666666666,2648
Ryan Day,Joe Perry,7,1541,1502,0.5531518743848329,0.5243557087682073,988,601,6801,3755,1063,633,7676,4170,388,226,1485,825,349,207,1205,672,4,1,0.0,0.8,2648
Cao Yupeng,Lee Walker,7,1381,1331,0.5680051367615364,0.5312093733737563,248,126,1788,907,476,258,3681,1892,55,30,494,252,181,93,597,286,4,2,0.0,0.6666666666666666,2648
Ryan Day,Scott Donaldson,7,1541,1365,0.726023440718493,0.6082590307465143,988,601,6801,3755,243,121,1649,816,388,226,1485,825,227,122,659,333,4,3,0.0,0.5714285714285714,2648
Ryan Day,Cao Yupeng,7,1541,1381,0.7076639986592218,0.598687660112452,988,601,6801,3755,248,126,1788,907,388,226,1485,825,55,30,494,252,4,0,0.0,1.0,2648
Rhydian Richards,Darren Morgan,7,1000,1261,0.18755000502737473,0.3424263893835775,0,0,0,0,534,303,4602,2369,0,0,0,0,0,0,114,52,4,3,0.0,0.5714285714285714,2647
Chen Zifan,Zhou Yuelong,7,1146,1369,0.22376950863341183,0.3641261085729462,78,35,464,207,206,117,1428,760,95,26,298,130,285,153,861,464,4,1,0.0,0.8,2647
Fang Xiongman,Yuan Sijun,7,1198,1329,0.32708497904170997,0.41884903571060617,89,41,545,254,79,33,560,260,106,57,391,179,218,116,428,219,4,3,0.0,0.5714285714285714,2647
Ben Woollaston,Thor Chuan Leong,7,1349,1247,0.6364932182719292,0.5634067862621936,601,342,3919,2090,104,35,683,296,188,95,935,490,173,92,485,218,4,3,0.0,0.5714285714285714,2647
Gary Wilson,Sam Baird,7,1353,1285,0.5920814957526257,0.542397940774351,419,242,2748,1483,354,185,2457,1262,223,113,714,371,218,113,721,363,4,1,0.0,0.8,2647
Kyren Wilson,Robert Milkins,7,1566,1405,0.7088291167182063,0.5992881635083561,499,314,3365,1878,864,517,6301,3425,565,342,1536,873,251,141,958,506,4,1,0.0,0.8,2647
Robbie Williams,Allan Taylor,7,1268,1234,0.5463726874746992,0.5212372149662741,371,198,2437,1237,308,143,1857,899,165,73,642,311,134,55,515,221,4,0,0.0,1.0,2647
Mark Williams,Mark King,7,1575,1399,0.726023440718493,0.6082590307465143,1433,942,10820,6220,963,544,7070,3734,430,257,1680,985,302,167,1048,582,4,2,0.0,0.6666666666666666,2647
Liang Wenbo,Alfie Burden,7,1389,1334,0.5747243219334544,0.5343209436693046,616,369,4285,2358,686,369,4975,2555,214,114,1047,571,222,114,666,325,4,3,0.0,0.5714285714285714,2647
Daniel Wells,Lee Walker,7,1309,1377,0.4079185042473741,0.45760205922564895,371,184,2513,1244,482,263,3713,1914,231,118,663,325,213,115,629,308,4,1,0.0,0.8,2647
James Wattana,Zhang Yong,7,1210,1250,0.44549420086403224,0.47502081252106,817,438,6873,3580,116,49,725,316,130,50,471,198,166,78,530,232,4,1,0.0,0.8,2647
Ricky Walden,Li Yuan,7,1442,1115,0.8656564170034025,0.6937054019553982,849,512,6000,3308,58,23,350,151,286,156,1246,657,94,31,211,83,4,1,0.0,0.8,2647
Chris Wakelin,Xiao Guodong,7,1434,1416,0.5245927745980452,0.5112481019468548,199,103,1358,698,448,264,3028,1678,229,131,692,359,238,133,801,449,4,0,0.0,1.0,2647
Soheil Vahedi,Alex Borg,7,1080,1079,0.5013671846516985,0.5006249996744794,37,8,254,95,376,157,2678,1211,104,36,219,82,45,13,331,128,4,0,0.0,1.0,2647
Thepchaiya Un-Nooh,Hossein Vafaei,7,1362,1397,0.4522702554497651,0.47813894602839846,337,193,2448,1295,112,65,875,446,236,124,833,429,158,82,598,307,4,2,0.0,0.6666666666666666,2647
Judd Trump,Duane Jones,7,1599,1149,0.9338901927453024,0.7549149868676283,927,635,6303,3745,173,83,1045,520,387,238,1495,931,116,42,437,173,4,3,0.0,0.5714285714285714,2647
Matthew Stevens,Ken Doherty,7,1377,1265,0.6492231123314619,0.569546223939229,954,557,7395,4019,1137,689,9248,5058,251,134,726,382,154,68,574,276,4,1,0.0,0.8,2647
Craig Steadman,David John,7,1317,1103,0.7670671244589201,0.6306485256510744,455,245,3004,1568,97,41,639,292,215,114,602,292,25,9,204,73,4,1,0.0,0.8,2647
Akani Songsermsawad,Tian Pengfei,7,1323,1365,0.44278839657477087,0.4737740906279313,103,53,797,402,397,224,2669,1425,235,117,729,373,222,119,677,344,4,1,0.0,0.8,2647
Xu Si,Alan McManus,7,1155,1322,0.28422903752276774,0.39711513267253384,53,18,374,154,943,557,7869,4174,118,47,314,132,173,86,729,379,4,0,0.0,1.0,2647
Mark Selby,Christopher Keogan,7,1552,1120,0.9261623827014096,0.7464939833376621,1107,768,8112,4746,147,55,843,376,392,232,1736,1049,50,18,322,128,4,2,0.0,0.6666666666666666,2647
Noppon Saengkham,Ross Muir,7,1400,1237,0.7111524094404451,0.6004882745269664,239,114,1734,842,168,63,1115,493,265,149,813,423,130,53,509,226,4,2,0.0,0.6666666666666666,2647
Neil Robertson,Mark Davis,7,1507,1485,0.5300478260158454,0.513746534902355,939,618,6864,3926,1117,675,7850,4304,390,221,1275,743,269,156,1105,621,4,1,0.0,0.8,2647
Ian Preece,Zhao Xintong,7,1187,1416,0.21778339730367308,0.36066016324693406,217,114,1582,803,170,94,1147,622,25,5,317,144,271,152,698,369,4,2,0.0,0.6666666666666666,2647
Jackson Page,Sean O'Sullivan,7,1182,1120,0.5840920587766287,0.538672605206508,41,22,259,132,211,83,1336,601,105,62,259,132,99,32,438,172,4,3,0.0,0.5714285714285714,2647
Aditya Mehta,Martin O'Donnell,7,1251,1377,0.33325327584718467,0.4218947671156908,287,137,1978,967,332,165,2126,1078,43,20,321,140,259,141,730,382,4,3,0.0,0.5714285714285714,2647
Rory McLeod,Adam Duffy,7,1195,1270,0.3986489708076568,0.45326184801538616,584,314,4373,2244,354,178,2258,1147,167,67,694,319,178,91,557,268,4,2,0.0,0.6666666666666666,2647
Anthony McGill,Basem Eltahhan,7,1382,970,0.9167335033475016,0.7369158958334202,517,315,3358,1842,19,2,127,34,269,135,1128,612,69,17,127,34,4,1,0.0,0.8,2647
Stephen Maguire,Joe Perry,7,1477,1522,0.4387350506415305,0.4719046255916129,960,636,7067,4029,1068,637,7701,4187,351,199,1263,734,374,224,1230,689,4,2,0.0,0.6666666666666666,2647
Kurt Maflin,Jimmy Robertson,7,1292,1340,0.4346885316890212,0.4700359482354282,539,307,3638,1953,491,270,3364,1752,168,81,732,385,284,149,855,457,4,0,0.0,1.0,2647
Jack Lisowski,Mark Joyce,7,1535,1257,0.8273350387178837,0.6670782770956253,456,281,3030,1672,474,250,3417,1736,428,263,1004,575,147,62,714,358,4,3,0.0,0.5714285714285714,2647
Oliver Lines,Eden Sharav,7,1226,1247,0.4713154170628733,0.4868780138177567,204,99,1320,654,158,75,990,466,150,66,553,249,179,83,506,221,4,3,0.0,0.5714285714285714,2647
Ding Junhui,Hammad Miah,7,1525,1233,0.8389762354745806,0.6748052725823135,747,502,5798,3313,156,61,1040,464,373,213,1324,759,174,86,539,246,4,0,0.0,1.0,2647
Jamie Jones,Alexander Ursenbacher,7,1394,1242,0.698260993708389,0.5938731029341427,506,301,3392,1838,117,50,739,338,163,87,670,353,117,49,346,165,4,1,0.0,0.8,2647
Jak Jones,Mei Xiwen,7,1236,1263,0.4631419178202212,0.48313140430861523,194,81,1268,565,112,53,767,375,208,101,450,198,176,84,492,243,4,3,0.0,0.5714285714285714,2647
Michael Holt,Elliot Slessor,7,1369,1326,0.5585634499391967,0.5268491486891144,839,485,6085,3231,177,78,1119,528,221,109,1130,590,168,83,531,256,4,2,0.0,0.6666666666666666,2647
Andrew Higginson,Ashley Hugill,7,1330,1178,0.698260993708389,0.5938731029341427,727,430,5147,2815,115,52,663,311,208,108,722,380,94,35,431,196,4,3,0.0,0.5714285714285714,2647
John Higgins,Matthew Selt,7,1539,1329,0.7629243149475251,0.6283161882953663,1429,1007,11468,6777,572,310,3903,2042,339,188,1486,884,185,95,788,407,4,2,0.0,0.6666666666666666,2647
Barry Hawkins,Niu Zhuang,7,1516,1110,0.9137244350498475,0.7339975165215696,965,600,6974,3885,60,19,375,147,440,250,1439,821,116,46,236,89,4,1,0.0,0.8,2647
Lyu Haotian,Paul Davison,7,1360,1196,0.7123105654940886,0.6010878788483698,128,56,947,444,682,352,4763,2402,231,119,432,219,122,45,485,202,4,2,0.0,0.6666666666666666,2647
Anthony Hamilton,David Gilbert,7,1364,1386,0.4699521739841547,0.486253465097645,853,495,6549,3494,610,350,4420,2368,184,93,761,399,300,162,1133,618,4,3,0.0,0.5714285714285714,2647
Gerard Greene,Shaun Murphy,7,1250,1447,0.2508331787523786,0.37930480863564453,713,380,5307,2758,1057,691,7703,4388,139,62,444,205,254,133,1263,710,4,0,0.0,1.0,2647
David Grace,Rhydian Richards,7,1275,1000,0.8247679763275149,0.665410558746814,328,151,2175,1052,0,0,0,0,104,56,529,261,0,0,0,0,4,3,0.0,0.5714285714285714,2647
Martin Gould,Michael White,7,1406,1256,0.6958878075458884,0.5926665999540697,677,408,4582,2516,500,284,3390,1785,134,73,945,519,212,97,988,497,4,2,0.0,0.6666666666666666,2647
Michael Georgiou,Mitchell Mann,7,1214,1253,0.44684812561516707,0.47564429123179275,228,103,1403,674,248,116,1588,767,153,66,568,269,101,52,533,250,4,0,0.0,1.0,2647
Tom Ford,Rod Lawler,7,1417,1193,0.7772350342961843,0.6364525402815664,627,360,4498,2407,819,436,6222,3201,309,168,916,496,121,47,526,228,4,0,0.0,1.0,2647
Peter Ebdon,Wang Yuchen,7,1412,1094,0.8591236298223967,0.6889039179769546,1092,625,8573,4608,69,19,449,173,232,135,762,407,59,27,286,110,4,1,0.0,0.8,2647
Mike Dunn,Hamza Akbar,7,1281,1042,0.7919725105475417,0.645084137572727,717,378,5285,2716,46,7,317,105,163,79,647,316,85,27,288,96,4,0,0.0,1.0,2647
Kurt Dunham,Ryan Day,7,931,1577,0.01734498338286057,0.16589558609851357,38,3,233,58,995,608,6838,3783,52,17,233,58,425,254,1522,853,4,2,0.0,0.6666666666666666,2647
Graeme Dott,Sanderson Lam,7,1448,1111,0.8726526517869658,0.6989914835090479,877,512,6724,3606,155,59,949,410,274,156,974,516,98,26,430,168,4,0,0.0,1.0,2647
Scott Donaldson,Fergal O'Brien,7,1397,1326,0.5960612197256479,0.5442588584178731,249,126,1683,839,892,506,6718,3529,261,145,693,356,184,87,745,366,4,2,0.0,0.6666666666666666,2647
Yu Delu,Billy Joe Castle,7,1334,1173,0.7088291167182063,0.5992881635083561,273,138,1938,986,59,27,367,172,67,35,514,254,140,61,283,125,4,2,0.0,0.6666666666666666,2647
Dominic Dale,Chris Totten,7,1274,1031,0.7957969165005263,0.647370307581549,929,528,6641,3532,41,9,263,89,164,77,829,429,112,39,240,80,4,0,0.0,1.0,2647
Sam Craigie,Leo Fernandez,7,1367,1155,0.7650010839038448,0.6294831119673949,172,87,1061,548,426,253,3219,1718,168,92,493,243,74,34,153,57,4,0,0.0,1.0,2647
Ali Carter,Rhys Clark,7,1493,1165,0.8663684234920509,0.6942363401080305,934,569,6629,3667,127,52,799,355,310,178,1142,649,53,13,397,161,4,0,0.0,1.0,2647
Stuart Carrington,Peter Lines,7,1360,1300,0.5814204865006773,0.5374298453437496,345,191,2281,1202,787,421,5705,2950,260,131,763,404,160,76,613,304,4,3,0.0,0.5714285714285714,2647
Ian Burns,Jamie Barrett,7,1270,1032,0.7910094256982455,0.6445115537062945,339,172,2166,1092,90,35,522,218,168,79,575,267,83,39,317,115,4,1,0.0,0.8,2647
Luca Brecel,Josh Boileau,7,1386,1083,0.847732715071801,0.6808107108156386,361,207,2521,1356,85,33,501,219,301,160,1081,605,28,12,254,87,4,2,0.0,0.6666666666666666,2647
Nigel Bond,Lukas Kleckers,7,1245,1139,0.641605432096216,0.5658650028954817,871,472,6861,3583,77,29,476,207,143,61,510,224,113,41,324,136,4,2,0.0,0.6666666666666666,2647
Yan Bingtao,Jimmy White,7,1443,1212,0.7841899555246323,0.6404919537233386,144,88,1028,577,1441,799,12290,6434,232,129,799,459,125,47,474,204,4,3,0.0,0.5714285714285714,2647
Stuart Bingham,Chen Zhe,7,1521,1169,0.8826364364142812,0.7068222210935676,1111,708,8069,4603,212,101,1312,634,363,209,1401,819,93,45,335,144,4,1,0.0,0.8,2647
John Astley,Zhang Anda,7,1256,1365,0.3545779913833035,0.43229345192664,207,95,1315,617,325,163,2290,1151,124,51,545,265,234,126,695,360,4,2,0.0,0.6666666666666666,2647
Mark Allen,Cao Yupeng,7,1520,1423,0.6300664956451868,0.5603296426885532,771,502,5405,3054,255,132,1826,931,454,269,1312,755,93,54,532,276,4,2,0.0,0.6666666666666666,2647
Fang Xiongman,Chen Zifan,7,1198,1146,0.5706954446194282,0.5324543063873187,89,41,545,254,78,35,464,207,106,57,391,179,95,26,298,130,4,2,0.0,0.6666666666666666,2647
Ben Woollaston,Anthony McGill,7,1349,1382,0.45498494612477275,0.47938669028555136,601,342,3919,2090,517,315,3358,1842,188,95,935,490,269,135,1128,612,4,3,0.0,0.5714285714285714,2647
Gary Wilson,Daniel Wells,7,1353,1309,0.5599145707304132,0.5274723043445937,419,242,2748,1483,371,184,2513,1244,223,113,714,371,231,118,663,325,4,3,0.0,0.5714285714285714,2647
Kyren Wilson,Rory McLeod,7,1566,1195,0.8944224841553805,0.7165678145577145,499,314,3365,1878,584,314,4373,2244,565,342,1536,873,167,67,694,319,4,0,0.0,1.0,2647
Mark Williams,Aditya Mehta,7,1575,1251,0.86350380276547,0.6921095043017882,1433,942,10820,6220,287,137,1978,967,430,257,1680,985,43,20,321,140,4,3,0.0,0.5714285714285714,2647
Robbie Williams,Ian Preece,7,1268,1187,0.6092484254460553,0.5504527113395278,371,198,2437,1237,217,114,1582,803,165,73,642,311,25,5,317,144,4,0,0.0,1.0,2647
Liang Wenbo,Mark Selby,7,1389,1552,0.2888475905595551,0.3995117254730337,616,369,4285,2358,1107,768,8112,4746,214,114,1047,571,392,232,1736,1049,4,3,0.0,0.5714285714285714,2647
James Wattana,Michael Holt,7,1210,1369,0.29350342132334917,0.40191313966779657,817,438,6873,3580,839,485,6085,3231,130,50,471,198,221,109,1130,590,4,2,0.0,0.6666666666666666,2647
Chris Wakelin,Andrew Higginson,7,1434,1330,0.6390526295107546,0.5646362918030292,199,103,1358,698,727,430,5147,2815,229,131,692,359,208,108,722,380,4,2,0.0,0.6666666666666666,2647
Matthew Stevens,Scott Donaldson,7,1377,1397,0.4726790179572131,0.4875026035157896,954,557,7395,4019,249,126,1683,839,251,134,726,382,261,145,693,356,4,2,0.0,0.6666666666666666,2647
Craig Steadman,Thepchaiya Un-Nooh,7,1317,1362,0.4387350506415305,0.4719046255916129,455,245,3004,1568,337,193,2448,1295,215,114,602,292,236,124,833,429,4,2,0.0,0.6666666666666666,2647
Akani Songsermsawad,Jamie Jones,7,1323,1394,0.4039387802743521,0.4557411415821268,103,53,797,402,506,301,3392,1838,235,117,729,373,163,87,670,353,4,1,0.0,0.8,2647
Xu Si,Michael Georgiou,7,1155,1214,0.41991680863949354,0.46319171001101955,53,18,374,154,228,103,1403,674,118,47,314,132,153,66,568,269,4,2,0.0,0.6666666666666666,2647
Noppon Saengkham,Judd Trump,7,1400,1599,0.24868775230024892,0.3781283576925339,239,114,1734,842,927,635,6303,3745,265,149,813,423,387,238,1495,931,4,1,0.0,0.8,2647
Ronnie O'Sullivan,Graeme Dott,7,1648,1448,0.7523810515908644,0.6224593312018546,1234,947,10783,6597,877,512,6724,3606,339,216,1340,851,274,156,974,516,4,0,0.0,1.0,2647
Jack Lisowski,Lyu Haotian,7,1535,1360,0.7248939369984414,0.6076631698328917,456,281,3030,1672,128,56,947,444,428,263,1004,575,231,119,432,219,4,2,0.0,0.6666666666666666,2647
Liam Highfield,Ding Junhui,7,1392,1525,0.3246315371699399,0.41763245927192055,359,191,2470,1304,747,502,5798,3313,196,106,644,338,373,213,1324,759,4,1,0.0,0.8,2647
John Higgins,Stephen Maguire,7,1539,1477,0.5840920587766287,0.538672605206508,1429,1007,11468,6777,960,636,7067,4029,339,188,1486,884,351,199,1263,734,4,1,0.0,0.8,2647
Barry Hawkins,Tom Ford,7,1516,1417,0.6326419490877371,0.5615610703361955,965,600,6974,3885,627,360,4498,2407,440,250,1439,821,309,168,916,496,4,0,0.0,1.0,2647
Gerard Greene,Stuart Carrington,7,1250,1360,0.35330921996474546,0.4316800165217519,713,380,5307,2758,345,191,2281,1202,139,62,444,205,260,131,763,404,4,3,0.0,0.5714285714285714,2647
David Grace,Jak Jones,7,1275,1236,0.5531518743848329,0.5243557087682073,328,151,2175,1052,194,81,1268,565,104,56,529,261,208,101,450,198,4,0,0.0,1.0,2647
Martin Gould,Ricky Walden,7,1406,1442,0.45091379157772826,0.4775151752081999,677,408,4582,2516,849,512,6000,3308,134,73,945,519,286,156,1246,657,4,3,0.0,0.5714285714285714,2647
Peter Ebdon,Anthony Hamilton,7,1412,1364,0.5653114683109788,0.5299640517645717,1092,625,8573,4608,853,495,6549,3494,232,135,762,407,184,93,761,399,4,1,0.0,0.8,2647
Mike Dunn,Luca Brecel,7,1281,1386,0.3596701363363135,0.43474925243290014,717,378,5285,2716,361,207,2521,1356,163,79,647,316,301,160,1081,605,4,1,0.0,0.8,2647
Yu Delu,Oliver Lines,7,1334,1226,0.644151517953897,0.5670929049654543,273,138,1938,986,204,99,1320,654,67,35,514,254,150,66,553,249,4,2,0.0,0.6666666666666666,2647
Sam Craigie,Kurt Maflin,7,1367,1292,0.6013510291923431,0.5467381519846138,172,87,1061,548,539,307,3638,1953,168,92,493,243,168,81,732,385,4,1,0.0,0.8,2647
Ian Burns,Neil Robertson,7,1270,1507,0.2099564467118895,0.356061444034367,339,172,2166,1092,939,618,6864,3926,168,79,575,267,390,221,1275,743,4,3,0.0,0.5714285714285714,2647
Nigel Bond,Ali Carter,7,1245,1493,0.19948562670059505,0.34978145142617295,871,472,6861,3583,934,569,6629,3667,143,61,510,224,310,178,1142,649,4,3,0.0,0.5714285714285714,2647
Yan Bingtao,Kurt Dunham,7,1443,931,0.9555754864224,0.7824497764231124,144,88,1028,577,38,3,233,58,232,129,799,459,52,17,233,58,4,2,0.0,0.6666666666666666,2647
Stuart Bingham,Jackson Page,7,1521,1182,0.8740190283398156,0.7000424476024744,1111,708,8069,4603,41,22,259,132,363,209,1401,819,105,62,259,132,4,2,0.0,0.6666666666666666,2647
John Astley,Dominic Dale,7,1256,1274,0.47540722540195457,0.4887518980531451,207,95,1315,617,929,528,6641,3532,124,51,545,265,164,77,829,429,4,2,0.0,0.6666666666666666,2647
Mark Allen,Soheil Vahedi,7,1520,1080,0.9296831485170135,0.7502601055951177,771,502,5405,3054,37,8,254,95,454,269,1312,755,104,36,219,82,4,1,0.0,0.8,2647
Gary Wilson,Mark Allen,7,1353,1520,0.28422903752276774,0.39711513267253384,419,242,2748,1483,771,502,5405,3054,223,113,714,371,454,269,1312,755,4,3,0.0,0.5714285714285714,2647
Kyren Wilson,James Wattana,7,1566,1210,0.885196750002571,0.7088901725661199,499,314,3365,1878,817,438,6873,3580,565,342,1536,873,130,50,471,198,4,3,0.0,0.5714285714285714,2647
Liang Wenbo,Robbie Williams,7,1389,1268,0.660530062626431,0.5750535485557879,616,369,4285,2358,371,198,2437,1237,214,114,1047,571,165,73,642,311,4,3,0.0,0.5714285714285714,2647
Matthew Stevens,Stuart Bingham,7,1377,1521,0.31128429594529594,0.41095956594133487,954,557,7395,4019,1111,708,8069,4603,251,134,726,382,363,209,1401,819,4,1,0.0,0.8,2647
Noppon Saengkham,Craig Steadman,7,1400,1317,0.611870456908998,0.5516896693427,239,114,1734,842,455,245,3004,1568,265,149,813,423,215,114,602,292,4,2,0.0,0.6666666666666666,2647
Ronnie O'Sullivan,David Grace,7,1648,1275,0.8956083654896791,0.7175822059302752,1234,947,10783,6597,328,151,2175,1052,339,216,1340,851,104,56,529,261,4,0,0.0,1.0,2647
Liam Highfield,Chris Wakelin,7,1392,1434,0.44278839657477087,0.4737740906279313,359,191,2470,1304,199,103,1358,698,196,106,644,338,229,131,692,359,4,1,0.0,0.8,2647
John Higgins,Sam Craigie,7,1539,1367,0.721490850613204,0.6058736684317606,1429,1007,11468,6777,172,87,1061,548,339,188,1486,884,168,92,493,243,4,0,0.0,1.0,2647
Barry Hawkins,Fang Xiongman,7,1516,1198,0.8591236298223967,0.6889039179769546,965,600,6974,3885,89,41,545,254,440,250,1439,821,106,57,391,179,4,2,0.0,0.6666666666666666,2647
Martin Gould,Mark Williams,7,1406,1575,0.28193392217129976,0.3959186771306219,677,408,4582,2516,1433,942,10820,6220,134,73,945,519,430,257,1680,985,4,2,0.0,0.6666666666666666,2647
Mike Dunn,Xu Si,7,1281,1155,0.6667467241528153,0.5781052328843092,717,378,5285,2716,53,18,374,154,163,79,647,316,118,47,314,132,4,2,0.0,0.6666666666666666,2647
Yu Delu,Ben Woollaston,7,1334,1349,0.47950179614537025,0.4906260984783392,273,138,1938,986,601,342,3919,2090,67,35,514,254,188,95,935,490,4,0,0.0,1.0,2647
Ian Burns,Akani Songsermsawad,7,1270,1323,0.42796070219744664,0.46692337763389535,339,172,2166,1092,103,53,797,402,168,79,575,267,235,117,729,373,4,2,0.0,0.6666666666666666,2647
Nigel Bond,Jack Lisowski,7,1245,1535,0.16265269268634297,0.3262929005454786,871,472,6861,3583,456,281,3030,1672,143,61,510,224,428,263,1004,575,4,3,0.0,0.5714285714285714,2647
Yan Bingtao,Peter Ebdon,7,1443,1412,0.5422981239384312,0.519365308229932,144,88,1028,577,1092,625,8573,4608,232,129,799,459,232,135,762,407,4,1,0.0,0.8,2647
John Astley,Gerard Greene,7,1256,1250,0.5082025098106111,0.5037499296890819,207,95,1315,617,713,380,5307,2758,124,51,545,265,139,62,444,205,4,3,0.0,0.5714285714285714,2647
Gary Wilson,John Astley,7,1353,1256,0.6300664956451868,0.5603296426885532,419,242,2748,1483,207,95,1315,617,223,113,714,371,124,51,545,265,4,2,0.0,0.6666666666666666,2647
Noppon Saengkham,Kyren Wilson,7,1400,1566,0.2853801489272095,0.3977138231113694,239,114,1734,842,499,314,3365,1878,265,149,813,423,565,342,1536,873,4,0,0.0,1.0,2647
Ronnie O'Sullivan,Mike Dunn,7,1648,1281,0.892019728195359,0.7145324397353954,1234,947,10783,6597,717,378,5285,2716,339,216,1340,851,163,79,647,316,4,0,0.0,1.0,2647
John Higgins,Nigel Bond,7,1539,1245,0.8405938136052916,0.6759015277259407,1429,1007,11468,6777,871,472,6861,3583,339,188,1486,884,143,61,510,224,4,0,0.0,1.0,2647
Barry Hawkins,Martin Gould,7,1516,1406,0.6466907800352545,0.5683199834782481,965,600,6974,3885,677,408,4582,2516,440,250,1439,821,134,73,945,519,4,2,0.0,0.6666666666666666,2647
Yu Delu,Liang Wenbo,7,1334,1389,0.42527567806654565,0.4656790563306954,273,138,1938,986,616,369,4285,2358,67,35,514,254,214,114,1047,571,4,1,0.0,0.8,2647
Ian Burns,Liam Highfield,7,1270,1392,0.33822280880876515,0.42433564895745063,339,172,2166,1092,359,191,2470,1304,168,79,575,267,196,106,644,338,4,3,0.0,0.5714285714285714,2647
Yan Bingtao,Matthew Stevens,7,1443,1377,0.589422689021118,0.541156668150228,144,88,1028,577,954,557,7395,4019,232,129,799,459,251,134,726,382,4,2,0.0,0.6666666666666666,2647
Gary Wilson,Yu Delu,9,1353,1334,0.5291961843292591,0.5118727677562528,419,242,2748,1483,273,138,1938,986,223,113,714,371,67,35,514,254,5,2,0.0,0.7142857142857143,2647
Noppon Saengkham,Ian Burns,9,1400,1270,0.6915101683136338,0.5805423048206596,239,114,1734,842,339,172,2166,1092,265,149,813,423,168,79,575,267,5,3,0.0,0.625,2647
John Higgins,Ronnie O'Sullivan,9,1539,1648,0.3373854944584286,0.43229345192664,1429,1007,11468,6777,1234,947,10783,6597,339,188,1486,884,339,216,1340,851,5,1,0.0,0.8333333333333334,2647
Barry Hawkins,Yan Bingtao,9,1516,1443,0.6107426198208319,0.5454987872127821,965,600,6974,3885,144,88,1028,577,440,250,1439,821,232,129,799,459,5,1,0.0,0.8333333333333334,2647
John Higgins,Gary Wilson,11,1539,1353,0.7838851580228863,0.6141996427768951,1429,1007,11468,6777,419,242,2748,1483,339,188,1486,884,223,113,714,371,6,2,0.0,0.75,2647
Barry Hawkins,Noppon Saengkham,11,1516,1400,0.6883260125487248,0.5719961329315186,965,600,6974,3885,239,114,1734,842,440,250,1439,821,265,149,813,423,6,4,0.0,0.6,2647
John Higgins,Barry Hawkins,17,1539,1516,0.5478717862637462,0.5143710406970602,1429,1007,11468,6777,965,600,6974,3885,339,188,1486,884,440,250,1439,821,9,7,0.0,0.5625,2647
Michael White,Judd Trump,7,1252,1572,0.13940518288643433,0.31002551887238755,501,284,3396,1787,929,636,6315,3750,218,99,994,499,399,243,1507,936,4,1,0.0,0.8,2646
Mark Selby,Jimmy Robertson,7,1539,1323,0.7691223962231968,0.6318124177361016,1109,769,8125,4753,492,270,3368,1752,405,239,1749,1056,288,149,859,457,4,3,0.0,0.5714285714285714,2646
Neil Robertson,David Gilbert,7,1506,1381,0.6655072126279344,0.5774953651858118,941,619,6876,3933,611,350,4427,2371,402,228,1287,750,307,165,1140,621,4,1,0.0,0.8,2646
Joe Perry,Graeme Dott,7,1513,1446,0.5907526477758748,0.5417773692836367,1069,637,7707,4189,879,513,6732,3610,380,226,1236,691,282,160,982,520,4,2,0.0,0.6666666666666666,2646
Ronnie O'Sullivan,Robert Milkins,7,1659,1397,0.8133483117002799,0.6581363150480182,1238,950,10801,6610,865,517,6306,3426,357,229,1358,864,256,142,963,507,4,0,0.0,1.0,2646
Shaun Murphy,Ricky Walden,7,1427,1441,0.48086718764462183,0.4912508931197597,1058,691,7707,4388,851,513,6012,3315,258,133,1267,710,298,163,1258,664,4,1,0.0,0.8,2646
Anthony McGill,Cao Yupeng,7,1380,1418,0.44820271004203943,0.4762678458734389,519,316,3370,1849,256,132,1832,933,281,142,1140,619,99,56,538,278,4,1,0.0,0.8,2646
Stephen Maguire,Li Hang,7,1475,1287,0.7393846765226212,0.6153837563911821,962,637,7078,4034,273,141,1973,1018,362,204,1274,739,164,79,719,373,4,0,0.0,1.0,2646
Jack Lisowski,Ryan Day,7,1520,1553,0.45498494612477275,0.47938669028555136,459,283,3050,1683,996,608,6844,3785,448,274,1024,586,431,256,1528,855,4,3,0.0,0.5714285714285714,2646
Ding Junhui,Mark King,7,1519,1396,0.6630224339222315,0.5762749224932653,749,503,5807,3318,964,544,7076,3736,382,218,1333,764,308,169,1054,584,4,1,0.0,0.8,2646
Mark Joyce,Kyren Wilson,7,1262,1557,0.15860165092898523,0.3235510666515204,475,250,3424,1739,503,317,3385,1890,154,65,721,361,585,354,1556,885,4,3,0.0,0.5714285714285714,2646
John Higgins,Ali Carter,7,1606,1490,0.6542665688127887,0.5719961329315186,1436,1014,11517,6813,936,570,6640,3674,388,224,1535,920,321,185,1153,656,4,3,0.0,0.5714285714285714,2646
Xiao Guodong,Mark Allen,7,1400,1517,0.34447706088090824,0.42739193613673987,449,264,3032,1678,774,504,5423,3065,242,133,805,449,472,280,1330,766,4,3,0.0,0.5714285714285714,2646
Michael Georgiou,Luca Brecel,7,1221,1371,0.3041121924541114,0.40733340004593027,230,104,1413,680,363,208,2532,1361,163,72,578,275,312,165,1092,610,4,0,0.0,1.0,2646
Yan Bingtao,Martin Gould,7,1440,1423,0.5232282019769063,0.5106234010049637,149,92,1058,594,681,411,4607,2530,262,146,829,476,159,87,970,533,4,2,0.0,0.6666666666666666,2646
Stuart Bingham,Mark Williams,7,1508,1558,0.43199486323846364,0.46879062662624377,1114,710,8085,4612,1436,944,10839,6230,379,218,1417,828,449,267,1699,995,4,2,0.0,0.6666666666666666,2646
Michael White,Joe Perry,7,1252,1513,0.18755000502737473,0.3424263893835775,501,284,3396,1787,1069,637,7707,4189,218,99,994,499,380,226,1236,691,4,0,0.0,1.0,2646
Mark Selby,Neil Robertson,7,1539,1506,0.5450150538752272,0.5206133097144486,1109,769,8125,4753,941,619,6876,3933,405,239,1749,1056,402,228,1287,750,4,0,0.0,1.0,2646
Ronnie O'Sullivan,Yan Bingtao,7,1659,1440,0.7721850273226749,0.633555377636775,1238,950,10801,6610,149,92,1058,594,357,229,1358,864,262,146,829,476,4,3,0.0,0.5714285714285714,2646
Shaun Murphy,Jack Lisowski,7,1427,1520,0.37510296628937845,0.4421354272792655,1058,691,7707,4388,459,283,3050,1683,258,133,1267,710,448,274,1024,586,4,2,0.0,0.6666666666666666,2646
Anthony McGill,Stuart Bingham,7,1380,1508,0.33078006904137963,0.42067574785125056,519,316,3370,1849,1114,710,8085,4612,281,142,1140,619,379,218,1417,828,4,1,0.0,0.8,2646
Stephen Maguire,Michael Georgiou,7,1475,1221,0.8060824586598727,0.653622330899504,962,637,7078,4034,230,104,1413,680,362,204,1274,739,163,72,578,275,4,3,0.0,0.5714285714285714,2646
Ding Junhui,Mark Joyce,7,1519,1262,0.8088283859322067,0.655318370173895,749,503,5807,3318,475,250,3424,1739,382,218,1333,764,154,65,721,361,4,1,0.0,0.8,2646
Xiao Guodong,John Higgins,7,1400,1606,0.24126123991548545,0.37402214223339625,449,264,3032,1678,1436,1014,11517,6813,242,133,805,449,388,224,1535,920,4,3,0.0,0.5714285714285714,2646
Mark Selby,Michael White,9,1539,1252,0.8633002845321215,0.6720562626502714,1109,769,8125,4753,501,284,3396,1787,405,239,1749,1056,218,99,994,499,5,2,0.0,0.7142857142857143,2646
Ronnie O'Sullivan,Xiao Guodong,9,1659,1400,0.8389743547486134,0.6564468724566059,1238,950,10801,6610,449,264,3032,1678,357,229,1358,864,242,133,805,449,5,0,0.0,1.0,2646
Stephen Maguire,Shaun Murphy,9,1475,1427,0.5733876953909138,0.5299640517645717,962,637,7078,4034,1058,691,7707,4388,362,204,1274,739,258,133,1267,710,5,2,0.0,0.7142857142857143,2646
Ding Junhui,Anthony McGill,9,1519,1380,0.7035360054960305,0.5860112044388707,749,503,5807,3318,519,316,3370,1849,382,218,1333,764,281,142,1140,619,5,3,0.0,0.625,2646
Ronnie O'Sullivan,Stephen Maguire,11,1659,1475,0.7814232040915076,0.6130141761393355,1238,950,10801,6610,962,637,7078,4034,357,229,1358,864,362,204,1274,739,6,4,0.0,0.6,2646
Ding Junhui,Mark Selby,11,1519,1539,0.4662043565600015,0.4875026035157896,749,503,5807,3318,1109,769,8125,4753,382,218,1333,764,405,239,1749,1056,6,5,0.0,0.5454545454545454,2646
Ronnie O'Sullivan,Ding Junhui,19,1659,1519,0.7796382096421529,0.5866175789173301,1238,950,10801,6610,749,503,5807,3318,357,229,1358,864,382,218,1333,764,10,3,0.0,0.7692307692307693,2646
Cao Yupeng,Oliver Lines,1,1405,1226,0.610044672404527,0.610044672404527,257,132,1837,934,206,100,1333,660,104,57,543,279,163,72,566,255,1,0,0.0,1.0,2624
Zhang Yong,Jamie Barrett,1,1237,1026,0.6288998381516232,0.6288998381516232,117,49,730,317,91,35,527,219,171,79,535,233,88,40,322,116,1,0,0.0,1.0,2624
Mei Xiwen,Eden Sharav,1,1258,1242,0.5099986668799655,0.5099986668799655,113,53,774,378,159,75,997,469,183,87,499,246,186,86,513,224,1,0,0.0,1.0,2624
Gary Wilson,Lukas Kleckers,1,1385,1134,0.6519223788927313,0.6519223788927313,425,247,2788,1506,78,29,482,209,263,136,754,394,119,43,330,138,1,0,0.0,1.0,2624
Mark Williams,Li Hang,1,1549,1275,0.6648537304059736,0.6648537304059736,1437,944,10845,6232,274,141,1977,1018,455,269,1705,997,168,79,723,373,1,0,0.0,1.0,2624
Michael Williams,Christopher Keogan,1,1110,1124,0.4912508931197597,0.4912508931197597,63,33,320,173,148,55,849,378,29,13,140,78,56,20,328,130,1,0,0.0,1.0,2624
Michael White,Andrew Higginson,1,1290,1325,0.47813894602839846,0.47813894602839846,504,286,3412,1797,729,431,5160,2821,234,109,1010,509,221,114,735,386,1,0,0.0,1.0,2624
Jimmy White,Anthony Hamilton,1,1216,1358,0.41217046151748854,0.41217046151748854,1442,799,12297,6437,855,496,6561,3499,132,50,481,207,196,98,773,404,1,0,0.0,1.0,2624
James Wattana,Zhang Anda,1,1243,1354,0.43106679063045344,0.43106679063045344,820,440,6891,3591,326,163,2296,1153,148,61,489,209,240,128,701,362,1,0,0.0,1.0,2624
Ricky Walden,Kyren Wilson,1,1429,1543,0.4292283881055083,0.4292283881055083,852,513,6017,3316,504,317,3392,1893,303,164,1263,665,592,357,1563,888,1,0,0.0,1.0,2624
Ross Vallance,Alan McManus,1,1006,1303,0.32245770467253076,0.32245770467253076,25,10,133,57,944,557,7873,4174,0,0,66,33,177,86,733,379,1,0,0.0,1.0,2624
Alexander Ursenbacher,Jack Lisowski,1,1234,1514,0.3318122278318339,0.3318122278318339,118,50,744,339,461,284,3063,1689,122,50,351,166,461,280,1037,592,1,0,0.0,1.0,2624
Allan Taylor,Ian Burns,1,1219,1303,0.4476920904256748,0.4476920904256748,309,143,1861,899,344,176,2199,1111,138,55,519,221,201,98,608,286,1,0,0.0,1.0,2624
Joe Swail,Sam Baird,1,1236,1275,0.47564429123179275,0.47564429123179275,854,454,6635,3435,355,185,2462,1263,139,63,565,268,223,114,726,364,1,0,0.0,1.0,2624
Matthew Stevens,Zhao Xintong,1,1403,1401,0.5012499973958399,0.5012499973958399,958,560,7417,4033,171,94,1153,624,273,148,748,396,277,154,704,371,1,0,0.0,1.0,2624
Elliot Slessor,Sanderson Lam,1,1319,1101,0.6329747766804606,0.6329747766804606,178,78,1125,530,156,59,953,410,174,85,537,258,102,26,434,168,1,0,0.0,1.0,2624
Matthew Selt,Dominic Dale,1,1327,1276,0.5318318894162242,0.5318318894162242,573,310,3909,2044,931,529,6651,3538,191,97,794,409,174,83,839,435,1,0,0.0,1.0,2624
Noppon Saengkham,Paul Davison,1,1444,1193,0.6519223788927313,0.6519223788927313,245,119,1773,867,683,352,4769,2404,304,174,852,448,128,47,491,204,1,0,0.0,1.0,2624
Ian Preece,Oliver Brown,1,1188,1209,0.4868780138177567,0.4868780138177567,219,115,1592,807,188,87,1022,492,35,9,327,148,58,31,213,114,1,0,0.0,1.0,2624
Joe Perry,Hammad Miah,1,1498,1223,0.665410558746814,0.665410558746814,1071,638,7717,4193,157,61,1044,464,390,230,1246,695,178,86,543,246,1,0,0.0,1.0,2624
Tian Pengfei,Wayne Brown,1,1352,1095,0.655318370173895,0.655318370173895,398,224,2674,1426,292,162,2239,1157,227,120,682,345,12,7,88,41,1,0,0.0,1.0,2624
Sean O'Sullivan,Niu Zhuang,1,1118,1107,0.5068745667645342,0.5068745667645342,212,83,1343,604,61,19,380,148,106,35,445,175,121,47,241,90,1,0,0.0,1.0,2624
Martin O'Donnell,Mitchell Mann,1,1369,1236,0.5823675407280794,0.5823675407280794,333,165,2133,1081,249,116,1592,767,266,144,737,385,105,52,537,250,1,0,0.0,1.0,2624
Fergal O'Brien,William Lemons,1,1320,1054,0.660382673079216,0.660382673079216,893,506,6724,3531,45,19,265,122,190,89,751,368,28,14,89,44,1,0,0.0,1.0,2624
Robert Milkins,Alfie Burden,1,1386,1332,0.5336988354329009,0.5336988354329009,866,517,6310,3426,687,369,4982,2558,260,142,967,507,229,117,673,328,1,0,0.0,1.0,2624
Peter Lines,Chen Zifan,1,1298,1156,0.5878295384825115,0.5878295384825115,788,421,5712,2953,80,36,475,213,167,79,620,307,106,32,309,136,1,0,0.0,1.0,2624
David Lilley,Chen Zhe,1,1290,1165,0.5774953651858118,0.5774953651858118,100,58,617,333,213,101,1317,635,188,99,341,184,98,46,340,145,1,0,0.0,1.0,2624
Rod Lawler,Charlie Walters,1,1181,1090,0.5566309599222533,0.5566309599222533,820,436,6226,3201,107,45,587,273,125,47,530,228,55,26,174,89,1,0,0.0,1.0,2624
Mark King,Ashley Carty,1,1387,1238,0.5920629281648192,0.5920629281648192,965,544,7081,3737,145,76,848,439,313,170,1059,585,150,73,270,141,1,0,0.0,1.0,2624
Jamie Jones,Lewis Roberts,1,1388,1079,0.6840614456522569,0.6840614456522569,508,302,3402,1843,74,31,487,232,173,92,680,358,0,0,31,18,1,0,0.0,1.0,2624
Jak Jones,Kurt Maflin,1,1226,1299,0.45450121278721795,0.45450121278721795,196,82,1279,569,541,308,3647,1958,219,105,461,202,177,86,741,390,1,0,0.0,1.0,2624
Duane Jones,Ben Woollaston,1,1159,1338,0.38995532759547297,0.38995532759547297,174,83,1052,523,604,344,3937,2098,123,45,444,176,206,103,953,498,1,0,0.0,1.0,2624
Kuldesh Johal,Wang Yuchen,1,1184,1090,0.5584811124381613,0.5584811124381613,218,124,1438,769,70,19,454,174,68,37,152,81,64,28,291,111,1,0,0.0,1.0,2624
Ashley Hugill,Ben Jones,1,1179,1073,0.5658650028954817,0.5658650028954817,116,52,670,314,96,48,494,246,101,38,438,199,38,16,155,79,1,0,0.0,1.0,2624
Michael Holt,Ryan Day,1,1363,1548,0.3863929221952217,0.3863929221952217,841,486,6097,3237,997,608,6851,3788,233,115,1142,596,438,259,1535,858,1,0,0.0,1.0,2624
Liam Highfield,Fang Xiongman,1,1413,1215,0.6212835951910678,0.6212835951910678,362,193,2487,1315,92,43,564,264,213,117,661,349,125,67,410,189,1,0,0.0,1.0,2624
Barry Hawkins,Shaun Murphy,1,1549,1439,0.5683199834782481,0.5683199834782481,972,606,7027,3919,1061,693,7725,4398,493,284,1492,855,276,143,1285,720,1,0,0.0,1.0,2624
Lyu Haotian,Xu Si,1,1360,1180,0.610639233949222,0.610639233949222,130,57,959,450,56,20,390,164,243,125,444,225,134,57,330,142,1,0,0.0,1.0,2624
Xiao Guodong,David Grace,1,1405,1276,0.5799334001885058,0.5799334001885058,452,266,3051,1686,331,153,2190,1060,261,141,824,457,119,64,544,269,1,0,0.0,1.0,2624
Gerard Greene,Zhou Yuelong,1,1273,1352,0.45078487089866653,0.45078487089866653,716,382,5325,2769,207,117,1433,761,157,73,462,216,290,154,866,465,1,0,0.0,1.0,2624
Martin Gould,Ken Doherty,1,1416,1256,0.598687660112452,0.598687660112452,682,411,4613,2532,1138,689,9253,5059,165,89,976,535,159,69,579,277,1,0,0.0,1.0,2624
David Gilbert,Adam Duffy,1,1372,1260,0.569546223939229,0.569546223939229,612,350,4432,2372,355,178,2264,1149,312,166,1145,622,184,93,563,270,1,0,0.0,1.0,2624
Michael Georgiou,Thor Chuan Leong,1,1244,1247,0.498125008789013,0.498125008789013,232,105,1424,687,105,35,690,299,174,79,589,282,180,95,492,221,1,0,0.0,1.0,2624
Tom Ford,Mark Allen,1,1415,1509,0.44151888756183866,0.44151888756183866,629,361,4506,2411,775,504,5430,3068,317,172,924,500,479,283,1337,769,1,0,0.0,1.0,2624
Basem Eltahhan,Li Yuan,1,967,1111,0.41095956594133487,0.41095956594133487,20,2,132,35,59,23,355,152,74,18,132,35,99,32,216,84,1,0,0.0,1.0,2624
Peter Ebdon,Soheil Vahedi,1,1415,1094,0.6905090012275708,0.6905090012275708,1095,627,8588,4617,39,9,263,100,247,144,777,416,113,41,228,87,1,0,0.0,1.0,2624
Mike Dunn,David John,1,1301,1096,0.6253923497205511,0.6253923497205511,721,381,5304,2728,98,41,644,293,182,91,666,328,30,10,209,74,1,0,0.0,1.0,2624
Kurt Dunham,Chris Totten,1,960,1020,0.46257015465625045,0.46257015465625045,40,4,245,64,42,9,267,89,64,23,245,64,116,39,244,80,1,0,0.0,1.0,2624
Graeme Dott,Yan Bingtao,1,1440,1451,0.4931254332354657,0.4931254332354657,880,513,6738,3612,151,93,1071,601,288,162,988,522,275,153,842,483,1,0,0.0,1.0,2624
Scott Donaldson,Yuan Sijun,1,1394,1320,0.5461185410457796,0.5461185410457796,251,127,1695,845,80,33,567,263,273,151,705,362,225,119,435,222,1,0,0.0,1.0,2624
Mark Davis,Anthony McGill,1,1474,1405,0.5430183807243099,0.5430183807243099,1118,675,7855,4305,522,318,3388,1860,274,157,1110,622,299,153,1158,630,1,0,0.0,1.0,2624
Alex Davies,Mark Joyce,1,1175,1270,0.440902528097607,0.440902528097607,232,116,1429,710,477,251,3436,1744,17,7,90,48,166,70,733,366,1,0,0.0,1.0,2624
Billy Joe Castle,Chris Wakelin,1,1170,1441,0.33681950490064355,0.33681950490064355,60,27,373,174,202,105,1373,707,146,63,289,127,244,140,707,368,1,0,0.0,1.0,2624
Ali Carter,Craig Steadman,1,1490,1328,0.5998883688639983,0.5998883688639983,937,570,6647,3677,458,247,3021,1578,328,188,1160,659,232,124,619,302,1,0,0.0,1.0,2624
Stuart Carrington,Lee Walker,1,1355,1363,0.4950001666600003,0.4950001666600003,347,192,2295,1209,483,263,3718,1915,274,138,777,411,218,116,634,309,1,0,0.0,1.0,2624
James Cahill,Rory McLeod,1,1278,1196,0.551071269307342,0.551071269307342,173,69,1085,491,586,315,4383,2248,182,109,419,213,177,71,704,323,1,0,0.0,1.0,2624
Luca Brecel,Jimmy Robertson,1,1352,1326,0.5162442810620724,0.5162442810620724,364,208,2536,1361,493,270,3375,1755,316,165,1096,610,295,152,866,460,1,0,0.0,1.0,2624
Alex Borg,Daniel Wells,1,1063,1320,0.34468162982610484,0.34468162982610484,377,157,2682,1211,373,185,2525,1251,49,13,335,128,243,125,675,332,1,0,0.0,1.0,2624
Nigel Bond,Leo Fernandez,1,1266,1143,0.5762749224932653,0.5762749224932653,875,475,6885,3595,427,253,3223,1718,167,73,534,236,78,34,157,57,1,0,0.0,1.0,2624
Josh Boileau,Daniel Ward,1,1084,1199,0.42861601832306767,0.42861601832306767,86,33,507,221,118,68,670,380,34,14,260,89,29,15,104,58,1,0,0.0,1.0,2624
Stuart Bingham,James Silverwood,1,1502,992,0.7815974639023655,0.7815974639023655,1116,711,8096,4617,80,25,431,176,390,223,1428,833,20,8,77,40,1,0,0.0,1.0,2624
John Astley,Ross Muir,1,1275,1234,0.5256025883246178,0.5256025883246178,211,98,1340,631,169,63,1121,495,149,65,570,279,136,55,515,228,1,0,0.0,1.0,2624
Hamza Akbar,Jamie Cope,1,1031,1255,0.36354745971843366,0.36354745971843366,47,7,321,105,573,308,3861,1974,89,27,292,96,104,63,362,183,1,0,0.0,1.0,2624
Cao Yupeng,Josh Boileau,1,1405,1084,0.6905090012275708,0.6905090012275708,257,132,1837,934,86,33,507,221,104,57,543,279,34,14,260,89,1,0,0.0,1.0,2624
Zhang Yong,Ross Vallance,1,1237,1006,0.6404919537233386,0.6404919537233386,117,49,730,317,25,10,133,57,171,79,535,233,0,0,66,33,1,0,0.0,1.0,2624
Mark Williams,James Wattana,1,1549,1243,0.6824383021930648,0.6824383021930648,1437,944,10845,6232,820,440,6891,3591,455,269,1705,997,148,61,489,209,1,0,0.0,1.0,2624
Ricky Walden,Fergal O'Brien,1,1429,1320,0.5677065480733601,0.5677065480733601,852,513,6017,3316,893,506,6724,3531,303,164,1263,665,190,89,751,368,1,0,0.0,1.0,2624
Allan Taylor,Duane Jones,1,1219,1159,0.5374298453437496,0.5374298453437496,309,143,1861,899,174,83,1052,523,138,55,519,221,123,45,444,176,1,0,0.0,1.0,2624
Matthew Stevens,David Lilley,1,1403,1290,0.5701590253818352,0.5701590253818352,958,560,7417,4033,100,58,617,333,273,148,748,396,188,99,341,184,1,0,0.0,1.0,2624
Akani Songsermsawad,David Gilbert,1,1340,1372,0.48001065984441826,0.48001065984441826,106,55,813,412,612,350,4432,2372,251,127,745,383,312,166,1145,622,1,0,0.0,1.0,2624
Elliot Slessor,Michael Williams,1,1319,1110,0.6277321638605189,0.6277321638605189,178,78,1125,530,63,33,320,173,174,85,537,258,29,13,140,78,1,0,0.0,1.0,2624
Joe Perry,Gary Wilson,1,1498,1385,0.5701590253818352,0.5701590253818352,1071,638,7717,4193,425,247,2788,1506,390,230,1246,695,263,136,754,394,1,0,0.0,1.0,2624
Tian Pengfei,Mark King,1,1352,1387,0.47813894602839846,0.47813894602839846,398,224,2674,1426,965,544,7081,3737,227,120,682,345,313,170,1059,585,1,0,0.0,1.0,2624
Sean O'Sullivan,Peter Ebdon,1,1118,1415,0.32245770467253076,0.32245770467253076,212,83,1343,604,1095,627,8588,4617,106,35,445,175,247,144,777,416,1,0,0.0,1.0,2624
Martin O'Donnell,Noppon Saengkham,1,1369,1444,0.45326184801538616,0.45326184801538616,333,165,2133,1081,245,119,1773,867,266,144,737,385,304,174,852,448,1,0,0.0,1.0,2624
Rod Lawler,Alexander Ursenbacher,1,1181,1234,0.46692337763389535,0.46692337763389535,820,436,6226,3201,118,50,744,339,125,47,530,228,122,50,351,166,1,0,0.0,1.0,2624
Jamie Jones,Michael White,1,1388,1290,0.5609454503247162,0.5609454503247162,508,302,3402,1843,504,286,3412,1797,173,92,680,358,234,109,1010,509,1,0,0.0,1.0,2624
Ashley Hugill,Michael Holt,1,1179,1363,0.38698582386066455,0.38698582386066455,116,52,670,314,841,486,6097,3237,101,38,438,199,233,115,1142,596,1,0,0.0,1.0,2624
Barry Hawkins,Alex Davies,1,1549,1175,0.7180885751833498,0.7180885751833498,972,606,7027,3919,232,116,1429,710,493,284,1492,855,17,7,90,48,1,0,0.0,1.0,2624
Gerard Greene,Liam Highfield,1,1273,1413,0.41338242108267,0.41338242108267,716,382,5325,2769,362,193,2487,1315,157,73,462,216,213,117,661,349,1,0,0.0,1.0,2624
Martin Gould,John Astley,1,1416,1275,0.587223690839335,0.587223690839335,682,411,4613,2532,211,98,1340,631,165,89,976,535,149,65,570,279,1,0,0.0,1.0,2624
Michael Georgiou,Jak Jones,1,1244,1226,0.5112481019468548,0.5112481019468548,232,105,1424,687,196,82,1279,569,174,79,589,282,219,105,461,202,1,0,0.0,1.0,2624
Tom Ford,Xiao Guodong,1,1415,1405,0.5062496744995104,0.5062496744995104,629,361,4506,2411,452,266,3051,1686,317,172,924,500,261,141,824,457,1,0,0.0,1.0,2624
Mike Dunn,Kuldesh Johal,1,1301,1184,0.5726080638632601,0.5726080638632601,721,381,5304,2728,218,124,1438,769,182,91,666,328,68,37,152,81,1,0,0.0,1.0,2624
Kurt Dunham,Lyu Haotian,1,960,1360,0.2689414213699951,0.2689414213699951,40,4,245,64,130,57,959,450,64,23,245,64,243,125,444,225,1,0,0.0,1.0,2624
Graeme Dott,James Cahill,1,1440,1278,0.5998883688639983,0.5998883688639983,880,513,6738,3612,173,69,1085,491,288,162,988,522,182,109,419,213,1,0,0.0,1.0,2624
Mark Davis,Basem Eltahhan,1,1474,967,0.7803144887848326,0.7803144887848326,1118,675,7855,4305,20,2,132,35,274,157,1110,622,74,18,132,35,1,0,0.0,1.0,2624
Billy Joe Castle,Jimmy White,1,1170,1216,0.4712816430485603,0.4712816430485603,60,27,373,174,1442,799,12297,6437,146,63,289,127,132,50,481,207,1,0,0.0,1.0,2624
Ali Carter,Joe Swail,1,1490,1236,0.653622330899504,0.653622330899504,937,570,6647,3677,854,454,6635,3435,328,188,1160,659,139,63,565,268,1,0,0.0,1.0,2624
Stuart Carrington,Ian Preece,1,1355,1188,0.6028848673274662,0.6028848673274662,347,192,2295,1209,219,115,1592,807,274,138,777,411,35,9,327,148,1,0,0.0,1.0,2624
Luca Brecel,Mei Xiwen,1,1352,1258,0.5584811124381613,0.5584811124381613,364,208,2536,1361,113,53,774,378,316,165,1096,610,183,87,499,246,1,0,0.0,1.0,2624
Alex Borg,Matthew Selt,1,1063,1327,0.34073961154861454,0.34073961154861454,377,157,2682,1211,573,310,3909,2044,49,13,335,128,191,97,794,409,1,0,0.0,1.0,2624
Nigel Bond,Peter Lines,1,1266,1298,0.48001065984441826,0.48001065984441826,875,475,6885,3595,788,421,5712,2953,167,73,534,236,167,79,620,307,1,0,0.0,1.0,2624
Stuart Bingham,Scott Donaldson,1,1502,1394,0.5670929049654543,0.5670929049654543,1116,711,8096,4617,251,127,1695,845,390,223,1428,833,273,151,705,362,1,0,0.0,1.0,2624
Hamza Akbar,Robert Milkins,1,1031,1386,0.291626008967673,0.291626008967673,47,7,321,105,866,517,6310,3426,89,27,292,96,260,142,967,507,1,0,0.0,1.0,2624
Cao Yupeng,Hamza Akbar,1,1405,1031,0.7180885751833498,0.7180885751833498,257,132,1837,934,47,7,321,105,104,57,543,279,89,27,292,96,1,0,0.0,1.0,2624
Zhang Yong,Mike Dunn,1,1237,1301,0.46008511544443426,0.46008511544443426,117,49,730,317,721,381,5304,2728,171,79,535,233,182,91,666,328,1,0,0.0,1.0,2624
Mark Williams,Allan Taylor,1,1549,1219,0.6952966693475653,0.6952966693475653,1437,944,10845,6232,309,143,1861,899,455,269,1705,997,138,55,519,221,1,0,0.0,1.0,2624
Akani Songsermsawad,Alex Borg,1,1340,1063,0.6665228332551123,0.6665228332551123,106,55,813,412,377,157,2682,1211,251,127,745,383,49,13,335,128,1,0,0.0,1.0,2624
Joe Perry,Tian Pengfei,1,1498,1352,0.5902502519301834,0.5902502519301834,1071,638,7717,4193,398,224,2674,1426,390,230,1246,695,227,120,682,345,1,0,0.0,1.0,2624
Martin O'Donnell,Ricky Walden,1,1369,1429,0.46257015465625045,0.46257015465625045,333,165,2133,1081,852,513,6017,3316,266,144,737,385,303,164,1263,665,1,0,0.0,1.0,2624
Jamie Jones,Rod Lawler,1,1388,1181,0.6265629971237182,0.6265629971237182,508,302,3402,1843,820,436,6226,3201,173,92,680,358,125,47,530,228,1,0,0.0,1.0,2624
Barry Hawkins,Kurt Dunham,1,1549,960,0.8134370763546754,0.8134370763546754,972,606,7027,3919,40,4,245,64,493,284,1492,855,64,23,245,64,1,0,0.0,1.0,2624
Gerard Greene,Sean O'Sullivan,1,1273,1118,0.5956807306078472,0.5956807306078472,716,382,5325,2769,212,83,1343,604,157,73,462,216,106,35,445,175,1,0,0.0,1.0,2624
Michael Georgiou,Luca Brecel,1,1244,1352,0.4329070950345457,0.4329070950345457,232,105,1424,687,364,208,2536,1361,174,79,589,282,316,165,1096,610,1,0,0.0,1.0,2624
Tom Ford,Martin Gould,1,1415,1416,0.4993750003255206,0.4993750003255206,629,361,4506,2411,682,411,4613,2532,317,172,924,500,165,89,976,535,1,0,0.0,1.0,2624
Graeme Dott,Ashley Hugill,1,1440,1179,0.6575736106164225,0.6575736106164225,880,513,6738,3612,116,52,670,314,288,162,988,522,101,38,438,199,1,0,0.0,1.0,2624
Mark Davis,Ali Carter,1,1474,1490,0.4900013331200346,0.4900013331200346,1118,675,7855,4305,937,570,6647,3677,274,157,1110,622,328,188,1160,659,1,0,0.0,1.0,2624
Stuart Carrington,Billy Joe Castle,1,1355,1170,0.6136070778047783,0.6136070778047783,347,192,2295,1209,60,27,373,174,274,138,777,411,146,63,289,127,1,0,0.0,1.0,2624
Nigel Bond,Matthew Stevens,1,1266,1403,0.415202325282263,0.415202325282263,875,475,6885,3595,958,560,7417,4033,167,73,534,236,273,148,748,396,1,0,0.0,1.0,2624
Stuart Bingham,Elliot Slessor,1,1502,1319,0.6124209393479161,0.6124209393479161,1116,711,8096,4617,178,78,1125,530,390,223,1428,833,174,85,537,258,1,0,0.0,1.0,2624
Cao Yupeng,Gerard Greene,1,1405,1273,0.5817593768418363,0.5817593768418363,257,132,1837,934,716,382,5325,2769,104,57,543,279,157,73,462,216,1,0,0.0,1.0,2624
Zhang Yong,Stuart Carrington,1,1237,1355,0.42678022732016513,0.42678022732016513,117,49,730,317,347,192,2295,1209,171,79,535,233,274,138,777,411,1,0,0.0,1.0,2624
Akani Songsermsawad,Tom Ford,1,1340,1415,0.45326184801538616,0.45326184801538616,106,55,813,412,629,361,4506,2411,251,127,745,383,317,172,924,500,1,0,0.0,1.0,2624
Joe Perry,Mark Williams,1,1498,1549,0.4681681105837757,0.4681681105837757,1071,638,7717,4193,1437,944,10845,6232,390,230,1246,695,455,269,1705,997,1,0,0.0,1.0,2624
Martin O'Donnell,Jamie Jones,1,1369,1388,0.4881272322437472,0.4881272322437472,333,165,2133,1081,508,302,3402,1843,266,144,737,385,173,92,680,358,1,0,0.0,1.0,2624
Michael Georgiou,Nigel Bond,1,1244,1266,0.486253465097645,0.486253465097645,232,105,1424,687,875,475,6885,3595,174,79,589,282,167,73,534,236,1,0,0.0,1.0,2624
Graeme Dott,Barry Hawkins,1,1440,1549,0.43229345192664,0.43229345192664,880,513,6738,3612,972,606,7027,3919,288,162,988,522,493,284,1492,855,1,0,0.0,1.0,2624
Mark Davis,Stuart Bingham,1,1474,1502,0.48250714233361025,0.48250714233361025,1118,675,7855,4305,1116,711,8096,4617,274,157,1110,622,390,223,1428,833,1,0,0.0,1.0,2624
Martin O'Donnell,Akani Songsermsawad,1,1369,1340,0.5181170650431814,0.5181170650431814,333,165,2133,1081,106,55,813,412,266,144,737,385,251,127,745,383,1,0,0.0,1.0,2624
Michael Georgiou,Zhang Yong,1,1244,1237,0.5043748883497735,0.5043748883497735,232,105,1424,687,117,49,730,317,174,79,589,282,171,79,535,233,1,0,0.0,1.0,2624
Graeme Dott,Cao Yupeng,1,1440,1405,0.5218610539716015,0.5218610539716015,880,513,6738,3612,257,132,1837,934,288,162,988,522,104,57,543,279,1,0,0.0,1.0,2624
Mark Davis,Joe Perry,1,1474,1498,0.4850044983805899,0.4850044983805899,1118,675,7855,4305,1071,638,7717,4193,274,157,1110,622,390,230,1246,695,1,0,0.0,1.0,2624
Michael Georgiou,Martin O'Donnell,1,1244,1369,0.4225046348141883,0.4225046348141883,232,105,1424,687,333,165,2133,1081,174,79,589,282,266,144,737,385,1,0,0.0,1.0,2624
Graeme Dott,Mark Davis,1,1440,1474,0.4787627850337259,0.4787627850337259,880,513,6738,3612,1118,675,7855,4305,288,162,988,522,274,157,1110,622,1,0,0.0,1.0,2624
Michael Georgiou,Graeme Dott,1,1244,1440,0.3798935676569099,0.3798935676569099,232,105,1424,687,880,513,6738,3612,174,79,589,282,288,162,988,522,1,0,0.0,1.0,2624
Niu Zhuang,Ian Preece,9,1103,1189,0.3702259076432147,0.4464560968488817,62,19,381,148,221,116,1594,808,122,47,242,90,37,10,329,149,5,1,0.0,0.8333333333333334,2620
Cao Yupeng,Chen Zifan,9,1411,1153,0.8380537004953521,0.6558828412078137,262,136,1842,938,81,36,476,213,109,61,548,283,107,32,310,136,5,2,0.0,0.7142857142857143,2620
Wang Yuchen,Ali Carter,9,1086,1492,0.062472635164862504,0.26600248347843036,71,19,455,174,940,572,6650,3679,65,28,292,111,331,190,1163,661,5,3,0.0,0.625,2620
Mei Xiwen,Michael Holt,9,1258,1363,0.34301287924355417,0.43474925243290014,115,54,776,379,843,487,6099,3238,185,88,501,247,235,116,1144,597,5,1,0.0,0.8333333333333334,2620
Zhao Xintong,Sam Craigie,9,1397,1376,0.5322627512389814,0.5131219861822433,172,94,1154,624,175,89,1074,556,278,154,705,371,181,100,506,251,5,2,0.0,0.7142857142857143,2620
Ben Woollaston,Alex Borg,9,1333,1070,0.8426210458793881,0.6586985747356444,605,344,3938,2098,380,159,2685,1213,207,103,954,498,52,15,338,130,5,4,0.0,0.5555555555555556,2620
Gary Wilson,Stephen Maguire,9,1385,1495,0.3359845376484875,0.4316800165217519,427,248,2790,1507,966,640,7106,4051,265,137,756,395,390,221,1302,756,5,1,0.0,0.8333333333333334,2620
Robbie Williams,Billy Joe Castle,9,1297,1176,0.6792644393709043,0.5750535485557879,374,200,2452,1248,63,29,376,176,180,84,657,322,149,65,292,129,5,1,0.0,0.8333333333333334,2620
Mark Williams,Oliver Lines,9,1553,1223,0.8953253211201412,0.6952966693475653,1441,947,10849,6235,207,100,1334,660,459,272,1709,1000,164,72,567,255,5,1,0.0,0.8333333333333334,2620
Jimmy White,Anthony McGill,9,1217,1401,0.2399742121031942,0.38698582386066455,1444,800,12299,6438,523,318,3389,1860,134,51,483,208,300,153,1159,630,5,3,0.0,0.625,2620
Liang Wenbo,Duane Jones,9,1387,1160,0.8077296924469662,0.6381861133090055,620,372,4311,2371,176,84,1054,524,240,127,1073,584,125,46,446,177,5,1,0.0,0.8333333333333334,2620
Ricky Walden,Boonyarit Keattikun,9,1433,1109,0.8912326155418068,0.6921095043017882,855,515,6020,3318,45,11,321,125,306,166,1266,667,0,0,208,71,5,1,0.0,0.8333333333333334,2620
Thepchaiya Un-Nooh,Martin O'Donnell,9,1362,1383,0.46773724876101863,0.4868780138177567,339,194,2460,1301,339,170,2139,1086,248,130,845,435,272,149,743,390,5,3,0.0,0.625,2620
Judd Trump,Adam Duffy,9,1552,1257,0.8697402180608809,0.6764489333484797,930,636,6320,3751,356,178,2265,1149,404,244,1512,937,185,93,564,270,5,3,0.0,0.625,2620
Chris Totten,Matthew Bolton,9,1016,949,0.6018604645306946,0.5417773692836367,43,9,268,89,12,0,74,13,117,39,245,80,14,4,69,13,5,2,0.0,0.7142857142857143,2620
Matthew Stevens,Basem Eltahhan,9,1405,970,0.9494276394767612,0.7479106630456372,961,562,7420,4035,22,3,134,36,276,150,751,398,76,19,134,36,5,0,0.0,1.0,2620
Yuan Sijun,Fang Xiongman,9,1316,1212,0.6555744737095885,0.5646362918030292,81,33,568,263,93,43,565,264,226,119,436,222,126,67,411,189,5,4,0.0,0.5555555555555556,2620
Matthew Selt,Yan Bingtao,9,1326,1447,0.3207355606290955,0.424946451444212,575,311,3911,2045,152,93,1072,601,193,98,796,410,276,153,843,483,5,3,0.0,0.625,2620
Mark Selby,Sam Baird,9,1550,1271,0.8566349080562111,0.6676332571171155,1113,772,8154,4771,356,185,2463,1263,434,257,1778,1074,224,114,727,364,5,0,0.0,1.0,2620
Neil Robertson,Chris Wakelin,9,1499,1436,0.5959077229449327,0.5392938058983595,943,620,6885,3937,203,105,1374,707,411,232,1296,754,245,140,708,368,5,2,0.0,0.7142857142857143,2620
Jimmy Robertson,Rhys Clark,9,1322,1155,0.7394330371891276,0.6028848673274662,494,270,3376,1755,128,52,803,355,296,152,867,460,57,13,401,161,5,3,0.0,0.625,2620
Joe Perry,Joe Swail,9,1507,1237,0.8488646678121341,0.6626218371700825,1076,642,7722,4197,856,455,6637,3436,395,234,1251,699,141,64,567,269,5,1,0.0,0.8333333333333334,2620
Jackson Page,Sean O'Sullivan,9,1186,1124,0.5944158213362583,0.538672605206508,43,23,272,138,215,85,1346,606,118,68,272,138,109,37,448,177,5,2,0.0,0.7142857142857143,2620
Fergal O'Brien,Akani Songsermsawad,9,1320,1347,0.4585503751450084,0.48313140430861523,895,507,6726,3532,110,58,817,415,192,90,753,369,255,130,749,386,5,1,0.0,0.8333333333333334,2620
Shaun Murphy,Paul Davison,9,1436,1190,0.8267252595018073,0.6490805242445733,1062,693,7726,4398,684,352,4770,2404,277,143,1286,720,129,47,492,204,5,2,0.0,0.7142857142857143,2620
Hammad Miah,Luca Brecel,9,1220,1355,0.3017809683941789,0.41641688448272474,158,61,1045,464,367,210,2539,1363,179,86,544,246,319,167,1099,612,5,1,0.0,0.8333333333333334,2620
Aditya Mehta,Ben Jones,9,1266,1070,0.773982891815793,0.6201064323430902,289,138,1992,974,97,48,495,246,57,27,335,147,39,16,156,79,5,1,0.0,0.8333333333333334,2620
Alan McManus,Dominic Dale,9,1298,1272,0.5399199537054243,0.5162442810620724,945,557,7874,4174,932,529,6652,3538,178,86,734,379,175,83,840,435,5,4,0.0,0.5555555555555556,2620
Mitchell Mann,Zhang Yong,9,1233,1248,0.476942221670483,0.4906260984783392,250,116,1593,767,122,53,735,321,106,52,538,250,176,83,540,237,5,0,0.0,1.0,2620
Jack Lisowski,Kyren Wilson,9,1509,1538,0.45549299127077353,0.4818829349568186,462,284,3064,1689,505,317,3393,1893,462,280,1038,592,593,357,1564,888,5,1,0.0,0.8333333333333334,2620
Peter Lines,Scott Donaldson,9,1297,1395,0.3529487475112714,0.43905454967528373,790,422,5714,2954,253,128,1697,846,169,80,622,308,275,152,707,363,5,4,0.0,0.5555555555555556,2620
Rod Lawler,Ross Muir,9,1186,1230,0.432663772804632,0.47252769565540637,823,438,6229,3203,170,63,1122,495,128,49,533,230,137,55,516,228,5,1,0.0,0.8333333333333334,2620
Mark King,Noppon Saengkham,9,1386,1443,0.41306489554708414,0.4644351620161461,967,545,7083,3738,247,120,1775,868,315,171,1061,586,306,175,854,449,5,1,0.0,0.8333333333333334,2620
Ding Junhui,Gerard Greene,9,1523,1282,0.8218521323213228,0.6462280583309002,754,507,5849,3340,720,385,5329,2772,424,240,1375,786,161,76,466,219,5,4,0.0,0.5555555555555556,2620
Mark Joyce,Lyu Haotian,9,1266,1357,0.36299114537134225,0.44336904007774663,478,251,3437,1744,132,58,961,451,167,70,734,366,245,126,446,226,5,2,0.0,0.7142857142857143,2620
Jamie Jones,Zhang Anda,9,1394,1349,0.5688507121013815,0.528095374408387,512,305,3406,1846,327,163,2297,1153,177,95,684,361,241,128,702,362,5,4,0.0,0.5555555555555556,2620
Robin Hull,Michael White,9,1287,1290,0.4953858503317341,0.498125008789013,538,315,4072,2211,506,287,3414,1798,125,55,530,258,236,110,1012,510,5,3,0.0,0.625,2620
Ashley Hugill,Leo Fernandez,9,1184,1140,0.5673362271953684,0.5274723043445937,119,54,673,316,428,253,3224,1718,104,40,441,201,79,34,158,57,5,3,0.0,0.625,2620
Liam Highfield,Hossein Vafaei,9,1411,1388,0.5353273068487134,0.5143710406970602,364,194,2489,1316,113,65,881,448,215,118,663,350,164,84,604,309,5,2,0.0,0.7142857142857143,2620
Andrew Higginson,Li Hang,9,1321,1272,0.5748977901659925,0.530586760182081,730,431,5161,2821,275,141,1978,1018,222,114,736,386,169,79,724,373,5,4,0.0,0.5555555555555556,2620
Barry Hawkins,Jamie Barrett,9,1551,1023,0.9755792891862306,0.789181706522253,976,609,7031,3922,92,35,528,219,497,287,1496,858,89,40,323,116,5,1,0.0,0.8333333333333334,2620
Anthony Hamilton,Chen Zhe,9,1353,1162,0.7682267848118195,0.6171573626529722,856,496,6562,3499,214,101,1318,635,197,98,774,404,99,46,341,145,5,3,0.0,0.625,2620
Xiao Guodong,Sanderson Lam,9,1404,1098,0.8782310515028146,0.6824383021930648,454,267,3053,1687,157,59,954,410,263,142,826,458,103,26,435,168,5,1,0.0,0.8333333333333334,2620
David Grace,Xu Si,9,1273,1177,0.6441925857613411,0.5597136492671929,332,153,2191,1060,57,20,391,164,120,64,545,269,135,57,331,142,5,4,0.0,0.5555555555555556,2620
Martin Gould,Alfie Burden,9,1418,1328,0.6355659071692855,0.5560138905446199,685,413,4616,2534,688,369,4983,2558,168,91,979,537,230,117,674,328,5,3,0.0,0.625,2620
David Gilbert,Tian Pengfei,9,1371,1356,0.5230577783295167,0.5093739015216607,614,351,4434,2373,401,226,2677,1428,314,167,1147,623,230,122,685,347,5,3,0.0,0.625,2620
Michael Georgiou,Zhou Yuelong,9,1275,1348,0.3892573801791685,0.45450121278721795,239,112,1431,694,208,117,1434,761,181,86,596,289,291,154,867,465,5,2,0.0,0.7142857142857143,2620
Tom Ford,Lukas Kleckers,9,1423,1131,0.8673515326812037,0.6748052725823135,633,364,4510,2414,79,29,483,209,321,175,928,503,120,43,331,138,5,2,0.0,0.7142857142857143,2620
Peter Ebdon,Jak Jones,9,1412,1226,0.7623857644063681,0.6141996427768951,1097,628,8590,4618,198,83,1281,570,249,145,779,417,221,106,463,203,5,4,0.0,0.5555555555555556,2620
Mike Dunn,Eden Sharav,9,1303,1238,0.5988871099602557,0.5405358392737893,724,383,5307,2730,160,75,998,469,185,93,669,330,187,86,514,224,5,2,0.0,0.7142857142857143,2620
Graeme Dott,Soheil Vahedi,9,1458,1092,0.9174580686186703,0.7140222267773016,887,519,6745,3618,40,9,264,100,295,168,995,528,114,41,229,87,5,2,0.0,0.7142857142857143,2620
Ken Doherty,Alexander Ursenbacher,9,1253,1235,0.5276622061032297,0.5112481019468548,1139,689,9254,5059,120,51,746,340,160,69,580,277,124,51,353,167,5,3,0.0,0.625,2620
Yu Delu,Jamie Clarke,9,1359,1212,0.7140324724419308,0.5908547524545943,278,142,1966,1004,163,82,961,495,95,53,542,272,94,38,293,143,5,0,0.0,1.0,2620
Ryan Day,Kurt Dunham,9,1543,968,0.9835521194877959,0.8080672135527632,998,608,6852,3788,43,6,248,66,439,259,1536,858,67,25,248,66,5,0,0.0,1.0,2620
Mark Davis,Robert Milkins,9,1488,1384,0.6555744737095885,0.5646362918030292,1124,680,7861,4310,868,518,6312,3427,280,162,1116,627,262,143,969,508,5,3,0.0,0.625,2620
Thor Chuan Leong,Daniel Wells,9,1243,1315,0.39073366664049125,0.45512110762641994,106,35,691,299,374,185,2526,1251,181,95,493,221,244,125,676,332,5,3,0.0,0.625,2620
Stuart Carrington,Lee Walker,9,1360,1359,0.5015380819320778,0.5006249996744794,351,195,2299,1212,484,263,3719,1915,278,141,781,414,219,116,635,309,5,4,0.0,0.5555555555555556,2620
Ian Burns,Elliot Slessor,9,1299,1322,0.4646726931512867,0.4856289593029398,345,176,2200,1111,181,80,1128,532,202,98,609,286,177,87,540,260,5,1,0.0,0.8333333333333334,2620
Nigel Bond,Christopher Keogan,9,1274,1120,0.7230620724576832,0.595078473866134,879,478,6889,3598,149,55,850,378,171,76,538,239,57,20,329,130,5,3,0.0,0.625,2620
Josh Boileau,Kurt Maflin,9,1087,1295,0.2125538504111123,0.3728522336868044,88,34,509,222,542,308,3648,1958,36,15,262,90,178,86,742,390,5,4,0.0,0.5555555555555556,2620
John Astley,Craig Steadman,9,1276,1325,0.42510220983400737,0.469413239817919,213,99,1342,632,459,247,3022,1578,151,66,572,280,233,124,620,302,5,4,0.0,0.5555555555555556,2620
Mark Allen,Li Yuan,9,1505,1106,0.9343346610713805,0.7305667649586345,776,504,5431,3068,60,23,356,152,480,283,1338,769,100,32,217,84,5,3,0.0,0.625,2620
Hamza Akbar,Allan Taylor,9,1040,1225,0.23879254816430406,0.3863929221952217,50,9,324,107,312,145,1864,901,92,29,295,98,141,57,522,223,5,1,0.0,0.8333333333333334,2620
Niu Zhuang,Rory McLeod,9,1103,1192,0.36587906232994205,0.44460335167941084,62,19,381,148,587,315,4384,2248,122,47,242,90,178,71,705,323,5,4,0.0,0.5555555555555556,2620
Mei Xiwen,Robbie Williams,9,1258,1297,0.44025134609183847,0.47564429123179275,115,54,776,379,374,200,2452,1248,185,88,501,247,180,84,657,322,5,1,0.0,0.8333333333333334,2620
Ben Woollaston,Chris Totten,9,1333,1016,0.8863064712697625,0.6883678768310286,605,344,3938,2098,43,9,268,89,207,103,954,498,117,39,245,80,5,2,0.0,0.7142857142857143,2620
Gary Wilson,David Grace,9,1385,1273,0.66681018628421,0.569546223939229,427,248,2790,1507,332,153,2191,1060,265,137,756,395,120,64,545,269,5,3,0.0,0.625,2620
Mark Williams,Matthew Stevens,9,1553,1405,0.7153313779464554,0.5914589784327801,1441,947,10849,6235,961,562,7420,4035,459,272,1709,1000,276,150,751,398,5,3,0.0,0.625,2620
Liang Wenbo,Andrew Higginson,9,1387,1321,0.6003745520777666,0.541156668150228,620,372,4311,2371,730,431,5161,2821,240,127,1073,584,222,114,736,386,5,3,0.0,0.625,2620
Ricky Walden,Ashley Hugill,9,1433,1184,0.8296059536556128,0.6507869207968349,855,515,6020,3318,119,54,673,316,306,166,1266,667,104,40,441,201,5,2,0.0,0.7142857142857143,2620
Thepchaiya Un-Nooh,Mark King,9,1362,1386,0.46314122895623555,0.4850044983805899,339,194,2460,1301,967,545,7083,3738,248,130,845,435,315,171,1061,586,5,4,0.0,0.5555555555555556,2620
Judd Trump,Yuan Sijun,9,1552,1316,0.8168891158426366,0.6433651456944017,930,636,6320,3751,81,33,568,263,404,244,1512,937,226,119,436,222,5,4,0.0,0.5555555555555556,2620
Matthew Selt,Aditya Mehta,9,1326,1266,0.5914277106765304,0.5374298453437496,575,311,3911,2045,289,138,1992,974,193,98,796,410,57,27,335,147,5,4,0.0,0.5555555555555556,2620
Mark Selby,Jamie Jones,9,1550,1394,0.7256147727911193,0.5962826992967879,1113,772,8154,4771,512,305,3406,1846,434,257,1778,1074,177,95,684,361,5,2,0.0,0.7142857142857143,2620
Jimmy Robertson,Peter Lines,9,1322,1297,0.5383896612204689,0.5156199157230156,494,270,3376,1755,790,422,5714,2954,296,152,867,460,169,80,622,308,5,4,0.0,0.5555555555555556,2620
Joe Perry,Thor Chuan Leong,9,1507,1243,0.843523743777612,0.6592603884513855,1076,642,7722,4197,106,35,691,299,395,234,1251,699,181,95,493,221,5,0,0.0,1.0,2620
Fergal O'Brien,Robin Hull,9,1320,1287,0.5506132837092798,0.5206133097144486,895,507,6726,3532,538,315,4072,2211,192,90,753,369,125,55,530,258,5,2,0.0,0.7142857142857143,2620
Shaun Murphy,Cao Yupeng,9,1436,1411,0.5383896612204689,0.5156199157230156,1062,693,7726,4398,262,136,1842,938,277,143,1286,720,109,61,548,283,5,2,0.0,0.7142857142857143,2620
Hammad Miah,Zhao Xintong,9,1220,1397,0.24833900659015712,0.3911454307890496,158,61,1045,464,172,94,1154,624,179,86,544,246,278,154,705,371,5,3,0.0,0.625,2620
Alan McManus,Jackson Page,9,1298,1186,0.66681018628421,0.569546223939229,945,557,7874,4174,43,23,272,138,178,86,734,379,118,68,272,138,5,0,0.0,1.0,2620
Jack Lisowski,Stuart Carrington,9,1509,1360,0.7166273169339222,0.5920629281648192,462,284,3064,1689,351,195,2299,1212,462,280,1038,592,278,141,781,414,5,3,0.0,0.625,2620
Ding Junhui,Nigel Bond,9,1523,1274,0.8296059536556128,0.6507869207968349,754,507,5849,3340,879,478,6889,3598,424,240,1375,786,171,76,538,239,5,1,0.0,0.8333333333333334,2620
Mark Joyce,Wang Yuchen,9,1266,1086,0.7552657810970291,0.610639233949222,478,251,3437,1744,71,19,455,174,167,70,734,366,65,28,292,111,5,0,0.0,1.0,2620
Barry Hawkins,Liam Highfield,9,1551,1411,0.7048581689623228,0.5866175789173301,976,609,7031,3922,364,194,2489,1316,497,287,1496,858,215,118,663,350,5,2,0.0,0.7142857142857143,2620
Anthony Hamilton,Mitchell Mann,9,1353,1233,0.6778907155437834,0.574442516811659,856,496,6562,3499,250,116,1593,767,197,98,774,404,106,52,538,250,5,4,0.0,0.5555555555555556,2620
Xiao Guodong,Hamza Akbar,9,1404,1040,0.9163338450326745,0.7130001627522816,454,267,3053,1687,50,9,324,107,263,142,826,458,92,29,295,98,5,1,0.0,0.8333333333333334,2620
Martin Gould,Ken Doherty,9,1418,1253,0.7369488869894564,0.6016871801828567,685,413,4616,2534,1139,689,9254,5059,168,91,979,537,160,69,580,277,5,4,0.0,0.5555555555555556,2620
David Gilbert,Mike Dunn,9,1371,1303,0.6033448258583628,0.542397940774351,614,351,4434,2373,724,383,5307,2730,314,167,1147,623,185,93,669,330,5,2,0.0,0.7142857142857143,2620
Michael Georgiou,Ian Burns,9,1275,1299,0.46314122895623555,0.4850044983805899,239,112,1431,694,345,176,2200,1111,181,86,596,289,202,98,609,286,5,1,0.0,0.8333333333333334,2620
Tom Ford,Neil Robertson,9,1423,1499,0.38483867400919086,0.45264238185691075,633,364,4510,2414,943,620,6885,3937,321,175,928,503,411,232,1296,754,5,3,0.0,0.625,2620
Graeme Dott,Peter Ebdon,9,1458,1412,0.5703641336320321,0.5287183569514396,887,519,6745,3618,1097,628,8590,4618,295,168,995,528,249,145,779,417,5,4,0.0,0.5555555555555556,2620
Yu Delu,Jimmy White,9,1359,1217,0.7074939022446493,0.5878295384825115,278,142,1966,1004,1444,800,12299,6438,95,53,542,272,134,51,483,208,5,2,0.0,0.7142857142857143,2620
Ryan Day,John Astley,9,1543,1276,0.8462103226165194,0.6609431415591629,998,608,6852,3788,213,99,1342,632,439,259,1536,858,151,66,572,280,5,1,0.0,0.8333333333333334,2620
Mark Davis,Josh Boileau,9,1488,1087,0.9352601291577347,0.7315498244408544,1124,680,7861,4310,88,34,509,222,280,162,1116,627,36,15,262,90,5,0,0.0,1.0,2620
Mark Allen,Rod Lawler,9,1505,1186,0.8877306915973698,0.6894394530607736,776,504,5431,3068,823,438,6229,3203,480,283,1338,769,128,49,533,230,5,2,0.0,0.7142857142857143,2620
Mei Xiwen,Hammad Miah,9,1258,1220,0.5582282705684568,0.523732154126561,115,54,776,379,158,61,1045,464,185,88,501,247,179,86,544,246,5,1,0.0,0.8333333333333334,2620
Gary Wilson,Martin Gould,9,1385,1418,0.44938671629072013,0.47938669028555136,427,248,2790,1507,685,413,4616,2534,265,137,756,395,168,91,979,537,5,2,0.0,0.7142857142857143,2620
Mark Williams,Fergal O'Brien,9,1553,1320,0.8138682185826697,0.6416424532015634,1441,947,10849,6235,895,507,6726,3532,459,272,1709,1000,192,90,753,369,5,3,0.0,0.625,2620
Liang Wenbo,Tom Ford,9,1387,1423,0.44481517986127356,0.4775151752081999,620,372,4311,2371,633,364,4510,2414,240,127,1073,584,321,175,928,503,5,1,0.0,0.8333333333333334,2620
Ricky Walden,Jack Lisowski,9,1433,1509,0.38483867400919086,0.45264238185691075,855,515,6020,3318,462,284,3064,1689,306,166,1266,667,462,280,1038,592,5,3,0.0,0.625,2620
Judd Trump,Ben Woollaston,9,1552,1333,0.7993451143318644,0.633555377636775,930,636,6320,3751,605,344,3938,2098,404,244,1512,937,207,103,954,498,5,3,0.0,0.625,2620
Matthew Selt,Mark Allen,9,1326,1505,0.2459325165495979,0.38995532759547297,575,311,3911,2045,776,504,5431,3068,193,98,796,410,480,283,1338,769,5,4,0.0,0.5555555555555556,2620
Jimmy Robertson,Anthony Hamilton,9,1322,1353,0.45243837566637274,0.4806346917700681,494,270,3376,1755,856,496,6562,3499,296,152,867,460,197,98,774,404,5,1,0.0,0.8333333333333334,2620
Joe Perry,Yu Delu,9,1507,1359,0.7153313779464554,0.5914589784327801,1076,642,7722,4197,278,142,1966,1004,395,234,1251,699,95,53,542,272,5,4,0.0,0.5555555555555556,2620
Shaun Murphy,Alan McManus,9,1436,1298,0.7022109959534144,0.585404569129465,1062,693,7726,4398,945,557,7874,4174,277,143,1286,720,178,86,734,379,5,2,0.0,0.7142857142857143,2620
Ding Junhui,Michael Georgiou,9,1523,1275,0.828649321563008,0.6502185485738271,754,507,5849,3340,239,112,1431,694,424,240,1375,786,181,86,596,289,5,3,0.0,0.625,2620
Mark Joyce,David Gilbert,9,1266,1371,0.34301287924355417,0.43474925243290014,478,251,3437,1744,614,351,4434,2373,167,70,734,366,314,167,1147,623,5,4,0.0,0.5555555555555556,2620
Xiao Guodong,Mark Selby,9,1404,1550,0.2872693867047188,0.40974974806981657,454,267,3053,1687,1113,772,8154,4771,263,142,826,458,434,257,1778,1074,5,3,0.0,0.625,2620
Graeme Dott,Barry Hawkins,9,1458,1551,0.3601113940716554,0.4421354272792655,887,519,6745,3618,976,609,7031,3922,295,168,995,528,497,287,1496,858,5,3,0.0,0.625,2620
Ryan Day,Thepchaiya Un-Nooh,9,1543,1362,0.7564607688598808,0.6112334666758695,998,608,6852,3788,339,194,2460,1301,439,259,1536,858,248,130,845,435,5,1,0.0,0.8333333333333334,2620
Mark Davis,Niu Zhuang,9,1488,1103,0.9275515881200725,0.7236220674654401,1124,680,7861,4310,62,19,381,148,280,162,1116,627,122,47,242,90,5,2,0.0,0.7142857142857143,2620
Mark Williams,Matthew Selt,9,1553,1326,0.8077296924469662,0.6381861133090055,1441,947,10849,6235,575,311,3911,2045,459,272,1709,1000,193,98,796,410,5,2,0.0,0.7142857142857143,2620
Judd Trump,Joe Perry,9,1552,1507,0.5688507121013815,0.528095374408387,930,636,6320,3751,1076,642,7722,4197,404,244,1512,937,395,234,1251,699,5,3,0.0,0.625,2620
Jimmy Robertson,Gary Wilson,9,1322,1385,0.40409227705506734,0.4607061941016405,494,270,3376,1755,427,248,2790,1507,296,152,867,460,265,137,756,395,5,3,0.0,0.625,2620
Shaun Murphy,Mark Joyce,9,1436,1266,0.7431353377857283,0.6046790847140093,1062,693,7726,4398,478,251,3437,1744,277,143,1286,720,167,70,734,366,5,1,0.0,0.8333333333333334,2620
Ding Junhui,Ricky Walden,9,1523,1433,0.6355659071692855,0.5560138905446199,754,507,5849,3340,855,515,6020,3318,424,240,1375,786,306,166,1266,667,5,2,0.0,0.7142857142857143,2620
Xiao Guodong,Liang Wenbo,9,1404,1387,0.5261277964586326,0.5106234010049637,454,267,3053,1687,620,372,4311,2371,263,142,826,458,240,127,1073,584,5,2,0.0,0.7142857142857143,2620
Graeme Dott,Mei Xiwen,9,1458,1258,0.7785260616735107,0.6224593312018546,887,519,6745,3618,115,54,776,379,295,168,995,528,185,88,501,247,5,4,0.0,0.5555555555555556,2620
Ryan Day,Mark Davis,9,1543,1488,0.5839333304620451,0.5343209436693046,998,608,6852,3788,1124,680,7861,4310,439,259,1536,858,280,162,1116,627,5,4,0.0,0.5555555555555556,2620
Mark Williams,Jimmy Robertson,9,1553,1322,0.8118363604456017,0.6404919537233386,1441,947,10849,6235,494,270,3376,1755,459,272,1709,1000,296,152,867,460,5,3,0.0,0.625,2620
Judd Trump,Ding Junhui,9,1552,1523,0.5445070087292267,0.5181170650431814,930,636,6320,3751,754,507,5849,3340,404,244,1512,937,424,240,1375,786,5,3,0.0,0.625,2620
Shaun Murphy,Ryan Day,9,1436,1543,0.34019451059365574,0.43352094403237207,1062,693,7726,4398,998,608,6852,3788,277,143,1286,720,439,259,1536,858,5,4,0.0,0.5555555555555556,2620
Graeme Dott,Xiao Guodong,9,1458,1404,0.5824304989902049,0.5336988354329009,887,519,6745,3618,454,267,3053,1687,295,168,995,528,263,142,826,458,5,4,0.0,0.5555555555555556,2620
Mark Williams,Judd Trump,11,1553,1552,0.5016918892440952,0.5006249996744794,1441,947,10849,6235,930,636,6320,3751,459,272,1709,1000,404,244,1512,937,6,1,0.0,0.8571428571428571,2620
Graeme Dott,Shaun Murphy,11,1458,1436,0.5371654626927551,0.513746534902355,887,519,6745,3618,1062,693,7726,4398,295,168,995,528,277,143,1286,720,6,4,0.0,0.6,2620
Mark Williams,Graeme Dott,17,1553,1458,0.6901566181975584,0.559097471902393,1441,947,10849,6235,887,519,6745,3618,459,272,1709,1000,295,168,995,528,9,1,0.0,0.9,2620
Kyren Wilson,Barry Hawkins,11,1521,1548,0.45442269021387827,0.48313140430861523,506,317,3399,1894,979,611,7052,3935,599,358,1570,889,518,300,1517,871,6,4,0.0,0.6,2623
Mark Williams,Mark Selby,11,1614,1555,0.5987470289611413,0.5368082899889803,1448,954,10903,6275,1116,774,8174,4784,513,312,1763,1040,454,270,1798,1087,6,5,0.0,0.5454545454545454,2623
Judd Trump,Liang Wenbo,11,1537,1406,0.7103328120698551,0.5811509642893937,936,641,6368,3777,624,375,4338,2388,452,270,1560,963,267,144,1100,601,6,4,0.0,0.6,2623
Ronnie O'Sullivan,Marco Fu,11,1698,1411,0.8858476548030535,0.6720562626502714,1243,955,10840,6639,890,530,6649,3621,396,258,1397,893,212,114,1082,601,6,0,0.0,1.0,2623
Shaun Murphy,Ali Carter,11,1470,1469,0.5016918892440952,0.5006249996744794,1068,698,7772,4427,941,572,6658,3682,323,172,1332,749,339,193,1171,664,6,4,0.0,0.6,2623
John Higgins,Anthony McGill,11,1595,1386,0.8109765513000483,0.6277321638605189,1438,1015,11531,6820,524,318,3397,1863,402,231,1549,927,308,156,1167,633,6,4,0.0,0.6,2623
Ryan Day,Ding Junhui,11,1562,1527,0.5589904430600633,0.5218610539716015,1003,612,6887,3812,759,511,5887,3363,474,283,1571,882,462,263,1413,809,6,4,0.0,0.6,2623
Mark Allen,Luca Brecel,11,1489,1335,0.7425250047020281,0.595078473866134,779,506,5455,3082,368,210,2545,1364,504,297,1362,783,325,168,1105,613,6,3,0.0,0.6666666666666666,2623
Kyren Wilson,Mark Williams,11,1521,1614,0.34679968616187434,0.4421354272792655,506,317,3399,1894,1448,954,10903,6275,599,358,1570,889,513,312,1763,1040,6,1,0.0,0.8571428571428571,2623
Judd Trump,Shaun Murphy,11,1537,1470,0.6117877063659423,0.5417773692836367,936,641,6368,3777,1068,698,7772,4427,452,270,1560,963,323,172,1332,749,6,4,0.0,0.6,2623
John Higgins,Ryan Day,11,1595,1562,0.5556431271115847,0.5206133097144486,1438,1015,11531,6820,1003,612,6887,3812,402,231,1549,927,474,283,1571,882,6,1,0.0,0.8571428571428571,2623
Mark Allen,Ronnie O'Sullivan,11,1489,1698,0.18902344869995175,0.3722678361394811,779,506,5455,3082,1243,955,10840,6639,504,297,1362,783,396,258,1397,893,6,1,0.0,0.8571428571428571,2623
Kyren Wilson,Judd Trump,11,1521,1537,0.4729513273017054,0.4900013331200346,506,317,3399,1894,936,641,6368,3777,599,358,1570,889,452,270,1560,963,6,5,0.0,0.5454545454545454,2623
Mark Allen,John Higgins,11,1489,1595,0.3267519546873183,0.4341349971045183,779,506,5455,3082,1438,1015,11531,6820,504,297,1362,783,402,231,1549,927,6,3,0.0,0.6666666666666666,2623
Mark Allen,Kyren Wilson,19,1489,1521,0.4298952093968887,0.48001065984441826,779,506,5455,3082,506,317,3399,1894,504,297,1362,783,599,358,1570,889,10,7,0.0,0.5882352941176471,2623
Zhou Yuelong,Anthony Hamilton,5,1333,1336,0.49648442443778124,0.498125008789013,209,117,1441,763,859,498,6585,3510,298,156,874,467,220,109,797,415,3,0,0.0,1.0,2622
Zhou Yuelong,Michael Holt,5,1333,1344,0.4871118116730946,0.4931254332354657,209,117,1441,763,844,487,6105,3239,298,156,874,467,241,117,1150,598,3,1,0.0,0.75,2622
Zhou Yuelong,Mark King,5,1333,1399,0.42317910919977986,0.45884333184977194,209,117,1441,763,969,546,7098,3747,298,156,874,467,330,180,1076,595,3,2,0.0,0.6,2622
Zhou Yuelong,Ryan Day,5,1333,1549,0.26406385565382345,0.3681875822638983,209,117,1441,763,1005,613,6904,3819,298,156,874,467,491,290,1588,889,3,1,0.0,0.75,2622
Kyren Wilson,Zhou Yuelong,5,1543,1333,0.7302379118337844,0.6283161882953663,510,320,3444,1919,209,117,1441,763,644,383,1615,914,298,156,874,467,3,0,0.0,1.0,2622
Kyren Wilson,Michael Holt,5,1543,1344,0.7196200275422314,0.6218716423074662,510,320,3444,1919,844,487,6105,3239,644,383,1615,914,241,117,1150,598,3,1,0.0,0.75,2622
Kyren Wilson,Stephen Maguire,5,1543,1476,0.5779687506289337,0.5417773692836367,510,320,3444,1919,967,640,7112,4052,644,383,1615,914,396,222,1308,757,3,1,0.0,0.75,2622
Stephen Maguire,Michael Holt,5,1476,1344,0.6505881096109634,0.5817593768418363,967,640,7112,4052,844,487,6105,3239,396,222,1308,757,241,117,1150,598,3,1,0.0,0.75,2622
Stephen Maguire,Mark King,5,1476,1399,0.5894061198759756,0.5479769376367963,967,640,7112,4052,969,546,7098,3747,396,222,1308,757,330,180,1076,595,3,2,0.0,0.6,2622
Stephen Maguire,Zhou Yuelong,5,1476,1333,0.6623901508717275,0.5884351201276382,967,640,7112,4052,209,117,1441,763,396,222,1308,757,298,156,874,467,3,2,0.0,0.6,2622
Stephen Maguire,Ryan Day,5,1476,1549,0.4151595482861039,0.45450121278721795,967,640,7112,4052,1005,613,6904,3819,396,222,1308,757,491,290,1588,889,3,1,0.0,0.75,2622
Mark King,Kyren Wilson,5,1399,1543,0.33654525696203985,0.41095956594133487,969,546,7098,3747,510,320,3444,1919,330,180,1076,595,644,383,1615,914,3,0,0.0,1.0,2622
Mark King,Anthony Hamilton,5,1399,1336,0.5733730992985561,0.5392938058983595,969,546,7098,3747,859,498,6585,3510,330,180,1076,595,220,109,797,415,3,2,0.0,0.6,2622
Michael Holt,Ryan Day,5,1344,1549,0.2745612179557411,0.37460765027944887,844,487,6105,3239,1005,613,6904,3819,241,117,1150,598,491,290,1588,889,3,1,0.0,0.75,2622
Michael Holt,Mark King,5,1344,1399,0.43585008275662585,0.4656790563306954,844,487,6105,3239,969,546,7098,3747,241,117,1150,598,330,180,1076,595,3,2,0.0,0.6,2622
Anthony Hamilton,Stephen Maguire,5,1336,1476,0.3408120731798997,0.41338242108267,859,498,6585,3510,967,640,7112,4052,220,109,797,415,396,222,1308,757,3,2,0.0,0.6,2622
Anthony Hamilton,Michael Holt,5,1336,1344,0.49062593740625826,0.4950001666600003,859,498,6585,3510,844,487,6105,3239,220,109,797,415,241,117,1150,598,3,1,0.0,0.75,2622
Anthony Hamilton,Kyren Wilson,5,1336,1543,0.2726360893975182,0.3734370028762817,859,498,6585,3510,510,320,3444,1919,220,109,797,415,644,383,1615,914,3,1,0.0,0.75,2622
Ryan Day,Mark King,5,1549,1399,0.669812187137851,0.5926665999540697,1005,613,6904,3819,969,546,7098,3747,491,290,1588,889,330,180,1076,595,3,2,0.0,0.6,2622
Ryan Day,Anthony Hamilton,5,1549,1336,0.7330953658898187,0.6300660082850182,1005,613,6904,3819,859,498,6585,3510,491,290,1588,889,220,109,797,415,3,1,0.0,0.75,2622
Ryan Day,Kyren Wilson,5,1549,1543,0.5070308545144336,0.5037499296890819,1005,613,6904,3819,510,320,3444,1919,491,290,1588,889,644,383,1615,914,3,1,0.0,0.75,2622
Zhou Yuelong,Ryan Day,5,1333,1549,0.26406385565382345,0.3681875822638983,209,117,1441,763,1005,613,6904,3819,298,156,874,467,491,290,1588,889,3,2,0.0,0.6,2622
Anthony Hamilton,Stephen Maguire,5,1336,1476,0.3408120731798997,0.41338242108267,859,498,6585,3510,967,640,7112,4052,220,109,797,415,396,222,1308,757,3,2,0.0,0.6,2622
Zhou Yuelong,Anthony Hamilton,5,1333,1336,0.49648442443778124,0.498125008789013,209,117,1441,763,859,498,6585,3510,298,156,874,467,220,109,797,415,3,2,0.0,0.6,2622
Kyren Wilson,Stephen Maguire,5,1543,1476,0.5779687506289337,0.5417773692836367,510,320,3444,1919,967,640,7112,4052,644,383,1615,914,396,222,1308,757,3,0,0.0,1.0,2622
Kyren Wilson,Anthony Hamilton,5,1543,1336,0.7273639106024816,0.6265629971237182,510,320,3444,1919,859,498,6585,3510,644,383,1615,914,220,109,797,415,3,1,0.0,0.75,2622
Mark Selby,Kyren Wilson,5,1554,1543,0.5128881883269052,0.5068745667645342,1117,774,8185,4789,510,320,3444,1919,465,275,1809,1092,644,383,1615,914,3,0,0.0,1.0,2622
Mark Selby,Stephen Maguire,5,1554,1476,0.5905455113158475,0.5485961085831343,1117,774,8185,4789,967,640,7112,4052,465,275,1809,1092,396,222,1308,757,3,1,0.0,0.75,2622
Mark Selby,Neil Robertson,5,1554,1498,0.5653050064173626,0.5349429451582145,1117,774,8185,4789,945,621,6900,3945,465,275,1809,1092,426,240,1311,762,3,1,0.0,0.75,2622
Neil Robertson,Ryan Day,5,1498,1549,0.4404762826140556,0.4681681105837757,945,621,6900,3945,1005,613,6904,3819,426,240,1311,762,491,290,1588,889,3,0,0.0,1.0,2622
Neil Robertson,Kyren Wilson,5,1498,1543,0.44743195337918795,0.4719046255916129,945,621,6900,3945,510,320,3444,1919,426,240,1311,762,644,383,1615,914,3,2,0.0,0.6,2622
Neil Robertson,Barry Hawkins,5,1498,1539,0.45207899241412597,0.47439741167538224,945,621,6900,3945,980,611,7062,3939,426,240,1311,762,528,304,1527,875,3,2,0.0,0.6,2622
Stephen Maguire,Neil Robertson,5,1476,1498,0.4742382323354172,0.486253465097645,967,640,7112,4052,945,621,6900,3945,396,222,1308,757,426,240,1311,762,3,2,0.0,0.6,2622
Stephen Maguire,Ryan Day,5,1476,1549,0.4151595482861039,0.45450121278721795,967,640,7112,4052,1005,613,6904,3819,396,222,1308,757,491,290,1588,889,3,1,0.0,0.75,2622
Barry Hawkins,Ryan Day,5,1539,1549,0.4882830807686246,0.49375032550048964,980,611,7062,3939,1005,613,6904,3819,528,304,1527,875,491,290,1588,889,3,1,0.0,0.75,2622
Barry Hawkins,Anthony Hamilton,5,1539,1336,0.7235063979843529,0.6242202334972642,980,611,7062,3939,859,498,6585,3510,528,304,1527,875,220,109,797,415,3,1,0.0,0.75,2622
Barry Hawkins,Stephen Maguire,5,1539,1476,0.5733730992985561,0.5392938058983595,980,611,7062,3939,967,640,7112,4052,528,304,1527,875,396,222,1308,757,3,0,0.0,1.0,2622
Barry Hawkins,Mark Selby,5,1539,1554,0.4824280526376499,0.4906260984783392,980,611,7062,3939,1117,774,8185,4789,528,304,1527,875,465,275,1809,1092,3,2,0.0,0.6,2622
Barry Hawkins,Kyren Wilson,5,1539,1543,0.4953126171845704,0.49750002083312506,980,611,7062,3939,510,320,3444,1919,528,304,1527,875,644,383,1615,914,3,2,0.0,0.6,2622
Anthony Hamilton,Mark Selby,5,1336,1554,0.2621793292705147,0.36702522331953935,859,498,6585,3510,1117,774,8185,4789,220,109,797,415,465,275,1809,1092,3,2,0.0,0.6,2622
Anthony Hamilton,Stephen Maguire,5,1336,1476,0.3408120731798997,0.41338242108267,859,498,6585,3510,967,640,7112,4052,220,109,797,415,396,222,1308,757,3,0,0.0,1.0,2622
Ryan Day,Mark Selby,5,1549,1554,0.4941408538728954,0.4968750406894683,1005,613,6904,3819,1117,774,8185,4789,491,290,1588,889,465,275,1809,1092,3,2,0.0,0.6,2622
Ryan Day,Kyren Wilson,5,1549,1543,0.5070308545144336,0.5037499296890819,1005,613,6904,3819,510,320,3444,1919,491,290,1588,889,644,383,1615,914,3,1,0.0,0.75,2622
Ryan Day,Anthony Hamilton,5,1549,1336,0.7330953658898187,0.6300660082850182,1005,613,6904,3819,859,498,6585,3510,491,290,1588,889,220,109,797,415,3,0,0.0,1.0,2622
Mark Selby,Ryan Day,5,1554,1549,0.5058591461271044,0.5031249593105316,1117,774,8185,4789,1005,613,6904,3819,465,275,1809,1092,491,290,1588,889,3,0,0.0,1.0,2622
Barry Hawkins,Kyren Wilson,5,1539,1543,0.4953126171845704,0.49750002083312506,980,611,7062,3939,510,320,3444,1919,528,304,1527,875,644,383,1615,914,3,1,0.0,0.75,2622
Mark Selby,Barry Hawkins,5,1554,1539,0.5175719473623499,0.5093739015216607,1117,774,8185,4789,980,611,7062,3939,465,275,1809,1092,528,304,1527,875,3,1,0.0,0.75,2622
Kyren Wilson,Anthony Hamilton,5,1543,1336,0.7273639106024816,0.6265629971237182,510,320,3444,1919,859,498,6585,3510,644,383,1615,914,220,109,797,415,3,1,0.0,0.75,2622
Kyren Wilson,Ali Carter,5,1543,1461,0.5950946751482796,0.551071269307342,510,320,3444,1919,942,572,6668,3686,644,383,1615,914,349,197,1181,668,3,2,0.0,0.6,2622
Kyren Wilson,Ryan Day,5,1543,1549,0.49296914548556625,0.496250070310918,510,320,3444,1919,1005,613,6904,3819,644,383,1615,914,491,290,1588,889,3,2,0.0,0.6,2622
Kyren Wilson,Tom Ford,5,1543,1419,0.6419035087881938,0.5768852611320463,510,320,3444,1919,636,366,4531,2425,644,383,1615,914,342,186,949,514,3,2,0.0,0.6,2622
Barry Hawkins,Mark Allen,5,1539,1552,0.48476964676511625,0.4918757150937391,980,611,7062,3939,783,510,5497,3110,528,304,1527,875,546,325,1404,811,3,1,0.0,0.75,2622
Barry Hawkins,Ali Carter,5,1539,1461,0.5905455113158475,0.5485961085831343,980,611,7062,3939,942,572,6668,3686,528,304,1527,875,349,197,1181,668,3,0,0.0,1.0,2622
Barry Hawkins,Anthony Hamilton,5,1539,1336,0.7235063979843529,0.6242202334972642,980,611,7062,3939,859,498,6585,3510,528,304,1527,875,220,109,797,415,3,2,0.0,0.6,2622
Barry Hawkins,Kyren Wilson,5,1539,1543,0.4953126171845704,0.49750002083312506,980,611,7062,3939,510,320,3444,1919,528,304,1527,875,644,383,1615,914,3,0,0.0,1.0,2622
Anthony Hamilton,Mark Allen,5,1336,1552,0.26406385565382345,0.3681875822638983,859,498,6585,3510,783,510,5497,3110,220,109,797,415,546,325,1404,811,3,2,0.0,0.6,2622
Anthony Hamilton,Ryan Day,5,1336,1549,0.2669046341101813,0.36993399171498176,859,498,6585,3510,1005,613,6904,3819,220,109,797,415,491,290,1588,889,3,1,0.0,0.75,2622
Tom Ford,Anthony Hamilton,5,1419,1336,0.5962298160217396,0.5516896693427,636,366,4531,2425,859,498,6585,3510,342,186,949,514,220,109,797,415,3,1,0.0,0.75,2622
Tom Ford,Ryan Day,5,1419,1549,0.35157525715471427,0.41945769517934034,636,366,4531,2425,1005,613,6904,3819,342,186,949,514,491,290,1588,889,3,1,0.0,0.75,2622
Tom Ford,Barry Hawkins,5,1419,1539,0.36246925018746684,0.425557483188341,636,366,4531,2425,980,611,7062,3939,342,186,949,514,528,304,1527,875,3,0,0.0,1.0,2622
Ryan Day,Barry Hawkins,5,1549,1539,0.5117169192313755,0.5062496744995104,1005,613,6904,3819,980,611,7062,3939,491,290,1588,889,528,304,1527,875,3,2,0.0,0.6,2622
Ali Carter,Ryan Day,5,1461,1549,0.3981078725345865,0.4452207648927852,942,572,6668,3686,1005,613,6904,3819,349,197,1181,668,491,290,1588,889,3,2,0.0,0.6,2622
Ali Carter,Tom Ford,5,1461,1419,0.5490834638298823,0.5262259093720687,942,572,6668,3686,636,366,4531,2425,349,197,1181,668,342,186,949,514,3,0,0.0,1.0,2622
Ali Carter,Anthony Hamilton,5,1461,1336,0.6429935752689471,0.5774953651858118,942,572,6668,3686,859,498,6585,3510,349,197,1181,668,220,109,797,415,3,2,0.0,0.6,2622
Mark Allen,Kyren Wilson,5,1552,1543,0.5105455403300547,0.5056247627073255,783,510,5497,3110,510,320,3444,1919,546,325,1404,811,644,383,1615,914,3,1,0.0,0.75,2622
Mark Allen,Ryan Day,5,1552,1549,0.5035155755622185,0.5018749912109869,783,510,5497,3110,1005,613,6904,3819,546,325,1404,811,491,290,1588,889,3,0,0.0,1.0,2622
Mark Allen,Ali Carter,5,1552,1461,0.6052784486190135,0.5566309599222533,783,510,5497,3110,942,572,6668,3686,546,325,1404,811,349,197,1181,668,3,0,0.0,1.0,2622
Mark Allen,Tom Ford,5,1552,1419,0.6516678097021388,0.5823675407280794,783,510,5497,3110,636,366,4531,2425,546,325,1404,811,342,186,949,514,3,1,0.0,0.75,2622
Kyren Wilson,Barry Hawkins,5,1543,1539,0.5046873828154295,0.5024999791668749,510,320,3444,1919,980,611,7062,3939,644,383,1615,914,528,304,1527,875,3,1,0.0,0.75,2622
Mark Allen,Tom Ford,5,1552,1419,0.6516678097021388,0.5823675407280794,783,510,5497,3110,636,366,4531,2425,546,325,1404,811,342,186,949,514,3,2,0.0,0.6,2622
Kyren Wilson,Mark Allen,5,1543,1552,0.4894544596699453,0.4943752372926745,510,320,3444,1919,783,510,5497,3110,644,383,1615,914,546,325,1404,811,3,1,0.0,0.75,2622
Liang Wenbo,Barry Hawkins,5,1404,1539,0.346176797766096,0.41641688448272474,625,375,4348,2392,980,611,7062,3939,277,148,1110,605,528,304,1527,875,3,1,0.0,0.75,2622
Liang Wenbo,Ali Carter,5,1404,1461,0.43354050968264723,0.4644351620161461,625,375,4348,2392,942,572,6668,3686,277,148,1110,605,349,197,1181,668,3,2,0.0,0.6,2622
Judd Trump,Tom Ford,5,1540,1419,0.6386257963392385,0.5750535485557879,939,643,6399,3794,636,366,4531,2425,483,287,1591,980,342,186,949,514,3,1,0.0,0.75,2622
Judd Trump,Shaun Murphy,5,1540,1473,0.5779687506289337,0.5417773692836367,939,643,6399,3794,1070,699,7792,4437,483,287,1591,980,343,182,1352,759,3,0,0.0,1.0,2622
Judd Trump,Liang Wenbo,5,1540,1404,0.6548988783631877,0.5841905229354074,939,643,6399,3794,625,375,4348,2392,483,287,1591,980,277,148,1110,605,3,0,0.0,1.0,2622
Judd Trump,Ali Carter,5,1540,1461,0.5916840725093613,0.5492151291013335,939,643,6399,3794,942,572,6668,3686,483,287,1591,980,349,197,1181,668,3,0,0.0,1.0,2622
Shaun Murphy,Tom Ford,5,1473,1419,0.5629942332606505,0.5336988354329009,1070,699,7792,4437,636,366,4531,2425,343,182,1352,759,342,186,949,514,3,2,0.0,0.6,2622
Shaun Murphy,Liang Wenbo,5,1473,1404,0.5802623027882189,0.5430183807243099,1070,699,7792,4437,625,375,4348,2392,343,182,1352,759,277,148,1110,605,3,1,0.0,0.75,2622
Barry Hawkins,Judd Trump,5,1539,1540,0.49882812683105177,0.4993750003255206,980,611,7062,3939,939,643,6399,3794,528,304,1527,875,483,287,1591,980,3,1,0.0,0.75,2622
Barry Hawkins,Shaun Murphy,5,1539,1473,0.5768208908002199,0.541156668150228,980,611,7062,3939,1070,699,7792,4437,528,304,1527,875,343,182,1352,759,3,2,0.0,0.6,2622
Barry Hawkins,Tom Ford,5,1539,1419,0.6375307498125332,0.574442516811659,980,611,7062,3939,636,366,4531,2425,528,304,1527,875,342,186,949,514,3,1,0.0,0.75,2622
Barry Hawkins,Ali Carter,5,1539,1461,0.5905455113158475,0.5485961085831343,980,611,7062,3939,942,572,6668,3686,528,304,1527,875,349,197,1181,668,3,0,0.0,1.0,2622
Barry Hawkins,Mark Allen,5,1539,1552,0.48476964676511625,0.4918757150937391,980,611,7062,3939,783,510,5497,3110,528,304,1527,875,546,325,1404,811,3,1,0.0,0.75,2622
Tom Ford,Liang Wenbo,5,1419,1404,0.5175719473623499,0.5093739015216607,636,366,4531,2425,625,375,4348,2392,342,186,949,514,277,148,1110,605,3,0,0.0,1.0,2622
Ali Carter,Tom Ford,5,1461,1419,0.5490834638298823,0.5262259093720687,942,572,6668,3686,636,366,4531,2425,349,197,1181,668,342,186,949,514,3,0,0.0,1.0,2622
Ali Carter,Shaun Murphy,5,1461,1473,0.48594066335072617,0.4925005624493796,942,572,6668,3686,1070,699,7792,4437,349,197,1181,668,343,182,1352,759,3,1,0.0,0.75,2622
Shaun Murphy,Barry Hawkins,5,1473,1539,0.42317910919977986,0.45884333184977194,1070,699,7792,4437,980,611,7062,3939,343,182,1352,759,528,304,1527,875,3,2,0.0,0.6,2622
Ali Carter,Judd Trump,5,1461,1540,0.40831592749063866,0.45078487089866653,942,572,6668,3686,939,643,6399,3794,349,197,1181,668,483,287,1591,980,3,0,0.0,1.0,2622
Ali Carter,Shaun Murphy,5,1461,1473,0.48594066335072617,0.4925005624493796,942,572,6668,3686,1070,699,7792,4437,349,197,1181,668,343,182,1352,759,3,1,0.0,0.75,2622
Ben Woollaston,Martin Gould,5,1328,1407,0.40831592749063866,0.45078487089866653,608,346,3962,2111,688,415,4640,2546,231,116,978,511,192,103,1003,549,3,1,0.0,0.75,2622
Ben Woollaston,Judd Trump,5,1328,1540,0.267855272214898,0.3705168880326052,608,346,3962,2111,939,643,6399,3794,231,116,978,511,483,287,1591,980,3,2,0.0,0.6,2622
Ben Woollaston,David Gilbert,5,1328,1380,0.43931887717855383,0.4675456936126812,608,346,3962,2111,617,353,4458,2387,231,116,978,511,338,181,1171,637,3,1,0.0,0.75,2622
Ben Woollaston,Mark Williams,5,1328,1592,0.22096933359445686,0.34073961154861454,608,346,3962,2111,1450,955,10921,6282,231,116,978,511,531,319,1781,1047,3,1,0.0,0.75,2622
Mark Williams,Joe Perry,5,1592,1519,0.5848404517138963,0.5454987872127821,1450,955,10921,6282,1080,645,7750,4215,531,319,1781,1047,423,252,1279,717,3,0,0.0,1.0,2622
Mark Williams,David Gilbert,5,1592,1380,0.7321447277851021,0.6294831119673949,1450,955,10921,6282,617,353,4458,2387,531,319,1781,1047,338,181,1171,637,3,0,0.0,1.0,2622
Mark Williams,Martin Gould,5,1592,1407,0.7057954310986476,0.6136070778047783,1450,955,10921,6282,688,415,4640,2546,531,319,1781,1047,192,103,1003,549,3,1,0.0,0.75,2622
Mark Williams,Ricky Walden,5,1592,1445,0.666639963065059,0.5908547524545943,1450,955,10921,6282,859,518,6048,3335,531,319,1781,1047,334,183,1294,684,3,1,0.0,0.75,2622
Ricky Walden,David Gilbert,5,1445,1380,0.5756723221221671,0.5405358392737893,859,518,6048,3335,617,353,4458,2387,334,183,1294,684,338,181,1171,637,3,0,0.0,1.0,2622
Ricky Walden,Judd Trump,5,1445,1540,0.3902199079950799,0.440902528097607,859,518,6048,3335,939,643,6399,3794,334,183,1294,684,483,287,1591,980,3,2,0.0,0.6,2622
Ricky Walden,Ben Woollaston,5,1445,1328,0.6342383043394371,0.5726080638632601,859,518,6048,3335,608,346,3962,2111,334,183,1294,684,231,116,978,511,3,2,0.0,0.6,2622
Judd Trump,Mark Williams,5,1540,1592,0.43931887717855383,0.4675456936126812,939,643,6399,3794,1450,955,10921,6282,483,287,1591,980,531,319,1781,1047,3,0,0.0,1.0,2622
Judd Trump,Joe Perry,5,1540,1519,0.5245924292801949,0.5131219861822433,939,643,6399,3794,1080,645,7750,4215,483,287,1591,980,423,252,1279,717,3,1,0.0,0.75,2622
Judd Trump,David Gilbert,5,1540,1380,0.6802898066080796,0.598687660112452,939,643,6399,3794,617,353,4458,2387,483,287,1591,980,338,181,1171,637,3,0,0.0,1.0,2622
Judd Trump,Martin Gould,5,1540,1407,0.6516678097021388,0.5823675407280794,939,643,6399,3794,688,415,4640,2546,483,287,1591,980,192,103,1003,549,3,1,0.0,0.75,2622
Joe Perry,Ricky Walden,5,1519,1445,0.5859830640468522,0.5461185410457796,1080,645,7750,4215,859,518,6048,3335,423,252,1279,717,334,183,1294,684,3,2,0.0,0.6,2622
Joe Perry,Ben Woollaston,5,1519,1328,0.7117620683399958,0.6171573626529722,1080,645,7750,4215,608,346,3962,2111,423,252,1279,717,231,116,978,511,3,1,0.0,0.75,2622
Martin Gould,Joe Perry,5,1407,1519,0.3712729317592314,0.43045377606077095,688,415,4640,2546,1080,645,7750,4215,192,103,1003,549,423,252,1279,717,3,1,0.0,0.75,2622
Martin Gould,David Gilbert,5,1407,1380,0.5316046253622031,0.5168685956913849,688,415,4640,2546,617,353,4458,2387,192,103,1003,549,338,181,1171,637,3,0,0.0,1.0,2622
Martin Gould,Ricky Walden,5,1407,1445,0.4555689973865378,0.4762678458734389,688,415,4640,2546,859,518,6048,3335,192,103,1003,549,334,183,1294,684,3,1,0.0,0.75,2622
David Gilbert,Joe Perry,5,1380,1519,0.34188227084691264,0.4139887955611293,617,353,4458,2387,1080,645,7750,4215,338,181,1171,637,423,252,1279,717,3,1,0.0,0.75,2622
Mark Williams,Ben Woollaston,5,1592,1328,0.7790306664055431,0.6592603884513855,1450,955,10921,6282,608,346,3962,2111,531,319,1781,1047,231,116,978,511,3,1,0.0,0.75,2622
Ricky Walden,Judd Trump,5,1445,1540,0.3902199079950799,0.440902528097607,859,518,6048,3335,939,643,6399,3794,334,183,1294,684,483,287,1591,980,3,2,0.0,0.6,2622
Mark Williams,Ricky Walden,5,1592,1445,0.666639963065059,0.5908547524545943,1450,955,10921,6282,859,518,6048,3335,531,319,1781,1047,334,183,1294,684,3,1,0.0,0.75,2622
Ben Woollaston,Li Hang,5,1328,1270,0.5676133584967381,0.5361866202317948,608,346,3962,2111,276,141,1987,1022,231,116,978,511,178,83,733,377,3,1,0.0,0.75,2622
Michael White,Ben Woollaston,5,1282,1328,0.4462713899768853,0.4712816430485603,507,287,3422,1801,608,346,3962,2111,244,113,1020,513,231,116,978,511,3,0,0.0,1.0,2622
Ricky Walden,Michael White,5,1445,1282,0.6834033945572626,0.6004882745269664,859,518,6048,3335,507,287,3422,1801,334,183,1294,684,244,113,1020,513,3,2,0.0,0.6,2622
Ricky Walden,Graeme Dott,5,1445,1453,0.49062593740625826,0.4950001666600003,859,518,6048,3335,894,525,6807,3650,334,183,1294,684,357,200,1057,560,3,2,0.0,0.6,2622
Ricky Walden,Li Hang,5,1445,1270,0.6957154251093327,0.6076631698328917,859,518,6048,3335,276,141,1987,1022,334,183,1294,684,178,83,733,377,3,2,0.0,0.6,2622
Ricky Walden,Ben Woollaston,5,1445,1328,0.6342383043394371,0.5726080638632601,859,518,6048,3335,608,346,3962,2111,334,183,1294,684,231,116,978,511,3,1,0.0,0.75,2622
Judd Trump,Michael White,5,1540,1282,0.7738932418150087,0.6558828412078137,939,643,6399,3794,507,287,3422,1801,483,287,1591,980,244,113,1020,513,3,0,0.0,1.0,2622
Judd Trump,Graeme Dott,5,1540,1453,0.6007614835262755,0.5541616527636486,939,643,6399,3794,894,525,6807,3650,483,287,1591,980,357,200,1057,560,3,0,0.0,1.0,2622
Judd Trump,Ben Woollaston,5,1540,1328,0.7321447277851021,0.6294831119673949,939,643,6399,3794,608,346,3962,2111,483,287,1591,980,231,116,978,511,3,1,0.0,0.75,2622
Judd Trump,Ricky Walden,5,1540,1445,0.6097800920049201,0.559097471902393,939,643,6399,3794,859,518,6048,3335,483,287,1591,980,334,183,1294,684,3,0,0.0,1.0,2622
Li Hang,Graeme Dott,5,1270,1453,0.29620713816016253,0.38757906065208403,276,141,1987,1022,894,525,6807,3650,178,83,733,377,357,200,1057,560,3,2,0.0,0.6,2622
Li Hang,Judd Trump,5,1270,1540,0.2159050182765656,0.33737816282991745,276,141,1987,1022,939,643,6399,3794,178,83,733,377,483,287,1591,980,3,0,0.0,1.0,2622
Li Hang,Michael White,5,1270,1282,0.48594066335072617,0.4925005624493796,276,141,1987,1022,507,287,3422,1801,178,83,733,377,244,113,1020,513,3,0,0.0,1.0,2622
Martin Gould,Li Hang,5,1407,1270,0.6559731969251956,0.584797674717737,688,415,4640,2546,276,141,1987,1022,192,103,1003,549,178,83,733,377,3,2,0.0,0.6,2622
Martin Gould,Judd Trump,5,1407,1540,0.34833219029786117,0.41763245927192055,688,415,4640,2546,939,643,6399,3794,192,103,1003,549,483,287,1591,980,3,2,0.0,0.6,2622
Martin Gould,Ricky Walden,5,1407,1445,0.4555689973865378,0.4762678458734389,688,415,4640,2546,859,518,6048,3335,192,103,1003,549,334,183,1294,684,3,0,0.0,1.0,2622
Martin Gould,Michael White,5,1407,1282,0.6429935752689471,0.5774953651858118,688,415,4640,2546,507,287,3422,1801,192,103,1003,549,244,113,1020,513,3,1,0.0,0.75,2622
Martin Gould,Ben Woollaston,5,1407,1328,0.5916840725093613,0.5492151291013335,688,415,4640,2546,608,346,3962,2111,192,103,1003,549,231,116,978,511,3,0,0.0,1.0,2622
Graeme Dott,Ben Woollaston,5,1453,1328,0.6429935752689471,0.5774953651858118,894,525,6807,3650,608,346,3962,2111,357,200,1057,560,231,116,978,511,3,2,0.0,0.6,2622
Graeme Dott,Michael White,5,1453,1282,0.6916371141122034,0.6052765337748445,894,525,6807,3650,507,287,3422,1801,357,200,1057,560,244,113,1020,513,3,2,0.0,0.6,2622
Graeme Dott,Martin Gould,5,1453,1407,0.5537286100231147,0.5287183569514396,894,525,6807,3650,688,415,4640,2546,357,200,1057,560,192,103,1003,549,3,1,0.0,0.75,2622
Judd Trump,Ricky Walden,5,1540,1445,0.6097800920049201,0.559097471902393,939,643,6399,3794,859,518,6048,3335,483,287,1591,980,334,183,1294,684,3,0,0.0,1.0,2622
Martin Gould,Li Hang,5,1407,1270,0.6559731969251956,0.584797674717737,688,415,4640,2546,276,141,1987,1022,192,103,1003,549,178,83,733,377,3,2,0.0,0.6,2622
Martin Gould,Judd Trump,5,1407,1540,0.34833219029786117,0.41763245927192055,688,415,4640,2546,939,643,6399,3794,192,103,1003,549,483,287,1591,980,3,0,0.0,1.0,2622
Ricky Walden,Luca Brecel,5,1445,1330,0.6320373398491563,0.5713839816769324,859,518,6048,3335,369,210,2554,1367,334,183,1294,684,334,171,1114,616,3,0,0.0,1.0,2622
Ricky Walden,Dominic Dale,5,1445,1269,0.6967309158399476,0.6082590307465143,859,518,6048,3335,933,529,6661,3542,334,183,1294,684,184,87,849,439,3,2,0.0,0.6,2622
Ricky Walden,Robert Milkins,5,1445,1380,0.5756723221221671,0.5405358392737893,859,518,6048,3335,869,518,6320,3430,334,183,1294,684,270,146,977,511,3,1,0.0,0.75,2622
Judd Trump,Luca Brecel,5,1540,1330,0.7302379118337844,0.6283161882953663,939,643,6399,3794,369,210,2554,1367,483,287,1591,980,334,171,1114,616,3,1,0.0,0.75,2622
Judd Trump,Robert Milkins,5,1540,1380,0.6802898066080796,0.598687660112452,939,643,6399,3794,869,518,6320,3430,483,287,1591,980,270,146,977,511,3,1,0.0,0.75,2622
Judd Trump,Dominic Dale,5,1540,1269,0.7849318925984742,0.6631804950993565,939,643,6399,3794,933,529,6661,3542,483,287,1591,980,184,87,849,439,3,2,0.0,0.6,2622
Judd Trump,Ricky Walden,5,1540,1445,0.6097800920049201,0.559097471902393,939,643,6399,3794,859,518,6048,3335,483,287,1591,980,334,183,1294,684,3,1,0.0,0.75,2622
Judd Trump,Jimmy Robertson,5,1540,1354,0.7067941636383452,0.6141996427768951,939,643,6399,3794,499,274,3415,1778,483,287,1591,980,335,175,906,483,3,0,0.0,1.0,2622
Jimmy Robertson,Robert Milkins,5,1354,1380,0.4695633986557317,0.48375571893792757,499,274,3415,1778,869,518,6320,3430,335,175,906,483,270,146,977,511,3,1,0.0,0.75,2622
Jimmy Robertson,John Higgins,5,1354,1596,0.24015977238677172,0.35320060744201437,499,274,3415,1778,1441,1017,11557,6835,335,175,906,483,428,246,1575,942,3,2,0.0,0.6,2622
Jimmy Robertson,Luca Brecel,5,1354,1330,0.5280997102632979,0.51499550161941,499,274,3415,1778,369,210,2554,1367,335,175,906,483,334,171,1114,616,3,2,0.0,0.6,2622
Jimmy Robertson,Ricky Walden,5,1354,1445,0.3947215513809864,0.44336904007774663,499,274,3415,1778,859,518,6048,3335,335,175,906,483,334,183,1294,684,3,0,0.0,1.0,2622
Jimmy Robertson,Dominic Dale,5,1354,1269,0.5984974485885728,0.5529259881329059,499,274,3415,1778,933,529,6661,3542,335,175,906,483,184,87,849,439,3,1,0.0,0.75,2622
Robert Milkins,Luca Brecel,5,1380,1330,0.5583657591830317,0.5312093733737563,869,518,6320,3430,369,210,2554,1367,270,146,977,511,334,171,1114,616,3,1,0.0,0.75,2622
John Higgins,Dominic Dale,5,1596,1269,0.8284930572477377,0.6937054019553982,1441,1017,11557,6835,933,529,6661,3542,428,246,1575,942,184,87,849,439,3,0,0.0,1.0,2622
John Higgins,Judd Trump,5,1596,1540,0.5653050064173626,0.5349429451582145,1441,1017,11557,6835,939,643,6399,3794,428,246,1575,942,483,287,1591,980,3,1,0.0,0.75,2622
John Higgins,Robert Milkins,5,1596,1380,0.7359361443461765,0.6318124177361016,1441,1017,11557,6835,869,518,6320,3430,428,246,1575,942,270,146,977,511,3,1,0.0,0.75,2622
John Higgins,Ricky Walden,5,1596,1445,0.6708666717218428,0.5932699921071872,1441,1017,11557,6835,859,518,6048,3335,428,246,1575,942,334,183,1294,684,3,2,0.0,0.6,2622
Dominic Dale,Luca Brecel,5,1269,1330,0.4289288354684101,0.4619487156141408,933,529,6661,3542,369,210,2554,1367,184,87,849,439,334,171,1114,616,3,0,0.0,1.0,2622
Dominic Dale,Robert Milkins,5,1269,1380,0.3723786733374611,0.43106679063045344,933,529,6661,3542,869,518,6320,3430,184,87,849,439,270,146,977,511,3,1,0.0,0.75,2622
Luca Brecel,John Higgins,5,1330,1596,0.2192730808381001,0.3396173269207839,369,210,2554,1367,1441,1017,11557,6835,334,171,1114,616,428,246,1575,942,3,0,0.0,1.0,2622
Judd Trump,Ricky Walden,5,1540,1445,0.6097800920049201,0.559097471902393,939,643,6399,3794,859,518,6048,3335,483,287,1591,980,334,183,1294,684,3,1,0.0,0.75,2622
John Higgins,Jimmy Robertson,5,1596,1354,0.7598402276132283,0.6467993925579857,1441,1017,11557,6835,499,274,3415,1778,428,246,1575,942,335,175,906,483,3,1,0.0,0.75,2622
John Higgins,Judd Trump,5,1596,1540,0.5653050064173626,0.5349429451582145,1441,1017,11557,6835,939,643,6399,3794,428,246,1575,942,483,287,1591,980,3,2,0.0,0.6,2622
Zhou Yuelong,Martin Gould,5,1333,1407,0.4140169359531478,0.4538814589542204,209,117,1441,763,688,415,4640,2546,298,156,874,467,192,103,1003,549,3,0,0.0,1.0,2622
Zhou Yuelong,Kyren Wilson,5,1333,1543,0.2697620881662157,0.37168381170463377,209,117,1441,763,510,320,3444,1919,298,156,874,467,644,383,1615,914,3,1,0.0,0.75,2622
Zhou Yuelong,Mark Selby,5,1333,1554,0.2593666185416439,0.3652845846208415,209,117,1441,763,1117,774,8185,4789,298,156,874,467,465,275,1809,1092,3,2,0.0,0.6,2622
Kyren Wilson,Martin Gould,5,1543,1407,0.6548988783631877,0.5841905229354074,510,320,3444,1919,688,415,4640,2546,644,383,1615,914,192,103,1003,549,3,2,0.0,0.6,2622
Kyren Wilson,Mark Williams,5,1543,1592,0.44279274123347323,0.469413239817919,510,320,3444,1919,1450,955,10921,6282,644,383,1615,914,531,319,1781,1047,3,1,0.0,0.75,2622
Kyren Wilson,Ali Carter,5,1543,1461,0.5950946751482796,0.551071269307342,510,320,3444,1919,942,572,6668,3686,644,383,1615,914,349,197,1181,668,3,1,0.0,0.75,2622
Mark Williams,Zhou Yuelong,5,1592,1333,0.7747545345830869,0.6564468724566059,1450,955,10921,6282,209,117,1441,763,531,319,1781,1047,298,156,874,467,3,2,0.0,0.6,2622
Mark Selby,Mark Williams,5,1554,1592,0.4555689973865378,0.4762678458734389,1117,774,8185,4789,1450,955,10921,6282,465,275,1809,1092,531,319,1781,1047,3,0,0.0,1.0,2622
Mark Selby,Martin Gould,5,1554,1407,0.666639963065059,0.5908547524545943,1117,774,8185,4789,688,415,4640,2546,465,275,1809,1092,192,103,1003,549,3,0,0.0,1.0,2622
Mark Selby,Kyren Wilson,5,1554,1543,0.5128881883269052,0.5068745667645342,1117,774,8185,4789,510,320,3444,1919,465,275,1809,1092,644,383,1615,914,3,1,0.0,0.75,2622
John Higgins,Mark Selby,5,1596,1554,0.5490834638298823,0.5262259093720687,1441,1017,11557,6835,1117,774,8185,4789,428,246,1575,942,465,275,1809,1092,3,0,0.0,1.0,2622
John Higgins,Kyren Wilson,5,1596,1543,0.5618379649527969,0.5330766223661046,1441,1017,11557,6835,510,320,3444,1919,428,246,1575,942,644,383,1615,914,3,1,0.0,0.75,2622
John Higgins,Zhou Yuelong,5,1596,1333,0.7781794924653062,0.6586985747356444,1441,1017,11557,6835,209,117,1441,763,428,246,1575,942,298,156,874,467,3,2,0.0,0.6,2622
John Higgins,Mark Williams,5,1596,1592,0.5046873828154295,0.5024999791668749,1441,1017,11557,6835,1450,955,10921,6282,428,246,1575,942,531,319,1781,1047,3,2,0.0,0.6,2622
John Higgins,Martin Gould,5,1596,1407,0.7097800814946296,0.6159753019181258,1441,1017,11557,6835,688,415,4640,2546,428,246,1575,942,192,103,1003,549,3,0,0.0,1.0,2622
Martin Gould,Mark Williams,5,1407,1592,0.29420456890135227,0.3863929221952217,688,415,4640,2546,1450,955,10921,6282,192,103,1003,549,531,319,1781,1047,3,1,0.0,0.75,2622
Ali Carter,Zhou Yuelong,5,1461,1333,0.6462561425041674,0.5793242521487495,942,572,6668,3686,209,117,1441,763,349,197,1181,668,298,156,874,467,3,2,0.0,0.6,2622
Ali Carter,Mark Williams,5,1461,1592,0.35049291542525274,0.41884903571060617,942,572,6668,3686,1450,955,10921,6282,349,197,1181,668,531,319,1781,1047,3,2,0.0,0.6,2622
Ali Carter,John Higgins,5,1461,1596,0.346176797766096,0.41641688448272474,942,572,6668,3686,1441,1017,11557,6835,349,197,1181,668,428,246,1575,942,3,2,0.0,0.6,2622
Ali Carter,Mark Selby,5,1461,1554,0.39246877605402186,0.4421354272792655,942,572,6668,3686,1117,774,8185,4789,349,197,1181,668,465,275,1809,1092,3,1,0.0,0.75,2622
Ali Carter,Martin Gould,5,1461,1407,0.5629942332606505,0.5336988354329009,942,572,6668,3686,688,415,4640,2546,349,197,1181,668,192,103,1003,549,3,0,0.0,1.0,2622
Zhou Yuelong,Ali Carter,5,1333,1461,0.35374385749583265,0.42067574785125056,209,117,1441,763,942,572,6668,3686,298,156,874,467,349,197,1181,668,3,0,0.0,1.0,2622
John Higgins,Mark Selby,5,1596,1554,0.5490834638298823,0.5262259093720687,1441,1017,11557,6835,1117,774,8185,4789,428,246,1575,942,465,275,1809,1092,3,2,0.0,0.6,2622
John Higgins,Zhou Yuelong,5,1596,1333,0.7781794924653062,0.6586985747356444,1441,1017,11557,6835,209,117,1441,763,428,246,1575,942,298,156,874,467,3,2,0.0,0.6,2622
Mei Xiwen,Gary Thomson,7,1312,1069,0.7957969165005263,0.647370307581549,119,57,803,398,161,83,1156,584,212,107,528,266,0,0,39,17,4,3,0.0,0.5714285714285714,3363
Ben Woollaston,Chen Zifan,7,1331,1150,0.7316341543771714,0.6112334666758695,621,351,4015,2134,82,36,483,215,284,139,1031,534,114,34,317,138,4,3,0.0,0.5714285714285714,3363
Kyren Wilson,Hossein Vafaei,7,1515,1377,0.6814665603465866,0.585404569129465,537,334,3553,1973,114,65,888,450,753,437,1724,968,171,86,611,311,4,3,0.0,0.5714285714285714,3363
Gary Wilson,Rod Lawler,7,1408,1201,0.7597891374076362,0.6265629971237182,431,251,2819,1525,825,439,6242,3210,294,155,785,413,141,56,546,237,4,0,0.0,1.0,3363
James Wattana,Noppon Saengkham,7,1245,1425,0.26948305440756287,0.389360766050778,822,441,6893,3592,248,120,1781,869,150,62,491,210,312,176,860,450,4,2,0.0,0.6666666666666666,3363
Ricky Walden,Luo Honghao,7,1421,1238,0.7338611162888773,0.6124209393479161,881,529,6139,3377,47,24,299,150,425,225,1385,726,182,95,201,99,4,3,0.0,0.5714285714285714,3363
Chris Wakelin,Robbie Williams,7,1426,1292,0.6765921632853334,0.5829754542011996,204,105,1381,709,376,201,2464,1254,252,142,715,370,192,90,669,328,4,3,0.0,0.5714285714285714,3363
Alexander Ursenbacher,Michael Holt,7,1228,1337,0.3545779913833035,0.43229345192664,121,51,754,343,850,489,6130,3249,132,54,361,170,266,127,1175,608,4,0,0.0,1.0,3363
Thepchaiya Un-Nooh,Liang Wenbo,7,1365,1391,0.4645031181885513,0.48375571893792757,342,196,2483,1312,630,377,4367,2399,271,141,868,446,296,155,1129,612,4,1,0.0,0.8,3363
Judd Trump,Amine Amiri,7,1579,1000,0.9718746842412022,0.8096133833451785,968,662,6508,3863,0,0,0,0,592,356,1700,1049,0,0,0,0,4,0,0.0,1.0,3363
Matthew Stevens,Stuart Bingham,7,1413,1506,0.37510296628937845,0.4421354272792655,963,563,7433,4043,1120,714,8100,4620,289,158,764,406,394,226,1432,836,4,2,0.0,0.6666666666666666,3363
Elliot Slessor,Gerard Greene,7,1305,1289,0.5218633393972989,0.5099986668799655,182,80,1134,533,721,385,5338,2776,183,88,546,261,170,80,475,223,4,2,0.0,0.6666666666666666,3363
Yuan Sijun,Mitchell Mann,7,1321,1254,0.5907526477758748,0.5417773692836367,83,34,586,272,252,117,1607,776,244,128,454,231,120,61,552,259,4,2,0.0,0.6666666666666666,3363
Mark Selby,Mark Joyce,7,1573,1294,0.8281850360436097,0.6676332571171155,1132,782,8245,4824,482,254,3464,1760,525,310,1869,1127,194,86,761,382,4,2,0.0,0.6666666666666666,3363
Jimmy Robertson,Harvey Chandler,7,1381,1076,0.8492880506369576,0.6818962645895934,506,279,3443,1794,29,11,184,78,363,191,934,499,120,49,164,72,4,1,0.0,0.8,3363
Neil Robertson,Ken Doherty,7,1508,1263,0.7976923211673973,0.6485108747389209,950,624,6922,3957,1141,690,9271,5068,448,252,1333,774,177,78,597,286,4,1,0.0,0.8,3363
Joe Perry,Michael Collumb,7,1488,1080,0.914736912729561,0.7349725994665188,1086,647,7774,4224,68,29,371,182,447,261,1303,726,27,12,144,74,4,1,0.0,0.8,3363
Tian Pengfei,Oliver Lines,7,1349,1216,0.67536846283006,0.5823675407280794,402,226,2685,1431,208,100,1340,661,238,125,693,350,170,73,573,256,4,2,0.0,0.6666666666666666,3363
Ronnie O'Sullivan,Dominic Dale,7,1686,1282,0.9127024362294031,0.7330201492388575,1245,956,10853,6646,939,531,6685,3553,409,265,1410,900,208,98,873,450,4,3,0.0,0.5714285714285714,3363
Martin O'Donnell,Jackson Page,7,1374,1179,0.7470110120975012,0.6195173196470847,340,170,2147,1089,45,24,284,143,280,152,751,393,130,73,284,143,4,3,0.0,0.5714285714285714,3363
Joe O'Connor,Bai Langning,7,1185,983,0.7545108097932872,0.623633628298226,106,49,643,307,4,0,26,6,122,60,246,117,22,6,22,6,4,2,0.0,0.6666666666666666,3363
Lu Ning,Riley Parsons,7,1280,1000,0.8290321883880187,0.6681877721681662,103,45,689,324,0,0,0,0,197,109,262,139,0,0,0,0,4,3,0.0,0.5714285714285714,3363
Shaun Murphy,Daniel Wells,7,1460,1304,0.7029806026650167,0.5962826992967879,1077,702,7822,4450,375,185,2534,1254,373,195,1382,772,252,128,684,335,4,1,0.0,0.8,3363
Robert Milkins,Nigel Bond,7,1355,1267,0.6184015843393024,0.5547792351072148,875,519,6344,3438,881,479,6903,3604,294,154,1001,519,185,82,552,245,4,1,0.0,0.8,3363
Alan McManus,Zhao Xintong,7,1311,1393,0.3894398892710193,0.448928730692658,948,559,7895,4186,174,95,1169,632,199,98,755,391,293,162,720,379,4,1,0.0,0.8,3363
Anthony McGill,Hammad Miah,7,1388,1240,0.6935058085008956,0.5914589784327801,525,318,3407,1867,161,63,1065,475,318,160,1177,637,199,97,564,257,4,2,0.0,0.6666666666666666,3363
Stephen Maguire,Jimmy White,7,1444,1225,0.7721850273226749,0.633555377636775,980,646,7166,4076,1446,801,12314,6445,450,246,1362,781,149,58,498,215,4,0,0.0,1.0,3363
Kurt Maflin,Alex Borg,7,1282,1077,0.75768573294214,0.6253923497205511,543,308,3657,1962,381,159,2694,1217,187,90,751,394,61,19,347,134,4,1,0.0,0.8,3363
Jack Lisowski,Zhang Anda,7,1517,1347,0.7192100641468833,0.6046790847140093,465,286,3086,1702,328,163,2306,1157,484,293,1060,605,250,132,711,366,4,1,0.0,0.8,3363
Peter Lines,Simon Lichtenberg,7,1302,1031,0.8213053995393751,0.6631804950993565,792,423,5732,2963,35,13,191,83,187,89,640,317,87,27,148,62,4,2,0.0,0.6666666666666666,3363
Andy Lee,Fergal O'Brien,7,1145,1348,0.24442824800689816,0.3757797665027358,126,61,743,361,898,509,6747,3545,134,64,150,73,213,103,774,382,4,2,0.0,0.6666666666666666,3363
Mark King,Jak Jones,7,1402,1230,0.721490850613204,0.6058736684317606,975,548,7126,3761,199,83,1290,574,358,194,1104,609,230,110,472,207,4,1,0.0,0.8,3363
Ding Junhui,Michael White,7,1521,1270,0.8033111045084242,0.6519223788927313,760,511,5897,3367,513,288,3445,1809,472,267,1423,813,267,121,1043,521,4,1,0.0,0.8,3363
Zhang Jiankang,Chen Feilong,7,1032,1120,0.38159841566069774,0.4452207648927852,20,6,120,44,42,15,258,112,86,32,120,44,101,39,117,47,4,3,0.0,0.5714285714285714,3363
Si Jiahui,Brandon Sargeant,7,992,1119,0.33201569905505146,0.421285137539866,1,0,6,2,83,37,476,232,0,0,0,0,73,40,267,134,4,1,0.0,0.8,3363
Kishan Hirani,David Lilley,7,1161,1290,0.32954639777958084,0.4200665998114943,157,77,848,409,102,59,619,334,139,64,265,132,190,100,343,185,4,2,0.0,0.6666666666666666,3363
Liam Highfield,Jordan Brown,7,1415,1225,0.7415764082537253,0.6165665045213193,366,195,2503,1323,118,62,758,384,229,125,677,357,178,94,264,130,4,3,0.0,0.5714285714285714,3363
Andrew Higginson,Lyu Haotian,7,1318,1342,0.4672268289773793,0.4850044983805899,732,432,5178,2829,133,58,968,453,239,122,753,394,252,128,453,228,4,1,0.0,0.8,3363
John Higgins,Jamie O'Neill,7,1619,1225,0.9074479165872151,0.7280991982662492,1457,1030,11625,6878,296,156,1865,974,496,289,1643,985,87,53,154,91,4,1,0.0,0.8,3363
Louis Heathcote,Anthony Hamilton,7,1102,1363,0.18755000502737473,0.3424263893835775,44,19,235,114,878,506,6666,3547,48,29,157,82,301,146,878,452,4,1,0.0,0.8,3363
Li Hang,Matthew Selt,7,1301,1346,0.4387350506415305,0.4719046255916129,283,144,2017,1038,579,314,3944,2062,208,99,763,393,226,115,829,427,4,1,0.0,0.8,3363
Xiao Guodong,Duane Jones,7,1440,1151,0.8365285845595485,0.6731572963701318,459,271,3089,1711,177,84,1060,525,299,166,862,482,131,47,452,178,4,0,0.0,1.0,3363
David Grace,Adam Stefanow,7,1270,1132,0.6814665603465866,0.585404569129465,334,154,2208,1068,75,30,449,204,137,72,562,277,105,40,333,151,4,3,0.0,0.5714285714285714,3363
Martin Gould,Luca Brecel,7,1426,1309,0.6555229391190917,0.5726080638632601,708,426,4716,2585,375,211,2576,1374,268,142,1079,588,356,178,1136,623,4,1,0.0,0.8,3363
David Gilbert,Eden Sharav,7,1342,1228,0.651748409886971,0.5707716118944918,623,354,4478,2391,161,75,1005,471,358,185,1191,641,194,88,521,226,4,0,0.0,1.0,3363
Marco Fu,Sam Craigie,7,1395,1365,0.5409388610739393,0.5187412158785352,891,530,6655,3621,176,89,1081,558,218,114,1088,601,188,102,513,253,4,0,0.0,1.0,3363
Tom Ford,Lee Walker,7,1415,1355,0.5814204865006773,0.5374298453437496,648,370,4578,2446,485,263,3728,1919,389,207,996,535,228,120,644,313,4,1,0.0,0.8,3363
Kacper Filipiak,Michael Georgiou,7,1121,1308,0.26171499503028667,0.3852081305077805,88,37,489,212,242,114,1452,707,45,20,137,75,202,99,617,302,4,3,0.0,0.5714285714285714,3363
Peter Ebdon,Zhou Yuelong,7,1406,1418,0.4835986704357121,0.4925005624493796,1099,629,8608,4627,225,127,1510,803,267,154,797,426,367,196,943,507,4,3,0.0,0.5714285714285714,3363
Mike Dunn,Jamie Clarke,7,1303,1196,0.6428793213307702,0.5664790559676278,726,384,5321,2737,164,82,966,495,199,100,683,337,99,38,298,143,4,1,0.0,0.8,3363
Graeme Dott,Igor Figueiredo,7,1441,1221,0.7732004785001367,0.6341355910108007,900,528,6834,3663,103,51,763,364,384,213,1084,573,12,2,135,57,4,0,0.0,1.0,3363
Scott Donaldson,Peifan Lei,7,1387,1000,0.9036241832308295,0.7246209144181192,254,128,1706,850,0,0,0,0,284,156,716,367,0,0,0,0,4,2,0.0,0.6666666666666666,3363
Ryan Day,Thor Chuan Leong,7,1473,1240,0.786152249899794,0.6416424532015634,1025,620,6986,3853,108,36,704,304,573,324,1670,923,194,100,506,226,4,2,0.0,0.6666666666666666,3363
Mark Davis,Sam Baird,7,1502,1258,0.7967460208697068,0.6479408020806503,1128,683,7890,4329,357,185,2468,1263,309,181,1145,646,229,114,732,364,4,3,0.0,0.5714285714285714,3363
Billy Joe Castle,Ashley Carty,7,1164,1235,0.4039387802743521,0.4557411415821268,64,29,382,177,146,76,849,439,155,66,298,130,151,73,271,141,4,2,0.0,0.6666666666666666,3363
Ali Carter,Fan Zhengyi,7,1490,959,0.9608669100259551,0.7904268047931361,962,584,6746,3727,21,2,136,39,427,238,1259,709,79,20,98,24,4,3,0.0,0.5714285714285714,3363
Stuart Carrington,Xu Si,7,1362,1177,0.7360780864464773,0.6136070778047783,353,196,2316,1220,58,20,400,168,295,149,798,422,144,61,340,146,4,3,0.0,0.5714285714285714,3363
James Cahill,Akani Songsermsawad,7,1279,1330,0.43064928112217615,0.4681681105837757,175,70,1087,492,111,58,823,416,184,110,421,214,261,131,755,387,4,2,0.0,0.6666666666666666,3363
Ian Burns,Craig Steadman,7,1299,1319,0.4726790179572131,0.4875026035157896,347,177,2212,1117,460,247,3031,1582,214,104,621,292,242,128,629,306,4,3,0.0,0.5714285714285714,3363
Alfie Burden,Soheil Vahedi,7,1324,1092,0.7851724867885262,0.6410674063348171,689,369,4991,2561,41,9,271,102,238,120,682,331,121,43,236,89,4,2,0.0,0.6666666666666666,3363
Chang Bingyu,Fraser Patrick,7,1062,1179,0.34447706088090824,0.42739193613673987,10,4,78,32,205,85,1341,616,73,31,73,31,49,25,279,126,4,2,0.0,0.6666666666666666,3363
Yan Bingtao,Barry Pinches,7,1434,1241,0.7448448720621436,0.6183380393302829,153,93,1080,604,744,386,5752,2990,284,156,851,486,75,41,234,133,4,1,0.0,0.8,3363
John Astley,Barry Hawkins,7,1274,1577,0.15226728492819896,0.31918928918436135,215,100,1357,638,1002,626,7152,3993,166,72,587,286,618,358,1617,929,4,0,0.0,1.0,3363
Mark Allen,Andy Hicks,7,1554,1263,0.8381631906470501,0.6742564252229473,792,515,5533,3130,629,342,5017,2605,582,345,1440,831,94,52,370,193,4,2,0.0,0.6666666666666666,3363
Kyren Wilson,Peter Lines,7,1515,1302,0.7660354477872332,0.6300660082850182,537,334,3553,1973,792,423,5732,2963,753,437,1724,968,187,89,640,317,4,1,0.0,0.8,3363
James Wattana,Alan McManus,7,1245,1311,0.4105773109788817,0.45884333184977194,822,441,6893,3592,948,559,7895,4186,150,62,491,210,199,98,755,391,4,0,0.0,1.0,3363
Ricky Walden,Stuart Carrington,7,1421,1362,0.5800831913605062,0.5368082899889803,881,529,6139,3377,353,196,2316,1220,425,225,1385,726,295,149,798,422,4,3,0.0,0.5714285714285714,3363
Chris Wakelin,Gary Wilson,7,1426,1408,0.5245927745980452,0.5112481019468548,204,105,1381,709,431,251,2819,1525,252,142,715,370,294,155,785,413,4,1,0.0,0.8,3363
Thepchaiya Un-Nooh,Robert Milkins,7,1365,1355,0.51366902727117,0.5062496744995104,342,196,2483,1312,875,519,6344,3438,271,141,868,446,294,154,1001,519,4,1,0.0,0.8,3363
Judd Trump,Yuan Sijun,7,1579,1321,0.8097380368967944,0.6558828412078137,968,662,6508,3863,83,34,586,272,592,356,1700,1049,244,128,454,231,4,0,0.0,1.0,3363
Elliot Slessor,Anthony McGill,7,1305,1388,0.3881295430910018,0.44831033065729986,182,80,1134,533,525,318,3407,1867,183,88,546,261,318,160,1177,637,4,2,0.0,0.6666666666666666,3363
Mark Selby,Alfie Burden,7,1573,1324,0.8014494333741898,0.6507869207968349,1132,782,8245,4824,689,369,4991,2561,525,310,1869,1127,238,120,682,331,4,1,0.0,0.8,3363
Jimmy Robertson,Martin O'Donnell,7,1381,1374,0.5095693356278297,0.5043748883497735,506,279,3443,1794,340,170,2147,1089,363,191,934,499,280,152,751,393,4,2,0.0,0.6666666666666666,3363
Neil Robertson,Ian Burns,7,1508,1299,0.7618819203066071,0.6277321638605189,950,624,6922,3957,347,177,2212,1117,448,252,1333,774,214,104,621,292,4,1,0.0,0.8,3363
Joe Perry,Kishan Hirani,7,1488,1161,0.8656564170034025,0.6937054019553982,1086,647,7774,4224,157,77,848,409,447,261,1303,726,139,64,265,132,4,3,0.0,0.5714285714285714,3363
Ronnie O'Sullivan,James Cahill,7,1686,1279,0.9142318609422069,0.7344853437972199,1245,956,10853,6646,175,70,1087,492,409,265,1410,900,184,110,421,214,4,0,0.0,1.0,3363
Joe O'Connor,Yan Bingtao,7,1185,1434,0.19855056662581022,0.34921307920316513,106,49,643,307,153,93,1080,604,122,60,246,117,284,156,851,486,4,2,0.0,0.6666666666666666,3363
Lu Ning,Ali Carter,7,1280,1490,0.23707568505247512,0.37168381170463377,103,45,689,324,962,584,6746,3727,197,109,262,139,427,238,1259,709,4,3,0.0,0.5714285714285714,3363
Shaun Murphy,Mark Davis,7,1460,1502,0.44278839657477087,0.4737740906279313,1077,702,7822,4450,1128,683,7890,4329,373,195,1382,772,309,181,1145,646,4,0,0.0,1.0,3363
Kurt Maflin,Matthew Stevens,7,1282,1413,0.32708497904170997,0.41884903571060617,543,308,3657,1962,963,563,7433,4043,187,90,751,394,289,158,764,406,4,3,0.0,0.5714285714285714,3363
Jack Lisowski,David Grace,7,1517,1270,0.7995764997363425,0.6496497492904088,465,286,3086,1702,334,154,2208,1068,484,293,1060,605,137,72,562,277,4,0,0.0,1.0,3363
Ding Junhui,Mei Xiwen,7,1521,1312,0.7618819203066071,0.6277321638605189,760,511,5897,3367,119,57,803,398,472,267,1423,813,212,107,528,266,4,0,0.0,1.0,3363
Zhang Jiankang,John Astley,7,1032,1274,0.20515498938795906,0.35320060744201437,20,6,120,44,215,100,1357,638,86,32,120,44,166,72,587,286,4,1,0.0,0.8,3363
Liam Highfield,Li Hang,7,1415,1301,0.651748409886971,0.5707716118944918,366,195,2503,1323,283,144,2017,1038,229,125,677,357,208,99,763,393,4,3,0.0,0.5714285714285714,3363
Andrew Higginson,Si Jiahui,7,1318,992,0.8649416467776995,0.6931739493259501,732,432,5178,2829,1,0,6,2,239,122,753,394,0,0,0,0,4,2,0.0,0.6666666666666666,3363
John Higgins,Alexander Ursenbacher,7,1619,1228,0.9058240055138194,0.726611880149394,1457,1030,11625,6878,121,51,754,343,496,289,1643,985,132,54,361,170,4,1,0.0,0.8,3363
Xiao Guodong,Andy Lee,7,1440,1145,0.8413983490710147,0.6764489333484797,459,271,3089,1711,126,61,743,361,299,166,862,482,134,64,150,73,4,0,0.0,1.0,3363
Martin Gould,Kacper Filipiak,7,1426,1121,0.8492880506369576,0.6818962645895934,708,426,4716,2585,88,37,489,212,268,142,1079,588,45,20,137,75,4,3,0.0,0.5714285714285714,3363
David Gilbert,Chang Bingyu,7,1342,1062,0.8290321883880187,0.6681877721681662,623,354,4478,2391,10,4,78,32,358,185,1191,641,73,31,73,31,4,2,0.0,0.6666666666666666,3363
Marco Fu,Stephen Maguire,7,1395,1444,0.433341285511335,0.469413239817919,891,530,6655,3621,980,646,7166,4076,218,114,1088,601,450,246,1362,781,4,2,0.0,0.6666666666666666,3363
Tom Ford,Mark King,7,1415,1402,0.5177671819164105,0.5081242849062608,648,370,4578,2446,975,548,7126,3761,389,207,996,535,358,194,1104,609,4,2,0.0,0.6666666666666666,3363
Peter Ebdon,Tian Pengfei,7,1406,1349,0.5774056625100122,0.5355648379838539,1099,629,8608,4627,402,226,2685,1431,267,154,797,426,238,125,693,350,4,3,0.0,0.5714285714285714,3363
Mike Dunn,Ryan Day,7,1303,1473,0.2807899358531167,0.39532091528599067,726,384,5321,2737,1025,620,6986,3853,199,100,683,337,573,324,1670,923,4,3,0.0,0.5714285714285714,3363
Graeme Dott,Ben Woollaston,7,1441,1331,0.6466907800352545,0.5683199834782481,900,528,6834,3663,621,351,4015,2134,384,213,1084,573,284,139,1031,534,4,1,0.0,0.8,3363
Scott Donaldson,Billy Joe Castle,7,1387,1164,0.7762304913665884,0.6358738914270539,254,128,1706,850,64,29,382,177,284,156,716,367,155,66,298,130,4,2,0.0,0.6666666666666666,3363
Mark Allen,Louis Heathcote,7,1554,1102,0.9347062907150968,0.7558388990947971,792,515,5533,3130,44,19,235,114,582,345,1440,831,48,29,157,82,4,1,0.0,0.8,3363
Chris Wakelin,Lu Ning,7,1426,1280,0.691115079332653,0.5902502519301834,204,105,1381,709,103,45,689,324,252,142,715,370,197,109,262,139,4,0,0.0,1.0,3363
Thepchaiya Un-Nooh,Marco Fu,7,1365,1395,0.4590611389260606,0.4812587841214648,342,196,2483,1312,891,530,6655,3621,271,141,868,446,218,114,1088,601,4,2,0.0,0.6666666666666666,3363
Judd Trump,James Wattana,7,1579,1245,0.8705826043505938,0.6974111143958823,968,662,6508,3863,822,441,6893,3592,592,356,1700,1049,150,62,491,210,4,1,0.0,0.8,3363
Mark Selby,Liam Highfield,7,1573,1415,0.7053268662779104,0.5974857658270161,1132,782,8245,4824,366,195,2503,1323,525,310,1869,1127,229,125,677,357,4,0,0.0,1.0,3363
Jimmy Robertson,Kurt Maflin,7,1381,1282,0.6326419490877371,0.5615610703361955,506,279,3443,1794,543,308,3657,1962,363,191,934,499,187,90,751,394,4,3,0.0,0.5714285714285714,3363
Neil Robertson,Peter Ebdon,7,1508,1406,0.6364932182719292,0.5634067862621936,950,624,6922,3957,1099,629,8608,4627,448,252,1333,774,267,154,797,426,4,0,0.0,1.0,3363
Joe Perry,Joe O'Connor,7,1488,1185,0.847732715071801,0.6808107108156386,1086,647,7774,4224,106,49,643,307,447,261,1303,726,122,60,246,117,4,2,0.0,0.6666666666666666,3363
Ronnie O'Sullivan,Martin Gould,7,1686,1426,0.8115488427624657,0.6570104626734988,1245,956,10853,6646,708,426,4716,2585,409,265,1410,900,268,142,1079,588,4,0,0.0,1.0,3363
Shaun Murphy,Ricky Walden,7,1460,1421,0.5531518743848329,0.5243557087682073,1077,702,7822,4450,881,529,6139,3377,373,195,1382,772,425,225,1385,726,4,2,0.0,0.6666666666666666,3363
Jack Lisowski,Mike Dunn,7,1517,1303,0.7670671244589201,0.6306485256510744,465,286,3086,1702,726,384,5321,2737,484,293,1060,605,199,100,683,337,4,1,0.0,0.8,3363
Zhang Jiankang,Tom Ford,7,1032,1415,0.09861552577874014,0.2773790156250353,20,6,120,44,648,370,4578,2446,86,32,120,44,389,207,996,535,4,3,0.0,0.5714285714285714,3363
John Higgins,Andrew Higginson,7,1619,1318,0.8461660899282688,0.6797231924722057,1457,1030,11625,6878,732,432,5178,2829,496,289,1643,985,239,122,753,394,4,3,0.0,0.5714285714285714,3363
David Gilbert,Xiao Guodong,7,1342,1440,0.36864499282379254,0.43905454967528373,623,354,4478,2391,459,271,3089,1711,358,185,1191,641,299,166,862,482,4,3,0.0,0.5714285714285714,3363
Graeme Dott,Ding Junhui,7,1441,1521,0.3920645840647391,0.45016600268752216,900,528,6834,3663,760,511,5897,3367,384,213,1084,573,472,267,1423,813,4,0,0.0,1.0,3363
Scott Donaldson,Kyren Wilson,7,1387,1515,0.33078006904137963,0.42067574785125056,254,128,1706,850,537,334,3553,1973,284,156,716,367,753,437,1724,968,4,2,0.0,0.6666666666666666,3363
Mark Allen,Elliot Slessor,7,1554,1305,0.8014494333741898,0.6507869207968349,792,515,5533,3130,182,80,1134,533,582,345,1440,831,183,88,546,261,4,1,0.0,0.8,3363
Thepchaiya Un-Nooh,Neil Robertson,7,1365,1508,0.3124871992801179,0.4115648798723618,342,196,2483,1312,950,624,6922,3957,271,141,868,446,448,252,1333,774,4,0,0.0,1.0,3363
Judd Trump,Graeme Dott,7,1579,1441,0.6814665603465866,0.585404569129465,968,662,6508,3863,900,528,6834,3663,592,356,1700,1049,384,213,1084,573,4,2,0.0,0.6666666666666666,3363
Mark Selby,Jimmy Robertson,7,1573,1381,0.7437579445222342,0.617747874769249,1132,782,8245,4824,506,279,3443,1794,525,310,1869,1127,363,191,934,499,4,0,0.0,1.0,3363
Ronnie O'Sullivan,Joe Perry,7,1686,1488,0.7502408354966205,0.6212835951910678,1245,956,10853,6646,1086,647,7774,4224,409,265,1410,900,447,261,1303,726,4,2,0.0,0.6666666666666666,3363
Jack Lisowski,John Higgins,7,1517,1619,0.3635067817280711,0.4365932137378064,465,286,3086,1702,1457,1030,11625,6878,484,293,1060,605,496,289,1643,985,4,2,0.0,0.6666666666666666,3363
David Gilbert,Shaun Murphy,7,1342,1460,0.34322251370053336,0.42678022732016513,623,354,4478,2391,1077,702,7822,4450,358,185,1191,641,373,195,1382,772,4,2,0.0,0.6666666666666666,3363
Scott Donaldson,Zhang Jiankang,7,1387,1032,0.8845606606866738,0.708373991032327,254,128,1706,850,20,6,120,44,284,156,716,367,86,32,120,44,4,2,0.0,0.6666666666666666,3363
Mark Allen,Chris Wakelin,7,1554,1426,0.6692199309586204,0.5793242521487495,792,515,5533,3130,204,105,1381,709,582,345,1440,831,252,142,715,370,4,1,0.0,0.8,3363
Mark Selby,Ronnie O'Sullivan,9,1573,1686,0.3317960811303977,0.42984097461816473,1132,782,8245,4824,1245,956,10853,6646,525,310,1869,1127,409,265,1410,900,5,4,0.0,0.5555555555555556,3363
Jack Lisowski,Thepchaiya Un-Nooh,9,1517,1365,0.7204972079640919,0.5938731029341427,465,286,3086,1702,342,196,2483,1312,484,293,1060,605,271,141,868,446,5,3,0.0,0.625,3363
David Gilbert,Judd Trump,9,1342,1579,0.18211109587733504,0.356061444034367,623,354,4478,2391,968,662,6508,3863,358,185,1191,641,592,356,1700,1049,5,2,0.0,0.7142857142857143,3363
Mark Allen,Scott Donaldson,9,1554,1387,0.7394330371891276,0.6028848673274662,792,515,5533,3130,254,128,1706,850,582,345,1440,831,284,156,716,367,5,1,0.0,0.8333333333333334,3363
Mark Selby,David Gilbert,11,1573,1342,0.8347536608980125,0.6404919537233386,1132,782,8245,4824,623,354,4478,2391,525,310,1869,1127,358,185,1191,641,6,1,0.0,0.8571428571428571,3363
Fan Zhengyi,Zhou Yuelong,11,971,1414,0.03327117347090516,0.24833725955970418,22,2,143,42,226,127,1517,806,7,3,105,27,7,3,679,368,6,4,0.0,0.6,3320
Mei Xiwen,Ken Doherty,11,1296,1257,0.5656716679114975,0.5243557087682073,121,58,814,402,1142,690,9276,5069,11,4,400,193,5,1,406,196,6,4,0.0,0.6,3320
Zhao Xintong,Alexander Ursenbacher,11,1379,1243,0.7174960378979142,0.5841905229354074,175,95,1174,633,123,52,763,348,5,1,513,275,9,5,333,153,6,5,0.0,0.5454545454545454,3320
Ben Woollaston,Zhang Jiankang,11,1320,1074,0.849758322889838,0.6490805242445733,623,352,4027,2139,24,9,145,58,12,5,676,352,25,14,129,51,6,2,0.0,0.75,3320
Gary Wilson,Bai Langning,11,1408,981,0.9617460765894776,0.7441211943032843,433,252,2828,1530,5,0,32,8,9,5,589,310,6,2,28,8,6,3,0.0,0.6666666666666666,3320
Kyren Wilson,Riley Parsons,11,1509,1005,0.9809523828315617,0.7790261077798122,540,336,3571,1983,1,0,7,3,18,10,1247,702,7,3,7,3,6,0,0.0,1.0,3320
Robbie Williams,Luo Honghao,11,1293,1240,0.5888897906976714,0.5330766223661046,377,201,2471,1257,48,24,306,153,7,3,432,210,7,3,208,102,6,3,0.0,0.6666666666666666,3320
Mark Williams,Fraser Patrick,11,1560,1168,0.948613275445725,0.7271082163411295,1464,962,10976,6310,206,85,1347,618,0,0,1255,749,6,2,148,71,6,2,0.0,0.75,3320
Michael White,Fergal O'Brien,11,1264,1334,0.3833548191267751,0.4563613127629212,514,288,3450,1810,899,509,6753,3547,5,1,673,333,6,2,482,231,6,2,0.0,0.75,3320
Liang Wenbo,Dominic Dale,11,1378,1291,0.6437899934492848,0.5541616527636486,631,377,4372,2400,940,531,6692,3556,5,1,639,333,7,3,449,222,6,5,0.0,0.5454545454545454,3320
Daniel Wells,Zhang Anda,11,1296,1339,0.42766660527852707,0.4731508513108857,376,185,2539,1255,329,163,2311,1158,5,1,489,240,5,1,451,224,6,3,0.0,0.6666666666666666,3320
Ricky Walden,Xu Si,11,1415,1179,0.839863860460572,0.6433651456944017,884,531,6159,3387,59,20,407,171,20,10,847,446,7,3,293,124,6,3,0.0,0.6666666666666666,3320
Chris Wakelin,Ashley Carty,11,1441,1225,0.8187701366837733,0.6318124177361016,208,108,1402,722,147,76,855,441,21,13,510,275,6,2,236,123,6,3,0.0,0.6666666666666666,3320
Thepchaiya Un-Nooh,Jamie O'Neill,11,1415,1222,0.7923692348926034,0.6183380393302829,347,200,2511,1331,297,156,1870,975,28,19,595,314,5,1,130,78,6,5,0.0,0.5454545454545454,3320
Judd Trump,Amine Amiri,11,1584,994,0.9918692691394349,0.8138161720984914,973,666,6534,3881,1,0,4,0,26,18,1175,727,4,0,4,0,6,0,0.0,1.0,3320
Matthew Stevens,Chen Feilong,11,1415,1113,0.8973050799605787,0.6802671966986485,965,564,7446,4050,43,15,265,115,13,7,510,264,7,3,124,50,6,0,0.0,1.0,3320
Akani Songsermsawad,Lee Walker,11,1320,1344,0.45946749628863376,0.4850044983805899,112,58,829,418,486,263,3733,1920,6,2,536,271,5,1,461,229,6,4,0.0,0.6,3320
Yuan Sijun,Hammad Miah,11,1316,1236,0.6326951586011105,0.549833997312478,85,35,596,276,162,63,1071,477,10,4,360,176,6,2,386,176,6,5,0.0,0.5454545454545454,3320
Eden Sharav,Shaun Murphy,11,1214,1479,0.1326313945961502,0.3401782450279425,162,75,1009,471,1081,705,7843,4464,4,0,389,171,21,14,978,539,6,4,0.0,0.6,3320
Mark Selby,Andy Hicks,11,1625,1263,0.934568831978495,0.7119759194127935,1138,788,8280,4851,630,342,5023,2607,35,27,1143,679,6,2,209,115,6,0,0.0,1.0,3320
Noppon Saengkham,Jackson Page,11,1412,1182,0.8337185633337647,0.6399160967377341,249,120,1787,871,46,24,291,146,6,2,628,336,7,3,291,146,6,5,0.0,0.5454545454545454,3320
Jimmy Robertson,Kacper Filipiak,11,1383,1137,0.849758322889838,0.6490805242445733,510,282,3465,1806,90,38,503,219,22,12,701,368,14,7,111,58,6,4,0.0,0.6,3320
Neil Robertson,Alex Borg,11,1516,1070,0.9675984391780449,0.7530600904213377,954,627,6940,3969,382,159,2699,1218,18,12,982,574,5,1,206,71,6,0,0.0,1.0,3320
Joe Perry,Simon Lichtenberg,11,1482,1031,0.969004445132317,0.7553772379137498,1090,650,7798,4238,36,13,197,85,24,14,862,489,6,2,131,49,6,5,0.0,0.5454545454545454,3320
Tian Pengfei,Sam Craigie,11,1351,1350,0.5016918892440952,0.5006249996744794,404,227,2698,1438,177,89,1085,558,13,7,509,268,4,0,366,179,6,4,0.0,0.6,3320
Ronnie O'Sullivan,Ross Bulman,11,1691,1013,0.9968302794142154,0.8448805773736964,1250,960,10883,6666,5,2,24,12,30,20,949,606,0,0,24,12,6,0,0.0,1.0,3320
Martin O'Donnell,Kishan Hirani,11,1363,1180,0.7801859416806328,0.6124209393479161,342,171,2160,1095,159,78,861,416,13,6,559,294,13,7,199,100,6,4,0.0,0.6,3320
Lu Ning,Joe O'Connor,11,1273,1202,0.6182601443078577,0.5442588584178731,106,47,707,332,109,51,661,317,18,8,242,134,18,10,204,102,6,0,0.0,1.0,3320
Robert Milkins,Harvey Chandler,11,1353,1071,0.8818249401053111,0.669295402777446,877,520,6354,3443,30,11,189,79,10,5,637,335,5,1,152,67,6,4,0.0,0.6,3320
Alan McManus,Elliot Slessor,11,1308,1317,0.4847768026393152,0.4943752372926745,950,560,7904,4190,185,82,1151,542,9,4,440,224,17,9,429,210,6,1,0.0,0.8571428571428571,3320
Anthony McGill,Mitchell Mann,11,1382,1248,0.7146414155676208,0.5829754542011996,527,319,3419,1873,253,117,1613,778,12,6,802,419,6,2,330,158,6,1,0.0,0.8571428571428571,3320
Stephen Maguire,Billy Joe Castle,11,1447,1172,0.87601912592788,0.665410558746814,982,647,7176,4082,66,30,394,183,10,6,916,523,12,6,310,136,6,4,0.0,0.6,3320
Kurt Maflin,Thor Chuan Leong,11,1297,1239,0.5971085093515105,0.5361866202317948,546,310,3676,1973,109,36,710,306,19,11,473,242,6,2,353,165,6,2,0.0,0.75,3320
Jack Lisowski,David Lilley,11,1556,1278,0.8785323228952183,0.6670782770956253,470,291,3114,1723,103,59,625,336,28,21,837,490,6,2,243,128,6,2,0.0,0.75,3320
Mark King,Chang Bingyu,11,1402,1073,0.9157023013753977,0.6947667628737805,977,549,7137,3767,12,5,90,38,11,6,757,412,12,6,85,37,6,5,0.0,0.5454545454545454,3320
Ding Junhui,Duane Jones,11,1521,1141,0.9433267852514017,0.7211151780228631,763,513,5910,3375,178,84,1064,525,13,8,854,482,4,0,297,110,6,2,0.0,0.75,3320
Jak Jones,Andrew Higginson,11,1222,1336,0.31466446801830544,0.4292283881055083,200,83,1295,575,735,434,5196,2840,5,1,384,169,18,11,493,256,6,4,0.0,0.6,3320
Michael Holt,Adam Stefanow,11,1319,1133,0.7838851580228863,0.6141996427768951,851,489,6134,3249,76,30,456,207,4,0,612,308,7,3,206,86,6,1,0.0,0.8571428571428571,3320
Liam Highfield,Mike Dunn,11,1400,1315,0.6406324665836775,0.5529259881329059,369,197,2521,1331,729,386,5338,2746,18,8,461,243,17,9,452,228,6,2,0.0,0.75,3320
John Higgins,Peter Lines,11,1609,1295,0.9058268970780113,0.6867567266439019,1461,1033,11648,6892,794,424,5743,2968,23,14,1096,657,11,5,410,197,6,0,0.0,1.0,3320
Louis Heathcote,Hossein Vafaei,11,1118,1378,0.1371156226654094,0.34298953732650117,46,20,245,119,115,65,895,453,10,5,100,57,7,3,482,249,6,5,0.0,0.5454545454545454,3320
Barry Hawkins,Gerard Greene,11,1555,1281,0.875173026227756,0.6648537304059736,1003,626,7156,3993,722,385,5344,2778,4,0,1118,643,6,2,352,164,6,2,0.0,0.75,3320
Lyu Haotian,Andy Lee,11,1329,1149,0.7764491076959295,0.610639233949222,134,58,973,454,128,62,753,365,5,1,427,211,10,4,144,68,6,1,0.0,0.8571428571428571,3320
Li Hang,Jamie Clarke,11,1313,1187,0.7030818618963935,0.5781052328843092,285,145,2029,1045,165,82,971,496,12,7,545,282,5,1,202,90,6,1,0.0,0.8571428571428571,3320
Anthony Hamilton,Sam Baird,11,1345,1262,0.6374648969394331,0.5516896693427,879,506,6671,3548,358,185,2475,1266,5,1,565,276,7,3,428,207,6,2,0.0,0.75,3320
Xiao Guodong,Rod Lawler,11,1452,1189,0.8655876981658941,0.6586985747356444,462,273,3104,1722,826,439,6246,3210,15,11,623,357,4,0,295,115,6,1,0.0,0.8571428571428571,3320
David Grace,Tom Ford,11,1258,1418,0.2494064121467542,0.401312339887548,336,155,2219,1072,651,372,4596,2457,11,4,364,176,18,11,737,400,6,3,0.0,0.6666666666666666,3320
Martin Gould,Alfie Burden,11,1418,1319,0.6625131348293405,0.5615610703361955,711,428,4732,2593,691,370,5002,2566,16,8,732,398,11,5,471,228,6,4,0.0,0.6,3320
Michael Georgiou,Oliver Lines,11,1298,1212,0.6422124980112687,0.5535439031511183,243,114,1459,710,209,100,1346,663,7,3,392,185,6,2,379,166,6,4,0.0,0.6,3320
Marco Fu,Craig Steadman,11,1410,1314,0.6578692364081125,0.5597136492671929,894,532,6671,3631,461,247,3038,1585,16,10,644,344,7,3,429,208,6,3,0.0,0.6666666666666666,3320
Peter Ebdon,John Astley,11,1398,1278,0.6942681409008947,0.574442516811659,1102,631,8626,4635,217,101,1366,643,18,8,576,313,9,5,415,198,6,5,0.0,0.5454545454545454,3320
Graeme Dott,Barry Pinches,11,1476,1234,0.8458526117374912,0.6467993925579857,904,531,6853,3677,745,386,5757,2991,19,14,759,414,5,1,140,83,6,1,0.0,0.8571428571428571,3320
Scott Donaldson,Chen Zifan,11,1386,1152,0.8378328351257411,0.6422170929574377,259,132,1736,867,83,36,490,218,30,17,514,270,7,3,278,120,6,1,0.0,0.8571428571428571,3320
Ryan Day,Soheil Vahedi,11,1464,1091,0.9400422326636385,0.7175822059302752,1027,621,6999,3860,42,9,277,104,13,7,1237,678,6,2,242,91,6,3,0.0,0.6666666666666666,3320
Mark Davis,Si Jiahui,11,1481,1008,0.9745836557270372,0.7653970126407402,1130,684,7901,4333,3,1,17,8,11,4,729,409,11,6,11,6,6,5,0.0,0.5454545454545454,3320
Ali Carter,Brandon Sargeant,11,1467,1104,0.9350825402753549,0.7124883131320702,964,585,6760,3734,84,37,481,233,14,7,783,434,5,1,138,72,6,0,0.0,1.0,3320
Stuart Carrington,James Wattana,11,1358,1271,0.6437899934492848,0.5541616527636486,355,197,2330,1227,825,443,6908,3601,14,7,561,296,15,9,308,128,6,3,0.0,0.6666666666666666,3320
James Cahill,David Gilbert,11,1280,1383,0.3313350206831467,0.43597836257374245,177,71,1097,496,629,359,4515,2413,10,4,281,154,37,22,833,442,6,4,0.0,0.6,3320
Ian Burns,Matthew Selt,11,1297,1333,0.43933752904864576,0.4775151752081999,349,178,2224,1122,580,314,3949,2063,12,5,411,188,5,1,517,259,6,0,0.0,1.0,3320
Jordan Brown,Mark Joyce,11,1228,1294,0.389835554940007,0.45884333184977194,119,62,765,387,483,254,3470,1762,7,3,225,112,6,2,534,267,6,2,0.0,0.75,3320
Nigel Bond,Luca Brecel,11,1257,1300,0.42766660527852707,0.4731508513108857,882,479,6908,3605,376,211,2581,1375,5,1,366,160,5,1,758,410,6,5,0.0,0.5454545454545454,3320
Yan Bingtao,Igor Figueiredo,11,1426,1209,0.8198661538135361,0.6323937895695628,155,94,1091,610,104,51,767,364,11,6,665,380,4,0,100,45,6,1,0.0,0.8571428571428571,3320
Stuart Bingham,Peifan Lei,11,1495,1003,0.9786766110639876,0.7738185742694538,1121,714,8106,4622,1,0,6,2,6,2,852,491,6,2,6,2,6,4,0.0,0.6,3320
Mark Allen,Jimmy White,11,1582,1213,0.9380966942300942,0.7155512239631054,797,520,5560,3151,1447,801,12318,6445,27,21,1058,619,4,0,350,145,6,3,0.0,0.6666666666666666,3320
Zhao Xintong,Thepchaiya Un-Nooh,11,1379,1415,0.43933752904864576,0.4775151752081999,175,95,1174,633,347,200,2511,1331,5,1,513,275,28,19,595,314,6,4,0.0,0.6,3320
Ben Woollaston,Scott Donaldson,11,1320,1386,0.389835554940007,0.45884333184977194,623,352,4027,2139,259,132,1736,867,12,5,676,352,30,17,514,270,6,4,0.0,0.6,3320
Gary Wilson,Chris Wakelin,11,1408,1441,0.44435687288841547,0.47938669028555136,433,252,2828,1530,208,108,1402,722,9,5,589,310,21,13,510,275,6,4,0.0,0.6,3320
Michael White,Mark Williams,11,1264,1560,0.10716903347759046,0.323004143761477,514,288,3450,1810,1464,962,10976,6310,5,1,673,333,0,0,1255,749,6,2,0.0,0.75,3320
Liang Wenbo,David Grace,11,1378,1258,0.6942681409008947,0.574442516811659,631,377,4372,2400,336,155,2219,1072,5,1,639,333,11,4,364,176,6,3,0.0,0.6666666666666666,3320
Judd Trump,Mei Xiwen,11,1584,1296,0.886639866993501,0.6726070170677604,973,666,6534,3881,121,58,814,402,26,18,1175,727,11,4,400,193,6,1,0.0,0.8571428571428571,3320
Matthew Stevens,Ryan Day,11,1415,1464,0.41771479076349977,0.469413239817919,965,564,7446,4050,1027,621,6999,3860,13,7,510,264,13,7,1237,678,6,5,0.0,0.5454545454545454,3320
Eden Sharav,Daniel Wells,11,1214,1296,0.3641225903359488,0.448928730692658,162,75,1009,471,376,185,2539,1255,4,0,389,171,5,1,489,240,6,2,0.0,0.75,3320
Mark Selby,Liam Highfield,11,1625,1400,0.8284777636532633,0.6370307944803831,1138,788,8280,4851,369,197,2521,1331,35,27,1143,679,18,8,461,243,6,3,0.0,0.6666666666666666,3320
Noppon Saengkham,Anthony McGill,11,1412,1382,0.550614462905557,0.5187412158785352,249,120,1787,871,527,319,3419,1873,6,2,628,336,12,6,802,419,6,3,0.0,0.6666666666666666,3320
Neil Robertson,Robbie Williams,11,1516,1293,0.8263509667528726,0.6358738914270539,954,627,6940,3969,377,201,2471,1257,18,12,982,574,7,3,432,210,6,4,0.0,0.6,3320
Joe Perry,Akani Songsermsawad,11,1482,1320,0.7532516785524059,0.5998883688639983,1090,650,7798,4238,112,58,829,418,24,14,862,489,6,2,536,271,6,3,0.0,0.6666666666666666,3320
Ronnie O'Sullivan,Tian Pengfei,11,1691,1351,0.9224155451318702,0.7005671424739729,1250,960,10883,6666,404,227,2698,1438,30,20,949,606,13,7,509,268,6,0,0.0,1.0,3320
Martin O'Donnell,Ricky Walden,11,1363,1415,0.4127589748746987,0.4675456936126812,342,171,2160,1095,884,531,6159,3387,13,6,559,294,20,10,847,446,6,2,0.0,0.75,3320
Alan McManus,Barry Hawkins,11,1308,1555,0.14927607659276299,0.3503502507095912,950,560,7904,4190,1003,626,7156,3993,9,4,440,224,4,0,1118,643,6,4,0.0,0.6,3320
Stephen Maguire,Jordan Brown,11,1447,1228,0.8220451527379182,0.633555377636775,982,647,7176,4082,119,62,765,387,10,6,916,523,7,3,225,112,6,2,0.0,0.75,3320
Kurt Maflin,Jimmy Robertson,11,1297,1383,0.3577875019887313,0.4464560968488817,546,310,3676,1973,510,282,3465,1806,19,11,473,242,22,12,701,368,6,2,0.0,0.75,3320
Jack Lisowski,Peter Ebdon,11,1556,1398,0.7479197113297592,0.5974857658270161,470,291,3114,1723,1102,631,8626,4635,28,21,837,490,18,8,576,313,6,2,0.0,0.75,3320
Mark King,Lyu Haotian,11,1402,1329,0.6214836154614753,0.5454987872127821,977,549,7137,3767,134,58,973,454,11,6,757,412,5,1,427,211,6,1,0.0,0.8571428571428571,3320
Ding Junhui,Michael Georgiou,11,1521,1298,0.8263509667528726,0.6358738914270539,763,513,5910,3375,243,114,1459,710,13,8,854,482,7,3,392,185,6,2,0.0,0.75,3320
John Higgins,Lu Ning,11,1609,1273,0.9200249447315538,0.6984652160025387,1461,1033,11648,6892,106,47,707,332,23,14,1096,657,18,8,242,134,6,1,0.0,0.8571428571428571,3320
Li Hang,Xiao Guodong,11,1313,1452,0.2782490394013309,0.4139887955611293,285,145,2029,1045,462,273,3104,1722,12,7,545,282,15,11,623,357,6,4,0.0,0.6,3320
Anthony Hamilton,James Cahill,11,1345,1280,0.6085391782790425,0.5405358392737893,879,506,6671,3548,177,71,1097,496,5,1,565,276,10,4,281,154,6,3,0.0,0.6666666666666666,3320
Marco Fu,Kyren Wilson,11,1410,1509,0.3374868651706594,0.4384389296638045,894,532,6671,3631,540,336,3571,1983,16,10,644,344,18,10,1247,702,6,5,0.0,0.5454545454545454,3320
Graeme Dott,Yuan Sijun,11,1476,1316,0.7505935878532457,0.598687660112452,904,531,6853,3677,85,35,596,276,19,14,759,414,10,4,360,176,6,0,0.0,1.0,3320
Mark Davis,Fan Zhengyi,11,1481,971,0.9820076166300082,0.7815974639023655,1130,684,7901,4333,22,2,143,42,11,4,729,409,7,3,105,27,6,4,0.0,0.6,3320
Ali Carter,Robert Milkins,11,1467,1353,0.6853355319816946,0.5707716118944918,964,585,6760,3734,877,520,6354,3443,14,7,783,434,10,5,637,335,6,2,0.0,0.75,3320
Ian Burns,Michael Holt,11,1297,1319,0.4628345373072449,0.486253465097645,349,178,2224,1122,851,489,6134,3249,12,5,411,188,4,0,612,308,6,5,0.0,0.5454545454545454,3320
Nigel Bond,Louis Heathcote,11,1257,1118,0.7217509605986691,0.5860112044388707,882,479,6908,3605,46,20,245,119,5,1,366,160,10,5,100,57,6,5,0.0,0.5454545454545454,3320
Yan Bingtao,Stuart Carrington,11,1426,1358,0.6134089344823475,0.542397940774351,155,94,1091,610,355,197,2330,1227,11,6,665,380,14,7,561,296,6,2,0.0,0.75,3320
Stuart Bingham,Martin Gould,11,1495,1418,0.6279039800050926,0.5479769376367963,1121,714,8106,4622,711,428,4732,2593,6,2,852,491,16,8,732,398,6,4,0.0,0.6,3320
Mark Allen,Jak Jones,11,1582,1222,0.9335315708295318,0.7109495026250039,797,520,5560,3151,200,83,1295,575,27,21,1058,619,5,1,384,169,6,5,0.0,0.5454545454545454,3320
Gary Wilson,Joe Perry,11,1408,1482,0.3769079309289413,0.4538814589542204,433,252,2828,1530,1090,650,7798,4238,9,5,589,310,24,14,862,489,6,1,0.0,0.8571428571428571,3320
Michael White,Mark Davis,11,1264,1481,0.18013384618646378,0.3676062104304372,514,288,3450,1810,1130,684,7901,4333,5,1,673,333,11,4,729,409,6,5,0.0,0.5454545454545454,3320
Liang Wenbo,Eden Sharav,11,1378,1214,0.7558938862654132,0.6010878788483698,631,377,4372,2400,162,75,1009,471,5,1,639,333,4,0,389,171,6,4,0.0,0.6,3320
Matthew Stevens,Anthony Hamilton,11,1415,1345,0.6166451808732252,0.5436386872370789,965,564,7446,4050,879,506,6671,3548,13,7,510,264,5,1,565,276,6,2,0.0,0.75,3320
Mark Selby,Martin O'Donnell,11,1625,1363,0.8646908576804723,0.6581363150480182,1138,788,8280,4851,342,171,2160,1095,35,27,1143,679,13,6,559,294,6,3,0.0,0.6666666666666666,3320
Neil Robertson,Mark King,11,1516,1402,0.6853355319816946,0.5707716118944918,954,627,6940,3969,977,549,7137,3767,18,12,982,574,11,6,757,412,6,4,0.0,0.6,3320
Ronnie O'Sullivan,Noppon Saengkham,11,1691,1412,0.8793617107264892,0.6676332571171155,1250,960,10883,6666,249,120,1787,871,30,20,949,606,6,2,628,336,6,2,0.0,0.75,3320
Stephen Maguire,Graeme Dott,11,1447,1476,0.45106368611502723,0.4818829349568186,982,647,7176,4082,904,531,6853,3677,10,6,916,523,19,14,759,414,6,2,0.0,0.75,3320
Kurt Maflin,Alan McManus,11,1297,1308,0.481396194852922,0.4931254332354657,546,310,3676,1973,950,560,7904,4190,19,11,473,242,9,4,440,224,6,2,0.0,0.75,3320
Ding Junhui,Ali Carter,11,1521,1467,0.5905369210165868,0.5336988354329009,763,513,5910,3375,964,585,6760,3734,13,8,854,482,14,7,783,434,6,4,0.0,0.6,3320
John Higgins,Ian Burns,11,1609,1297,0.9044455522950189,0.6856801139382539,1461,1033,11648,6892,349,178,2224,1122,23,14,1096,657,12,5,411,188,6,1,0.0,0.8571428571428571,3320
Li Hang,Marco Fu,11,1313,1410,0.34057998543318124,0.4396703573114467,285,145,2029,1045,894,532,6671,3631,12,7,545,282,16,10,644,344,6,4,0.0,0.6,3320
Nigel Bond,Judd Trump,11,1257,1584,0.08556571191021994,0.3062945980446018,882,479,6908,3605,973,666,6534,3881,5,1,366,160,26,18,1175,727,6,3,0.0,0.6666666666666666,3320
Yan Bingtao,Jack Lisowski,11,1426,1556,0.2911104312860384,0.41945769517934034,155,94,1091,610,470,291,3114,1723,11,6,665,380,28,21,837,490,6,3,0.0,0.6666666666666666,3320
Stuart Bingham,Zhao Xintong,11,1495,1379,0.6883260125487248,0.5719961329315186,1121,714,8106,4622,175,95,1174,633,6,2,852,491,5,1,513,275,6,1,0.0,0.8571428571428571,3320
Mark Allen,Ben Woollaston,11,1582,1320,0.8646908576804723,0.6581363150480182,797,520,5560,3151,623,352,4027,2139,27,21,1058,619,12,5,676,352,6,1,0.0,0.8571428571428571,3320
Liang Wenbo,Li Hang,11,1378,1313,0.6085391782790425,0.5405358392737893,631,377,4372,2400,285,145,2029,1045,5,1,639,333,12,7,545,282,6,4,0.0,0.6,3320
Matthew Stevens,Mark Selby,11,1415,1625,0.18789708275333833,0.37168381170463377,965,564,7446,4050,1138,788,8280,4851,13,7,510,264,35,27,1143,679,6,5,0.0,0.5454545454545454,3320
Stephen Maguire,Michael White,11,1447,1264,0.7801859416806328,0.6124209393479161,982,647,7176,4082,514,288,3450,1810,10,6,916,523,5,1,673,333,6,4,0.0,0.6,3320
Ding Junhui,Ronnie O'Sullivan,11,1521,1691,0.23627571436293565,0.39532091528599067,763,513,5910,3375,1250,960,10883,6666,13,8,854,482,30,20,949,606,6,4,0.0,0.6,3320
John Higgins,Stuart Bingham,11,1609,1495,0.6853355319816946,0.5707716118944918,1461,1033,11648,6892,1121,714,8106,4622,23,14,1096,657,6,2,852,491,6,4,0.0,0.6,3320
Nigel Bond,Gary Wilson,11,1257,1408,0.2615616955838963,0.4067300078928128,882,479,6908,3605,433,252,2828,1530,5,1,366,160,9,5,589,310,6,5,0.0,0.5454545454545454,3320
Yan Bingtao,Neil Robertson,11,1426,1516,0.3514929866287785,0.44398610945538003,155,94,1091,610,954,627,6940,3969,11,6,665,380,18,12,982,574,6,1,0.0,0.8571428571428571,3320
Mark Allen,Kurt Maflin,11,1582,1297,0.8842509232912373,0.6709533329057776,797,520,5560,3151,546,310,3676,1973,27,21,1058,619,19,11,473,242,6,5,0.0,0.5454545454545454,3320
Stephen Maguire,Matthew Stevens,11,1447,1415,0.5539679003439111,0.5199893401555818,982,647,7176,4082,965,564,7446,4050,10,6,916,523,13,7,510,264,6,4,0.0,0.6,3320
Ding Junhui,Liang Wenbo,11,1521,1378,0.7273730783317633,0.5884351201276382,763,513,5910,3375,631,377,4372,2400,13,8,854,482,5,1,639,333,6,2,0.0,0.75,3320
Yan Bingtao,John Higgins,11,1426,1609,0.21981405831936734,0.38757906065208403,155,94,1091,610,1461,1033,11648,6892,11,6,665,380,23,14,1096,657,6,3,0.0,0.6666666666666666,3320
Mark Allen,Nigel Bond,11,1582,1257,0.9131514516618087,0.6926419831347361,797,520,5560,3151,882,479,6908,3605,27,21,1058,619,5,1,366,160,6,5,0.0,0.5454545454545454,3320
Stephen Maguire,Mark Allen,11,1447,1582,0.2839294837846313,0.41641688448272474,982,647,7176,4082,797,520,5560,3151,10,6,916,523,27,21,1058,619,6,0,0.0,1.0,3320
Ding Junhui,Yan Bingtao,11,1521,1426,0.6563156776858904,0.559097471902393,763,513,5910,3375,155,94,1091,610,13,8,854,482,11,6,665,380,6,2,0.0,0.75,3320
Ding Junhui,Stephen Maguire,19,1521,1447,0.6584545465244145,0.5461185410457796,763,513,5910,3375,982,647,7176,4082,13,8,854,482,10,6,916,523,10,6,0.0,0.625,3320
Patrick Wallace,Robbie Mcguigan,7,1280,1000,0.8290321883880187,0.6681877721681662,389,220,3145,1695,0,0,0,0,0,0,4,0,0,0,0,0,4,0,0.0,1.0,3299
Chen Zifan,Patrick Wallace,7,1140,1280,0.31610864255174254,0.41338242108267,84,36,497,219,389,220,3145,1695,14,4,285,121,0,0,4,0,4,2,0.0,0.6666666666666666,3299
Zhou Yuelong,David Grace,7,1386,1269,0.6555229391190917,0.5726080638632601,227,127,1527,810,338,156,2237,1081,17,7,689,372,29,13,382,185,4,0,0.0,1.0,3299
Mei Xiwen,Peter Lines,7,1292,1280,0.5164013295642876,0.5074994375506203,123,59,831,409,795,424,5749,2968,28,11,417,200,17,5,416,197,4,1,0.0,0.8,3299
Ben Woollaston,Jamie Clarke,7,1326,1171,0.7018040708685593,0.5956807306078472,626,354,4052,2152,166,82,978,497,37,18,701,365,12,2,209,91,4,2,0.0,0.6666666666666666,3299
Kyren Wilson,Alan McManus,7,1510,1330,0.7305169455924372,0.610639233949222,542,337,3588,1994,953,562,7929,4204,35,21,1264,713,34,18,465,238,4,0,0.0,1.0,3299
Robbie Williams,Anthony McGill,7,1306,1385,0.3933789028764624,0.45078487089866653,379,202,2490,1267,529,320,3435,1882,26,13,451,220,28,15,818,428,4,1,0.0,0.8,3299
Liang Wenbo,Kurt Maflin,7,1383,1355,0.5382188233953898,0.5174928576663897,636,381,4420,2426,550,313,3711,1996,53,27,687,359,54,34,508,265,4,1,0.0,0.8,3299
Ricky Walden,Alex Borg,7,1399,1058,0.8753745152338872,0.7010913114266953,886,532,6176,3395,383,159,2705,1218,37,18,864,454,11,1,212,71,4,0,0.0,1.0,3299
Soheil Vahedi,Jack Lisowski,7,1095,1553,0.06289504855330688,0.241403538121065,43,9,286,107,473,293,3139,1738,15,5,251,94,53,36,862,505,4,3,0.0,0.5714285714285714,3299
Alexander Ursenbacher,Xiao Guodong,7,1246,1448,0.24548919020671256,0.37636637170177395,124,52,774,353,464,274,3121,1732,20,10,344,158,32,21,640,367,4,2,0.0,0.6666666666666666,3299
Thepchaiya Un-Nooh,Mark King,7,1399,1405,0.4917974901893887,0.496250070310918,349,201,2532,1341,980,551,7165,3783,49,29,616,324,39,22,785,428,4,2,0.0,0.6666666666666666,3299
Judd Trump,James Cahill,7,1576,1284,0.8389762354745806,0.6748052725823135,976,668,6556,3896,179,72,1116,505,48,33,1197,742,29,13,300,163,4,3,0.0,0.5714285714285714,3299
Matthew Stevens,Chris Wakelin,7,1455,1434,0.5286845829371267,0.5131219861822433,970,568,7492,4078,210,109,1421,732,59,35,556,292,40,23,529,285,4,1,0.0,0.8,3299
Craig Steadman,Bai Langning,7,1306,987,0.8598606169693392,0.6894394530607736,462,247,3047,1588,6,0,41,11,16,6,438,211,15,5,37,11,4,1,0.0,0.8,3299
Yuan Sijun,Gary Wilson,7,1297,1422,0.3344927873720658,0.4225046348141883,87,36,613,282,437,255,2865,1553,27,10,377,182,46,28,626,333,4,2,0.0,0.6666666666666666,3299
Matthew Selt,Daniel Wells,7,1308,1291,0.5232282019769063,0.5106234010049637,581,314,3955,2063,378,186,2556,1263,11,1,523,259,22,9,506,248,4,2,0.0,0.6666666666666666,3299
Mark Selby,Xu Si,7,1628,1177,0.9342992837911581,0.7553772379137498,1142,791,8315,4874,60,20,416,174,70,50,1178,702,16,6,302,127,4,2,0.0,0.6666666666666666,3299
Jimmy Robertson,Igor Figueiredo,7,1360,1196,0.7123105654940886,0.6010878788483698,512,283,3483,1814,105,51,774,365,40,20,719,376,11,1,107,46,4,3,0.0,0.5714285714285714,3299
Joe Perry,Zhao Xintong,7,1448,1369,0.6066210971235376,0.5492151291013335,1093,652,7825,4251,178,97,1202,646,51,27,889,502,33,14,541,288,4,2,0.0,0.6666666666666666,3299
Tian Pengfei,Lyu Haotian,7,1345,1325,0.5273209820427867,0.5124973964842103,406,228,2714,1444,136,59,987,461,29,13,525,274,19,8,441,218,4,1,0.0,0.8,3299
Jackson Page,Barry Pinches,7,1190,1222,0.4563431395453441,0.48001065984441826,47,24,302,151,746,386,5764,2992,18,8,302,151,12,2,147,84,4,3,0.0,0.5714285714285714,3299
Ronnie O'Sullivan,Oliver Lines,7,1700,1208,0.9493571939713684,0.7738185742694538,1254,963,10913,6688,210,100,1356,667,60,42,979,628,16,6,389,170,4,2,0.0,0.6666666666666666,3299
Jamie O'Neill,Akani Songsermsawad,7,1228,1323,0.37251518031789344,0.440902528097607,298,156,1881,980,114,59,848,427,16,6,141,83,25,11,555,280,4,2,0.0,0.6666666666666666,3299
Martin O'Donnell,Lee Walker,7,1379,1335,0.5599145707304132,0.5274723043445937,345,173,2187,1110,487,263,3743,1924,40,21,586,309,15,5,471,233,4,3,0.0,0.5714285714285714,3299
Joe O'Connor,Brandon Sargeant,7,1180,1090,0.6210041469292463,0.5560138905446199,110,51,667,317,85,37,487,233,24,10,210,102,11,1,144,72,4,2,0.0,0.6666666666666666,3299
Fergal O'Brien,Fan Zhengyi,7,1315,1012,0.847732715071801,0.6808107108156386,900,509,6761,3549,24,3,163,52,14,4,490,233,27,13,125,37,4,2,0.0,0.6666666666666666,3299
Shaun Murphy,Fraser Patrick,7,1458,1167,0.8381631906470501,0.6742564252229473,1082,705,7853,4468,207,85,1355,620,31,18,988,543,14,4,156,73,4,0,0.0,1.0,3299
Hammad Miah,Martin Gould,7,1236,1416,0.26948305440756287,0.389360766050778,163,63,1082,482,713,429,4752,2603,17,7,397,181,36,18,752,408,4,1,0.0,0.8,3299
Mitchell Mann,Liam Highfield,7,1233,1411,0.27172488874541606,0.3905502163716748,254,117,1620,779,371,198,2538,1340,13,3,337,159,35,17,478,252,4,1,0.0,0.8,3299
Stephen Maguire,Declan Lavery,7,1493,959,0.9616506916590958,0.7916664907298545,989,653,7244,4124,6,0,35,10,78,48,984,565,0,0,0,0,4,0,0.0,1.0,3299
David Lilley,Ding Junhui,7,1273,1587,0.14385224104664343,0.31324327335609825,104,59,633,338,770,520,5978,3421,14,4,251,130,81,54,922,528,4,2,0.0,0.6666666666666666,3299
Peifan Lei,Louis Heathcote,7,1017,1139,0.33822280880876515,0.42433564895745063,2,0,16,6,48,21,267,130,16,6,16,6,32,16,122,68,4,2,0.0,0.6666666666666666,3299
Rod Lawler,Ashley Carty,7,1178,1222,0.44008542926958705,0.47252769565540637,827,439,6253,3211,148,76,864,444,11,1,302,116,15,5,245,126,4,1,0.0,0.8,3299
Mark Joyce,Neil Robertson,7,1275,1505,0.2167953403729519,0.36008390326226586,484,254,3478,1764,958,630,6973,3988,14,4,542,269,51,31,1015,593,4,3,0.0,0.5714285714285714,3299
Jak Jones,Thor Chuan Leong,7,1250,1225,0.534135239137421,0.5156199157230156,202,84,1316,586,110,36,718,308,26,12,405,180,14,4,361,167,4,1,0.0,0.8,3299
Si Jiahui,Hossein Vafaei,7,1027,1360,0.1301128878308495,0.3031167179589209,4,1,28,13,116,65,906,458,22,11,22,11,18,8,493,254,4,0,0.0,1.0,3299
Luo Honghao,Dominic Dale,7,1230,1292,0.41590794122337116,0.46132739479349205,49,24,315,156,941,531,6703,3561,16,6,217,105,18,8,460,227,4,2,0.0,0.6666666666666666,3299
Michael Holt,Michael White,7,1328,1321,0.5095693356278297,0.5043748883497735,853,490,6152,3260,518,291,3487,1832,22,11,630,319,42,23,710,355,4,2,0.0,0.6666666666666666,3299
Andrew Higginson,Tom Ford,7,1322,1399,0.39601140843867844,0.4520230623632036,736,434,5206,2844,652,372,4605,2460,28,15,503,260,27,14,746,403,4,0,0.0,1.0,3299
John Higgins,Chang Bingyu,7,1625,1086,0.9629268682285287,0.7937206082453278,1466,1037,11687,6919,13,5,101,43,62,41,1135,684,23,11,96,42,4,2,0.0,0.6666666666666666,3299
Barry Hawkins,Eden Sharav,7,1541,1252,0.8365285845595485,0.6731572963701318,1005,627,7174,4003,165,77,1037,487,22,10,1136,653,32,16,417,187,4,3,0.0,0.5714285714285714,3299
Li Hang,Elliot Slessor,7,1350,1297,0.5720392978025534,0.5330766223661046,289,148,2066,1067,186,82,1158,543,49,29,582,304,24,10,436,211,4,1,0.0,0.8,3299
Anthony Hamilton,David Gilbert,7,1354,1370,0.4781366606027012,0.4900013331200346,882,508,6696,3562,630,359,4525,2417,30,15,590,290,47,26,843,446,4,3,0.0,0.5714285714285714,3299
Marco Fu,Gerard Greene,7,1416,1276,0.6838913574482577,0.5866175789173301,897,534,6701,3647,723,385,5352,2780,46,26,674,360,14,4,360,166,4,1,0.0,0.8,3299
Kacper Filipiak,Riley Parsons,7,1141,994,0.692311529960642,0.5908547524545943,91,38,513,223,2,0,13,3,24,11,121,62,13,3,13,3,4,3,0.0,0.5714285714285714,3299
Chen Feilong,Kishan Hirani,7,1098,1181,0.3881295430910018,0.44831033065729986,44,15,271,115,160,78,871,420,13,3,130,50,23,11,209,104,4,2,0.0,0.6666666666666666,3299
Peter Ebdon,Jimmy White,7,1386,1217,0.7180660778287002,0.6040813228693781,1104,632,8645,4643,1448,801,12327,6448,37,16,595,321,13,3,359,148,4,2,0.0,0.6666666666666666,3299
Graeme Dott,Duane Jones,7,1489,1139,0.881340279189911,0.7057850278370112,907,533,6874,3691,179,84,1072,527,40,28,780,428,12,2,305,112,4,2,0.0,0.6666666666666666,3299
Scott Donaldson,Alfie Burden,7,1386,1316,0.5947357972115818,0.5436386872370789,261,133,1753,877,692,370,5012,2570,47,27,531,280,21,9,481,232,4,1,0.0,0.8,3299
Ken Doherty,Michael Georgiou,7,1251,1295,0.44008542926958705,0.47252769565540637,1143,690,9286,5073,245,115,1477,718,15,5,416,200,25,11,410,193,4,2,0.0,0.6666666666666666,3299
Mark Davis,Mike Dunn,7,1437,1302,0.6778138346852377,0.5835831155172753,1133,686,7933,4350,730,386,5346,2748,43,21,761,426,25,11,460,230,4,2,0.0,0.6666666666666666,3299
Harvey Chandler,Ryan Day,7,1077,1454,0.10205065869766758,0.2803956309515509,31,11,199,83,1029,622,7019,3871,15,5,162,71,33,18,1257,689,4,1,0.0,0.8,3299
Billy Joe Castle,Noppon Saengkham,7,1177,1411,0.2128707585790301,0.3577829070425624,67,30,404,187,252,122,1815,885,22,10,320,140,34,16,656,350,4,3,0.0,0.5714285714285714,3299
Ali Carter,Robert Milkins,7,1486,1336,0.6958878075458884,0.5926665999540697,967,587,6784,3750,879,521,6372,3451,38,23,807,450,28,13,655,343,4,1,0.0,0.8,3299
Stuart Carrington,John Astley,7,1353,1281,0.5973854695265872,0.5448788923735801,357,198,2347,1235,218,101,1377,648,31,15,578,304,20,10,426,203,4,1,0.0,0.8,3299
Ian Burns,Andy Lee,7,1317,1135,0.732748880507422,0.6118273690017371,352,180,2248,1135,129,62,760,366,36,18,435,201,17,5,151,69,4,0,0.0,1.0,3299
Ross Bulman,Zhang Jiankang,7,1006,1068,0.41590794122337116,0.46132739479349205,6,2,30,12,25,9,153,60,6,0,30,12,33,16,137,53,4,1,0.0,0.8,3299
Jordan Brown,James Wattana,7,1239,1263,0.4672268289773793,0.4850044983805899,121,63,781,395,826,443,6917,3604,23,11,241,120,24,12,317,131,4,2,0.0,0.6666666666666666,3299
Luca Brecel,Adam Stefanow,7,1294,1119,0.7248939369984414,0.6076631698328917,377,211,2592,1380,77,30,463,208,16,6,769,415,14,4,213,87,4,0,0.0,1.0,3299
Yan Bingtao,Andy Hicks,7,1496,1249,0.7995764997363425,0.6496497492904088,161,99,1139,642,631,342,5029,2607,59,38,713,412,12,2,215,115,4,2,0.0,0.6666666666666666,3299
Stuart Bingham,Lu Ning,7,1502,1286,0.7691223962231968,0.6318124177361016,1125,717,8143,4644,108,48,720,339,43,24,889,513,31,15,255,141,4,3,0.0,0.5714285714285714,3299
Sam Baird,Nigel Bond,7,1249,1309,0.4185795134993229,0.46257015465625045,359,185,2483,1268,887,483,6961,3634,15,5,436,209,58,30,419,189,4,2,0.0,0.6666666666666666,3299
Zhang Anda,Simon Lichtenberg,7,1325,1049,0.8256265088413395,0.6659669267518202,330,163,2320,1161,37,13,208,90,14,4,460,227,17,7,142,54,4,1,0.0,0.8,3299
Mark Allen,Sam Craigie,7,1532,1342,0.7415764082537253,0.6165665045213193,803,525,5615,3181,178,89,1095,562,82,51,1113,649,14,4,376,183,4,1,0.0,0.8,3299
Ben Woollaston,David Lilley,7,1326,1273,0.5720392978025534,0.5330766223661046,626,354,4052,2152,104,59,633,338,37,18,701,365,14,4,251,130,4,2,0.0,0.6666666666666666,3299
Kyren Wilson,Peter Ebdon,7,1510,1386,0.6642657784879786,0.5768852611320463,542,337,3588,1994,1104,632,8645,4643,35,21,1264,713,37,16,595,321,4,1,0.0,0.8,3299
Robbie Williams,Hammad Miah,7,1306,1236,0.5947357972115818,0.5436386872370789,379,202,2490,1267,163,63,1082,482,26,13,451,220,17,7,397,181,4,1,0.0,0.8,3299
Ricky Walden,Sam Baird,7,1399,1249,0.6958878075458884,0.5926665999540697,886,532,6176,3395,359,185,2483,1268,37,18,864,454,15,5,436,209,4,1,0.0,0.8,3299
Alexander Ursenbacher,Martin O'Donnell,7,1246,1379,0.3246315371699399,0.41763245927192055,124,52,774,353,345,173,2187,1110,20,10,344,158,40,21,586,309,4,3,0.0,0.5714285714285714,3299
Thepchaiya Un-Nooh,Mei Xiwen,7,1399,1292,0.6428793213307702,0.5664790559676278,349,201,2532,1341,123,59,831,409,49,29,616,324,28,11,417,200,4,2,0.0,0.6666666666666666,3299
Judd Trump,Zhang Anda,7,1576,1325,0.8033111045084242,0.6519223788927313,976,668,6556,3896,330,163,2320,1161,48,33,1197,742,14,4,460,227,4,1,0.0,0.8,3299
Yuan Sijun,Joe O'Connor,7,1297,1180,0.6555229391190917,0.5726080638632601,87,36,613,282,110,51,667,317,27,10,377,182,24,10,210,102,4,2,0.0,0.6666666666666666,3299
Mark Selby,Matthew Stevens,7,1628,1455,0.7226276336267841,0.6064704870683034,1142,791,8315,4874,970,568,7492,4078,70,50,1178,702,59,35,556,292,4,1,0.0,0.8,3299
Joe Perry,Ross Bulman,7,1448,1006,0.9305416133877966,0.7511957822308614,1093,652,7825,4251,6,2,30,12,51,27,889,502,6,0,30,12,4,2,0.0,0.6666666666666666,3299
Tian Pengfei,Liang Wenbo,7,1345,1383,0.44820271004203943,0.4762678458734389,406,228,2714,1444,636,381,4420,2426,29,13,525,274,53,27,687,359,4,2,0.0,0.6666666666666666,3299
Ronnie O'Sullivan,Peifan Lei,7,1700,1017,0.9868552749942497,0.8465117415161245,1254,963,10913,6688,2,0,16,6,60,42,979,628,16,6,16,6,4,2,0.0,0.6666666666666666,3299
Fergal O'Brien,Jimmy Robertson,7,1315,1360,0.4387350506415305,0.4719046255916129,900,509,6761,3549,512,283,3483,1814,14,4,490,233,40,20,719,376,4,3,0.0,0.5714285714285714,3299
Shaun Murphy,Luo Honghao,7,1458,1230,0.7812257884147848,0.6387631751488418,1082,705,7853,4468,49,24,315,156,31,18,988,543,16,6,217,105,4,1,0.0,0.8,3299
Stephen Maguire,Mark Davis,7,1493,1437,0.5760654606907909,0.5349429451582145,989,653,7244,4124,1133,686,7933,4350,78,48,984,565,43,21,761,426,4,2,0.0,0.6666666666666666,3299
Mark Joyce,Jackson Page,7,1275,1190,0.6144870727228646,0.5529259881329059,484,254,3478,1764,47,24,302,151,14,4,542,269,18,8,302,151,4,2,0.0,0.6666666666666666,3299
Si Jiahui,Chen Zifan,7,1027,1140,0.3495133530299832,0.42984097461816473,4,1,28,13,84,36,497,219,22,11,22,11,14,4,285,121,4,1,0.0,0.8,3299
Andrew Higginson,Rod Lawler,7,1322,1178,0.6887157040547041,0.5890404340586651,736,434,5206,2844,827,439,6253,3211,28,15,503,260,11,1,302,116,4,2,0.0,0.6666666666666666,3299
John Higgins,Kacper Filipiak,7,1625,1141,0.9466715437504504,0.7702989490466019,1466,1037,11687,6919,91,38,513,223,62,41,1135,684,24,11,121,62,4,1,0.0,0.8,3299
Barry Hawkins,Michael Holt,7,1541,1328,0.7660354477872332,0.6300660082850182,1005,627,7174,4003,853,490,6152,3260,22,10,1136,653,22,11,630,319,4,3,0.0,0.5714285714285714,3299
Anthony Hamilton,Jak Jones,7,1354,1250,0.6390526295107546,0.5646362918030292,882,508,6696,3562,202,84,1316,586,30,15,590,290,26,12,405,180,4,0,0.0,1.0,3299
Graeme Dott,Craig Steadman,7,1489,1306,0.7338611162888773,0.6124209393479161,907,533,6874,3691,462,247,3047,1588,40,28,780,428,16,6,438,211,4,1,0.0,0.8,3299
Scott Donaldson,Ian Burns,7,1386,1317,0.5934092174000843,0.5430183807243099,261,133,1753,877,352,180,2248,1135,47,27,531,280,36,18,435,201,4,3,0.0,0.5714285714285714,3299
Ken Doherty,Soheil Vahedi,7,1251,1095,0.7029806026650167,0.5962826992967879,1143,690,9286,5073,43,9,286,107,15,5,416,200,15,5,251,94,4,0,0.0,1.0,3299
Harvey Chandler,Mitchell Mann,7,1077,1233,0.2970193973349833,0.40371730070321216,31,11,199,83,254,117,1620,779,15,5,162,71,13,3,337,159,4,1,0.0,0.8,3299
Billy Joe Castle,Chen Feilong,7,1177,1098,0.6066210971235376,0.5492151291013335,67,30,404,187,44,15,271,115,22,10,320,140,13,3,130,50,4,3,0.0,0.5714285714285714,3299
Ali Carter,Li Hang,7,1486,1350,0.6790334655716898,0.5841905229354074,967,587,6784,3750,289,148,2066,1067,38,23,807,450,49,29,582,304,4,3,0.0,0.5714285714285714,3299
Stuart Carrington,Zhou Yuelong,7,1353,1386,0.45498494612477275,0.47938669028555136,357,198,2347,1235,227,127,1527,810,31,15,578,304,17,7,689,372,4,0,0.0,1.0,3299
Luca Brecel,Matthew Selt,7,1294,1308,0.48086718764462183,0.4912508931197597,377,211,2592,1380,581,314,3955,2063,16,6,769,415,11,1,523,259,4,0,0.0,1.0,3299
Yan Bingtao,Marco Fu,7,1496,1416,0.6079354159352611,0.549833997312478,161,99,1139,642,897,534,6701,3647,59,38,713,412,46,26,674,360,4,1,0.0,0.8,3299
Stuart Bingham,Jordan Brown,7,1502,1239,0.8142437917894374,0.6586985747356444,1125,717,8143,4644,121,63,781,395,43,24,889,513,23,11,241,120,4,1,0.0,0.8,3299
Mark Allen,Jamie O'Neill,7,1532,1228,0.8485117931807986,0.6813537337890256,803,525,5615,3181,298,156,1881,980,82,51,1113,649,16,6,141,83,4,0,0.0,1.0,3299
Kyren Wilson,Tian Pengfei,7,1510,1345,0.7134663824052628,0.6016871801828567,542,337,3588,1994,406,228,2714,1444,35,21,1264,713,29,13,525,274,4,2,0.0,0.6666666666666666,3299
Robbie Williams,Mark Joyce,7,1306,1275,0.5422981239384312,0.519365308229932,379,202,2490,1267,484,254,3478,1764,26,13,451,220,14,4,542,269,4,3,0.0,0.5714285714285714,3299
Alexander Ursenbacher,Stuart Bingham,7,1246,1502,0.1920840951325451,0.3452465393936808,124,52,774,353,1125,717,8143,4644,20,10,344,158,43,24,889,513,4,2,0.0,0.6666666666666666,3299
Judd Trump,Si Jiahui,7,1576,1027,0.9653692310989538,0.7977837659035681,976,668,6556,3896,4,1,28,13,48,33,1197,742,22,11,22,11,4,0,0.0,1.0,3299
Yuan Sijun,Ben Woollaston,7,1297,1326,0.46042091137016095,0.4818829349568186,87,36,613,282,626,354,4052,2152,27,10,377,182,37,18,701,365,4,3,0.0,0.5714285714285714,3299
Mark Selby,Luca Brecel,7,1628,1294,0.8705826043505938,0.6974111143958823,1142,791,8315,4874,377,211,2592,1380,70,50,1178,702,16,6,769,415,4,2,0.0,0.6666666666666666,3299
Joe Perry,Graeme Dott,7,1448,1489,0.44414095234189266,0.47439741167538224,1093,652,7825,4251,907,533,6874,3691,51,27,889,502,40,28,780,428,4,1,0.0,0.8,3299
Ronnie O'Sullivan,Stuart Carrington,7,1700,1353,0.8793759455680459,0.704225233864307,1254,963,10913,6688,357,198,2347,1235,60,42,979,628,31,15,578,304,4,1,0.0,0.8,3299
Shaun Murphy,Ricky Walden,7,1458,1399,0.5800831913605062,0.5368082899889803,1082,705,7853,4468,886,532,6176,3395,31,18,988,543,37,18,864,454,4,3,0.0,0.5714285714285714,3299
Stephen Maguire,Harvey Chandler,7,1493,1077,0.9186926090001315,0.7388500060842489,989,653,7244,4124,31,11,199,83,78,48,984,565,15,5,162,71,4,2,0.0,0.6666666666666666,3299
John Higgins,Billy Joe Castle,7,1625,1177,0.9330657308141019,0.7539887164489482,1466,1037,11687,6919,67,30,404,187,62,41,1135,684,22,10,320,140,4,1,0.0,0.8,3299
Barry Hawkins,Fergal O'Brien,7,1541,1315,0.7792359029381558,0.637608652621925,1005,627,7174,4003,900,509,6761,3549,22,10,1136,653,14,4,490,233,4,2,0.0,0.6666666666666666,3299
Anthony Hamilton,Andrew Higginson,7,1354,1322,0.5436568604546561,0.5199893401555818,882,508,6696,3562,736,434,5206,2844,30,15,590,290,28,15,503,260,4,3,0.0,0.5714285714285714,3299
Ken Doherty,Thepchaiya Un-Nooh,7,1251,1399,0.3064941914991044,0.40854102156721994,1143,690,9286,5073,349,201,2532,1341,15,5,416,200,49,29,616,324,4,3,0.0,0.5714285714285714,3299
Yan Bingtao,Ali Carter,7,1496,1486,0.51366902727117,0.5062496744995104,161,99,1139,642,967,587,6784,3750,59,38,713,412,38,23,807,450,4,3,0.0,0.5714285714285714,3299
Mark Allen,Scott Donaldson,7,1532,1386,0.691115079332653,0.5902502519301834,803,525,5615,3181,261,133,1753,877,82,51,1113,649,47,27,531,280,4,0,0.0,1.0,3299
Alexander Ursenbacher,Mark Allen,7,1246,1532,0.16594462836628154,0.3284949657745942,124,52,774,353,803,525,5615,3181,20,10,344,158,82,51,1113,649,4,3,0.0,0.5714285714285714,3299
Judd Trump,Yan Bingtao,7,1576,1496,0.6079354159352611,0.549833997312478,976,668,6556,3896,161,99,1139,642,48,33,1197,742,59,38,713,412,4,0,0.0,1.0,3299
Mark Selby,Ken Doherty,7,1628,1251,0.8979493413023324,0.7196043690484492,1142,791,8315,4874,1143,690,9286,5073,70,50,1178,702,15,5,416,200,4,1,0.0,0.8,3299
Joe Perry,Robbie Williams,7,1448,1306,0.6863077679270944,0.5878295384825115,1093,652,7825,4251,379,202,2490,1267,51,27,889,502,26,13,451,220,4,1,0.0,0.8,3299
Ronnie O'Sullivan,Yuan Sijun,7,1700,1297,0.9121878509997997,0.7325306102876052,1254,963,10913,6688,87,36,613,282,60,42,979,628,27,10,377,182,4,1,0.0,0.8,3299
Shaun Murphy,Barry Hawkins,7,1458,1541,0.3881295430910018,0.44831033065729986,1082,705,7853,4468,1005,627,7174,4003,31,18,988,543,22,10,1136,653,4,2,0.0,0.6666666666666666,3299
John Higgins,Stephen Maguire,7,1625,1493,0.6741427448520734,0.5817593768418363,1466,1037,11687,6919,989,653,7244,4124,62,41,1135,684,78,48,984,565,4,3,0.0,0.5714285714285714,3299
Anthony Hamilton,Kyren Wilson,7,1354,1510,0.2970193973349833,0.40371730070321216,882,508,6696,3562,542,337,3588,1994,30,15,590,290,35,21,1264,713,4,3,0.0,0.5714285714285714,3299
Judd Trump,Anthony Hamilton,9,1576,1354,0.8025160233947083,0.6352948493228071,976,668,6556,3896,882,508,6696,3562,48,33,1197,742,30,15,590,290,5,1,0.0,0.8333333333333334,3299
Joe Perry,Alexander Ursenbacher,9,1448,1246,0.7807769347952548,0.623633628298226,1093,652,7825,4251,124,52,774,353,51,27,889,502,20,10,344,158,5,3,0.0,0.625,3299
Ronnie O'Sullivan,Shaun Murphy,9,1700,1458,0.8228339524244989,0.6467993925579857,1254,963,10913,6688,1082,705,7853,4468,60,42,979,628,31,18,988,543,5,1,0.0,0.8333333333333334,3299
John Higgins,Mark Selby,9,1625,1628,0.4953858503317341,0.498125008789013,1466,1037,11687,6919,1142,791,8315,4874,62,41,1135,684,70,50,1178,702,5,4,0.0,0.5555555555555556,3299
Judd Trump,John Higgins,11,1576,1625,0.41771479076349977,0.469413239817919,976,668,6556,3896,1466,1037,11687,6919,48,33,1197,742,62,41,1135,684,6,3,0.0,0.6666666666666666,3299
Ronnie O'Sullivan,Joe Perry,11,1700,1448,0.8554871090947277,0.6524894621927444,1254,963,10913,6688,1093,652,7825,4251,60,42,979,628,51,27,889,502,6,1,0.0,0.8571428571428571,3299
Judd Trump,Ronnie O'Sullivan,17,1576,1700,0.2587284349021445,0.42311473886795364,976,668,6556,3896,1254,963,10913,6688,48,33,1197,742,60,42,979,628,9,7,0.0,0.5625,3299
Thepchaiya Un-Nooh,Kyren Wilson,7,1403,1525,0.33822280880876515,0.42433564895745063,352,203,2551,1352,546,340,3610,2009,68,40,635,335,57,36,1286,728,4,3,0.0,0.5714285714285714,3284
Judd Trump,Stephen Maguire,7,1637,1503,0.6765921632853334,0.5829754542011996,983,675,6607,3932,993,656,7267,4139,99,69,1248,778,101,63,1007,580,4,0,0.0,1.0,3284
Mark Selby,Yan Bingtao,7,1630,1496,0.6765921632853334,0.5829754542011996,1147,795,8346,4894,165,102,1161,654,101,70,1209,722,81,50,735,424,4,0,0.0,1.0,3284
Neil Robertson,Martin Gould,7,1493,1400,0.6248970337106214,0.5578645727207344,959,630,6980,3991,714,429,4757,2604,58,34,1022,596,41,19,757,409,4,0,0.0,1.0,3284
Ronnie O'Sullivan,Jimmy White,7,1701,1214,0.9476923793212405,0.771623296651567,1261,969,10964,6722,1449,801,12333,6450,111,76,1030,662,19,5,365,150,4,3,0.0,0.5714285714285714,3284
Shaun Murphy,Reanne Evans,7,1476,1073,0.9121878509997997,0.7325306102876052,1087,709,7881,4485,143,54,813,347,59,35,1016,560,0,0,123,57,4,3,0.0,0.5714285714285714,3284
John Higgins,Stuart Bingham,7,1614,1490,0.6642657784879786,0.5768852611320463,1472,1042,11728,6943,1128,719,8161,4654,103,65,1176,708,61,34,907,523,4,2,0.0,0.6666666666666666,3284
Mark Allen,Matthew Selt,7,1549,1299,0.8023816778034777,0.6513548646660542,807,528,5635,3196,583,315,3965,2067,102,66,1133,664,21,5,533,263,4,2,0.0,0.6666666666666666,3284
Judd Trump,Thepchaiya Un-Nooh,11,1637,1403,0.8378328351257411,0.6422170929574377,983,675,6607,3932,352,203,2551,1352,99,69,1248,778,68,40,635,335,6,3,0.0,0.6666666666666666,3284
Neil Robertson,Shaun Murphy,11,1493,1476,0.528736253433527,0.5106234010049637,959,630,6980,3991,1087,709,7881,4485,58,34,1022,596,59,35,1016,560,6,5,0.0,0.5454545454545454,3284
Ronnie O'Sullivan,John Higgins,11,1701,1614,0.6437899934492848,0.5541616527636486,1261,969,10964,6722,1472,1042,11728,6943,111,76,1030,662,103,65,1176,708,6,3,0.0,0.6666666666666666,3284
Mark Allen,Mark Selby,11,1549,1630,0.3657125117208648,0.4495472886604723,807,528,5635,3196,1147,795,8346,4894,102,66,1133,664,101,70,1209,722,6,2,0.0,0.75,3284
Judd Trump,Mark Allen,11,1637,1549,0.6453649277803803,0.5547792351072148,983,675,6607,3932,807,528,5635,3196,99,69,1248,778,102,66,1133,664,6,4,0.0,0.6,3284
Neil Robertson,Ronnie O'Sullivan,11,1493,1701,0.1901541391142991,0.3728522336868044,959,630,6980,3991,1261,969,10964,6722,58,34,1022,596,111,76,1030,662,6,5,0.0,0.5454545454545454,3284
Neil Robertson,Judd Trump,19,1493,1637,0.2139223507874852,0.41095956594133487,959,630,6980,3991,983,675,6607,3932,58,34,1022,596,99,69,1248,778,10,9,0.0,0.5263157894736842,3284
Zhou Yuelong,Ashley Carty,9,1383,1209,0.748026655837828,0.6070669880717036,229,128,1535,814,149,76,869,445,25,11,697,376,20,6,250,127,5,2,0.0,0.7142857142857143,3267
Zhang Yang,Scott Donaldson,9,1043,1385,0.09684213835315691,0.29838504638459934,16,9,87,44,264,135,1769,885,0,0,0,0,63,35,547,288,5,4,0.0,0.5555555555555556,3267
Mei Xiwen,Gary Wilson,9,1299,1410,0.33458597162621984,0.43106679063045344,125,60,842,415,438,255,2871,1555,39,17,428,206,52,30,632,335,5,2,0.0,0.7142857142857143,3267
Zhao Xintong,Andy Hicks,9,1363,1248,0.6709840397710257,0.5713839816769324,179,97,1208,648,632,342,5035,2609,39,16,547,290,18,4,221,117,5,1,0.0,0.8333333333333334,3267
Ben Woollaston,Louis Heathcote,9,1331,1127,0.7830139367356328,0.6248064744684293,629,356,4071,2163,49,21,273,132,56,29,720,376,38,18,128,70,5,3,0.0,0.625,3267
Kyren Wilson,Chen Feilong,9,1517,1107,0.9392940397487847,0.7359453939271484,547,340,3617,2012,46,16,284,122,64,39,1293,731,26,10,143,57,5,3,0.0,0.625,3267
Robbie Williams,Eden Sharav,9,1324,1258,0.6003745520777666,0.541156668150228,383,205,2512,1280,166,77,1044,490,48,26,473,233,39,19,424,190,5,1,0.0,0.8333333333333334,3267
Liang Wenbo,Kacper Filipiak,9,1385,1139,0.8267252595018073,0.6490805242445733,638,382,4431,2432,93,39,525,228,64,33,698,365,36,16,133,67,5,1,0.0,0.8333333333333334,3267
Ricky Walden,Lee Walker,9,1415,1333,0.6239511835050622,0.551071269307342,889,534,6192,3406,488,263,3750,1927,53,29,880,465,22,8,478,236,5,4,0.0,0.5555555555555556,3267
Hossein Vafaei,Mitchell Mann,9,1338,1233,0.6569871207564459,0.5652507475670999,117,65,910,458,256,118,1630,784,22,8,497,254,23,8,347,164,5,1,0.0,0.8333333333333334,3267
Thepchaiya Un-Nooh,Jamie O'Neill,9,1409,1229,0.7552657810970291,0.610639233949222,354,204,2567,1359,300,157,1891,984,84,47,651,342,26,10,151,87,5,1,0.0,0.8333333333333334,3267
Judd Trump,Zhang Jiankang,9,1639,1054,0.9849122438722603,0.8119147454997584,987,678,6649,3957,26,9,158,61,141,94,1290,803,38,17,142,54,5,0,0.0,1.0,3267
Matthew Stevens,Thor Chuan Leong,9,1458,1214,0.8247868019279315,0.6479408020806503,972,569,7502,4083,111,36,723,309,69,40,566,297,19,5,366,168,5,2,0.0,0.7142857142857143,3267
Craig Steadman,Mike Dunn,9,1302,1298,0.5061520874125972,0.5024999791668749,464,248,3057,1593,731,386,5352,2750,26,11,448,216,31,13,466,232,5,3,0.0,0.625,3267
Akani Songsermsawad,Fan Zhengyi,9,1312,1013,0.8728763053804336,0.6786337178522214,115,59,854,429,25,3,169,54,31,13,561,282,33,15,131,39,5,1,0.0,0.8333333333333334,3267
Elliot Slessor,Ryan Day,9,1286,1433,0.2859675275580694,0.4091452475454058,187,82,1163,544,1030,622,7024,3872,29,11,441,212,38,19,1262,690,5,4,0.0,0.5555555555555556,3267
Xu Si,Mark Joyce,9,1181,1289,0.33878882462154697,0.4329070950345457,61,20,422,176,487,256,3498,1775,22,8,308,129,34,15,562,280,5,3,0.0,0.625,3267
Matthew Selt,Si Jiahui,9,1298,1057,0.8218521323213228,0.6462280583309002,584,315,3971,2069,7,3,41,21,27,7,539,265,35,19,35,19,5,3,0.0,0.625,3267
Mark Selby,Jamie Clarke,9,1623,1168,0.9564804870727159,0.75722034035404,1149,796,8358,4900,167,82,984,499,113,76,1221,728,18,4,215,93,5,2,0.0,0.7142857142857143,3267
Noppon Saengkham,Simon Lichtenberg,9,1399,1044,0.91112487624584,0.708373991032327,253,122,1822,888,38,13,213,91,41,19,663,353,22,8,147,55,5,1,0.0,0.8333333333333334,3267
Jimmy Robertson,Duane Jones,9,1352,1141,0.790733578545378,0.6288998381516232,514,284,3497,1821,180,84,1078,529,54,27,733,383,18,4,311,114,5,2,0.0,0.7142857142857143,3267
Barry Pinches,Robert Milkins,9,1217,1328,0.33458597162621984,0.43106679063045344,747,386,5771,2995,880,521,6377,3452,19,5,154,87,33,14,660,344,5,3,0.0,0.625,3267
Joe Perry,Peifan Lei,9,1461,1037,0.9451571550569371,0.7426905453026857,1099,657,7862,4273,4,1,28,12,88,49,926,524,28,12,28,12,5,2,0.0,0.7142857142857143,3267
Jackson Page,Ross Bulman,9,1190,1024,0.7381925501749662,0.6022861768886306,49,25,315,157,8,3,41,18,31,14,315,157,17,6,41,18,5,2,0.0,0.7142857142857143,3267
Martin O'Donnell,Kishan Hirani,9,1373,1171,0.7807769347952548,0.623633628298226,347,174,2201,1117,161,78,877,422,54,28,600,316,29,13,215,106,5,3,0.0,0.625,3267
Fergal O'Brien,Adam Stefanow,9,1318,1106,0.7918223659012522,0.6294831119673949,903,511,6780,3559,78,30,467,208,33,14,509,243,18,4,217,87,5,4,0.0,0.5555555555555556,3267
Lu Ning,Gao Yang,9,1289,1000,0.8649313248966203,0.6731572963701318,109,48,727,342,0,0,0,0,38,18,262,144,0,0,0,0,5,1,0.0,0.8333333333333334,3267
Shaun Murphy,Rod Lawler,9,1465,1187,0.855785791096651,0.6670782770956253,1089,710,7899,4494,829,440,6264,3217,77,44,1034,569,22,7,313,122,5,1,0.0,0.8333333333333334,3267
Alan McManus,Peter Lines,9,1318,1268,0.5764067306615769,0.5312093733737563,954,562,7933,4204,796,424,5754,2969,38,18,469,238,22,6,421,198,5,2,0.0,0.7142857142857143,3267
Anthony McGill,Riley Parsons,9,1371,995,0.9229011263885971,0.7190996574163839,530,320,3440,1883,3,0,20,6,33,16,823,429,20,6,20,6,5,1,0.0,0.8333333333333334,3267
Stephen Maguire,Oliver Lines,9,1490,1213,0.8549331199994852,0.6665228332551123,994,656,7271,4139,211,100,1362,669,105,63,1011,580,22,8,395,172,5,2,0.0,0.7142857142857143,3267
Jack Lisowski,Tian Pengfei,9,1535,1363,0.7455874700303385,0.6058736684317606,474,293,3146,1741,409,230,2731,1454,60,39,869,508,46,23,542,284,5,3,0.0,0.625,3267
Ding Junhui,Billy Joe Castle,9,1570,1188,0.9260271265901262,0.7221196058493572,771,520,5984,3423,70,32,423,196,87,56,928,530,41,19,339,149,5,2,0.0,0.7142857142857143,3267
Luo Honghao,Andrew Higginson,9,1234,1341,0.34019451059365574,0.43352094403237207,51,25,326,161,739,436,5223,2855,27,11,228,110,45,26,520,271,5,2,0.0,0.7142857142857143,3267
Michael Holt,James Wattana,9,1339,1254,0.6283212305936767,0.5529259881329059,855,491,6165,3267,827,443,6923,3606,35,18,643,326,30,14,323,133,5,3,0.0,0.625,3267
Liam Highfield,Andy Lee,9,1395,1123,0.8506163513024436,0.6637386974043528,372,198,2543,1341,130,62,764,366,40,18,483,253,21,5,155,69,5,0,0.0,1.0,3267
John Higgins,Chen Zifan,9,1609,1137,0.9618033812760566,0.7649478037637647,1474,1043,11743,6950,86,37,508,224,118,72,1191,715,25,9,296,126,5,2,0.0,0.7142857142857143,3267
Barry Hawkins,Jak Jones,9,1524,1247,0.8549331199994852,0.6665228332551123,1009,630,7200,4017,204,85,1325,590,48,24,1162,667,35,16,414,184,5,1,0.0,0.8333333333333334,3267
Lyu Haotian,Alexander Ursenbacher,9,1313,1295,0.5276622061032297,0.5112481019468548,137,59,992,462,129,56,808,372,24,9,446,219,54,29,378,177,5,1,0.0,0.8333333333333334,3267
Li Hang,Soheil Vahedi,9,1362,1100,0.8417147594504835,0.6581363150480182,291,149,2078,1074,45,10,297,111,61,36,594,311,26,9,262,98,5,3,0.0,0.625,3267
Anthony Hamilton,Jimmy White,9,1375,1225,0.717920276657251,0.5926665999540697,887,512,6727,3579,1450,801,12340,6453,61,32,621,307,26,8,372,153,5,3,0.0,0.625,3267
Xiao Guodong,Gerard Greene,9,1434,1267,0.7394330371891276,0.6028848673274662,465,274,3127,1734,724,385,5357,2781,38,23,646,369,19,5,365,167,5,4,0.0,0.5555555555555556,3267
David Gilbert,John Astley,9,1365,1271,0.6413253712613813,0.5584811124381613,631,359,4532,2420,219,101,1382,649,54,29,850,449,25,11,431,204,5,4,0.0,0.5555555555555556,3267
Michael Georgiou,David Grace,9,1286,1255,0.5475616243336275,0.519365308229932,246,115,1483,720,339,156,2241,1081,31,13,416,195,33,13,386,185,5,2,0.0,0.7142857142857143,3267
Marco Fu,Brandon Sargeant,9,1415,1085,0.8953253211201412,0.6952966693475653,899,535,6711,3652,86,37,493,235,56,31,684,365,17,3,150,74,5,3,0.0,0.625,3267
Igor Figueiredo,Yuan Sijun,9,1198,1315,0.3262457443848045,0.42739193613673987,106,51,781,368,91,39,637,295,18,4,114,49,51,23,401,195,5,3,0.0,0.625,3267
Graeme Dott,Hammad Miah,9,1482,1242,0.8208667164135127,0.6456563062257954,910,535,6890,3700,165,64,1092,487,56,37,796,437,27,12,407,186,5,3,0.0,0.625,3267
Ken Doherty,Li Yingdong,9,1278,960,0.8870202629331883,0.6889039179769546,1147,693,9308,5086,5,0,25,5,37,18,438,213,0,0,0,0,5,3,0.0,0.625,3267
Mark Davis,Sam Baird,9,1435,1251,0.760025787896806,0.6130141761393355,1135,687,7945,4356,361,186,2494,1273,55,27,773,432,26,10,447,214,5,1,0.0,0.8333333333333334,3267
Dominic Dale,Ronnie O'Sullivan,9,1282,1685,0.06382505551714265,0.2674693897123947,942,531,6709,3563,1264,971,10991,6737,24,10,466,229,138,91,1057,677,5,3,0.0,0.625,3267
Sam Craigie,Fraser Patrick,9,1335,1157,0.7528658846129856,0.6094497836283252,179,89,1100,563,208,85,1359,620,19,5,381,184,18,4,160,73,5,0,0.0,1.0,3267
Harvey Chandler,Kurt Maflin,9,1117,1344,0.19227030755303381,0.36181388669099446,34,13,215,93,551,313,3716,1997,31,15,178,81,59,35,513,266,5,4,0.0,0.5555555555555556,3267
Ali Carter,David Lilley,9,1489,1283,0.7852370226068368,0.6259778577666038,970,589,6803,3761,106,60,645,344,57,34,826,461,26,10,263,136,5,4,0.0,0.5555555555555556,3267
Stuart Carrington,Joe O'Connor,9,1375,1181,0.7716906952520353,0.6189278548001903,360,200,2361,1244,112,52,679,323,45,24,592,313,36,16,222,108,5,3,0.0,0.625,3267
Alfie Burden,Chris Wakelin,9,1306,1423,0.3262457443848045,0.42739193613673987,693,370,5017,2571,211,109,1426,733,26,10,486,233,45,24,534,286,5,3,0.0,0.625,3267
Jordan Brown,Michael White,9,1242,1313,0.3922116103813124,0.4557411415821268,123,64,792,400,519,291,3493,1834,34,16,252,125,48,25,716,357,5,2,0.0,0.7142857142857143,3267
Luca Brecel,Wu Yize,9,1324,1000,0.8912326155418068,0.6921095043017882,380,213,2606,1390,0,0,0,0,30,16,783,425,0,0,0,0,5,2,0.0,0.7142857142857143,3267
Nigel Bond,Daniel Wells,9,1299,1284,0.5230577783295167,0.5093739015216607,888,483,6967,3636,379,186,2562,1265,64,32,425,191,28,11,512,250,5,2,0.0,0.7142857142857143,3267
Chang Bingyu,Tom Ford,9,1092,1381,0.13506867510337967,0.3268427036298682,14,5,107,45,653,372,4609,2460,29,13,102,44,31,14,750,403,5,4,0.0,0.5555555555555556,3267
Yan Bingtao,Bai Langning,9,1483,983,0.9693571928858792,0.7772998611746911,166,102,1165,654,7,0,46,12,85,50,739,424,20,6,42,12,5,4,0.0,0.5555555555555556,3267
Stuart Bingham,Alex Borg,9,1486,1048,0.9505429195853785,0.7493220844051797,1129,719,8167,4656,384,159,2709,1218,67,36,913,525,15,1,216,71,5,0,0.0,1.0,3267
Zhang Anda,Mark King,9,1324,1397,0.3892573801791685,0.45450121278721795,332,164,2330,1166,981,551,7171,3785,24,9,470,232,45,24,791,430,5,3,0.0,0.625,3267
Mark Allen,James Cahill,9,1566,1290,0.8540768917779444,0.6659669267518202,810,530,5659,3210,180,72,1123,508,126,80,1157,678,36,16,307,166,5,1,0.0,0.8333333333333334,3267
Zhou Yuelong,Ben Woollaston,5,1383,1331,0.5606811228214462,0.5324543063873187,229,128,1535,814,629,356,4071,2163,25,11,697,376,56,29,720,376,5,1,0.0,0.8333333333333334,3267
Kyren Wilson,Robbie Williams,5,1517,1324,0.7137371013098217,0.6183380393302829,547,340,3617,2012,383,205,2512,1280,64,39,1293,731,48,26,473,233,5,2,0.0,0.7142857142857143,3267
Liang Wenbo,Barry Pinches,5,1385,1217,0.6885613986938575,0.6034832498647263,638,382,4431,2432,747,386,5771,2995,64,33,698,365,19,5,154,87,5,0,0.0,1.0,3267
Hossein Vafaei,Lyu Haotian,5,1338,1313,0.5292682926862966,0.5156199157230156,117,65,910,458,137,59,992,462,22,8,497,254,24,9,446,219,5,1,0.0,0.8333333333333334,3267
Thepchaiya Un-Nooh,Zhang Yang,5,1409,1043,0.854968983241633,0.7140222267773016,354,204,2567,1359,16,9,87,44,84,47,651,342,0,0,0,0,5,1,0.0,0.8333333333333334,3267
Judd Trump,Sam Craigie,5,1639,1335,0.8113923955918642,0.6813537337890256,987,678,6649,3957,179,89,1100,563,141,94,1290,803,19,5,381,184,5,4,0.0,0.5555555555555556,3267
Craig Steadman,Ian Burns,5,1302,1327,0.47073170731370345,0.4843800842769844,464,248,3057,1593,354,181,2259,1142,26,11,448,216,47,25,446,208,5,1,0.0,0.8333333333333334,3267
Elliot Slessor,Xu Si,5,1286,1181,0.6209631712437256,0.5652507475670999,187,82,1163,544,61,20,422,176,29,11,441,212,22,8,308,129,5,3,0.0,0.625,3267
Mark Selby,Anthony Hamilton,5,1623,1375,0.76516986480491,0.6502185485738271,1149,796,8358,4900,887,512,6727,3579,113,76,1221,728,61,32,621,307,5,3,0.0,0.625,3267
Noppon Saengkham,Ricky Walden,5,1399,1415,0.48125749700105125,0.4900013331200346,253,122,1822,888,889,534,6192,3406,41,19,663,353,53,29,880,465,5,3,0.0,0.625,3267
Jimmy Robertson,Jackson Page,5,1352,1190,0.6823670834585351,0.5998883688639983,514,284,3497,1821,49,25,315,157,54,27,733,383,31,14,315,157,5,0,0.0,1.0,3267
Joe Perry,Michael Georgiou,5,1461,1286,0.6957154251093327,0.6076631698328917,1099,657,7862,4273,246,115,1483,720,88,49,926,524,31,13,416,195,5,2,0.0,0.7142857142857143,3267
Martin O'Donnell,Chang Bingyu,5,1373,1092,0.7931881604834489,0.668741821102192,347,174,2201,1117,14,5,107,45,54,28,600,316,29,13,102,44,5,3,0.0,0.625,3267
Fergal O'Brien,Dominic Dale,5,1318,1282,0.5421022430011616,0.5224848247918001,903,511,6780,3559,942,531,6709,3563,33,14,509,243,24,10,466,229,5,3,0.0,0.625,3267
Shaun Murphy,Alan McManus,5,1465,1318,0.666639963065059,0.5908547524545943,1089,710,7899,4494,954,562,7933,4204,77,44,1034,569,38,18,469,238,5,2,0.0,0.7142857142857143,3267
Anthony McGill,Matthew Stevens,5,1371,1458,0.39923851647372466,0.44583834723635146,530,320,3440,1883,972,569,7502,4083,33,16,823,429,69,40,566,297,5,2,0.0,0.7142857142857143,3267
Jack Lisowski,Luo Honghao,5,1535,1234,0.8090803576958436,0.6797231924722057,474,293,3146,1741,51,25,326,161,60,39,869,508,27,11,228,110,5,1,0.0,0.8333333333333334,3267
Michael Holt,Luca Brecel,5,1339,1324,0.5175719473623499,0.5093739015216607,855,491,6165,3267,380,213,2606,1390,35,18,643,326,30,16,783,425,5,2,0.0,0.7142857142857143,3267
John Higgins,Lu Ning,5,1609,1289,0.8234056307022715,0.6899744811276125,1474,1043,11743,6950,109,48,727,342,118,72,1191,715,38,18,262,144,5,4,0.0,0.5555555555555556,3267
Barry Hawkins,Marco Fu,5,1524,1415,0.6254064207400727,0.5677065480733601,1009,630,7200,4017,899,535,6711,3652,48,24,1162,667,56,31,684,365,5,3,0.0,0.625,3267
Xiao Guodong,Harvey Chandler,5,1434,1117,0.8211939299056206,0.6883678768310286,465,274,3127,1734,34,13,215,93,38,23,646,369,31,15,178,81,5,0,0.0,1.0,3267
David Gilbert,Zhao Xintong,5,1365,1363,0.5023437353516541,0.5012499973958399,631,359,4532,2420,179,97,1208,648,54,29,850,449,39,16,547,290,5,4,0.0,0.5555555555555556,3267
Graeme Dott,Jordan Brown,5,1482,1242,0.7580478951370674,0.6456563062257954,910,535,6890,3700,123,64,792,400,56,37,796,437,34,16,252,125,5,2,0.0,0.7142857142857143,3267
Mark Davis,Matthew Selt,5,1435,1298,0.6559731969251956,0.584797674717737,1135,687,7945,4356,584,315,3971,2069,55,27,773,432,27,7,539,265,5,0,0.0,1.0,3267
Ali Carter,Igor Figueiredo,5,1489,1198,0.8012380930813612,0.6742564252229473,970,589,6803,3761,106,51,781,368,57,34,826,461,18,4,114,49,5,1,0.0,0.8333333333333334,3267
Stuart Carrington,Yan Bingtao,5,1375,1483,0.3757027255533275,0.4329070950345457,360,200,2361,1244,166,102,1165,654,45,24,592,313,85,50,739,424,5,1,0.0,0.8333333333333334,3267
Alfie Burden,Mei Xiwen,5,1306,1299,0.5082024969963244,0.5043748883497735,693,370,5017,2571,125,60,842,415,26,10,486,233,39,17,428,206,5,2,0.0,0.7142857142857143,3267
Stuart Bingham,Nigel Bond,5,1486,1299,0.7077911868207196,0.6147918694922195,1129,719,8167,4656,888,483,6967,3636,67,36,913,525,64,32,425,191,5,3,0.0,0.625,3267
Zhang Anda,Li Hang,5,1324,1362,0.4555689973865378,0.4762678458734389,332,164,2330,1166,291,149,2078,1074,24,9,470,232,61,36,594,311,5,3,0.0,0.625,3267
Mark Allen,Ken Doherty,5,1566,1278,0.7988448661835853,0.6726070170677604,810,530,5659,3210,1147,693,9308,5086,126,80,1157,678,37,18,438,213,5,3,0.0,0.625,3267
Zhou Yuelong,Fergal O'Brien,9,1383,1318,0.5988871099602557,0.5405358392737893,229,128,1535,814,903,511,6780,3559,25,11,697,376,33,14,509,243,5,0,0.0,1.0,3267
Kyren Wilson,Hossein Vafaei,9,1517,1338,0.7540674834504022,0.610044672404527,547,340,3617,2012,117,65,910,458,64,39,1293,731,22,8,497,254,5,4,0.0,0.5555555555555556,3267
Thepchaiya Un-Nooh,Craig Steadman,9,1409,1302,0.659805489406344,0.5664790559676278,354,204,2567,1359,464,248,3057,1593,84,47,651,342,26,11,448,216,5,2,0.0,0.7142857142857143,3267
Judd Trump,Liang Wenbo,9,1639,1385,0.8343351260922364,0.653622330899504,987,678,6649,3957,638,382,4431,2432,141,94,1290,803,64,33,698,365,5,3,0.0,0.625,3267
Akani Songsermsawad,Elliot Slessor,9,1312,1286,0.5399199537054243,0.5162442810620724,115,59,854,429,187,82,1163,544,31,13,561,282,29,11,441,212,5,1,0.0,0.8333333333333334,3267
Mark Selby,Noppon Saengkham,9,1623,1399,0.8046121832928468,0.6364525402815664,1149,796,8358,4900,253,122,1822,888,113,76,1221,728,41,19,663,353,5,2,0.0,0.7142857142857143,3267
Joe Perry,Stuart Carrington,9,1461,1375,0.6297740923567853,0.5535439031511183,1099,657,7862,4273,360,200,2361,1244,88,49,926,524,45,24,592,313,5,3,0.0,0.625,3267
Jack Lisowski,Xiao Guodong,9,1535,1434,0.6513228977147019,0.5627917401386452,474,293,3146,1741,465,274,3127,1734,60,39,869,508,38,23,646,369,5,1,0.0,0.8333333333333334,3267
Ding Junhui,Martin O'Donnell,9,1570,1373,0.7751238468246431,0.6206951913643555,771,520,5984,3423,347,174,2201,1117,87,56,928,530,54,28,600,316,5,2,0.0,0.7142857142857143,3267
Michael Holt,Barry Hawkins,9,1339,1524,0.23879254816430406,0.3863929221952217,855,491,6165,3267,1009,630,7200,4017,35,18,643,326,48,24,1162,667,5,3,0.0,0.625,3267
John Higgins,Mark Davis,9,1609,1435,0.748026655837828,0.6070669880717036,1474,1043,11743,6950,1135,687,7945,4356,118,72,1191,715,55,27,773,432,5,1,0.0,0.8333333333333334,3267
David Gilbert,Anthony McGill,9,1365,1371,0.49077234947048,0.496250070310918,631,359,4532,2420,530,320,3440,1883,54,29,850,449,33,16,823,429,5,0,0.0,1.0,3267
Graeme Dott,Shaun Murphy,9,1482,1465,0.5261277964586326,0.5106234010049637,910,535,6890,3700,1089,710,7899,4494,56,37,796,437,77,44,1034,569,5,1,0.0,0.8333333333333334,3267
Ali Carter,Alfie Burden,9,1489,1306,0.7588407806226307,0.6124209393479161,970,589,6803,3761,693,370,5017,2571,57,34,826,461,26,10,486,233,5,2,0.0,0.7142857142857143,3267
Stuart Bingham,Jimmy Robertson,9,1486,1352,0.6968827791173715,0.5829754542011996,1129,719,8167,4656,514,284,3497,1821,67,36,913,525,54,27,733,383,5,3,0.0,0.625,3267
Mark Allen,Zhang Anda,9,1566,1324,0.8228339524244989,0.6467993925579857,810,530,5659,3210,332,164,2330,1166,126,80,1157,678,24,9,470,232,5,3,0.0,0.625,3267
Zhou Yuelong,Ali Carter,9,1383,1489,0.3416025347215279,0.4341349971045183,229,128,1535,814,970,589,6803,3761,25,11,697,376,57,34,826,461,5,2,0.0,0.7142857142857143,3267
Kyren Wilson,Jack Lisowski,9,1517,1535,0.47233779389677,0.4887518980531451,547,340,3617,2012,474,293,3146,1741,64,39,1293,731,60,39,869,508,5,1,0.0,0.8333333333333334,3267
Thepchaiya Un-Nooh,Akani Songsermsawad,9,1409,1312,0.6456229970128096,0.5603296426885532,354,204,2567,1359,115,59,854,429,84,47,651,342,31,13,561,282,5,3,0.0,0.625,3267
Judd Trump,Joe Perry,9,1639,1461,0.7528658846129856,0.6094497836283252,987,678,6649,3957,1099,657,7862,4273,141,94,1290,803,88,49,926,524,5,4,0.0,0.5555555555555556,3267
Michael Holt,Ding Junhui,9,1339,1570,0.18816363955439813,0.35950804627666144,855,491,6165,3267,771,520,5984,3423,35,18,643,326,87,56,928,530,5,1,0.0,0.8333333333333334,3267
John Higgins,Graeme Dott,9,1609,1482,0.6874521458116047,0.578714862460134,1474,1043,11743,6950,910,535,6890,3700,118,72,1191,715,56,37,796,437,5,4,0.0,0.5555555555555556,3267
David Gilbert,Mark Allen,9,1365,1566,0.22034677075439496,0.37695333963338384,631,359,4532,2420,810,530,5659,3210,54,29,850,449,126,80,1157,678,5,3,0.0,0.625,3267
Stuart Bingham,Mark Selby,9,1486,1623,0.29911684565394725,0.415202325282263,1129,719,8167,4656,1149,796,8358,4900,67,36,913,525,113,76,1221,728,5,2,0.0,0.7142857142857143,3267
Kyren Wilson,Zhou Yuelong,9,1517,1383,0.6968827791173715,0.5829754542011996,547,340,3617,2012,229,128,1535,814,64,39,1293,731,25,11,697,376,5,3,0.0,0.625,3267
Thepchaiya Un-Nooh,David Gilbert,9,1409,1365,0.5673362271953684,0.5274723043445937,354,204,2567,1359,631,359,4532,2420,84,47,651,342,54,29,850,449,5,4,0.0,0.5555555555555556,3267
Judd Trump,Michael Holt,9,1639,1339,0.8736516395059266,0.679178699175393,987,678,6649,3957,855,491,6165,3267,141,94,1290,803,35,18,643,326,5,1,0.0,0.8333333333333334,3267
John Higgins,Stuart Bingham,9,1609,1486,0.682004145502627,0.5762749224932653,1474,1043,11743,6950,1129,719,8167,4656,118,72,1191,715,67,36,913,525,5,2,0.0,0.7142857142857143,3267
Thepchaiya Un-Nooh,Kyren Wilson,11,1409,1517,0.3237115889261103,0.4329070950345457,354,204,2567,1359,547,340,3617,2012,84,47,651,342,64,39,1293,731,6,5,0.0,0.5454545454545454,3267
Judd Trump,John Higgins,11,1639,1609,0.550614462905557,0.5187412158785352,987,678,6649,3957,1474,1043,11743,6950,141,94,1290,803,118,72,1191,715,6,5,0.0,0.5454545454545454,3267
Judd Trump,Thepchaiya Un-Nooh,19,1639,1409,0.8963989700976916,0.6399160967377341,987,678,6649,3957,354,204,2567,1359,141,94,1290,803,84,47,651,342,10,5,0.0,0.6666666666666666,3267
Fan Zhengyi,Riley Parsons,7,1006,990,0.5218633393972989,0.5099986668799655,26,3,175,55,4,0,26,7,39,16,137,40,26,7,26,7,4,3,0.0,0.5714285714285714,3271
Zhou Yuelong,Michael White,7,1432,1299,0.67536846283006,0.5823675407280794,234,132,1568,837,520,291,3500,1836,58,34,730,399,55,27,723,359,4,2,0.0,0.6666666666666666,3271
Mei Xiwen,Yan Bingtao,7,1303,1448,0.31008353284223983,0.4103545214372688,127,61,856,422,168,103,1180,660,53,24,442,213,100,56,754,430,4,3,0.0,0.5714285714285714,3271
Zhao Xintong,Scott Donaldson,7,1372,1366,0.5082025098106111,0.5037499296890819,181,98,1223,657,265,135,1778,889,54,25,562,299,72,39,556,292,4,3,0.0,0.5714285714285714,3271
Ben Woollaston,Andrew Higginson,7,1317,1325,0.48906395814377107,0.4950001666600003,631,357,4085,2169,740,436,5230,2857,70,35,734,382,52,28,527,273,4,3,0.0,0.5714285714285714,3271
Gary Wilson,Mark Joyce,7,1394,1277,0.6555229391190917,0.5726080638632601,439,255,2878,1557,488,256,3506,1778,59,32,639,337,42,18,570,283,4,1,0.0,0.8,3271
Kyren Wilson,Liang Wenbo,7,1525,1411,0.651748409886971,0.5707716118944918,553,345,3666,2042,641,384,4450,2445,113,69,1342,761,83,46,717,378,4,1,0.0,0.8,3271
Mark Williams,Jamie Clarke,7,1534,1170,0.8901903833125965,0.7130001627522816,1466,963,10992,6318,168,82,991,501,16,8,1271,757,25,6,222,95,4,2,0.0,0.6666666666666666,3271
Robbie Williams,Mark King,7,1332,1386,0.4266177377216683,0.4663011645670992,385,206,2525,1287,982,551,7179,3788,61,33,486,240,53,27,799,433,4,0,0.0,1.0,3271
Daniel Wells,Sam Baird,7,1273,1240,0.5450150538752272,0.5206133097144486,380,186,2569,1267,362,186,2500,1274,35,13,519,252,32,11,453,215,4,3,0.0,0.5714285714285714,3271
Lee Walker,Chen Zifan,7,1333,1140,0.7448448720621436,0.6183380393302829,489,263,3759,1931,87,37,515,226,31,12,487,240,32,11,303,128,4,1,0.0,0.8,3271
Ricky Walden,Alex Borg,7,1407,1038,0.8932262852912048,0.7155512239631054,891,535,6209,3414,385,159,2714,1218,70,37,897,473,20,1,221,71,4,0,0.0,1.0,3271
Chris Wakelin,Anthony McGill,7,1410,1370,0.5545057991359676,0.52497918747894,212,109,1434,736,533,322,3458,1893,53,27,542,289,51,26,841,439,4,2,0.0,0.6666666666666666,3271
Hossein Vafaei,Simon Lichtenberg,7,1369,1038,0.8684878923525275,0.6958260586292875,120,67,931,472,39,13,219,92,43,22,518,268,28,9,153,56,4,3,0.0,0.5714285714285714,3271
Thepchaiya Un-Nooh,Stephen Maguire,7,1444,1493,0.433341285511335,0.469413239817919,361,210,2629,1395,995,657,7278,4144,146,83,713,378,112,68,1018,585,4,0,0.0,1.0,3271
Judd Trump,Peter Ebdon,7,1652,1380,0.8221753102072331,0.6637386974043528,994,685,6712,3998,1106,633,8656,4648,204,135,1353,844,48,21,606,326,4,0,0.0,1.0,3271
Adam Stefanow,Luca Brecel,7,1111,1314,0.24442824800689816,0.3757797665027358,79,30,476,212,382,214,2620,1397,27,8,226,91,44,23,797,432,4,1,0.0,0.8,3271
Akani Songsermsawad,Martin Gould,7,1330,1386,0.42393453930920916,0.4650570548417855,118,61,874,442,715,429,4761,2604,51,26,581,295,45,19,761,409,4,3,0.0,0.5714285714285714,3271
Elliot Slessor,Ashley Carty,7,1286,1203,0.611870456908998,0.5516896693427,190,84,1186,555,150,76,876,447,52,22,464,223,27,8,257,129,4,0,0.0,1.0,3271
Yuan Sijun,Igor Figueiredo,7,1302,1203,0.6326419490877371,0.5615610703361955,92,39,645,298,108,52,795,374,59,26,409,198,32,10,128,55,4,0,0.0,1.0,3271
Xu Si,Matthew Stevens,7,1189,1447,0.19026196310320587,0.3441171587921863,63,21,438,184,974,570,7516,4090,38,16,324,137,83,47,580,304,4,2,0.0,0.6666666666666666,3271
Matthew Selt,Craig Steadman,7,1281,1318,0.44955793756481255,0.4768914745109111,586,316,3984,2074,467,250,3078,1605,40,12,552,270,47,23,469,228,4,0,0.0,1.0,3271
Mark Selby,Barry Pinches,7,1609,1213,0.9085182512941501,0.7290879223493065,1153,799,8387,4917,749,387,5784,3000,142,93,1250,745,32,10,167,92,4,2,0.0,0.6666666666666666,3271
Brandon Sargeant,Jak Jones,7,1089,1239,0.3041121924541114,0.40733340004593027,87,37,501,238,205,85,1331,591,25,6,158,77,41,17,420,185,4,3,0.0,0.5714285714285714,3271
Neil Robertson,Kishan Hirani,7,1540,1171,0.8932262852912048,0.7155512239631054,963,634,7025,4017,162,78,885,425,103,60,1067,622,37,16,223,109,4,0,0.0,1.0,3271
Jimmy Robertson,Robert Milkins,7,1370,1316,0.573382262278332,0.5336988354329009,517,286,3517,1834,881,521,6385,3455,74,40,753,396,41,17,668,347,4,2,0.0,0.6666666666666666,3271
Joe Perry,Mark Lloyd,7,1473,1000,0.9427842463351405,0.7653970126407402,1103,660,7893,4292,0,0,0,0,119,68,957,543,0,0,0,0,4,1,0.0,0.8,3271
Tian Pengfei,Gerard Greene,7,1362,1270,0.6236008848905433,0.5572478545985555,410,230,2739,1457,725,385,5366,2785,54,26,550,287,28,9,374,171,4,3,0.0,0.5714285714285714,3271
Ronnie O'Sullivan,Jamie O'Neill,7,1662,1218,0.9313914957717048,0.7521291114395702,1265,971,10999,6740,301,157,1897,985,146,94,1065,680,32,11,157,88,4,3,0.0,0.5714285714285714,3271
Martin O'Donnell,Alexander Ursenbacher,7,1366,1280,0.6157933128709394,0.5535439031511183,350,176,2224,1129,130,56,814,373,77,40,623,328,60,30,384,178,4,2,0.0,0.6666666666666666,3271
Joe O'Connor,Ian Burns,7,1181,1310,0.32954639777958084,0.4200665998114943,113,52,687,326,355,181,2265,1143,44,19,230,111,53,26,452,209,4,2,0.0,0.6666666666666666,3271
Fergal O'Brien,Nigel Bond,7,1303,1309,0.4917974901893887,0.496250070310918,906,513,6802,3569,890,484,6982,3644,55,24,531,253,79,40,440,199,4,0,0.0,1.0,3271
Lu Ning,Duane Jones,7,1306,1136,0.7192100641468833,0.6046790847140093,111,49,742,351,181,84,1085,531,53,27,277,153,25,6,318,116,4,3,0.0,0.5714285714285714,3271
Shaun Murphy,Chang Bingyu,7,1464,1110,0.883921914952807,0.7078572714244814,1092,712,7918,4505,16,6,124,53,96,55,1053,580,46,21,119,52,4,2,0.0,0.6666666666666666,3271
Hammad Miah,Mitchell Mann,7,1243,1220,0.5314106943491967,0.5143710406970602,166,64,1100,490,257,118,1636,785,35,15,415,189,29,9,353,165,4,2,0.0,0.6666666666666666,3271
Alan McManus,Ali Carter,7,1321,1483,0.29000807657290884,0.40011163113600173,956,563,7947,4211,974,592,6832,3778,52,25,483,245,86,51,855,478,4,2,0.0,0.6666666666666666,3271
Kurt Maflin,Noppon Saengkham,7,1330,1408,0.3946945160108152,0.4514038914168657,552,313,3725,2001,256,124,1843,900,68,39,522,270,62,31,684,365,4,3,0.0,0.5714285714285714,3271
Jack Lisowski,Jackson Page,7,1540,1180,0.8877146338860857,0.7109495026250039,478,296,3172,1757,51,26,327,162,86,55,895,524,43,19,327,162,4,1,0.0,0.8,3271
Andy Lee,David Lilley,7,1110,1288,0.27172488874541606,0.3905502163716748,131,62,769,366,107,60,654,348,26,5,160,69,35,14,272,140,4,3,0.0,0.5714285714285714,3271
Bai Langning,Jimmy White,7,999,1223,0.22276496570381588,0.36354745971843366,8,0,55,16,1451,801,12348,6456,29,10,51,16,34,11,380,156,4,2,0.0,0.6666666666666666,3271
Si Jiahui,Soheil Vahedi,7,1058,1102,0.44008542926958705,0.47252769565540637,8,3,49,24,46,10,305,114,43,22,43,22,34,12,270,101,4,0,0.0,1.0,3271
Michael Holt,James Cahill,7,1383,1282,0.6352110684578025,0.5627917401386452,860,495,6200,3288,181,72,1129,509,70,39,678,347,42,17,313,167,4,1,0.0,0.8,3271
Liam Highfield,Oliver Lines,7,1408,1210,0.7502408354966205,0.6212835951910678,373,199,2548,1346,212,100,1369,671,45,23,488,258,29,10,402,174,4,1,0.0,0.8,3271
Louis Heathcote,Jordan Brown,7,1127,1252,0.3344927873720658,0.4225046348141883,50,21,281,135,125,65,806,407,46,21,136,73,48,23,266,132,4,1,0.0,0.8,3271
Barry Hawkins,Amine Amiri,7,1520,985,0.9619089218053724,0.7920785167252805,1012,632,7222,4030,2,0,10,0,70,37,1184,680,10,0,10,0,4,0,0.0,1.0,3271
Anthony Hamilton,Zhang Jiankang,7,1378,1046,0.8691888759761051,0.6963549298238342,889,513,6743,3587,27,9,163,61,77,40,637,315,43,17,147,54,4,2,0.0,0.6666666666666666,3271
Xiao Guodong,Rod Lawler,7,1431,1179,0.8042377114883456,0.6524894621927444,468,276,3147,1745,830,440,6270,3218,58,34,666,380,28,8,319,123,4,2,0.0,0.6666666666666666,3271
David Gilbert,Stuart Carrington,7,1403,1389,0.5191328123553783,0.5087491068802403,636,363,4572,2444,363,202,2383,1257,94,53,890,473,67,37,614,326,4,1,0.0,0.8,3271
Michael Georgiou,David Grace,7,1291,1244,0.5639634145132848,0.5293412500457856,248,116,1497,727,340,156,2248,1083,45,20,430,202,40,15,393,187,4,3,0.0,0.5714285714285714,3271
Marco Fu,Ken Doherty,7,1408,1277,0.6729150209582897,0.5811509642893937,901,536,6727,3660,1149,694,9324,5094,72,39,700,373,53,26,454,221,4,0,0.0,1.0,3271
Tom Ford,Peter Lines,7,1365,1258,0.6428793213307702,0.5664790559676278,654,372,4618,2464,797,424,5761,2971,40,18,759,407,29,8,428,200,4,0,0.0,1.0,3271
Chen Feilong,Thor Chuan Leong,7,1114,1210,0.3712235715309693,0.44028635073280703,47,16,292,125,112,36,730,311,34,13,151,60,26,7,373,170,4,3,0.0,0.5714285714285714,3271
Mike Dunn,Harvey Chandler,7,1290,1118,0.721490850613204,0.6058736684317606,732,386,5360,2753,36,14,229,98,39,16,474,235,45,20,192,86,4,2,0.0,0.6666666666666666,3271
Graeme Dott,Mark Davis,7,1502,1450,0.5706954446194282,0.5324543063873187,914,538,6920,3719,1138,689,7962,4367,86,56,826,456,72,38,790,443,4,2,0.0,0.6666666666666666,3271
Ryan Day,Eden Sharav,7,1422,1244,0.728275111254584,0.6094497836283252,1031,622,7033,3876,167,77,1050,491,47,23,1271,694,45,20,430,191,4,0,0.0,1.0,3271
Ryan Davies,Peifan Lei,7,1029,1039,0.4863309727288301,0.49375032550048964,4,3,20,13,5,1,35,14,0,0,20,13,35,14,35,14,4,2,0.0,0.6666666666666666,3271
Dominic Dale,Ding Junhui,7,1297,1553,0.1920840951325451,0.3452465393936808,944,532,6725,3571,774,522,6004,3434,40,18,482,237,107,67,948,541,4,3,0.0,0.5714285714285714,3271
Sam Craigie,Luo Honghao,7,1360,1242,0.6567774862994666,0.5732197726798348,181,90,1114,572,53,26,339,167,33,14,395,193,40,17,241,116,4,2,0.0,0.6666666666666666,3271
Alfie Burden,Andy Hicks,7,1325,1235,0.6210041469292463,0.5560138905446199,696,372,5039,2583,633,342,5041,2610,48,22,508,245,24,5,227,118,4,3,0.0,0.5714285714285714,3271
Stuart Bingham,Kacper Filipiak,7,1507,1130,0.8979493413023324,0.7196043690484492,1134,723,8202,4678,94,39,531,229,102,58,948,547,42,17,139,68,4,3,0.0,0.5714285714285714,3271
John Astley,Billy Joe Castle,7,1271,1188,0.611870456908998,0.5516896693427,220,101,1391,653,71,32,430,198,34,15,440,208,48,21,346,151,4,2,0.0,0.6666666666666666,3271
Zhang Anda,Lyu Haotian,7,1345,1313,0.5436568604546561,0.5199893401555818,335,166,2354,1179,139,60,1004,468,48,22,494,245,36,15,458,225,4,1,0.0,0.8,3271
Mark Allen,James Wattana,7,1555,1249,0.8500614892601291,0.6824383021930648,814,533,5689,3228,828,443,6931,3609,156,98,1187,696,38,17,331,136,4,2,0.0,0.6666666666666666,3271
Fan Zhengyi,Chris Wakelin,7,1006,1410,0.08729756377059693,0.26697985076114245,26,3,175,55,212,109,1434,736,39,16,137,40,53,27,542,289,4,3,0.0,0.5714285714285714,3271
Zhou Yuelong,Ben Woollaston,7,1432,1317,0.6530083881296338,0.5713839816769324,234,132,1568,837,631,357,4085,2169,58,34,730,399,70,35,734,382,4,0,0.0,1.0,3271
Mei Xiwen,Li Hang,7,1303,1351,0.4346885316890212,0.4700359482354282,127,61,856,422,293,150,2094,1082,53,24,442,213,77,44,610,319,4,0,0.0,1.0,3271
Zhao Xintong,Anthony Hamilton,7,1372,1378,0.4917974901893887,0.496250070310918,181,98,1223,657,889,513,6743,3587,54,25,562,299,77,40,637,315,4,0,0.0,1.0,3271
Gary Wilson,John Astley,7,1394,1271,0.6630224339222315,0.5762749224932653,439,255,2878,1557,220,101,1391,653,59,32,639,337,34,15,440,208,4,1,0.0,0.8,3271
Kyren Wilson,Bai Langning,7,1525,999,0.9595299011110077,0.788348634008099,553,345,3666,2042,8,0,55,16,113,69,1342,761,29,10,51,16,4,3,0.0,0.5714285714285714,3271
Lee Walker,Robbie Williams,7,1333,1332,0.5013671846516985,0.5006249996744794,489,263,3759,1931,385,206,2525,1287,31,12,487,240,61,33,486,240,4,3,0.0,0.5714285714285714,3271
Ricky Walden,Sam Craigie,7,1407,1360,0.5639634145132848,0.5293412500457856,891,535,6209,3414,181,90,1114,572,70,37,897,473,33,14,395,193,4,0,0.0,1.0,3271
Hossein Vafaei,Chen Feilong,7,1369,1114,0.8070005952389404,0.654188113761243,120,67,931,472,47,16,292,125,43,22,518,268,34,13,151,60,4,2,0.0,0.6666666666666666,3271
Thepchaiya Un-Nooh,Joe O'Connor,7,1444,1181,0.8142437917894374,0.6586985747356444,361,210,2629,1395,113,52,687,326,146,83,713,378,44,19,230,111,4,3,0.0,0.5714285714285714,3271
Judd Trump,Daniel Wells,7,1652,1273,0.8991045200732098,0.7206121300108707,994,685,6712,3998,380,186,2569,1267,204,135,1353,844,35,13,519,252,4,0,0.0,1.0,3271
Elliot Slessor,Ryan Day,7,1286,1422,0.32096653442831036,0.4158094770645927,190,84,1186,555,1031,622,7033,3876,52,22,464,223,47,23,1271,694,4,2,0.0,0.6666666666666666,3271
Matthew Selt,Hammad Miah,7,1281,1243,0.5517972899579606,0.523732154126561,586,316,3984,2074,166,64,1100,490,40,12,552,270,35,15,415,189,4,1,0.0,0.8,3271
Mark Selby,Martin O'Donnell,7,1609,1366,0.7957969165005263,0.647370307581549,1153,799,8387,4917,350,176,2224,1129,142,93,1250,745,77,40,623,328,4,1,0.0,0.8,3271
Neil Robertson,Marco Fu,7,1540,1408,0.6741427448520734,0.5817593768418363,963,634,7025,4017,901,536,6727,3660,103,60,1067,622,72,39,700,373,4,2,0.0,0.6666666666666666,3271
Joe Perry,Liam Highfield,7,1473,1408,0.5880916350836762,0.5405358392737893,1103,660,7893,4292,373,199,2548,1346,119,68,957,543,45,23,488,258,4,2,0.0,0.6666666666666666,3271
Tian Pengfei,Alan McManus,7,1362,1321,0.5558590476581076,0.5256025883246178,410,230,2739,1457,956,563,7947,4211,54,26,550,287,52,25,483,245,4,2,0.0,0.6666666666666666,3271
Ronnie O'Sullivan,Yuan Sijun,7,1662,1302,0.8877146338860857,0.7109495026250039,1265,971,10999,6740,92,39,645,298,146,94,1065,680,59,26,409,198,4,3,0.0,0.5714285714285714,3271
Fergal O'Brien,Zhang Anda,7,1303,1345,0.44278839657477087,0.4737740906279313,906,513,6802,3569,335,166,2354,1179,55,24,531,253,48,22,494,245,4,2,0.0,0.6666666666666666,3271
Shaun Murphy,Akani Songsermsawad,7,1464,1330,0.6765921632853334,0.5829754542011996,1092,712,7918,4505,118,61,874,442,96,55,1053,580,51,26,581,295,4,1,0.0,0.8,3271
Kurt Maflin,Jimmy Robertson,7,1330,1370,0.44549420086403224,0.47502081252106,552,313,3725,2001,517,286,3517,1834,68,39,522,270,74,40,753,396,4,3,0.0,0.5714285714285714,3271
Jack Lisowski,Alfie Burden,7,1540,1325,0.7680961089120268,0.6312306626164005,478,296,3172,1757,696,372,5039,2583,86,55,895,524,48,22,508,245,4,3,0.0,0.5714285714285714,3271
Si Jiahui,Stuart Bingham,7,1058,1507,0.06652098929303418,0.24554785372749516,8,3,49,24,1134,723,8202,4678,43,22,43,22,102,58,948,547,4,1,0.0,0.8,3271
Michael Holt,Mark Williams,7,1383,1534,0.3029244926392998,0.4067300078928128,860,495,6200,3288,1466,963,10992,6318,70,39,678,347,16,8,1271,757,4,1,0.0,0.8,3271
Louis Heathcote,Adam Stefanow,7,1127,1111,0.5218633393972989,0.5099986668799655,50,21,281,135,79,30,476,212,46,21,136,73,27,8,226,91,4,3,0.0,0.5714285714285714,3271
Barry Hawkins,Michael Georgiou,7,1520,1291,0.7822166026963269,0.6393398367530659,1012,632,7222,4030,248,116,1497,727,70,37,1184,680,45,20,430,202,4,0,0.0,1.0,3271
Xiao Guodong,Brandon Sargeant,7,1431,1089,0.8760481845200896,0.7016149536154007,468,276,3147,1745,87,37,501,238,58,34,666,380,25,6,158,77,4,0,0.0,1.0,3271
David Gilbert,Ryan Davies,7,1403,1029,0.896197449963507,0.7180885751833498,636,363,4572,2444,4,3,20,13,94,53,890,473,0,0,20,13,4,0,0.0,1.0,3271
Tom Ford,Lu Ning,7,1365,1306,0.5800831913605062,0.5368082899889803,654,372,4618,2464,111,49,742,351,40,18,759,407,53,27,277,153,4,0,0.0,1.0,3271
Graeme Dott,Mike Dunn,7,1502,1290,0.7650010839038448,0.6294831119673949,914,538,6920,3719,732,386,5360,2753,86,56,826,456,39,16,474,235,4,0,0.0,1.0,3271
Dominic Dale,Xu Si,7,1297,1189,0.644151517953897,0.5670929049654543,944,532,6725,3571,63,21,438,184,40,18,482,237,38,16,324,137,4,1,0.0,0.8,3271
Mark Allen,Andy Lee,7,1555,1110,0.9318132355220661,0.7525948948809733,814,533,5689,3228,131,62,769,366,156,98,1187,696,26,5,160,69,4,0,0.0,1.0,3271
Mei Xiwen,Elliot Slessor,7,1303,1286,0.5232282019769063,0.5106234010049637,127,61,856,422,190,84,1186,555,53,24,442,213,52,22,464,223,4,1,0.0,0.8,3271
Zhao Xintong,Neil Robertson,7,1372,1540,0.2830802923189607,0.3965167501352737,181,98,1223,657,963,634,7025,4017,54,25,562,299,103,60,1067,622,4,0,0.0,1.0,3271
Gary Wilson,Joe Perry,7,1394,1473,0.3933789028764624,0.45078487089866653,439,255,2878,1557,1103,660,7893,4292,59,32,639,337,119,68,957,543,4,3,0.0,0.5714285714285714,3271
Lee Walker,Judd Trump,7,1333,1652,0.14013938303066084,0.31056054693922636,489,263,3759,1931,994,685,6712,3998,31,12,487,240,204,135,1353,844,4,2,0.0,0.6666666666666666,3271
Ricky Walden,Michael Holt,7,1407,1383,0.5327731710226205,0.51499550161941,891,535,6209,3414,860,495,6200,3288,70,37,897,473,70,39,678,347,4,3,0.0,0.5714285714285714,3271
Thepchaiya Un-Nooh,Graeme Dott,7,1444,1502,0.42125508861179106,0.4638133797682053,361,210,2629,1395,914,538,6920,3719,146,83,713,378,86,56,826,456,4,2,0.0,0.6666666666666666,3271
Mark Selby,Matthew Selt,7,1609,1281,0.8663684234920509,0.6942363401080305,1153,799,8387,4917,586,316,3984,2074,142,93,1250,745,40,12,552,270,4,2,0.0,0.6666666666666666,3271
Tian Pengfei,Dominic Dale,7,1362,1297,0.5880916350836762,0.5405358392737893,410,230,2739,1457,944,532,6725,3571,54,26,550,287,40,18,482,237,4,2,0.0,0.6666666666666666,3271
Ronnie O'Sullivan,Hossein Vafaei,7,1662,1369,0.8397864427779326,0.6753536404444148,1265,971,10999,6740,120,67,931,472,146,94,1065,680,43,22,518,268,4,1,0.0,0.8,3271
Shaun Murphy,Fan Zhengyi,7,1464,1006,0.937104951446693,0.7585964618789349,1092,712,7918,4505,26,3,175,55,96,55,1053,580,39,16,137,40,4,0,0.0,1.0,3271
Si Jiahui,Zhou Yuelong,7,1058,1432,0.10380255003649284,0.28191142481665016,8,3,49,24,234,132,1568,837,43,22,43,22,58,34,730,399,4,0,0.0,1.0,3271
Barry Hawkins,Fergal O'Brien,7,1520,1303,0.7701459815525172,0.6323937895695628,1012,632,7222,4030,906,513,6802,3569,70,37,1184,680,55,24,531,253,4,2,0.0,0.6666666666666666,3271
Xiao Guodong,Jack Lisowski,7,1431,1540,0.3545779913833035,0.43229345192664,468,276,3147,1745,478,296,3172,1757,58,34,666,380,86,55,895,524,4,3,0.0,0.5714285714285714,3271
David Gilbert,Kurt Maflin,7,1403,1330,0.5987085312450529,0.5454987872127821,636,363,4572,2444,552,313,3725,2001,94,53,890,473,68,39,522,270,4,2,0.0,0.6666666666666666,3271
Tom Ford,Kyren Wilson,7,1365,1525,0.2923360013407782,0.401312339887548,654,372,4618,2464,553,345,3666,2042,40,18,759,407,113,69,1342,761,4,2,0.0,0.6666666666666666,3271
Mark Allen,Louis Heathcote,7,1555,1127,0.9243491045965284,0.7445969158274759,814,533,5689,3228,50,21,281,135,156,98,1187,696,46,21,136,73,4,1,0.0,0.8,3271
Mei Xiwen,Ronnie O'Sullivan,7,1303,1662,0.11291087526356344,0.2895645189571249,127,61,856,422,1265,971,10999,6740,53,24,442,213,146,94,1065,680,4,3,0.0,0.5714285714285714,3271
Lee Walker,Gary Wilson,7,1333,1394,0.41724321907824724,0.4619487156141408,489,263,3759,1931,439,255,2878,1557,31,12,487,240,59,32,639,337,4,3,0.0,0.5714285714285714,3271
Ricky Walden,Thepchaiya Un-Nooh,7,1407,1444,0.44955793756481255,0.4768914745109111,891,535,6209,3414,361,210,2629,1395,70,37,897,473,146,83,713,378,4,2,0.0,0.6666666666666666,3271
Mark Selby,Xiao Guodong,7,1609,1431,0.728275111254584,0.6094497836283252,1153,799,8387,4917,468,276,3147,1745,142,93,1250,745,58,34,666,380,4,1,0.0,0.8,3271
Tian Pengfei,Si Jiahui,7,1362,1058,0.8485117931807986,0.6813537337890256,410,230,2739,1457,8,3,49,24,54,26,550,287,43,22,43,22,4,0,0.0,1.0,3271
David Gilbert,Zhao Xintong,7,1403,1372,0.5422981239384312,0.519365308229932,636,363,4572,2444,181,98,1223,657,94,53,890,473,54,25,562,299,4,3,0.0,0.5714285714285714,3271
Tom Ford,Shaun Murphy,7,1365,1464,0.36735805091226303,0.4384389296638045,654,372,4618,2464,1092,712,7918,4505,40,18,759,407,96,55,1053,580,4,3,0.0,0.5714285714285714,3271
Mark Allen,Barry Hawkins,7,1555,1520,0.5477297445502348,0.5218610539716015,814,533,5689,3228,1012,632,7222,4030,156,98,1187,696,70,37,1184,680,4,0,0.0,1.0,3271
Mark Selby,Mei Xiwen,9,1609,1303,0.8782310515028146,0.6824383021930648,1153,799,8387,4917,127,61,856,422,142,93,1250,745,53,24,442,213,5,3,0.0,0.625,3271
David Gilbert,Ricky Walden,9,1403,1407,0.4938479125874028,0.49750002083312506,636,363,4572,2444,891,535,6209,3414,94,53,890,473,70,37,897,473,5,4,0.0,0.5555555555555556,3271
Tom Ford,Tian Pengfei,9,1365,1362,0.5046141496682656,0.5018749912109869,654,372,4618,2464,410,230,2739,1457,40,18,759,407,54,26,550,287,5,0,0.0,1.0,3271
Mark Allen,Lee Walker,9,1555,1333,0.8025160233947083,0.6352948493228071,814,533,5689,3228,489,263,3759,1931,156,98,1187,696,31,12,487,240,5,1,0.0,0.8333333333333334,3271
Mark Selby,Mark Allen,11,1609,1555,0.5905369210165868,0.5336988354329009,1153,799,8387,4917,814,533,5689,3228,142,93,1250,745,156,98,1187,696,6,5,0.0,0.5454545454545454,3271
David Gilbert,Tom Ford,11,1403,1365,0.5640031138255938,0.523732154126561,636,363,4572,2444,654,372,4618,2464,94,53,890,473,40,18,759,407,6,3,0.0,0.6666666666666666,3271
Mark Selby,David Gilbert,17,1609,1403,0.8580583573267337,0.6259778577666038,1153,799,8387,4917,636,363,4572,2444,142,93,1250,745,94,53,890,473,9,1,0.0,0.9,3271
Jianbo Zhao,Li Yingdong,5,1000,964,0.5421022430011616,0.5224848247918001,0,0,0,0,6,0,33,8,0,0,0,0,8,3,8,3,5,1,0.0,0.8333333333333334,3109
Pang Junxu,Wu Yize,5,969,999,0.46489311903927244,0.4812587841214648,10,2,52,17,1,0,7,2,0,0,0,0,7,2,7,2,5,2,0.0,0.7142857142857143,3109
Zhou Yuelong,Riley Parsons,9,1427,987,0.9512749447928917,0.7502601055951177,237,134,1582,845,5,0,33,10,72,42,744,407,33,10,33,10,5,0,0.0,1.0,3109
Zhao Xintong,David Grace,9,1408,1242,0.7381925501749662,0.6022861768886306,185,101,1245,672,341,156,2255,1086,76,40,584,314,47,18,400,190,5,3,0.0,0.625,3109
Ben Woollaston,Zhang Jiankang,9,1307,1047,0.8398914152025413,0.6570104626734988,633,358,4096,2173,28,9,169,63,81,39,745,386,49,19,153,56,5,3,0.0,0.625,3109
Kyren Wilson,Jamie Clarke,9,1510,1172,0.9005987447198918,0.6995172276624274,556,347,3684,2052,169,82,997,503,131,79,1360,771,31,8,228,97,5,1,0.0,0.8333333333333334,3109
Robbie Williams,Fraser Patrick,9,1345,1141,0.7830139367356328,0.6248064744684293,387,207,2536,1294,209,85,1364,620,72,40,497,247,23,4,165,73,5,1,0.0,0.8333333333333334,3109
Mark Williams,Andy Lee,9,1517,1112,0.9370791853228881,0.7335091181602805,1468,964,11003,6323,133,63,780,370,27,13,1282,762,37,9,171,73,5,1,0.0,0.8333333333333334,3109
Daniel Wells,Chang Bingyu,9,1267,1112,0.7243399491478313,0.5956807306078472,382,187,2580,1271,17,6,130,55,46,17,530,256,52,23,125,54,5,2,0.0,0.7142857142857143,3109
Ricky Walden,Xu Si,9,1439,1195,0.8247868019279315,0.6479408020806503,896,539,6239,3434,65,22,449,189,100,57,927,493,49,21,335,142,5,3,0.0,0.625,3109
Chris Wakelin,Lee Walker,9,1400,1357,0.5658207017739435,0.5268491486891144,214,110,1447,743,494,267,3790,1948,66,34,555,296,62,29,518,257,5,2,0.0,0.7142857142857143,3109
Hossein Vafaei,Jimmy White,9,1358,1208,0.717920276657251,0.5926665999540697,123,69,949,481,1452,801,12354,6458,61,31,536,277,40,13,386,158,5,4,0.0,0.5555555555555556,3109
Alexander Ursenbacher,Ali Carter,9,1275,1470,0.2271614942374483,0.3804826803529153,131,56,820,375,975,592,6838,3780,66,32,390,180,92,53,861,480,5,4,0.0,0.5555555555555556,3109
Thepchaiya Un-Nooh,Soheil Vahedi,9,1457,1085,0.9207592275202511,0.7170752854929726,365,213,2652,1409,47,10,309,114,169,97,736,392,38,12,274,101,5,0,0.0,1.0,3109
Judd Trump,James Wattana,5,1655,1250,0.8783329441874659,0.7335091181602805,997,687,6726,4008,829,443,6937,3611,218,145,1367,854,44,19,337,138,5,1,0.0,0.8333333333333334,3109
Matthew Stevens,Jamie O'Neill,9,1432,1228,0.7830139367356328,0.6248064744684293,975,570,7522,4092,302,157,1904,988,89,49,586,306,39,14,164,91,5,3,0.0,0.625,3109
Akani Songsermsawad,Simon Lichtenberg,9,1327,1045,0.8591609654110055,0.669295402777446,120,62,886,447,40,13,226,95,63,31,593,300,35,12,160,59,5,0,0.0,1.0,3109
Yuan Sijun,Craig Steadman,9,1323,1301,0.5337952923373129,0.513746534902355,94,40,656,305,468,250,3082,1605,70,33,420,205,51,23,473,228,5,4,0.0,0.5555555555555556,3109
Matthew Selt,Kacper Filipiak,9,1310,1138,0.7455874700303385,0.6058736684317606,589,318,3999,2084,95,39,538,232,55,22,567,280,49,20,146,71,5,1,0.0,0.8333333333333334,3109
Mark Selby,Chen Feilong,5,1644,1120,0.9320404886342968,0.7875131558774608,1160,806,8438,4953,49,17,305,131,193,129,1301,781,47,19,164,66,5,3,0.0,0.625,3109
Noppon Saengkham,Nigel Bond,9,1401,1293,0.6612111753784531,0.5670929049654543,257,124,1850,903,891,484,6986,3644,69,34,691,368,83,40,444,199,5,0,0.0,1.0,3109
Neil Robertson,Gerard Greene,9,1534,1269,0.8444228547259001,0.6598217549720575,966,636,7039,4025,726,385,5373,2788,117,68,1081,630,35,12,381,174,5,3,0.0,0.625,3109
Joe Perry,Alfie Burden,9,1474,1329,0.7114258135090068,0.5896454785627312,1106,662,7911,4303,698,373,5053,2590,137,79,975,554,62,29,522,252,5,4,0.0,0.5555555555555556,3109
Tian Pengfei,Alan McManus,9,1368,1327,0.5627866210804462,0.5256025883246178,415,234,2767,1473,958,564,7959,4217,82,42,578,303,64,31,495,251,5,4,0.0,0.5555555555555556,3109
Martin O'Donnell,Steve Mifsud,9,1365,1026,0.9012433396788231,0.7000424476024744,352,177,2235,1134,130,52,971,440,88,45,634,333,0,0,0,0,5,3,0.0,0.625,3109
Joe O'Connor,Michael White,9,1198,1295,0.35437700298719044,0.4396703573114467,115,53,700,333,521,291,3506,1838,57,26,243,118,61,29,729,361,5,3,0.0,0.625,3109
Lu Ning,Igor Figueiredo,9,1289,1189,0.6499012213921682,0.5621765008857981,113,50,753,355,109,52,799,374,64,31,288,157,36,10,132,55,5,1,0.0,0.8333333333333334,3109
Shaun Murphy,Fan Zhengyi,9,1472,1018,0.9561487074655526,0.7567604506198106,1096,715,7940,4520,29,5,193,63,118,70,1075,595,57,24,155,48,5,2,0.0,0.7142857142857143,3109
Hammad Miah,Michael Georgiou,9,1239,1282,0.43417929822605655,0.4731508513108857,168,65,1111,495,250,117,1508,731,46,20,426,194,56,24,441,206,5,4,0.0,0.5555555555555556,3109
Anthony McGill,Chen Zifan,9,1363,1133,0.8108150591323824,0.6399160967377341,534,322,3464,1895,88,37,520,227,57,28,847,441,37,12,308,129,5,1,0.0,0.8333333333333334,3109
Mitchell Mann,Liang Wenbo,9,1213,1402,0.23409948444239598,0.3840246980818742,258,118,1642,787,642,384,4455,2446,35,11,359,167,88,47,722,379,5,3,0.0,0.625,3109
Stephen Maguire,Ian Burns,9,1476,1298,0.7528658846129856,0.6094497836283252,996,657,7282,4144,356,181,2271,1145,116,68,1022,585,59,28,458,211,5,3,0.0,0.625,3109
Kurt Maflin,Billy Joe Castle,9,1336,1182,0.7230620724576832,0.595078473866134,555,315,3745,2011,72,32,436,200,88,49,542,280,54,23,352,153,5,2,0.0,0.7142857142857143,3109
Jack Lisowski,Oliver Lines,9,1534,1203,0.895995910361251,0.6958260586292875,481,298,3191,1768,213,100,1374,672,105,66,914,535,34,11,407,175,5,0,0.0,1.0,3109
Mark King,Rod Lawler,9,1369,1178,0.7682267848118195,0.6171573626529722,983,551,7183,3788,831,440,6276,3220,57,27,803,433,34,10,325,125,5,1,0.0,0.8333333333333334,3109
Ding Junhui,Brandon Sargeant,5,1540,1088,0.9025464629783488,0.7558388990947971,775,522,6011,3437,89,38,512,242,114,70,955,544,36,10,169,81,5,0,0.0,1.0,3109
Mark Joyce,Elliot Slessor,9,1268,1300,0.45091216472504103,0.48001065984441826,489,256,3511,1779,193,86,1201,564,47,19,575,284,67,31,479,232,5,4,0.0,0.5555555555555556,3109
Jak Jones,Gary Wilson,9,1230,1412,0.24234756182196188,0.3881726309982629,206,85,1338,594,443,258,2902,1572,48,20,427,188,83,47,663,352,5,3,0.0,0.625,3109
Luo Honghao,Mark Davis,9,1238,1444,0.21476297739316325,0.37402214223339625,54,26,345,169,1139,689,7968,4369,46,19,247,118,78,40,796,445,5,2,0.0,0.7142857142857143,3109
Michael Holt,David Lilley,9,1404,1278,0.6860941115953165,0.5781052328843092,863,497,6217,3299,108,60,661,351,87,50,695,358,42,17,279,143,5,1,0.0,0.8333333333333334,3109
Kishan Hirani,Fergal O'Brien,9,1162,1326,0.26429794182847044,0.3989121211516302,163,78,889,425,909,515,6818,3579,41,16,227,109,71,34,547,263,5,4,0.0,0.5555555555555556,3109
Liam Highfield,Si Jiahui,9,1409,1109,0.8736516395059266,0.679178699175393,375,200,2559,1352,12,6,66,36,56,29,499,264,60,34,60,34,5,2,0.0,0.7142857142857143,3109
Andrew Higginson,John Astley,9,1321,1268,0.5809264008951017,0.5330766223661046,741,436,5237,2860,222,102,1402,658,59,31,534,276,45,20,451,213,5,4,0.0,0.5555555555555556,3109
John Higgins,Andy Hicks,9,1614,1234,0.9249966076249283,0.7211151780228631,1480,1048,11792,6980,634,342,5048,2613,167,102,1240,745,31,8,234,121,5,4,0.0,0.5555555555555556,3109
Barry Hawkins,Barry Pinches,9,1524,1216,0.8797299937321948,0.6835208937363156,1016,635,7240,4042,750,387,5790,3002,88,49,1202,692,38,12,173,94,5,3,0.0,0.625,3109
Lyu Haotian,Louis Heathcote,9,1302,1144,0.7281552136873749,0.5974857658270161,140,60,1009,469,53,23,298,144,41,16,463,226,63,30,153,82,5,3,0.0,0.625,3109
Li Hang,Bai Langning,9,1334,1026,0.8797299937321948,0.6835208937363156,294,150,2098,1082,10,1,68,23,81,44,614,319,42,17,64,23,5,0,0.0,1.0,3109
Anthony Hamilton,Alex Borg,9,1361,1029,0.8966632246585242,0.6963549298238342,891,514,6753,3591,386,159,2718,1218,87,44,647,319,24,1,225,71,5,4,0.0,0.5555555555555556,3109
Xiao Guodong,Peifan Lei,9,1441,1031,0.9392940397487847,0.7359453939271484,472,279,3169,1758,6,1,41,16,80,47,688,393,41,16,41,16,5,1,0.0,0.8333333333333334,3109
Martin Gould,Ashley Carty,9,1380,1189,0.7682267848118195,0.6171573626529722,716,429,4768,2607,151,76,880,447,52,22,768,412,31,8,261,129,5,3,0.0,0.625,3109
David Gilbert,Peter Lines,9,1425,1244,0.7564607688598808,0.6112334666758695,643,369,4622,2472,798,424,5765,2971,144,81,940,501,33,8,432,200,5,2,0.0,0.7142857142857143,3109
Marco Fu,James Cahill,9,1417,1273,0.7101180862128782,0.5890404340586651,903,537,6737,3666,182,72,1134,510,82,45,710,379,47,18,318,168,5,4,0.0,0.5555555555555556,3109
Tom Ford,Pang Junxu,5,1420,969,0.9020741699993111,0.7553772379137498,660,377,4653,2488,10,2,52,17,75,42,794,431,0,0,0,0,5,2,0.0,0.7142857142857143,3109
Mike Dunn,Thor Chuan Leong,9,1281,1203,0.6180984609900165,0.5485961085831343,734,387,5370,2757,113,36,737,314,49,20,484,239,33,10,380,173,5,2,0.0,0.7142857142857143,3109
Graeme Dott,Jackson Page,9,1510,1176,0.8979880573364181,0.6974111143958823,917,540,6936,3729,52,26,332,163,102,66,842,466,48,20,332,163,5,4,0.0,0.5555555555555556,3109
Scott Donaldson,Adam Stefanow,9,1362,1124,0.8188851011711408,0.6445115537062945,266,135,1785,892,81,31,488,219,79,42,563,295,39,15,238,98,5,1,0.0,0.8333333333333334,3109
Ryan Day,Duane Jones,9,1422,1138,0.8608272920014749,0.6704011598088686,1033,623,7043,3882,182,84,1092,534,57,29,1281,700,32,9,325,119,5,4,0.0,0.5555555555555556,3109
Dominic Dale,Jimmy Robertson,9,1313,1371,0.4115659974105401,0.4638133797682053,947,534,6743,3581,519,287,3530,1841,58,28,500,247,87,47,766,403,5,2,0.0,0.7142857142857143,3109
Sam Craigie,Robert Milkins,9,1349,1310,0.5597486539081615,0.5243557087682073,183,91,1124,576,882,521,6391,3457,43,18,405,197,47,19,674,349,5,4,0.0,0.5555555555555556,3109
Harvey Chandler,Stuart Carrington,9,1115,1377,0.1582852405495167,0.3418636849519819,37,14,235,100,364,202,2388,1258,51,22,198,88,72,38,619,327,5,4,0.0,0.5555555555555556,3109
Jordan Brown,Stuart Bingham,9,1237,1477,0.17913328358648706,0.35434369377420455,126,65,811,408,1136,724,8214,4683,53,24,271,133,114,63,960,552,5,3,0.0,0.625,3109
Luca Brecel,Zhang Anda,9,1297,1347,0.4235932693384231,0.46879062662624377,383,214,2625,1398,337,167,2365,1185,49,24,802,433,59,28,505,251,5,1,0.0,0.8333333333333334,3109
Yan Bingtao,Mei Xiwen,5,1439,1357,0.5950946751482796,0.551071269307342,169,103,1187,663,132,65,887,441,107,59,761,433,84,43,473,232,5,4,0.0,0.5555555555555556,3109
Sam Baird,Peter Ebdon,9,1237,1369,0.30579803555915175,0.4182406231581638,363,186,2507,1277,1107,633,8660,4648,39,14,460,218,52,21,610,326,5,3,0.0,0.625,3109
Mark Allen,Eden Sharav,9,1587,1232,0.91112487624584,0.708373991032327,820,538,5725,3254,168,77,1054,491,192,124,1223,722,49,20,434,191,5,1,0.0,0.8333333333333334,3109
Zhou Yuelong,Thepchaiya Un-Nooh,5,1427,1457,0.46489311903927244,0.4812587841214648,237,134,1582,845,365,213,2652,1409,72,42,744,407,169,97,736,392,5,1,0.0,0.8333333333333334,3109
Zhao Xintong,Ding Junhui,5,1408,1540,0.3494118903890368,0.4182406231581638,185,101,1245,672,775,522,6011,3437,76,40,584,314,114,70,955,544,5,3,0.0,0.625,3109
Kyren Wilson,Robbie Williams,5,1510,1345,0.6854713271777031,0.6016871801828567,556,347,3684,2052,387,207,2536,1294,131,79,1360,771,72,40,497,247,5,0,0.0,1.0,3109
Mark Williams,Kishan Hirani,5,1517,1162,0.8478205813376439,0.708373991032327,1468,964,11003,6323,163,78,889,425,27,13,1282,762,41,16,227,109,5,1,0.0,0.8333333333333334,3109
Chris Wakelin,Alexander Ursenbacher,5,1400,1275,0.6429935752689471,0.5774953651858118,214,110,1447,743,131,56,820,375,66,34,555,296,66,32,390,180,5,1,0.0,0.8333333333333334,3109
Hossein Vafaei,Tom Ford,5,1358,1420,0.427777534253478,0.46132739479349205,123,69,949,481,660,377,4653,2488,61,31,536,277,75,42,794,431,5,1,0.0,0.8333333333333334,3109
Judd Trump,Mike Dunn,5,1655,1281,0.8600119154702095,0.7180885751833498,997,687,6726,4008,734,387,5370,2757,218,145,1367,854,49,20,484,239,5,0,0.0,1.0,3109
Matthew Stevens,Dominic Dale,5,1432,1313,0.6364344798338326,0.5738312575916094,975,570,7522,4092,947,534,6743,3581,89,49,586,306,58,28,500,247,5,2,0.0,0.7142857142857143,3109
Matthew Selt,Ben Woollaston,5,1310,1307,0.5035155755622185,0.5018749912109869,589,318,3999,2084,633,358,4096,2173,55,22,567,280,81,39,745,386,5,2,0.0,0.7142857142857143,3109
Mark Selby,Lu Ning,5,1644,1289,0.8478205813376439,0.708373991032327,1160,806,8438,4953,113,50,753,355,193,129,1301,781,64,31,288,157,5,2,0.0,0.7142857142857143,3109
Noppon Saengkham,Mark King,5,1401,1369,0.537440095865586,0.5199893401555818,257,124,1850,903,983,551,7183,3788,69,34,691,368,57,27,803,433,5,2,0.0,0.7142857142857143,3109
Neil Robertson,Jianbo Zhao,5,1534,1000,0.9354796681046202,0.7916664907298545,966,636,7039,4025,0,0,0,0,117,68,1081,630,0,0,0,0,5,1,0.0,0.8333333333333334,3109
Joe Perry,Hammad Miah,5,1474,1239,0.7535327852276485,0.6427913242407762,1106,662,7911,4303,168,65,1111,495,137,79,975,554,46,20,426,194,5,0,0.0,1.0,3109
Shaun Murphy,Yuan Sijun,5,1472,1323,0.6687562358036636,0.5920629281648192,1096,715,7940,4520,94,40,656,305,118,70,1075,595,70,33,420,205,5,3,0.0,0.625,3109
Anthony McGill,Michael Holt,5,1363,1404,0.45207899241412597,0.47439741167538224,534,322,3464,1895,863,497,6217,3299,57,28,847,441,87,50,695,358,5,2,0.0,0.7142857142857143,3109
Mitchell Mann,Lyu Haotian,5,1213,1302,0.3969781572500606,0.44460335167941084,258,118,1642,787,140,60,1009,469,35,11,359,167,41,16,463,226,5,4,0.0,0.5555555555555556,3109
Stephen Maguire,Harvey Chandler,5,1476,1115,0.8517505862848335,0.7114629823302013,996,657,7282,4144,37,14,235,100,116,68,1022,585,51,22,198,88,5,2,0.0,0.7142857142857143,3109
Kurt Maflin,Graeme Dott,5,1336,1510,0.30530170690885716,0.39293301192829644,555,315,3745,2011,917,540,6936,3729,88,49,542,280,102,66,842,466,5,4,0.0,0.5555555555555556,3109
Jack Lisowski,Daniel Wells,5,1534,1267,0.7815719934490449,0.6609431415591629,481,298,3191,1768,382,187,2580,1271,105,66,914,535,46,17,530,256,5,1,0.0,0.8333333333333334,3109
Mark Joyce,Jak Jones,5,1268,1230,0.5444310026134622,0.523732154126561,489,256,3511,1779,206,85,1338,594,47,19,575,284,48,20,427,188,5,3,0.0,0.625,3109
Luo Honghao,Ricky Walden,5,1238,1439,0.2784332007180405,0.37695333963338384,54,26,345,169,896,539,6239,3434,46,19,247,118,100,57,927,493,5,4,0.0,0.5555555555555556,3109
John Higgins,Andrew Higginson,5,1614,1321,0.8028231944808165,0.6753536404444148,1480,1048,11792,6980,741,436,5237,2860,167,102,1240,745,59,31,534,276,5,1,0.0,0.8333333333333334,3109
Barry Hawkins,Liam Highfield,5,1524,1409,0.6320373398491563,0.5713839816769324,1016,635,7240,4042,375,200,2559,1352,88,49,1202,692,56,29,499,264,5,2,0.0,0.7142857142857143,3109
Li Hang,Sam Craigie,5,1334,1349,0.4824280526376499,0.4906260984783392,294,150,2098,1082,183,91,1124,576,81,44,614,319,43,18,405,197,5,2,0.0,0.7142857142857143,3109
Xiao Guodong,Martin O'Donnell,5,1441,1365,0.5882659081741528,0.5473576181430894,472,279,3169,1758,352,177,2235,1134,80,47,688,393,88,45,634,333,5,4,0.0,0.5555555555555556,3109
Martin Gould,Scott Donaldson,5,1380,1362,0.5210830766927628,0.5112481019468548,716,429,4768,2607,266,135,1785,892,52,22,768,412,79,42,563,295,5,3,0.0,0.625,3109
David Gilbert,Marco Fu,5,1425,1417,0.5093740625937418,0.5049998333399998,643,369,4622,2472,903,537,6737,3666,144,81,940,501,82,45,710,379,5,1,0.0,0.8333333333333334,3109
Ryan Day,Joe O'Connor,5,1422,1198,0.7434290927168916,0.6364525402815664,1033,623,7043,3882,115,53,700,333,57,29,1281,700,57,26,243,118,5,4,0.0,0.5555555555555556,3109
Jordan Brown,Akani Songsermsawad,5,1237,1327,0.3958493803112607,0.44398610945538003,126,65,811,408,120,62,886,447,53,24,271,133,63,31,593,300,5,4,0.0,0.5555555555555556,3109
Luca Brecel,Tian Pengfei,5,1297,1368,0.4174471030781097,0.4557411415821268,383,214,2625,1398,415,234,2767,1473,49,24,802,433,82,42,578,303,5,4,0.0,0.5555555555555556,3109
Yan Bingtao,Sam Baird,5,1439,1237,0.7225374978806129,0.623633628298226,169,103,1187,663,363,186,2507,1277,107,59,761,433,39,14,460,218,5,4,0.0,0.5555555555555556,3109
Mark Allen,Anthony Hamilton,5,1587,1361,0.7452833993871671,0.637608652621925,820,538,5725,3254,891,514,6753,3591,192,124,1223,722,87,44,647,319,5,3,0.0,0.625,3109
Zhao Xintong,Xiao Guodong,5,1408,1441,0.46139381581175565,0.47938669028555136,185,101,1245,672,472,279,3169,1758,76,40,584,314,80,47,688,393,5,3,0.0,0.625,3109
Mark Williams,Luo Honghao,5,1517,1238,0.791553363420959,0.6676332571171155,1468,964,11003,6323,54,26,345,169,27,13,1282,762,46,19,247,118,5,3,0.0,0.625,3109
Chris Wakelin,Yan Bingtao,5,1400,1439,0.4544052337360196,0.47564429123179275,214,110,1447,743,169,103,1187,663,66,34,555,296,107,59,761,433,5,2,0.0,0.7142857142857143,3109
Hossein Vafaei,Kyren Wilson,5,1358,1510,0.32808031793770503,0.4061268970658573,123,69,949,481,556,347,3684,2052,61,31,536,277,131,79,1360,771,5,3,0.0,0.625,3109
Judd Trump,Zhou Yuelong,5,1655,1427,0.7471300668068428,0.6387631751488418,997,687,6726,4008,237,134,1582,845,218,145,1367,854,72,42,744,407,5,0,0.0,1.0,3109
Matthew Selt,Neil Robertson,5,1310,1534,0.25657090728310855,0.36354745971843366,589,318,3999,2084,966,636,7039,4025,55,22,567,280,117,68,1081,630,5,1,0.0,0.8333333333333334,3109
Mark Selby,Martin Gould,5,1644,1380,0.7790306664055431,0.6592603884513855,1160,806,8438,4953,716,429,4768,2607,193,129,1301,781,52,22,768,412,5,2,0.0,0.7142857142857143,3109
Noppon Saengkham,Mark Allen,5,1401,1587,0.29320583636165476,0.38580035722310485,257,124,1850,903,820,538,5725,3254,69,34,691,368,192,124,1223,722,5,4,0.0,0.5555555555555556,3109
Joe Perry,Stephen Maguire,5,1474,1476,0.49765626464834606,0.49875000260416025,1106,662,7911,4303,996,657,7282,4144,137,79,975,554,116,68,1022,585,5,3,0.0,0.625,3109
Shaun Murphy,Ryan Day,5,1472,1422,0.5583657591830317,0.5312093733737563,1096,715,7940,4520,1033,623,7043,3882,118,70,1075,595,57,29,1281,700,5,3,0.0,0.625,3109
Anthony McGill,Jack Lisowski,5,1363,1534,0.30836288588779653,0.39472346622515553,534,322,3464,1895,481,298,3191,1768,57,28,847,441,105,66,914,535,5,3,0.0,0.625,3109
Kurt Maflin,Jordan Brown,5,1336,1237,0.6142658017738556,0.5615610703361955,555,315,3745,2011,126,65,811,408,88,49,542,280,53,24,271,133,5,3,0.0,0.625,3109
John Higgins,Li Hang,5,1614,1334,0.7923717930239893,0.6681877721681662,1480,1048,11792,6980,294,150,2098,1082,167,102,1240,745,81,44,614,319,5,3,0.0,0.625,3109
Barry Hawkins,Mitchell Mann,5,1524,1213,0.8167140497351079,0.6851410567502929,1016,635,7240,4042,258,118,1642,787,88,49,1202,692,35,11,359,167,5,1,0.0,0.8333333333333334,3109
David Gilbert,Matthew Stevens,5,1425,1432,0.4917975030036759,0.4956251116502266,643,369,4622,2472,975,570,7522,4092,144,81,940,501,89,49,586,306,5,2,0.0,0.7142857142857143,3109
Luca Brecel,Mark Joyce,5,1297,1268,0.5339397760225986,0.5181170650431814,383,214,2625,1398,489,256,3511,1779,49,24,802,433,47,19,575,284,5,0,0.0,1.0,3109
Mark Williams,Luca Brecel,5,1517,1297,0.7396976942828529,0.6341355910108007,1468,964,11003,6323,383,214,2625,1398,27,13,1282,762,49,24,802,433,5,1,0.0,0.8333333333333334,3109
Hossein Vafaei,Anthony McGill,5,1358,1363,0.4941408538728954,0.4968750406894683,123,69,949,481,534,322,3464,1895,61,31,536,277,57,28,847,441,5,4,0.0,0.5555555555555556,3109
Mark Selby,Chris Wakelin,5,1644,1400,0.7616246840754549,0.6479408020806503,1160,806,8438,4953,214,110,1447,743,193,129,1301,781,66,34,555,296,5,2,0.0,0.7142857142857143,3109
Joe Perry,Judd Trump,5,1474,1655,0.2982164727157271,0.3887665333241305,1106,662,7911,4303,997,687,6726,4008,137,79,975,554,218,145,1367,854,5,2,0.0,0.7142857142857143,3109
Shaun Murphy,Matthew Selt,5,1472,1310,0.6823670834585351,0.5998883688639983,1096,715,7940,4520,589,318,3999,2084,118,70,1075,595,55,22,567,280,5,3,0.0,0.625,3109
Kurt Maflin,John Higgins,5,1336,1614,0.20926712670997888,0.3329217229043748,555,315,3745,2011,1480,1048,11792,6980,88,49,542,280,167,102,1240,745,5,3,0.0,0.625,3109
Barry Hawkins,Zhao Xintong,5,1524,1408,0.633138416322128,0.5719961329315186,1016,635,7240,4042,185,101,1245,672,88,49,1202,692,76,40,584,314,5,4,0.0,0.5555555555555556,3109
David Gilbert,Noppon Saengkham,5,1425,1401,0.5280997102632979,0.51499550161941,643,369,4622,2472,257,124,1850,903,144,81,940,501,69,34,691,368,5,2,0.0,0.7142857142857143,3109
Mark Williams,David Gilbert,9,1517,1425,0.6384497606491344,0.5572478545985555,1468,964,11003,6323,643,369,4622,2472,27,13,1282,762,144,81,940,501,5,1,0.0,0.8333333333333334,3109
Hossein Vafaei,Joe Perry,9,1358,1474,0.3276296057789573,0.42800386706848137,123,69,949,481,1106,662,7911,4303,61,31,536,277,137,79,975,554,5,3,0.0,0.625,3109
Mark Selby,Barry Hawkins,9,1644,1524,0.6778907155437834,0.574442516811659,1160,806,8438,4953,1016,635,7240,4042,193,129,1301,781,88,49,1202,692,5,4,0.0,0.5555555555555556,3109
Shaun Murphy,Kurt Maflin,9,1472,1336,0.699552494810083,0.5841905229354074,1096,715,7940,4520,555,315,3745,2011,118,70,1075,595,88,49,542,280,5,2,0.0,0.7142857142857143,3109
Mark Williams,Hossein Vafaei,11,1517,1358,0.7492586166277835,0.5980868603322034,1468,964,11003,6323,123,69,949,481,27,13,1282,762,61,31,536,277,6,5,0.0,0.5454545454545454,3109
Shaun Murphy,Mark Selby,11,1472,1644,0.23369794918973066,0.3941263315682394,1096,715,7940,4520,1160,806,8438,4953,118,70,1075,595,193,129,1301,781,6,3,0.0,0.6666666666666666,3109
Shaun Murphy,Mark Williams,19,1472,1517,0.4019242967585692,0.4719046255916129,1096,715,7940,4520,1468,964,11003,6323,118,70,1075,595,27,13,1282,762,10,9,0.0,0.5263157894736842,3109
Zhang Yi,Ali Carter,11,1000,1457,0.029377959680209537,0.2418616537249081,9,4,52,22,976,592,6847,3784,0,0,0,0,101,57,870,484,6,3,0.0,0.6666666666666666,3188
Liang Wenbo,Stuart Bingham,11,1387,1460,0.3785163845385248,0.45450121278721795,643,384,4463,2449,1137,724,8222,4686,96,50,730,382,122,66,968,555,6,4,0.0,0.6,3188
Shaun Murphy,Lyu Haotian,11,1515,1297,0.820957826408379,0.6329747766804606,1103,722,8006,4561,142,61,1026,478,184,111,1141,636,58,25,480,235,6,1,0.0,0.8571428571428571,3188
Jack Lisowski,Wu Yize,11,1539,986,0.9881681224265981,0.7993922110988483,484,300,3210,1781,2,0,14,4,124,79,933,548,14,4,14,4,6,1,0.0,0.8571428571428571,3188
Ding Junhui,Jianbo Zhao,11,1536,1013,0.9841178979446988,0.787094514720409,777,523,6024,3445,2,1,12,6,127,78,968,552,12,6,12,6,6,2,0.0,0.75,3188
Barry Hawkins,Yan Bingtao,11,1536,1423,0.6838355092719799,0.5701590253818352,1021,639,7279,4066,172,105,1212,675,127,73,1241,716,132,71,786,445,6,5,0.0,0.5454545454545454,3188
Xiao Guodong,Stephen Maguire,11,1437,1470,0.44435687288841547,0.47938669028555136,475,281,3192,1771,999,659,7305,4157,103,60,711,406,139,81,1045,598,6,2,0.0,0.75,3188
David Gilbert,Cao Jin,11,1456,1000,0.9703576120807463,0.7576796390037048,648,373,4655,2493,0,0,0,0,177,102,973,522,0,0,0,0,6,0,0.0,1.0,3188
Kyren Wilson,Xiao Guodong,11,1518,1437,0.6342874882791352,0.5504527113395278,559,349,3703,2065,475,281,3192,1771,150,92,1379,784,103,60,711,406,6,4,0.0,0.6,3188
Judd Trump,David Gilbert,11,1667,1456,0.8132249556059346,0.6288998381516232,1001,690,6749,4025,648,373,4655,2493,241,162,1390,871,177,102,973,522,6,4,0.0,0.6,3188
Neil Robertson,Ding Junhui,11,1512,1536,0.45946749628863376,0.4850044983805899,969,638,7059,4036,777,523,6024,3445,137,79,1101,641,127,78,968,552,6,3,0.0,0.6666666666666666,3188
Ronnie O'Sullivan,Zhang Yi,11,1636,1000,0.9949890527979389,0.8306161030659813,1269,974,11025,6755,9,4,52,22,172,109,1091,695,0,0,0,0,6,0,0.0,1.0,3188
Shaun Murphy,Mark Williams,11,1515,1539,0.45946749628863376,0.4850044983805899,1103,722,8006,4561,1475,970,11065,6363,184,111,1141,636,89,53,1344,802,6,5,0.0,0.5454545454545454,3188
Jack Lisowski,Mark Selby,11,1539,1624,0.35936753341632255,0.4470740118670941,484,300,3210,1781,1166,811,8485,4981,124,79,933,548,240,157,1348,809,6,3,0.0,0.6666666666666666,3188
Barry Hawkins,John Higgins,11,1536,1590,0.4094630789834134,0.4663011645670992,1021,639,7279,4066,1484,1051,11823,6998,127,73,1241,716,198,120,1271,763,6,5,0.0,0.5454545454545454,3188
Mark Allen,Liang Wenbo,11,1581,1387,0.7935642965945933,0.6189278548001903,823,540,5748,3268,643,384,4463,2449,215,138,1246,736,96,50,730,382,6,5,0.0,0.5454545454545454,3188
Neil Robertson,Barry Hawkins,11,1512,1536,0.45946749628863376,0.4850044983805899,969,638,7059,4036,1021,639,7279,4066,137,79,1101,641,127,73,1241,716,6,2,0.0,0.75,3188
Ronnie O'Sullivan,Kyren Wilson,11,1636,1518,0.691303602887055,0.5732197726798348,1269,974,11025,6755,559,349,3703,2065,172,109,1091,695,150,92,1379,784,6,5,0.0,0.5454545454545454,3188
Shaun Murphy,Jack Lisowski,11,1515,1539,0.45946749628863376,0.4850044983805899,1103,722,8006,4561,484,300,3210,1781,184,111,1141,636,124,79,933,548,6,1,0.0,0.8571428571428571,3188
Mark Allen,Judd Trump,11,1581,1667,0.3577875019887313,0.4464560968488817,823,540,5748,3268,1001,690,6749,4025,215,138,1246,736,241,162,1390,871,6,1,0.0,0.8571428571428571,3188
Ronnie O'Sullivan,Neil Robertson,19,1636,1512,0.7527686151738532,0.5768852611320463,1269,974,11025,6755,969,638,7059,4036,172,109,1091,695,137,79,1101,641,10,6,0.0,0.625,3188
Shaun Murphy,Mark Allen,19,1515,1581,0.3578669474236375,0.45884333184977194,1103,722,8006,4561,823,540,5748,3268,184,111,1141,636,215,138,1246,736,10,3,0.0,0.7692307692307693,3188
Ronnie O'Sullivan,Shaun Murphy,21,1636,1515,0.7580667049328451,0.5750535485557879,1269,974,11025,6755,1103,722,8006,4561,172,109,1091,695,184,111,1141,636,11,9,0.0,0.55,3188
Kyren Wilson,Mohammed Shehab,9,1526,1223,0.8759568702030395,0.6808107108156386,561,350,3724,2076,71,31,524,254,171,103,1400,795,0,0,47,25,5,2,0.0,0.7142857142857143,3186
Kyren Wilson,Anthony McGill,9,1526,1396,0.6915101683136338,0.5805423048206596,561,350,3724,2076,538,325,3494,1914,171,103,1400,795,87,47,877,460,5,2,0.0,0.7142857142857143,3186
Passakorn Suwannawat,Kyren Wilson,9,1091,1526,0.05057236052323871,0.25208933695436275,102,32,721,310,561,350,3724,2076,0,0,22,10,171,103,1400,795,5,2,0.0,0.7142857142857143,3186
Passakorn Suwannawat,Anthony McGill,9,1091,1396,0.12252356777779355,0.31810373541040654,102,32,721,310,538,325,3494,1914,0,0,22,10,87,47,877,460,5,1,0.0,0.8333333333333334,3186
Passakorn Suwannawat,Mohammed Shehab,9,1091,1223,0.30579803555915175,0.4182406231581638,102,32,721,310,71,31,524,254,0,0,22,10,0,0,47,25,5,4,0.0,0.5555555555555556,3186
Anthony McGill,Mohammed Shehab,9,1396,1223,0.7468086860638347,0.6064704870683034,538,325,3494,1914,71,31,524,254,87,47,877,460,0,0,47,25,5,3,0.0,0.625,3186
Wu Yize,Kritsanut Lertsattayathorn,9,983,1197,0.2060106201362305,0.36935147434892557,3,0,21,5,31,13,240,115,21,5,21,5,0,0,39,14,5,0,0.0,1.0,3186
Stephen Maguire,Wu Yize,9,1453,983,0.9612074891119589,0.7640475997974661,1000,659,7313,4159,3,0,21,5,147,83,1053,600,21,5,21,5,5,1,0.0,0.8333333333333334,3186
Stephen Maguire,Kritsanut Lertsattayathorn,9,1453,1197,0.8362016064954723,0.6547534606063192,1000,659,7313,4159,31,13,240,115,147,83,1053,600,0,0,39,14,5,2,0.0,0.7142857142857143,3186
Stephen Maguire,Luca Brecel,9,1453,1329,0.6833700957830113,0.5768852611320463,1000,659,7313,4159,387,217,2651,1414,147,83,1053,600,75,40,828,449,5,0,0.0,1.0,3186
Kritsanut Lertsattayathorn,Luca Brecel,9,1197,1329,0.30579803555915175,0.4182406231581638,31,13,240,115,387,217,2651,1414,0,0,39,14,75,40,828,449,5,3,0.0,0.625,3186
Luca Brecel,Wu Yize,9,1329,983,0.9056659006528578,0.7037042379997707,387,217,2651,1414,3,0,21,5,75,40,828,449,21,5,21,5,5,3,0.0,0.625,3186
Noppon Saengkham,Reanne Evans,9,1429,1082,0.9062849884895158,0.704225233864307,261,127,1878,920,144,54,820,350,97,51,719,385,7,3,130,60,5,1,0.0,0.8333333333333334,3186
Joe Perry,Reanne Evans,9,1500,1082,0.9427044379406582,0.7398136066696879,1111,666,7948,4326,144,54,820,350,174,102,1012,577,7,3,130,60,5,0,0.0,1.0,3186
Joe Perry,Noppon Saengkham,9,1500,1429,0.6077883896186873,0.5442588584178731,1111,666,7948,4326,261,127,1878,920,174,102,1012,577,97,51,719,385,5,4,0.0,0.5555555555555556,3186
Ding Junhui,Noppon Saengkham,9,1521,1429,0.6384497606491344,0.5572478545985555,779,524,6041,3454,261,127,1878,920,144,87,985,561,97,51,719,385,5,3,0.0,0.625,3186
Ding Junhui,Joe Perry,9,1521,1500,0.5322627512389814,0.5131219861822433,779,524,6041,3454,1111,666,7948,4326,144,87,985,561,174,102,1012,577,5,3,0.0,0.625,3186
Ding Junhui,Reanne Evans,9,1521,1082,0.9509100750190348,0.7497913878870148,779,524,6041,3454,144,54,820,350,144,87,985,561,7,3,130,60,5,2,0.0,0.7142857142857143,3186
Gary Wilson,Akani Songsermsawad,9,1397,1332,0.5988871099602557,0.5405358392737893,444,258,2910,1575,122,63,900,456,91,50,671,355,77,40,607,309,5,3,0.0,0.625,3186
Gary Wilson,Mark Selby,9,1397,1608,0.209266421454622,0.3711001618483768,444,258,2910,1575,1167,811,8494,4984,91,50,671,355,249,160,1357,812,5,4,0.0,0.5555555555555556,3186
Gary Wilson,Bernard Tey Choon Kiat,9,1397,1000,0.9333984621934427,0.729581436256663,444,258,2910,1575,0,0,0,0,91,50,671,355,0,0,0,0,5,1,0.0,0.8333333333333334,3186
Akani Songsermsawad,Bernard Tey Choon Kiat,9,1332,1000,0.8966632246585242,0.6963549298238342,122,63,900,456,0,0,0,0,77,40,607,309,0,0,0,0,5,1,0.0,0.8333333333333334,3186
Mark Selby,Bernard Tey Choon Kiat,9,1608,1000,0.9876640933477522,0.8205384805926733,1167,811,8494,4984,0,0,0,0,249,160,1357,812,0,0,0,0,5,1,0.0,0.8333333333333334,3186
Mark Selby,Akani Songsermsawad,9,1608,1332,0.8540768917779444,0.6659669267518202,1167,811,8494,4984,122,63,900,456,249,160,1357,812,77,40,607,309,5,2,0.0,0.7142857142857143,3186
James Wattana,Kurt Dunham,9,1245,960,0.8616551521813485,0.6709533329057776,830,443,6943,3612,44,6,253,66,50,20,343,139,0,0,179,46,5,2,0.0,0.7142857142857143,3186
John Higgins,Yan Bingtao,9,1583,1425,0.7281552136873749,0.5974857658270161,1485,1051,11834,7003,173,105,1223,680,209,125,1282,768,143,76,797,450,5,0,0.0,1.0,3186
John Higgins,Kurt Dunham,9,1583,960,0.9892048663983241,0.8259943265217708,1485,1051,11834,7003,44,6,253,66,209,125,1282,768,0,0,179,46,5,3,0.0,0.625,3186
John Higgins,James Wattana,9,1583,1245,0.9005987447198918,0.6995172276624274,1485,1051,11834,7003,830,443,6943,3612,209,125,1282,768,50,20,343,139,5,3,0.0,0.625,3186
Yan Bingtao,Kurt Dunham,9,1425,960,0.9596829417818002,0.7617866810463009,173,105,1223,680,44,6,253,66,143,76,797,450,0,0,179,46,5,3,0.0,0.625,3186
Yan Bingtao,James Wattana,9,1425,1245,0.7552657810970291,0.610639233949222,173,105,1223,680,830,443,6943,3612,143,76,797,450,50,20,343,139,5,1,0.0,0.8333333333333334,3186
Jimmy White,Ryan Day,9,1211,1404,0.22946053299777336,0.38166196066971714,1453,801,12363,6462,1036,625,7069,3895,49,17,395,162,83,42,1307,713,5,4,0.0,0.5555555555555556,3186
Jimmy White,Mohamed Khairy,9,1211,931,0.8574804739607897,0.6681877721681662,1453,801,12363,6462,27,3,176,48,49,17,395,162,0,0,20,5,5,1,0.0,0.8333333333333334,3186
David Gilbert,Jimmy White,9,1470,1211,0.8389743547486134,0.6564468724566059,650,374,4671,2503,1453,801,12363,6462,193,112,989,532,49,17,395,162,5,3,0.0,0.625,3186
David Gilbert,Mohamed Khairy,9,1470,931,0.977701832984694,0.7937206082453278,650,374,4671,2503,27,3,176,48,193,112,989,532,0,0,20,5,5,2,0.0,0.7142857142857143,3186
David Gilbert,Ryan Day,9,1470,1404,0.6003745520777666,0.541156668150228,650,374,4671,2503,1036,625,7069,3895,193,112,989,532,83,42,1307,713,5,3,0.0,0.625,3186
Ryan Day,Mohamed Khairy,9,1404,931,0.9620983818090073,0.7653970126407402,1036,625,7069,3895,27,3,176,48,83,42,1307,713,0,0,20,5,5,1,0.0,0.8333333333333334,3186
Ken Doherty,Alexis Callewaert,9,1264,992,0.8506163513024436,0.6637386974043528,1150,694,9328,5094,1,0,6,2,57,26,458,221,0,0,0,0,5,2,0.0,0.7142857142857143,3186
Ali Carter,Alexis Callewaert,9,1426,992,0.9490512415420613,0.7474390202201999,977,592,6856,3787,1,0,6,2,110,60,879,487,0,0,0,0,5,0,0.0,1.0,3186
Ali Carter,Ken Doherty,9,1426,1264,0.7331989464504001,0.5998883688639983,977,592,6856,3787,1150,694,9328,5094,110,60,879,487,57,26,458,221,5,4,0.0,0.5555555555555556,3186
Stuart Bingham,Ken Doherty,9,1448,1264,0.760025787896806,0.6130141761393355,1138,724,8232,4690,1150,694,9328,5094,132,70,978,559,57,26,458,221,5,3,0.0,0.625,3186
Stuart Bingham,Alexis Callewaert,9,1448,992,0.95681014001583,0.7576796390037048,1138,724,8232,4690,1,0,6,2,132,70,978,559,0,0,0,0,5,0,0.0,1.0,3186
Stuart Bingham,Ali Carter,9,1448,1426,0.5337952923373129,0.513746534902355,1138,724,8232,4690,977,592,6856,3787,132,70,978,559,110,60,879,487,5,1,0.0,0.8333333333333334,3186
Mark Williams,Thepchaiya Un-Nooh,9,1534,1451,0.6254097561604477,0.5516896693427,1476,970,11076,6368,367,214,2663,1415,100,58,1355,807,180,103,747,398,5,2,0.0,0.7142857142857143,3186
Mark Williams,Graeme Dott,9,1534,1489,0.5688507121013815,0.528095374408387,1476,970,11076,6368,919,541,6954,3738,100,58,1355,807,120,75,860,475,5,4,0.0,0.5555555555555556,3186
Mark Williams,Ng On Yee,9,1534,971,0.9817756221315892,0.8033713285344591,1476,970,11076,6368,23,10,148,62,100,58,1355,807,0,0,92,38,5,1,0.0,0.8333333333333334,3186
Thepchaiya Un-Nooh,Ng On Yee,9,1451,971,0.964109300890295,0.7685247834990175,367,214,2663,1415,23,10,148,62,180,103,747,398,0,0,92,38,5,3,0.0,0.625,3186
Graeme Dott,Ng On Yee,9,1489,971,0.9734975635097995,0.7849922886281077,919,541,6954,3738,23,10,148,62,120,75,860,475,0,0,92,38,5,2,0.0,0.7142857142857143,3186
Graeme Dott,Thepchaiya Un-Nooh,9,1489,1451,0.5582282705684568,0.523732154126561,919,541,6954,3738,367,214,2663,1415,120,75,860,475,180,103,747,398,5,3,0.0,0.625,3186
Gary Wilson,Yan Bingtao,11,1397,1425,0.4527427474759105,0.48250714233361025,444,258,2910,1575,173,105,1223,680,91,50,671,355,143,76,797,450,6,5,0.0,0.5454545454545454,3186
Mark Williams,Joe Perry,11,1534,1500,0.5573173182423484,0.5212372149662741,1476,970,11076,6368,1111,666,7948,4326,100,58,1355,807,174,102,1012,577,6,1,0.0,0.8571428571428571,3186
Stephen Maguire,Jimmy White,11,1453,1211,0.8458526117374912,0.6467993925579857,1000,659,7313,4159,1453,801,12363,6462,147,83,1053,600,49,17,395,162,6,5,0.0,0.5454545454545454,3186
Ding Junhui,Graeme Dott,11,1521,1489,0.5539679003439111,0.5199893401555818,779,524,6041,3454,919,541,6954,3738,144,87,985,561,120,75,860,475,6,4,0.0,0.6,3186
John Higgins,Wu Yize,11,1583,983,0.9926694348442745,0.8175744761936437,1485,1051,11834,7003,3,0,21,5,209,125,1282,768,21,5,21,5,6,4,0.0,0.6,3186
David Gilbert,Kyren Wilson,11,1470,1526,0.4061738403824442,0.4650570548417855,650,374,4671,2503,561,350,3724,2076,193,112,989,532,171,103,1400,795,6,4,0.0,0.6,3186
Ali Carter,Passakorn Suwannawat,11,1426,1091,0.9194183218028058,0.6979384260080908,977,592,6856,3787,102,32,721,310,110,60,879,487,0,0,22,10,6,5,0.0,0.5454545454545454,3186
Stuart Bingham,Mark Selby,11,1448,1608,0.2494064121467542,0.401312339887548,1138,724,8232,4690,1167,811,8494,4984,132,70,978,559,249,160,1357,812,6,2,0.0,0.75,3186
Gary Wilson,Ding Junhui,11,1397,1521,0.2998425744978711,0.42311473886795364,444,258,2910,1575,779,524,6041,3454,91,50,671,355,144,87,985,561,6,5,0.0,0.5454545454545454,3186
Mark Williams,Stuart Bingham,11,1534,1448,0.6422124980112687,0.5535439031511183,1476,970,11076,6368,1138,724,8232,4690,100,58,1355,807,132,70,978,559,6,3,0.0,0.6666666666666666,3186
Stephen Maguire,Ali Carter,11,1453,1426,0.5455773097861221,0.5168685956913849,1000,659,7313,4159,977,592,6856,3787,147,83,1053,600,110,60,879,487,6,2,0.0,0.75,3186
John Higgins,David Gilbert,11,1583,1470,0.6838355092719799,0.5701590253818352,1485,1051,11834,7003,650,374,4671,2503,209,125,1282,768,193,112,989,532,6,4,0.0,0.6,3186
Stephen Maguire,Gary Wilson,13,1453,1397,0.6014806042484505,0.5349429451582145,1000,659,7313,4159,444,258,2910,1575,147,83,1053,600,91,50,671,355,7,5,0.0,0.5833333333333334,3186
John Higgins,Mark Williams,13,1583,1534,0.5890316686208749,0.530586760182081,1485,1051,11834,7003,1476,970,11076,6368,209,125,1282,768,100,58,1355,807,7,5,0.0,0.5833333333333334,3186
Stephen Maguire,John Higgins,13,1453,1583,0.2755926988832847,0.41945769517934034,1000,659,7313,4159,1485,1051,11834,7003,147,83,1053,600,209,125,1282,768,8,6,0.0,0.5714285714285714,3186
Kyren Wilson,Florian Nüßle,7,1499,1015,0.9466715437504504,0.7702989490466019,565,352,3755,2092,6,3,26,14,202,119,1431,811,0,0,26,14,4,0,0.0,1.0,3175
Ricky Walden,Iulian Boiko,7,1426,975,0.9342992837911581,0.7553772379137498,898,540,6256,3443,6,1,32,10,117,66,944,502,0,0,32,10,4,0,0.0,1.0,3175
Joe Perry,Ben Mertens,7,1485,1014,0.9420526291744534,0.7644979994081456,1115,668,7977,4340,6,3,28,14,203,116,1041,591,0,0,24,14,4,0,0.0,1.0,3175
Mark King,Ryan Davies,7,1368,1028,0.8746981311142084,0.7005671424739729,985,552,7196,3795,6,4,30,17,70,34,816,440,10,4,30,17,4,0,0.0,1.0,3175
Barry Hawkins,Gary Wilson,7,1524,1429,0.6274848196821066,0.559097471902393,1024,641,7309,4080,450,263,2967,1607,157,87,1271,730,148,82,728,387,4,1,0.0,0.8,3175
David Gilbert,Michael Holt,7,1475,1402,0.5987085312450529,0.5454987872127821,655,378,4714,2528,865,498,6230,3306,236,137,1032,557,100,57,708,365,4,1,0.0,0.8,3175
Dominic Dale,Matthew Selt,7,1319,1351,0.4563431395453441,0.48001065984441826,949,535,6757,3588,593,321,4026,2102,72,35,514,254,82,40,594,298,4,1,0.0,0.8,3175
Luca Brecel,Ken Doherty,7,1295,1269,0.5354968818114487,0.5162442810620724,390,218,2672,1422,1153,695,9352,5106,96,48,849,457,81,38,482,233,4,1,0.0,0.8,3175
Kyren Wilson,Dominic Dale,7,1499,1319,0.7305169455924372,0.610639233949222,565,352,3755,2092,949,535,6757,3588,202,119,1431,811,72,35,514,254,4,3,0.0,0.5714285714285714,3175
Joe Perry,David Gilbert,7,1485,1475,0.51366902727117,0.5062496744995104,1115,668,7977,4340,655,378,4714,2528,203,116,1041,591,236,137,1032,557,4,3,0.0,0.5714285714285714,3175
Barry Hawkins,Mark King,7,1524,1368,0.7029806026650167,0.5962826992967879,1024,641,7309,4080,985,552,7196,3795,157,87,1271,730,70,34,816,440,4,1,0.0,0.8,3175
Luca Brecel,Ricky Walden,7,1295,1426,0.32708497904170997,0.41884903571060617,390,218,2672,1422,898,540,6256,3443,96,48,849,457,117,66,944,502,4,1,0.0,0.8,3175
Kyren Wilson,Luca Brecel,7,1499,1295,0.756630061657872,0.6248064744684293,565,352,3755,2092,390,218,2672,1422,202,119,1431,811,96,48,849,457,4,1,0.0,0.8,3175
Barry Hawkins,Joe Perry,7,1524,1485,0.5531518743848329,0.5243557087682073,1024,641,7309,4080,1115,668,7977,4340,157,87,1271,730,203,116,1041,591,4,3,0.0,0.5714285714285714,3175
Barry Hawkins,Kyren Wilson,7,1524,1499,0.534135239137421,0.5156199157230156,1024,641,7309,4080,565,352,3755,2092,157,87,1271,730,202,119,1431,811,4,3,0.0,0.5714285714285714,3175
Zhou Yuelong,Mei Xiwen,11,1439,1357,0.6358774096640514,0.551071269307342,240,136,1598,855,133,65,896,445,88,52,760,417,93,47,482,236,6,5,0.0,0.5454545454545454,2958
Zhao Xintong,Andy Lee,11,1433,1107,0.9137947284470538,0.6931739493259501,189,104,1278,691,134,63,786,371,109,59,617,333,43,10,177,74,6,4,0.0,0.6,2958
Ben Woollaston,Thor Chuan Leong,11,1294,1194,0.6640554301392593,0.5621765008857981,635,359,4111,2180,114,36,744,316,96,46,760,393,40,12,387,175,6,4,0.0,0.6,2958
Kyren Wilson,Brandon Sargeant,11,1509,1078,0.9630477411032288,0.7460205900722962,569,355,3778,2107,90,38,517,242,225,134,1454,826,41,10,174,81,6,4,0.0,0.6,2958
Gary Wilson,Peifan Lei,11,1419,1026,0.949034768667414,0.7276039892428419,451,263,2972,1608,7,1,47,17,153,83,733,388,47,17,47,17,6,2,0.0,0.75,2958
Robbie Williams,Billy Joe Castle,11,1339,1175,0.7558938862654132,0.6010878788483698,389,208,2547,1299,73,32,443,202,83,45,508,252,61,25,359,155,6,4,0.0,0.6,2958
Mark Williams,John Astley,11,1566,1266,0.8958296804709114,0.679178699175393,1482,975,11126,6400,223,102,1411,662,150,90,1405,839,54,24,460,217,6,5,0.0,0.5454545454545454,2958
Michael White,Jackson Page,11,1283,1186,0.6594200145668188,0.5603296426885532,522,291,3514,1841,53,26,341,167,69,32,737,364,57,24,341,167,6,4,0.0,0.6,2958
Liang Wenbo,Craig Steadman,11,1405,1298,0.6747697440949106,0.5664790559676278,645,385,4484,2460,469,250,3091,1609,117,61,751,393,60,27,482,232,6,4,0.0,0.6,2958
Daniel Wells,Alex Borg,11,1266,1039,0.8305871461583106,0.6381861133090055,384,188,2593,1277,387,159,2727,1222,59,23,543,262,33,5,234,75,6,2,0.0,0.75,2958
Ricky Walden,Chen Zifan,11,1419,1124,0.8920712523878023,0.6764489333484797,900,541,6265,3448,89,37,526,228,126,71,953,507,43,13,314,130,6,0,0.0,1.0,2958
Chris Wakelin,Ross Bulman,11,1429,1018,0.9561441057211888,0.7364309317009723,218,113,1474,760,9,3,48,20,93,51,582,313,24,8,48,20,6,2,0.0,0.75,2958
Hossein Vafaei,Dominic Dale,11,1409,1334,0.6246982988374079,0.5467381519846138,129,74,1000,511,951,536,6769,3595,112,61,587,307,84,42,526,261,6,5,0.0,0.5454545454545454,2958
Thepchaiya Un-Nooh,Rod Lawler,11,1427,1168,0.8619747276136008,0.6564468724566059,370,215,2686,1425,832,440,6282,3221,203,113,770,408,40,11,331,126,6,3,0.0,0.6666666666666666,2958
Judd Trump,Jordan Brown,11,1642,1258,0.9451364743922579,0.7231218051243898,1003,691,6766,4032,129,67,836,421,258,169,1407,878,78,37,296,146,6,3,0.0,0.6666666666666666,2958
Matthew Stevens,Kishan Hirani,11,1428,1167,0.86378975240228,0.6575736106164225,978,572,7544,4104,165,79,904,431,111,61,608,318,56,22,242,115,6,2,0.0,0.75,2958
Akani Songsermsawad,Li Yingdong,11,1331,949,0.9442376592088808,0.7221196058493572,125,64,921,466,7,0,39,9,98,50,628,319,14,4,14,4,6,4,0.0,0.6,2958
Elliot Slessor,Li Hang,11,1295,1361,0.389835554940007,0.45884333184977194,194,86,1210,568,297,152,2118,1095,76,35,488,236,101,57,634,332,6,2,0.0,0.75,2958
Yuan Sijun,Gerard Greene,11,1324,1271,0.5888897906976714,0.5330766223661046,96,41,673,313,727,385,5381,2791,87,41,437,213,43,15,389,177,6,0,0.0,1.0,2958
Matthew Selt,Lee Walker,11,1338,1347,0.4847768026393152,0.4943752372926745,594,321,4031,2103,495,267,3797,1950,87,41,599,299,69,31,525,259,6,1,0.0,0.8571428571428571,2958
Mark Selby,Sam Baird,11,1578,1254,0.9125044464555037,0.6921095043017882,1171,813,8524,5000,365,187,2524,1286,279,176,1387,828,56,23,477,227,6,1,0.0,0.8571428571428571,2958
Neil Robertson,Oliver Lines,11,1534,1191,0.9241711459408903,0.702138068199835,972,640,7092,4054,214,100,1379,672,170,97,1134,659,39,11,412,175,6,0,0.0,1.0,2958
Jimmy Robertson,Barry Pinches,11,1357,1220,0.7189179636673898,0.584797674717737,520,287,3537,1843,751,387,5798,3005,94,49,773,405,46,15,181,97,6,3,0.0,0.6666666666666666,2958
Joe Perry,Joe O'Connor,11,1495,1215,0.8801869380453571,0.6681877721681662,1118,670,7995,4351,117,54,717,342,221,127,1059,602,74,35,260,127,6,4,0.0,0.6,2958
Shaun Murphy,Riley Parsons,11,1583,977,0.9931142500600635,0.8198010248019487,1108,726,8064,4598,6,0,38,10,242,148,1199,673,38,10,38,10,6,4,0.0,0.6,2958
Robert Milkins,Alexander Ursenbacher,11,1308,1276,0.5539679003439111,0.5199893401555818,883,521,6400,3461,133,57,835,381,56,23,683,353,81,38,405,186,6,3,0.0,0.6666666666666666,2958
Alan McManus,Andy Hicks,11,1325,1246,0.6311004465824185,0.5492151291013335,959,564,7968,4221,635,342,5057,2617,73,35,504,255,40,12,243,125,6,5,0.0,0.5454545454545454,2958
Anthony McGill,Jianbo Zhao,11,1367,1015,0.9292493830196,0.7068222210935676,541,326,3515,1922,3,1,20,8,108,55,898,468,20,8,20,8,6,3,0.0,0.6666666666666666,2958
Stephen Maguire,Jamie O'Neill,11,1500,1228,0.8734682358009771,0.6637386974043528,1007,666,7376,4201,303,157,1912,991,210,125,1116,642,47,17,172,94,6,1,0.0,0.8571428571428571,2958
Kurt Maflin,Long Zehuang,11,1368,998,0.9385878253885315,0.7160597938157098,560,319,3784,2033,14,6,74,31,127,71,581,302,0,0,37,20,6,1,0.0,0.8571428571428571,2958
Jack Lisowski,Chen Feilong,11,1537,1130,0.9546405815670223,0.7344853437972199,487,302,3233,1794,50,17,313,134,147,92,956,561,55,22,172,69,6,3,0.0,0.6666666666666666,2958
Mark King,Adam Stefanow,11,1370,1115,0.8582932896295349,0.654188113761243,987,553,7205,3800,82,31,494,220,79,39,825,445,45,16,244,99,6,2,0.0,0.75,2958
Ding Junhui,Simon Lichtenberg,11,1526,1032,0.9790717713758045,0.7746924929149283,784,528,6085,3480,41,13,231,95,188,113,1029,587,40,12,165,59,6,5,0.0,0.5454545454545454,2958
Mark Joyce,Luo Honghao,11,1261,1271,0.4830863402886715,0.49375032550048964,492,258,3533,1789,57,28,369,182,69,29,597,294,70,32,271,131,6,3,0.0,0.6666666666666666,2958
Jak Jones,Mike Dunn,11,1238,1279,0.43099491034088827,0.47439741167538224,208,86,1354,602,736,388,5382,2762,64,28,443,196,61,25,496,244,6,0,0.0,1.0,2958
Duane Jones,Lyu Haotian,11,1146,1284,0.2796637232395578,0.4145954308705349,183,84,1101,538,143,61,1033,479,41,13,334,123,65,26,487,236,6,4,0.0,0.6,2958
Michael Holt,Hammad Miah,11,1392,1231,0.7519246125749761,0.5992881635083561,866,498,6235,3307,170,66,1125,500,105,58,713,366,60,25,440,199,6,3,0.0,0.6666666666666666,2958
Liam Highfield,Si Jiahui,11,1403,1107,0.8928309665224095,0.676995856238523,377,201,2573,1359,13,6,73,38,70,36,513,271,67,36,67,36,6,4,0.0,0.6,2958
Andrew Higginson,Xu Si,11,1315,1196,0.6927875134571495,0.5738312575916094,743,437,5252,2866,66,22,457,192,74,37,549,282,57,24,343,145,6,4,0.0,0.6,2958
John Higgins,Wu Yize,11,1562,1024,0.9862764279390267,0.7933109871625582,1492,1057,11901,7043,7,1,50,18,276,165,1349,808,50,18,50,18,6,5,0.0,0.5454545454545454,2958
Louis Heathcote,Noppon Saengkham,11,1142,1429,0.11415234519694653,0.3279437373497286,54,23,306,147,264,128,1901,932,71,33,161,85,120,63,742,397,6,4,0.0,0.6,2958
Barry Hawkins,Jimmy White,11,1547,1242,0.8994884433153716,0.6818962645895934,1028,645,7333,4096,1457,803,12397,6480,181,103,1295,746,83,35,429,180,6,3,0.0,0.6666666666666666,2958
Xiao Guodong,Eden Sharav,11,1449,1226,0.8263509667528726,0.6358738914270539,477,282,3210,1781,169,77,1060,492,121,70,729,416,55,21,440,192,6,4,0.0,0.6,2958
David Grace,Anthony Hamilton,11,1241,1352,0.319173996683754,0.43106679063045344,342,156,2263,1089,893,515,6770,3599,55,21,408,193,104,52,664,327,6,1,0.0,0.8571428571428571,2958
Martin Gould,Harvey Chandler,11,1385,1129,0.8592200839079102,0.6547534606063192,719,431,4791,2619,39,15,251,107,75,34,791,424,67,29,214,95,6,2,0.0,0.75,2958
David Gilbert,James Cahill,11,1481,1275,0.8075715200153646,0.6259778577666038,657,379,4726,2535,183,72,1143,514,248,144,1044,564,56,22,327,172,6,0,0.0,1.0,2958
Tom Ford,Fraser Patrick,11,1400,1131,0.8708794767381817,0.6620627248063988,662,378,4666,2494,210,85,1370,621,88,48,807,437,29,5,171,74,6,1,0.0,0.8571428571428571,2958
Peter Ebdon,Soheil Vahedi,11,1356,1074,0.8818249401053111,0.669295402777446,1108,633,8668,4651,48,10,314,114,60,24,618,329,43,12,279,101,6,5,0.0,0.5454545454545454,2958
Graeme Dott,Fan Zhengyi,11,1483,1020,0.9721661970076542,0.76087815507093,923,543,6988,3756,30,5,200,65,154,93,894,493,64,26,162,50,6,2,0.0,0.75,2958
Scott Donaldson,Ian Burns,11,1363,1297,0.6101644450599927,0.541156668150228,268,136,1799,900,357,181,2279,1148,93,50,577,303,67,31,466,214,6,2,0.0,0.75,2958
Ken Doherty,David Lilley,11,1258,1266,0.4864675502669957,0.4950001666600003,1154,695,9357,5107,109,60,667,352,86,39,487,234,48,18,285,144,6,4,0.0,0.6,2958
Ryan Day,Jamie Clarke,11,1390,1166,0.8274165417476542,0.6364525402815664,1039,626,7092,3907,170,82,1003,504,106,54,1330,725,37,9,234,98,6,5,0.0,0.5454545454545454,2958
Mark Davis,Bai Langning,11,1425,1013,0.9565133822128673,0.7369158958334202,1140,689,7975,4371,11,1,73,23,85,42,803,447,47,17,69,23,6,2,0.0,0.75,2958
Sam Craigie,Pang Junxu,11,1339,984,0.9308803913500666,0.708373991032327,185,92,1140,583,12,3,66,24,59,25,421,204,14,7,14,7,6,2,0.0,0.75,2958
Ashley Carty,Martin O'Donnell,11,1188,1360,0.23369794918973066,0.3941263315682394,152,76,888,450,354,178,2252,1143,39,11,269,132,105,54,651,342,6,1,0.0,0.8571428571428571,2958
Ali Carter,Mitchell Mann,11,1394,1227,0.7598272122029448,0.6028848673274662,982,595,6895,3806,261,120,1665,798,149,79,918,506,58,22,382,178,6,4,0.0,0.6,2958
Stuart Carrington,Kacper Filipiak,11,1362,1127,0.8388505228821673,0.6427913242407762,365,202,2397,1262,96,39,544,233,81,42,628,331,55,21,152,72,6,1,0.0,0.8571428571428571,2958
Nigel Bond,Fergal O'Brien,11,1276,1315,0.4343283320885026,0.47564429123179275,892,484,6991,3644,910,515,6827,3583,88,40,449,199,80,38,556,267,6,2,0.0,0.75,2958
Chang Bingyu,Michael Georgiou,11,1105,1276,0.23498479644520337,0.39472346622515553,18,6,137,57,251,117,1517,735,59,25,132,56,65,28,450,210,6,2,0.0,0.75,2958
Yan Bingtao,Alfie Burden,11,1409,1331,0.6295033783102222,0.5485961085831343,177,107,1253,695,699,373,5062,2594,173,91,827,465,71,33,531,256,6,1,0.0,0.8571428571428571,2958
Stuart Bingham,Tian Pengfei,11,1485,1363,0.6972194672758715,0.5756643510425494,1143,728,8268,4714,417,235,2785,1482,168,94,1014,583,100,51,596,312,6,1,0.0,0.8571428571428571,2958
Zhang Anda,Lu Ning,11,1330,1301,0.5489363138849731,0.5181170650431814,338,167,2371,1186,115,51,766,362,65,29,511,252,77,38,301,164,6,2,0.0,0.75,2958
Mark Allen,Peter Lines,11,1567,1238,0.9157023013753977,0.6947667628737805,826,542,5779,3283,799,424,5772,2973,246,153,1277,751,40,10,439,202,6,1,0.0,0.8571428571428571,2958
Ben Woollaston,Mark King,11,1294,1370,0.3736977219803135,0.45264238185691075,635,359,4111,2180,987,553,7205,3800,96,46,760,393,79,39,825,445,6,3,0.0,0.6666666666666666,2958
Kyren Wilson,Robbie Williams,11,1509,1339,0.7637242856370643,0.6046790847140093,569,355,3778,2107,389,208,2547,1299,225,134,1454,826,83,45,508,252,6,2,0.0,0.75,2958
Gary Wilson,Peter Ebdon,11,1419,1356,0.6052827397248761,0.5392938058983595,451,263,2972,1608,1108,633,8668,4651,153,83,733,388,60,24,618,329,6,1,0.0,0.8571428571428571,2958
Liang Wenbo,Duane Jones,11,1405,1146,0.8619747276136008,0.6564468724566059,645,385,4484,2460,183,84,1101,538,117,61,751,393,41,13,334,123,6,5,0.0,0.5454545454545454,2958
Daniel Wells,Barry Hawkins,11,1266,1547,0.11899198793656214,0.33125817889780795,384,188,2593,1277,1028,645,7333,4096,59,23,543,262,181,103,1295,746,6,2,0.0,0.75,2958
Ricky Walden,Thepchaiya Un-Nooh,11,1419,1427,0.4864675502669957,0.4950001666600003,900,541,6265,3448,370,215,2686,1425,126,71,953,507,203,113,770,408,6,2,0.0,0.75,2958
Judd Trump,Zhang Anda,11,1642,1330,0.9044455522950189,0.6856801139382539,1003,691,6766,4032,338,167,2371,1186,258,169,1407,878,65,29,511,252,6,2,0.0,0.75,2958
Elliot Slessor,Louis Heathcote,11,1295,1142,0.7411666221738994,0.5944759307482401,194,86,1210,568,54,23,306,147,76,35,488,236,71,33,161,85,6,4,0.0,0.6,2958
Mark Selby,Liam Highfield,11,1578,1403,0.7701380681178696,0.6076631698328917,1171,813,8524,5000,377,201,2573,1359,279,176,1387,828,70,36,513,271,6,3,0.0,0.6666666666666666,2958
Jimmy Robertson,Matthew Stevens,11,1357,1428,0.3817398556921421,0.4557411415821268,520,287,3537,1843,978,572,7544,4104,94,49,773,405,111,61,608,318,6,4,0.0,0.6,2958
Neil Robertson,Nigel Bond,11,1534,1276,0.861060798509446,0.6558828412078137,972,640,7092,4054,892,484,6991,3644,170,97,1134,659,88,40,449,199,6,2,0.0,0.75,2958
Joe Perry,Chris Wakelin,11,1495,1429,0.6101644450599927,0.541156668150228,1118,670,7995,4351,218,113,1474,760,221,127,1059,602,93,51,582,313,6,2,0.0,0.75,2958
Shaun Murphy,Yuan Sijun,11,1583,1324,0.8619747276136008,0.6564468724566059,1108,726,8064,4598,96,41,673,313,242,148,1199,673,87,41,437,213,6,5,0.0,0.5454545454545454,2958
Robert Milkins,Zhou Yuelong,11,1308,1439,0.2896671879301447,0.41884903571060617,883,521,6400,3461,240,136,1598,855,56,23,683,353,88,52,760,417,6,3,0.0,0.6666666666666666,2958
Anthony McGill,Michael Holt,11,1367,1392,0.45778509570989345,0.4843800842769844,541,326,3515,1922,866,498,6235,3307,108,55,898,468,105,58,713,366,6,3,0.0,0.6666666666666666,2958
Stephen Maguire,Stuart Carrington,11,1500,1362,0.7203362767604422,0.585404569129465,1007,666,7376,4201,365,202,2397,1262,210,125,1116,642,81,42,628,331,6,0,0.0,1.0,2958
Kurt Maflin,Ryan Day,11,1368,1390,0.4628345373072449,0.486253465097645,560,319,3784,2033,1039,626,7092,3907,127,71,581,302,106,54,1330,725,6,4,0.0,0.6,2958
Ding Junhui,Zhao Xintong,11,1526,1433,0.6532003138381255,0.5578645727207344,784,528,6085,3480,189,104,1278,691,188,113,1029,587,109,59,617,333,6,4,0.0,0.6,2958
Jak Jones,Mark Williams,11,1238,1566,0.08492985806854858,0.3057636598919695,208,86,1354,602,1482,975,11126,6400,64,28,443,196,150,90,1405,839,6,2,0.0,0.75,2958
Andrew Higginson,Jack Lisowski,11,1315,1537,0.17471896061377468,0.364705150677193,743,437,5252,2866,487,302,3233,1794,74,37,549,282,147,92,956,561,6,5,0.0,0.5454545454545454,2958
John Higgins,David Grace,11,1562,1241,0.9105409484909864,0.6905090012275708,1492,1057,11901,7043,342,156,2263,1089,276,165,1349,808,55,21,408,193,6,4,0.0,0.6,2958
Xiao Guodong,Ashley Carty,11,1449,1188,0.86378975240228,0.6575736106164225,477,282,3210,1781,152,76,888,450,121,70,729,416,39,11,269,132,6,5,0.0,0.5454545454545454,2958
David Gilbert,Ken Doherty,11,1481,1258,0.8263509667528726,0.6358738914270539,657,379,4726,2535,1154,695,9357,5107,248,144,1044,564,86,39,487,234,6,2,0.0,0.75,2958
Graeme Dott,Michael White,11,1483,1283,0.8006450896034027,0.6224593312018546,923,543,6988,3756,522,291,3514,1841,154,93,894,493,69,32,737,364,6,1,0.0,0.8571428571428571,2958
Scott Donaldson,Martin Gould,11,1363,1385,0.4628345373072449,0.486253465097645,268,136,1799,900,719,431,4791,2619,93,50,577,303,75,34,791,424,6,4,0.0,0.6,2958
Mark Davis,Matthew Selt,11,1425,1338,0.6437899934492848,0.5541616527636486,1140,689,7975,4371,594,321,4031,2103,85,42,803,447,87,41,599,299,6,3,0.0,0.6666666666666666,2958
Ali Carter,Alan McManus,11,1394,1325,0.6150281018113474,0.5430183807243099,982,595,6895,3806,959,564,7968,4221,149,79,918,506,73,35,504,255,6,5,0.0,0.5454545454545454,2958
Luca Brecel,Akani Songsermsawad,11,1313,1331,0.4695767035799719,0.4887518980531451,393,220,2687,1431,125,64,921,466,111,57,864,466,98,50,628,319,6,3,0.0,0.6666666666666666,2958
Yan Bingtao,Chang Bingyu,11,1409,1105,0.8987646075732293,0.6813537337890256,177,107,1253,695,18,6,137,57,173,91,827,465,59,25,132,56,6,3,0.0,0.6666666666666666,2958
Stuart Bingham,Mark Joyce,11,1485,1261,0.8274165417476542,0.6364525402815664,1143,728,8268,4714,492,258,3533,1789,168,94,1014,583,69,29,597,294,6,1,0.0,0.8571428571428571,2958
Mark Allen,Sam Craigie,11,1567,1339,0.8316353061514149,0.6387631751488418,826,542,5779,3283,185,92,1140,583,246,153,1277,751,59,25,421,204,6,1,0.0,0.8571428571428571,2958
Gary Wilson,Luca Brecel,11,1419,1313,0.6732480453126817,0.5658650028954817,451,263,2972,1608,393,220,2687,1431,153,83,733,388,111,57,864,466,6,2,0.0,0.75,2958
Liang Wenbo,Daniel Wells,11,1405,1266,0.7217509605986691,0.5860112044388707,645,385,4484,2460,384,188,2593,1277,117,61,751,393,59,23,543,262,6,4,0.0,0.6,2958
Judd Trump,Scott Donaldson,11,1642,1363,0.8793617107264892,0.6676332571171155,1003,691,6766,4032,268,136,1799,900,258,169,1407,878,93,50,577,303,6,4,0.0,0.6,2958
Mark Selby,Ben Woollaston,11,1578,1294,0.8834463881170871,0.6704011598088686,1171,813,8524,5000,635,359,4111,2180,279,176,1387,828,96,46,760,393,6,3,0.0,0.6666666666666666,2958
Neil Robertson,Ricky Walden,11,1534,1419,0.6868323733048138,0.5713839816769324,972,640,7092,4054,900,541,6265,3448,170,97,1134,659,126,71,953,507,6,5,0.0,0.5454545454545454,2958
Joe Perry,Stephen Maguire,11,1495,1500,0.49154118819100323,0.4968750406894683,1118,670,7995,4351,1007,666,7376,4201,221,127,1059,602,210,125,1116,642,6,2,0.0,0.75,2958
Shaun Murphy,Yan Bingtao,11,1583,1409,0.7688634929501181,0.6070669880717036,1108,726,8064,4598,177,107,1253,695,242,148,1199,673,173,91,827,465,6,4,0.0,0.6,2958
Ding Junhui,Xiao Guodong,11,1526,1449,0.6279039800050926,0.5479769376367963,784,528,6085,3480,477,282,3210,1781,188,113,1029,587,121,70,729,416,6,1,0.0,0.8571428571428571,2958
Jak Jones,Robert Milkins,11,1238,1308,0.3833548191267751,0.4563613127629212,208,86,1354,602,883,521,6400,3461,64,28,443,196,56,23,683,353,6,3,0.0,0.6666666666666666,2958
Andrew Higginson,Jimmy Robertson,11,1315,1357,0.4293301031522295,0.4737740906279313,743,437,5252,2866,520,287,3537,1843,74,37,549,282,94,49,773,405,6,4,0.0,0.6,2958
John Higgins,Elliot Slessor,11,1562,1295,0.8691325167096877,0.6609431415591629,1492,1057,11901,7043,194,86,1210,568,276,165,1349,808,76,35,488,236,6,3,0.0,0.6666666666666666,2958
David Gilbert,Anthony McGill,11,1481,1367,0.6853355319816946,0.5707716118944918,657,379,4726,2535,541,326,3515,1922,248,144,1044,564,108,55,898,468,6,1,0.0,0.8571428571428571,2958
Tom Ford,Kyren Wilson,11,1400,1509,0.3221959756208151,0.43229345192664,662,378,4666,2494,569,355,3778,2107,88,48,807,437,225,134,1454,826,6,5,0.0,0.5454545454545454,2958
Graeme Dott,Stuart Bingham,11,1483,1485,0.49661625323436126,0.49875000260416025,923,543,6988,3756,1143,728,8268,4714,154,93,894,493,168,94,1014,583,6,3,0.0,0.6666666666666666,2958
Ali Carter,Kurt Maflin,11,1394,1368,0.5438965166863096,0.5162442810620724,982,595,6895,3806,560,319,3784,2033,149,79,918,506,127,71,581,302,6,3,0.0,0.6666666666666666,2958
Mark Allen,Mark Davis,11,1567,1425,0.7259730735833964,0.5878295384825115,826,542,5779,3283,1140,689,7975,4371,246,153,1277,751,85,42,803,447,6,1,0.0,0.8571428571428571,2958
Gary Wilson,Jak Jones,11,1419,1238,0.7776988853286149,0.6112334666758695,451,263,2972,1608,208,86,1354,602,153,83,733,388,64,28,443,196,6,3,0.0,0.6666666666666666,2958
Judd Trump,Joe Perry,11,1642,1495,0.7329358500759163,0.5908547524545943,1003,691,6766,4032,1118,670,7995,4351,258,169,1407,878,221,127,1059,602,6,2,0.0,0.75,2958
Mark Selby,David Gilbert,11,1578,1481,0.6594200145668188,0.5603296426885532,1171,813,8524,5000,657,379,4726,2535,279,176,1387,828,248,144,1044,564,6,5,0.0,0.5454545454545454,2958
Shaun Murphy,Neil Robertson,11,1583,1534,0.5822852092365003,0.530586760182081,1108,726,8064,4598,972,640,7092,4054,242,148,1199,673,170,97,1134,659,6,5,0.0,0.5454545454545454,2958
Ding Junhui,Liang Wenbo,11,1526,1405,0.6957454653911014,0.5750535485557879,784,528,6085,3480,645,385,4484,2460,188,113,1029,587,117,61,751,393,6,5,0.0,0.5454545454545454,2958
Tom Ford,Andrew Higginson,11,1400,1315,0.6406324665836775,0.5529259881329059,662,378,4666,2494,743,437,5252,2866,88,48,807,437,74,37,549,282,6,4,0.0,0.6,2958
Graeme Dott,John Higgins,11,1483,1562,0.36889955341758146,0.45078487089866653,923,543,6988,3756,1492,1057,11901,7043,154,93,894,493,276,165,1349,808,6,2,0.0,0.75,2958
Mark Allen,Ali Carter,11,1567,1394,0.7675848172598367,0.6064704870683034,826,542,5779,3283,982,595,6895,3806,246,153,1277,751,149,79,918,506,6,2,0.0,0.75,2958
Judd Trump,Tom Ford,11,1642,1400,0.8458526117374912,0.6467993925579857,1003,691,6766,4032,662,378,4666,2494,258,169,1407,878,88,48,807,437,6,3,0.0,0.6666666666666666,2958
Mark Selby,Gary Wilson,11,1578,1419,0.7492586166277835,0.5980868603322034,1171,813,8524,5000,451,263,2972,1608,279,176,1387,828,153,83,733,388,6,5,0.0,0.5454545454545454,2958
Shaun Murphy,Graeme Dott,11,1583,1483,0.6640554301392593,0.5621765008857981,1108,726,8064,4598,923,543,6988,3756,242,148,1199,673,154,93,894,493,6,4,0.0,0.6,2958
Mark Allen,Ding Junhui,11,1567,1526,0.5690050896591121,0.5256025883246178,826,542,5779,3283,784,528,6085,3480,246,153,1277,751,188,113,1029,587,6,3,0.0,0.6666666666666666,2958
Judd Trump,Mark Selby,17,1642,1578,0.6310201501705668,0.5399148845555657,1003,691,6766,4032,1171,813,8524,5000,258,169,1407,878,279,176,1387,828,9,4,0.0,0.6923076923076923,2958
Shaun Murphy,Mark Allen,17,1583,1567,0.5333446877720829,0.5099986668799655,1108,726,8064,4598,826,542,5779,3283,242,148,1199,673,246,153,1277,751,9,6,0.0,0.6,2958
Judd Trump,Shaun Murphy,19,1642,1583,0.6276285710624814,0.5368082899889803,1003,691,6766,4032,1108,726,8064,4598,258,169,1407,878,242,148,1199,673,10,3,0.0,0.7692307692307693,2958
Chen Zifan,Michael Georgiou,7,1108,1253,0.31008353284223983,0.4103545214372688,90,37,532,228,252,117,1525,737,49,13,320,130,73,30,458,212,4,2,0.0,0.6666666666666666,2957
Mei Xiwen,Paul Davison,7,1357,1186,0.7203516579445735,0.6052765337748445,134,65,907,450,685,352,4777,2406,104,52,493,241,0,0,338,145,4,0,0.0,1.0,2957
Ben Woollaston,Mark Davis,7,1313,1420,0.3571206786692294,0.43352094403237207,638,361,4139,2195,1143,691,7999,4384,124,61,788,408,109,55,827,460,4,2,0.0,0.6666666666666666,2957
Kyren Wilson,Fergal O'Brien,7,1498,1297,0.7534472409879828,0.6230466603666162,572,357,3807,2124,911,515,6835,3585,254,151,1483,843,88,40,564,269,4,1,0.0,0.8,2957
Gary Wilson,Chris Wakelin,7,1458,1416,0.557211603425229,0.5262259093720687,456,267,3015,1637,220,114,1490,768,196,112,776,417,109,59,598,321,4,3,0.0,0.5714285714285714,2957
Mark Williams,Jordan Brown,7,1527,1262,0.8160262378047215,0.6598217549720575,1484,976,11145,6408,130,67,845,424,169,98,1424,847,87,40,305,149,4,1,0.0,0.8,2957
Daniel Wells,Elliot Slessor,7,1297,1313,0.4781366606027012,0.4900013331200346,387,190,2619,1293,197,88,1237,583,85,39,569,278,103,50,515,251,4,1,0.0,0.8,2957
Lee Walker,Peter Lines,7,1327,1229,0.6313550071762073,0.5609454503247162,496,267,3804,1951,800,424,5779,2974,76,32,532,260,47,11,446,203,4,1,0.0,0.8,2957
Ricky Walden,Si Jiahui,7,1453,1113,0.8746981311142084,0.7005671424739729,903,543,6290,3465,14,6,83,42,151,88,978,524,77,40,77,40,4,1,0.0,0.8,2957
Soheil Vahedi,Andreas Ploner,7,1085,1095,0.4863309727288301,0.49375032550048964,49,10,325,119,67,31,363,174,54,17,290,106,0,0,94,46,4,0,0.0,1.0,2957
Alexander Ursenbacher,Hamza Akbar,7,1265,1055,0.7629243149475251,0.6283161882953663,134,57,844,384,52,10,336,113,90,41,414,189,0,0,189,62,4,1,0.0,0.8,2957
Thepchaiya Un-Nooh,Eden Sharav,7,1412,1229,0.7338611162888773,0.6124209393479161,372,216,2703,1433,170,77,1070,496,220,121,787,416,65,25,450,196,4,3,0.0,0.5714285714285714,2957
Allan Taylor,Peifan Lei,7,1204,1025,0.7293972619311108,0.610044672404527,313,145,1870,902,8,1,55,19,0,0,379,169,55,19,55,19,4,1,0.0,0.8,2957
Adam Stefanow,Michael White,7,1109,1273,0.28768943450591145,0.3989121211516302,83,31,502,222,524,292,3531,1848,53,18,252,101,86,39,754,371,4,0,0.0,1.0,2957
Craig Steadman,Dominic Dale,7,1295,1334,0.44684812561516707,0.47564429123179275,470,250,3101,1613,952,536,6780,3600,70,31,492,236,95,47,537,266,4,3,0.0,0.5714285714285714,2957
Yuan Sijun,Noppon Saengkham,7,1354,1407,0.42796070219744664,0.46692337763389535,98,42,690,324,265,128,1911,936,104,52,454,224,130,67,752,401,4,2,0.0,0.6666666666666666,2957
Matthew Selt,Jimmy Robertson,7,1349,1365,0.4781366606027012,0.4900013331200346,596,322,4047,2112,523,289,3566,1859,103,50,615,308,123,65,802,421,4,2,0.0,0.6666666666666666,2957
Brandon Sargeant,Ashley Carty,7,1090,1222,0.32585725514792674,0.4182406231581638,91,38,527,246,154,77,906,461,51,14,184,85,57,22,287,143,4,2,0.0,0.6666666666666666,2957
Ian Preece,David Gilbert,7,1170,1522,0.11736356358571863,0.29317777890643243,222,116,1600,809,661,382,4758,2558,0,0,215,87,280,167,1076,587,4,3,0.0,0.5714285714285714,2957
Andres Petrov,Kishan Hirani,7,1029,1161,0.32585725514792674,0.4182406231581638,17,8,98,46,166,79,912,433,0,0,57,23,64,24,250,117,4,0,0.0,1.0,2957
Joe Perry,Fan Zhengyi,7,1510,1021,0.9483637569519401,0.7725032037257077,1122,673,8029,4371,31,5,208,67,255,147,1093,622,72,28,170,52,4,2,0.0,0.6666666666666666,2957
Jackson Page,Hammad Miah,7,1183,1226,0.44143655006080335,0.4731508513108857,54,26,351,171,171,66,1134,503,67,28,351,171,69,28,449,202,4,0,0.0,1.0,2957
Jamie O'Neill,Barry Hawkins,7,1217,1519,0.1530491854474798,0.31973280330135156,304,157,1919,992,1030,646,7350,4104,54,18,179,95,198,111,1312,754,4,1,0.0,0.8,2957
Joe O'Connor,Peter Ebdon,7,1220,1328,0.3558484820461031,0.4329070950345457,118,54,727,346,1110,634,8686,4658,84,39,270,131,78,31,636,336,4,3,0.0,0.5714285714285714,2957
Lu Ning,Martin O'Donnell,7,1286,1334,0.4346885316890212,0.4700359482354282,116,51,774,364,355,178,2259,1144,85,40,309,166,112,55,658,343,4,1,0.0,0.8,2957
Alan McManus,Billy Joe Castle,7,1325,1175,0.6958878075458884,0.5926665999540697,961,565,7990,4232,74,32,453,206,95,46,526,266,71,29,369,159,4,1,0.0,0.8,2957
Kurt Maflin,Simon Lichtenberg,7,1372,1052,0.8605948171135659,0.6899744811276125,563,321,3810,2048,42,13,242,100,153,86,607,317,51,17,176,64,4,1,0.0,0.8,2957
Jack Lisowski,David Lilley,7,1516,1258,0.8097380368967944,0.6558828412078137,489,303,3253,1805,110,60,677,356,167,103,976,572,58,22,295,148,4,2,0.0,0.6666666666666666,2957
Oliver Lines,Shane Castle,7,1177,1097,0.6079354159352611,0.549833997312478,215,100,1385,672,71,32,420,202,45,11,418,175,0,0,61,36,4,1,0.0,0.8,2957
Rod Lawler,Qingtian Yang,7,1167,1000,0.7157709624772323,0.6028848673274662,833,440,6291,3224,0,0,0,0,49,14,340,129,0,0,0,0,4,2,0.0,0.6666666666666666,2957
Lukas Kleckers,Riley Parsons,7,1129,995,0.6765921632853334,0.5829754542011996,80,29,490,211,7,0,48,14,0,0,244,95,48,14,48,14,4,2,0.0,0.6666666666666666,2957
Mark King,Martin Gould,7,1360,1382,0.4699521739841547,0.486253465097645,989,554,7222,3809,721,432,4809,2629,96,48,842,454,93,44,809,434,4,1,0.0,0.8,2957
Christopher Keogan,Andy Lee,7,1118,1114,0.5054685677142574,0.5024999791668749,150,55,858,381,135,63,796,375,0,0,204,70,53,14,187,78,4,3,0.0,0.5714285714285714,2957
Mark Joyce,Sam Baird,7,1261,1245,0.5218633393972989,0.5099986668799655,494,259,3549,1796,366,187,2531,1287,85,36,613,301,63,24,484,228,4,1,0.0,0.8,2957
Jak Jones,Thor Chuan Leong,7,1298,1191,0.6428793213307702,0.5664790559676278,212,89,1386,623,115,36,754,320,96,49,475,217,50,16,397,179,4,1,0.0,0.8,2957
Luo Honghao,Barry Pinches,7,1259,1214,0.5612649493584694,0.528095374408387,58,28,378,185,752,387,5807,3008,79,35,280,134,55,18,190,100,4,2,0.0,0.6666666666666666,2957
Michael Holt,Ross Bulman,7,1384,1017,0.892019728195359,0.7145324397353954,868,499,6253,3316,10,3,56,22,123,67,731,375,32,10,56,22,4,1,0.0,0.8,2957
Liam Highfield,Stephen Maguire,7,1393,1514,0.3394699373735689,0.424946451444212,379,202,2592,1368,1010,668,7397,4215,89,45,532,280,231,139,1137,656,4,2,0.0,0.6666666666666666,2957
Louis Heathcote,Ryan Day,7,1163,1374,0.23603596210077177,0.3711001618483768,56,24,326,157,1041,627,7113,3917,91,43,181,95,127,64,1351,735,4,3,0.0,0.5714285714285714,2957
Lyu Haotian,Jamie Clarke,7,1269,1174,0.6274848196821066,0.559097471902393,144,61,1043,483,171,82,1014,509,75,30,497,240,48,14,245,103,4,1,0.0,0.8,2957
Li Hang,Stuart Bingham,7,1342,1500,0.2946731337220897,0.40251423417298393,298,152,2126,1097,1146,730,8291,4729,109,59,642,334,191,109,1037,598,4,1,0.0,0.8,2957
Anthony Hamilton,Andrew Pagett,7,1328,1175,0.6994442564412618,0.5944759307482401,894,515,6777,3600,257,116,1689,815,111,53,671,328,0,0,51,32,4,1,0.0,0.8,2957
Xiao Guodong,Chae Ross,7,1421,1015,0.9137244350498475,0.7339975165215696,480,284,3238,1794,12,7,66,33,149,83,757,429,0,0,66,33,4,1,0.0,0.8,2957
Gerard Greene,John Astley,7,1249,1278,0.46042091137016095,0.4818829349568186,728,385,5387,2791,224,102,1422,667,49,15,395,177,65,29,471,222,4,2,0.0,0.6666666666666666,2957
David Grace,Alfie Burden,7,1270,1314,0.44008542926958705,0.47252769565540637,344,157,2280,1099,700,373,5069,2595,72,31,425,203,78,34,538,257,4,2,0.0,0.6666666666666666,2957
Tom Ford,Alex Borg,7,1422,1032,0.9052777694255321,0.7261149812607791,666,381,4703,2515,388,159,2735,1224,125,69,844,458,41,7,242,77,4,0,0.0,1.0,2957
Kacper Filipiak,Zhao Xintong,7,1115,1422,0.14916788906778197,0.317020154419897,97,39,551,234,191,105,1298,701,62,22,159,73,129,69,637,343,4,3,0.0,0.5714285714285714,2957
Mike Dunn,Mitchell Mann,7,1254,1227,0.536858082179779,0.5168685956913849,737,388,5388,2762,262,120,1675,802,67,25,502,244,68,26,392,182,4,0,0.0,1.0,2957
Graeme Dott,Robbie Williams,7,1519,1329,0.7415764082537253,0.6165665045213193,928,547,7030,3784,391,209,2565,1307,196,121,936,521,101,53,526,260,4,3,0.0,0.5714285714285714,2957
Scott Donaldson,Fraser Patrick,7,1389,1120,0.8195570476403491,0.6620627248063988,271,138,1827,916,211,85,1377,622,121,66,605,319,36,6,178,75,4,2,0.0,0.6666666666666666,2957
Sam Craigie,Long Zehuang,7,1330,990,0.8746981311142084,0.7005671424739729,187,93,1155,590,15,6,81,32,74,32,436,211,7,1,44,21,4,2,0.0,0.6666666666666666,2957
Ali Carter,Xu Si,7,1398,1194,0.756630061657872,0.6248064744684293,986,598,6933,3826,67,22,467,196,187,99,956,526,67,28,353,149,4,1,0.0,0.8,2957
Stuart Carrington,Andrew Higginson,7,1354,1339,0.5204982038546295,0.5093739015216607,367,203,2410,1268,747,440,5293,2888,94,48,641,337,115,59,590,304,4,0,0.0,1.0,2957
James Cahill,Jimmy White,7,1257,1243,0.5191328123553783,0.5087491068802403,184,72,1149,514,1458,803,12406,6483,62,22,333,172,92,38,438,183,4,0,0.0,1.0,2957
Luca Brecel,Andy Hicks,7,1313,1246,0.5907526477758748,0.5417773692836367,395,221,2704,1439,636,342,5068,2622,128,65,881,474,51,17,254,130,4,0,0.0,1.0,2957
Chang Bingyu,Ian Burns,7,1129,1284,0.29819592913144066,0.4043192693921528,20,7,154,66,358,181,2287,1150,76,34,149,65,75,33,474,216,4,2,0.0,0.6666666666666666,2957
Yan Bingtao,Anthony McGill,7,1424,1361,0.5854263042586716,0.5392938058983595,180,109,1279,711,544,328,3540,1935,199,107,853,481,133,68,923,481,4,2,0.0,0.6666666666666666,2957
Zhang Anda,Shaun Murphy,7,1340,1561,0.22578679083118888,0.3652845846208415,340,168,2387,1194,1115,732,8144,4640,81,37,527,260,322,190,1279,715,4,3,0.0,0.5714285714285714,2957
Chen Zifan,Andres Petrov,7,1108,1029,0.6066210971235376,0.5492151291013335,90,37,532,228,17,8,98,46,49,13,320,130,0,0,57,23,4,0,0.0,1.0,2957
Gary Wilson,Jackson Page,7,1458,1183,0.8247679763275149,0.665410558746814,456,267,3015,1637,54,26,351,171,196,112,776,417,67,28,351,171,4,3,0.0,0.5714285714285714,2957
Mark Williams,James Cahill,7,1527,1257,0.8204326451879429,0.6626218371700825,1484,976,11145,6408,184,72,1149,514,169,98,1424,847,62,22,333,172,4,3,0.0,0.5714285714285714,2957
Daniel Wells,Craig Steadman,7,1297,1295,0.5027343522137269,0.5012499973958399,387,190,2619,1293,470,250,3101,1613,85,39,569,278,70,31,492,236,4,3,0.0,0.5714285714285714,2957
Thepchaiya Un-Nooh,Oliver Lines,7,1412,1177,0.7881034579959058,0.6427913242407762,372,216,2703,1433,215,100,1385,672,220,121,787,416,45,11,418,175,4,0,0.0,1.0,2957
Yuan Sijun,Ricky Walden,7,1354,1453,0.36735805091226303,0.4384389296638045,98,42,690,324,903,543,6290,3465,104,52,454,224,151,88,978,524,4,1,0.0,0.8,2957
Matthew Selt,Lu Ning,7,1349,1286,0.5854263042586716,0.5392938058983595,596,322,4047,2112,116,51,774,364,103,50,615,308,85,40,309,166,4,2,0.0,0.6666666666666666,2957
Ian Preece,Gerard Greene,7,1170,1249,0.3933789028764624,0.45078487089866653,222,116,1600,809,728,385,5387,2791,0,0,215,87,49,15,395,177,4,2,0.0,0.6666666666666666,2957
Joe Perry,Anthony Hamilton,7,1510,1328,0.732748880507422,0.6118273690017371,1122,673,8029,4371,894,515,6777,3600,255,147,1093,622,111,53,671,328,4,2,0.0,0.6666666666666666,2957
Jack Lisowski,Rodion Judin,7,1516,953,0.968552766214525,0.8033713285344591,489,303,3253,1805,11,3,69,21,167,103,976,572,0,0,14,6,4,1,0.0,0.8,2957
Lukas Kleckers,Zhang Anda,7,1129,1340,0.23603596210077177,0.3711001618483768,80,29,490,211,340,168,2387,1194,0,0,244,95,81,37,527,260,4,3,0.0,0.5714285714285714,2957
Mark King,Allan Taylor,7,1360,1204,0.7029806026650167,0.5962826992967879,989,554,7222,3809,313,145,1870,902,96,48,842,454,0,0,379,169,4,1,0.0,0.8,2957
Mark Joyce,Scott Donaldson,7,1261,1389,0.33078006904137963,0.42067574785125056,494,259,3549,1796,271,138,1827,916,85,36,613,301,121,66,605,319,4,2,0.0,0.6666666666666666,2957
Jak Jones,Ali Carter,7,1298,1398,0.36607269253409314,0.43782349911420193,212,89,1386,623,986,598,6933,3826,96,49,475,217,187,99,956,526,4,1,0.0,0.8,2957
Luo Honghao,David Grace,7,1259,1270,0.48496472766542054,0.4931254332354657,58,28,378,185,344,157,2280,1099,79,35,280,134,72,31,425,203,4,2,0.0,0.6666666666666666,2957
Michael Holt,Alexander Ursenbacher,7,1384,1265,0.6580301976734948,0.5738312575916094,868,499,6253,3316,134,57,844,384,123,67,731,375,90,41,414,189,4,0,0.0,1.0,2957
Liam Highfield,Adam Stefanow,7,1393,1109,0.8323923521776074,0.6704011598088686,379,202,2592,1368,83,31,502,222,89,45,532,280,53,18,252,101,4,1,0.0,0.8,2957
Lyu Haotian,Luca Brecel,7,1269,1313,0.44008542926958705,0.47252769565540637,144,61,1043,483,395,221,2704,1439,75,30,497,240,128,65,881,474,4,1,0.0,0.8,2957
Li Hang,Mike Dunn,7,1342,1254,0.6184015843393024,0.5547792351072148,298,152,2126,1097,737,388,5388,2762,109,59,642,334,67,25,502,244,4,2,0.0,0.6666666666666666,2957
Tom Ford,Kacper Filipiak,7,1422,1115,0.850832110932218,0.6829798455801029,666,381,4703,2515,97,39,551,234,125,69,844,458,62,22,159,73,4,2,0.0,0.6666666666666666,2957
Graeme Dott,Lee Walker,7,1519,1327,0.7437579445222342,0.617747874769249,928,547,7030,3784,496,267,3804,1951,196,121,936,521,76,32,532,260,4,0,0.0,1.0,2957
Stuart Carrington,Brandon Sargeant,7,1354,1090,0.8151364341594428,0.6592603884513855,367,203,2410,1268,91,38,527,246,94,48,641,337,51,14,184,85,4,1,0.0,0.8,2957
Yan Bingtao,Rod Lawler,7,1424,1167,0.8088283859322067,0.655318370173895,180,109,1279,711,833,440,6291,3224,199,107,853,481,49,14,340,129,4,2,0.0,0.6666666666666666,2957
Chen Zifan,Ben Woollaston,7,1108,1313,0.24231426705785994,0.37460765027944887,90,37,532,228,638,361,4139,2195,49,13,320,130,124,61,788,408,4,0,0.0,1.0,2957
Mei Xiwen,Lukas Kleckers,7,1357,1129,0.7812257884147848,0.6387631751488418,134,65,907,450,80,29,490,211,104,52,493,241,0,0,244,95,4,1,0.0,0.8,2957
Gary Wilson,Tom Ford,7,1458,1422,0.549086208422272,0.5224848247918001,456,267,3015,1637,666,381,4703,2515,196,112,776,417,125,69,844,458,4,1,0.0,0.8,2957
Thepchaiya Un-Nooh,Ian Preece,7,1412,1170,0.794845010612041,0.6467993925579857,372,216,2703,1433,222,116,1600,809,220,121,787,416,0,0,215,87,4,2,0.0,0.6666666666666666,2957
Matthew Selt,Sam Craigie,7,1349,1330,0.5259570402770714,0.5118727677562528,596,322,4047,2112,187,93,1155,590,103,50,615,308,74,32,436,211,4,3,0.0,0.5714285714285714,2957
Mark Selby,Graeme Dott,7,1572,1519,0.5720392978025534,0.5330766223661046,1177,818,8584,5034,928,547,7030,3784,339,210,1447,862,196,121,936,521,4,3,0.0,0.5714285714285714,2957
Kurt Maflin,Lyu Haotian,7,1372,1269,0.6377737431786725,0.5640216374262577,563,321,3810,2048,144,61,1043,483,153,86,607,317,75,30,497,240,4,2,0.0,0.6666666666666666,2957
Jack Lisowski,Daniel Wells,7,1516,1297,0.7721850273226749,0.633555377636775,489,303,3253,1805,387,190,2619,1293,167,103,976,572,85,39,569,278,4,2,0.0,0.6666666666666666,2957
Mark King,Zhou Yuelong,7,1360,1422,0.41590794122337116,0.46132739479349205,989,554,7222,3809,242,137,1618,864,96,48,842,454,108,61,780,426,4,1,0.0,0.8,2957
Christopher Keogan,Xiao Guodong,7,1118,1421,0.15226728492819896,0.31918928918436135,150,55,858,381,480,284,3238,1794,0,0,204,70,149,83,757,429,4,1,0.0,0.8,2957
Mark Joyce,Liam Highfield,7,1261,1393,0.32585725514792674,0.4182406231581638,494,259,3549,1796,379,202,2592,1368,85,36,613,301,89,45,532,280,4,0,0.0,1.0,2957
Jak Jones,Michael Holt,7,1298,1384,0.3842066871290606,0.4464560968488817,212,89,1386,623,868,499,6253,3316,96,49,475,217,123,67,731,375,4,3,0.0,0.5714285714285714,2957
Luo Honghao,Mark Williams,7,1259,1527,0.18132139254278376,0.33849684079704756,58,28,378,185,1484,976,11145,6408,79,35,280,134,169,98,1424,847,4,1,0.0,0.8,2957
Li Hang,Yuan Sijun,7,1342,1354,0.4835986704357121,0.4925005624493796,298,152,2126,1097,98,42,690,324,109,59,642,334,104,52,454,224,4,3,0.0,0.5714285714285714,2957
Stuart Carrington,Joe Perry,7,1354,1510,0.2970193973349833,0.40371730070321216,367,203,2410,1268,1122,673,8029,4371,94,48,641,337,255,147,1093,622,4,2,0.0,0.6666666666666666,2957
Yan Bingtao,Alan McManus,7,1424,1325,0.6326419490877371,0.5615610703361955,180,109,1279,711,961,565,7990,4232,199,107,853,481,95,46,526,266,4,3,0.0,0.5714285714285714,2957
Matthew Selt,Jak Jones,7,1349,1298,0.5693507188778237,0.5318318894162242,596,322,4047,2112,212,89,1386,623,103,50,615,308,96,49,475,217,4,2,0.0,0.6666666666666666,2957
Kurt Maflin,Thepchaiya Un-Nooh,7,1372,1412,0.44549420086403224,0.47502081252106,563,321,3810,2048,372,216,2703,1433,153,86,607,317,220,121,787,416,4,1,0.0,0.8,2957
Mark King,Christopher Keogan,7,1360,1118,0.794845010612041,0.6467993925579857,989,554,7222,3809,150,55,858,381,96,48,842,454,0,0,204,70,4,1,0.0,0.8,2957
Mark Joyce,Jack Lisowski,7,1261,1516,0.19299940476105965,0.3458118862387571,494,259,3549,1796,489,303,3253,1805,85,36,613,301,167,103,976,572,4,3,0.0,0.5714285714285714,2957
Luo Honghao,Gary Wilson,7,1259,1458,0.24868775230024892,0.3781283576925339,58,28,378,185,456,267,3015,1637,79,35,280,134,196,112,776,417,4,0,0.0,1.0,2957
Li Hang,Mei Xiwen,7,1342,1357,0.47950179614537025,0.4906260984783392,298,152,2126,1097,134,65,907,450,109,59,642,334,104,52,493,241,4,2,0.0,0.6666666666666666,2957
Stuart Carrington,Mark Selby,7,1354,1572,0.22883313985656367,0.36702522331953935,367,203,2410,1268,1177,818,8584,5034,94,48,641,337,339,210,1447,862,4,2,0.0,0.6666666666666666,2957
Yan Bingtao,Chen Zifan,7,1424,1108,0.8576412839544288,0.6878313305828404,180,109,1279,711,90,37,532,228,199,107,853,481,49,13,320,130,4,0,0.0,1.0,2957
Matthew Selt,Mark King,7,1349,1360,0.48496472766542054,0.4931254332354657,596,322,4047,2112,989,554,7222,3809,103,50,615,308,96,48,842,454,4,1,0.0,0.8,2957
Kurt Maflin,Luo Honghao,7,1372,1259,0.6504866469700167,0.5701590253818352,563,321,3810,2048,58,28,378,185,153,86,607,317,79,35,280,134,4,1,0.0,0.8,2957
Mark Joyce,Stuart Carrington,7,1261,1354,0.37510296628937845,0.4421354272792655,494,259,3549,1796,367,203,2410,1268,85,36,613,301,94,48,641,337,4,1,0.0,0.8,2957
Yan Bingtao,Li Hang,7,1424,1342,0.6105601107289808,0.551071269307342,180,109,1279,711,298,152,2126,1097,199,107,853,481,109,59,642,334,4,3,0.0,0.5714285714285714,2957
Mark Joyce,Kurt Maflin,9,1261,1372,0.33458597162621984,0.43106679063045344,494,259,3549,1796,563,321,3810,2048,85,36,613,301,153,86,607,317,5,4,0.0,0.5555555555555556,2957
Yan Bingtao,Matthew Selt,9,1424,1349,0.613690137008763,0.5467381519846138,180,109,1279,711,596,322,4047,2112,199,107,853,481,103,50,615,308,5,3,0.0,0.625,2957
Yan Bingtao,Mark Joyce,9,1424,1261,0.7344520743913923,0.6004882745269664,180,109,1279,711,494,259,3549,1796,199,107,853,481,85,36,613,301,5,2,0.0,0.7142857142857143,2957
Guan Zhen,Omar Alajlani,7,1086,983,0.6377737431786725,0.5640216374262577,29,16,157,82,5,2,25,10,0,0,0,0,0,0,25,10,4,0,0.0,1.0,2952
Wang Zepeng,Wu Yize,7,1115,1046,0.5934092174000843,0.5430183807243099,42,22,236,120,8,1,61,23,0,0,50,30,61,23,61,23,4,1,0.0,0.8,2952
Long Zehuang,Florian Nüßle,7,992,1008,0.4781366606027012,0.4900013331200346,16,6,87,34,7,3,30,14,13,3,50,23,4,0,30,14,4,3,0.0,0.5714285714285714,2952
Dean Young,Tugba Irten,7,1000,969,0.5422981239384312,0.519365308229932,0,0,0,0,18,8,103,44,0,0,0,0,0,0,31,9,4,3,0.0,0.5714285714285714,2952
Zhang Yong,Tomasz Skalski,7,1228,1051,0.7271505015076656,0.6088545692109504,123,53,740,321,51,22,282,132,0,0,404,185,0,0,7,3,4,2,0.0,0.6666666666666666,2952
Qingtian Yang,Dave Nelson,7,997,968,0.5395790886298393,0.5181170650431814,1,0,6,2,4,1,18,4,6,2,6,2,0,0,18,4,4,2,0.0,0.6666666666666666,2952
Fang Xiongman,Ivan Kakovskii,7,1213,989,0.7772350342961843,0.6364525402815664,94,43,574,268,6,2,44,15,0,0,316,145,0,0,0,0,4,3,0.0,0.5714285714285714,2952
Daniel Womersley,Brandon Hall,7,1017,997,0.5273209820427867,0.5124973964842103,30,11,173,74,9,4,46,19,0,0,74,31,0,0,46,19,4,0,0.0,1.0,2952
Sydney Wilson,Harry Farrell,7,1122,1000,0.661777191191235,0.5756643510425494,184,67,1098,486,0,0,0,0,0,0,119,58,0,0,0,0,4,1,0.0,0.8,2952
Stuart Watson,Wayne Townsend,7,871,988,0.34447706088090824,0.42739193613673987,45,9,244,87,40,18,257,122,0,0,32,17,0,0,41,14,4,0,0.0,1.0,2952
Ka Wai Cheung,Kuldesh Johal,7,995,1185,0.25842359174627483,0.38343349547868066,10,3,61,24,220,125,1440,770,0,0,48,21,0,0,113,64,4,1,0.0,0.8,2952
Lucky Vatnani,Peter Devlin,7,1013,1006,0.5095693356278297,0.5043748883497735,80,30,449,193,36,15,183,83,0,0,53,25,0,0,91,51,4,0,0.0,1.0,2952
Alexander Ursenbacher,Sanderson Lam,7,1258,1091,0.7157709624772323,0.6028848673274662,136,58,853,388,158,59,960,411,99,45,423,193,0,0,308,117,4,1,0.0,0.8,2952
Gary Thomson,Imran Puri,7,1073,664,0.915239596620955,0.7354592830135422,162,83,1163,587,64,9,315,72,7,3,22,11,0,0,42,17,4,1,0.0,0.8,2952
Joshua Thomond,Lewis Ullah,7,1002,978,0.5327731710226205,0.51499550161941,27,12,147,70,3,0,17,5,0,0,87,41,0,0,17,5,4,3,0.0,0.5714285714285714,2952
Allan Taylor,Ronan Whyte,7,1204,980,0.7772350342961843,0.6364525402815664,315,146,1880,907,4,1,19,6,10,5,389,174,0,0,19,6,4,0,0.0,1.0,2952
Alex Taubman,Andres Petrov,7,1099,1033,0.589422689021118,0.541156668150228,166,74,901,413,19,9,106,50,0,0,78,40,8,4,65,27,4,3,0.0,0.5714285714285714,2952
Zak Surety,Reanne Evans,7,1124,1069,0.5747243219334544,0.5343209436693046,130,58,761,358,147,54,838,353,0,0,58,27,25,6,148,63,4,1,0.0,0.8,2952
Lee Stephens,Lee Shanker,7,986,892,0.6261916833783177,0.5584811124381613,3,0,18,6,37,9,192,64,0,0,0,0,0,0,35,12,4,1,0.0,0.8,2952
James Silverwood,Sean McAllister,7,990,981,0.5123026114255715,0.5056247627073255,81,25,432,176,3,0,18,6,0,0,60,30,0,0,18,6,4,0,0.0,1.0,2952
Amir Sarkhosh,Iulian Boiko,7,1065,967,0.6313550071762073,0.5609454503247162,9,3,63,28,7,1,36,10,0,0,0,0,4,0,36,10,4,1,0.0,0.8,2952
Adrian Rosa,Tony Corrigan,7,1181,966,0.7680961089120268,0.6312306626164005,279,154,2172,1116,11,3,57,22,0,0,41,23,0,0,14,2,4,3,0.0,0.5714285714285714,2952
Matthew Roberts,Zsolt Fenyvesi,7,951,988,0.44955793756481255,0.4768914745109111,12,4,62,23,1,0,5,1,0,0,62,23,0,0,5,1,4,3,0.0,0.5714285714285714,2952
Lee Richardson,Mark Vincent,7,994,898,0.6287764284690306,0.5597136492671929,277,131,2081,1017,49,15,252,97,0,0,0,0,0,0,63,27,4,0,0.0,1.0,2952
Tyler Rees,Haider Ali,7,993,965,0.5382188233953898,0.5174928576663897,21,8,125,49,3,0,15,3,0,0,93,41,0,0,15,3,4,2,0.0,0.6666666666666666,2952
Fergal Quinn,Rebecca Kenna,7,983,1000,0.476771798023094,0.4893765989950364,1,0,4,0,0,0,0,0,0,0,4,0,0,0,0,0,4,0,0.0,1.0,2952
Ian Preece,Rory McLeod,7,1195,1185,0.51366902727117,0.5062496744995104,225,118,1619,819,588,315,4393,2252,19,10,234,97,0,0,465,206,4,3,0.0,0.5714285714285714,2952
Andreas Ploner,Michael Wild,7,1079,1180,0.3647889315421975,0.43720825986135486,68,31,367,174,316,165,1930,1019,4,0,98,46,0,0,138,68,4,3,0.0,0.5714285714285714,2952
Haydon Pinhey,Oliver Brown,7,1031,1205,0.2762380014579778,0.39293301192829644,15,8,91,47,189,87,1023,492,0,0,62,32,0,0,124,69,4,1,0.0,0.8,2952
Luke Pinches,Jack Bradford,7,985,968,0.5232282019769063,0.5106234010049637,9,3,50,20,50,16,265,107,0,0,38,15,0,0,65,35,4,3,0.0,0.5714285714285714,2952
Barry Pinches,Chen Zhe,7,1207,1161,0.5626145694127913,0.5287183569514396,753,387,5813,3010,215,101,1326,638,61,20,196,102,0,0,240,97,4,2,0.0,0.6666666666666666,2952
Lewis Parnham,Paul Burrell,7,1000,895,0.6403298636636867,0.5652507475670999,0,0,0,0,23,5,141,50,0,0,0,0,0,0,41,16,4,1,0.0,0.8,2952
Andrew Pagett,Luke Simmonds,7,1167,1206,0.44684812561516707,0.47564429123179275,258,116,1694,816,137,75,905,470,5,1,56,33,0,0,162,88,4,2,0.0,0.6666666666666666,2952
Brian Ochoiski,Andy Milliard,7,1012,999,0.5177671819164105,0.5081242849062608,12,6,68,34,8,3,48,22,0,0,68,34,0,0,48,22,4,2,0.0,0.6666666666666666,2952
Heikki Niva,Laxman Rawat,7,1054,1053,0.5013671846516985,0.5006249996744794,14,7,77,43,15,7,86,41,0,0,77,43,0,0,43,22,4,2,0.0,0.6666666666666666,2952
Jake Nicholson,Qiu Yalong,7,1058,991,0.5907526477758748,0.5417773692836367,97,35,507,217,8,3,43,19,0,0,85,51,0,0,0,0,4,0,0.0,1.0,2952
Geng Mingqi,Keith Keldie,7,1067,935,0.6741427448520734,0.5817593768418363,22,11,129,67,14,3,81,28,0,0,81,48,0,0,39,13,4,0,0.0,1.0,2952
Alex Millington,Levi Meiller,7,987,912,0.6013510291923431,0.5467381519846138,3,0,20,8,6,0,37,2,0,0,20,8,0,0,0,0,4,3,0.0,0.5714285714285714,2952
Ben Mertens,John Welsh,7,1006,1011,0.493164418520332,0.4968750406894683,7,3,32,14,52,21,313,149,4,0,28,14,0,0,0,0,4,3,0.0,0.5714285714285714,2952
Aditya Mehta,Simon Bedford,7,1275,1246,0.5395790886298393,0.5181170650431814,291,139,2007,983,436,254,3305,1782,0,0,264,121,0,0,105,64,4,2,0.0,0.6666666666666666,2952
Constantin Mateescu,Daniel Walker,7,957,961,0.4945314322857424,0.49750002083312506,3,0,12,0,3,0,14,2,0,0,12,0,0,0,14,2,4,1,0.0,0.8,2952
Andy Marriott,Josh Boileau,7,924,1089,0.286533617594737,0.3983128198171432,25,5,146,55,90,35,523,227,0,0,21,9,0,0,184,64,4,1,0.0,0.8,2952
Callum Lloyd,Jamie McArdle,7,970,1008,0.44820271004203943,0.4762678458734389,30,9,158,66,11,4,61,30,0,0,34,18,0,0,45,22,4,1,0.0,0.8,2952
Barry Lee,Surinder Gill,7,977,1079,0.3635067817280711,0.4365932137378064,5,1,27,10,196,99,1589,800,0,0,0,0,0,0,0,0,4,2,0.0,0.6666666666666666,2952
Lukas Kleckers,Abdul Raheem,7,1138,1000,0.6814665603465866,0.585404569129465,83,31,508,220,0,0,0,0,18,9,262,104,0,0,0,0,4,0,0.0,1.0,2952
Yu Kiu Chang,Daniel Williams,7,990,992,0.4972656477862734,0.49875000260416025,1,0,4,0,3,1,13,5,0,0,0,0,0,0,13,5,4,3,0.0,0.5714285714285714,2952
Christopher Keogan,James Lee,7,1135,1000,0.6778138346852377,0.5835831155172753,153,57,875,390,0,0,0,0,17,9,221,79,0,0,0,0,4,3,0.0,0.5714285714285714,2952
Keishin Kamihashi,James Height,7,969,946,0.5314106943491967,0.5143710406970602,3,0,14,2,8,2,42,13,0,0,10,2,0,0,42,13,4,1,0.0,0.8,2952
Rodion Judin,Sergey Isaenko,7,953,985,0.4563431395453441,0.48001065984441826,12,3,74,22,13,5,67,28,5,1,19,7,0,0,44,20,4,0,0.0,1.0,2952
Liu Jiaming,Jenson Kendrick,7,1014,950,0.5867595016023184,0.5399148845555657,18,6,102,45,9,1,50,17,0,0,37,21,0,0,44,15,4,2,0.0,0.6666666666666666,2952
Si Jiahui,Leonard Degriffa,7,1109,1000,0.6454220086166967,0.5677065480733601,15,6,88,43,0,0,0,0,82,41,82,41,0,0,0,0,4,2,0.0,0.6666666666666666,2952
Shehzad Iqbal,Daniel Holoyda,7,966,1006,0.44549420086403224,0.47502081252106,9,2,48,18,8,4,43,20,0,0,33,15,0,0,32,17,4,1,0.0,0.8,2952
Robin Hull,Umut Dikme,7,1284,1055,0.7822166026963269,0.6393398367530659,540,316,4087,2218,14,8,72,40,0,0,328,149,0,0,72,40,4,2,0.0,0.6666666666666666,2952
Ashley Hugill,Gary Challis,7,1186,960,0.7792359029381558,0.637608652621925,121,55,688,323,13,4,67,27,0,0,284,124,0,0,46,19,4,0,0.0,1.0,2952
Ben Hancorn,Tam Mustafa,7,1060,1006,0.573382262278332,0.5336988354329009,30,14,190,94,56,26,317,149,0,0,50,29,0,0,23,8,4,0,0.0,1.0,2952
Steven Hallworth,Brian Cini,7,1238,1122,0.6542665688127887,0.5719961329315186,106,44,621,288,48,25,252,137,0,0,129,78,0,0,73,41,4,3,0.0,0.5714285714285714,2952
Kreishh Gurbaxani,Nezar Asseri,7,1000,1000,0.5,0.5,0,0,0,0,0,0,0,0,0,0,0,0,0,0,0,0,4,1,0.0,0.8,2952
Lewis Gillen,Himanshu Dinesh Jain,7,977,1028,0.43064928112217615,0.4681681105837757,12,4,63,27,8,5,44,23,0,0,8,0,0,0,44,23,4,2,0.0,0.6666666666666666,2952
Raymond Fry,Kengo Suzuki,7,977,1000,0.46858930565080326,0.4856289593029398,16,5,87,37,0,0,0,0,0,0,5,1,0,0,0,0,4,1,0.0,0.8,2952
Felix Frede,James Burrett,7,974,825,0.6946979044907379,0.5920629281648192,37,15,192,85,37,8,187,56,0,0,73,30,0,0,33,10,4,3,0.0,0.5714285714285714,2952
Leo Fernandez,Fung Kwok Wai,7,1134,1067,0.5907526477758748,0.5417773692836367,429,253,3232,1721,20,9,132,64,0,0,132,48,0,0,0,0,4,2,0.0,0.6666666666666666,2952
Dylan Emery,Bash Maqsood,7,1031,935,0.6287764284690306,0.5597136492671929,11,6,60,31,27,7,148,56,0,0,60,31,0,0,41,16,4,2,0.0,0.6666666666666666,2952
Adam Edge,Luis Vetter,7,1039,1019,0.5273209820427867,0.5124973964842103,52,21,293,137,3,1,18,10,0,0,81,41,0,0,18,10,4,0,0.0,1.0,2952
Adam Duffy,Dave Finbow,7,1260,1183,0.6039885915613215,0.5479769376367963,357,178,2273,1152,302,166,2413,1239,0,0,339,149,0,0,0,0,4,2,0.0,0.6666666666666666,2952
Callum Downing,Noel Landers,7,1058,1000,0.578744911388209,0.5361866202317948,36,17,197,95,0,0,0,0,0,0,0,0,0,0,0,0,4,1,0.0,0.8,2952
Andrew Doherty,Elliott Weston,7,1006,1000,0.5082025098106111,0.5037499296890819,2,1,9,5,0,0,0,0,0,0,0,0,0,0,0,0,4,1,0.0,0.8,2952
Ian Desmier,Craig Farrar,7,1000,1000,0.5,0.5,0,0,0,0,0,0,0,0,0,0,0,0,0,0,0,0,4,2,0.0,0.6666666666666666,2952
Simon Dent,Jamie Trump,7,989,955,0.5463726874746992,0.5212372149662741,39,16,204,94,3,0,12,0,0,0,76,34,0,0,12,0,4,2,0.0,0.6666666666666666,2952
Paul Davison,James Welch,7,1173,960,0.7660354477872332,0.6300660082850182,686,352,4781,2406,3,0,13,1,4,0,342,145,0,0,13,1,4,0,0.0,1.0,2952
Ryan Davies,Darren Burns,7,1018,940,0.6053054839891849,0.5485961085831343,7,4,34,17,22,7,117,44,14,4,34,17,0,0,24,4,4,0,0.0,1.0,2952
Jeff Cundy,Yasir Nadeem,7,1132,974,0.7053268662779104,0.5974857658270161,529,280,3685,1909,2,0,8,0,0,0,88,45,0,0,0,0,4,1,0.0,0.8,2952
Matthew Couch,Jack Harris,7,1084,1000,0.6131794491635048,0.5523079095743253,521,293,3966,2079,0,0,0,0,0,0,21,8,0,0,0,0,4,1,0.0,0.8,2952
Joshua Cooper,Matthew Glasby,7,992,958,0.5463726874746992,0.5212372149662741,32,13,168,75,49,19,262,113,0,0,64,30,0,0,87,42,4,0,0.0,1.0,2952
Michael Collumb,Chris Totten,7,1077,1024,0.5720392978025534,0.5330766223661046,69,29,376,183,45,10,282,96,5,1,75,34,0,0,231,75,4,1,0.0,0.8,2952
Shane Castle,Aaron Hill,7,1087,1000,0.6170981549456108,0.5541616527636486,72,32,425,203,0,0,0,0,5,1,66,37,0,0,0,0,4,0,0.0,1.0,2952
Aaron Busuttil,William Thomson,7,1031,956,0.6013510291923431,0.5467381519846138,14,8,72,37,7,2,31,10,0,0,31,15,0,0,22,9,4,1,0.0,0.8,2952
Danny Brindle,Digvijay Kadian,7,889,1000,0.35204218100893303,0.43106679063045344,19,2,101,29,0,0,0,0,0,0,22,8,0,0,0,0,4,2,0.0,0.6666666666666666,2952
Kayden Brierley,Manasawin Phetmalaikul,7,1000,958,0.557211603425229,0.5262259093720687,0,0,0,0,13,4,70,27,0,0,0,0,0,0,43,16,4,3,0.0,0.5714285714285714,2952
Alex Borg,Hrithik Jain,7,1023,1007,0.5218633393972989,0.5099986668799655,389,159,2739,1224,5,2,25,11,45,7,246,77,0,0,0,0,4,1,0.0,0.8,2952
Simon Blackwell,George Pragnall,7,1029,1097,0.4079185042473741,0.45760205922564895,11,4,59,29,53,26,305,147,0,0,35,15,0,0,118,60,4,0,0.0,1.0,2952
Mateusz Baranowski,Ng On Yee,7,1043,983,0.5814204865006773,0.5374298453437496,41,19,226,108,26,10,169,68,0,0,66,32,21,6,113,44,4,2,0.0,0.6666666666666666,2952
Mohammed Asif,Shubham Arora,7,1118,1000,0.6567774862994666,0.5732197726798348,18,5,140,64,0,0,0,0,0,0,0,0,0,0,0,0,4,0,0.0,1.0,2952
Owais Ali,Ross Muir,7,957,1213,0.1920840951325451,0.3452465393936808,6,1,25,5,171,63,1128,496,0,0,16,4,0,0,337,142,4,3,0.0,0.5714285714285714,2952
Guan Zhen,Robbie Mcguigan,7,1086,989,0.6300664956451868,0.5603296426885532,29,16,157,82,1,0,4,0,0,0,0,0,4,0,4,0,4,1,0.0,0.8,2952
Wang Zepeng,Stuart Watson,7,1115,871,0.7967460208697068,0.6479408020806503,42,22,236,120,45,9,244,87,0,0,50,30,0,0,32,17,4,3,0.0,0.5714285714285714,2952
Long Zehuang,Andrew Pagett,7,992,1167,0.2751060630015586,0.39233683016710835,16,6,87,34,258,116,1694,816,13,3,50,23,5,1,56,33,4,0,0.0,1.0,2952
Qingtian Yang,Chau Hon Man,7,997,977,0.5273209820427867,0.5124973964842103,1,0,6,2,7,1,46,14,6,2,6,2,0,0,0,0,4,2,0.0,0.6666666666666666,2952
Fang Xiongman,Ahmed Elsayed,7,1213,978,0.7881034579959058,0.6427913242407762,94,43,574,268,3,0,15,3,0,0,316,145,0,0,15,3,4,0,0.0,1.0,2952
Daniel Womersley,Shehzad Iqbal,7,1017,966,0.5693507188778237,0.5318318894162242,30,11,173,74,9,2,48,18,0,0,74,31,0,0,33,15,4,2,0.0,0.6666666666666666,2952
Sydney Wilson,Kreishh Gurbaxani,7,1122,1000,0.661777191191235,0.5756643510425494,184,67,1098,486,0,0,0,0,0,0,119,58,0,0,0,0,4,3,0.0,0.5714285714285714,2952
Patrick Whelan,Callum Downing,7,1040,1058,0.47540722540195457,0.4887518980531451,25,10,127,64,36,17,197,95,0,0,93,54,0,0,0,0,4,2,0.0,0.6666666666666666,2952
Ka Wai Cheung,Au Chi Wai,7,995,1032,0.44955793756481255,0.4768914745109111,10,3,61,24,30,12,177,72,0,0,48,21,0,0,0,0,4,1,0.0,0.8,2952
Lucky Vatnani,Heikki Niva,7,1013,1054,0.44414095234189266,0.47439741167538224,80,30,449,193,14,7,77,43,0,0,53,25,0,0,77,43,4,1,0.0,0.8,2952
Alexander Ursenbacher,Saqib Nasir,7,1258,1115,0.6875128007198821,0.5884351201276382,136,58,853,388,98,49,538,284,99,45,423,193,0,0,89,49,4,1,0.0,0.8,2952
Gary Thomson,Gary Lees,7,1073,1049,0.5327731710226205,0.51499550161941,162,83,1163,587,263,141,1906,983,7,3,22,11,0,0,0,0,4,0,0.0,1.0,2952
Ryan Thomerson,Sean Maddocks,7,989,1004,0.47950179614537025,0.4906260984783392,17,3,114,43,9,5,51,25,0,0,34,12,0,0,51,25,4,1,0.0,0.8,2952
Allan Taylor,Simon Dent,7,1204,989,0.7680961089120268,0.6312306626164005,315,146,1880,907,39,16,204,94,10,5,389,174,0,0,76,34,4,0,0.0,1.0,2952
Alex Taubman,Luke Pinches,7,1099,985,0.651748409886971,0.5707716118944918,166,74,901,413,9,3,50,20,0,0,78,40,0,0,38,15,4,0,0.0,1.0,2952
Jason Tart,Tyler Rees,7,980,993,0.48223281808358937,0.4918757150937391,16,5,84,34,21,8,125,49,0,0,17,8,0,0,93,41,4,1,0.0,0.8,2952
Zak Surety,Pang Junxu,7,1124,981,0.6875128007198821,0.5884351201276382,130,58,761,358,13,3,74,26,0,0,58,27,22,9,22,9,4,2,0.0,0.6666666666666666,2952
Amir Sarkhosh,Sam Gates,7,1065,1000,0.5880916350836762,0.5405358392737893,9,3,63,28,0,0,0,0,0,0,0,0,0,0,0,0,4,1,0.0,0.8,2952
Chae Ross,Constantin Mateescu,7,1012,957,0.5747243219334544,0.5343209436693046,13,7,71,34,3,0,12,0,5,1,71,34,0,0,12,0,4,0,0.0,1.0,2952
Adrian Rosa,Mateusz Baranowski,7,1181,1043,0.6814665603465866,0.585404569129465,279,154,2172,1116,41,19,226,108,0,0,41,23,0,0,66,32,4,0,0.0,1.0,2952
Lee Richardson,Jed Mann,7,994,973,0.5286845829371267,0.5131219861822433,277,131,2081,1017,4,1,21,6,0,0,0,0,0,0,21,6,4,3,0.0,0.5714285714285714,2952
Fergal Quinn,Joshua Cooper,7,983,992,0.48769738857442835,0.4943752372926745,1,0,4,0,32,13,168,75,0,0,4,0,0,0,64,30,4,2,0.0,0.6666666666666666,2952
Ian Preece,Liu Jiaming,7,1195,1014,0.7316341543771714,0.6112334666758695,225,118,1619,819,18,6,102,45,19,10,234,97,0,0,37,21,4,1,0.0,0.8,2952
Andreas Ploner,Marvin Morgan,7,1079,1000,0.6066210971235376,0.5492151291013335,68,31,367,174,0,0,0,0,4,0,98,46,0,0,0,0,4,1,0.0,0.8,2952
Haydon Pinhey,Raymond Fry,7,1031,977,0.573382262278332,0.5336988354329009,15,8,91,47,16,5,87,37,0,0,62,32,0,0,5,1,4,3,0.0,0.5714285714285714,2952
Barry Pinches,Robin Otto,7,1207,960,0.7995764997363425,0.6496497492904088,753,387,5813,3010,26,11,134,59,61,20,196,102,0,0,34,15,4,0,0.0,1.0,2952
Jake Nicholson,Jeff Cundy,7,1058,1132,0.39996961044138163,0.4538814589542204,97,35,507,217,529,280,3685,1909,0,0,85,51,0,0,88,45,4,1,0.0,0.8,2952
Geng Mingqi,Dean Young,7,1067,1000,0.5907526477758748,0.5417773692836367,22,11,129,67,0,0,0,0,0,0,81,48,0,0,0,0,4,2,0.0,0.6666666666666666,2952
Peter Lines,Stephen Kershaw,7,1219,993,0.7792359029381558,0.637608652621925,801,424,5784,2975,189,81,1356,645,52,12,451,204,0,0,36,17,4,2,0.0,0.6666666666666666,2952
Peifan Lei,Callum Lloyd,7,1017,970,0.5639634145132848,0.5293412500457856,9,1,60,20,30,9,158,66,60,20,60,20,0,0,34,18,4,1,0.0,0.8,2952
Lukas Kleckers,Lin Shuai,7,1138,1080,0.578744911388209,0.5361866202317948,83,31,508,220,36,17,213,99,18,9,262,104,0,0,0,0,4,3,0.0,0.5714285714285714,2952
Yu Kiu Chang,Ben Fortey,7,990,994,0.4945314322857424,0.49750002083312506,1,0,4,0,22,7,118,51,0,0,0,0,0,0,44,24,4,2,0.0,0.6666666666666666,2952
Christopher Keogan,Ian Brumby,7,1135,1108,0.536858082179779,0.5168685956913849,153,57,875,390,410,211,2987,1512,17,9,221,79,0,0,22,12,4,2,0.0,0.6666666666666666,2952
Keishin Kamihashi,Billy Ginn,7,969,948,0.5286845829371267,0.5131219861822433,3,0,14,2,6,1,28,7,0,0,10,2,0,0,28,7,4,0,0.0,1.0,2952
Rodion Judin,Aaron Busuttil,7,953,1031,0.3946945160108152,0.4514038914168657,12,3,74,22,14,8,72,37,5,1,19,7,0,0,31,15,4,2,0.0,0.6666666666666666,2952
Neal Jones,Ian Desmier,7,1004,1000,0.5054685677142574,0.5024999791668749,140,64,955,452,0,0,0,0,0,0,9,1,0,0,0,0,4,0,0.0,1.0,2952
Si Jiahui,Daegyu Lee,7,1109,1047,0.5840920587766287,0.538672605206508,15,6,88,43,8,5,43,27,82,41,82,41,0,0,43,27,4,1,0.0,0.8,2952
Robin Hull,Tom Pendlebury,7,1284,1000,0.8323923521776074,0.6704011598088686,540,316,4087,2218,0,0,0,0,0,0,328,149,0,0,0,0,4,0,0.0,1.0,2952
Andy Hicks,Brian Ochoiski,7,1231,1012,0.7721850273226749,0.633555377636775,637,342,5072,2622,12,6,68,34,55,17,258,130,0,0,68,34,4,2,0.0,0.6666666666666666,2952
Steven Hallworth,Ashley Hugill,7,1238,1186,0.5706954446194282,0.5324543063873187,106,44,621,288,121,55,688,323,0,0,129,78,0,0,284,124,4,2,0.0,0.6666666666666666,2952
Felix Frede,Ben Hancorn,7,974,1060,0.3842066871290606,0.4464560968488817,37,15,192,85,30,14,190,94,0,0,73,30,0,0,50,29,4,2,0.0,0.6666666666666666,2952
Leo Fernandez,Farakh Ajaib,7,1134,1064,0.5947357972115818,0.5436386872370789,429,253,3232,1721,50,24,285,138,0,0,132,48,0,0,95,45,4,0,0.0,1.0,2952
Adam Edge,Matthew Roberts,7,1039,951,0.6184015843393024,0.5547792351072148,52,21,293,137,12,4,62,23,0,0,81,41,0,0,62,23,4,2,0.0,0.6666666666666666,2952
Adam Duffy,Ben Mertens,7,1260,1006,0.8060824586598727,0.653622330899504,357,178,2273,1152,7,3,32,14,0,0,339,149,4,0,28,14,4,1,0.0,0.8,2952
Andrew Doherty,Aman Goel,7,1006,1000,0.5082025098106111,0.5037499296890819,2,1,9,5,0,0,0,0,0,0,0,0,0,0,0,0,4,0,0.0,1.0,2952
Paul Davison,Thomas Hilborne,7,1173,958,0.7680961089120268,0.6312306626164005,686,352,4781,2406,4,0,20,4,4,0,342,145,0,0,0,0,4,0,0.0,1.0,2952
Ryan Davies,Aditya Mehta,7,1018,1275,0.19117161406779293,0.34468162982610484,7,4,34,17,291,139,2007,983,14,4,34,17,0,0,264,121,4,2,0.0,0.6666666666666666,2952
Matthew Couch,Zhang Yong,7,1084,1228,0.31128429594529594,0.41095956594133487,521,293,3966,2079,123,53,740,321,0,0,21,8,0,0,404,185,4,3,0.0,0.5714285714285714,2952
Michael Collumb,Ka Lam Lau,7,1077,1000,0.6039885915613215,0.5479769376367963,69,29,376,183,0,0,0,0,5,1,75,34,0,0,0,0,4,2,0.0,0.6666666666666666,2952
Billy Joe Castle,James Silverwood,7,1167,990,0.7271505015076656,0.6088545692109504,75,32,458,207,81,25,432,176,76,30,374,160,0,0,60,30,4,1,0.0,0.8,2952
Shane Castle,Stephen Groves,7,1087,896,0.7426684543010009,0.6171573626529722,72,32,425,203,27,7,140,49,5,1,66,37,0,0,18,7,4,3,0.0,0.5714285714285714,2952
Ross Bulman,Lewis Gillen,7,1014,977,0.5504420624351876,0.523108525489089,11,3,61,23,12,4,63,27,37,11,61,23,0,0,8,0,4,0,0.0,1.0,2952
Danny Brindle,Mark Ganderton,7,889,771,0.6567774862994666,0.5732197726798348,19,2,101,29,77,18,529,187,0,0,22,8,0,0,14,2,4,3,0.0,0.5714285714285714,2952
Kayden Brierley,Garry Coulson,7,1000,996,0.5054685677142574,0.5024999791668749,0,0,0,0,1,0,7,3,0,0,0,0,0,0,0,0,4,2,0.0,0.6666666666666666,2952
Alex Borg,Joshua Thomond,7,1023,1002,0.5286845829371267,0.5131219861822433,389,159,2739,1224,27,12,147,70,45,7,246,77,0,0,87,41,4,2,0.0,0.6666666666666666,2952
Richard Binns,Lewis Parnham,7,970,1000,0.4590611389260606,0.4812587841214648,3,0,16,4,0,0,0,0,0,0,0,0,0,0,0,0,4,0,0.0,1.0,2952
Jamie Barrett,Alex Millington,7,1021,987,0.5463726874746992,0.5212372149662741,93,35,534,220,3,0,20,8,0,0,216,69,0,0,20,8,4,2,0.0,0.6666666666666666,2952
Mohammed Asif,Stuart Hinton,7,1118,987,0.6729150209582897,0.5811509642893937,18,5,140,64,25,13,175,92,0,0,0,0,0,0,0,0,4,0,0.0,1.0,2952
Owais Ali,Sean O'Sullivan,7,957,1114,0.2958451289488597,0.40311562174023297,6,1,25,5,216,85,1353,608,0,0,16,4,0,0,303,114,4,2,0.0,0.6666666666666666,2952
Hamza Akbar,Barry Lee,7,1048,977,0.5960612197256479,0.5442588584178731,53,10,341,114,5,1,27,10,5,1,194,63,0,0,0,0,4,1,0.0,0.8,2952
Guan Zhen,Lee Richardson,7,1086,994,0.6236008848905433,0.5572478545985555,29,16,157,82,277,131,2081,1017,0,0,0,0,0,0,0,0,4,0,0.0,1.0,2952
Long Zehuang,Adrian Rosa,7,992,1181,0.25951818668021626,0.3840246980818742,16,6,87,34,279,154,2172,1116,13,3,50,23,0,0,41,23,4,3,0.0,0.5714285714285714,2952
Qingtian Yang,Dylan Emery,7,997,1031,0.45362731252530075,0.4787627850337259,1,0,6,2,11,6,60,31,6,2,6,2,0,0,60,31,4,1,0.0,0.8,2952
Fang Xiongman,Andrew Doherty,7,1213,1006,0.7597891374076362,0.6265629971237182,94,43,574,268,2,1,9,5,0,0,316,145,0,0,0,0,4,0,0.0,1.0,2952
Patrick Whelan,Adam Duffy,7,1040,1260,0.22679952149986343,0.36586440898919936,25,10,127,64,357,178,2273,1152,0,0,93,54,0,0,339,149,4,3,0.0,0.5714285714285714,2952
Lucky Vatnani,Neal Jones,7,1013,1004,0.5123026114255715,0.5056247627073255,80,30,449,193,140,64,955,452,0,0,53,25,0,0,9,1,4,1,0.0,0.8,2952
Alexander Ursenbacher,Sydney Wilson,7,1258,1122,0.6790334655716898,0.5841905229354074,136,58,853,388,184,67,1098,486,99,45,423,193,0,0,119,58,4,0,0.0,1.0,2952
Ryan Thomerson,Lee Stephens,7,989,986,0.5041014855971089,0.5018749912109869,17,3,114,43,3,0,18,6,0,0,34,12,0,0,0,0,4,3,0.0,0.5714285714285714,2952
Allan Taylor,Lukas Kleckers,7,1204,1138,0.589422689021118,0.541156668150228,315,146,1880,907,83,31,508,220,10,5,389,174,18,9,262,104,4,3,0.0,0.5714285714285714,2952
Alex Taubman,Rodion Judin,7,1099,953,0.691115079332653,0.5902502519301834,166,74,901,413,12,3,74,22,0,0,78,40,5,1,19,7,4,2,0.0,0.6666666666666666,2952
Zak Surety,Daniel Womersley,7,1124,1017,0.6428793213307702,0.5664790559676278,130,58,761,358,30,11,173,74,0,0,58,27,0,0,74,31,4,3,0.0,0.5714285714285714,2952
Fergal Quinn,Yu Kiu Chang,7,983,990,0.4904306643721704,0.4956251116502266,1,0,4,0,1,0,4,0,0,0,4,0,0,0,0,0,4,1,0.0,0.8,2952
Barry Pinches,Leo Fernandez,7,1207,1134,0.5987085312450529,0.5454987872127821,753,387,5813,3010,429,253,3232,1721,61,20,196,102,0,0,132,48,4,3,0.0,0.5714285714285714,2952
Geng Mingqi,Jake Nicholson,7,1067,1058,0.5123026114255715,0.5056247627073255,22,11,129,67,97,35,507,217,0,0,81,48,0,0,85,51,4,1,0.0,0.8,2952
Andy Marriott,Felix Frede,7,924,974,0.43199486323846364,0.46879062662624377,25,5,146,55,37,15,192,85,0,0,21,9,0,0,73,30,4,2,0.0,0.6666666666666666,2952
Peter Lines,Chae Ross,7,1219,1012,0.7597891374076362,0.6265629971237182,801,424,5784,2975,13,7,71,34,52,12,451,204,5,1,71,34,4,2,0.0,0.6666666666666666,2952
Peifan Lei,Ka Wai Cheung,7,1017,995,0.5300478260158454,0.513746534902355,9,1,60,20,10,3,61,24,60,20,60,20,0,0,48,21,4,2,0.0,0.6666666666666666,2952
Christopher Keogan,Mohammed Asif,7,1135,1118,0.5232282019769063,0.5106234010049637,153,57,875,390,18,5,140,64,17,9,221,79,0,0,0,0,4,2,0.0,0.6666666666666666,2952
Keishin Kamihashi,Gary Thomson,7,969,1073,0.3609473704892455,0.4353637081969708,3,0,14,2,162,83,1163,587,0,0,10,2,7,3,22,11,4,2,0.0,0.6666666666666666,2952
Si Jiahui,Haydon Pinhey,7,1109,1031,0.6053054839891849,0.5485961085831343,15,6,88,43,15,8,91,47,82,41,82,41,0,0,62,32,4,1,0.0,0.8,2952
Robin Hull,Andreas Ploner,7,1284,1079,0.75768573294214,0.6253923497205511,540,316,4087,2218,68,31,367,174,0,0,328,149,4,0,98,46,4,0,0.0,1.0,2952
Andy Hicks,Richard Binns,7,1231,970,0.8124499949726253,0.6575736106164225,637,342,5072,2622,3,0,16,4,55,17,258,130,0,0,0,0,4,0,0.0,1.0,2952
Paul Davison,Ian Preece,7,1173,1195,0.4699521739841547,0.486253465097645,686,352,4781,2406,225,118,1619,819,4,0,342,145,19,10,234,97,4,2,0.0,0.6666666666666666,2952
Ryan Davies,Matthew Couch,7,1018,1084,0.4105773109788817,0.45884333184977194,7,4,34,17,521,293,3966,2079,14,4,34,17,0,0,21,8,4,2,0.0,0.6666666666666666,2952
Michael Collumb,Steven Hallworth,7,1077,1238,0.2911708832817938,0.40071183649164394,69,29,376,183,106,44,621,288,5,1,75,34,0,0,129,78,4,1,0.0,0.8,2952
Billy Joe Castle,Jason Tart,7,1167,980,0.7382850049697135,0.6147918694922195,75,32,458,207,16,5,84,34,76,30,374,160,0,0,17,8,4,1,0.0,0.8,2952
Shane Castle,Amir Sarkhosh,7,1087,1065,0.5300478260158454,0.513746534902355,72,32,425,203,9,3,63,28,5,1,66,37,0,0,0,0,4,3,0.0,0.5714285714285714,2952
Ross Bulman,Jamie Barrett,7,1014,1021,0.4904306643721704,0.4956251116502266,11,3,61,23,93,35,534,220,37,11,61,23,0,0,216,69,4,1,0.0,0.8,2952
Kayden Brierley,Adam Edge,7,1000,1039,0.44684812561516707,0.47564429123179275,0,0,0,0,52,21,293,137,0,0,0,0,0,0,81,41,4,2,0.0,0.6666666666666666,2952
Alex Borg,Danny Brindle,7,1023,889,0.6765921632853334,0.5829754542011996,389,159,2739,1224,19,2,101,29,45,7,246,77,0,0,22,8,4,2,0.0,0.6666666666666666,2952
Simon Blackwell,Wang Zepeng,7,1029,1115,0.3842066871290606,0.4464560968488817,11,4,59,29,42,22,236,120,0,0,35,15,0,0,50,30,4,1,0.0,0.8,2952
Hamza Akbar,Owais Ali,7,1048,957,0.622303251187688,0.5566309599222533,53,10,341,114,6,1,25,5,5,1,194,63,0,0,16,4,4,3,0.0,0.5714285714285714,2952
Long Zehuang,Keishin Kamihashi,7,992,969,0.5314106943491967,0.5143710406970602,16,6,87,34,3,0,14,2,13,3,50,23,0,0,10,2,4,0,0.0,1.0,2952
Qingtian Yang,Guan Zhen,7,997,1086,0.38029641350050397,0.44460335167941084,1,0,6,2,29,16,157,82,6,2,6,2,0,0,0,0,4,1,0.0,0.8,2952
Fang Xiongman,Robin Hull,7,1213,1284,0.4039387802743521,0.4557411415821268,94,43,574,268,540,316,4087,2218,0,0,316,145,0,0,328,149,4,2,0.0,0.6666666666666666,2952
Alexander Ursenbacher,Si Jiahui,7,1258,1109,0.6946979044907379,0.5920629281648192,136,58,853,388,15,6,88,43,99,45,423,193,82,41,82,41,4,1,0.0,0.8,2952
Ryan Thomerson,Lucky Vatnani,7,989,1013,0.4672268289773793,0.4850044983805899,17,3,114,43,80,30,449,193,0,0,34,12,0,0,53,25,4,3,0.0,0.5714285714285714,2952
Allan Taylor,Hamza Akbar,7,1204,1048,0.7029806026650167,0.5962826992967879,315,146,1880,907,53,10,341,114,10,5,389,174,5,1,194,63,4,3,0.0,0.5714285714285714,2952
Zak Surety,Ryan Davies,7,1124,1018,0.641605432096216,0.5658650028954817,130,58,761,358,7,4,34,17,0,0,58,27,14,4,34,17,4,0,0.0,1.0,2952
Fergal Quinn,Andy Marriott,7,983,924,0.5800831913605062,0.5368082899889803,1,0,4,0,25,5,146,55,0,0,4,0,0,0,21,9,4,2,0.0,0.6666666666666666,2952
Barry Pinches,Peifan Lei,7,1207,1017,0.7415764082537253,0.6165665045213193,753,387,5813,3010,9,1,60,20,61,20,196,102,60,20,60,20,4,1,0.0,0.8,2952
Peter Lines,Simon Blackwell,7,1219,1029,0.7415764082537253,0.6165665045213193,801,424,5784,2975,11,4,59,29,52,12,451,204,0,0,35,15,4,0,0.0,1.0,2952
Andy Hicks,Michael Collumb,7,1231,1077,0.7006252854909363,0.595078473866134,637,342,5072,2622,69,29,376,183,55,17,258,130,5,1,75,34,4,1,0.0,0.8,2952
Billy Joe Castle,Alex Taubman,7,1167,1099,0.5920814957526257,0.542397940774351,75,32,458,207,166,74,901,413,76,30,374,160,0,0,78,40,4,1,0.0,0.8,2952
Shane Castle,Geng Mingqi,7,1087,1067,0.5273209820427867,0.5124973964842103,72,32,425,203,22,11,129,67,5,1,66,37,0,0,81,48,4,3,0.0,0.5714285714285714,2952
Ross Bulman,Paul Davison,7,1014,1173,0.29350342132334917,0.40191313966779657,11,3,61,23,686,352,4781,2406,37,11,61,23,4,0,342,145,4,1,0.0,0.8,2952
Kayden Brierley,Christopher Keogan,7,1000,1135,0.32218616531476235,0.41641688448272474,0,0,0,0,153,57,875,390,0,0,0,0,17,9,221,79,4,0,0.0,1.0,2952
Alex Borg,Patrick Whelan,7,1023,1040,0.476771798023094,0.4893765989950364,389,159,2739,1224,25,10,127,64,45,7,246,77,0,0,93,54,4,2,0.0,0.6666666666666666,2952
Long Zehuang,Fergal Quinn,7,992,983,0.5123026114255715,0.5056247627073255,16,6,87,34,1,0,4,0,13,3,50,23,0,0,4,0,4,2,0.0,0.6666666666666666,2952
Qingtian Yang,Ross Bulman,7,997,1014,0.476771798023094,0.4893765989950364,1,0,6,2,11,3,61,23,6,2,6,2,37,11,61,23,4,0,0.0,1.0,2952
Alexander Ursenbacher,Fang Xiongman,7,1258,1213,0.5612649493584694,0.528095374408387,136,58,853,388,94,43,574,268,99,45,423,193,0,0,316,145,4,3,0.0,0.5714285714285714,2952
Barry Pinches,Shane Castle,7,1207,1087,0.6592810606298003,0.574442516811659,753,387,5813,3010,72,32,425,203,61,20,196,102,5,1,66,37,4,2,0.0,0.6666666666666666,2952
Peter Lines,Zak Surety,7,1219,1124,0.6274848196821066,0.559097471902393,801,424,5784,2975,130,58,761,358,52,12,451,204,0,0,58,27,4,0,0.0,1.0,2952
Andy Hicks,Ryan Thomerson,7,1231,989,0.794845010612041,0.6467993925579857,637,342,5072,2622,17,3,114,43,55,17,258,130,0,0,34,12,4,2,0.0,0.6666666666666666,2952
Billy Joe Castle,Kayden Brierley,7,1167,1000,0.7157709624772323,0.6028848673274662,75,32,458,207,0,0,0,0,76,30,374,160,0,0,0,0,4,3,0.0,0.5714285714285714,2952
Alex Borg,Allan Taylor,7,1023,1204,0.2683658456228286,0.3887665333241305,389,159,2739,1224,315,146,1880,907,45,7,246,77,10,5,389,174,4,3,0.0,0.5714285714285714,2952
Alexander Ursenbacher,Peter Lines,7,1258,1219,0.5531518743848329,0.5243557087682073,136,58,853,388,801,424,5784,2975,99,45,423,193,52,12,451,204,4,3,0.0,0.5714285714285714,2952
Barry Pinches,Long Zehuang,7,1207,992,0.7680961089120268,0.6312306626164005,753,387,5813,3010,16,6,87,34,61,20,196,102,13,3,50,23,4,3,0.0,0.5714285714285714,2952
Andy Hicks,Qingtian Yang,7,1231,997,0.7871292414209698,0.6422170929574377,637,342,5072,2622,1,0,6,2,55,17,258,130,6,2,6,2,4,0,0.0,1.0,2952
Alex Borg,Billy Joe Castle,7,1023,1167,0.31128429594529594,0.41095956594133487,389,159,2739,1224,75,32,458,207,45,7,246,77,76,30,374,160,4,1,0.0,0.8,2952
Chen Zifan,Brandon Hall,7,1144,981,0.7111524094404451,0.6004882745269664,94,40,550,240,10,4,50,19,67,25,338,142,4,0,50,19,4,1,0.0,0.8,2948
Guan Zhen,Bash Maqsood,7,1109,930,0.7293972619311108,0.610044672404527,33,19,175,95,28,7,154,58,18,13,18,13,6,2,47,18,4,1,0.0,0.8,2948
Long Zehuang,Lucky Vatnani,7,1052,1047,0.5068355814796678,0.5031249593105316,22,11,122,57,84,33,470,208,48,26,85,46,21,15,74,40,4,2,0.0,0.6666666666666666,2948
Qingtian Yang,Raymond Fry,7,1042,988,0.573382262278332,0.5336988354329009,7,5,36,22,18,6,99,44,36,22,36,22,12,7,17,8,4,1,0.0,0.8,2948
Qiu Yalong,Billy Ginn,7,976,933,0.5585634499391967,0.5268491486891144,9,3,47,19,7,1,32,7,4,0,4,0,4,0,32,7,4,0,0.0,1.0,2948
Fang Xiongman,James Silverwood,7,1241,998,0.7957969165005263,0.647370307581549,99,47,602,287,83,26,441,181,28,19,344,164,9,5,69,35,4,0,0.0,1.0,2948
Daniel Womersley,Marvin Morgan,7,1038,990,0.5653114683109788,0.5299640517645717,33,13,190,85,1,0,5,1,17,11,91,42,5,1,5,1,4,3,0.0,0.5714285714285714,2948
Sydney Wilson,Hrithik Jain,7,1118,995,0.6630224339222315,0.5762749224932653,187,69,1114,494,6,2,30,12,16,8,135,66,5,1,5,1,4,1,0.0,0.8,2948
John Welsh,Tyler Rees,7,1007,988,0.5259570402770714,0.5118727677562528,53,21,320,152,23,9,136,54,7,3,7,3,11,5,104,46,4,2,0.0,0.6666666666666666,2948
Ka Wai Cheung,Steven Evans,7,1016,997,0.5259570402770714,0.5118727677562528,13,5,77,34,66,35,456,233,16,10,64,31,0,0,15,3,4,0,0.0,1.0,2948
Alexander Ursenbacher,Yu Kiu Chang,7,1299,990,0.8523649112589072,0.6840614456522569,142,64,886,412,4,2,22,9,132,69,456,217,18,9,18,9,4,2,0.0,0.6666666666666666,2948
Wayne Townsend,Tomasz Skalski,7,970,1048,0.3946945160108152,0.4514038914168657,41,18,261,122,52,22,288,134,4,0,45,14,6,2,13,5,4,3,0.0,0.5714285714285714,2948
Gary Thomson,Haider Ali,7,1080,958,0.661777191191235,0.5756643510425494,165,85,1178,597,4,0,21,5,22,13,37,21,6,2,21,5,4,2,0.0,0.6666666666666666,2948
Ryan Thomerson,Daniel Williams,7,1010,988,0.5300478260158454,0.513746534902355,21,6,139,57,4,1,20,8,25,14,59,26,7,3,20,8,4,2,0.0,0.6666666666666666,2948
Zak Surety,Jenson Kendrick,7,1139,944,0.7470110120975012,0.6195173196470847,135,62,787,374,10,1,56,19,26,16,84,43,6,2,50,17,4,0,0.0,1.0,2948
Luke Simmonds,Garry Coulson,7,1197,988,0.7618819203066071,0.6277321638605189,138,75,911,472,2,0,13,5,6,2,168,90,6,2,6,2,4,0,0.0,1.0,2948
Lin Shuai,Wang Zepeng,7,1078,1107,0.46042091137016095,0.4818829349568186,37,17,220,102,45,24,253,129,7,3,7,3,17,9,67,39,4,3,0.0,0.5714285714285714,2948
Amir Sarkhosh,William Thomson,7,1081,946,0.6778138346852377,0.5835831155172753,12,5,80,39,8,2,36,11,17,11,17,11,5,1,27,10,4,0,0.0,1.0,2948
Chae Ross,Ben Hancorn,7,1025,1064,0.44684812561516707,0.47564429123179275,15,8,81,40,32,15,200,100,15,7,81,40,10,6,60,35,4,2,0.0,0.6666666666666666,2948
Lee Richardson,James Welch,7,997,948,0.5666587144886649,0.530586760182081,280,133,2096,1025,4,0,17,1,15,8,15,8,4,0,17,1,4,2,0.0,0.6666666666666666,2948
Laxman Rawat,Jed Mann,7,1045,970,0.6013510291923431,0.5467381519846138,16,7,92,43,5,1,28,9,6,2,49,24,7,3,28,9,4,1,0.0,0.8,2948
Fergal Quinn,Michael Wild,7,1018,1172,0.29937471450906367,0.40492152613386595,6,4,31,18,317,165,1937,1022,27,18,31,18,7,3,145,71,4,3,0.0,0.5714285714285714,2948
George Pragnall,Stephen Kershaw,7,1080,992,0.6184015843393024,0.5547792351072148,54,26,309,147,190,81,1362,647,4,0,122,60,6,2,42,19,4,2,0.0,0.6666666666666666,2948
Andreas Ploner,Lee Stephens,7,1085,992,0.6248970337106214,0.5578645727207344,71,33,383,182,5,1,30,13,20,8,114,54,12,7,12,7,4,1,0.0,0.8,2948
Luke Pinches,Kreishh Gurbaxani,7,974,1012,0.44820271004203943,0.4762678458734389,11,4,61,24,2,1,12,7,11,4,49,19,12,7,12,7,4,2,0.0,0.6666666666666666,2948
Manasawin Phetmalaikul,Jason Tart,7,955,984,0.46042091137016095,0.4818829349568186,14,4,77,30,18,6,94,39,7,3,50,19,10,5,27,13,4,1,0.0,0.8,2948
Andres Petrov,Brian Ochoiski,7,1031,1018,0.5177671819164105,0.5081242849062608,20,9,113,53,14,7,80,40,15,7,72,30,12,6,80,40,4,1,0.0,0.8,2948
Fraser Patrick,Sean Maddocks,7,1120,992,0.6692199309586204,0.5793242521487495,212,85,1383,624,10,5,56,26,42,8,184,77,5,1,56,26,4,1,0.0,0.8,2948
Andrew Pagett,Tugba Irten,7,1156,966,0.7415764082537253,0.6165665045213193,260,117,1704,820,19,8,110,47,15,5,66,37,7,3,38,12,4,1,0.0,0.8,2948
Ng On Yee,Heikki Niva,7,977,1049,0.40261453047341306,0.45512110762641994,27,10,175,70,16,8,88,48,27,8,119,46,11,5,88,48,4,2,0.0,0.6666666666666666,2948
Sean O'Sullivan,Zhang Yong,7,1102,1222,0.34071893937019965,0.425557483188341,217,85,1359,610,125,54,753,328,6,2,309,116,13,7,417,192,4,1,0.0,0.8,2948
Florian Nüßle,Kuldesh Johal,7,1003,1168,0.286533617594737,0.3983128198171432,8,3,37,17,221,125,1445,771,11,3,37,17,5,1,118,65,4,2,0.0,0.6666666666666666,2948
Dave Nelson,Barry Lee,7,961,977,0.4781366606027012,0.4900013331200346,5,1,24,6,7,2,38,15,6,2,24,6,11,5,11,5,4,2,0.0,0.6666666666666666,2948
Ross Muir,Keith Keldie,7,1200,922,0.8273350387178837,0.6670782770956253,172,63,1135,499,15,3,85,28,7,3,344,145,4,0,43,13,4,1,0.0,0.8,2948
Alex Millington,Constantin Mateescu,7,981,954,0.536858082179779,0.5168685956913849,5,1,33,14,5,1,21,4,13,6,33,14,9,4,21,4,4,0,0.0,1.0,2948
Aditya Mehta,Sam Gates,7,1267,990,0.8264821963228286,0.6665228332551123,293,140,2019,989,1,0,5,1,12,6,276,127,5,1,5,1,4,1,0.0,0.8,2948
Rory McLeod,Alex Borg,7,1181,1079,0.6364932182719292,0.5634067862621936,589,315,4400,2255,395,165,2774,1248,7,3,472,209,80,31,281,101,4,0,0.0,1.0,2948
Jamie McArdle,Matthew Roberts,7,995,951,0.5599145707304132,0.5274723043445937,12,4,66,31,14,5,75,29,5,1,50,23,13,6,75,29,4,1,0.0,0.8,2948
Callum Lloyd,Zsolt Fenyvesi,7,972,983,0.48496472766542054,0.4931254332354657,32,10,168,71,2,0,12,4,10,5,44,23,7,3,12,4,4,1,0.0,0.8,2948
Peter Lines,Shubham Arora,7,1247,986,0.8124499949726253,0.6575736106164225,806,428,5811,2994,1,0,4,0,79,31,478,223,4,0,4,0,4,1,0.0,0.8,2948
Peifan Lei,Joe Delaney,7,1029,1205,0.2739765592815067,0.3917409692534856,12,3,76,29,396,206,3176,1607,76,29,76,29,0,0,0,0,4,1,0.0,0.8,2948
Daegyu Lee,Sean McAllister,7,1037,965,0.5973854695265872,0.5448788923735801,9,5,48,28,4,0,22,6,5,1,48,28,4,0,22,6,4,3,0.0,0.5714285714285714,2948
Christopher Keogan,James Burrett,7,1130,826,0.8485117931807986,0.6813537337890256,157,60,898,402,38,8,194,59,40,21,244,91,7,3,40,13,4,1,0.0,0.8,2948
Keishin Kamihashi,Adrian Rosa,7,990,1181,0.257331545698999,0.38284263734702784,7,3,33,14,282,156,2190,1127,19,12,29,14,18,11,59,34,4,3,0.0,0.5714285714285714,2948
Ivan Kakovskii,Geng Mingqi,7,993,1094,0.3647889315421975,0.43720825986135486,7,2,51,18,26,14,151,82,7,3,7,3,22,15,103,63,4,3,0.0,0.5714285714285714,2948
Pang Junxu,Chen Zhe,7,978,1154,0.2739765592815067,0.3917409692534856,14,3,80,28,216,101,1332,640,28,11,28,11,6,2,246,99,4,1,0.0,0.8,2948
Rodion Judin,Josh Boileau,7,976,1073,0.3699335043548132,0.4396703573114467,15,5,90,32,91,35,528,228,21,11,35,17,5,1,189,65,4,3,0.0,0.5714285714285714,2948
Si Jiahui,Patrick Whelan,7,1126,1053,0.5987085312450529,0.5454987872127821,19,9,109,56,28,12,146,74,103,54,103,54,19,10,112,64,4,0,0.0,1.0,2948
Robin Hull,Ronan Whyte,7,1298,968,0.8677841579315165,0.6952966693475653,544,319,4107,2232,5,1,23,6,20,14,348,163,4,0,23,6,4,0,0.0,1.0,2948
Ashley Hugill,Lewis Ullah,7,1191,975,0.7691223962231968,0.6318124177361016,123,56,698,329,4,0,24,8,10,6,294,130,7,3,24,8,4,2,0.0,0.6666666666666666,2948
Chau Hon Man,Sergey Isaenko,7,970,968,0.5027343522137269,0.5012499973958399,8,1,52,16,14,5,71,28,6,2,6,2,4,0,48,20,4,2,0.0,0.6666666666666666,2948
Aaron Hill,Levi Meiller,7,986,911,0.6013510291923431,0.5467381519846138,1,0,4,0,7,0,44,5,4,0,4,0,7,3,7,3,4,0,0.0,1.0,2948
Andy Hicks,Sanderson Lam,7,1266,1083,0.7338611162888773,0.6124209393479161,642,347,5097,2642,159,59,965,412,80,37,283,150,5,1,313,118,4,3,0.0,0.5714285714285714,2948
Louis Heathcote,Ian Desmier,7,1174,992,0.732748880507422,0.6118273690017371,57,25,333,161,2,1,10,4,98,47,188,99,10,4,10,4,4,0,0.0,1.0,2948
Jack Harris,Andy Milliard,7,990,991,0.4986328153483015,0.4993750003255206,1,0,5,1,9,3,54,24,5,1,5,1,6,2,54,24,4,1,0.0,0.8,2948
Steven Hallworth,Darren Burns,7,1229,926,0.847732715071801,0.6808107108156386,109,46,639,297,23,7,121,44,18,9,147,87,4,0,28,4,4,1,0.0,0.8,2948
Aman Goel,Elliott Weston,7,984,988,0.4945314322857424,0.49750002083312506,1,0,4,0,1,0,5,1,4,0,4,0,5,1,5,1,4,2,0.0,0.6666666666666666,2948
Matthew Glasby,Yasir Nadeem,7,943,966,0.46858930565080326,0.4856289593029398,50,19,266,113,3,0,13,1,4,0,91,42,5,1,5,1,4,2,0.0,0.6666666666666666,2948
Lewis Gillen,Liu Jiaming,7,972,1012,0.44549420086403224,0.47502081252106,14,5,73,31,20,7,113,50,10,4,18,4,11,5,48,26,4,1,0.0,0.8,2948
Surinder Gill,Gary Challis,7,1068,948,0.6592810606298003,0.574442516811659,197,99,1595,802,14,4,71,27,6,2,6,2,4,0,50,19,4,0,0.0,1.0,2948
Felix Frede,Danny Brindle,7,975,896,0.6066210971235376,0.5492151291013335,40,17,211,95,22,4,120,39,19,10,92,40,19,10,41,18,4,3,0.0,0.5714285714285714,2948
Dave Finbow,Harry Farrell,7,1177,991,0.7371828058525272,0.6141996427768951,303,166,2419,1241,1,0,5,1,6,2,6,2,5,1,5,1,4,3,0.0,0.5714285714285714,2948
Leo Fernandez,Stuart Hinton,7,1152,974,0.728275111254584,0.6094497836283252,432,255,3249,1732,26,13,179,92,17,11,149,59,4,0,4,0,4,2,0.0,0.6666666666666666,2948
Reanne Evans,Neal Jones,7,1058,1009,0.5666587144886649,0.530586760182081,148,54,843,354,142,65,964,457,30,7,153,64,9,5,18,6,4,3,0.0,0.5714285714285714,2948
Dylan Emery,Wu Yize,7,1023,1036,0.48223281808358937,0.4918757150937391,13,7,71,36,9,1,66,24,11,5,71,36,66,24,66,24,4,2,0.0,0.6666666666666666,2948
Adam Duffy,Aaron Busuttil,7,1260,1031,0.7822166026963269,0.6393398367530659,360,180,2291,1163,16,9,83,43,18,11,357,160,11,6,42,21,4,1,0.0,0.8,2948
Callum Downing,Mark Ganderton,7,1060,771,0.8365285845595485,0.6731572963701318,38,18,208,101,78,18,536,190,11,6,11,6,7,3,21,5,4,0,0.0,1.0,2948
Andrew Doherty,Robin Otto,7,1022,949,0.5987085312450529,0.5454987872127821,5,3,22,13,27,11,138,59,13,8,13,8,4,0,38,15,4,1,0.0,0.8,2948
Himanshu Dinesh Jain,Adam Edge,7,1018,1051,0.45498494612477275,0.47938669028555136,9,5,50,25,55,23,309,147,6,2,50,25,16,10,97,51,4,1,0.0,0.8,2948
Paul Davison,Rebecca Kenna,7,1189,984,0.75768573294214,0.6253923497205511,690,355,4800,2419,1,0,4,0,23,13,361,158,4,0,4,0,4,0,0.0,1.0,2948
Matthew Couch,Thomas Hilborne,7,1093,946,0.692311529960642,0.5908547524545943,524,295,3984,2089,5,0,24,4,18,10,39,18,4,0,4,0,4,1,0.0,0.8,2948
Michael Collumb,Nezar Asseri,7,1100,988,0.6492231123314619,0.569546223939229,73,32,397,196,1,0,5,1,26,14,96,47,5,1,5,1,4,1,0.0,0.8,2948
Brian Cini,Haydon Pinhey,7,1122,1039,0.611870456908998,0.5516896693427,49,25,259,140,18,10,108,56,7,3,80,44,17,9,79,41,4,3,0.0,0.5714285714285714,2948
Au Chi Wai,Mohammed Asif,7,1020,1137,0.34447706088090824,0.42739193613673987,31,12,182,73,21,7,154,74,5,1,5,1,14,10,14,10,4,3,0.0,0.5714285714285714,2948
Billy Joe Castle,Umut Dikme,7,1177,1054,0.6630224339222315,0.5762749224932653,80,36,485,224,15,8,78,42,103,47,401,177,6,2,78,42,4,1,0.0,0.8,2948
Shane Castle,Jake Nicholson,7,1102,1075,0.536858082179779,0.5168685956913849,77,36,456,221,100,37,521,226,36,19,97,55,14,9,99,60,4,2,0.0,0.6666666666666666,2948
Paul Burrell,Jamie Trump,7,886,948,0.41590794122337116,0.46132739479349205,24,5,146,51,4,0,18,2,5,1,46,17,6,2,18,2,4,0,0.0,1.0,2948
Oliver Brown,Stuart Watson,7,1189,893,0.8422000503552975,0.676995856238523,190,87,1028,493,47,10,255,94,5,1,129,70,11,7,43,24,4,1,0.0,0.8,2948
Jack Bradford,Shehzad Iqbal,7,965,973,0.48906395814377107,0.4950001666600003,51,16,272,110,11,3,59,24,7,3,72,38,11,6,44,21,4,1,0.0,0.8,2948
Simon Blackwell,Joshua Cooper,7,1047,999,0.5653114683109788,0.5299640517645717,14,6,72,37,34,14,178,81,13,8,48,23,10,6,74,36,4,2,0.0,0.6666666666666666,2948
Richard Binns,Leonard Degriffa,7,976,995,0.47404295972292854,0.4881272322437472,5,1,24,8,1,0,6,2,8,4,8,4,6,2,6,2,4,1,0.0,0.8,2948
Simon Bedford,Kayden Brierley,7,1239,1040,0.7513122476997512,0.6218716423074662,437,254,3311,1784,5,4,30,19,6,2,111,66,30,19,30,19,4,1,0.0,0.8,2948
Mateusz Baranowski,Simon Dent,7,1036,984,0.5706954446194282,0.5324543063873187,43,20,236,112,41,17,214,98,10,4,76,36,10,4,86,38,4,1,0.0,0.8,2948
Omar Alajlani,Barry Pinches,7,969,1236,0.18220267472734858,0.33905685844083716,6,2,29,10,759,393,5848,3034,4,0,29,10,96,44,231,126,4,2,0.0,0.6666666666666666,2948
Hamza Akbar,Imran Puri,7,1062,661,0.9111514783284038,0.7315498244408544,56,12,360,125,65,9,320,73,24,12,213,74,5,1,47,18,4,0,0.0,1.0,2948
Farakh Ajaib,Tony Corrigan,7,1050,969,0.6092484254460553,0.5504527113395278,51,24,289,138,12,3,64,25,4,0,99,45,7,3,21,5,4,1,0.0,0.8,2948
Chen Zifan,Owais Ali,7,1144,981,0.7111524094404451,0.6004882745269664,94,40,550,240,9,3,45,16,67,25,338,142,20,11,36,15,4,0,0.0,1.0,2948
Guan Zhen,Fang Xiongman,7,1109,1241,0.32585725514792674,0.4182406231581638,33,19,175,95,99,47,602,287,18,13,18,13,28,19,344,164,4,3,0.0,0.5714285714285714,2948
Long Zehuang,Luis Vetter,7,1052,1003,0.5666587144886649,0.530586760182081,22,11,122,57,4,1,22,10,48,26,85,46,4,0,22,10,4,0,0.0,1.0,2948
Dean Young,Ross Bulman,7,997,1041,0.44008542926958705,0.47252769565540637,2,1,13,6,15,6,79,35,13,6,13,6,55,23,79,35,4,2,0.0,0.6666666666666666,2948
Qingtian Yang,Paul Burrell,7,1042,886,0.7029806026650167,0.5962826992967879,7,5,36,22,24,5,146,51,36,22,36,22,5,1,46,17,4,0,0.0,1.0,2948
Qiu Yalong,Digvijay Kadian,7,976,989,0.48223281808358937,0.4918757150937391,9,3,47,19,1,0,6,2,4,0,4,0,6,2,6,2,4,3,0.0,0.5714285714285714,2948
Daniel Womersley,Jack Harris,7,1038,990,0.5653114683109788,0.5299640517645717,33,13,190,85,1,0,5,1,17,11,91,42,5,1,5,1,4,0,0.0,1.0,2948
Sydney Wilson,Kengo Suzuki,7,1118,987,0.6729150209582897,0.5811509642893937,187,69,1114,494,1,0,5,1,16,8,135,66,5,1,5,1,4,1,0.0,0.8,2948
John Welsh,Abdul Raheem,7,1007,987,0.5273209820427867,0.5124973964842103,53,21,320,152,1,0,4,0,7,3,7,3,4,0,4,0,4,2,0.0,0.6666666666666666,2948
Ka Wai Cheung,Ahmed Elsayed,7,1016,966,0.5680051367615364,0.5312093733737563,13,5,77,34,4,0,19,3,16,10,64,31,4,0,19,3,4,0,0.0,1.0,2948
Mark Vincent,Andres Petrov,7,884,1031,0.30768847003935823,0.4091452475454058,50,15,256,97,20,9,113,53,4,0,67,27,15,7,72,30,4,0,0.0,1.0,2948
Allan Taylor,Paul Davison,7,1217,1189,0.5382188233953898,0.5174928576663897,320,150,1909,926,690,355,4800,2419,39,24,418,193,23,13,361,158,4,3,0.0,0.5714285714285714,2948
Lin Shuai,Ryan Thomerson,7,1078,1010,0.5920814957526257,0.542397940774351,37,17,220,102,21,6,139,57,7,3,7,3,25,14,59,26,4,2,0.0,0.6666666666666666,2948
Amir Sarkhosh,Ian Brumby,7,1081,1101,0.4726790179572131,0.4875026035157896,12,5,80,39,411,211,2993,1514,17,11,17,11,6,2,28,14,4,0,0.0,1.0,2948
Chae Ross,Fergal Quinn,7,1025,1018,0.5095693356278297,0.5043748883497735,15,8,81,40,6,4,31,18,15,7,81,40,27,18,31,18,4,3,0.0,0.5714285714285714,2948
Lee Richardson,Robbie Mcguigan,7,997,980,0.5232282019769063,0.5106234010049637,280,133,2096,1025,2,0,9,1,15,8,15,8,9,1,9,1,4,1,0.0,0.8,2948
Laxman Rawat,Steven Hallworth,7,1045,1229,0.2650291458891245,0.38698582386066455,16,7,92,43,109,46,639,297,6,2,49,24,18,9,147,87,4,1,0.0,0.8,2948
Ian Preece,Ashley Hugill,7,1199,1191,0.510936041856229,0.5049998333399998,228,120,1637,829,123,56,698,329,37,20,252,107,10,6,294,130,4,2,0.0,0.6666666666666666,2948
George Pragnall,Hamza Akbar,7,1080,1062,0.5245927745980452,0.5112481019468548,54,26,309,147,56,12,360,125,4,0,122,60,24,12,213,74,4,0,0.0,1.0,2948
Andreas Ploner,Luke Simmonds,7,1085,1197,0.35077688766853815,0.43045377606077095,71,33,383,182,138,75,911,472,20,8,114,54,6,2,168,90,4,0,0.0,1.0,2948
Luke Pinches,Daniel Walker,7,974,949,0.534135239137421,0.5156199157230156,11,4,61,24,4,0,19,3,11,4,49,19,5,1,19,3,4,0,0.0,1.0,2948
Fraser Patrick,Craig Farrar,7,1120,992,0.6692199309586204,0.5793242521487495,212,85,1383,624,1,0,6,2,42,8,184,77,6,2,6,2,4,0,0.0,1.0,2948
Riley Parsons,Alexander Ursenbacher,7,991,1299,0.1484000824031716,0.31647910626368436,8,0,54,16,142,64,886,412,54,16,54,16,132,69,456,217,4,3,0.0,0.5714285714285714,2948
Andrew Pagett,Saqib Nasir,7,1156,1107,0.5666587144886649,0.530586760182081,260,117,1704,820,99,49,543,285,15,5,66,37,5,1,94,50,4,2,0.0,0.6666666666666666,2948
Ng On Yee,Aman Goel,7,977,984,0.4904306643721704,0.4956251116502266,27,10,175,70,1,0,4,0,27,8,119,46,4,0,4,0,4,2,0.0,0.6666666666666666,2948
Sean O'Sullivan,Matthew Couch,7,1102,1093,0.5123026114255715,0.5056247627073255,217,85,1359,610,524,295,3984,2089,6,2,309,116,18,10,39,18,4,2,0.0,0.6666666666666666,2948
Florian Nüßle,Chris Totten,7,1003,1013,0.4863309727288301,0.49375032550048964,8,3,37,17,46,10,287,97,11,3,37,17,5,1,236,76,4,3,0.0,0.5714285714285714,2948
Dave Nelson,Stephen Groves,7,961,899,0.5840920587766287,0.538672605206508,5,1,24,6,28,7,147,52,6,2,24,6,7,3,25,10,4,2,0.0,0.6666666666666666,2948
Alex Millington,James Lee,7,981,1001,0.4726790179572131,0.4875026035157896,5,1,33,14,1,0,7,3,13,6,33,14,7,3,7,3,4,1,0.0,0.8,2948
Aditya Mehta,Alex Taubman,7,1267,1109,0.7053268662779104,0.5974857658270161,293,140,2019,989,170,77,923,426,12,6,276,127,22,13,100,53,4,0,0.0,1.0,2948
Rory McLeod,Wayne Townsend,7,1181,970,0.7639640378992283,0.6288998381516232,589,315,4400,2255,41,18,261,122,7,3,472,209,4,0,45,14,4,0,0.0,1.0,2948
Jamie McArdle,Richard Binns,7,995,976,0.5259570402770714,0.5118727677562528,12,4,66,31,5,1,24,8,5,1,50,23,8,4,8,4,4,1,0.0,0.8,2948
Andy Marriott,Ivan Kakovskii,7,943,993,0.43199486323846364,0.46879062662624377,28,7,163,65,7,2,51,18,17,10,38,19,7,3,7,3,4,1,0.0,0.8,2948
Callum Lloyd,Fung Kwok Wai,7,972,1061,0.38029641350050397,0.44460335167941084,32,10,168,71,21,9,138,66,10,5,44,23,6,2,6,2,4,2,0.0,0.6666666666666666,2948
Peter Lines,Manasawin Phetmalaikul,7,1247,955,0.8389762354745806,0.6748052725823135,806,428,5811,2994,14,4,77,30,79,31,478,223,7,3,50,19,4,0,0.0,1.0,2948
Peifan Lei,Jeff Cundy,7,1029,1126,0.3699335043548132,0.4396703573114467,12,3,76,29,531,281,3695,1914,76,29,76,29,10,5,98,50,4,2,0.0,0.6666666666666666,2948
Daegyu Lee,Tom Pendlebury,7,1037,989,0.5653114683109788,0.5299640517645717,9,5,48,28,1,0,4,0,5,1,48,28,4,0,4,0,4,1,0.0,0.8,2948
Noel Landers,Ben Mertens,7,989,1004,0.47950179614537025,0.4906260984783392,1,0,5,1,9,4,44,19,5,1,5,1,16,5,40,19,4,2,0.0,0.6666666666666666,2948
Lukas Kleckers,Dylan Emery,7,1152,1023,0.6704536022204194,0.5799334001885058,86,33,526,231,13,7,71,36,36,20,280,115,11,5,71,36,4,1,0.0,0.8,2948
Christopher Keogan,Rodion Judin,7,1130,976,0.7006252854909363,0.595078473866134,157,60,898,402,15,5,90,32,40,21,244,91,21,11,35,17,4,2,0.0,0.6666666666666666,2948
Keishin Kamihashi,Aaron Hill,7,990,986,0.5054685677142574,0.5024999791668749,7,3,33,14,1,0,4,0,19,12,29,14,4,0,4,0,4,2,0.0,0.6666666666666666,2948
Si Jiahui,Joshua Thomond,7,1126,998,0.6692199309586204,0.5793242521487495,19,9,109,56,29,13,160,76,103,54,103,54,13,6,100,47,4,1,0.0,0.8,2948
Robin Hull,Leo Fernandez,7,1298,1152,0.691115079332653,0.5902502519301834,544,319,4107,2232,432,255,3249,1732,20,14,348,163,17,11,149,59,4,2,0.0,0.6666666666666666,2948
Daniel Holoyda,James Height,7,993,935,0.578744911388209,0.5361866202317948,9,4,48,21,9,2,47,14,5,1,37,18,5,1,47,14,4,2,0.0,0.6666666666666666,2948
Andy Hicks,Ross Muir,7,1266,1200,0.589422689021118,0.541156668150228,642,347,5097,2642,172,63,1135,499,80,37,283,150,7,3,344,145,4,1,0.0,0.8,2948
Louis Heathcote,Brian Cini,7,1174,1122,0.5706954446194282,0.5324543063873187,57,25,333,161,49,25,259,140,98,47,188,99,7,3,80,44,4,1,0.0,0.8,2948
Matthew Glasby,Ka Lam Lau,7,943,995,0.42930455538057166,0.4675456936126812,50,19,266,113,1,0,6,2,4,0,91,42,6,2,6,2,4,0,0.0,1.0,2948
Surinder Gill,Lewis Parnham,7,1068,992,0.6026704349193375,0.5473576181430894,197,99,1595,802,2,1,9,4,6,2,6,2,9,4,9,4,4,0,0.0,1.0,2948
Dave Finbow,Reanne Evans,7,1177,1058,0.6580301976734948,0.5738312575916094,303,166,2419,1241,148,54,843,354,6,2,6,2,30,7,153,64,4,3,0.0,0.5714285714285714,2948
Adam Duffy,Oliver Brown,7,1260,1189,0.5960612197256479,0.5442588584178731,360,180,2291,1163,190,87,1028,493,18,11,357,160,5,1,129,70,4,1,0.0,0.8,2948
Callum Downing,Ryan Davies,7,1060,1043,0.5232282019769063,0.5106234010049637,38,18,208,101,11,7,54,29,11,6,11,6,34,16,54,29,4,2,0.0,0.6666666666666666,2948
Andrew Doherty,Tam Mustafa,7,1022,991,0.5422981239384312,0.519365308229932,5,3,22,13,57,26,321,149,13,8,13,8,4,0,27,8,4,3,0.0,0.5714285714285714,2948
Himanshu Dinesh Jain,Ben Fortey,7,1018,986,0.5436568604546561,0.5199893401555818,9,5,50,25,23,7,124,53,6,2,50,25,6,2,50,26,4,0,0.0,1.0,2948
Peter Devlin,Mateusz Baranowski,7,990,1036,0.43738543058720863,0.4712816430485603,37,15,187,83,43,20,236,112,4,0,95,51,10,4,76,36,4,3,0.0,0.5714285714285714,2948
Michael Collumb,Omar Alajlani,7,1100,969,0.6729150209582897,0.5811509642893937,73,32,397,196,6,2,29,10,26,14,96,47,4,0,29,10,4,0,0.0,1.0,2948
Au Chi Wai,Lewis Gillen,7,1020,972,0.5653114683109788,0.5299640517645717,31,12,182,73,14,5,73,31,5,1,5,1,10,4,18,4,4,1,0.0,0.8,2948
Billy Joe Castle,Gary Lees,7,1177,1034,0.6875128007198821,0.5884351201276382,80,36,485,224,264,141,1910,983,103,47,401,177,4,0,4,0,4,2,0.0,0.6666666666666666,2948
Shane Castle,Jamie Barrett,7,1102,1016,0.6157933128709394,0.5535439031511183,77,36,456,221,95,36,545,225,36,19,97,55,11,5,227,74,4,1,0.0,0.8,2948
Jack Bradford,Felix Frede,7,965,975,0.4863309727288301,0.49375032550048964,51,16,272,110,40,17,211,95,7,3,72,38,19,10,92,40,4,3,0.0,0.5714285714285714,2948
Iulian Boiko,Zak Surety,7,957,1139,0.2672511194925776,0.3881726309982629,8,1,41,11,135,62,787,374,9,1,41,11,26,16,84,43,4,2,0.0,0.6666666666666666,2948
Simon Blackwell,Lee Shanker,7,1047,882,0.7134663824052628,0.6016871801828567,14,6,72,37,38,9,197,65,13,8,48,23,5,1,40,13,4,2,0.0,0.6666666666666666,2948
Simon Bedford,Gary Thomson,7,1239,1080,0.7064965786766507,0.5980868603322034,437,254,3311,1784,165,85,1178,597,6,2,111,66,22,13,37,21,4,3,0.0,0.5714285714285714,2948
Farakh Ajaib,Chau Hon Man,7,1050,970,0.6079354159352611,0.549833997312478,51,24,289,138,8,1,52,16,4,0,99,45,6,2,6,2,4,1,0.0,0.8,2948
Chen Zifan,Lukas Kleckers,7,1144,1152,0.48906395814377107,0.4950001666600003,94,40,550,240,86,33,526,231,67,25,338,142,36,20,280,115,4,0,0.0,1.0,2948
Long Zehuang,Qingtian Yang,7,1052,1042,0.51366902727117,0.5062496744995104,22,11,122,57,7,5,36,22,48,26,85,46,36,22,36,22,4,1,0.0,0.8,2948
Dean Young,Jack Bradford,7,997,965,0.5436568604546561,0.5199893401555818,2,1,13,6,51,16,272,110,13,6,13,6,7,3,72,38,4,3,0.0,0.5714285714285714,2948
Sydney Wilson,Qiu Yalong,7,1118,976,0.6863077679270944,0.5878295384825115,187,69,1114,494,9,3,47,19,16,8,135,66,4,0,4,0,4,3,0.0,0.5714285714285714,2948
John Welsh,Lee Richardson,7,1007,997,0.51366902727117,0.5062496744995104,53,21,320,152,280,133,2096,1025,7,3,7,3,15,8,15,8,4,1,0.0,0.8,2948
Allan Taylor,Simon Bedford,7,1217,1239,0.4699521739841547,0.486253465097645,320,150,1909,926,437,254,3311,1784,39,24,418,193,6,2,111,66,4,2,0.0,0.6666666666666666,2948
Lin Shuai,Andy Marriott,7,1078,943,0.6778138346852377,0.5835831155172753,37,17,220,102,28,7,163,65,7,3,7,3,17,10,38,19,4,1,0.0,0.8,2948
Chae Ross,Daniel Holoyda,7,1025,993,0.5436568604546561,0.5199893401555818,15,8,81,40,9,4,48,21,15,7,81,40,5,1,37,18,4,1,0.0,0.8,2948
Ian Preece,Michael Collumb,7,1199,1100,0.6326419490877371,0.5615610703361955,228,120,1637,829,73,32,397,196,37,20,252,107,26,14,96,47,4,2,0.0,0.6666666666666666,2948
George Pragnall,Laxman Rawat,7,1080,1045,0.5477297445502348,0.5218610539716015,54,26,309,147,16,7,92,43,4,0,122,60,6,2,49,24,4,0,0.0,1.0,2948
Andreas Ploner,Keishin Kamihashi,7,1085,990,0.6274848196821066,0.559097471902393,71,33,383,182,7,3,33,14,20,8,114,54,19,12,29,14,4,1,0.0,0.8,2948
Fraser Patrick,Andy Hicks,7,1120,1266,0.30888492066734696,0.40974974806981657,212,85,1383,624,642,347,5097,2642,42,8,184,77,80,37,283,150,4,3,0.0,0.5714285714285714,2948
Riley Parsons,Daniel Womersley,7,991,1038,0.4360365854867152,0.47065874995421436,8,0,54,16,33,13,190,85,54,16,54,16,17,11,91,42,4,1,0.0,0.8,2948
Andrew Pagett,Mark Vincent,7,1156,884,0.8221753102072331,0.6637386974043528,260,117,1704,820,50,15,256,97,15,5,66,37,4,0,67,27,4,0,0.0,1.0,2948
Aditya Mehta,Sean O'Sullivan,7,1267,1102,0.7134663824052628,0.6016871801828567,293,140,2019,989,217,85,1359,610,12,6,276,127,6,2,309,116,4,3,0.0,0.5714285714285714,2948
Rory McLeod,Farakh Ajaib,7,1181,1050,0.6729150209582897,0.5811509642893937,589,315,4400,2255,51,24,289,138,7,3,472,209,4,0,99,45,4,0,0.0,1.0,2948
Jamie McArdle,Surinder Gill,7,995,1068,0.40129146875494726,0.45450121278721795,12,4,66,31,197,99,1595,802,5,1,50,23,6,2,6,2,4,2,0.0,0.6666666666666666,2948
Callum Lloyd,Noel Landers,7,972,989,0.476771798023094,0.4893765989950364,32,10,168,71,1,0,5,1,10,5,44,23,5,1,5,1,4,1,0.0,0.8,2948
Peter Lines,Ng On Yee,7,1247,977,0.8204326451879429,0.6626218371700825,806,428,5811,2994,27,10,175,70,79,31,478,223,27,8,119,46,4,1,0.0,0.8,2948
Peifan Lei,Alex Millington,7,1029,981,0.5653114683109788,0.5299640517645717,12,3,76,29,5,1,33,14,76,29,76,29,13,6,33,14,4,2,0.0,0.6666666666666666,2948
Christopher Keogan,Dave Finbow,7,1130,1177,0.4360365854867152,0.47065874995421436,157,60,898,402,303,166,2419,1241,40,21,244,91,6,2,6,2,4,0,0.0,1.0,2948
Si Jiahui,Peter Devlin,7,1126,990,0.6790334655716898,0.5841905229354074,19,9,109,56,37,15,187,83,103,54,103,54,4,0,95,51,4,1,0.0,0.8,2948
Louis Heathcote,Florian Nüßle,7,1174,1003,0.7203516579445735,0.6052765337748445,57,25,333,161,8,3,37,17,98,47,188,99,11,3,37,17,4,2,0.0,0.6666666666666666,2948
Matthew Glasby,Pang Junxu,7,943,978,0.4522702554497651,0.47813894602839846,50,19,266,113,14,3,80,28,4,0,91,42,28,11,28,11,4,2,0.0,0.6666666666666666,2948
Adam Duffy,Robin Hull,7,1260,1298,0.44820271004203943,0.4762678458734389,360,180,2291,1163,544,319,4107,2232,18,11,357,160,20,14,348,163,4,2,0.0,0.6666666666666666,2948
Callum Downing,Luke Pinches,7,1060,974,0.6157933128709394,0.5535439031511183,38,18,208,101,11,4,61,24,11,6,11,6,11,4,49,19,4,3,0.0,0.5714285714285714,2948
Andrew Doherty,Daegyu Lee,7,1022,1037,0.47950179614537025,0.4906260984783392,5,3,22,13,9,5,48,28,13,8,13,8,5,1,48,28,4,2,0.0,0.6666666666666666,2948
Himanshu Dinesh Jain,Ka Wai Cheung,7,1018,1016,0.5027343522137269,0.5012499973958399,9,5,50,25,13,5,77,34,6,2,50,25,16,10,64,31,4,2,0.0,0.6666666666666666,2948
Au Chi Wai,Guan Zhen,7,1020,1109,0.38029641350050397,0.44460335167941084,31,12,182,73,33,19,175,95,5,1,5,1,18,13,18,13,4,0,0.0,1.0,2948
Billy Joe Castle,Iulian Boiko,7,1177,957,0.7732004785001367,0.6341355910108007,80,36,485,224,8,1,41,11,103,47,401,177,9,1,41,11,4,3,0.0,0.5714285714285714,2948
Shane Castle,Dave Nelson,7,1102,961,0.685100616527281,0.587223690839335,77,36,456,221,5,1,24,6,36,19,97,55,6,2,24,6,4,0,0.0,1.0,2948
Simon Blackwell,Amir Sarkhosh,7,1047,1081,0.45362731252530075,0.4787627850337259,14,6,72,37,12,5,80,39,13,8,48,23,17,11,17,11,4,3,0.0,0.5714285714285714,2948
Chen Zifan,Shane Castle,7,1144,1102,0.557211603425229,0.5262259093720687,94,40,550,240,77,36,456,221,67,25,338,142,36,19,97,55,4,2,0.0,0.6666666666666666,2948
Long Zehuang,Rory McLeod,7,1052,1181,0.32954639777958084,0.4200665998114943,22,11,122,57,589,315,4400,2255,48,26,85,46,7,3,472,209,4,3,0.0,0.5714285714285714,2948
Dean Young,Matthew Glasby,7,997,943,0.573382262278332,0.5336988354329009,2,1,13,6,50,19,266,113,13,6,13,6,4,0,91,42,4,3,0.0,0.5714285714285714,2948
Sydney Wilson,Ian Preece,7,1118,1199,0.3907515745539448,0.4495472886604723,187,69,1114,494,228,120,1637,829,16,8,135,66,37,20,252,107,4,1,0.0,0.8,2948
Fraser Patrick,John Welsh,7,1120,1007,0.6504866469700167,0.5701590253818352,212,85,1383,624,53,21,320,152,42,8,184,77,7,3,7,3,4,1,0.0,0.8,2948
Riley Parsons,Chae Ross,7,991,1025,0.45362731252530075,0.4787627850337259,8,0,54,16,15,8,81,40,54,16,54,16,15,7,81,40,4,3,0.0,0.5714285714285714,2948
Andrew Pagett,George Pragnall,7,1156,1080,0.6026704349193375,0.5473576181430894,260,117,1704,820,54,26,309,147,15,5,66,37,4,0,122,60,4,2,0.0,0.6666666666666666,2948
Jamie McArdle,Callum Downing,7,995,1060,0.4119083649163239,0.4594641607262107,12,4,66,31,38,18,208,101,5,1,50,23,11,6,11,6,4,2,0.0,0.6666666666666666,2948
Callum Lloyd,Andreas Ploner,7,972,1085,0.3495133530299832,0.42984097461816473,32,10,168,71,71,33,383,182,10,5,44,23,20,8,114,54,4,0,0.0,1.0,2948
Peter Lines,Billy Joe Castle,7,1247,1177,0.5947357972115818,0.5436386872370789,806,428,5811,2994,80,36,485,224,79,31,478,223,103,47,401,177,4,3,0.0,0.5714285714285714,2948
Peifan Lei,Lin Shuai,7,1029,1078,0.433341285511335,0.469413239817919,12,3,76,29,37,17,220,102,76,29,76,29,7,3,7,3,4,3,0.0,0.5714285714285714,2948
Christopher Keogan,Allan Taylor,7,1130,1217,0.3829018450543893,0.44583834723635146,157,60,898,402,320,150,1909,926,40,21,244,91,39,24,418,193,4,2,0.0,0.6666666666666666,2948
Si Jiahui,Adam Duffy,7,1126,1260,0.3234078367146668,0.4170245457988005,19,9,109,56,360,180,2291,1163,103,54,103,54,18,11,357,160,4,1,0.0,0.8,2948
Louis Heathcote,Aditya Mehta,7,1174,1267,0.37510296628937845,0.4421354272792655,57,25,333,161,293,140,2019,989,98,47,188,99,12,6,276,127,4,2,0.0,0.6666666666666666,2948
Au Chi Wai,Andrew Doherty,7,1020,1022,0.4972656477862734,0.49875000260416025,31,12,182,73,5,3,22,13,5,1,5,1,13,8,13,8,4,2,0.0,0.6666666666666666,2948
Simon Blackwell,Himanshu Dinesh Jain,7,1047,1018,0.5395790886298393,0.5181170650431814,14,6,72,37,9,5,50,25,13,8,48,23,6,2,50,25,4,1,0.0,0.8,2948
Chen Zifan,Long Zehuang,7,1144,1052,0.6236008848905433,0.5572478545985555,94,40,550,240,22,11,122,57,67,25,338,142,48,26,85,46,4,0,0.0,1.0,2948
Sydney Wilson,Andrew Pagett,7,1118,1156,0.44820271004203943,0.4762678458734389,187,69,1114,494,260,117,1704,820,16,8,135,66,15,5,66,37,4,3,0.0,0.5714285714285714,2948
Fraser Patrick,Christopher Keogan,7,1120,1130,0.4863309727288301,0.49375032550048964,212,85,1383,624,157,60,898,402,42,8,184,77,40,21,244,91,4,1,0.0,0.8,2948
Riley Parsons,Callum Lloyd,7,991,972,0.5259570402770714,0.5118727677562528,8,0,54,16,32,10,168,71,54,16,54,16,10,5,44,23,4,2,0.0,0.6666666666666666,2948
Peter Lines,Peifan Lei,7,1247,1029,0.7711668601434363,0.6329747766804606,806,428,5811,2994,12,3,76,29,79,31,478,223,76,29,76,29,4,2,0.0,0.6666666666666666,2948
Si Jiahui,Jamie McArdle,7,1126,995,0.6729150209582897,0.5811509642893937,19,9,109,56,12,4,66,31,103,54,103,54,5,1,50,23,4,2,0.0,0.6666666666666666,2948
Louis Heathcote,Simon Blackwell,7,1174,1047,0.6679843009449487,0.578714862460134,57,25,333,161,14,6,72,37,98,47,188,99,13,8,48,23,4,1,0.0,0.8,2948
Au Chi Wai,Dean Young,7,1020,997,0.5314106943491967,0.5143710406970602,31,12,182,73,2,1,13,6,5,1,5,1,13,6,13,6,4,2,0.0,0.6666666666666666,2948
Chen Zifan,Au Chi Wai,7,1144,1020,0.6642657784879786,0.5768852611320463,94,40,550,240,31,12,182,73,67,25,338,142,5,1,5,1,4,0,0.0,1.0,2948
Fraser Patrick,Sydney Wilson,7,1120,1118,0.5027343522137269,0.5012499973958399,212,85,1383,624,187,69,1114,494,42,8,184,77,16,8,135,66,4,1,0.0,0.8,2948
Riley Parsons,Peter Lines,7,991,1247,0.1920840951325451,0.3452465393936808,8,0,54,16,806,428,5811,2994,54,16,54,16,79,31,478,223,4,3,0.0,0.5714285714285714,2948
Louis Heathcote,Si Jiahui,7,1174,1126,0.5653114683109788,0.5299640517645717,57,25,333,161,19,9,109,56,98,47,188,99,103,54,103,54,4,3,0.0,0.5714285714285714,2948
