player1,player2,best_of,player1_elo,player2_elo,elo_match_win_rate,elo_frame_win_rate,p1_matches_played,p1_matches_won,p1_frames_played,p1_frames_won,p2_matches_played,p2_matches_won,p2_frames_played,p2_frames_won,p1_frames_played_1_year,p1_frames_won_1_year,p1_frames_played_3_years,p1_frames_won_3_years,p2_frames_played_1_year,p2_frames_won_1_year,p2_frames_played_3_years,p2_frames_won_3_years,score1,score2,match_result,win_percentage
Cao Yupeng,Jiang Jun,9,1411,1044,0.9180156886314788,0.7145324397353954,341,179,2302,1187,6,2,32,17,175,98,446,242,32,17,32,17,5,0,0.0,1.0
Zhou Yuelong,Siripaporn Nuanthakhamjan,9,1384,965,0.9431194043528308,0.7402945416674501,459,272,2879,1548,3,0,23,4,245,118,808,430,23,4,23,4,5,2,0.0,0.7142857142857143
Wu Yize,Allan Taylor,9,1342,1237,0.6569871207564459,0.5652507475670999,78,37,552,278,421,194,2449,1172,151,78,404,215,101,49,336,147,5,3,0.0,0.625
Ben Woollaston,Oliver Brown,9,1412,1146,0.8453183804092873,0.660382673079216,803,454,5053,2683,259,116,1391,660,163,85,534,282,91,35,235,97,5,2,0.0,0.7142857142857143
Mark Williams,Andres Petrov,9,1611,1045,0.9822351162320474,0.8045533772735622,1751,1151,12775,7339,51,18,304,127,281,170,1112,649,79,25,167,61,5,2,0.0,0.7142857142857143
Michael White,Andrew Pagett,9,1367,1144,0.8035658834232549,0.6358738914270539,674,371,4352,2267,324,143,2067,981,133,66,524,273,133,60,280,111,5,3,0.0,0.625
Daniel Wells,Matthew Stevens,9,1377,1407,0.4539653256740722,0.4812587841214648,494,247,3225,1611,1103,638,8355,4536,147,83,381,209,160,87,516,273,5,1,0.0,0.8333333333333334
Chris Wakelin,Mink Nutcharut,9,1435,977,0.957463105382579,0.7585964618789349,361,193,2337,1201,26,2,145,42,252,145,620,326,78,23,144,42,5,2,0.0,0.7142857142857143
Thepchaiya Un-Nooh,Thor Chuan Leong,9,1448,1206,0.8228339524244989,0.6467993925579857,531,310,3671,1956,159,57,987,433,177,102,584,311,44,27,74,47,5,2,0.0,0.7142857142857143
Judd Trump,Lukas Kleckers,9,1586,1251,0.8986455903223913,0.6979384260080908,1376,979,9380,5647,203,84,1153,516,356,218,1419,868,131,66,436,204,5,1,0.0,0.8333333333333334
Elliot Slessor,David Lilley,9,1290,1276,0.5215222176025543,0.5087491068802403,326,155,2006,970,227,113,1336,674,174,92,481,236,124,57,467,228,5,0,0.0,1.0
Ishpreet Singh Chadha,Anthony McGill,9,1154,1475,0.11085851449144153,0.3094909987724293,18,13,85,58,727,433,4826,2627,85,58,85,58,196,108,743,403,5,4,0.0,0.5555555555555556
Yuan Sijun,Ross Muir,9,1424,1259,0.7369488869894564,0.6016871801828567,232,118,1462,743,266,106,1666,769,107,59,493,276,104,52,388,202,5,1,0.0,0.8333333333333334
Xu Si,Anton Kazakov,9,1341,973,0.9185703259642153,0.7150421057009898,169,68,1072,486,26,3,153,47,126,65,390,189,77,24,153,47,5,3,0.0,0.625
Matthew Selt,Sean O'Sullivan,9,1406,1080,0.892610072559661,0.6931739493259501,833,450,5357,2787,268,101,1667,735,361,185,885,454,92,34,198,80,5,3,0.0,0.625
Mark Selby,Andy Lee,9,1591,1122,0.9609065781312953,0.763596605159627,1500,1028,10722,6248,186,82,1112,509,409,230,1258,712,90,33,212,95,5,0,0.0,1.0
Noppon Saengkham,Andrew Higginson,9,1449,1352,0.6456229970128096,0.5603296426885532,421,219,2862,1439,858,496,5953,3234,256,137,629,333,128,70,403,218,5,3,0.0,0.625
Neil Robertson,Ryan Thomerson,9,1452,978,0.9623914315165903,0.7658456258197971,1220,814,9010,5189,57,15,335,129,212,105,925,525,86,33,164,60,5,0,0.0,1.0
Jackson Page,Liu Hongyu,9,1355,1131,0.8046121832928468,0.6364525402815664,167,82,1064,524,17,11,83,51,148,79,509,262,40,26,83,51,5,3,0.0,0.625
Ronnie O'Sullivan,Ken Doherty,9,1614,1246,0.9185703259642153,0.7150421057009898,1471,1120,12690,7745,1269,739,10005,5404,143,87,1049,622,137,63,384,168,5,1,0.0,0.8333333333333334
Martin O'Donnell,David Grace,9,1313,1311,0.5030761398318634,0.5012499973958399,468,234,2901,1465,461,216,3004,1462,79,42,360,183,142,68,424,204,5,2,0.0,0.7142857142857143
Joe O'Connor,Dean Young,9,1387,1076,0.8819527499348307,0.6851410567502929,247,119,1578,784,85,34,434,187,187,101,554,285,127,59,331,136,5,0,0.0,1.0
Robert Milkins,Zak Surety,9,1414,1220,0.7716906952520353,0.6189278548001903,1097,637,7616,4085,223,100,1261,598,420,213,811,413,106,47,360,164,5,2,0.0,0.7142857142857143
Hammad Miah,Andy Hicks,9,1220,1250,0.4539653256740722,0.4812587841214648,263,105,1690,762,743,391,5700,2915,101,44,386,188,108,51,395,174,5,3,0.0,0.625
Ben Mertens,Shaun Murphy,9,1251,1588,0.10004907346170727,0.30100851649095206,77,38,449,231,1321,872,9536,5427,174,97,321,171,304,188,932,539,5,2,0.0,0.7142857142857143
Stephen Maguire,Manasawin Phetmalaikul,9,1387,1000,0.928553794342766,0.7246209144181192,1166,753,8477,4762,39,16,210,94,118,59,568,295,43,25,90,44,5,2,0.0,0.7142857142857143
Jack Lisowski,Jenson Kendrick,9,1502,963,0.977701832984694,0.7937206082453278,757,462,4891,2676,55,17,304,121,286,156,1026,548,63,16,203,82,5,0,0.0,1.0
Oliver Lines,Reanne Evans,9,1333,981,0.9093332984262057,0.7068222210935676,345,164,2072,1015,199,61,1118,439,134,70,432,217,84,34,216,66,5,0,0.0,1.0
Rod Lawler,Jimmy Robertson,9,1225,1419,0.22830930474796454,0.38107214519980964,924,478,6770,3444,708,389,4629,2418,72,33,286,136,222,123,696,379,5,4,0.0,0.5555555555555556
Sanderson Lam,Tian Pengfei,9,1237,1362,0.3152665769470101,0.4225046348141883,246,95,1477,646,540,301,3536,1873,158,81,422,202,149,79,454,228,5,3,0.0,0.625
Pang Junxu,Stan Moody,9,1422,1021,0.9352601291577347,0.7315498244408544,128,69,795,410,27,8,149,61,231,132,571,315,74,25,134,55,5,1,0.0,0.8333333333333334
Ding Junhui,Ashley Hugill,9,1524,1299,0.8056549199917152,0.6370307944803831,949,632,7264,4146,233,104,1385,660,178,95,658,372,148,70,486,234,5,3,0.0,0.625
Mark Joyce,Victor Sarkis,9,1259,925,0.8979880573364181,0.6974111143958823,608,312,4219,2118,15,1,77,15,97,48,404,190,59,11,77,15,5,1,0.0,0.8333333333333334
Jak Jones,Mostafa Dorgham,9,1408,968,0.9512749447928917,0.7502601055951177,355,167,2262,1059,2,0,14,0,219,120,606,315,4,0,4,0,5,2,0.0,0.7142857142857143
Jamie Jones,Liam Pullen,9,1344,1055,0.8649313248966203,0.6731572963701318,644,383,4196,2270,25,14,148,74,176,84,617,326,78,40,148,74,5,4,0.0,0.5555555555555556
Si Jiahui,Wang Xinzhong,9,1448,1000,0.9541128159374124,0.7539887164489482,137,71,886,469,0,0,0,0,272,153,636,339,0,0,0,0,5,2,0.0,0.7142857142857143
Aaron Hill,Joe Perry,9,1239,1398,0.2705791923598182,0.40191313966779657,93,40,531,247,1357,794,9333,5051,135,68,408,195,217,114,768,394,5,0,0.0,1.0
Liam Highfield,Jimmy White,9,1291,1200,0.6370088546286576,0.5566309599222533,495,261,3305,1713,1554,838,12949,6705,81,37,451,219,119,51,348,147,5,1,0.0,0.8333333333333334
John Higgins,Dylan Emery,9,1599,1200,0.9343346610713805,0.7305667649586345,1795,1268,13996,8255,89,38,489,237,315,188,1333,776,90,41,342,166,5,1,0.0,0.8333333333333334
Barry Hawkins,Louis Heathcote,9,1551,1257,0.8689474848283985,0.6759015277259407,1287,804,8854,4955,175,81,975,476,209,121,893,506,157,86,449,219,5,1,0.0,0.8333333333333334
Lyu Haotian,Mohammed Asif,9,1409,1101,0.8797299937321948,0.6835208937363156,303,151,1948,964,47,18,308,143,161,84,561,297,73,24,136,60,5,2,0.0,0.7142857142857143
Anthony Hamilton,Wang Xinbo,9,1327,1000,0.8932938325014955,0.6937054019553982,1024,583,7535,3976,0,0,0,0,145,68,494,247,0,0,0,0,5,0,0.0,1.0
He Guoqiang,Kyren Wilson,9,1146,1607,0.0415731501166392,0.24003274414092723,31,18,171,89,956,609,6102,3444,88,57,88,57,313,190,1376,788,5,4,0.0,0.5555555555555556
Xiao Guodong,Alexander Ursenbacher,9,1456,1301,0.7243399491478313,0.5956807306078472,714,415,4466,2450,256,118,1544,739,330,177,854,459,109,58,378,187,5,0,0.0,1.0
Marco Fu,Hossein Vafaei,9,1339,1456,0.3262457443848045,0.42739193613673987,945,553,7048,3817,289,173,2007,1054,60,22,182,86,258,144,716,394,5,4,0.0,0.5555555555555556
Tom Ford,Adam Duffy,9,1411,1122,0.8649313248966203,0.6731572963701318,894,510,6057,3232,416,201,2614,1301,267,139,835,447,104,41,220,93,5,2,0.0,0.7142857142857143
Graeme Dott,Julien Leclercq,9,1388,1144,0.8247868019279315,0.6479408020806503,1154,674,8293,4463,45,21,224,106,141,72,693,359,93,48,204,97,5,3,0.0,0.625
Scott Donaldson,Ma Hailong,9,1363,1061,0.8751919168487037,0.6802671966986485,464,247,2952,1503,12,4,78,35,141,74,618,309,78,35,78,35,5,1,0.0,0.8333333333333334
Ryan Day,Long Zehuang,9,1396,1111,0.8616551521813485,0.6709533329057776,1262,747,8322,4537,37,18,193,94,214,105,814,427,34,16,34,16,5,3,0.0,0.625
Mark Davis,Liam Graham,9,1327,1012,0.8848687737794817,0.6872942801972042,1282,762,8823,4795,32,12,169,73,149,77,476,233,48,17,138,57,5,1,0.0,0.8333333333333334
Dominic Dale,Rebecca Kenna,9,1291,860,0.9479079941487858,0.7460205900722962,1076,596,7461,3925,29,3,147,32,100,52,413,195,54,7,133,30,5,0,0.0,1.0
Sam Craigie,Yisong Peng,9,1405,1042,0.9157672237913765,0.7124883131320702,325,173,1927,1008,27,7,169,64,114,61,507,270,115,48,169,64,5,1,0.0,0.8333333333333334
Jamie Clarke,Mohamed Ibrahim,9,1316,984,0.8966632246585242,0.6963549298238342,306,152,1796,896,21,4,135,46,95,45,465,227,80,29,101,37,5,0,0.0,1.0
Gong Chenzhi,Daniel Womersley,9,1044,1111,0.39813953546930514,0.4582226307163632,8,6,44,27,93,46,449,221,44,27,44,27,30,19,151,76,5,3,0.0,0.625
Ashley Carty,Gary Wilson,9,1289,1394,0.34301287924355417,0.43474925243290014,252,119,1460,719,668,384,4272,2299,75,41,287,136,211,108,741,381,5,3,0.0,0.625
Ali Carter,Yulu Bai,9,1452,1027,0.94555735872979,0.7431680086124811,1256,770,8478,4682,5,3,33,18,289,164,999,572,33,18,33,18,5,2,0.0,0.7142857142857143
Stuart Carrington,Fan Zhengyi,9,1288,1350,0.40558417866374163,0.46132739479349205,491,264,3079,1608,139,56,904,397,122,68,445,232,180,99,512,256,5,1,0.0,0.8333333333333334
Ian Burns,Ricky Walden,9,1215,1358,0.2911925553363697,0.4115648798723618,472,231,2961,1469,1110,660,7490,4104,106,48,417,195,226,109,822,446,5,3,0.0,0.625
Alfie Burden,Robbie Williams,9,1256,1442,0.23761423559363187,0.38580035722310485,786,411,5587,2841,526,282,3353,1724,149,81,338,162,176,103,478,259,5,0,0.0,1.0
Jordan Brown,Himanshu Jain,9,1316,941,0.9223700263151574,0.7185943925708561,301,155,1832,917,25,6,130,41,202,94,722,375,56,8,130,41,5,1,0.0,0.8333333333333334
Stuart Bingham,James Cahill,9,1457,1290,0.7394330371891276,0.6028848673274662,1456,920,10074,5716,309,130,1909,892,252,131,1042,564,136,68,471,234,5,3,0.0,0.625
Zhang Anda,Ahmed Aly Elsayed,9,1404,969,0.9494276394767612,0.7479106630456372,429,215,2950,1491,5,0,20,2,187,108,440,240,20,2,20,2,5,3,0.0,0.625
Mark Allen,John Astley,9,1532,1284,0.828649321563008,0.6502185485738271,1019,674,7178,4078,339,155,2090,993,240,128,934,538,131,62,438,216,5,3,0.0,0.625
Xing Zihao,Michael White,9,996,1367,0.0797835686919133,0.28343218544228543,5,1,24,9,674,371,4352,2267,24,9,24,9,133,66,524,273,5,4,0.0,0.5555555555555556
Zhou Yuelong,Anthony Hamilton,9,1384,1327,0.5869351044529159,0.5355648379838539,459,272,2879,1548,1024,583,7535,3976,245,118,808,430,145,68,494,247,5,0,0.0,1.0
Wu Yize,Marco Fu,9,1342,1339,0.5046141496682656,0.5018749912109869,78,37,552,278,945,553,7048,3817,151,78,404,215,60,22,182,86,5,3,0.0,0.625
Judd Trump,Oliver Lines,9,1586,1333,0.8333964892426636,0.6530561132866127,1376,979,9380,5647,345,164,2072,1015,356,218,1419,868,134,70,432,217,5,2,0.0,0.7142857142857143
Yuan Sijun,Ding Junhui,9,1424,1524,0.3500987786078318,0.43782349911420193,232,118,1462,743,949,632,7264,4146,107,59,493,276,178,95,658,372,5,0,0.0,1.0
Xu Si,Mark Selby,9,1341,1591,0.1694410136483224,0.34864513533394575,169,68,1072,486,1500,1028,10722,6248,126,65,390,189,409,230,1258,712,5,4,0.0,0.5555555555555556
Matthew Selt,Thepchaiya Un-Nooh,9,1406,1448,0.4356958412515649,0.4737740906279313,833,450,5357,2787,531,310,3671,1956,361,185,885,454,177,102,584,311,5,2,0.0,0.7142857142857143
Ronnie O'Sullivan,Mark Davis,9,1614,1327,0.8633002845321215,0.6720562626502714,1471,1120,12690,7745,1282,762,8823,4795,143,87,1049,622,149,77,476,233,5,1,0.0,0.8333333333333334
Martin O'Donnell,John Higgins,9,1313,1599,0.13752051822039713,0.3284949657745942,468,234,2901,1465,1795,1268,13996,8255,79,42,360,183,315,188,1333,776,5,1,0.0,0.8333333333333334
Robert Milkins,Hammad Miah,9,1414,1220,0.7716906952520353,0.6189278548001903,1097,637,7616,4085,263,105,1690,762,420,213,811,413,101,44,386,188,5,4,0.0,0.5555555555555556
Ben Mertens,Dominic Dale,9,1251,1291,0.4387318882192537,0.47502081252106,77,38,449,231,1076,596,7461,3925,174,97,321,171,100,52,413,195,5,1,0.0,0.8333333333333334
Stephen Maguire,Joe O'Connor,9,1387,1387,0.5,0.5,1166,753,8477,4762,247,119,1578,784,118,59,568,295,187,101,554,285,5,2,0.0,0.7142857142857143
Jack Lisowski,Scott Donaldson,9,1502,1363,0.7035360054960305,0.5860112044388707,757,462,4891,2676,464,247,2952,1503,286,156,1026,548,141,74,618,309,5,3,0.0,0.625
Pang Junxu,Stuart Carrington,9,1422,1288,0.6968827791173715,0.5829754542011996,128,69,795,410,491,264,3079,1608,231,132,571,315,122,68,445,232,5,3,0.0,0.625
Jamie Jones,Ian Burns,9,1344,1215,0.690160189469792,0.5799334001885058,644,383,4196,2270,472,231,2961,1469,176,84,617,326,106,48,417,195,5,4,0.0,0.5555555555555556
Si Jiahui,Jak Jones,9,1448,1408,0.5612681117807465,0.52497918747894,137,71,886,469,355,167,2262,1059,272,153,636,339,219,120,606,315,5,4,0.0,0.5555555555555556
Aaron Hill,Ben Woollaston,9,1239,1412,0.25319131393616523,0.3935295129316965,93,40,531,247,803,454,5053,2683,135,68,408,195,163,85,534,282,5,1,0.0,0.8333333333333334
Liam Highfield,Neil Robertson,9,1291,1452,0.268057314719077,0.40071183649164394,495,261,3305,1713,1220,814,9010,5189,81,37,451,219,212,105,925,525,5,3,0.0,0.625
Barry Hawkins,Sanderson Lam,9,1551,1237,0.8841448555450592,0.6867567266439019,1287,804,8854,4955,246,95,1477,646,209,121,893,506,158,81,422,202,5,2,0.0,0.7142857142857143
Lyu Haotian,Chris Wakelin,9,1409,1435,0.4600800462945756,0.48375571893792757,303,151,1948,964,361,193,2337,1201,161,84,561,297,252,145,620,326,5,2,0.0,0.7142857142857143
He Guoqiang,Elliot Slessor,9,1146,1290,0.28988191378712186,0.41095956594133487,31,18,171,89,326,155,2006,970,88,57,88,57,174,92,481,236,5,2,0.0,0.7142857142857143
Xiao Guodong,Rod Lawler,9,1456,1225,0.8118363604456017,0.6404919537233386,714,415,4466,2450,924,478,6770,3444,330,177,854,459,72,33,286,136,5,2,0.0,0.7142857142857143
Tom Ford,Cao Yupeng,9,1411,1411,0.5,0.5,894,510,6057,3232,341,179,2302,1187,267,139,835,447,175,98,446,242,5,1,0.0,0.8333333333333334
Ryan Day,Jackson Page,9,1396,1355,0.5627866210804462,0.5256025883246178,1262,747,8322,4537,167,82,1064,524,214,105,814,427,148,79,509,262,5,4,0.0,0.5555555555555556
Sam Craigie,Ishpreet Singh Chadha,9,1405,1154,0.8315084197134864,0.6519223788927313,325,173,1927,1008,18,13,85,58,114,61,507,270,85,58,85,58,5,2,0.0,0.7142857142857143
Gong Chenzhi,Jordan Brown,9,1044,1316,0.14938364869755646,0.3362613025956473,8,6,44,27,301,155,1832,917,44,27,44,27,202,94,722,375,5,3,0.0,0.625
Ashley Carty,Alfie Burden,9,1289,1256,0.5506132837092798,0.5206133097144486,252,119,1460,719,786,411,5587,2841,75,41,287,136,149,81,338,162,5,3,0.0,0.625
Ali Carter,Jamie Clarke,9,1452,1316,0.699552494810083,0.5841905229354074,1256,770,8478,4682,306,152,1796,896,289,164,999,572,95,45,465,227,5,1,0.0,0.8333333333333334
Stuart Bingham,Daniel Wells,9,1457,1377,0.6210284680300693,0.549833997312478,1456,920,10074,5716,494,247,3225,1611,252,131,1042,564,147,83,381,209,5,1,0.0,0.8333333333333334
Mark Allen,Mark Joyce,9,1532,1259,0.8514868359502932,0.6642964428999887,1019,674,7178,4078,608,312,4219,2118,240,128,934,538,97,48,404,190,5,4,0.0,0.5555555555555556
Wu Yize,Ryan Day,9,1342,1396,0.4175695010097954,0.4663011645670992,78,37,552,278,1262,747,8322,4537,151,78,404,215,214,105,814,427,5,2,0.0,0.7142857142857143
Judd Trump,Matthew Selt,9,1586,1406,0.7552657810970291,0.610639233949222,1376,979,9380,5647,833,450,5357,2787,356,218,1419,868,361,185,885,454,5,0,0.0,1.0
Yuan Sijun,Ashley Carty,9,1424,1289,0.6982190316058211,0.5835831155172753,232,118,1462,743,252,119,1460,719,107,59,493,276,75,41,287,136,5,2,0.0,0.7142857142857143
Ronnie O'Sullivan,Pang Junxu,9,1614,1422,0.7693848278621133,0.617747874769249,1471,1120,12690,7745,128,69,795,410,143,87,1049,622,231,132,571,315,5,4,0.0,0.5555555555555556
Stephen Maguire,Xing Zihao,9,1387,996,0.93052470457039,0.726611880149394,1166,753,8477,4762,5,1,24,9,118,59,568,295,24,9,24,9,5,1,0.0,0.8333333333333334
Jack Lisowski,Sam Craigie,9,1502,1405,0.6456229970128096,0.5603296426885532,757,462,4891,2676,325,173,1927,1008,286,156,1026,548,114,61,507,270,5,4,0.0,0.5555555555555556
Aaron Hill,Martin O'Donnell,9,1239,1313,0.3877827719916604,0.4538814589542204,93,40,531,247,468,234,2901,1465,135,68,408,195,79,42,360,183,5,1,0.0,0.8333333333333334
Liam Highfield,Zhou Yuelong,9,1291,1384,0.3601113940716554,0.4421354272792655,495,261,3305,1713,459,272,2879,1548,81,37,451,219,245,118,808,430,5,3,0.0,0.625
Barry Hawkins,Jamie Jones,9,1551,1344,0.786343333554673,0.6265629971237182,1287,804,8854,4955,644,383,4196,2270,209,121,893,506,176,84,617,326,5,1,0.0,0.8333333333333334
Lyu Haotian,Ben Mertens,9,1409,1251,0.7281552136873749,0.5974857658270161,303,151,1948,964,77,38,449,231,161,84,561,297,174,97,321,171,5,1,0.0,0.8333333333333334
He Guoqiang,Gong Chenzhi,9,1146,1044,0.6527423440531748,0.5634067862621936,31,18,171,89,8,6,44,27,88,57,88,57,44,27,44,27,5,4,0.0,0.5555555555555556
Xiao Guodong,Xu Si,9,1456,1341,0.6709840397710257,0.5713839816769324,714,415,4466,2450,169,68,1072,486,330,177,854,459,126,65,390,189,5,0,0.0,1.0
Tom Ford,Robert Milkins,9,1411,1414,0.4953858503317341,0.498125008789013,894,510,6057,3232,1097,637,7616,4085,267,139,835,447,420,213,811,413,5,2,0.0,0.7142857142857143
Ali Carter,Stuart Bingham,9,1452,1457,0.4923100709602251,0.4968750406894683,1256,770,8478,4682,1456,920,10074,5716,289,164,999,572,252,131,1042,564,5,4,0.0,0.5555555555555556
Zhang Anda,Noppon Saengkham,9,1404,1449,0.4311492878986184,0.4719046255916129,429,215,2950,1491,421,219,2862,1439,187,108,440,240,256,137,629,333,5,1,0.0,0.8333333333333334
Mark Allen,Si Jiahui,9,1532,1448,0.6268664452075894,0.5523079095743253,1019,674,7178,4078,137,71,886,469,240,128,934,538,272,153,636,339,5,4,0.0,0.5555555555555556
Wu Yize,Stephen Maguire,9,1342,1387,0.4311492878986184,0.4719046255916129,78,37,552,278,1166,753,8477,4762,151,78,404,215,118,59,568,295,5,4,0.0,0.5555555555555556
Judd Trump,Barry Hawkins,9,1586,1551,0.5536617994848322,0.5218610539716015,1376,979,9380,5647,1287,804,8854,4955,356,218,1419,868,209,121,893,506,5,2,0.0,0.7142857142857143
Ronnie O'Sullivan,Yuan Sijun,9,1614,1424,0.7670653449627305,0.6165665045213193,1471,1120,12690,7745,232,118,1462,743,143,87,1049,622,107,59,493,276,5,1,0.0,0.8333333333333334
Aaron Hill,He Guoqiang,9,1239,1146,0.6398886059283445,0.5578645727207344,93,40,531,247,31,18,171,89,135,68,408,195,88,57,88,57,5,3,0.0,0.625
Lyu Haotian,Zhang Anda,9,1409,1404,0.5076899290397746,0.5031249593105316,303,151,1948,964,429,215,2950,1491,161,84,561,297,187,108,440,240,5,2,0.0,0.7142857142857143
Tom Ford,Xiao Guodong,9,1411,1456,0.4311492878986184,0.4719046255916129,894,510,6057,3232,714,415,4466,2450,267,139,835,447,330,177,854,459,5,4,0.0,0.5555555555555556
Ali Carter,Liam Highfield,9,1452,1291,0.731942685280923,0.5992881635083561,1256,770,8478,4682,495,261,3305,1713,289,164,999,572,81,37,451,219,5,1,0.0,0.8333333333333334
Mark Allen,Jack Lisowski,9,1532,1502,0.5460346743259274,0.5187412158785352,1019,674,7178,4078,757,462,4891,2676,240,128,934,538,286,156,1026,548,5,2,0.0,0.7142857142857143
Wu Yize,Aaron Hill,9,1342,1239,0.6541595421142608,0.5640216374262577,78,37,552,278,93,40,531,247,151,78,404,215,135,68,408,195,5,4,0.0,0.5555555555555556
Judd Trump,Tom Ford,9,1586,1411,0.7492413698670223,0.6076631698328917,1376,979,9380,5647,894,510,6057,3232,356,218,1419,868,267,139,835,447,5,0,0.0,1.0
Lyu Haotian,Ronnie O'Sullivan,9,1409,1614,0.21587277809548666,0.37460765027944887,303,151,1948,964,1471,1120,12690,7745,161,84,561,297,143,87,1049,622,5,1,0.0,0.8333333333333334
Ali Carter,Mark Allen,9,1452,1532,0.37897153196993094,0.45016600268752216,1256,770,8478,4682,1019,674,7178,4078,289,164,999,572,240,128,934,538,5,2,0.0,0.7142857142857143
Judd Trump,Wu Yize,11,1586,1342,0.8478141344097009,0.6479408020806503,1376,979,9380,5647,78,37,552,278,356,218,1419,868,151,78,404,215,6,1,0.0,0.8571428571428571
Ali Carter,Lyu Haotian,11,1452,1409,0.572333394721473,0.5268491486891144,1256,770,8478,4682,303,151,1948,964,289,164,999,572,161,84,561,297,6,2,0.0,0.75
Judd Trump,Ali Carter,19,1586,1452,0.7697684654952277,0.5829754542011996,1376,979,9380,5647,1256,770,8478,4682,356,218,1419,868,289,164,999,572,10,7,0.0,0.5882352941176471
Ryan Davies,Bradley Cowdroy,7,1068,967,0.6352110684578025,0.5627917401386452,51,25,243,121,16,5,73,30,44,23,140,65,11,3,53,21,4,2,0.0,0.6666666666666666
Fan Zhengyi,Andres Petrov,7,1332,1050,0.8307179588376647,0.669295402777446,140,56,910,398,52,18,311,129,186,100,518,257,86,27,174,63,4,1,0.0,0.8
Cao Yupeng,Mink Nutcharut,7,1406,979,0.9238902030296949,0.7441211943032843,343,180,2313,1193,27,2,152,44,186,104,457,248,85,25,151,44,4,0,0.0,1.0
Zhou Yuelong,Ben Woollaston,7,1391,1394,0.4958985144028909,0.498125008789013,462,274,2899,1561,805,455,5066,2689,265,131,828,443,176,91,547,288,4,2,0.0,0.6666666666666666
Wu Yize,Ishpreet Singh Chadha,7,1363,1168,0.7470110120975012,0.6195173196470847,84,42,600,304,20,14,101,65,199,104,452,241,101,65,101,65,4,0,0.0,1.0
Gary Wilson,Pang Junxu,7,1382,1435,0.42796070219744664,0.46692337763389535,669,384,4280,2302,131,71,818,424,219,111,749,384,254,146,594,329,4,3,0.0,0.5714285714285714
Mark Williams,Ian Burns,7,1606,1230,0.8973679326012581,0.7190996574163839,1752,1152,12782,7344,474,232,2978,1478,288,175,1119,654,123,57,434,204,4,0,0.0,1.0
Michael White,Sam Craigie,7,1346,1415,0.4065907825999159,0.4569816192756902,676,372,4369,2276,328,175,1949,1022,150,75,541,282,136,75,529,284,4,0,0.0,1.0
Ricky Walden,Jordan Brown,7,1344,1304,0.5545057991359676,0.52497918747894,1111,660,7498,4107,303,156,1846,925,234,112,830,449,216,102,736,383,4,0,0.0,1.0
Chris Wakelin,Lyu Haotian,7,1420,1454,0.45362731252530075,0.4787627850337259,363,194,2351,1208,309,156,1989,991,266,152,634,333,202,111,602,324,4,1,0.0,0.8
Hossein Vafaei,Liam Graham,7,1447,1005,0.9305416133877966,0.7511957822308614,290,173,2016,1058,33,12,175,74,267,148,725,398,54,18,144,58,4,0,0.0,1.0
Judd Trump,Sean O'Sullivan,7,1650,1084,0.9692006398332114,0.8045533772735622,1383,986,9434,5688,269,101,1675,738,410,259,1473,909,100,37,206,83,4,0,0.0,1.0
Allan Taylor,Jak Jones,7,1233,1404,0.27964834205542655,0.39472346622515553,422,194,2457,1175,357,168,2278,1068,109,52,344,150,235,129,622,324,4,3,0.0,0.5714285714285714
Elliot Slessor,Ryan Davies,7,1293,1068,0.7782368395177592,0.6370307944803831,328,156,2018,977,51,25,243,121,186,99,493,243,44,23,140,65,4,2,0.0,0.6666666666666666
Yuan Sijun,Aaron Hill,7,1453,1304,0.6946979044907379,0.5920629281648192,236,121,1486,759,98,44,565,271,131,75,517,292,169,92,442,219,4,0,0.0,1.0
Matthew Selt,Alfie Burden,7,1400,1274,0.6667467241528153,0.5781052328843092,836,452,5377,2797,788,412,5600,2849,381,195,905,464,162,89,351,170,4,2,0.0,0.6666666666666666
Mark Selby,Xing Zihao,7,1584,1011,0.9706670146263395,0.8072905458819248,1502,1029,10736,6257,7,2,39,15,423,239,1272,721,39,15,39,15,4,1,0.0,0.8
Jimmy Robertson,Reanne Evans,7,1406,969,0.9283792405009167,0.7488521955201534,709,389,4638,2422,200,61,1123,439,231,127,705,383,89,34,221,66,4,0,0.0,1.0
Liam Pullen,Ahmed Aly Elsayed,7,1063,977,0.6157933128709394,0.5535439031511183,26,14,157,78,6,0,28,5,87,44,157,78,28,5,28,5,4,0,0.0,1.0
Jackson Page,Ken Doherty,7,1352,1240,0.6492231123314619,0.569546223939229,169,83,1081,533,1270,739,10011,5405,165,88,526,271,143,64,390,169,4,0,0.0,1.0
Ronnie O'Sullivan,Andrew Pagett,7,1612,1145,0.9405659944917831,0.7626928317357139,1476,1124,12723,7766,325,143,2075,984,176,108,1082,643,141,63,288,114,4,0,0.0,1.0
Martin O'Donnell,Liam Highfield,7,1331,1317,0.5191328123553783,0.5087491068802403,471,236,2920,1476,499,264,3333,1729,98,53,379,194,109,53,479,235,4,1,0.0,0.8
Joe O'Connor,Jimmy White,7,1388,1187,0.7534472409879828,0.6230466603666162,249,120,1590,791,1555,838,12955,6706,199,108,566,292,125,52,354,148,4,2,0.0,0.6666666666666666
Fergal O'Brien,Stephen Hendry,7,1233,1217,0.5218633393972989,0.5099986668799655,1023,560,7464,3882,1286,898,11821,6919,74,35,386,183,25,6,99,28,4,0,0.0,1.0
Robert Milkins,Robbie Williams,7,1403,1417,0.48086718764462183,0.4912508931197597,1100,639,7639,4097,527,282,3358,1724,443,225,834,425,181,103,483,259,4,1,0.0,0.8
Hammad Miah,Rod Lawler,7,1233,1234,0.4986328153483015,0.4993750003255206,265,106,1707,771,926,479,6786,3451,118,53,403,197,88,40,302,143,4,3,0.0,0.5714285714285714
Anthony McGill,Himanshu Jain,7,1457,935,0.9584321733617698,0.7866752721841397,728,433,4835,2631,26,6,136,42,205,112,752,407,62,9,136,42,4,1,0.0,0.8
Stephen Maguire,Daniel Wells,7,1397,1380,0.5232282019769063,0.5106234010049637,1170,756,8506,4781,496,248,3237,1617,147,78,597,314,159,89,393,215,4,3,0.0,0.5714285714285714
Jack Lisowski,Matthew Stevens,7,1500,1390,0.6466907800352545,0.5683199834782481,761,465,4920,2693,1104,638,8361,4537,315,173,1055,565,166,88,522,274,4,1,0.0,0.8
Oliver Lines,Kyren Wilson,7,1341,1584,0.20420308349947378,0.35262969241845105,347,165,2084,1022,957,609,6111,3448,146,77,444,224,322,194,1385,792,4,3,0.0,0.5714285714285714
David Lilley,Thepchaiya Un-Nooh,7,1256,1438,0.2672511194925776,0.3881726309982629,228,113,1341,674,533,311,3685,1963,129,57,472,228,191,109,598,318,4,1,0.0,0.8
Julien Leclercq,Jiang Jun,7,1145,1033,0.6492231123314619,0.569546223939229,46,21,232,109,7,2,37,17,101,51,212,100,37,17,37,17,4,0,0.0,1.0
Sanderson Lam,Neil Robertson,7,1248,1447,0.24868775230024892,0.3781283576925339,248,96,1492,653,1222,815,9023,5197,173,88,437,209,225,113,938,533,4,2,0.0,0.6666666666666666
Lukas Kleckers,Mark Joyce,7,1245,1273,0.46178117660461016,0.48250714233361025,204,84,1159,517,610,313,4234,2127,137,67,442,205,112,57,419,199,4,3,0.0,0.5714285714285714
Jenson Kendrick,Stuart Bingham,7,955,1468,0.044131488113797135,0.21712496877168966,56,17,309,121,1459,922,10097,5730,68,16,208,82,275,145,1065,578,4,1,0.0,0.8
Ding Junhui,Ma Hailong,7,1501,1054,0.9326503462134863,0.7535246977220308,951,633,7277,4151,13,4,84,36,191,100,671,377,84,36,84,36,4,3,0.0,0.5714285714285714
Jamie Jones,Ross Muir,7,1326,1248,0.6053054839891849,0.5485961085831343,647,385,4220,2281,267,106,1672,770,200,95,641,337,110,53,394,203,4,1,0.0,0.8
Si Jiahui,Alexander Ursenbacher,7,1447,1285,0.7099919234270913,0.5998883688639983,140,73,911,483,257,118,1549,739,297,167,661,353,114,58,383,187,4,3,0.0,0.5714285714285714
Liu Hongyu,Shaun Murphy,7,1132,1565,0.07338984664974028,0.25303320648031014,18,11,91,54,1322,872,9543,5429,48,29,91,54,311,190,939,541,4,3,0.0,0.5714285714285714
Andrew Higginson,Ryan Thomerson,7,1348,969,0.8991045200732098,0.7206121300108707,859,496,5961,3237,58,15,340,129,136,73,411,221,91,33,169,60,4,1,0.0,0.8
John Higgins,Marco Fu,7,1580,1340,0.792932804884019,0.6456563062257954,1797,1269,14008,8261,947,554,7065,3825,327,194,1345,782,77,30,199,94,4,3,0.0,0.5714285714285714
Andy Hicks,Mohamed Ibrahim,7,1241,972,0.8195570476403491,0.6620627248063988,744,391,5708,2918,22,4,140,46,116,54,403,177,85,29,106,37,4,0,0.0,1.0
Louis Heathcote,Thor Chuan Leong,7,1249,1202,0.5639634145132848,0.5293412500457856,176,81,981,477,160,57,994,435,163,87,455,220,51,29,81,49,4,1,0.0,0.8
Barry Hawkins,Anthony Hamilton,7,1559,1320,0.7919725105475417,0.645084137572727,1291,807,8880,4972,1026,584,7545,3981,235,138,919,523,155,73,504,252,4,1,0.0,0.8
He Guoqiang,Andy Lee,7,1182,1113,0.5934092174000843,0.5430183807243099,35,21,204,107,187,82,1117,509,121,75,121,75,95,33,217,95,4,2,0.0,0.6666666666666666
Xiao Guodong,Tian Pengfei,7,1487,1349,0.6814665603465866,0.585404569129465,718,418,4492,2469,541,301,3544,1876,356,196,880,478,157,82,462,231,4,1,0.0,0.8
David Grace,Ashley Carty,7,1299,1301,0.4972656477862734,0.49875000260416025,462,216,3011,1464,255,121,1483,731,149,70,431,206,98,53,310,148,4,2,0.0,0.6666666666666666
Martin Gould,John Astley,7,1309,1286,0.5314106943491967,0.5143710406970602,883,521,5761,3118,340,155,2098,996,83,35,526,252,139,65,446,219,4,2,0.0,0.6666666666666666
David Gilbert,Dean Young,7,1439,1063,0.8973679326012581,0.7190996574163839,905,527,6201,3346,86,34,439,187,200,106,836,469,132,59,336,136,4,1,0.0,0.8
Tom Ford,Xu Si,7,1431,1334,0.6300664956451868,0.5603296426885532,899,514,6091,3252,172,70,1094,496,301,159,869,467,148,75,412,199,4,3,0.0,0.5714285714285714
Dylan Emery,Noppon Saengkham,7,1195,1435,0.2070671951159809,0.35434369377420455,90,38,495,238,423,220,2876,1445,96,42,348,167,270,143,643,339,4,2,0.0,0.6666666666666666
Adam Duffy,Victor Sarkis,7,1120,918,0.7545108097932872,0.623633628298226,417,201,2621,1303,16,1,83,16,111,43,227,95,65,12,83,16,4,1,0.0,0.8
Graeme Dott,Yisong Peng,7,1387,1036,0.8819896948101545,0.706303891936407,1155,675,8301,4468,28,7,175,65,149,77,701,364,121,49,175,65,4,1,0.0,0.8
Scott Donaldson,Long Zehuang,7,1368,1114,0.8060824586598727,0.653622330899504,466,248,2966,1511,38,18,201,97,155,82,632,317,42,19,42,19,4,3,0.0,0.5714285714285714
Ryan Day,Ashley Hugill,7,1382,1300,0.6105601107289808,0.551071269307342,1265,749,8346,4549,234,104,1393,663,238,117,838,439,156,73,494,237,4,2,0.0,0.6666666666666666
Mark Davis,Joe Perry,7,1326,1374,0.4346885316890212,0.4700359482354282,1284,763,8835,4801,1358,794,9338,5051,161,83,488,239,222,114,773,394,4,1,0.0,0.8
Dominic Dale,Rebecca Kenna,7,1284,850,0.9270557177648057,0.7474390202201999,1078,597,7472,3931,30,3,152,32,111,58,424,201,59,7,138,30,4,1,0.0,0.8
Ali Carter,Jamie Clarke,7,1507,1316,0.7426684543010009,0.6171573626529722,1263,776,8538,4720,308,153,1807,902,349,202,1059,610,106,51,476,233,4,1,0.0,0.8
Stuart Carrington,Anton Kazakov,7,1303,979,0.86350380276547,0.6921095043017882,493,265,3093,1616,27,3,161,50,136,76,459,240,85,27,161,50,4,0,0.0,1.0
James Cahill,Manasawin Phetmalaikul,7,1289,1001,0.8357070215370299,0.6726070170677604,310,130,1917,895,40,16,217,96,144,71,479,237,50,27,97,46,4,2,0.0,0.6666666666666666
Oliver Brown,Zak Surety,7,1143,1215,0.40261453047341306,0.45512110762641994,260,116,1398,662,224,100,1268,600,98,37,242,99,113,49,367,166,4,1,0.0,0.8
Luca Brecel,Stan Moody,7,1526,1016,0.9549844486683168,0.7815974639023655,611,356,4062,2200,28,8,155,62,265,143,876,495,80,26,140,56,4,3,0.0,0.5714285714285714
Mohammed Asif,Siripaporn Nuanthakhamjan,7,1099,966,0.67536846283006,0.5823675407280794,48,18,315,145,4,0,30,6,80,26,143,62,30,6,30,6,4,3,0.0,0.5714285714285714
Zhang Anda,Ben Mertens,7,1403,1279,0.6642657784879786,0.5768852611320463,432,217,2971,1503,80,40,468,242,208,120,461,252,193,108,340,182,4,0,0.0,1.0
Mark Allen,Mostafa Dorgham,7,1522,970,0.9660741106736357,0.7989910002494707,1024,678,7218,4100,3,0,21,2,280,150,974,560,11,2,11,2,4,0,0.0,1.0
Cao Yupeng,David Gilbert,7,1406,1439,0.45498494612477275,0.47938669028555136,343,180,2313,1193,905,527,6201,3346,186,104,457,248,200,106,836,469,4,0,0.0,1.0
Zhou Yuelong,Andrew Higginson,7,1391,1348,0.5585634499391967,0.5268491486891144,462,274,2899,1561,859,496,5961,3237,265,131,828,443,136,73,411,221,4,2,0.0,0.6666666666666666
Gary Wilson,Dominic Dale,7,1382,1284,0.6313550071762073,0.5609454503247162,669,384,4280,2302,1078,597,7472,3931,219,111,749,384,111,58,424,201,4,3,0.0,0.5714285714285714
Mark Williams,Xiao Guodong,7,1606,1487,0.6580301976734948,0.5738312575916094,1752,1152,12782,7344,718,418,4492,2469,288,175,1119,654,356,196,880,478,4,3,0.0,0.5714285714285714
Ricky Walden,Hammad Miah,7,1344,1233,0.6479578189910667,0.5689332093695465,1111,660,7498,4107,265,106,1707,771,234,112,830,449,118,53,403,197,4,2,0.0,0.6666666666666666
Chris Wakelin,Jamie Jones,7,1420,1326,0.6261916833783177,0.5584811124381613,363,194,2351,1208,647,385,4220,2281,266,152,634,333,200,95,641,337,4,1,0.0,0.8
Hossein Vafaei,Julien Leclercq,7,1447,1145,0.8469508145525204,0.6802671966986485,290,173,2016,1058,46,21,232,109,267,148,725,398,101,51,212,100,4,3,0.0,0.5714285714285714
Judd Trump,Scott Donaldson,7,1650,1368,0.8307179588376647,0.669295402777446,1383,986,9434,5688,466,248,2966,1511,410,259,1473,909,155,82,632,317,4,1,0.0,0.8
Elliot Slessor,Jack Lisowski,7,1293,1500,0.24021086259236363,0.3734370028762817,328,156,2018,977,761,465,4920,2693,186,99,493,243,315,173,1055,565,4,3,0.0,0.5714285714285714
Yuan Sijun,Tom Ford,7,1453,1431,0.5300478260158454,0.513746534902355,236,121,1486,759,899,514,6091,3252,131,75,517,292,301,159,869,467,4,2,0.0,0.6666666666666666
Matthew Selt,Michael White,7,1400,1346,0.573382262278332,0.5336988354329009,836,452,5377,2797,676,372,4369,2276,381,195,905,464,150,75,541,282,4,3,0.0,0.5714285714285714
Jimmy Robertson,Allan Taylor,7,1406,1233,0.7226276336267841,0.6064704870683034,709,389,4638,2422,422,194,2457,1175,231,127,705,383,109,52,344,150,4,3,0.0,0.5714285714285714
Ronnie O'Sullivan,Jackson Page,7,1612,1352,0.8115488427624657,0.6570104626734988,1476,1124,12723,7766,169,83,1081,533,176,108,1082,643,165,88,526,271,4,1,0.0,0.8
Martin O'Donnell,Mark Selby,7,1331,1584,0.1948385031794988,0.3469438867133873,471,236,2920,1476,1502,1029,10736,6257,98,53,379,194,423,239,1272,721,4,2,0.0,0.6666666666666666
Robert Milkins,Adam Duffy,7,1403,1120,0.8315565774707512,0.6698485160570237,1100,639,7639,4097,417,201,2621,1303,443,225,834,425,111,43,227,95,4,3,0.0,0.5714285714285714
Stephen Maguire,Louis Heathcote,7,1397,1249,0.6935058085008956,0.5914589784327801,1170,756,8506,4781,176,81,981,477,147,78,597,314,163,87,455,220,4,2,0.0,0.6666666666666666
Oliver Lines,Martin Gould,7,1341,1309,0.5436568604546561,0.5199893401555818,347,165,2084,1022,883,521,5761,3118,146,77,444,224,83,35,526,252,4,1,0.0,0.8
Sanderson Lam,Stuart Carrington,7,1248,1303,0.42527567806654565,0.4656790563306954,248,96,1492,653,493,265,3093,1616,173,88,437,209,136,76,459,240,4,0,0.0,1.0
Jenson Kendrick,Lukas Kleckers,7,955,1245,0.16265269268634297,0.3262929005454786,56,17,309,121,204,84,1159,517,68,16,208,82,137,67,442,205,4,1,0.0,0.8
Ding Junhui,David Grace,7,1501,1299,0.7545108097932872,0.623633628298226,951,633,7277,4151,462,216,3011,1464,191,100,671,377,149,70,431,206,4,1,0.0,0.8
Si Jiahui,Fergal O'Brien,7,1447,1233,0.7670671244589201,0.6306485256510744,140,73,911,483,1023,560,7464,3882,297,167,661,353,74,35,386,183,4,0,0.0,1.0
Liu Hongyu,Joe O'Connor,7,1132,1388,0.1920840951325451,0.3452465393936808,18,11,91,54,249,120,1590,791,48,29,91,54,199,108,566,292,4,1,0.0,0.8
John Higgins,James Cahill,7,1580,1289,0.8381631906470501,0.6742564252229473,1797,1269,14008,8261,310,130,1917,895,327,194,1345,782,144,71,479,237,4,2,0.0,0.6666666666666666
He Guoqiang,Ryan Day,7,1182,1382,0.24761894840913548,0.3775406687981454,35,21,204,107,1265,749,8346,4549,121,75,121,75,238,117,838,439,4,3,0.0,0.5714285714285714
Dylan Emery,Oliver Brown,7,1195,1143,0.5706954446194282,0.5324543063873187,90,38,495,238,260,116,1398,662,96,42,348,167,98,37,242,99,4,1,0.0,0.8
Graeme Dott,Barry Hawkins,7,1387,1559,0.278509149386796,0.3941263315682394,1155,675,8301,4468,1291,807,8880,4972,149,77,701,364,235,138,919,523,4,2,0.0,0.6666666666666666
Mark Davis,David Lilley,7,1326,1256,0.5947357972115818,0.5436386872370789,1284,763,8835,4801,228,113,1341,674,161,83,488,239,129,57,472,228,4,2,0.0,0.6666666666666666
Ali Carter,Liam Pullen,7,1507,1063,0.9313914957717048,0.7521291114395702,1263,776,8538,4720,26,14,157,78,349,202,1059,610,87,44,157,78,4,0,0.0,1.0
Luca Brecel,Andy Hicks,7,1526,1241,0.8332252833962372,0.6709533329057776,611,356,4062,2200,744,391,5708,2918,265,143,876,495,116,54,403,177,4,1,0.0,0.8
Mohammed Asif,Fan Zhengyi,7,1099,1332,0.21384775010020607,0.3583575467984366,48,18,315,145,140,56,910,398,80,26,143,62,186,100,518,257,4,3,0.0,0.5714285714285714
Zhang Anda,Anthony McGill,7,1403,1457,0.4266177377216683,0.4663011645670992,432,217,2971,1503,728,433,4835,2631,208,120,461,252,205,112,752,407,4,1,0.0,0.8
Mark Allen,Wu Yize,7,1522,1363,0.7064965786766507,0.5980868603322034,1024,678,7218,4100,84,42,600,304,280,150,974,560,199,104,452,241,4,1,0.0,0.8
Zhou Yuelong,Sanderson Lam,7,1391,1248,0.6875128007198821,0.5884351201276382,462,274,2899,1561,248,96,1492,653,265,131,828,443,173,88,437,209,4,0,0.0,1.0
Mark Williams,Dylan Emery,7,1606,1195,0.9162378856649652,0.7364309317009723,1752,1152,12782,7344,90,38,495,238,288,175,1119,654,96,42,348,167,4,2,0.0,0.6666666666666666
Ricky Walden,Graeme Dott,7,1344,1387,0.44143655006080335,0.4731508513108857,1111,660,7498,4107,1155,675,8301,4468,234,112,830,449,149,77,701,364,4,3,0.0,0.5714285714285714
Judd Trump,Jimmy Robertson,7,1650,1406,0.7967460208697068,0.6479408020806503,1383,986,9434,5688,709,389,4638,2422,410,259,1473,909,231,127,705,383,4,3,0.0,0.5714285714285714
Yuan Sijun,Robert Milkins,7,1453,1403,0.5680051367615364,0.5312093733737563,236,121,1486,759,1100,639,7639,4097,131,75,517,292,443,225,834,425,4,1,0.0,0.8
Matthew Selt,Mark Allen,7,1400,1522,0.33822280880876515,0.42433564895745063,836,452,5377,2797,1024,678,7218,4100,381,195,905,464,280,150,974,560,4,2,0.0,0.6666666666666666
Ronnie O'Sullivan,Si Jiahui,7,1612,1447,0.7134663824052628,0.6016871801828567,1476,1124,12723,7766,140,73,911,483,176,108,1082,643,297,167,661,353,4,2,0.0,0.6666666666666666
Martin O'Donnell,Stephen Maguire,7,1331,1397,0.4105773109788817,0.45884333184977194,471,236,2920,1476,1170,756,8506,4781,98,53,379,194,147,78,597,314,4,1,0.0,0.8
Oliver Lines,Cao Yupeng,7,1341,1406,0.4119083649163239,0.4594641607262107,347,165,2084,1022,343,180,2313,1193,146,77,444,224,186,104,457,248,4,2,0.0,0.6666666666666666
Ding Junhui,Gary Wilson,7,1501,1382,0.6580301976734948,0.5738312575916094,951,633,7277,4151,669,384,4280,2302,191,100,671,377,219,111,749,384,4,2,0.0,0.6666666666666666
Liu Hongyu,Chris Wakelin,7,1132,1420,0.16429297846297009,0.32739298293223956,18,11,91,54,363,194,2351,1208,48,29,91,54,266,152,634,333,4,3,0.0,0.5714285714285714
John Higgins,Mark Davis,7,1580,1326,0.8060824586598727,0.653622330899504,1797,1269,14008,8261,1284,763,8835,4801,327,194,1345,782,161,83,488,239,4,0,0.0,1.0
He Guoqiang,Hossein Vafaei,7,1182,1447,0.1839737621952785,0.3401782450279425,35,21,204,107,290,173,2016,1058,121,75,121,75,267,148,725,398,4,3,0.0,0.5714285714285714
Ali Carter,Jenson Kendrick,7,1507,955,0.9660741106736357,0.7989910002494707,1263,776,8538,4720,56,17,309,121,349,202,1059,610,68,16,208,82,4,0,0.0,1.0
Luca Brecel,Mohammed Asif,7,1526,1099,0.9238902030296949,0.7441211943032843,611,356,4062,2200,48,18,315,145,265,143,876,495,80,26,143,62,4,0,0.0,1.0
Zhang Anda,Elliot Slessor,7,1403,1293,0.6466907800352545,0.5683199834782481,432,217,2971,1503,328,156,2018,977,208,120,461,252,186,99,493,243,4,1,0.0,0.8
Zhou Yuelong,Ali Carter,7,1391,1507,0.34573343118721134,0.42800386706848137,462,274,2899,1561,1263,776,8538,4720,265,131,828,443,349,202,1059,610,4,1,0.0,0.8
Judd Trump,Yuan Sijun,7,1650,1453,0.7491668212476215,0.6206951913643555,1383,986,9434,5688,236,121,1486,759,410,259,1473,909,131,75,517,292,4,2,0.0,0.6666666666666666
Matthew Selt,Ricky Walden,7,1400,1344,0.5760654606907909,0.5349429451582145,836,452,5377,2797,1111,660,7498,4107,381,195,905,464,234,112,830,449,4,3,0.0,0.5714285714285714
Martin O'Donnell,He Guoqiang,7,1331,1182,0.6946979044907379,0.5920629281648192,471,236,2920,1476,35,21,204,107,98,53,379,194,121,75,121,75,4,2,0.0,0.6666666666666666
Ding Junhui,Luca Brecel,7,1501,1526,0.465864760862579,0.4843800842769844,951,633,7277,4151,611,356,4062,2200,191,100,671,377,265,143,876,495,4,3,0.0,0.5714285714285714
Liu Hongyu,Mark Williams,7,1132,1606,0.05685284569652571,0.23415437418020288,18,11,91,54,1752,1152,12782,7344,48,29,91,54,288,175,1119,654,4,3,0.0,0.5714285714285714
John Higgins,Oliver Lines,7,1580,1341,0.7919725105475417,0.645084137572727,1797,1269,14008,8261,347,165,2084,1022,327,194,1345,782,146,77,444,224,4,1,0.0,0.8
Zhang Anda,Ronnie O'Sullivan,7,1403,1612,0.238118079693393,0.3722678361394811,432,217,2971,1503,1476,1124,12723,7766,208,120,461,252,176,108,1082,643,4,2,0.0,0.6666666666666666
Judd Trump,Matthew Selt,9,1650,1400,0.8305589863516776,0.6513548646660542,1383,986,9434,5688,836,452,5377,2797,410,259,1473,909,381,195,905,464,5,1,0.0,0.8333333333333334
Liu Hongyu,Ding Junhui,9,1132,1501,0.08087801045806567,0.2844487760368946,18,11,91,54,951,633,7277,4151,48,29,91,54,191,100,671,377,5,2,0.0,0.7142857142857143
John Higgins,Martin O'Donnell,9,1580,1331,0.8296059536556128,0.6507869207968349,1797,1269,14008,8261,471,236,2920,1476,327,194,1345,782,98,53,379,194,5,1,0.0,0.8333333333333334
Zhang Anda,Zhou Yuelong,9,1403,1391,0.518450112354223,0.5074994375506203,432,217,2971,1503,462,274,2899,1561,208,120,461,252,265,131,828,443,5,4,0.0,0.5555555555555556
Judd Trump,John Higgins,11,1650,1580,0.6166451808732252,0.5436386872370789,1383,986,9434,5688,1797,1269,14008,8261,410,259,1473,909,327,194,1345,782,6,5,0.0,0.5454545454545454
Zhang Anda,Liu Hongyu,11,1403,1132,0.8726095321721828,0.6631804950993565,432,217,2971,1503,18,11,91,54,208,120,461,252,48,29,91,54,6,2,0.0,0.75
Judd Trump,Zhang Anda,17,1650,1403,0.9000702581032928,0.6496497492904088,1383,986,9434,5688,432,217,2971,1503,410,259,1473,909,208,120,461,252,9,7,0.0,0.5625
Fan Zhengyi,Gary Wilson,11,1325,1383,0.4028914906484895,0.4638133797682053,142,57,922,405,672,386,4300,2312,198,107,530,264,239,121,769,394,6,2,0.0,0.75
Mark Williams,Pang Junxu,11,1594,1429,0.7572090044732828,0.6016871801828567,1756,1155,12806,7359,132,71,825,427,312,190,1143,669,261,149,601,332,6,1,0.0,0.8571428571428571
Hossein Vafaei,Gong Chenzhi,11,1437,1074,0.9350825402753549,0.7124883131320702,293,175,2034,1069,11,8,69,41,285,159,743,409,69,41,69,41,6,1,0.0,0.8571428571428571
Robert Milkins,Yulu Bai,11,1399,1029,0.9385878253885315,0.7160597938157098,1103,641,7656,4106,6,3,40,20,460,234,851,434,40,20,40,20,6,1,0.0,0.8571428571428571
Jack Lisowski,Zhou Yuelong,11,1498,1431,0.6117877063659423,0.5417773692836367,763,466,4932,2700,467,278,2929,1581,327,180,1067,572,295,151,858,463,6,5,0.0,0.5454545454545454
Ding Junhui,Si Jiahui,11,1486,1454,0.5539679003439111,0.5199893401555818,956,637,7309,4169,143,75,928,493,223,118,703,395,314,177,678,363,6,2,0.0,0.75
John Higgins,Deng Haohui,11,1605,1009,0.992358435683077,0.8160782725804958,1803,1274,14047,8287,4,2,22,12,366,220,1384,808,22,12,22,12,6,0,0.0,1.0
Ali Carter,Dong Zihao,11,1514,1000,0.9826819992138743,0.7832996849890409,1267,779,8556,4733,0,0,0,0,367,215,1077,623,0,0,0,0,6,2,0.0,0.75
Fan Zhengyi,Mark Allen,11,1325,1524,0.2005243513226896,0.3781283576925339,142,57,922,405,1027,680,7233,4110,198,107,530,264,295,160,989,570,6,3,0.0,0.6666666666666666
Judd Trump,Jack Lisowski,11,1661,1498,0.7545747737356233,0.6004882745269664,1390,993,9489,5724,763,466,4932,2700,465,295,1528,945,327,180,1067,572,6,5,0.0,0.5454545454545454
Mark Selby,Hossein Vafaei,11,1569,1437,0.7117725460878024,0.5817593768418363,1504,1030,10747,6263,293,175,2034,1069,434,245,1283,727,285,159,743,409,6,5,0.0,0.5454545454545454
Neil Robertson,Ding Junhui,11,1433,1486,0.41111020930232867,0.46692337763389535,1223,815,9029,5199,956,637,7309,4169,231,115,944,535,223,118,703,395,6,5,0.0,0.5454545454545454
Ronnie O'Sullivan,Ali Carter,11,1615,1514,0.6655948512999666,0.5627917401386452,1480,1127,12744,7780,1267,779,8556,4733,197,122,1103,657,367,215,1077,623,6,3,0.0,0.6666666666666666
Robert Milkins,Shaun Murphy,11,1399,1547,0.2656828446942061,0.40854102156721994,1103,641,7656,4106,1323,872,9550,5432,460,234,851,434,318,193,946,544,6,5,0.0,0.5454545454545454
John Higgins,Kyren Wilson,11,1605,1572,0.5556431271115847,0.5206133097144486,1803,1274,14047,8287,958,609,6118,3451,366,220,1384,808,329,197,1392,795,6,3,0.0,0.6666666666666666
Luca Brecel,Mark Williams,11,1523,1594,0.3817398556921421,0.4557411415821268,615,359,4085,2215,1756,1155,12806,7359,288,158,899,510,312,190,1143,669,6,4,0.0,0.6
Mark Selby,Judd Trump,11,1569,1661,0.3483614432630792,0.44275214540144436,1504,1030,10747,6263,1390,993,9489,5724,434,245,1283,727,465,295,1528,945,6,1,0.0,0.8571428571428571
Neil Robertson,Fan Zhengyi,11,1433,1325,0.6762884110738897,0.5670929049654543,1223,815,9029,5199,142,57,922,405,231,115,944,535,198,107,530,264,6,1,0.0,0.8571428571428571
Ronnie O'Sullivan,John Higgins,11,1615,1605,0.516913659711329,0.5062496744995104,1480,1127,12744,7780,1803,1274,14047,8287,197,122,1103,657,366,220,1384,808,6,5,0.0,0.5454545454545454
Luca Brecel,Robert Milkins,11,1523,1399,0.7001574255021287,0.5768852611320463,615,359,4085,2215,1103,641,7656,4106,288,158,899,510,460,234,851,434,6,3,0.0,0.6666666666666666
Ronnie O'Sullivan,Mark Selby,19,1615,1569,0.6002080964095705,0.5287183569514396,1480,1127,12744,7780,1504,1030,10747,6263,197,122,1103,657,434,245,1283,727,10,7,0.0,0.5882352941176471
Luca Brecel,Neil Robertson,19,1523,1433,0.69017703192233,0.5560138905446199,615,359,4085,2215,1223,815,9029,5199,288,158,899,510,231,115,944,535,10,7,0.0,0.5882352941176471
Ronnie O'Sullivan,Luca Brecel,21,1615,1523,0.7028883215805679,0.5572478545985555,1480,1127,12744,7780,615,359,4085,2215,197,122,1103,657,288,158,899,510,11,9,0.0,0.55
Wang Xinzhong,Gong Chenzhi,11,1002,1066,0.3930880661471555,0.46008511544443426,1,0,7,2,12,8,76,42,7,2,7,2,76,42,76,42,6,5,0.0,0.5454545454545454
Fan Zhengyi,Mostafa Dorgham,11,1346,964,0.9442376592088808,0.7221196058493572,145,59,946,418,4,0,25,2,222,120,554,277,15,2,15,2,6,2,0.0,0.75
Long Zehuang,Yuan Sijun,11,1119,1480,0.06594815353644587,0.2885370176697987,39,18,208,100,240,124,1507,773,49,22,49,22,152,89,538,306,6,5,0.0,0.5454545454545454
Cao Yupeng,Ashley Hugill,11,1421,1294,0.704538962158598,0.578714862460134,346,182,2327,1203,235,104,1399,665,200,114,471,258,162,75,500,239,6,0,0.0,1.0
Zhou Yuelong,Martin O'Donnell,11,1431,1364,0.6117877063659423,0.5417773692836367,468,278,2940,1586,476,240,2948,1493,306,156,869,468,126,70,407,211,6,0,0.0,1.0
Wang Xinbo,Ben Woollaston,11,988,1386,0.04890052138376768,0.2699256160188812,1,0,5,0,806,455,5072,2691,5,0,5,0,182,93,553,290,6,4,0.0,0.6
Kyren Wilson,Adam Duffy,11,1562,1133,0.9624016937576084,0.7450720559074311,959,609,6127,3454,419,202,2633,1310,338,200,1401,798,123,50,239,102,6,3,0.0,0.6666666666666666
Gary Wilson,Mohamed Ibrahim,11,1365,961,0.9534848276730559,0.7330201492388575,673,386,4308,2314,23,4,144,46,247,123,777,396,89,29,110,37,6,0,0.0,1.0
Mark Williams,Rebecca Kenna,11,1596,848,0.9985680742911857,0.8664582774667876,1758,1156,12823,7369,31,3,157,33,329,200,1160,679,64,8,143,31,6,0,0.0,1.0
Robbie Williams,Ben Mertens,11,1405,1265,0.7231619987890416,0.5866175789173301,528,282,3363,1725,81,40,472,242,186,104,488,260,197,108,344,182,6,3,0.0,0.6666666666666666
Michael White,Himanshu Jain,11,1360,934,0.9614146468974891,0.7436448917562621,678,373,4380,2283,27,6,141,43,161,82,552,289,67,10,141,43,6,3,0.0,0.6666666666666666
Daniel Wells,Liam Highfield,11,1377,1305,0.6198729648761532,0.5448788923735801,497,248,3244,1620,500,264,3338,1730,166,92,400,218,114,54,484,236,6,2,0.0,0.75
Ricky Walden,Jiang Jun,11,1366,1019,0.9264627718319158,0.704225233864307,1115,663,7522,4122,8,2,41,17,258,127,854,464,41,17,41,17,6,1,0.0,0.8571428571428571
Chris Wakelin,Dean Young,11,1430,1060,0.9385878253885315,0.7160597938157098,366,196,2368,1219,87,34,444,188,283,163,651,344,137,60,341,137,6,0,0.0,1.0
Hossein Vafaei,Reanne Evans,11,1448,961,0.9776598823399545,0.771623296651567,295,176,2052,1080,201,61,1127,439,303,170,761,420,93,34,225,66,6,1,0.0,0.8571428571428571
Thepchaiya Un-Nooh,Andrew Higginson,11,1422,1344,0.6295033783102222,0.5485961085831343,534,311,3690,1964,861,497,5972,3243,196,110,603,319,147,79,422,227,6,1,0.0,0.8571428571428571
Judd Trump,Wang Xinzhong,11,1633,1002,0.9947135461848979,0.8288501655627865,1392,994,9507,5731,1,0,7,2,483,302,1546,952,7,2,7,2,6,0,0.0,1.0
Matthew Stevens,Liu Hongyu,11,1381,1214,0.7598272122029448,0.6028848673274662,1105,638,8366,4538,24,16,132,77,171,89,527,275,89,52,132,77,6,4,0.0,0.6
Elliot Slessor,Hammad Miah,11,1297,1233,0.6069119338528444,0.5399148845555657,331,158,2036,986,267,107,1720,777,204,108,511,252,131,59,416,203,6,2,0.0,0.75
Matthew Selt,Jimmy White,11,1412,1185,0.8305871461583106,0.6381861133090055,841,456,5409,2814,1556,838,12961,6708,413,212,937,481,131,54,360,150,6,1,0.0,0.8571428571428571
Mark Selby,Mohammed Asif,11,1580,1102,0.9757222922227878,0.7676341173216251,1507,1032,10782,6282,51,20,333,153,469,264,1318,746,98,34,161,70,6,2,0.0,0.75
Noppon Saengkham,Victor Sarkis,11,1420,911,0.9818354246371901,0.7811704063081433,424,220,2882,1447,17,1,88,17,276,145,649,341,70,13,88,17,6,3,0.0,0.6666666666666666
Neil Robertson,Ryan Thomerson,11,1453,966,0.9776598823399545,0.771623296651567,1226,817,9064,5218,59,15,345,130,266,134,979,554,96,34,174,61,6,4,0.0,0.6
Jimmy Robertson,Anton Kazakov,11,1416,969,0.9678839418865137,0.7535246977220308,712,391,4656,2433,28,3,165,50,249,138,723,394,89,27,165,50,6,2,0.0,0.75
Liam Pullen,Graeme Dott,11,1069,1399,0.08366922211424288,0.3047033306524346,28,15,165,82,1158,677,8319,4479,95,48,165,82,167,88,719,375,6,4,0.0,0.6
Tian Pengfei,Stephen Hendry,11,1340,1201,0.7217509605986691,0.5860112044388707,542,301,3549,1877,1287,898,11825,6919,162,83,467,232,29,6,103,28,6,3,0.0,0.6666666666666666
Jackson Page,Liam Graham,11,1360,997,0.9350825402753549,0.7124883131320702,171,84,1090,538,34,12,179,74,174,93,535,276,58,18,148,58,6,3,0.0,0.6666666666666666
Ronnie O'Sullivan,Ken Doherty,11,1634,1226,0.9550204518635534,0.7349725994665188,1484,1131,12801,7813,1271,739,10015,5405,254,155,1160,690,147,64,394,169,6,1,0.0,0.8571428571428571
Joe O'Connor,Siripaporn Nuanthakhamjan,11,1372,967,0.953872782768258,0.7335091181602805,251,121,1601,796,5,0,37,9,210,113,577,297,37,9,37,9,6,1,0.0,0.8571428571428571
Shaun Murphy,Andres Petrov,11,1535,1045,0.978274905028605,0.7729422593967386,1324,872,9561,5437,53,18,316,130,329,198,957,549,91,28,179,64,6,1,0.0,0.8571428571428571
Ross Muir,Wu Yize,11,1238,1367,0.29255716611659427,0.4200665998114943,268,106,1677,771,86,43,609,309,115,54,399,204,208,109,461,246,6,3,0.0,0.6666666666666666
Anthony McGill,Alfie Burden,11,1445,1270,0.7701380681178696,0.6076631698328917,730,434,4845,2636,789,412,5606,2851,215,117,762,412,168,91,357,172,6,3,0.0,0.6666666666666666
Stephen Maguire,Yisong Peng,11,1391,1032,0.9330079922034277,0.7104354810428751,1173,758,8524,4790,29,7,180,66,165,87,615,323,126,50,180,66,6,2,0.0,0.75
Jack Lisowski,He Guoqiang,11,1503,1208,0.8920712523878023,0.6764489333484797,765,467,4954,2711,39,24,230,121,349,191,1089,583,147,89,147,89,6,3,0.0,0.6666666666666666
Oliver Lines,Lukas Kleckers,11,1367,1231,0.7174960378979142,0.5841905229354074,351,168,2107,1035,206,85,1171,522,169,90,467,237,149,72,454,210,6,4,0.0,0.6
Sanderson Lam,Andy Hicks,11,1266,1246,0.5337956434399982,0.5124973964842103,251,98,1506,661,746,392,5717,2923,187,96,451,217,125,59,412,182,6,2,0.0,0.75
Pang Junxu,Zak Surety,11,1415,1201,0.8165650765983749,0.6306485256510744,133,71,832,428,225,100,1273,601,268,150,608,333,118,50,372,167,6,3,0.0,0.6666666666666666
Ding Junhui,Ian Burns,11,1493,1221,0.8734682358009771,0.6637386974043528,958,638,7328,4180,475,232,2982,1478,242,129,722,406,127,57,438,204,6,1,0.0,0.8571428571428571
Mark Joyce,Andy Lee,11,1268,1107,0.7519246125749761,0.5992881635083561,611,313,4241,2130,188,82,1123,511,119,60,426,202,101,35,223,97,6,3,0.0,0.6666666666666666
Jak Jones,Aaron Hill,11,1394,1291,0.6686649793168535,0.5640216374262577,358,168,2285,1071,99,44,569,271,242,132,629,327,173,92,446,219,6,2,0.0,0.75
Jamie Jones,Ashley Carty,11,1326,1293,0.5556431271115847,0.5206133097144486,649,386,4230,2286,256,121,1489,733,210,100,651,342,104,55,316,150,6,4,0.0,0.6
Si Jiahui,Julien Leclercq,11,1439,1165,0.875173026227756,0.6648537304059736,144,75,936,495,48,22,243,116,322,179,686,365,112,58,223,107,6,5,0.0,0.5454545454545454
John Higgins,Manasawin Phetmalaikul,11,1620,1001,0.9939943032590911,0.8245523608210006,1806,1276,14073,8304,41,16,223,98,392,237,1410,825,56,29,103,48,6,1,0.0,0.8571428571428571
Barry Hawkins,Andrew Pagett,11,1552,1137,0.9576055727116847,0.7383673414380187,1293,808,8891,4978,326,143,2079,984,246,144,930,529,145,63,292,114,6,0,0.0,1.0
Lyu Haotian,David Lilley,11,1441,1266,0.7701380681178696,0.6076631698328917,310,156,1994,992,230,114,1352,680,207,112,607,325,140,63,483,234,6,5,0.0,0.5454545454545454
Anthony Hamilton,Yulu Bai,11,1314,1021,0.890539718790496,0.6753536404444148,1027,584,7550,3982,7,3,47,21,160,74,509,253,47,21,47,21,6,0,0.0,1.0
Xiao Guodong,Ishpreet Singh Chadha,11,1496,1156,0.9224155451318702,0.7005671424739729,720,419,4504,2476,21,14,105,65,368,203,892,485,105,65,105,65,6,4,0.0,0.6
David Grace,Jenson Kendrick,11,1300,990,0.9030487322706271,0.6846015003234307,464,217,3022,1469,59,19,323,129,160,75,442,211,82,24,222,90,6,2,0.0,0.75
David Gilbert,James Cahill,11,1425,1289,0.7174960378979142,0.5841905229354074,907,528,6210,3350,312,131,1929,901,209,110,845,473,156,77,491,243,6,0,0.0,1.0
Marco Fu,Robert Milkins,11,1344,1412,0.38659106551765254,0.45760205922564895,948,554,7072,3828,1106,643,7683,4121,84,33,206,97,487,249,878,449,6,4,0.0,0.6
Tom Ford,Stan Moody,11,1425,1028,0.9506921929777727,0.729581436256663,901,515,6104,3258,29,8,162,65,314,165,882,473,87,29,147,59,6,4,0.0,0.6
Dylan Emery,Joe Perry,11,1224,1361,0.2810820363326102,0.415202325282263,93,40,512,248,1359,794,9343,5052,113,52,365,177,227,115,778,395,6,3,0.0,0.6666666666666666
Scott Donaldson,Louis Heathcote,11,1358,1256,0.6671313753074833,0.5634067862621936,468,249,2978,1516,178,82,992,483,167,87,644,322,174,93,466,226,6,4,0.0,0.6
Ryan Day,Mink Nutcharut,11,1377,971,0.9542580296327788,0.7339975165215696,1267,750,8359,4556,28,2,156,44,251,124,851,446,89,25,155,44,6,1,0.0,0.8571428571428571
Mark Davis,Rod Lawler,11,1333,1230,0.6686649793168535,0.5640216374262577,1287,765,8850,4809,927,479,6793,3454,176,91,503,247,95,43,309,146,6,4,0.0,0.6
Dominic Dale,Oliver Brown,11,1286,1146,0.7231619987890416,0.5866175789173301,1080,598,7484,3938,262,117,1408,667,123,65,436,208,108,42,252,104,6,3,0.0,0.6666666666666666
Sam Craigie,Thor Chuan Leong,11,1398,1191,0.8087108492997335,0.6265629971237182,329,175,1953,1022,161,57,999,436,140,75,533,284,56,30,86,50,6,1,0.0,0.8571428571428571
Ali Carter,Allan Taylor,11,1505,1245,0.8628843773345907,0.6570104626734988,1269,780,8573,4742,424,195,2471,1182,384,224,1094,632,123,59,358,157,6,2,0.0,0.75
Stuart Carrington,Xu Si,11,1296,1333,0.4376666286326199,0.4768914745109111,495,266,3101,1620,173,70,1101,499,144,80,467,244,155,78,419,202,6,4,0.0,0.6
Jordan Brown,Sean O'Sullivan,11,1289,1078,0.8132249556059346,0.6288998381516232,304,156,1850,925,270,101,1679,738,220,102,740,383,104,37,210,83,6,5,0.0,0.5454545454545454
Luca Brecel,Daniel Womersley,11,1548,1100,0.9681672813751492,0.7539887164489482,619,362,4141,2246,94,46,457,224,344,189,955,541,38,22,159,79,6,2,0.0,0.75
Stuart Bingham,Xing Zihao,11,1445,1011,0.9639990949198479,0.7474390202201999,1460,922,10102,5731,8,2,44,16,280,146,1070,579,44,16,44,16,6,0,0.0,1.0
John Astley,Jamie Clarke,11,1279,1309,0.44938553709444257,0.4812587841214648,341,155,2104,998,309,153,1812,903,145,67,452,221,111,52,481,234,6,5,0.0,0.5454545454545454
Zhang Anda,Alexander Ursenbacher,11,1471,1287,0.7814232040915076,0.6130141761393355,439,223,3024,1537,258,118,1556,742,261,154,514,286,121,61,390,190,6,3,0.0,0.6666666666666666
Mark Allen,Ma Hailong,11,1504,1064,0.965839292955625,0.7502601055951177,1028,680,7242,4113,14,4,91,39,304,163,998,573,91,39,91,39,6,2,0.0,0.75
Zhou Yuelong,Anthony Hamilton,11,1431,1314,0.6898164291923761,0.5726080638632601,468,278,2940,1586,1027,584,7550,3982,306,156,869,468,160,74,509,253,6,0,0.0,1.0
Gary Wilson,Robbie Williams,11,1365,1405,0.4326609967196092,0.47502081252106,673,386,4308,2314,528,282,3363,1725,247,123,777,396,186,104,488,260,6,4,0.0,0.6
Kyren Wilson,Elliot Slessor,11,1562,1297,0.86736860540385,0.6598217549720575,959,609,6127,3454,331,158,2036,986,338,200,1401,798,204,108,511,252,6,2,0.0,0.75
Daniel Wells,Neil Robertson,11,1377,1453,0.3736977219803135,0.45264238185691075,497,248,3244,1620,1226,817,9064,5218,166,92,400,218,266,134,979,554,6,1,0.0,0.8571428571428571
Ricky Walden,Jamie Jones,11,1366,1326,0.5673390032803908,0.52497918747894,1115,663,7522,4122,649,386,4230,2286,258,127,854,464,210,100,651,342,6,3,0.0,0.6666666666666666
Thepchaiya Un-Nooh,Matthew Selt,11,1422,1412,0.516913659711329,0.5062496744995104,534,311,3690,1964,841,456,5409,2814,196,110,603,319,413,212,937,481,6,5,0.0,0.5454545454545454
Judd Trump,Michael White,11,1633,1360,0.8743227316892204,0.6642964428999887,1392,994,9507,5731,678,373,4380,2283,483,302,1546,952,161,82,552,289,6,0,0.0,1.0
Mark Selby,Stuart Carrington,11,1580,1296,0.8834463881170871,0.6704011598088686,1507,1032,10782,6282,495,266,3101,1620,469,264,1318,746,144,80,467,244,6,2,0.0,0.75
Liam Pullen,Noppon Saengkham,11,1069,1420,0.07130107930391515,0.29369610806359303,28,15,165,82,424,220,2882,1447,95,48,165,82,276,145,649,341,6,5,0.0,0.5454545454545454
Ronnie O'Sullivan,Mark Joyce,11,1634,1268,0.9366041312681649,0.7140222267773016,1484,1131,12801,7813,611,313,4241,2130,254,155,1160,690,119,60,426,202,6,3,0.0,0.6666666666666666
Ross Muir,Hossein Vafaei,11,1238,1448,0.18789708275333833,0.37168381170463377,268,106,1677,771,295,176,2052,1080,115,54,399,204,303,170,761,420,6,5,0.0,0.5454545454545454
Anthony McGill,Sam Craigie,11,1445,1398,0.5789736932897438,0.5293412500457856,730,434,4845,2636,329,175,1953,1022,215,117,762,412,140,75,533,284,6,3,0.0,0.6666666666666666
Stephen Maguire,Joe O'Connor,11,1391,1372,0.53210977022266,0.5118727677562528,1173,758,8524,4790,251,121,1601,796,165,87,615,323,210,113,577,297,6,4,0.0,0.6
Jack Lisowski,Scott Donaldson,11,1503,1358,0.7301619442930439,0.5896454785627312,765,467,4954,2711,468,249,2978,1516,349,191,1089,583,167,87,644,322,6,4,0.0,0.6
Pang Junxu,Fan Zhengyi,11,1415,1346,0.6150281018113474,0.5430183807243099,133,71,832,428,145,59,946,418,268,150,608,333,222,120,554,277,6,5,0.0,0.5454545454545454
Ding Junhui,Long Zehuang,11,1493,1119,0.9405207501253184,0.7180885751833498,958,638,7328,4180,39,18,208,100,242,129,722,406,49,22,49,22,6,4,0.0,0.6
Jak Jones,Si Jiahui,11,1394,1439,0.424343657590278,0.4719046255916129,358,168,2285,1071,144,75,936,495,242,132,629,327,322,179,686,365,6,4,0.0,0.6
John Higgins,David Grace,11,1620,1300,0.9098789181107124,0.6899744811276125,1806,1276,14073,8304,464,217,3022,1469,392,237,1410,825,160,75,442,211,6,1,0.0,0.8571428571428571
Barry Hawkins,Tian Pengfei,11,1552,1340,0.8143426634341571,0.6294831119673949,1293,808,8891,4978,542,301,3549,1877,246,144,930,529,162,83,467,232,6,0,0.0,1.0
Lyu Haotian,Chris Wakelin,11,1441,1430,0.5186038051470776,0.5068745667645342,310,156,1994,992,366,196,2368,1219,207,112,607,325,283,163,651,344,6,1,0.0,0.8571428571428571
Xiao Guodong,Jimmy Robertson,11,1496,1416,0.6326951586011105,0.549833997312478,720,419,4504,2476,712,391,4656,2433,368,203,892,485,249,138,723,394,6,3,0.0,0.6666666666666666
Marco Fu,Sanderson Lam,11,1344,1266,0.6295033783102222,0.5485961085831343,948,554,7072,3828,251,98,1506,661,84,33,206,97,187,96,451,217,6,0,0.0,1.0
Tom Ford,Cao Yupeng,11,1425,1421,0.5067672397621659,0.5024999791668749,901,515,6104,3258,346,182,2327,1203,314,165,882,473,200,114,471,258,6,0,0.0,1.0
Dylan Emery,Wang Xinbo,11,1224,988,0.839863860460572,0.6433651456944017,93,40,512,248,1,0,5,0,113,52,365,177,5,0,5,0,6,4,0.0,0.6
Ryan Day,Jackson Page,11,1377,1360,0.528736253433527,0.5106234010049637,1267,750,8359,4556,171,84,1090,538,251,124,851,446,174,93,535,276,6,5,0.0,0.5454545454545454
Mark Davis,Luca Brecel,11,1333,1548,0.18233022307919186,0.36876933738359946,1287,765,8850,4809,619,362,4141,2246,176,91,503,247,344,189,955,541,6,3,0.0,0.6666666666666666
Dominic Dale,Shaun Murphy,11,1286,1535,0.14735784851014433,0.34921307920316513,1080,598,7484,3938,1324,872,9561,5437,123,65,436,208,329,198,957,549,6,3,0.0,0.6666666666666666
Ali Carter,John Astley,11,1505,1279,0.8295346319186601,0.637608652621925,1269,780,8573,4742,341,155,2104,998,384,224,1094,632,145,67,452,221,6,5,0.0,0.5454545454545454
Jordan Brown,David Gilbert,11,1289,1425,0.2825039621020861,0.4158094770645927,304,156,1850,925,907,528,6210,3350,220,102,740,383,209,110,845,473,6,3,0.0,0.6666666666666666
Stuart Bingham,Matthew Stevens,11,1445,1381,0.6069119338528444,0.5399148845555657,1460,922,10102,5731,1105,638,8366,4538,280,146,1070,579,171,89,527,275,6,5,0.0,0.5454545454545454
Zhang Anda,Mark Williams,11,1471,1596,0.2983786565775312,0.4225046348141883,439,223,3024,1537,1758,1156,12823,7369,261,154,514,286,329,200,1160,679,6,3,0.0,0.6666666666666666
Mark Allen,Oliver Lines,11,1504,1367,0.7189179636673898,0.584797674717737,1028,680,7242,4113,351,168,2107,1035,304,163,998,573,169,90,467,237,6,3,0.0,0.6666666666666666
Daniel Wells,Zhou Yuelong,11,1377,1431,0.4094630789834134,0.4663011645670992,497,248,3244,1620,468,278,2940,1586,166,92,400,218,306,156,869,468,6,1,0.0,0.8571428571428571
Thepchaiya Un-Nooh,Mark Allen,11,1422,1504,0.3641225903359488,0.448928730692658,534,311,3690,1964,1028,680,7242,4113,196,110,603,319,304,163,998,573,6,3,0.0,0.6666666666666666
Mark Selby,Xiao Guodong,11,1580,1496,0.6390499244261589,0.5523079095743253,1507,1032,10782,6282,720,419,4504,2476,469,264,1318,746,368,203,892,485,6,2,0.0,0.75
Ronnie O'Sullivan,Jak Jones,11,1634,1394,0.8438737358496442,0.6456563062257954,1484,1131,12801,7813,358,168,2285,1071,254,155,1160,690,242,132,629,327,6,4,0.0,0.6
Anthony McGill,Jack Lisowski,11,1445,1503,0.4028914906484895,0.4638133797682053,730,434,4845,2636,765,467,4954,2711,215,117,762,412,349,191,1089,583,6,2,0.0,0.75
Stephen Maguire,Judd Trump,11,1391,1633,0.154147388262509,0.35320060744201437,1173,758,8524,4790,1392,994,9507,5731,165,87,615,323,483,302,1546,952,6,3,0.0,0.6666666666666666
Pang Junxu,Mark Davis,11,1415,1333,0.6358774096640514,0.551071269307342,133,71,832,428,1287,765,8850,4809,268,150,608,333,176,91,503,247,6,3,0.0,0.6666666666666666
Ding Junhui,Gary Wilson,11,1493,1365,0.7059926256230133,0.5793242521487495,958,638,7328,4180,673,386,4308,2314,242,129,722,406,247,123,777,396,6,5,0.0,0.5454545454545454
John Higgins,Dylan Emery,11,1620,1224,0.9502820925043266,0.7290879223493065,1806,1276,14073,8304,93,40,512,248,392,237,1410,825,113,52,365,177,6,1,0.0,0.8571428571428571
Barry Hawkins,Ricky Walden,11,1552,1366,0.7838851580228863,0.6141996427768951,1293,808,8891,4978,1115,663,7522,4122,246,144,930,529,258,127,854,464,6,4,0.0,0.6
Lyu Haotian,Dominic Dale,11,1441,1286,0.7438795181694131,0.5956807306078472,310,156,1994,992,1080,598,7484,3938,207,112,607,325,123,65,436,208,6,3,0.0,0.6666666666666666
Tom Ford,Marco Fu,11,1425,1344,0.6342874882791352,0.5504527113395278,901,515,6104,3258,948,554,7072,3828,314,165,882,473,84,33,206,97,6,3,0.0,0.6666666666666666
Ryan Day,Ross Muir,11,1377,1238,0.7217509605986691,0.5860112044388707,1267,750,8359,4556,268,106,1677,771,251,124,851,446,115,54,399,204,6,1,0.0,0.8571428571428571
Ali Carter,Stuart Bingham,11,1505,1445,0.6003837402395101,0.5374298453437496,1269,780,8573,4742,1460,922,10102,5731,384,224,1094,632,280,146,1070,579,6,4,0.0,0.6
Jordan Brown,Kyren Wilson,11,1289,1562,0.12567726831077955,0.33570355710001126,304,156,1850,925,959,609,6127,3454,220,102,740,383,338,200,1401,798,6,4,0.0,0.6
Zhang Anda,Liam Pullen,11,1471,1069,0.9527007395538005,0.7320405018416317,439,223,3024,1537,28,15,165,82,261,154,514,286,95,48,165,82,6,3,0.0,0.6666666666666666
Ronnie O'Sullivan,Anthony McGill,11,1634,1445,0.7875465492423712,0.6159753019181258,1484,1131,12801,7813,730,434,4845,2636,254,155,1160,690,215,117,762,412,6,2,0.0,0.75
Stephen Maguire,Ryan Day,11,1391,1377,0.5236720238796282,0.5087491068802403,1173,758,8524,4790,1267,750,8359,4556,165,87,615,323,251,124,851,446,6,4,0.0,0.6
Ding Junhui,Pang Junxu,11,1493,1415,0.6295033783102222,0.5485961085831343,958,638,7328,4180,133,71,832,428,242,129,722,406,268,150,608,333,6,2,0.0,0.75
Barry Hawkins,Thepchaiya Un-Nooh,11,1552,1422,0.7088895687139617,0.5805423048206596,1293,808,8891,4978,534,311,3690,1964,246,144,930,529,196,110,603,319,6,5,0.0,0.5454545454545454
Tom Ford,Mark Selby,11,1425,1580,0.2561204818305868,0.4043192693921528,901,515,6104,3258,1507,1032,10782,6282,314,165,882,473,469,264,1318,746,6,3,0.0,0.6666666666666666
Ali Carter,Daniel Wells,11,1505,1377,0.7059926256230133,0.5793242521487495,1269,780,8573,4742,497,248,3244,1620,384,224,1094,632,166,92,400,218,6,1,0.0,0.8571428571428571
Jordan Brown,John Higgins,11,1289,1620,0.08304441701357537,0.3041739413707126,304,156,1850,925,1806,1276,14073,8304,220,102,740,383,392,237,1410,825,6,3,0.0,0.6666666666666666
Zhang Anda,Lyu Haotian,11,1471,1441,0.550614462905557,0.5187412158785352,439,223,3024,1537,310,156,1994,992,261,154,514,286,207,112,607,325,6,3,0.0,0.6666666666666666
Ronnie O'Sullivan,Ali Carter,11,1634,1505,0.7074428338834061,0.5799334001885058,1484,1131,12801,7813,1269,780,8573,4742,254,155,1160,690,384,224,1094,632,6,4,0.0,0.6
Tom Ford,Barry Hawkins,11,1425,1552,0.29546103784140204,0.421285137539866,901,515,6104,3258,1293,808,8891,4978,314,165,882,473,246,144,930,529,6,4,0.0,0.6
Jordan Brown,Stephen Maguire,11,1289,1391,0.33286862469251693,0.4365932137378064,304,156,1850,925,1173,758,8524,4790,220,102,740,383,165,87,615,323,6,5,0.0,0.5454545454545454
Zhang Anda,Ding Junhui,11,1471,1493,0.4628345373072449,0.486253465097645,439,223,3024,1537,958,638,7328,4180,261,154,514,286,242,129,722,406,6,3,0.0,0.6666666666666666
Tom Ford,Jordan Brown,17,1425,1289,0.7610326105735516,0.5841905229354074,901,515,6104,3258,304,156,1850,925,314,165,882,473,220,102,740,383,9,6,0.0,0.6
Zhang Anda,Ronnie O'Sullivan,17,1471,1634,0.19776247489108112,0.3995117254730337,439,223,3024,1537,1484,1131,12801,7813,261,154,514,286,254,155,1160,690,9,6,0.0,0.6
Zhang Anda,Tom Ford,19,1471,1425,0.6002080964095705,0.5287183569514396,439,223,3024,1537,901,515,6104,3258,261,154,514,286,314,165,882,473,10,6,0.0,0.625
Xing Zihao,David Grace,7,999,1295,0.15779994964470245,0.323004143761477,9,2,50,16,466,218,3037,1476,50,16,50,16,175,82,457,218,4,0,0.0,1.0
Fan Zhengyi,Liu Hongyu,7,1348,1214,0.6765921632853334,0.5829754542011996,147,60,965,429,25,16,142,81,241,131,573,288,99,56,142,81,4,2,0.0,0.6666666666666666
Cao Yupeng,Robert Milkins,7,1416,1401,0.5204982038546295,0.5093739015216607,348,183,2339,1209,1107,643,7693,4125,212,120,483,264,497,253,888,453,4,3,0.0,0.5714285714285714
Dean Young,Mohamed Ibrahim,7,1046,948,0.6313550071762073,0.5609454503247162,88,34,450,188,24,4,150,46,143,60,347,137,95,29,116,37,4,2,0.0,0.6666666666666666
Gary Wilson,Louis Heathcote,7,1390,1253,0.6802510445614828,0.584797674717737,676,388,4335,2331,179,82,1002,487,274,140,804,413,184,97,476,230,4,3,0.0,0.5714285714285714
Mark Williams,Tian Pengfei,7,1584,1328,0.8079159048674549,0.6547534606063192,1760,1157,12838,7378,544,302,3564,1883,344,209,1175,688,177,89,482,238,4,1,0.0,0.8
Robbie Williams,Liam Pullen,7,1401,1118,0.8315565774707512,0.6698485160570237,530,283,3382,1735,31,17,195,97,205,114,507,270,125,63,195,97,4,1,0.0,0.8
Michael White,Mink Nutcharut,7,1338,964,0.896197449963507,0.7180885751833498,680,374,4395,2289,29,2,163,45,176,88,567,295,96,26,162,45,4,2,0.0,0.6666666666666666
Ricky Walden,Ben Woollaston,7,1387,1360,0.536858082179779,0.5168685956913849,1118,665,7548,4138,807,455,5082,2695,284,143,880,480,192,97,563,294,4,2,0.0,0.6666666666666666
Chris Wakelin,Anthony Hamilton,7,1424,1310,0.651748409886971,0.5707716118944918,368,197,2381,1226,1029,585,7562,3988,296,170,664,351,172,80,521,259,4,0,0.0,1.0
Hossein Vafaei,Mark Joyce,7,1438,1276,0.7099919234270913,0.5998883688639983,297,177,2070,1091,613,314,4259,2139,321,181,779,431,137,69,444,211,4,1,0.0,0.8
Judd Trump,Jenson Kendrick,7,1634,986,0.9829099450552075,0.8347951298093854,1395,996,9528,5746,60,19,331,131,504,317,1567,967,90,26,230,92,4,1,0.0,0.8
Zak Surety,Joe O'Connor,7,1198,1372,0.2762380014579778,0.39293301192829644,226,100,1282,604,253,122,1618,806,127,53,381,170,227,123,594,307,4,2,0.0,0.6666666666666666
Matthew Stevens,Stephen Hendry,7,1381,1195,0.7371828058525272,0.6141996427768951,1107,639,8387,4549,1288,898,11834,6922,192,100,548,286,38,9,112,31,4,2,0.0,0.6666666666666666
Yuan Sijun,Xiao Guodong,7,1457,1484,0.4631419178202212,0.48313140430861523,241,124,1518,778,723,421,4531,2490,163,94,549,311,395,217,919,499,4,1,0.0,0.8
Xu Si,Alexander Ursenbacher,7,1323,1283,0.5545057991359676,0.52497918747894,174,70,1111,503,259,118,1565,745,165,82,429,206,130,64,399,193,4,2,0.0,0.6666666666666666
Matthew Selt,Andy Lee,7,1421,1102,0.8598606169693392,0.6894394530607736,843,457,5427,2825,189,82,1132,514,431,223,955,492,110,38,232,100,4,1,0.0,0.8
Noppon Saengkham,Himanshu Jain,7,1391,940,0.9342992837911581,0.7553772379137498,426,221,2902,1458,28,6,150,46,296,156,669,352,76,13,150,46,4,0,0.0,1.0
Neil Robertson,Wu Yize,7,1417,1349,0.5920814957526257,0.542397940774351,1228,818,9081,5225,87,43,618,312,283,141,996,561,217,112,470,249,4,1,0.0,0.8
Jimmy Robertson,Sydney Wilson,7,1407,1164,0.7957969165005263,0.647370307581549,714,392,4673,2442,232,95,1332,613,266,147,740,403,61,38,157,89,4,2,0.0,0.6666666666666666
Barry Pinches,Manasawin Phetmalaikul,7,1151,999,0.698260993708389,0.5938731029341427,865,435,6428,3291,42,16,230,99,159,76,405,175,63,30,110,49,4,3,0.0,0.5714285714285714
Andres Petrov,Sanderson Lam,7,1040,1259,0.22781497267732487,0.3664446223632249,54,18,323,131,253,99,1520,667,98,29,186,65,201,102,465,223,4,3,0.0,0.5714285714285714
Joe Perry,Ishpreet Singh Chadha,7,1343,1164,0.7293972619311108,0.610044672404527,1360,794,9352,5055,22,14,115,69,236,118,787,398,115,69,115,69,4,2,0.0,0.6666666666666666
Yisong Peng,He Guoqiang,7,1029,1209,0.26948305440756287,0.389360766050778,30,7,188,68,40,24,239,124,134,52,188,68,156,92,156,92,4,1,0.0,0.8
Jackson Page,Liam Graham,7,1354,1000,0.883921914952807,0.7078572714244814,173,85,1110,549,35,12,188,77,194,104,555,287,67,21,157,61,4,0,0.0,1.0
Sean O'Sullivan,Andrew Higginson,7,1085,1327,0.20515498938795906,0.35320060744201437,271,101,1690,743,862,497,5979,3244,115,42,221,88,154,80,429,228,4,2,0.0,0.6666666666666666
Martin O'Donnell,Daniel Wells,7,1342,1417,0.3986489708076568,0.45326184801538616,477,240,2954,1493,501,251,3273,1639,132,70,413,211,195,111,429,237,4,3,0.0,0.5714285714285714
Shaun Murphy,Ryan Thomerson,7,1517,980,0.9624208765455056,0.7929007649074549,1326,873,9577,5446,60,15,355,134,345,207,973,558,106,38,184,65,4,2,0.0,0.6666666666666666
Ross Muir,Victor Sarkis,7,1255,919,0.8719653706122326,0.6984652160025387,271,108,1704,784,18,1,97,20,142,67,426,217,79,16,97,20,4,2,0.0,0.6666666666666666
Stan Moody,Zhou Yuelong,7,1038,1451,0.0827732218068046,0.26259971417233613,30,8,172,69,471,280,2959,1599,97,33,157,63,325,169,888,481,4,2,0.0,0.6666666666666666
Hammad Miah,Reanne Evans,7,1220,956,0.8151364341594428,0.6592603884513855,268,107,1728,779,202,61,1134,440,139,61,424,205,100,35,232,67,4,0,0.0,1.0
Rory McLeod,Ahmed Aly Elsayed,7,1195,963,0.7851724867885262,0.6410674063348171,704,368,5001,2544,7,0,32,5,81,37,333,147,32,5,32,5,4,0,0.0,1.0
Robbie Mcguigan,Mohammed Asif,7,1005,1103,0.36864499282379254,0.43905454967528373,56,20,249,105,52,20,341,155,23,8,194,81,106,36,169,72,4,1,0.0,0.8
Anthony McGill,Jimmy White,7,1467,1173,0.8405938136052916,0.6759015277259407,734,437,4879,2656,1557,838,12968,6709,249,137,796,432,138,55,367,151,4,3,0.0,0.5714285714285714
Stephen Maguire,Fergal O'Brien,7,1422,1237,0.7360780864464773,0.6136070778047783,1178,762,8572,4819,1025,561,7472,3886,213,116,663,352,82,39,394,187,4,3,0.0,0.5714285714285714
Jack Lisowski,Rebecca Kenna,7,1485,842,0.9822661810095412,0.8330640049346015,768,469,4981,2725,32,3,163,33,376,205,1116,597,70,8,149,31,4,1,0.0,0.8
Julien Leclercq,Adam Duffy,7,1176,1139,0.5504420624351876,0.523108525489089,49,22,254,121,420,202,2642,1313,123,63,234,112,132,53,248,105,4,1,0.0,0.8
Rod Lawler,Siripaporn Nuanthakhamjan,7,1227,960,0.8177973252726516,0.6609431415591629,928,479,6803,3458,6,0,44,10,105,47,319,150,44,10,44,10,4,0,0.0,1.0
Lukas Kleckers,Andrew Pagett,7,1230,1124,0.641605432096216,0.5658650028954817,207,85,1181,526,327,143,2085,984,159,76,464,214,151,63,298,114,4,3,0.0,0.5714285714285714
Anton Kazakov,Long Zehuang,7,969,1151,0.2672511194925776,0.3881726309982629,29,3,173,52,41,19,229,110,97,29,173,52,70,32,70,32,4,1,0.0,0.8
Jiang Jun,Andy Hicks,7,1010,1231,0.22578679083118888,0.3652845846208415,9,2,48,18,747,392,5725,2925,48,18,48,18,133,61,420,184,4,2,0.0,0.6666666666666666
Jak Jones,Oliver Brown,7,1418,1140,0.8273350387178837,0.6670782770956253,361,170,2313,1087,263,117,1417,670,270,148,657,343,117,45,261,107,4,0,0.0,1.0
Aaron Hill,David Lilley,7,1279,1271,0.510936041856229,0.5049998333399998,100,44,577,273,231,114,1363,685,181,94,454,221,151,68,494,239,4,1,0.0,0.8
Barry Hawkins,Elliot Slessor,7,1565,1304,0.8124499949726253,0.6575736106164225,1298,812,8934,5006,333,159,2052,994,289,172,973,557,220,116,527,260,4,1,0.0,0.8
Lyu Haotian,Ashley Carty,7,1451,1287,0.7123105654940886,0.6010878788483698,314,159,2030,1013,257,121,1499,737,243,133,643,346,114,59,326,154,4,1,0.0,0.8
Ma Hailong,Ryan Day,7,1064,1396,0.1308111240238948,0.3036450701761659,15,4,99,41,1271,753,8394,4578,99,41,99,41,286,146,886,468,4,3,0.0,0.5714285714285714
David Gilbert,Joel Connolly Jnr,7,1426,974,0.9347062907150968,0.7558388990947971,909,529,6225,3359,2,0,11,1,224,119,860,482,0,0,11,1,4,1,0.0,0.8
Marco Fu,Jamie Jones,7,1368,1322,0.5626145694127913,0.5287183569514396,951,556,7097,3843,651,387,4249,2295,109,48,231,112,229,109,670,351,4,2,0.0,0.6666666666666666
Tom Ford,Haydon Pinhey,7,1472,1127,0.8780529423159423,0.7031827112198086,908,521,6179,3303,92,43,473,226,389,210,957,518,117,63,294,139,4,0,0.0,1.0
Dylan Emery,Martin Gould,7,1232,1305,0.40129146875494726,0.45450121278721795,96,42,538,261,885,522,5772,3123,139,65,391,190,94,40,537,257,4,3,0.0,0.5714285714285714
Graeme Dott,Oliver Lines,7,1375,1362,0.5177671819164105,0.5081242849062608,1159,677,8329,4483,353,169,2126,1044,177,92,729,379,188,99,486,246,4,0,0.0,1.0
Ken Doherty,Liam Highfield,7,1219,1292,0.40129146875494726,0.45450121278721795,1272,739,10022,5406,501,264,3346,1732,154,65,401,170,122,56,492,238,4,3,0.0,0.5714285714285714
Mark Davis,Scott Donaldson,7,1348,1360,0.4835986704357121,0.4925005624493796,1290,767,8878,4824,470,250,2998,1526,204,106,531,262,187,97,664,332,4,0,0.0,1.0
Dominic Dale,Allan Taylor,7,1309,1239,0.5947357972115818,0.5436386872370789,1083,600,7511,3953,425,195,2479,1184,150,80,463,223,131,61,366,159,4,1,0.0,0.8
Sam Craigie,Kyren Wilson,7,1401,1541,0.31610864255174254,0.41338242108267,331,176,1969,1031,962,611,6154,3470,156,84,549,293,365,216,1428,814,4,3,0.0,0.5714285714285714
Jamie Clarke,Alfie Davies,7,1303,1066,0.7900435532881105,0.643938555965633,310,153,1823,908,21,13,114,62,122,57,492,239,71,39,114,62,4,3,0.0,0.5714285714285714
Thor Chuan Leong,John Astley,7,1178,1293,0.3469916118703663,0.42861601832306767,162,57,1006,437,343,156,2126,1009,63,31,93,51,167,78,474,232,4,0,0.0,1.0
James Cahill,Duane Jones,7,1269,1230,0.5531518743848329,0.5243557087682073,313,131,1935,901,306,138,1823,886,162,77,497,243,121,59,490,246,4,1,0.0,0.8
Ian Burns,Pang Junxu,7,1210,1414,0.24336993834212794,0.3751935255315707,476,232,2989,1479,137,74,869,448,134,58,445,205,305,170,645,353,4,2,0.0,0.6666666666666666
Alfie Burden,Mostafa Dorgham,7,1266,962,0.8485117931807986,0.6813537337890256,790,412,5615,2854,5,0,33,4,177,94,366,175,23,4,23,4,4,3,0.0,0.5714285714285714
Jordan Brown,Stuart Carrington,7,1354,1301,0.5720392978025534,0.5330766223661046,310,161,1915,961,497,267,3119,1628,285,138,805,419,162,88,485,252,4,2,0.0,0.6666666666666666
Stuart Bingham,Ashley Hugill,7,1451,1274,0.7271505015076656,0.6088545692109504,1463,924,10129,5747,236,104,1405,665,307,162,1097,595,168,75,506,239,4,3,0.0,0.5714285714285714
Zhang Anda,Si Jiahui,7,1546,1419,0.6679843009449487,0.578714862460134,446,230,3100,1586,146,76,957,505,337,203,590,335,343,189,707,375,4,1,0.0,0.8
Mark Allen,Ben Mertens,7,1495,1259,0.7890748963496146,0.6433651456944017,1031,682,7268,4128,82,40,481,245,330,178,1024,588,206,111,353,185,4,0,0.0,1.0
Xing Zihao,Graeme Dott,7,999,1375,0.10263206739874184,0.2809003425836161,9,2,50,16,1159,677,8329,4483,50,16,50,16,177,92,729,379,4,1,0.0,0.8
Gary Wilson,Lukas Kleckers,7,1390,1230,0.7076639986592218,0.598687660112452,676,388,4335,2331,207,85,1181,526,274,140,804,413,159,76,464,214,4,1,0.0,0.8
Robbie Williams,Mark Williams,7,1401,1584,0.26613888371112276,0.38757906065208403,530,283,3382,1735,1760,1157,12838,7378,205,114,507,270,344,209,1175,688,4,2,0.0,0.6666666666666666
Ricky Walden,Dominic Dale,7,1387,1309,0.6053054839891849,0.5485961085831343,1118,665,7548,4138,1083,600,7511,3953,284,143,880,480,150,80,463,223,4,3,0.0,0.5714285714285714
Chris Wakelin,Alfie Burden,7,1424,1266,0.7053268662779104,0.5974857658270161,368,197,2381,1226,790,412,5615,2854,296,170,664,351,177,94,366,175,4,2,0.0,0.6666666666666666
Hossein Vafaei,Anton Kazakov,7,1438,969,0.9413132305006316,0.763596605159627,297,177,2070,1091,29,3,173,52,321,181,779,431,97,29,173,52,4,0,0.0,1.0
Judd Trump,Julien Leclercq,7,1634,1176,0.937104951446693,0.7585964618789349,1395,996,9528,5746,49,22,254,121,504,317,1567,967,123,63,234,112,4,0,0.0,1.0
Yuan Sijun,Jamie Clarke,7,1457,1303,0.7006252854909363,0.595078473866134,241,124,1518,778,310,153,1823,908,163,94,549,311,122,57,492,239,4,0,0.0,1.0
Matthew Selt,Dean Young,7,1421,1046,0.8967839705837035,0.7185943925708561,843,457,5427,2825,88,34,450,188,431,223,955,492,143,60,347,137,4,3,0.0,0.5714285714285714
Noppon Saengkham,Barry Pinches,7,1391,1151,0.792932804884019,0.6456563062257954,426,221,2902,1458,865,435,6428,3291,296,156,669,352,159,76,405,175,4,1,0.0,0.8
Jimmy Robertson,Yisong Peng,7,1407,1029,0.8985282020078706,0.7201085268004915,714,392,4673,2442,30,7,188,68,266,147,740,403,134,52,188,68,4,0,0.0,1.0
Andres Petrov,Mark Allen,7,1040,1495,0.06408512441759551,0.24277965964596,54,18,323,131,1031,682,7268,4128,98,29,186,65,330,178,1024,588,4,3,0.0,0.5714285714285714
Joe Perry,Michael White,7,1343,1338,0.5068355814796678,0.5031249593105316,1360,794,9352,5055,680,374,4395,2289,236,118,787,398,176,88,567,295,4,3,0.0,0.5714285714285714
Sean O'Sullivan,Zak Surety,7,1085,1198,0.3495133530299832,0.42984097461816473,271,101,1690,743,226,100,1282,604,115,42,221,88,127,53,381,170,4,3,0.0,0.5714285714285714
Martin O'Donnell,Ma Hailong,7,1342,1064,0.8273350387178837,0.6670782770956253,477,240,2954,1493,15,4,99,41,132,70,413,211,99,41,99,41,4,1,0.0,0.8
Shaun Murphy,Marco Fu,7,1517,1368,0.6946979044907379,0.5920629281648192,1326,873,9577,5446,951,556,7097,3843,345,207,973,558,109,48,231,112,4,3,0.0,0.5714285714285714
Stan Moody,Rod Lawler,7,1038,1227,0.25951818668021626,0.3840246980818742,30,8,172,69,928,479,6803,3458,97,33,157,63,105,47,319,150,4,1,0.0,0.8
Rory McLeod,Ross Muir,7,1195,1255,0.4185795134993229,0.46257015465625045,704,368,5001,2544,271,108,1704,784,81,37,333,147,142,67,426,217,4,3,0.0,0.5714285714285714
Anthony McGill,Robbie Mcguigan,7,1467,1005,0.9386632502575782,0.7604230019887311,734,437,4879,2656,56,20,249,105,249,137,796,432,23,8,194,81,4,3,0.0,0.5714285714285714
Stephen Maguire,James Cahill,7,1422,1269,0.6994442564412618,0.5944759307482401,1178,762,8572,4819,313,131,1935,901,213,116,663,352,162,77,497,243,4,2,0.0,0.6666666666666666
Jack Lisowski,Jackson Page,7,1485,1354,0.6729150209582897,0.5811509642893937,768,469,4981,2725,173,85,1110,549,376,205,1116,597,194,104,555,287,4,1,0.0,0.8
Jak Jones,Mark Davis,7,1418,1348,0.5947357972115818,0.5436386872370789,361,170,2313,1087,1290,767,8878,4824,270,148,657,343,204,106,531,262,4,2,0.0,0.6666666666666666
Aaron Hill,Fan Zhengyi,7,1279,1348,0.4065907825999159,0.4569816192756902,100,44,577,273,147,60,965,429,181,94,454,221,241,131,573,288,4,1,0.0,0.8
Barry Hawkins,Jiang Jun,7,1565,1010,0.966766457931315,0.8001928324515694,1298,812,8934,5006,9,2,48,18,289,172,973,557,48,18,48,18,4,1,0.0,0.8
Lyu Haotian,Tom Ford,7,1451,1472,0.4713154170628733,0.4868780138177567,314,159,2030,1013,908,521,6179,3303,243,133,643,346,389,210,957,518,4,3,0.0,0.5714285714285714
David Gilbert,Matthew Stevens,7,1426,1381,0.5612649493584694,0.528095374408387,909,529,6225,3359,1107,639,8387,4549,224,119,860,482,192,100,548,286,4,3,0.0,0.5714285714285714
Dylan Emery,Cao Yupeng,7,1232,1416,0.2650291458891245,0.38698582386066455,96,42,538,261,348,183,2339,1209,139,65,391,190,212,120,483,264,4,3,0.0,0.5714285714285714
Sam Craigie,Hammad Miah,7,1401,1220,0.7316341543771714,0.6112334666758695,331,176,1969,1031,268,107,1728,779,156,84,549,293,139,61,424,205,4,2,0.0,0.6666666666666666
Ian Burns,Ken Doherty,7,1210,1219,0.48769738857442835,0.4943752372926745,476,232,2989,1479,1272,739,10022,5406,134,58,445,205,154,65,401,170,4,2,0.0,0.6666666666666666
Jordan Brown,Neil Robertson,7,1354,1417,0.41457369574132835,0.4607061941016405,310,161,1915,961,1228,818,9081,5225,285,138,805,419,283,141,996,561,4,1,0.0,0.8
Stuart Bingham,Xu Si,7,1451,1323,0.6692199309586204,0.5793242521487495,1463,924,10129,5747,174,70,1111,503,307,162,1097,595,165,82,429,206,4,1,0.0,0.8
Zhang Anda,Thor Chuan Leong,7,1546,1178,0.8926243040427981,0.7150421057009898,446,230,3100,1586,162,57,1006,437,337,203,590,335,63,31,93,51,4,1,0.0,0.8
Xing Zihao,Andres Petrov,7,999,1040,0.44414095234189266,0.47439741167538224,9,2,50,16,54,18,323,131,50,16,50,16,98,29,186,65,4,1,0.0,0.8
Robbie Williams,Zhang Anda,7,1401,1546,0.31008353284223983,0.4103545214372688,530,283,3382,1735,446,230,3100,1586,205,114,507,270,337,203,590,335,4,1,0.0,0.8
Ricky Walden,Stuart Bingham,7,1387,1451,0.4132404983976814,0.46008511544443426,1118,665,7548,4138,1463,924,10129,5747,284,143,880,480,307,162,1097,595,4,1,0.0,0.8
Chris Wakelin,Martin O'Donnell,7,1424,1342,0.6105601107289808,0.551071269307342,368,197,2381,1226,477,240,2954,1493,296,170,664,351,132,70,413,211,4,1,0.0,0.8
Judd Trump,Ian Burns,7,1634,1210,0.9224999958617198,0.7426905453026857,1395,996,9528,5746,476,232,2989,1479,504,317,1567,967,134,58,445,205,4,2,0.0,0.6666666666666666
Yuan Sijun,Jordan Brown,7,1457,1354,0.6377737431786725,0.5640216374262577,241,124,1518,778,310,161,1915,961,163,94,549,311,285,138,805,419,4,2,0.0,0.6666666666666666
Noppon Saengkham,Anthony McGill,7,1391,1467,0.3973295650806627,0.45264238185691075,426,221,2902,1458,734,437,4879,2656,296,156,669,352,249,137,796,432,4,0,0.0,1.0
Joe Perry,Hossein Vafaei,7,1343,1438,0.37251518031789344,0.440902528097607,1360,794,9352,5055,297,177,2070,1091,236,118,787,398,321,181,779,431,4,3,0.0,0.5714285714285714
Shaun Murphy,Sean O'Sullivan,7,1517,1085,0.9261623827014096,0.7464939833376621,1326,873,9577,5446,271,101,1690,743,345,207,973,558,115,42,221,88,4,0,0.0,1.0
Stan Moody,Gary Wilson,7,1038,1390,0.11736356358571863,0.29317777890643243,30,8,172,69,676,388,4335,2331,97,33,157,63,274,140,804,413,4,2,0.0,0.6666666666666666
Rory McLeod,Jak Jones,7,1195,1418,0.22376950863341183,0.3641261085729462,704,368,5001,2544,361,170,2313,1087,81,37,333,147,270,148,657,343,4,3,0.0,0.5714285714285714
Stephen Maguire,Sam Craigie,7,1422,1401,0.5286845829371267,0.5131219861822433,1178,762,8572,4819,331,176,1969,1031,213,116,663,352,156,84,549,293,4,2,0.0,0.6666666666666666
Jack Lisowski,Matthew Selt,7,1485,1421,0.5867595016023184,0.5399148845555657,768,469,4981,2725,843,457,5427,2825,376,205,1116,597,431,223,955,492,4,1,0.0,0.8
Aaron Hill,Dylan Emery,7,1279,1232,0.5639634145132848,0.5293412500457856,100,44,577,273,96,42,538,261,181,94,454,221,139,65,391,190,4,0,0.0,1.0
Barry Hawkins,Jimmy Robertson,7,1565,1407,0.7053268662779104,0.5974857658270161,1298,812,8934,5006,714,392,4673,2442,289,172,973,557,266,147,740,403,4,1,0.0,0.8
David Gilbert,Lyu Haotian,7,1426,1451,0.465864760862579,0.4843800842769844,909,529,6225,3359,314,159,2030,1013,224,119,860,482,243,133,643,346,4,1,0.0,0.8
Ricky Walden,Xing Zihao,7,1387,999,0.9041778640069977,0.7251194977898231,1118,665,7548,4138,9,2,50,16,284,143,880,480,50,16,50,16,4,1,0.0,0.8
Chris Wakelin,Shaun Murphy,7,1424,1517,0.37510296628937845,0.4421354272792655,368,197,2381,1226,1326,873,9577,5446,296,170,664,351,345,207,973,558,4,2,0.0,0.6666666666666666
Judd Trump,Noppon Saengkham,7,1634,1391,0.7957969165005263,0.647370307581549,1395,996,9528,5746,426,221,2902,1458,504,317,1567,967,296,156,669,352,4,3,0.0,0.5714285714285714
Yuan Sijun,Stan Moody,7,1457,1038,0.9201375829804304,0.7402945416674501,241,124,1518,778,30,8,172,69,163,94,549,311,97,33,157,63,4,2,0.0,0.6666666666666666
Stephen Maguire,Joe Perry,7,1422,1343,0.6066210971235376,0.5492151291013335,1178,762,8572,4819,1360,794,9352,5055,213,116,663,352,236,118,787,398,4,3,0.0,0.5714285714285714
Jack Lisowski,Aaron Hill,7,1485,1279,0.7587387600845145,0.6259778577666038,768,469,4981,2725,100,44,577,273,376,205,1116,597,181,94,454,221,4,1,0.0,0.8
Barry Hawkins,Robbie Williams,7,1565,1401,0.7123105654940886,0.6010878788483698,1298,812,8934,5006,530,283,3382,1735,289,172,973,557,205,114,507,270,4,0,0.0,1.0
David Gilbert,Rory McLeod,7,1426,1195,0.7841899555246323,0.6404919537233386,909,529,6225,3359,704,368,5001,2544,224,119,860,482,81,37,333,147,4,0,0.0,1.0
Chris Wakelin,Yuan Sijun,9,1424,1457,0.44938671629072013,0.47938669028555136,368,197,2381,1226,241,124,1518,778,296,170,664,351,163,94,549,311,5,2,0.0,0.7142857142857143
Judd Trump,Stephen Maguire,9,1634,1422,0.7918223659012522,0.6294831119673949,1395,996,9528,5746,1178,762,8572,4819,504,317,1567,967,213,116,663,352,5,4,0.0,0.5555555555555556
Jack Lisowski,Ricky Walden,9,1485,1387,0.6470512524887283,0.5609454503247162,768,469,4981,2725,1118,665,7548,4138,376,205,1116,597,284,143,880,480,5,1,0.0,0.8333333333333334
Barry Hawkins,David Gilbert,9,1565,1426,0.7035360054960305,0.5860112044388707,1298,812,8934,5006,909,529,6225,3359,289,172,973,557,224,119,860,482,5,4,0.0,0.5555555555555556
Chris Wakelin,Jack Lisowski,11,1424,1485,0.39798138530282035,0.4619487156141408,368,197,2381,1226,768,469,4981,2725,296,170,664,351,376,205,1116,597,6,1,0.0,0.8571428571428571
Judd Trump,Barry Hawkins,11,1634,1565,0.6150281018113474,0.5430183807243099,1395,996,9528,5746,1298,812,8934,5006,504,317,1567,967,289,172,973,557,6,4,0.0,0.6
Judd Trump,Chris Wakelin,17,1634,1424,0.8626312287587415,0.6283161882953663,1395,996,9528,5746,368,197,2381,1226,504,317,1567,967,296,170,664,351,9,3,0.0,0.75
Xing Zihao,Fergal O'Brien,7,1051,1239,0.2606153234773788,0.38461624360881785,13,5,69,29,1026,561,7479,3889,69,29,69,29,89,42,401,190,4,3,0.0,0.5714285714285714
Cao Yupeng,David Lilley,7,1409,1259,0.6958878075458884,0.5926665999540697,350,184,2353,1216,232,114,1368,686,226,127,497,271,156,69,499,240,4,2,0.0,0.6666666666666666
Zhou Yuelong,Anthony Hamilton,7,1432,1296,0.6790334655716898,0.5841905229354074,472,280,2965,1601,1030,585,7566,3988,331,171,894,483,176,80,525,259,4,0,0.0,1.0
Kyren Wilson,Mostafa Dorgham,7,1532,968,0.9687700379869392,0.8037659436342208,963,611,6161,3473,6,0,40,7,372,219,1435,817,30,7,30,7,4,2,0.0,0.6666666666666666
Gary Wilson,Elliot Slessor,7,1380,1298,0.6105601107289808,0.551071269307342,679,390,4353,2341,334,159,2057,995,292,150,822,423,225,117,532,261,4,3,0.0,0.5714285714285714
Robbie Williams,Rod Lawler,7,1421,1222,0.7513122476997512,0.6218716423074662,534,286,3402,1747,930,480,6812,3463,225,126,527,282,114,52,328,155,4,1,0.0,0.8
Jimmy White,Duane Jones,7,1179,1219,0.44549420086403224,0.47502081252106,1558,838,12975,6712,307,138,1828,887,145,58,374,154,126,60,495,247,4,3,0.0,0.5714285714285714
Daniel Wells,Hossein Vafaei,7,1410,1446,0.45091379157772826,0.4775151752081999,502,251,3280,1642,300,179,2086,1102,202,114,436,240,337,192,795,442,4,3,0.0,0.5714285714285714
Ricky Walden,Hammad Miah,7,1400,1228,0.721490850613204,0.6058736684317606,1123,669,7577,4155,270,108,1738,785,313,160,909,497,149,67,434,211,4,3,0.0,0.5714285714285714
Chris Wakelin,Mark Joyce,7,1480,1268,0.7650010839038448,0.6294831119673949,375,203,2428,1256,614,314,4264,2140,343,200,711,381,142,70,449,212,4,2,0.0,0.6666666666666666
Alexander Ursenbacher,Wu Yize,7,1276,1339,0.41457369574132835,0.4607061941016405,260,118,1571,747,88,43,623,313,136,66,405,195,222,113,475,250,4,0,0.0,1.0
Thepchaiya Un-Nooh,Ma Hailong,7,1460,1074,0.9030680094960937,0.7241217707708186,538,314,3728,1987,17,5,111,46,234,133,641,342,111,46,111,46,4,2,0.0,0.6666666666666666
Judd Trump,Sydney Wilson,7,1652,1163,0.9483637569519401,0.7725032037257077,1402,1003,9581,5782,233,95,1338,615,557,353,1620,1003,67,40,163,91,4,0,0.0,1.0
Zak Surety,Liam Pullen,7,1203,1113,0.6210041469292463,0.5560138905446199,228,101,1295,611,32,17,200,98,140,60,394,177,130,64,200,98,4,1,0.0,0.8
Matthew Stevens,Victor Sarkis,7,1382,921,0.9382767050137978,0.7599672558590728,1109,640,8400,4556,19,1,103,22,205,107,561,293,85,18,103,22,4,0,0.0,1.0
Ishpreet Singh Chadha,Jack Borwick,7,1161,996,0.7134663824052628,0.6016871801828567,23,14,121,71,5,2,20,9,121,71,121,71,20,9,20,9,4,1,0.0,0.8
Yuan Sijun,Mohammed Asif,7,1472,1089,0.9013844742212599,0.7226209843749648,246,128,1546,796,53,20,346,156,191,112,577,329,111,37,174,73,4,0,0.0,1.0
Xu Si,Mink Nutcharut,7,1321,966,0.8845606606866738,0.708373991032327,176,71,1122,508,30,2,169,47,176,87,440,211,102,28,168,47,4,0,0.0,1.0
Matthew Selt,Dylan Emery,7,1407,1234,0.7226276336267841,0.6064704870683034,846,459,5444,2834,99,44,556,269,448,232,972,501,157,73,409,198,4,1,0.0,0.8
Mark Selby,Sean O'Sullivan,7,1578,1099,0.9449329675006553,0.7680797488721223,1511,1035,10815,6303,274,103,1707,751,502,285,1351,767,132,50,238,96,4,2,0.0,0.6666666666666666
Noppon Saengkham,Rebecca Kenna,7,1425,843,0.9724619207255151,0.8107667463605056,430,224,2922,1473,33,3,168,34,316,171,689,367,75,9,154,32,4,0,0.0,1.0
Jimmy Robertson,Amaan Iqbal,7,1409,952,0.936710304533667,0.7581383462750919,717,394,4688,2451,10,2,51,15,281,156,755,412,18,8,51,15,4,2,0.0,0.6666666666666666
Manasawin Phetmalaikul,Ben Woollaston,7,1000,1353,0.11671949166410808,0.29265998548192695,43,16,237,102,808,455,5088,2697,70,33,117,52,198,99,569,296,4,2,0.0,0.6666666666666666
Jackson Page,Himanshu Jain,7,1354,932,0.9215618734478543,0.7417338799314313,175,86,1119,554,29,6,154,46,203,109,564,292,80,13,154,46,4,1,0.0,0.8
Martin O'Donnell,Andrew Pagett,7,1344,1124,0.7732004785001367,0.6341355910108007,480,242,2971,1502,328,143,2092,987,149,79,430,220,158,66,305,117,4,2,0.0,0.6666666666666666
Joe O'Connor,Andy Lee,7,1359,1098,0.8124499949726253,0.6575736106164225,254,122,1624,808,190,82,1137,515,233,125,600,309,115,39,237,101,4,0,0.0,1.0
Ben Mertens,Ahmed Aly Elsayed,7,1248,952,0.8422000503552975,0.676995856238523,83,40,485,245,8,0,36,5,210,111,357,185,36,5,36,5,4,0,0.0,1.0
Anthony McGill,Ryan Thomerson,7,1434,986,0.9330657308141019,0.7539887164489482,737,439,4897,2664,61,15,361,136,267,145,814,440,112,40,190,67,4,0,0.0,1.0
Jack Lisowski,Mohamed Ibrahim,7,1502,943,0.9676703930944279,0.8017868765950724,774,474,5014,2747,25,4,156,48,409,227,1149,619,101,31,122,39,4,0,0.0,1.0
Oliver Lines,John Astley,7,1346,1275,0.5960612197256479,0.5442588584178731,354,169,2130,1044,344,156,2130,1009,192,99,490,246,171,78,478,232,4,0,0.0,1.0
Julien Leclercq,Siripaporn Nuanthakhamjan,7,1179,949,0.783204659627048,0.6399160967377341,51,23,263,125,7,0,48,10,132,67,243,116,48,10,48,10,4,0,0.0,1.0
Sanderson Lam,Fan Zhengyi,7,1248,1338,0.37899585307075345,0.44398610945538003,254,99,1527,670,149,61,976,434,208,105,472,226,252,136,584,293,4,3,0.0,0.5714285714285714
Lukas Kleckers,Stuart Carrington,7,1222,1295,0.40129146875494726,0.45450121278721795,209,86,1193,531,498,267,3125,1630,171,81,476,219,168,90,491,254,4,1,0.0,0.8
Jenson Kendrick,Anton Kazakov,7,987,977,0.51366902727117,0.5062496744995104,61,19,336,132,31,4,182,56,95,27,235,93,106,33,182,56,4,2,0.0,0.6666666666666666
Pang Junxu,Barry Hawkins,7,1400,1584,0.2650291458891245,0.38698582386066455,138,74,875,450,1304,817,8972,5031,311,172,651,355,327,197,1011,582,4,3,0.0,0.5714285714285714
Ding Junhui,David Grace,7,1494,1273,0.774213209168811,0.6347154153791584,963,642,7373,4207,467,218,3041,1476,287,156,767,433,179,82,461,218,4,0,0.0,1.0
Jamie Jones,Mark Allen,7,1315,1488,0.27737236637321583,0.3935295129316965,652,387,4255,2297,1033,683,7279,4135,235,111,676,353,341,185,1035,595,4,2,0.0,0.6666666666666666
Si Jiahui,Tian Pengfei,7,1410,1322,0.6184015843393024,0.5547792351072148,147,76,962,506,545,302,3569,1884,348,190,712,376,182,90,487,239,4,3,0.0,0.5714285714285714
Liu Hongyu,Shaun Murphy,7,1210,1509,0.1554118380980137,0.3213662821477785,26,16,148,83,1330,876,9600,5460,105,58,148,83,368,221,996,572,4,1,0.0,0.8
Aaron Hill,Ken Doherty,7,1312,1218,0.6261916833783177,0.5584811124381613,104,47,596,286,1274,740,10035,5412,200,107,473,234,167,71,414,176,4,1,0.0,0.8
Liam Highfield,Dean Young,7,1285,1059,0.7792359029381558,0.637608652621925,502,264,3353,1735,90,35,463,195,129,59,499,241,156,67,360,144,4,0,0.0,1.0
Andrew Higginson,Allan Taylor,7,1312,1229,0.611870456908998,0.5516896693427,863,497,5985,3246,426,195,2484,1185,160,82,435,230,136,62,371,160,4,3,0.0,0.5714285714285714
John Higgins,Oliver Brown,7,1612,1129,0.946327565506194,0.769856303965535,1810,1279,14103,8325,264,117,1421,670,422,258,1440,846,121,45,265,107,4,0,0.0,1.0
Lyu Haotian,Joe Perry,7,1451,1357,0.6261916833783177,0.5584811124381613,317,161,2047,1022,1364,797,9379,5070,260,142,660,355,263,133,814,413,4,2,0.0,0.6666666666666666
He Guoqiang,Yisong Peng,7,1193,1036,0.7041548710511403,0.596884378259767,41,24,244,125,32,8,197,72,161,93,161,93,143,56,197,72,4,0,0.0,1.0
Martin Gould,Reanne Evans,7,1298,945,0.8832805083358919,0.707340014518073,886,522,5779,3126,203,61,1138,440,101,43,544,260,104,35,236,67,4,2,0.0,0.6666666666666666
David Gilbert,Jak Jones,7,1457,1423,0.5463726874746992,0.5212372149662741,914,533,6255,3379,364,172,2330,1098,254,139,890,502,287,159,674,354,4,3,0.0,0.5714285714285714
Tom Ford,Louis Heathcote,7,1476,1254,0.7752232149046754,0.6352948493228071,910,522,6190,3310,180,82,1009,490,400,217,968,525,191,100,483,233,4,1,0.0,0.8
Scott Donaldson,Ashley Hugill,7,1344,1276,0.5920814957526257,0.542397940774351,471,250,3002,1526,237,104,1412,668,191,97,668,332,175,78,513,242,4,3,0.0,0.5714285714285714
Ryan Day,Jiang Jun,7,1381,1024,0.8858301874086159,0.7094058152553435,1272,753,8401,4581,11,3,59,23,293,149,893,471,59,23,59,23,4,2,0.0,0.6666666666666666
Mark Davis,Robert Milkins,7,1358,1398,0.44549420086403224,0.47502081252106,1292,768,8888,4830,1108,643,7700,4128,214,112,541,268,504,256,895,456,4,0,0.0,1.0
Dominic Dale,Ross Muir,7,1318,1247,0.5960612197256479,0.5442588584178731,1085,601,7523,3960,273,109,1717,791,162,87,475,230,155,74,439,224,4,1,0.0,0.8
Sam Craigie,Mark Williams,7,1405,1577,0.278509149386796,0.3941263315682394,334,178,1988,1041,1762,1158,12849,7384,175,94,568,303,355,215,1186,694,4,3,0.0,0.5714285714285714
Jamie Clarke,Xiao Guodong,7,1286,1471,0.26392191355352257,0.3863929221952217,312,154,1834,912,724,421,4536,2491,133,61,503,243,400,218,924,500,4,2,0.0,0.6666666666666666
Thor Chuan Leong,Graeme Dott,7,1192,1370,0.27172488874541606,0.3905502163716748,164,58,1015,442,1161,678,8338,4488,72,36,102,56,186,97,738,384,4,1,0.0,0.8
Ashley Carty,Andres Petrov,7,1279,1056,0.7762304913665884,0.6358738914270539,258,121,1504,738,57,20,342,140,119,60,331,155,117,38,205,74,4,2,0.0,0.6666666666666666
Ali Carter,Long Zehuang,7,1524,1135,0.9047290575025384,0.7256175202732952,1274,784,8619,4770,42,19,234,111,430,252,1140,660,75,33,75,33,4,3,0.0,0.5714285714285714
James Cahill,Stan Moody,7,1276,1093,0.7338611162888773,0.6124209393479161,315,132,1946,907,34,11,195,83,173,83,508,249,120,47,180,77,4,3,0.0,0.5714285714285714
Alfie Burden,Ian Burns,7,1257,1235,0.5300478260158454,0.513746534902355,792,413,5628,2860,479,234,3007,1489,190,100,379,181,152,68,463,215,4,1,0.0,0.8
Jordan Brown,Adam Duffy,7,1369,1128,0.7938903058360224,0.6462280583309002,313,163,1932,971,421,202,2647,1314,302,148,822,429,137,54,253,106,4,2,0.0,0.6666666666666666
Luca Brecel,Iulian Boiko,7,1527,1161,0.8914125527550687,0.7140222267773016,621,363,4158,2255,79,27,451,188,361,198,972,550,121,72,314,142,4,0,0.0,1.0
Stuart Bingham,Michael White,7,1444,1332,0.6492231123314619,0.569546223939229,1466,926,10146,5756,682,375,4408,2296,324,171,1114,604,189,95,580,302,4,0,0.0,1.0
Zhang Anda,Andy Hicks,7,1544,1217,0.8656564170034025,0.6937054019553982,449,232,3115,1595,748,392,5731,2927,352,212,605,344,139,63,426,186,4,2,0.0,0.6666666666666666
Kyren Wilson,Jordan Brown,7,1532,1369,0.7111524094404451,0.6004882745269664,963,611,6161,3473,313,163,1932,971,372,219,1435,817,302,148,822,429,4,0,0.0,1.0
Gary Wilson,Xing Zihao,7,1380,1051,0.867077669398587,0.6947667628737805,679,390,4353,2341,13,5,69,29,292,150,822,423,69,29,69,29,4,3,0.0,0.5714285714285714
Jimmy White,Jimmy Robertson,7,1179,1409,0.2167953403729519,0.36008390326226586,1558,838,12975,6712,717,394,4688,2451,145,58,374,154,281,156,755,412,4,3,0.0,0.5714285714285714
Ricky Walden,Alexander Ursenbacher,7,1400,1276,0.6642657784879786,0.5768852611320463,1123,669,7577,4155,260,118,1571,747,313,160,909,497,136,66,405,195,4,3,0.0,0.5714285714285714
Chris Wakelin,Thepchaiya Un-Nooh,7,1480,1460,0.5273209820427867,0.5124973964842103,375,203,2428,1256,538,314,3728,1987,343,200,711,381,234,133,641,342,4,2,0.0,0.6666666666666666
Matthew Selt,Alfie Burden,7,1407,1257,0.6958878075458884,0.5926665999540697,846,459,5444,2834,792,413,5628,2860,448,232,972,501,190,100,379,181,4,1,0.0,0.8
Mark Selby,Matthew Stevens,7,1578,1382,0.7480902113030796,0.6201064323430902,1511,1035,10815,6303,1109,640,8400,4556,502,285,1351,767,205,107,561,293,4,3,0.0,0.5714285714285714
Noppon Saengkham,Lukas Kleckers,7,1425,1222,0.7555717519931018,0.6242202334972642,430,224,2922,1473,209,86,1193,531,316,171,689,367,171,81,476,219,4,1,0.0,0.8
Martin O'Donnell,Jamie Clarke,7,1344,1286,0.578744911388209,0.5361866202317948,480,242,2971,1502,312,154,1834,912,149,79,430,220,133,61,503,243,4,2,0.0,0.6666666666666666
Joe O'Connor,Scott Donaldson,7,1359,1344,0.5204982038546295,0.5093739015216607,254,122,1624,808,471,250,3002,1526,233,125,600,309,191,97,668,332,4,1,0.0,0.8
Anthony McGill,Oliver Lines,7,1434,1346,0.6184015843393024,0.5547792351072148,737,439,4897,2664,354,169,2130,1044,267,145,814,440,192,99,490,246,4,2,0.0,0.6666666666666666
Sanderson Lam,Cao Yupeng,7,1248,1409,0.2911708832817938,0.40071183649164394,254,99,1527,670,350,184,2353,1216,208,105,472,226,226,127,497,271,4,1,0.0,0.8
Pang Junxu,Xu Si,7,1400,1321,0.6066210971235376,0.5492151291013335,138,74,875,450,176,71,1122,508,311,172,651,355,176,87,440,211,4,1,0.0,0.8
Ding Junhui,Jenson Kendrick,7,1494,987,0.9540853216740747,0.7803144887848326,963,642,7373,4207,61,19,336,132,287,156,767,433,95,27,235,93,4,1,0.0,0.8
Si Jiahui,Julien Leclercq,7,1410,1179,0.7841899555246323,0.6404919537233386,147,76,962,506,51,23,263,125,348,190,712,376,132,67,243,116,4,2,0.0,0.6666666666666666
Liu Hongyu,Zak Surety,7,1210,1203,0.5095693356278297,0.5043748883497735,26,16,148,83,228,101,1295,611,105,58,148,83,140,60,394,177,4,0,0.0,1.0
Aaron Hill,Jack Lisowski,7,1312,1502,0.25842359174627483,0.38343349547868066,104,47,596,286,774,474,5014,2747,200,107,473,234,409,227,1149,619,4,1,0.0,0.8
Andrew Higginson,Mark Davis,7,1312,1358,0.43738543058720863,0.4712816430485603,863,497,5985,3246,1292,768,8888,4830,160,82,435,230,214,112,541,268,4,1,0.0,0.8
John Higgins,He Guoqiang,7,1612,1193,0.9201375829804304,0.7402945416674501,1810,1279,14103,8325,41,24,244,125,422,258,1440,846,161,93,161,93,4,1,0.0,0.8
Lyu Haotian,Jackson Page,7,1451,1354,0.6300664956451868,0.5603296426885532,317,161,2047,1022,175,86,1119,554,260,142,660,355,203,109,564,292,4,0,0.0,1.0
Liam Graham,Ben Mertens,7,991,1248,0.19117161406779293,0.34468162982610484,36,12,192,77,83,40,485,245,71,21,161,61,210,111,357,185,4,2,0.0,0.6666666666666666
David Gilbert,Robbie Williams,7,1457,1421,0.549086208422272,0.5224848247918001,914,533,6255,3379,534,286,3402,1747,254,139,890,502,225,126,527,282,4,3,0.0,0.5714285714285714
Tom Ford,Liam Highfield,7,1476,1285,0.7426684543010009,0.6171573626529722,910,522,6190,3310,502,264,3353,1735,400,217,968,525,129,59,499,241,4,2,0.0,0.6666666666666666
Dominic Dale,Jamie Jones,7,1318,1315,0.5041014855971089,0.5018749912109869,1085,601,7523,3960,652,387,4255,2297,162,87,475,230,235,111,676,353,4,3,0.0,0.5714285714285714
Sam Craigie,Yuan Sijun,7,1405,1472,0.4092473522241249,0.4582226307163632,334,178,1988,1041,246,128,1546,796,175,94,568,303,191,112,577,329,4,0,0.0,1.0
Thor Chuan Leong,Daniel Wells,7,1192,1410,0.22883313985656367,0.36702522331953935,164,58,1015,442,502,251,3280,1642,72,36,102,56,202,114,436,240,4,3,0.0,0.5714285714285714
Ashley Carty,Ryan Day,7,1279,1381,0.3635067817280711,0.4365932137378064,258,121,1504,738,1272,753,8401,4581,119,60,331,155,293,149,893,471,4,3,0.0,0.5714285714285714
Ali Carter,Ishpreet Singh Chadha,7,1524,1161,0.8895753795158947,0.7124883131320702,1274,784,8619,4770,23,14,121,71,430,252,1140,660,121,71,121,71,4,3,0.0,0.5714285714285714
Luca Brecel,James Cahill,7,1527,1276,0.8033111045084242,0.6519223788927313,621,363,4158,2255,315,132,1946,907,361,198,972,550,173,83,508,249,4,3,0.0,0.5714285714285714
Stuart Bingham,Manasawin Phetmalaikul,7,1444,1000,0.9313914957717048,0.7521291114395702,1466,926,10146,5756,43,16,237,102,324,171,1114,604,70,33,117,52,4,0,0.0,1.0
Zhang Anda,Judd Trump,7,1544,1652,0.3558484820461031,0.4329070950345457,449,232,3115,1595,1402,1003,9581,5782,352,212,605,344,557,353,1620,1003,4,2,0.0,0.6666666666666666
Zhou Yuelong,Andrew Higginson,7,1432,1312,0.6592810606298003,0.574442516811659,472,280,2965,1601,863,497,5985,3246,331,171,894,483,160,82,435,230,4,2,0.0,0.6666666666666666
Gary Wilson,Joe O'Connor,7,1380,1359,0.5286845829371267,0.5131219861822433,679,390,4353,2341,254,122,1624,808,292,150,822,423,233,125,600,309,4,3,0.0,0.5714285714285714
Kyren Wilson,David Gilbert,7,1532,1457,0.6013510291923431,0.5467381519846138,963,611,6161,3473,914,533,6255,3379,372,219,1435,817,254,139,890,502,4,3,0.0,0.5714285714285714
Chris Wakelin,Sam Craigie,7,1480,1405,0.6013510291923431,0.5467381519846138,375,203,2428,1256,334,178,1988,1041,343,200,711,381,175,94,568,303,4,0,0.0,1.0
Matthew Selt,Mark Selby,7,1407,1578,0.27964834205542655,0.39472346622515553,846,459,5444,2834,1511,1035,10815,6303,448,232,972,501,502,285,1351,767,4,3,0.0,0.5714285714285714
Noppon Saengkham,Ali Carter,7,1425,1524,0.36735805091226303,0.4384389296638045,430,224,2922,1473,1274,784,8619,4770,316,171,689,367,430,252,1140,660,4,2,0.0,0.6666666666666666
Martin O'Donnell,Luca Brecel,7,1344,1527,0.26613888371112276,0.38757906065208403,480,242,2971,1502,621,363,4158,2255,149,79,430,220,361,198,972,550,4,2,0.0,0.6666666666666666
Anthony McGill,Pang Junxu,7,1434,1400,0.5463726874746992,0.5212372149662741,737,439,4897,2664,138,74,875,450,267,145,814,440,311,172,651,355,4,2,0.0,0.6666666666666666
Sanderson Lam,Liam Graham,7,1248,991,0.8088283859322067,0.655318370173895,254,99,1527,670,36,12,192,77,208,105,472,226,71,21,161,61,4,3,0.0,0.5714285714285714
John Higgins,Ricky Walden,7,1612,1400,0.7650010839038448,0.6294831119673949,1810,1279,14103,8325,1123,669,7577,4155,422,258,1440,846,313,160,909,497,4,3,0.0,0.5714285714285714
Lyu Haotian,Liu Hongyu,7,1451,1210,0.7938903058360224,0.6462280583309002,317,161,2047,1022,26,16,148,83,260,142,660,355,105,58,148,83,4,2,0.0,0.6666666666666666
Tom Ford,Ding Junhui,7,1476,1494,0.47540722540195457,0.4887518980531451,910,522,6190,3310,963,642,7373,4207,400,217,968,525,287,156,767,433,4,3,0.0,0.5714285714285714
Dominic Dale,Jimmy White,7,1318,1179,0.6826800016944434,0.5860112044388707,1085,601,7523,3960,1558,838,12975,6712,162,87,475,230,145,58,374,154,4,1,0.0,0.8
Thor Chuan Leong,Ashley Carty,7,1192,1279,0.3829018450543893,0.44583834723635146,164,58,1015,442,258,121,1504,738,72,36,102,56,119,60,331,155,4,3,0.0,0.5714285714285714
Stuart Bingham,Aaron Hill,7,1444,1312,0.6741427448520734,0.5817593768418363,1466,926,10146,5756,104,47,596,286,324,171,1114,604,200,107,473,234,4,2,0.0,0.6666666666666666
Zhang Anda,Si Jiahui,7,1544,1410,0.6765921632853334,0.5829754542011996,449,232,3115,1595,147,76,962,506,352,212,605,344,348,190,712,376,4,2,0.0,0.6666666666666666
Zhou Yuelong,Dominic Dale,7,1432,1318,0.651748409886971,0.5707716118944918,472,280,2965,1601,1085,601,7523,3960,331,171,894,483,162,87,475,230,4,0,0.0,1.0
Gary Wilson,Thor Chuan Leong,7,1380,1192,0.7393846765226212,0.6153837563911821,679,390,4353,2341,164,58,1015,442,292,150,822,423,72,36,102,56,4,1,0.0,0.8
Chris Wakelin,Kyren Wilson,7,1480,1532,0.42930455538057166,0.4675456936126812,375,203,2428,1256,963,611,6161,3473,343,200,711,381,372,219,1435,817,4,2,0.0,0.6666666666666666
Noppon Saengkham,Matthew Selt,7,1425,1407,0.5245927745980452,0.5112481019468548,430,224,2922,1473,846,459,5444,2834,316,171,689,367,448,232,972,501,4,3,0.0,0.5714285714285714
Sanderson Lam,Anthony McGill,7,1248,1434,0.26281719414747273,0.38580035722310485,254,99,1527,670,737,439,4897,2664,208,105,472,226,267,145,814,440,4,1,0.0,0.8
John Higgins,Lyu Haotian,7,1612,1451,0.7088291167182063,0.5992881635083561,1810,1279,14103,8325,317,161,2047,1022,422,258,1440,846,260,142,660,355,4,2,0.0,0.6666666666666666
Tom Ford,Martin O'Donnell,7,1476,1344,0.6741427448520734,0.5817593768418363,910,522,6190,3310,480,242,2971,1502,400,217,968,525,149,79,430,220,4,2,0.0,0.6666666666666666
Stuart Bingham,Zhang Anda,7,1444,1544,0.36607269253409314,0.43782349911420193,1466,926,10146,5756,449,232,3115,1595,324,171,1114,604,352,212,605,344,4,0,0.0,1.0
Zhou Yuelong,Stuart Bingham,9,1432,1444,0.4815498876457767,0.4925005624493796,472,280,2965,1601,1466,926,10146,5756,331,171,894,483,324,171,1114,604,5,4,0.0,0.5555555555555556
Gary Wilson,Chris Wakelin,9,1380,1480,0.3500987786078318,0.43782349911420193,679,390,4353,2341,375,203,2428,1256,292,150,822,423,343,200,711,381,5,0,0.0,1.0
Noppon Saengkham,Sanderson Lam,9,1425,1248,0.7516609934098428,0.6088545692109504,430,224,2922,1473,254,99,1527,670,316,171,689,367,208,105,472,226,5,3,0.0,0.625
John Higgins,Tom Ford,9,1612,1476,0.699552494810083,0.5841905229354074,1810,1279,14103,8325,910,522,6190,3310,422,258,1440,846,400,217,968,525,5,3,0.0,0.625
Gary Wilson,Zhou Yuelong,11,1380,1432,0.4127589748746987,0.4675456936126812,679,390,4353,2341,472,280,2965,1601,292,150,822,423,331,171,894,483,6,5,0.0,0.5454545454545454
Noppon Saengkham,John Higgins,11,1425,1612,0.2148901656374212,0.3852081305077805,430,224,2922,1473,1810,1279,14103,8325,316,171,689,367,422,258,1440,846,6,3,0.0,0.6666666666666666
Gary Wilson,Noppon Saengkham,17,1380,1425,0.4069889435016135,0.4719046255916129,679,390,4353,2341,430,224,2922,1473,292,150,822,423,316,171,689,367,9,5,0.0,0.6428571428571429
Judd Trump,Siripaporn Nuanthakhamjan,7,1648,937,0.9893919016143595,0.855387891968794,1404,1004,9591,5788,8,0,52,10,567,359,1630,1009,52,10,52,10,4,0,0.0,1.0
Shaun Murphy,Gary Wilson,7,1490,1436,0.573382262278332,0.5336988354329009,1331,876,9605,5461,686,397,4409,2377,373,222,1001,573,348,186,878,459,4,1,0.0,0.8
Robert Milkins,Mark Williams,7,1381,1567,0.26281719414747273,0.38580035722310485,1109,643,7704,4128,1763,1158,12856,7387,508,256,899,456,362,218,1193,697,4,2,0.0,0.6666666666666666
Ding Junhui,Zhang Anda,7,1502,1540,0.44820271004203943,0.4762678458734389,966,644,7389,4218,453,235,3137,1607,303,167,783,444,374,224,627,356,4,3,0.0,0.5714285714285714
John Higgins,Chris Wakelin,7,1605,1490,0.6530083881296338,0.5713839816769324,1816,1284,14142,8349,380,207,2455,1272,461,282,1479,870,370,216,738,397,4,0,0.0,1.0
Barry Hawkins,Luca Brecel,7,1574,1518,0.5760654606907909,0.5349429451582145,1305,817,8979,5034,624,365,4175,2265,334,200,1018,585,378,208,989,560,4,0,0.0,1.0
Ali Carter,Mark Selby,7,1498,1562,0.4132404983976814,0.46008511544443426,1277,786,8639,4780,1514,1037,10835,6314,450,262,1160,670,522,296,1371,778,4,3,0.0,0.5714285714285714
Mark Allen,Jimmy White,7,1475,1187,0.8357070215370299,0.6726070170677604,1034,683,7285,4137,1561,840,12994,6721,347,187,1041,597,164,67,393,163,4,1,0.0,0.8
Judd Trump,Shaun Murphy,11,1648,1490,0.7479197113297592,0.5974857658270161,1404,1004,9591,5788,1331,876,9605,5461,567,359,1630,1009,373,222,1001,573,6,4,0.0,0.6
John Higgins,Ding Junhui,11,1605,1502,0.6686649793168535,0.5640216374262577,1816,1284,14142,8349,966,644,7389,4218,461,282,1479,870,303,167,783,444,6,1,0.0,0.8571428571428571
Barry Hawkins,Robert Milkins,11,1574,1381,0.7923692348926034,0.6183380393302829,1305,817,8979,5034,1109,643,7704,4128,334,200,1018,585,508,256,899,456,6,2,0.0,0.75
Mark Allen,Ali Carter,11,1475,1498,0.4611506538894799,0.4856289593029398,1034,683,7285,4137,1277,786,8639,4780,347,187,1041,597,450,262,1160,670,6,2,0.0,0.75
Judd Trump,Barry Hawkins,11,1648,1574,0.6230920690710587,0.5461185410457796,1404,1004,9591,5788,1305,817,8979,5034,567,359,1630,1009,334,200,1018,585,6,3,0.0,0.6666666666666666
Mark Allen,John Higgins,11,1475,1605,0.2911104312860384,0.41945769517934034,1034,683,7285,4137,1816,1284,14142,8349,347,187,1041,597,461,282,1479,870,6,2,0.0,0.75
Mark Allen,Judd Trump,19,1475,1648,0.1706868229220263,0.3935295129316965,1034,683,7285,4137,1404,1004,9591,5788,347,187,1041,597,567,359,1630,1009,10,3,0.0,0.7692307692307693
Xing Zihao,Jimmy White,11,1068,1182,0.31466446801830544,0.4292283881055083,15,6,83,36,1562,840,12999,6722,83,36,83,36,169,68,398,164,6,2,0.0,0.75
Long Zehuang,Haydon Pinhey,11,1144,1118,0.5438965166863096,0.5162442810620724,43,19,241,114,93,43,477,226,82,36,82,36,121,63,298,139,6,5,0.0,0.5454545454545454
Dean Young,Oliver Brown,11,1047,1122,0.37530170116259215,0.45326184801538616,91,35,467,195,265,117,1425,670,160,67,364,144,125,45,269,107,6,1,0.0,0.8571428571428571
Gao Yang,Ishpreet Singh Chadha,11,1126,1176,0.41606129493296945,0.46879062662624377,60,23,332,147,25,15,133,78,41,20,258,118,133,78,133,78,6,3,0.0,0.6666666666666666
Daniel Wells,Mostafa Dorgham,11,1404,975,0.9624016937576084,0.7450720559074311,504,252,3294,1649,7,0,46,9,216,121,450,247,36,9,36,9,6,2,0.0,0.75
Alexander Ursenbacher,Andrew Higginson,11,1293,1323,0.44938553709444257,0.4812587841214648,262,119,1582,754,866,499,6003,3256,147,73,416,202,178,92,453,240,6,4,0.0,0.6
Ryan Thomerson,Reanne Evans,11,978,947,0.5522916686764562,0.519365308229932,62,15,365,136,204,61,1144,442,116,40,194,67,110,37,242,69,6,5,0.0,0.5454545454545454
Allan Taylor,Liam Davies,11,1228,1044,0.7814232040915076,0.6130141761393355,427,195,2491,1188,28,13,182,83,143,65,378,163,59,25,181,83,6,5,0.0,0.5454545454545454
Oliver Sykes,Alfie Burden,11,1004,1260,0.14077991609208995,0.3452465393936808,5,2,27,12,794,414,5638,2865,22,11,27,12,200,105,389,186,6,1,0.0,0.8571428571428571
Craig Steadman,Andres Petrov,11,1190,1055,0.7160705162153687,0.5835831155172753,574,301,3680,1894,58,20,348,142,105,48,356,167,123,40,211,76,6,3,0.0,0.6666666666666666
Yisong Peng,Umut Dikme,11,1023,1074,0.4144093465121733,0.4681681105837757,33,8,201,72,37,19,203,102,147,56,201,72,38,18,108,54,6,0,0.0,1.0
Sean O'Sullivan,Siripaporn Nuanthakhamjan,11,1104,932,0.7663020508102693,0.6058736684317606,275,103,1713,753,9,0,56,10,138,52,244,98,56,10,56,10,6,5,0.0,0.5454545454545454
Martin O'Donnell,Jack Borwick,11,1362,988,0.9405207501253184,0.7180885751833498,484,245,2995,1516,6,2,25,10,173,93,454,234,25,10,25,10,6,4,0.0,0.6
Mink Nutcharut,Adam Duffy,11,957,1127,0.23627571436293565,0.39532091528599067,31,2,173,47,422,202,2653,1316,106,28,172,47,143,56,259,108,6,3,0.0,0.6666666666666666
Ross Muir,Andrew Pagett,11,1237,1122,0.6868323733048138,0.5713839816769324,274,109,1722,792,329,143,2098,989,160,75,444,225,164,68,311,119,6,1,0.0,0.8571428571428571
Stan Moody,Filips Kalniņš,11,1095,947,0.7343171553057939,0.5914589784327801,35,11,202,86,5,1,32,7,127,50,187,80,10,0,32,7,6,3,0.0,0.6666666666666666
Hammad Miah,Bulcsú Révész,11,1230,1011,0.8220451527379182,0.633555377636775,271,108,1745,788,6,3,41,20,156,70,441,214,41,20,41,20,6,3,0.0,0.6666666666666666
Robbie Mcguigan,Fergal O'Brien,11,1029,1229,0.1993549103965973,0.3775406687981454,58,21,261,112,1027,561,7486,3892,35,15,206,88,96,45,408,193,6,2,0.0,0.75
Andy Lee,Joel Connolly Jnr,11,1087,972,0.6868323733048138,0.5713839816769324,191,82,1141,515,3,0,16,2,119,39,241,101,5,1,16,2,6,2,0.0,0.75
Rod Lawler,Liam Graham,11,1215,1012,0.8041276633728242,0.6242202334972642,931,480,6817,3464,38,13,205,84,119,53,333,156,84,28,174,68,6,2,0.0,0.75
Jenson Kendrick,Oliver Briffett-Payne,11,994,997,0.49492445915603683,0.498125008789013,63,20,347,137,1,0,5,1,106,32,246,98,5,1,5,1,6,4,0.0,0.6
Jiang Jun,Rebecca Kenna,11,1026,837,0.7875465492423712,0.6159753019181258,12,3,65,25,34,3,172,34,65,25,65,25,79,9,158,32,6,0,0.0,1.0
Duane Jones,Mohammed Asif,11,1214,1080,0.7146414155676208,0.5829754542011996,308,138,1835,890,54,20,350,156,133,63,502,250,115,37,178,73,6,1,0.0,0.8571428571428571
Mohamed Ibrahim,Victor Sarkis,11,937,913,0.540532503711366,0.51499550161941,26,4,160,48,20,1,107,22,105,31,126,39,89,18,107,22,6,3,0.0,0.6666666666666666
Louis Heathcote,Ahmed Aly Elsayed,11,1247,942,0.8994884433153716,0.6818962645895934,181,82,1014,491,9,0,40,5,196,101,488,234,40,5,40,5,6,0,0.0,1.0
Ma Hailong,Sydney Wilson,11,1077,1156,0.36889955341758146,0.45078487089866653,18,5,117,48,234,95,1342,615,117,48,117,48,71,40,167,91,6,4,0.0,0.6
Marco Fu,Michael Holt,11,1376,1289,0.6437899934492848,0.5541616527636486,953,557,7110,3850,1003,568,6964,3679,122,55,244,119,103,58,382,189,6,5,0.0,0.5454545454545454
Ryan Davies,Anton Kazakov,11,1071,969,0.6671313753074833,0.5634067862621936,53,26,255,127,32,4,188,58,56,29,152,71,112,35,188,58,6,1,0.0,0.8571428571428571
Thor Chuan Leong,Riley Powell,11,1217,990,0.8305871461583106,0.6381861133090055,168,61,1039,455,5,2,18,7,96,49,126,69,18,7,18,7,6,0,0.0,1.0
Stuart Carrington,Manasawin Phetmalaikul,11,1281,1010,0.8726095321721828,0.6631804950993565,499,267,3130,1631,45,17,247,106,173,91,496,255,80,37,127,56,6,2,0.0,0.75
Ian Burns,Amaan Iqbal,11,1224,956,0.8700081127630673,0.6615031592029524,480,234,3012,1490,11,2,57,17,157,69,468,216,24,10,57,17,6,0,0.0,1.0
Iulian Boiko,Liam Pullen,11,1152,1103,0.5822852092365003,0.530586760182081,80,27,455,188,33,17,205,99,125,72,318,142,135,65,205,99,6,1,0.0,0.8571428571428571
Ben Woollaston,Ryan Thomerson,11,1335,978,0.9319508746285202,0.7094058152553435,809,455,5094,2699,62,15,365,136,204,101,575,298,116,40,194,67,6,1,0.0,0.8571428571428571
Robbie Williams,Jenson Kendrick,11,1425,994,0.9630477411032288,0.7460205900722962,536,287,3414,1754,63,20,347,137,237,133,539,289,106,32,246,98,6,1,0.0,0.8571428571428571
Michael White,Mink Nutcharut,11,1318,957,0.9340518464635542,0.7114629823302013,683,375,4412,2296,31,2,173,47,193,95,584,302,106,28,172,47,6,5,0.0,0.5454545454545454
Daniel Wells,Ashley Carty,11,1404,1281,0.6986901270792941,0.5762749224932653,504,252,3294,1649,261,123,1524,749,216,121,450,247,139,71,351,166,6,2,0.0,0.75
Alexander Ursenbacher,Tian Pengfei,11,1293,1321,0.4527427474759105,0.48250714233361025,262,119,1582,754,546,302,3576,1887,147,73,416,202,189,93,494,242,6,3,0.0,0.6666666666666666
Zak Surety,Allan Taylor,11,1197,1228,0.44770833132354415,0.4806346917700681,230,102,1304,615,427,195,2491,1188,149,64,403,181,143,65,378,163,6,3,0.0,0.6666666666666666
Craig Steadman,Aaron Hill,11,1190,1335,0.269838055706956,0.4103545214372688,574,301,3680,1894,107,49,612,296,105,48,356,167,216,117,489,244,6,2,0.0,0.75
Elliot Slessor,Louis Heathcote,11,1297,1247,0.5839387050670305,0.5312093733737563,335,159,2064,998,181,82,1014,491,232,120,539,264,196,101,488,234,6,1,0.0,0.8571428571428571
Xu Si,Ma Hailong,11,1320,1077,0.8468355410929524,0.647370307581549,178,72,1131,513,18,5,117,48,185,92,449,216,117,48,117,48,6,1,0.0,0.8571428571428571
Martin O'Donnell,Liu Hongyu,11,1362,1244,0.691303602887055,0.5732197726798348,484,245,2995,1516,29,18,163,93,173,93,454,234,120,68,163,93,6,5,0.0,0.5454545454545454
Hammad Miah,John Astley,11,1230,1260,0.44938553709444257,0.4812587841214648,271,108,1745,788,345,156,2134,1009,156,70,441,214,175,78,482,232,6,1,0.0,0.8571428571428571
Oliver Lines,Long Zehuang,11,1355,1144,0.8132249556059346,0.6288998381516232,356,170,2140,1050,43,19,241,114,202,105,500,252,82,36,82,36,6,3,0.0,0.6666666666666666
David Lilley,Sean O'Sullivan,11,1255,1104,0.7384383044161037,0.5932699921071872,233,114,1374,688,275,103,1713,753,162,71,505,242,138,52,244,98,6,3,0.0,0.6666666666666666
Andy Lee,Sanderson Lam,11,1087,1282,0.20524489788264516,0.3804826803529153,191,82,1141,515,259,103,1559,689,119,39,241,101,240,124,504,245,6,5,0.0,0.5454545454545454
Julien Leclercq,Yisong Peng,11,1189,1023,0.7585201168814718,0.6022861768886306,53,24,273,131,33,8,201,72,142,73,253,122,147,56,201,72,6,5,0.0,0.5454545454545454
Lukas Kleckers,Rod Lawler,11,1229,1215,0.5236720238796282,0.5087491068802403,211,87,1203,536,931,480,6817,3464,181,86,486,224,119,53,333,156,6,3,0.0,0.6666666666666666
Jiang Jun,Jackson Page,11,1026,1342,0.09280715017021002,0.3121686694171596,12,3,65,25,177,87,1128,558,65,25,65,25,212,113,573,296,6,4,0.0,0.6
Mark Joyce,Iulian Boiko,11,1266,1152,0.6853355319816946,0.5707716118944918,615,314,4270,2142,80,27,455,188,148,72,455,214,125,72,318,142,6,5,0.0,0.5454545454545454
Ashley Hugill,Dean Young,11,1274,1047,0.8305871461583106,0.6381861133090055,238,104,1419,671,91,35,467,195,182,81,520,245,160,67,364,144,6,3,0.0,0.6666666666666666
Andy Hicks,Mohamed Ibrahim,11,1218,937,0.8810080120634379,0.668741821102192,749,392,5737,2929,26,4,160,48,145,65,432,188,105,31,126,39,6,4,0.0,0.6
He Guoqiang,Ross Muir,11,1203,1237,0.4426826817576513,0.4787627850337259,43,25,253,130,274,109,1722,792,170,98,170,98,160,75,444,225,6,4,0.0,0.6
David Grace,Ryan Davies,11,1261,1071,0.7887585737238443,0.6165665045213193,468,218,3045,1476,53,26,255,127,183,82,465,218,56,29,152,71,6,5,0.0,0.5454545454545454
Martin Gould,Stuart Carrington,11,1296,1281,0.5253605856813285,0.5093739015216607,887,523,5785,3130,499,267,3130,1631,107,47,550,264,173,91,496,255,6,0,0.0,1.0
Marco Fu,Ben Mertens,11,1376,1242,0.7146414155676208,0.5829754542011996,953,557,7110,3850,85,41,495,251,122,55,244,119,220,117,367,191,6,4,0.0,0.6
Dylan Emery,Robbie Mcguigan,11,1226,1029,0.7971239215103564,0.6206951913643555,100,44,561,270,58,21,261,112,162,74,414,199,35,15,206,88,6,2,0.0,0.75
Scott Donaldson,Thor Chuan Leong,11,1335,1217,0.691303602887055,0.5732197726798348,473,251,3014,1531,168,61,1039,455,203,102,680,337,96,49,126,69,6,2,0.0,0.75
Ken Doherty,Duane Jones,11,1208,1214,0.48984977471926505,0.496250070310918,1275,740,10040,5413,308,138,1835,890,172,72,419,177,133,63,502,250,6,3,0.0,0.6666666666666666
Mark Davis,Gao Yang,11,1361,1126,0.8388505228821673,0.6427913242407762,1294,769,8897,4835,60,23,332,147,223,117,550,273,41,20,258,118,6,4,0.0,0.6
Dominic Dale,Stan Moody,11,1327,1095,0.8357844049641134,0.6410674063348171,1089,604,7544,3972,35,11,202,86,183,99,496,242,127,50,187,80,6,5,0.0,0.5454545454545454
Jamie Clarke,Oliver Sykes,11,1292,1004,0.886639866993501,0.6726070170677604,314,155,1846,918,5,2,27,12,145,67,515,249,22,11,27,12,6,4,0.0,0.6
James Cahill,Xing Zihao,11,1279,1068,0.8132249556059346,0.6288998381516232,317,133,1960,914,15,6,83,36,187,90,522,256,83,36,83,36,6,2,0.0,0.75
Ian Burns,Liam Highfield,11,1224,1294,0.3833548191267751,0.4563613127629212,480,234,3012,1490,504,265,3363,1741,157,69,468,216,139,65,509,247,6,0,0.0,1.0
Fan Zhengyi,Martin Gould,11,1331,1296,0.5589904430600633,0.5218610539716015,150,61,983,437,887,523,5785,3130,259,139,591,296,107,47,550,264,6,3,0.0,0.6666666666666666
Zhou Yuelong,Hammad Miah,11,1461,1230,0.8347536608980125,0.6404919537233386,477,284,2999,1623,271,108,1745,788,365,193,928,505,156,70,441,214,6,4,0.0,0.6
Wu Yize,David Grace,11,1322,1261,0.6020186146971794,0.5380512843858591,89,43,627,313,468,218,3045,1476,226,113,479,250,183,82,465,218,6,2,0.0,0.75
Ben Woollaston,Cao Yupeng,11,1335,1397,0.3963483760491549,0.46132739479349205,809,455,5094,2699,352,185,2364,1221,204,101,575,298,237,132,508,276,6,4,0.0,0.6
Robbie Williams,Matthew Stevens,11,1425,1392,0.5556431271115847,0.5206133097144486,536,287,3414,1754,1111,641,8411,4563,237,133,539,289,216,114,572,300,6,5,0.0,0.5454545454545454
Michael White,Si Jiahui,11,1318,1409,0.34992588488134135,0.44336904007774663,683,375,4412,2296,150,78,981,516,193,95,584,302,367,200,731,386,6,5,0.0,0.5454545454545454
Ricky Walden,Marco Fu,11,1402,1376,0.5438965166863096,0.5162442810620724,1126,671,7598,4166,953,557,7110,3850,334,171,930,508,122,55,244,119,6,5,0.0,0.5454545454545454
Hossein Vafaei,Martin O'Donnell,11,1441,1362,0.6311004465824185,0.5492151291013335,301,179,2093,1105,484,245,2995,1516,344,195,802,445,173,93,454,234,6,0,0.0,1.0
Thepchaiya Un-Nooh,Andy Hicks,11,1450,1218,0.8357844049641134,0.6410674063348171,540,315,3740,1993,749,392,5737,2929,246,139,653,348,145,65,432,188,6,2,0.0,0.75
Zak Surety,Gary Wilson,11,1197,1425,0.16836469384858496,0.36123682485115804,230,102,1304,615,687,397,4414,2378,149,64,403,181,353,187,883,460,6,3,0.0,0.6666666666666666
Craig Steadman,Jimmy Robertson,11,1190,1393,0.195872336627176,0.3757797665027358,574,301,3680,1894,719,395,4701,2458,105,48,356,167,294,163,768,419,6,5,0.0,0.5454545454545454
Elliot Slessor,Graeme Dott,11,1297,1354,0.4045317899953643,0.4644351620161461,335,159,2064,998,1162,678,8343,4489,232,120,539,264,191,98,743,385,6,3,0.0,0.6666666666666666
Yuan Sijun,Alexander Ursenbacher,11,1464,1293,0.7650152035547967,0.6052765337748445,248,129,1554,800,262,119,1582,754,199,116,585,333,147,73,416,202,6,5,0.0,0.5454545454545454
Matthew Selt,Dylan Emery,11,1429,1226,0.8041276633728242,0.6242202334972642,850,462,5468,2849,100,44,561,270,472,247,996,516,162,74,414,199,6,4,0.0,0.6
Noppon Saengkham,James Cahill,11,1452,1279,0.7675848172598367,0.6064704870683034,437,230,2975,1505,317,133,1960,914,369,203,742,399,187,90,522,256,6,5,0.0,0.5454545454545454
Joe Perry,Andy Lee,11,1352,1087,0.86736860540385,0.6598217549720575,1365,797,9385,5072,191,82,1141,515,269,135,820,415,119,39,241,101,6,2,0.0,0.75
Joe O'Connor,Oliver Lines,11,1377,1355,0.5371654626927551,0.513746534902355,257,124,1640,819,356,170,2140,1050,249,136,616,320,202,105,500,252,6,5,0.0,0.5454545454545454
Anthony McGill,He Guoqiang,11,1438,1203,0.8388505228821673,0.6427913242407762,741,442,4918,2677,43,25,253,130,288,158,835,453,170,98,170,98,6,3,0.0,0.6666666666666666
Stephen Maguire,Ashley Hugill,11,1438,1274,0.7558938862654132,0.6010878788483698,1183,766,8607,4839,238,104,1419,671,248,136,698,372,182,81,520,245,6,4,0.0,0.6
David Lilley,Stuart Bingham,11,1255,1483,0.16836469384858496,0.36123682485115804,233,114,1374,688,1471,930,10173,5776,162,71,505,242,351,191,1141,624,6,2,0.0,0.75
Lukas Kleckers,Ryan Day,11,1229,1372,0.27262692166823677,0.4115648798723618,211,87,1203,536,1274,754,8414,4588,181,86,486,224,306,156,906,478,6,2,0.0,0.75
Pang Junxu,Mark Davis,11,1413,1361,0.5872410251253013,0.5324543063873187,141,76,893,460,1294,769,8897,4835,329,182,669,365,223,117,550,273,6,4,0.0,0.6
Ding Junhui,Daniel Wells,11,1491,1404,0.6437899934492848,0.5541616527636486,968,645,7403,4223,504,252,3294,1649,317,172,797,449,216,121,450,247,6,4,0.0,0.6
Mark Joyce,Xiao Guodong,11,1266,1458,0.20883007697972203,0.382252125230751,615,314,4270,2142,725,421,4542,2493,148,72,455,214,406,220,930,502,6,2,0.0,0.75
Jamie Jones,Jiang Jun,11,1324,1026,0.8943383339052154,0.6780882495516275,654,388,4268,2304,12,3,65,25,248,118,689,360,65,25,65,25,6,4,0.0,0.6
Lyu Haotian,Xu Si,11,1467,1320,0.7329358500759163,0.5908547524545943,321,164,2069,1036,178,72,1131,513,282,156,682,369,185,92,449,216,6,2,0.0,0.75
Anthony Hamilton,Dominic Dale,11,1283,1327,0.4260044467679594,0.47252769565540637,1031,585,7570,3988,1089,604,7544,3972,180,80,529,259,183,99,496,242,6,3,0.0,0.6666666666666666
David Gilbert,Julien Leclercq,11,1462,1189,0.8743227316892204,0.6642964428999887,917,535,6276,3390,53,24,273,131,275,150,911,513,142,73,253,122,6,1,0.0,0.8571428571428571
Scott Donaldson,Sam Craigie,11,1335,1417,0.3641225903359488,0.448928730692658,473,251,3014,1531,337,180,2003,1049,203,102,680,337,190,102,583,311,6,1,0.0,0.8571428571428571
Ken Doherty,Chris Wakelin,11,1208,1476,0.12999188723693264,0.33849684079704756,1275,740,10040,5413,381,207,2459,1272,172,72,419,177,374,216,742,397,6,4,0.0,0.6
Jamie Clarke,Jordan Brown,11,1292,1357,0.39146082172095786,0.4594641607262107,314,155,1846,918,315,164,1942,975,145,67,515,249,312,152,832,433,6,4,0.0,0.6
Ian Burns,Jak Jones,11,1224,1420,0.2040583543637722,0.3798935676569099,480,234,3012,1490,365,172,2337,1101,157,69,468,216,294,162,681,357,6,2,0.0,0.75
Fan Zhengyi,Michael White,11,1331,1318,0.5219830188183359,0.5081242849062608,150,61,983,437,683,375,4412,2296,259,139,591,296,193,95,584,302,6,5,0.0,0.5454545454545454
Zhou Yuelong,Ian Burns,11,1461,1224,0.8408728490865928,0.643938555965633,477,284,2999,1623,480,234,3012,1490,365,193,928,505,157,69,468,216,6,5,0.0,0.5454545454545454
Ben Woollaston,Lukas Kleckers,11,1335,1229,0.6732480453126817,0.5658650028954817,809,455,5094,2699,211,87,1203,536,204,101,575,298,181,86,486,224,6,1,0.0,0.8571428571428571
Hossein Vafaei,Scott Donaldson,11,1441,1335,0.6732480453126817,0.5658650028954817,301,179,2093,1105,473,251,3014,1531,344,195,802,445,203,102,680,337,6,4,0.0,0.6
Thepchaiya Un-Nooh,Ricky Walden,11,1450,1402,0.5806301954599846,0.5299640517645717,540,315,3740,1993,1126,671,7598,4166,246,139,653,348,334,171,930,508,6,3,0.0,0.6666666666666666
Elliot Slessor,David Lilley,11,1297,1255,0.5706698968477705,0.5262259093720687,335,159,2064,998,233,114,1374,688,232,120,539,264,162,71,505,242,6,3,0.0,0.6666666666666666
Yuan Sijun,Ken Doherty,11,1464,1208,0.8592200839079102,0.6547534606063192,248,129,1554,800,1275,740,10040,5413,199,116,585,333,172,72,419,177,6,3,0.0,0.6666666666666666
Matthew Selt,Lyu Haotian,11,1429,1467,0.43599688617440635,0.4762678458734389,850,462,5468,2849,321,164,2069,1036,472,247,996,516,282,156,682,369,6,3,0.0,0.6666666666666666
Noppon Saengkham,Wu Yize,11,1452,1322,0.7088895687139617,0.5805423048206596,437,230,2975,1505,89,43,627,313,369,203,742,399,226,113,479,250,6,4,0.0,0.6
Joe O'Connor,Stephen Maguire,11,1377,1438,0.39798138530282035,0.4619487156141408,257,124,1640,819,1183,766,8607,4839,249,136,616,320,248,136,698,372,6,3,0.0,0.6666666666666666
Anthony McGill,Anthony Hamilton,11,1438,1283,0.7438795181694131,0.5956807306078472,741,442,4918,2677,1031,585,7570,3988,288,158,835,453,180,80,529,259,6,2,0.0,0.75
Pang Junxu,Craig Steadman,11,1413,1190,0.8263509667528726,0.6358738914270539,141,76,893,460,574,301,3680,1894,329,182,669,365,105,48,356,167,6,2,0.0,0.75
Ding Junhui,Robbie Williams,11,1491,1425,0.6101644450599927,0.541156668150228,968,645,7403,4223,536,287,3414,1754,317,172,797,449,237,133,539,289,6,3,0.0,0.6666666666666666
Mark Joyce,Joe Perry,11,1266,1352,0.3577875019887313,0.4464560968488817,615,314,4270,2142,1365,797,9385,5072,148,72,455,214,269,135,820,415,6,4,0.0,0.6
Jamie Jones,Zak Surety,11,1324,1197,0.704538962158598,0.578714862460134,654,388,4268,2304,230,102,1304,615,248,118,689,360,149,64,403,181,6,4,0.0,0.6
Jamie Clarke,David Gilbert,11,1292,1462,0.23627571436293565,0.39532091528599067,314,155,1846,918,917,535,6276,3390,145,67,515,249,275,150,911,513,6,5,0.0,0.5454545454545454
Zhou Yuelong,Neil Robertson,11,1461,1413,0.5806301954599846,0.5299640517645717,477,284,2999,1623,1230,819,9091,5230,365,193,928,505,293,146,1006,566,6,2,0.0,0.75
Mark Williams,Fan Zhengyi,11,1554,1331,0.8263509667528726,0.6358738914270539,1764,1158,12862,7389,150,61,983,437,368,220,1199,699,259,139,591,296,6,4,0.0,0.6
Hossein Vafaei,Shaun Murphy,11,1441,1501,0.3996162597604901,0.46257015465625045,301,179,2093,1105,1333,877,9620,5469,344,195,802,445,388,230,1016,581,6,4,0.0,0.6
Judd Trump,Pang Junxu,11,1625,1413,0.8143426634341571,0.6294831119673949,1408,1007,9627,5807,141,76,893,460,603,378,1666,1028,329,182,669,365,6,1,0.0,0.8571428571428571
Matthew Selt,Ali Carter,11,1429,1487,0.4028914906484895,0.4638133797682053,850,462,5468,2849,1279,787,8654,4786,472,247,996,516,465,268,1175,676,6,3,0.0,0.6666666666666666
Mark Selby,Mark Joyce,11,1556,1266,0.8882120246673187,0.6737070994545215,1515,1037,10842,6317,615,314,4270,2142,529,299,1378,781,148,72,455,214,6,0,0.0,1.0
Ronnie O'Sullivan,Anthony McGill,11,1625,1438,0.7851098343625788,0.6147918694922195,1490,1136,12860,7849,741,442,4918,2677,313,191,1219,726,288,158,835,453,6,2,0.0,0.75
Robert Milkins,Thepchaiya Un-Nooh,11,1386,1450,0.3930880661471555,0.46008511544443426,1111,644,7718,4134,540,315,3740,1993,522,262,913,462,246,139,653,348,6,5,0.0,0.5454545454545454
Ding Junhui,Mark Allen,11,1491,1555,0.3930880661471555,0.46008511544443426,968,645,7403,4223,1038,687,7319,4163,317,172,797,449,381,213,1075,623,6,5,0.0,0.5454545454545454
Jamie Jones,Jack Lisowski,11,1324,1491,0.24017278779705536,0.39711513267253384,654,388,4268,2304,776,475,5023,2752,248,118,689,360,418,232,1158,624,6,4,0.0,0.6
John Higgins,Joe O'Connor,11,1614,1377,0.8408728490865928,0.643938555965633,1819,1286,14161,8361,257,124,1640,819,480,294,1498,882,249,136,616,320,6,3,0.0,0.6666666666666666
Barry Hawkins,Ben Woollaston,11,1588,1335,0.8564268061981422,0.6530561132866127,1308,819,9000,5047,809,455,5094,2699,355,213,1039,598,204,101,575,298,6,4,0.0,0.6
Tom Ford,Noppon Saengkham,11,1492,1452,0.5673390032803908,0.52497918747894,915,526,6222,3329,437,230,2975,1505,432,236,1000,544,369,203,742,399,6,5,0.0,0.5454545454545454
Jamie Clarke,Kyren Wilson,11,1292,1530,0.15812250985759263,0.3554884462937054,314,155,1846,918,967,614,6184,3487,145,67,515,249,395,233,1458,831,6,5,0.0,0.5454545454545454
Luca Brecel,Yuan Sijun,11,1503,1464,0.5656716679114975,0.5243557087682073,625,365,4179,2265,248,129,1554,800,382,208,993,560,199,116,585,333,6,4,0.0,0.6
Zhang Anda,Elliot Slessor,11,1535,1297,0.8418774901424073,0.6445115537062945,454,235,3144,1610,335,159,2064,998,381,227,634,359,232,120,539,264,6,5,0.0,0.5454545454545454
Zhou Yuelong,John Higgins,11,1461,1614,0.25883337782610055,0.4055240692517599,477,284,2999,1623,1819,1286,14161,8361,365,193,928,505,480,294,1498,882,6,3,0.0,0.6666666666666666
Mark Williams,Jamie Clarke,11,1554,1292,0.8646908576804723,0.6581363150480182,1764,1158,12862,7389,314,155,1846,918,368,220,1199,699,145,67,515,249,6,4,0.0,0.6
Hossein Vafaei,Matthew Selt,11,1441,1429,0.5202936020488736,0.5074994375506203,301,179,2093,1105,850,462,5468,2849,344,195,802,445,472,247,996,516,6,1,0.0,0.8571428571428571
Judd Trump,Jamie Jones,11,1625,1324,0.8965693689340688,0.6797231924722057,1408,1007,9627,5807,654,388,4268,2304,603,378,1666,1028,248,118,689,360,6,0,0.0,1.0
Mark Selby,Barry Hawkins,11,1556,1588,0.4460320996560893,0.48001065984441826,1515,1037,10842,6317,1308,819,9000,5047,529,299,1378,781,355,213,1039,598,6,5,0.0,0.5454545454545454
Ronnie O'Sullivan,Robert Milkins,11,1625,1386,0.8428777851658715,0.645084137572727,1490,1136,12860,7849,1111,644,7718,4134,313,191,1219,726,522,262,913,462,6,5,0.0,0.5454545454545454
Ding Junhui,Tom Ford,11,1491,1492,0.49830811075590464,0.4993750003255206,968,645,7403,4223,915,526,6222,3329,317,172,797,449,432,236,1000,544,6,3,0.0,0.6666666666666666
Zhang Anda,Luca Brecel,11,1535,1503,0.5539679003439111,0.5199893401555818,454,235,3144,1610,625,365,4179,2265,381,227,634,359,382,208,993,560,6,4,0.0,0.6
Hossein Vafaei,Zhang Anda,11,1441,1535,0.3452406378162233,0.44151888756183866,301,179,2093,1105,454,235,3144,1610,344,195,802,445,381,227,634,359,6,4,0.0,0.6
Judd Trump,Mark Selby,11,1625,1556,0.6150281018113474,0.5430183807243099,1408,1007,9627,5807,1515,1037,10842,6317,603,378,1666,1028,529,299,1378,781,6,3,0.0,0.6666666666666666
Ronnie O'Sullivan,Zhou Yuelong,11,1625,1461,0.7558938862654132,0.6010878788483698,1490,1136,12860,7849,477,284,2999,1623,313,191,1219,726,365,193,928,505,6,5,0.0,0.5454545454545454
Ding Junhui,Mark Williams,11,1491,1554,0.39471726027512394,0.4607061941016405,968,645,7403,4223,1764,1158,12862,7389,317,172,797,449,368,220,1199,699,6,5,0.0,0.5454545454545454
Ronnie O'Sullivan,Hossein Vafaei,11,1625,1441,0.7814232040915076,0.6130141761393355,1490,1136,12860,7849,301,179,2093,1105,313,191,1219,726,344,195,802,445,6,2,0.0,0.75
Ding Junhui,Judd Trump,11,1491,1625,0.28535858443237944,0.4170245457988005,968,645,7403,4223,1408,1007,9627,5807,317,172,797,449,603,378,1666,1028,6,4,0.0,0.6
Ronnie O'Sullivan,Ding Junhui,19,1625,1491,0.7697684654952277,0.5829754542011996,1490,1136,12860,7849,968,645,7403,4223,313,191,1219,726,317,172,797,449,10,7,0.0,0.5882352941176471
Long Zehuang,Tom Ford,1,1144,1483,0.2999575523975257,0.2999575523975257,45,20,261,123,917,527,6242,3338,102,45,102,45,452,245,1020,553,1,0,0.0,1.0
Cao Yupeng,Sydney Wilson,1,1386,1144,0.6467993925579857,0.6467993925579857,353,185,2374,1225,235,95,1352,619,247,136,518,280,81,44,177,95,1,0,0.0,1.0
Zhou Yuelong,Stuart Carrington,1,1491,1263,0.6387631751488418,0.6387631751488418,482,288,3048,1652,501,268,3144,1637,414,222,977,534,187,97,510,261,1,0,0.0,1.0
Dean Young,David Grace,1,1067,1243,0.3917409692534856,0.3917409692534856,93,36,483,204,470,219,3064,1484,176,76,380,153,202,90,484,226,1,0,0.0,1.0
Kyren Wilson,Daniel Wells,1,1514,1411,0.5640216374262577,0.5640216374262577,968,614,6195,3492,507,254,3320,1665,406,238,1469,836,242,137,476,263,1,0,0.0,1.0
Mark Williams,Matthew Selt,1,1544,1436,0.5670929049654543,0.5670929049654543,1767,1160,12893,7406,854,465,5503,2868,399,237,1230,716,507,266,1031,535,1,0,0.0,1.0
Robbie Williams,Himanshu Jain,1,1424,930,0.7746924929149283,0.7746924929149283,539,289,3441,1769,30,6,159,47,264,148,566,304,85,14,159,47,1,0,0.0,1.0
Michael White,Mohamed Ibrahim,1,1312,953,0.7104354810428751,0.7104354810428751,686,377,4445,2313,28,5,179,58,226,112,617,319,124,41,145,49,1,0,0.0,1.0
Chris Wakelin,Pang Junxu,1,1456,1414,0.5262259093720687,0.5262259093720687,382,207,2469,1276,144,78,918,473,384,220,752,401,354,195,694,378,1,0,0.0,1.0
Alexander Ursenbacher,Ashley Hugill,1,1319,1277,0.5262259093720687,0.5262259093720687,265,121,1612,771,240,105,1438,681,177,90,446,219,201,91,539,255,1,0,0.0,1.0
Thepchaiya Un-Nooh,Liu Hongyu,1,1459,1246,0.6300660082850182,0.6300660082850182,543,317,3768,2010,30,18,174,98,274,156,681,365,131,73,174,98,1,0,0.0,1.0
Oliver Sykes,Rod Lawler,1,1038,1211,0.3935295129316965,0.3935295129316965,7,3,44,22,933,481,6834,3473,39,21,44,22,136,62,350,165,1,0,0.0,1.0
Zak Surety,Jimmy White,1,1227,1161,0.541156668150228,0.541156668150228,233,104,1332,631,1563,840,13007,6724,177,80,431,197,177,70,406,166,1,0,0.0,1.0
Matthew Stevens,Ken Doherty,1,1390,1239,0.5932699921071872,0.5932699921071872,1112,641,8422,4568,1278,742,10068,5428,227,119,583,305,200,87,447,192,1,0,0.0,1.0
Elliot Slessor,Ryan Thomerson,1,1347,972,0.7185943925708561,0.7185943925708561,339,162,2100,1021,64,16,383,143,268,143,575,287,134,47,212,74,1,0,0.0,1.0
Xu Si,Xing Zihao,1,1321,1080,0.6462280583309002,0.6462280583309002,180,73,1146,521,17,7,99,44,200,100,464,224,99,44,99,44,1,0,0.0,1.0
Victor Sarkis,John Astley,1,902,1239,0.30100851649095206,0.30100851649095206,21,1,116,25,346,156,2141,1010,98,21,116,25,182,79,489,233,1,0,0.0,1.0
Noppon Saengkham,Ahmed Aly Elsayed,1,1447,927,0.7858349830425586,0.7858349830425586,440,232,3007,1522,10,0,46,5,401,220,774,416,46,5,46,5,1,0,0.0,1.0
Jimmy Robertson,James Cahill,1,1380,1293,0.5541616527636486,0.5541616527636486,720,395,4712,2463,319,134,1979,925,305,168,779,424,206,101,541,267,1,0,0.0,1.0
Liam Pullen,Yuan Sijun,1,1085,1456,0.28343218544228543,0.28343218544228543,34,17,212,100,251,131,1584,816,142,66,212,100,229,132,615,349,1,0,0.0,1.0
Barry Pinches,Andrew Pagett,1,1144,1106,0.523732154126561,0.523732154126561,867,436,6440,3296,330,143,2105,990,171,81,417,180,171,69,318,120,1,0,0.0,1.0
Tian Pengfei,Alex Taubman,1,1308,1072,0.6433651456944017,0.6433651456944017,547,302,3585,1890,202,92,1084,503,198,96,503,245,44,22,121,61,1,0,0.0,1.0
Yisong Peng,Ben Mertens,1,1053,1241,0.38461624360881785,0.38461624360881785,35,9,218,83,86,41,505,255,164,67,218,83,230,121,377,195,1,0,0.0,1.0
Jackson Page,Leone Crowley,1,1320,1010,0.6846015003234307,0.6846015003234307,178,87,1138,562,5,2,26,12,222,117,583,300,0,0,26,12,1,0,0.0,1.0
Jamie O'Neill,Riley Powell,1,1138,973,0.6016871801828567,0.6016871801828567,387,191,2398,1208,6,2,24,7,116,52,306,131,24,7,24,7,1,0,0.0,1.0
Joe O'Connor,Andy Lee,1,1393,1105,0.6726070170677604,0.6726070170677604,260,126,1669,834,194,84,1168,529,278,151,645,335,146,53,268,115,1,0,0.0,1.0
Shaun Murphy,Bulcsú Révész,1,1491,1009,0.7694130612287485,0.7694130612287485,1334,877,9630,5473,7,3,50,23,398,234,1026,585,50,23,50,23,1,0,0.0,1.0
Stan Moody,Rory McLeod,1,1108,1212,0.4353637081969708,0.4353637081969708,37,12,222,97,708,371,5023,2556,147,61,207,91,103,49,355,159,1,0,0.0,1.0
Robert Milkins,Liam Graham,1,1403,1004,0.7305667649586345,0.7305667649586345,1113,645,7740,4145,39,13,213,86,544,273,935,473,92,30,182,70,1,0,0.0,1.0
Hammad Miah,He Guoqiang,1,1255,1211,0.5274723043445937,0.5274723043445937,274,110,1771,804,45,26,272,139,182,86,467,230,189,107,189,107,1,0,0.0,1.0
Shaun Liu,Ishpreet Singh Chadha,1,1000,1162,0.40011163113600173,0.40011163113600173,0,0,0,0,26,15,142,81,0,0,0,0,142,81,142,81,1,0,0.0,1.0
Oliver Lines,Ma Hailong,1,1355,1077,0.6670782770956253,0.6670782770956253,358,171,2160,1061,20,6,134,55,222,116,520,263,134,55,134,55,1,0,0.0,1.0
David Lilley,Reanne Evans,1,1275,945,0.6952966693475653,0.6952966693475653,236,116,1400,703,205,61,1155,447,188,86,531,257,121,42,253,74,1,0,0.0,1.0
Julien Leclercq,Andrew Higginson,1,1174,1314,0.41338242108267,0.41338242108267,55,25,291,138,867,499,6013,3260,160,80,271,129,188,96,463,244,1,0,0.0,1.0
Sanderson Lam,Haydon Pinhey,1,1268,1115,0.5944759307482401,0.5944759307482401,260,103,1570,694,94,43,488,231,251,129,515,250,132,68,309,144,1,0,0.0,1.0
Lukas Kleckers,Stuart Bingham,1,1245,1458,0.36993399171498176,0.36993399171498176,214,89,1227,549,1472,930,10181,5778,205,99,510,237,359,193,1149,626,1,0,0.0,1.0
Jiang Jun,Joel Connolly Jnr,1,1070,961,0.5677065480733601,0.5677065480733601,15,5,91,41,4,0,24,4,91,41,91,41,13,3,24,4,1,0,0.0,1.0
Mark Joyce,Rebecca Kenna,1,1283,819,0.7613327148429104,0.7613327148429104,619,317,4305,2160,35,3,178,34,183,90,490,232,85,9,164,32,1,0,0.0,1.0
Duane Jones,Jenson Kendrick,1,1216,996,0.6341355910108007,0.6341355910108007,310,139,1851,899,65,21,364,144,149,72,518,259,123,39,263,105,1,0,0.0,1.0
Si Jiahui,Liam Highfield,1,1399,1268,0.5811509642893937,0.5811509642893937,151,78,992,521,505,265,3369,1741,378,205,742,391,145,65,515,247,1,0,0.0,1.0
Andy Hicks,Martin O'Donnell,1,1206,1330,0.42311473886795364,0.42311473886795364,751,393,5755,2937,487,247,3022,1528,163,73,450,196,200,105,481,246,1,0,0.0,1.0
Louis Heathcote,Xiao Guodong,1,1243,1434,0.38284263734702784,0.38284263734702784,183,83,1027,498,726,421,4550,2495,209,108,501,241,414,222,938,504,1,0,0.0,1.0
Anthony Hamilton,Mink Nutcharut,1,1287,991,0.676995856238523,0.676995856238523,1033,586,7587,3996,33,3,193,58,197,88,546,267,126,39,192,58,1,0,0.0,1.0
Steven Hallworth,Jamie Jones,1,1230,1325,0.440902528097607,0.440902528097607,215,98,1191,566,658,391,4304,2322,99,45,411,195,284,136,725,378,1,0,0.0,1.0
David Gilbert,Thor Chuan Leong,1,1460,1222,0.6445115537062945,0.6445115537062945,919,536,6294,3401,170,62,1053,463,293,161,929,524,110,57,140,77,1,0,0.0,1.0
Dylan Emery,Wu Yize,1,1237,1333,0.44028635073280703,0.44028635073280703,102,45,579,280,91,44,645,323,180,84,432,209,244,123,497,260,1,0,0.0,1.0
Graeme Dott,Sean O'Sullivan,1,1340,1094,0.6490805242445733,0.6490805242445733,1163,678,8352,4492,277,104,1733,762,200,101,752,388,158,61,264,107,1,0,0.0,1.0
Mostafa Dorgham,Manasawin Phetmalaikul,1,975,1004,0.4818829349568186,0.4818829349568186,8,0,54,11,46,17,255,108,44,11,44,11,88,39,135,58,1,0,0.0,1.0
Ryan Day,Anton Kazakov,1,1351,953,0.7300743839811188,0.7300743839811188,1275,754,8422,4590,33,4,195,59,314,158,914,480,119,36,195,59,1,0,0.0,1.0
Mark Davis,Siripaporn Nuanthakhamjan,1,1353,937,0.7388500060842489,0.7388500060842489,1296,770,8917,4845,10,0,67,15,243,127,570,283,67,15,67,15,1,0,0.0,1.0
Alfie Davies,Joe Perry,1,1070,1348,0.3329217229043748,0.3329217229043748,22,13,121,65,1367,798,9403,5082,78,42,121,65,287,145,838,425,1,0,0.0,1.0
Liam Davies,Lyu Haotian,1,1050,1464,0.26211589880836517,0.26211589880836517,29,13,193,88,323,165,2086,1045,70,30,192,88,299,165,699,378,1,0,0.0,1.0
Dominic Dale,Fan Zhengyi,1,1305,1347,0.4737740906279313,0.4737740906279313,1091,605,7564,3981,153,63,1013,453,203,108,516,251,289,155,621,312,1,0,0.0,1.0
Jamie Clarke,Andres Petrov,1,1330,1049,0.668741821102192,0.668741821102192,319,159,1898,946,59,20,357,145,197,95,567,277,132,43,220,79,1,0,0.0,1.0
Ashley Carty,Jak Jones,1,1270,1398,0.42067574785125056,0.42067574785125056,262,123,1532,751,366,172,2345,1103,147,73,359,168,302,164,689,359,1,0,0.0,1.0
Ali Carter,Ross Muir,1,1473,1243,0.6399160967377341,0.6399160967377341,1280,787,8663,4789,276,110,1739,802,474,271,1184,679,177,85,461,235,1,0,0.0,1.0
Ian Burns,Florian Nüßle,1,1293,1207,0.5535439031511183,0.5535439031511183,484,237,3043,1513,67,32,362,186,188,92,499,239,76,48,217,119,1,0,0.0,1.0
Alfie Burden,Aaron Hill,1,1231,1313,0.448928730692658,0.448928730692658,795,414,5645,2866,108,49,620,298,207,106,396,187,224,119,497,246,1,0,0.0,1.0
Jordan Brown,Gary Wilson,1,1346,1404,0.4638133797682053,0.4638133797682053,316,164,1952,979,688,397,4423,2381,322,156,842,437,362,190,892,463,1,0,0.0,1.0
Oliver Brown,Allan Taylor,1,1099,1209,0.4316800165217519,0.4316800165217519,266,117,1432,671,429,196,2511,1197,132,46,276,108,163,74,398,172,1,0,0.0,1.0
Jack Borwick,Adam Duffy,1,997,1107,0.4316800165217519,0.4316800165217519,7,2,35,14,423,202,2662,1319,35,14,35,14,152,59,268,111,1,0,0.0,1.0
Iulian Boiko,Ricky Walden,1,1171,1395,0.36354745971843366,0.36354745971843366,82,28,473,199,1128,672,7618,4175,143,83,336,153,354,180,950,517,1,0,0.0,1.0
Zhang Anda,Mohammed Asif,1,1525,1065,0.759510916949111,0.759510916949111,457,237,3175,1626,55,20,357,157,412,243,665,375,122,38,185,74,1,0,0.0,1.0
Mark Allen,Ben Woollaston,1,1548,1374,0.6070669880717036,0.6070669880717036,1039,687,7330,4168,813,458,5128,2721,392,218,1086,628,238,123,609,320,1,0,0.0,1.0
Long Zehuang,Noppon Saengkham,1,1144,1447,0.31918928918436135,0.31918928918436135,45,20,261,123,440,232,3007,1522,102,45,102,45,401,220,774,416,1,0,0.0,1.0
Cao Yupeng,Julien Leclercq,1,1386,1174,0.6294831119673949,0.6294831119673949,353,185,2374,1225,55,25,291,138,247,136,518,280,160,80,271,129,1,0,0.0,1.0
Zhou Yuelong,Lukas Kleckers,1,1491,1245,0.6490805242445733,0.6490805242445733,482,288,3048,1652,214,89,1227,549,414,222,977,534,205,99,510,237,1,0,0.0,1.0
Dean Young,Shaun Liu,1,1067,1000,0.5417773692836367,0.5417773692836367,93,36,483,204,0,0,0,0,176,76,380,153,0,0,0,0,1,0,0.0,1.0
Kyren Wilson,Mostafa Dorgham,1,1514,975,0.7937206082453278,0.7937206082453278,968,614,6195,3492,8,0,54,11,406,238,1469,836,44,11,44,11,1,0,0.0,1.0
Michael White,Yisong Peng,1,1312,1053,0.6564468724566059,0.6564468724566059,686,377,4445,2313,35,9,218,83,226,112,617,319,164,67,218,83,1,0,0.0,1.0
Alexander Ursenbacher,Victor Sarkis,1,1319,902,0.7393320946525015,0.7393320946525015,265,121,1612,771,21,1,116,25,177,90,446,219,98,21,116,25,1,0,0.0,1.0
Thepchaiya Un-Nooh,Matthew Stevens,1,1459,1390,0.5430183807243099,0.5430183807243099,543,317,3768,2010,1112,641,8422,4568,274,156,681,365,227,119,583,305,1,0,0.0,1.0
Zak Surety,Zhang Anda,1,1227,1525,0.3219117504483725,0.3219117504483725,233,104,1332,631,457,237,3175,1626,177,80,431,197,412,243,665,375,1,0,0.0,1.0
Elliot Slessor,Oliver Sykes,1,1347,1038,0.6840614456522569,0.6840614456522569,339,162,2100,1021,7,3,44,22,268,143,575,287,39,21,44,22,1,0,0.0,1.0
Xu Si,Jamie Clarke,1,1321,1330,0.4943752372926745,0.4943752372926745,180,73,1146,521,319,159,1898,946,200,100,464,224,197,95,567,277,1,0,0.0,1.0
Jimmy Robertson,David Gilbert,1,1380,1460,0.45016600268752216,0.45016600268752216,720,395,4712,2463,919,536,6294,3401,305,168,779,424,293,161,929,524,1,0,0.0,1.0
Liam Pullen,Jamie O'Neill,1,1085,1138,0.46692337763389535,0.46692337763389535,34,17,212,100,387,191,2398,1208,142,66,212,100,116,52,306,131,1,0,0.0,1.0
Joe O'Connor,Chris Wakelin,1,1393,1456,0.4607061941016405,0.4607061941016405,260,126,1669,834,382,207,2469,1276,278,151,645,335,384,220,752,401,1,0,0.0,1.0
Stan Moody,Ian Burns,1,1108,1293,0.3863929221952217,0.3863929221952217,37,12,222,97,484,237,3043,1513,147,61,207,91,188,92,499,239,1,0,0.0,1.0
Hammad Miah,Mark Williams,1,1255,1544,0.3268427036298682,0.3268427036298682,274,110,1771,804,1767,1160,12893,7406,182,86,467,230,399,237,1230,716,1,0,0.0,1.0
Oliver Lines,Robert Milkins,1,1355,1403,0.4700359482354282,0.4700359482354282,358,171,2160,1061,1113,645,7740,4145,222,116,520,263,544,273,935,473,1,0,0.0,1.0
David Lilley,Jack Borwick,1,1275,997,0.6670782770956253,0.6670782770956253,236,116,1400,703,7,2,35,14,188,86,531,257,35,14,35,14,1,0,0.0,1.0
Sanderson Lam,Andy Hicks,1,1268,1206,0.538672605206508,0.538672605206508,260,103,1570,694,751,393,5755,2937,251,129,515,250,163,73,450,196,1,0,0.0,1.0
Duane Jones,Barry Pinches,1,1216,1144,0.5448788923735801,0.5448788923735801,310,139,1851,899,867,436,6440,3296,149,72,518,259,171,81,417,180,1,0,0.0,1.0
Si Jiahui,Jordan Brown,1,1399,1346,0.5330766223661046,0.5330766223661046,151,78,992,521,316,164,1952,979,378,205,742,391,322,156,842,437,1,0,0.0,1.0
Anthony Hamilton,Jiang Jun,1,1287,1070,0.6323937895695628,0.6323937895695628,1033,586,7587,3996,15,5,91,41,197,88,546,267,91,41,91,41,1,0,0.0,1.0
Steven Hallworth,Mark Joyce,1,1230,1283,0.46692337763389535,0.46692337763389535,215,98,1191,566,619,317,4305,2160,99,45,411,195,183,90,490,232,1,0,0.0,1.0
Dylan Emery,Alfie Davies,1,1237,1070,0.6028848673274662,0.6028848673274662,102,45,579,280,22,13,121,65,180,84,432,209,78,42,121,65,1,0,0.0,1.0
Graeme Dott,Jackson Page,1,1340,1320,0.5124973964842103,0.5124973964842103,1163,678,8352,4492,178,87,1138,562,200,101,752,388,222,117,583,300,1,0,0.0,1.0
Ryan Day,Ashley Carty,1,1351,1270,0.5504527113395278,0.5504527113395278,1275,754,8422,4590,262,123,1532,751,314,158,914,480,147,73,359,168,1,0,0.0,1.0
Mark Davis,Tian Pengfei,1,1353,1308,0.528095374408387,0.528095374408387,1296,770,8917,4845,547,302,3585,1890,243,127,570,283,198,96,503,245,1,0,0.0,1.0
Liam Davies,Louis Heathcote,1,1050,1243,0.38166196066971714,0.38166196066971714,29,13,193,88,183,83,1027,498,70,30,192,88,209,108,501,241,1,0,0.0,1.0
Dominic Dale,Shaun Murphy,1,1305,1491,0.38580035722310485,0.38580035722310485,1091,605,7564,3981,1334,877,9630,5473,203,108,516,251,398,234,1026,585,1,0,0.0,1.0
Ali Carter,Alfie Burden,1,1473,1231,0.6467993925579857,0.6467993925579857,1280,787,8663,4789,795,414,5645,2866,474,271,1184,679,207,106,396,187,1,0,0.0,1.0
Iulian Boiko,Robbie Williams,1,1171,1424,0.3469438867133873,0.3469438867133873,82,28,473,199,539,289,3441,1769,143,83,336,153,264,148,566,304,1,0,0.0,1.0
Mark Allen,Oliver Brown,1,1548,1099,0.7544521462725048,0.7544521462725048,1039,687,7330,4168,266,117,1432,671,392,218,1086,628,132,46,276,108,1,0,0.0,1.0
Long Zehuang,Duane Jones,1,1144,1216,0.45512110762641994,0.45512110762641994,45,20,261,123,310,139,1851,899,102,45,102,45,149,72,518,259,1,0,0.0,1.0
Cao Yupeng,Thepchaiya Un-Nooh,1,1386,1459,0.45450121278721795,0.45450121278721795,353,185,2374,1225,543,317,3768,2010,247,136,518,280,274,156,681,365,1,0,0.0,1.0
Kyren Wilson,David Lilley,1,1514,1275,0.645084137572727,0.645084137572727,968,614,6195,3492,236,116,1400,703,406,238,1469,836,188,86,531,257,1,0,0.0,1.0
Michael White,Joe O'Connor,1,1312,1393,0.4495472886604723,0.4495472886604723,686,377,4445,2313,260,126,1669,834,226,112,617,319,278,151,645,335,1,0,0.0,1.0
Elliot Slessor,Zak Surety,1,1347,1227,0.574442516811659,0.574442516811659,339,162,2100,1021,233,104,1332,631,268,143,575,287,177,80,431,197,1,0,0.0,1.0
Jimmy Robertson,Graeme Dott,1,1380,1340,0.52497918747894,0.52497918747894,720,395,4712,2463,1163,678,8352,4492,305,168,779,424,200,101,752,388,1,0,0.0,1.0
Hammad Miah,Stan Moody,1,1255,1108,0.5908547524545943,0.5908547524545943,274,110,1771,804,37,12,222,97,182,86,467,230,147,61,207,91,1,0,0.0,1.0
Oliver Lines,Xu Si,1,1355,1321,0.5212372149662741,0.5212372149662741,358,171,2160,1061,180,73,1146,521,222,116,520,263,200,100,464,224,1,0,0.0,1.0
Si Jiahui,Ryan Day,1,1399,1351,0.5299640517645717,0.5299640517645717,151,78,992,521,1275,754,8422,4590,378,205,742,391,314,158,914,480,1,0,0.0,1.0
Steven Hallworth,Alexander Ursenbacher,1,1230,1319,0.44460335167941084,0.44460335167941084,215,98,1191,566,265,121,1612,771,99,45,411,195,177,90,446,219,1,0,0.0,1.0
Mark Davis,Liam Pullen,1,1353,1085,0.6615031592029524,0.6615031592029524,1296,770,8917,4845,34,17,212,100,243,127,570,283,142,66,212,100,1,0,0.0,1.0
Liam Davies,Dylan Emery,1,1050,1237,0.3852081305077805,0.3852081305077805,29,13,193,88,102,45,579,280,70,30,192,88,180,84,432,209,1,0,0.0,1.0
Dominic Dale,Zhou Yuelong,1,1305,1491,0.38580035722310485,0.38580035722310485,1091,605,7564,3981,482,288,3048,1652,203,108,516,251,414,222,977,534,1,0,0.0,1.0
Ali Carter,Dean Young,1,1473,1067,0.7339975165215696,0.7339975165215696,1280,787,8663,4789,93,36,483,204,474,271,1184,679,176,76,380,153,1,0,0.0,1.0
Iulian Boiko,Anthony Hamilton,1,1171,1287,0.42800386706848137,0.42800386706848137,82,28,473,199,1033,586,7587,3996,143,83,336,153,197,88,546,267,1,0,0.0,1.0
Mark Allen,Sanderson Lam,1,1548,1268,0.6681877721681662,0.6681877721681662,1039,687,7330,4168,260,103,1570,694,392,218,1086,628,251,129,515,250,1,0,0.0,1.0
Cao Yupeng,Hammad Miah,1,1386,1255,0.5811509642893937,0.5811509642893937,353,185,2374,1225,274,110,1771,804,247,136,518,280,182,86,467,230,1,0,0.0,1.0
Elliot Slessor,Jimmy Robertson,1,1347,1380,0.47938669028555136,0.47938669028555136,339,162,2100,1021,720,395,4712,2463,268,143,575,287,305,168,779,424,1,0,0.0,1.0
Si Jiahui,Kyren Wilson,1,1399,1514,0.42861601832306767,0.42861601832306767,151,78,992,521,968,614,6195,3492,378,205,742,391,406,238,1469,836,1,0,0.0,1.0
Steven Hallworth,Long Zehuang,1,1230,1144,0.5535439031511183,0.5535439031511183,215,98,1191,566,45,20,261,123,99,45,411,195,102,45,102,45,1,0,0.0,1.0
Mark Davis,Liam Davies,1,1353,1050,0.6808107108156386,0.6808107108156386,1296,770,8917,4845,29,13,193,88,243,127,570,283,70,30,192,88,1,0,0.0,1.0
Dominic Dale,Iulian Boiko,1,1305,1171,0.5829754542011996,0.5829754542011996,1091,605,7564,3981,82,28,473,199,203,108,516,251,143,83,336,153,1,0,0.0,1.0
Ali Carter,Michael White,1,1473,1312,0.5992881635083561,0.5992881635083561,1280,787,8663,4789,686,377,4445,2313,474,271,1184,679,226,112,617,319,1,0,0.0,1.0
Mark Allen,Oliver Lines,1,1548,1355,0.6183380393302829,0.6183380393302829,1039,687,7330,4168,358,171,2160,1061,392,218,1086,628,222,116,520,263,1,0,0.0,1.0
Cao Yupeng,Mark Davis,1,1386,1353,0.5206133097144486,0.5206133097144486,353,185,2374,1225,1296,770,8917,4845,247,136,518,280,243,127,570,283,1,0,0.0,1.0
Steven Hallworth,Dominic Dale,1,1230,1305,0.45326184801538616,0.45326184801538616,215,98,1191,566,1091,605,7564,3981,99,45,411,195,203,108,516,251,1,0,0.0,1.0
Ali Carter,Elliot Slessor,1,1473,1347,0.5781052328843092,0.5781052328843092,1280,787,8663,4789,339,162,2100,1021,474,271,1184,679,268,143,575,287,1,0,0.0,1.0
Mark Allen,Si Jiahui,1,1548,1399,0.5920629281648192,0.5920629281648192,1039,687,7330,4168,151,78,992,521,392,218,1086,628,378,205,742,391,1,0,0.0,1.0
Cao Yupeng,Ali Carter,1,1386,1473,0.44583834723635146,0.44583834723635146,353,185,2374,1225,1280,787,8663,4789,247,136,518,280,474,271,1184,679,1,0,0.0,1.0
Mark Allen,Steven Hallworth,1,1548,1230,0.6889039179769546,0.6889039179769546,1039,687,7330,4168,215,98,1191,566,392,218,1086,628,99,45,411,195,1,0,0.0,1.0
Mark Allen,Cao Yupeng,1,1548,1386,0.5998883688639983,0.5998883688639983,1039,687,7330,4168,353,185,2374,1225,392,218,1086,628,247,136,518,280,1,0,0.0,1.0
Xing Zihao,Ross Muir,9,1077,1240,0.2655479256086079,0.3995117254730337,18,7,100,44,277,110,1740,802,100,44,100,44,178,85,462,235,5,1,0.0,0.8333333333333334
Fan Zhengyi,Cao Yupeng,9,1343,1404,0.4070775233607099,0.4619487156141408,154,63,1014,453,360,191,2381,1231,290,155,622,312,254,142,525,286,5,1,0.0,0.8333333333333334
Zhou Yuelong,Jak Jones,9,1492,1393,0.6484773334831452,0.5615610703361955,485,290,3051,1654,367,172,2346,1103,417,224,980,536,303,164,690,359,5,4,0.0,0.5555555555555556
Ben Woollaston,Anthony Hamilton,9,1371,1288,0.6254097561604477,0.5516896693427,814,458,5129,2721,1036,588,7590,3998,239,123,610,320,200,90,549,269,5,1,0.0,0.8333333333333334
Kyren Wilson,Oliver Lines,9,1517,1363,0.7230620724576832,0.595078473866134,972,617,6199,3495,362,174,2164,1064,410,241,1473,839,226,119,524,266,5,3,0.0,0.625
Robbie Williams,Jackson Page,9,1421,1319,0.6527423440531748,0.5634067862621936,541,290,3443,1770,180,88,1140,563,266,149,568,305,224,118,585,301,5,3,0.0,0.625
Mark Williams,David Grace,9,1542,1238,0.8767183735713725,0.6813537337890256,1769,1161,12895,7407,471,219,3065,1484,401,238,1232,717,203,90,485,226,5,3,0.0,0.625
Ricky Walden,Adam Duffy,9,1390,1102,0.864117564265544,0.6726070170677604,1129,672,7619,4175,424,202,2663,1319,355,180,951,517,153,59,269,111,5,1,0.0,0.8333333333333334
Chris Wakelin,Mohamed Ibrahim,9,1456,951,0.9705602090330827,0.7794561686382467,384,208,2471,1277,29,5,180,58,386,221,754,402,125,41,146,49,5,3,0.0,0.625
Hossein Vafaei,Mink Nutcharut,9,1493,988,0.9705602090330827,0.7794561686382467,307,184,2144,1137,34,3,194,58,395,227,853,477,127,39,193,58,5,0,0.0,1.0
Alexander Ursenbacher,Ma Hailong,9,1321,1074,0.8276890901240301,0.6496497492904088,268,123,1615,773,21,6,135,55,180,92,449,221,135,55,135,55,5,0,0.0,1.0
Thepchaiya Un-Nooh,Jamie Jones,9,1462,1321,0.7061774724656459,0.587223690839335,546,319,3771,2012,659,391,4305,2322,277,158,684,367,285,136,726,378,5,1,0.0,0.8333333333333334
Judd Trump,Lukas Kleckers,9,1647,1247,0.9347987315925779,0.7310585786300049,1412,1010,9659,5829,216,90,1229,550,635,400,1698,1050,207,100,512,238,5,0,0.0,1.0
Zak Surety,Jack Lisowski,9,1233,1475,0.1771660475755013,0.35320060744201437,236,106,1335,633,777,475,5033,2756,180,82,434,199,428,236,1168,628,5,3,0.0,0.625
Matthew Stevens,Anton Kazakov,9,1389,951,0.9505429195853785,0.7493220844051797,1114,642,8424,4569,34,4,196,59,229,120,585,306,120,36,196,59,5,3,0.0,0.625
Elliot Slessor,Iulian Boiko,9,1356,1183,0.7468086860638347,0.6064704870683034,344,166,2105,1025,86,31,477,202,273,147,580,291,147,86,340,156,5,2,0.0,0.7142857142857143
Ishpreet Singh Chadha,Luca Brecel,9,1157,1502,0.09495634799162514,0.2968172887801915,27,15,143,81,627,366,4199,2275,143,81,143,81,402,218,1013,570,5,2,0.0,0.7142857142857143
Yuan Sijun,Ding Junhui,9,1450,1538,0.3673260343741166,0.4452207648927852,252,131,1585,816,975,651,7480,4266,230,132,616,349,394,215,874,492,5,2,0.0,0.7142857142857143
Xu Si,Shaun Murphy,9,1324,1488,0.26429794182847044,0.3989121211516302,183,75,1149,523,1336,878,9632,5474,203,102,467,226,400,235,1028,586,5,3,0.0,0.625
Matthew Selt,Dylan Emery,9,1433,1239,0.7716906952520353,0.6189278548001903,855,465,5504,2868,105,47,582,282,508,266,1032,535,183,86,435,211,5,4,0.0,0.5555555555555556
Neil Robertson,Sanderson Lam,9,1399,1272,0.6874521458116047,0.578714862460134,1231,819,9099,5232,263,105,1573,696,301,148,1014,568,254,131,518,252,5,1,0.0,0.8333333333333334
Jimmy Robertson,Liam Highfield,9,1388,1265,0.682004145502627,0.5762749224932653,724,398,4716,2466,506,265,3370,1741,309,171,783,427,146,65,516,247,5,3,0.0,0.625
Liam Pullen,Stuart Bingham,9,1092,1453,0.08537508147535852,0.2885370176697987,37,19,215,102,1473,930,10182,5778,145,68,215,102,360,193,1150,626,5,1,0.0,0.8333333333333334
Haydon Pinhey,Rod Lawler,9,1112,1206,0.35867462873861855,0.44151888756183866,95,43,489,231,934,481,6835,3473,133,68,310,144,137,62,351,165,5,3,0.0,0.625
Joe Perry,Ryan Thomerson,9,1343,970,0.9212990860235819,0.7175822059302752,1368,798,9404,5082,65,16,384,143,288,145,839,425,135,47,213,74,5,0,0.0,1.0
Tian Pengfei,Reanne Evans,9,1307,943,0.9163338450326745,0.7130001627522816,549,303,3587,1891,206,61,1156,447,200,97,505,246,122,42,254,74,5,4,0.0,0.5555555555555556
Yisong Peng,Alfie Burden,9,1055,1232,0.24833900659015712,0.3911454307890496,37,10,220,84,797,415,5647,2867,166,68,220,84,209,107,398,188,5,4,0.0,0.5555555555555556
Andrew Pagett,Ahmed Aly Elsayed,9,1102,925,0.7516609934098428,0.6088545692109504,331,143,2106,990,11,0,47,5,172,69,319,120,47,5,47,5,5,3,0.0,0.625
Martin O'Donnell,Himanshu Jain,9,1325,928,0.9333984621934427,0.729581436256663,488,247,3023,1528,31,6,160,47,201,105,482,246,86,14,160,47,5,2,0.0,0.7142857142857143
Joe O'Connor,Andy Hicks,9,1396,1207,0.7659005155576041,0.6159753019181258,263,128,1672,836,753,394,5757,2938,281,153,648,337,165,74,452,197,5,2,0.0,0.7142857142857143
Robert Milkins,Allan Taylor,9,1401,1204,0.7751238468246431,0.6206951913643555,1115,646,7742,4146,430,196,2512,1197,546,274,937,474,164,74,399,172,5,4,0.0,0.5555555555555556
Ben Mertens,Thor Chuan Leong,9,1236,1219,0.5261277964586326,0.5106234010049637,87,41,506,255,171,62,1054,463,231,121,378,195,111,57,141,77,5,3,0.0,0.625
Stephen Maguire,Rebecca Kenna,9,1423,817,0.9874442343757885,0.8198010248019487,1185,767,8626,4848,36,3,179,34,267,145,717,381,86,9,165,32,5,1,0.0,0.8333333333333334
David Lilley,Liam Graham,9,1277,1002,0.853217103541739,0.665410558746814,239,118,1403,705,40,13,214,86,191,88,534,259,93,30,183,70,5,2,0.0,0.7142857142857143
Julien Leclercq,Barry Pinches,9,1176,1144,0.5490878352749592,0.5199893401555818,57,26,293,139,869,437,6442,3297,162,81,273,130,173,82,419,181,5,2,0.0,0.7142857142857143
Pang Junxu,Jimmy White,9,1410,1157,0.8333964892426636,0.6530561132866127,145,78,919,473,1564,840,13008,6724,355,195,695,378,178,70,407,166,5,2,0.0,0.7142857142857143
Mark Joyce,Wu Yize,9,1281,1329,0.4266123046090862,0.4700359482354282,621,318,4307,2161,92,44,646,323,185,91,492,233,245,123,498,260,5,1,0.0,0.8333333333333334
Si Jiahui,Lyu Haotian,9,1412,1458,0.42963586636796786,0.4712816430485603,156,82,997,525,324,165,2087,1045,383,209,747,395,300,165,700,378,5,4,0.0,0.5555555555555556
Liu Hongyu,Dominic Dale,9,1243,1318,0.38630986299123704,0.45326184801538616,31,18,175,98,1096,609,7569,3985,132,73,175,98,208,112,521,255,5,0,0.0,1.0
Aaron Hill,Mohammed Asif,9,1309,1063,0.8267252595018073,0.6490805242445733,109,49,621,298,56,20,358,157,225,119,498,246,123,38,186,74,5,3,0.0,0.625
Andrew Higginson,Jiang Jun,9,1309,1070,0.8198777056686509,0.645084137572727,868,499,6014,3260,17,6,93,42,189,96,464,244,93,42,93,42,5,4,0.0,0.5555555555555556
John Higgins,Daniel Wells,9,1597,1408,0.7659005155576041,0.6159753019181258,1821,1287,14179,8370,508,254,3321,1665,498,303,1516,891,243,137,477,263,5,3,0.0,0.625
Louis Heathcote,Andy Lee,9,1243,1102,0.7061774724656459,0.587223690839335,185,84,1029,499,195,84,1169,529,211,109,503,242,147,53,269,115,5,1,0.0,0.8333333333333334
Barry Hawkins,Stuart Carrington,9,1580,1260,0.888437763640334,0.6899744811276125,1310,820,9021,5058,502,268,3145,1637,376,224,1060,609,188,97,511,261,5,2,0.0,0.7142857142857143
He Guoqiang,John Astley,9,1207,1233,0.4600800462945756,0.48375571893792757,46,26,273,139,347,156,2142,1010,190,107,190,107,183,79,490,233,5,4,0.0,0.5555555555555556
Xiao Guodong,Ian Burns,9,1429,1292,0.7008831543460528,0.584797674717737,727,421,4551,2495,486,238,3045,1514,415,222,939,504,190,93,501,240,5,1,0.0,0.8333333333333334
Martin Gould,James Cahill,9,1308,1289,0.5291961843292591,0.5118727677562528,889,524,5800,3139,320,134,1980,925,122,56,565,273,207,101,542,267,5,4,0.0,0.5555555555555556
David Gilbert,Dean Young,9,1459,1074,0.9275515881200725,0.7236220674654401,921,537,6296,3402,96,38,486,206,295,162,931,525,179,78,383,155,5,0,0.0,1.0
Marco Fu,Mark Selby,9,1373,1569,0.22601710818420698,0.3798935676569099,956,559,7142,3867,1518,1039,10868,6332,154,72,276,136,555,314,1404,796,5,1,0.0,0.8333333333333334
Tom Ford,Siripaporn Nuanthakhamjan,9,1477,935,0.9782516749952243,0.7949458649106351,918,527,6243,3338,11,0,68,15,453,245,1021,553,68,15,68,15,5,0,0.0,1.0
Graeme Dott,Victor Sarkis,9,1343,906,0.9501734685084674,0.7488521955201534,1166,680,8355,4494,23,2,118,26,203,103,755,390,100,22,118,26,5,3,0.0,0.625
Scott Donaldson,Gary Wilson,9,1366,1400,0.44786205376617916,0.4787627850337259,476,253,3039,1547,689,397,4424,2381,228,118,705,353,363,190,893,463,5,4,0.0,0.5555555555555556
Ken Doherty,Jenson Kendrick,9,1236,993,0.823812175871814,0.647370307581549,1279,742,10069,5428,66,21,365,144,201,87,448,192,124,39,264,105,5,0,0.0,1.0
Ryan Day,Stan Moody,9,1353,1115,0.8188851011711408,0.6445115537062945,1278,756,8425,4592,40,14,225,99,317,160,917,482,150,63,210,93,5,3,0.0,0.625
Mark Davis,Ashley Hugill,9,1361,1273,0.6326739656258834,0.5547792351072148,1301,774,8922,4849,241,105,1439,681,248,131,575,287,202,91,540,255,5,2,0.0,0.7142857142857143
Alfie Davies,Sydney Wilson,9,1072,1141,0.39517238532458393,0.4569816192756902,24,14,123,66,236,95,1353,619,80,43,123,66,82,44,178,95,5,4,0.0,0.5555555555555556
Sam Craigie,Sean O'Sullivan,9,1395,1091,0.8767183735713725,0.6813537337890256,338,180,2010,1050,278,104,1734,762,197,103,590,312,159,61,265,107,5,2,0.0,0.7142857142857143
Jamie Clarke,Hammad Miah,9,1329,1264,0.5988871099602557,0.5405358392737893,321,160,1900,947,278,113,1775,807,199,96,569,278,186,89,471,233,5,3,0.0,0.625
Ashley Carty,Noppon Saengkham,9,1271,1444,0.25319131393616523,0.3935295129316965,264,124,1534,752,442,233,3009,1523,149,74,361,169,403,221,776,417,5,2,0.0,0.7142857142857143
Ali Carter,Michael White,9,1483,1318,0.7369488869894564,0.6016871801828567,1286,792,8669,4794,690,380,4449,2316,480,276,1190,684,230,115,621,322,5,4,0.0,0.5555555555555556
Jordan Brown,Long Zehuang,9,1346,1155,0.7682267848118195,0.6171573626529722,318,165,1954,980,49,23,265,126,324,157,844,438,106,48,106,48,5,4,0.0,0.5555555555555556
Oliver Brown,Andres Petrov,9,1102,1046,0.585434873024069,0.5349429451582145,268,118,1434,672,60,20,358,145,134,47,278,109,133,43,221,79,5,0,0.0,1.0
Zhang Anda,Mostafa Dorgham,9,1522,977,0.9787894876350202,0.7961657128002131,459,238,3177,1627,10,1,56,12,414,244,667,376,46,12,46,12,5,3,0.0,0.625
Mark Allen,Manasawin Phetmalaikul,9,1568,1000,0.9825356687936077,0.8053384164084221,1046,694,7337,4175,47,17,256,108,399,225,1093,635,89,39,136,58,5,4,0.0,0.5555555555555556
Fan Zhengyi,Ben Mertens,9,1343,1236,0.659805489406344,0.5664790559676278,154,63,1014,453,87,41,506,255,290,155,622,312,231,121,378,195,5,3,0.0,0.625
Zhou Yuelong,Tian Pengfei,9,1492,1307,0.7612074518356959,0.6136070778047783,485,290,3051,1654,549,303,3587,1891,417,224,980,536,200,97,505,246,5,0,0.0,1.0
Kyren Wilson,Ben Woollaston,9,1517,1371,0.7127306132952813,0.5902502519301834,972,617,6199,3495,814,458,5129,2721,410,241,1473,839,239,123,610,320,5,1,0.0,0.8333333333333334
Thepchaiya Un-Nooh,Zhang Anda,9,1462,1522,0.40857228932346973,0.46257015465625045,546,319,3771,2012,459,238,3177,1627,277,158,684,367,414,244,667,376,5,4,0.0,0.5555555555555556
Judd Trump,Matthew Stevens,9,1647,1389,0.8380537004953521,0.6558828412078137,1412,1010,9659,5829,1114,642,8424,4569,635,400,1698,1050,229,120,585,306,5,3,0.0,0.625
Zak Surety,Alexander Ursenbacher,9,1233,1321,0.3673260343741166,0.4452207648927852,236,106,1335,633,268,123,1615,773,180,82,434,199,180,92,449,221,5,2,0.0,0.7142857142857143
Ishpreet Singh Chadha,Liu Hongyu,9,1157,1243,0.3702259076432147,0.4464560968488817,27,15,143,81,31,18,175,98,143,81,143,81,132,73,175,98,5,3,0.0,0.625
Yuan Sijun,Aaron Hill,9,1450,1309,0.7061774724656459,0.587223690839335,252,131,1585,816,109,49,621,298,230,132,616,349,225,119,498,246,5,1,0.0,0.8333333333333334
Xu Si,Andrew Higginson,9,1324,1309,0.5230577783295167,0.5093739015216607,183,75,1149,523,868,499,6014,3260,203,102,467,226,189,96,464,244,5,2,0.0,0.7142857142857143
Matthew Selt,Martin O'Donnell,9,1433,1325,0.6612111753784531,0.5670929049654543,855,465,5504,2868,488,247,3023,1528,508,266,1032,535,201,105,482,246,5,0,0.0,1.0
Neil Robertson,Jimmy Robertson,9,1399,1388,0.5169136156946217,0.5068745667645342,1231,819,9099,5232,724,398,4716,2466,301,148,1014,568,309,171,783,427,5,0,0.0,1.0
Joe Perry,Xing Zihao,9,1343,1077,0.8453183804092873,0.660382673079216,1368,798,9404,5082,18,7,100,44,288,145,839,425,100,44,100,44,5,1,0.0,0.8333333333333334
Andrew Pagett,Chris Wakelin,9,1102,1456,0.08946921836979904,0.29214272857551865,331,143,2106,990,384,208,2471,1277,172,69,319,120,386,221,754,402,5,3,0.0,0.625
Joe O'Connor,Stephen Maguire,9,1396,1423,0.4585503751450084,0.48313140430861523,263,128,1672,836,1185,767,8626,4848,281,153,648,337,267,145,717,381,5,3,0.0,0.625
Robert Milkins,Robbie Williams,9,1401,1421,0.46927029269061465,0.4875026035157896,1115,646,7742,4146,541,290,3443,1770,546,274,937,474,266,149,568,305,5,2,0.0,0.7142857142857143
David Lilley,Ricky Walden,9,1277,1390,0.3317960811303977,0.42984097461816473,239,118,1403,705,1129,672,7619,4175,191,88,534,259,355,180,951,517,5,4,0.0,0.5555555555555556
Julien Leclercq,Ken Doherty,9,1176,1236,0.40857228932346973,0.46257015465625045,57,26,293,139,1279,742,10069,5428,162,81,273,130,201,87,448,192,5,3,0.0,0.625
Pang Junxu,Haydon Pinhey,9,1410,1112,0.8720975009961879,0.6780882495516275,145,78,919,473,95,43,489,231,355,195,695,378,133,68,310,144,5,1,0.0,0.8333333333333334
Si Jiahui,Mark Joyce,9,1412,1281,0.6928574316362668,0.5811509642893937,156,82,997,525,621,318,4307,2161,383,209,747,395,185,91,492,233,5,1,0.0,0.8333333333333334
He Guoqiang,Mark Williams,9,1207,1542,0.1013544096776087,0.3020615739919092,46,26,273,139,1769,1161,12895,7407,190,107,190,107,401,238,1232,717,5,1,0.0,0.8333333333333334
Tom Ford,Xiao Guodong,9,1477,1429,0.5733876953909138,0.5299640517645717,918,527,6243,3338,727,421,4551,2495,453,245,1021,553,415,222,939,504,5,1,0.0,0.8333333333333334
Graeme Dott,Ashley Carty,9,1343,1271,0.609266333359509,0.5448788923735801,1166,680,8355,4494,264,124,1534,752,203,103,755,390,149,74,361,169,5,2,0.0,0.7142857142857143
Ryan Day,Oliver Brown,9,1353,1102,0.8315084197134864,0.6519223788927313,1278,756,8425,4592,268,118,1434,672,317,160,917,482,134,47,278,109,5,3,0.0,0.625
Mark Davis,Barry Hawkins,9,1361,1580,0.20065488566813539,0.3664446223632249,1301,774,8922,4849,1310,820,9021,5058,248,131,575,287,376,224,1060,609,5,1,0.0,0.8333333333333334
Alfie Davies,Marco Fu,9,1072,1373,0.12557649168069135,0.3202768075277943,24,14,123,66,956,559,7142,3867,80,43,123,66,154,72,276,136,5,1,0.0,0.8333333333333334
Sam Craigie,Liam Pullen,9,1395,1092,0.8759568702030395,0.6808107108156386,338,180,2010,1050,37,19,215,102,197,103,590,312,145,68,215,102,5,2,0.0,0.7142857142857143
Jamie Clarke,Scott Donaldson,9,1329,1366,0.443293015086782,0.4768914745109111,321,160,1900,947,476,253,3039,1547,199,96,569,278,228,118,705,353,5,2,0.0,0.7142857142857143
Ali Carter,Yisong Peng,9,1483,1055,0.9467434564874159,0.7445969158274759,1286,792,8669,4794,37,10,220,84,480,276,1190,684,166,68,220,84,5,1,0.0,0.8333333333333334
Jordan Brown,David Gilbert,9,1346,1459,0.3317960811303977,0.42984097461816473,318,165,1954,980,921,537,6296,3402,324,157,844,438,295,162,931,525,5,2,0.0,0.7142857142857143
Mark Allen,Louis Heathcote,9,1568,1243,0.8919230025206442,0.6926419831347361,1046,694,7337,4175,185,84,1029,499,399,225,1093,635,211,109,503,242,5,2,0.0,0.7142857142857143
Fan Zhengyi,Ishpreet Singh Chadha,9,1343,1157,0.7623857644063681,0.6141996427768951,154,63,1014,453,27,15,143,81,290,155,622,312,143,81,143,81,5,2,0.0,0.7142857142857143
Kyren Wilson,David Lilley,9,1517,1277,0.8208667164135127,0.6456563062257954,972,617,6199,3495,239,118,1403,705,410,241,1473,839,191,88,534,259,5,1,0.0,0.8333333333333334
Thepchaiya Un-Nooh,Jamie Clarke,9,1462,1329,0.6955437518522246,0.5823675407280794,546,319,3771,2012,321,160,1900,947,277,158,684,367,199,96,569,278,5,1,0.0,0.8333333333333334
Judd Trump,Matthew Selt,9,1647,1433,0.7939893798637696,0.6306485256510744,1412,1010,9659,5829,855,465,5504,2868,635,400,1698,1050,508,266,1032,535,5,2,0.0,0.7142857142857143
Zak Surety,Elliot Slessor,9,1233,1356,0.31799585449737267,0.42372507750673466,236,106,1335,633,344,166,2105,1025,180,82,434,199,273,147,580,291,5,2,0.0,0.7142857142857143
Yuan Sijun,Andrew Pagett,9,1450,1102,0.906900923551623,0.7047456979980911,252,131,1585,816,331,143,2106,990,230,132,616,349,172,69,319,120,5,1,0.0,0.8333333333333334
Xu Si,Graeme Dott,9,1324,1343,0.4708038156707409,0.4881272322437472,183,75,1149,523,1166,680,8355,4494,203,102,467,226,203,103,755,390,5,4,0.0,0.5555555555555556
Neil Robertson,Joe Perry,9,1399,1343,0.585434873024069,0.5349429451582145,1231,819,9099,5232,1368,798,9404,5082,301,148,1014,568,288,145,839,425,5,1,0.0,0.8333333333333334
Julien Leclercq,Jordan Brown,9,1176,1346,0.2568646622142716,0.39532091528599067,57,26,293,139,318,165,1954,980,162,81,273,130,324,157,844,438,5,1,0.0,0.8333333333333334
Si Jiahui,Alfie Davies,9,1412,1072,0.9018847190305681,0.7005671424739729,156,82,997,525,24,14,123,66,383,209,747,395,80,43,123,66,5,1,0.0,0.8333333333333334
John Higgins,Zhou Yuelong,9,1597,1492,0.6569871207564459,0.5652507475670999,1821,1287,14179,8370,485,290,3051,1654,498,303,1516,891,417,224,980,536,5,3,0.0,0.625
Tom Ford,Mark Davis,9,1477,1361,0.6723703942210427,0.5719961329315186,918,527,6243,3338,1301,774,8922,4849,453,245,1021,553,248,131,575,287,5,2,0.0,0.7142857142857143
Ryan Day,Robert Milkins,9,1353,1401,0.4266123046090862,0.4700359482354282,1278,756,8425,4592,1115,646,7742,4146,317,160,917,482,546,274,937,474,5,1,0.0,0.8333333333333334
Sam Craigie,He Guoqiang,9,1395,1207,0.7647323039706795,0.6153837563911821,338,180,2010,1050,46,26,273,139,197,103,590,312,190,107,190,107,5,1,0.0,0.8333333333333334
Ali Carter,Pang Junxu,9,1483,1410,0.6107426198208319,0.5454987872127821,1286,792,8669,4794,145,78,919,473,480,276,1190,684,355,195,695,378,5,2,0.0,0.7142857142857143
Mark Allen,Joe O'Connor,9,1568,1396,0.7455874700303385,0.6058736684317606,1046,694,7337,4175,263,128,1672,836,399,225,1093,635,281,153,648,337,5,2,0.0,0.7142857142857143
Fan Zhengyi,Tom Ford,9,1343,1477,0.30311722088262855,0.4170245457988005,154,63,1014,453,918,527,6243,3338,290,155,622,312,453,245,1021,553,5,3,0.0,0.625
Kyren Wilson,Neil Robertson,9,1517,1399,0.675135607304274,0.5732197726798348,972,617,6199,3495,1231,819,9099,5232,410,241,1473,839,301,148,1014,568,5,3,0.0,0.625
Judd Trump,Thepchaiya Un-Nooh,9,1647,1462,0.7612074518356959,0.6136070778047783,1412,1010,9659,5829,546,319,3771,2012,635,400,1698,1050,277,158,684,367,5,2,0.0,0.7142857142857143
Si Jiahui,Yuan Sijun,9,1412,1450,0.44177172943154325,0.4762678458734389,156,82,997,525,252,131,1585,816,383,209,747,395,230,132,616,349,5,3,0.0,0.625
John Higgins,Mark Allen,9,1597,1568,0.5445070087292267,0.5181170650431814,1821,1287,14179,8370,1046,694,7337,4175,498,303,1516,891,399,225,1093,635,5,2,0.0,0.7142857142857143
Ryan Day,Julien Leclercq,9,1353,1176,0.7516609934098428,0.6088545692109504,1278,756,8425,4592,57,26,293,139,317,160,917,482,162,81,273,130,5,2,0.0,0.7142857142857143
Sam Craigie,Xu Si,9,1395,1324,0.6077883896186873,0.5442588584178731,338,180,2010,1050,183,75,1149,523,197,103,590,312,203,102,467,226,5,4,0.0,0.5555555555555556
Ali Carter,Zak Surety,9,1483,1233,0.8305589863516776,0.6513548646660542,1286,792,8669,4794,236,106,1335,633,480,276,1190,684,180,82,434,199,5,0,0.0,1.0
Kyren Wilson,Fan Zhengyi,9,1517,1343,0.748026655837828,0.6070669880717036,972,617,6199,3495,154,63,1014,453,410,241,1473,839,290,155,622,312,5,0,0.0,1.0
Judd Trump,John Higgins,9,1647,1597,0.5764067306615769,0.5312093733737563,1412,1010,9659,5829,1821,1287,14179,8370,635,400,1698,1050,498,303,1516,891,5,2,0.0,0.7142857142857143
Si Jiahui,Ryan Day,9,1412,1353,0.5899315453398475,0.5368082899889803,156,82,997,525,1278,756,8425,4592,383,209,747,395,317,160,917,482,5,1,0.0,0.8333333333333334
Sam Craigie,Ali Carter,9,1395,1483,0.3673260343741166,0.4452207648927852,338,180,2010,1050,1286,792,8669,4794,197,103,590,312,480,276,1190,684,5,1,0.0,0.8333333333333334
Judd Trump,Sam Craigie,9,1647,1395,0.8324542539152648,0.6524894621927444,1412,1010,9659,5829,338,180,2010,1050,635,400,1698,1050,197,103,590,312,6,2,0.0,0.75
Si Jiahui,Kyren Wilson,9,1412,1517,0.34301287924355417,0.43474925243290014,156,82,997,525,972,617,6199,3495,383,209,747,395,410,241,1473,839,6,3,0.0,0.6666666666666666
Judd Trump,Si Jiahui,19,1647,1412,0.9011866038108858,0.6427913242407762,1412,1010,9659,5829,156,82,997,525,635,400,1698,1050,383,209,747,395,10,5,0.0,0.6666666666666666
Kyren Wilson,Gary Wilson,5,1544,1394,0.669812187137851,0.5926665999540697,978,622,6241,3523,690,397,4433,2385,42,28,934,552,9,4,641,334,3,2,0.0,0.6
Kyren Wilson,Robert Milkins,5,1544,1391,0.6729712107074448,0.5944759307482401,978,622,6241,3523,1118,648,7764,4157,42,28,934,552,22,11,805,415,3,1,0.0,0.75
Gary Wilson,Chris Wakelin,5,1394,1425,0.46372634214917396,0.4806346917700681,690,397,4433,2385,386,209,2487,1285,9,4,641,334,16,8,588,322,3,2,0.0,0.6
Gary Wilson,Noppon Saengkham,5,1394,1426,0.46255990413441406,0.48001065984441826,690,397,4433,2385,443,233,3016,1525,9,4,641,334,7,2,632,342,3,2,0.0,0.6
Kyren Wilson,Noppon Saengkham,5,1544,1426,0.6353369950989738,0.5732197726798348,978,622,6241,3523,443,233,3016,1525,42,28,934,552,7,2,632,342,3,2,0.0,0.6
Gary Wilson,Robert Milkins,5,1394,1391,0.5035155755622185,0.5018749912109869,690,397,4433,2385,1118,648,7764,4157,9,4,641,334,22,11,805,415,3,1,0.0,0.75
Kyren Wilson,Stuart Bingham,5,1544,1427,0.6342383043394371,0.5726080638632601,978,622,6241,3523,1474,930,10188,5779,42,28,934,552,6,1,700,371,3,0,0.0,1.0
Kyren Wilson,Chris Wakelin,5,1544,1425,0.6364344798338326,0.5738312575916094,978,622,6241,3523,386,209,2487,1285,42,28,934,552,16,8,588,322,3,0,0.0,1.0
Chris Wakelin,Robert Milkins,5,1425,1391,0.5397719120129171,0.5212372149662741,386,209,2487,1285,1118,648,7764,4157,16,8,588,322,22,11,805,415,3,0,0.0,1.0
Chris Wakelin,Noppon Saengkham,5,1425,1426,0.49882812683105177,0.4993750003255206,386,209,2487,1285,443,233,3016,1525,16,8,588,322,7,2,632,342,3,2,0.0,0.6
Noppon Saengkham,Robert Milkins,5,1426,1391,0.5409372685449323,0.5218610539716015,443,233,3016,1525,1118,648,7764,4157,7,2,632,342,22,11,805,415,3,0,0.0,1.0
Robert Milkins,Ryan Day,5,1391,1362,0.5339397760225986,0.5181170650431814,1118,648,7764,4157,1283,760,8460,4613,22,11,805,415,35,21,741,392,3,2,0.0,0.6
Ryan Day,Noppon Saengkham,5,1362,1426,0.4254769451404538,0.46008511544443426,1283,760,8460,4613,443,233,3016,1525,35,21,741,392,7,2,632,342,3,2,0.0,0.6
Ryan Day,Chris Wakelin,5,1362,1425,0.42662690070144405,0.4607061941016405,1283,760,8460,4613,386,209,2487,1285,35,21,741,392,16,8,588,322,3,2,0.0,0.6
Ryan Day,Kyren Wilson,5,1362,1544,0.2972109628192382,0.3881726309982629,1283,760,8460,4613,978,622,6241,3523,35,21,741,392,42,28,934,552,3,1,0.0,0.75
Ryan Day,Stuart Bingham,5,1362,1427,0.424327677877833,0.4594641607262107,1283,760,8460,4613,1474,930,10188,5779,35,21,741,392,6,1,700,371,3,1,0.0,0.75
Ryan Day,Gary Wilson,5,1362,1394,0.46255990413441406,0.48001065984441826,1283,760,8460,4613,690,397,4433,2385,35,21,741,392,9,4,641,334,3,2,0.0,0.6
Stuart Bingham,Noppon Saengkham,5,1427,1426,0.5011718731689482,0.5006249996744794,1474,930,10188,5779,443,233,3016,1525,6,1,700,371,7,2,632,342,3,2,0.0,0.6
Stuart Bingham,Chris Wakelin,5,1427,1425,0.5023437353516541,0.5012499973958399,1474,930,10188,5779,386,209,2487,1285,6,1,700,371,16,8,588,322,3,2,0.0,0.6
Stuart Bingham,Robert Milkins,5,1427,1391,0.5421022430011616,0.5224848247918001,1474,930,10188,5779,1118,648,7764,4157,6,1,700,371,22,11,805,415,3,1,0.0,0.75
Stuart Bingham,Gary Wilson,5,1427,1394,0.5386061841882444,0.5206133097144486,1474,930,10188,5779,690,397,4433,2385,6,1,700,371,9,4,641,334,3,2,0.0,0.6
Gary Wilson,Ryan Day,5,1394,1362,0.537440095865586,0.5199893401555818,690,397,4433,2385,1283,760,8460,4613,9,4,641,334,35,21,741,392,3,2,0.0,0.6
Stuart Bingham,Kyren Wilson,5,1427,1544,0.3657616956605628,0.42739193613673987,1474,930,10188,5779,978,622,6241,3523,6,1,700,371,42,28,934,552,3,0,0.0,1.0
Stuart Bingham,Gary Wilson,5,1427,1394,0.5386061841882444,0.5206133097144486,1474,930,10188,5779,690,397,4433,2385,6,1,700,371,9,4,641,334,3,0,0.0,1.0
Gary Wilson,Kyren Wilson,5,1394,1544,0.33018781286214893,0.40733340004593027,690,397,4433,2385,978,622,6241,3523,9,4,641,334,42,28,934,552,3,0,0.0,1.0
Kyren Wilson,Ryan Day,5,1544,1362,0.7027890371807617,0.6118273690017371,978,622,6241,3523,1283,760,8460,4613,42,28,934,552,35,21,741,392,3,1,0.0,0.75
Gary Wilson,Matthew Selt,5,1394,1440,0.4462713899768853,0.4712816430485603,690,397,4433,2385,858,467,5525,2880,9,4,641,334,21,12,772,395,3,0,0.0,1.0
Kyren Wilson,Chris Wakelin,5,1544,1425,0.6364344798338326,0.5738312575916094,978,622,6241,3523,386,209,2487,1285,42,28,934,552,16,8,588,322,3,0,0.0,1.0
Kyren Wilson,Matthew Selt,5,1544,1440,0.6198496125403973,0.5646362918030292,978,622,6241,3523,858,467,5525,2880,42,28,934,552,21,12,772,395,3,1,0.0,0.75
Gary Wilson,Ryan Day,5,1394,1362,0.537440095865586,0.5199893401555818,690,397,4433,2385,1283,760,8460,4613,9,4,641,334,35,21,741,392,3,0,0.0,1.0
Kyren Wilson,Mark Selby,5,1544,1547,0.49648442443778124,0.498125008789013,978,622,6241,3523,1519,1039,10874,6333,42,28,934,552,6,1,936,531,3,1,0.0,0.75
Chris Wakelin,Ryan Day,5,1425,1362,0.5733730992985561,0.5392938058983595,386,209,2487,1285,1283,760,8460,4613,16,8,588,322,35,21,741,392,3,2,0.0,0.6
Chris Wakelin,Gary Wilson,5,1425,1394,0.5362736578508261,0.519365308229932,386,209,2487,1285,690,397,4433,2385,16,8,588,322,9,4,641,334,3,2,0.0,0.6
Chris Wakelin,Ali Carter,5,1425,1491,0.42317910919977986,0.45884333184977194,386,209,2487,1285,1291,796,8702,4815,16,8,588,322,33,21,890,505,3,0,0.0,1.0
Chris Wakelin,Matthew Selt,5,1425,1440,0.4824280526376499,0.4906260984783392,386,209,2487,1285,858,467,5525,2880,16,8,588,322,21,12,772,395,3,0,0.0,1.0
Matthew Selt,Ryan Day,5,1440,1362,0.5905455113158475,0.5485961085831343,858,467,5525,2880,1283,760,8460,4613,21,12,772,395,35,21,741,392,3,2,0.0,0.6
Matthew Selt,Mark Selby,5,1440,1547,0.3768129886451631,0.43352094403237207,858,467,5525,2880,1519,1039,10874,6333,21,12,772,395,6,1,936,531,3,1,0.0,0.75
Mark Selby,Chris Wakelin,5,1547,1425,0.6397196107539715,0.5756643510425494,1519,1039,10874,6333,386,209,2487,1285,6,1,936,531,16,8,588,322,3,1,0.0,0.75
Mark Selby,Ali Carter,5,1547,1491,0.5653050064173626,0.5349429451582145,1519,1039,10874,6333,1291,796,8702,4815,6,1,936,531,33,21,890,505,3,0,0.0,1.0
Mark Selby,Gary Wilson,5,1547,1394,0.6729712107074448,0.5944759307482401,1519,1039,10874,6333,690,397,4433,2385,6,1,936,531,9,4,641,334,3,1,0.0,0.75
Mark Selby,Ryan Day,5,1547,1362,0.7057954310986476,0.6136070778047783,1519,1039,10874,6333,1283,760,8460,4613,6,1,936,531,35,21,741,392,3,1,0.0,0.75
Ali Carter,Matthew Selt,5,1491,1440,0.5595237173859442,0.5318318894162242,1291,796,8702,4815,858,467,5525,2880,33,21,890,505,21,12,772,395,3,2,0.0,0.6
Ali Carter,Kyren Wilson,5,1491,1544,0.4381620350472032,0.46692337763389535,1291,796,8702,4815,978,622,6241,3523,33,21,890,505,42,28,934,552,3,1,0.0,0.75
Ali Carter,Ryan Day,5,1491,1362,0.6473410927124849,0.5799334001885058,1291,796,8702,4815,1283,760,8460,4613,33,21,890,505,35,21,741,392,3,0,0.0,1.0
Ali Carter,Gary Wilson,5,1491,1394,0.6120249765400066,0.5603296426885532,1291,796,8702,4815,690,397,4433,2385,33,21,890,505,9,4,641,334,3,0,0.0,1.0
Chris Wakelin,Kyren Wilson,5,1425,1544,0.3635655201661674,0.42616874240839064,386,209,2487,1285,978,622,6241,3523,16,8,588,322,42,28,934,552,3,1,0.0,0.75
Mark Selby,Ali Carter,5,1547,1491,0.5653050064173626,0.5349429451582145,1519,1039,10874,6333,1291,796,8702,4815,6,1,936,531,33,21,890,505,3,1,0.0,0.75
Chris Wakelin,Mark Selby,5,1425,1547,0.36028038924602857,0.42433564895745063,386,209,2487,1285,1519,1039,10874,6333,16,8,588,322,6,1,936,531,3,2,0.0,0.6
Kyren Wilson,Mark Selby,5,1544,1547,0.49648442443778124,0.498125008789013,978,622,6241,3523,1519,1039,10874,6333,42,28,934,552,6,1,936,531,3,1,0.0,0.75
Kyren Wilson,Tom Ford,5,1544,1495,0.5572072587665267,0.530586760182081,978,622,6241,3523,922,530,6269,3356,42,28,934,552,26,18,759,412,3,2,0.0,0.6
Gary Wilson,Kyren Wilson,5,1394,1544,0.33018781286214893,0.40733340004593027,690,397,4433,2385,978,622,6241,3523,9,4,641,334,42,28,934,552,3,0,0.0,1.0
Gary Wilson,Tom Ford,5,1394,1495,0.38349750758420054,0.43720825986135486,690,397,4433,2385,922,530,6269,3356,9,4,641,334,26,18,759,412,3,0,0.0,1.0
Kyren Wilson,Xiao Guodong,5,1544,1426,0.6353369950989738,0.5732197726798348,978,622,6241,3523,729,422,4563,2501,42,28,934,552,12,6,744,393,3,0,0.0,1.0
Kyren Wilson,Neil Robertson,5,1544,1441,0.6187349736700456,0.5640216374262577,978,622,6241,3523,1235,822,9124,5250,42,28,934,552,25,18,739,419,3,1,0.0,0.75
Mark Selby,Xiao Guodong,5,1547,1426,0.6386257963392385,0.5750535485557879,1519,1039,10874,6333,729,422,4563,2501,6,1,936,531,12,6,744,393,3,2,0.0,0.6
Mark Selby,Gary Wilson,5,1547,1394,0.6729712107074448,0.5944759307482401,1519,1039,10874,6333,690,397,4433,2385,6,1,936,531,9,4,641,334,3,2,0.0,0.6
Mark Selby,Neil Robertson,5,1547,1441,0.622075640573307,0.5658650028954817,1519,1039,10874,6333,1235,822,9124,5250,6,1,936,531,25,18,739,419,3,1,0.0,0.75
Mark Selby,Tom Ford,5,1547,1495,0.5606811228214462,0.5324543063873187,1519,1039,10874,6333,922,530,6269,3356,6,1,936,531,26,18,759,412,3,2,0.0,0.6
Neil Robertson,Gary Wilson,5,1441,1394,0.5548886735914911,0.5293412500457856,1235,822,9124,5250,690,397,4433,2385,25,18,739,419,9,4,641,334,3,0,0.0,1.0
Neil Robertson,Tom Ford,5,1441,1495,0.4370057667393497,0.4663011645670992,1235,822,9124,5250,922,530,6269,3356,25,18,739,419,26,18,759,412,3,0,0.0,1.0
Neil Robertson,Xiao Guodong,5,1441,1426,0.5175719473623499,0.5093739015216607,1235,822,9124,5250,729,422,4563,2501,25,18,739,419,12,6,744,393,3,1,0.0,0.75
John Higgins,Kyren Wilson,5,1602,1544,0.5676133584967381,0.5361866202317948,1825,1290,14209,8387,978,622,6241,3523,30,17,994,575,42,28,934,552,3,0,0.0,1.0
John Higgins,Gary Wilson,5,1602,1394,0.7283237415042471,0.6271477663131956,1825,1290,14209,8387,690,397,4433,2385,30,17,994,575,9,4,641,334,3,0,0.0,1.0
John Higgins,Mark Selby,5,1602,1547,0.5641499172433742,0.5343209436693046,1825,1290,14209,8387,1519,1039,10874,6333,30,17,994,575,6,1,936,531,3,2,0.0,0.6
John Higgins,Neil Robertson,5,1602,1441,0.6813292184661539,0.5992881635083561,1825,1290,14209,8387,1235,822,9124,5250,30,17,994,575,25,18,739,419,3,2,0.0,0.6
Xiao Guodong,Tom Ford,5,1426,1495,0.41973769721178134,0.4569816192756902,729,422,4563,2501,922,530,6269,3356,12,6,744,393,26,18,759,412,3,0,0.0,1.0
Xiao Guodong,John Higgins,5,1426,1602,0.3032690841600522,0.3917409692534856,729,422,4563,2501,1825,1290,14209,8387,12,6,744,393,30,17,994,575,3,2,0.0,0.6
Xiao Guodong,Gary Wilson,5,1426,1394,0.537440095865586,0.5199893401555818,729,422,4563,2501,690,397,4433,2385,12,6,744,393,9,4,641,334,3,2,0.0,0.6
Tom Ford,John Higgins,5,1495,1602,0.3768129886451631,0.43352094403237207,922,530,6269,3356,1825,1290,14209,8387,26,18,759,412,30,17,994,575,3,2,0.0,0.6
Mark Selby,Kyren Wilson,5,1547,1544,0.5035155755622185,0.5018749912109869,1519,1039,10874,6333,978,622,6241,3523,6,1,936,531,42,28,934,552,3,0,0.0,1.0
John Higgins,Neil Robertson,5,1602,1441,0.6813292184661539,0.5992881635083561,1825,1290,14209,8387,1235,822,9124,5250,30,17,994,575,25,18,739,419,3,0,0.0,1.0
Mark Selby,John Higgins,5,1547,1602,0.43585008275662585,0.4656790563306954,1519,1039,10874,6333,1825,1290,14209,8387,6,1,936,531,30,17,994,575,3,0,0.0,1.0
Kyren Wilson,Neil Robertson,5,1544,1441,0.6187349736700456,0.5640216374262577,978,622,6241,3523,1235,822,9124,5250,42,28,934,552,25,18,739,419,3,2,0.0,0.6
Kyren Wilson,Ricky Walden,5,1544,1389,0.6750697933135998,0.5956807306078472,978,622,6241,3523,1131,673,7634,4184,42,28,934,552,15,9,693,371,3,2,0.0,0.6
Kyren Wilson,Barry Hawkins,5,1544,1559,0.4824280526376499,0.4906260984783392,978,622,6241,3523,1312,821,9034,5064,42,28,934,552,13,6,696,404,3,1,0.0,0.75
Ricky Walden,Jimmy Robertson,5,1389,1371,0.5210830766927628,0.5112481019468548,1131,673,7634,4184,726,399,4729,2471,15,9,693,371,13,5,582,312,3,0,0.0,1.0
Ricky Walden,Neil Robertson,5,1389,1441,0.43931887717855383,0.4675456936126812,1131,673,7634,4184,1235,822,9124,5250,15,9,693,371,25,18,739,419,3,1,0.0,0.75
Ricky Walden,John Higgins,5,1389,1602,0.2669046341101813,0.36993399171498176,1131,673,7634,4184,1825,1290,14209,8387,15,9,693,371,30,17,994,575,3,1,0.0,0.75
Neil Robertson,Xiao Guodong,5,1441,1426,0.5175719473623499,0.5093739015216607,1235,822,9124,5250,729,422,4563,2501,25,18,739,419,12,6,744,393,3,1,0.0,0.75
Jimmy Robertson,Xiao Guodong,5,1371,1426,0.43585008275662585,0.4656790563306954,726,399,4729,2471,729,422,4563,2501,13,5,582,312,12,6,744,393,3,2,0.0,0.6
Jimmy Robertson,Kyren Wilson,5,1371,1544,0.30632047375676774,0.3935295129316965,726,399,4729,2471,978,622,6241,3523,13,5,582,312,42,28,934,552,3,0,0.0,1.0
Neil Robertson,John Higgins,5,1441,1602,0.3186707815338461,0.40071183649164394,1235,822,9124,5250,1825,1290,14209,8387,25,18,739,419,30,17,994,575,3,0,0.0,1.0
Jimmy Robertson,Barry Hawkins,5,1371,1559,0.2912135052703694,0.38461624360881785,726,399,4729,2471,1312,821,9034,5064,13,5,582,312,13,6,696,404,3,1,0.0,0.75
Neil Robertson,Jimmy Robertson,5,1441,1371,0.5814079746991073,0.5436386872370789,1235,822,9124,5250,726,399,4729,2471,25,18,739,419,13,5,582,312,3,0,0.0,1.0
John Higgins,Barry Hawkins,5,1602,1559,0.5502454628672198,0.5268491486891144,1825,1290,14209,8387,1312,821,9034,5064,30,17,994,575,13,6,696,404,3,1,0.0,0.75
John Higgins,Kyren Wilson,5,1602,1544,0.5676133584967381,0.5361866202317948,1825,1290,14209,8387,978,622,6241,3523,30,17,994,575,42,28,934,552,3,2,0.0,0.6
John Higgins,Xiao Guodong,5,1602,1426,0.6967309158399476,0.6082590307465143,1825,1290,14209,8387,729,422,4563,2501,30,17,994,575,12,6,744,393,3,2,0.0,0.6
John Higgins,Jimmy Robertson,5,1602,1371,0.7498856740569644,0.6404919537233386,1825,1290,14209,8387,726,399,4729,2471,30,17,994,575,13,5,582,312,3,2,0.0,0.6
Barry Hawkins,Ricky Walden,5,1559,1389,0.6906134819670169,0.6046790847140093,1312,821,9034,5064,1131,673,7634,4184,13,6,696,404,15,9,693,371,3,0,0.0,1.0
Barry Hawkins,Xiao Guodong,5,1559,1426,0.6516678097021388,0.5823675407280794,1312,821,9034,5064,729,422,4563,2501,13,6,696,404,12,6,744,393,3,1,0.0,0.75
Barry Hawkins,Neil Robertson,5,1559,1441,0.6353369950989738,0.5732197726798348,1312,821,9034,5064,1235,822,9124,5250,13,6,696,404,25,18,739,419,3,0,0.0,1.0
Xiao Guodong,Kyren Wilson,5,1426,1544,0.3646630049010261,0.42678022732016513,729,422,4563,2501,978,622,6241,3523,12,6,744,393,42,28,934,552,3,1,0.0,0.75
Xiao Guodong,Ricky Walden,5,1426,1389,0.5432668246103534,0.523108525489089,729,422,4563,2501,1131,673,7634,4184,12,6,744,393,15,9,693,371,3,0,0.0,1.0
Kyren Wilson,John Higgins,5,1544,1602,0.4323866415032619,0.4638133797682053,978,622,6241,3523,1825,1290,14209,8387,42,28,934,552,30,17,994,575,3,1,0.0,0.75
Neil Robertson,Barry Hawkins,5,1441,1559,0.3646630049010261,0.42678022732016513,1235,822,9124,5250,1312,821,9034,5064,25,18,739,419,13,6,696,404,3,0,0.0,1.0
Neil Robertson,Kyren Wilson,5,1441,1544,0.3812650263299546,0.43597836257374245,1235,822,9124,5250,978,622,6241,3523,25,18,739,419,42,28,934,552,3,2,0.0,0.6
Fan Zhengyi,Ricky Walden,5,1367,1389,0.4742382323354172,0.486253465097645,159,67,1048,473,1131,673,7634,4184,34,20,547,287,15,9,693,371,3,1,0.0,0.75
Fan Zhengyi,David Gilbert,5,1367,1454,0.39923851647372466,0.44583834723635146,159,67,1048,473,923,538,6308,3409,34,20,547,287,12,7,578,314,3,2,0.0,0.6
Fan Zhengyi,Joe Perry,5,1367,1349,0.5210830766927628,0.5112481019468548,159,67,1048,473,1371,800,9421,5093,34,20,547,287,17,11,597,304,3,2,0.0,0.6
Fan Zhengyi,Kyren Wilson,5,1367,1544,0.30225524113023383,0.3911454307890496,159,67,1048,473,978,622,6241,3523,34,20,547,287,42,28,934,552,3,0,0.0,1.0
Kyren Wilson,John Higgins,5,1544,1602,0.4323866415032619,0.4638133797682053,978,622,6241,3523,1825,1290,14209,8387,42,28,934,552,30,17,994,575,3,2,0.0,0.6
Kyren Wilson,David Gilbert,5,1544,1454,0.6041506196887392,0.5560138905446199,978,622,6241,3523,923,538,6308,3409,42,28,934,552,12,7,578,314,3,0,0.0,1.0
Ricky Walden,Kyren Wilson,5,1389,1544,0.3249302066864001,0.4043192693921528,1131,673,7634,4184,978,622,6241,3523,15,9,693,371,42,28,934,552,3,0,0.0,1.0
Ricky Walden,Joe Perry,5,1389,1349,0.5467581048282663,0.52497918747894,1131,673,7634,4184,1371,800,9421,5093,15,9,693,371,17,11,597,304,3,2,0.0,0.6
Joe Perry,Kyren Wilson,5,1349,1544,0.28429486490729833,0.3804826803529153,1371,800,9421,5093,978,622,6241,3523,17,11,597,304,42,28,934,552,3,2,0.0,0.6
John Higgins,Ricky Walden,5,1602,1389,0.7330953658898187,0.6300660082850182,1825,1290,14209,8387,1131,673,7634,4184,30,17,994,575,15,9,693,371,3,2,0.0,0.6
John Higgins,David Gilbert,5,1602,1454,0.6676988252540521,0.5914589784327801,1825,1290,14209,8387,923,538,6308,3409,30,17,994,575,12,7,578,314,3,2,0.0,0.6
John Higgins,Fan Zhengyi,5,1602,1367,0.7535327852276485,0.6427913242407762,1825,1290,14209,8387,159,67,1048,473,30,17,994,575,34,20,547,287,3,0,0.0,1.0
John Higgins,Joe Perry,5,1602,1349,0.7695565868101175,0.6530561132866127,1825,1290,14209,8387,1371,800,9421,5093,30,17,994,575,17,11,597,304,3,0,0.0,1.0
Barry Hawkins,John Higgins,5,1559,1602,0.44975453713278024,0.4731508513108857,1312,821,9034,5064,1825,1290,14209,8387,13,6,696,404,30,17,994,575,3,0,0.0,1.0
Barry Hawkins,Kyren Wilson,5,1559,1544,0.5175719473623499,0.5093739015216607,1312,821,9034,5064,978,622,6241,3523,13,6,696,404,42,28,934,552,3,2,0.0,0.6
Barry Hawkins,Fan Zhengyi,5,1559,1367,0.7127504569085797,0.617747874769249,1312,821,9034,5064,159,67,1048,473,13,6,696,404,34,20,547,287,3,1,0.0,0.75
Barry Hawkins,David Gilbert,5,1559,1454,0.6209631712437256,0.5652507475670999,1312,821,9034,5064,923,538,6308,3409,13,6,696,404,12,7,578,314,3,0,0.0,1.0
Barry Hawkins,Ricky Walden,5,1559,1389,0.6906134819670169,0.6046790847140093,1312,821,9034,5064,1131,673,7634,4184,13,6,696,404,15,9,693,371,3,0,0.0,1.0
Barry Hawkins,Joe Perry,5,1559,1349,0.7302379118337844,0.6283161882953663,1312,821,9034,5064,1371,800,9421,5093,13,6,696,404,17,11,597,304,3,1,0.0,0.75
David Gilbert,Joe Perry,5,1454,1349,0.6209631712437256,0.5652507475670999,923,538,6308,3409,1371,800,9421,5093,12,7,578,314,17,11,597,304,3,0,0.0,1.0
David Gilbert,Ricky Walden,5,1454,1389,0.5756723221221671,0.5405358392737893,923,538,6308,3409,1131,673,7634,4184,12,7,578,314,15,9,693,371,3,2,0.0,0.6
Ricky Walden,Barry Hawkins,5,1389,1559,0.3093865180329831,0.39532091528599067,1131,673,7634,4184,1312,821,9034,5064,15,9,693,371,13,6,696,404,3,1,0.0,0.75
John Higgins,Fan Zhengyi,5,1602,1367,0.7535327852276485,0.6427913242407762,1825,1290,14209,8387,159,67,1048,473,30,17,994,575,34,20,547,287,3,2,0.0,0.6
John Higgins,Ricky Walden,5,1602,1389,0.7330953658898187,0.6300660082850182,1825,1290,14209,8387,1131,673,7634,4184,30,17,994,575,15,9,693,371,3,2,0.0,0.6
Fan Zhengyi,Ricky Walden,5,1367,1389,0.4742382323354172,0.486253465097645,159,67,1048,473,1131,673,7634,4184,34,20,547,287,15,9,693,371,3,1,0.0,0.75
Fan Zhengyi,Elliot Slessor,5,1367,1347,0.5234228607127622,0.5124973964842103,159,67,1048,473,346,167,2119,1032,34,20,547,287,14,7,443,223,3,1,0.0,0.75
Kyren Wilson,Ricky Walden,5,1544,1389,0.6750697933135998,0.5956807306078472,978,622,6241,3523,1131,673,7634,4184,42,28,934,552,15,9,693,371,3,2,0.0,0.6
Kyren Wilson,Elliot Slessor,5,1544,1347,0.7176661251148895,0.6206951913643555,978,622,6241,3523,346,167,2119,1032,42,28,934,552,14,7,443,223,3,2,0.0,0.6
Kyren Wilson,Fan Zhengyi,5,1544,1367,0.6977447588697662,0.6088545692109504,978,622,6241,3523,159,67,1048,473,42,28,934,552,34,20,547,287,3,2,0.0,0.6
Kyren Wilson,Sam Craigie,5,1544,1425,0.6364344798338326,0.5738312575916094,978,622,6241,3523,344,185,2053,1077,42,28,934,552,43,27,424,224,3,1,0.0,0.75
Ricky Walden,Sam Craigie,5,1389,1425,0.4578977569988385,0.4775151752081999,1131,673,7634,4184,344,185,2053,1077,15,9,693,371,43,27,424,224,3,0,0.0,1.0
Elliot Slessor,Ricky Walden,5,1347,1389,0.45091653617011773,0.4737740906279313,346,167,2119,1032,1131,673,7634,4184,14,7,443,223,15,9,693,371,3,2,0.0,0.6
Elliot Slessor,Joe O'Connor,5,1347,1404,0.43354050968264723,0.4644351620161461,346,167,2119,1032,266,130,1694,848,14,7,443,223,22,12,502,263,3,1,0.0,0.75
Elliot Slessor,Pang Junxu,5,1347,1411,0.4254769451404538,0.46008511544443426,346,167,2119,1032,148,80,939,485,14,7,443,223,20,12,556,301,3,0,0.0,1.0
Joe O'Connor,Kyren Wilson,5,1404,1544,0.3408120731798997,0.41338242108267,266,130,1694,848,978,622,6241,3523,22,12,502,263,42,28,934,552,3,1,0.0,0.75
Joe O'Connor,Fan Zhengyi,5,1404,1367,0.5432668246103534,0.523108525489089,266,130,1694,848,159,67,1048,473,22,12,502,263,34,20,547,287,3,1,0.0,0.75
Joe O'Connor,Ricky Walden,5,1404,1389,0.5175719473623499,0.5093739015216607,266,130,1694,848,1131,673,7634,4184,22,12,502,263,15,9,693,371,3,0,0.0,1.0
Pang Junxu,Kyren Wilson,5,1411,1544,0.34833219029786117,0.41763245927192055,148,80,939,485,978,622,6241,3523,20,12,556,301,42,28,934,552,3,0,0.0,1.0
Pang Junxu,Fan Zhengyi,5,1411,1367,0.551406994018993,0.5274723043445937,148,80,939,485,159,67,1048,473,20,12,556,301,34,20,547,287,3,1,0.0,0.75
Pang Junxu,Ricky Walden,5,1411,1389,0.5257617676645827,0.513746534902355,148,80,939,485,1131,673,7634,4184,20,12,556,301,15,9,693,371,3,0,0.0,1.0
Pang Junxu,Joe O'Connor,5,1411,1404,0.5082024969963244,0.5043748883497735,148,80,939,485,266,130,1694,848,20,12,556,301,22,12,502,263,3,1,0.0,0.75
Sam Craigie,Elliot Slessor,5,1425,1347,0.5905455113158475,0.5485961085831343,344,185,2053,1077,346,167,2119,1032,43,27,424,224,14,7,443,223,3,1,0.0,0.75
Sam Craigie,Joe O'Connor,5,1425,1404,0.5245924292801949,0.5131219861822433,344,185,2053,1077,266,130,1694,848,43,27,424,224,22,12,502,263,3,0,0.0,1.0
Sam Craigie,Pang Junxu,5,1425,1411,0.5164012271242515,0.5087491068802403,344,185,2053,1077,148,80,939,485,43,27,424,224,20,12,556,301,3,2,0.0,0.6
Sam Craigie,Fan Zhengyi,5,1425,1367,0.5676133584967381,0.5361866202317948,344,185,2053,1077,159,67,1048,473,43,27,424,224,34,20,547,287,3,2,0.0,0.6
Kyren Wilson,Sam Craigie,5,1544,1425,0.6364344798338326,0.5738312575916094,978,622,6241,3523,344,185,2053,1077,42,28,934,552,43,27,424,224,3,2,0.0,0.6
Pang Junxu,Elliot Slessor,5,1411,1347,0.574523054859546,0.5399148845555657,148,80,939,485,346,167,2119,1032,20,12,556,301,14,7,443,223,3,2,0.0,0.6
Kyren Wilson,Pang Junxu,5,1544,1411,0.6516678097021388,0.5823675407280794,978,622,6241,3523,148,80,939,485,42,28,934,552,20,12,556,301,3,0,0.0,1.0
Elliot Slessor,Sam Craigie,5,1347,1425,0.4094544886841527,0.4514038914168657,346,167,2119,1032,344,185,2053,1077,14,7,443,223,43,27,424,224,3,1,0.0,0.75
Elliot Slessor,Jordan Brown,5,1347,1337,0.5117169192313755,0.5062496744995104,346,167,2119,1032,321,167,1976,991,14,7,443,223,22,11,640,329,3,1,0.0,0.75
Elliot Slessor,Pang Junxu,5,1347,1411,0.4254769451404538,0.46008511544443426,346,167,2119,1032,148,80,939,485,14,7,443,223,20,12,556,301,3,0,0.0,1.0
Ronnie O'Sullivan,Elliot Slessor,5,1636,1347,0.7996446835920642,0.6731572963701318,1495,1141,12915,7883,346,167,2119,1032,0,0,826,498,14,7,443,223,3,2,0.0,0.6
Ronnie O'Sullivan,Sam Craigie,5,1636,1425,0.731192241514263,0.6288998381516232,1495,1141,12915,7883,344,185,2053,1077,0,0,826,498,43,27,424,224,3,2,0.0,0.6
Joe O'Connor,Elliot Slessor,5,1404,1347,0.5664594903173529,0.5355648379838539,266,130,1694,848,346,167,2119,1032,22,12,502,263,14,7,443,223,3,2,0.0,0.6
Joe O'Connor,Pang Junxu,5,1404,1411,0.4917975030036759,0.4956251116502266,266,130,1694,848,148,80,939,485,22,12,502,263,20,12,556,301,3,2,0.0,0.6
Joe O'Connor,Ronnie O'Sullivan,5,1404,1636,0.24919964424982427,0.35893259366518293,266,130,1694,848,1495,1141,12915,7883,22,12,502,263,0,0,826,498,3,2,0.0,0.6
Joe O'Connor,Sam Craigie,5,1404,1425,0.4754075707198051,0.4868780138177567,266,130,1694,848,344,185,2053,1077,22,12,502,263,43,27,424,224,3,0,0.0,1.0
Pang Junxu,Sam Craigie,5,1411,1425,0.48359877287574865,0.4912508931197597,148,80,939,485,344,185,2053,1077,20,12,556,301,43,27,424,224,3,0,0.0,1.0
Pang Junxu,Jordan Brown,5,1411,1337,0.5859830640468522,0.5461185410457796,148,80,939,485,321,167,1976,991,20,12,556,301,22,11,640,329,3,2,0.0,0.6
Jak Jones,Joe O'Connor,5,1393,1404,0.4871118116730946,0.4931254332354657,368,172,2355,1107,266,130,1694,848,9,4,518,274,22,12,502,263,3,2,0.0,0.6
Jak Jones,Jordan Brown,5,1393,1337,0.5653050064173626,0.5349429451582145,368,172,2355,1107,321,167,1976,991,9,4,518,274,22,11,640,329,3,1,0.0,0.75
Jak Jones,Sam Craigie,5,1393,1425,0.46255990413441406,0.48001065984441826,368,172,2355,1107,344,185,2053,1077,9,4,518,274,43,27,424,224,3,0,0.0,1.0
Jak Jones,Ronnie O'Sullivan,5,1393,1636,0.23926655799738164,0.35262969241845105,368,172,2355,1107,1495,1141,12915,7883,9,4,518,274,0,0,826,498,3,0,0.0,1.0
Jak Jones,Elliot Slessor,5,1393,1347,0.5537286100231147,0.5287183569514396,368,172,2355,1107,346,167,2119,1032,9,4,518,274,14,7,443,223,3,2,0.0,0.6
Jak Jones,Pang Junxu,5,1393,1411,0.478916923307237,0.4887518980531451,368,172,2355,1107,148,80,939,485,9,4,518,274,20,12,556,301,3,0,0.0,1.0
Jordan Brown,Sam Craigie,5,1337,1425,0.3981078725345865,0.4452207648927852,321,167,1976,991,344,185,2053,1077,22,11,640,329,43,27,424,224,3,2,0.0,0.6
Jordan Brown,Joe O'Connor,5,1337,1404,0.42203124937106606,0.4582226307163632,321,167,1976,991,266,130,1694,848,22,11,640,329,22,12,502,263,3,2,0.0,0.6
Joe O'Connor,Elliot Slessor,5,1404,1347,0.5664594903173529,0.5355648379838539,266,130,1694,848,346,167,2119,1032,22,12,502,263,14,7,443,223,3,1,0.0,0.75
Jak Jones,Jordan Brown,5,1393,1337,0.5653050064173626,0.5349429451582145,368,172,2355,1107,321,167,1976,991,9,4,518,274,22,11,640,329,3,0,0.0,1.0
Joe O'Connor,Jak Jones,5,1404,1393,0.5128881883269052,0.5068745667645342,266,130,1694,848,368,172,2355,1107,22,12,502,263,9,4,518,274,3,0,0.0,1.0
Kyren Wilson,Chris Wakelin,5,1544,1425,0.6364344798338326,0.5738312575916094,978,622,6241,3523,386,209,2487,1285,42,28,934,552,16,8,588,322,3,2,0.0,0.6
Kyren Wilson,Joe O'Connor,5,1544,1404,0.6591879268201005,0.5866175789173301,978,622,6241,3523,266,130,1694,848,42,28,934,552,22,12,502,263,3,2,0.0,0.6
Kyren Wilson,Stuart Bingham,5,1544,1427,0.6342383043394371,0.5726080638632601,978,622,6241,3523,1474,930,10188,5779,42,28,934,552,6,1,700,371,3,2,0.0,0.6
Chris Wakelin,John Higgins,5,1425,1602,0.30225524113023383,0.3911454307890496,386,209,2487,1285,1825,1290,14209,8387,16,8,588,322,30,17,994,575,3,2,0.0,0.6
Mark Selby,Neil Robertson,5,1547,1441,0.622075640573307,0.5658650028954817,1519,1039,10874,6333,1235,822,9124,5250,6,1,936,531,25,18,739,419,3,1,0.0,0.75
Mark Selby,Chris Wakelin,5,1547,1425,0.6397196107539715,0.5756643510425494,1519,1039,10874,6333,386,209,2487,1285,6,1,936,531,16,8,588,322,3,1,0.0,0.75
Mark Selby,Kyren Wilson,5,1547,1544,0.5035155755622185,0.5018749912109869,1519,1039,10874,6333,978,622,6241,3523,6,1,936,531,42,28,934,552,3,0,0.0,1.0
Mark Selby,Joe O'Connor,5,1547,1404,0.6623901508717275,0.5884351201276382,1519,1039,10874,6333,266,130,1694,848,6,1,936,531,22,12,502,263,3,0,0.0,1.0
Neil Robertson,Kyren Wilson,5,1441,1544,0.3812650263299546,0.43597836257374245,1235,822,9124,5250,978,622,6241,3523,25,18,739,419,42,28,934,552,3,0,0.0,1.0
Neil Robertson,Chris Wakelin,5,1441,1425,0.518742502998949,0.5099986668799655,1235,822,9124,5250,386,209,2487,1285,25,18,739,419,16,8,588,322,3,0,0.0,1.0
Joe O'Connor,Stuart Bingham,5,1404,1427,0.4730691350411855,0.4856289593029398,266,130,1694,848,1474,930,10188,5779,22,12,502,263,6,1,700,371,3,0,0.0,1.0
Joe O'Connor,Neil Robertson,5,1404,1441,0.45673317538964675,0.4768914745109111,266,130,1694,848,1235,822,9124,5250,22,12,502,263,25,18,739,419,3,2,0.0,0.6
Joe O'Connor,Chris Wakelin,5,1404,1425,0.4754075707198051,0.4868780138177567,266,130,1694,848,386,209,2487,1285,22,12,502,263,16,8,588,322,3,1,0.0,0.75
John Higgins,Neil Robertson,5,1602,1441,0.6813292184661539,0.5992881635083561,1825,1290,14209,8387,1235,822,9124,5250,30,17,994,575,25,18,739,419,3,0,0.0,1.0
John Higgins,Kyren Wilson,5,1602,1544,0.5676133584967381,0.5361866202317948,1825,1290,14209,8387,978,622,6241,3523,30,17,994,575,42,28,934,552,3,1,0.0,0.75
John Higgins,Joe O'Connor,5,1602,1404,0.7186439649886105,0.6212835951910678,1825,1290,14209,8387,266,130,1694,848,30,17,994,575,22,12,502,263,3,0,0.0,1.0
John Higgins,Mark Selby,5,1602,1547,0.5641499172433742,0.5343209436693046,1825,1290,14209,8387,1519,1039,10874,6333,30,17,994,575,6,1,936,531,3,1,0.0,0.75
John Higgins,Stuart Bingham,5,1602,1427,0.6957154251093327,0.6076631698328917,1825,1290,14209,8387,1474,930,10188,5779,30,17,994,575,6,1,700,371,3,2,0.0,0.6
Stuart Bingham,Chris Wakelin,5,1427,1425,0.5023437353516541,0.5012499973958399,1474,930,10188,5779,386,209,2487,1285,6,1,700,371,16,8,588,322,3,1,0.0,0.75
Stuart Bingham,Mark Selby,5,1427,1547,0.36246925018746684,0.425557483188341,1474,930,10188,5779,1519,1039,10874,6333,6,1,700,371,6,1,936,531,3,0,0.0,1.0
Stuart Bingham,Neil Robertson,5,1427,1441,0.48359877287574865,0.4912508931197597,1474,930,10188,5779,1235,822,9124,5250,6,1,700,371,25,18,739,419,3,1,0.0,0.75
Mark Selby,Stuart Bingham,5,1547,1427,0.6375307498125332,0.574442516811659,1519,1039,10874,6333,1474,930,10188,5779,6,1,936,531,6,1,700,371,3,0,0.0,1.0
Joe O'Connor,John Higgins,5,1404,1602,0.2813560350113895,0.37871640480893215,266,130,1694,848,1825,1290,14209,8387,22,12,502,263,30,17,994,575,3,0,0.0,1.0
Mark Selby,Joe O'Connor,5,1547,1404,0.6623901508717275,0.5884351201276382,1519,1039,10874,6333,266,130,1694,848,6,1,936,531,22,12,502,263,3,1,0.0,0.75
Judd Trump,Kyren Wilson,11,1687,1477,0.812102917246662,0.6283161882953663,1419,1017,9716,5870,1027,650,6437,3621,57,41,1278,781,238,126,1130,650,6,5,0.0,0.5454545454545454
Mark Selby,Robert Milkins,11,1606,1352,0.8573621984079968,0.653622330899504,1543,1056,10968,6392,1124,649,7787,4163,100,60,1030,590,45,17,828,421,6,1,0.0,0.8571428571428571
Ronnie O'Sullivan,Ding Junhui,11,1609,1523,0.6422124980112687,0.5535439031511183,1499,1143,12933,7891,976,651,7487,4268,18,8,844,506,7,2,738,416,6,3,0.0,0.6666666666666666
Shaun Murphy,Zhang Anda,11,1474,1505,0.44770833132354415,0.4806346917700681,1337,878,9640,5477,461,239,3194,1636,8,3,680,388,17,9,644,370,6,2,0.0,0.75
Jack Lisowski,Luca Brecel,11,1458,1479,0.46451911529381945,0.4868780138177567,778,475,5041,2759,628,366,4206,2277,8,3,813,448,7,2,718,394,6,2,0.0,0.75
Barry Hawkins,Neil Robertson,11,1577,1473,0.6701956406431402,0.5646362918030292,1326,830,9085,5095,1256,832,9202,5291,64,37,747,435,103,59,817,460,6,3,0.0,0.6666666666666666
Ali Carter,Mark Williams,11,1494,1513,0.46789022977733996,0.4881272322437472,1298,800,8727,4828,1771,1162,12909,7413,58,34,915,518,14,6,796,467,6,4,0.0,0.6
Mark Allen,John Higgins,11,1549,1591,0.4293301031522295,0.4737740906279313,1050,697,7367,4192,1855,1310,14332,8457,30,17,859,495,153,87,1117,645,6,5,0.0,0.5454545454545454
Ronnie O'Sullivan,Barry Hawkins,11,1609,1577,0.5539679003439111,0.5199893401555818,1499,1143,12933,7891,1326,830,9085,5095,18,8,844,506,64,37,747,435,6,3,0.0,0.6666666666666666
Shaun Murphy,Jack Lisowski,11,1474,1458,0.5270486726982949,0.5099986668799655,1337,878,9640,5477,778,475,5041,2759,8,3,680,388,8,3,813,448,6,3,0.0,0.6666666666666666
Ali Carter,Judd Trump,11,1494,1687,0.2076307651073966,0.38166196066971714,1298,800,8727,4828,1419,1017,9716,5870,58,34,915,518,57,41,1278,781,6,5,0.0,0.5454545454545454
Mark Allen,Mark Selby,11,1549,1606,0.4045317899953643,0.4644351620161461,1050,697,7367,4192,1543,1056,10968,6392,30,17,859,495,100,60,1030,590,6,5,0.0,0.5454545454545454
Ronnie O'Sullivan,Shaun Murphy,11,1609,1474,0.7160705162153687,0.5835831155172753,1499,1143,12933,7891,1337,878,9640,5477,18,8,844,506,8,3,680,388,6,2,0.0,0.75
Ali Carter,Mark Allen,11,1494,1549,0.40781761301124414,0.4656790563306954,1298,800,8727,4828,1050,697,7367,4192,58,34,915,518,30,17,859,495,6,3,0.0,0.6666666666666666
Ronnie O'Sullivan,Ali Carter,19,1609,1494,0.7368984631390643,0.5713839816769324,1499,1143,12933,7891,1298,800,8727,4828,18,8,844,506,58,34,915,518,10,7,0.0,0.5882352941176471
Cao Yupeng,Barry Hawkins,7,1386,1573,0.26171499503028667,0.3852081305077805,361,191,2387,1232,1328,831,9103,5104,6,1,432,233,82,46,765,444,4,3,0.0,0.5714285714285714
Zhou Yuelong,Stephen Maguire,7,1503,1415,0.6184015843393024,0.5547792351072148,488,292,3073,1667,1187,768,8640,4856,22,13,765,414,14,8,509,271,4,1,0.0,0.8
Gary Wilson,David Gilbert,7,1412,1440,0.46178117660461016,0.48250714233361025,710,406,4513,2425,929,540,6332,3419,89,44,721,374,36,17,602,324,4,2,0.0,0.6666666666666666
Mark Williams,Thepchaiya Un-Nooh,7,1504,1486,0.5245927745980452,0.5112481019468548,1772,1162,12919,7417,550,322,3799,2029,24,10,806,471,28,17,546,301,4,3,0.0,0.5714285714285714
Hossein Vafaei,Matthew Selt,7,1502,1420,0.6105601107289808,0.551071269307342,308,185,2149,1142,864,469,5549,2889,5,5,672,387,45,21,796,404,4,3,0.0,0.5714285714285714
Judd Trump,Jamie Jones,7,1666,1309,0.8858301874086159,0.7094058152553435,1421,1018,9738,5881,660,391,4311,2323,79,52,1300,792,6,1,554,285,4,2,0.0,0.6666666666666666
Mark Selby,Yuan Sijun,7,1610,1472,0.6814665603465866,0.585404569129465,1545,1057,10986,6403,256,134,1612,834,118,71,1048,601,27,18,514,298,4,3,0.0,0.5714285714285714
Noppon Saengkham,Xiao Guodong,7,1417,1436,0.47404295972292854,0.4881272322437472,449,234,3044,1538,741,427,4613,2525,35,15,660,355,62,30,794,417,4,1,0.0,0.8
Ronnie O'Sullivan,Pang Junxu,7,1642,1411,0.7841899555246323,0.6404919537233386,1503,1147,12976,7919,161,87,988,510,61,36,887,534,69,37,605,326,4,2,0.0,0.6666666666666666
Shaun Murphy,John Higgins,7,1491,1585,0.37380831662168224,0.44151888756183866,1340,880,9665,5491,1856,1310,14343,8462,33,17,705,402,164,92,1128,650,4,0,0.0,1.0
Ding Junhui,Ricky Walden,7,1515,1379,0.6790334655716898,0.5841905229354074,977,651,7496,4271,1151,680,7713,4219,16,5,747,419,94,44,772,406,4,3,0.0,0.5714285714285714
Lyu Haotian,Chris Wakelin,7,1452,1422,0.5409388610739393,0.5187412158785352,325,165,2096,1049,406,218,2570,1324,9,4,563,312,99,47,671,361,4,3,0.0,0.5714285714285714
Tom Ford,Jordan Brown,7,1459,1324,0.6778138346852377,0.5835831155172753,928,531,6293,3363,327,169,2002,1001,50,25,783,419,48,21,666,339,4,1,0.0,0.8
Ali Carter,Wu Yize,7,1528,1312,0.7691223962231968,0.6318124177361016,1302,803,8774,4853,93,44,652,324,105,59,962,543,6,1,438,228,4,3,0.0,0.5714285714285714
Zhang Anda,Dominic Dale,7,1488,1296,0.7437579445222342,0.617747874769249,462,239,3202,1638,1097,609,7574,3985,25,11,652,372,5,0,366,179,4,2,0.0,0.6666666666666666
Mark Allen,Jack Lisowski,7,1548,1464,0.6131794491635048,0.5523079095743253,1053,699,7398,4207,780,476,5058,2768,61,32,890,510,25,12,830,457,4,2,0.0,0.6666666666666666
Cao Yupeng,Shaun Murphy,7,1386,1491,0.3596701363363135,0.43474925243290014,361,191,2387,1232,1340,880,9665,5491,6,1,432,233,33,17,705,402,4,0,0.0,1.0
Gary Wilson,Tom Ford,7,1412,1459,0.4360365854867152,0.47065874995421436,710,406,4513,2425,928,531,6293,3363,89,44,721,374,50,25,783,419,4,2,0.0,0.6666666666666666
Mark Williams,Hossein Vafaei,7,1504,1502,0.5027343522137269,0.5012499973958399,1772,1162,12919,7417,308,185,2149,1142,24,10,806,471,5,5,672,387,4,1,0.0,0.8
Judd Trump,Lyu Haotian,7,1666,1452,0.7670671244589201,0.6306485256510744,1421,1018,9738,5881,325,165,2096,1049,79,52,1300,792,9,4,563,312,4,0,0.0,1.0
Mark Selby,Ali Carter,7,1610,1528,0.6105601107289808,0.551071269307342,1545,1057,10986,6403,1302,803,8774,4853,118,71,1048,601,105,59,962,543,4,3,0.0,0.5714285714285714
Ronnie O'Sullivan,Zhou Yuelong,7,1642,1503,0.6826800016944434,0.5860112044388707,1503,1147,12976,7919,488,292,3073,1667,61,36,887,534,22,13,765,414,4,3,0.0,0.5714285714285714
Ding Junhui,Noppon Saengkham,7,1515,1417,0.6313550071762073,0.5609454503247162,977,651,7496,4271,449,234,3044,1538,16,5,747,419,35,15,660,355,4,1,0.0,0.8
Zhang Anda,Mark Allen,7,1488,1548,0.4185795134993229,0.46257015465625045,462,239,3202,1638,1053,699,7398,4207,25,11,652,372,61,32,890,510,4,2,0.0,0.6666666666666666
Cao Yupeng,Mark Williams,9,1386,1504,0.3248643926957258,0.42678022732016513,361,191,2387,1232,1772,1162,12919,7417,6,1,432,233,24,10,806,471,5,4,0.0,0.5555555555555556
Judd Trump,Mark Selby,9,1666,1610,0.585434873024069,0.5349429451582145,1421,1018,9738,5881,1545,1057,10986,6403,79,52,1300,792,118,71,1048,601,5,1,0.0,0.8333333333333334
Ronnie O'Sullivan,Gary Wilson,9,1642,1412,0.8108150591323824,0.6399160967377341,1503,1147,12976,7919,710,406,4513,2425,61,36,887,534,89,44,721,374,5,1,0.0,0.8333333333333334
Ding Junhui,Zhang Anda,9,1515,1488,0.5414496248549919,0.5168685956913849,977,651,7496,4271,462,239,3202,1638,16,5,747,419,25,11,652,372,5,2,0.0,0.7142857142857143
Judd Trump,Cao Yupeng,11,1666,1386,0.8801869380453571,0.6681877721681662,1421,1018,9738,5881,361,191,2387,1232,79,52,1300,792,6,1,432,233,6,2,0.0,0.75
Ronnie O'Sullivan,Ding Junhui,11,1642,1515,0.704538962158598,0.578714862460134,1503,1147,12976,7919,977,651,7496,4271,61,36,887,534,16,5,747,419,6,1,0.0,0.8571428571428571
Ronnie O'Sullivan,Judd Trump,19,1642,1666,0.44729902032514984,0.4850044983805899,1503,1147,12976,7919,1421,1018,9738,5881,61,36,887,534,79,52,1300,792,10,7,0.0,0.5882352941176471
Wang Xinbo,Wang Xinzhong,9,1017,1002,0.5230577783295167,0.5093739015216607,3,1,25,10,3,1,24,8,0,0,25,10,0,0,24,8,5,1,0.0,0.8333333333333334
Fan Zhengyi,Dylan Emery,9,1380,1244,0.699552494810083,0.5841905229354074,172,73,1103,500,106,47,591,286,89,47,602,314,9,4,317,156,5,2,0.0,0.7142857142857143
Long Zehuang,Thepchaiya Un-Nooh,9,1159,1483,0.1087673844581932,0.3078904956982118,50,23,274,130,551,322,3806,2032,9,4,115,52,35,20,553,304,5,4,0.0,0.5555555555555556
Cao Yupeng,Rory McLeod,9,1417,1207,0.7896412769224667,0.6283161882953663,365,194,2415,1247,709,371,5024,2556,34,16,460,248,0,0,250,120,5,0,0.0,1.0
Zhou Yuelong,Jiang Jun,9,1514,1076,0.9505429195853785,0.7493220844051797,490,293,3085,1674,18,6,102,46,34,20,777,421,9,4,102,46,5,1,0.0,0.8333333333333334
Wu Yize,Julien Leclercq,9,1315,1212,0.6541595421142608,0.5640216374262577,94,44,659,327,61,29,321,156,13,4,445,231,28,17,246,118,5,2,0.0,0.7142857142857143
Wang Xinbo,Matthew Selt,9,1017,1419,0.0642811364712565,0.2679594981583682,3,1,25,10,865,469,5556,2892,0,0,25,10,52,24,803,407,5,4,0.0,0.5555555555555556
Ben Woollaston,Ben Mertens,9,1373,1240,0.6955437518522246,0.5823675407280794,816,459,5141,2727,89,42,522,263,12,6,433,221,16,8,351,181,5,4,0.0,0.5555555555555556
Kyren Wilson,Jimmy White,9,1484,1154,0.8953253211201412,0.6952966693475653,1028,650,6448,3626,1565,840,13015,6726,249,131,1141,655,7,2,306,124,5,0,0.0,1.0
Robbie Williams,Andy Lee,9,1412,1090,0.889841863716281,0.6910430124157229,543,291,3458,1777,196,84,1175,530,15,7,435,238,6,1,275,116,5,3,0.0,0.625
Michael White,Haydon Pinhey,9,1321,1116,0.7841272219045134,0.6253923497205511,691,380,4458,2320,97,44,503,237,9,4,469,249,14,6,240,117,5,2,0.0,0.7142857142857143
Daniel Wells,Liam Highfield,9,1407,1262,0.7114258135090068,0.5896454785627312,509,254,3329,1668,507,265,3378,1744,8,3,406,232,8,3,343,158,5,1,0.0,0.8333333333333334
Ricky Walden,Yisong Peng,9,1380,1062,0.8870202629331883,0.6889039179769546,1152,680,7720,4222,39,11,235,90,101,47,779,409,15,6,235,90,5,0,0.0,1.0
Chris Wakelin,Andy Hicks,9,1419,1201,0.7982810462660692,0.6329747766804606,407,218,2577,1327,754,394,5764,2940,106,50,678,364,7,2,310,136,5,2,0.0,0.7142857142857143
Hossein Vafaei,Liam Pullen,9,1491,1115,0.9229011263885971,0.7190996574163839,310,186,2161,1147,39,20,228,109,17,10,684,392,13,7,186,87,5,2,0.0,0.7142857142857143
Judd Trump,Thor Chuan Leong,9,1682,1212,0.9612074891119589,0.7640475997974661,1426,1022,9779,5907,172,62,1062,466,120,78,1341,818,8,3,149,80,5,2,0.0,0.7142857142857143
Matthew Stevens,Hammad Miah,9,1384,1259,0.6847334230529902,0.5774953651858118,1116,643,8440,4577,279,113,1783,810,16,8,483,259,8,3,334,156,5,3,0.0,0.625
Elliot Slessor,Reanne Evans,9,1376,954,0.9443494311727829,0.7417338799314313,360,173,2179,1063,207,61,1165,451,74,38,503,254,9,4,214,64,5,2,0.0,0.7142857142857143
Ishpreet Singh Chadha,Stuart Bingham,9,1185,1457,0.14938364869755646,0.3362613025956473,30,17,165,93,1489,939,10247,5811,22,12,165,93,65,33,759,403,5,3,0.0,0.625
Yuan Sijun,Alexander Ursenbacher,9,1473,1320,0.7217811546951534,0.5944759307482401,257,134,1619,837,270,124,1627,780,34,21,521,301,12,7,299,147,5,3,0.0,0.625
Xu Si,Andrew Pagett,9,1352,1118,0.8148787714569037,0.6422170929574377,187,78,1182,542,334,145,2128,1001,33,19,393,195,22,11,295,116,5,0,0.0,1.0
Mark Selby,Xing Zihao,9,1596,1089,0.9710297893660506,0.7803144887848326,1548,1059,11006,6412,20,8,112,50,138,80,1068,610,12,6,112,50,5,3,0.0,0.625
Noppon Saengkham,Himanshu Jain,9,1419,929,0.9668227255800634,0.7729422593967386,451,235,3054,1543,32,6,167,49,45,20,670,360,7,2,167,49,5,4,0.0,0.5555555555555556
Neil Robertson,Victor Sarkis,9,1466,914,0.9799988064616085,0.7989910002494707,1257,832,9211,5294,24,2,126,29,112,62,826,463,8,3,126,29,5,0,0.0,1.0
Joe Perry,Martin O'Donnell,9,1328,1307,0.5322627512389814,0.5131219861822433,1377,801,9446,5101,490,248,3035,1533,42,19,622,312,12,5,318,155,5,4,0.0,0.5555555555555556
Tian Pengfei,Mink Nutcharut,9,1281,979,0.8751919168487037,0.6802671966986485,551,304,3601,1896,35,3,199,58,14,5,381,186,5,0,198,58,5,1,0.0,0.8333333333333334
Jackson Page,Liam Graham,9,1315,999,0.8855893102982093,0.6878313305828404,181,88,1148,566,41,13,221,88,8,3,442,227,7,2,142,48,5,3,0.0,0.625
Ronnie O'Sullivan,Alfie Burden,9,1682,1220,0.9587439497600851,0.7604230019887311,1508,1152,13019,7948,798,415,5656,2871,104,65,930,563,9,4,334,154,5,3,0.0,0.625
Sean O'Sullivan,Xiao Guodong,9,1089,1424,0.1013544096776087,0.3020615739919092,279,104,1741,764,742,427,4618,2526,7,2,241,92,67,31,799,418,5,1,0.0,0.8333333333333334
Shaun Murphy,Mohamed Ibrahim,9,1491,961,0.9759779450022841,0.7900123734263975,1342,881,9673,5495,30,5,188,61,41,21,713,406,8,3,154,52,5,0,0.0,1.0
Robert Milkins,Barry Pinches,9,1341,1133,0.7874461495888876,0.6271477663131956,1125,649,7794,4164,870,437,6449,3299,52,18,835,422,7,2,307,139,5,2,0.0,0.7142857142857143
Stephen Maguire,Mostafa Dorgham,9,1405,988,0.9422869761939735,0.7393320946525015,1188,768,8645,4857,11,1,64,15,19,9,514,272,8,3,54,15,5,1,0.0,0.8333333333333334
David Lilley,Scott Donaldson,9,1280,1359,0.3804356342372483,0.45078487089866653,242,120,1425,716,478,254,3055,1554,22,11,381,184,16,7,513,263,5,3,0.0,0.625
Sanderson Lam,Gong Chenzhi,9,1260,1058,0.7807769347952548,0.623633628298226,264,105,1579,697,13,8,87,47,6,1,417,201,0,0,87,47,5,4,0.0,0.5555555555555556
Lukas Kleckers,Jack Lisowski,9,1236,1459,0.19643411657674517,0.3641261085729462,217,90,1234,550,781,476,5064,2770,5,0,420,204,31,14,836,459,5,2,0.0,0.7142857142857143
Jenson Kendrick,Anthony Hamilton,9,979,1274,0.1302597819391192,0.3235510666515204,67,21,370,144,1037,588,7596,3999,5,0,228,84,6,1,379,181,5,3,0.0,0.625
Pang Junxu,James Cahill,9,1410,1286,0.6833700957830113,0.5768852611320463,162,87,994,512,321,134,1989,929,75,39,611,328,9,4,387,190,5,2,0.0,0.7142857142857143
Ding Junhui,Zak Surety,9,1519,1265,0.8343351260922364,0.653622330899504,981,654,7522,4285,240,109,1362,648,42,19,773,433,27,15,375,184,5,3,0.0,0.625
Jak Jones,Ryan Thomerson,9,1445,959,0.9657593543403356,0.7711824455558168,376,179,2384,1128,66,16,389,143,38,25,547,295,5,0,186,59,5,3,0.0,0.625
Jamie Jones,Rod Lawler,9,1311,1194,0.6737542556151955,0.5726080638632601,661,391,4317,2325,935,481,6843,3476,12,3,560,287,8,3,238,109,5,0,0.0,1.0
Si Jiahui,Stan Moody,9,1472,1116,0.9117158840658912,0.7088901725661199,163,88,1056,561,41,14,233,102,59,36,632,341,8,3,197,87,5,1,0.0,0.8333333333333334
Ashley Hugill,Anthony McGill,9,1264,1441,0.24833900659015712,0.3911454307890496,242,105,1446,683,744,444,4943,2691,7,2,423,202,0,0,552,305,5,1,0.0,0.8333333333333334
Liu Hongyu,Jamie Clarke,9,1254,1335,0.3775092526157308,0.4495472886604723,33,19,188,106,324,162,1921,958,13,8,188,106,21,11,439,216,5,1,0.0,0.8333333333333334
Aaron Hill,Joe O'Connor,9,1296,1452,0.2743852272088807,0.40371730070321216,111,50,635,304,288,143,1781,896,14,6,429,222,109,60,589,311,5,4,0.0,0.5555555555555556
John Higgins,Ross Muir,9,1567,1219,0.906900923551623,0.7047456979980911,1857,1310,14347,8462,278,110,1746,803,168,92,1132,650,6,1,341,161,5,1,0.0,0.8333333333333334
Louis Heathcote,Oliver Lines,9,1253,1361,0.33878882462154697,0.4329070950345457,187,85,1042,506,363,174,2172,1067,13,7,361,172,8,3,380,187,5,0,0.0,1.0
Barry Hawkins,Dean Young,9,1563,1063,0.9693571928858792,0.7772998611746911,1329,831,9110,5107,97,38,491,206,89,49,772,447,5,0,276,111,5,3,0.0,0.625
Lyu Haotian,Ashley Carty,9,1443,1279,0.7357020581715297,0.6010878788483698,327,166,2107,1053,266,125,1548,759,20,8,574,316,14,7,261,128,5,2,0.0,0.7142857142857143
He Guoqiang,Jimmy Robertson,9,1226,1381,0.2756600508521686,0.4043192693921528,49,28,294,150,732,402,4752,2482,21,11,211,118,36,16,605,323,5,2,0.0,0.7142857142857143
David Grace,Rebecca Kenna,9,1242,816,0.945955136867409,0.7436448917562621,472,219,3073,1487,37,3,185,35,8,3,384,181,6,1,133,17,5,2,0.0,0.7142857142857143
David Gilbert,Anton Kazakov,9,1431,959,0.9618033812760566,0.7649478037637647,930,540,6338,3421,35,4,204,62,42,19,608,326,8,3,182,53,5,0,0.0,1.0
Tom Ford,Ma Hailong,9,1459,1060,0.9343346610713805,0.7305667649586345,930,532,6304,3369,22,6,140,55,61,31,794,425,5,0,140,55,5,2,0.0,0.7142857142857143
Adam Duffy,Mark Davis,9,1094,1384,0.13425842956844292,0.3262929005454786,425,202,2669,1320,1304,776,8942,4861,6,1,247,98,20,12,402,197,5,4,0.0,0.5555555555555556
Graeme Dott,Ian Burns,9,1341,1280,0.5929224766392899,0.5380512843858591,1169,682,8379,4508,487,238,3051,1515,24,14,547,289,6,1,346,159,5,2,0.0,0.7142857142857143
Ryan Day,Andrew Higginson,9,1356,1292,0.5973981597131834,0.5399148845555657,1296,765,8517,4638,870,500,6030,3267,92,46,798,417,16,7,360,196,5,4,0.0,0.5555555555555556
Dominic Dale,Marco Fu,9,1294,1370,0.38483867400919086,0.45264238185691075,1098,609,7580,3987,958,560,7154,3873,11,2,372,181,12,6,288,142,5,3,0.0,0.625
Sam Craigie,Ken Doherty,9,1379,1239,0.7048581689623228,0.5866175789173301,357,189,2105,1097,1281,743,10082,5436,95,47,476,244,13,8,346,152,5,0,0.0,1.0
Ali Carter,Ahmed Aly Elsayed,9,1524,924,0.986763199273592,0.8175744761936437,1304,804,8788,4860,12,0,55,8,119,66,976,550,8,3,55,8,5,1,0.0,0.8333333333333334
Stuart Carrington,Gary Wilson,9,1259,1420,0.268057314719077,0.40071183649164394,503,268,3152,1639,713,408,4531,2434,7,2,340,163,107,53,739,383,5,4,0.0,0.5555555555555556
Jordan Brown,Lan Yuhao,9,1315,1000,0.8848687737794817,0.6872942801972042,328,169,2007,1002,0,0,0,0,53,22,671,340,0,0,0,0,5,1,0.0,0.8333333333333334
Oliver Brown,Mark Joyce,9,1122,1286,0.26429794182847044,0.3989121211516302,270,119,1447,680,623,319,4319,2167,13,8,216,82,12,6,336,163,5,4,0.0,0.5555555555555556
Luca Brecel,Manasawin Phetmalaikul,9,1462,1018,0.9527117668324501,0.7521291114395702,629,366,4214,2279,48,17,265,112,15,4,726,396,9,4,120,52,5,1,0.0,0.8333333333333334
Iulian Boiko,Siripaporn Nuanthakhamjan,9,1177,927,0.8305589863516776,0.6513548646660542,87,31,484,204,12,0,73,15,7,2,250,127,5,0,73,15,5,1,0.0,0.8333333333333334
Zhang Anda,Allan Taylor,9,1489,1209,0.8574804739607897,0.6681877721681662,465,241,3221,1648,431,196,2521,1201,44,21,671,382,9,4,299,124,5,3,0.0,0.625
Mark Allen,Andres Petrov,9,1543,1027,0.9730630507245749,0.7841471891774855,1055,700,7410,4213,61,20,363,145,73,38,902,516,5,0,226,79,5,1,0.0,0.8333333333333334
Long Zehuang,Si Jiahui,9,1159,1472,0.11658245050236068,0.3137813291023188,50,23,274,130,163,88,1056,561,9,4,115,52,59,36,632,341,5,2,0.0,0.7142857142857143
Cao Yupeng,Noppon Saengkham,9,1417,1419,0.49692386016813683,0.49875000260416025,365,194,2415,1247,451,235,3054,1543,34,16,460,248,45,20,670,360,5,3,0.0,0.625
Wu Yize,Zhou Yuelong,9,1315,1514,0.22260456198586073,0.3781283576925339,94,44,659,327,490,293,3085,1674,13,4,445,231,34,20,777,421,5,1,0.0,0.8333333333333334
Kyren Wilson,David Grace,9,1484,1242,0.8228339524244989,0.6467993925579857,1028,650,6448,3626,472,219,3073,1487,249,131,1141,655,8,3,384,181,5,4,0.0,0.5555555555555556
Robbie Williams,Tom Ford,9,1412,1459,0.42812353102015543,0.47065874995421436,543,291,3458,1777,930,532,6304,3369,15,7,435,238,61,31,794,425,5,4,0.0,0.5555555555555556
Daniel Wells,Mark Allen,9,1407,1543,0.3004475051899173,0.4158094770645927,509,254,3329,1668,1055,700,7410,4213,8,3,406,232,73,38,902,516,5,3,0.0,0.625
Ricky Walden,Jamie Jones,9,1380,1311,0.6048276146754163,0.5430183807243099,1152,680,7720,4222,661,391,4317,2325,101,47,779,409,12,3,560,287,5,4,0.0,0.5555555555555556
Chris Wakelin,Jordan Brown,9,1419,1315,0.6555744737095885,0.5646362918030292,407,218,2577,1327,328,169,2007,1002,106,50,678,364,53,22,671,340,5,4,0.0,0.5555555555555556
Hossein Vafaei,Graeme Dott,9,1491,1341,0.717920276657251,0.5926665999540697,310,186,2161,1147,1169,682,8379,4508,17,10,684,392,24,14,547,289,5,1,0.0,0.8333333333333334
Judd Trump,Sanderson Lam,9,1682,1260,0.9443494311727829,0.7417338799314313,1426,1022,9779,5907,264,105,1579,697,120,78,1341,818,6,1,417,201,5,2,0.0,0.7142857142857143
Matthew Stevens,Ryan Day,9,1384,1356,0.542978651056463,0.5174928576663897,1116,643,8440,4577,1296,765,8517,4638,16,8,483,259,92,46,798,417,5,2,0.0,0.7142857142857143
Elliot Slessor,Zhang Anda,9,1376,1489,0.3317960811303977,0.42984097461816473,360,173,2179,1063,465,241,3221,1648,74,38,503,254,44,21,671,382,5,3,0.0,0.625
Yuan Sijun,Ishpreet Singh Chadha,9,1473,1185,0.864117564265544,0.6726070170677604,257,134,1619,837,30,17,165,93,34,21,521,301,22,12,165,93,5,3,0.0,0.625
Neil Robertson,Tian Pengfei,9,1466,1281,0.7612074518356959,0.6136070778047783,1257,832,9211,5294,551,304,3601,1896,112,62,826,463,14,5,381,186,5,3,0.0,0.625
Joe Perry,Sean O'Sullivan,9,1328,1089,0.8198777056686509,0.645084137572727,1377,801,9446,5101,279,104,1741,764,42,19,622,312,7,2,241,92,5,1,0.0,0.8333333333333334
Jackson Page,John Higgins,9,1315,1567,0.167545746084735,0.34751053780725555,181,88,1148,566,1857,1310,14347,8462,8,3,442,227,168,92,1132,650,5,3,0.0,0.625
Ronnie O'Sullivan,Michael White,9,1682,1321,0.9146249185246416,0.7114629823302013,1508,1152,13019,7948,691,380,4458,2320,104,65,930,563,9,4,469,249,5,3,0.0,0.625
Shaun Murphy,Xu Si,9,1491,1352,0.7035360054960305,0.5860112044388707,1342,881,9673,5495,187,78,1182,542,41,21,713,406,33,19,393,195,5,3,0.0,0.625
Stephen Maguire,Pang Junxu,9,1405,1410,0.4923100709602251,0.4968750406894683,1188,768,8645,4857,162,87,994,512,19,9,514,272,75,39,611,328,5,3,0.0,0.625
David Lilley,Stuart Carrington,9,1280,1259,0.5322627512389814,0.5131219861822433,242,120,1425,716,503,268,3152,1639,22,11,381,184,7,2,340,163,5,4,0.0,0.5555555555555556
Ding Junhui,Liu Hongyu,9,1519,1254,0.8444228547259001,0.6598217549720575,981,654,7522,4285,33,19,188,106,42,19,773,433,13,8,188,106,5,2,0.0,0.7142857142857143
Ashley Hugill,Jak Jones,9,1264,1445,0.24353923114011933,0.3887665333241305,242,105,1446,683,376,179,2384,1128,7,2,423,202,38,25,547,295,5,0,0.0,1.0
Barry Hawkins,Jenson Kendrick,9,1563,979,0.9847809331647255,0.8115326747861805,1329,831,9110,5107,67,21,370,144,89,49,772,447,5,0,228,84,5,2,0.0,0.7142857142857143
Lyu Haotian,Aaron Hill,9,1443,1296,0.7140324724419308,0.5908547524545943,327,166,2107,1053,111,50,635,304,20,8,574,316,14,6,429,222,5,4,0.0,0.5555555555555556
He Guoqiang,Wang Xinbo,9,1226,1017,0.7885454656789053,0.6277321638605189,49,28,294,150,3,1,25,10,21,11,211,118,0,0,25,10,5,4,0.0,0.5555555555555556
Dominic Dale,Lukas Kleckers,9,1294,1236,0.5884340025894599,0.5361866202317948,1098,609,7580,3987,217,90,1234,550,11,2,372,181,5,0,420,204,5,4,0.0,0.5555555555555556
Ali Carter,Louis Heathcote,9,1524,1253,0.8497422960559372,0.6631804950993565,1304,804,8788,4860,187,85,1042,506,119,66,976,550,13,7,361,172,5,3,0.0,0.625
Luca Brecel,Oliver Brown,9,1462,1122,0.9018847190305681,0.7005671424739729,629,366,4214,2279,270,119,1447,680,15,4,726,396,13,8,216,82,5,2,0.0,0.7142857142857143
Ben Woollaston,Ricky Walden,9,1373,1380,0.4892347721324395,0.4956251116502266,816,459,5141,2727,1152,680,7720,4222,12,6,433,221,101,47,779,409,5,4,0.0,0.5555555555555556
Kyren Wilson,Ashley Hugill,9,1484,1264,0.8004056355270881,0.6341355910108007,1028,650,6448,3626,242,105,1446,683,249,131,1141,655,7,2,423,202,5,3,0.0,0.625
Daniel Wells,He Guoqiang,9,1407,1226,0.7564607688598808,0.6112334666758695,509,254,3329,1668,49,28,294,150,8,3,406,232,21,11,211,118,5,3,0.0,0.625
Chris Wakelin,Ali Carter,9,1419,1524,0.34301287924355417,0.43474925243290014,407,218,2577,1327,1304,804,8788,4860,106,50,678,364,119,66,976,550,5,1,0.0,0.8333333333333334
Hossein Vafaei,Robert Milkins,9,1491,1341,0.717920276657251,0.5926665999540697,310,186,2161,1147,1125,649,7794,4164,17,10,684,392,52,18,835,422,5,2,0.0,0.7142857142857143
Judd Trump,Fan Zhengyi,9,1682,1380,0.8751919168487037,0.6802671966986485,1426,1022,9779,5907,172,73,1103,500,120,78,1341,818,89,47,602,314,5,3,0.0,0.625
Elliot Slessor,Matthew Stevens,9,1376,1384,0.48769736295316923,0.4950001666600003,360,173,2179,1063,1116,643,8440,4577,74,38,503,254,16,8,483,259,5,1,0.0,0.8333333333333334
Mark Selby,Long Zehuang,9,1596,1159,0.9501734685084674,0.7488521955201534,1548,1059,11006,6412,50,23,274,130,138,80,1068,610,9,4,115,52,5,2,0.0,0.7142857142857143
Neil Robertson,Yuan Sijun,9,1466,1473,0.4892347721324395,0.4956251116502266,1257,832,9211,5294,257,134,1619,837,112,62,826,463,34,21,521,301,5,2,0.0,0.7142857142857143
Jackson Page,Wu Yize,9,1315,1315,0.5,0.5,181,88,1148,566,94,44,659,327,8,3,442,227,13,4,445,231,5,3,0.0,0.625
Ronnie O'Sullivan,Lyu Haotian,9,1682,1443,0.8198777056686509,0.645084137572727,1508,1152,13019,7948,327,166,2107,1053,104,65,930,563,20,8,574,316,5,2,0.0,0.7142857142857143
Shaun Murphy,Joe Perry,9,1491,1328,0.7344520743913923,0.6004882745269664,1342,881,9673,5495,1377,801,9446,5101,41,21,713,406,42,19,622,312,5,3,0.0,0.625
Stephen Maguire,Luca Brecel,9,1405,1462,0.41306489554708414,0.4644351620161461,1188,768,8645,4857,629,366,4214,2279,19,9,514,272,15,4,726,396,5,1,0.0,0.8333333333333334
David Lilley,Dominic Dale,9,1280,1294,0.4784777823974459,0.4912508931197597,242,120,1425,716,1098,609,7580,3987,22,11,381,184,11,2,372,181,5,2,0.0,0.7142857142857143
Ding Junhui,Cao Yupeng,9,1519,1417,0.6527423440531748,0.5634067862621936,981,654,7522,4285,365,194,2415,1247,42,19,773,433,34,16,460,248,5,1,0.0,0.8333333333333334
Barry Hawkins,Robbie Williams,9,1563,1412,0.7192102444974917,0.5932699921071872,1329,831,9110,5107,543,291,3458,1777,89,49,772,447,15,7,435,238,5,2,0.0,0.7142857142857143
Kyren Wilson,Ben Woollaston,9,1484,1373,0.6654140283737799,0.5689332093695465,1028,650,6448,3626,816,459,5141,2727,249,131,1141,655,12,6,433,221,5,4,0.0,0.5555555555555556
Hossein Vafaei,Ronnie O'Sullivan,9,1491,1682,0.23177321518818045,0.38284263734702784,310,186,2161,1147,1508,1152,13019,7948,17,10,684,392,104,65,930,563,5,4,0.0,0.5555555555555556
Judd Trump,David Lilley,9,1682,1280,0.9357188635287434,0.7320405018416317,1426,1022,9779,5907,242,120,1425,716,120,78,1341,818,22,11,381,184,5,3,0.0,0.625
Elliot Slessor,Daniel Wells,9,1376,1407,0.45243837566637274,0.4806346917700681,360,173,2179,1063,509,254,3329,1668,74,38,503,254,8,3,406,232,5,2,0.0,0.7142857142857143
Neil Robertson,Chris Wakelin,9,1466,1419,0.5718764689798446,0.5293412500457856,1257,832,9211,5294,407,218,2577,1327,112,62,826,463,106,50,678,364,5,1,0.0,0.8333333333333334
Jackson Page,Mark Selby,9,1315,1596,0.14167750801176168,0.33125817889780795,181,88,1148,566,1548,1059,11006,6412,8,3,442,227,138,80,1068,610,5,2,0.0,0.7142857142857143
Ding Junhui,Shaun Murphy,9,1519,1491,0.542978651056463,0.5174928576663897,981,654,7522,4285,1342,881,9673,5495,42,19,773,433,41,21,713,406,5,3,0.0,0.625
Barry Hawkins,Stephen Maguire,9,1563,1405,0.7281552136873749,0.5974857658270161,1329,831,9110,5107,1188,768,8645,4857,89,49,772,447,19,9,514,272,5,1,0.0,0.8333333333333334
Judd Trump,Kyren Wilson,9,1682,1484,0.7762613643327039,0.6212835951910678,1426,1022,9779,5907,1028,650,6448,3626,120,78,1341,818,249,131,1141,655,5,2,0.0,0.7142857142857143
Neil Robertson,Barry Hawkins,9,1466,1563,0.35437700298719044,0.4396703573114467,1257,832,9211,5294,1329,831,9110,5107,112,62,826,463,89,49,772,447,5,2,0.0,0.7142857142857143
Jackson Page,Elliot Slessor,9,1315,1376,0.4070775233607099,0.4619487156141408,181,88,1148,566,360,173,2179,1063,8,3,442,227,74,38,503,254,5,2,0.0,0.7142857142857143
Ding Junhui,Hossein Vafaei,9,1519,1491,0.542978651056463,0.5174928576663897,981,654,7522,4285,310,186,2161,1147,42,19,773,433,17,10,684,392,5,0,0.0,1.0
Judd Trump,Jackson Page,11,1682,1315,0.9371048602306128,0.7145324397353954,1426,1022,9779,5907,181,88,1148,566,120,78,1341,818,8,3,442,227,6,2,0.0,0.75
Ding Junhui,Neil Robertson,11,1519,1466,0.5888897906976714,0.5330766223661046,981,654,7522,4285,1257,832,9211,5294,42,19,773,433,112,62,826,463,6,5,0.0,0.5454545454545454
Judd Trump,Ding Junhui,19,1682,1519,0.815097404602695,0.6004882745269664,1426,1022,9779,5907,981,654,7522,4285,120,78,1341,818,42,19,773,433,10,4,0.0,0.7142857142857143
Liam Davies,Riley Powell,7,1063,970,0.6248970337106214,0.5578645727207344,33,16,197,91,7,2,25,7,0,0,171,81,0,0,25,7,4,0,0.0,1.0
Fan Zhengyi,Joe Perry,7,1390,1339,0.5693507188778237,0.5318318894162242,174,74,1118,508,1380,803,9469,5114,104,55,617,322,65,32,645,325,4,2,0.0,0.6666666666666666
Long Zehuang,Andy Lee,7,1200,1094,0.641605432096216,0.5658650028954817,53,25,297,142,197,84,1183,533,32,16,138,64,14,4,283,119,4,1,0.0,0.8
Wu Yize,Sydney Wilson,7,1336,1134,0.7545108097932872,0.623633628298226,97,46,680,340,237,95,1362,623,34,17,466,244,9,4,125,67,4,1,0.0,0.8
Kyren Wilson,Ashley Carty,7,1483,1273,0.7629243149475251,0.6283161882953663,1033,654,6486,3648,267,125,1555,761,287,153,1179,677,21,9,268,130,4,3,0.0,0.5714285714285714
Gary Wilson,Mark Davis,7,1409,1367,0.557211603425229,0.5262259093720687,714,408,4540,2438,1305,776,8951,4865,116,57,748,387,29,16,411,201,4,1,0.0,0.8
Mark Williams,John Astley,7,1510,1228,0.8307179588376647,0.669295402777446,1775,1164,12940,7429,348,156,2151,1014,45,22,827,483,9,4,377,177,4,2,0.0,0.6666666666666666
Robbie Williams,Yisong Peng,7,1407,1050,0.8858301874086159,0.7094058152553435,546,293,3482,1789,40,11,240,90,39,19,459,250,20,6,240,90,4,0,0.0,1.0
Daniel Wells,Thepchaiya Un-Nooh,7,1419,1465,0.43738543058720863,0.4712816430485603,513,257,3358,1685,552,322,3815,2036,37,20,435,249,44,24,562,308,4,2,0.0,0.6666666666666666
Ricky Walden,Andy Hicks,7,1388,1196,0.7437579445222342,0.617747874769249,1155,682,7743,4236,755,394,5771,2942,124,61,802,423,14,4,317,138,4,2,0.0,0.6666666666666666
Chris Wakelin,Jimmy Robertson,7,1427,1364,0.5854263042586716,0.5392938058983595,411,221,2605,1343,733,402,4759,2484,134,66,706,380,43,18,612,325,4,0,0.0,1.0
Hossein Vafaei,Scott Donaldson,7,1502,1348,0.7006252854909363,0.595078473866134,315,190,2195,1167,479,254,3063,1557,51,30,718,412,24,10,521,266,4,1,0.0,0.8
Allan Taylor,Haydon Pinhey,7,1212,1111,0.6352110684578025,0.5627917401386452,432,196,2529,1204,98,44,510,239,17,7,307,127,21,8,247,119,4,2,0.0,0.6666666666666666
Zak Surety,Mark Joyce,7,1267,1275,0.48906395814377107,0.4950001666600003,241,109,1370,651,624,319,4328,2171,35,18,383,187,21,10,345,167,4,2,0.0,0.6666666666666666
Matthew Stevens,Louis Heathcote,7,1382,1278,0.6390526295107546,0.5646362918030292,1119,645,8461,4588,189,86,1055,514,37,19,504,270,26,15,374,180,4,3,0.0,0.5714285714285714
Elliot Slessor,Ali Carter,7,1401,1504,0.36222625682132775,0.43597836257374245,365,177,2214,1085,1307,806,8808,4871,109,60,538,276,139,77,996,561,4,1,0.0,0.8
Matthew Selt,Sam Craigie,7,1399,1396,0.5041014855971089,0.5018749912109869,866,469,5565,2896,358,190,2110,1102,61,28,812,411,100,52,481,249,4,3,0.0,0.5714285714285714
Mark Selby,Yuan Sijun,7,1565,1461,0.6390526295107546,0.5646362918030292,1551,1061,11028,6424,260,136,1642,849,160,92,1090,622,57,33,544,313,4,2,0.0,0.6666666666666666
Noppon Saengkham,Himanshu Jain,7,1396,945,0.9342992837911581,0.7553772379137498,453,236,3071,1551,33,6,176,53,62,28,687,368,16,6,176,53,4,1,0.0,0.8
Neil Robertson,Jackson Page,7,1514,1368,0.691115079332653,0.5902502519301834,1263,837,9255,5324,187,93,1194,593,156,92,870,493,54,30,488,254,4,1,0.0,0.8
Liam Pullen,Rebecca Kenna,7,1115,818,0.8429989187038389,0.6775422953274692,40,20,235,111,38,3,192,37,20,9,193,89,13,3,140,19,4,0,0.0,1.0
Barry Pinches,Shaun Murphy,7,1128,1497,0.10677371470879526,0.2844487760368946,871,437,6456,3301,1346,884,9702,5513,14,4,314,141,70,39,742,424,4,3,0.0,0.5714285714285714
Tian Pengfei,Rod Lawler,7,1287,1177,0.6466907800352545,0.5683199834782481,553,305,3615,1904,936,481,6848,3476,28,13,395,194,13,3,243,109,4,0,0.0,1.0
Andrew Pagett,Mink Nutcharut,7,1104,972,0.6741427448520734,0.5817593768418363,335,145,2133,1001,36,3,205,59,27,11,300,116,11,1,204,59,4,2,0.0,0.6666666666666666
Martin O'Donnell,Ryan Thomerson,7,1304,968,0.8719653706122326,0.6984652160025387,491,248,3044,1537,67,16,397,146,21,9,327,159,13,3,194,62,4,3,0.0,0.5714285714285714
Joe O'Connor,Xu Si,7,1441,1363,0.6053054839891849,0.5485961085831343,289,143,1790,900,189,79,1195,550,118,64,598,315,46,27,406,203,4,3,0.0,0.5714285714285714
Ross Muir,Stephen Hendry,7,1213,1192,0.5286845829371267,0.5131219861822433,279,110,1752,804,1289,898,11840,6924,12,2,347,162,0,0,69,17,4,2,0.0,0.6666666666666666
Stan Moody,Sean O'Sullivan,7,1110,1105,0.5068355814796678,0.5031249593105316,42,14,239,103,281,105,1753,770,14,4,203,88,19,8,253,98,4,2,0.0,0.6666666666666666
Robert Milkins,Jamie Jones,7,1339,1327,0.5164013295642876,0.5074994375506203,1127,650,7808,4171,663,392,4331,2334,66,25,849,429,26,12,574,296,4,3,0.0,0.5714285714285714
Ben Mertens,Hammad Miah,7,1242,1256,0.48086718764462183,0.4912508931197597,90,42,531,267,280,113,1791,813,25,12,360,185,16,6,342,159,4,0,0.0,1.0
Anthony McGill,Manasawin Phetmalaikul,7,1420,1014,0.9137244350498475,0.7339975165215696,745,444,4949,2692,49,17,271,113,6,1,558,306,15,5,126,53,4,1,0.0,0.8
Jack Lisowski,Oliver Brown,7,1439,1132,0.850832110932218,0.6829798455801029,782,476,5071,2772,272,120,1463,687,38,16,843,461,29,15,232,89,4,2,0.0,0.6666666666666666
Oliver Lines,Michael White,7,1338,1331,0.5095693356278297,0.5043748883497735,364,174,2177,1067,693,381,4473,2328,13,3,385,187,24,12,484,257,4,3,0.0,0.5714285714285714
David Lilley,Victor Sarkis,7,1312,906,0.9137244350498475,0.7339975165215696,246,123,1457,734,25,2,131,29,54,29,413,202,13,3,131,29,4,0,0.0,1.0
Julien Leclercq,Alfie Burden,7,1204,1229,0.465864760862579,0.4843800842769844,62,29,328,158,799,415,5664,2874,35,19,253,120,17,7,342,157,4,3,0.0,0.5714285714285714
Sanderson Lam,Siripaporn Nuanthakhamjan,7,1257,918,0.8740190283398156,0.7000424476024744,266,106,1595,704,13,0,79,16,22,8,433,208,11,1,79,16,4,0,0.0,1.0
Ding Junhui,Jenson Kendrick,7,1547,1003,0.9641661067779954,0.7957596977159083,988,660,7581,4320,69,22,385,151,101,54,832,468,20,7,243,91,4,2,0.0,0.6666666666666666
Duane Jones,Liam Highfield,7,1219,1250,0.4577018760615691,0.4806346917700681,313,141,1854,901,508,265,3384,1745,0,0,292,137,14,4,349,159,4,2,0.0,0.6666666666666666
Jak Jones,Liu Hongyu,7,1412,1268,0.6887157040547041,0.5890404340586651,378,180,2397,1133,35,20,201,113,51,30,560,300,26,15,201,113,4,3,0.0,0.5714285714285714
Si Jiahui,Stephen Maguire,7,1456,1423,0.5450150538752272,0.5206133097144486,165,89,1069,568,1192,771,8671,4873,72,43,645,348,45,25,540,288,4,2,0.0,0.6666666666666666
Aaron Hill,Anton Kazakov,7,1309,950,0.8870891247364365,0.7104354810428751,113,51,653,313,36,4,209,62,32,15,447,231,13,3,187,53,4,0,0.0,1.0
Andrew Higginson,Xing Zihao,7,1291,1099,0.7437579445222342,0.617747874769249,871,500,6039,3271,21,8,120,53,25,11,369,200,20,9,120,53,4,2,0.0,0.6666666666666666
John Higgins,Mohamed Ibrahim,7,1555,953,0.9761073172244109,0.8183190246549155,1859,1311,14361,8470,31,5,193,61,182,100,1146,658,13,3,159,52,4,0,0.0,1.0
Barry Hawkins,He Guoqiang,7,1553,1239,0.8561477589533566,0.6867567266439019,1334,835,9145,5129,52,30,318,163,124,71,807,469,45,24,235,131,4,0,0.0,1.0
Anthony Hamilton,Andres Petrov,7,1255,1025,0.783204659627048,0.6399160967377341,1038,588,7604,4002,62,20,369,146,14,4,387,184,11,1,232,80,4,0,0.0,1.0
Ma Hailong,Thor Chuan Leong,7,1061,1215,0.29937471450906367,0.40492152613386595,23,6,147,57,173,62,1069,468,12,2,147,57,15,5,156,82,4,2,0.0,0.6666666666666666
Xiao Guodong,Ashley Hugill,7,1398,1308,0.6210041469292463,0.5560138905446199,743,427,4624,2527,245,107,1465,696,73,32,805,419,26,15,442,215,4,3,0.0,0.5714285714285714
David Gilbert,Ken Doherty,7,1440,1222,0.7711668601434363,0.6329747766804606,931,541,6343,3426,1282,743,10087,5436,47,24,613,331,18,8,351,152,4,0,0.0,1.0
Marco Fu,Stuart Bingham,7,1359,1439,0.3920645840647391,0.45016600268752216,959,560,7162,3876,1490,939,10255,5814,20,9,296,145,73,36,767,406,4,1,0.0,0.8
Tom Ford,Ben Woollaston,7,1452,1377,0.6013510291923431,0.5467381519846138,932,533,6320,3378,819,461,5168,2741,77,40,810,434,39,20,460,235,4,3,0.0,0.5714285714285714
Dylan Emery,Fergal O'Brien,7,1237,1205,0.5436568604546561,0.5199893401555818,107,47,598,288,1028,561,7494,3894,16,6,324,158,0,0,243,111,4,1,0.0,0.8
Adam Duffy,Zhou Yuelong,7,1111,1496,0.09749066284462456,0.2763779325345598,426,203,2678,1325,492,294,3097,1680,15,6,256,103,46,26,789,427,4,0,0.0,1.0
Graeme Dott,Pang Junxu,7,1339,1410,0.4039387802743521,0.4557411415821268,1171,683,8392,4514,164,88,1009,520,37,20,560,295,90,47,626,336,4,3,0.0,0.5714285714285714
Ryan Day,Mostafa Dorgham,7,1346,983,0.8895753795158947,0.7124883131320702,1298,766,8533,4645,12,1,70,16,108,53,814,424,14,4,60,16,4,3,0.0,0.5714285714285714
Liam Davies,Alexander Ursenbacher,7,1063,1318,0.19299940476105965,0.3458118862387571,33,16,197,91,271,124,1635,783,0,0,171,81,20,10,307,150,4,0,0.0,1.0
Alfie Davies,Liam Graham,7,1097,1003,0.6261916833783177,0.5584811124381613,27,16,144,77,42,13,229,91,21,11,144,77,15,5,150,51,4,1,0.0,0.8
Dominic Dale,Jimmy White,7,1295,1142,0.6994442564412618,0.5944759307482401,1101,611,7604,3999,1566,840,13020,6726,35,14,396,193,12,2,311,124,4,1,0.0,0.8
Jamie Clarke,James Cahill,7,1317,1278,0.5531518743848329,0.5243557087682073,325,162,1927,959,322,134,1996,931,27,12,445,217,16,6,394,192,4,3,0.0,0.5714285714285714
Stuart Carrington,Reanne Evans,7,1267,956,0.8538864678998308,0.6851410567502929,505,269,3170,1648,208,61,1172,453,25,11,358,172,16,6,221,66,4,2,0.0,0.6666666666666666
Ian Burns,Lukas Kleckers,7,1270,1254,0.5218633393972989,0.5099986668799655,488,238,3058,1517,219,91,1250,559,13,3,353,161,21,9,436,213,4,2,0.0,0.6666666666666666
Jordan Brown,Lyu Haotian,7,1323,1443,0.34071893937019965,0.425557483188341,330,170,2022,1011,330,168,2130,1065,68,31,686,349,43,20,597,328,4,3,0.0,0.5714285714285714
Luca Brecel,Jiang Jun,7,1450,1072,0.8985282020078706,0.7201085268004915,632,368,4233,2290,19,6,108,47,34,15,745,407,15,5,108,47,4,3,0.0,0.5714285714285714
Iulian Boiko,Ishpreet Singh Chadha,7,1186,1205,0.47404295972292854,0.4881272322437472,88,32,490,209,32,18,181,101,13,7,256,132,38,20,181,101,4,0,0.0,1.0
Zhang Anda,Ahmed Aly Elsayed,7,1474,923,0.9658405519085268,0.7985891891595733,467,242,3237,1656,13,0,61,9,60,29,687,390,14,4,61,9,4,1,0.0,0.8
Mark Allen,Cao Yupeng,7,1532,1425,0.6428793213307702,0.5664790559676278,1057,701,7424,4221,368,196,2434,1258,87,46,916,524,53,27,479,259,4,3,0.0,0.5714285714285714
Fan Zhengyi,Ben Mertens,7,1390,1242,0.6935058085008956,0.5914589784327801,174,74,1118,508,90,42,531,267,104,55,617,322,25,12,360,185,4,2,0.0,0.6666666666666666
Gary Wilson,Iulian Boiko,7,1409,1186,0.7762304913665884,0.6358738914270539,714,408,4540,2438,88,32,490,209,116,57,748,387,13,7,256,132,4,2,0.0,0.6666666666666666
Mark Williams,Sanderson Lam,7,1510,1257,0.8051614968205012,0.6530561132866127,1775,1164,12940,7429,266,106,1595,704,45,22,827,483,22,8,433,208,4,3,0.0,0.5714285714285714
Robbie Williams,Ding Junhui,7,1407,1547,0.31610864255174254,0.41338242108267,546,293,3482,1789,988,660,7581,4320,39,19,459,250,101,54,832,468,4,2,0.0,0.6666666666666666
Daniel Wells,Barry Pinches,7,1419,1128,0.8381631906470501,0.6742564252229473,513,257,3358,1685,871,437,6456,3301,37,20,435,249,14,4,314,141,4,1,0.0,0.8
Ricky Walden,Matthew Stevens,7,1388,1382,0.5082025098106111,0.5037499296890819,1155,682,7743,4236,1119,645,8461,4588,124,61,802,423,37,19,504,270,4,3,0.0,0.5714285714285714
Hossein Vafaei,Julien Leclercq,7,1502,1204,0.843794955427504,0.6780882495516275,315,190,2195,1167,62,29,328,158,51,30,718,412,35,19,253,120,4,1,0.0,0.8
Matthew Selt,Ross Muir,7,1399,1213,0.7371828058525272,0.6141996427768951,866,469,5565,2896,279,110,1752,804,61,28,812,411,12,2,347,162,4,1,0.0,0.8
Neil Robertson,Stuart Carrington,7,1514,1267,0.7995764997363425,0.6496497492904088,1263,837,9255,5324,505,269,3170,1648,156,92,870,493,25,11,358,172,4,3,0.0,0.5714285714285714
Martin O'Donnell,Chris Wakelin,7,1304,1427,0.3369775660777682,0.42372507750673466,491,248,3044,1537,411,221,2605,1343,21,9,327,159,134,66,706,380,4,1,0.0,0.8
Stan Moody,Jordan Brown,7,1110,1323,0.23396455221276663,0.36993399171498176,42,14,239,103,330,170,2022,1011,14,4,203,88,68,31,686,349,4,3,0.0,0.5714285714285714
Robert Milkins,Allan Taylor,7,1339,1212,0.6679843009449487,0.578714862460134,1127,650,7808,4171,432,196,2529,1204,66,25,849,429,17,7,307,127,4,1,0.0,0.8
Anthony McGill,Long Zehuang,7,1420,1200,0.7732004785001367,0.6341355910108007,745,444,4949,2692,53,25,297,142,6,1,558,306,32,16,138,64,4,1,0.0,0.8
Jack Lisowski,Liam Pullen,7,1439,1115,0.86350380276547,0.6921095043017882,782,476,5071,2772,40,20,235,111,38,16,843,461,20,9,193,89,4,2,0.0,0.6666666666666666
Jak Jones,Zhang Anda,7,1412,1474,0.41590794122337116,0.46132739479349205,378,180,2397,1133,467,242,3237,1656,51,30,560,300,60,29,687,390,4,1,0.0,0.8
Duane Jones,Liam Davies,7,1219,1063,0.7029806026650167,0.5962826992967879,313,141,1854,901,33,16,197,91,0,0,292,137,0,0,171,81,4,1,0.0,0.8
Si Jiahui,Andrew Pagett,7,1456,1104,0.8826364364142812,0.7068222210935676,165,89,1069,568,335,145,2133,1001,72,43,645,348,27,11,300,116,4,2,0.0,0.6666666666666666
Aaron Hill,Mark Selby,7,1309,1565,0.1920840951325451,0.3452465393936808,113,51,653,313,1551,1061,11028,6424,32,15,447,231,160,92,1090,622,4,2,0.0,0.6666666666666666
John Higgins,Tian Pengfei,7,1555,1287,0.8186786074572162,0.6615031592029524,1859,1311,14361,8470,553,305,3615,1904,182,100,1146,658,28,13,395,194,4,1,0.0,0.8
Barry Hawkins,Xiao Guodong,7,1553,1398,0.7018040708685593,0.5956807306078472,1334,835,9145,5129,743,427,4624,2527,124,71,807,469,73,32,805,419,4,3,0.0,0.5714285714285714
Anthony Hamilton,Kyren Wilson,7,1255,1483,0.2187742115852151,0.36123682485115804,1038,588,7604,4002,1033,654,6486,3648,14,4,387,184,287,153,1179,677,4,1,0.0,0.8
David Gilbert,Oliver Lines,7,1440,1338,0.6364932182719292,0.5634067862621936,931,541,6343,3426,364,174,2177,1067,47,24,613,331,13,3,385,187,4,2,0.0,0.6666666666666666
Marco Fu,Zak Surety,7,1359,1267,0.6236008848905433,0.5572478545985555,959,560,7162,3876,241,109,1370,651,20,9,296,145,35,18,383,187,4,3,0.0,0.5714285714285714
Tom Ford,Ian Burns,7,1452,1270,0.732748880507422,0.6118273690017371,932,533,6320,3378,488,238,3058,1517,77,40,810,434,13,3,353,161,4,2,0.0,0.6666666666666666
Dylan Emery,Noppon Saengkham,7,1237,1396,0.29350342132334917,0.40191313966779657,107,47,598,288,453,236,3071,1551,16,6,324,158,62,28,687,368,4,2,0.0,0.6666666666666666
Adam Duffy,Jamie Clarke,7,1111,1317,0.24126123991548545,0.37402214223339625,426,203,2678,1325,325,162,1927,959,15,6,256,103,27,12,445,217,4,0,0.0,1.0
Graeme Dott,Wu Yize,7,1339,1336,0.5041014855971089,0.5018749912109869,1171,683,8392,4514,97,46,680,340,37,20,560,295,34,17,466,244,4,2,0.0,0.6666666666666666
Ryan Day,David Lilley,7,1346,1312,0.5463726874746992,0.5212372149662741,1298,766,8533,4645,246,123,1457,734,108,53,814,424,54,29,413,202,4,2,0.0,0.6666666666666666
Dominic Dale,Alfie Davies,7,1295,1097,0.7502408354966205,0.6212835951910678,1101,611,7604,3999,27,16,144,77,35,14,396,193,21,11,144,77,4,3,0.0,0.5714285714285714
Luca Brecel,Joe O'Connor,7,1450,1441,0.5123026114255715,0.5056247627073255,632,368,4233,2290,289,143,1790,900,34,15,745,407,118,64,598,315,4,0,0.0,1.0
Mark Allen,Ma Hailong,7,1532,1061,0.9420526291744534,0.7644979994081456,1057,701,7424,4221,23,6,147,57,87,46,916,524,12,2,147,57,4,0,0.0,1.0
Fan Zhengyi,Aaron Hill,7,1390,1309,0.6092484254460553,0.5504527113395278,174,74,1118,508,113,51,653,313,104,55,617,322,32,15,447,231,4,1,0.0,0.8
Gary Wilson,Jack Lisowski,7,1409,1439,0.4590611389260606,0.4812587841214648,714,408,4540,2438,782,476,5071,2772,116,57,748,387,38,16,843,461,4,3,0.0,0.5714285714285714
Robbie Williams,Adam Duffy,7,1407,1111,0.8422000503552975,0.676995856238523,546,293,3482,1789,426,203,2678,1325,39,19,459,250,15,6,256,103,4,2,0.0,0.6666666666666666
Ricky Walden,Neil Robertson,7,1388,1514,0.33325327584718467,0.4218947671156908,1155,682,7743,4236,1263,837,9255,5324,124,61,802,423,156,92,870,493,4,2,0.0,0.6666666666666666
Elliot Slessor,Dylan Emery,7,1401,1237,0.7123105654940886,0.6010878788483698,365,177,2214,1085,107,47,598,288,109,60,538,276,16,6,324,158,4,1,0.0,0.8
Matthew Selt,Duane Jones,7,1399,1219,0.7305169455924372,0.610639233949222,866,469,5565,2896,313,141,1854,901,61,28,812,411,0,0,292,137,4,1,0.0,0.8
Martin O'Donnell,Anthony Hamilton,7,1304,1255,0.5666587144886649,0.530586760182081,491,248,3044,1537,1038,588,7604,4002,21,9,327,159,14,4,387,184,4,2,0.0,0.6666666666666666
Robert Milkins,David Gilbert,7,1339,1440,0.3647889315421975,0.43720825986135486,1127,650,7808,4171,931,541,6343,3426,66,25,849,429,47,24,613,331,4,0,0.0,1.0
Anthony McGill,Mark Williams,7,1420,1510,0.37899585307075345,0.44398610945538003,745,444,4949,2692,1775,1164,12940,7429,6,1,558,306,45,22,827,483,4,1,0.0,0.8
Jak Jones,Hossein Vafaei,7,1412,1502,0.37899585307075345,0.44398610945538003,378,180,2397,1133,315,190,2195,1167,51,30,560,300,51,30,718,412,4,2,0.0,0.6666666666666666
John Higgins,Ryan Day,7,1555,1346,0.7618819203066071,0.6277321638605189,1859,1311,14361,8470,1298,766,8533,4645,182,100,1146,658,108,53,814,424,4,1,0.0,0.8
Marco Fu,Daniel Wells,7,1359,1419,0.4185795134993229,0.46257015465625045,959,560,7162,3876,513,257,3358,1685,20,9,296,145,37,20,435,249,4,2,0.0,0.6666666666666666
Tom Ford,Barry Hawkins,7,1452,1553,0.3647889315421975,0.43720825986135486,932,533,6320,3378,1334,835,9145,5129,77,40,810,434,124,71,807,469,4,1,0.0,0.8
Dominic Dale,Stan Moody,7,1295,1110,0.7360780864464773,0.6136070778047783,1101,611,7604,3999,42,14,239,103,35,14,396,193,14,4,203,88,4,1,0.0,0.8
Luca Brecel,Graeme Dott,7,1450,1339,0.6479578189910667,0.5689332093695465,632,368,4233,2290,1171,683,8392,4514,34,15,745,407,37,20,560,295,4,1,0.0,0.8
Mark Allen,Si Jiahui,7,1532,1456,0.6026704349193375,0.5473576181430894,1057,701,7424,4221,165,89,1069,568,87,46,916,524,72,43,645,348,4,1,0.0,0.8
Gary Wilson,Robert Milkins,7,1409,1339,0.5947357972115818,0.5436386872370789,714,408,4540,2438,1127,650,7808,4171,116,57,748,387,66,25,849,429,4,0,0.0,1.0
Elliot Slessor,Fan Zhengyi,7,1401,1390,0.5150352723345792,0.5068745667645342,365,177,2214,1085,174,74,1118,508,109,60,538,276,104,55,617,322,4,3,0.0,0.5714285714285714
Martin O'Donnell,Marco Fu,7,1304,1359,0.42527567806654565,0.4656790563306954,491,248,3044,1537,959,560,7162,3876,21,9,327,159,20,9,296,145,4,2,0.0,0.6666666666666666
Anthony McGill,Ricky Walden,7,1420,1388,0.5436568604546561,0.5199893401555818,745,444,4949,2692,1155,682,7743,4236,6,1,558,306,124,61,802,423,4,3,0.0,0.5714285714285714
John Higgins,Matthew Selt,7,1555,1399,0.7029806026650167,0.5962826992967879,1859,1311,14361,8470,866,469,5565,2896,182,100,1146,658,61,28,812,411,4,3,0.0,0.5714285714285714
Dominic Dale,Jak Jones,7,1295,1412,0.34447706088090824,0.42739193613673987,1101,611,7604,3999,378,180,2397,1133,35,14,396,193,51,30,560,300,4,0,0.0,1.0
Luca Brecel,Tom Ford,7,1450,1452,0.4972656477862734,0.49875000260416025,632,368,4233,2290,932,533,6320,3378,34,15,745,407,77,40,810,434,4,1,0.0,0.8
Mark Allen,Robbie Williams,7,1532,1407,0.6655072126279344,0.5774953651858118,1057,701,7424,4221,546,293,3482,1789,87,46,916,524,39,19,459,250,4,0,0.0,1.0
Gary Wilson,Anthony McGill,9,1409,1420,0.483086384305378,0.4931254332354657,714,408,4540,2438,745,444,4949,2692,116,57,748,387,6,1,558,306,5,0,0.0,1.0
Elliot Slessor,Dominic Dale,9,1401,1295,0.6583974652784721,0.5658650028954817,365,177,2214,1085,1101,611,7604,3999,109,60,538,276,35,14,396,193,5,3,0.0,0.625
Martin O'Donnell,Luca Brecel,9,1304,1450,0.2872693867047188,0.40974974806981657,491,248,3044,1537,632,368,4233,2290,21,9,327,159,34,15,745,407,5,3,0.0,0.625
John Higgins,Mark Allen,9,1555,1532,0.5353273068487134,0.5143710406970602,1859,1311,14361,8470,1057,701,7424,4221,182,100,1146,658,87,46,916,524,5,2,0.0,0.7142857142857143
Gary Wilson,John Higgins,11,1409,1555,0.26844922522726006,0.40974974806981657,714,408,4540,2438,1859,1311,14361,8470,116,57,748,387,182,100,1146,658,6,4,0.0,0.6
Martin O'Donnell,Elliot Slessor,11,1304,1401,0.34057998543318124,0.4396703573114467,491,248,3044,1537,365,177,2214,1085,21,9,327,159,109,60,538,276,6,5,0.0,0.5454545454545454
Gary Wilson,Martin O'Donnell,19,1409,1304,0.7186585441601923,0.5652507475670999,714,408,4540,2438,491,248,3044,1537,116,57,748,387,21,9,327,159,9,4,0.0,0.6923076923076923
Gary Wilson,Hossein Vafaei,11,1488,1504,0.4729513273017054,0.4900013331200346,721,415,4590,2474,318,192,2211,1177,166,93,798,423,67,40,734,422,6,4,0.0,0.6
Judd Trump,Chris Wakelin,11,1694,1426,0.8700081127630673,0.6615031592029524,1433,1029,9838,5948,413,222,2614,1348,179,119,1400,859,143,71,715,385,6,2,0.0,0.75
Mark Selby,Barry Hawkins,11,1555,1546,0.5152231973606849,0.5056247627073255,1553,1062,11040,6430,1337,837,9161,5138,172,98,1102,628,140,80,823,478,6,3,0.0,0.6666666666666666
Ronnie O'Sullivan,Zhou Yuelong,11,1661,1473,0.7863303004766008,0.6153837563911821,1512,1155,13051,7967,493,294,3101,1680,136,84,962,582,50,26,793,427,6,2,0.0,0.75
John Higgins,Ding Junhui,11,1571,1529,0.5706698968477705,0.5262259093720687,1865,1316,14399,8495,990,661,7593,4326,220,125,1184,683,113,60,844,474,6,4,0.0,0.6
Ali Carter,Tom Ford,11,1489,1459,0.550614462905557,0.5187412158785352,1308,806,8813,4872,936,536,6343,3391,144,78,1001,562,100,53,833,447,6,2,0.0,0.75
Zhang Anda,Noppon Saengkham,11,1460,1386,0.6230920690710587,0.5461185410457796,469,243,3247,1661,455,237,3082,1557,70,34,697,395,73,34,698,374,6,5,0.0,0.5454545454545454
Mark Allen,Mark Williams,11,1552,1492,0.6003837402395101,0.5374298453437496,1062,705,7451,4239,1778,1166,12958,7438,114,64,943,542,63,31,845,492,6,3,0.0,0.6666666666666666
Mark Selby,Ronnie O'Sullivan,11,1555,1661,0.3267519546873183,0.4341349971045183,1553,1062,11040,6430,1512,1155,13051,7967,172,98,1102,628,136,84,962,582,6,0,0.0,1.0
Ali Carter,Judd Trump,11,1489,1694,0.1935721233164976,0.37460765027944887,1308,806,8813,4872,1433,1029,9838,5948,144,78,1001,562,179,119,1400,859,6,4,0.0,0.6
Zhang Anda,John Higgins,11,1460,1571,0.319173996683754,0.43106679063045344,469,243,3247,1661,1865,1316,14399,8495,70,34,697,395,220,125,1184,683,6,4,0.0,0.6
Mark Allen,Gary Wilson,11,1552,1488,0.6069119338528444,0.5399148845555657,1062,705,7451,4239,721,415,4590,2474,114,64,943,542,166,93,798,423,6,4,0.0,0.6
Zhang Anda,Mark Selby,11,1460,1555,0.3436843223141096,0.440902528097607,469,243,3247,1661,1553,1062,11040,6430,70,34,697,395,172,98,1102,628,6,5,0.0,0.5454545454545454
Mark Allen,Ali Carter,11,1552,1489,0.6052827397248761,0.5392938058983595,1062,705,7451,4239,1308,806,8813,4872,114,64,943,542,144,78,1001,562,6,3,0.0,0.6666666666666666
Mark Allen,Zhang Anda,19,1552,1460,0.6940483969735175,0.5572478545985555,1062,705,7451,4239,469,243,3247,1661,114,64,943,542,70,34,697,395,10,8,0.0,0.5555555555555556
Ding Junhui,Omar Alajlani,7,1523,961,0.9683341721552914,0.8029761144061539,991,661,7603,4330,11,4,51,18,123,64,854,478,0,0,0,0,4,0,0.0,1.0
John Higgins,Ali Al Obaidly,7,1563,987,0.9712764369033812,0.8084546514385326,1867,1317,14419,8505,1,0,4,0,240,135,1204,693,0,0,0,0,4,0,0.0,1.0
John Higgins,Mark Williams,7,1563,1483,0.6079354159352611,0.549833997312478,1867,1317,14419,8505,1779,1166,12967,7441,240,135,1204,693,72,34,854,495,4,2,0.0,0.6666666666666666
Ali Carter,Ding Junhui,7,1512,1523,0.48496472766542054,0.4931254332354657,1311,808,8840,4887,991,661,7603,4330,171,93,1028,577,123,64,854,478,4,3,0.0,0.5714285714285714
Judd Trump,Shaun Murphy,7,1682,1481,0.7534472409879828,0.6230466603666162,1435,1030,9856,5958,1347,884,9709,5516,197,129,1418,869,77,42,749,427,4,3,0.0,0.5714285714285714
Ronnie O'Sullivan,John Higgins,7,1643,1563,0.6079354159352611,0.549833997312478,1514,1156,13065,7973,1867,1317,14419,8505,150,90,976,588,240,135,1204,693,4,0,0.0,1.0
Luca Brecel,Ali Carter,7,1465,1512,0.4360365854867152,0.47065874995421436,637,372,4262,2309,1311,808,8840,4887,63,34,774,426,171,93,1028,577,4,1,0.0,0.8
Mark Allen,Mark Selby,7,1576,1583,0.4904306643721704,0.4956251116502266,1066,709,7497,4267,1556,1064,11066,6447,160,92,989,570,198,115,1128,645,4,3,0.0,0.5714285714285714
Ronnie O'Sullivan,Judd Trump,7,1643,1682,0.44684812561516707,0.47564429123179275,1514,1156,13065,7973,1435,1030,9856,5958,150,90,976,588,197,129,1418,869,4,1,0.0,0.8
Luca Brecel,Mark Allen,7,1465,1576,0.35204218100893303,0.43106679063045344,637,372,4262,2309,1066,709,7497,4267,63,34,774,426,160,92,989,570,4,2,0.0,0.6666666666666666
Ronnie O'Sullivan,Luca Brecel,9,1643,1465,0.7528658846129856,0.6094497836283252,1514,1156,13065,7973,637,372,4262,2309,150,90,976,588,63,34,774,426,5,2,0.0,0.7142857142857143
Gary Wilson,Mark Selby,19,1492,1579,0.3156706761212045,0.44583834723635146,723,416,4610,2484,1557,1064,11073,6450,186,103,818,433,205,118,1135,648,10,8,0.0,0.5555555555555556
Mark Williams,Tom Ford,19,1478,1444,0.5744353975478363,0.5212372149662741,1780,1166,12973,7443,937,536,6351,3393,78,36,860,497,108,55,841,449,10,9,0.0,0.5263157894736842
Ali Carter,Barry Hawkins,19,1504,1534,0.4342344814976653,0.4812587841214648,1313,809,8852,4892,1338,837,9170,5141,183,98,1040,582,149,83,832,481,10,8,0.0,0.5555555555555556
Mark Allen,John Higgins,19,1569,1559,0.5220131658921434,0.5062496744995104,1068,710,7510,4273,1870,1319,14433,8513,173,98,1002,576,254,143,1218,701,10,7,0.0,0.5882352941176471
Gary Wilson,Zhang Anda,19,1492,1485,0.515413308375196,0.5043748883497735,723,416,4610,2484,473,246,3297,1687,186,103,818,433,120,60,747,421,10,8,0.0,0.5555555555555556
Mark Williams,Judd Trump,19,1478,1666,0.1507447566606252,0.38461624360881785,1780,1166,12973,7443,1437,1031,9868,5963,78,36,860,497,209,134,1430,874,10,4,0.0,0.7142857142857143
Ronnie O'Sullivan,Ali Carter,19,1677,1504,0.8293131770779737,0.6064704870683034,1517,1159,13081,7986,1313,809,8852,4892,166,103,992,601,183,98,1040,582,10,2,0.0,0.8333333333333334
Mark Allen,Ding Junhui,19,1569,1524,0.5980757032414309,0.528095374408387,1068,710,7510,4273,993,662,7614,4337,173,98,1002,576,134,71,865,485,10,8,0.0,0.5555555555555556
Mark Williams,Mark Allen,19,1478,1569,0.3078845450726687,0.44336904007774663,1780,1166,12973,7443,1068,710,7510,4273,78,36,860,497,173,98,1002,576,10,5,0.0,0.6666666666666666
Ronnie O'Sullivan,Gary Wilson,19,1677,1492,0.8453994773467999,0.6136070778047783,1517,1159,13081,7986,723,416,4610,2484,166,103,992,601,186,103,818,433,10,7,0.0,0.5882352941176471
Mark Williams,Ronnie O'Sullivan,19,1478,1677,0.13717176187708624,0.3781283576925339,1780,1166,12973,7443,1517,1159,13081,7986,78,36,860,497,166,103,992,601,10,5,0.0,0.6666666666666666
Xing Zihao,Michael Holt,19,1097,1290,0.14446542816451596,0.38166196066971714,22,8,126,55,1004,568,6975,3684,26,11,126,55,0,0,263,138,10,6,0.0,0.625
Long Zehuang,Sydney Wilson,19,1202,1127,0.6604743044855522,0.5467381519846138,55,26,307,147,238,95,1367,624,42,21,148,69,14,5,130,68,10,1,0.0,0.9090909090909091
Gao Yang,Ishpreet Singh Chadha,19,1143,1189,0.3997919035904296,0.4712816430485603,62,24,351,157,33,18,185,101,0,0,172,87,42,20,185,101,10,6,0.0,0.625
Alexander Ursenbacher,Iulian Boiko,19,1297,1200,0.7036293713965621,0.5603296426885532,272,124,1639,783,90,33,500,215,24,10,311,150,23,13,266,138,10,0,0.0,1.0
Allan Taylor,Vladislav Gradinari,19,1208,1022,0.84669209107247,0.6141996427768951,434,197,2540,1209,8,5,28,17,28,12,318,132,0,0,28,17,10,6,0.0,0.625
Mohammed Shehab,Stan Moody,19,1211,1121,0.69017703192233,0.5560138905446199,74,31,548,263,45,16,257,112,0,0,0,0,32,13,221,97,10,6,0.0,0.625
Bulcsú Révész,Sean O'Sullivan,19,1007,1097,0.30982296807766957,0.44398610945538003,8,3,51,23,282,105,1759,772,0,0,51,23,25,10,259,100,10,8,0.0,0.5555555555555556
Liam Pullen,Anton Kazakov,19,1126,941,0.8453994773467999,0.6136070778047783,42,21,245,117,37,4,213,62,30,15,203,95,17,3,191,53,10,3,0.0,0.7692307692307693
Haydon Pinhey,Hammad Miah,19,1106,1240,0.23023153450477252,0.4170245457988005,99,44,516,241,281,113,1795,813,27,10,253,121,20,6,346,159,10,2,0.0,0.8333333333333334
Andres Petrov,Ahmed Aly Elsayed,19,1013,923,0.69017703192233,0.5560138905446199,63,20,373,146,14,0,66,10,15,1,236,80,19,5,66,10,10,1,0.0,0.9090909090909091
Yisong Peng,Manasawin Phetmalaikul,19,1041,1011,0.5657655185023343,0.5187412158785352,41,11,244,90,50,17,276,114,24,6,244,90,20,6,131,54,10,5,0.0,0.6666666666666666
Andrew Pagett,Andy Lee,19,1110,1085,0.5548828831088584,0.5156199157230156,337,146,2145,1007,198,84,1188,534,39,17,312,122,19,5,288,120,10,9,0.0,0.5263157894736842
Ross Muir,Cheung Ka Wai,19,1212,1132,0.6705013585950822,0.549833997312478,281,111,1763,809,20,15,106,70,23,7,358,167,0,0,106,70,10,9,0.0,0.5263157894736842
Peter Lines,Mohamed Ibrahim,19,1245,947,0.9481282042822395,0.6780882495516275,913,472,6421,3283,32,5,197,61,0,0,218,98,17,3,163,52,10,6,0.0,0.625
Rod Lawler,Gong Chenzhi,19,1163,1063,0.7093094464382455,0.5621765008857981,937,481,6852,3476,14,8,96,51,17,3,247,109,9,4,96,51,10,7,0.0,0.5882352941176471
Jenson Kendrick,Yulu Bai,19,1009,1005,0.5088091185026075,0.5024999791668749,70,22,391,153,8,3,53,21,26,9,249,93,0,0,53,21,10,7,0.0,0.5882352941176471
Jiang Jun,Amir Sarkhosh,19,1080,1092,0.47359025054999443,0.4925005624493796,20,6,115,50,28,13,171,89,22,8,115,50,0,0,46,24,10,6,0.0,0.625
Andrew Higginson,Duane Jones,19,1293,1229,0.6380092490619715,0.5399148845555657,872,501,6045,3275,316,143,1870,910,31,15,375,204,16,9,308,146,10,7,0.0,0.5882352941176471
Louis Heathcote,Oliver Sykes,19,1278,1040,0.9039784312417808,0.6445115537062945,190,86,1062,517,9,4,46,23,33,18,381,183,0,0,41,22,10,4,0.0,0.7142857142857143
Ma Hailong,Victor Sarkis,19,1066,897,0.8237151401553927,0.6040813228693781,25,7,157,61,26,2,135,29,22,6,157,61,17,3,135,29,10,1,0.0,0.9090909090909091
Marco Fu,Siripaporn Nuanthakhamjan,19,1374,908,0.9938924386191705,0.7622400534271092,963,563,7186,3890,14,0,83,16,44,23,320,159,15,1,83,16,10,1,0.0,0.9090909090909091
Adam Duffy,Mink Nutcharut,19,1154,968,0.84669209107247,0.6141996427768951,429,205,2692,1335,37,3,211,61,29,16,270,113,17,3,210,61,10,5,0.0,0.6666666666666666
Mostafa Dorgham,Fergal O'Brien,19,991,1194,0.13245490506923827,0.3757797665027358,13,1,77,19,1029,561,7499,3895,21,7,67,19,5,1,248,112,10,8,0.0,0.5555555555555556
Liam Davies,Ryan Thomerson,19,1089,975,0.7351027117757327,0.5707716118944918,36,18,210,100,68,16,404,149,13,9,184,90,20,6,201,65,10,3,0.0,0.7692307692307693
Thor Chuan Leong,Hamza Ilyas,19,1202,1000,0.8663767577963528,0.623633628298226,174,62,1075,470,0,0,0,0,21,7,162,84,0,0,0,0,10,2,0.0,0.8333333333333334
Ashley Carty,Liam Graham,19,1276,993,0.939035438800792,0.6698485160570237,268,125,1562,764,43,13,234,92,28,12,275,133,20,6,155,52,10,4,0.0,0.7142857142857143
Stuart Carrington,Himanshu Jain,19,1271,943,0.9630045963281939,0.6942363401080305,507,270,3183,1655,34,6,181,54,38,18,371,179,21,7,181,54,10,5,0.0,0.6666666666666666
Ian Burns,Dean Young,19,1275,1073,0.8663767577963528,0.623633628298226,490,239,3070,1523,98,38,499,209,25,9,365,167,13,3,284,114,10,1,0.0,0.9090909090909091
Alfie Burden,Rebecca Kenna,19,1224,808,0.9877257690583995,0.7388500060842489,800,415,5671,2877,39,3,196,37,24,10,349,160,17,3,144,19,10,1,0.0,0.9090909090909091
Oliver Brown,Reanne Evans,19,1133,957,0.8334343127725208,0.6082590307465143,273,120,1469,689,209,61,1178,455,35,17,238,91,22,8,227,68,10,0,0.0,1.0
Michael White,Andrew Higginson,19,1327,1293,0.5744353975478363,0.5212372149662741,694,381,4480,2331,872,501,6045,3275,31,15,491,260,31,15,375,204,10,8,0.0,0.5555555555555556
Daniel Wells,Xing Zihao,19,1423,1097,0.9621382579262154,0.6931739493259501,516,259,3375,1695,22,8,126,55,54,30,452,259,26,11,126,55,10,5,0.0,0.6666666666666666
Zak Surety,Gao Yang,19,1274,1143,0.7647400134102841,0.5811509642893937,243,110,1383,658,62,24,351,157,48,25,396,194,0,0,172,87,10,6,0.0,0.625
Jimmy Robertson,Liam Davies,19,1349,1089,0.9226625720973142,0.6570104626734988,734,402,4763,2484,36,18,210,100,47,18,616,325,13,9,184,90,10,2,0.0,0.8333333333333334
Tian Pengfei,Mohammed Shehab,19,1295,1211,0.6784339153176889,0.5523079095743253,555,306,3624,1909,74,31,548,263,37,18,404,199,0,0,0,0,10,8,0.0,0.5555555555555556
Ben Mertens,Rod Lawler,19,1254,1163,0.6921154549273313,0.5566309599222533,92,43,541,273,937,481,6852,3476,35,18,370,191,17,3,247,109,10,9,0.0,0.5263157894736842
David Lilley,Yisong Peng,19,1314,1041,0.9322936690578779,0.6642964428999887,248,124,1467,740,41,11,244,90,64,35,423,208,24,6,244,90,10,9,0.0,0.5263157894736842
Julien Leclercq,Haydon Pinhey,19,1204,1106,0.7055285216538715,0.5609454503247162,64,30,340,163,99,44,516,241,47,24,265,125,27,10,253,121,10,3,0.0,0.7692307692307693
Sanderson Lam,Liam Pullen,19,1271,1126,0.7876697919718141,0.5896454785627312,268,107,1606,711,42,21,245,117,33,15,444,215,30,15,203,95,10,8,0.0,0.5555555555555556
Lukas Kleckers,Allan Taylor,19,1246,1208,0.5830685315489563,0.523732154126561,220,91,1256,561,434,197,2540,1209,27,11,442,215,28,12,318,132,10,9,0.0,0.5263157894736842
Jenson Kendrick,Ben Woollaston,19,1009,1376,0.023152260415716396,0.28546756026460457,70,22,391,153,820,461,5175,2744,26,9,249,93,46,23,467,238,10,8,0.0,0.5555555555555556
Jiang Jun,Fan Zhengyi,19,1080,1406,0.037861742073784496,0.3068260506740499,20,6,115,50,178,77,1142,523,22,8,115,50,128,70,641,337,10,8,0.0,0.5555555555555556
Ashley Hugill,Adam Duffy,19,1307,1154,0.8001493313174697,0.5944759307482401,246,107,1472,699,429,205,2692,1335,33,18,449,218,29,16,270,113,10,4,0.0,0.7142857142857143
Liu Hongyu,Jimmy White,19,1269,1134,0.7714308238816987,0.5835831155172753,36,20,208,116,1567,840,13025,6727,33,18,208,116,17,3,316,125,10,3,0.0,0.7692307692307693
Aaron Hill,Daniel Womersley,19,1323,1100,0.8894094439320752,0.6358738914270539,116,53,668,322,95,46,465,226,47,24,462,240,0,0,94,49,10,3,0.0,0.7692307692307693
Andy Hicks,Long Zehuang,19,1194,1202,0.48238616621463076,0.4950001666600003,756,394,5777,2944,55,26,307,147,20,6,323,140,42,21,148,69,10,2,0.0,0.8333333333333334
Louis Heathcote,Oliver Lines,19,1278,1337,0.3723714289375182,0.46319171001101955,190,86,1062,517,366,175,2190,1073,33,18,381,183,26,9,398,193,10,7,0.0,0.5882352941176471
Anthony Hamilton,Alexander Ursenbacher,19,1277,1297,0.45604232877637757,0.4875026035157896,1041,590,7619,4012,272,124,1639,783,29,14,402,194,24,10,311,150,10,7,0.0,0.5882352941176471
Ma Hailong,Martin O'Donnell,19,1066,1341,0.06631270424347882,0.334589441253186,25,7,157,61,498,254,3100,1568,22,6,157,61,77,40,383,190,10,7,0.0,0.5882352941176471
He Guoqiang,Ross Muir,19,1229,1212,0.5373855945320491,0.5106234010049637,53,30,322,163,281,111,1763,809,49,24,239,131,23,7,358,167,10,8,0.0,0.5555555555555556
David Grace,Thor Chuan Leong,19,1247,1202,0.5980757032414309,0.528095374408387,474,220,3089,1496,174,62,1075,470,24,12,400,190,21,7,162,84,10,8,0.0,0.5555555555555556
Marco Fu,Ken Doherty,19,1374,1210,0.8165520476411742,0.6010878788483698,963,563,7186,3890,1283,743,10091,5436,44,23,320,159,22,8,355,152,10,6,0.0,0.625
Graeme Dott,Mostafa Dorgham,19,1344,991,0.9725019901502394,0.707340014518073,1174,685,8410,4523,13,1,77,19,55,29,578,304,21,7,67,19,10,5,0.0,0.6666666666666666
Scott Donaldson,Peter Lines,19,1340,1245,0.699813900238323,0.559097471902393,480,254,3068,1558,913,472,6421,3283,29,11,526,267,0,0,218,98,10,6,0.0,0.625
Mark Davis,Andrew Pagett,19,1356,1110,0.9111322563753673,0.6490805242445733,1306,776,8956,4866,337,146,2145,1007,34,17,416,202,39,17,312,122,10,2,0.0,0.8333333333333334
Jamie Clarke,Andres Petrov,19,1300,1013,0.9415768785968437,0.6720562626502714,327,163,1938,963,63,20,373,146,38,16,456,221,15,1,236,80,10,7,0.0,0.5882352941176471
Stuart Carrington,Liam Highfield,19,1271,1241,0.5657655185023343,0.5187412158785352,507,270,3183,1655,509,265,3390,1747,38,18,371,179,20,6,355,161,10,9,0.0,0.5263157894736842
James Cahill,Bulcsú Révész,19,1275,1007,0.9287081179705448,0.6615031592029524,323,134,2003,934,8,3,51,23,23,9,401,195,0,0,51,23,10,8,0.0,0.5555555555555556
Ian Burns,Mark Joyce,19,1275,1267,0.5176138337853691,0.5049998333399998,490,239,3070,1523,625,319,4334,2173,25,9,365,167,27,12,351,169,10,7,0.0,0.5882352941176471
Alfie Burden,Xu Si,19,1224,1362,0.22362378147160109,0.4145954308705349,800,415,5671,2877,190,79,1202,553,24,10,349,160,53,30,413,206,10,3,0.0,0.7692307692307693
Oliver Brown,Dylan Emery,19,1133,1252,0.2559828260578688,0.42616874240839064,273,120,1469,689,110,49,614,297,35,17,238,91,32,15,340,167,10,8,0.0,0.5555555555555556
John Astley,Ashley Carty,19,1228,1276,0.39553635829091166,0.4700359482354282,349,156,2157,1016,268,125,1562,764,15,6,383,179,28,12,275,133,10,6,0.0,0.625
Cao Yupeng,Ma Hailong,19,1425,1066,0.9744431991462356,0.7104354810428751,369,196,2441,1261,25,7,157,61,60,30,486,262,22,6,157,61,10,4,0.0,0.7142857142857143
Zhou Yuelong,James Cahill,19,1464,1275,0.8505257904401684,0.6159753019181258,494,294,3109,1682,323,134,2003,934,58,28,801,429,23,9,401,195,10,0,0.0,1.0
Wu Yize,Tian Pengfei,19,1335,1295,0.5873700253670554,0.52497918747894,99,47,691,346,555,306,3624,1909,45,23,477,250,37,18,404,199,10,8,0.0,0.5555555555555556
Robbie Williams,Anthony Hamilton,19,1414,1277,0.7747347212854907,0.584797674717737,550,296,3502,1801,1041,590,7619,4012,59,31,479,262,29,14,402,194,10,5,0.0,0.6666666666666666
Ricky Walden,Ian Burns,19,1403,1275,0.7596499792629583,0.5793242521487495,1159,685,7769,4251,490,239,3070,1523,150,76,828,438,25,9,365,167,10,7,0.0,0.5882352941176471
Chris Wakelin,Lukas Kleckers,19,1420,1246,0.8306942630913418,0.6070669880717036,414,222,2622,1350,220,91,1256,561,151,73,723,387,27,11,442,215,10,5,0.0,0.6666666666666666
Hossein Vafaei,Marco Fu,19,1495,1374,0.7475375205969886,0.5750535485557879,319,192,2221,1181,963,563,7186,3890,77,44,744,426,44,23,320,159,10,4,0.0,0.7142857142857143
Matthew Stevens,Jimmy Robertson,19,1378,1349,0.5635927970506078,0.5181170650431814,1121,646,8475,4595,734,402,4763,2484,51,26,518,277,47,18,616,325,10,6,0.0,0.625
Yuan Sijun,Michael White,19,1456,1327,0.7613534600725305,0.5799334001885058,261,136,1648,851,694,381,4480,2331,63,35,550,315,31,15,491,260,10,8,0.0,0.5555555555555556
Matthew Selt,Aaron Hill,19,1420,1323,0.7036293713965621,0.5603296426885532,870,472,5589,2911,116,53,668,322,85,43,836,426,47,24,462,240,10,4,0.0,0.7142857142857143
Noppon Saengkham,Andy Hicks,19,1386,1194,0.8542933759894712,0.617747874769249,456,237,3093,1562,756,394,5777,2944,84,39,709,379,20,6,323,140,10,5,0.0,0.6666666666666666
Neil Robertson,Zak Surety,19,1505,1274,0.8973700515813677,0.6404919537233386,1266,839,9273,5334,243,110,1383,658,174,102,888,503,48,25,396,194,10,2,0.0,0.8333333333333334
Jackson Page,Graeme Dott,19,1360,1344,0.5351924827231884,0.5099986668799655,188,93,1199,594,1174,685,8410,4523,59,31,493,255,55,29,578,304,10,5,0.0,0.6666666666666666
Joe O'Connor,Julien Leclercq,19,1426,1204,0.8883832943659045,0.6352948493228071,291,144,1801,904,64,30,340,163,129,68,609,319,47,24,265,125,10,1,0.0,0.9090909090909091
Stephen Maguire,Ashley Hugill,19,1416,1307,0.7260291346094357,0.5677065480733601,1193,771,8677,4875,246,107,1472,699,51,27,546,290,33,18,449,218,10,7,0.0,0.5882352941176471
Jack Lisowski,Liu Hongyu,19,1432,1269,0.815097404602695,0.6004882745269664,785,478,5090,2783,36,20,208,116,57,27,862,472,33,18,208,116,10,4,0.0,0.7142857142857143
Jenson Kendrick,Jordan Brown,19,1009,1320,0.044914101457255134,0.31485894324970715,70,22,391,153,332,171,2036,1018,26,9,249,93,82,38,700,356,10,5,0.0,0.6666666666666666
Pang Junxu,Oliver Brown,19,1404,1133,0.9308769566787983,0.6631804950993565,165,88,1016,523,273,120,1469,689,97,50,633,339,35,17,238,91,10,7,0.0,0.5882352941176471
Jiang Jun,Sam Craigie,19,1080,1392,0.04441238506412696,0.31431988606174616,20,6,115,50,359,190,2117,1105,22,8,115,50,107,55,488,252,10,8,0.0,0.5555555555555556
Jak Jones,Jamie Clarke,19,1417,1300,0.7404707402341056,0.5726080638632601,382,183,2419,1145,327,163,1938,963,73,42,582,312,38,16,456,221,10,6,0.0,0.625
Jamie Jones,Alfie Burden,19,1323,1224,0.7074218935077607,0.5615610703361955,664,392,4338,2337,800,415,5671,2877,33,15,581,299,24,10,349,160,10,5,0.0,0.6666666666666666
Si Jiahui,Ben Mertens,19,1451,1254,0.8604262042121724,0.6206951913643555,168,91,1086,577,92,43,541,273,89,52,662,357,35,18,370,191,10,9,0.0,0.5263157894736842
Louis Heathcote,Elliot Slessor,19,1278,1423,0.21233020802818592,0.4103545214372688,190,86,1062,517,370,181,2250,1107,33,18,381,183,145,82,574,298,10,8,0.0,0.5555555555555556
Lyu Haotian,Daniel Wells,19,1435,1423,0.526409749450005,0.5074994375506203,331,168,2137,1068,516,259,3375,1695,50,23,604,331,54,30,452,259,10,8,0.0,0.5555555555555556
He Guoqiang,Anthony McGill,19,1229,1427,0.13836913726207842,0.37871640480893215,53,30,322,163,750,448,4976,2708,49,24,239,131,33,17,585,322,10,5,0.0,0.6666666666666666
Xiao Guodong,Sanderson Lam,19,1401,1271,0.7630501462374265,0.5805423048206596,745,428,4638,2534,268,107,1606,711,87,39,819,426,33,15,444,215,10,2,0.0,0.8333333333333334
David Gilbert,David Lilley,19,1439,1314,0.7544990204324116,0.5774953651858118,934,543,6357,3434,248,124,1467,740,61,32,627,339,64,35,423,208,10,4,0.0,0.7142857142857143
Scott Donaldson,Joe Perry,19,1340,1333,0.515413308375196,0.5043748883497735,480,254,3068,1558,1381,803,9475,5116,29,11,526,267,71,34,651,327,10,6,0.0,0.625
Ryan Day,John Astley,19,1338,1228,0.7278563807185946,0.5683199834782481,1301,768,8551,4654,349,156,2157,1016,126,62,832,433,15,6,383,179,10,6,0.0,0.625
Mark Davis,Thepchaiya Un-Nooh,19,1356,1456,0.2906905535617543,0.43782349911420193,1306,776,8956,4866,553,322,3821,2038,34,17,416,202,50,26,568,310,10,8,0.0,0.5555555555555556
Dominic Dale,David Grace,19,1323,1247,0.6624893479831276,0.5473576181430894,1106,615,7633,4018,474,220,3089,1496,64,33,425,212,24,12,400,190,10,6,0.0,0.625
Stuart Bingham,Stuart Carrington,19,1425,1271,0.8016768627203623,0.595078473866134,1491,939,10260,5815,507,270,3183,1655,78,37,772,407,38,18,371,179,10,9,0.0,0.5263157894736842
Robbie Williams,Chris Wakelin,19,1414,1420,0.48678769843889735,0.496250070310918,550,296,3502,1801,414,222,2622,1350,59,31,479,262,151,73,723,387,10,9,0.0,0.5263157894736842
Ricky Walden,Mark Davis,19,1403,1356,0.6023374298423277,0.5293412500457856,1159,685,7769,4251,1306,776,8956,4866,150,76,828,438,34,17,416,202,10,9,0.0,0.5263157894736842
Hossein Vafaei,Jiang Jun,19,1495,1080,0.9875595940584356,0.7383673414380187,319,192,2221,1181,20,6,115,50,77,44,744,426,22,8,115,50,10,5,0.0,0.6666666666666666
Jackson Page,Noppon Saengkham,19,1360,1386,0.4429369168443905,0.48375571893792757,188,93,1199,594,456,237,3093,1562,59,31,493,255,84,39,709,379,10,9,0.0,0.5263157894736842
Joe O'Connor,Matthew Selt,19,1426,1420,0.5132123015611022,0.5037499296890819,291,144,1801,904,870,472,5589,2911,129,68,609,319,85,43,836,426,10,8,0.0,0.5555555555555556
Stephen Maguire,Yuan Sijun,19,1416,1456,0.41262997463294454,0.47502081252106,1193,771,8677,4875,261,136,1648,851,51,27,546,290,63,35,550,315,10,6,0.0,0.625
Jack Lisowski,Matthew Stevens,19,1432,1378,0.6171519353184178,0.5336988354329009,785,478,5090,2783,1121,646,8475,4595,57,27,862,472,51,26,518,277,10,3,0.0,0.7692307692307693
Pang Junxu,Cao Yupeng,19,1404,1425,0.4538542817529765,0.4868780138177567,165,88,1016,523,369,196,2441,1261,97,50,633,339,60,30,486,262,10,8,0.0,0.5555555555555556
Jamie Jones,Neil Robertson,19,1323,1505,0.15852255640442833,0.3881726309982629,664,392,4338,2337,1266,839,9273,5334,33,15,581,299,174,102,888,503,10,9,0.0,0.5263157894736842
Jak Jones,Zhou Yuelong,19,1417,1464,0.3976625701576724,0.47065874995421436,382,183,2419,1145,494,294,3109,1682,73,42,582,312,58,28,801,429,10,4,0.0,0.7142857142857143
Si Jiahui,Wu Yize,19,1451,1335,0.7386878165508025,0.5719961329315186,168,91,1086,577,99,47,691,346,89,52,662,357,45,23,477,250,10,4,0.0,0.7142857142857143
Lyu Haotian,Jenson Kendrick,19,1435,1009,0.9892821932239134,0.7436448917562621,331,168,2137,1068,70,22,391,153,50,23,604,331,26,9,249,93,10,7,0.0,0.5882352941176471
David Gilbert,Xiao Guodong,19,1439,1401,0.5830685315489563,0.523732154126561,934,543,6357,3434,745,428,4638,2534,61,32,627,339,87,39,819,426,10,6,0.0,0.625
Ryan Day,Scott Donaldson,19,1338,1340,0.49559516546747145,0.49875000260416025,1301,768,8551,4654,480,254,3068,1558,126,62,832,433,29,11,526,267,10,9,0.0,0.5263157894736842
Dominic Dale,He Guoqiang,19,1323,1229,0.6978976628571024,0.5584811124381613,1106,615,7633,4018,53,30,322,163,64,33,425,212,49,24,239,131,10,8,0.0,0.5555555555555556
Stuart Bingham,Louis Heathcote,19,1425,1278,0.7908327003294819,0.5908547524545943,1491,939,10260,5815,190,86,1062,517,78,37,772,407,33,18,381,183,10,8,0.0,0.5555555555555556
Kyren Wilson,Dominic Dale,19,1463,1323,0.7796382096421529,0.5866175789173301,1035,655,6498,3653,1106,615,7633,4018,299,158,1191,682,64,33,425,212,10,1,0.0,0.9090909090909091
Judd Trump,Hossein Vafaei,19,1629,1495,0.7697684654952277,0.5829754542011996,1438,1031,9882,5967,319,192,2221,1181,223,138,1444,878,77,44,744,426,10,5,0.0,0.6666666666666666
Ronnie O'Sullivan,Jackson Page,19,1665,1360,0.9519765784898622,0.6818962645895934,1520,1161,13125,8011,188,93,1199,594,210,128,1036,626,59,31,493,255,10,1,0.0,0.9090909090909091
Joe O'Connor,Mark Selby,19,1426,1563,0.2252652787145093,0.415202325282263,291,144,1801,904,1558,1064,11091,6458,129,68,609,319,223,126,1153,656,10,6,0.0,0.625
Shaun Murphy,Lyu Haotian,19,1484,1435,0.6065866704738739,0.530586760182081,1348,884,9716,5519,331,168,2137,1068,84,45,756,430,50,23,604,331,10,5,0.0,0.6666666666666666
Robert Milkins,Pang Junxu,19,1355,1404,0.3934133295261261,0.469413239817919,1131,653,7828,4183,165,88,1016,523,86,37,869,441,97,50,633,339,10,9,0.0,0.5263157894736842
Stephen Maguire,Ali Carter,19,1416,1493,0.3355003742442319,0.4520230623632036,1193,771,8677,4875,1315,810,8882,4904,51,27,546,290,213,110,1070,594,10,7,0.0,0.5882352941176471
Jack Lisowski,Ding Junhui,19,1432,1521,0.311766827607464,0.44460335167941084,785,478,5090,2783,994,662,7632,4345,57,27,862,472,152,79,883,493,10,9,0.0,0.5263157894736842
Jak Jones,Zhang Anda,19,1417,1479,0.3661310472723167,0.46132739479349205,382,183,2419,1145,474,246,3315,1695,73,42,582,312,138,68,765,429,10,4,0.0,0.7142857142857143
Si Jiahui,Mark Williams,19,1451,1572,0.25246247940301103,0.424946451444212,168,91,1086,577,1784,1170,13036,7483,89,52,662,357,141,76,923,537,10,9,0.0,0.5263157894736842
John Higgins,Jamie Jones,19,1548,1323,0.8914409177131178,0.6370307944803831,1871,1319,14450,8520,664,392,4338,2337,271,150,1235,708,33,15,581,299,10,6,0.0,0.625
David Gilbert,Luca Brecel,19,1439,1483,0.4040596875423571,0.47252769565540637,934,543,6357,3434,640,374,4280,2319,61,32,627,339,81,44,792,436,10,9,0.0,0.5263157894736842
Tom Ford,Ricky Walden,19,1443,1403,0.5873700253670554,0.52497918747894,938,536,6370,3402,1159,685,7769,4251,127,64,860,458,150,76,828,438,10,6,0.0,0.625
Ryan Day,Barry Hawkins,19,1338,1523,0.15460052265320023,0.3863929221952217,1301,768,8551,4654,1339,837,9188,5149,126,62,832,433,167,91,850,489,10,8,0.0,0.5555555555555556
Stuart Bingham,Gary Wilson,19,1425,1517,0.30595160302648217,0.44275214540144436,1491,939,10260,5815,726,418,4663,2511,78,37,772,407,239,130,871,460,10,5,0.0,0.6666666666666666
Mark Allen,Robbie Williams,19,1558,1414,0.7860776492125148,0.5890404340586651,1071,712,7560,4298,550,296,3502,1801,223,123,1052,601,59,31,479,262,10,6,0.0,0.625
Kyren Wilson,Joe O'Connor,25,1463,1426,0.5923259433803353,0.523108525489089,1035,655,6498,3653,291,144,1801,904,299,158,1191,682,129,68,609,319,13,6,0.0,0.6842105263157895
Judd Trump,Tom Ford,25,1629,1443,0.8787992680129897,0.6141996427768951,1438,1031,9882,5967,938,536,6370,3402,223,138,1444,878,127,64,860,458,13,7,0.0,0.65
Ronnie O'Sullivan,Ryan Day,25,1665,1338,0.9791672877572647,0.6937054019553982,1520,1161,13125,8011,1301,768,8551,4654,210,128,1036,626,126,62,832,433,13,7,0.0,0.65
Stephen Maguire,Shaun Murphy,25,1416,1484,0.33395627495101393,0.45760205922564895,1193,771,8677,4875,1348,884,9716,5519,51,27,546,290,84,45,756,430,13,9,0.0,0.5909090909090909
Jak Jones,Si Jiahui,25,1417,1451,0.4150383838656477,0.4787627850337259,382,183,2419,1145,168,91,1086,577,73,42,582,312,89,52,662,357,13,9,0.0,0.5909090909090909
John Higgins,Mark Allen,25,1548,1558,0.47483262601497844,0.49375032550048964,1871,1319,14450,8520,1071,712,7560,4298,271,150,1235,708,223,123,1052,601,13,12,0.0,0.52
David Gilbert,Robert Milkins,25,1439,1355,0.7018725131896265,0.5523079095743253,934,543,6357,3434,1131,653,7828,4183,61,32,627,339,86,37,869,441,13,4,0.0,0.7647058823529411
Stuart Bingham,Jack Lisowski,25,1425,1432,0.48237675633078403,0.4956251116502266,1491,939,10260,5815,785,478,5090,2783,78,37,772,407,57,27,862,472,13,11,0.0,0.5416666666666666
Kyren Wilson,John Higgins,25,1463,1548,0.2959484746405606,0.4470740118670941,1035,655,6498,3653,1871,1319,14450,8520,299,158,1191,682,271,150,1235,708,13,8,0.0,0.6190476190476191
Jak Jones,Judd Trump,25,1417,1629,0.09164753040514419,0.3705168880326052,382,183,2419,1145,1438,1031,9882,5967,73,42,582,312,223,138,1444,878,13,9,0.0,0.5909090909090909
David Gilbert,Stephen Maguire,25,1439,1416,0.5577173682063511,0.5143710406970602,934,543,6357,3434,1193,771,8677,4875,61,32,627,339,51,27,546,290,13,8,0.0,0.6190476190476191
Stuart Bingham,Ronnie O'Sullivan,25,1425,1665,0.06628533442387975,0.35434369377420455,1491,939,10260,5815,1520,1161,13125,8011,78,37,772,407,210,128,1036,626,13,10,0.0,0.5652173913043478
Kyren Wilson,David Gilbert,33,1463,1439,0.568923560986763,0.51499550161941,1035,655,6498,3653,934,543,6357,3434,299,158,1191,682,61,32,627,339,17,11,0.0,0.6071428571428571
Jak Jones,Stuart Bingham,33,1417,1425,0.4769213393922486,0.4950001666600003,382,183,2419,1145,1491,939,10260,5815,73,42,582,312,78,37,772,407,17,12,0.0,0.5862068965517241
Kyren Wilson,Jak Jones,35,1463,1417,0.6340198671379085,0.5287183569514396,1035,655,6498,3653,382,183,2419,1145,299,158,1191,682,73,42,582,312,18,14,0.0,0.5625
Artemijs Zizins,Nigel Clarke,7,1000,942,0.578744911388209,0.5361866202317948,0,0,0,0,5,0,25,5,0,0,0,0,0,0,25,5,4,0,0.0,1.0
Wang Yuchen,Paul Schopf,7,1130,985,0.6899164671577602,0.5896454785627312,88,30,552,230,5,1,29,12,0,0,84,51,0,0,0,0,4,0,0.0,1.0
Matt Williams,Brandon Sargeant,7,971,1097,0.33325327584718467,0.4218947671156908,48,20,258,116,140,55,783,354,0,0,0,0,0,0,48,26,4,3,0.0,0.5714285714285714
Stuart Watson,Jai Platts,7,907,1000,0.37510296628937845,0.4421354272792655,64,16,352,133,0,0,0,0,0,0,46,17,0,0,0,0,4,0,0.0,1.0
Mark Vincent,Scott Bell,7,841,932,0.3776967488123118,0.44336904007774663,70,20,352,129,19,5,100,36,0,0,40,15,0,0,38,14,4,2,0.0,0.6666666666666666
Oliver Sykes,Jake Crofts,7,1032,982,0.5680051367615364,0.5312093733737563,10,4,60,27,5,1,30,10,14,4,55,26,0,0,30,10,4,0,0.0,1.0
Lee Stephens,Bradley Jones,7,928,1183,0.19299940476105965,0.3458118862387571,23,5,129,49,352,201,2796,1478,0,0,42,14,0,0,0,0,4,1,0.0,0.8
Luke Simmonds,Ross Jones,7,1154,947,0.7597891374076362,0.6265629971237182,177,92,1112,574,5,0,24,4,0,0,78,35,0,0,0,0,4,0,0.0,1.0
James Silverwood,Jay Bullen,7,953,971,0.47540722540195457,0.4887518980531451,102,32,536,217,4,0,23,7,0,0,47,22,0,0,0,0,4,3,0.0,0.5714285714285714
Martin Shepherdson,Phillip Owen Blackburn,7,1000,1000,0.5,0.5,0,0,0,0,0,0,0,0,0,0,0,0,0,0,0,0,4,2,0.0,0.6666666666666666
Chae Ross,Kuldesh Johal,7,1050,1099,0.433341285511335,0.469413239817919,36,18,199,102,278,151,1696,892,0,0,55,30,0,0,57,25,4,2,0.0,0.6666666666666666
Adrian Rosa,Gary Skipworth,7,1150,969,0.7316341543771714,0.6112334666758695,300,165,2282,1173,14,4,111,51,0,0,0,0,0,0,0,0,4,1,0.0,0.8
Matthew Roberts,Matthew Day,7,912,1105,0.25515512793785655,0.38166196066971714,27,8,144,56,155,75,836,412,0,0,32,12,0,0,0,0,4,0,0.0,1.0
George Pragnell (II),Matthew Glasby,7,1052,1010,0.557211603425229,0.5262259093720687,20,11,123,63,84,38,444,205,0,0,89,47,0,0,68,34,4,3,0.0,0.5714285714285714
Riley Powell,Callum Downing,7,956,1085,0.32954639777958084,0.4200665998114943,8,2,29,7,45,23,248,126,4,0,29,7,0,0,0,0,4,3,0.0,0.5714285714285714
Evan Plummer (II),Danny Brindle,7,980,846,0.6765921632853334,0.5829754542011996,2,0,11,3,34,7,185,60,0,0,11,3,0,0,17,6,4,2,0.0,0.6666666666666666
Aristos Pampouris,Imran Puri,7,988,649,0.8740190283398156,0.7000424476024744,2,0,13,5,73,10,356,82,0,0,13,5,0,0,14,6,4,1,0.0,0.8
Ng On Yee,Rodion Judin,7,979,979,0.5,0.5,64,18,401,146,38,17,224,93,0,0,161,49,0,0,62,27,4,2,0.0,0.6666666666666666
Ian Martin,Adam Abbas,7,1060,1000,0.5814204865006773,0.5374298453437496,78,38,433,207,0,0,0,0,0,0,131,60,0,0,0,0,4,2,0.0,0.6666666666666666
Sean Maddocks,Labeeb Ahmed,7,903,956,0.42796070219744664,0.46692337763389535,65,16,313,106,16,5,76,28,0,0,86,29,0,0,17,9,4,2,0.0,0.6666666666666666
Mark Lloyd,Jed Mann,7,1006,937,0.5934092174000843,0.5430183807243099,39,13,196,84,19,5,93,33,0,0,81,33,0,0,16,8,4,2,0.0,0.6666666666666666
Daegyu Lee,Noel Landers,7,1023,977,0.5626145694127913,0.5287183569514396,18,10,99,53,4,1,22,8,0,0,18,7,0,0,0,0,4,1,0.0,0.8
Andy Lavin,Scott Harrison,7,1031,1000,0.5422981239384312,0.519365308229932,34,19,244,131,0,0,0,0,0,0,7,3,0,0,0,0,4,0,0.0,1.0
Yu Kiu Chang,Gary Thomson,7,1069,1100,0.4577018760615691,0.4806346917700681,25,13,144,74,180,92,1263,642,0,0,62,35,0,0,25,13,4,3,0.0,0.5714285714285714
Edward Jones,Marc Shaw,7,1000,938,0.5840920587766287,0.538672605206508,0,0,0,0,7,1,34,8,0,0,0,0,0,0,29,7,4,0,0.0,1.0
Vladislav Gradinari,Faizaan Mohammed,7,1021,954,0.5907526477758748,0.5417773692836367,9,5,44,23,12,4,61,24,16,6,44,23,0,0,42,17,4,0,0.0,1.0
Aidan Gallagher,Arsenii Korolev,7,983,1000,0.476771798023094,0.4893765989950364,2,0,11,3,0,0,0,0,0,0,11,3,0,0,0,0,4,1,0.0,0.8
Gary Filtness,Nicolas Mortreux,7,1010,985,0.534135239137421,0.5156199157230156,45,24,284,144,3,1,17,7,0,0,0,0,0,0,17,7,4,3,0.0,0.5714285714285714
John Fearick,Scott Rogan,7,915,972,0.4225943374899878,0.4644351620161461,9,0,49,11,2,0,9,1,0,0,31,5,0,0,9,1,4,2,0.0,0.6666666666666666
Velian Dimitrov,Michał Kotiuk,7,1000,1000,0.5,0.5,0,0,0,0,0,0,0,0,0,0,0,0,0,0,0,0,4,1,0.0,0.8
Paul Deaville,Joel Connolly Jnr,7,1025,958,0.5907526477758748,0.5417773692836367,14,7,61,28,5,0,25,4,0,0,29,15,0,0,25,4,4,2,0.0,0.6666666666666666
Jeff Cundy,Jake Robinson,7,1094,983,0.6479578189910667,0.5689332093695465,543,286,3754,1942,2,0,12,4,0,0,15,6,0,0,12,4,4,1,0.0,0.8
Bradley Cowdroy,Mark Bell,7,962,985,0.46858930565080326,0.4856289593029398,17,5,79,32,8,3,45,19,0,0,39,15,0,0,34,16,4,1,0.0,0.8
Alex Clenshaw,Matthew Woodcock,7,1013,1000,0.5177671819164105,0.5081242849062608,27,9,119,54,0,0,0,0,0,0,46,22,0,0,0,0,4,0,0.0,1.0
James Burrett,Simon Bevz,7,767,626,0.685100616527281,0.587223690839335,53,10,263,76,33,0,138,5,0,0,28,7,0,0,20,0,4,1,0.0,0.8
Jack Borwick,Tony Knowles,7,999,957,0.557211603425229,0.5262259093720687,9,3,37,15,609,303,4994,2479,0,0,37,15,0,0,40,14,4,3,0.0,0.5714285714285714
Callum Beresford,Aman Goel,7,1033,955,0.6053054839891849,0.5485961085831343,26,13,128,60,7,2,35,11,0,0,64,28,0,0,14,4,4,1,0.0,0.8
Farakh Ajaib,Darren Burns,7,1108,908,0.7523810515908644,0.6224593312018546,138,57,758,338,25,7,130,45,0,0,206,93,0,0,0,0,4,0,0.0,1.0
Artemijs Zizins,Victor Sarkis,7,1000,870,0.6716853028295744,0.5805423048206596,0,0,0,0,27,2,146,30,0,0,0,0,28,4,146,30,4,0,0.0,1.0
Wang Yuchen,Alex Millington,7,1130,1026,0.6390526295107546,0.5646362918030292,88,30,552,230,31,14,174,87,0,0,84,51,0,0,46,22,4,3,0.0,0.5714285714285714
Daniel Womersley,Andrew Milliard,7,1086,826,0.8115488427624657,0.6570104626734988,96,46,478,229,187,53,1079,407,13,3,107,52,0,0,39,11,4,1,0.0,0.8
Matt Williams,Brian Ochoiski,7,971,1031,0.4185795134993229,0.46257015465625045,48,20,258,116,63,25,325,145,0,0,0,0,0,0,48,22,4,3,0.0,0.5714285714285714
Anthony Wall,Jamie O'Neill,7,992,1137,0.31008353284223983,0.4103545214372688,3,1,18,8,389,192,2400,1209,0,0,18,8,0,0,199,81,4,3,0.0,0.5714285714285714
Mark Vincent,Brandon Hall,7,841,978,0.3197489554385173,0.415202325282263,70,20,352,129,32,13,159,67,0,0,40,15,0,0,44,21,4,2,0.0,0.6666666666666666
Lewis Ullah,Bradley Cowdroy,7,995,962,0.5450150538752272,0.5206133097144486,24,8,138,60,17,5,79,32,0,0,85,43,0,0,39,15,4,1,0.0,0.8
Chris Totten,Luke Simmonds,7,1057,1154,0.3699335043548132,0.4396703573114467,82,24,474,178,177,92,1112,574,0,0,88,47,0,0,78,35,4,2,0.0,0.6666666666666666
Joshua Thomond,Saqib Nasir,7,1060,1061,0.4986328153483015,0.4993750003255206,63,27,336,165,130,62,706,360,0,0,87,47,0,0,61,27,4,1,0.0,0.8
Ryan Thomerson,Jack Bradford,7,954,963,0.48769738857442835,0.4943752372926745,69,16,417,152,69,23,377,157,33,9,214,68,0,0,54,23,4,1,0.0,0.8
Allan Taylor,Ronnie Sullivan,7,1209,968,0.7938903058360224,0.6462280583309002,436,198,2575,1228,2,0,8,0,63,31,353,151,0,0,8,0,4,0,0.0,1.0
Lee Stephens,Hamim Hussain,7,928,971,0.44143655006080335,0.4731508513108857,23,5,129,49,42,16,189,79,0,0,42,14,0,0,55,27,4,3,0.0,0.5714285714285714
Craig Steadman,Steven Wardropper,7,1222,1000,0.7752232149046754,0.6352948493228071,578,304,3716,1914,0,0,0,0,0,0,293,137,0,0,0,0,4,0,0.0,1.0
Hayden Staniland,Jack Borwick,7,1048,999,0.5666587144886649,0.530586760182081,25,11,130,64,9,3,37,15,0,0,52,27,0,0,37,15,4,0,0.0,1.0
Lee Shanker,Velian Dimitrov,7,920,1000,0.3920645840647391,0.45016600268752216,59,17,314,120,0,0,0,0,0,0,47,21,0,0,0,0,4,0,0.0,1.0
Zack Richardson,Dean Reynolds,7,1174,911,0.8142437917894374,0.6586985747356444,75,39,422,233,438,215,3745,1849,0,0,40,24,0,0,21,1,4,0,0.0,1.0
Fergal Quinn (II),Richard Pipe,7,1070,829,0.7938903058360224,0.6462280583309002,34,18,172,88,45,11,322,115,0,0,102,53,0,0,11,3,4,0,0.0,1.0
George Pragnell (II),Tyler Rees,7,1052,1049,0.5041014855971089,0.5018749912109869,20,11,123,63,49,21,282,128,0,0,89,47,0,0,71,40,4,1,0.0,0.8
Riley Powell,Peter Lines,7,956,1230,0.17609340109304839,0.3351462695940264,8,2,29,7,915,473,6453,3299,4,0,29,7,32,16,250,114,4,3,0.0,0.5714285714285714
Barry Pinches,Vladislav Gradinari,7,1139,1021,0.6567774862994666,0.5732197726798348,873,438,6468,3306,9,5,44,23,26,9,326,146,16,6,44,23,4,1,0.0,0.8
Andres Petrov,Evan Plummer (II),7,1053,980,0.5987085312450529,0.5454987872127821,65,21,401,163,2,0,11,3,43,18,264,97,0,0,11,3,4,0,0.0,1.0
Sean O'Sullivan,Lee Whaley,7,1081,1000,0.6092484254460553,0.5504527113395278,283,105,1777,780,0,0,0,0,43,18,277,108,0,0,0,0,4,1,0.0,0.8
Phil O'Kane,Aidan Gallagher,7,1081,983,0.6313550071762073,0.5609454503247162,121,56,631,306,2,0,11,3,0,0,73,38,0,0,11,3,4,0,0.0,1.0
Florian Nüßle,Gary Milne,7,1203,1000,0.7555717519931018,0.6242202334972642,68,32,363,186,0,0,0,0,0,0,147,90,0,0,0,0,4,1,0.0,0.8
Josh Mulholland,Ng On Yee,7,1024,979,0.5612649493584694,0.528095374408387,28,13,148,73,64,18,401,146,0,0,53,27,0,0,161,49,4,1,0.0,0.8
Rory McLeod,Manuel Ederer,7,1192,983,0.7618819203066071,0.6277321638605189,710,371,5029,2556,3,1,12,4,5,0,255,120,0,0,12,4,4,3,0.0,0.5714285714285714
Sean McAllister,Andy Marriott,7,1049,900,0.6946979044907379,0.5920629281648192,40,19,210,102,42,11,227,88,0,0,101,58,0,0,23,3,4,0,0.0,1.0
Daan Leyssen Janssen,Chae Ross,7,1041,1050,0.48769738857442835,0.4943752372926745,22,12,121,62,36,18,199,102,0,0,83,43,0,0,55,30,4,2,0.0,0.6666666666666666
Daegyu Lee,Oliver Brown,7,1023,1187,0.28768943450591145,0.3989121211516302,18,10,99,53,276,122,1514,716,0,0,18,7,80,44,283,118,4,1,0.0,0.8
James Lee,Daniel Walker,7,996,836,0.7076639986592218,0.598687660112452,15,7,77,35,14,0,62,6,0,0,61,31,0,0,21,1,4,0,0.0,1.0
Andy Lavin,Mitchell Mann,7,1031,1165,0.3234078367146668,0.4170245457988005,34,19,244,131,369,166,2235,1051,0,0,7,3,0,0,205,87,4,1,0.0,0.8
Antoni Kowalski,Aidan Murphy (II),7,1067,993,0.6000303895586184,0.5461185410457796,28,14,157,80,3,0,14,5,0,0,33,20,0,0,0,0,4,0,0.0,1.0
Yu Kiu Chang,Patrick Whelan,7,1069,1037,0.5436568604546561,0.5199893401555818,25,13,144,74,60,28,317,156,0,0,62,35,0,0,68,34,4,3,0.0,0.5714285714285714
Stephen Kershaw,Oliver Briffett-Payne,7,999,989,0.51366902727117,0.5062496744995104,209,89,1461,694,2,0,15,5,0,0,47,24,0,0,15,5,4,2,0.0,0.6666666666666666
Jenson Kendrick,Edward Jones,7,1114,1000,0.651748409886971,0.5707716118944918,74,25,458,190,0,0,0,0,93,46,316,130,0,0,0,0,4,3,0.0,0.5714285714285714
Keith Keldie,Martin Shepherdson,7,933,1000,0.4092473522241249,0.4582226307163632,35,10,185,68,0,0,0,0,0,0,57,30,0,0,0,0,4,1,0.0,0.8
Anton Kazakov,Adrian Rosa,7,925,1150,0.22176316048224076,0.3629692055196168,38,4,226,65,300,165,2282,1173,30,6,204,56,0,0,0,0,4,1,0.0,0.8
Mark Joyce,Ian Martin,7,1258,1060,0.7502408354966205,0.6212835951910678,626,319,4351,2180,78,38,433,207,44,19,368,176,0,0,131,60,4,1,0.0,0.8
Neal Jones,John Fearick,7,1012,915,0.6300664956451868,0.5603296426885532,163,73,1081,515,9,0,49,11,0,0,62,35,0,0,31,5,4,3,0.0,0.5714285714285714
Halim Hussain,Kian Dennett,7,984,1000,0.4781366606027012,0.4900013331200346,14,6,76,33,0,0,0,0,0,0,56,27,0,0,0,0,4,1,0.0,0.8
Liam Highfield,Callum Beresford,7,1240,1033,0.7597891374076362,0.6265629971237182,510,265,3409,1756,26,13,128,60,39,15,374,170,0,0,64,28,4,0,0.0,1.0
Andy Hicks,Sean Maddocks,7,1220,903,0.858383853016921,0.6883678768310286,758,395,5804,2959,65,16,313,106,47,21,350,155,0,0,86,29,4,1,0.0,0.8
Gerard Greene,Steven Hallworth,7,1154,1247,0.37510296628937845,0.4421354272792655,828,422,5950,3034,221,103,1197,571,0,0,169,63,0,0,269,131,4,1,0.0,0.8
Gary Filtness,Luke Pinches,7,1010,999,0.5150352723345792,0.5068745667645342,45,24,284,144,42,17,219,101,0,0,0,0,0,0,57,29,4,0,0.0,1.0
Dylan Emery,Elias Martin-Beris,7,1236,989,0.7995764997363425,0.6496497492904088,111,49,632,305,3,1,13,5,50,23,358,175,0,0,13,5,4,1,0.0,0.8
Umut Dikme,Oliver Sykes,7,1048,1032,0.5218633393972989,0.5099986668799655,38,19,209,102,10,4,60,27,0,0,84,40,14,4,55,26,4,2,0.0,0.6666666666666666
Peter Devlin,Yisong Peng,7,1122,1078,0.5599145707304132,0.5274723043445937,113,48,566,257,43,12,278,109,0,0,113,49,58,25,278,109,4,2,0.0,0.6666666666666666
Paul Deaville,Ashley Hugill,7,1025,1317,0.16102376452541922,0.3251947274176865,14,7,61,28,248,108,1503,716,0,0,29,15,64,35,480,235,4,2,0.0,0.6666666666666666
Ryan Davies,James Silverwood,7,1092,953,0.6826800016944434,0.5860112044388707,55,27,273,138,102,32,536,217,0,0,117,56,0,0,47,22,4,2,0.0,0.6666666666666666
Alfie Davies,Mark Lloyd,7,1110,1006,0.6390526295107546,0.5646362918030292,29,17,156,84,39,13,196,84,33,18,156,84,0,0,81,33,4,1,0.0,0.8
Joshua Cooper,Daniel Stevenson,7,1002,972,0.5409388610739393,0.5187412158785352,58,24,304,139,3,0,16,4,0,0,51,22,0,0,0,0,4,0,0.0,1.0
Alex Clenshaw,Billy Joe Castle,7,1013,1143,0.32831469717042555,0.41945769517934034,27,9,119,54,157,69,870,399,0,0,46,22,0,0,85,48,4,3,0.0,0.5714285714285714
Harvey Chandler,Matthew Roberts,7,1145,912,0.786152249899794,0.6416424532015634,91,35,523,230,27,8,144,56,0,0,71,39,0,0,32,12,4,0,0.0,1.0
Aaron Busuttil,Jeff Cundy,7,1039,1094,0.42527567806654565,0.4656790563306954,31,17,166,82,543,286,3754,1942,0,0,35,19,0,0,15,6,4,0,0.0,1.0
Kayden Brierley,Michael Collumb,7,1004,1081,0.39601140843867844,0.4520230623632036,20,9,108,52,103,44,559,274,0,0,47,19,0,0,52,23,4,1,0.0,0.8
Iulian Boiko,James Burrett,7,1165,767,0.909578822811983,0.7300743839811188,91,33,510,215,53,10,263,76,33,13,276,138,0,0,28,7,4,1,0.0,0.8
Simon Blackwell,James Cahill,7,1104,1231,0.33201569905505146,0.421285137539866,47,24,233,120,325,135,2031,944,0,0,27,12,51,19,429,205,4,2,0.0,0.6666666666666666
Connor Benzey,Shaun Liu,7,1017,1001,0.5218633393972989,0.5099986668799655,26,11,133,60,2,1,2,1,0,0,57,29,0,0,2,1,4,2,0.0,0.6666666666666666
Simon Bedford,Stuart Watson,7,1197,907,0.837347307313657,0.6737070994545215,464,270,3458,1866,64,16,352,133,0,0,69,41,0,0,46,17,4,1,0.0,0.8
Jamie Barrett,Aristos Pampouris,7,1051,988,0.5854263042586716,0.5392938058983595,142,53,751,319,2,0,13,5,0,0,63,33,0,0,13,5,4,2,0.0,0.6666666666666666
Mateusz Baranowski,Alex Taubman,7,1060,1069,0.48769738857442835,0.4943752372926745,57,27,312,151,203,92,1085,503,0,0,0,0,0,0,75,36,4,0,0.0,1.0
Farakh Ajaib,Martyn Taylor,7,1108,1037,0.5960612197256479,0.5442588584178731,138,57,758,338,17,8,93,49,0,0,206,93,0,0,71,39,4,0,0.0,1.0
Artemijs Zizins,James Lee,7,1000,996,0.5054685677142574,0.5024999791668749,0,0,0,0,15,7,77,35,0,0,0,0,0,0,61,31,4,0,0.0,1.0
Wang Yuchen,Halim Hussain,7,1130,984,0.691115079332653,0.5902502519301834,88,30,552,230,14,6,76,33,0,0,84,51,0,0,56,27,4,3,0.0,0.5714285714285714
Daniel Womersley,Andy Lavin,7,1086,1031,0.5747243219334544,0.5343209436693046,96,46,478,229,34,19,244,131,13,3,107,52,0,0,7,3,4,2,0.0,0.6666666666666666
Chris Totten,Farakh Ajaib,7,1057,1108,0.43064928112217615,0.4681681105837757,82,24,474,178,138,57,758,338,0,0,88,47,0,0,206,93,4,3,0.0,0.5714285714285714
Joshua Thomond,Sean McAllister,7,1060,1049,0.5150352723345792,0.5068745667645342,63,27,336,165,40,19,210,102,0,0,87,47,0,0,101,58,4,3,0.0,0.5714285714285714
Allan Taylor,Lewis Ullah,7,1209,995,0.7670671244589201,0.6306485256510744,436,198,2575,1228,24,8,138,60,63,31,353,151,0,0,85,43,4,0,0.0,1.0
Craig Steadman,Jamie Barrett,7,1222,1051,0.7203516579445735,0.6052765337748445,578,304,3716,1914,142,53,751,319,0,0,293,137,0,0,63,33,4,0,0.0,1.0
George Pragnell (II),Hayden Staniland,7,1052,1048,0.5054685677142574,0.5024999791668749,20,11,123,63,25,11,130,64,0,0,89,47,0,0,52,27,4,2,0.0,0.6666666666666666
Haydon Pinhey,Gary Filtness,7,1122,1010,0.6492231123314619,0.569546223939229,101,45,541,254,45,24,284,144,52,23,278,134,0,0,0,0,4,0,0.0,1.0
Florian Nüßle,Daan Leyssen Janssen,7,1203,1041,0.7099919234270913,0.5998883688639983,68,32,363,186,22,12,121,62,0,0,147,90,0,0,83,43,4,1,0.0,0.8
Rory McLeod,Ryan Thomerson,7,1192,954,0.7910094256982455,0.6445115537062945,710,371,5029,2556,69,16,417,152,5,0,255,120,33,9,214,68,4,1,0.0,0.8
Daegyu Lee,Liam Highfield,7,1023,1240,0.2298540184474826,0.3676062104304372,18,10,99,53,510,265,3409,1756,0,0,18,7,39,15,374,170,4,2,0.0,0.6666666666666666
Antoni Kowalski,Alfie Davies,7,1067,1110,0.44143655006080335,0.4731508513108857,28,14,157,80,29,17,156,84,0,0,33,20,33,18,156,84,4,3,0.0,0.5714285714285714
Jenson Kendrick,Matt Williams,7,1114,971,0.6875128007198821,0.5884351201276382,74,25,458,190,48,20,258,116,93,46,316,130,0,0,0,0,4,1,0.0,0.8
Keith Keldie,Barry Pinches,7,933,1139,0.24126123991548545,0.37402214223339625,35,10,185,68,873,438,6468,3306,0,0,57,30,26,9,326,146,4,3,0.0,0.5714285714285714
Anton Kazakov,Mateusz Baranowski,7,925,1060,0.32218616531476235,0.41641688448272474,38,4,226,65,57,27,312,151,30,6,204,56,0,0,0,0,4,2,0.0,0.6666666666666666
Mark Joyce,Yu Kiu Chang,7,1258,1069,0.7404818133197837,0.6159753019181258,626,319,4351,2180,25,13,144,74,44,19,368,176,0,0,62,35,4,2,0.0,0.6666666666666666
Andy Hicks,Sean O'Sullivan,7,1220,1081,0.6826800016944434,0.5860112044388707,758,395,5804,2959,283,105,1777,780,47,21,350,155,43,18,277,108,4,3,0.0,0.5714285714285714
Gerard Greene,Mark Vincent,7,1154,841,0.855396798107813,0.6862186708976811,828,422,5950,3034,70,20,352,129,0,0,169,63,0,0,40,15,4,0,0.0,1.0
Dylan Emery,Fergal Quinn (II),7,1236,1070,0.7146198510727906,0.6022861768886306,111,49,632,305,34,18,172,88,50,23,358,175,0,0,102,53,4,3,0.0,0.5714285714285714
Umut Dikme,Josh Mulholland,7,1048,1024,0.5327731710226205,0.51499550161941,38,19,209,102,28,13,148,73,0,0,84,40,0,0,53,27,4,0,0.0,1.0
Peter Devlin,Neal Jones,7,1122,1012,0.6466907800352545,0.5683199834782481,113,48,566,257,163,73,1081,515,0,0,113,49,0,0,62,35,4,2,0.0,0.6666666666666666
Paul Deaville,Anthony Wall,7,1025,992,0.5450150538752272,0.5206133097144486,14,7,61,28,3,1,18,8,0,0,29,15,0,0,18,8,4,1,0.0,0.8
Ryan Davies,Phil O'Kane,7,1092,1081,0.5150352723345792,0.5068745667645342,55,27,273,138,121,56,631,306,0,0,117,56,0,0,73,38,4,2,0.0,0.6666666666666666
Joshua Cooper,Simon Bedford,7,1002,1197,0.25298898790249863,0.3804826803529153,58,24,304,139,464,270,3458,1866,0,0,51,22,0,0,69,41,4,1,0.0,0.8
Alex Clenshaw,Riley Powell,7,1013,956,0.5774056625100122,0.5355648379838539,27,9,119,54,8,2,29,7,0,0,46,22,4,0,29,7,4,0,0.0,1.0
Harvey Chandler,Stephen Kershaw,7,1145,999,0.691115079332653,0.5902502519301834,91,35,523,230,209,89,1461,694,0,0,71,39,0,0,47,24,4,0,0.0,1.0
Aaron Busuttil,Zack Richardson,7,1039,1174,0.32218616531476235,0.41641688448272474,31,17,166,82,75,39,422,233,0,0,35,19,0,0,40,24,4,2,0.0,0.6666666666666666
Kayden Brierley,Lee Shanker,7,1004,920,0.6131794491635048,0.5523079095743253,20,9,108,52,59,17,314,120,0,0,47,19,0,0,47,21,4,1,0.0,0.8
Iulian Boiko,Andres Petrov,7,1165,1053,0.6492231123314619,0.569546223939229,91,33,510,215,65,21,401,163,33,13,276,138,43,18,264,97,4,1,0.0,0.8
Simon Blackwell,Wayne Townsend,7,1104,982,0.661777191191235,0.5756643510425494,47,24,233,120,50,23,305,143,0,0,27,12,0,0,22,12,4,0,0.0,1.0
Connor Benzey,Lee Stephens,7,1017,928,0.6197035864994962,0.5553966483205892,26,11,133,60,23,5,129,49,0,0,57,29,0,0,42,14,4,2,0.0,0.6666666666666666
Artemijs Zizins,Iulian Boiko,7,1000,1165,0.286533617594737,0.3983128198171432,0,0,0,0,91,33,510,215,0,0,0,0,33,13,276,138,4,2,0.0,0.6666666666666666
Wang Yuchen,Andy Hicks,7,1130,1220,0.37899585307075345,0.44398610945538003,88,30,552,230,758,395,5804,2959,0,0,84,51,47,21,350,155,4,3,0.0,0.5714285714285714
Daniel Womersley,Harvey Chandler,7,1086,1145,0.41991680863949354,0.46319171001101955,96,46,478,229,91,35,523,230,13,3,107,52,0,0,71,39,4,2,0.0,0.6666666666666666
Chris Totten,Aaron Busuttil,7,1057,1039,0.5245927745980452,0.5112481019468548,82,24,474,178,31,17,166,82,0,0,88,47,0,0,35,19,4,1,0.0,0.8
Allan Taylor,Keith Keldie,7,1209,933,0.8256265088413395,0.6659669267518202,436,198,2575,1228,35,10,185,68,63,31,353,151,0,0,57,30,4,1,0.0,0.8
Haydon Pinhey,Craig Steadman,7,1122,1222,0.36607269253409314,0.43782349911420193,101,45,541,254,578,304,3716,1914,52,23,278,134,0,0,293,137,4,2,0.0,0.6666666666666666
Florian Nüßle,Peter Devlin,7,1203,1122,0.6092484254460553,0.5504527113395278,68,32,363,186,113,48,566,257,0,0,147,90,0,0,113,49,4,2,0.0,0.6666666666666666
Jenson Kendrick,Ryan Davies,7,1114,1092,0.5300478260158454,0.513746534902355,74,25,458,190,55,27,273,138,93,46,316,130,0,0,117,56,4,2,0.0,0.6666666666666666
Anton Kazakov,George Pragnell (II),7,925,1052,0.33201569905505146,0.421285137539866,38,4,226,65,20,11,123,63,30,6,204,56,0,0,89,47,4,3,0.0,0.5714285714285714
Mark Joyce,Joshua Thomond,7,1258,1060,0.7502408354966205,0.6212835951910678,626,319,4351,2180,63,27,336,165,44,19,368,176,0,0,87,47,4,0,0.0,1.0
Gerard Greene,Alex Clenshaw,7,1154,1013,0.685100616527281,0.587223690839335,828,422,5950,3034,27,9,119,54,0,0,169,63,0,0,46,22,4,1,0.0,0.8
Dylan Emery,Antoni Kowalski,7,1236,1067,0.7180660778287002,0.6040813228693781,111,49,632,305,28,14,157,80,50,23,358,175,0,0,33,20,4,1,0.0,0.8
Paul Deaville,Rory McLeod,7,1025,1192,0.28422903752276774,0.39711513267253384,14,7,61,28,710,371,5029,2556,0,0,29,15,5,0,255,120,4,1,0.0,0.8
Joshua Cooper,Daegyu Lee,7,1002,1023,0.4713154170628733,0.4868780138177567,58,24,304,139,18,10,99,53,0,0,51,22,0,0,18,7,4,2,0.0,0.6666666666666666
Kayden Brierley,Connor Benzey,7,1004,1017,0.48223281808358937,0.4918757150937391,20,9,108,52,26,11,133,60,0,0,47,19,0,0,57,29,4,1,0.0,0.8
Simon Blackwell,Umut Dikme,7,1104,1048,0.5760654606907909,0.5349429451582145,47,24,233,120,38,19,209,102,0,0,27,12,0,0,84,40,4,1,0.0,0.8
Artemijs Zizins,Mark Joyce,7,1000,1258,0.19026196310320587,0.3441171587921863,0,0,0,0,626,319,4351,2180,0,0,0,0,44,19,368,176,4,2,0.0,0.6666666666666666
Wang Yuchen,Jenson Kendrick,7,1130,1114,0.5218633393972989,0.5099986668799655,88,30,552,230,74,25,458,190,0,0,84,51,93,46,316,130,4,2,0.0,0.6666666666666666
Chris Totten,Joshua Cooper,7,1057,1002,0.5747243219334544,0.5343209436693046,82,24,474,178,58,24,304,139,0,0,88,47,0,0,51,22,4,3,0.0,0.5714285714285714
Allan Taylor,Simon Blackwell,7,1209,1104,0.6403298636636867,0.5652507475670999,436,198,2575,1228,47,24,233,120,63,31,353,151,0,0,27,12,4,3,0.0,0.5714285714285714
Haydon Pinhey,Anton Kazakov,7,1122,925,0.7491668212476215,0.6206951913643555,101,45,541,254,38,4,226,65,52,23,278,134,30,6,204,56,4,1,0.0,0.8
Gerard Greene,Paul Deaville,7,1154,1025,0.6704536022204194,0.5799334001885058,828,422,5950,3034,14,7,61,28,0,0,169,63,0,0,29,15,4,3,0.0,0.5714285714285714
Dylan Emery,Daniel Womersley,7,1236,1086,0.6958878075458884,0.5926665999540697,111,49,632,305,96,46,478,229,50,23,358,175,13,3,107,52,4,3,0.0,0.5714285714285714
Kayden Brierley,Florian Nüßle,7,1004,1203,0.24868775230024892,0.3781283576925339,20,9,108,52,68,32,363,186,0,0,47,19,0,0,147,90,4,3,0.0,0.5714285714285714
Artemijs Zizins,Kayden Brierley,7,1000,1004,0.4945314322857424,0.49750002083312506,0,0,0,0,20,9,108,52,0,0,0,0,0,0,47,19,4,2,0.0,0.6666666666666666
Wang Yuchen,Dylan Emery,7,1130,1236,0.358394567903784,0.4341349971045183,88,30,552,230,111,49,632,305,0,0,84,51,50,23,358,175,4,3,0.0,0.5714285714285714
Allan Taylor,Chris Totten,7,1209,1057,0.698260993708389,0.5938731029341427,436,198,2575,1228,82,24,474,178,63,31,353,151,0,0,88,47,4,3,0.0,0.5714285714285714
Haydon Pinhey,Gerard Greene,7,1122,1154,0.4563431395453441,0.48001065984441826,101,45,541,254,828,422,5950,3034,52,23,278,134,0,0,169,63,4,2,0.0,0.6666666666666666
Zhang Zhijie,Lin Shu-hung,7,993,1000,0.4904306643721704,0.4956251116502266,10,4,50,23,0,0,0,0,0,0,42,19,0,0,0,0,4,3,0.0,0.5714285714285714
Luo Zetao,Hunain Memon,7,967,980,0.48223281808358937,0.4918757150937391,6,1,33,9,2,0,11,3,0,0,15,7,0,0,11,3,4,0,0.0,1.0
Feng Yu,Zhao Hanyang,7,987,982,0.5068355814796678,0.5031249593105316,6,3,33,14,5,2,27,10,0,0,0,0,0,0,0,0,4,2,0.0,0.6666666666666666
Zhang Yang,Vorawit Thongweang,7,1056,968,0.6184015843393024,0.5547792351072148,18,10,102,50,2,0,8,0,0,0,0,0,0,0,8,0,4,0,0.0,1.0
Liang Xiaolong,Farhan Noor,7,998,1000,0.4972656477862734,0.49875000260416025,3,1,15,7,0,0,0,0,0,0,15,7,0,0,0,0,4,3,0.0,0.5714285714285714
Liu Wenwei,Narinton Tasurin,7,976,1000,0.4672268289773793,0.4850044983805899,3,1,16,5,0,0,0,0,0,0,16,5,0,0,0,0,4,1,0.0,0.8
Morteza Torabi (II),Sohail Shahzad,7,990,1000,0.4863309727288301,0.49375032550048964,8,4,40,18,0,0,0,0,0,0,40,18,0,0,0,0,4,3,0.0,0.5714285714285714
Haris Tahir,Dong Zihao,7,999,1002,0.4958985144028909,0.498125008789013,4,2,25,12,1,0,8,2,0,0,25,12,0,0,8,2,4,1,0.0,0.8
Vinay Swaminathan,Babar Masih,7,1000,1011,0.48496472766542054,0.4931254332354657,0,0,0,0,8,2,56,23,0,0,0,0,0,0,18,9,4,3,0.0,0.5714285714285714
Shrikrishna Suryanarayanan,Ian Mark John,7,976,1000,0.4672268289773793,0.4850044983805899,3,0,15,3,0,0,0,0,0,0,11,3,0,0,0,0,4,1,0.0,0.8
Akani Songsermsawad,Pongsakron Chongjairak (II),7,1322,1044,0.8273350387178837,0.6670782770956253,221,116,1455,743,10,6,55,33,0,0,159,81,0,0,55,33,4,3,0.0,0.5714285714285714
Muhammad Siddiqui (II),Angad Ghai,7,984,1000,0.4781366606027012,0.4900013331200346,6,2,36,16,0,0,0,0,0,0,36,16,0,0,0,0,4,0,0.0,1.0
Mohammad Reza Pishvari,Pan Yiming,7,1000,1000,0.5,0.5,0,0,0,0,0,0,0,0,0,0,0,0,0,0,0,0,4,2,0.0,0.6666666666666666
Prin Ratmukda,Anand Raghuvanshi,7,993,1000,0.4904306643721704,0.4956251116502266,4,2,20,9,0,0,0,0,0,0,20,9,0,0,0,0,4,2,0.0,0.6666666666666666
Chen Qiyu,Muhammad Ahsan Javaid,7,1000,999,0.5013671846516985,0.5006249996744794,0,0,0,0,8,4,44,22,0,0,0,0,0,0,44,22,4,1,0.0,0.8
Dhruv Patel,Boonpithak Lothong,7,1001,1000,0.5013671846516985,0.5006249996744794,7,5,41,21,0,0,0,0,0,0,41,21,0,0,0,0,4,2,0.0,0.6666666666666666
Jaden Ong Jia Jun,Taweesap Kongkitchertchoo,7,983,973,0.51366902727117,0.5062496744995104,3,1,14,5,7,3,37,15,0,0,14,5,0,0,37,15,4,1,0.0,0.8
Pawaris Ngamkham,Danish Khan,7,1000,1000,0.5,0.5,0,0,0,0,0,0,0,0,0,0,0,0,0,0,0,0,4,3,0.0,0.5714285714285714
Lim Kok Leong,Shuvo Biswas,7,1019,1000,0.5259570402770714,0.5118727677562528,5,3,26,14,0,0,0,0,0,0,26,14,0,0,0,0,4,1,0.0,0.8
Putthakam Kimsuk,Xian Ziheng,7,1020,1000,0.5273209820427867,0.5124973964842103,10,6,57,31,0,0,0,0,0,0,57,31,0,0,0,0,4,0,0.0,1.0
Digvijay Kadian,Ayush Gautam,7,922,1000,0.3946945160108152,0.4514038914168657,10,1,55,16,0,0,0,0,0,0,32,9,0,0,0,0,4,2,0.0,0.6666666666666666
Deng Jinhong,Kreishh Gurbaxani,7,966,988,0.4699521739841547,0.486253465097645,3,0,15,3,11,3,64,29,0,0,11,3,0,0,41,19,4,3,0.0,0.5714285714285714
Hrithik Jain,Hamed Zarehdoust,7,935,979,0.44008542926958705,0.47252769565540637,13,2,67,21,2,0,11,3,0,0,27,7,0,0,11,3,4,3,0.0,0.5714285714285714
Himanshu Jain,Wiphu Phuthisabodi,7,946,968,0.4699521739841547,0.486253465097645,35,6,196,59,4,0,24,8,36,12,196,59,0,0,24,8,4,2,0.0,0.6666666666666666
Rana Irfan Aslam,Pongsatorn Seemuen,7,1000,1000,0.5,0.5,0,0,0,0,0,0,0,0,0,0,0,0,0,0,0,0,4,2,0.0,0.6666666666666666
Luo Honghao,Zulfiqar Qadir,7,1237,1006,0.7841899555246323,0.6404919537233386,122,57,727,347,4,2,23,11,0,0,0,0,0,0,23,11,4,2,0.0,0.6666666666666666
Chau Hon Man,Asutosh Padhy,7,964,1006,0.44278839657477087,0.4737740906279313,18,5,107,40,10,4,62,29,0,0,39,18,0,0,52,27,4,1,0.0,0.8
Ehsan Heydarinezhad,Lomnaw Issarangkun,7,1062,1000,0.5840920587766287,0.538672605206508,18,7,125,57,0,0,0,0,0,0,21,13,0,0,0,0,4,1,0.0,0.8
Subrat Das,Thitiphong Choolasak,7,1000,1031,0.4577018760615691,0.4806346917700681,0,0,0,0,6,4,34,21,0,0,0,0,0,0,34,21,4,2,0.0,0.6666666666666666
Ritthichai Chimphanang,Aadil-Hussain Narejo,7,1000,1000,0.5,0.5,0,0,0,0,0,0,0,0,0,0,0,0,0,0,0,0,4,1,0.0,0.8
Li Chengjie,Patipaan Wonghun,7,1032,1000,0.5436568604546561,0.5199893401555818,5,3,26,17,0,0,0,0,0,0,26,17,0,0,0,0,4,0,0.0,1.0
Nattanapong Chaikul,Luo Chenliang,7,1009,1000,0.5123026114255715,0.5056247627073255,11,6,62,30,0,0,0,0,0,0,62,30,0,0,0,0,4,1,0.0,0.8
Abhishek Bajaj,Muhammad Azhar Khan,7,1000,949,0.5693507188778237,0.5318318894162242,0,0,0,0,4,0,17,1,0,0,0,0,0,0,17,1,4,2,0.0,0.6666666666666666
Hamza Akbar,Laxman Rawat,7,1085,1063,0.5300478260158454,0.513746534902355,82,25,501,190,28,13,144,69,0,0,47,23,0,0,25,14,4,2,0.0,0.6666666666666666
Zhang Zhijie,Muhammad Naseem Akhtar,7,993,998,0.493164418520332,0.4968750406894683,10,4,50,23,6,2,38,17,0,0,42,19,0,0,38,17,4,2,0.0,0.6666666666666666
Luo Zetao,Nipitpon Manamuti,7,967,1000,0.45498494612477275,0.47938669028555136,6,1,33,9,0,0,0,0,0,0,15,7,0,0,0,0,4,0,0.0,1.0
Lan Yuhao,Nattanapong Chaikul,7,993,1009,0.4781366606027012,0.4900013331200346,1,0,6,1,11,6,62,30,6,1,6,1,0,0,62,30,4,2,0.0,0.6666666666666666
Liu Yang,Hrithik Jain,7,1000,935,0.5880916350836762,0.5405358392737893,0,0,0,0,13,2,67,21,0,0,0,0,0,0,27,7,4,0,0.0,1.0
Gao Yang,Chen Qiyu,7,1156,1000,0.7029806026650167,0.5962826992967879,64,25,383,173,0,0,0,0,32,16,204,103,0,0,0,0,4,2,0.0,0.6666666666666666
Liang Xiaolong,Narongdat Takantong,7,998,1041,0.44143655006080335,0.4731508513108857,3,1,15,7,11,7,61,35,0,0,15,7,0,0,61,35,4,0,0.0,1.0
Liu Wenwei,Rana Irfan Aslam,7,976,1000,0.4672268289773793,0.4850044983805899,3,1,16,5,0,0,0,0,0,0,16,5,0,0,0,0,4,2,0.0,0.6666666666666666
Morteza Torabi (II),Arman Madanighafarokhi,7,990,1000,0.4863309727288301,0.49375032550048964,8,4,40,18,0,0,0,0,0,0,40,18,0,0,0,0,4,1,0.0,0.8
Shrikrishna Suryanarayanan,Haris Tahir,7,976,999,0.46858930565080326,0.4856289593029398,3,0,15,3,4,2,25,12,0,0,11,3,0,0,25,12,4,2,0.0,0.6666666666666666
Akani Songsermsawad,Chen Xiaolong,7,1322,991,0.8684878923525275,0.6958260586292875,221,116,1455,743,4,2,20,9,0,0,159,81,0,0,20,9,4,0,0.0,1.0
Passakorn Sittikrai,Hamza Akbar,7,1000,1085,0.38551292727713543,0.4470740118670941,0,0,0,0,82,25,501,190,0,0,0,0,0,0,47,23,4,3,0.0,0.5714285714285714
Muhammad Siddiqui (II),Abhishek Bajaj,7,984,1000,0.4781366606027012,0.4900013331200346,6,2,36,16,0,0,0,0,0,0,36,16,0,0,0,0,4,2,0.0,0.6666666666666666
Amin Sanjaei,Shahin Khorami Del,7,986,1000,0.48086718764462183,0.4912508931197597,6,2,30,13,0,0,0,0,0,0,30,13,0,0,0,0,4,3,0.0,0.5714285714285714
Dhruv Patel,Umer-Naeem Memon,7,1001,977,0.5327731710226205,0.51499550161941,7,5,41,21,4,0,26,10,0,0,41,21,0,0,26,10,4,3,0.0,0.5714285714285714
Jaden Ong Jia Jun,Mohammad Ali Moghadam,7,983,957,0.5354968818114487,0.5162442810620724,3,1,14,5,4,0,21,5,0,0,14,5,0,0,21,5,4,2,0.0,0.6666666666666666
Chatchapong Nasa,Ritthichai Chimphanang,7,968,1000,0.4563431395453441,0.48001065984441826,6,1,35,13,0,0,0,0,0,0,35,13,0,0,0,0,4,3,0.0,0.5714285714285714
Wan Nansen Sin Man,Feng Yu,7,1003,987,0.5218633393972989,0.5099986668799655,1,0,6,2,6,3,33,14,0,0,0,0,0,0,0,0,4,2,0.0,0.6666666666666666
Fung Kwok Wai,Vinay Swaminathan,7,1077,1000,0.6039885915613215,0.5479769376367963,30,14,184,93,0,0,0,0,0,0,30,19,0,0,0,0,4,0,0.0,1.0
Lim Kok Leong,Saroj Gautam,7,1019,1000,0.5259570402770714,0.5118727677562528,5,3,26,14,0,0,0,0,0,0,26,14,0,0,0,0,4,3,0.0,0.5714285714285714
Putthakam Kimsuk,Muhammad Umar Khan,7,1020,1000,0.5273209820427867,0.5124973964842103,10,6,57,31,0,0,0,0,0,0,57,31,0,0,0,0,4,2,0.0,0.6666666666666666
Zhou Jinhao,Pawaris Ngamkham,7,1000,1000,0.5,0.5,0,0,0,0,0,0,0,0,0,0,0,0,0,0,0,0,4,0,0.0,1.0
Ren Jiaxing,Himanshu Jain,7,967,946,0.5286845829371267,0.5131219861822433,5,0,27,7,35,6,196,59,0,0,12,4,36,12,196,59,4,2,0.0,0.6666666666666666
Luo Honghao,Wong Kwan Chun Wallace,7,1237,969,0.8186786074572162,0.6615031592029524,122,57,727,347,2,0,8,0,0,0,0,0,0,0,8,0,4,0,0.0,1.0
Chau Hon Man,Deng Haohui,7,964,1000,0.45091379157772826,0.4775151752081999,18,5,107,40,5,2,28,12,0,0,39,18,0,0,28,12,4,2,0.0,0.6666666666666666
Ehsan Heydarinezhad,Sumongkhon Khamphul,7,1062,1000,0.5840920587766287,0.538672605206508,18,7,125,57,0,0,0,0,0,0,21,13,0,0,0,0,4,1,0.0,0.8
Ali Gharahgozlou,Prin Ratmukda,7,1000,993,0.5095693356278297,0.5043748883497735,0,0,0,0,4,2,20,9,0,0,0,0,0,0,20,9,4,1,0.0,0.8
Subrat Das,Hassan Gull,7,1000,1000,0.5,0.5,0,0,0,0,0,0,0,0,0,0,0,0,0,0,0,0,4,3,0.0,0.5714285714285714
Li Chengjie,Cao Zeyi,7,1032,1000,0.5436568604546561,0.5199893401555818,5,3,26,17,0,0,0,0,0,0,26,17,0,0,0,0,4,0,0.0,1.0
Jongrak Boonrod,Deng Jinhong,7,984,966,0.5245927745980452,0.5112481019468548,1,0,4,0,3,0,15,3,0,0,4,0,0,0,11,3,4,1,0.0,0.8
Ali Al Obaidly,Mohammad Reza Pishvari,7,981,1000,0.47404295972292854,0.4881272322437472,2,0,8,0,0,0,0,0,4,0,4,0,0,0,0,0,4,2,0.0,0.6666666666666666
Qadeer Abbas,Zhang Yang,7,973,1056,0.3881295430910018,0.44831033065729986,2,0,9,1,18,10,102,50,0,0,9,1,0,0,0,0,4,1,0.0,0.8
Luo Zetao,Zhang Zhijie,7,967,993,0.4645031181885513,0.48375571893792757,6,1,33,9,10,4,50,23,0,0,15,7,0,0,42,19,4,0,0.0,1.0
Lan Yuhao,Ali Al Obaidly,7,993,981,0.5164013295642876,0.5074994375506203,1,0,6,1,2,0,8,0,6,1,6,1,4,0,4,0,4,1,0.0,0.8
Liu Yang,Li Chengjie,7,1000,1032,0.4563431395453441,0.48001065984441826,0,0,0,0,5,3,26,17,0,0,0,0,0,0,26,17,4,3,0.0,0.5714285714285714
Gao Yang,Zhou Jinhao,7,1156,1000,0.7029806026650167,0.5962826992967879,64,25,383,173,0,0,0,0,32,16,204,103,0,0,0,0,4,1,0.0,0.8
Liang Xiaolong,Qadeer Abbas,7,998,973,0.534135239137421,0.5156199157230156,3,1,15,7,2,0,9,1,0,0,15,7,0,0,9,1,4,1,0.0,0.8
Shrikrishna Suryanarayanan,Dhruv Patel,7,976,1001,0.465864760862579,0.4843800842769844,3,0,15,3,7,5,41,21,0,0,11,3,0,0,41,21,4,3,0.0,0.5714285714285714
Akani Songsermsawad,Subrat Das,7,1322,1000,0.8620548673015752,0.6910430124157229,221,116,1455,743,0,0,0,0,0,0,159,81,0,0,0,0,4,1,0.0,0.8
Muhammad Siddiqui (II),Chatchapong Nasa,7,984,968,0.5218633393972989,0.5099986668799655,6,2,36,16,6,1,35,13,0,0,36,16,0,0,35,13,4,3,0.0,0.5714285714285714
Amin Sanjaei,Digvijay Kadian,7,986,922,0.5867595016023184,0.5399148845555657,6,2,30,13,10,1,55,16,0,0,30,13,0,0,32,9,4,3,0.0,0.5714285714285714
Wan Nansen Sin Man,Morteza Torabi (II),7,1003,990,0.5177671819164105,0.5081242849062608,1,0,6,2,8,4,40,18,0,0,0,0,0,0,40,18,4,0,0.0,1.0
Fung Kwok Wai,Liu Wenwei,7,1077,976,0.6352110684578025,0.5627917401386452,30,14,184,93,3,1,16,5,0,0,30,19,0,0,16,5,4,2,0.0,0.6666666666666666
Lim Kok Leong,Chau Hon Man,7,1019,964,0.5747243219334544,0.5343209436693046,5,3,26,14,18,5,107,40,0,0,26,14,0,0,39,18,4,1,0.0,0.8
Putthakam Kimsuk,Ren Jiaxing,7,1020,967,0.5720392978025534,0.5330766223661046,10,6,57,31,5,0,27,7,0,0,57,31,0,0,12,4,4,2,0.0,0.6666666666666666
Luo Honghao,Jongrak Boonrod,7,1237,984,0.8051614968205012,0.6530561132866127,122,57,727,347,1,0,4,0,0,0,0,0,0,0,4,0,4,1,0.0,0.8
Ehsan Heydarinezhad,Jaden Ong Jia Jun,7,1062,983,0.6066210971235376,0.5492151291013335,18,7,125,57,3,1,14,5,0,0,21,13,0,0,14,5,4,2,0.0,0.6666666666666666
Ali Gharahgozlou,Passakorn Sittikrai,7,1000,1000,0.5,0.5,0,0,0,0,0,0,0,0,0,0,0,0,0,0,0,0,4,2,0.0,0.6666666666666666
Lan Yuhao,Luo Zetao,7,993,967,0.5354968818114487,0.5162442810620724,1,0,6,1,6,1,33,9,6,1,6,1,0,0,15,7,4,0,0.0,1.0
Liu Yang,Muhammad Siddiqui (II),7,1000,984,0.5218633393972989,0.5099986668799655,0,0,0,0,6,2,36,16,0,0,0,0,0,0,36,16,4,2,0.0,0.6666666666666666
Gao Yang,Luo Honghao,7,1156,1237,0.3907515745539448,0.4495472886604723,64,25,383,173,122,57,727,347,32,16,204,103,0,0,0,0,4,1,0.0,0.8
Liang Xiaolong,Wan Nansen Sin Man,7,998,1003,0.493164418520332,0.4968750406894683,3,1,15,7,1,0,6,2,0,0,15,7,0,0,0,0,4,0,0.0,1.0
Akani Songsermsawad,Shrikrishna Suryanarayanan,7,1322,976,0.8787157914455135,0.7037042379997707,221,116,1455,743,3,0,15,3,0,0,159,81,0,0,11,3,4,0,0.0,1.0
Lim Kok Leong,Fung Kwok Wai,7,1019,1077,0.42125508861179106,0.4638133797682053,5,3,26,14,30,14,184,93,0,0,26,14,0,0,30,19,4,2,0.0,0.6666666666666666
Ehsan Heydarinezhad,Putthakam Kimsuk,7,1062,1020,0.557211603425229,0.5262259093720687,18,7,125,57,10,6,57,31,0,0,21,13,0,0,57,31,4,1,0.0,0.8
Ali Gharahgozlou,Amin Sanjaei,7,1000,986,0.5191328123553783,0.5087491068802403,0,0,0,0,6,2,30,13,0,0,0,0,0,0,30,13,4,0,0.0,1.0
Gao Yang,Ehsan Heydarinezhad,7,1156,1062,0.6261916833783177,0.5584811124381613,64,25,383,173,18,7,125,57,32,16,204,103,0,0,21,13,4,0,0.0,1.0
Akani Songsermsawad,Lan Yuhao,7,1322,993,0.867077669398587,0.6947667628737805,221,116,1455,743,1,0,6,1,0,0,159,81,6,1,6,1,4,2,0.0,0.6666666666666666
Lim Kok Leong,Liang Xiaolong,7,1019,998,0.5286845829371267,0.5131219861822433,5,3,26,14,3,1,15,7,0,0,26,14,0,0,15,7,4,1,0.0,0.8
Ali Gharahgozlou,Liu Yang,7,1000,1000,0.5,0.5,0,0,0,0,0,0,0,0,0,0,0,0,0,0,0,0,4,1,0.0,0.8
Akani Songsermsawad,Ali Gharahgozlou,7,1322,1000,0.8620548673015752,0.6910430124157229,221,116,1455,743,0,0,0,0,0,0,159,81,0,0,0,0,4,2,0.0,0.6666666666666666
Lim Kok Leong,Gao Yang,7,1019,1156,0.3197489554385173,0.415202325282263,5,3,26,14,64,25,383,173,0,0,26,14,32,16,204,103,4,3,0.0,0.5714285714285714
Matt Williams,Rodion Judin,7,976,971,0.5068355814796678,0.5031249593105316,51,22,277,125,39,17,230,95,19,9,19,9,6,2,68,29,4,3,0.0,0.5714285714285714
Mark Vincent,Mateusz Baranowski,7,854,1064,0.23707568505247512,0.37168381170463377,73,22,368,137,59,28,322,157,16,8,56,23,10,6,10,6,4,3,0.0,0.5714285714285714
Brandon Sargeant,Callum Downing,7,1089,1077,0.5164013295642876,0.5074994375506203,141,55,790,357,46,23,255,129,7,3,55,29,7,3,7,3,4,0,0.0,1.0
Adrian Rosa,Aidan Murphy (II),7,1140,978,0.7099919234270913,0.5998883688639983,302,166,2292,1178,4,0,18,5,10,5,10,5,4,0,4,0,4,2,0.0,0.6666666666666666
Riley Powell,Michał Kotiuk,7,962,988,0.4645031181885513,0.48375571893792757,11,4,47,15,1,0,5,1,22,8,47,15,5,1,5,1,4,3,0.0,0.5714285714285714
Ng On Yee,Gary Thomson,7,976,1095,0.34196980232650515,0.42616874240839064,66,19,412,151,181,92,1270,645,11,5,172,54,7,3,32,16,4,3,0.0,0.5714285714285714
Gary Milne,Phillip Owen Blackburn,7,993,992,0.5013671846516985,0.5006249996744794,1,0,5,1,1,0,6,2,5,1,5,1,6,2,6,2,4,0,0.0,1.0
Andrew Milliard,Scott Rogan,7,820,962,0.31369223207290564,0.41217046151748854,188,53,1084,408,3,0,15,3,5,1,44,12,6,2,15,3,4,3,0.0,0.5714285714285714
Andy Marriott,Daniel Walker,7,887,823,0.5867595016023184,0.5399148845555657,43,11,231,88,15,0,66,6,4,0,27,3,4,0,25,1,4,0,0.0,1.0
Jed Mann,Peter Devlin,7,931,1129,0.2497591645033793,0.37871640480893215,20,5,99,35,116,50,584,267,6,2,22,10,18,10,131,59,4,3,0.0,0.5714285714285714
Sean Maddocks,John Fearick,7,908,924,0.4781366606027012,0.4900013331200346,67,17,324,111,11,1,62,18,11,5,97,34,13,7,44,12,4,0,0.0,1.0
Mark Lloyd,George Pragnell (II),7,1002,1067,0.4119083649163239,0.4594641607262107,41,14,207,89,24,14,148,78,11,5,92,38,25,15,114,62,4,3,0.0,0.5714285714285714
Shaun Liu,Yu Kiu Chang,7,993,1075,0.3894398892710193,0.448928730692658,3,1,8,3,28,15,164,84,6,2,8,3,20,10,82,45,4,2,0.0,0.6666666666666666
Daegyu Lee,Oliver Sykes,7,1055,1039,0.5218633393972989,0.5099986668799655,22,13,121,67,12,5,70,33,22,14,40,21,24,10,65,32,4,3,0.0,0.5714285714285714
Tony Knowles,Jack Borwick,7,954,987,0.45498494612477275,0.47938669028555136,610,303,5001,2482,11,4,48,19,7,3,47,17,11,4,48,19,4,3,0.0,0.5714285714285714
Gerard Greene,Simon Bevz,7,1178,617,0.9681142495003159,0.8025803011221312,833,426,5977,3052,34,0,143,6,27,18,196,81,5,1,25,1,4,0,0.0,1.0
Vladislav Gradinari,Matthew Woodcock,7,1027,984,0.5585634499391967,0.5268491486891144,11,6,53,28,1,0,4,0,25,11,53,28,4,0,4,0,4,0,0.0,1.0
Aman Goel,James Burrett,7,945,773,0.721490850613204,0.6058736684317606,8,2,40,12,55,11,273,81,5,1,19,5,10,5,38,12,4,2,0.0,0.6666666666666666
Matthew Glasby,Ross Jones,7,1007,935,0.5973854695265872,0.5448788923735801,85,38,451,208,6,0,28,4,7,3,75,37,4,0,4,0,4,2,0.0,0.6666666666666666
Gary Filtness,Kian Dennett,7,1015,988,0.536858082179779,0.5168685956913849,48,26,299,152,1,0,5,1,15,8,15,8,5,1,5,1,4,0,0.0,1.0
Manuel Ederer,Luke Simmonds,7,986,1155,0.28193392217129976,0.3959186771306219,4,1,19,7,179,93,1122,580,7,3,19,7,10,6,88,41,4,0,0.0,1.0
Paul Deaville,Elias Martin-Beris,7,1073,983,0.6210041469292463,0.5560138905446199,19,11,90,47,4,1,18,6,29,19,58,34,5,1,18,6,4,0,0.0,1.0
Jeff Cundy,Oliver Briffett-Payne,7,1086,981,0.6403298636636867,0.5652507475670999,545,287,3763,1946,3,0,21,7,9,4,24,10,6,2,21,7,4,0,0.0,1.0
Joel Connolly Jnr,Scott Bell,7,952,921,0.5422981239384312,0.519365308229932,6,0,31,6,20,5,106,38,6,2,31,6,6,2,44,16,4,0,0.0,1.0
Alex Clenshaw,Chae Ross,7,1043,1050,0.4904306643721704,0.4956251116502266,31,12,139,67,38,19,211,108,20,13,66,35,12,6,67,36,4,1,0.0,0.8
Darren Burns,Ronnie Sullivan,7,896,957,0.41724321907824724,0.4619487156141408,26,7,134,45,3,0,12,0,4,0,4,0,4,0,12,0,4,1,0.0,0.8
Jay Bullen,Scott Harrison,7,966,985,0.47404295972292854,0.4881272322437472,5,0,30,10,1,0,4,0,7,3,7,3,4,0,4,0,4,3,0.0,0.5714285714285714
Danny Brindle,Daniel Stevenson,7,842,957,0.3469916118703663,0.42861601832306767,35,7,191,62,4,0,20,4,6,2,23,8,4,0,4,0,4,1,0.0,0.8
Kayden Brierley,Ian Martin,7,1043,1059,0.4781366606027012,0.4900013331200346,25,13,136,70,80,39,444,212,28,18,75,37,11,5,142,65,4,1,0.0,0.8
Jack Bradford,Andy Lavin,7,951,1054,0.36222625682132775,0.43597836257374245,70,23,382,158,37,21,259,141,5,1,59,24,15,10,22,13,4,1,0.0,0.8
Simon Blackwell,Arsenii Korolev,7,1139,988,0.6970755073607001,0.5932699921071872,51,27,255,135,1,0,5,1,22,15,49,27,5,1,5,1,4,0,0.0,1.0
Mark Bell,Jai Platts,7,972,982,0.4863309727288301,0.49375032550048964,9,3,50,20,1,0,4,0,5,1,39,17,4,0,4,0,4,0,0.0,1.0
Farakh Ajaib,Kuldesh Johal,7,1128,1090,0.5517972899579606,0.523732154126561,141,59,773,349,279,151,1702,894,15,11,221,104,6,2,63,27,4,1,0.0,0.8
Labeeb Ahmed,Edward Jones,7,946,1014,0.4079185042473741,0.45760205922564895,17,5,82,30,2,1,11,7,6,2,23,11,11,7,11,7,4,3,0.0,0.5714285714285714
Daniel Womersley,Richard Pipe,7,1110,818,0.8389762354745806,0.6748052725823135,100,49,502,244,46,11,326,115,37,18,131,67,4,0,15,3,4,2,0.0,0.6666666666666666
Patrick Whelan,Paul Schopf,7,1034,972,0.5840920587766287,0.538672605206508,61,28,324,159,6,1,33,12,7,3,75,37,4,0,4,0,4,2,0.0,0.6666666666666666
Stuart Watson,Ashley Hugill,7,920,1301,0.09975045012573525,0.2783823298153413,66,17,361,138,249,108,1509,718,9,5,55,22,70,37,486,237,4,3,0.0,0.5714285714285714
Steven Wardropper,Andy Hicks,7,988,1217,0.21778339730367308,0.36066016324693406,1,0,4,0,761,397,5823,2970,4,0,4,0,66,32,369,166,4,3,0.0,0.5714285714285714
Lewis Ullah,Saqib Nasir,7,995,1049,0.4266177377216683,0.4663011645670992,26,9,147,64,131,62,711,361,9,4,94,47,5,1,66,28,4,3,0.0,0.5714285714285714
Chris Totten,Aman Goel,7,1089,945,0.6887157040547041,0.5890404340586651,87,28,506,197,8,2,40,12,32,19,120,66,5,1,19,5,4,0,0.0,1.0
Joshua Thomond,Noel Landers,7,1064,966,0.6313550071762073,0.5609454503247162,66,29,352,173,5,1,27,9,16,8,103,55,5,1,5,1,4,1,0.0,0.8
Ryan Thomerson,Andrew Milliard,7,959,820,0.6826800016944434,0.5860112044388707,71,17,427,157,188,53,1084,408,43,14,224,73,5,1,44,12,4,0,0.0,1.0
Martyn Taylor,Tony Knowles,7,1023,954,0.5934092174000843,0.5430183807243099,18,8,97,49,610,303,5001,2482,4,0,75,39,7,3,47,17,4,2,0.0,0.6666666666666666
Alex Taubman,Ng On Yee,7,1053,976,0.6039885915613215,0.5479769376367963,204,92,1089,503,66,19,412,151,4,0,79,36,11,5,172,54,4,0,0.0,1.0
Craig Steadman,Nigel Clarke,7,1236,927,0.8523649112589072,0.6840614456522569,581,306,3730,1924,6,0,29,5,14,10,307,147,4,0,29,5,4,1,0.0,0.8
Hayden Staniland,Mark Vincent,7,1055,854,0.7534472409879828,0.6230466603666162,27,12,140,70,73,22,368,137,10,6,62,33,16,8,56,23,4,0,0.0,1.0
Lee Shanker,Dean Reynolds,7,928,900,0.5382188233953898,0.5174928576663897,61,18,323,125,439,215,3749,1849,9,5,56,26,4,0,25,1,4,0,0.0,1.0
Zack Richardson,Aidan Gallagher,7,1173,981,0.7437579445222342,0.617747874769249,77,40,432,239,4,1,20,7,10,6,50,30,9,4,20,7,4,1,0.0,0.8
Fergal Quinn (II),Joel Connolly Jnr,7,1083,952,0.6729150209582897,0.5811509642893937,36,19,183,95,6,0,31,6,11,7,113,60,6,2,31,6,4,1,0.0,0.8
Barry Pinches,Jay Bullen,7,1137,966,0.7203516579445735,0.6052765337748445,875,439,6480,3313,5,0,30,10,38,16,338,153,7,3,7,3,4,0,0.0,1.0
Luke Pinches,Gerard Greene,7,983,1178,0.25298898790249863,0.3804826803529153,43,17,223,101,833,426,5977,3052,4,0,61,29,27,18,196,81,4,2,0.0,0.6666666666666666
Yisong Peng,Velian Dimitrov,7,1071,994,0.6039885915613215,0.5479769376367963,44,12,284,111,2,1,9,4,64,27,284,111,9,4,9,4,4,0,0.0,1.0
Brian Ochoiski,Martin Shepherdson,7,1025,994,0.5422981239384312,0.519365308229932,64,25,332,148,2,1,11,5,7,3,55,25,11,5,11,5,4,0,0.0,1.0
Sean O'Sullivan,Darren Burns,7,1092,896,0.7480902113030796,0.6201064323430902,285,106,1789,787,26,7,134,45,55,25,289,115,4,0,4,0,4,0,0.0,1.0
Jamie O'Neill,Bradley Jones,7,1128,1165,0.44955793756481255,0.4768914745109111,390,192,2407,1212,353,201,2801,1479,7,3,206,84,5,1,5,1,4,0,0.0,1.0
Florian Nüßle,Nicolas Mortreux,7,1213,982,0.7841899555246323,0.6404919537233386,72,35,386,201,4,1,24,10,23,15,170,105,7,3,24,10,4,2,0.0,0.6666666666666666
Josh Mulholland,Jake Crofts,7,1019,967,0.5706954446194282,0.5324543063873187,30,14,157,77,6,1,34,10,9,4,62,31,4,0,34,10,4,3,0.0,0.5714285714285714
Gary Milne,Stephen Kershaw,7,993,994,0.4986328153483015,0.4993750003255206,1,0,5,1,211,90,1471,698,5,1,5,1,10,4,57,28,4,0,0.0,1.0
Rory McLeod,Mark Lloyd,7,1181,1002,0.7293972619311108,0.610044672404527,713,373,5046,2565,41,14,207,89,22,9,272,129,11,5,92,38,4,2,0.0,0.6666666666666666
Mitchell Mann,James Silverwood,7,1150,954,0.7480902113030796,0.6201064323430902,370,166,2240,1052,104,33,549,223,5,1,210,88,13,6,60,28,4,0,0.0,1.0
Jed Mann,Sean McAllister,7,931,1058,0.33201569905505146,0.421285137539866,20,5,99,35,42,20,221,109,6,2,22,10,11,7,112,65,4,3,0.0,0.5714285714285714
Sean Maddocks,Alex Millington,7,908,1026,0.34322251370053336,0.42678022732016513,67,17,324,111,32,14,181,90,11,5,97,34,7,3,53,25,4,2,0.0,0.6666666666666666
Shaun Liu,Neal Jones,7,993,1008,0.47950179614537025,0.4906260984783392,3,1,8,3,165,74,1094,521,6,2,8,3,13,6,75,41,4,3,0.0,0.5714285714285714
Peter Lines,Gary Filtness,7,1217,1015,0.7545108097932872,0.623633628298226,916,473,6460,3302,48,26,299,152,39,19,257,117,15,8,15,8,4,3,0.0,0.5714285714285714
James Lee,Mark Bell,7,993,972,0.5286845829371267,0.5131219861822433,17,8,85,39,9,3,50,20,8,4,69,35,5,1,39,17,4,0,0.0,1.0
Daegyu Lee,Keith Keldie,7,1055,953,0.6364932182719292,0.5634067862621936,22,13,121,67,38,12,202,77,22,14,40,21,17,9,74,39,4,0,0.0,1.0
Antoni Kowalski,Callum Beresford,7,1079,1031,0.5653114683109788,0.5299640517645717,31,16,173,89,28,14,137,64,16,9,49,29,9,4,73,32,4,3,0.0,0.5714285714285714
Anton Kazakov,Kayden Brierley,7,956,1043,0.3829018450543893,0.44583834723635146,42,7,249,78,25,13,136,70,53,19,227,69,28,18,75,37,4,2,0.0,0.6666666666666666
Mark Joyce,Jake Robinson,7,1264,974,0.837347307313657,0.6737070994545215,630,322,4372,2194,3,0,17,5,65,33,389,190,5,1,17,5,4,0,0.0,1.0
Halim Hussain,Andy Marriott,7,997,887,0.6466907800352545,0.5683199834782481,16,7,88,40,43,11,231,88,12,7,68,34,4,0,27,3,4,1,0.0,0.8
Liam Highfield,Faizaan Mohammed,7,1238,939,0.8445881619019862,0.6786337178522214,512,266,3419,1762,13,4,65,24,49,21,384,176,4,0,46,17,4,2,0.0,0.6666666666666666
Steven Hallworth,Brandon Sargeant,7,1233,1089,0.6887157040547041,0.5890404340586651,222,103,1202,572,141,55,790,357,5,1,274,132,7,3,55,29,4,2,0.0,0.6666666666666666
Brandon Hall,Lee Stephens,7,966,945,0.5286845829371267,0.5131219861822433,33,13,165,69,26,7,147,59,6,2,50,23,18,10,60,24,4,0,0.0,1.0
Dylan Emery,Adrian Rosa,7,1240,1140,0.6339273074659068,0.5621765008857981,116,53,663,324,302,166,2292,1178,81,42,389,194,10,5,10,5,4,1,0.0,0.8
Manuel Ederer,Wayne Townsend,7,986,969,0.5232282019769063,0.5106234010049637,4,1,19,7,51,23,309,143,7,3,19,7,4,0,26,12,4,3,0.0,0.5714285714285714
Umut Dikme,Labeeb Ahmed,7,1061,946,0.6530083881296338,0.5713839816769324,41,21,224,111,17,5,82,30,15,9,99,49,6,2,23,11,4,1,0.0,0.8
Paul Deaville,Phil O'Kane,7,1073,1087,0.48086718764462183,0.4912508931197597,19,11,90,47,123,57,641,312,29,19,58,34,10,6,83,44,4,2,0.0,0.6666666666666666
Ryan Davies,Anthony Wall,7,1097,990,0.6428793213307702,0.5664790559676278,58,29,291,148,5,2,30,13,18,10,135,66,12,5,30,13,4,0,0.0,1.0
Alfie Davies,Matthew Glasby,7,1115,1007,0.644151517953897,0.5670929049654543,31,18,168,91,85,38,451,208,45,25,168,91,7,3,75,37,4,1,0.0,0.8
Jeff Cundy,Michael Collumb,7,1086,1067,0.5259570402770714,0.5118727677562528,545,287,3763,1946,104,44,564,275,9,4,24,10,5,1,57,24,4,1,0.0,0.8
Bradley Cowdroy,Harvey Chandler,7,963,1160,0.2508331787523786,0.37930480863564453,19,6,89,37,94,37,537,240,10,5,49,20,14,10,85,49,4,3,0.0,0.5714285714285714
Joshua Cooper,Marc Shaw,7,1041,923,0.6567774862994666,0.5732197726798348,62,27,326,154,8,1,38,8,22,15,73,37,4,0,33,7,4,2,0.0,0.6666666666666666
Alex Clenshaw,Billy Joe Castle,7,1043,1135,0.37639911510945645,0.44275214540144436,31,12,139,67,158,69,877,402,20,13,66,35,7,3,92,51,4,2,0.0,0.6666666666666666
James Cahill,Riley Powell,7,1219,962,0.8088283859322067,0.655318370173895,326,135,2037,946,11,4,47,15,57,21,435,207,22,8,47,15,4,2,0.0,0.6666666666666666
Oliver Brown,Lee Whaley,7,1171,990,0.7316341543771714,0.6112334666758695,277,122,1519,717,1,0,5,1,85,45,288,119,5,1,5,1,4,0,0.0,1.0
Danny Brindle,Victor Sarkis,7,842,857,0.47950179614537025,0.4906260984783392,35,7,191,62,28,2,150,30,6,2,23,8,32,4,150,30,4,2,0.0,0.6666666666666666
Jack Bradford,Daan Leyssen Janssen,7,951,1042,0.3776967488123118,0.44336904007774663,70,23,382,158,24,13,132,67,5,1,59,24,11,5,94,48,4,2,0.0,0.6666666666666666
Iulian Boiko,Matthew Roberts,7,1166,920,0.7986358149208075,0.6490805242445733,94,35,526,225,29,9,152,60,49,23,292,148,8,4,40,16,4,0,0.0,1.0
Simon Blackwell,Jenson Kendrick,7,1139,1124,0.5204982038546295,0.5093739015216607,51,27,255,135,78,28,482,204,22,15,49,27,117,60,340,144,4,1,0.0,0.8
Connor Benzey,Evan Plummer (II),7,1019,969,0.5680051367615364,0.5312093733737563,29,13,150,69,4,1,21,7,17,9,74,38,10,4,21,7,4,1,0.0,0.8
Simon Bedford,Aristos Pampouris,7,1185,986,0.7513122476997512,0.6218716423074662,466,271,3468,1871,4,1,24,11,10,5,79,46,11,6,24,11,4,1,0.0,0.8
Jamie Barrett,Matt Williams,7,1044,976,0.5920814957526257,0.542397940774351,144,54,761,323,51,22,277,125,10,4,73,37,19,9,19,9,4,2,0.0,0.6666666666666666
Farakh Ajaib,Aaron Busuttil,7,1128,1056,0.5973854695265872,0.5448788923735801,141,59,773,349,34,19,181,91,15,11,221,104,15,9,50,28,4,2,0.0,0.6666666666666666
Adam Abbas,Tyler Rees,7,994,1037,0.44143655006080335,0.4731508513108857,1,0,6,2,50,21,287,129,6,2,6,2,5,1,76,41,4,3,0.0,0.5714285714285714
Daniel Womersley,Jack Bradford,7,1110,951,0.7064965786766507,0.5980868603322034,100,49,502,244,70,23,382,158,37,18,131,67,5,1,59,24,4,3,0.0,0.5714285714285714
Lewis Ullah,Daegyu Lee,7,995,1055,0.4185795134993229,0.46257015465625045,26,9,147,64,22,13,121,67,9,4,94,47,22,14,40,21,4,2,0.0,0.6666666666666666
Chris Totten,Sean Maddocks,7,1089,908,0.7316341543771714,0.6112334666758695,87,28,506,197,67,17,324,111,32,19,120,66,11,5,97,34,4,3,0.0,0.5714285714285714
Alex Taubman,Jamie Barrett,7,1053,1044,0.5123026114255715,0.5056247627073255,204,92,1089,503,144,54,761,323,4,0,79,36,10,4,73,37,4,1,0.0,0.8
Craig Steadman,Luke Pinches,7,1236,983,0.8051614968205012,0.6530561132866127,581,306,3730,1924,43,17,223,101,14,10,307,147,4,0,61,29,4,3,0.0,0.5714285714285714
Zack Richardson,Ryan Thomerson,7,1173,959,0.7670671244589201,0.6306485256510744,77,40,432,239,71,17,427,157,10,6,50,30,43,14,224,73,4,1,0.0,0.8
Barry Pinches,Oliver Brown,7,1137,1171,0.45362731252530075,0.4787627850337259,875,439,6480,3313,277,122,1519,717,38,16,338,153,85,45,288,119,4,2,0.0,0.6666666666666666
Andres Petrov,Liam Highfield,7,1058,1238,0.26948305440756287,0.389360766050778,67,22,410,168,512,266,3419,1762,52,23,273,102,49,21,384,176,4,3,0.0,0.5714285714285714
Yisong Peng,Brian Ochoiski,7,1071,1025,0.5626145694127913,0.5287183569514396,44,12,284,111,64,25,332,148,64,27,284,111,7,3,55,25,4,0,0.0,1.0
Sean O'Sullivan,Adam Abbas,7,1092,994,0.6313550071762073,0.5609454503247162,285,106,1789,787,1,0,6,2,55,25,289,115,6,2,6,2,4,1,0.0,0.8
Jamie O'Neill,Lee Shanker,7,1128,928,0.7523810515908644,0.6224593312018546,390,192,2407,1212,61,18,323,125,7,3,206,84,9,5,56,26,4,1,0.0,0.8
Josh Mulholland,Halim Hussain,7,1019,997,0.5300478260158454,0.513746534902355,30,14,157,77,16,7,88,40,9,4,62,31,12,7,68,34,4,0,0.0,1.0
Mitchell Mann,Ryan Davies,7,1150,1097,0.5720392978025534,0.5330766223661046,370,166,2240,1052,58,29,291,148,5,1,210,88,18,10,135,66,4,2,0.0,0.6666666666666666
Peter Lines,Bradley Cowdroy,7,1217,963,0.8060824586598727,0.653622330899504,916,473,6460,3302,19,6,89,37,39,19,257,117,10,5,49,20,4,0,0.0,1.0
Antoni Kowalski,Martyn Taylor,7,1079,1023,0.5760654606907909,0.5349429451582145,31,16,173,89,18,8,97,49,16,9,49,29,4,0,75,39,4,2,0.0,0.6666666666666666
Anton Kazakov,Jed Mann,7,956,931,0.534135239137421,0.5156199157230156,42,7,249,78,20,5,99,35,53,19,227,69,6,2,22,10,4,2,0.0,0.6666666666666666
Mark Joyce,Florian Nüßle,7,1264,1213,0.5693507188778237,0.5318318894162242,630,322,4372,2194,72,35,386,201,65,33,389,190,23,15,170,105,4,3,0.0,0.5714285714285714
Hamim Hussain,Alex Clenshaw,7,966,1043,0.39601140843867844,0.4520230623632036,43,16,196,82,31,12,139,67,7,3,62,30,20,13,66,35,4,2,0.0,0.6666666666666666
Steven Hallworth,Rory McLeod,7,1233,1181,0.5706954446194282,0.5324543063873187,222,103,1202,572,713,373,5046,2565,5,1,274,132,22,9,272,129,4,1,0.0,0.8
Brandon Hall,James Lee,7,966,993,0.4631419178202212,0.48313140430861523,33,13,165,69,17,8,85,39,6,2,50,23,8,4,69,35,4,1,0.0,0.8
Vladislav Gradinari,Patrick Whelan,7,1027,1034,0.4904306643721704,0.4956251116502266,11,6,53,28,61,28,324,159,25,11,53,28,7,3,75,37,4,1,0.0,0.8
Dylan Emery,Fergal Quinn (II),7,1240,1083,0.7041548710511403,0.596884378259767,116,53,663,324,36,19,183,95,81,42,389,194,11,7,113,60,4,2,0.0,0.6666666666666666
Umut Dikme,Danny Brindle,7,1061,842,0.7721850273226749,0.633555377636775,41,21,224,111,35,7,191,62,15,9,99,49,6,2,23,8,4,3,0.0,0.5714285714285714
Paul Deaville,Stuart Watson,7,1073,920,0.6994442564412618,0.5944759307482401,19,11,90,47,66,17,361,138,29,19,58,34,9,5,55,22,4,3,0.0,0.5714285714285714
Alfie Davies,Gary Milne,7,1115,993,0.661777191191235,0.5756643510425494,31,18,168,91,1,0,5,1,45,25,168,91,5,1,5,1,4,0,0.0,1.0
Joshua Cooper,Jeff Cundy,7,1041,1086,0.4387350506415305,0.4719046255916129,62,27,326,154,545,287,3763,1946,22,15,73,37,9,4,24,10,4,2,0.0,0.6666666666666666
James Cahill,Hayden Staniland,7,1219,1055,0.7123105654940886,0.6010878788483698,326,135,2037,946,27,12,140,70,57,21,435,207,10,6,62,33,4,0,0.0,1.0
Iulian Boiko,Simon Bedford,7,1166,1185,0.47404295972292854,0.4881272322437472,94,35,526,225,466,271,3468,1871,49,23,292,148,10,5,79,46,4,3,0.0,0.5714285714285714
Simon Blackwell,Steven Wardropper,7,1139,988,0.6970755073607001,0.5932699921071872,51,27,255,135,1,0,4,0,22,15,49,27,4,0,4,0,4,1,0.0,0.8
Connor Benzey,Manuel Ederer,7,1019,986,0.5450150538752272,0.5206133097144486,29,13,150,69,4,1,19,7,17,9,74,38,7,3,19,7,4,2,0.0,0.6666666666666666
Farakh Ajaib,Shaun Liu,7,1128,993,0.6778138346852377,0.5835831155172753,141,59,773,349,3,1,8,3,15,11,221,104,6,2,8,3,4,1,0.0,0.8
Lewis Ullah,Alex Taubman,7,995,1053,0.42125508861179106,0.4638133797682053,26,9,147,64,204,92,1089,503,9,4,94,47,4,0,79,36,4,1,0.0,0.8
Chris Totten,Vladislav Gradinari,7,1089,1027,0.5840920587766287,0.538672605206508,87,28,506,197,11,6,53,28,32,19,120,66,25,11,53,28,4,2,0.0,0.6666666666666666
Joshua Thomond,Barry Pinches,7,1064,1137,0.40129146875494726,0.45450121278721795,66,29,352,173,875,439,6480,3313,16,8,103,55,38,16,338,153,4,3,0.0,0.5714285714285714
Zack Richardson,Peter Lines,7,1173,1217,0.44008542926958705,0.47252769565540637,77,40,432,239,916,473,6460,3302,10,6,50,30,39,19,257,117,4,2,0.0,0.6666666666666666
Andres Petrov,Anton Kazakov,7,1058,956,0.6364932182719292,0.5634067862621936,67,22,410,168,42,7,249,78,52,23,273,102,53,19,227,69,4,3,0.0,0.5714285714285714
Sean O'Sullivan,Jamie O'Neill,7,1092,1128,0.45091379157772826,0.4775151752081999,285,106,1789,787,390,192,2407,1212,55,25,289,115,7,3,206,84,4,2,0.0,0.6666666666666666
Josh Mulholland,Brandon Hall,7,1019,966,0.5720392978025534,0.5330766223661046,30,14,157,77,33,13,165,69,9,4,62,31,6,2,50,23,4,2,0.0,0.6666666666666666
Mitchell Mann,Joshua Cooper,7,1150,1041,0.6454220086166967,0.5677065480733601,370,166,2240,1052,62,27,326,154,5,1,210,88,22,15,73,37,4,0,0.0,1.0
Antoni Kowalski,Yisong Peng,7,1079,1071,0.510936041856229,0.5049998333399998,31,16,173,89,44,12,284,111,16,9,49,29,64,27,284,111,4,1,0.0,0.8
Hamim Hussain,Daniel Womersley,7,966,1110,0.31128429594529594,0.41095956594133487,43,16,196,82,100,49,502,244,7,3,62,30,37,18,131,67,4,1,0.0,0.8
Steven Hallworth,Umut Dikme,7,1233,1061,0.721490850613204,0.6058736684317606,222,103,1202,572,41,21,224,111,5,1,274,132,15,9,99,49,4,3,0.0,0.5714285714285714
Dylan Emery,Craig Steadman,7,1240,1236,0.5054685677142574,0.5024999791668749,116,53,663,324,581,306,3730,1924,81,42,389,194,14,10,307,147,4,0,0.0,1.0
James Cahill,Connor Benzey,7,1219,1019,0.7523810515908644,0.6224593312018546,326,135,2037,946,29,13,150,69,57,21,435,207,17,9,74,38,4,1,0.0,0.8
Iulian Boiko,Mark Joyce,7,1166,1264,0.36864499282379254,0.43905454967528373,94,35,526,225,630,322,4372,2194,49,23,292,148,65,33,389,190,4,0,0.0,1.0
Simon Blackwell,Alfie Davies,7,1139,1115,0.5327731710226205,0.51499550161941,51,27,255,135,31,18,168,91,22,15,49,27,45,25,168,91,4,1,0.0,0.8
Farakh Ajaib,Paul Deaville,7,1128,1073,0.5747243219334544,0.5343209436693046,141,59,773,349,19,11,90,47,15,11,221,104,29,19,58,34,4,2,0.0,0.6666666666666666
Lewis Ullah,Steven Hallworth,7,995,1233,0.2089905743017545,0.3554884462937054,26,9,147,64,222,103,1202,572,9,4,94,47,5,1,274,132,4,3,0.0,0.5714285714285714
Chris Totten,Dylan Emery,7,1089,1240,0.3029244926392998,0.4067300078928128,87,28,506,197,116,53,663,324,32,19,120,66,81,42,389,194,4,2,0.0,0.6666666666666666
Joshua Thomond,Zack Richardson,7,1064,1173,0.3545779913833035,0.43229345192664,66,29,352,173,77,40,432,239,16,8,103,55,10,6,50,30,4,0,0.0,1.0
Mitchell Mann,Josh Mulholland,7,1150,1019,0.6729150209582897,0.5811509642893937,370,166,2240,1052,30,14,157,77,5,1,210,88,9,4,62,31,4,2,0.0,0.6666666666666666
Antoni Kowalski,James Cahill,7,1079,1219,0.31610864255174254,0.41338242108267,31,16,173,89,326,135,2037,946,16,9,49,29,57,21,435,207,4,3,0.0,0.5714285714285714
Iulian Boiko,Andres Petrov,7,1166,1058,0.644151517953897,0.5670929049654543,94,35,526,225,67,22,410,168,49,23,292,148,52,23,273,102,4,3,0.0,0.5714285714285714
Simon Blackwell,Hamim Hussain,7,1139,966,0.7226276336267841,0.6064704870683034,51,27,255,135,43,16,196,82,22,15,49,27,7,3,62,30,4,1,0.0,0.8
Farakh Ajaib,Sean O'Sullivan,7,1128,1092,0.549086208422272,0.5224848247918001,141,59,773,349,285,106,1789,787,15,11,221,104,55,25,289,115,4,1,0.0,0.8
Chris Totten,Lewis Ullah,7,1089,995,0.6261916833783177,0.5584811124381613,87,28,506,197,26,9,147,64,32,19,120,66,9,4,94,47,4,2,0.0,0.6666666666666666
Mitchell Mann,Joshua Thomond,7,1150,1064,0.6157933128709394,0.5535439031511183,370,166,2240,1052,66,29,352,173,5,1,210,88,16,8,103,55,4,2,0.0,0.6666666666666666
Antoni Kowalski,Simon Blackwell,7,1079,1139,0.4185795134993229,0.46257015465625045,31,16,173,89,51,27,255,135,16,9,49,29,22,15,49,27,4,1,0.0,0.8
Farakh Ajaib,Iulian Boiko,7,1128,1166,0.44820271004203943,0.4762678458734389,141,59,773,349,94,35,526,225,15,11,221,104,49,23,292,148,4,1,0.0,0.8
Zhang Zhijie,Sohail Shahzad,7,989,996,0.4904306643721704,0.4956251116502266,13,6,67,31,1,0,7,3,17,8,59,27,7,3,7,3,4,1,0.0,0.8
Luo Zetao,Ali Al Obaidly,7,999,978,0.5286845829371267,0.5131219861822433,10,4,49,21,4,1,19,5,16,12,31,19,15,5,15,5,4,0,0.0,1.0
Lan Yuhao,Subrat Das,7,1031,1008,0.5314106943491967,0.5143710406970602,5,3,27,15,3,2,18,9,27,15,27,15,18,9,18,9,4,0,0.0,1.0
Gao Yang,Pongsatorn Seemuen,7,1188,992,0.7480902113030796,0.6201064323430902,69,29,410,192,1,0,6,2,59,35,231,122,6,2,6,2,4,0,0.0,1.0
Zhang Yang,Pan Yiming,7,1056,992,0.5867595016023184,0.5399148845555657,20,11,111,55,1,0,6,2,9,5,9,5,6,2,6,2,4,0,0.0,1.0
Liu Yang,Abhishek Bajaj,7,1017,998,0.5259570402770714,0.5118727677562528,4,3,22,13,2,1,12,6,22,13,22,13,12,6,12,6,4,0,0.0,1.0
Muhammad Umar Khan,Mohammad Reza Pishvari,7,993,999,0.4917974901893887,0.496250070310918,1,0,6,2,2,1,12,6,6,2,6,2,12,6,12,6,4,1,0.0,0.8
Narinton Tasurin,Vinay Swaminathan,7,987,989,0.4972656477862734,0.49875000260416025,1,0,5,1,2,1,11,4,5,1,5,1,11,4,11,4,4,3,0.0,0.5714285714285714
Amin Sanjaei,Hassan Gull,7,977,996,0.47404295972292854,0.4881272322437472,9,4,48,21,1,0,7,3,18,8,48,21,7,3,7,3,4,3,0.0,0.5714285714285714
Laxman Rawat,Xian Ziheng,7,1056,984,0.5973854695265872,0.5448788923735801,29,13,150,71,1,0,4,0,6,2,31,16,4,0,4,0,4,0,0.0,1.0
Prin Ratmukda,Taweesap Kongkitchertchoo,7,989,961,0.5382188233953898,0.5174928576663897,6,3,31,14,8,3,42,16,11,5,31,14,5,1,42,16,4,1,0.0,0.8
Chen Qiyu,Angad Ghai,7,1008,984,0.5327731710226205,0.51499550161941,2,1,11,6,1,0,4,0,11,6,11,6,4,0,4,0,4,1,0.0,0.8
Dhruv Patel,Passakorn Sittikrai,7,1008,999,0.5123026114255715,0.5056247627073255,10,7,61,32,2,1,13,6,20,11,61,32,13,6,13,6,4,2,0.0,0.6666666666666666
Asutosh Padhy,Shuvo Biswas,7,993,988,0.5068355814796678,0.5031249593105316,11,4,67,30,1,0,5,1,5,1,57,28,5,1,5,1,4,0,0.0,1.0
Farhan Noor,Morteza Torabi (II),7,996,990,0.5082025098106111,0.5037499296890819,1,0,7,3,11,6,56,26,7,3,7,3,16,8,56,26,4,1,0.0,0.8
Muhammad Naseem Akhtar,Lomnaw Issarangkun,7,990,990,0.5,0.5,7,2,44,19,1,0,5,1,6,2,44,19,5,1,5,1,4,0,0.0,1.0
Wan Nansen Sin Man,Shrikrishna Suryanarayanan,7,1011,992,0.5259570402770714,0.5118727677562528,4,2,20,10,7,3,37,15,14,8,14,8,22,12,33,15,4,2,0.0,0.6666666666666666
Babar Masih,Shahin Khorami Del,7,1007,996,0.5150352723345792,0.5068745667645342,9,2,63,26,1,0,7,3,7,3,25,12,7,3,7,3,4,1,0.0,0.8
Fung Kwok Wai,Digvijay Kadian,7,1087,930,0.7041548710511403,0.596884378259767,33,16,200,103,12,2,68,23,16,10,46,29,13,7,45,16,4,2,0.0,0.6666666666666666
Wong Kwan Chun Wallace,Ian Mark John,7,958,987,0.46042091137016095,0.4818829349568186,3,0,12,0,1,0,5,1,4,0,12,0,5,1,5,1,4,1,0.0,0.8
Putthakam Kimsuk,Jongrak Boonrod,7,1038,990,0.5653114683109788,0.5299640517645717,14,9,78,44,3,1,14,5,21,13,78,44,10,5,14,5,4,3,0.0,0.5714285714285714
Zhou Jinhao,Lin Shu-hung,7,1008,996,0.5164013295642876,0.5074994375506203,2,1,9,5,1,0,7,3,9,5,9,5,7,3,7,3,4,2,0.0,0.6666666666666666
Rana Irfan Aslam,Wiphu Phuthisabodi,7,999,959,0.5545057991359676,0.52497918747894,2,1,12,6,5,0,30,10,12,6,12,6,6,2,30,10,4,2,0.0,0.6666666666666666
Luo Honghao,Chau Hon Man,7,1241,975,0.8169132017945215,0.660382673079216,126,60,747,360,21,7,123,49,20,13,20,13,16,9,55,27,4,1,0.0,0.8
Ehsan Heydarinezhad,Patipaan Wonghun,7,1085,985,0.6339273074659068,0.5621765008857981,23,11,150,73,1,0,4,0,25,16,46,29,4,0,4,0,4,0,0.0,1.0
Deng Haohui,Qadeer Abbas,7,991,976,0.5204982038546295,0.5093739015216607,6,2,34,14,4,1,19,6,6,2,34,14,10,5,19,6,4,2,0.0,0.6666666666666666
Kreishh Gurbaxani,Liu Wenwei,7,983,993,0.4863309727288301,0.49375032550048964,12,3,71,32,6,3,33,15,7,3,48,22,17,10,33,15,4,2,0.0,0.6666666666666666
Ali Gharahgozlou,Chen Xiaolong,7,1047,981,0.589422689021118,0.541156668150228,5,4,26,18,5,2,24,9,26,18,26,18,4,0,24,9,4,1,0.0,0.8
Thitiphong Choolasak,Pongsakron Chongjairak (II),7,1022,1049,0.4631419178202212,0.48313140430861523,7,4,40,23,11,6,62,36,6,2,40,23,7,3,62,36,4,2,0.0,0.6666666666666666
Ritthichai Chimphanang,Aadil-Hussain Narejo,7,1006,988,0.5245927745980452,0.5112481019468548,2,1,12,7,1,0,5,1,12,7,12,7,5,1,5,1,4,0,0.0,1.0
Nattanapong Chaikul,Luo Chenliang,7,1012,988,0.5327731710226205,0.51499550161941,13,7,73,36,1,0,5,1,11,6,73,36,5,1,5,1,4,0,0.0,1.0
Hamza Akbar,Arman Madanighafarokhi,7,1085,988,0.6300664956451868,0.5603296426885532,84,26,514,197,1,0,5,1,13,7,60,30,5,1,5,1,4,1,0.0,0.8
Muhammad Ahsan Javaid,Ayush Gautam,7,987,990,0.4958985144028909,0.498125008789013,9,4,49,23,1,0,6,2,5,1,49,23,6,2,6,2,4,1,0.0,0.8
Zhang Zhijie,Muhammad Azhar Khan,7,989,943,0.5626145694127913,0.5287183569514396,13,6,67,31,5,0,23,3,17,8,59,27,6,2,23,3,4,0,0.0,1.0
Luo Zetao,Zulfiqar Qadir,7,999,1005,0.4917974901893887,0.496250070310918,10,4,49,21,5,2,29,13,16,12,31,19,6,2,29,13,4,2,0.0,0.6666666666666666
Lan Yuhao,Cao Zeyi,7,1031,985,0.5626145694127913,0.5287183569514396,5,3,27,15,1,0,4,0,27,15,27,15,4,0,4,0,4,3,0.0,0.5714285714285714
Feng Yu,Nattanapong Chaikul,7,987,1012,0.465864760862579,0.4843800842769844,8,4,45,20,13,7,73,36,12,6,12,6,11,6,73,36,4,1,0.0,0.8
Liu Yang,Mubashir Raza,7,1017,1036,0.47404295972292854,0.4881272322437472,4,3,22,13,11,7,62,36,22,13,22,13,0,0,62,36,4,1,0.0,0.8
Liang Xiaolong,Thitiphong Choolasak,7,1034,1022,0.5164013295642876,0.5074994375506203,8,5,40,24,7,4,40,23,25,17,40,24,6,2,40,23,4,2,0.0,0.6666666666666666
Muhammad Umar Khan,Zhao Hanyang,7,993,974,0.5259570402770714,0.5118727677562528,1,0,6,2,6,2,33,12,6,2,6,2,6,2,6,2,4,2,0.0,0.6666666666666666
Narinton Tasurin,Pawaris Ngamkham,7,987,988,0.4986328153483015,0.4993750003255206,1,0,5,1,2,1,11,4,5,1,5,1,11,4,11,4,4,1,0.0,0.8
Narongdat Takantong,Prin Ratmukda,7,1024,989,0.5477297445502348,0.5218610539716015,12,7,65,35,6,3,31,14,4,0,65,35,11,5,31,14,4,2,0.0,0.6666666666666666
Haris Tahir,Hamza Akbar,7,1002,1085,0.3881295430910018,0.44831033065729986,6,3,36,18,84,26,514,197,11,6,36,18,13,7,60,30,4,2,0.0,0.6666666666666666
Amin Sanjaei,Ren Jiaxing,7,977,969,0.510936041856229,0.5049998333399998,9,4,48,21,7,1,39,13,18,8,48,21,12,6,24,10,4,0,0.0,1.0
Laxman Rawat,Zhang Yang,7,1056,1056,0.5,0.5,29,13,150,71,20,11,111,55,6,2,31,16,9,5,9,5,4,2,0.0,0.6666666666666666
Chen Qiyu,Sumongkhon Khamphul,7,1008,990,0.5245927745980452,0.5112481019468548,2,1,11,6,1,0,5,1,11,6,11,6,5,1,5,1,4,0,0.0,1.0
Dhruv Patel,Muhammad Siddiqui (II),7,1008,1003,0.5068355814796678,0.5031249593105316,10,7,61,32,10,5,59,30,20,11,61,32,23,14,59,30,4,0,0.0,1.0
Asutosh Padhy,Saroj Gautam,7,993,997,0.4945314322857424,0.49750002083312506,11,4,67,30,1,0,7,3,5,1,57,28,7,3,7,3,4,1,0.0,0.8
Farhan Noor,Vorawit Thongweang,7,996,954,0.557211603425229,0.5262259093720687,1,0,7,3,3,0,12,0,7,3,7,3,4,0,12,0,4,0,0.0,1.0
Muhammad Naseem Akhtar,Anand Raghuvanshi,7,990,992,0.4972656477862734,0.49875000260416025,7,2,44,19,1,0,6,2,6,2,44,19,6,2,6,2,4,1,0.0,0.8
Wan Nansen Sin Man,Nipitpon Manamuti,7,1011,984,0.536858082179779,0.5168685956913849,4,2,20,10,1,0,4,0,14,8,14,8,4,0,4,0,4,0,0.0,1.0
Umer-Naeem Memon,Boonpithak Lothong,7,974,992,0.47540722540195457,0.4887518980531451,5,0,33,13,1,0,6,2,7,3,33,13,6,2,6,2,4,3,0.0,0.5714285714285714
Fung Kwok Wai,Hrithik Jain,7,1087,926,0.7088291167182063,0.5992881635083561,33,16,200,103,15,3,78,25,16,10,46,29,11,4,38,11,4,2,0.0,0.6666666666666666
Putthakam Kimsuk,Mohammad Ali Moghadam,7,1038,950,0.6184015843393024,0.5547792351072148,14,9,78,44,5,0,27,7,21,13,78,44,6,2,27,7,4,0,0.0,1.0
Zhou Jinhao,Jaden Ong Jia Jun,7,1008,996,0.5164013295642876,0.5074994375506203,2,1,9,5,6,3,31,15,9,5,9,5,17,10,31,15,4,3,0.0,0.5714285714285714
Rana Irfan Aslam,Dong Zihao,7,999,990,0.5123026114255715,0.5056247627073255,2,1,12,6,2,0,13,3,12,6,12,6,5,1,13,3,4,2,0.0,0.6666666666666666
Luo Honghao,Chatchapong Nasa,7,1241,971,0.8204326451879429,0.6626218371700825,126,60,747,360,8,2,49,20,20,13,20,13,14,7,49,20,4,1,0.0,0.8
Ehsan Heydarinezhad,Hamed Zarehdoust,7,1085,973,0.6492231123314619,0.569546223939229,23,11,150,73,3,0,18,6,25,16,46,29,7,3,18,6,4,1,0.0,0.8
Deng Haohui,Hunain Memon,7,991,964,0.536858082179779,0.5168685956913849,6,2,34,14,3,0,15,3,6,2,34,14,4,0,15,3,4,0,0.0,1.0
Kreishh Gurbaxani,Himanshu Jain,7,983,947,0.549086208422272,0.5224848247918001,12,3,71,32,37,7,208,65,7,3,48,22,48,18,208,65,4,1,0.0,0.8
Ali Gharahgozlou,Gao Yang,7,1047,1188,0.3148993834727192,0.4127763091606651,5,4,26,18,69,29,410,192,26,18,26,18,59,35,231,122,4,2,0.0,0.6666666666666666
Ritthichai Chimphanang,Danish Khan,7,1006,996,0.51366902727117,0.5062496744995104,2,1,12,7,1,0,7,3,12,7,12,7,7,3,7,3,4,2,0.0,0.6666666666666666
Muhammad Ahsan Javaid,Li Chengjie,7,987,1056,0.4065907825999159,0.4569816192756902,9,4,49,23,8,5,41,28,5,1,49,23,15,11,41,28,4,3,0.0,0.5714285714285714
Lan Yuhao,Wong Kwan Chun Wallace,7,1031,958,0.5987085312450529,0.5454987872127821,5,3,27,15,3,0,12,0,27,15,27,15,4,0,12,0,4,1,0.0,0.8
Liang Xiaolong,Ritthichai Chimphanang,7,1034,1006,0.5382188233953898,0.5174928576663897,8,5,40,24,2,1,12,7,25,17,40,24,12,7,12,7,4,1,0.0,0.8
Muhammad Umar Khan,Luo Zetao,7,993,999,0.4917974901893887,0.496250070310918,1,0,6,2,10,4,49,21,6,2,6,2,16,12,31,19,4,2,0.0,0.6666666666666666
Haris Tahir,Zhou Jinhao,7,1002,1008,0.4917974901893887,0.496250070310918,6,3,36,18,2,1,9,5,11,6,36,18,9,5,9,5,4,3,0.0,0.5714285714285714
Amin Sanjaei,Putthakam Kimsuk,7,977,1038,0.41724321907824724,0.4619487156141408,9,4,48,21,14,9,78,44,18,8,48,21,21,13,78,44,4,1,0.0,0.8
Laxman Rawat,Wan Nansen Sin Man,7,1056,1011,0.5612649493584694,0.528095374408387,29,13,150,71,4,2,20,10,6,2,31,16,14,8,14,8,4,2,0.0,0.6666666666666666
Chen Qiyu,Feng Yu,7,1008,987,0.5286845829371267,0.5131219861822433,2,1,11,6,8,4,45,20,11,6,11,6,12,6,12,6,4,2,0.0,0.6666666666666666
Asutosh Padhy,Babar Masih,7,993,1007,0.48086718764462183,0.4912508931197597,11,4,67,30,9,2,63,26,5,1,57,28,7,3,25,12,4,1,0.0,0.8
Farhan Noor,Narongdat Takantong,7,996,1024,0.46178117660461016,0.48250714233361025,1,0,7,3,12,7,65,35,7,3,7,3,4,0,65,35,4,3,0.0,0.5714285714285714
Muhammad Naseem Akhtar,Muhammad Ahsan Javaid,7,990,987,0.5041014855971089,0.5018749912109869,7,2,44,19,9,4,49,23,6,2,44,19,5,1,49,23,4,1,0.0,0.8
Fung Kwok Wai,Umer-Naeem Memon,7,1087,974,0.6504866469700167,0.5701590253818352,33,16,200,103,5,0,33,13,16,10,46,29,7,3,33,13,4,2,0.0,0.6666666666666666
Luo Honghao,Dhruv Patel,7,1241,1008,0.786152249899794,0.6416424532015634,126,60,747,360,10,7,61,32,20,13,20,13,20,11,61,32,4,0,0.0,1.0
Ehsan Heydarinezhad,Rana Irfan Aslam,7,1085,999,0.6157933128709394,0.5535439031511183,23,11,150,73,2,1,12,6,25,16,46,29,12,6,12,6,4,2,0.0,0.6666666666666666
Deng Haohui,Zhang Zhijie,7,991,989,0.5027343522137269,0.5012499973958399,6,2,34,14,13,6,67,31,6,2,34,14,17,8,59,27,4,1,0.0,0.8
Kreishh Gurbaxani,Liu Yang,7,983,1017,0.45362731252530075,0.4787627850337259,12,3,71,32,4,3,22,13,7,3,48,22,22,13,22,13,4,1,0.0,0.8
Ali Gharahgozlou,Narinton Tasurin,7,1047,987,0.5814204865006773,0.5374298453437496,5,4,26,18,1,0,5,1,26,18,26,18,5,1,5,1,4,0,0.0,1.0
Lan Yuhao,Asutosh Padhy,7,1031,993,0.5517972899579606,0.523732154126561,5,3,27,15,11,4,67,30,27,15,27,15,5,1,57,28,4,2,0.0,0.6666666666666666
Haris Tahir,Laxman Rawat,7,1002,1056,0.4266177377216683,0.4663011645670992,6,3,36,18,29,13,150,71,11,6,36,18,6,2,31,16,4,1,0.0,0.8
Amin Sanjaei,Ali Gharahgozlou,7,977,1047,0.40526420278841835,0.4563613127629212,9,4,48,21,5,4,26,18,18,8,48,21,26,18,26,18,4,3,0.0,0.5714285714285714
Chen Qiyu,Liang Xiaolong,7,1008,1034,0.4645031181885513,0.48375571893792757,2,1,11,6,8,5,40,24,11,6,11,6,25,17,40,24,4,0,0.0,1.0
Muhammad Naseem Akhtar,Muhammad Umar Khan,7,990,993,0.4958985144028909,0.498125008789013,7,2,44,19,1,0,6,2,6,2,44,19,6,2,6,2,4,1,0.0,0.8
Fung Kwok Wai,Farhan Noor,7,1087,996,0.622303251187688,0.5566309599222533,33,16,200,103,1,0,7,3,16,10,46,29,7,3,7,3,4,0,0.0,1.0
Ehsan Heydarinezhad,Luo Honghao,7,1085,1241,0.2970193973349833,0.40371730070321216,23,11,150,73,126,60,747,360,25,16,46,29,20,13,20,13,4,2,0.0,0.6666666666666666
Kreishh Gurbaxani,Deng Haohui,7,983,991,0.48906395814377107,0.4950001666600003,12,3,71,32,6,2,34,14,7,3,48,22,6,2,34,14,4,1,0.0,0.8
Lan Yuhao,Chen Qiyu,7,1031,1008,0.5314106943491967,0.5143710406970602,5,3,27,15,2,1,11,6,27,15,27,15,11,6,11,6,4,2,0.0,0.6666666666666666
Haris Tahir,Ehsan Heydarinezhad,7,1002,1085,0.3881295430910018,0.44831033065729986,6,3,36,18,23,11,150,73,11,6,36,18,25,16,46,29,4,3,0.0,0.5714285714285714
Muhammad Naseem Akhtar,Amin Sanjaei,7,990,977,0.5177671819164105,0.5081242849062608,7,2,44,19,9,4,48,21,6,2,44,19,18,8,48,21,4,0,0.0,1.0
Kreishh Gurbaxani,Fung Kwok Wai,7,983,1087,0.3609473704892455,0.4353637081969708,12,3,71,32,33,16,200,103,7,3,48,22,16,10,46,29,4,2,0.0,0.6666666666666666
Haris Tahir,Lan Yuhao,7,1002,1031,0.46042091137016095,0.4818829349568186,6,3,36,18,5,3,27,15,11,6,36,18,27,15,27,15,4,2,0.0,0.6666666666666666
Kreishh Gurbaxani,Muhammad Naseem Akhtar,7,983,990,0.4904306643721704,0.4956251116502266,12,3,71,32,7,2,44,19,7,3,48,22,6,2,44,19,4,2,0.0,0.6666666666666666
Daniel Womersley,Siripaporn Nuanthakhamjan,4,1094,895,0.8450699803047446,0.6218716423074662,103,51,520,253,15,0,94,17,55,27,149,76,26,2,94,17,3,0,0.0,1.0
Kyren Wilson,Siripaporn Nuanthakhamjan,4,1576,895,0.9870447883079169,0.8458609673024156,1040,660,6609,3724,15,0,94,17,410,229,1302,753,26,2,94,17,3,0,0.0,1.0
Kyren Wilson,Scott Donaldson,4,1576,1357,0.857267523050036,0.633555377636775,1040,660,6609,3724,483,256,3119,1587,410,229,1302,753,80,40,577,296,2,2,0.0,0.5
Kyren Wilson,Daniel Womersley,4,1576,1094,0.9594397136441013,0.7694130612287485,1040,660,6609,3724,103,51,520,253,410,229,1302,753,55,27,149,76,2,2,0.0,0.5
Scott Donaldson,Daniel Womersley,4,1357,1094,0.8816791716208421,0.6586985747356444,483,256,3119,1587,103,51,520,253,80,40,577,296,55,27,149,76,3,1,0.0,0.75
Scott Donaldson,Siripaporn Nuanthakhamjan,4,1357,895,0.954879158300537,0.7604230019887311,483,256,3119,1587,15,0,94,17,80,40,577,296,26,2,94,17,3,0,0.0,1.0
Ronnie O'Sullivan,Mitchell Mann,4,1643,1191,0.9524394093994043,0.7558388990947971,1523,1163,13179,8044,375,171,2266,1072,264,161,1090,659,31,21,236,108,2,2,0.0,0.5
Ronnie O'Sullivan,Kayden Brierley,4,1643,1044,0.9789166234584367,0.8172013139908454,1523,1163,13179,8044,27,14,147,76,264,161,1090,659,39,24,86,43,3,0,0.0,1.0
Mitchell Mann,Kayden Brierley,4,1191,1044,0.8101047274455556,0.5908547524545943,375,171,2266,1072,27,14,147,76,31,21,236,108,39,24,86,43,2,2,0.0,0.5
Mitchell Mann,He Guoqiang,4,1191,1267,0.6133269685205117,0.45264238185691075,375,171,2266,1072,56,32,373,191,31,21,236,108,100,52,290,159,3,1,0.0,0.75
He Guoqiang,Ronnie O'Sullivan,4,1267,1643,0.3147924752342217,0.2809003425836161,56,32,373,191,1523,1163,13179,8044,100,52,290,159,264,161,1090,659,3,0,0.0,1.0
He Guoqiang,Kayden Brierley,4,1267,1044,0.8596238403277432,0.6358738914270539,56,32,373,191,27,14,147,76,100,52,290,159,39,24,86,43,3,0,0.0,1.0
Tian Pengfei,Reanne Evans,4,1292,926,0.926512709030598,0.7140222267773016,557,307,3660,1927,210,61,1188,455,73,36,440,217,32,8,237,68,3,0,0.0,1.0
Shaun Murphy,Tian Pengfei,4,1479,1292,0.8374176932588974,0.6147918694922195,1350,885,9753,5538,557,307,3660,1927,121,64,793,449,73,36,440,217,3,0,0.0,1.0
Shaun Murphy,Reanne Evans,4,1479,926,0.9725659880987871,0.7993922110988483,1350,885,9753,5538,210,61,1188,455,121,64,793,449,32,8,237,68,3,1,0.0,0.75
Shaun Murphy,Steven Hallworth,4,1479,1234,0.8720914675875998,0.6485108747389209,1350,885,9753,5538,226,106,1227,587,121,64,793,449,30,16,299,147,3,0,0.0,1.0
Steven Hallworth,Reanne Evans,4,1234,926,0.9033025362004015,0.6835208937363156,226,106,1227,587,210,61,1188,455,30,16,299,147,32,8,237,68,3,0,0.0,1.0
Steven Hallworth,Tian Pengfei,4,1234,1292,0.6313557772678856,0.4638133797682053,226,106,1227,587,557,307,3660,1927,30,16,299,147,73,36,440,217,3,1,0.0,0.75
Mark Williams,David Grace,4,1557,1243,0.9059399876643178,0.6867567266439019,1785,1170,13055,7492,476,221,3123,1512,160,85,942,546,58,28,434,206,3,0,0.0,1.0
Mark Williams,Fergal Quinn (II),4,1557,1089,0.9562911983160647,0.7631450157268554,1785,1170,13055,7492,38,20,194,101,160,85,942,546,22,13,124,66,3,0,0.0,1.0
Mark Williams,Connor Benzey,4,1557,1030,0.9682716793033965,0.7887654709682405,1785,1170,13055,7492,32,15,166,78,160,85,942,546,33,18,90,47,2,2,0.0,0.5
David Grace,Fergal Quinn (II),4,1243,1089,0.8150839938934833,0.595078473866134,476,221,3123,1512,38,20,194,101,58,28,434,206,22,13,124,66,3,1,0.0,0.75
Connor Benzey,Fergal Quinn (II),4,1030,1089,0.6303605359949337,0.46319171001101955,32,15,166,78,38,20,194,101,33,18,90,47,22,13,124,66,3,1,0.0,0.75
Connor Benzey,David Grace,4,1030,1243,0.472284506013187,0.36993399171498176,32,15,166,78,476,221,3123,1512,33,18,90,47,58,28,434,206,3,1,0.0,0.75
Xing Zihao,Joshua Thomond,4,1129,1094,0.7195545125740371,0.5218610539716015,24,9,157,70,70,32,374,187,57,26,157,70,38,22,125,69,3,1,0.0,0.75
Xing Zihao,Kreishh Gurbaxani,4,1129,1047,0.7599484856425774,0.551071269307342,24,9,157,70,18,9,104,56,57,26,157,70,40,27,81,46,3,0,0.0,1.0
Joshua Thomond,Kreishh Gurbaxani,4,1094,1047,0.7301722148402005,0.5293412500457856,70,32,374,187,18,9,104,56,38,22,125,69,40,27,81,46,3,1,0.0,0.75
Ali Carter,Xing Zihao,4,1476,1129,0.9194589597797362,0.704225233864307,1316,810,8899,4911,24,9,157,70,230,117,1087,601,57,26,157,70,3,1,0.0,0.75
Ali Carter,Kreishh Gurbaxani,4,1476,1047,0.94640112985701,0.7450720559074311,1316,810,8899,4911,18,9,104,56,230,117,1087,601,40,27,81,46,3,1,0.0,0.75
Ali Carter,Joshua Thomond,4,1476,1094,0.9320587008567788,0.7221196058493572,1316,810,8899,4911,70,32,374,187,230,117,1087,601,38,22,125,69,2,2,0.0,0.5
Gary Wilson,Joe Perry,4,1489,1318,0.8268249954348647,0.6052765337748445,727,418,4678,2516,1382,803,9491,5122,254,135,886,465,87,40,667,333,2,2,0.0,0.5
Gary Wilson,Michael Holt,4,1489,1259,0.8636809547445585,0.6399160967377341,727,418,4678,2516,1005,568,6991,3690,254,135,886,465,16,6,279,144,3,1,0.0,0.75
Gary Wilson,Huang Jiahao,4,1489,1052,0.948570638244755,0.7488521955201534,727,418,4678,2516,24,10,139,64,254,135,886,465,0,0,36,24,3,0,0.0,1.0
Joe Perry,Huang Jiahao,4,1318,1052,0.8832241443383836,0.660382673079216,1382,803,9491,5122,24,10,139,64,87,40,667,333,0,0,36,24,3,1,0.0,0.75
Joe Perry,Michael Holt,4,1318,1259,0.740585927083908,0.5368082899889803,1382,803,9491,5122,1005,568,6991,3690,87,40,667,333,16,6,279,144,2,2,0.0,0.5
Michael Holt,Huang Jiahao,4,1259,1052,0.8500323339351388,0.6265629971237182,1005,568,6991,3690,24,10,139,64,16,6,279,144,0,0,36,24,3,1,0.0,0.75
Barry Pinches,Robbie Mcguigan,4,1152,1044,0.7808439281989745,0.5670929049654543,878,441,6497,3324,60,22,277,120,55,27,355,164,0,0,141,63,3,1,0.0,0.75
Barry Pinches,Tom Ford,4,1152,1450,0.38710838211979015,0.3219117504483725,878,441,6497,3324,940,537,6406,3419,55,27,355,164,163,81,896,475,3,1,0.0,0.75
Robbie Mcguigan,Sanderson Lam,4,1044,1243,0.48669554378355967,0.3781283576925339,60,22,277,120,270,108,1636,723,0,0,141,63,63,27,474,227,3,0,0.0,1.0
Sanderson Lam,Barry Pinches,4,1243,1152,0.7673034588511293,0.5566309599222533,270,108,1636,723,878,441,6497,3324,63,27,474,227,55,27,355,164,3,1,0.0,0.75
Bulcsú Révész,Antoni Kowalski,4,1037,1122,0.6042293253117138,0.4470740118670941,10,4,87,41,36,21,203,109,36,18,87,41,46,29,79,49,2,2,0.0,0.5
Jak Jones,Jordan Brown,4,1529,1281,0.8737274778720701,0.6502185485738271,389,189,2568,1232,333,171,2051,1023,222,129,731,399,97,43,715,361,2,2,0.0,0.5
Jak Jones,Bulcsú Révész,4,1529,1037,0.9615674430576023,0.7738185742694538,389,189,2568,1232,10,4,87,41,222,129,731,399,36,18,87,41,3,1,0.0,0.75
Jak Jones,Antoni Kowalski,4,1529,1122,0.9400368742089933,0.7344853437972199,389,189,2568,1232,36,21,203,109,222,129,731,399,46,29,79,49,2,2,0.0,0.5
Jordan Brown,Antoni Kowalski,4,1281,1122,0.8185890413462127,0.5980868603322034,333,171,2051,1023,36,21,203,109,97,43,715,361,46,29,79,49,2,2,0.0,0.5
Jordan Brown,Bulcsú Révész,4,1281,1037,0.8715427287976616,0.6479408020806503,333,171,2051,1023,10,4,87,41,97,43,715,361,36,18,87,41,3,1,0.0,0.75
Artemijs Zizins,Ben Mertens,4,1078,1265,0.499092614213856,0.3852081305077805,6,6,30,24,94,44,579,292,30,24,30,24,73,37,408,210,3,0,0.0,1.0
Ben Mertens,John Higgins,4,1265,1531,0.4185779636570993,0.3396173269207839,94,44,579,292,1874,1321,14512,8551,73,37,408,210,333,181,1297,739,3,0,0.0,1.0
John Higgins,Ma Hailong,4,1531,1121,0.9409400024971236,0.7359453939271484,1874,1321,14512,8551,28,9,199,85,333,181,1297,739,64,30,199,85,2,2,0.0,0.5
John Higgins,Artemijs Zizins,4,1531,1078,0.9526883199064352,0.7562999700991855,1874,1321,14512,8551,6,6,30,24,333,181,1297,739,30,24,30,24,3,0,0.0,1.0
Ma Hailong,Artemijs Zizins,4,1121,1078,0.7266552569897035,0.5268491486891144,28,9,199,85,6,6,30,24,64,30,199,85,30,24,30,24,3,0,0.0,1.0
Ma Hailong,Ben Mertens,4,1121,1265,0.543647480121485,0.41095956594133487,28,9,199,85,94,44,579,292,64,30,199,85,73,37,408,210,2,2,0.0,0.5
Jackson Page,Robert Milkins,4,1363,1337,0.7114622425114635,0.5162442810620724,191,95,1244,615,1133,654,7864,4197,104,52,538,276,122,51,905,455,3,1,0.0,0.75
Jackson Page,Iulian Boiko,4,1363,1186,0.8308493922695058,0.6088545692109504,191,95,1244,615,99,39,553,242,104,52,538,276,76,40,319,165,2,2,0.0,0.5
Jackson Page,Andrew Higginson,4,1363,1294,0.7491027554143213,0.5430183807243099,191,95,1244,615,874,502,6080,3293,104,52,538,276,66,33,410,222,2,2,0.0,0.5
Robert Milkins,Andrew Higginson,4,1337,1294,0.7266552569897035,0.5268491486891144,1133,654,7864,4197,874,502,6080,3293,122,51,905,455,66,33,410,222,2,2,0.0,0.5
Robert Milkins,Iulian Boiko,4,1337,1186,0.8129603183477048,0.5932699921071872,1133,654,7864,4197,99,39,553,242,122,51,905,455,76,40,319,165,2,2,0.0,0.5
Andrew Higginson,Iulian Boiko,4,1294,1186,0.7808439281989745,0.5670929049654543,874,502,6080,3293,99,39,553,242,66,33,410,222,76,40,319,165,3,1,0.0,0.75
Hammad Miah,Liam Davies,4,1200,1092,0.7808439281989745,0.5670929049654543,282,113,1807,815,38,19,235,112,32,8,358,161,38,21,209,102,2,2,0.0,0.5
Marco Fu,Hammad Miah,4,1372,1200,0.8275000675277507,0.6058736684317606,966,565,7227,3914,282,113,1807,815,85,47,361,183,32,8,358,161,2,2,0.0,0.5
Ryan Day,Hammad Miah,4,1382,1200,0.8341552818195322,0.6118273690017371,1305,771,8624,4691,282,113,1807,815,199,99,905,470,32,8,358,161,2,2,0.0,0.5
Ryan Day,Marco Fu,4,1382,1372,0.6968154404739593,0.5062496744995104,1305,771,8624,4691,966,565,7227,3914,199,99,905,470,85,47,361,183,3,0,0.0,1.0
Ryan Day,Liam Davies,4,1382,1092,0.8950479233501702,0.6737070994545215,1305,771,8624,4691,38,19,235,112,199,99,905,470,38,21,209,102,3,0,0.0,1.0
Liam Davies,Marco Fu,4,1092,1372,0.4047032339431508,0.3318122278318339,38,19,235,112,966,565,7227,3914,38,21,209,102,85,47,361,183,3,1,0.0,0.75
Jack Lisowski,Mark Davis,4,1467,1387,0.7582968390521875,0.549833997312478,789,481,5160,2824,1309,778,9005,4895,127,68,932,513,83,46,465,231,2,2,0.0,0.5
Jack Lisowski,Jiang Jun,4,1467,1168,0.8992399086199199,0.6786337178522214,789,481,5160,2824,24,9,182,85,127,68,932,513,89,43,182,85,3,1,0.0,0.75
Jack Lisowski,Anton Kazakov,4,1467,973,0.9619812245124486,0.7746924929149283,789,481,5160,2824,45,9,268,89,127,68,932,513,72,30,246,80,3,0,0.0,1.0
Jiang Jun,Anton Kazakov,4,1168,973,0.8425470623556904,0.6195173196470847,24,9,182,85,45,9,268,89,89,43,182,85,72,30,246,80,2,2,0.0,0.5
Mark Davis,Anton Kazakov,4,1387,973,0.9421266023808236,0.7378841011916348,1309,778,9005,4895,45,9,268,89,83,46,465,231,72,30,246,80,3,1,0.0,0.75
Mark Davis,Jiang Jun,4,1387,1168,0.857267523050036,0.633555377636775,1309,778,9005,4895,24,9,182,85,83,46,465,231,89,43,182,85,2,2,0.0,0.5
Zak Surety,Jimmy Robertson,4,1262,1352,0.599153856483192,0.44398610945538003,245,111,1411,670,736,403,4791,2500,76,37,424,206,75,34,644,341,3,1,0.0,0.75
Peter Lines,Zak Surety,4,1217,1262,0.6442191366843916,0.4719046255916129,919,475,6477,3312,245,111,1411,670,56,29,274,127,76,37,424,206,3,1,0.0,0.75
Peter Lines,Jimmy Robertson,4,1217,1352,0.5529603854887828,0.41641688448272474,919,475,6477,3312,736,403,4791,2500,56,29,274,127,75,34,644,341,3,1,0.0,0.75
Si Jiahui,Jimmy Robertson,4,1453,1352,0.7753248924649614,0.5627917401386452,172,94,1160,616,736,403,4791,2500,163,91,736,396,75,34,644,341,3,1,0.0,0.75
Si Jiahui,Zak Surety,4,1453,1262,0.8399963010071715,0.6171573626529722,172,94,1160,616,245,111,1411,670,163,91,736,396,76,37,424,206,3,0,0.0,1.0
Si Jiahui,Peter Lines,4,1453,1217,0.8670913884627397,0.6433651456944017,172,94,1160,616,919,475,6477,3312,163,91,736,396,56,29,274,127,3,0,0.0,1.0
Hossein Vafaei,Manasawin Phetmalaikul,4,1496,993,0.9637958903674158,0.7785954465118283,322,194,2265,1206,51,17,291,119,121,69,788,451,35,11,146,59,3,1,0.0,0.75
Hossein Vafaei,Louis Heathcote,4,1496,1321,0.8295148715724099,0.6076631698328917,322,194,2265,1206,194,89,1129,555,121,69,788,451,100,56,448,221,3,0,0.0,1.0
Hossein Vafaei,Josh Mulholland,4,1496,1040,0.953428428691799,0.7576796390037048,322,194,2265,1206,34,17,180,91,121,69,788,451,32,18,85,45,3,0,0.0,1.0
Josh Mulholland,Manasawin Phetmalaikul,4,1040,993,0.7301722148402005,0.5293412500457856,34,17,180,91,51,17,291,119,32,18,85,45,35,11,146,59,3,0,0.0,1.0
Louis Heathcote,Josh Mulholland,4,1321,1040,0.8907248581331251,0.668741821102192,194,89,1129,555,34,17,180,91,100,56,448,221,32,18,85,45,3,1,0.0,0.75
Louis Heathcote,Manasawin Phetmalaikul,4,1321,993,0.9118768246901431,0.6942363401080305,194,89,1129,555,51,17,291,119,100,56,448,221,35,11,146,59,2,2,0.0,0.5
Xu Si,Andrew Pagett,4,1326,1094,0.8648246348983384,0.6410674063348171,191,79,1215,556,339,147,2176,1019,66,33,426,209,70,29,343,134,2,2,0.0,0.5
Xu Si,Duane Jones,4,1326,1222,0.7776999441832015,0.5646362918030292,191,79,1215,556,317,143,1887,917,66,33,426,209,33,16,325,153,2,2,0.0,0.5
Andrew Pagett,Duane Jones,4,1094,1222,0.5601921666726561,0.42067574785125056,339,147,2176,1019,317,143,1887,917,70,29,343,134,33,16,325,153,2,2,0.0,0.5
David Gilbert,Xu Si,4,1497,1326,0.8268249954348647,0.6052765337748445,940,548,6472,3501,191,79,1215,556,176,99,742,406,66,33,426,209,2,2,0.0,0.5
David Gilbert,Andrew Pagett,4,1497,1094,0.9388149546828073,0.7325306102876052,940,548,6472,3501,339,147,2176,1019,176,99,742,406,70,29,343,134,2,2,0.0,0.5
David Gilbert,Duane Jones,4,1497,1222,0.8877691929089424,0.665410558746814,940,548,6472,3501,317,143,1887,917,176,99,742,406,33,16,325,153,2,2,0.0,0.5
Fan Zhengyi,Zhou Yuelong,4,1371,1465,0.5950833761535133,0.44151888756183866,179,77,1160,531,496,295,3133,1696,146,78,659,345,82,42,825,443,3,0,0.0,1.0
Fan Zhengyi,Mink Nutcharut,4,1371,962,0.9406402205820862,0.7354592830135422,179,77,1160,531,38,3,226,66,146,78,659,345,32,8,225,66,2,2,0.0,0.5
Fan Zhengyi,Alfie Burden,4,1371,1259,0.7839617550731334,0.569546223939229,179,77,1160,531,803,417,5710,2902,146,78,659,345,63,35,388,185,3,0,0.0,1.0
Zhou Yuelong,Mink Nutcharut,4,1465,962,0.9637958903674158,0.7785954465118283,496,295,3133,1696,38,3,226,66,82,42,825,443,32,8,225,66,2,2,0.0,0.5
Alfie Burden,Mink Nutcharut,4,1259,962,0.8983195977376001,0.6775422953274692,803,417,5710,2902,38,3,226,66,63,35,388,185,32,8,225,66,3,0,0.0,1.0
Alfie Burden,Zhou Yuelong,4,1259,1465,0.4794818363235271,0.37402214223339625,803,417,5710,2902,496,295,3133,1696,63,35,388,185,82,42,825,443,3,1,0.0,0.75
Chris Wakelin,Ian Burns,4,1423,1305,0.788589099473558,0.5732197726798348,416,223,2656,1369,493,241,3115,1550,185,92,757,406,70,36,410,194,2,2,0.0,0.5
Chris Wakelin,Liam Pullen,4,1423,1146,0.8887609955914079,0.6665228332551123,416,223,2656,1369,44,22,276,135,185,92,757,406,61,33,234,113,3,0,0.0,1.0
Chris Wakelin,Rory McLeod,4,1423,1173,0.8748096605628747,0.6513548646660542,416,223,2656,1369,715,374,5057,2570,185,92,757,406,33,14,283,134,3,0,0.0,1.0
Liam Pullen,Rory McLeod,4,1146,1173,0.6617801249889471,0.48313140430861523,44,22,276,135,715,374,5057,2570,61,33,234,113,33,14,283,134,2,2,0.0,0.5
Ian Burns,Rory McLeod,4,1305,1173,0.7991531664114874,0.5817593768418363,493,241,3115,1550,715,374,5057,2570,70,36,410,194,33,14,283,134,2,2,0.0,0.5
Ian Burns,Liam Pullen,4,1305,1146,0.8185890413462127,0.5980868603322034,493,241,3115,1550,44,22,276,135,70,36,410,194,61,33,234,113,3,0,0.0,1.0
Hamim Hussain,Ahmed Aly Elsayed,4,985,892,0.7689205325185149,0.5578645727207344,46,18,212,91,15,0,77,11,23,12,78,39,30,6,77,11,3,0,0.0,1.0
Anthony Hamilton,Ahmed Aly Elsayed,4,1283,892,0.9350254040445083,0.726611880149394,1043,591,7651,4027,15,0,77,11,61,29,434,209,30,6,77,11,3,0,0.0,1.0
Anthony Hamilton,Hamim Hussain,4,1283,985,0.8987805529512658,0.6780882495516275,1043,591,7651,4027,46,18,212,91,61,29,434,209,23,12,78,39,2,2,0.0,0.5
Stuart Bingham,Anthony Hamilton,4,1477,1283,0.8419119825782978,0.6189278548001903,1497,944,10388,5883,1043,591,7651,4027,206,105,900,475,61,29,434,209,3,1,0.0,0.75
Stuart Bingham,Ahmed Aly Elsayed,4,1477,892,0.9771395342712298,0.8119147454997584,1497,944,10388,5883,15,0,77,11,206,105,900,475,30,6,77,11,3,0,0.0,1.0
Stuart Bingham,Hamim Hussain,4,1477,985,0.9615674430576023,0.7738185742694538,1497,944,10388,5883,46,18,212,91,206,105,900,475,23,12,78,39,2,2,0.0,0.5
Long Zehuang,Jamie O'Neill,4,1200,1143,0.7388648011011598,0.5355648379838539,57,27,330,159,393,194,2422,1222,65,33,171,81,22,13,221,94,3,1,0.0,0.75
Long Zehuang,Alfie Davies,4,1200,1127,0.7524674501110175,0.5454987872127821,57,27,330,159,34,20,182,100,65,33,171,81,59,34,182,100,3,1,0.0,0.75
Long Zehuang,Peifan Lei,4,1200,1212,0.6761673343782338,0.4925005624493796,57,27,330,159,107,49,626,296,65,33,171,81,0,0,229,105,3,1,0.0,0.75
Jamie O'Neill,Alfie Davies,4,1143,1127,0.7023460710946546,0.5099986668799655,393,194,2422,1222,34,20,182,100,22,13,221,94,59,34,182,100,2,2,0.0,0.5
Peifan Lei,Jamie O'Neill,4,1212,1143,0.7491027554143213,0.5430183807243099,107,49,626,296,393,194,2422,1222,0,0,229,105,22,13,221,94,3,0,0.0,1.0
Alfie Davies,Peifan Lei,4,1127,1212,0.6042293253117138,0.4470740118670941,34,20,182,100,107,49,626,296,59,34,182,100,0,0,229,105,3,1,0.0,0.75
Pang Junxu,Stuart Carrington,4,1399,1280,0.7893545300474764,0.5738312575916094,168,90,1070,552,510,272,3236,1684,151,79,687,368,91,47,424,208,2,2,0.0,0.5
Pang Junxu,Gong Chenzhi,4,1399,1059,0.9167281229154427,0.7005671424739729,168,90,1070,552,15,8,113,58,151,79,687,368,26,11,113,58,3,1,0.0,0.75
Pang Junxu,Gerard Greene,4,1399,1170,0.8631065350758058,0.6393398367530659,168,90,1070,552,835,427,5987,3058,151,79,687,368,37,24,206,87,2,2,0.0,0.5
Gong Chenzhi,Gerard Greene,4,1059,1170,0.5776953552689776,0.43106679063045344,15,8,113,58,835,427,5987,3058,26,11,113,58,37,24,206,87,3,1,0.0,0.75
Stuart Carrington,Gerard Greene,4,1280,1170,0.7824061215750209,0.5683199834782481,510,272,3236,1684,835,427,5987,3058,91,47,424,208,37,24,206,87,3,0,0.0,1.0
Stuart Carrington,Gong Chenzhi,4,1280,1059,0.8584491383186352,0.6347154153791584,510,272,3236,1684,15,8,113,58,91,47,424,208,26,11,113,58,3,1,0.0,0.75
Neil Robertson,Cheung Ka Wai,4,1503,1136,0.926869726125531,0.7145324397353954,1268,840,9304,5353,21,15,125,79,205,121,919,522,19,9,125,79,3,0,0.0,1.0
Neil Robertson,Jamie Clarke,4,1503,1285,0.8566741209847604,0.6329747766804606,1268,840,9304,5353,329,164,1971,979,205,121,919,522,71,32,489,237,3,1,0.0,0.75
Neil Robertson,Zack Richardson,4,1503,1178,0.9106299906808517,0.6926419831347361,1268,840,9304,5353,81,43,452,251,205,121,919,522,30,18,70,42,2,2,0.0,0.5
Cheung Ka Wai,Zack Richardson,4,1136,1178,0.6471669339308445,0.4737740906279313,21,15,125,79,81,43,452,251,19,9,125,79,30,18,70,42,3,0,0.0,1.0
Jamie Clarke,Zack Richardson,4,1285,1178,0.7800603779309392,0.5664790559676278,329,164,1971,979,81,43,452,251,71,32,489,237,30,18,70,42,3,1,0.0,0.75
Jamie Clarke,Cheung Ka Wai,4,1285,1136,0.8115359507119564,0.5920629281648192,329,164,1971,979,21,15,125,79,71,32,489,237,19,9,125,79,2,2,0.0,0.5
Joe O'Connor,Aaron Hill,4,1455,1319,0.8021109469970976,0.5841905229354074,295,147,1865,940,118,54,695,336,193,104,673,355,74,38,489,254,2,2,0.0,0.5
Joe O'Connor,Oliver Lines,4,1455,1321,0.8006354391960625,0.5829754542011996,295,147,1865,940,367,175,2207,1080,193,104,673,355,43,16,415,200,3,1,0.0,0.75
Joe O'Connor,Harvey Chandler,4,1455,1149,0.902410817115014,0.6824383021930648,295,147,1865,940,95,37,544,243,193,104,673,355,21,13,92,52,2,2,0.0,0.5
Oliver Lines,Harvey Chandler,4,1321,1149,0.8275000675277507,0.6058736684317606,367,175,2207,1080,95,37,544,243,43,16,415,200,21,13,92,52,2,2,0.0,0.5
Aaron Hill,Harvey Chandler,4,1319,1149,0.8261481889132555,0.6046790847140093,118,54,695,336,95,37,544,243,74,38,489,254,21,13,92,52,2,2,0.0,0.5
Aaron Hill,Oliver Lines,4,1319,1321,0.6856226640795557,0.49875000260416025,118,54,695,336,367,175,2207,1080,74,38,489,254,43,16,415,200,3,1,0.0,0.75
Michael White,Ryan Davies,4,1336,1105,0.8642536543385235,0.6404919537233386,696,382,4516,2349,60,30,301,154,67,33,527,278,28,16,145,72,3,0,0.0,1.0
Michael White,Dean Young,4,1336,1048,0.8940986285664307,0.6726070170677604,696,382,4516,2349,99,38,510,210,67,33,527,278,24,4,295,115,3,0,0.0,1.0
Stephen Maguire,Michael White,4,1459,1336,0.7923996164344516,0.5762749224932653,1198,775,8770,4926,696,382,4516,2349,144,78,639,341,67,33,527,278,2,2,0.0,0.5
Stephen Maguire,Dean Young,4,1459,1048,0.9412385281730755,0.7364309317009723,1198,775,8770,4926,99,38,510,210,144,78,639,341,24,4,295,115,3,1,0.0,0.75
Ryan Davies,Dean Young,4,1105,1048,0.7388648011011598,0.5355648379838539,60,30,301,154,99,38,510,210,28,16,145,72,24,4,295,115,3,1,0.0,0.75
Ryan Davies,Stephen Maguire,4,1105,1459,0.3344678484227912,0.29214272857551865,60,30,301,154,1198,775,8770,4926,28,16,145,72,144,78,639,341,3,0,0.0,1.0
Ricky Walden,Thor Chuan Leong,4,1396,1216,0.8328381413815502,0.610639233949222,1162,687,7821,4277,176,63,1105,488,202,102,880,464,51,25,192,102,3,1,0.0,0.75
Ricky Walden,Umut Dikme,4,1396,1069,0.9114627373364497,0.6937054019553982,1162,687,7821,4277,44,23,243,122,202,102,880,464,34,20,118,60,3,0,0.0,1.0
Martin O'Donnell,Ricky Walden,4,1309,1396,0.602200874657462,0.44583834723635146,499,254,3117,1575,1162,687,7821,4277,94,47,400,197,202,102,880,464,3,1,0.0,0.75
Martin O'Donnell,Umut Dikme,4,1309,1069,0.869330727044966,0.6456563062257954,499,254,3117,1575,44,23,243,122,94,47,400,197,34,20,118,60,3,1,0.0,0.75
Martin O'Donnell,Thor Chuan Leong,4,1309,1216,0.7689205325185149,0.5578645727207344,499,254,3117,1575,176,63,1105,488,94,47,400,197,51,25,192,102,2,2,0.0,0.5
Thor Chuan Leong,Umut Dikme,4,1216,1069,0.8101047274455556,0.5908547524545943,176,63,1105,488,44,23,243,122,51,25,192,102,34,20,118,60,2,2,0.0,0.5
Robbie Williams,Haydon Pinhey,4,1423,1163,0.8801191379817679,0.6570104626734988,553,298,3552,1827,105,49,562,270,109,57,529,288,73,39,299,150,3,0,0.0,1.0
Matthew Stevens,Robbie Williams,4,1368,1423,0.6343367114161949,0.4656790563306954,1123,647,8504,4608,553,298,3552,1827,80,39,547,290,109,57,529,288,3,1,0.0,0.75
Matthew Stevens,Farakh Ajaib,4,1368,1184,0.8354654655550271,0.6130141761393355,1123,647,8504,4608,147,65,805,373,80,39,547,290,47,35,253,128,2,2,0.0,0.5
Matthew Stevens,Haydon Pinhey,4,1368,1163,0.8488021751247316,0.6253923497205511,1123,647,8504,4608,105,49,562,270,80,39,547,290,73,39,299,150,3,0,0.0,1.0
Haydon Pinhey,Farakh Ajaib,4,1163,1184,0.6675633487474874,0.4868780138177567,105,49,562,270,147,65,805,373,73,39,299,150,47,35,253,128,3,0,0.0,1.0
Farakh Ajaib,Robbie Williams,4,1184,1423,0.44573678589493715,0.3549158624272731,147,65,805,373,553,298,3552,1827,47,35,253,128,109,57,529,288,3,0,0.0,1.0
Alexander Ursenbacher,Florian Nüßle,4,1315,1212,0.7769098808580726,0.5640216374262577,274,125,1666,800,74,36,399,208,51,27,338,167,36,22,183,112,3,0,0.0,1.0
Matthew Selt,Alexander Ursenbacher,4,1431,1315,0.7870532631853651,0.5719961329315186,872,473,5621,2929,274,125,1666,800,117,61,868,444,51,27,338,167,2,2,0.0,0.5
Matthew Selt,Graeme Dott,4,1431,1322,0.7816258436050232,0.5677065480733601,872,473,5621,2929,1176,686,8440,4538,117,61,868,444,85,44,608,319,2,2,0.0,0.5
Matthew Selt,Florian Nüßle,4,1431,1212,0.857267523050036,0.633555377636775,872,473,5621,2929,74,36,399,208,117,61,868,444,36,22,183,112,2,2,0.0,0.5
Graeme Dott,Florian Nüßle,4,1322,1212,0.7824061215750209,0.5683199834782481,1176,686,8440,4538,74,36,399,208,85,44,608,319,36,22,183,112,2,2,0.0,0.5
Graeme Dott,Alexander Ursenbacher,4,1322,1315,0.6940334566838825,0.5043748883497735,1176,686,8440,4538,274,125,1666,800,85,44,608,319,51,27,338,167,2,2,0.0,0.5
Yuan Sijun,Liam Graham,4,1434,988,0.9509225219926204,0.7530600904213377,263,137,1682,867,44,13,248,96,97,51,584,331,34,10,169,56,2,2,0.0,0.5
Yuan Sijun,Paul Deaville,4,1434,1088,0.9190732564928222,0.7037042379997707,263,137,1682,867,23,14,113,61,97,51,584,331,52,33,81,48,3,0,0.0,1.0
David Lilley,Yuan Sijun,4,1281,1434,0.5343230839946647,0.4055240692517599,250,125,1500,754,263,137,1682,867,97,49,456,222,97,51,584,331,3,1,0.0,0.75
David Lilley,Paul Deaville,4,1281,1088,0.8412751624638246,0.6183380393302829,250,125,1500,754,23,14,113,61,97,49,456,222,52,33,81,48,3,0,0.0,1.0
David Lilley,Liam Graham,4,1281,988,0.8964597334153933,0.6753536404444148,250,125,1500,754,44,13,248,96,97,49,456,222,34,10,169,56,3,0,0.0,1.0
Liam Graham,Paul Deaville,4,988,1088,0.5889619471427199,0.43782349911420193,44,13,248,96,23,14,113,61,34,10,169,56,52,33,81,48,2,2,0.0,0.5
Wu Yize,Ross Muir,4,1322,1202,0.7901182992313049,0.574442516811659,101,48,723,360,283,112,1800,827,77,37,509,264,60,25,395,185,3,1,0.0,0.75
Wu Yize,Allan Taylor,4,1322,1237,0.7624142730202162,0.5529259881329059,101,48,723,360,441,203,2602,1248,77,37,509,264,90,51,380,171,3,1,0.0,0.75
Wu Yize,Joshua Cooper,4,1322,1041,0.8907248581331251,0.668741821102192,101,48,723,360,65,29,342,162,77,37,509,264,38,23,89,45,3,1,0.0,0.75
Allan Taylor,Joshua Cooper,4,1237,1041,0.8431804018854355,0.6201064323430902,441,203,2602,1248,65,29,342,162,90,51,380,171,38,23,89,45,3,0,0.0,1.0
Ross Muir,Joshua Cooper,4,1202,1041,0.8199789917654665,0.5992881635083561,283,112,1800,827,65,29,342,162,60,25,395,185,38,23,89,45,2,2,0.0,0.5
Ross Muir,Allan Taylor,4,1202,1237,0.6540131407467532,0.47813894602839846,283,112,1800,827,441,203,2602,1248,60,25,395,185,90,51,380,171,3,1,0.0,0.75
Ben Woollaston,Dominic Dale,4,1338,1306,0.7168691542010555,0.5199893401555818,821,461,5193,2752,1109,617,7678,4039,64,31,485,246,109,54,470,233,3,1,0.0,0.75
Ben Woollaston,Dylan Emery,4,1338,1256,0.7599484856425774,0.551071269307342,821,461,5193,2752,120,56,684,338,64,31,485,246,102,56,410,208,3,0,0.0,1.0
Ben Woollaston,Stan Moody,4,1338,1112,0.8613729455837632,0.637608652621925,821,461,5193,2752,46,16,273,118,64,31,485,246,48,19,237,103,2,2,0.0,0.5
Stan Moody,Dylan Emery,4,1112,1256,0.543647480121485,0.41095956594133487,46,16,273,118,120,56,684,338,48,19,237,103,102,56,410,208,3,1,0.0,0.75
Dominic Dale,Stan Moody,4,1306,1112,0.8419119825782978,0.6189278548001903,1109,617,7678,4039,46,16,273,118,109,54,470,233,48,19,237,103,2,2,0.0,0.5
Dominic Dale,Dylan Emery,4,1306,1256,0.7327950713361322,0.5312093733737563,1109,617,7678,4039,120,56,684,338,109,54,470,233,102,56,410,208,3,1,0.0,0.75
Chris Totten,Liu Hongyu,4,1126,1274,0.5395043841271772,0.40854102156721994,92,33,535,217,38,21,235,130,61,39,149,86,60,32,235,130,3,1,0.0,0.75
Ishpreet Singh Chadha,Chris Totten,4,1169,1126,0.7266552569897035,0.5268491486891144,34,18,201,107,92,33,535,217,58,26,201,107,61,39,149,86,2,2,0.0,0.5
Ishpreet Singh Chadha,Liu Hongyu,4,1169,1274,0.5838474025731129,0.43474925243290014,34,18,201,107,38,21,235,130,58,26,201,107,60,32,235,130,3,1,0.0,0.75
Jamie Jones,Ishpreet Singh Chadha,4,1359,1169,0.8393542596276595,0.6165665045213193,667,394,4388,2363,34,18,201,107,83,41,631,325,58,26,201,107,2,2,0.0,0.5
Jamie Jones,Liu Hongyu,4,1359,1274,0.7624142730202162,0.5529259881329059,667,394,4388,2363,38,21,235,130,83,41,631,325,60,32,235,130,2,2,0.0,0.5
Jamie Jones,Chris Totten,4,1359,1126,0.8653938974891056,0.6416424532015634,667,394,4388,2363,92,33,535,217,83,41,631,325,61,39,149,86,3,0,0.0,1.0
Elliot Slessor,Mostafa Dorgham,4,1404,1020,0.932727343267973,0.7231218051243898,371,181,2268,1115,15,2,110,34,163,90,592,306,54,22,100,34,3,0,0.0,1.0
Elliot Slessor,Simon Blackwell,4,1404,1175,0.8631065350758058,0.6393398367530659,371,181,2268,1115,57,32,284,156,163,90,592,306,51,36,78,48,3,0,0.0,1.0
Mostafa Dorgham,Simon Blackwell,4,1020,1175,0.5322500083122251,0.4043192693921528,15,2,110,34,57,32,284,156,54,22,100,34,51,36,78,48,2,2,0.0,0.5
Ashley Carty,Elliot Slessor,4,1261,1404,0.5446829190052468,0.4115648798723618,270,126,1592,780,371,181,2268,1115,58,28,305,149,163,90,592,306,3,0,0.0,1.0
Ashley Carty,Simon Blackwell,4,1261,1175,0.7632330732394537,0.5535439031511183,270,126,1592,780,57,32,284,156,58,28,305,149,51,36,78,48,3,1,0.0,0.75
Ashley Carty,Mostafa Dorgham,4,1261,1020,0.869886287125347,0.6462280583309002,270,126,1592,780,15,2,110,34,58,28,305,149,54,22,100,34,3,0,0.0,1.0
Daniel Wells,Mark Joyce,4,1415,1258,0.8171921906031033,0.596884378259767,518,260,3408,1713,633,324,4387,2202,87,48,485,277,80,41,404,198,3,1,0.0,0.75
Daniel Wells,Julien Leclercq,4,1415,1203,0.8530773416743164,0.6294831119673949,518,260,3408,1713,66,31,364,174,87,48,485,277,71,35,289,136,2,2,0.0,0.5
Thepchaiya Un-Nooh,Julien Leclercq,4,1441,1203,0.8682144798840737,0.6445115537062945,554,322,3839,2046,66,31,364,174,68,34,586,318,71,35,289,136,3,0,0.0,1.0
Thepchaiya Un-Nooh,Daniel Wells,4,1441,1415,0.7114622425114635,0.5162442810620724,554,322,3839,2046,518,260,3408,1713,68,34,586,318,87,48,485,277,2,2,0.0,0.5
Thepchaiya Un-Nooh,Mark Joyce,4,1441,1258,0.8348112434063043,0.6124209393479161,554,322,3839,2046,633,324,4387,2202,68,34,586,318,80,41,404,198,3,1,0.0,0.75
Mark Joyce,Julien Leclercq,4,1258,1203,0.7371378321353188,0.5343209436693046,633,324,4387,2202,66,31,364,174,80,41,404,198,71,35,289,136,3,0,0.0,1.0
Ali Carter,Jackson Page,4,1476,1363,0.7847371056156276,0.5701590253818352,1316,810,8899,4911,191,95,1244,615,230,117,1087,601,104,52,538,276,3,1,0.0,0.75
Fan Zhengyi,Scott Donaldson,4,1371,1357,0.7005075181583131,0.5087491068802403,179,77,1160,531,483,256,3119,1587,146,78,659,345,80,40,577,296,2,2,0.0,0.5
Fan Zhengyi,Chris Wakelin,4,1371,1423,0.6373103126970135,0.4675456936126812,179,77,1160,531,416,223,2656,1369,146,78,659,345,185,92,757,406,3,0,0.0,1.0
Long Zehuang,Jamie Jones,4,1200,1359,0.528103247704377,0.40191313966779657,57,27,330,159,667,394,4388,2363,65,33,171,81,83,41,631,325,3,0,0.0,1.0
Long Zehuang,Hossein Vafaei,4,1200,1496,0.3890488460478272,0.323004143761477,57,27,330,159,322,194,2265,1206,65,33,171,81,121,69,788,451,3,0,0.0,1.0
Wu Yize,Ali Carter,4,1322,1476,0.533286578037005,0.40492152613386595,101,48,723,360,1316,810,8899,4911,77,37,509,264,230,117,1087,601,2,2,0.0,0.5
Wu Yize,Jack Lisowski,4,1322,1467,0.5426118993782965,0.4103545214372688,101,48,723,360,789,481,5160,2824,77,37,509,264,127,68,932,513,3,0,0.0,1.0
Ben Woollaston,Stuart Carrington,4,1338,1280,0.7397260965741154,0.5361866202317948,821,461,5193,2752,510,272,3236,1684,64,31,485,246,91,47,424,208,3,1,0.0,0.75
Ben Woollaston,Si Jiahui,4,1338,1453,0.5735859147028931,0.42861601832306767,821,461,5193,2752,172,94,1160,616,64,31,485,246,163,91,736,396,2,2,0.0,0.5
Gary Wilson,Joe O'Connor,4,1489,1455,0.7186607469677153,0.5212372149662741,727,418,4678,2516,295,147,1865,940,254,135,886,465,193,104,673,355,2,2,0.0,0.5
Gary Wilson,Ryan Day,4,1489,1382,0.7800603779309392,0.5664790559676278,727,418,4678,2516,1305,771,8624,4691,254,135,886,465,199,99,905,470,2,2,0.0,0.5
Gary Wilson,David Lilley,4,1489,1281,0.8506448076214264,0.6271477663131956,727,418,4678,2516,250,125,1500,754,254,135,886,465,97,49,456,222,3,1,0.0,0.75
Mark Williams,Martin O'Donnell,4,1557,1309,0.8737274778720701,0.6502185485738271,1785,1170,13055,7492,499,254,3117,1575,160,85,942,546,94,47,400,197,3,0,0.0,1.0
Mark Williams,Si Jiahui,4,1557,1453,0.7776999441832015,0.5646362918030292,1785,1170,13055,7492,172,94,1160,616,160,85,942,546,163,91,736,396,3,0,0.0,1.0
Mark Williams,Ben Woollaston,4,1557,1338,0.857267523050036,0.633555377636775,1785,1170,13055,7492,821,461,5193,2752,160,85,942,546,64,31,485,246,2,2,0.0,0.5
Mark Williams,Stuart Carrington,4,1557,1280,0.8887609955914079,0.6665228332551123,1785,1170,13055,7492,510,272,3236,1684,160,85,942,546,91,47,424,208,2,2,0.0,0.5
Hossein Vafaei,Shaun Murphy,4,1496,1479,0.7032634569010718,0.5106234010049637,322,194,2265,1206,1350,885,9753,5538,121,69,788,451,121,64,793,449,3,0,0.0,1.0
Hossein Vafaei,Jamie Jones,4,1496,1359,0.8028461597147922,0.584797674717737,322,194,2265,1206,667,394,4388,2363,121,69,788,451,83,41,631,325,3,1,0.0,0.75
Alexander Ursenbacher,Robbie Mcguigan,4,1315,1044,0.885765763376668,0.6631804950993565,274,125,1666,800,60,22,277,120,51,27,338,167,0,0,141,63,3,1,0.0,0.75
Alexander Ursenbacher,Michael White,4,1315,1336,0.6675633487474874,0.4868780138177567,274,125,1666,800,696,382,4516,2349,51,27,338,167,67,33,527,278,3,1,0.0,0.75
Thepchaiya Un-Nooh,Chris Wakelin,4,1441,1423,0.7041795750307902,0.5112481019468548,554,322,3839,2046,416,223,2656,1369,68,34,586,318,185,92,757,406,3,1,0.0,0.75
Thepchaiya Un-Nooh,Fan Zhengyi,4,1441,1371,0.749946202434609,0.5436386872370789,554,322,3839,2046,179,77,1160,531,68,34,586,318,146,78,659,345,2,2,0.0,0.5
Matthew Stevens,Ma Hailong,4,1368,1121,0.8731838407178828,0.6496497492904088,1123,647,8504,4608,28,9,199,85,80,39,547,290,64,30,199,85,2,2,0.0,0.5
Matthew Stevens,Martin O'Donnell,4,1368,1309,0.740585927083908,0.5368082899889803,1123,647,8504,4608,499,254,3117,1575,80,39,547,290,94,47,400,197,2,2,0.0,0.5
Jackson Page,Long Zehuang,4,1363,1200,0.8213620344110412,0.6004882745269664,191,95,1244,615,57,27,330,159,104,52,538,276,65,33,171,81,2,2,0.0,0.5
Jackson Page,David Lilley,4,1363,1281,0.7599484856425774,0.551071269307342,191,95,1244,615,250,125,1500,754,104,52,538,276,97,49,456,222,3,0,0.0,1.0
Jackson Page,Alexander Ursenbacher,4,1363,1315,0.7310479233112771,0.5299640517645717,191,95,1244,615,274,125,1666,800,104,52,538,276,51,27,338,167,3,1,0.0,0.75
Jackson Page,Michael White,4,1363,1336,0.712366712259833,0.5168685956913849,191,95,1244,615,696,382,4516,2349,104,52,538,276,67,33,527,278,3,0,0.0,1.0
Jackson Page,Robbie Mcguigan,4,1363,1044,0.9080949729206056,0.6894394530607736,191,95,1244,615,60,22,277,120,104,52,538,276,0,0,141,63,2,2,0.0,0.5
Martin O'Donnell,Ma Hailong,4,1309,1121,0.8380649556865563,0.6153837563911821,499,254,3117,1575,28,9,199,85,94,47,400,197,64,30,199,85,3,1,0.0,0.75
Shaun Murphy,Jamie Jones,4,1479,1359,0.7901182992313049,0.574442516811659,1350,885,9753,5538,667,394,4388,2363,121,64,793,449,83,41,631,325,3,0,0.0,1.0
Shaun Murphy,Long Zehuang,4,1479,1200,0.88974621180882,0.6676332571171155,1350,885,9753,5538,57,27,330,159,121,64,793,449,65,33,171,81,3,1,0.0,0.75
Robbie Mcguigan,Michael White,4,1044,1336,0.3929409441347712,0.3251947274176865,60,22,277,120,696,382,4516,2349,0,0,141,63,67,33,527,278,3,0,0.0,1.0
Jack Lisowski,Wu Yize,4,1467,1322,0.8086666589881399,0.5896454785627312,789,481,5160,2824,101,48,723,360,127,68,932,513,77,37,509,264,3,0,0.0,1.0
David Lilley,Long Zehuang,4,1281,1200,0.7591234388925475,0.5504527113395278,250,125,1500,754,57,27,330,159,97,49,456,222,65,33,171,81,2,2,0.0,0.5
David Lilley,Joe O'Connor,4,1281,1455,0.5125534230378146,0.39293301192829644,250,125,1500,754,295,147,1865,940,97,49,456,222,193,104,673,355,3,0,0.0,1.0
David Lilley,Ryan Day,4,1281,1382,0.5879399738015789,0.43720825986135486,250,125,1500,754,1305,771,8624,4691,97,49,456,222,199,99,905,470,3,1,0.0,0.75
Jak Jones,Matthew Stevens,4,1529,1368,0.8199789917654665,0.5992881635083561,389,189,2568,1232,1123,647,8504,4608,222,129,731,399,80,39,547,290,2,2,0.0,0.5
Jak Jones,Martin O'Donnell,4,1529,1309,0.857859195239918,0.6341355910108007,389,189,2568,1232,499,254,3117,1575,222,129,731,399,94,47,400,197,2,2,0.0,0.5
Jak Jones,Ma Hailong,4,1529,1121,0.9403391789707785,0.7349725994665188,389,189,2568,1232,28,9,199,85,222,129,731,399,64,30,199,85,2,2,0.0,0.5
Si Jiahui,Stuart Carrington,4,1453,1280,0.8281734046107476,0.6064704870683034,172,94,1160,616,510,272,3236,1684,163,91,736,396,91,47,424,208,2,2,0.0,0.5
He Guoqiang,Ashley Carty,4,1267,1261,0.6931036967050128,0.5037499296890819,56,32,373,191,270,126,1592,780,100,52,290,159,58,28,305,149,3,1,0.0,0.75
David Gilbert,David Lilley,4,1497,1281,0.8554821243001067,0.6318124177361016,940,548,6472,3501,250,125,1500,754,176,99,742,406,97,49,456,222,3,1,0.0,0.75
David Gilbert,Jackson Page,4,1497,1363,0.8006354391960625,0.5829754542011996,940,548,6472,3501,191,95,1244,615,176,99,742,406,104,52,538,276,2,2,0.0,0.5
David Gilbert,Long Zehuang,4,1497,1200,0.8983195977376001,0.6775422953274692,940,548,6472,3501,57,27,330,159,176,99,742,406,65,33,171,81,2,2,0.0,0.5
David Gilbert,He Guoqiang,4,1497,1267,0.8636809547445585,0.6399160967377341,940,548,6472,3501,56,32,373,191,176,99,742,406,100,52,290,159,3,1,0.0,0.75
David Gilbert,Stuart Bingham,4,1497,1477,0.7060079867194645,0.5124973964842103,940,548,6472,3501,1497,944,10388,5883,176,99,742,406,206,105,900,475,3,0,0.0,1.0
David Gilbert,Ashley Carty,4,1497,1261,0.8670913884627397,0.6433651456944017,940,548,6472,3501,270,126,1592,780,176,99,742,406,58,28,305,149,3,1,0.0,0.75
Scott Donaldson,Mark Williams,4,1357,1557,0.48566410819141415,0.3775406687981454,483,256,3119,1587,1785,1170,13055,7492,80,40,577,296,160,85,942,546,3,1,0.0,0.75
Scott Donaldson,Martin O'Donnell,4,1357,1309,0.7310479233112771,0.5299640517645717,483,256,3119,1587,499,254,3117,1575,80,40,577,296,94,47,400,197,3,1,0.0,0.75
Scott Donaldson,Thepchaiya Un-Nooh,4,1357,1441,0.6052426597113146,0.4476920904256748,483,256,3119,1587,554,322,3839,2046,80,40,577,296,68,34,586,318,3,0,0.0,1.0
Scott Donaldson,Chris Wakelin,4,1357,1423,0.6233722265757982,0.45884333184977194,483,256,3119,1587,416,223,2656,1369,80,40,577,296,185,92,757,406,3,1,0.0,0.75
Ryan Day,Joe O'Connor,4,1382,1455,0.6163478438442014,0.45450121278721795,1305,771,8624,4691,295,147,1865,940,199,99,905,470,193,104,673,355,3,1,0.0,0.75
Ali Carter,Mark Williams,4,1476,1557,0.6082790095538125,0.4495472886604723,1316,810,8899,4911,1785,1170,13055,7492,230,117,1087,601,160,85,942,546,3,1,0.0,0.75
Ali Carter,Martin O'Donnell,4,1476,1309,0.8241073690394434,0.6028848673274662,1316,810,8899,4911,499,254,3117,1575,230,117,1087,601,94,47,400,197,2,2,0.0,0.5
Ali Carter,Scott Donaldson,4,1476,1357,0.7893545300474764,0.5738312575916094,1316,810,8899,4911,483,256,3119,1587,230,117,1087,601,80,40,577,296,3,0,0.0,1.0
Ali Carter,Jack Lisowski,4,1476,1467,0.6958893342186137,0.5056247627073255,1316,810,8899,4911,789,481,5160,2824,230,117,1087,601,127,68,932,513,3,1,0.0,0.75
Ali Carter,Jack Lisowski,4,1476,1467,0.6958893342186137,0.5056247627073255,1316,810,8899,4911,789,481,5160,2824,230,117,1087,601,127,68,932,513,3,1,0.0,0.75
Ali Carter,Wu Yize,4,1476,1322,0.8150839938934833,0.595078473866134,1316,810,8899,4911,101,48,723,360,230,117,1087,601,77,37,509,264,2,2,0.0,0.5
Stuart Bingham,Ashley Carty,4,1477,1261,0.8554821243001067,0.6318124177361016,1497,944,10388,5883,270,126,1592,780,206,105,900,475,58,28,305,149,2,2,0.0,0.5
Stuart Bingham,He Guoqiang,4,1477,1267,0.8518645457962477,0.6283161882953663,1497,944,10388,5883,56,32,373,191,206,105,900,475,100,52,290,159,3,1,0.0,0.75
Zhou Yuelong,Barry Hawkins,11,1431,1500,0.38497189818865285,0.4569816192756902,499,296,3144,1699,1340,837,9206,5157,93,45,836,446,185,99,868,497,6,4,0.0,0.6
Mark Williams,Wang Xinbo,11,1549,1057,0.9786766110639876,0.7738185742694538,1794,1177,13087,7512,6,3,49,24,192,105,974,566,24,14,49,24,6,3,0.0,0.6666666666666666
Pang Junxu,Gary Wilson,11,1395,1497,0.33286862469251693,0.4365932137378064,171,93,1082,559,733,424,4701,2531,163,86,699,375,277,150,909,480,6,5,0.0,0.5454545454545454
Zhou Jinhao,Zhang Anda,11,1015,1453,0.034764965152796534,0.2506779155948202,5,3,29,16,475,246,3329,1699,29,16,29,16,152,72,779,433,6,3,0.0,0.6666666666666666
Cao Jin,Jak Jones,11,988,1502,0.0173180007861258,0.2167003150109591,1,0,6,0,395,195,2592,1245,0,0,0,0,246,142,755,412,6,2,0.0,0.75
Si Jiahui,Tom Ford,11,1461,1436,0.5422149042901065,0.5156199157230156,178,98,1181,629,941,537,6410,3420,184,104,757,409,167,82,900,476,6,3,0.0,0.6666666666666666
John Higgins,Lyu Haotian,11,1514,1410,0.6701956406431402,0.5646362918030292,1877,1323,14522,8556,334,170,2187,1093,343,186,1307,744,100,48,654,356,6,1,0.0,0.8571428571428571
Ali Carter,Qiu Lei,11,1504,1000,0.9809523828315617,0.7790261077798122,1327,820,8942,4940,0,0,0,0,273,146,1130,630,0,0,0,0,6,0,0.0,1.0
Zhou Yuelong,Kyren Wilson,11,1431,1568,0.2810820363326102,0.415202325282263,499,296,3144,1699,1043,663,6620,3731,93,45,836,446,421,236,1313,760,6,0,0.0,1.0
Judd Trump,Mark Williams,11,1613,1549,0.6069119338528444,0.5399148845555657,1441,1033,9939,5999,1794,1177,13087,7512,280,170,1501,910,192,105,974,566,6,2,0.0,0.75
Mark Selby,Cao Jin,11,1539,988,0.9879302672970679,0.7985891891595733,1559,1064,11107,6464,1,0,6,0,239,132,1169,662,0,0,0,0,6,1,0.0,0.8571428571428571
Ronnie O'Sullivan,Zhou Jinhao,11,1622,1015,0.9931859329366922,0.8201700478362269,1526,1165,13189,8049,5,3,29,16,274,166,1100,664,29,16,29,16,6,1,0.0,0.8571428571428571
Shaun Murphy,John Higgins,11,1495,1514,0.46789022977733996,0.4881272322437472,1356,890,9773,5553,1877,1323,14522,8556,141,79,813,464,343,186,1307,744,6,3,0.0,0.6666666666666666
Pang Junxu,Mark Allen,11,1395,1558,0.2454252262643769,0.3995117254730337,171,93,1082,559,1073,713,7601,4320,163,86,699,375,264,145,1093,623,6,5,0.0,0.5454545454545454
Ding Junhui,Ali Carter,11,1512,1504,0.5135324497330043,0.5049998333399998,995,662,7651,4354,1327,820,8942,4940,171,88,902,502,273,146,1130,630,6,5,0.0,0.5454545454545454
Si Jiahui,Luca Brecel,11,1461,1477,0.4729513273017054,0.4900013331200346,178,98,1181,629,641,374,4299,2328,184,104,757,409,100,53,811,445,6,2,0.0,0.75
Judd Trump,Si Jiahui,11,1613,1461,0.7398043841577568,0.5938731029341427,1441,1033,9939,5999,178,98,1181,629,280,170,1501,910,184,104,757,409,6,2,0.0,0.75
Mark Selby,Pang Junxu,11,1539,1395,0.7287693737217769,0.5890404340586651,1559,1064,11107,6464,171,93,1082,559,239,132,1169,662,163,86,699,375,6,3,0.0,0.6666666666666666
Ronnie O'Sullivan,Ding Junhui,11,1622,1512,0.6793165623060362,0.5683199834782481,1526,1165,13189,8049,995,662,7651,4354,274,166,1100,664,171,88,902,502,6,3,0.0,0.6666666666666666
Shaun Murphy,Zhou Yuelong,11,1495,1431,0.6069119338528444,0.5399148845555657,1356,890,9773,5553,499,296,3144,1699,141,79,813,464,93,45,836,446,6,2,0.0,0.75
Judd Trump,Ronnie O'Sullivan,19,1613,1622,0.48018619084714187,0.4943752372926745,1441,1033,9939,5999,1526,1165,13189,8049,280,170,1501,910,274,166,1100,664,10,3,0.0,0.7692307692307693
Shaun Murphy,Mark Selby,19,1495,1539,0.4040596875423571,0.47252769565540637,1356,890,9773,5553,1559,1064,11107,6464,141,79,813,464,239,132,1169,662,10,8,0.0,0.5555555555555556
Judd Trump,Shaun Murphy,21,1613,1495,0.7526339954714494,0.5732197726798348,1441,1033,9939,5999,1356,890,9773,5553,280,170,1501,910,141,79,813,464,11,5,0.0,0.6875
Artemijs Zizins,Robbie Williams,9,1076,1406,0.1046746788798586,0.3047033306524346,9,7,39,27,556,299,3562,1831,39,27,39,27,119,61,539,292,5,3,0.0,0.625
Zhou Yuelong,Haydon Pinhey,9,1456,1159,0.8713152214887023,0.6775422953274692,502,298,3168,1713,108,50,571,273,117,59,860,460,82,42,308,153,5,1,0.0,0.8333333333333334
Dean Young,Robert Milkins,9,1033,1326,0.13184874215027828,0.3246463595555852,102,38,521,212,1136,656,7876,4202,35,6,306,117,134,56,917,460,5,3,0.0,0.625
Kyren Wilson,Haris Tahir,9,1540,1047,0.9676014323781195,0.7742558331886429,1044,663,6626,3731,11,8,67,38,427,236,1319,760,42,26,67,38,5,2,0.0,0.7142857142857143
Gary Wilson,Long Zehuang,9,1487,1256,0.8118363604456017,0.6404919537233386,734,424,4712,2536,66,32,364,181,288,155,920,485,99,55,205,103,5,4,0.0,0.5555555555555556
Mark Williams,Liam Graham,9,1528,990,0.977515841611713,0.7933109871625582,1796,1178,13104,7520,47,14,259,100,209,113,991,574,45,14,180,60,5,0,0.0,1.0
Daniel Wells,Ali Carter,9,1417,1511,0.35867462873861855,0.44151888756183866,521,262,3420,1720,1329,821,8959,4951,99,55,497,284,290,157,1147,641,5,4,0.0,0.5555555555555556
Ricky Walden,Liam Davies,9,1397,1099,0.8720975009961879,0.6780882495516275,1165,689,7832,4284,41,20,246,117,213,109,891,471,49,26,220,107,5,3,0.0,0.625
Chris Wakelin,Thor Chuan Leong,9,1409,1211,0.7762613643327039,0.6212835951910678,422,226,2677,1379,179,64,1117,493,206,102,778,416,63,30,204,107,5,4,0.0,0.5555555555555556
Hossein Vafaei,Ahmed Aly Elsayed,9,1511,871,0.9907377661665594,0.8320183851339245,328,199,2285,1221,18,0,86,11,141,84,808,466,39,6,86,11,5,1,0.0,0.8333333333333334
Thepchaiya Un-Nooh,Peifan Lei,9,1446,1205,0.8218521323213228,0.6462280583309002,560,327,3861,2059,110,50,637,301,90,47,608,331,11,5,240,110,5,3,0.0,0.625
Judd Trump,Antoni Kowalski,9,1679,1130,0.9794882301528416,0.7977837659035681,1445,1037,9984,6032,39,21,215,115,325,203,1546,943,58,35,91,55,5,2,0.0,0.7142857142857143
Zak Surety,Sanderson Lam,9,1254,1235,0.5291961843292591,0.5118727677562528,248,112,1422,674,272,109,1643,726,87,41,435,210,70,30,481,230,5,2,0.0,0.7142857142857143
Matthew Stevens,Andrew Higginson,9,1379,1302,0.6166307742060854,0.5479769376367963,1129,652,8527,4622,877,503,6092,3300,103,53,570,304,78,40,422,229,5,0,0.0,1.0
Akani Songsermsawad,Fan Zhengyi,9,1341,1400,0.4100684546601523,0.46319171001101955,227,122,1487,767,185,82,1181,546,32,24,191,105,167,93,680,360,5,2,0.0,0.7142857142857143
Elliot Slessor,Manasawin Phetmalaikul,9,1406,989,0.9422869761939735,0.7393320946525015,374,183,2277,1121,54,17,302,122,172,96,601,312,46,14,157,62,5,0,0.0,1.0
Yuan Sijun,Yulu Bai,9,1422,993,0.9471340179507625,0.7450720559074311,266,139,1693,873,9,3,70,28,108,57,595,337,17,7,70,28,5,1,0.0,0.8333333333333334
Xu Si,Jiang Jun,9,1323,1166,0.7268865315426611,0.596884378259767,194,81,1227,562,27,10,194,90,78,39,438,215,101,48,194,90,5,4,0.0,0.5555555555555556
Matthew Selt,Ian Burns,9,1423,1314,0.6626145055415718,0.5677065480733601,875,476,5633,2935,496,243,3126,1557,129,67,880,450,81,43,421,201,5,2,0.0,0.7142857142857143
Mark Selby,Wang Xinbo,9,1539,1065,0.9623914315165903,0.7658456258197971,1562,1066,11141,6484,7,3,58,27,273,152,1203,682,33,17,58,27,5,3,0.0,0.625
Amir Sarkhosh,Joshua Thomond,9,1075,1101,0.4600800462945756,0.48375571893792757,29,13,187,95,73,33,386,193,16,6,62,30,50,28,137,75,5,3,0.0,0.625
Noppon Saengkham,Andrew Pagett,9,1389,1108,0.8583224919882384,0.668741821102192,458,238,3127,1581,342,148,2188,1025,118,58,743,398,82,35,355,140,5,3,0.0,0.625
Jimmy Robertson,Huang Jiahao,9,1326,1039,0.8633002845321215,0.6720562626502714,739,403,4803,2503,27,10,150,66,87,37,656,344,11,2,47,26,5,1,0.0,0.8333333333333334
Neil Robertson,Allan Taylor,9,1508,1231,0.8549331199994852,0.6665228332551123,1271,843,9315,5361,444,204,2613,1253,216,129,930,530,101,56,391,176,5,2,0.0,0.7142857142857143
Bulcsú Révész,David Grace,9,1037,1228,0.23177321518818045,0.38284263734702784,13,5,99,45,479,222,3134,1516,48,22,99,45,69,32,445,210,5,0,0.0,1.0
Joe Perry,Mink Nutcharut,9,1323,971,0.9093332984262057,0.7068222210935676,1385,805,9503,5129,41,3,237,70,99,47,679,340,43,12,236,70,5,0,0.0,1.0
Tian Pengfei,Farakh Ajaib,9,1281,1191,0.6355659071692855,0.5560138905446199,560,308,3670,1931,150,66,815,378,83,40,450,221,57,40,263,133,5,0,0.0,1.0
Ronnie O'Sullivan,Wang Yuchen,9,1604,1163,0.9516375388870315,0.7507282371635285,1529,1167,13218,8064,94,36,590,254,303,181,1129,679,38,24,122,75,5,0,0.0,1.0
Joe O'Connor,Duane Jones,9,1429,1227,0.7807769347952548,0.623633628298226,301,150,1888,950,320,143,1899,923,216,114,696,365,45,22,337,159,5,3,0.0,0.625
Shaun Murphy,Mitchell Mann,9,1519,1205,0.8841448555450592,0.6867567266439019,1360,893,9824,5580,378,173,2278,1079,192,106,864,491,43,28,248,115,5,1,0.0,0.8333333333333334
Ben Mertens,Simon Blackwell,9,1263,1157,0.6583974652784721,0.5658650028954817,97,45,589,297,60,32,295,159,83,42,418,215,62,39,89,51,5,4,0.0,0.5555555555555556
Anthony McGill,Xing Zihao,9,1393,1145,0.828649321563008,0.6502185485738271,751,448,4991,2713,27,11,168,77,48,22,600,327,68,33,168,77,5,0,0.0,1.0
Stephen Maguire,Ken Doherty,9,1440,1208,0.8128540809406867,0.6410674063348171,1201,777,8781,4931,1284,743,10107,5442,155,83,650,346,38,14,371,158,5,1,0.0,0.8333333333333334
Jack Lisowski,Ross Muir,9,1453,1202,0.8315084197134864,0.6519223788927313,796,485,5185,2837,286,114,1812,833,152,81,957,526,72,31,407,191,5,1,0.0,0.8333333333333334
David Lilley,Louis Heathcote,9,1312,1309,0.5046141496682656,0.5018749912109869,259,131,1532,773,197,91,1140,560,129,68,488,241,111,61,459,226,5,3,0.0,0.625
Julien Leclercq,Ben Woollaston,9,1187,1364,0.24833900659015712,0.3911454307890496,69,31,374,176,827,466,5216,2767,81,37,299,138,87,46,508,261,5,4,0.0,0.5555555555555556
Pang Junxu,Michael Holt,9,1411,1260,0.7192102444974917,0.5932699921071872,174,95,1113,574,1008,569,7003,3696,194,101,730,390,28,12,291,150,5,2,0.0,0.7142857142857143
Jak Jones,Robbie Mcguigan,9,1468,1072,0.9329263143947502,0.7290879223493065,396,195,2600,1247,65,24,295,130,254,144,763,414,18,10,159,73,5,4,0.0,0.5555555555555556
Jamie Jones,Mostafa Dorgham,9,1333,1008,0.8919230025206442,0.6926419831347361,673,397,4409,2371,18,3,120,36,104,49,652,333,64,24,110,36,5,2,0.0,0.7142857142857143
Si Jiahui,Jimmy White,9,1477,1115,0.9151975845350849,0.7119759194127935,181,100,1206,643,1568,840,13038,6730,209,118,782,423,30,6,329,128,5,4,0.0,0.5555555555555556
Aaron Hill,Chris Totten,9,1327,1129,0.7762613643327039,0.6212835951910678,121,56,707,343,95,34,546,222,86,45,501,261,72,44,160,91,5,2,0.0,0.7142857142857143
John Higgins,Alexander Ursenbacher,9,1516,1331,0.7612074518356959,0.6136070778047783,1879,1324,14538,8565,280,128,1689,814,359,195,1323,753,74,41,361,181,5,2,0.0,0.7142857142857143
Barry Hawkins,Kreishh Gurbaxani,9,1489,1029,0.9581076824078019,0.759510916949111,1341,837,9216,5161,21,9,115,58,195,103,878,501,51,29,92,48,5,1,0.0,0.8333333333333334
Lyu Haotian,Siripaporn Nuanthakhamjan,9,1394,876,0.9734975635097995,0.7849922886281077,335,170,2194,1094,18,0,103,17,107,49,661,357,35,2,103,17,5,2,0.0,0.7142857142857143
Ma Hailong,Martin O'Donnell,9,1149,1318,0.25809555879525126,0.3959186771306219,34,11,222,97,508,258,3152,1593,87,42,222,97,129,65,435,215,5,3,0.0,0.625
He Guoqiang,Ashley Carty,9,1283,1281,0.5030761398318634,0.5012499973958399,62,35,395,203,276,129,1614,793,122,64,312,171,80,41,327,162,5,4,0.0,0.5555555555555556
Xiao Guodong,Iulian Boiko,9,1411,1187,0.8046121832928468,0.6364525402815664,747,429,4666,2550,102,39,565,247,115,55,847,442,88,45,331,170,5,2,0.0,0.7142857142857143
David Gilbert,Reanne Evans,9,1499,913,0.9850425346190489,0.8122962208104868,949,557,6507,3523,213,61,1198,456,211,121,777,428,42,9,247,69,5,1,0.0,0.8333333333333334
Tom Ford,Stan Moody,9,1425,1131,0.8689474848283985,0.6759015277259407,942,537,6419,3423,49,17,285,125,176,85,909,479,60,26,249,110,5,3,0.0,0.625
Dylan Emery,Jackson Page,9,1227,1383,0.2743852272088807,0.40371730070321216,123,56,695,340,201,103,1282,638,113,58,421,210,142,75,576,299,5,2,0.0,0.7142857142857143
Graeme Dott,Ma Shaojun,9,1322,1000,0.889841863716281,0.6910430124157229,1179,688,8452,4544,0,0,0,0,97,50,620,325,0,0,0,0,5,2,0.0,0.7142857142857143
Paul Deaville,Wu Yize,9,1070,1346,0.14592310822205534,0.3340330732481797,26,14,123,63,108,53,749,376,62,35,91,50,103,53,535,280,5,3,0.0,0.625
Ryan Day,Cheung Ka Wai,9,1399,1145,0.8343351260922364,0.653622330899504,1311,775,8646,4705,24,16,135,84,221,113,927,484,29,14,135,84,5,4,0.0,0.5555555555555556
Mark Davis,Ishpreet Singh Chadha,9,1385,1182,0.7818971725171479,0.6242202334972642,1312,780,9017,4902,37,20,213,114,95,53,477,238,70,33,213,114,5,3,0.0,0.625
Dominic Dale,Mohammed Shehab,9,1303,1219,0.6268664452075894,0.5523079095743253,1112,619,7690,4045,76,32,582,281,121,60,482,239,34,18,34,18,5,4,0.0,0.5555555555555556
Jamie Clarke,Cao Jin,9,1284,1018,0.8453183804092873,0.660382673079216,332,166,1983,985,3,1,21,7,83,38,501,243,15,7,15,7,5,0,0.0,1.0
Gong Chenzhi,Anthony Hamilton,9,1063,1279,0.20385771581524126,0.3681875822638983,18,9,125,63,1046,593,7662,4033,38,16,125,63,72,35,445,215,5,4,0.0,0.5555555555555556
Alfie Burden,Ding Junhui,9,1269,1509,0.17913328358648706,0.35434369377420455,806,419,5720,2908,997,663,7671,4363,73,41,398,191,191,97,922,511,5,4,0.0,0.5555555555555556
Jordan Brown,Liam Pullen,9,1286,1129,0.7268865315426611,0.596884378259767,336,173,2063,1030,47,23,286,137,109,50,727,368,71,35,244,115,5,2,0.0,0.7142857142857143
Stuart Bingham,Zhou Jinhao,9,1465,1042,0.9447545158648063,0.7422125022622994,1503,949,10410,5896,7,4,45,23,228,118,922,488,45,23,45,23,5,1,0.0,0.8333333333333334
Zhang Anda,Oliver Lines,9,1423,1305,0.675135607304274,0.5732197726798348,476,246,3338,1702,370,176,2219,1084,161,75,788,436,55,20,427,204,5,1,0.0,0.8333333333333334
Mark Allen,Liu Hongyu,9,1546,1255,0.8665483049653652,0.6742564252229473,1074,713,7612,4325,41,21,247,134,275,150,1104,628,72,36,247,134,5,2,0.0,0.7142857142857143
Kyren Wilson,He Guoqiang,9,1540,1283,0.837129451391999,0.655318370173895,1044,663,6626,3731,62,35,395,203,427,236,1319,760,122,64,312,171,5,2,0.0,0.7142857142857143
Gary Wilson,Ben Mertens,9,1487,1263,0.8046121832928468,0.6364525402815664,734,424,4712,2536,97,45,589,297,288,155,920,485,83,42,418,215,5,1,0.0,0.8333333333333334
Mark Williams,Mark Davis,9,1528,1385,0.7088074446636303,0.5884351201276382,1796,1178,13104,7520,1312,780,9017,4902,209,113,991,574,95,53,477,238,5,2,0.0,0.7142857142857143
Daniel Wells,Julien Leclercq,9,1417,1187,0.8108150591323824,0.6399160967377341,521,262,3420,1720,69,31,374,176,99,55,497,284,81,37,299,138,5,3,0.0,0.625
Ricky Walden,Anthony McGill,9,1397,1393,0.5061520874125972,0.5024999791668749,1165,689,7832,4284,751,448,4991,2713,213,109,891,471,48,22,600,327,5,3,0.0,0.625
Chris Wakelin,Elliot Slessor,9,1409,1406,0.5046141496682656,0.5018749912109869,422,226,2677,1379,374,183,2277,1121,206,102,778,416,172,96,601,312,5,2,0.0,0.7142857142857143
Hossein Vafaei,Dylan Emery,9,1511,1227,0.8608272920014749,0.6704011598088686,328,199,2285,1221,123,56,695,340,141,84,808,466,113,58,421,210,5,3,0.0,0.625
Thepchaiya Un-Nooh,Zhou Yuelong,9,1446,1456,0.4846231450559826,0.49375032550048964,560,327,3861,2059,502,298,3168,1713,90,47,608,331,117,59,860,460,5,2,0.0,0.7142857142857143
Judd Trump,Ma Hailong,9,1679,1149,0.9759779450022841,0.7900123734263975,1445,1037,9984,6032,34,11,222,97,325,203,1546,943,87,42,222,97,5,0,0.0,1.0
Akani Songsermsawad,John Higgins,9,1341,1516,0.25075863013297794,0.39233683016710835,227,122,1487,767,1879,1324,14538,8565,32,24,191,105,359,195,1323,753,5,4,0.0,0.5555555555555556
Yuan Sijun,Neil Robertson,9,1422,1508,0.3702259076432147,0.4464560968488817,266,139,1693,873,1271,843,9315,5361,108,57,595,337,216,129,930,530,5,2,0.0,0.7142857142857143
Xu Si,Alfie Burden,9,1323,1269,0.5824304989902049,0.5336988354329009,194,81,1227,562,806,419,5720,2908,78,39,438,215,73,41,398,191,5,4,0.0,0.5555555555555556
Matthew Selt,Joe O'Connor,9,1423,1429,0.49077234947048,0.496250070310918,875,476,5633,2935,301,150,1888,950,129,67,880,450,216,114,696,365,5,4,0.0,0.5555555555555556
Mark Selby,Aaron Hill,9,1539,1327,0.7918223659012522,0.6294831119673949,1562,1066,11141,6484,121,56,707,343,273,152,1203,682,86,45,501,261,5,0,0.0,1.0
Jimmy Robertson,Dean Young,9,1326,1033,0.8681512578497216,0.6753536404444148,739,403,4803,2503,102,38,521,212,87,37,656,344,35,6,306,117,5,4,0.0,0.5555555555555556
Ronnie O'Sullivan,Bulcsú Révész,9,1604,1037,0.9823859653367434,0.8049461960842088,1529,1167,13218,8064,13,5,99,45,303,181,1129,679,48,22,99,45,5,2,0.0,0.7142857142857143
Shaun Murphy,Jamie Clarke,9,1519,1284,0.8158857377686465,0.6427913242407762,1360,893,9824,5580,332,166,1983,985,192,106,864,491,83,38,501,243,5,0,0.0,1.0
Hammad Miah,Zak Surety,9,1205,1254,0.42510220983400737,0.469413239817919,285,114,1819,821,248,112,1422,674,44,14,370,167,87,41,435,210,5,3,0.0,0.625
Jack Lisowski,Joe Perry,9,1453,1323,0.6915101683136338,0.5805423048206596,796,485,5185,2837,1385,805,9503,5129,152,81,957,526,99,47,679,340,5,2,0.0,0.7142857142857143
Pang Junxu,Paul Deaville,9,1411,1070,0.9025228904452295,0.7010913114266953,174,95,1113,574,26,14,123,63,194,101,730,390,62,35,91,50,5,0,0.0,1.0
Jak Jones,Tian Pengfei,9,1468,1281,0.763560717707773,0.6147918694922195,396,195,2600,1247,560,308,3670,1931,254,144,763,414,83,40,450,221,5,3,0.0,0.625
Si Jiahui,Amir Sarkhosh,9,1477,1075,0.9357188635287434,0.7320405018416317,181,100,1206,643,29,13,187,95,209,118,782,423,16,6,62,30,5,3,0.0,0.625
Lyu Haotian,Artemijs Zizins,9,1394,1076,0.8870202629331883,0.6889039179769546,335,170,2194,1094,9,7,39,27,107,49,661,357,39,27,39,27,5,2,0.0,0.7142857142857143
Xiao Guodong,Stephen Maguire,9,1411,1440,0.45549299127077353,0.4818829349568186,747,429,4666,2550,1201,777,8781,4931,115,55,847,442,155,83,650,346,5,1,0.0,0.8333333333333334
David Gilbert,Jordan Brown,9,1499,1286,0.7929076344712422,0.6300660082850182,949,557,6507,3523,336,173,2063,1030,211,121,777,428,109,50,727,368,5,2,0.0,0.7142857142857143
Graeme Dott,Zhang Anda,9,1322,1423,0.3486771022852981,0.43720825986135486,1179,688,8452,4544,476,246,3338,1702,97,50,620,325,161,75,788,436,5,2,0.0,0.7142857142857143
Ryan Day,Matthew Stevens,9,1399,1379,0.530729707309385,0.5124973964842103,1311,775,8646,4705,1129,652,8527,4622,221,113,927,484,103,53,570,304,5,2,0.0,0.7142857142857143
Dominic Dale,Noppon Saengkham,9,1303,1389,0.3702259076432147,0.4464560968488817,1112,619,7690,4045,458,238,3127,1581,121,60,482,239,118,58,743,398,5,3,0.0,0.625
Gong Chenzhi,Tom Ford,9,1063,1425,0.08480241546491502,0.28802408058720647,18,9,125,63,942,537,6419,3423,38,16,125,63,176,85,909,479,5,1,0.0,0.8333333333333334
Stuart Bingham,Jamie Jones,9,1465,1333,0.6942019644408484,0.5817593768418363,1503,949,10410,5896,673,397,4409,2371,228,118,922,488,104,49,652,333,5,3,0.0,0.625
Mark Allen,David Lilley,9,1546,1312,0.8148787714569037,0.6422170929574377,1074,713,7612,4325,259,131,1532,773,275,150,1104,628,129,68,488,241,5,1,0.0,0.8333333333333334
Kyren Wilson,Ricky Walden,9,1540,1397,0.7088074446636303,0.5884351201276382,1044,663,6626,3731,1165,689,7832,4284,427,236,1319,760,213,109,891,471,5,3,0.0,0.625
Mark Williams,Chris Wakelin,9,1528,1409,0.6765144327536381,0.5738312575916094,1796,1178,13104,7520,422,226,2677,1379,209,113,991,574,206,102,778,416,5,2,0.0,0.7142857142857143
Daniel Wells,Thepchaiya Un-Nooh,9,1417,1446,0.45549299127077353,0.4818829349568186,521,262,3420,1720,560,327,3861,2059,99,55,497,284,90,47,608,331,5,4,0.0,0.5555555555555556
Judd Trump,Lyu Haotian,9,1679,1394,0.8616551521813485,0.6709533329057776,1445,1037,9984,6032,335,170,2194,1094,325,203,1546,943,107,49,661,357,5,1,0.0,0.8333333333333334
Xu Si,Stuart Bingham,9,1323,1465,0.2925060977553507,0.41217046151748854,194,81,1227,562,1503,949,10410,5896,78,39,438,215,228,118,922,488,5,4,0.0,0.5555555555555556
Matthew Selt,Hammad Miah,9,1423,1205,0.7982810462660692,0.6329747766804606,875,476,5633,2935,285,114,1819,821,129,67,880,450,44,14,370,167,5,2,0.0,0.7142857142857143
Mark Selby,Pang Junxu,9,1539,1411,0.6888075102228256,0.5793242521487495,1562,1066,11141,6484,174,95,1113,574,273,152,1203,682,194,101,730,390,5,4,0.0,0.5555555555555556
Jimmy Robertson,Akani Songsermsawad,9,1326,1341,0.476942221670483,0.4906260984783392,739,403,4803,2503,227,122,1487,767,87,37,656,344,32,24,191,105,5,3,0.0,0.625
Ronnie O'Sullivan,Yuan Sijun,9,1604,1422,0.7576524381780382,0.6118273690017371,1529,1167,13218,8064,266,139,1693,873,303,181,1129,679,108,57,595,337,5,1,0.0,0.8333333333333334
Jak Jones,Jack Lisowski,9,1468,1453,0.5230577783295167,0.5093739015216607,396,195,2600,1247,796,485,5185,2837,254,144,763,414,152,81,957,526,5,4,0.0,0.5555555555555556
Barry Hawkins,Ryan Day,9,1489,1399,0.6355659071692855,0.5560138905446199,1341,837,9216,5161,1311,775,8646,4705,195,103,878,501,221,113,927,484,5,3,0.0,0.625
David Gilbert,Gary Wilson,9,1499,1487,0.518450112354223,0.5074994375506203,949,557,6507,3523,734,424,4712,2536,211,121,777,428,288,155,920,485,5,3,0.0,0.625
Dominic Dale,Shaun Murphy,9,1303,1519,0.20385771581524126,0.3681875822638983,1112,619,7690,4045,1360,893,9824,5580,121,60,482,239,192,106,864,491,5,2,0.0,0.7142857142857143
Gong Chenzhi,Si Jiahui,9,1063,1477,0.05898048051616869,0.26211589880836517,18,9,125,63,181,100,1206,643,38,16,125,63,209,118,782,423,5,3,0.0,0.625
Mark Allen,Xiao Guodong,9,1546,1411,0.6982190316058211,0.5835831155172753,1074,713,7612,4325,747,429,4666,2550,275,150,1104,628,115,55,847,442,5,2,0.0,0.7142857142857143
Kyren Wilson,Jimmy Robertson,9,1540,1326,0.7939893798637696,0.6306485256510744,1044,663,6626,3731,739,403,4803,2503,427,236,1319,760,87,37,656,344,5,4,0.0,0.5555555555555556
Daniel Wells,Dominic Dale,9,1417,1303,0.6695952090283444,0.5707716118944918,521,262,3420,1720,1112,619,7690,4045,99,55,497,284,121,60,482,239,5,1,0.0,0.8333333333333334
Judd Trump,Jak Jones,9,1679,1468,0.790733578545378,0.6288998381516232,1445,1037,9984,6032,396,195,2600,1247,325,203,1546,943,254,144,763,414,5,1,0.0,0.8333333333333334
Xu Si,Mark Williams,9,1323,1528,0.21587277809548666,0.37460765027944887,194,81,1227,562,1796,1178,13104,7520,78,39,438,215,209,113,991,574,5,4,0.0,0.5555555555555556
Matthew Selt,Gong Chenzhi,9,1423,1063,0.9140492170600234,0.7109495026250039,875,476,5633,2935,18,9,125,63,129,67,880,450,38,16,125,63,5,4,0.0,0.5555555555555556
Ronnie O'Sullivan,Hossein Vafaei,9,1604,1511,0.6398886059283445,0.5578645727207344,1529,1167,13218,8064,328,199,2285,1221,303,181,1129,679,141,84,808,466,5,0,0.0,1.0
Barry Hawkins,Mark Allen,9,1489,1546,0.41306489554708414,0.4644351620161461,1341,837,9216,5161,1074,713,7612,4325,195,103,878,501,275,150,1104,628,5,3,0.0,0.625
David Gilbert,Mark Selby,9,1499,1539,0.4387318882192537,0.47502081252106,949,557,6507,3523,1562,1066,11141,6484,211,121,777,428,273,152,1203,682,5,4,0.0,0.5555555555555556
Kyren Wilson,Xu Si,9,1540,1323,0.7972134349638327,0.6323937895695628,1044,663,6626,3731,194,81,1227,562,427,236,1319,760,78,39,438,215,5,1,0.0,0.8333333333333334
Daniel Wells,Barry Hawkins,9,1417,1489,0.39073366664049125,0.45512110762641994,521,262,3420,1720,1341,837,9216,5161,99,55,497,284,195,103,878,501,5,3,0.0,0.625
Judd Trump,David Gilbert,9,1679,1499,0.7552657810970291,0.610639233949222,1445,1037,9984,6032,949,557,6507,3523,325,203,1546,943,211,121,777,428,5,2,0.0,0.7142857142857143
Ronnie O'Sullivan,Matthew Selt,9,1604,1423,0.7564607688598808,0.6112334666758695,1529,1167,13218,8064,875,476,5633,2935,303,181,1129,679,129,67,880,450,5,4,0.0,0.5555555555555556
Kyren Wilson,Ronnie O'Sullivan,11,1540,1604,0.3930880661471555,0.46008511544443426,1044,663,6626,3731,1529,1167,13218,8064,427,236,1319,760,303,181,1129,679,6,4,0.0,0.6
Judd Trump,Daniel Wells,11,1679,1417,0.8646908576804723,0.6581363150480182,1445,1037,9984,6032,521,262,3420,1720,325,203,1546,943,99,55,497,284,6,1,0.0,0.8571428571428571
Kyren Wilson,Judd Trump,19,1540,1679,0.22198927883257136,0.4139887955611293,1044,663,6626,3731,1445,1037,9984,6032,427,236,1319,760,325,203,1546,943,10,8,0.0,0.5555555555555556
Xing Zihao,Stuart Bingham,9,1131,1461,0.1046746788798586,0.3047033306524346,28,11,173,77,1506,951,10433,5910,73,33,173,77,251,132,945,502,5,1,0.0,0.8333333333333334
Fan Zhengyi,Mink Nutcharut,9,1386,959,0.9463504994567923,0.7441211943032843,186,82,1188,548,42,3,242,70,174,95,687,362,48,12,241,70,5,0,0.0,1.0
Long Zehuang,Mark Selby,9,1262,1539,0.14506688000051476,0.3334771667448877,67,32,373,185,1566,1069,11172,6503,108,59,214,107,304,171,1234,701,5,4,0.0,0.5555555555555556
Wu Yize,Thor Chuan Leong,9,1327,1216,0.6654140283737799,0.5689332093695465,109,53,757,379,180,64,1126,497,111,56,543,283,72,34,213,111,5,1,0.0,0.8333333333333334
Ben Woollaston,Oliver Lines,9,1352,1293,0.5899315453398475,0.5368082899889803,828,466,5225,2771,371,176,2225,1085,96,50,517,265,61,21,433,205,5,1,0.0,0.8333333333333334
Daniel Womersley,Joe Perry,9,1108,1327,0.20065488566813539,0.3664446223632249,106,52,531,259,1387,806,9515,5136,66,33,160,82,111,54,691,347,5,4,0.0,0.5555555555555556
Kyren Wilson,Liam Davies,9,1583,1102,0.9643889636997364,0.7689692210129387,1051,670,6691,3772,42,20,254,120,492,277,1384,801,57,29,228,110,5,1,0.0,0.8333333333333334
Gary Wilson,Alexander Ursenbacher,9,1484,1325,0.7294208076401816,0.5980868603322034,737,426,4735,2549,281,128,1696,816,311,168,943,498,81,43,368,183,5,4,0.0,0.5555555555555556
Robbie Williams,Kreishh Gurbaxani,9,1386,1025,0.9146249185246416,0.7114629823302013,557,299,3570,1834,22,9,121,59,127,64,547,295,57,30,98,49,5,4,0.0,0.5555555555555556
Jimmy White,Dominic Dale,9,1126,1321,0.2271614942374483,0.3804826803529153,1569,840,13047,6734,1116,622,7720,4061,39,10,338,132,151,76,512,255,5,3,0.0,0.625
Chris Wakelin,Ma Hailong,9,1408,1155,0.8333964892426636,0.6530561132866127,425,228,2700,1391,36,12,235,102,229,114,801,428,100,47,235,102,5,1,0.0,0.8333333333333334
Hossein Vafaei,Ahmed Aly Elsayed,9,1492,871,0.989010081828059,0.8252745162556823,331,201,2304,1231,19,0,92,12,160,94,827,476,45,7,92,12,5,0,0.0,1.0
Judd Trump,Antoni Kowalski,9,1695,1135,0.9813055534805224,0.8021838885585817,1452,1043,10040,6071,40,21,222,117,381,242,1602,982,65,37,98,57,5,1,0.0,0.8333333333333334
Allan Taylor,Joshua Thomond,9,1228,1092,0.699552494810083,0.5841905229354074,445,204,2620,1255,74,33,394,196,108,58,398,178,58,31,145,78,5,0,0.0,1.0
Haris Tahir,Jamie Jones,9,1050,1331,0.14167750801176168,0.33125817889780795,12,8,74,40,675,398,4424,2379,49,28,74,40,119,57,667,341,5,3,0.0,0.625
Zak Surety,Scott Donaldson,9,1255,1399,0.28988191378712186,0.41095956594133487,250,113,1437,682,492,262,3152,1609,102,49,450,218,113,62,610,318,5,1,0.0,0.8333333333333334
Akani Songsermsawad,Tom Ford,9,1356,1396,0.4387318882192537,0.47502081252106,230,124,1511,780,944,538,6433,3429,56,37,215,118,190,91,923,485,5,2,0.0,0.7142857142857143
Elliot Slessor,Artemijs Zizins,9,1404,1094,0.8812152445871373,0.6846015003234307,376,184,2289,1128,11,8,54,34,184,103,613,319,54,34,54,34,5,3,0.0,0.625
Ishpreet Singh Chadha,David Grace,9,1182,1203,0.46773724876101863,0.4868780138177567,38,20,221,117,480,222,3139,1516,78,36,221,117,74,32,450,210,5,3,0.0,0.625
Yuan Sijun,Cai Wei,9,1430,1000,0.9475221938398536,0.7455466141264027,269,141,1712,884,0,0,0,0,127,68,614,348,0,0,0,0,5,0,0.0,1.0
Xu Si,Ian Burns,9,1337,1306,0.5475616243336275,0.519365308229932,199,85,1269,583,497,243,3133,1559,120,60,480,236,88,45,428,203,5,1,0.0,0.8333333333333334
Matthew Selt,Liam Pullen,9,1434,1122,0.8826868496118285,0.6856801139382539,880,480,5674,2959,48,23,293,139,170,91,921,474,78,37,251,117,5,2,0.0,0.7142857142857143
Noppon Saengkham,Daniel Wells,9,1375,1443,0.3966551741416371,0.45760205922564895,460,239,3143,1589,527,267,3467,1746,134,66,759,406,146,81,544,310,5,1,0.0,0.8333333333333334
Jimmy Robertson,Amir Sarkhosh,9,1341,1090,0.8315084197134864,0.6519223788927313,743,406,4835,2522,31,14,203,103,119,56,688,363,32,14,78,38,5,2,0.0,0.7142857142857143
Neil Robertson,Ken Doherty,9,1496,1199,0.8713152214887023,0.6775422953274692,1273,844,9329,5368,1285,743,10113,5443,230,136,944,537,44,15,377,159,5,0,0.0,1.0
Tian Pengfei,Andrew Higginson,9,1297,1284,0.5199863209697588,0.5081242849062608,562,309,3683,1939,878,503,6097,3300,96,48,463,229,83,40,427,229,5,3,0.0,0.625
Andrew Pagett,Lyu Haotian,9,1111,1384,0.14851316404970683,0.33570355710001126,343,148,2196,1028,338,172,2214,1105,90,38,363,143,127,60,681,368,5,1,0.0,0.8333333333333334
Jackson Page,Peifan Lei,9,1366,1206,0.7306833019461992,0.598687660112452,202,103,1289,640,111,50,645,304,149,77,583,301,19,8,248,113,5,3,0.0,0.625
Martin O'Donnell,Huang Hao,9,1303,1000,0.8759568702030395,0.6808107108156386,509,258,3160,1596,0,0,0,0,137,68,443,218,0,0,0,0,5,0,0.0,1.0
Shaun Murphy,Michael Holt,9,1520,1253,0.8462103226165194,0.6609431415591629,1363,895,9842,5592,1009,569,7010,3698,210,118,882,503,35,14,298,152,5,1,0.0,0.8333333333333334
Stan Moody,Matthew Stevens,9,1134,1385,0.16849158028651362,0.3480776211072687,50,17,293,128,1131,653,8539,4629,68,29,257,113,115,60,582,311,5,2,0.0,0.7142857142857143
Robert Milkins,Farakh Ajaib,9,1307,1173,0.6968827791173715,0.5829754542011996,1137,656,7884,4205,151,66,820,378,142,59,925,463,62,40,268,133,5,1,0.0,0.8333333333333334
Hammad Miah,Joe O'Connor,9,1211,1425,0.2060106201362305,0.36935147434892557,287,115,1834,828,303,151,1905,959,59,21,385,174,233,123,713,374,5,3,0.0,0.625
Anthony McGill,Simon Blackwell,9,1398,1158,0.8208667164135127,0.6456563062257954,753,449,5004,2721,61,32,304,163,61,30,613,335,71,43,98,55,5,3,0.0,0.625
Jack Lisowski,Liam Graham,9,1465,982,0.964942676196984,0.769856303965535,799,487,5207,2851,48,14,264,100,174,95,979,540,50,14,185,60,5,2,0.0,0.7142857142857143
David Lilley,Mohammed Shehab,9,1311,1219,0.6384497606491344,0.5572478545985555,261,132,1546,779,77,32,591,285,143,74,502,247,43,22,43,22,5,1,0.0,0.8333333333333334
Sanderson Lam,Huang Jiahao,9,1224,1031,0.7705394670022265,0.6183380393302829,273,109,1650,728,28,10,156,67,77,32,488,232,17,3,53,27,5,3,0.0,0.625
Cheung Ka Wai,Stephen Maguire,9,1152,1432,0.14251952603921025,0.3318122278318339,25,16,144,88,1203,778,8793,4937,38,18,144,88,167,89,662,352,5,4,0.0,0.5555555555555556
Pang Junxu,Bulcsú Révész,9,1431,1067,0.9163338450326745,0.7130001627522816,177,97,1134,588,15,6,111,52,215,115,751,404,60,29,111,52,5,2,0.0,0.7142857142857143
Ding Junhui,Robbie Mcguigan,9,1495,1084,0.9397292470105665,0.7364309317009723,998,663,7680,4367,66,24,304,134,200,101,931,515,27,14,168,77,5,2,0.0,0.7142857142857143
Mark Joyce,Mitchell Mann,9,1260,1198,0.5944158213362583,0.538672605206508,636,325,4398,2207,379,173,2284,1080,91,46,415,203,49,29,254,116,5,2,0.0,0.7142857142857143
Jak Jones,Ross Muir,9,1454,1193,0.8408048830150162,0.6575736106164225,400,198,2632,1263,287,114,1818,834,286,160,795,430,78,32,413,192,5,3,0.0,0.625
Duane Jones,Luca Brecel,9,1227,1461,0.18512122854309626,0.3577829070425624,321,143,1907,926,642,374,4307,2330,53,25,345,162,108,55,819,447,5,4,0.0,0.5555555555555556
Si Jiahui,Gong Chenzhi,9,1439,1133,0.8782310515028146,0.6824383021930648,184,102,1231,656,22,12,157,82,234,131,807,436,70,35,157,82,5,3,0.0,0.625
Aaron Hill,Ashley Carty,9,1317,1277,0.5612681117807465,0.52497918747894,123,57,719,348,277,129,1623,797,98,50,513,266,89,45,336,166,5,2,0.0,0.7142857142857143
John Higgins,Ben Mertens,9,1511,1252,0.8389743547486134,0.6564468724566059,1881,1325,14554,8574,99,46,604,303,375,204,1339,762,98,48,433,221,5,1,0.0,0.8333333333333334
Louis Heathcote,Thepchaiya Un-Nooh,9,1301,1452,0.28078975550250823,0.4067300078928128,198,91,1148,563,563,329,3885,2073,119,64,467,229,114,61,632,345,5,4,0.0,0.5555555555555556
Barry Hawkins,Jiang Jun,9,1497,1169,0.8939742892523868,0.6942363401080305,1345,840,9246,5179,28,10,203,94,225,121,908,519,110,52,203,94,5,3,0.0,0.625
Anthony Hamilton,Reanne Evans,9,1266,912,0.9105307816302011,0.7078572714244814,1047,593,7671,4037,214,61,1204,457,81,39,454,219,48,10,253,70,5,4,0.0,0.5555555555555556
He Guoqiang,Siripaporn Nuanthakhamjan,9,1283,880,0.9361749444828573,0.7325306102876052,64,36,411,210,19,0,110,19,138,71,328,178,42,4,110,19,5,0,0.0,1.0
Xiao Guodong,Haydon Pinhey,9,1424,1152,0.8506163513024436,0.6637386974043528,750,431,4686,2562,109,50,577,274,135,67,867,454,88,43,314,154,5,1,0.0,0.8333333333333334
Marco Fu,Zhou Yuelong,9,1344,1450,0.3416025347215279,0.4341349971045183,969,566,7238,3917,504,299,3181,1720,96,50,372,186,130,66,873,467,5,1,0.0,0.8333333333333334
Dylan Emery,Lim Kok Leong,9,1246,1075,0.7443630173545871,0.6052765337748445,125,57,710,348,11,9,61,38,128,66,436,218,35,24,61,38,5,1,0.0,0.8333333333333334
Graeme Dott,Julien Leclercq,9,1339,1200,0.7035360054960305,0.5860112044388707,1181,690,8466,4554,71,32,391,184,111,60,634,335,98,45,316,146,5,2,0.0,0.7142857142857143
Mostafa Dorgham,Ricky Walden,9,1007,1400,0.0685064387221441,0.27239601075715814,19,3,127,38,1168,691,7856,4297,71,26,117,38,237,122,915,484,5,4,0.0,0.5555555555555556
Ryan Day,Liu Hongyu,9,1400,1253,0.7140324724419308,0.5908547524545943,1314,777,8670,4718,42,21,254,136,245,126,951,497,79,38,254,136,5,3,0.0,0.625
Mark Davis,Chris Totten,9,1378,1124,0.8343351260922364,0.653622330899504,1314,781,9032,4909,96,34,553,224,110,60,492,245,79,46,167,93,5,3,0.0,0.625
Jamie Clarke,Alfie Burden,9,1284,1281,0.5046141496682656,0.5018749912109869,334,167,1993,990,808,420,5738,2917,93,43,511,248,91,50,416,200,5,4,0.0,0.5555555555555556
Ali Carter,Wang Yuchen,9,1503,1153,0.9081233677303755,0.7057850278370112,1330,821,8968,4955,95,36,595,254,299,161,1156,645,43,24,127,75,5,3,0.0,0.625
Jordan Brown,Zhou Jinhao,9,1288,1038,0.8305589863516776,0.6513548646660542,338,174,2077,1037,8,4,51,24,123,57,741,375,51,24,51,24,5,3,0.0,0.625
Iulian Boiko,Manasawin Phetmalaikul,9,1183,979,0.7830139367356328,0.6248064744684293,103,39,572,249,55,17,307,122,95,47,338,172,51,14,162,62,5,4,0.0,0.5555555555555556
Zhang Anda,Dean Young,9,1419,1060,0.9134704714809997,0.7104354810428751,478,247,3351,1709,104,39,538,221,174,82,801,443,52,15,323,126,5,1,0.0,0.8333333333333334
Mark Allen,Yulu Bai,9,1554,989,0.9820831142048664,0.8041599598359659,1078,716,7640,4343,10,3,76,29,303,168,1132,646,23,8,76,29,5,1,0.0,0.8333333333333334
Long Zehuang,Dylan Emery,9,1262,1246,0.5245929792443278,0.5099986668799655,67,32,373,185,125,57,710,348,108,59,214,107,128,66,436,218,5,2,0.0,0.7142857142857143
Wu Yize,Cheung Ka Wai,9,1327,1152,0.7492413698670223,0.6076631698328917,109,53,757,379,25,16,144,88,111,56,543,283,38,18,144,88,5,0,0.0,1.0
Ben Woollaston,Gary Wilson,9,1352,1484,0.30579803555915175,0.4182406231581638,828,466,5225,2771,737,426,4735,2549,96,50,517,265,311,168,943,498,5,1,0.0,0.8333333333333334
Kyren Wilson,Aaron Hill,9,1583,1317,0.8453183804092873,0.660382673079216,1051,670,6691,3772,123,57,719,348,492,277,1384,801,98,50,513,266,5,0,0.0,1.0
Robbie Williams,Hammad Miah,9,1386,1211,0.7492413698670223,0.6076631698328917,557,299,3570,1834,287,115,1834,828,127,64,547,295,59,21,385,174,5,2,0.0,0.7142857142857143
Chris Wakelin,Haris Tahir,9,1408,1050,0.912888673167789,0.7099209183344533,425,228,2700,1391,12,8,74,40,229,114,801,428,49,28,74,40,5,1,0.0,0.8333333333333334
Hossein Vafaei,Jordan Brown,9,1492,1288,0.7830139367356328,0.6248064744684293,331,201,2304,1231,338,174,2077,1037,160,94,827,476,123,57,741,375,5,3,0.0,0.625
Judd Trump,He Guoqiang,9,1695,1283,0.9401618894515045,0.7369158958334202,1452,1043,10040,6071,64,36,411,210,381,242,1602,982,138,71,328,178,5,2,0.0,0.7142857142857143
Zak Surety,Robert Milkins,9,1255,1307,0.42057894147456754,0.4675456936126812,250,113,1437,682,1137,656,7884,4205,102,49,450,218,142,59,925,463,5,4,0.0,0.5555555555555556
Elliot Slessor,Wang Xinbo,9,1404,1074,0.8953253211201412,0.6952966693475653,376,184,2289,1128,8,3,66,30,184,103,613,319,41,20,66,30,5,2,0.0,0.7142857142857143
Yuan Sijun,Xing Zihao,9,1430,1131,0.8728763053804336,0.6786337178522214,269,141,1712,884,28,11,173,77,127,68,614,348,73,33,173,77,5,2,0.0,0.7142857142857143
Noppon Saengkham,Jimmy White,9,1375,1126,0.8296059536556128,0.6507869207968349,460,239,3143,1589,1569,840,13047,6734,134,66,759,406,39,10,338,132,5,1,0.0,0.8333333333333334
Jackson Page,Neil Robertson,9,1366,1496,0.3084898316863662,0.41945769517934034,202,103,1289,640,1273,844,9329,5368,149,77,583,301,230,136,944,537,5,1,0.0,0.8333333333333334
Martin O'Donnell,Akani Songsermsawad,9,1303,1356,0.4190735991048983,0.46692337763389535,509,258,3160,1596,230,124,1511,780,137,68,443,218,56,37,215,118,5,2,0.0,0.7142857142857143
Shaun Murphy,Anthony Hamilton,9,1520,1266,0.8343351260922364,0.653622330899504,1363,895,9842,5592,1047,593,7671,4037,210,118,882,503,81,39,454,219,5,3,0.0,0.625
Stan Moody,Ryan Day,9,1134,1400,0.15468161959071264,0.3396173269207839,50,17,293,128,1314,777,8670,4718,68,29,257,113,245,126,951,497,5,4,0.0,0.5555555555555556
Anthony McGill,Mostafa Dorgham,9,1398,1007,0.93052470457039,0.726611880149394,753,449,5004,2721,19,3,127,38,61,30,613,335,71,26,117,38,5,4,0.0,0.5555555555555556
Jack Lisowski,Iulian Boiko,9,1465,1183,0.8591609654110055,0.669295402777446,799,487,5207,2851,103,39,572,249,174,95,979,540,95,47,338,172,5,1,0.0,0.8333333333333334
David Lilley,Allan Taylor,9,1311,1228,0.6254097561604477,0.5516896693427,261,132,1546,779,445,204,2620,1255,143,74,502,247,108,58,398,178,5,4,0.0,0.5555555555555556
Pang Junxu,Matthew Selt,9,1431,1434,0.4953858503317341,0.498125008789013,177,97,1134,588,880,480,5674,2959,215,115,751,404,170,91,921,474,5,0,0.0,1.0
Ding Junhui,Xu Si,9,1495,1337,0.7281552136873749,0.5974857658270161,998,663,7680,4367,199,85,1269,583,200,101,931,515,120,60,480,236,5,0,0.0,1.0
Mark Joyce,Sanderson Lam,9,1260,1224,0.5551848201387266,0.5224848247918001,636,325,4398,2207,273,109,1650,728,91,46,415,203,77,32,488,232,5,2,0.0,0.7142857142857143
Jak Jones,Tian Pengfei,9,1454,1297,0.7268865315426611,0.596884378259767,400,198,2632,1263,562,309,3683,1939,286,160,795,430,96,48,463,229,5,3,0.0,0.625
Duane Jones,Ishpreet Singh Chadha,9,1227,1182,0.5688507121013815,0.528095374408387,321,143,1907,926,38,20,221,117,53,25,345,162,78,36,221,117,5,3,0.0,0.625
Si Jiahui,Daniel Womersley,9,1439,1108,0.895995910361251,0.6958260586292875,184,102,1231,656,106,52,531,259,234,131,807,436,66,33,160,82,5,2,0.0,0.7142857142857143
John Higgins,Fan Zhengyi,9,1511,1386,0.6847334230529902,0.5774953651858118,1881,1325,14554,8574,186,82,1188,548,375,204,1339,762,174,95,687,362,5,4,0.0,0.5555555555555556
Barry Hawkins,Jimmy Robertson,9,1497,1341,0.7256147727911193,0.5962826992967879,1345,840,9246,5179,743,406,4835,2522,225,121,908,519,119,56,688,363,5,3,0.0,0.625
Xiao Guodong,Andrew Pagett,9,1424,1111,0.8834175494976392,0.6862186708976811,750,431,4686,2562,343,148,2196,1028,135,67,867,454,90,38,363,143,5,1,0.0,0.8333333333333334
Marco Fu,Louis Heathcote,9,1344,1301,0.5658207017739435,0.5268491486891144,969,566,7238,3917,198,91,1148,563,96,50,372,186,119,64,467,229,5,1,0.0,0.8333333333333334
Ali Carter,Mark Davis,9,1503,1378,0.6847334230529902,0.5774953651858118,1330,821,8968,4955,1314,781,9032,4909,299,161,1156,645,110,60,492,245,5,4,0.0,0.5555555555555556
Zhang Anda,Graeme Dott,9,1419,1339,0.6210284680300693,0.549833997312478,478,247,3351,1709,1181,690,8466,4554,174,82,801,443,111,60,634,335,5,3,0.0,0.625
Long Zehuang,Jackson Page,9,1262,1366,0.34442552629041145,0.4353637081969708,67,32,373,185,202,103,1289,640,108,59,214,107,149,77,583,301,5,0,0.0,1.0
Wu Yize,Jamie Clarke,9,1327,1284,0.5658207017739435,0.5268491486891144,109,53,757,379,334,167,1993,990,111,56,543,283,93,43,511,248,5,4,0.0,0.5555555555555556
Ben Woollaston,Elliot Slessor,9,1352,1404,0.42057894147456754,0.4675456936126812,828,466,5225,2771,376,184,2289,1128,96,50,517,265,184,103,613,319,5,3,0.0,0.625
Chris Wakelin,David Lilley,9,1408,1311,0.6456229970128096,0.5603296426885532,425,228,2700,1391,261,132,1546,779,229,114,801,428,143,74,502,247,5,0,0.0,1.0
Judd Trump,Anthony McGill,9,1695,1398,0.8713152214887023,0.6775422953274692,1452,1043,10040,6071,753,449,5004,2721,381,242,1602,982,61,30,613,335,5,2,0.0,0.7142857142857143
Shaun Murphy,Noppon Saengkham,9,1520,1375,0.7114258135090068,0.5896454785627312,1363,895,9842,5592,460,239,3143,1589,210,118,882,503,134,66,759,406,5,3,0.0,0.625
Jack Lisowski,Jak Jones,9,1465,1454,0.5169136156946217,0.5068745667645342,799,487,5207,2851,400,198,2632,1263,174,95,979,540,286,160,795,430,5,1,0.0,0.8333333333333334
Ding Junhui,Yuan Sijun,9,1495,1430,0.5988871099602557,0.5405358392737893,998,663,7680,4367,269,141,1712,884,200,101,931,515,127,68,614,348,5,2,0.0,0.7142857142857143
Mark Joyce,Robbie Williams,9,1260,1386,0.31390588840468353,0.4218947671156908,636,325,4398,2207,557,299,3570,1834,91,46,415,203,127,64,547,295,5,0,0.0,1.0
Duane Jones,Pang Junxu,9,1227,1431,0.21698606326436728,0.3751935255315707,321,143,1907,926,177,97,1134,588,53,25,345,162,215,115,751,404,5,4,0.0,0.5555555555555556
Si Jiahui,Martin O'Donnell,9,1439,1303,0.699552494810083,0.5841905229354074,184,102,1231,656,509,258,3160,1596,234,131,807,436,137,68,443,218,5,1,0.0,0.8333333333333334
John Higgins,Zak Surety,9,1511,1255,0.8362016064954723,0.6547534606063192,1881,1325,14554,8574,250,113,1437,682,375,204,1339,762,102,49,450,218,5,3,0.0,0.625
Barry Hawkins,Stan Moody,9,1497,1134,0.9157672237913765,0.7124883131320702,1345,840,9246,5179,50,17,293,128,225,121,908,519,68,29,257,113,5,3,0.0,0.625
Xiao Guodong,Kyren Wilson,9,1424,1583,0.2705791923598182,0.40191313966779657,750,431,4686,2562,1051,670,6691,3772,135,67,867,454,492,277,1384,801,5,4,0.0,0.5555555555555556
Ali Carter,Marco Fu,9,1503,1344,0.7294208076401816,0.5980868603322034,1330,821,8968,4955,969,566,7238,3917,299,161,1156,645,96,50,372,186,5,3,0.0,0.625
Zhang Anda,Hossein Vafaei,9,1419,1492,0.3892573801791685,0.45450121278721795,478,247,3351,1709,331,201,2304,1231,174,82,801,443,160,94,827,476,5,3,0.0,0.625
Long Zehuang,Ben Woollaston,9,1262,1352,0.3644340928307144,0.44398610945538003,67,32,373,185,828,466,5225,2771,108,59,214,107,96,50,517,265,5,3,0.0,0.625
Chris Wakelin,Ding Junhui,9,1408,1495,0.3687749893732751,0.44583834723635146,425,228,2700,1391,998,663,7680,4367,229,114,801,428,200,101,931,515,5,3,0.0,0.625
Judd Trump,John Higgins,9,1695,1511,0.760025787896806,0.6130141761393355,1452,1043,10040,6071,1881,1325,14554,8574,381,242,1602,982,375,204,1339,762,5,2,0.0,0.7142857142857143
Shaun Murphy,Ali Carter,9,1520,1503,0.5261277964586326,0.5106234010049637,1363,895,9842,5592,1330,821,8968,4955,210,118,882,503,299,161,1156,645,5,4,0.0,0.5555555555555556
Jack Lisowski,Wu Yize,9,1465,1327,0.7022109959534144,0.585404569129465,799,487,5207,2851,109,53,757,379,174,95,979,540,111,56,543,283,5,0,0.0,1.0
Si Jiahui,Duane Jones,9,1439,1227,0.7918223659012522,0.6294831119673949,184,102,1231,656,321,143,1907,926,234,131,807,436,53,25,345,162,5,2,0.0,0.7142857142857143
Xiao Guodong,Barry Hawkins,9,1424,1497,0.3892573801791685,0.45450121278721795,750,431,4686,2562,1345,840,9246,5179,135,67,867,454,225,121,908,519,5,2,0.0,0.7142857142857143
Zhang Anda,Mark Joyce,9,1419,1260,0.7294208076401816,0.5980868603322034,478,247,3351,1709,636,325,4398,2207,174,82,801,443,91,46,415,203,5,4,0.0,0.5555555555555556
Long Zehuang,Jack Lisowski,9,1262,1465,0.21810282748285217,0.3757797665027358,67,32,373,185,799,487,5207,2851,108,59,214,107,174,95,979,540,5,1,0.0,0.8333333333333334
Judd Trump,Chris Wakelin,9,1695,1408,0.8633002845321215,0.6720562626502714,1452,1043,10040,6071,425,228,2700,1391,381,242,1602,982,229,114,801,428,5,4,0.0,0.5555555555555556
Si Jiahui,Zhang Anda,9,1439,1419,0.530729707309385,0.5124973964842103,184,102,1231,656,478,247,3351,1709,234,131,807,436,174,82,801,443,5,3,0.0,0.625
Xiao Guodong,Shaun Murphy,9,1424,1520,0.3558074142386589,0.44028635073280703,750,431,4686,2562,1363,895,9842,5592,135,67,867,454,210,118,882,503,5,1,0.0,0.8333333333333334
Si Jiahui,Judd Trump,11,1439,1695,0.14077991609208995,0.3452465393936808,184,102,1231,656,1452,1043,10040,6071,234,131,807,436,381,242,1602,982,6,2,0.0,0.75
Xiao Guodong,Long Zehuang,11,1424,1262,0.7532516785524059,0.5998883688639983,750,431,4686,2562,67,32,373,185,135,67,867,454,108,59,214,107,6,4,0.0,0.6
Xiao Guodong,Si Jiahui,19,1424,1439,0.4670017257663631,0.4906260984783392,750,431,4686,2562,184,102,1231,656,135,67,867,454,234,131,807,436,10,7,0.0,0.5882352941176471
Long Zehuang,Liam Pullen,7,1342,1120,0.7752232149046754,0.6352948493228071,73,37,418,214,49,23,300,141,153,88,259,136,85,39,258,119,4,0,0.0,1.0
Zhou Yuelong,Fan Zhengyi,7,1431,1397,0.5463726874746992,0.5212372149662741,505,299,3187,1721,188,83,1202,557,136,67,879,468,188,104,701,371,4,2,0.0,0.6666666666666666
Wu Yize,Siripaporn Nuanthakhamjan,7,1340,869,0.9420526291744534,0.7644979994081456,113,56,782,394,20,0,115,19,136,71,568,298,47,4,115,19,4,1,0.0,0.8
Ben Woollaston,Matthew Selt,7,1383,1416,0.45498494612477275,0.47938669028555136,832,469,5253,2789,882,481,5686,2964,124,68,545,283,182,96,933,479,4,3,0.0,0.5714285714285714
Kyren Wilson,Julien Leclercq,7,1589,1193,0.9085182512941501,0.7290879223493065,1054,672,6711,3786,72,32,398,186,512,291,1404,815,105,47,323,148,4,0,0.0,1.0
Robbie Williams,Jackson Page,7,1359,1366,0.4904306643721704,0.4956251116502266,560,301,3591,1844,205,105,1308,650,148,74,568,305,168,87,602,311,4,1,0.0,0.8
Ricky Walden,Liu Hongyu,7,1380,1251,0.6704536022204194,0.5799334001885058,1169,691,7865,4301,43,21,262,139,246,126,924,488,87,41,262,139,4,3,0.0,0.5714285714285714
Chris Wakelin,Haydon Pinhey,7,1459,1144,0.856895920094142,0.6872942801972042,430,232,2734,1415,110,50,583,275,263,138,835,452,94,44,320,155,4,0,0.0,1.0
Hossein Vafaei,Mostafa Dorgham,7,1488,1039,0.9334790107069658,0.7544521462725048,334,203,2325,1244,21,4,145,47,181,107,848,489,89,35,135,47,4,1,0.0,0.8
Thepchaiya Un-Nooh,Alexander Ursenbacher,7,1441,1328,0.6504866469700167,0.5701590253818352,564,329,3894,2077,282,128,1705,820,123,65,641,349,90,47,377,187,4,1,0.0,0.8
Lewis Ullah,Manasawin Phetmalaikul,7,1031,984,0.5639634145132848,0.5293412500457856,31,13,178,82,56,17,316,126,40,22,125,65,60,18,171,66,4,2,0.0,0.6666666666666666
Judd Trump,Robert Milkins,7,1671,1313,0.8864609774555678,0.7099209183344533,1458,1048,10084,6098,1139,657,7899,4214,425,269,1646,1009,157,68,940,472,4,1,0.0,0.8
Chris Totten,Jimmy White,7,1126,1133,0.4904306643721704,0.4956251116502266,97,34,561,227,1571,841,13061,6740,87,49,175,96,53,16,352,138,4,0,0.0,1.0
Allan Taylor,Artemijs Zizins,7,1245,1098,0.692311529960642,0.5908547524545943,447,205,2634,1264,12,8,62,37,122,67,412,187,62,37,62,37,4,3,0.0,0.5714285714285714
Haris Tahir,Dean Young,7,1063,1054,0.5123026114255715,0.5056247627073255,14,9,88,46,105,39,544,222,63,34,88,46,58,16,329,127,4,3,0.0,0.5714285714285714
Akani Songsermsawad,Daniel Womersley,7,1355,1120,0.7881034579959058,0.6427913242407762,232,125,1525,787,108,53,547,266,70,44,229,125,82,40,176,89,4,0,0.0,1.0
Elliot Slessor,Joshua Cooper,7,1392,1033,0.8870891247364365,0.7104354810428751,379,186,2312,1141,68,29,353,165,207,116,636,332,49,26,100,48,4,1,0.0,0.8
Yuan Sijun,Jamie Jones,7,1432,1312,0.6592810606298003,0.574442516811659,272,143,1731,896,676,398,4432,2382,146,80,633,360,127,60,675,344,4,2,0.0,0.6666666666666666
Xu Si,Ken Doherty,7,1336,1186,0.6958878075458884,0.5926665999540697,201,86,1280,588,1286,743,10118,5443,131,65,491,241,49,15,382,159,4,2,0.0,0.6666666666666666
Mark Selby,Pang Junxu,7,1523,1438,0.6144870727228646,0.5529259881329059,1567,1069,11181,6507,180,99,1155,602,313,175,1243,705,236,129,772,418,4,3,0.0,0.5714285714285714
Noppon Saengkham,Joe Perry,7,1399,1313,0.6157933128709394,0.5535439031511183,463,241,3163,1602,1388,806,9524,5140,154,79,779,419,120,58,700,351,4,3,0.0,0.5714285714285714
Neil Robertson,Andrew Pagett,7,1489,1128,0.88833750958084,0.7114629823302013,1275,845,9340,5374,345,149,2208,1034,241,142,955,543,102,44,375,149,4,1,0.0,0.8
Bulcsú Révész,Ali Carter,7,1067,1497,0.07473980396142949,0.25445338587359734,16,6,118,54,1334,824,9002,4974,67,31,118,54,333,180,1190,664,4,3,0.0,0.5714285714285714
Tian Pengfei,Scott Donaldson,7,1302,1379,0.39601140843867844,0.4520230623632036,564,310,3699,1947,493,262,3158,1610,112,56,479,237,119,63,616,319,4,2,0.0,0.6666666666666666
Martin O'Donnell,Mitchell Mann,7,1317,1188,0.6704536022204194,0.5799334001885058,512,260,3178,1607,380,173,2291,1082,155,79,461,229,56,31,261,118,4,1,0.0,0.8
Shaun Murphy,Ian Burns,7,1513,1291,0.7752232149046754,0.6352948493228071,1368,899,9879,5613,498,243,3139,1560,247,139,919,524,94,46,434,204,4,0,0.0,1.0
Stan Moody,Joe O'Connor,7,1174,1409,0.2118965420040942,0.35720867575922377,53,19,317,141,304,151,1913,962,92,42,281,126,241,126,721,377,4,2,0.0,0.6666666666666666
Hammad Miah,Wang Yuchen,7,1220,1158,0.5840920587766287,0.538672605206508,289,116,1849,835,96,36,603,257,74,28,400,181,51,27,135,78,4,2,0.0,0.6666666666666666
Ben Mertens,Zak Surety,7,1244,1282,0.44820271004203943,0.4762678458734389,100,46,610,304,253,115,1460,695,104,49,439,222,125,62,473,231,4,1,0.0,0.8
Stephen Maguire,Jiang Jun,7,1416,1173,0.7957969165005263,0.647370307581549,1204,778,8802,4941,29,10,211,97,176,93,671,356,118,55,211,97,4,1,0.0,0.8
Oliver Lines,Peifan Lei,7,1279,1204,0.6013510291923431,0.5467381519846138,372,176,2231,1086,112,50,653,307,67,22,439,206,27,11,256,116,4,3,0.0,0.5714285714285714
Antoni Kowalski,Daniel Wells,7,1134,1425,0.16183680935294972,0.3257435747770527,41,21,228,118,528,267,3473,1747,71,38,104,58,152,82,550,311,4,1,0.0,0.8
Lim Kok Leong,Anthony Hamilton,7,1064,1258,0.25407076985042915,0.38107214519980964,12,9,67,39,1049,594,7688,4045,41,25,67,39,98,47,471,227,4,1,0.0,0.8
Anton Kazakov,Ahmed Aly Elsayed,7,972,864,0.644151517953897,0.5670929049654543,48,9,279,92,20,0,97,12,83,33,257,83,50,7,97,12,4,2,0.0,0.6666666666666666
Cheung Ka Wai,Kreishh Gurbaxani,7,1152,1036,0.6542665688127887,0.5719961329315186,27,17,158,93,23,9,130,63,52,23,158,93,66,34,107,53,4,0,0.0,1.0
Mark Joyce,Xing Zihao,7,1305,1154,0.6970755073607001,0.5932699921071872,640,328,4426,2226,30,12,186,84,119,65,443,222,86,40,186,84,4,3,0.0,0.5714285714285714
Jak Jones,Sanderson Lam,7,1438,1214,0.7772350342961843,0.6364525402815664,403,200,2654,1274,275,110,1665,735,308,171,817,441,92,39,503,239,4,2,0.0,0.6666666666666666
Duane Jones,Dominic Dale,7,1255,1305,0.43199486323846364,0.46879062662624377,325,146,1940,943,1117,622,7728,4064,86,42,378,179,159,79,520,258,4,2,0.0,0.6666666666666666
Si Jiahui,David Lilley,7,1475,1306,0.7180660778287002,0.6040813228693781,191,108,1292,694,264,134,1566,789,295,169,868,474,163,84,522,257,4,2,0.0,0.6666666666666666
Michael Holt,Reanne Evans,7,1245,923,0.8620548673015752,0.6910430124157229,1010,569,7016,3699,215,61,1213,461,41,15,304,153,57,14,262,74,4,0,0.0,1.0
Aaron Hill,Ding Junhui,7,1314,1509,0.25298898790249863,0.3804826803529153,125,58,731,353,1002,666,7707,4385,110,55,525,271,227,119,958,533,4,3,0.0,0.5714285714285714
John Higgins,Ross Muir,7,1511,1195,0.8576412839544288,0.6878313305828404,1885,1328,14584,8591,288,114,1826,837,405,221,1369,779,86,35,421,195,4,1,0.0,0.8
Lyu Haotian,Anthony McGill,7,1360,1383,0.46858930565080326,0.4856289593029398,339,172,2220,1106,756,451,5028,2733,133,61,687,369,85,42,637,347,4,0,0.0,1.0
Ma Hailong,Jimmy Robertson,7,1146,1342,0.25190978869692043,0.3798935676569099,37,12,241,103,745,407,4850,2530,106,48,241,103,134,64,703,371,4,2,0.0,0.6666666666666666
Xiao Guodong,Huang Jiahao,7,1494,1031,0.9390477874318228,0.76087815507093,757,438,4747,2603,29,10,164,70,196,108,928,495,25,6,61,30,4,2,0.0,0.6666666666666666
Liam Graham,Mink Nutcharut,7,985,949,0.549086208422272,0.5224848247918001,49,14,271,102,43,3,247,70,57,16,192,62,53,12,246,70,4,1,0.0,0.8
David Grace,Jack Lisowski,7,1194,1482,0.16429297846297009,0.32739298293223956,481,222,3147,1519,804,491,5237,2872,82,35,458,213,204,116,1009,561,4,2,0.0,0.6666666666666666
David Gilbert,Dylan Emery,7,1511,1246,0.8160262378047215,0.6598217549720575,954,561,6544,3545,127,58,723,355,248,143,814,450,141,73,449,225,4,0,0.0,1.0
Marco Fu,Joshua Thomond,7,1374,1075,0.8445881619019862,0.6786337178522214,972,568,7258,3930,75,33,399,196,116,63,392,199,63,31,150,78,4,1,0.0,0.8
Graeme Dott,Matthew Stevens,7,1341,1364,0.46858930565080326,0.4856289593029398,1183,691,8481,4562,1132,653,8546,4631,126,68,649,343,122,62,589,313,4,1,0.0,0.8
Ryan Day,Louis Heathcote,7,1387,1298,0.6197035864994962,0.5553966483205892,1316,778,8687,4727,200,92,1163,569,262,135,968,506,134,70,482,235,4,1,0.0,0.8
Mark Davis,Robbie Mcguigan,7,1377,1085,0.8389762354745806,0.6748052725823135,1316,782,9049,4918,67,24,311,136,127,69,509,254,34,16,175,79,4,0,0.0,1.0
Liam Davies,Barry Hawkins,7,1099,1478,0.10089547992679018,0.2793878699891294,43,20,260,121,1349,843,9277,5196,63,30,234,111,256,138,939,536,4,1,0.0,0.8
Jamie Clarke,Ishpreet Singh Chadha,7,1287,1185,0.6364932182719292,0.5634067862621936,336,168,2011,999,40,21,237,125,111,52,529,257,94,44,237,125,4,1,0.0,0.8
Thor Chuan Leong,Mark Williams,7,1203,1537,0.1294173956494062,0.30258888560411773,181,64,1132,498,1800,1181,13132,7539,78,35,219,112,237,132,1019,593,4,1,0.0,0.8
Gong Chenzhi,Tom Ford,7,1137,1383,0.20136418507919251,0.3509194757554267,23,12,165,85,945,538,6440,3431,78,38,165,85,197,93,930,487,4,3,0.0,0.5714285714285714
Ashley Carty,Amir Sarkhosh,7,1266,1087,0.7293972619311108,0.610044672404527,278,129,1630,799,32,14,210,105,96,47,343,168,39,16,85,40,4,3,0.0,0.5714285714285714
Alfie Burden,Andrew Higginson,7,1277,1277,0.5,0.5,809,420,5747,2921,879,503,6105,3303,100,54,425,204,91,43,435,232,4,3,0.0,0.5714285714285714
Luca Brecel,Mohammed Shehab,7,1447,1206,0.7938903058360224,0.6462280583309002,643,374,4316,2334,78,32,597,286,117,59,828,451,49,23,49,23,4,1,0.0,0.8
Iulian Boiko,Farakh Ajaib,7,1170,1161,0.5123026114255715,0.5056247627073255,105,40,587,255,152,66,826,379,110,53,353,178,68,41,274,134,4,2,0.0,0.6666666666666666
Simon Blackwell,Yulu Bai,7,1159,988,0.7203516579445735,0.6052765337748445,62,32,312,166,11,3,82,30,79,46,106,58,29,9,82,30,4,2,0.0,0.6666666666666666
Stuart Bingham,He Guoqiang,7,1436,1295,0.685100616527281,0.587223690839335,1507,951,10439,5911,66,37,423,217,257,133,951,503,150,78,340,185,4,3,0.0,0.5714285714285714
Zhang Anda,Jordan Brown,7,1432,1286,0.691115079332653,0.5902502519301834,483,251,3390,1732,340,175,2093,1045,213,105,840,466,139,65,757,383,4,2,0.0,0.6666666666666666
Mark Allen,Gary Wilson,7,1555,1462,0.6248970337106214,0.5578645727207344,1079,717,7646,4348,739,427,4750,2555,309,173,1138,651,326,174,958,504,4,3,0.0,0.5714285714285714
Kyren Wilson,Duane Jones,7,1589,1255,0.8705826043505938,0.6974111143958823,1054,672,6711,3786,325,146,1940,943,512,291,1404,815,86,42,378,179,4,1,0.0,0.8
Ricky Walden,Jamie Clarke,7,1380,1287,0.6248970337106214,0.5578645727207344,1169,691,7865,4301,336,168,2011,999,246,126,924,488,111,52,529,257,4,0,0.0,1.0
Chris Wakelin,Wu Yize,7,1459,1340,0.6580301976734948,0.5738312575916094,430,232,2734,1415,113,56,782,394,263,138,835,452,136,71,568,298,4,2,0.0,0.6666666666666666
Thepchaiya Un-Nooh,Noppon Saengkham,7,1441,1399,0.557211603425229,0.5262259093720687,564,329,3894,2077,463,241,3163,1602,123,65,641,349,154,79,779,419,4,0,0.0,1.0
Judd Trump,Ryan Day,7,1671,1387,0.8323923521776074,0.6704011598088686,1458,1048,10084,6098,1316,778,8687,4727,425,269,1646,1009,262,135,968,506,4,2,0.0,0.6666666666666666
Haris Tahir,Simon Blackwell,7,1063,1159,0.3712235715309693,0.44028635073280703,14,9,88,46,62,32,312,166,63,34,88,46,79,46,106,58,4,1,0.0,0.8
Akani Songsermsawad,Antoni Kowalski,7,1355,1134,0.774213209168811,0.6347154153791584,232,125,1525,787,41,21,228,118,70,44,229,125,71,38,104,58,4,1,0.0,0.8
Elliot Slessor,Martin O'Donnell,7,1392,1317,0.6013510291923431,0.5467381519846138,379,186,2312,1141,512,260,3178,1607,207,116,636,332,155,79,461,229,4,3,0.0,0.5714285714285714
Yuan Sijun,Robbie Williams,7,1432,1359,0.5987085312450529,0.5454987872127821,272,143,1731,896,560,301,3591,1844,146,80,633,360,148,74,568,305,4,2,0.0,0.6666666666666666
Xu Si,Gong Chenzhi,7,1336,1137,0.7513122476997512,0.6218716423074662,201,86,1280,588,23,12,165,85,131,65,491,241,78,38,165,85,4,1,0.0,0.8
Neil Robertson,Chris Totten,7,1489,1126,0.8895753795158947,0.7124883131320702,1275,845,9340,5374,97,34,561,227,241,142,955,543,87,49,175,96,4,1,0.0,0.8
Stan Moody,Michael Holt,7,1174,1245,0.4039387802743521,0.4557411415821268,53,19,317,141,1010,569,7016,3699,92,42,281,126,41,15,304,153,4,0,0.0,1.0
Ben Mertens,Hammad Miah,7,1244,1220,0.5327731710226205,0.51499550161941,100,46,610,304,289,116,1849,835,104,49,439,222,74,28,400,181,4,1,0.0,0.8
Stephen Maguire,Liam Graham,7,1416,985,0.9257123991491316,0.7460205900722962,1204,778,8802,4941,49,14,271,102,176,93,671,356,57,16,192,62,4,1,0.0,0.8
Oliver Lines,Cheung Ka Wai,7,1279,1152,0.6679843009449487,0.578714862460134,372,176,2231,1086,27,17,158,93,67,22,439,206,52,23,158,93,4,3,0.0,0.5714285714285714
Jak Jones,Alfie Burden,7,1438,1277,0.7088291167182063,0.5992881635083561,403,200,2654,1274,809,420,5747,2921,308,171,817,441,100,54,425,204,4,0,0.0,1.0
John Higgins,Shaun Murphy,7,1511,1513,0.4972656477862734,0.49875000260416025,1885,1328,14584,8591,1368,899,9879,5613,405,221,1369,779,247,139,919,524,4,2,0.0,0.6666666666666666
Lyu Haotian,Allan Taylor,7,1360,1245,0.6530083881296338,0.5713839816769324,339,172,2220,1106,447,205,2634,1264,133,61,687,369,122,67,412,187,4,1,0.0,0.8
David Grace,Lewis Ullah,7,1194,1031,0.7111524094404451,0.6004882745269664,481,222,3147,1519,31,13,178,82,82,35,458,213,40,22,125,65,4,0,0.0,1.0
David Gilbert,Ben Woollaston,7,1511,1383,0.6692199309586204,0.5793242521487495,954,561,6544,3545,832,469,5253,2789,248,143,814,450,124,68,545,283,4,1,0.0,0.8
Marco Fu,Ma Hailong,7,1374,1146,0.7812257884147848,0.6387631751488418,972,568,7258,3930,37,12,241,103,116,63,392,199,106,48,241,103,4,2,0.0,0.6666666666666666
Graeme Dott,Zhou Yuelong,7,1341,1431,0.37899585307075345,0.44398610945538003,1183,691,8481,4562,505,299,3187,1721,126,68,649,343,136,67,879,468,4,1,0.0,0.8
Mark Davis,Xiao Guodong,7,1377,1494,0.34447706088090824,0.42739193613673987,1316,782,9049,4918,757,438,4747,2603,127,69,509,254,196,108,928,495,4,2,0.0,0.6666666666666666
Liam Davies,Anton Kazakov,7,1099,972,0.6679843009449487,0.578714862460134,43,20,260,121,48,9,279,92,63,30,234,111,83,33,257,83,4,0,0.0,1.0
Thor Chuan Leong,Mark Joyce,7,1203,1305,0.3635067817280711,0.4365932137378064,181,64,1132,498,640,328,4426,2226,78,35,219,112,119,65,443,222,4,3,0.0,0.5714285714285714
Ashley Carty,Long Zehuang,7,1266,1342,0.3973295650806627,0.45264238185691075,278,129,1630,799,73,37,418,214,96,47,343,168,153,88,259,136,4,0,0.0,1.0
Luca Brecel,Tian Pengfei,7,1447,1302,0.6899164671577602,0.5896454785627312,643,374,4316,2334,564,310,3699,1947,117,59,828,451,112,56,479,237,4,2,0.0,0.6666666666666666
Iulian Boiko,Si Jiahui,7,1170,1475,0.15071194936304244,0.31810373541040654,105,40,587,255,191,108,1292,694,110,53,353,178,295,169,868,474,4,1,0.0,0.8
Stuart Bingham,Bulcsú Révész,7,1436,1067,0.8932262852912048,0.7155512239631054,1507,951,10439,5911,16,6,118,54,257,133,951,503,67,31,118,54,4,0,0.0,1.0
Zhang Anda,Hossein Vafaei,7,1432,1488,0.42393453930920916,0.4650570548417855,483,251,3390,1732,334,203,2325,1244,213,105,840,466,181,107,848,489,4,1,0.0,0.8
Mark Allen,Aaron Hill,7,1555,1314,0.7938903058360224,0.6462280583309002,1079,717,7646,4348,125,58,731,353,309,173,1138,651,110,55,525,271,4,1,0.0,0.8
Kyren Wilson,Marco Fu,7,1589,1374,0.7680961089120268,0.6312306626164005,1054,672,6711,3786,972,568,7258,3930,512,291,1404,815,116,63,392,199,4,0,0.0,1.0
Chris Wakelin,David Grace,7,1459,1194,0.8160262378047215,0.6598217549720575,430,232,2734,1415,481,222,3147,1519,263,138,835,452,82,35,458,213,4,2,0.0,0.6666666666666666
Thepchaiya Un-Nooh,Ricky Walden,7,1441,1380,0.5827567809217526,0.5380512843858591,564,329,3894,2077,1169,691,7865,4301,123,65,641,349,246,126,924,488,4,3,0.0,0.5714285714285714
Judd Trump,Mark Davis,7,1671,1377,0.8405938136052916,0.6759015277259407,1458,1048,10084,6098,1316,782,9049,4918,425,269,1646,1009,127,69,509,254,4,2,0.0,0.6666666666666666
Elliot Slessor,Xu Si,7,1392,1336,0.5760654606907909,0.5349429451582145,379,186,2312,1141,201,86,1280,588,207,116,636,332,131,65,491,241,4,3,0.0,0.5714285714285714
Mark Selby,Yuan Sijun,7,1523,1432,0.622303251187688,0.5566309599222533,1567,1069,11181,6507,272,143,1731,896,313,175,1243,705,146,80,633,360,4,3,0.0,0.5714285714285714
Stan Moody,Zhang Anda,7,1174,1432,0.19026196310320587,0.3441171587921863,53,19,317,141,483,251,3390,1732,92,42,281,126,213,105,840,466,4,3,0.0,0.5714285714285714
Stephen Maguire,Stuart Bingham,7,1416,1436,0.4726790179572131,0.4875026035157896,1204,778,8802,4941,1507,951,10439,5911,176,93,671,356,257,133,951,503,4,3,0.0,0.5714285714285714
Oliver Lines,Akani Songsermsawad,7,1279,1355,0.3973295650806627,0.45264238185691075,372,176,2231,1086,232,125,1525,787,67,22,439,206,70,44,229,125,4,3,0.0,0.5714285714285714
Jak Jones,Iulian Boiko,7,1438,1170,0.8186786074572162,0.6615031592029524,403,200,2654,1274,105,40,587,255,308,171,817,441,110,53,353,178,4,1,0.0,0.8
John Higgins,Graeme Dott,7,1511,1341,0.7192100641468833,0.6046790847140093,1885,1328,14584,8591,1183,691,8481,4562,405,221,1369,779,126,68,649,343,4,2,0.0,0.6666666666666666
Lyu Haotian,Haris Tahir,7,1360,1063,0.8429989187038389,0.6775422953274692,339,172,2220,1106,14,9,88,46,133,61,687,369,63,34,88,46,4,2,0.0,0.6666666666666666
David Gilbert,Ashley Carty,7,1511,1266,0.7976923211673973,0.6485108747389209,954,561,6544,3545,278,129,1630,799,248,143,814,450,96,47,343,168,4,3,0.0,0.5714285714285714
Thor Chuan Leong,Neil Robertson,7,1203,1489,0.16594462836628154,0.3284949657745942,181,64,1132,498,1275,845,9340,5374,78,35,219,112,241,142,955,543,4,3,0.0,0.5714285714285714
Luca Brecel,Liam Davies,7,1447,1099,0.880033408790135,0.7047456979980911,643,374,4316,2334,43,20,260,121,117,59,828,451,63,30,234,111,4,1,0.0,0.8
Mark Allen,Ben Mertens,7,1555,1244,0.8538864678998308,0.6851410567502929,1079,717,7646,4348,100,46,610,304,309,173,1138,651,104,49,439,222,4,1,0.0,0.8
Judd Trump,Stephen Maguire,7,1671,1416,0.8070005952389404,0.654188113761243,1458,1048,10084,6098,1204,778,8802,4941,425,269,1646,1009,176,93,671,356,4,2,0.0,0.6666666666666666
Elliot Slessor,Kyren Wilson,7,1392,1589,0.2508331787523786,0.37930480863564453,379,186,2312,1141,1054,672,6711,3786,207,116,636,332,512,291,1404,815,4,2,0.0,0.6666666666666666
Mark Selby,Thepchaiya Un-Nooh,7,1523,1441,0.6105601107289808,0.551071269307342,1567,1069,11181,6507,564,329,3894,2077,313,175,1243,705,123,65,641,349,4,3,0.0,0.5714285714285714
Oliver Lines,Stan Moody,7,1279,1174,0.6403298636636867,0.5652507475670999,372,176,2231,1086,53,19,317,141,67,22,439,206,92,42,281,126,4,1,0.0,0.8
Jak Jones,Luca Brecel,7,1438,1447,0.48769738857442835,0.4943752372926745,403,200,2654,1274,643,374,4316,2334,308,171,817,441,117,59,828,451,4,2,0.0,0.6666666666666666
John Higgins,Thor Chuan Leong,7,1511,1203,0.8515999175968284,0.6835208937363156,1885,1328,14584,8591,181,64,1132,498,405,221,1369,779,78,35,219,112,4,0,0.0,1.0
David Gilbert,Lyu Haotian,7,1511,1360,0.6970755073607001,0.5932699921071872,954,561,6544,3545,339,172,2220,1106,248,143,814,450,133,61,687,369,4,3,0.0,0.5714285714285714
Mark Allen,Chris Wakelin,7,1555,1459,0.6287764284690306,0.5597136492671929,1079,717,7646,4348,430,232,2734,1415,309,173,1138,651,263,138,835,452,4,3,0.0,0.5714285714285714
Mark Selby,David Gilbert,9,1523,1511,0.518450112354223,0.5074994375506203,1567,1069,11181,6507,954,561,6544,3545,313,175,1243,705,248,143,814,450,5,4,0.0,0.5555555555555556
Oliver Lines,Jak Jones,9,1279,1438,0.2705791923598182,0.40191313966779657,372,176,2231,1086,403,200,2654,1274,67,22,439,206,308,171,817,441,5,4,0.0,0.5555555555555556
John Higgins,Elliot Slessor,9,1511,1392,0.6765144327536381,0.5738312575916094,1885,1328,14584,8591,379,186,2312,1141,405,221,1369,779,207,116,636,332,5,1,0.0,0.8333333333333334
Mark Allen,Judd Trump,9,1555,1671,0.3276296057789573,0.42800386706848137,1079,717,7646,4348,1458,1048,10084,6098,309,173,1138,651,425,269,1646,1009,5,3,0.0,0.625
Mark Selby,Mark Allen,11,1523,1555,0.4460320996560893,0.48001065984441826,1567,1069,11181,6507,1079,717,7646,4348,313,175,1243,705,309,173,1138,651,6,3,0.0,0.6666666666666666
John Higgins,Oliver Lines,11,1511,1279,0.8357844049641134,0.6410674063348171,1885,1328,14584,8591,372,176,2231,1086,405,221,1369,779,67,22,439,206,6,0,0.0,1.0
Mark Selby,John Higgins,19,1523,1511,0.526409749450005,0.5074994375506203,1567,1069,11181,6507,1885,1328,14584,8591,313,175,1243,705,405,221,1369,779,10,5,0.0,0.6666666666666666
Dean Young,Saleh Alamoudi,7,1050,1000,0.5680051367615364,0.5312093733737563,106,39,551,225,0,0,0,0,65,19,336,130,0,0,0,0,4,0,0.0,1.0
Jimmy White,Mohammed Shehab,7,1117,1200,0.3881295430910018,0.44831033065729986,1572,841,13065,6740,79,32,602,287,57,16,356,138,54,24,54,24,4,2,0.0,0.6666666666666666
Chris Totten,Haris Tahir,7,1138,1082,0.5760654606907909,0.5349429451582145,99,35,570,232,17,11,106,56,96,54,184,101,81,44,106,56,4,2,0.0,0.6666666666666666
Allan Taylor,Adeel Aqdus,7,1235,1000,0.7881034579959058,0.6427913242407762,449,206,2646,1269,0,0,0,0,134,72,424,192,0,0,0,0,4,2,0.0,0.6666666666666666
Zak Surety,Ali Al Obaidly,7,1269,962,0.850832110932218,0.6829798455801029,254,115,1465,696,5,1,23,5,130,63,478,232,19,5,19,5,4,0,0.0,1.0
Akani Songsermsawad,Kreishh Gurbaxani,7,1366,1022,0.8773873941193158,0.7026606543447315,235,127,1541,798,24,9,134,63,86,55,245,136,70,34,111,53,4,0,0.0,1.0
Amir Sarkhosh,Manasawin Phetmalaikul,7,1089,977,0.6492231123314619,0.569546223939229,33,14,217,108,57,17,322,128,46,19,92,43,66,20,177,68,4,0,0.0,1.0
Bulcsú Révész,Iulian Boiko,7,1076,1191,0.3469916118703663,0.42861601832306767,18,7,129,58,108,42,603,264,78,35,129,58,126,62,369,187,4,2,0.0,0.6666666666666666
Haydon Pinhey,Ayman Alamri,7,1134,1001,0.67536846283006,0.5823675407280794,111,50,587,275,3,1,16,8,98,44,324,155,0,0,16,8,4,0,0.0,1.0
Andrew Pagett,Wang Yuchen,7,1124,1152,0.46178117660461016,0.48250714233361025,346,149,2213,1035,97,36,609,259,107,45,380,150,57,29,141,80,4,2,0.0,0.6666666666666666
Mink Nutcharut,Kusai Hamed Sharif,7,938,1000,0.41590794122337116,0.46132739479349205,44,3,252,71,0,0,0,0,58,13,251,71,0,0,0,0,4,1,0.0,0.8
Stan Moody,Ziyad Al Qabbani,7,1208,1000,0.7608368593181393,0.6271477663131956,57,22,339,154,0,0,0,0,114,55,303,139,0,0,0,0,4,0,0.0,1.0
Ben Mertens,Abdullah Alotayyani,7,1263,1000,0.8142437917894374,0.6586985747356444,103,48,625,313,0,0,0,0,119,58,454,231,0,0,0,0,4,0,0.0,1.0
Robbie Mcguigan,Abdulraouf Sayegh,7,1075,995,0.6079354159352611,0.549833997312478,68,24,315,136,1,0,5,1,38,16,179,79,0,0,0,0,4,3,0.0,0.5714285714285714
Jonas Luz,Mostafa Dorgham,7,1000,1037,0.44955793756481255,0.4768914745109111,0,0,0,0,22,4,150,48,0,0,0,0,94,36,140,48,4,1,0.0,0.8
Oliver Lines,Faisal Bahashwan,7,1291,1000,0.8381631906470501,0.6742564252229473,378,181,2272,1107,0,0,0,0,108,43,480,227,0,0,0,0,4,0,0.0,1.0
Peifan Lei,Yulu Bai,7,1203,985,0.7711668601434363,0.6329747766804606,113,50,660,310,12,3,88,32,34,14,263,119,35,11,88,32,4,2,0.0,0.6666666666666666
Julien Leclercq,Dylan Emery,7,1184,1235,0.43064928112217615,0.4681681105837757,73,32,402,186,128,58,727,355,109,47,327,148,145,73,453,225,4,2,0.0,0.6666666666666666
Antoni Kowalski,Habib Subah Humood,7,1146,974,0.721490850613204,0.6058736684317606,43,22,238,123,2,0,9,1,81,43,114,63,0,0,9,1,4,1,0.0,0.8
Cheung Ka Wai,Joshua Thomond,7,1166,1070,0.6287764284690306,0.5597136492671929,29,18,169,100,76,33,404,197,63,30,169,100,68,32,155,79,4,1,0.0,0.8
Duane Jones,Khalid Kamali,7,1260,1034,0.7792359029381558,0.637608652621925,327,147,1951,948,5,3,26,17,97,47,389,184,0,0,26,17,4,1,0.0,0.8
Huang Jiahao,Ahmed Aly Elsayed,7,1036,859,0.7271505015076656,0.6088545692109504,30,10,170,72,21,0,103,14,31,8,67,32,56,9,103,14,4,0,0.0,1.0
Michael Holt,Ahmed Abul,7,1238,1000,0.7910094256982455,0.6445115537062945,1012,570,7024,3703,0,0,0,0,49,19,312,157,0,0,0,0,4,0,0.0,1.0
Liam Graham,Ali Hussain Ali,7,994,1000,0.4917974901893887,0.496250070310918,51,15,281,107,0,0,0,0,67,21,202,67,0,0,0,0,4,0,0.0,1.0
Mohamed Elkhayat,Siripaporn Nuanthakhamjan,7,1000,868,0.6741427448520734,0.5817593768418363,0,0,0,0,21,0,120,20,0,0,0,0,52,5,120,20,4,3,0.0,0.5714285714285714
Paul Deaville,Mitchell Mann,7,1077,1179,0.3635067817280711,0.4365932137378064,28,15,136,68,381,173,2296,1083,75,40,104,55,61,32,266,119,4,3,0.0,0.5714285714285714
Liam Davies,Ken Doherty,7,1129,1182,0.42796070219744664,0.46692337763389535,46,22,274,130,1287,743,10124,5445,77,39,248,120,55,17,388,161,4,3,0.0,0.5714285714285714
Thor Chuan Leong,Omar Alajlani,7,1232,955,0.8264821963228286,0.6665228332551123,185,67,1155,510,12,4,55,18,101,47,242,124,4,0,4,0,4,0,0.0,1.0
Gong Chenzhi,Ali Jalil Ali,7,1142,1000,0.6863077679270944,0.5878295384825115,25,13,177,90,0,0,0,0,90,43,177,90,0,0,0,0,4,0,0.0,1.0
Simon Blackwell,Reanne Evans,7,1148,913,0.7881034579959058,0.6427913242407762,64,33,323,171,216,61,1217,461,90,51,117,63,61,14,266,74,4,0,0.0,1.0
Farakh Ajaib,Haitham Al Mahri,7,1153,1000,0.6994442564412618,0.5944759307482401,153,66,832,381,0,0,0,0,74,43,280,136,0,0,0,0,4,0,0.0,1.0
Artemijs Zizins,Xu Si,7,1099,1345,0.20136418507919251,0.3509194757554267,13,8,69,40,204,88,1298,599,69,40,69,40,149,76,509,252,4,3,0.0,0.5714285714285714
Xing Zihao,Simon Blackwell,7,1155,1148,0.5095693356278297,0.5043748883497735,31,12,193,87,64,33,323,171,93,43,193,87,90,51,117,63,4,2,0.0,0.6666666666666666
Ben Woollaston,Oliver Lines,7,1379,1291,0.6184015843393024,0.5547792351072148,834,470,5265,2794,378,181,2272,1107,136,73,557,288,108,43,480,227,4,2,0.0,0.6666666666666666
Jimmy White,Andrew Higginson,7,1117,1273,0.2970193973349833,0.40371730070321216,1572,841,13065,6740,880,503,6112,3306,57,16,356,138,98,46,442,235,4,1,0.0,0.8
Allan Taylor,Aaron Hill,7,1235,1319,0.3868205508364956,0.4476920904256748,449,206,2646,1269,127,59,743,358,134,72,424,192,122,60,537,276,4,2,0.0,0.6666666666666666
Ishpreet Singh Chadha,Liam Graham,7,1176,994,0.732748880507422,0.6118273690017371,41,21,242,126,51,15,281,107,99,45,242,126,67,21,202,67,4,1,0.0,0.8
Amir Sarkhosh,Ross Muir,7,1089,1191,0.3635067817280711,0.4365932137378064,33,14,217,108,289,114,1831,838,46,19,92,43,91,36,426,196,4,3,0.0,0.5714285714285714
Jimmy Robertson,Mohamed Elkhayat,7,1328,1000,0.8663684234920509,0.6942363401080305,746,407,4856,2532,0,0,0,0,140,66,709,373,0,0,0,0,4,2,0.0,0.6666666666666666
Bulcsú Révész,Mark Davis,7,1076,1398,0.13794513269842484,0.30895698758427714,18,7,129,58,1319,784,9065,4928,78,35,129,58,143,79,525,264,4,3,0.0,0.5714285714285714
Haydon Pinhey,David Lilley,7,1134,1303,0.28193392217129976,0.3959186771306219,111,50,587,275,265,134,1572,791,98,44,324,155,169,86,528,259,4,2,0.0,0.6666666666666666
Tian Pengfei,Akani Songsermsawad,7,1308,1366,0.42125508861179106,0.4638133797682053,566,311,3711,1953,235,127,1541,798,124,62,491,243,86,55,245,136,4,2,0.0,0.6666666666666666
Andrew Pagett,Alexander Ursenbacher,7,1124,1319,0.25298898790249863,0.3804826803529153,346,149,2213,1035,283,128,1710,821,107,45,380,150,95,48,382,188,4,3,0.0,0.5714285714285714
Martin O'Donnell,Huang Jiahao,7,1324,1036,0.8357070215370299,0.6726070170677604,514,261,3190,1614,30,10,170,72,167,86,473,236,31,8,67,32,4,0,0.0,1.0
Stan Moody,Liam Pullen,7,1208,1108,0.6339273074659068,0.5621765008857981,57,22,339,154,50,23,304,141,114,55,303,139,89,39,262,119,4,1,0.0,0.8
Ben Mertens,Long Zehuang,7,1263,1336,0.40129146875494726,0.45450121278721795,103,48,625,313,75,38,426,218,119,58,454,231,161,92,267,140,4,0,0.0,1.0
Robbie Mcguigan,Ma Hailong,7,1075,1158,0.3881295430910018,0.44831033065729986,68,24,315,136,39,13,253,109,38,16,179,79,118,54,253,109,4,3,0.0,0.5714285714285714
Peifan Lei,Jamie Clarke,7,1203,1282,0.3933789028764624,0.45078487089866653,113,50,660,310,338,169,2020,1003,34,14,263,119,120,56,538,261,4,3,0.0,0.5714285714285714
Sanderson Lam,Zak Surety,7,1213,1269,0.42393453930920916,0.4650570548417855,276,110,1671,737,254,115,1465,696,98,41,509,241,130,63,478,232,4,3,0.0,0.5714285714285714
Antoni Kowalski,He Guoqiang,7,1146,1296,0.3041121924541114,0.40733340004593027,43,22,238,123,67,37,430,220,81,43,114,63,157,81,347,188,4,0,0.0,1.0
Jiang Jun,Jonas Luz,7,1167,1000,0.7157709624772323,0.6028848673274662,30,10,216,98,0,0,0,0,123,56,216,98,0,0,0,0,4,1,0.0,0.8
Duane Jones,Daniel Wells,7,1260,1406,0.30888492066734696,0.40974974806981657,327,147,1951,948,529,267,3478,1748,97,47,389,184,157,83,555,312,4,2,0.0,0.6666666666666666
Liu Hongyu,Michael Holt,7,1251,1238,0.5177671819164105,0.5081242849062608,44,21,269,142,1012,570,7024,3703,94,44,269,142,49,19,312,157,4,2,0.0,0.6666666666666666
Louis Heathcote,Cheung Ka Wai,7,1288,1166,0.661777191191235,0.5756643510425494,201,92,1168,570,29,18,169,100,139,71,487,236,63,30,169,100,4,2,0.0,0.6666666666666666
Anthony Hamilton,Mink Nutcharut,7,1241,938,0.847732715071801,0.6808107108156386,1050,594,7693,4046,44,3,252,71,103,48,476,228,58,13,251,71,4,2,0.0,0.6666666666666666
Marco Fu,Liam Davies,7,1369,1129,0.792932804884019,0.6456563062257954,975,570,7273,3938,46,22,274,130,131,71,407,207,77,39,248,120,4,0,0.0,1.0
Graeme Dott,Julien Leclercq,7,1365,1184,0.7316341543771714,0.6112334666758695,1186,693,8497,4572,73,32,402,186,142,78,665,353,109,47,327,148,4,3,0.0,0.5714285714285714
Paul Deaville,Ian Burns,7,1077,1279,0.24548919020671256,0.37636637170177395,28,15,136,68,499,243,3143,1560,75,40,104,55,98,46,438,204,4,0,0.0,1.0
Thor Chuan Leong,Hammad Miah,7,1232,1215,0.5232282019769063,0.5106234010049637,185,67,1155,510,291,117,1860,840,101,47,242,124,85,33,411,186,4,1,0.0,0.8
Gong Chenzhi,David Grace,7,1142,1222,0.3920645840647391,0.45016600268752216,25,13,177,90,484,224,3163,1529,90,43,177,90,98,45,474,223,4,2,0.0,0.6666666666666666
Ashley Carty,Chris Totten,7,1286,1138,0.6935058085008956,0.5914589784327801,281,131,1648,810,99,35,570,232,114,58,361,179,96,54,184,101,4,0,0.0,1.0
Stuart Carrington,Farakh Ajaib,7,1298,1153,0.6899164671577602,0.5896454785627312,516,274,3259,1697,153,66,832,381,114,60,447,221,74,43,280,136,4,2,0.0,0.6666666666666666
Alfie Burden,Dean Young,7,1268,1050,0.7711668601434363,0.6329747766804606,811,421,5758,2925,106,39,551,225,111,58,436,208,65,19,336,130,4,3,0.0,0.5714285714285714
Zhou Yuelong,Jiang Jun,7,1424,1167,0.8088283859322067,0.655318370173895,507,300,3198,1726,30,10,216,98,147,72,890,473,123,56,216,98,4,2,0.0,0.6666666666666666
Wu Yize,Antoni Kowalski,7,1337,1146,0.7426684543010009,0.6171573626529722,115,57,793,400,43,22,238,123,147,77,579,304,81,43,114,63,4,0,0.0,1.0
Ben Woollaston,Joe Perry,7,1379,1312,0.5907526477758748,0.5417773692836367,834,470,5265,2794,1389,806,9531,5143,136,73,557,288,127,61,707,354,4,0,0.0,1.0
Chris Wakelin,Robbie Mcguigan,7,1473,1075,0.909578822811983,0.7300743839811188,434,235,2757,1430,68,24,315,136,286,153,858,467,38,16,179,79,4,2,0.0,0.6666666666666666
Hossein Vafaei,Ishpreet Singh Chadha,7,1477,1176,0.8461660899282688,0.6797231924722057,336,204,2335,1249,41,21,242,126,191,112,858,494,99,45,242,126,4,1,0.0,0.8
Thepchaiya Un-Nooh,Artemijs Zizins,7,1465,1099,0.8914125527550687,0.7140222267773016,568,332,3917,2092,13,8,69,40,146,80,664,364,69,40,69,40,4,1,0.0,0.8
Elliot Slessor,Haydon Pinhey,7,1402,1134,0.8186786074572162,0.6615031592029524,384,190,2343,1158,111,50,587,275,238,133,667,349,98,44,324,155,4,2,0.0,0.6666666666666666
Yuan Sijun,Sanderson Lam,7,1441,1213,0.7812257884147848,0.6387631751488418,275,145,1750,907,276,110,1671,737,165,91,652,371,98,41,509,241,4,1,0.0,0.8
Matthew Selt,Allan Taylor,7,1411,1235,0.726023440718493,0.6082590307465143,883,481,5693,2967,449,206,2646,1269,189,99,940,482,134,72,424,192,4,3,0.0,0.5714285714285714
Noppon Saengkham,Amir Sarkhosh,7,1385,1089,0.8422000503552975,0.676995856238523,465,242,3174,1606,33,14,217,108,165,83,790,423,46,19,92,43,4,1,0.0,0.8
Neil Robertson,Paul Deaville,7,1484,1077,0.9142318609422069,0.7344853437972199,1278,847,9357,5385,28,15,136,68,258,153,972,554,75,40,104,55,4,1,0.0,0.8
Jimmy Robertson,Fan Zhengyi,7,1328,1390,0.41590794122337116,0.46132739479349205,746,407,4856,2532,189,83,1208,559,140,66,709,373,194,106,707,373,4,3,0.0,0.5714285714285714
Martin O'Donnell,Matthew Stevens,7,1324,1351,0.4631419178202212,0.48313140430861523,514,261,3190,1614,1133,653,8551,4632,167,86,473,236,127,63,594,314,4,3,0.0,0.5714285714285714
Joe O'Connor,Louis Heathcote,7,1394,1288,0.641605432096216,0.5658650028954817,305,151,1919,964,201,92,1168,570,247,128,727,379,139,71,487,236,4,3,0.0,0.5714285714285714
Stephen Maguire,Ben Mertens,7,1428,1263,0.7134663824052628,0.6016871801828567,1208,781,8825,4955,103,48,625,313,199,107,694,370,119,58,454,231,4,0,0.0,1.0
Jack Lisowski,Andrew Pagett,7,1466,1124,0.8760481845200896,0.7016149536154007,805,491,5243,2874,346,149,2213,1035,210,118,1015,563,107,45,380,150,4,3,0.0,0.5714285714285714
Peifan Lei,Robbie Williams,7,1203,1365,0.29000807657290884,0.40011163113600173,113,50,660,310,562,302,3602,1850,34,14,263,119,159,80,579,311,4,3,0.0,0.5714285714285714
Pang Junxu,Stuart Carrington,7,1437,1298,0.6826800016944434,0.5860112044388707,181,99,1162,605,516,274,3259,1697,243,132,779,421,114,60,447,221,4,3,0.0,0.5714285714285714
Si Jiahui,Jimmy White,7,1459,1117,0.8760481845200896,0.7016149536154007,193,109,1303,699,1572,841,13065,6740,306,174,879,479,57,16,356,138,4,2,0.0,0.6666666666666666
Liu Hongyu,Ricky Walden,7,1251,1392,0.3148993834727192,0.4127763091606651,44,21,269,142,1172,693,7883,4312,94,44,269,142,264,137,942,499,4,1,0.0,0.8
Lyu Haotian,Marco Fu,7,1385,1369,0.5218633393972989,0.5099986668799655,343,175,2242,1121,975,570,7273,3938,155,76,709,384,131,71,407,207,4,3,0.0,0.5714285714285714
Anthony Hamilton,Jamie Jones,7,1241,1308,0.4092473522241249,0.4582226307163632,1050,594,7693,4046,677,398,4438,2384,103,48,476,228,133,62,681,346,4,2,0.0,0.6666666666666666
Xiao Guodong,Duane Jones,7,1478,1260,0.7711668601434363,0.6329747766804606,759,439,4759,2609,327,147,1951,948,208,114,940,501,97,47,389,184,4,3,0.0,0.5714285714285714
David Gilbert,Alfie Burden,7,1522,1268,0.8060824586598727,0.653622330899504,959,565,6576,3565,811,421,5758,2925,280,163,846,470,111,58,436,208,4,0,0.0,1.0
Scott Donaldson,Tian Pengfei,7,1369,1308,0.5827567809217526,0.5380512843858591,494,262,3164,1612,566,311,3711,1953,125,65,622,321,124,62,491,243,4,2,0.0,0.6666666666666666
Ryan Day,Stan Moody,7,1397,1208,0.7404818133197837,0.6159753019181258,1318,779,8698,4733,57,22,339,154,273,141,979,512,114,55,303,139,4,2,0.0,0.6666666666666666
Thor Chuan Leong,Robert Milkins,7,1232,1309,0.39601140843867844,0.4520230623632036,185,67,1155,510,1140,657,7904,4215,101,47,242,124,162,69,945,473,4,3,0.0,0.5714285714285714
Gong Chenzhi,Jackson Page,7,1142,1354,0.23499891609615547,0.3705168880326052,25,13,177,90,206,105,1313,651,90,43,177,90,173,88,607,312,4,2,0.0,0.6666666666666666
Ashley Carty,Anthony McGill,7,1286,1367,0.3907515745539448,0.4495472886604723,281,131,1648,810,757,451,5032,2733,114,58,361,179,89,42,641,347,4,1,0.0,0.8
Jordan Brown,Bulcsú Révész,7,1282,1076,0.7587387600845145,0.6259778577666038,341,175,2099,1047,18,7,129,58,145,67,763,385,78,35,129,58,4,3,0.0,0.5714285714285714
Stuart Bingham,Xing Zihao,7,1439,1155,0.8323923521776074,0.6704011598088686,1510,953,10457,5922,31,12,193,87,275,144,969,514,93,43,193,87,4,2,0.0,0.6666666666666666
Wu Yize,Stephen Maguire,9,1337,1428,0.36299114537134225,0.44336904007774663,115,57,793,400,1208,781,8825,4955,147,77,579,304,199,107,694,370,5,4,0.0,0.5555555555555556
Ben Woollaston,Hossein Vafaei,9,1379,1477,0.3529487475112714,0.43905454967528373,834,470,5265,2794,336,204,2335,1249,136,73,557,288,191,112,858,494,5,3,0.0,0.625
Thepchaiya Un-Nooh,Chris Wakelin,9,1465,1473,0.48769736295316923,0.4950001666600003,568,332,3917,2092,434,235,2757,1430,146,80,664,364,286,153,858,467,5,4,0.0,0.5555555555555556
Elliot Slessor,Zhou Yuelong,9,1402,1424,0.466204707662687,0.486253465097645,384,190,2343,1158,507,300,3198,1726,238,133,667,349,147,72,890,473,5,2,0.0,0.7142857142857143
Yuan Sijun,Noppon Saengkham,9,1441,1385,0.585434873024069,0.5349429451582145,275,145,1750,907,465,242,3174,1606,165,91,652,371,165,83,790,423,5,4,0.0,0.5555555555555556
Neil Robertson,Gong Chenzhi,9,1484,1142,0.9031578616468432,0.7016149536154007,1278,847,9357,5385,25,13,177,90,258,153,972,554,90,43,177,90,5,1,0.0,0.8333333333333334
Jimmy Robertson,Thor Chuan Leong,9,1328,1232,0.6441925857613411,0.5597136492671929,746,407,4856,2532,185,67,1155,510,140,66,709,373,101,47,242,124,5,0,0.0,1.0
Jack Lisowski,Martin O'Donnell,9,1466,1324,0.7074939022446493,0.5878295384825115,805,491,5243,2874,514,261,3190,1614,210,118,1015,563,167,86,473,236,5,2,0.0,0.7142857142857143
Peifan Lei,Joe O'Connor,9,1203,1394,0.23177321518818045,0.38284263734702784,113,50,660,310,305,151,1919,964,34,14,263,119,247,128,727,379,5,2,0.0,0.7142857142857143
Pang Junxu,Matthew Selt,9,1437,1411,0.5399199537054243,0.5162442810620724,181,99,1162,605,883,481,5693,2967,243,132,779,421,189,99,940,482,5,3,0.0,0.625
Si Jiahui,Graeme Dott,9,1459,1365,0.6413253712613813,0.5584811124381613,193,109,1303,699,1186,693,8497,4572,306,174,879,479,142,78,665,353,5,0,0.0,1.0
Liu Hongyu,Ashley Carty,9,1251,1286,0.4463382005151679,0.47813894602839846,44,21,269,142,281,131,1648,810,94,44,269,142,114,58,361,179,5,2,0.0,0.7142857142857143
Xiao Guodong,Lyu Haotian,9,1478,1385,0.6398886059283445,0.5578645727207344,759,439,4759,2609,343,175,2242,1121,208,114,940,501,155,76,709,384,5,2,0.0,0.7142857142857143
David Gilbert,Jordan Brown,9,1522,1282,0.8208667164135127,0.6456563062257954,959,565,6576,3565,341,175,2099,1047,280,163,846,470,145,67,763,385,5,3,0.0,0.625
Scott Donaldson,Ryan Day,9,1369,1397,0.45702134894353685,0.48250714233361025,494,262,3164,1612,1318,779,8698,4733,125,65,622,321,273,141,979,512,5,2,0.0,0.7142857142857143
Stuart Bingham,Anthony Hamilton,9,1439,1241,0.7762613643327039,0.6212835951910678,1510,953,10457,5922,1050,594,7693,4046,275,144,969,514,103,48,476,228,5,3,0.0,0.625
Kyren Wilson,Liu Hongyu,9,1600,1251,0.9075137139216076,0.7052656295907794,1058,675,6730,3800,44,21,269,142,531,305,1423,829,94,44,269,142,5,3,0.0,0.625
Gary Wilson,David Gilbert,7,1461,1522,0.41724321907824724,0.4619487156141408,740,427,4757,2558,959,565,6576,3565,333,177,965,507,280,163,846,470,5,2,0.0,0.7142857142857143
Mark Williams,Thepchaiya Un-Nooh,9,1517,1465,0.5794210585254325,0.5324543063873187,1801,1181,13137,7540,568,332,3917,2092,242,133,1024,594,146,80,664,364,5,4,0.0,0.5555555555555556
Judd Trump,Wu Yize,9,1664,1337,0.8932938325014955,0.6937054019553982,1463,1052,10115,6117,115,57,793,400,456,288,1677,1028,147,77,579,304,5,4,0.0,0.5555555555555556
Elliot Slessor,Ali Carter,7,1402,1479,0.39601140843867844,0.4520230623632036,384,190,2343,1158,1335,824,9009,4977,238,133,667,349,340,183,1197,667,5,3,0.0,0.625
Jimmy Robertson,John Higgins,9,1328,1544,0.20385771581524126,0.3681875822638983,746,407,4856,2532,1892,1334,14632,8623,140,66,709,373,453,253,1417,811,5,2,0.0,0.7142857142857143
Neil Robertson,Mark Selby,9,1484,1567,0.37459024383955214,0.44831033065729986,1278,847,9357,5385,1573,1075,11235,6540,258,153,972,554,367,208,1297,738,5,3,0.0,0.625
Ronnie O'Sullivan,Peifan Lei,9,1620,1203,0.9422869761939735,0.7393320946525015,1535,1172,13260,8093,113,50,660,310,345,210,1171,708,34,14,263,119,5,1,0.0,0.8333333333333334
Shaun Murphy,Yuan Sijun,7,1517,1441,0.6026704349193375,0.5473576181430894,1370,900,9889,5619,275,145,1750,907,257,145,929,530,165,91,652,371,5,2,0.0,0.7142857142857143
Jack Lisowski,Jak Jones,9,1466,1455,0.5169136156946217,0.5068745667645342,805,491,5243,2874,408,204,2684,1294,210,118,1015,563,338,191,847,461,5,3,0.0,0.625
Pang Junxu,Luca Brecel,9,1437,1453,0.4754070207556724,0.4900013331200346,181,99,1162,605,647,377,4338,2348,243,132,779,421,139,73,850,465,5,2,0.0,0.7142857142857143
Si Jiahui,Tom Ford,9,1459,1371,0.6326739656258834,0.5547792351072148,193,109,1303,699,946,538,6447,3434,306,174,879,479,204,96,937,490,5,2,0.0,0.7142857142857143
Xiao Guodong,Mark Allen,7,1478,1566,0.38159841566069774,0.4452207648927852,759,439,4759,2609,1085,722,7687,4372,208,114,940,501,350,197,1179,675,5,1,0.0,0.8333333333333334
Scott Donaldson,Barry Hawkins,7,1369,1457,0.38159841566069774,0.4452207648927852,494,262,3164,1612,1350,843,9282,5197,125,65,622,321,261,139,944,537,5,1,0.0,0.8333333333333334
Stuart Bingham,Ding Junhui,9,1439,1498,0.4100684546601523,0.46319171001101955,1510,953,10457,5922,1003,666,7714,4388,275,144,969,514,234,122,965,536,5,4,0.0,0.5555555555555556
Zhang Anda,Ben Woollaston,9,1437,1379,0.5884340025894599,0.5361866202317948,486,253,3408,1743,834,470,5265,2794,231,116,858,477,136,73,557,288,5,0,0.0,1.0
Mark Williams,Stuart Bingham,11,1517,1439,0.6295033783102222,0.5485961085831343,1801,1181,13137,7540,1510,953,10457,5922,242,133,1024,594,275,144,969,514,6,2,0.0,0.75
Judd Trump,Jack Lisowski,11,1664,1466,0.798301924282246,0.6212835951910678,1463,1052,10115,6117,805,491,5243,2874,456,288,1677,1028,210,118,1015,563,6,1,0.0,0.8571428571428571
Jimmy Robertson,Kyren Wilson,11,1328,1600,0.1265317641990229,0.3362613025956473,746,407,4856,2532,1058,675,6730,3800,140,66,709,373,531,305,1423,829,6,4,0.0,0.6
Neil Robertson,Gary Wilson,11,1484,1461,0.5388493461105202,0.5143710406970602,1278,847,9357,5385,740,427,4757,2558,258,153,972,554,333,177,965,507,6,1,0.0,0.8571428571428571
Ronnie O'Sullivan,Zhang Anda,11,1620,1437,0.7801859416806328,0.6124209393479161,1535,1172,13260,8093,486,253,3408,1743,345,210,1171,708,231,116,858,477,6,5,0.0,0.5454545454545454
Shaun Murphy,Elliot Slessor,11,1517,1402,0.6868323733048138,0.5713839816769324,1370,900,9889,5619,384,190,2343,1158,257,145,929,530,238,133,667,349,6,3,0.0,0.6666666666666666
Si Jiahui,Pang Junxu,11,1459,1437,0.5371654626927551,0.513746534902355,193,109,1303,699,181,99,1162,605,306,174,879,479,243,132,779,421,6,5,0.0,0.5454545454545454
Xiao Guodong,Scott Donaldson,11,1478,1369,0.6778040243791852,0.5677065480733601,759,439,4759,2609,494,262,3164,1612,208,114,940,501,125,65,622,321,6,5,0.0,0.5454545454545454
Mark Williams,Jimmy Robertson,11,1517,1328,0.7875465492423712,0.6159753019181258,1801,1181,13137,7540,746,407,4856,2532,242,133,1024,594,140,66,709,373,6,0,0.0,1.0
Judd Trump,Neil Robertson,11,1664,1484,0.7764491076959295,0.610639233949222,1463,1052,10115,6117,1278,847,9357,5385,456,288,1677,1028,258,153,972,554,6,3,0.0,0.6666666666666666
Shaun Murphy,Xiao Guodong,11,1517,1478,0.5656716679114975,0.5243557087682073,1370,900,9889,5619,759,439,4759,2609,257,145,929,530,208,114,940,501,6,2,0.0,0.75
Si Jiahui,Ronnie O'Sullivan,11,1459,1620,0.24807538742502389,0.40071183649164394,193,109,1303,699,1535,1172,13260,8093,306,174,879,479,345,210,1171,708,6,4,0.0,0.6
Mark Williams,Si Jiahui,11,1517,1459,0.5971085093515105,0.5361866202317948,1801,1181,13137,7540,193,109,1303,699,242,133,1024,594,306,174,879,479,6,3,0.0,0.6666666666666666
Judd Trump,Shaun Murphy,11,1664,1517,0.7329358500759163,0.5908547524545943,1463,1052,10115,6117,1370,900,9889,5619,456,288,1677,1028,257,145,929,530,6,5,0.0,0.5454545454545454
Judd Trump,Mark Williams,19,1664,1517,0.7908327003294819,0.5908547524545943,1463,1052,10115,6117,1801,1181,13137,7540,456,288,1677,1028,242,133,1024,594,10,9,0.0,0.5263157894736842
Artemijs Zizins,Duane Jones,7,1107,1281,0.2762380014579778,0.39293301192829644,15,9,81,45,330,149,1969,959,81,45,81,45,115,58,407,195,4,2,0.0,0.6666666666666666
Xing Zihao,Paul Deaville,7,1163,1102,0.5827567809217526,0.5380512843858591,33,13,205,93,31,17,152,77,105,49,205,93,91,49,120,64,4,2,0.0,0.6666666666666666
Wang Yuchen,Stuart Carrington,7,1143,1303,0.2923360013407782,0.401312339887548,98,36,615,261,518,275,3272,1704,63,31,147,82,127,67,460,228,4,0,0.0,1.0
Dean Young,Yulu Bai,7,1068,983,0.6144870727228646,0.5529259881329059,108,40,562,232,13,3,94,34,76,26,347,137,41,13,94,34,4,0,0.0,1.0
Jimmy White,Joshua Cooper,7,1144,1029,0.6530083881296338,0.5713839816769324,1575,843,13082,6750,69,29,358,166,74,26,373,148,54,27,105,49,4,2,0.0,0.6666666666666666
Alexander Ursenbacher,Mohammed Shehab,7,1309,1190,0.6580301976734948,0.5738312575916094,284,128,1717,824,80,32,608,289,102,51,389,191,60,26,60,26,4,2,0.0,0.6666666666666666
Chris Totten,Ben Mertens,7,1131,1278,0.30768847003935823,0.4091452475454058,101,36,580,236,106,50,637,321,106,58,194,105,131,66,466,239,4,1,0.0,0.8
Joshua Thomond,Liam Graham,7,1060,1002,0.578744911388209,0.5361866202317948,77,33,409,198,53,16,290,112,73,33,160,80,76,26,211,72,4,3,0.0,0.5714285714285714
Oliver Sykes,Julien Leclercq,7,1036,1196,0.2923360013407782,0.401312339887548,13,5,77,36,75,33,415,193,31,13,72,35,122,54,340,155,4,1,0.0,0.8
Zak Surety,Farakh Ajaib,7,1273,1162,0.6479578189910667,0.5689332093695465,256,116,1476,703,155,67,842,387,141,70,489,239,84,49,290,142,4,2,0.0,0.6666666666666666
Ishpreet Singh Chadha,Simon Blackwell,7,1179,1151,0.5382188233953898,0.5174928576663897,43,22,252,131,66,34,333,177,109,50,252,131,100,57,127,69,4,1,0.0,0.8
Bulcsú Révész,Manasawin Phetmalaikul,7,1103,963,0.6838913574482577,0.5866175789173301,21,9,149,69,58,17,326,128,98,46,149,69,70,20,181,68,4,0,0.0,1.0
Liam Pullen,Antoni Kowalski,7,1099,1160,0.41724321907824724,0.4619487156141408,51,23,309,142,46,24,251,131,94,40,267,120,94,51,127,71,4,0,0.0,1.0
Andrew Pagett,Kreishh Gurbaxani,7,1150,1012,0.6814665603465866,0.585404569129465,349,151,2233,1046,25,9,138,63,127,56,400,161,74,34,115,53,4,2,0.0,0.6666666666666666
Mink Nutcharut,Reanne Evans,7,952,902,0.5680051367615364,0.5312093733737563,46,4,263,77,217,61,1221,461,69,19,262,77,65,14,270,74,4,2,0.0,0.6666666666666666
Hammad Miah,Huang Jiahao,7,1204,1038,0.7146198510727906,0.6022861768886306,292,117,1865,841,32,11,178,76,90,34,416,187,39,12,75,36,4,0,0.0,1.0
Mitchell Mann,Robbie Mcguigan,7,1171,1086,0.6144870727228646,0.5529259881329059,382,173,2303,1086,71,26,335,146,68,35,273,122,58,26,199,89,4,2,0.0,0.6666666666666666
Oliver Lines,Thor Chuan Leong,7,1295,1242,0.5720392978025534,0.5330766223661046,380,182,2282,1113,189,70,1176,522,118,49,490,233,122,59,263,136,4,3,0.0,0.5714285714285714
Peifan Lei,Ma Hailong,7,1234,1151,0.611870456908998,0.5516896693427,118,54,693,328,40,13,260,112,67,32,296,137,125,57,260,112,4,3,0.0,0.5714285714285714
Cheung Ka Wai,Stan Moody,7,1171,1226,0.42527567806654565,0.4656790563306954,31,19,180,106,60,24,354,164,74,36,180,106,129,65,318,149,4,2,0.0,0.6666666666666666
Jiang Jun,Ahmed Aly Elsayed,7,1174,846,0.8663684234920509,0.6942363401080305,32,11,227,104,22,0,107,14,134,62,227,104,60,9,107,14,4,0,0.0,1.0
Michael Holt,Gong Chenzhi,7,1241,1172,0.5934092174000843,0.5430183807243099,1014,571,7034,3709,29,16,199,103,59,25,322,163,112,56,199,103,4,3,0.0,0.5714285714285714
Andrew Higginson,Mark Joyce,7,1257,1297,0.44549420086403224,0.47502081252106,881,503,6117,3307,642,329,4440,2233,103,47,447,236,133,72,457,229,4,0,0.0,1.0
Louis Heathcote,Iulian Boiko,7,1293,1180,0.6504866469700167,0.5701590253818352,203,93,1181,577,109,42,609,266,152,78,500,243,132,64,375,189,4,3,0.0,0.5714285714285714
Marco Fu,Haris Tahir,7,1376,1076,0.8453785395674661,0.679178699175393,977,571,7284,3945,18,11,112,58,142,78,418,214,87,46,112,58,4,1,0.0,0.8
Dylan Emery,Alfie Burden,7,1225,1254,0.46042091137016095,0.4818829349568186,129,58,733,357,813,422,5769,2929,151,75,459,227,122,62,447,212,4,1,0.0,0.8
Mostafa Dorgham,Allan Taylor,7,1024,1248,0.22276496570381588,0.36354745971843366,23,4,155,49,452,208,2665,1280,99,37,145,49,153,83,443,203,4,1,0.0,0.8
Liam Davies,Amir Sarkhosh,7,1124,1105,0.5259570402770714,0.5118727677562528,48,23,285,134,36,16,233,117,88,43,259,124,62,28,108,52,4,1,0.0,0.8
Ashley Carty,Anton Kazakov,7,1300,964,0.8719653706122326,0.6984652160025387,284,133,1664,820,50,10,289,96,130,68,377,189,93,37,267,87,4,2,0.0,0.6666666666666666
Ian Burns,Haydon Pinhey,7,1259,1159,0.6339273074659068,0.5621765008857981,500,243,3147,1560,114,52,603,285,102,46,442,204,114,54,340,165,4,3,0.0,0.5714285714285714
Artemijs Zizins,Robbie Williams,7,1107,1356,0.19855056662581022,0.34921307920316513,15,9,81,45,563,302,3609,1853,81,45,81,45,166,83,586,314,4,2,0.0,0.6666666666666666
Fan Zhengyi,Liam Pullen,7,1384,1099,0.8332252833962372,0.6709533329057776,190,83,1215,562,51,23,309,142,201,109,714,376,94,40,267,120,4,2,0.0,0.6666666666666666
Long Zehuang,Sanderson Lam,7,1319,1212,0.6428793213307702,0.5664790559676278,76,38,430,218,278,111,1683,742,165,92,271,140,110,46,521,246,4,2,0.0,0.6666666666666666
Wu Yize,Chris Totten,7,1367,1131,0.7890748963496146,0.6433651456944017,118,59,815,413,101,36,580,236,169,90,601,317,106,58,194,105,4,1,0.0,0.8
Ben Woollaston,Dylan Emery,7,1392,1225,0.7157709624772323,0.6028848673274662,838,473,5288,2807,129,58,733,357,159,86,580,301,151,75,459,227,4,2,0.0,0.6666666666666666
Ricky Walden,Mink Nutcharut,7,1377,952,0.9229656552326155,0.7431680086124811,1173,693,7888,4313,46,4,263,77,269,138,947,500,69,19,262,77,4,0,0.0,1.0
Thepchaiya Un-Nooh,Oliver Sykes,7,1471,1036,0.9274990826281075,0.7479106630456372,571,334,3940,2105,13,5,77,36,169,93,687,377,31,13,72,35,4,1,0.0,0.8
Zak Surety,Elliot Slessor,7,1273,1419,0.30888492066734696,0.40974974806981657,256,116,1476,703,388,193,2373,1175,141,70,489,239,268,150,697,366,4,1,0.0,0.8
Matthew Stevens,Dean Young,7,1346,1068,0.8273350387178837,0.6670782770956253,1134,653,8558,4635,108,40,562,232,134,66,601,317,76,26,347,137,4,1,0.0,0.8
Ishpreet Singh Chadha,Graeme Dott,7,1179,1345,0.2853801489272095,0.3977138231113694,43,22,252,131,1188,694,8509,4576,109,50,252,131,154,82,677,357,4,2,0.0,0.6666666666666666
Xu Si,Cheung Ka Wai,7,1333,1171,0.7099919234270913,0.5998883688639983,205,88,1305,602,31,19,180,106,156,79,516,255,74,36,180,106,4,3,0.0,0.5714285714285714
Jimmy Robertson,Alexander Ursenbacher,7,1369,1309,0.5814204865006773,0.5374298453437496,752,412,4897,2556,284,128,1717,824,181,90,750,397,102,51,389,191,4,1,0.0,0.8
Bulcsú Révész,Yuan Sijun,7,1103,1439,0.1280346293877675,0.30153478399746125,21,9,149,69,278,147,1771,918,98,46,149,69,186,102,673,382,4,2,0.0,0.6666666666666666
Joe Perry,Jimmy White,7,1297,1144,0.6994442564412618,0.5944759307482401,1390,806,9535,5143,1575,843,13082,6750,131,61,711,354,74,26,373,148,4,1,0.0,0.8
Andrew Pagett,Jordan Brown,7,1150,1282,0.32585725514792674,0.4182406231581638,349,151,2233,1046,343,176,2114,1054,127,56,400,161,160,74,778,392,4,2,0.0,0.6666666666666666
Jackson Page,Mostafa Dorgham,7,1340,1024,0.8576412839544288,0.6878313305828404,207,105,1319,653,23,4,155,49,179,90,613,314,99,37,145,49,4,0,0.0,1.0
Ross Muir,David Lilley,7,1184,1290,0.358394567903784,0.4341349971045183,290,114,1838,841,266,134,1578,793,98,39,433,199,175,88,534,261,4,2,0.0,0.6666666666666666
Oliver Lines,Scott Donaldson,7,1295,1407,0.35077688766853815,0.43045377606077095,380,182,2282,1113,498,265,3194,1631,118,49,490,233,155,84,652,340,4,1,0.0,0.8
Jiang Jun,Tian Pengfei,7,1174,1312,0.3185334396534134,0.4145954308705349,32,11,227,104,568,312,3723,1959,134,62,227,104,136,68,503,249,4,2,0.0,0.6666666666666666
Jamie Jones,Joshua Thomond,7,1298,1060,0.7910094256982455,0.6445115537062945,678,398,4444,2386,77,33,409,198,139,64,687,348,73,33,160,80,4,0,0.0,1.0
Liu Hongyu,Ashley Carty,7,1291,1300,0.48769738857442835,0.4943752372926745,48,24,295,158,284,133,1664,820,120,60,295,158,130,68,377,189,4,1,0.0,0.8
Aaron Hill,Peifan Lei,7,1309,1234,0.6013510291923431,0.5467381519846138,128,59,749,360,118,54,693,328,128,62,543,278,67,32,296,137,4,2,0.0,0.6666666666666666
Andrew Higginson,Daniel Wells,7,1257,1394,0.3197489554385173,0.415202325282263,881,503,6117,3307,530,267,3484,1750,103,47,447,236,163,85,561,314,4,3,0.0,0.5714285714285714
Anthony Hamilton,Louis Heathcote,7,1250,1293,0.44143655006080335,0.4731508513108857,1053,596,7713,4057,203,93,1181,577,123,59,496,239,152,78,500,243,4,2,0.0,0.6666666666666666
He Guoqiang,Wang Yuchen,7,1277,1143,0.6765921632853334,0.5829754542011996,68,37,434,220,98,36,615,261,161,81,351,188,63,31,147,82,4,3,0.0,0.5714285714285714
Xiao Guodong,Mitchell Mann,7,1486,1171,0.856895920094142,0.6872942801972042,764,443,4798,2631,382,173,2303,1086,247,136,979,523,68,35,273,122,4,1,0.0,0.8
David Grace,Marco Fu,7,1212,1376,0.28768943450591145,0.3989121211516302,485,224,3169,1531,977,571,7284,3945,104,47,480,225,142,78,418,214,4,0,0.0,1.0
Mark Davis,Xing Zihao,7,1384,1163,0.774213209168811,0.6347154153791584,1320,784,9072,4931,33,13,205,93,150,82,532,267,105,49,205,93,4,1,0.0,0.8
Dominic Dale,Liam Davies,7,1296,1124,0.721490850613204,0.6058736684317606,1118,622,7734,4066,48,23,285,134,165,81,526,260,88,43,259,124,4,0,0.0,1.0
Jamie Clarke,Hammad Miah,7,1275,1204,0.5960612197256479,0.5442588584178731,339,169,2027,1006,292,117,1865,841,127,59,545,264,90,34,416,187,4,3,0.0,0.5714285714285714
Ian Burns,Martin O'Donnell,7,1259,1332,0.40129146875494726,0.45450121278721795,500,243,3147,1560,517,263,3208,1624,102,46,442,204,185,96,491,246,4,2,0.0,0.6666666666666666
Fan Zhengyi,Ryan Day,7,1384,1387,0.4958985144028909,0.498125008789013,190,83,1215,562,1320,780,8711,4739,201,109,714,376,286,147,992,518,4,1,0.0,0.8
Wu Yize,Stuart Bingham,7,1367,1434,0.4092473522241249,0.4582226307163632,118,59,815,413,1514,956,10488,5938,169,90,601,317,306,160,1000,530,4,3,0.0,0.5714285714285714
Ben Woollaston,Mark Williams,7,1392,1568,0.2739765592815067,0.3917409692534856,838,473,5288,2807,1806,1185,13188,7572,159,86,580,301,293,165,1075,626,4,1,0.0,0.8
Kyren Wilson,David Grace,7,1577,1212,0.8908027727664171,0.713511467542637,1060,676,6748,3809,485,224,3169,1531,549,314,1441,838,104,47,480,225,4,1,0.0,0.8
Chris Wakelin,Joe Perry,7,1466,1297,0.7180660778287002,0.6040813228693781,436,236,2772,1438,1390,806,9535,5143,301,161,873,475,131,61,711,354,4,2,0.0,0.6666666666666666
Hossein Vafaei,Matthew Stevens,7,1471,1346,0.6655072126279344,0.5774953651858118,338,205,2348,1256,1134,653,8558,4635,204,119,871,501,134,66,601,317,4,3,0.0,0.5714285714285714
Judd Trump,Liu Hongyu,7,1666,1291,0.8967839705837035,0.7185943925708561,1468,1057,10170,6150,48,24,295,158,511,321,1732,1061,120,60,295,158,4,3,0.0,0.5714285714285714
Zak Surety,Noppon Saengkham,7,1273,1389,0.34573343118721134,0.42800386706848137,256,116,1476,703,467,243,3188,1614,141,70,489,239,179,91,804,431,4,0,0.0,1.0
Ishpreet Singh Chadha,Jak Jones,7,1179,1447,0.18132139254278376,0.33849684079704756,43,22,252,131,409,204,2692,1297,109,50,252,131,346,194,855,464,4,3,0.0,0.5714285714285714
Xu Si,Jack Lisowski,7,1333,1461,0.33078006904137963,0.42067574785125056,205,88,1305,602,809,494,5272,2889,156,79,516,255,239,133,1044,578,4,3,0.0,0.5714285714285714
Matthew Selt,Ricky Walden,7,1402,1377,0.534135239137421,0.5156199157230156,885,482,5708,2974,1173,693,7888,4313,204,106,955,489,269,138,947,500,4,3,0.0,0.5714285714285714
Mark Selby,Aaron Hill,7,1556,1309,0.7995764997363425,0.6496497492904088,1574,1075,11243,6543,128,59,749,360,375,211,1305,741,128,62,543,278,4,2,0.0,0.6666666666666666
Neil Robertson,Jackson Page,7,1518,1340,0.728275111254584,0.6094497836283252,1283,851,9392,5408,207,105,1319,653,293,176,1007,577,179,90,613,314,4,1,0.0,0.8
Joe O'Connor,Artemijs Zizins,7,1376,1107,0.8195570476403491,0.6620627248063988,307,152,1933,970,15,9,81,45,261,134,741,385,81,45,81,45,4,0,0.0,1.0
Shaun Murphy,Jamie Clarke,7,1553,1275,0.8273350387178837,0.6670782770956253,1374,903,9924,5641,339,169,2027,1006,292,167,964,552,127,59,545,264,4,1,0.0,0.8
Ross Muir,Gary Wilson,7,1184,1456,0.17782468979276692,0.3362613025956473,290,114,1838,841,742,428,4771,2564,98,39,433,199,347,183,979,513,4,3,0.0,0.5714285714285714
Anthony McGill,Xiao Guodong,7,1353,1486,0.3246315371699399,0.41763245927192055,758,451,5037,2734,764,443,4798,2631,94,43,646,348,247,136,979,523,4,2,0.0,0.6666666666666666
Stephen Maguire,Bulcsú Révész,7,1433,1103,0.8677841579315165,0.6952966693475653,1210,782,8838,4963,21,9,149,69,212,115,707,378,98,46,149,69,4,0,0.0,1.0
Oliver Lines,Robert Milkins,7,1295,1303,0.48906395814377107,0.4950001666600003,380,182,2282,1113,1141,657,7911,4218,118,49,490,233,169,72,952,476,4,3,0.0,0.5714285714285714
Pang Junxu,Thepchaiya Un-Nooh,7,1453,1471,0.47540722540195457,0.4887518980531451,185,102,1195,624,571,334,3940,2105,276,151,812,440,169,93,687,377,4,3,0.0,0.5714285714285714
Jiang Jun,Tom Ford,7,1174,1363,0.25951818668021626,0.3840246980818742,32,11,227,104,947,538,6454,3436,134,62,227,104,211,98,944,492,4,2,0.0,0.6666666666666666
Jamie Jones,Zhou Yuelong,7,1298,1412,0.34825159011302903,0.4292283881055083,678,398,4444,2386,509,301,3211,1732,139,64,687,348,160,78,903,479,4,0,0.0,1.0
Si Jiahui,Andrew Pagett,7,1491,1150,0.8753745152338872,0.7010913114266953,199,114,1351,728,349,151,2233,1046,354,203,927,508,127,56,400,161,4,1,0.0,0.8
John Higgins,Andrew Higginson,7,1525,1257,0.8186786074572162,0.6615031592029524,1893,1334,14639,8625,881,503,6117,3307,460,255,1424,813,103,47,447,236,4,1,0.0,0.8
Barry Hawkins,Jimmy Robertson,7,1439,1369,0.5947357972115818,0.5436386872370789,1351,843,9288,5198,752,412,4897,2556,267,140,950,538,181,90,750,397,4,2,0.0,0.6666666666666666
Lyu Haotian,Dominic Dale,7,1380,1296,0.6131794491635048,0.5523079095743253,345,176,2256,1127,1118,622,7734,4066,169,82,723,390,165,81,526,260,4,2,0.0,0.6666666666666666
He Guoqiang,Ronnie O'Sullivan,7,1277,1605,0.13363157650794907,0.3057636598919695,68,37,434,220,1538,1174,13287,8108,161,81,351,188,372,225,1198,723,4,2,0.0,0.6666666666666666
David Gilbert,Michael Holt,7,1517,1241,0.8256265088413395,0.6659669267518202,962,567,6595,3576,1014,571,7034,3709,299,174,865,481,59,25,322,163,4,3,0.0,0.5714285714285714
Ali Carter,Ian Burns,7,1468,1259,0.7618819203066071,0.6277321638605189,1336,824,9017,4980,500,243,3147,1560,348,186,1205,670,102,46,442,204,4,0,0.0,1.0
Luca Brecel,Anthony Hamilton,7,1441,1250,0.7426684543010009,0.6171573626529722,648,377,4345,2350,1053,596,7713,4057,146,75,857,467,123,59,496,239,4,3,0.0,0.5714285714285714
Zhang Anda,Mark Davis,7,1461,1384,0.6039885915613215,0.5479769376367963,488,254,3424,1753,1320,784,9072,4931,247,126,874,487,150,82,532,267,4,3,0.0,0.5714285714285714
Mark Allen,Long Zehuang,7,1548,1319,0.7822166026963269,0.6393398367530659,1086,722,7693,4373,76,38,430,218,356,198,1185,676,165,92,271,140,4,3,0.0,0.5714285714285714
Fan Zhengyi,Oliver Lines,7,1384,1295,0.6197035864994962,0.5553966483205892,190,83,1215,562,380,182,2282,1113,201,109,714,376,118,49,490,233,4,2,0.0,0.6666666666666666
Wu Yize,Ali Carter,7,1367,1468,0.3647889315421975,0.43720825986135486,118,59,815,413,1336,824,9017,4980,169,90,601,317,348,186,1205,670,4,2,0.0,0.6666666666666666
Ben Woollaston,Zak Surety,7,1392,1273,0.6580301976734948,0.5738312575916094,838,473,5288,2807,256,116,1476,703,159,86,580,301,141,70,489,239,4,1,0.0,0.8
Kyren Wilson,Anthony McGill,7,1577,1353,0.7772350342961843,0.6364525402815664,1060,676,6748,3809,758,451,5037,2734,549,314,1441,838,94,43,646,348,4,1,0.0,0.8
Chris Wakelin,Zhang Anda,7,1466,1461,0.5068355814796678,0.5031249593105316,436,236,2772,1438,488,254,3424,1753,301,161,873,475,247,126,874,487,4,1,0.0,0.8
Judd Trump,Matthew Selt,7,1666,1402,0.8151364341594428,0.6592603884513855,1468,1057,10170,6150,885,482,5708,2974,511,321,1732,1061,204,106,955,489,4,1,0.0,0.8
Ishpreet Singh Chadha,Hossein Vafaei,7,1179,1471,0.16102376452541922,0.3251947274176865,43,22,252,131,338,205,2348,1256,109,50,252,131,204,119,871,501,4,2,0.0,0.6666666666666666
Mark Selby,Joe O'Connor,7,1556,1376,0.7305169455924372,0.610639233949222,1574,1075,11243,6543,307,152,1933,970,375,211,1305,741,261,134,741,385,4,0,0.0,1.0
Neil Robertson,Shaun Murphy,7,1518,1553,0.4522702554497651,0.47813894602839846,1283,851,9392,5408,1374,903,9924,5641,293,176,1007,577,292,167,964,552,4,1,0.0,0.8
Ross Muir,Jamie Jones,7,1184,1298,0.34825159011302903,0.4292283881055083,290,114,1838,841,678,398,4444,2386,98,39,433,199,139,64,687,348,4,1,0.0,0.8
Pang Junxu,Luca Brecel,7,1453,1441,0.5164013295642876,0.5074994375506203,185,102,1195,624,648,377,4345,2350,276,151,812,440,146,75,857,467,4,3,0.0,0.5714285714285714
Si Jiahui,Jiang Jun,7,1491,1174,0.858383853016921,0.6883678768310286,199,114,1351,728,32,11,227,104,354,203,927,508,134,62,227,104,4,3,0.0,0.5714285714285714
John Higgins,David Gilbert,7,1525,1517,0.510936041856229,0.5049998333399998,1893,1334,14639,8625,962,567,6595,3576,460,255,1424,813,299,174,865,481,4,1,0.0,0.8
Barry Hawkins,Xu Si,7,1439,1333,0.641605432096216,0.5658650028954817,1351,843,9288,5198,205,88,1305,602,267,140,950,538,156,79,516,255,4,0,0.0,1.0
He Guoqiang,Stephen Maguire,7,1277,1433,0.2970193973349833,0.40371730070321216,68,37,434,220,1210,782,8838,4963,161,81,351,188,212,115,707,378,4,1,0.0,0.8
Mark Allen,Lyu Haotian,7,1548,1380,0.7169197076810394,0.6034832498647263,1086,722,7693,4373,345,176,2256,1127,356,198,1185,676,169,82,723,390,4,2,0.0,0.6666666666666666
Wu Yize,Ben Woollaston,7,1367,1392,0.465864760862579,0.4843800842769844,118,59,815,413,838,473,5288,2807,169,90,601,317,159,86,580,301,4,2,0.0,0.6666666666666666
Chris Wakelin,Pang Junxu,7,1466,1453,0.5177671819164105,0.5081242849062608,436,236,2772,1438,185,102,1195,624,301,161,873,475,276,151,812,440,4,3,0.0,0.5714285714285714
Judd Trump,Fan Zhengyi,7,1666,1384,0.8307179588376647,0.669295402777446,1468,1057,10170,6150,190,83,1215,562,511,321,1732,1061,201,109,714,376,4,2,0.0,0.6666666666666666
Ishpreet Singh Chadha,He Guoqiang,7,1179,1277,0.36864499282379254,0.43905454967528373,43,22,252,131,68,37,434,220,109,50,252,131,161,81,351,188,4,3,0.0,0.5714285714285714
Mark Selby,Si Jiahui,7,1556,1491,0.5880916350836762,0.5405358392737893,1574,1075,11243,6543,199,114,1351,728,375,211,1305,741,354,203,927,508,4,3,0.0,0.5714285714285714
Neil Robertson,Ross Muir,7,1518,1184,0.8705826043505938,0.6974111143958823,1283,851,9392,5408,290,114,1838,841,293,176,1007,577,98,39,433,199,4,1,0.0,0.8
Barry Hawkins,Kyren Wilson,7,1439,1577,0.3185334396534134,0.4145954308705349,1351,843,9288,5198,1060,676,6748,3809,267,140,950,538,549,314,1441,838,4,2,0.0,0.6666666666666666
Mark Allen,John Higgins,7,1548,1525,0.5314106943491967,0.5143710406970602,1086,722,7693,4373,1893,1334,14639,8625,356,198,1185,676,460,255,1424,813,4,3,0.0,0.5714285714285714
Wu Yize,Judd Trump,9,1367,1666,0.12712369461956624,0.3213662821477785,118,59,815,413,1468,1057,10170,6150,169,90,601,317,511,321,1732,1061,5,3,0.0,0.625
Chris Wakelin,Mark Allen,9,1466,1548,0.37604881649493793,0.448928730692658,436,236,2772,1438,1086,722,7693,4373,301,161,873,475,356,198,1185,676,5,2,0.0,0.7142857142857143
Ishpreet Singh Chadha,Mark Selby,9,1179,1556,0.07657067467766698,0.2803956309515509,43,22,252,131,1574,1075,11243,6543,109,50,252,131,375,211,1305,741,5,4,0.0,0.5555555555555556
Neil Robertson,Barry Hawkins,9,1518,1439,0.6195643657627519,0.5492151291013335,1283,851,9392,5408,1351,843,9288,5198,293,176,1007,577,267,140,950,538,5,1,0.0,0.8333333333333334
Wu Yize,Ishpreet Singh Chadha,11,1367,1179,0.7863303004766008,0.6153837563911821,118,59,815,413,43,22,252,131,169,90,601,317,109,50,252,131,6,0,0.0,1.0
Neil Robertson,Chris Wakelin,11,1518,1466,0.5872410251253013,0.5324543063873187,1283,851,9392,5408,436,236,2772,1438,293,176,1007,577,301,161,873,475,6,1,0.0,0.8571428571428571
Neil Robertson,Wu Yize,17,1518,1367,0.7844953735959159,0.5932699921071872,1283,851,9392,5408,118,59,815,413,293,176,1007,577,169,90,601,317,9,7,0.0,0.5625
Long Zehuang,Haydon Pinhey,7,1328,1158,0.7192100641468833,0.6046790847140093,78,39,443,225,115,52,610,288,178,99,284,147,121,57,347,168,4,3,0.0,0.5714285714285714
Wang Yuchen,Andrew Pagett,7,1162,1162,0.5,0.5,100,37,626,268,352,153,2250,1055,74,38,158,89,144,65,417,170,4,1,0.0,0.8
Daniel Womersley,Ben Mertens,7,1109,1262,0.30055574355873826,0.4055240692517599,109,53,551,266,107,50,642,322,86,40,180,89,136,67,471,240,4,1,0.0,0.8
Jimmy White,Paul Deaville,7,1141,1096,0.5612649493584694,0.528095374408387,1577,844,13093,6755,32,17,158,79,85,31,384,153,97,51,126,66,4,3,0.0,0.5714285714285714
Alexander Ursenbacher,Mostafa Dorgham,7,1302,1031,0.8213053995393751,0.6631804950993565,286,129,1728,829,25,5,164,53,113,56,400,196,108,41,154,53,4,1,0.0,0.8
Chris Totten,Robbie Mcguigan,7,1140,1081,0.5800831913605062,0.5368082899889803,103,37,590,241,72,26,341,148,116,63,204,110,64,28,205,91,4,3,0.0,0.5714285714285714
Haris Tahir,Zak Surety,7,1071,1301,0.2167953403729519,0.36008390326226586,19,11,117,59,260,119,1496,716,92,47,117,59,161,83,509,252,4,3,0.0,0.5714285714285714
Ishpreet Singh Chadha,Florian Nüßle,7,1236,1208,0.5382188233953898,0.5174928576663897,50,28,298,156,77,36,410,212,155,75,298,156,47,26,194,116,4,1,0.0,0.8
Amir Sarkhosh,Cheung Ka Wai,7,1093,1182,0.38029641350050397,0.44460335167941084,37,16,238,118,33,20,193,113,67,29,113,53,87,43,193,113,4,2,0.0,0.6666666666666666
Bulcsú Révész,Iulian Boiko,7,1123,1180,0.4225943374899878,0.4644351620161461,24,11,163,77,110,42,616,269,112,54,163,77,139,67,382,192,4,3,0.0,0.5714285714285714
Liam Pullen,Mink Nutcharut,7,1116,951,0.7134663824052628,0.6016871801828567,53,24,319,148,48,5,273,81,104,46,277,126,79,23,272,81,4,1,0.0,0.8
Manasawin Phetmalaikul,Ross Muir,7,950,1219,0.1804429523596507,0.3379372751936011,59,17,330,128,294,117,1861,854,74,20,185,68,121,52,456,212,4,3,0.0,0.5714285714285714
Stan Moody,Dylan Emery,7,1216,1235,0.47404295972292854,0.4881272322437472,61,24,360,166,131,59,744,363,135,67,324,151,162,81,470,233,4,2,0.0,0.6666666666666666
Oliver Lines,Joshua Cooper,7,1310,1024,0.8340553716337187,0.6715050342254059,384,185,2307,1127,70,29,364,168,143,63,515,247,60,29,111,51,4,2,0.0,0.6666666666666666
Peifan Lei,Jamie Gardiner,7,1229,1000,0.7822166026963269,0.6393398367530659,120,55,706,334,0,0,0,0,80,38,309,143,0,0,0,0,4,3,0.0,0.5714285714285714
Antoni Kowalski,Hammad Miah,7,1143,1215,0.40261453047341306,0.45512110762641994,47,24,255,131,294,118,1876,848,98,51,131,71,101,41,427,194,4,3,0.0,0.5714285714285714
Jiang Jun,Huang Jiahao,7,1215,1025,0.7415764082537253,0.6165665045213193,36,14,250,119,33,11,182,76,157,77,250,119,43,12,79,36,4,3,0.0,0.5714285714285714
Duane Jones,Artemijs Zizins,7,1268,1124,0.6887157040547041,0.5890404340586651,331,149,1975,961,18,11,97,53,121,60,413,197,97,53,97,53,4,2,0.0,0.6666666666666666
Michael Holt,Reanne Evans,7,1248,895,0.8832805083358919,0.707340014518073,1016,572,7048,3716,218,61,1227,463,73,32,336,170,71,16,276,76,4,0,0.0,1.0
Louis Heathcote,Anton Kazakov,7,1284,966,0.8591236298223967,0.6889039179769546,205,94,1194,583,51,10,295,98,165,84,513,249,99,39,273,89,4,3,0.0,0.5714285714285714
Ma Hailong,Allan Taylor,7,1150,1231,0.3907515745539448,0.4495472886604723,41,13,267,115,453,208,2670,1281,132,60,267,115,158,84,448,204,4,0,0.0,1.0
Kreishh Gurbaxani,Andrew Higginson,7,1008,1276,0.18132139254278376,0.33849684079704756,26,9,144,65,884,505,6133,3316,80,36,121,55,119,56,463,245,4,1,0.0,0.8
Liam Graham,Siripaporn Nuanthakhamjan,7,1000,869,0.6729150209582897,0.5811509642893937,54,16,297,115,22,0,127,23,83,29,218,75,59,8,127,23,4,3,0.0,0.5714285714285714
Liam Davies,Dean Young,7,1123,1076,0.5639634145132848,0.5293412500457856,50,24,294,138,110,41,571,237,97,47,268,128,85,31,356,142,4,2,0.0,0.6666666666666666
Joel Connolly Jnr,Ian Burns,7,958,1258,0.15462146043253397,0.320821300824607,8,1,40,11,503,245,3164,1568,15,7,40,11,119,54,459,212,4,3,0.0,0.5714285714285714
Thor Chuan Leong,Mark Joyce,7,1240,1280,0.44549420086403224,0.47502081252106,190,70,1183,525,643,329,4444,2233,129,62,270,139,137,72,461,229,4,3,0.0,0.5714285714285714
Gong Chenzhi,Ahmed Aly Elsayed,7,1170,836,0.8705826043505938,0.6974111143958823,30,16,206,106,23,0,111,14,119,59,206,106,64,9,111,14,4,0,0.0,1.0
Alfie Burden,Mitchell Mann,7,1241,1171,0.5947357972115818,0.5436386872370789,814,422,5774,2930,384,174,2314,1091,127,63,452,213,79,40,284,127,4,3,0.0,0.5714285714285714
Simon Blackwell,Stuart Carrington,7,1140,1284,0.31128429594529594,0.41095956594133487,67,34,338,178,519,275,3276,1704,105,58,132,70,131,67,464,228,4,3,0.0,0.5714285714285714
Farakh Ajaib,Julien Leclercq,7,1157,1180,0.46858930565080326,0.4856289593029398,156,67,848,389,76,33,420,194,90,51,296,144,127,55,345,156,4,3,0.0,0.5714285714285714
Fan Zhengyi,Liam Pullen,7,1402,1116,0.8340553716337187,0.6715050342254059,194,86,1238,576,53,24,319,148,224,123,737,390,104,46,277,126,4,2,0.0,0.6666666666666666
Long Zehuang,Sanderson Lam,7,1328,1207,0.660530062626431,0.5750535485557879,78,39,443,225,279,111,1689,744,178,99,284,147,116,48,527,248,4,0,0.0,1.0
Wang Yuchen,Joe Perry,7,1162,1302,0.31610864255174254,0.41338242108267,100,37,626,268,1392,807,9546,5149,74,38,158,89,142,67,722,360,4,2,0.0,0.6666666666666666
Jimmy White,Jackson Page,7,1141,1342,0.2465527590120173,0.37695333963338384,1577,844,13093,6755,209,106,1328,658,85,31,384,153,188,95,622,319,4,3,0.0,0.5714285714285714
Alexander Ursenbacher,Xu Si,7,1302,1326,0.4672268289773793,0.4850044983805899,286,129,1728,829,208,90,1323,610,113,56,400,196,174,87,534,263,4,3,0.0,0.5714285714285714
Thepchaiya Un-Nooh,Daniel Womersley,7,1468,1109,0.8870891247364365,0.7104354810428751,573,335,3952,2112,109,53,551,266,181,100,699,384,86,40,180,89,4,0,0.0,1.0
Matthew Stevens,Gong Chenzhi,7,1352,1170,0.732748880507422,0.6118273690017371,1136,654,8570,4642,30,16,206,106,146,73,613,324,119,59,206,106,4,1,0.0,0.8
Elliot Slessor,Chris Totten,7,1404,1140,0.8151364341594428,0.6592603884513855,389,193,2378,1176,103,37,590,241,273,151,702,367,116,63,204,110,4,2,0.0,0.6666666666666666
Ishpreet Singh Chadha,Ashley Carty,7,1236,1286,0.43199486323846364,0.46879062662624377,50,28,298,156,286,134,1675,825,155,75,298,156,141,73,388,194,4,1,0.0,0.8
Yuan Sijun,Liam Graham,7,1422,1000,0.9215618734478543,0.7417338799314313,279,147,1777,920,54,16,297,115,192,104,679,384,83,29,218,75,4,0,0.0,1.0
Matthew Selt,Michael Holt,7,1399,1248,0.6970755073607001,0.5932699921071872,887,483,5720,2979,1016,572,7048,3716,216,111,967,494,73,32,336,170,4,1,0.0,0.8
Jimmy Robertson,Amir Sarkhosh,7,1374,1093,0.829876495909729,0.668741821102192,754,413,4908,2562,37,16,238,118,192,96,761,403,67,29,113,53,4,0,0.0,1.0
Bulcsú Révész,Robbie Williams,7,1123,1341,0.22883313985656367,0.36702522331953935,24,11,163,77,564,302,3615,1855,112,54,163,77,172,85,592,316,4,0,0.0,1.0
Tian Pengfei,Antoni Kowalski,7,1300,1143,0.7041548710511403,0.596884378259767,569,312,3729,1961,47,24,255,131,142,70,509,251,98,51,131,71,4,0,0.0,1.0
Martin O'Donnell,Joel Connolly Jnr,7,1322,958,0.8901903833125965,0.7130001627522816,518,263,3214,1626,8,1,40,11,191,98,497,248,15,7,40,11,4,0,0.0,1.0
Stan Moody,Ben Woollaston,7,1216,1412,0.25190978869692043,0.3798935676569099,61,24,360,166,842,476,5310,2821,135,67,324,151,181,100,602,315,4,3,0.0,0.5714285714285714
Anthony McGill,Farakh Ajaib,7,1358,1157,0.7534472409879828,0.6230466603666162,760,452,5048,2739,156,67,848,389,105,48,657,353,90,51,296,144,4,2,0.0,0.6666666666666666
Oliver Lines,Ricky Walden,7,1310,1382,0.40261453047341306,0.45512110762641994,384,185,2307,1127,1175,694,7899,4320,143,63,515,247,280,145,958,507,4,2,0.0,0.6666666666666666
Peifan Lei,Jamie Jones,7,1229,1312,0.3881295430910018,0.44831033065729986,120,55,706,334,681,400,4457,2395,80,38,309,143,152,73,700,357,4,3,0.0,0.5714285714285714
Jiang Jun,David Lilley,7,1215,1279,0.4132404983976814,0.46008511544443426,36,14,250,119,267,134,1584,795,157,77,250,119,181,90,540,263,4,3,0.0,0.5714285714285714
Liu Hongyu,Simon Blackwell,7,1311,1140,0.7203516579445735,0.6052765337748445,50,25,307,165,67,34,338,178,132,67,307,165,105,58,132,70,4,1,0.0,0.8
Louis Heathcote,Aaron Hill,7,1284,1314,0.4590611389260606,0.4812587841214648,205,94,1194,583,130,60,761,366,165,84,513,249,140,68,555,284,4,3,0.0,0.5714285714285714
Ma Hailong,Anthony Hamilton,7,1150,1261,0.35204218100893303,0.43106679063045344,41,13,267,115,1055,597,7726,4064,132,60,267,115,136,66,509,246,4,3,0.0,0.5714285714285714
He Guoqiang,Manasawin Phetmalaikul,7,1303,950,0.8832805083358919,0.707340014518073,72,40,459,235,59,17,330,128,186,96,376,203,74,20,185,68,4,0,0.0,1.0
David Grace,Yulu Bai,7,1227,969,0.8097380368967944,0.6558828412078137,487,225,3178,1536,14,3,98,34,113,52,489,230,45,13,98,34,4,0,0.0,1.0
Graeme Dott,Kreishh Gurbaxani,7,1332,1008,0.86350380276547,0.6921095043017882,1189,694,8515,4578,26,9,144,65,160,84,683,359,80,36,121,55,4,2,0.0,0.6666666666666666
Scott Donaldson,Duane Jones,7,1392,1268,0.6642657784879786,0.5768852611320463,499,265,3199,1632,331,149,1975,961,160,85,657,341,121,60,413,197,4,0,0.0,1.0
Mark Davis,Alfie Burden,7,1389,1241,0.6935058085008956,0.5914589784327801,1322,785,9084,4938,814,422,5774,2930,162,89,544,274,127,63,452,213,4,2,0.0,0.6666666666666666
Dominic Dale,Haris Tahir,7,1303,1071,0.7851724867885262,0.6410674063348171,1120,623,7744,4072,19,11,117,59,175,87,536,266,92,47,117,59,4,2,0.0,0.6666666666666666
Jamie Clarke,Xing Zihao,7,1272,1162,0.6466907800352545,0.5683199834782481,341,170,2039,1011,35,14,216,98,139,64,557,269,116,54,216,98,4,2,0.0,0.6666666666666666
Thor Chuan Leong,Daniel Wells,7,1240,1386,0.30888492066734696,0.40974974806981657,190,70,1183,525,531,267,3491,1753,129,62,270,139,170,88,568,317,4,2,0.0,0.6666666666666666
Jordan Brown,Liam Davies,7,1270,1123,0.692311529960642,0.5908547524545943,344,176,2120,1056,50,24,294,138,166,76,784,394,97,47,268,128,4,1,0.0,0.8
Zhou Yuelong,Dominic Dale,7,1394,1303,0.622303251187688,0.5566309599222533,510,301,3215,1732,1120,623,7744,4072,164,78,907,479,175,87,536,266,4,3,0.0,0.5714285714285714
Wang Yuchen,Jack Lisowski,7,1162,1453,0.16183680935294972,0.3257435747770527,100,37,626,268,810,494,5279,2892,74,38,158,89,246,136,1051,581,4,3,0.0,0.5714285714285714
Kyren Wilson,David Grace,7,1576,1227,0.8806881852645642,0.7052656295907794,1063,678,6764,3819,487,225,3178,1536,565,324,1457,848,113,52,489,230,4,3,0.0,0.5714285714285714
Mark Williams,Jamie Clarke,7,1552,1272,0.8290321883880187,0.6681877721681662,1807,1185,13193,7573,341,170,2039,1011,298,166,1080,627,139,64,557,269,4,0,0.0,1.0
Jimmy White,Hossein Vafaei,7,1141,1456,0.14310407990585822,0.31270571980279593,1577,844,13093,6755,340,206,2361,1262,85,31,384,153,217,125,884,507,4,2,0.0,0.6666666666666666
Chris Wakelin,Bulcsú Révész,7,1480,1123,0.8858301874086159,0.7094058152553435,441,240,2804,1456,24,11,163,77,333,179,905,493,112,54,163,77,4,2,0.0,0.6666666666666666
Judd Trump,Ishpreet Singh Chadha,7,1646,1236,0.9157399188480915,0.7359453939271484,1472,1060,10196,6165,50,28,298,156,537,336,1758,1076,155,75,298,156,4,0,0.0,1.0
Elliot Slessor,Joe O'Connor,7,1404,1374,0.5409388610739393,0.5187412158785352,389,193,2378,1176,309,153,1941,974,273,151,702,367,269,138,749,389,4,2,0.0,0.6666666666666666
Matthew Selt,Lyu Haotian,7,1399,1383,0.5218633393972989,0.5099986668799655,887,483,5720,2979,347,177,2268,1133,216,111,967,494,181,88,735,396,4,1,0.0,0.8
Noppon Saengkham,Thepchaiya Un-Nooh,7,1371,1468,0.3699335043548132,0.4396703573114467,468,243,3192,1614,573,335,3952,2112,183,91,808,431,181,100,699,384,4,3,0.0,0.5714285714285714
Neil Robertson,Graeme Dott,7,1572,1332,0.792932804884019,0.6456563062257954,1289,857,9436,5440,1189,694,8515,4578,337,208,1051,609,160,84,683,359,4,3,0.0,0.5714285714285714
Jimmy Robertson,Xiao Guodong,7,1374,1479,0.3596701363363135,0.43474925243290014,754,413,4908,2562,766,444,4809,2637,192,96,761,403,258,142,990,529,4,2,0.0,0.6666666666666666
Tian Pengfei,Si Jiahui,7,1300,1488,0.2606153234773788,0.38461624360881785,569,312,3729,1961,202,116,1370,739,142,70,509,251,373,214,946,519,4,2,0.0,0.6666666666666666
Martin O'Donnell,Zhang Anda,7,1322,1451,0.32954639777958084,0.4200665998114943,518,263,3214,1626,490,255,3436,1758,191,98,497,248,259,131,886,492,4,3,0.0,0.5714285714285714
Shaun Murphy,Jiang Jun,7,1545,1215,0.8677841579315165,0.6952966693475653,1376,904,9934,5646,36,14,250,119,302,172,974,557,157,77,250,119,4,2,0.0,0.6666666666666666
Stan Moody,Ryan Day,7,1216,1375,0.29350342132334917,0.40191313966779657,61,24,360,166,1321,780,8716,4740,135,67,324,151,291,148,997,519,4,3,0.0,0.5714285714285714
Robert Milkins,Jordan Brown,7,1299,1270,0.5395790886298393,0.5181170650431814,1142,657,7918,4221,344,176,2120,1056,176,75,959,479,166,76,784,394,4,2,0.0,0.6666666666666666
Anthony McGill,Stephen Maguire,7,1358,1427,0.4065907825999159,0.4569816192756902,760,452,5048,2739,1212,783,8847,4968,105,48,657,353,221,120,716,383,4,1,0.0,0.8
Oliver Lines,Wu Yize,7,1310,1440,0.32831469717042555,0.41945769517934034,384,185,2307,1127,125,65,869,447,143,63,515,247,223,124,655,351,4,1,0.0,0.8
Peifan Lei,David Gilbert,7,1229,1500,0.17869460046062505,0.33681950490064355,120,55,706,334,964,568,6607,3581,80,38,309,143,311,179,877,486,4,2,0.0,0.6666666666666666
Pang Junxu,Yuan Sijun,7,1458,1422,0.549086208422272,0.5224848247918001,188,104,1216,635,279,147,1777,920,297,162,833,451,192,104,679,384,4,3,0.0,0.5714285714285714
Jak Jones,Alexander Ursenbacher,7,1435,1302,0.67536846283006,0.5823675407280794,410,204,2699,1300,286,129,1728,829,353,197,862,467,113,56,400,196,4,0,0.0,1.0
John Higgins,Fan Zhengyi,7,1539,1402,0.6802510445614828,0.584797674717737,1896,1336,14656,8636,194,86,1238,576,477,266,1441,824,224,123,737,390,4,2,0.0,0.6666666666666666
Louis Heathcote,Mark Selby,7,1284,1553,0.1804429523596507,0.3379372751936011,205,94,1194,583,1578,1078,11269,6559,165,84,513,249,401,227,1331,757,4,3,0.0,0.5714285714285714
Barry Hawkins,Matthew Stevens,7,1457,1352,0.6403298636636867,0.5652507475670999,1355,846,9310,5211,1136,654,8570,4642,289,153,972,551,146,73,613,324,4,2,0.0,0.6666666666666666
Ma Hailong,Ali Carter,7,1150,1469,0.14013938303066084,0.31056054693922636,41,13,267,115,1338,825,9027,4986,132,60,267,115,358,192,1215,676,4,1,0.0,0.8
Tom Ford,Thor Chuan Leong,7,1350,1240,0.6466907800352545,0.5683199834782481,948,538,6460,3438,190,70,1183,525,217,100,950,494,129,62,270,139,4,2,0.0,0.6666666666666666
Mark Davis,Gary Wilson,7,1389,1443,0.4266177377216683,0.4663011645670992,1322,785,9084,4938,743,428,4778,2567,162,89,544,274,354,186,986,516,4,1,0.0,0.8
Luca Brecel,He Guoqiang,7,1436,1303,0.67536846283006,0.5823675407280794,650,378,4359,2357,72,40,459,235,160,82,871,474,186,96,376,203,4,3,0.0,0.5714285714285714
Stuart Bingham,Scott Donaldson,7,1428,1392,0.549086208422272,0.5224848247918001,1515,956,10495,5941,499,265,3199,1632,313,163,1007,533,160,85,657,341,4,1,0.0,0.8
Mark Allen,Liu Hongyu,7,1537,1311,0.7792359029381558,0.637608652621925,1090,725,7720,4387,50,25,307,165,383,212,1212,690,132,67,307,165,4,0,0.0,1.0
Kyren Wilson,Anthony McGill,7,1576,1358,0.7711668601434363,0.6329747766804606,1063,678,6764,3819,760,452,5048,2739,565,324,1457,848,105,48,657,353,4,3,0.0,0.5714285714285714
Mark Williams,Noppon Saengkham,7,1552,1371,0.7316341543771714,0.6112334666758695,1807,1185,13193,7573,468,243,3192,1614,298,166,1080,627,183,91,808,431,4,1,0.0,0.8
Judd Trump,Matthew Selt,7,1646,1399,0.7995764997363425,0.6496497492904088,1472,1060,10196,6165,887,483,5720,2979,537,336,1758,1076,216,111,967,494,4,2,0.0,0.6666666666666666
Elliot Slessor,Long Zehuang,7,1404,1328,0.6026704349193375,0.5473576181430894,389,193,2378,1176,78,39,443,225,273,151,702,367,178,99,284,147,4,2,0.0,0.6666666666666666
Neil Robertson,Wang Yuchen,7,1572,1162,0.9157399188480915,0.7359453939271484,1289,857,9436,5440,100,37,626,268,337,208,1051,609,74,38,158,89,4,0,0.0,1.0
Tian Pengfei,Robert Milkins,7,1300,1299,0.5013671846516985,0.5006249996744794,569,312,3729,1961,1142,657,7918,4221,142,70,509,251,176,75,959,479,4,1,0.0,0.8
Martin O'Donnell,Jimmy White,7,1322,1141,0.7316341543771714,0.6112334666758695,518,263,3214,1626,1577,844,13093,6755,191,98,497,248,85,31,384,153,4,2,0.0,0.6666666666666666
Shaun Murphy,Zhou Yuelong,7,1545,1394,0.6970755073607001,0.5932699921071872,1376,904,9934,5646,510,301,3215,1732,302,172,974,557,164,78,907,479,4,2,0.0,0.6666666666666666
Stan Moody,Jak Jones,7,1216,1435,0.22781497267732487,0.3664446223632249,61,24,360,166,410,204,2699,1300,135,67,324,151,353,197,862,467,4,0,0.0,1.0
Oliver Lines,Mark Allen,7,1310,1537,0.21976777945335846,0.36181388669099446,384,185,2307,1127,1090,725,7720,4387,143,63,515,247,383,212,1212,690,4,3,0.0,0.5714285714285714
Peifan Lei,Tom Ford,7,1229,1350,0.3394699373735689,0.424946451444212,120,55,706,334,948,538,6460,3438,80,38,309,143,217,100,950,494,4,1,0.0,0.8
Pang Junxu,Luca Brecel,7,1458,1436,0.5300478260158454,0.513746534902355,188,104,1216,635,650,378,4359,2357,297,162,833,451,160,82,871,474,4,1,0.0,0.8
Louis Heathcote,Jimmy Robertson,7,1284,1374,0.37899585307075345,0.44398610945538003,205,94,1194,583,754,413,4908,2562,165,84,513,249,192,96,761,403,4,1,0.0,0.8
Barry Hawkins,John Higgins,7,1457,1539,0.3894398892710193,0.448928730692658,1355,846,9310,5211,1896,1336,14656,8636,289,153,972,551,477,266,1441,824,4,2,0.0,0.6666666666666666
Ma Hailong,Chris Wakelin,7,1150,1480,0.1322158420684832,0.3047033306524346,41,13,267,115,441,240,2804,1456,132,60,267,115,333,179,905,493,4,1,0.0,0.8
Stuart Bingham,Mark Davis,7,1428,1389,0.5531518743848329,0.5243557087682073,1515,956,10495,5941,1322,785,9084,4938,313,163,1007,533,162,89,544,274,4,0,0.0,1.0
Kyren Wilson,Stan Moody,7,1576,1216,0.8877146338860857,0.7109495026250039,1063,678,6764,3819,61,24,360,166,565,324,1457,848,135,67,324,151,4,1,0.0,0.8
Mark Williams,Ma Hailong,7,1552,1150,0.9116708670628891,0.7320405018416317,1807,1185,13193,7573,41,13,267,115,298,166,1080,627,132,60,267,115,4,2,0.0,0.6666666666666666
Judd Trump,Barry Hawkins,7,1646,1457,0.7404818133197837,0.6159753019181258,1472,1060,10196,6165,1355,846,9310,5211,537,336,1758,1076,289,153,972,551,4,1,0.0,0.8
Elliot Slessor,Peifan Lei,7,1404,1229,0.7248939369984414,0.6076631698328917,389,193,2378,1176,120,55,706,334,273,151,702,367,80,38,309,143,4,1,0.0,0.8
Neil Robertson,Oliver Lines,7,1572,1310,0.8133483117002799,0.6581363150480182,1289,857,9436,5440,384,185,2307,1127,337,208,1051,609,143,63,515,247,4,1,0.0,0.8
Shaun Murphy,Stuart Bingham,7,1545,1428,0.6555229391190917,0.5726080638632601,1376,904,9934,5646,1515,956,10495,5941,302,172,974,557,313,163,1007,533,4,3,0.0,0.5714285714285714
Pang Junxu,Martin O'Donnell,7,1458,1322,0.6790334655716898,0.5841905229354074,188,104,1216,635,518,263,3214,1626,297,162,833,451,191,98,497,248,4,0,0.0,1.0
Louis Heathcote,Tian Pengfei,7,1284,1300,0.4781366606027012,0.4900013331200346,205,94,1194,583,569,312,3729,1961,165,84,513,249,142,70,509,251,4,2,0.0,0.6666666666666666
Kyren Wilson,Mark Williams,9,1576,1552,0.5368587710437642,0.51499550161941,1063,678,6764,3819,1807,1185,13193,7573,565,324,1457,848,298,166,1080,627,5,1,0.0,0.8333333333333334
Judd Trump,Shaun Murphy,9,1646,1545,0.6513228977147019,0.5627917401386452,1472,1060,10196,6165,1376,904,9934,5646,537,336,1758,1076,302,172,974,557,5,1,0.0,0.8333333333333334
Elliot Slessor,Louis Heathcote,9,1404,1284,0.6778907155437834,0.574442516811659,389,193,2378,1176,205,94,1194,583,273,151,702,367,165,84,513,249,5,1,0.0,0.8333333333333334
Pang Junxu,Neil Robertson,9,1458,1572,0.33040479097165565,0.4292283881055083,188,104,1216,635,1289,857,9436,5440,297,162,833,451,337,208,1051,609,5,4,0.0,0.5555555555555556
Kyren Wilson,Pang Junxu,11,1576,1458,0.691303602887055,0.5732197726798348,1063,678,6764,3819,188,104,1216,635,565,324,1457,848,297,162,833,451,6,4,0.0,0.6
Judd Trump,Elliot Slessor,11,1646,1404,0.8458526117374912,0.6467993925579857,1472,1060,10196,6165,389,193,2378,1176,537,336,1758,1076,273,151,702,367,6,0,0.0,1.0
Kyren Wilson,Judd Trump,17,1576,1646,0.3572260203561264,0.4563613127629212,1063,678,6764,3819,1472,1060,10196,6165,565,324,1457,848,537,336,1758,1076,9,3,0.0,0.75
Fan Zhengyi,Long Zehuang,11,1398,1334,0.6069119338528444,0.5399148845555657,196,87,1250,582,81,41,460,235,236,129,749,396,195,109,301,157,6,3,0.0,0.6666666666666666
Dean Young,Tian Pengfei,11,1069,1329,0.1371156226654094,0.34298953732650117,111,41,577,239,573,315,3750,1975,91,33,362,144,163,84,530,265,6,5,0.0,0.5454545454545454
Wu Yize,Wang Yuchen,11,1425,1190,0.8388505228821673,0.6427913242407762,126,65,874,448,104,40,648,280,228,125,660,352,96,50,180,101,6,4,0.0,0.6
Ben Woollaston,Duane Jones,11,1402,1258,0.7287693737217769,0.5890404340586651,843,476,5317,2824,333,150,1985,965,188,103,609,318,131,64,423,201,6,4,0.0,0.6
Daniel Womersley,Liam Davies,11,1115,1121,0.48984977471926505,0.496250070310918,111,54,560,270,52,25,305,143,95,44,189,93,108,52,279,133,6,2,0.0,0.75
Kyren Wilson,Mitchell Mann,11,1620,1169,0.969004445132317,0.7553772379137498,1069,684,6811,3851,385,174,2321,1094,612,356,1504,880,86,43,291,130,6,0,0.0,1.0
Gary Wilson,Hammad Miah,11,1430,1208,0.8252810393862255,0.6352948493228071,744,428,4783,2568,295,118,1883,851,359,187,991,517,108,44,434,197,6,3,0.0,0.6666666666666666
Robbie Williams,Allan Taylor,11,1321,1213,0.6762884110738897,0.5670929049654543,565,302,3619,1855,454,208,2674,1281,176,85,596,316,162,84,452,204,6,3,0.0,0.6666666666666666
Mark Williams,Haris Tahir,11,1552,1081,0.9741153348482265,0.7644979994081456,1811,1188,13214,7586,21,12,130,65,319,179,1101,640,105,53,130,65,6,0,0.0,1.0
Ricky Walden,Xing Zihao,11,1372,1157,0.8176697769208081,0.6312306626164005,1176,694,7905,4322,36,14,222,100,286,147,964,509,122,56,222,100,6,4,0.0,0.6
Chris Wakelin,Cheung Ka Wai,11,1460,1171,0.8874279875518349,0.6731572963701318,443,241,2815,1461,34,20,199,115,344,184,916,498,93,45,199,115,6,2,0.0,0.75
Hossein Vafaei,Zheng Dian,11,1439,1000,0.9655382959331047,0.7497913878870148,341,206,2367,1264,0,0,0,0,223,127,890,509,0,0,0,0,6,4,0.0,0.6
Thepchaiya Un-Nooh,Peifan Lei,11,1470,1255,0.8176697769208081,0.6312306626164005,575,336,3963,2119,125,59,736,351,192,107,710,391,110,55,339,160,6,4,0.0,0.6
Judd Trump,Chris Totten,11,1663,1142,0.9838083072715782,0.7862554282848526,1478,1065,10235,6191,105,38,603,247,576,362,1797,1102,129,69,217,116,6,1,0.0,0.8571428571428571
Zak Surety,Dominic Dale,11,1289,1304,0.4746394143186712,0.4906260984783392,261,119,1503,719,1122,624,7757,4079,168,86,516,255,188,94,549,273,6,4,0.0,0.6
Matthew Stevens,Huang Jiahao,11,1355,1028,0.91443428808978,0.6937054019553982,1138,655,8581,4648,34,11,189,79,157,79,624,330,50,15,86,39,6,0,0.0,1.0
Elliot Slessor,Manasawin Phetmalaikul,11,1421,953,0.9733987778178507,0.7631450157268554,395,198,2413,1197,61,18,341,132,308,172,737,388,85,24,196,72,6,3,0.0,0.6666666666666666
Yuan Sijun,Ian Burns,11,1427,1244,0.7801859416806328,0.6124209393479161,281,148,1788,927,504,245,3171,1571,203,111,690,391,126,57,466,215,6,1,0.0,0.8571428571428571
Xu Si,Ahmed Aly Elsayed,11,1321,826,0.9792669238742752,0.7751285533173565,209,90,1330,613,24,0,115,14,181,90,541,266,68,9,115,14,6,5,0.0,0.5454545454545454
Mark Selby,Artemijs Zizins,11,1540,1120,0.9593745526501821,0.740774899182154,1579,1078,11276,6562,19,11,103,55,408,230,1338,760,103,55,103,55,6,3,0.0,0.6666666666666666
Amir Sarkhosh,David Lilley,11,1093,1273,0.22355089230407071,0.389360766050778,39,17,248,122,268,134,1591,798,77,33,123,57,188,93,547,266,6,3,0.0,0.6666666666666666
Noppon Saengkham,Wang Xinbo,11,1372,1073,0.8950860052159663,0.6786337178522214,470,244,3204,1619,9,3,73,32,195,96,820,436,48,22,73,32,6,3,0.0,0.6666666666666666
Neil Robertson,Alfie Burden,11,1575,1239,0.9200249447315538,0.6984652160025387,1293,860,9461,5456,816,423,5787,2936,362,224,1076,625,140,69,465,219,6,1,0.0,0.8571428571428571
Jimmy Robertson,Akani Songsermsawad,11,1381,1366,0.5253605856813285,0.5093739015216607,757,415,4923,2571,237,128,1551,804,207,105,776,412,96,61,255,142,6,5,0.0,0.5454545454545454
Haydon Pinhey,Stephen Maguire,11,1160,1413,0.14357319380185787,0.3469438867133873,116,52,617,291,1213,783,8852,4969,128,60,354,171,226,121,721,384,6,2,0.0,0.75
Joe Perry,Jonas Luz,11,1290,1005,0.8842509232912373,0.6709533329057776,1393,807,9552,5151,2,1,10,5,148,69,728,362,10,5,10,5,6,1,0.0,0.8571428571428571
Jackson Page,Oliver Lines,11,1331,1340,0.4847768026393152,0.4943752372926745,210,106,1335,661,389,189,2336,1144,195,98,629,322,172,80,544,264,6,2,0.0,0.75
Ronnie O'Sullivan,Mink Nutcharut,11,1588,943,0.9954517645455037,0.8337581892923576,1539,1174,13293,8110,49,5,278,82,378,227,1204,725,84,24,277,82,6,3,0.0,0.6666666666666666
Martin O'Donnell,Julien Leclercq,11,1329,1175,0.7425250047020281,0.595078473866134,522,266,3235,1638,77,33,427,197,212,110,518,260,134,58,352,159,6,2,0.0,0.75
Joe O'Connor,Robbie Mcguigan,11,1367,1079,0.886639866993501,0.6726070170677604,310,153,1947,976,73,26,348,151,275,140,755,391,71,31,212,94,6,1,0.0,0.8571428571428571
Shaun Murphy,Louis Heathcote,11,1536,1306,0.8337185633337647,0.6399160967377341,1380,907,9959,5659,211,99,1232,604,327,185,999,570,203,105,551,270,6,4,0.0,0.6
Ross Muir,Daniel Wells,11,1206,1374,0.23886972065862805,0.3965167501352737,295,117,1868,857,532,267,3497,1755,128,55,463,215,176,90,574,319,6,2,0.0,0.75
Stan Moody,Tom Ford,11,1259,1340,0.3657125117208648,0.4495472886604723,66,28,389,183,950,539,6471,3443,164,84,353,168,228,105,961,499,6,2,0.0,0.75
Ben Mertens,Graeme Dott,11,1246,1335,0.3530627239692718,0.44460335167941084,108,50,647,323,1191,695,8528,4585,141,68,476,241,173,91,696,366,6,4,0.0,0.6
Anthony McGill,Ashley Carty,11,1377,1273,0.6701956406431402,0.5646362918030292,763,454,5066,2750,287,134,1680,826,123,59,675,364,146,74,393,195,6,1,0.0,0.8571428571428571
Jack Lisowski,Bulcsú Révész,11,1440,1150,0.8882120246673187,0.6737070994545215,811,494,5286,2895,27,13,180,87,253,139,1058,584,129,64,180,87,6,5,0.0,0.5454545454545454
Sanderson Lam,Alexander Ursenbacher,11,1193,1298,0.3282766632375935,0.43474925243290014,280,111,1693,744,289,131,1744,837,120,48,531,248,129,64,416,204,6,5,0.0,0.5454545454545454
Pang Junxu,Iulian Boiko,11,1490,1174,0.90719284982979,0.6878313305828404,193,108,1251,656,111,42,623,272,332,183,868,472,146,70,389,195,6,1,0.0,0.8571428571428571
Ding Junhui,Reanne Evans,11,1491,886,0.9930418761468445,0.819431411226116,1004,666,7723,4392,219,61,1231,463,243,126,974,540,75,16,280,76,6,0,0.0,1.0
Jiang Jun,Luca Brecel,11,1219,1425,0.19242847998463544,0.37402214223339625,39,16,270,129,652,379,4371,2362,177,87,270,129,172,87,883,479,6,3,0.0,0.6666666666666666
Si Jiahui,Andrew Pagett,11,1475,1150,0.9131514516618087,0.6926419831347361,203,116,1376,741,353,153,2255,1056,379,216,952,521,149,66,422,171,6,4,0.0,0.6
Liu Hongyu,Thor Chuan Leong,11,1307,1252,0.5921823869887557,0.5343209436693046,52,26,316,169,193,72,1202,535,141,71,316,169,148,72,289,149,6,5,0.0,0.5454545454545454
Michael Holt,Zhou Yuelong,11,1249,1391,0.27402692641660376,0.41217046151748854,1018,573,7057,3721,512,302,3228,1738,82,37,345,175,177,84,920,485,6,5,0.0,0.5454545454545454
Aaron Hill,Liam Pullen,11,1309,1124,0.7826562787669785,0.6136070778047783,131,60,768,369,55,25,330,154,147,71,562,287,115,52,288,132,6,2,0.0,0.75
Andrew Higginson,Matthew Selt,11,1258,1417,0.2507413833722163,0.40191313966779657,885,505,6138,3317,890,485,5736,2989,124,57,468,246,232,121,983,504,6,5,0.0,0.5454545454545454
John Higgins,Ken Doherty,11,1533,1176,0.9319508746285202,0.7094058152553435,1898,1337,14668,8642,1288,743,10131,5448,489,272,1453,830,62,20,395,164,6,1,0.0,0.8571428571428571
Barry Hawkins,Joshua Thomond,11,1465,1051,0.9572441024823404,0.7378841011916348,1358,848,9327,5220,79,34,420,202,306,162,989,560,84,37,171,84,6,1,0.0,0.8571428571428571
Lyu Haotian,Marco Fu,11,1372,1362,0.516913659711329,0.5062496744995104,348,177,2273,1134,979,572,7293,3949,186,89,740,397,151,82,427,218,6,5,0.0,0.5454545454545454
Anthony Hamilton,Jimmy White,11,1254,1168,0.6422124980112687,0.5535439031511183,1056,597,7733,4067,1581,847,13119,6769,143,69,516,249,111,45,410,167,6,0,0.0,1.0
He Guoqiang,Antoni Kowalski,11,1313,1137,0.7714085331898454,0.6082590307465143,74,41,470,242,49,25,266,135,197,103,387,210,109,55,142,75,6,1,0.0,0.8571428571428571
Xiao Guodong,Kreishh Gurbaxani,11,1468,1027,0.9661380386167859,0.7507282371635285,767,444,4815,2639,28,10,155,71,264,144,996,531,91,42,132,61,6,3,0.0,0.6666666666666666
David Grace,Zhou Jinhao,11,1245,1040,0.8064278766835024,0.6253923497205511,489,226,3189,1543,9,4,59,27,124,59,500,237,59,27,59,27,6,2,0.0,0.75
David Gilbert,Yulu Bai,11,1484,958,0.9845723939843551,0.788348634008099,965,568,6613,3583,15,3,102,34,317,181,883,488,49,13,102,34,6,2,0.0,0.75
Dylan Emery,Scott Donaldson,11,1226,1395,0.23757069260890742,0.3959186771306219,132,59,750,365,501,266,3208,1637,168,83,476,235,169,90,666,346,6,3,0.0,0.6666666666666666
Ryan Day,Ma Hailong,11,1366,1215,0.7384383044161037,0.5932699921071872,1322,780,8723,4743,46,17,294,133,298,151,1004,522,159,78,294,133,6,5,0.0,0.5454545454545454
Mark Davis,Siripaporn Nuanthakhamjan,11,1391,870,0.9838083072715782,0.7862554282848526,1325,787,9099,4946,23,0,134,26,177,97,559,282,66,11,134,26,6,1,0.0,0.8571428571428571
Jamie Clarke,Mostafa Dorgham,11,1266,1026,0.8438737358496442,0.6456563062257954,343,171,2049,1015,26,5,169,54,149,68,567,273,113,42,159,54,6,3,0.0,0.6666666666666666
Gong Chenzhi,Jordan Brown,11,1172,1272,0.33594456986074084,0.43782349911420193,32,17,215,111,346,177,2131,1062,128,64,215,111,177,82,795,400,6,4,0.0,0.6
Ali Carter,Cai Wei,11,1450,990,0.9714031344699711,0.759510916949111,1339,825,9032,4987,1,0,5,0,363,193,1220,677,5,0,5,0,6,1,0.0,0.8571428571428571
Stuart Carrington,Robert Milkins,11,1275,1294,0.46789022977733996,0.4881272322437472,520,275,3283,1707,1144,658,7929,4226,138,70,471,231,187,80,970,484,6,4,0.0,0.6
Simon Blackwell,Jak Jones,11,1141,1429,0.113360133006499,0.32739298293223956,69,35,350,183,412,205,2707,1304,117,63,144,75,361,201,870,471,6,5,0.0,0.5454545454545454
Stuart Bingham,Liam Graham,11,1453,991,0.9719138262492756,0.7604230019887311,1518,958,10511,5952,56,17,308,119,329,174,1023,544,94,33,229,79,6,0,0.0,1.0
Zhang Anda,Ishpreet Singh Chadha,11,1443,1251,0.791169923020278,0.617747874769249,491,255,3443,1761,53,30,312,164,266,134,893,495,169,83,312,164,6,5,0.0,0.5454545454545454
Mark Allen,Farakh Ajaib,11,1538,1160,0.9424037463647562,0.7201085268004915,1092,726,7731,4394,158,68,861,395,394,219,1223,697,103,57,309,150,6,3,0.0,0.6666666666666666
Wu Yize,Andrew Higginson,11,1425,1258,0.7598272122029448,0.6028848673274662,126,65,874,448,885,505,6138,3317,228,125,660,352,124,57,468,246,6,3,0.0,0.6666666666666666
Kyren Wilson,Liu Hongyu,11,1620,1307,0.9051381539198899,0.6862186708976811,1069,684,6811,3851,52,26,316,169,612,356,1504,880,141,71,316,169,6,3,0.0,0.6666666666666666
Gary Wilson,Dean Young,11,1430,1069,0.9340518464635542,0.7114629823302013,744,428,4783,2568,111,41,577,239,359,187,991,517,91,33,362,144,6,4,0.0,0.6
Robbie Williams,Stuart Carrington,11,1321,1275,0.577315732364891,0.5287183569514396,565,302,3619,1855,520,275,3283,1707,176,85,596,316,138,70,471,231,6,3,0.0,0.6666666666666666
Hossein Vafaei,Dylan Emery,11,1439,1226,0.8154560379628985,0.6300660082850182,341,206,2367,1264,132,59,750,365,223,127,890,509,168,83,476,235,6,1,0.0,0.8571428571428571
Thepchaiya Un-Nooh,Stuart Bingham,11,1470,1453,0.528736253433527,0.5106234010049637,575,336,3963,2119,1518,958,10511,5952,192,107,710,391,329,174,1023,544,6,0,0.0,1.0
Judd Trump,Sanderson Lam,11,1663,1193,0.9738783709590574,0.7640475997974661,1478,1065,10235,6191,280,111,1693,744,576,362,1797,1102,120,48,531,248,6,0,0.0,1.0
Matthew Stevens,Simon Blackwell,11,1355,1141,0.8165650765983749,0.6306485256510744,1138,655,8581,4648,69,35,350,183,157,79,624,330,117,63,144,75,6,5,0.0,0.5454545454545454
Yuan Sijun,Michael Holt,11,1427,1249,0.7739370957025349,0.6094497836283252,281,148,1788,927,1018,573,7057,3721,203,111,690,391,82,37,345,175,6,4,0.0,0.6
Xu Si,Stan Moody,11,1321,1259,0.6036516239508452,0.538672605206508,209,90,1330,613,66,28,389,183,181,90,541,266,164,84,353,168,6,5,0.0,0.5454545454545454
Mark Selby,Jamie Clarke,11,1540,1266,0.875173026227756,0.6648537304059736,1579,1078,11276,6562,343,171,2049,1015,408,230,1338,760,149,68,567,273,6,4,0.0,0.6
Noppon Saengkham,Jimmy Robertson,11,1372,1381,0.4847768026393152,0.4943752372926745,470,244,3204,1619,757,415,4923,2571,195,96,820,436,207,105,776,412,6,1,0.0,0.8571428571428571
Neil Robertson,Fan Zhengyi,11,1575,1398,0.7726748787826436,0.6088545692109504,1293,860,9461,5456,196,87,1250,582,362,224,1076,625,236,129,749,396,6,0,0.0,1.0
Jackson Page,David Gilbert,11,1331,1484,0.25883337782610055,0.4055240692517599,210,106,1335,661,965,568,6613,3583,195,98,629,322,317,181,883,488,6,4,0.0,0.6
Ronnie O'Sullivan,He Guoqiang,11,1588,1313,0.87601912592788,0.665410558746814,1539,1174,13293,8110,74,41,470,242,378,227,1204,725,197,103,387,210,6,2,0.0,0.75
Joe O'Connor,Anthony McGill,11,1367,1377,0.4830863402886715,0.49375032550048964,310,153,1947,976,763,454,5066,2750,275,140,755,391,123,59,675,364,6,1,0.0,0.8571428571428571
Jack Lisowski,Gong Chenzhi,11,1440,1172,0.8700081127630673,0.6615031592029524,811,494,5286,2895,32,17,215,111,253,139,1058,584,128,64,215,111,6,5,0.0,0.5454545454545454
Pang Junxu,Elliot Slessor,11,1490,1421,0.6150281018113474,0.5430183807243099,193,108,1251,656,395,198,2413,1197,332,183,868,472,308,172,737,388,6,5,0.0,0.5454545454545454
Ding Junhui,Martin O'Donnell,11,1491,1329,0.7532516785524059,0.5998883688639983,1004,666,7723,4392,522,266,3235,1638,243,126,974,540,212,110,518,260,6,1,0.0,0.8571428571428571
Jiang Jun,Amir Sarkhosh,11,1219,1093,0.7030818618963935,0.5781052328843092,39,16,270,129,39,17,248,122,177,87,270,129,77,33,123,57,6,5,0.0,0.5454545454545454
Si Jiahui,Ben Mertens,11,1475,1246,0.8326791118411269,0.6393398367530659,203,116,1376,741,108,50,647,323,379,216,952,521,141,68,476,241,6,3,0.0,0.6666666666666666
John Higgins,Ben Woollaston,11,1533,1402,0.7103328120698551,0.5811509642893937,1898,1337,14668,8642,843,476,5317,2824,489,272,1453,830,188,103,609,318,6,4,0.0,0.6
Barry Hawkins,Joe Perry,11,1465,1290,0.7701380681178696,0.6076631698328917,1358,848,9327,5220,1393,807,9552,5151,306,162,989,560,148,69,728,362,6,2,0.0,0.75
Lyu Haotian,Haydon Pinhey,11,1372,1160,0.8143426634341571,0.6294831119673949,348,177,2273,1134,116,52,617,291,186,89,740,397,128,60,354,171,6,4,0.0,0.6
Xiao Guodong,Ricky Walden,11,1468,1372,0.6578692364081125,0.5597136492671929,767,444,4815,2639,1176,694,7905,4322,264,144,996,531,286,147,964,509,6,0,0.0,1.0
Ryan Day,Daniel Womersley,11,1366,1115,0.8545431033333998,0.6519223788927313,1322,780,8723,4743,111,54,560,270,298,151,1004,522,95,44,189,93,6,3,0.0,0.6666666666666666
Ali Carter,Ross Muir,11,1450,1206,0.8478141344097009,0.6479408020806503,1339,825,9032,4987,295,117,1868,857,363,193,1220,677,128,55,463,215,6,5,0.0,0.5454545454545454
Zhang Anda,David Grace,11,1443,1245,0.798301924282246,0.6212835951910678,491,255,3443,1761,489,226,3189,1543,266,134,893,495,124,59,500,237,6,3,0.0,0.6666666666666666
Mark Allen,Aaron Hill,11,1538,1309,0.8326791118411269,0.6393398367530659,1092,726,7731,4394,131,60,768,369,394,219,1223,697,147,71,562,287,6,2,0.0,0.75
Kyren Wilson,Wu Yize,11,1620,1425,0.7947551021173549,0.6195173196470847,1069,684,6811,3851,126,65,874,448,612,356,1504,880,228,125,660,352,6,4,0.0,0.6
Gary Wilson,Robbie Williams,11,1430,1321,0.6778040243791852,0.5677065480733601,744,428,4783,2568,565,302,3619,1855,359,187,991,517,176,85,596,316,6,5,0.0,0.5454545454545454
Mark Williams,Thepchaiya Un-Nooh,11,1552,1470,0.6358774096640514,0.551071269307342,1811,1188,13214,7586,575,336,3963,2119,319,179,1101,640,192,107,710,391,6,1,0.0,0.8571428571428571
Chris Wakelin,Shaun Murphy,11,1460,1536,0.3736977219803135,0.45264238185691075,443,241,2815,1461,1380,907,9959,5659,344,184,916,498,327,185,999,570,6,3,0.0,0.6666666666666666
Judd Trump,Joe O'Connor,11,1663,1367,0.8928309665224095,0.676995856238523,1478,1065,10235,6191,310,153,1947,976,576,362,1797,1102,275,140,755,391,6,4,0.0,0.6
Xu Si,Ryan Day,11,1321,1366,0.424343657590278,0.4719046255916129,209,90,1330,613,1322,780,8723,4743,181,90,541,266,298,151,1004,522,6,2,0.0,0.75
Mark Selby,Noppon Saengkham,11,1540,1372,0.7611302793413719,0.6034832498647263,1579,1078,11276,6562,470,244,3204,1619,408,230,1338,760,195,96,820,436,6,3,0.0,0.6666666666666666
Jackson Page,Ali Carter,11,1331,1450,0.3072124865428505,0.42616874240839064,210,106,1335,661,1339,825,9032,4987,195,98,629,322,363,193,1220,677,6,4,0.0,0.6
Jack Lisowski,Si Jiahui,11,1440,1475,0.4410095569399367,0.47813894602839846,811,494,5286,2895,203,116,1376,741,253,139,1058,584,379,216,952,521,6,5,0.0,0.5454545454545454
Pang Junxu,Ronnie O'Sullivan,11,1490,1588,0.3390320114677981,0.43905454967528373,193,108,1251,656,1539,1174,13293,8110,332,183,868,472,378,227,1204,725,6,4,0.0,0.6
Ding Junhui,Hossein Vafaei,11,1491,1439,0.5872410251253013,0.5324543063873187,1004,666,7723,4392,341,206,2367,1264,243,126,974,540,223,127,890,509,6,0,0.0,1.0
Jiang Jun,Yuan Sijun,11,1219,1427,0.1901541391142991,0.3728522336868044,39,16,270,129,281,148,1788,927,177,87,270,129,203,111,690,391,6,4,0.0,0.6
John Higgins,Matthew Stevens,11,1533,1355,0.7739370957025349,0.6094497836283252,1898,1337,14668,8642,1138,655,8581,4648,489,272,1453,830,157,79,624,330,6,1,0.0,0.8571428571428571
Barry Hawkins,Neil Robertson,11,1465,1575,0.32068343769396374,0.4316800165217519,1358,848,9327,5220,1293,860,9461,5456,306,162,989,560,362,224,1076,625,6,1,0.0,0.8571428571428571
Lyu Haotian,Zhang Anda,11,1372,1443,0.3817398556921421,0.4557411415821268,348,177,2273,1134,491,255,3443,1761,186,89,740,397,266,134,893,495,6,1,0.0,0.8571428571428571
Xiao Guodong,Mark Allen,11,1468,1538,0.3833548191267751,0.4563613127629212,767,444,4815,2639,1092,726,7731,4394,264,144,996,531,394,219,1223,697,6,2,0.0,0.75
Gary Wilson,Mark Selby,11,1430,1540,0.32068343769396374,0.4316800165217519,744,428,4783,2568,1579,1078,11276,6562,359,187,991,517,408,230,1338,760,6,3,0.0,0.6666666666666666
Kyren Wilson,Barry Hawkins,11,1620,1465,0.7438795181694131,0.5956807306078472,1069,684,6811,3851,1358,848,9327,5220,612,356,1504,880,306,162,989,560,6,2,0.0,0.75
Chris Wakelin,Mark Williams,11,1460,1552,0.3483614432630792,0.44275214540144436,443,241,2815,1461,1811,1188,13214,7586,344,184,916,498,319,179,1101,640,6,4,0.0,0.6
Xu Si,Judd Trump,11,1321,1663,0.07641052143437196,0.29838504638459934,209,90,1330,613,1478,1065,10235,6191,181,90,541,266,576,362,1797,1102,6,4,0.0,0.6
Jackson Page,Pang Junxu,11,1331,1490,0.2507413833722163,0.40191313966779657,210,106,1335,661,193,108,1251,656,195,98,629,322,332,183,868,472,6,4,0.0,0.6
Ding Junhui,Jiang Jun,11,1491,1219,0.8734682358009771,0.6637386974043528,1004,666,7723,4392,39,16,270,129,243,126,974,540,177,87,270,129,6,3,0.0,0.6666666666666666
John Higgins,Lyu Haotian,11,1533,1372,0.7519246125749761,0.5992881635083561,1898,1337,14668,8642,348,177,2273,1134,489,272,1453,830,186,89,740,397,6,5,0.0,0.5454545454545454
Xiao Guodong,Jack Lisowski,11,1468,1440,0.5472572525240895,0.5174928576663897,767,444,4815,2639,811,494,5286,2895,264,144,996,531,253,139,1058,584,6,3,0.0,0.6666666666666666
Chris Wakelin,John Higgins,11,1460,1533,0.3785163845385248,0.45450121278721795,443,241,2815,1461,1898,1337,14668,8642,344,184,916,498,489,272,1453,830,6,5,0.0,0.5454545454545454
Xu Si,Gary Wilson,11,1321,1430,0.3221959756208151,0.43229345192664,209,90,1330,613,744,428,4783,2568,181,90,541,266,359,187,991,517,6,5,0.0,0.5454545454545454
Ding Junhui,Kyren Wilson,11,1491,1620,0.29255716611659427,0.4200665998114943,1004,666,7723,4392,1069,684,6811,3851,243,126,974,540,612,356,1504,880,6,4,0.0,0.6
Xiao Guodong,Jackson Page,11,1468,1331,0.7189179636673898,0.584797674717737,767,444,4815,2639,210,106,1335,661,264,144,996,531,195,98,629,322,6,4,0.0,0.6
Chris Wakelin,Xiao Guodong,17,1460,1468,0.48331265400893164,0.4950001666600003,443,241,2815,1461,767,444,4815,2639,344,184,916,498,264,144,996,531,9,8,0.0,0.5294117647058824
Ding Junhui,Xu Si,17,1491,1321,0.8121554723290816,0.6046790847140093,1004,666,7723,4392,209,90,1330,613,243,126,974,540,181,90,541,266,9,6,0.0,0.6
Ding Junhui,Chris Wakelin,19,1491,1460,0.5679362049414082,0.519365308229932,1004,666,7723,4392,443,241,2815,1461,243,126,974,540,344,184,916,498,10,7,0.0,0.5882352941176471
Xing Zihao,Manasawin Phetmalaikul,7,1159,960,0.7513122476997512,0.6218716423074662,37,14,232,104,62,18,350,135,132,60,232,104,94,27,205,75,4,3,0.0,0.5714285714285714
Wang Yuchen,Liam Davies,7,1193,1105,0.6184015843393024,0.5547792351072148,105,40,658,284,53,25,313,145,106,54,190,105,116,54,287,135,4,3,0.0,0.5714285714285714
Dean Young,Daniel Womersley,7,1095,1129,0.45362731252530075,0.4787627850337259,113,42,598,249,113,55,577,279,112,43,383,154,112,53,206,102,4,2,0.0,0.6666666666666666
Jimmy White,Hatem Yassen,7,1147,887,0.8115488427624657,0.6570104626734988,1582,847,13125,6769,15,0,87,10,117,45,416,167,0,0,0,0,4,1,0.0,0.8
Alexander Ursenbacher,Michael Holt,7,1288,1262,0.5354968818114487,0.5162442810620724,290,131,1755,842,1020,574,7078,3731,140,69,427,209,103,47,366,185,4,3,0.0,0.5714285714285714
Allan Taylor,Anton Kazakov,7,1206,973,0.786152249899794,0.6416424532015634,455,208,2683,1284,52,10,302,101,171,87,461,207,106,42,280,92,4,0,0.0,1.0
Haris Tahir,Hammad Miah,7,1070,1206,0.32096653442831036,0.4158094770645927,22,12,136,65,296,118,1892,854,111,53,136,65,117,47,443,200,4,3,0.0,0.5714285714285714
Zak Surety,Jack Borwick,7,1298,982,0.8576412839544288,0.6878313305828404,262,120,1513,725,12,4,55,22,178,92,526,261,18,7,55,22,4,0,0.0,1.0
Ishpreet Singh Chadha,Ahmed Aly Elsayed,7,1257,846,0.9162378856649652,0.7364309317009723,54,30,323,169,25,0,126,19,180,88,323,169,79,14,126,19,4,3,0.0,0.5714285714285714
Amir Sarkhosh,Duane Jones,7,1116,1257,0.3148993834727192,0.4127763091606651,41,18,268,133,334,150,1995,969,97,44,143,68,141,68,433,205,4,2,0.0,0.6666666666666666
Bulcsú Révész,Yulu Bai,7,1161,960,0.7534472409879828,0.6230466603666162,28,13,191,92,16,3,110,36,140,69,191,92,57,15,110,36,4,1,0.0,0.8
Andrew Pagett,Dylan Emery,7,1157,1231,0.39996961044138163,0.4538814589542204,354,153,2265,1060,134,60,766,372,159,70,432,175,184,90,492,242,4,3,0.0,0.5714285714285714
Stan Moody,Iulian Boiko,7,1275,1165,0.6466907800352545,0.5683199834782481,68,29,408,194,112,42,630,273,183,95,372,179,153,71,396,196,4,2,0.0,0.6666666666666666
Ben Mertens,Robbie Mcguigan,7,1255,1069,0.7371828058525272,0.6141996427768951,110,51,666,332,74,26,355,152,160,77,495,250,78,32,219,95,4,0,0.0,1.0
Oliver Lines,Ayaan Iqbal,7,1324,973,0.8819896948101545,0.706303891936407,390,189,2344,1146,2,0,9,1,180,82,552,266,0,0,9,1,4,1,0.0,0.8
Peifan Lei,Haydon Pinhey,7,1257,1187,0.5947357972115818,0.5436386872370789,126,59,746,355,118,53,635,301,120,59,349,164,146,70,372,181,4,3,0.0,0.5714285714285714
Julien Leclercq,Alfie Burden,7,1165,1230,0.4119083649163239,0.4594641607262107,78,33,435,199,817,423,5794,2937,142,60,360,161,147,70,472,220,4,2,0.0,0.6666666666666666
Antoni Kowalski,Gong Chenzhi,7,1123,1194,0.4039387802743521,0.4557411415821268,50,25,273,136,34,18,236,122,116,56,149,76,149,75,236,122,4,2,0.0,0.6666666666666666
Cheung Ka Wai,Kreishh Gurbaxani,7,1166,1033,0.67536846283006,0.5823675407280794,35,20,207,117,29,10,164,74,101,47,207,117,100,45,141,64,4,0,0.0,1.0
Jiang Jun,Chris Totten,7,1255,1138,0.6555229391190917,0.5726080638632601,43,19,309,150,106,38,610,248,216,108,309,150,136,70,224,117,4,0,0.0,1.0
Huang Jiahao,Artemijs Zizins,7,1013,1125,0.35077688766853815,0.43045377606077095,35,11,195,79,20,11,112,58,56,15,92,39,112,58,112,58,4,2,0.0,0.6666666666666666
Liu Hongyu,Reanne Evans,7,1310,877,0.9266101533502596,0.7469667935196899,54,27,336,178,220,61,1237,463,161,80,336,178,81,16,286,76,4,1,0.0,0.8
Andrew Higginson,Paul Deaville,7,1266,1094,0.721490850613204,0.6058736684317606,887,506,6158,3326,33,17,165,82,144,66,488,255,104,54,133,69,4,2,0.0,0.6666666666666666
Louis Heathcote,Joshua Thomond,7,1309,1044,0.8160262378047215,0.6598217549720575,212,99,1242,608,80,34,427,203,213,109,561,274,91,38,178,85,4,0,0.0,1.0
Ma Hailong,Siripaporn Nuanthakhamjan,7,1219,866,0.8832805083358919,0.707340014518073,47,17,305,138,24,0,141,27,170,83,305,138,73,12,141,27,4,0,0.0,1.0
Mostafa Dorgham,Liam Pullen,7,1024,1115,0.3776967488123118,0.44336904007774663,27,5,178,57,56,25,338,156,122,45,168,57,123,54,296,134,4,3,0.0,0.5714285714285714
Thor Chuan Leong,Mitchell Mann,7,1251,1157,0.6261916833783177,0.5584811124381613,194,72,1213,540,386,174,2327,1094,159,77,300,154,92,43,297,130,4,2,0.0,0.6666666666666666
Ashley Carty,Jonas Luz,7,1257,995,0.8133483117002799,0.6581363150480182,288,134,1687,827,3,1,17,6,153,75,400,196,17,6,17,6,4,0,0.0,1.0
Stuart Carrington,Mink Nutcharut,7,1274,955,0.8598606169693392,0.6894394530607736,522,276,3302,1716,50,5,287,85,157,79,490,240,93,27,286,85,4,1,0.0,0.8
Ian Burns,Simon Blackwell,7,1230,1167,0.5854263042586716,0.5392938058983595,505,245,3178,1572,71,36,372,194,133,58,473,216,139,74,166,86,4,1,0.0,0.8
Farakh Ajaib,Liam Graham,7,1164,980,0.7349708541108757,0.6130141761393355,159,68,870,398,57,17,314,119,112,60,318,153,100,33,235,79,4,2,0.0,0.6666666666666666
Xing Zihao,Anthony Hamilton,7,1159,1275,0.34573343118721134,0.42800386706848137,37,14,232,104,1057,598,7739,4073,132,60,232,104,149,75,522,255,4,1,0.0,0.8
Fan Zhengyi,Andrew Higginson,7,1388,1266,0.661777191191235,0.5756643510425494,198,88,1265,588,887,506,6158,3326,251,135,764,402,144,66,488,255,4,0,0.0,1.0
Long Zehuang,Liu Hongyu,7,1325,1310,0.5204982038546295,0.5093739015216607,82,41,469,238,54,27,336,178,204,112,310,160,161,80,336,178,4,2,0.0,0.6666666666666666
Dean Young,Thepchaiya Un-Nooh,7,1095,1474,0.10089547992679018,0.2793878699891294,113,42,598,249,578,338,3986,2132,112,43,383,154,215,120,733,404,4,3,0.0,0.5714285714285714
Robbie Williams,Zak Surety,7,1339,1298,0.5558590476581076,0.5256025883246178,568,304,3648,1872,262,120,1513,725,205,102,625,333,178,92,526,261,4,2,0.0,0.6666666666666666
Daniel Wells,Thor Chuan Leong,7,1351,1251,0.6339273074659068,0.5621765008857981,533,267,3505,1757,194,72,1213,540,184,92,582,321,159,77,300,154,4,0,0.0,1.0
Ricky Walden,Huang Jiahao,7,1349,1013,0.8719653706122326,0.6984652160025387,1178,695,7921,4328,35,11,195,79,302,153,980,515,56,15,92,39,4,2,0.0,0.6666666666666666
Alexander Ursenbacher,Ben Woollaston,7,1288,1402,0.34825159011302903,0.4292283881055083,290,131,1755,842,845,477,5337,2834,140,69,427,209,208,113,629,328,4,3,0.0,0.5714285714285714
Ishpreet Singh Chadha,Sanderson Lam,7,1257,1192,0.5880916350836762,0.5405358392737893,54,30,323,169,282,112,1710,750,180,88,323,169,137,54,548,254,4,2,0.0,0.6666666666666666
Yuan Sijun,Bulcsú Révész,7,1422,1161,0.8124499949726253,0.6575736106164225,284,150,1815,943,28,13,191,92,230,127,717,407,140,69,191,92,4,2,0.0,0.6666666666666666
Xu Si,Andrew Pagett,7,1358,1157,0.7534472409879828,0.6230466603666162,215,95,1396,649,354,153,2265,1060,247,126,607,302,159,70,432,175,4,1,0.0,0.8
Matthew Selt,Cheung Ka Wai,7,1404,1166,0.7910094256982455,0.6445115537062945,891,485,5747,2994,35,20,207,117,243,126,994,509,101,47,207,117,4,0,0.0,1.0
Jimmy Robertson,Ben Mertens,7,1364,1255,0.6454220086166967,0.5677065480733601,759,416,4941,2578,110,51,666,332,225,112,794,419,160,77,495,250,4,2,0.0,0.6666666666666666
Jackson Page,Jimmy White,7,1387,1147,0.792932804884019,0.6456563062257954,215,110,1383,689,1582,847,13125,6769,243,126,677,350,117,45,416,167,4,1,0.0,0.8
Stan Moody,Tian Pengfei,7,1275,1311,0.45091379157772826,0.4775151752081999,68,29,408,194,574,315,3761,1980,183,95,372,179,174,89,541,270,4,2,0.0,0.6666666666666666
Anthony McGill,Allan Taylor,7,1372,1206,0.7146198510727906,0.6022861768886306,765,455,5080,2757,455,208,2683,1284,137,66,689,371,171,87,461,207,4,2,0.0,0.6666666666666666
David Lilley,Haris Tahir,7,1253,1070,0.7338611162888773,0.6124209393479161,269,134,1600,801,22,12,136,65,197,96,556,269,111,53,136,65,4,1,0.0,0.8
Peifan Lei,Dominic Dale,7,1257,1295,0.44820271004203943,0.4762678458734389,126,59,746,355,1123,624,7767,4083,120,59,349,164,198,98,559,277,4,1,0.0,0.8
Julien Leclercq,Jamie Clarke,7,1165,1273,0.3558484820461031,0.4329070950345457,78,33,435,199,345,172,2068,1025,142,60,360,161,168,78,586,283,4,3,0.0,0.5714285714285714
Antoni Kowalski,Joe Perry,7,1123,1291,0.2830802923189607,0.3965167501352737,50,25,273,136,1395,808,9567,5159,116,56,149,76,163,77,743,370,4,3,0.0,0.5714285714285714
Jamie Jones,Oliver Lines,7,1305,1324,0.47404295972292854,0.4881272322437472,682,400,4464,2398,390,189,2344,1146,159,76,707,360,180,82,552,266,4,3,0.0,0.5714285714285714
Lyu Haotian,Wang Yuchen,7,1401,1193,0.7608368593181393,0.6271477663131956,352,180,2312,1157,105,40,658,284,225,112,779,420,106,54,190,105,4,3,0.0,0.5714285714285714
Ma Hailong,Matthew Stevens,7,1219,1349,0.32831469717042555,0.41945769517934034,47,17,305,138,1141,657,8605,4661,170,83,305,138,181,92,648,343,4,1,0.0,0.8
He Guoqiang,Louis Heathcote,7,1321,1309,0.5164013295642876,0.5074994375506203,76,42,485,250,212,99,1242,608,212,111,402,218,213,109,561,274,4,0,0.0,1.0
David Grace,Ashley Carty,7,1249,1257,0.48906395814377107,0.4950001666600003,491,227,3206,1552,288,134,1687,827,141,68,517,246,153,75,400,196,4,1,0.0,0.8
Graeme Dott,Jiang Jun,7,1323,1255,0.5920814957526257,0.542397940774351,1192,695,8538,4589,43,19,309,150,183,95,706,370,216,108,309,150,4,2,0.0,0.6666666666666666
Scott Donaldson,Amir Sarkhosh,7,1376,1116,0.8115488427624657,0.6570104626734988,502,266,3217,1640,41,18,268,133,178,93,675,349,97,44,143,68,4,3,0.0,0.5714285714285714
Mark Davis,Ross Muir,7,1395,1237,0.7053268662779104,0.5974857658270161,1326,788,9106,4952,297,118,1887,868,184,103,566,288,147,66,482,226,4,0,0.0,1.0
Stuart Carrington,Aaron Hill,7,1274,1310,0.45091379157772826,0.4775151752081999,522,276,3302,1716,133,61,784,377,157,79,490,240,163,79,578,295,4,1,0.0,0.8
Ian Burns,Martin O'Donnell,7,1230,1325,0.37251518031789344,0.440902528097607,505,245,3178,1572,524,267,3250,1645,133,58,473,216,227,117,533,267,4,2,0.0,0.6666666666666666
Jordan Brown,Mostafa Dorgham,7,1259,1024,0.7881034579959058,0.6427913242407762,347,177,2141,1066,27,5,178,57,187,86,805,404,122,45,168,57,4,2,0.0,0.6666666666666666
Farakh Ajaib,Elliot Slessor,7,1164,1415,0.19668889549157575,0.3480776211072687,159,68,870,398,397,199,2433,1208,112,60,318,153,328,183,757,399,4,1,0.0,0.8
Long Zehuang,Gary Wilson,7,1325,1431,0.358394567903784,0.4341349971045183,82,41,469,238,749,432,4833,2597,204,112,310,160,409,216,1041,546,4,2,0.0,0.6666666666666666
Zhou Yuelong,Yuan Sijun,7,1379,1422,0.44143655006080335,0.4731508513108857,513,302,3239,1743,284,150,1815,943,188,89,931,490,230,127,717,407,4,1,0.0,0.8
Dean Young,Pang Junxu,7,1095,1495,0.08937032126906178,0.2689414213699951,113,42,598,249,197,111,1289,678,112,43,383,154,370,205,906,494,4,2,0.0,0.6666666666666666
Wu Yize,Farakh Ajaib,7,1429,1164,0.8160262378047215,0.6598217549720575,129,67,903,464,159,68,870,398,257,141,689,368,112,60,318,153,4,1,0.0,0.8
Kyren Wilson,David Grace,7,1626,1249,0.8979493413023324,0.7196043690484492,1074,688,6854,3879,491,227,3206,1552,655,384,1547,908,141,68,517,246,4,0,0.0,1.0
Chris Wakelin,Scott Donaldson,7,1497,1376,0.660530062626431,0.5750535485557879,449,246,2887,1501,502,266,3217,1640,416,224,988,538,178,93,675,349,4,0,0.0,1.0
Mark Selby,Stuart Carrington,7,1519,1274,0.7976923211673973,0.6485108747389209,1583,1081,11313,6583,522,276,3302,1716,445,251,1375,781,157,79,490,240,4,0,0.0,1.0
Noppon Saengkham,Ricky Walden,7,1385,1349,0.549086208422272,0.5224848247918001,473,246,3229,1634,1178,695,7921,4328,220,111,845,451,302,153,980,515,4,3,0.0,0.5714285714285714
Neil Robertson,Fan Zhengyi,7,1579,1388,0.7426684543010009,0.6171573626529722,1296,862,9481,5469,198,88,1265,588,382,237,1096,638,251,135,764,402,4,1,0.0,0.8
Jackson Page,Robert Milkins,7,1387,1285,0.6364932182719292,0.5634067862621936,215,110,1383,689,1145,658,7939,4230,243,126,677,350,197,84,980,488,4,2,0.0,0.6666666666666666
Joe O'Connor,Lyu Haotian,7,1403,1401,0.5027343522137269,0.5012499973958399,313,155,1971,992,352,180,2312,1157,299,156,779,407,225,112,779,420,4,1,0.0,0.8
Shaun Murphy,Daniel Wells,7,1518,1351,0.7157709624772323,0.6028848673274662,1382,908,9978,5668,533,267,3505,1757,346,194,1018,579,184,92,582,321,4,0,0.0,1.0
Stephen Maguire,Matthew Selt,7,1387,1404,0.476771798023094,0.4893765989950364,1214,783,8860,4971,891,485,5747,2994,234,123,729,386,243,126,994,509,4,0,0.0,1.0
Jack Lisowski,Jordan Brown,7,1418,1259,0.7064965786766507,0.5980868603322034,815,497,5328,2916,347,177,2141,1066,295,160,1100,605,187,86,805,404,4,0,0.0,1.0
Peifan Lei,Hossein Vafaei,7,1257,1419,0.29000807657290884,0.40011163113600173,126,59,746,355,344,208,2390,1276,120,59,349,164,246,139,913,521,4,1,0.0,0.8
Ding Junhui,Mark Davis,7,1555,1395,0.7076639986592218,0.598687660112452,1011,673,7793,4441,1326,788,9106,4952,313,175,1044,589,184,103,566,288,4,0,0.0,1.0
Jak Jones,Jamie Jones,7,1410,1305,0.6403298636636867,0.5652507475670999,413,205,2718,1309,682,400,4464,2398,372,206,881,476,159,76,707,360,4,1,0.0,0.8
Si Jiahui,Ma Hailong,7,1464,1219,0.7976923211673973,0.6485108747389209,206,118,1406,758,47,17,305,138,409,233,982,538,170,83,305,138,4,1,0.0,0.8
John Higgins,Ian Burns,7,1544,1230,0.8561477589533566,0.6867567266439019,1903,1341,14714,8671,505,245,3178,1572,535,301,1499,859,133,58,473,216,4,2,0.0,0.6666666666666666
Barry Hawkins,Alexander Ursenbacher,7,1494,1288,0.7587387600845145,0.6259778577666038,1362,851,9357,5240,290,131,1755,842,336,182,1019,580,140,69,427,209,4,2,0.0,0.6666666666666666
Xiao Guodong,Xu Si,7,1507,1358,0.6946979044907379,0.5920629281648192,773,449,4874,2677,215,95,1396,649,323,182,1055,569,247,126,607,302,4,1,0.0,0.8
Tom Ford,Antoni Kowalski,7,1321,1123,0.7502408354966205,0.6212835951910678,951,539,6479,3445,50,25,273,136,236,107,969,501,116,56,149,76,4,2,0.0,0.6666666666666666
Ryan Day,Anthony McGill,7,1346,1372,0.4645031181885513,0.48375571893792757,1325,782,8751,4757,765,455,5080,2757,326,165,1032,536,137,66,689,371,4,1,0.0,0.8
Ali Carter,Graeme Dott,7,1435,1323,0.6492231123314619,0.569546223939229,1342,827,9060,5003,1192,695,8538,4589,391,209,1248,693,183,95,706,370,4,2,0.0,0.6666666666666666
Luca Brecel,Julien Leclercq,7,1404,1165,0.7919725105475417,0.645084137572727,653,379,4380,2365,78,33,435,199,181,90,892,482,142,60,360,161,4,3,0.0,0.5714285714285714
Stuart Bingham,Jimmy Robertson,7,1440,1364,0.6026704349193375,0.5473576181430894,1520,959,10523,5958,759,416,4941,2578,341,180,1035,550,225,112,794,419,4,0,0.0,1.0
Zhang Anda,Stan Moody,7,1419,1275,0.6887157040547041,0.5890404340586651,494,257,3470,1774,68,29,408,194,293,147,920,508,183,95,372,179,4,3,0.0,0.5714285714285714
Mark Allen,He Guoqiang,7,1524,1321,0.7555717519931018,0.6242202334972642,1095,728,7756,4408,76,42,485,250,419,233,1248,711,212,111,402,218,4,1,0.0,0.8
Xing Zihao,Dean Young,7,1159,1095,0.5867595016023184,0.5399148845555657,37,14,232,104,113,42,598,249,132,60,232,104,112,43,383,154,4,3,0.0,0.5714285714285714
Long Zehuang,Joe O'Connor,7,1325,1403,0.3946945160108152,0.4514038914168657,82,41,469,238,313,155,1971,992,204,112,310,160,299,156,779,407,4,3,0.0,0.5714285714285714
Wu Yize,Ishpreet Singh Chadha,7,1429,1257,0.721490850613204,0.6058736684317606,129,67,903,464,54,30,323,169,257,141,689,368,180,88,323,169,4,2,0.0,0.6666666666666666
Chris Wakelin,Zhang Anda,7,1497,1419,0.6053054839891849,0.5485961085831343,449,246,2887,1501,494,257,3470,1774,416,224,988,538,293,147,920,508,4,2,0.0,0.6666666666666666
Noppon Saengkham,Mark Selby,7,1385,1519,0.3234078367146668,0.4170245457988005,473,246,3229,1634,1583,1081,11313,6583,220,111,845,451,445,251,1375,781,4,2,0.0,0.6666666666666666
Stephen Maguire,Kyren Wilson,7,1387,1626,0.20802748945245855,0.3549158624272731,1214,783,8860,4971,1074,688,6854,3879,234,123,729,386,655,384,1547,908,4,2,0.0,0.6666666666666666
Jack Lisowski,Si Jiahui,7,1418,1464,0.43738543058720863,0.4712816430485603,815,497,5328,2916,206,118,1406,758,295,160,1100,605,409,233,982,538,4,0,0.0,1.0
Peifan Lei,Shaun Murphy,7,1257,1518,0.18755000502737473,0.3424263893835775,126,59,746,355,1382,908,9978,5668,120,59,349,164,346,194,1018,579,4,3,0.0,0.5714285714285714
Ding Junhui,Jackson Page,7,1555,1387,0.7169197076810394,0.6034832498647263,1011,673,7793,4441,215,110,1383,689,313,175,1044,589,243,126,677,350,4,2,0.0,0.6666666666666666
Barry Hawkins,John Higgins,7,1494,1544,0.43199486323846364,0.46879062662624377,1362,851,9357,5240,1903,1341,14714,8671,336,182,1019,580,535,301,1499,859,4,3,0.0,0.5714285714285714
Xiao Guodong,Jak Jones,7,1507,1410,0.6300664956451868,0.5603296426885532,773,449,4874,2677,413,205,2718,1309,323,182,1055,569,372,206,881,476,4,3,0.0,0.5714285714285714
Tom Ford,Neil Robertson,7,1321,1579,0.19026196310320587,0.3441171587921863,951,539,6479,3445,1296,862,9481,5469,236,107,969,501,382,237,1096,638,4,1,0.0,0.8
Ali Carter,Robbie Williams,7,1435,1339,0.6287764284690306,0.5597136492671929,1342,827,9060,5003,568,304,3648,1872,391,209,1248,693,205,102,625,333,4,3,0.0,0.5714285714285714
Luca Brecel,Zhou Yuelong,7,1404,1379,0.534135239137421,0.5156199157230156,653,379,4380,2365,513,302,3239,1743,181,90,892,482,188,89,931,490,4,1,0.0,0.8
Stuart Bingham,David Lilley,7,1440,1253,0.7382850049697135,0.6147918694922195,1520,959,10523,5958,269,134,1600,801,341,180,1035,550,197,96,556,269,4,2,0.0,0.6666666666666666
Mark Allen,Ryan Day,7,1524,1346,0.728275111254584,0.6094497836283252,1095,728,7756,4408,1325,782,8751,4757,419,233,1248,711,326,165,1032,536,4,2,0.0,0.6666666666666666
Wu Yize,Barry Hawkins,7,1429,1494,0.4119083649163239,0.4594641607262107,129,67,903,464,1362,851,9357,5240,257,141,689,368,336,182,1019,580,4,3,0.0,0.5714285714285714
Chris Wakelin,Xing Zihao,7,1497,1159,0.8733372031383986,0.6995172276624274,449,246,2887,1501,37,14,232,104,416,224,988,538,132,60,232,104,4,1,0.0,0.8
Noppon Saengkham,Ali Carter,7,1385,1435,0.43199486323846364,0.46879062662624377,473,246,3229,1634,1342,827,9060,5003,220,111,845,451,391,209,1248,693,4,2,0.0,0.6666666666666666
Peifan Lei,Stuart Bingham,7,1257,1440,0.26613888371112276,0.38757906065208403,126,59,746,355,1520,959,10523,5958,120,59,349,164,341,180,1035,550,4,3,0.0,0.5714285714285714
Xiao Guodong,Stephen Maguire,7,1507,1387,0.6592810606298003,0.574442516811659,773,449,4874,2677,1214,783,8860,4971,323,182,1055,569,234,123,729,386,4,1,0.0,0.8
Tom Ford,Long Zehuang,7,1321,1325,0.4945314322857424,0.49750002083312506,951,539,6479,3445,82,41,469,238,236,107,969,501,204,112,310,160,4,1,0.0,0.8
Luca Brecel,Ding Junhui,7,1404,1555,0.3029244926392998,0.4067300078928128,653,379,4380,2365,1011,673,7793,4441,181,90,892,482,313,175,1044,589,4,3,0.0,0.5714285714285714
Mark Allen,Jack Lisowski,7,1524,1418,0.641605432096216,0.5658650028954817,1095,728,7756,4408,815,497,5328,2916,419,233,1248,711,295,160,1100,605,4,3,0.0,0.5714285714285714
Wu Yize,Chris Wakelin,9,1429,1497,0.3966551741416371,0.45760205922564895,129,67,903,464,449,246,2887,1501,257,141,689,368,416,224,988,538,5,4,0.0,0.5555555555555556
Peifan Lei,Tom Ford,9,1257,1321,0.4026018402868163,0.46008511544443426,126,59,746,355,951,539,6479,3445,120,59,349,164,236,107,969,501,5,4,0.0,0.5555555555555556
Xiao Guodong,Luca Brecel,9,1507,1404,0.6541595421142608,0.5640216374262577,773,449,4874,2677,653,379,4380,2365,323,182,1055,569,181,90,892,482,5,1,0.0,0.8333333333333334
Mark Allen,Noppon Saengkham,9,1524,1385,0.7035360054960305,0.5860112044388707,1095,728,7756,4408,473,246,3229,1634,419,233,1248,711,220,111,845,451,5,2,0.0,0.7142857142857143
Wu Yize,Xiao Guodong,11,1429,1507,0.37049662168977815,0.4514038914168657,129,67,903,464,773,449,4874,2677,257,141,689,368,323,182,1055,569,6,4,0.0,0.6
Peifan Lei,Mark Allen,11,1257,1524,0.13086748329031234,0.33905685844083716,126,59,746,355,1095,728,7756,4408,120,59,349,164,419,233,1248,711,6,5,0.0,0.5454545454545454
Peifan Lei,Wu Yize,17,1257,1429,0.18506981385566992,0.3941263315682394,126,59,746,355,129,67,903,464,120,59,349,164,257,141,689,368,9,5,0.0,0.6428571428571429
Kyren Wilson,Luca Brecel,7,1620,1408,0.7650010839038448,0.6294831119673949,1076,689,6864,3885,657,382,4405,2378,665,390,1557,914,206,103,917,495,4,1,0.0,0.8
Mark Williams,Yulu Bai,7,1568,953,0.9782403788614912,0.8231010048547057,1814,1190,13237,7602,17,3,115,37,342,195,1124,656,62,16,115,37,4,1,0.0,0.8
Judd Trump,Ding Junhui,7,1648,1562,0.6157933128709394,0.5535439031511183,1482,1068,10268,6213,1014,675,7810,4452,609,384,1830,1124,330,186,1061,600,4,0,0.0,1.0
Mark Selby,Shaun Murphy,7,1519,1519,0.5,0.5,1585,1082,11323,6589,1384,909,9989,5675,455,257,1385,787,357,201,1029,586,4,2,0.0,0.6666666666666666
Neil Robertson,Ali Carter,7,1569,1432,0.6802510445614828,0.584797674717737,1298,863,9491,5474,1345,829,9079,5013,392,242,1106,643,410,219,1267,703,4,3,0.0,0.5714285714285714
Jak Jones,Gary Wilson,7,1419,1420,0.4986328153483015,0.4993750003255206,415,206,2730,1316,750,432,4839,2599,384,213,893,483,415,218,1047,548,4,2,0.0,0.6666666666666666
Xiao Guodong,Ronnie O'Sullivan,7,1527,1570,0.44143655006080335,0.4731508513108857,778,453,4907,2698,1542,1176,13320,8126,356,203,1088,590,405,243,1231,741,4,3,0.0,0.5714285714285714
Mark Allen,Igor Figueiredo,7,1527,1229,0.843794955427504,0.6780882495516275,1100,732,7792,4430,153,70,1058,487,455,255,1284,733,0,0,0,0,4,2,0.0,0.6666666666666666
Mark Williams,Kyren Wilson,11,1568,1620,0.4127589748746987,0.4675456936126812,1814,1190,13237,7602,1076,689,6864,3885,342,195,1124,656,665,390,1557,914,6,5,0.0,0.5454545454545454
Neil Robertson,Judd Trump,11,1569,1648,0.36889955341758146,0.45078487089866653,1298,863,9491,5474,1482,1068,10268,6213,392,242,1106,643,609,384,1830,1124,6,4,0.0,0.6
Xiao Guodong,Mark Selby,11,1527,1519,0.5135324497330043,0.5049998333399998,778,453,4907,2698,1585,1082,11323,6589,356,203,1088,590,455,257,1385,787,6,5,0.0,0.5454545454545454
Mark Allen,Jak Jones,11,1527,1419,0.6762884110738897,0.5670929049654543,1100,732,7792,4430,415,206,2730,1316,455,255,1284,733,384,213,893,483,6,4,0.0,0.6
Mark Williams,Neil Robertson,11,1568,1569,0.49830811075590464,0.4993750003255206,1814,1190,13237,7602,1298,863,9491,5474,342,195,1124,656,392,242,1106,643,6,2,0.0,0.75
Xiao Guodong,Mark Allen,11,1527,1527,0.5,0.5,778,453,4907,2698,1100,732,7792,4430,356,203,1088,590,455,255,1284,733,6,3,0.0,0.6666666666666666
Mark Williams,Xiao Guodong,19,1568,1527,0.5895167798293791,0.5256025883246178,1814,1190,13237,7602,778,453,4907,2698,342,195,1124,656,356,203,1088,590,10,6,0.0,0.625
Artemijs Zizins,Mark Joyce,11,1114,1275,0.24807538742502389,0.40071183649164394,21,11,118,60,644,329,4451,2236,118,60,118,60,144,75,468,232,6,1,0.0,0.8571428571428571
Wang Yuchen,Lewis Ullah,11,1197,1025,0.7663020508102693,0.6058736684317606,107,41,672,291,33,14,188,86,120,61,204,112,50,26,135,69,6,2,0.0,0.75
Hatem Yassen,Mink Nutcharut,11,881,951,0.3833548191267751,0.4563613127629212,16,0,92,11,51,5,292,86,5,1,5,1,98,28,291,86,6,0,0.0,1.0
Zhao Xintong,Akani Songsermsawad,11,1470,1363,0.6747697440949106,0.5664790559676278,361,210,2309,1279,238,128,1562,809,0,0,359,209,107,66,266,147,6,3,0.0,0.6666666666666666
Jimmy White,Paul Deaville,11,1147,1091,0.5938261596175556,0.5349429451582145,1584,848,13135,6774,34,17,171,84,127,50,426,172,110,56,139,71,6,2,0.0,0.75
Alexander Ursenbacher,Joshua Cooper,11,1297,1024,0.8743227316892204,0.6642964428999887,293,133,1775,852,71,29,370,170,160,79,447,219,66,31,117,53,6,1,0.0,0.8571428571428571
Chris Totten,Ryan Davies,11,1124,1120,0.5067672397621659,0.5024999791668749,107,38,614,248,63,32,311,160,140,70,228,117,38,22,155,78,6,2,0.0,0.75
Haris Tahir,Craig Steadman,11,1071,1221,0.26293160309896446,0.40733340004593027,24,13,148,70,584,308,3746,1932,123,58,148,70,30,18,323,155,6,3,0.0,0.6666666666666666
Oliver Sykes,Ben Mertens,11,1050,1262,0.18565733656584305,0.3705168880326052,15,6,87,41,112,52,676,338,41,18,82,40,170,83,505,256,6,4,0.0,0.6
Zak Surety,Simon Blackwell,11,1301,1157,0.7287693737217769,0.5890404340586651,264,121,1523,731,72,36,377,195,188,98,536,267,144,75,171,87,6,4,0.0,0.6
Mohammed Shehab,Dean Young,11,1186,1135,0.5855906534878264,0.5318318894162242,81,32,614,291,117,45,624,264,66,28,66,28,138,58,409,169,6,4,0.0,0.6
Amir Sarkhosh,Anton Kazakov,11,1132,962,0.7637242856370643,0.6046790847140093,43,19,281,140,53,10,306,101,110,51,156,75,110,42,284,92,6,1,0.0,0.8571428571428571
Liam Pullen,Joshua Thomond,11,1108,1033,0.6246982988374079,0.5467381519846138,57,25,345,159,81,34,431,203,130,57,303,137,95,38,182,85,6,3,0.0,0.6666666666666666
Manasawin Phetmalaikul,Andres Petrov,11,963,1070,0.3252302559050892,0.43352094403237207,63,18,357,138,70,24,431,179,101,30,212,78,73,34,294,113,6,4,0.0,0.6
Florian Nüßle,Jonas Luz,11,1197,984,0.8154560379628985,0.6300660082850182,78,36,415,213,4,1,21,6,52,27,199,117,21,6,21,6,6,1,0.0,0.8571428571428571
Robbie Mcguigan,Habib Subah Humood,11,1057,966,0.6500741151186586,0.5566309599222533,75,26,359,152,3,0,14,2,82,32,223,95,5,1,14,2,6,3,0.0,0.6666666666666666
Mitchell Mann,Andrew Pagett,11,1152,1157,0.49154118819100323,0.4968750406894683,387,174,2333,1096,356,154,2277,1065,98,45,303,132,171,75,444,180,6,3,0.0,0.6666666666666666
Peifan Lei,Vladislav Gradinari,11,1356,1047,0.9023444933799599,0.6840614456522569,134,67,811,395,14,8,68,38,185,99,414,204,40,21,68,38,6,0,0.0,1.0
Antoni Kowalski,Igor Figueiredo,11,1139,1230,0.34992588488134135,0.44336904007774663,53,27,292,146,154,70,1064,489,135,66,168,86,6,2,6,2,6,4,0.0,0.6
Cheung Ka Wai,Harvey Chandler,11,1167,1161,0.5101502252807347,0.5037499296890819,37,21,215,121,98,37,556,249,109,51,215,121,33,19,104,58,6,1,0.0,0.8571428571428571
Duane Jones,Ryan Thomerson,11,1245,965,0.8801869380453571,0.6681877721681662,335,150,2001,971,73,18,436,162,147,70,439,207,52,19,233,78,6,3,0.0,0.6666666666666666
Michael Holt,Steven Hallworth,11,1259,1243,0.5270486726982949,0.5099986668799655,1021,574,7085,3734,229,108,1237,593,110,50,373,188,40,22,309,153,6,3,0.0,0.6666666666666666
Kreishh Gurbaxani,Allan Taylor,11,1020,1214,0.2064357034054066,0.38107214519980964,30,10,168,74,457,209,2693,1290,104,45,145,64,181,93,471,213,6,4,0.0,0.6
Liam Graham,Siripaporn Nuanthakhamjan,11,977,857,0.6942681409008947,0.574442516811659,58,17,320,121,25,0,145,27,106,35,241,81,77,12,145,27,6,0,0.0,1.0
Dylan Emery,Andrew Higginson,11,1224,1255,0.44770833132354415,0.4806346917700681,135,60,773,375,889,507,6168,3330,191,93,499,245,154,70,498,259,6,2,0.0,0.75
Mostafa Dorgham,Huang Jiahao,11,1030,1025,0.5084588118089964,0.5031249593105316,29,6,191,63,37,12,207,85,135,51,181,63,68,21,104,45,6,4,0.0,0.6
Liam Davies,Ahmed Aly Elsayed,11,1104,855,0.8526421514898557,0.6507869207968349,54,25,320,148,26,0,133,22,123,57,294,138,86,17,133,22,6,3,0.0,0.6666666666666666
Gong Chenzhi,Daniel Womersley,11,1184,1120,0.6069119338528444,0.5399148845555657,35,18,242,124,114,55,583,281,155,77,242,124,118,55,212,104,6,2,0.0,0.75
Iulian Boiko,Bulcsú Révész,11,1160,1167,0.48815855151692544,0.4956251116502266,113,42,636,275,30,14,202,98,159,73,402,198,151,75,202,98,6,3,0.0,0.6666666666666666
Yulu Bai,Farakh Ajaib,11,954,1179,0.17152223634673677,0.3629692055196168,18,3,120,38,162,70,886,407,67,17,120,38,128,69,334,162,6,4,0.0,0.6
Artemijs Zizins,David Grace,11,1114,1252,0.2796637232395578,0.4145954308705349,21,11,118,60,493,228,3215,1556,118,60,118,60,150,72,526,250,6,3,0.0,0.6666666666666666
Xing Zihao,Mitchell Mann,11,1170,1152,0.5304232964200277,0.5112481019468548,41,17,256,117,387,174,2333,1096,156,73,256,117,98,45,303,132,6,4,0.0,0.6
Long Zehuang,Liam Graham,11,1338,977,0.9340518464635542,0.7114629823302013,86,44,493,251,58,17,320,121,228,125,334,173,106,35,241,81,6,3,0.0,0.6666666666666666
Wang Yuchen,Mark Davis,11,1197,1395,0.20169807571775378,0.37871640480893215,107,41,672,291,1328,789,9114,4956,120,61,204,112,192,107,574,292,6,5,0.0,0.5454545454545454
Zhao Xintong,Jiang Jun,11,1470,1263,0.8087108492997335,0.6265629971237182,361,210,2309,1279,45,20,319,156,0,0,359,209,226,114,319,156,6,2,0.0,0.75
Daniel Wells,Haris Tahir,11,1352,1071,0.8810080120634379,0.668741821102192,535,268,3513,1761,24,13,148,70,192,96,590,325,123,58,148,70,6,4,0.0,0.6
Chris Totten,Tian Pengfei,11,1124,1302,0.22606290429746534,0.3905502163716748,107,38,614,248,575,315,3767,1982,140,70,228,117,180,91,547,272,6,5,0.0,0.5454545454545454
Oliver Sykes,Stuart Carrington,11,1050,1279,0.16732088815887303,0.36066016324693406,15,6,87,41,525,278,3316,1724,41,18,82,40,171,87,504,248,6,3,0.0,0.6666666666666666
Matthew Stevens,Manasawin Phetmalaikul,11,1334,963,0.9390757834356045,0.7165678145577145,1142,657,8610,4662,63,18,357,138,186,93,653,344,101,30,212,78,6,4,0.0,0.6
Joe Perry,Hatem Yassen,11,1282,881,0.9523045798957671,0.7315498244408544,1396,808,9574,5162,16,0,92,11,170,80,750,373,5,1,5,1,6,2,0.0,0.75
Florian Nüßle,Jordan Brown,11,1197,1247,0.41606129493296945,0.46879062662624377,78,36,415,213,349,178,2151,1070,52,27,199,117,197,90,815,408,6,2,0.0,0.75
Ross Muir,Jimmy White,11,1224,1147,0.6279039800050926,0.5479769376367963,298,118,1891,868,1584,848,13135,6774,151,66,486,226,127,50,426,172,6,4,0.0,0.6
Stan Moody,Duane Jones,11,1290,1245,0.5756563424097221,0.528095374408387,71,31,427,205,335,150,2001,971,202,106,391,190,147,70,439,207,6,3,0.0,0.6666666666666666
Oliver Lines,Dylan Emery,11,1323,1224,0.6625131348293405,0.5615610703361955,392,190,2356,1153,135,60,773,375,192,89,564,273,191,93,499,245,6,3,0.0,0.6666666666666666
David Lilley,Liam Davies,11,1259,1104,0.7438795181694131,0.5956807306078472,271,135,1611,807,54,25,320,148,208,102,567,275,123,57,294,138,6,2,0.0,0.75
Peifan Lei,Hammad Miah,11,1356,1197,0.7492586166277835,0.5980868603322034,134,67,811,395,297,118,1899,857,185,99,414,204,124,50,450,203,6,2,0.0,0.75
Julien Leclercq,Graeme Dott,11,1186,1324,0.2796637232395578,0.4145954308705349,81,35,455,210,1194,696,8550,4595,162,71,380,172,195,101,718,376,6,4,0.0,0.6
Sanderson Lam,Haydon Pinhey,11,1186,1185,0.5016918892440952,0.5006249996744794,283,112,1716,752,119,53,642,304,143,56,554,256,153,73,379,184,6,3,0.0,0.6666666666666666
Antoni Kowalski,Anthony Hamilton,11,1139,1260,0.30425453460889845,0.424946451444212,53,27,292,146,1058,598,7744,4074,135,66,168,86,154,76,527,256,6,3,0.0,0.6666666666666666
Liu Hongyu,Kreishh Gurbaxani,11,1304,1020,0.8834463881170871,0.6704011598088686,56,28,347,184,30,10,168,74,172,86,347,184,104,45,145,64,6,1,0.0,0.8571428571428571
Michael Holt,Ishpreet Singh Chadha,11,1259,1251,0.5135324497330043,0.5049998333399998,1021,574,7085,3734,57,32,342,179,110,50,373,188,199,98,342,179,6,5,0.0,0.5454545454545454
Aaron Hill,Cheung Ka Wai,11,1297,1167,0.7088895687139617,0.5805423048206596,134,61,789,378,37,21,215,121,168,80,583,296,109,51,215,121,6,5,0.0,0.5454545454545454
Louis Heathcote,Mohammed Shehab,11,1304,1186,0.691303602887055,0.5732197726798348,214,100,1250,612,81,32,614,291,221,113,569,278,66,28,66,28,6,0,0.0,1.0
Ma Hailong,Liam Pullen,11,1236,1108,0.7059926256230133,0.5793242521487495,50,19,319,147,57,25,345,159,184,92,319,147,130,57,303,137,6,3,0.0,0.6666666666666666
He Guoqiang,Robbie Mcguigan,11,1330,1057,0.8743227316892204,0.6642964428999887,78,43,494,255,75,26,359,152,221,116,411,223,82,32,223,95,6,1,0.0,0.8571428571428571
Marco Fu,Amir Sarkhosh,11,1359,1132,0.8305871461583106,0.6381861133090055,980,572,7304,3954,43,19,281,140,162,87,438,223,110,51,156,75,6,1,0.0,0.8571428571428571
Jamie Clarke,Mostafa Dorgham,11,1266,1030,0.839863860460572,0.6433651456944017,346,172,2075,1028,29,6,191,63,175,81,593,286,135,51,181,63,6,4,0.0,0.6
Thor Chuan Leong,Zak Surety,11,1242,1301,0.40125297103885843,0.46319171001101955,196,73,1223,544,264,121,1523,731,169,81,310,158,188,98,536,267,6,4,0.0,0.6
Ashley Carty,Iulian Boiko,11,1256,1160,0.6578692364081125,0.5597136492671929,290,135,1696,832,113,42,636,275,162,80,409,201,159,73,402,198,6,4,0.0,0.6
Ian Burns,Gong Chenzhi,11,1251,1184,0.6117877063659423,0.5417773692836367,508,247,3195,1582,35,18,242,124,150,68,490,226,155,77,242,124,6,0,0.0,1.0
Alfie Burden,Alexander Ursenbacher,11,1220,1297,0.37209601999490743,0.4520230623632036,818,423,5800,2939,293,133,1775,852,153,72,478,222,160,79,447,219,6,4,0.0,0.6
Yulu Bai,Jamie Jones,11,954,1300,0.07410490269080891,0.29629576200022933,18,3,120,38,684,401,4476,2403,67,17,120,38,171,81,719,365,6,4,0.0,0.6
Fan Zhengyi,Florian Nüßle,11,1394,1197,0.7971239215103564,0.6206951913643555,200,89,1274,593,78,36,415,213,260,140,773,407,52,27,199,117,6,2,0.0,0.75
Zhou Yuelong,Marco Fu,11,1380,1359,0.5354808847061806,0.5131219861822433,515,303,3249,1748,980,572,7304,3954,198,94,941,495,162,87,438,223,6,3,0.0,0.6666666666666666
Wang Yuchen,Robbie Williams,11,1197,1345,0.2656828446942061,0.40854102156721994,107,41,672,291,570,305,3661,1879,120,61,204,112,218,109,638,340,6,4,0.0,0.6
Wu Yize,Ashley Carty,11,1438,1256,0.7789444994063182,0.6118273690017371,135,72,954,492,290,135,1696,832,308,169,740,396,162,80,409,201,6,2,0.0,0.75
Zhao Xintong,Noppon Saengkham,11,1470,1401,0.6150281018113474,0.5430183807243099,361,210,2309,1279,477,249,3255,1648,0,0,359,209,246,125,871,465,6,2,0.0,0.75
Ben Woollaston,Joe Perry,11,1394,1282,0.682332326039051,0.569546223939229,846,477,5344,2837,1396,808,9574,5162,215,116,636,331,170,80,750,373,6,5,0.0,0.5454545454545454
Ricky Walden,Antoni Kowalski,11,1345,1139,0.8075715200153646,0.6259778577666038,1180,696,7934,4335,53,27,292,146,315,160,993,522,135,66,168,86,6,2,0.0,0.75
Hossein Vafaei,Ma Hailong,11,1403,1236,0.7598272122029448,0.6028848673274662,345,208,2395,1277,50,19,319,147,251,140,918,522,184,92,319,147,6,3,0.0,0.6666666666666666
Matthew Stevens,Martin O'Donnell,11,1334,1314,0.5337956434399982,0.5124973964842103,1142,657,8610,4662,525,267,3256,1647,186,93,653,344,233,119,539,269,6,3,0.0,0.6666666666666666
Elliot Slessor,Long Zehuang,11,1397,1338,0.5987470289611413,0.5368082899889803,398,199,2438,1209,86,44,493,251,333,184,762,400,228,125,334,173,6,3,0.0,0.6666666666666666
Xu Si,Chris Totten,11,1357,1124,0.8368107961230543,0.6416424532015634,217,96,1406,654,107,38,614,248,257,131,617,307,140,70,228,117,6,5,0.0,0.5454545454545454
Matthew Selt,Aaron Hill,11,1399,1297,0.6671313753074833,0.5634067862621936,893,486,5755,2998,134,61,789,378,251,130,1002,513,168,80,583,296,6,2,0.0,0.75
Neil Robertson,Oliver Lines,11,1565,1323,0.8458526117374912,0.6467993925579857,1301,865,9516,5486,392,190,2356,1153,417,254,1131,655,192,89,564,273,6,5,0.0,0.5454545454545454
Jimmy Robertson,Daniel Wells,11,1354,1352,0.5033837467656391,0.5012499973958399,761,417,4951,2582,535,268,3513,1761,235,116,804,423,192,96,590,325,6,5,0.0,0.5454545454545454
Jackson Page,Jamie Clarke,11,1395,1266,0.7074428338834061,0.5799334001885058,218,112,1400,699,346,172,2075,1028,260,136,694,360,175,81,593,286,6,4,0.0,0.6
Stan Moody,Pang Junxu,11,1290,1477,0.2148901656374212,0.3852081305077805,71,31,427,205,198,111,1295,680,202,106,391,190,376,207,912,496,6,2,0.0,0.75
Robert Milkins,Ross Muir,11,1280,1224,0.5938261596175556,0.5349429451582145,1146,658,7945,4232,298,118,1891,868,203,86,986,490,151,66,486,226,6,3,0.0,0.6666666666666666
Stephen Maguire,Artemijs Zizins,11,1409,1114,0.8920712523878023,0.6764489333484797,1217,785,8875,4980,21,11,118,60,249,132,744,395,118,60,118,60,6,3,0.0,0.6666666666666666
Jack Lisowski,Thor Chuan Leong,11,1447,1242,0.8064278766835024,0.6253923497205511,818,499,5343,2927,196,73,1223,544,310,171,1115,616,169,81,310,158,6,4,0.0,0.6
David Lilley,Thepchaiya Un-Nooh,11,1259,1458,0.2005243513226896,0.3781283576925339,271,135,1611,807,579,338,3993,2135,208,102,567,275,222,123,740,407,6,3,0.0,0.6666666666666666
Peifan Lei,Tom Ford,11,1356,1348,0.5135324497330043,0.5049998333399998,134,67,811,395,955,542,6504,3461,185,99,414,204,261,123,994,517,6,5,0.0,0.5454545454545454
Julien Leclercq,Dominic Dale,11,1186,1282,0.3421307635918876,0.44028635073280703,81,35,455,210,1124,624,7772,4084,162,71,380,172,203,99,564,278,6,2,0.0,0.75
Sanderson Lam,Yuan Sijun,11,1186,1410,0.17258345825234583,0.36354745971843366,283,112,1716,752,286,151,1826,948,143,56,554,256,241,132,728,412,6,5,0.0,0.5454545454545454
Jak Jones,Ian Burns,11,1424,1251,0.7675848172598367,0.6064704870683034,417,207,2746,1324,508,247,3195,1582,400,221,909,491,150,68,490,226,6,2,0.0,0.75
Liu Hongyu,Lyu Haotian,11,1304,1386,0.3641225903359488,0.448928730692658,56,28,347,184,354,181,2324,1162,172,86,347,184,237,117,791,425,6,3,0.0,0.6666666666666666
Michael Holt,Joe O'Connor,11,1259,1409,0.26293160309896446,0.40733340004593027,1021,574,7085,3734,315,156,1983,999,110,50,373,188,311,163,791,414,6,3,0.0,0.6666666666666666
Barry Hawkins,Alfie Burden,11,1496,1220,0.8768610374202797,0.6659669267518202,1365,853,9377,5251,818,423,5800,2939,356,193,1039,591,153,72,478,222,6,1,0.0,0.8571428571428571
He Guoqiang,Anthony McGill,11,1330,1362,0.4460320996560893,0.48001065984441826,78,43,494,255,767,456,5091,2762,221,116,411,223,148,71,700,376,6,5,0.0,0.5454545454545454
David Gilbert,Xing Zihao,11,1467,1170,0.8935866573668577,0.6775422953274692,967,569,6631,3593,41,17,256,117,335,191,901,498,156,73,256,117,6,5,0.0,0.5454545454545454
Ryan Day,Louis Heathcote,11,1356,1304,0.5872410251253013,0.5324543063873187,1327,783,8762,4763,214,100,1250,612,337,171,1043,542,221,113,569,278,6,3,0.0,0.6666666666666666
Stuart Bingham,Oliver Sykes,11,1448,1050,0.9510994786162322,0.7300743839811188,1523,961,10540,5969,15,6,87,41,358,191,1052,561,41,18,82,40,6,3,0.0,0.6666666666666666
Yulu Bai,Scott Donaldson,11,954,1358,0.04651517232694422,0.26697985076114245,18,3,120,38,504,267,3228,1644,67,17,120,38,189,97,686,353,6,5,0.0,0.5454545454545454
Wu Yize,David Lilley,11,1438,1259,0.7751951749452795,0.610044672404527,135,72,954,492,271,135,1611,807,308,169,740,396,208,102,567,275,6,3,0.0,0.6666666666666666
Zhao Xintong,Ricky Walden,11,1470,1345,0.7016213434224691,0.5774953651858118,361,210,2309,1279,1180,696,7934,4335,0,0,359,209,315,160,993,522,6,2,0.0,0.75
Matthew Selt,Zhou Yuelong,11,1399,1380,0.53210977022266,0.5118727677562528,893,486,5755,2998,515,303,3249,1748,251,130,1002,513,198,94,941,495,6,3,0.0,0.6666666666666666
Neil Robertson,Matthew Stevens,11,1565,1334,0.8347536608980125,0.6404919537233386,1301,865,9516,5486,1142,657,8610,4662,417,254,1131,655,186,93,653,344,6,2,0.0,0.75
Jackson Page,Hossein Vafaei,11,1395,1403,0.4864675502669957,0.4950001666600003,218,112,1400,699,345,208,2395,1277,260,136,694,360,251,140,918,522,6,2,0.0,0.75
Robert Milkins,Xu Si,11,1280,1357,0.37209601999490743,0.4520230623632036,1146,658,7945,4232,217,96,1406,654,203,86,986,490,257,131,617,307,6,2,0.0,0.75
Stephen Maguire,Elliot Slessor,11,1409,1397,0.5202936020488736,0.5074994375506203,1217,785,8875,4980,398,199,2438,1209,249,132,744,395,333,184,762,400,6,5,0.0,0.5454545454545454
Jack Lisowski,Yulu Bai,11,1447,954,0.9788750040269292,0.7742558331886429,818,499,5343,2927,18,3,120,38,310,171,1115,616,67,17,120,38,6,1,0.0,0.8571428571428571
Peifan Lei,Ben Woollaston,11,1356,1394,0.43599688617440635,0.4762678458734389,134,67,811,395,846,477,5344,2837,185,99,414,204,215,116,636,331,6,2,0.0,0.75
Jak Jones,Fan Zhengyi,11,1424,1394,0.550614462905557,0.5187412158785352,417,207,2746,1324,200,89,1274,593,400,221,909,491,260,140,773,407,6,3,0.0,0.6666666666666666
Michael Holt,Liu Hongyu,11,1259,1304,0.424343657590278,0.4719046255916129,1021,574,7085,3734,56,28,347,184,110,50,373,188,172,86,347,184,6,2,0.0,0.75
Barry Hawkins,Wang Yuchen,11,1496,1197,0.8950860052159663,0.6786337178522214,1365,853,9377,5251,107,41,672,291,356,193,1039,591,120,61,204,112,6,3,0.0,0.6666666666666666
He Guoqiang,Stan Moody,11,1330,1290,0.5673390032803908,0.52497918747894,78,43,494,255,71,31,427,205,221,116,411,223,202,106,391,190,6,5,0.0,0.5454545454545454
David Gilbert,Julien Leclercq,11,1467,1186,0.8810080120634379,0.668741821102192,967,569,6631,3593,81,35,455,210,335,191,901,498,162,71,380,172,6,1,0.0,0.8571428571428571
Ryan Day,Sanderson Lam,11,1356,1186,0.7637242856370643,0.6046790847140093,1327,783,8762,4763,283,112,1716,752,337,171,1043,542,143,56,554,256,6,2,0.0,0.75
Stuart Bingham,Jimmy Robertson,11,1448,1354,0.6547593621837766,0.5584811124381613,1523,961,10540,5969,761,417,4951,2582,358,191,1052,561,235,116,804,423,6,0,0.0,1.0
Wu Yize,Si Jiahui,11,1438,1454,0.4729513273017054,0.4900013331200346,135,72,954,492,208,119,1415,762,308,169,740,396,418,237,991,542,6,4,0.0,0.6
Kyren Wilson,Stephen Maguire,11,1620,1409,0.8132249556059346,0.6288998381516232,1078,690,6880,3894,1217,785,8875,4980,681,399,1573,923,249,132,744,395,6,0,0.0,1.0
Chris Wakelin,Matthew Selt,11,1513,1399,0.6853355319816946,0.5707716118944918,453,249,2911,1517,893,486,5755,2998,440,240,1012,554,251,130,1002,513,6,4,0.0,0.6
Judd Trump,Neil Robertson,11,1649,1565,0.6390499244261589,0.5523079095743253,1484,1069,10282,6221,1301,865,9516,5486,623,392,1844,1132,417,254,1131,655,6,3,0.0,0.6666666666666666
Shaun Murphy,Zhao Xintong,11,1511,1470,0.5690050896591121,0.5256025883246178,1385,909,9995,5677,361,210,2309,1279,363,203,1035,588,0,0,359,209,6,5,0.0,0.5454545454545454
Jack Lisowski,Mark Selby,11,1447,1523,0.3736977219803135,0.45264238185691075,818,499,5343,2927,1587,1083,11340,6598,310,171,1115,616,472,266,1402,796,6,4,0.0,0.6
Ding Junhui,Robert Milkins,11,1548,1280,0.8700081127630673,0.6615031592029524,1015,675,7814,4452,1146,658,7945,4232,334,186,1065,600,203,86,986,490,6,5,0.0,0.5454545454545454
Jak Jones,Luca Brecel,11,1424,1401,0.5388493461105202,0.5143710406970602,417,207,2746,1324,658,382,4410,2379,400,221,909,491,211,104,922,496,6,5,0.0,0.5454545454545454
Michael Holt,Gary Wilson,11,1259,1412,0.25883337782610055,0.4055240692517599,1021,574,7085,3734,751,432,4845,2601,110,50,373,188,421,220,1053,550,6,1,0.0,0.8571428571428571
John Higgins,He Guoqiang,11,1538,1330,0.8098458608857009,0.6271477663131956,1905,1342,14727,8678,78,43,494,255,548,308,1512,866,221,116,411,223,6,0,0.0,1.0
Barry Hawkins,Ronnie O'Sullivan,11,1496,1564,0.38659106551765254,0.45760205922564895,1365,853,9377,5251,1543,1176,13327,8129,356,193,1039,591,412,246,1238,744,6,4,0.0,0.6
David Gilbert,Xiao Guodong,11,1467,1536,0.38497189818865285,0.4569816192756902,967,569,6631,3593,782,456,4950,2720,335,191,901,498,399,225,1131,612,6,4,0.0,0.6
Ali Carter,Ryan Day,11,1433,1356,0.6279039800050926,0.5479769376367963,1346,829,9086,5016,1327,783,8762,4763,417,222,1274,706,337,171,1043,542,6,4,0.0,0.6
Stuart Bingham,Mark Williams,11,1448,1603,0.2561204818305868,0.4043192693921528,1523,961,10540,5969,1818,1194,13277,7628,358,191,1052,561,382,221,1164,682,6,5,0.0,0.5454545454545454
Zhang Anda,Peifan Lei,11,1413,1356,0.5954682100046357,0.5355648379838539,496,258,3483,1780,134,67,811,395,306,153,933,514,185,99,414,204,6,3,0.0,0.6666666666666666
Mark Allen,Jackson Page,11,1517,1395,0.6972194672758715,0.5756643510425494,1103,734,7817,4443,218,112,1400,699,480,268,1309,746,260,136,694,360,6,4,0.0,0.6
Kyren Wilson,Chris Wakelin,11,1620,1513,0.6747697440949106,0.5664790559676278,1078,690,6880,3894,453,249,2911,1517,681,399,1573,923,440,240,1012,554,6,2,0.0,0.75
Judd Trump,John Higgins,11,1649,1538,0.6808260033162458,0.5689332093695465,1484,1069,10282,6221,1905,1342,14727,8678,623,392,1844,1132,548,308,1512,866,6,5,0.0,0.5454545454545454
Shaun Murphy,Ding Junhui,11,1511,1548,0.4376666286326199,0.4768914745109111,1385,909,9995,5677,1015,675,7814,4452,363,203,1035,588,334,186,1065,600,6,5,0.0,0.5454545454545454
Jack Lisowski,Ali Carter,11,1447,1433,0.5236720238796282,0.5087491068802403,818,499,5343,2927,1346,829,9086,5016,310,171,1115,616,417,222,1274,706,6,4,0.0,0.6
Michael Holt,Jak Jones,11,1259,1424,0.24279099552671693,0.3983128198171432,1021,574,7085,3734,417,207,2746,1324,110,50,373,188,400,221,909,491,6,5,0.0,0.5454545454545454
Barry Hawkins,David Gilbert,11,1496,1467,0.5489363138849731,0.5181170650431814,1365,853,9377,5251,967,569,6631,3593,356,193,1039,591,335,191,901,498,6,5,0.0,0.5454545454545454
Zhang Anda,Stuart Bingham,11,1413,1448,0.4410095569399367,0.47813894602839846,496,258,3483,1780,1523,961,10540,5969,306,153,933,514,358,191,1052,561,6,5,0.0,0.5454545454545454
Mark Allen,Wu Yize,11,1517,1438,0.6311004465824185,0.5492151291013335,1103,734,7817,4443,135,72,954,492,480,268,1309,746,308,169,740,396,6,4,0.0,0.6
Kyren Wilson,Michael Holt,11,1620,1259,0.9340518464635542,0.7114629823302013,1078,690,6880,3894,1021,574,7085,3734,681,399,1573,923,110,50,373,188,6,3,0.0,0.6666666666666666
Judd Trump,Zhang Anda,11,1649,1413,0.839863860460572,0.6433651456944017,1484,1069,10282,6221,496,258,3483,1780,623,392,1844,1132,306,153,933,514,6,2,0.0,0.75
Barry Hawkins,Shaun Murphy,11,1496,1511,0.4746394143186712,0.4906260984783392,1365,853,9377,5251,1385,909,9995,5677,356,193,1039,591,363,203,1035,588,6,2,0.0,0.75
Mark Allen,Jack Lisowski,11,1517,1447,0.6166451808732252,0.5436386872370789,1103,734,7817,4443,818,499,5343,2927,480,268,1309,746,310,171,1115,616,6,3,0.0,0.6666666666666666
Judd Trump,Kyren Wilson,11,1649,1620,0.5489363138849731,0.5181170650431814,1484,1069,10282,6221,1078,690,6880,3894,623,392,1844,1132,681,399,1573,923,6,2,0.0,0.75
Barry Hawkins,Mark Allen,11,1496,1517,0.46451911529381945,0.4868780138177567,1365,853,9377,5251,1103,734,7817,4443,356,193,1039,591,480,268,1309,746,6,5,0.0,0.5454545454545454
Judd Trump,Barry Hawkins,19,1649,1496,0.8001493313174697,0.5944759307482401,1484,1069,10282,6221,1365,853,9377,5251,623,392,1844,1132,356,193,1039,591,10,8,0.0,0.5555555555555556
Artemijs Zizins,Anton Kazakov,1,1156,948,0.6271477663131956,0.6271477663131956,24,13,143,75,54,10,313,102,143,75,143,75,117,43,291,93,1,0,0.0,1.0
Fan Zhengyi,Wang Yuchen,1,1392,1234,0.5974857658270161,0.5974857658270161,202,90,1291,602,111,44,710,312,277,149,790,416,158,82,242,133,1,0,0.0,1.0
Long Zehuang,Daniel Womersley,1,1327,1107,0.6341355910108007,0.6341355910108007,88,45,511,260,115,55,591,283,246,134,352,182,126,57,220,106,1,0,0.0,1.0
Zhou Yuelong,Andrew Pagett,1,1381,1145,0.6433651456944017,0.6433651456944017,517,304,3267,1757,357,154,2286,1068,216,103,959,504,180,78,453,183,1,0,0.0,1.0
Wu Yize,Daniel Boyes,1,1455,1000,0.75722034035404,0.75722034035404,139,75,991,514,0,0,0,0,345,191,777,418,0,0,0,0,1,0,0.0,1.0
Gary Wilson,Reanne Evans,1,1388,875,0.7828750312283104,0.7828750312283104,752,432,4852,2602,221,61,1242,464,428,221,1060,551,86,17,291,77,1,0,0.0,1.0
Robbie Williams,Michael Holt,1,1331,1344,0.4918757150937391,0.4918757150937391,571,305,3671,1883,1028,580,7149,3773,228,113,648,344,174,89,437,227,1,0,0.0,1.0
Hossein Vafaei,Julien Leclercq,1,1392,1208,0.6130141761393355,0.6130141761393355,347,209,2412,1285,84,37,480,223,268,148,935,530,187,84,405,185,1,0,0.0,1.0
Thepchaiya Un-Nooh,Jimmy White,1,1438,1156,0.669295402777446,0.669295402777446,580,338,4002,2138,1586,849,13153,6784,231,126,749,410,145,60,444,182,1,0,0.0,1.0
Lewis Ullah,Steven Wardropper,1,1016,992,0.51499550161941,0.51499550161941,34,14,196,88,3,1,16,5,58,28,143,71,16,5,16,5,1,0,0.0,1.0
Allan Taylor,Oliver Lines,1,1196,1340,0.41095956594133487,0.41095956594133487,458,209,2703,1294,394,191,2376,1164,191,97,481,217,212,100,584,284,1,0,0.0,1.0
Zak Surety,Pang Junxu,1,1291,1454,0.3995117254730337,0.3995117254730337,266,122,1543,741,199,111,1303,682,208,108,556,277,384,209,920,498,1,0,0.0,1.0
Matthew Stevens,Yuan Sijun,1,1330,1395,0.4594641607262107,0.4594641607262107,1145,659,8637,4676,287,151,1837,953,213,107,680,358,252,137,739,417,1,0,0.0,1.0
Elliot Slessor,Mostafa Dorgham,1,1402,1041,0.7114629823302013,0.7114629823302013,400,200,2458,1220,31,7,211,73,353,195,782,411,155,61,201,73,1,0,0.0,1.0
Ishpreet Singh Chadha,Amir Sarkhosh,1,1248,1133,0.5713839816769324,0.5713839816769324,58,32,353,184,45,20,295,147,210,103,353,184,124,58,170,82,1,0,0.0,1.0
Xu Si,Alexander Ursenbacher,1,1332,1296,0.5224848247918001,0.5224848247918001,219,97,1425,662,295,134,1792,862,276,139,636,315,177,89,464,229,1,0,0.0,1.0
Mark Selby,Siripaporn Nuanthakhamjan,1,1511,837,0.8435654789402574,0.8435654789402574,1588,1083,11350,6602,26,0,151,27,482,270,1412,800,83,12,151,27,1,0,0.0,1.0
Noppon Saengkham,Liu Hongyu,1,1388,1312,0.5473576181430894,0.5473576181430894,478,249,3263,1650,59,30,371,198,254,127,879,467,196,100,371,198,1,0,0.0,1.0
Neil Robertson,Simon Blackwell,1,1555,1156,0.7305667649586345,0.7305667649586345,1304,867,9544,5501,73,36,387,199,445,269,1159,670,154,79,181,91,1,0,0.0,1.0
Bulcsú Révész,Farakh Ajaib,1,1155,1160,0.4968750406894683,0.4968750406894683,31,14,211,101,163,70,896,411,160,78,211,101,138,73,344,166,1,0,0.0,1.0
Liam Pullen,Jimmy Robertson,1,1110,1337,0.36181388669099446,0.36181388669099446,59,26,363,168,763,418,4968,2588,148,66,321,146,252,122,821,429,1,0,0.0,1.0
Riley Powell,Stan Moody,1,966,1320,0.29214272857551865,0.29214272857551865,13,5,60,21,74,33,455,222,35,14,60,21,230,123,419,207,1,0,0.0,1.0
Haydon Pinhey,Mitchell Mann,1,1173,1156,0.5106234010049637,0.5106234010049637,120,53,651,307,389,175,2352,1106,162,76,388,187,117,55,322,142,1,0,0.0,1.0
Jackson Page,Manasawin Phetmalaikul,1,1409,985,0.7426905453026857,0.7426905453026857,221,114,1428,715,65,19,377,148,288,152,722,376,121,40,232,88,1,0,0.0,1.0
Martin O'Donnell,Sion Stuart,1,1302,1000,0.6802671966986485,0.6802671966986485,526,267,3265,1650,0,0,0,0,242,122,548,272,0,0,0,0,1,0,0.0,1.0
Joe O'Connor,Sanderson Lam,1,1391,1203,0.6153837563911821,0.6153837563911821,316,156,1992,1002,286,114,1744,766,320,166,800,417,171,70,582,270,1,0,0.0,1.0
Florian Nüßle,Dean Young,1,1218,1130,0.5547792351072148,0.5547792351072148,81,38,438,227,118,45,634,268,75,41,222,131,148,62,419,173,1,0,0.0,1.0
Shaun Murphy,Sean O'Sullivan,1,1504,1111,0.7276039892428419,0.7276039892428419,1388,911,10025,5691,289,109,1809,800,393,217,1065,602,75,38,309,128,1,0,0.0,1.0
Robert Milkins,Joe Shannon,1,1317,1000,0.6883678768310286,0.6883678768310286,1149,660,7973,4249,0,0,0,0,231,103,1014,507,0,0,0,0,1,0,0.0,1.0
Anthony McGill,Sophie Nix,1,1357,1000,0.7094058152553435,0.7094058152553435,768,456,5102,2767,0,0,0,0,159,76,711,381,0,0,0,0,1,0,0.0,1.0
David Lilley,Haris Tahir,1,1284,1095,0.6159753019181258,0.6159753019181258,274,137,1637,822,26,14,167,80,234,117,593,290,142,68,167,80,1,0,0.0,1.0
Antoni Kowalski,Jiang Jun,1,1160,1255,0.440902528097607,0.440902528097607,56,29,319,160,46,20,327,158,162,80,195,100,234,116,327,158,1,0,0.0,1.0
Mark Joyce,Joshua Thomond,1,1249,1024,0.6370307944803831,0.6370307944803831,645,329,4458,2237,82,34,440,206,151,76,475,233,104,41,191,88,1,0,0.0,1.0
Duane Jones,Chris Totten,1,1235,1160,0.5467381519846138,0.5467381519846138,337,151,2019,980,110,40,644,265,165,79,457,216,170,87,258,134,1,0,0.0,1.0
Jak Jones,Joshua Cooper,1,1437,1013,0.7426905453026857,0.7426905453026857,421,210,2785,1347,72,29,377,171,439,244,948,514,73,32,124,54,1,0,0.0,1.0
Jamie Jones,Thor Chuan Leong,1,1277,1255,0.513746534902355,0.513746534902355,685,401,4486,2407,198,74,1243,554,181,85,729,369,189,91,330,168,1,0,0.0,1.0
Si Jiahui,Jordan Brown,1,1446,1230,0.6318124177361016,0.6318124177361016,209,119,1425,766,350,178,2159,1072,428,241,1001,546,205,92,823,410,1,0,0.0,1.0
Huang Jiahao,Hammad Miah,1,1017,1188,0.39472346622515553,0.39472346622515553,38,12,217,89,298,118,1907,859,78,25,114,49,132,52,458,205,1,0,0.0,1.0
Aaron Hill,Joel Connolly Jnr,1,1283,963,0.6899744811276125,0.6899744811276125,136,62,808,386,10,2,51,15,187,88,602,304,26,11,51,15,1,0,0.0,1.0
Andrew Higginson,Cheung Ka Wai,1,1238,1189,0.530586760182081,0.530586760182081,890,507,6176,3332,39,22,233,132,162,72,506,261,127,62,233,132,1,0,0.0,1.0
Louis Heathcote,Ahmed Aly Elsayed,1,1314,854,0.759510916949111,0.759510916949111,216,101,1265,621,27,0,142,25,236,122,584,287,95,20,142,25,1,0,0.0,1.0
Lyu Haotian,Tian Pengfei,1,1371,1289,0.551071269307342,0.551071269307342,355,181,2333,1165,576,315,3778,1987,246,120,800,428,191,96,558,277,1,0,0.0,1.0
Ma Hailong,Ian Burns,1,1238,1263,0.4843800842769844,0.4843800842769844,52,20,337,156,510,248,3209,1590,202,101,337,156,164,76,504,234,1,0,0.0,1.0
Kreishh Gurbaxani,Peifan Lei,1,1027,1387,0.289050497374996,0.289050497374996,32,11,185,81,139,71,853,422,121,52,162,71,227,126,456,231,1,0,0.0,1.0
He Guoqiang,Stuart Bingham,1,1331,1470,0.4139887955611293,0.4139887955611293,82,46,529,273,1527,964,10577,5992,256,134,446,241,395,214,1089,584,1,0,0.0,1.0
Xiao Guodong,Anthony Hamilton,1,1525,1243,0.669295402777446,0.669295402777446,783,456,4960,2724,1059,598,7753,4077,409,229,1141,616,163,79,536,259,1,0,0.0,1.0
Gerard Greene,Robbie Mcguigan,1,1154,1054,0.5621765008857981,0.5621765008857981,838,427,5998,3061,77,27,375,159,48,27,217,90,98,39,239,102,1,0,0.0,1.0
Liam Graham,Mink Nutcharut,1,999,925,0.5461185410457796,0.5461185410457796,60,18,335,130,52,5,298,86,121,44,256,90,104,28,297,86,1,0,0.0,1.0
Vladislav Gradinari,Daniel Wells,1,1032,1343,0.31485894324970715,0.31485894324970715,15,8,74,38,537,269,3534,1772,46,21,74,38,213,107,611,336,1,0,0.0,1.0
David Gilbert,David Grace,1,1477,1235,0.6467993925579857,0.6467993925579857,971,572,6670,3616,494,228,3224,1559,374,214,940,521,159,75,535,253,1,0,0.0,1.0
Tom Ford,Xing Zihao,1,1346,1189,0.596884378259767,0.596884378259767,956,542,6515,3466,43,18,277,128,272,128,1005,522,177,84,277,128,1,0,0.0,1.0
Dylan Emery,Stuart Carrington,1,1233,1258,0.4843800842769844,0.4843800842769844,137,61,790,384,526,278,3325,1727,208,102,516,254,180,90,513,251,1,0,0.0,1.0
Graeme Dott,Ben Mertens,1,1309,1244,0.5405358392737893,0.5405358392737893,1195,696,8560,4599,113,52,686,342,205,105,728,380,180,87,515,260,1,0,0.0,1.0
Paul Deaville,Jonas Luz,1,1077,971,0.5658650028954817,0.5658650028954817,35,17,179,86,5,1,28,7,118,58,147,73,28,7,28,7,1,0,0.0,1.0
Ryan Day,Matthew Selt,1,1372,1419,0.47065874995421436,0.47065874995421436,1330,785,8789,4779,896,488,5782,3014,364,187,1070,558,278,146,1029,529,1,0,0.0,1.0
Liam Davies,Mark Davis,1,1095,1381,0.3284949657745942,0.3284949657745942,56,26,337,156,1329,789,9125,4961,140,65,311,146,203,112,585,297,1,0,0.0,1.0
Gong Chenzhi,Joe Perry,1,1175,1286,0.43106679063045344,0.43106679063045344,37,19,256,130,1398,809,9593,5173,169,83,256,130,189,91,769,384,1,0,0.0,1.0
Ashley Carty,Kayden Brierley,1,1251,1034,0.6323937895695628,0.6323937895695628,292,136,1714,840,30,14,157,78,180,88,427,209,49,26,96,45,1,0,0.0,1.0
Ali Carter,Chris Wakelin,1,1431,1505,0.4538814589542204,0.4538814589542204,1348,830,9106,5026,455,250,2929,1525,437,232,1294,716,458,248,1030,562,1,0,0.0,1.0
Alfie Burden,Ben Woollaston,1,1221,1376,0.4043192693921528,0.4043192693921528,820,424,5817,2946,848,478,5363,2845,170,79,495,229,234,124,655,339,1,0,0.0,1.0
Iulian Boiko,Jack Lisowski,1,1168,1460,0.3251947274176865,0.3251947274176865,115,43,655,285,823,503,5389,2954,178,83,421,208,356,198,1161,643,1,0,0.0,1.0
Yulu Bai,Jamie Clarke,1,1013,1262,0.34921307920316513,0.34921307920316513,22,6,158,57,348,173,2095,1038,105,36,158,57,195,91,613,296,1,0,0.0,1.0
Zhang Anda,Hatem Yassen,1,1424,905,0.7854139364810891,0.7854139364810891,499,260,3511,1794,18,1,106,19,334,167,961,528,19,9,19,9,1,0,0.0,1.0
Mark Allen,Ross Muir,1,1531,1219,0.6856801139382539,0.6856801139382539,1107,737,7857,4466,300,119,1910,877,520,291,1349,769,170,75,505,235,1,0,0.0,1.0
Fan Zhengyi,Bulcsú Révész,1,1392,1155,0.643938555965633,0.643938555965633,202,90,1291,602,31,14,211,101,277,149,790,416,160,78,211,101,1,0,0.0,1.0
Zhou Yuelong,Louis Heathcote,1,1381,1314,0.5417773692836367,0.5417773692836367,517,304,3267,1757,216,101,1265,621,216,103,959,504,236,122,584,287,1,0,0.0,1.0
Wu Yize,Matthew Stevens,1,1455,1330,0.5774953651858118,0.5774953651858118,139,75,991,514,1145,659,8637,4676,345,191,777,418,213,107,680,358,1,0,0.0,1.0
Robbie Williams,Alfie Burden,1,1331,1221,0.5683199834782481,0.5683199834782481,571,305,3671,1883,820,424,5817,2946,228,113,648,344,170,79,495,229,1,0,0.0,1.0
Allan Taylor,Joe O'Connor,1,1196,1391,0.3804826803529153,0.3804826803529153,458,209,2703,1294,316,156,1992,1002,191,97,481,217,320,166,800,417,1,0,0.0,1.0
Elliot Slessor,Mark Joyce,1,1402,1249,0.5944759307482401,0.5944759307482401,400,200,2458,1220,645,329,4458,2237,353,195,782,411,151,76,475,233,1,0,0.0,1.0
Mark Selby,Jak Jones,1,1511,1437,0.5461185410457796,0.5461185410457796,1588,1083,11350,6602,421,210,2785,1347,482,270,1412,800,439,244,948,514,1,0,0.0,1.0
Noppon Saengkham,David Lilley,1,1388,1284,0.5646362918030292,0.5646362918030292,478,249,3263,1650,274,137,1637,822,254,127,879,467,234,117,593,290,1,0,0.0,1.0
Neil Robertson,Jackson Page,1,1555,1409,0.5902502519301834,0.5902502519301834,1304,867,9544,5501,221,114,1428,715,445,269,1159,670,288,152,722,376,1,0,0.0,1.0
Liam Pullen,Zak Surety,1,1110,1291,0.3887665333241305,0.3887665333241305,59,26,363,168,266,122,1543,741,148,66,321,146,208,108,556,277,1,0,0.0,1.0
Haydon Pinhey,Gerard Greene,1,1173,1154,0.5118727677562528,0.5118727677562528,120,53,651,307,838,427,5998,3061,162,76,388,187,48,27,217,90,1,0,0.0,1.0
Martin O'Donnell,Xiao Guodong,1,1302,1525,0.3641261085729462,0.3641261085729462,526,267,3265,1650,783,456,4960,2724,242,122,548,272,409,229,1141,616,1,0,0.0,1.0
Florian Nüßle,Iulian Boiko,1,1218,1168,0.5312093733737563,0.5312093733737563,81,38,438,227,115,43,655,285,75,41,222,131,178,83,421,208,1,0,0.0,1.0
Robert Milkins,Graeme Dott,1,1317,1309,0.5049998333399998,0.5049998333399998,1149,660,7973,4249,1195,696,8560,4599,231,103,1014,507,205,105,728,380,1,0,0.0,1.0
Antoni Kowalski,Riley Powell,1,1160,966,0.6189278548001903,0.6189278548001903,56,29,319,160,13,5,60,21,162,80,195,100,35,14,60,21,1,0,0.0,1.0
Jamie Jones,Ishpreet Singh Chadha,1,1277,1248,0.5181170650431814,0.5181170650431814,685,401,4486,2407,58,32,353,184,181,85,729,369,210,103,353,184,1,0,0.0,1.0
Duane Jones,Anthony McGill,1,1235,1357,0.42433564895745063,0.42433564895745063,337,151,2019,980,768,456,5102,2767,165,79,457,216,159,76,711,381,1,0,0.0,1.0
Si Jiahui,Mark Allen,1,1446,1531,0.4470740118670941,0.4470740118670941,209,119,1425,766,1107,737,7857,4466,428,241,1001,546,520,291,1349,769,1,0,0.0,1.0
Huang Jiahao,Gong Chenzhi,1,1017,1175,0.40251423417298393,0.40251423417298393,38,12,217,89,37,19,256,130,78,25,114,49,169,83,256,130,1,0,0.0,1.0
Aaron Hill,Thepchaiya Un-Nooh,1,1283,1438,0.4043192693921528,0.4043192693921528,136,62,808,386,580,338,4002,2138,187,88,602,304,231,126,749,410,1,0,0.0,1.0
Andrew Higginson,Hossein Vafaei,1,1238,1392,0.40492152613386595,0.40492152613386595,890,507,6176,3332,347,209,2412,1285,162,72,506,261,268,148,935,530,1,0,0.0,1.0
Ma Hailong,Lewis Ullah,1,1238,1016,0.6352948493228071,0.6352948493228071,52,20,337,156,34,14,196,88,202,101,337,156,58,28,143,71,1,0,0.0,1.0
Kreishh Gurbaxani,Xu Si,1,1027,1332,0.31810373541040654,0.31810373541040654,32,11,185,81,219,97,1425,662,121,52,162,71,276,139,636,315,1,0,0.0,1.0
Liam Graham,He Guoqiang,1,999,1331,0.3036450701761659,0.3036450701761659,60,18,335,130,82,46,529,273,121,44,256,90,256,134,446,241,1,0,0.0,1.0
Vladislav Gradinari,Long Zehuang,1,1032,1327,0.3235510666515204,0.3235510666515204,15,8,74,38,88,45,511,260,46,21,74,38,246,134,352,182,1,0,0.0,1.0
David Gilbert,Shaun Murphy,1,1477,1504,0.48313140430861523,0.48313140430861523,971,572,6670,3616,1388,911,10025,5691,374,214,940,521,393,217,1065,602,1,0,0.0,1.0
Tom Ford,Paul Deaville,1,1346,1077,0.6620627248063988,0.6620627248063988,956,542,6515,3466,35,17,179,86,272,128,1005,522,118,58,147,73,1,0,0.0,1.0
Dylan Emery,Ryan Day,1,1233,1372,0.4139887955611293,0.4139887955611293,137,61,790,384,1330,785,8789,4779,208,102,516,254,364,187,1070,558,1,0,0.0,1.0
Liam Davies,Gary Wilson,1,1095,1388,0.3246463595555852,0.3246463595555852,56,26,337,156,752,432,4852,2602,140,65,311,146,428,221,1060,551,1,0,0.0,1.0
Ashley Carty,Artemijs Zizins,1,1251,1156,0.559097471902393,0.559097471902393,292,136,1714,840,24,13,143,75,180,88,427,209,143,75,143,75,1,0,0.0,1.0
Ali Carter,Lyu Haotian,1,1431,1371,0.5374298453437496,0.5374298453437496,1348,830,9106,5026,355,181,2333,1165,437,232,1294,716,246,120,800,428,1,0,0.0,1.0
Zhang Anda,Yulu Bai,1,1424,1013,0.7364309317009723,0.7364309317009723,499,260,3511,1794,22,6,158,57,334,167,961,528,105,36,158,57,1,0,0.0,1.0
Wu Yize,Liam Davies,1,1455,1095,0.7109495026250039,0.7109495026250039,139,75,991,514,56,26,337,156,345,191,777,418,140,65,311,146,1,0,0.0,1.0
Robbie Williams,Fan Zhengyi,1,1331,1392,0.4619487156141408,0.4619487156141408,571,305,3671,1883,202,90,1291,602,228,113,648,344,277,149,790,416,1,0,0.0,1.0
Allan Taylor,Aaron Hill,1,1196,1283,0.44583834723635146,0.44583834723635146,458,209,2703,1294,136,62,808,386,191,97,481,217,187,88,602,304,1,0,0.0,1.0
Elliot Slessor,Zhang Anda,1,1402,1424,0.486253465097645,0.486253465097645,400,200,2458,1220,499,260,3511,1794,353,195,782,411,334,167,961,528,1,0,0.0,1.0
Mark Selby,Jamie Jones,1,1511,1277,0.6422170929574377,0.6422170929574377,1588,1083,11350,6602,685,401,4486,2407,482,270,1412,800,181,85,729,369,1,0,0.0,1.0
Noppon Saengkham,Dylan Emery,1,1388,1233,0.5956807306078472,0.5956807306078472,478,249,3263,1650,137,61,790,384,254,127,879,467,208,102,516,254,1,0,0.0,1.0
Liam Pullen,Neil Robertson,1,1110,1555,0.24740510511902658,0.24740510511902658,59,26,363,168,1304,867,9544,5501,148,66,321,146,445,269,1159,670,1,0,0.0,1.0
Martin O'Donnell,Si Jiahui,1,1302,1446,0.41095956594133487,0.41095956594133487,526,267,3265,1650,209,119,1425,766,242,122,548,272,428,241,1001,546,1,0,0.0,1.0
Florian Nüßle,Zhou Yuelong,1,1218,1381,0.3995117254730337,0.3995117254730337,81,38,438,227,517,304,3267,1757,75,41,222,131,216,103,959,504,1,0,0.0,1.0
Robert Milkins,Haydon Pinhey,1,1317,1173,0.5890404340586651,0.5890404340586651,1149,660,7973,4249,120,53,651,307,231,103,1014,507,162,76,388,187,1,0,0.0,1.0
Antoni Kowalski,Vladislav Gradinari,1,1160,1032,0.5793242521487495,0.5793242521487495,56,29,319,160,15,8,74,38,162,80,195,100,46,21,74,38,1,0,0.0,1.0
Huang Jiahao,David Gilbert,1,1017,1477,0.24048908305088898,0.24048908305088898,38,12,217,89,971,572,6670,3616,78,25,114,49,374,214,940,521,1,0,0.0,1.0
Andrew Higginson,Ma Hailong,1,1238,1238,0.5,0.5,890,507,6176,3332,52,20,337,156,162,72,506,261,202,101,337,156,1,0,0.0,1.0
Kreishh Gurbaxani,Ashley Carty,1,1027,1251,0.36354745971843366,0.36354745971843366,32,11,185,81,292,136,1714,840,121,52,162,71,180,88,427,209,1,0,0.0,1.0
Liam Graham,Ali Carter,1,999,1431,0.2535060166623378,0.2535060166623378,60,18,335,130,1348,830,9106,5026,121,44,256,90,437,232,1294,716,1,0,0.0,1.0
Tom Ford,Duane Jones,1,1346,1235,0.5689332093695465,0.5689332093695465,956,542,6515,3466,337,151,2019,980,272,128,1005,522,165,79,457,216,1,0,0.0,1.0
Wu Yize,Elliot Slessor,1,1455,1402,0.5330766223661046,0.5330766223661046,139,75,991,514,400,200,2458,1220,345,191,777,418,353,195,782,411,1,0,0.0,1.0
Mark Selby,Liam Pullen,1,1511,1110,0.7315498244408544,0.7315498244408544,1588,1083,11350,6602,59,26,363,168,482,270,1412,800,148,66,321,146,1,0,0.0,1.0
Martin O'Donnell,Robert Milkins,1,1302,1317,0.4906260984783392,0.4906260984783392,526,267,3265,1650,1149,660,7973,4249,242,122,548,272,231,103,1014,507,1,0,0.0,1.0
Florian Nüßle,Antoni Kowalski,1,1218,1160,0.5361866202317948,0.5361866202317948,81,38,438,227,56,29,319,160,75,41,222,131,162,80,195,100,1,0,0.0,1.0
Huang Jiahao,Robbie Williams,1,1017,1331,0.31324327335609825,0.31324327335609825,38,12,217,89,571,305,3671,1883,78,25,114,49,228,113,648,344,1,0,0.0,1.0
Andrew Higginson,Allan Taylor,1,1238,1196,0.5262259093720687,0.5262259093720687,890,507,6176,3332,458,209,2703,1294,162,72,506,261,191,97,481,217,1,0,0.0,1.0
Liam Graham,Noppon Saengkham,1,999,1388,0.2743824797267049,0.2743824797267049,60,18,335,130,478,249,3263,1650,121,44,256,90,254,127,879,467,1,0,0.0,1.0
Tom Ford,Kreishh Gurbaxani,1,1346,1027,0.6894394530607736,0.6894394530607736,956,542,6515,3466,32,11,185,81,272,128,1005,522,121,52,162,71,1,0,0.0,1.0
Wu Yize,Andrew Higginson,1,1455,1238,0.6323937895695628,0.6323937895695628,139,75,991,514,890,507,6176,3332,345,191,777,418,162,72,506,261,1,0,0.0,1.0
Mark Selby,Florian Nüßle,1,1511,1218,0.6753536404444148,0.6753536404444148,1588,1083,11350,6602,81,38,438,227,482,270,1412,800,75,41,222,131,1,0,0.0,1.0
Liam Graham,Martin O'Donnell,1,999,1302,0.31918928918436135,0.31918928918436135,60,18,335,130,526,267,3265,1650,121,44,256,90,242,122,548,272,1,0,0.0,1.0
Tom Ford,Huang Jiahao,1,1346,1017,0.6947667628737805,0.6947667628737805,956,542,6515,3466,38,12,217,89,272,128,1005,522,78,25,114,49,1,0,0.0,1.0
Liam Graham,Mark Selby,1,999,1511,0.2175502235768875,0.2175502235768875,60,18,335,130,1588,1083,11350,6602,121,44,256,90,482,270,1412,800,1,0,0.0,1.0
Tom Ford,Wu Yize,1,1346,1455,0.43229345192664,0.43229345192664,956,542,6515,3466,139,75,991,514,272,128,1005,522,345,191,777,418,1,0,0.0,1.0
Tom Ford,Liam Graham,1,1346,999,0.704225233864307,0.704225233864307,956,542,6515,3466,60,18,335,130,272,128,1005,522,121,44,256,90,1,0,0.0,1.0
Artemijs Zizins,Kreishh Gurbaxani,9,1155,1040,0.6709840397710257,0.5713839816769324,26,14,145,76,36,14,189,84,145,76,145,76,125,55,166,74,5,4,0.0,0.5555555555555556
Xing Zihao,Mitchell Mann,9,1186,1152,0.5521379462338207,0.5212372149662741,44,18,278,128,390,175,2353,1106,178,84,278,128,118,55,323,142,5,1,0.0,0.8333333333333334
Wang Yuchen,Andrew Higginson,9,1231,1252,0.46773724876101863,0.4868780138177567,112,44,711,312,895,511,6181,3336,159,82,243,133,167,76,511,265,5,4,0.0,0.5555555555555556
Dean Young,Joshua Cooper,9,1126,1011,0.6709840397710257,0.5713839816769324,119,45,635,268,73,29,378,171,149,62,420,173,74,32,125,54,5,2,0.0,0.7142857142857143
Alexander Ursenbacher,Jonas Luz,9,1292,968,0.8912326155418068,0.6921095043017882,296,134,1793,862,6,1,29,7,178,89,465,229,29,7,29,7,5,1,0.0,0.8333333333333334
Joshua Thomond,Ben Mertens,9,1021,1240,0.20065488566813539,0.3664446223632249,83,34,441,206,114,52,687,342,105,41,192,88,181,87,516,260,5,4,0.0,0.5555555555555556
Allan Taylor,Peifan Lei,9,1206,1381,0.25075863013297794,0.39233683016710835,462,212,2707,1297,140,71,854,422,195,100,485,220,228,126,457,231,5,3,0.0,0.625
Zak Surety,Simon Blackwell,9,1291,1154,0.7008831543460528,0.584797674717737,268,123,1545,742,74,36,388,199,210,109,558,278,155,79,182,91,5,1,0.0,0.8333333333333334
Akani Songsermsawad,Hatem Yassen,9,1356,903,0.9558147913138959,0.7562999700991855,239,128,1571,812,19,1,107,19,116,69,275,150,20,9,20,9,5,3,0.0,0.625
Bulcsú Révész,Siripaporn Nuanthakhamjan,9,1156,836,0.888437763640334,0.6899744811276125,33,15,213,102,27,0,152,27,162,79,213,102,84,12,152,27,5,2,0.0,0.7142857142857143
Haydon Pinhey,Duane Jones,9,1178,1241,0.40409227705506734,0.4607061941016405,123,55,654,309,340,153,2022,982,165,78,391,189,168,81,460,218,5,2,0.0,0.7142857142857143
Ross Muir,Robbie Mcguigan,9,1216,1050,0.7381925501749662,0.6022861768886306,301,119,1911,877,78,27,376,159,171,75,506,235,99,39,240,102,5,0,0.0,1.0
Stan Moody,Ahmed Aly Elsayed,9,1314,852,0.9587439497600851,0.7604230019887311,75,33,456,222,28,0,143,25,231,123,420,207,96,20,143,25,5,0,0.0,1.0
Hammad Miah,Chris Totten,9,1183,1156,0.5414496248549919,0.5168685956913849,299,118,1908,859,111,40,645,265,133,52,459,205,171,87,259,134,5,3,0.0,0.625
Julien Leclercq,Jimmy White,9,1205,1153,0.5794210585254325,0.5324543063873187,85,37,481,223,1587,849,13154,6784,188,84,406,185,146,60,445,182,5,2,0.0,0.7142857142857143
Antoni Kowalski,Ian Burns,9,1166,1259,0.3601113940716554,0.4421354272792655,60,32,323,163,511,248,3210,1590,166,83,199,103,165,76,505,234,5,4,0.0,0.5555555555555556
Cheung Ka Wai,Marco Fu,9,1185,1360,0.25075863013297794,0.39233683016710835,40,22,234,132,982,573,7320,3963,128,62,234,132,178,96,454,232,5,3,0.0,0.625
Jiang Jun,Huang Jiahao,9,1251,1036,0.7950675978142399,0.6312306626164005,47,20,328,158,43,16,222,93,235,116,328,158,83,29,119,53,5,1,0.0,0.8333333333333334
Liam Graham,Ma Hailong,9,1030,1241,0.209266421454622,0.3711001618483768,67,24,342,136,55,22,340,158,128,50,263,96,205,103,340,158,5,4,0.0,0.5555555555555556
David Grace,Anton Kazakov,9,1232,945,0.8633002845321215,0.6720562626502714,495,228,3225,1559,55,10,314,102,160,75,536,253,118,43,292,93,5,0,0.0,1.0
Reanne Evans,Amir Sarkhosh,9,873,1130,0.16287054860800082,0.34468162982610484,222,61,1243,464,46,20,296,147,87,17,292,77,125,58,171,82,5,3,0.0,0.625
Dylan Emery,Louis Heathcote,9,1239,1312,0.3892573801791685,0.45450121278721795,140,63,793,386,218,102,1267,622,211,104,519,256,238,123,586,288,5,2,0.0,0.7142857142857143
Ken Doherty,Oliver Lines,9,1168,1335,0.26056696281087244,0.39711513267253384,1289,743,10138,5449,395,191,2377,1164,69,21,402,165,213,100,585,284,5,4,0.0,0.5555555555555556
Liam Davies,Ishpreet Singh Chadha,9,1103,1247,0.28988191378712186,0.41095956594133487,59,28,340,158,60,33,355,185,143,67,314,148,212,104,355,185,5,2,0.0,0.7142857142857143
Thor Chuan Leong,Haris Tahir,9,1251,1092,0.7294208076401816,0.5980868603322034,199,74,1244,554,27,14,168,80,190,91,331,168,143,68,168,80,5,3,0.0,0.625
Gong Chenzhi,Mink Nutcharut,9,1175,921,0.8343351260922364,0.653622330899504,39,20,258,131,53,5,299,86,171,84,258,131,105,28,298,86,5,3,0.0,0.625
Stuart Carrington,Manasawin Phetmalaikul,9,1254,983,0.8497422960559372,0.6631804950993565,527,278,3326,1727,66,19,378,148,181,90,514,251,122,40,233,88,5,0,0.0,1.0
Alfie Burden,Mostafa Dorgham,9,1223,1039,0.760025787896806,0.6130141761393355,822,425,5819,2947,32,7,212,73,172,80,497,230,156,61,202,73,5,3,0.0,0.625
Iulian Boiko,Michael Holt,9,1169,1340,0.25563698264541296,0.39472346622515553,117,44,657,286,1029,580,7150,3773,180,84,423,209,175,89,438,227,5,2,0.0,0.7142857142857143
Yulu Bai,Liam Pullen,9,1016,1124,0.33878882462154697,0.4329070950345457,24,7,160,58,63,29,367,171,107,37,160,58,152,69,325,149,5,4,0.0,0.5555555555555556
Farakh Ajaib,Ashley Carty,9,1156,1253,0.35437700298719044,0.4396703573114467,164,70,897,411,295,138,1717,842,139,73,345,166,183,90,430,211,5,3,0.0,0.625
Artemijs Zizins,Matthew Selt,9,1155,1415,0.1601085847974587,0.34298953732650117,26,14,145,76,897,488,5783,3014,145,76,145,76,279,146,1030,529,5,4,0.0,0.5555555555555556
Fan Zhengyi,Gong Chenzhi,9,1394,1175,0.7993451143318644,0.633555377636775,205,92,1294,604,39,20,258,131,280,151,793,418,171,84,258,131,5,3,0.0,0.625
Ben Woollaston,Wang Yuchen,9,1371,1231,0.7048581689623228,0.5866175789173301,849,478,5364,2845,112,44,711,312,235,124,656,339,159,82,243,133,5,2,0.0,0.7142857142857143
Daniel Wells,Stuart Carrington,9,1338,1254,0.6268664452075894,0.5523079095743253,538,269,3535,1772,527,278,3326,1727,214,107,612,336,181,90,514,251,5,3,0.0,0.625
Ricky Walden,Dean Young,9,1344,1126,0.7982810462660692,0.6329747766804606,1182,697,7950,4343,119,45,635,268,331,168,1009,530,149,62,420,173,5,3,0.0,0.625
Alexander Ursenbacher,Scott Donaldson,9,1292,1335,0.43417929822605655,0.4731508513108857,296,134,1793,862,505,267,3239,1649,178,89,465,229,200,102,697,358,5,2,0.0,0.7142857142857143
Thepchaiya Un-Nooh,Paul Deaville,9,1436,1077,0.9134704714809997,0.7104354810428751,582,339,4004,2139,37,18,181,87,233,127,751,411,120,59,149,74,5,3,0.0,0.625
Allan Taylor,Robbie Williams,9,1206,1337,0.3071425683637329,0.41884903571060617,462,212,2707,1297,575,308,3675,1886,195,100,485,220,232,116,652,347,5,2,0.0,0.7142857142857143
Yuan Sijun,Yulu Bai,9,1391,1016,0.9223700263151574,0.7185943925708561,288,151,1838,953,24,7,160,58,253,137,740,417,107,37,160,58,5,1,0.0,0.8333333333333334
Xu Si,Julien Leclercq,9,1331,1205,0.6860941115953165,0.5781052328843092,221,98,1427,663,85,37,481,223,278,140,638,316,188,84,406,185,5,1,0.0,0.8333333333333334
Jimmy Robertson,Joshua Thomond,9,1332,1021,0.8819527499348307,0.6851410567502929,764,418,4969,2588,83,34,441,206,253,122,822,429,105,41,192,88,5,2,0.0,0.7142857142857143
Jackson Page,Akani Songsermsawad,9,1408,1356,0.5794210585254325,0.5324543063873187,223,115,1430,716,239,128,1571,812,290,153,724,377,116,69,275,150,5,1,0.0,0.8333333333333334
Joe O'Connor,Reanne Evans,9,1389,873,0.9730630507245749,0.7841471891774855,318,157,1994,1003,222,61,1243,464,322,167,802,418,87,17,292,77,5,1,0.0,0.8333333333333334
Ross Muir,Joe Perry,9,1216,1281,0.4011128900397446,0.4594641607262107,301,119,1911,877,1399,809,9594,5173,171,75,506,235,190,91,770,384,5,4,0.0,0.5555555555555556
Hammad Miah,Matthew Stevens,9,1183,1331,0.28466862205354465,0.40854102156721994,299,118,1908,859,1147,660,8639,4677,133,52,459,205,215,108,682,359,5,2,0.0,0.7142857142857143
Anthony McGill,Haydon Pinhey,9,1354,1178,0.7504528187981169,0.6082590307465143,770,457,5104,2768,123,55,654,309,161,77,713,382,165,78,391,189,5,0,0.0,1.0
David Lilley,Liam Davies,9,1284,1103,0.7564607688598808,0.6112334666758695,276,138,1639,823,59,28,340,158,236,118,595,291,143,67,314,148,5,0,0.0,1.0
Antoni Kowalski,Martin O'Donnell,9,1166,1314,0.28466862205354465,0.40854102156721994,60,32,323,163,531,271,3270,1654,166,83,199,103,247,126,553,276,5,0,0.0,1.0
Cheung Ka Wai,Anthony Hamilton,9,1185,1240,0.4160666695379549,0.4656790563306954,40,22,234,132,1060,598,7754,4077,128,62,234,132,164,79,537,259,5,2,0.0,0.7142857142857143
Jiang Jun,Tian Pengfei,9,1251,1285,0.44786205376617916,0.4787627850337259,47,20,328,158,577,315,3779,1987,235,116,328,158,192,96,559,277,5,2,0.0,0.7142857142857143
Liu Hongyu,Farakh Ajaib,9,1308,1156,0.7204972079640919,0.5938731029341427,60,30,372,198,164,70,897,411,197,100,372,198,139,73,345,166,5,3,0.0,0.625
Aaron Hill,Stan Moody,9,1286,1314,0.45702134894353685,0.48250714233361025,139,64,811,388,75,33,456,222,190,90,605,306,231,123,420,207,5,4,0.0,0.5555555555555556
Lyu Haotian,Bulcsú Révész,9,1371,1156,0.7950675978142399,0.6312306626164005,357,182,2335,1166,33,15,213,102,248,121,802,429,162,79,213,102,5,3,0.0,0.625
He Guoqiang,Thor Chuan Leong,9,1330,1251,0.6195643657627519,0.5492151291013335,84,47,531,274,199,74,1244,554,258,135,448,242,190,91,331,168,5,4,0.0,0.5555555555555556
Liam Graham,Sanderson Lam,9,1030,1200,0.2568646622142716,0.39532091528599067,67,24,342,136,287,114,1745,766,128,50,263,96,172,70,583,270,5,4,0.0,0.5555555555555556
David Grace,Long Zehuang,9,1232,1325,0.3601113940716554,0.4421354272792655,495,228,3225,1559,90,46,513,261,160,75,536,253,248,135,354,183,5,3,0.0,0.625
Dylan Emery,Jamie Clarke,9,1239,1257,0.47233779389677,0.4887518980531451,140,63,793,386,349,173,2096,1038,211,104,519,256,196,91,614,296,5,4,0.0,0.5555555555555556
Graeme Dott,Xing Zihao,9,1309,1186,0.682004145502627,0.5762749224932653,1197,697,8562,4600,44,18,278,128,207,106,730,381,178,84,278,128,5,0,0.0,1.0
Ken Doherty,Jordan Brown,9,1168,1227,0.4100684546601523,0.46319171001101955,1289,743,10138,5449,351,178,2160,1072,69,21,402,165,206,92,824,410,5,4,0.0,0.5555555555555556
Mark Davis,Iulian Boiko,9,1376,1169,0.786343333554673,0.6265629971237182,1330,789,9126,4961,117,44,657,286,204,112,586,297,180,84,423,209,5,1,0.0,0.8333333333333334
Dominic Dale,Zak Surety,9,1263,1291,0.45702134894353685,0.48250714233361025,1125,624,7780,4086,268,123,1545,742,211,101,572,280,210,109,558,278,5,3,0.0,0.625
Alfie Burden,Jamie Jones,9,1223,1282,0.4100684546601523,0.46319171001101955,822,425,5819,2947,688,403,4489,2409,172,80,497,230,184,87,732,371,5,0,0.0,1.0
Zhou Yuelong,Artemijs Zizins,9,1383,1155,0.8087617227954655,0.6387631751488418,520,306,3270,1759,26,14,145,76,219,105,962,506,145,76,145,76,5,2,0.0,0.7142857142857143
Wu Yize,Jackson Page,9,1464,1408,0.585434873024069,0.5349429451582145,145,80,997,519,223,115,1430,716,351,196,783,423,290,153,724,377,5,1,0.0,0.8333333333333334
Ben Woollaston,David Gilbert,9,1371,1478,0.34019451059365574,0.43352094403237207,849,478,5364,2845,974,574,6673,3618,235,124,656,339,377,216,943,523,5,0,0.0,1.0
Kyren Wilson,Cheung Ka Wai,9,1633,1185,0.9541128159374124,0.7539887164489482,1082,693,6911,3914,40,22,234,132,712,419,1604,943,128,62,234,132,5,3,0.0,0.625
Daniel Wells,Gary Wilson,9,1338,1385,0.42812353102015543,0.47065874995421436,538,269,3535,1772,754,433,4854,2603,214,107,612,336,430,222,1062,552,5,4,0.0,0.5555555555555556
Ricky Walden,Ryan Day,9,1344,1371,0.4585503751450084,0.48313140430861523,1182,697,7950,4343,1332,786,8791,4780,331,168,1009,530,366,188,1072,559,5,3,0.0,0.625
Alexander Ursenbacher,Jack Lisowski,9,1292,1455,0.2655479256086079,0.3995117254730337,296,134,1793,862,824,503,5390,2954,178,89,465,229,357,198,1162,643,5,3,0.0,0.625
Thepchaiya Un-Nooh,Stuart Bingham,9,1436,1465,0.45549299127077353,0.4818829349568186,582,339,4004,2139,1528,964,10578,5992,233,127,751,411,396,214,1090,584,5,0,0.0,1.0
Judd Trump,David Grace,9,1673,1232,0.9516375388870315,0.7507282371635285,1489,1074,10336,6255,495,228,3225,1559,677,426,1898,1166,160,75,536,253,5,2,0.0,0.7142857142857143
Elliot Slessor,Lyu Haotian,9,1407,1371,0.5551848201387266,0.5224848247918001,404,203,2462,1223,357,182,2335,1166,357,198,786,414,248,121,802,429,5,1,0.0,0.8333333333333334
Mark Selby,Liu Hongyu,9,1518,1308,0.7896412769224667,0.6283161882953663,1594,1088,11356,6607,60,30,372,198,488,275,1418,805,197,100,372,198,5,2,0.0,0.7142857142857143
Jimmy Robertson,Noppon Saengkham,9,1332,1392,0.40857228932346973,0.46257015465625045,764,418,4969,2588,482,252,3267,1653,253,122,822,429,258,130,883,470,5,4,0.0,0.5555555555555556
Neil Robertson,Antoni Kowalski,9,1554,1166,0.9290506954029674,0.7251194977898231,1307,869,9547,5503,60,32,323,163,448,271,1162,672,166,83,199,103,5,1,0.0,0.8333333333333334
Joe O'Connor,Stephen Maguire,9,1389,1396,0.4892347721324395,0.4956251116502266,318,157,1994,1003,1220,787,8901,4992,322,167,802,418,275,144,770,407,5,1,0.0,0.8333333333333334
Shaun Murphy,Liam Graham,9,1502,1030,0.9618033812760566,0.7649478037637647,1390,912,10027,5692,67,24,342,136,395,218,1067,603,128,50,263,96,5,0,0.0,1.0
Robert Milkins,Xu Si,9,1322,1331,0.48616014593133106,0.4943752372926745,1153,663,7977,4252,221,98,1427,663,235,106,1018,510,278,140,638,316,5,4,0.0,0.5555555555555556
Hammad Miah,Chris Wakelin,9,1183,1501,0.11297973706681161,0.31109608202304534,299,118,1908,859,456,250,2930,1525,133,52,459,205,459,248,1031,562,5,2,0.0,0.7142857142857143
Anthony McGill,Pang Junxu,9,1354,1449,0.3572399624584108,0.440902528097607,770,457,5104,2768,200,111,1304,682,161,77,713,382,385,209,921,498,5,4,0.0,0.5555555555555556
Jak Jones,Allan Taylor,9,1435,1206,0.8097901791567259,0.6393398367530659,423,211,2787,1348,462,212,2707,1297,441,245,950,515,195,100,485,220,5,3,0.0,0.625
Si Jiahui,Ken Doherty,9,1448,1168,0.8574804739607897,0.6681877721681662,212,121,1428,768,1289,743,10138,5449,431,243,1004,548,69,21,402,165,5,0,0.0,1.0
Aaron Hill,Mark Williams,9,1286,1592,0.12176894849718553,0.3175616978069352,139,64,811,388,1819,1194,13288,7633,190,90,605,306,393,226,1175,687,5,2,0.0,0.7142857142857143
John Higgins,Mark Davis,9,1558,1376,0.7576524381780382,0.6118273690017371,1907,1343,14744,8689,1330,789,9126,4961,565,319,1529,877,204,112,586,297,5,3,0.0,0.625
Barry Hawkins,Alfie Burden,9,1544,1223,0.8891414855085586,0.6905090012275708,1372,859,9451,5295,822,425,5819,2947,430,237,1113,635,172,80,497,230,5,4,0.0,0.5555555555555556
Xiao Guodong,Fan Zhengyi,9,1523,1394,0.690160189469792,0.5799334001885058,785,457,4962,2725,205,92,1294,604,411,230,1143,617,280,151,793,418,5,3,0.0,0.625
Luca Brecel,Jiang Jun,9,1399,1251,0.7153313779464554,0.5914589784327801,659,382,4421,2384,47,20,328,158,222,109,933,501,235,116,328,158,5,2,0.0,0.7142857142857143
Zhang Anda,Graeme Dott,9,1424,1309,0.6709840397710257,0.5713839816769324,502,262,3514,1796,1197,697,8562,4600,337,169,964,530,207,106,730,381,5,4,0.0,0.5555555555555556
Mark Allen,David Lilley,9,1530,1284,0.8267252595018073,0.6490805242445733,1109,738,7859,4467,276,138,1639,823,522,292,1351,770,236,118,595,291,5,0,0.0,1.0
Wu Yize,Mark Allen,9,1464,1530,0.3996254479222332,0.45884333184977194,145,80,997,519,1109,738,7859,4467,351,196,783,423,522,292,1351,770,5,4,0.0,0.5555555555555556
Kyren Wilson,Zhou Yuelong,9,1633,1383,0.8305589863516776,0.6513548646660542,1082,693,6911,3914,520,306,3270,1759,712,419,1604,943,219,105,962,506,5,3,0.0,0.625
Ricky Walden,Dylan Emery,9,1344,1239,0.6569871207564459,0.5652507475670999,1182,697,7950,4343,140,63,793,386,331,168,1009,530,211,104,519,256,5,3,0.0,0.625
Alexander Ursenbacher,Ali Carter,9,1292,1433,0.29382252753435445,0.4127763091606651,296,134,1793,862,1351,832,9109,5028,178,89,465,229,440,234,1297,718,5,0,0.0,1.0
Judd Trump,Joe O'Connor,9,1673,1389,0.8608272920014749,0.6704011598088686,1489,1074,10336,6255,318,157,1994,1003,677,426,1898,1166,322,167,802,418,5,0,0.0,1.0
Elliot Slessor,Mark Selby,9,1407,1518,0.33458597162621984,0.43106679063045344,404,203,2462,1223,1594,1088,11356,6607,357,198,786,414,488,275,1418,805,5,4,0.0,0.5555555555555556
Yuan Sijun,Ross Muir,9,1391,1216,0.7492413698670223,0.6076631698328917,288,151,1838,953,301,119,1911,877,253,137,740,417,171,75,506,235,5,2,0.0,0.7142857142857143
Neil Robertson,Hammad Miah,9,1554,1183,0.9202164313080865,0.7165678145577145,1307,869,9547,5503,299,118,1908,859,448,271,1162,672,133,52,459,205,5,4,0.0,0.5555555555555556
Shaun Murphy,Thepchaiya Un-Nooh,9,1502,1436,0.6003745520777666,0.541156668150228,1390,912,10027,5692,582,339,4004,2139,395,218,1067,603,233,127,751,411,5,0,0.0,1.0
Anthony McGill,Luca Brecel,9,1354,1399,0.4311492878986184,0.4719046255916129,770,457,5104,2768,659,382,4421,2384,161,77,713,382,222,109,933,501,5,2,0.0,0.7142857142857143
Jak Jones,John Higgins,9,1435,1558,0.31799585449737267,0.42372507750673466,423,211,2787,1348,1907,1343,14744,8689,441,245,950,515,565,319,1529,877,5,3,0.0,0.625
Aaron Hill,Jimmy Robertson,9,1286,1332,0.42963586636796786,0.4712816430485603,139,64,811,388,764,418,4969,2588,190,90,605,306,253,122,822,429,5,1,0.0,0.8333333333333334
Barry Hawkins,Ben Woollaston,9,1544,1371,0.7468086860638347,0.6064704870683034,1372,859,9451,5295,849,478,5364,2845,430,237,1113,635,235,124,656,339,5,3,0.0,0.625
Xiao Guodong,Si Jiahui,9,1523,1448,0.613690137008763,0.5467381519846138,785,457,4962,2725,212,121,1428,768,411,230,1143,617,431,243,1004,548,5,4,0.0,0.5555555555555556
Tom Ford,Daniel Wells,9,1367,1338,0.5445070087292267,0.5181170650431814,963,549,6522,3473,538,269,3535,1772,279,135,1012,529,214,107,612,336,5,2,0.0,0.7142857142857143
Zhang Anda,Robert Milkins,9,1424,1322,0.6527423440531748,0.5634067862621936,502,262,3514,1796,1153,663,7977,4252,337,169,964,530,235,106,1018,510,5,2,0.0,0.7142857142857143
Wu Yize,Alexander Ursenbacher,9,1464,1292,0.7455874700303385,0.6058736684317606,145,80,997,519,296,134,1793,862,351,196,783,423,178,89,465,229,5,2,0.0,0.7142857142857143
Kyren Wilson,Jak Jones,9,1633,1435,0.7762613643327039,0.6212835951910678,1082,693,6911,3914,423,211,2787,1348,712,419,1604,943,441,245,950,515,5,3,0.0,0.625
Yuan Sijun,Shaun Murphy,9,1391,1502,0.33458597162621984,0.43106679063045344,288,151,1838,953,1390,912,10027,5692,253,137,740,417,395,218,1067,603,5,4,0.0,0.5555555555555556
Neil Robertson,Judd Trump,9,1554,1673,0.3234855672463619,0.42616874240839064,1307,869,9547,5503,1489,1074,10336,6255,448,271,1162,672,677,426,1898,1166,5,2,0.0,0.7142857142857143
Anthony McGill,Zhang Anda,9,1354,1424,0.3936911903272074,0.4563613127629212,770,457,5104,2768,502,262,3514,1796,161,77,713,382,337,169,964,530,5,2,0.0,0.7142857142857143
Aaron Hill,Tom Ford,9,1286,1367,0.3775092526157308,0.4495472886604723,139,64,811,388,963,549,6522,3473,190,90,605,306,279,135,1012,529,5,3,0.0,0.625
Xiao Guodong,Elliot Slessor,9,1523,1407,0.6723703942210427,0.5719961329315186,785,457,4962,2725,404,203,2462,1223,411,230,1143,617,357,198,786,414,5,1,0.0,0.8333333333333334
Kyren Wilson,Anthony McGill,9,1633,1354,0.8566349080562111,0.6676332571171155,1082,693,6911,3914,770,457,5104,2768,712,419,1604,943,161,77,713,382,5,4,0.0,0.5555555555555556
Yuan Sijun,Neil Robertson,9,1391,1554,0.2655479256086079,0.3995117254730337,288,151,1838,953,1307,869,9547,5503,253,137,740,417,448,271,1162,672,5,4,0.0,0.5555555555555556
Barry Hawkins,Wu Yize,9,1544,1464,0.6210284680300693,0.549833997312478,1372,859,9451,5295,145,80,997,519,430,237,1113,635,351,196,783,423,5,3,0.0,0.625
Xiao Guodong,Aaron Hill,9,1523,1286,0.8178889041226648,0.643938555965633,785,457,4962,2725,139,64,811,388,411,230,1143,617,190,90,605,306,5,0,0.0,1.0
Kyren Wilson,Xiao Guodong,11,1633,1523,0.6793165623060362,0.5683199834782481,1082,693,6911,3914,785,457,4962,2725,712,419,1604,943,411,230,1143,617,6,2,0.0,0.75
Barry Hawkins,Yuan Sijun,11,1544,1391,0.7411666221738994,0.5944759307482401,1372,859,9451,5295,288,151,1838,953,430,237,1113,635,253,137,740,417,6,2,0.0,0.75
Kyren Wilson,Barry Hawkins,19,1633,1544,0.6882331723925365,0.5553966483205892,1082,693,6911,3914,1372,859,9451,5295,712,419,1604,943,430,237,1113,635,10,9,0.0,0.5263157894736842
Ding Junhui,Abdulraouf Sayegh,7,1534,994,0.9631776445107532,0.7941296281990528,1017,676,7836,4463,2,0,12,4,0,0,750,412,0,0,7,3,4,0,0.0,1.0
Zhang Anda,Ahmed Abdullah Aseeri,7,1420,988,0.9261623827014096,0.7464939833376621,505,264,3537,1808,4,2,23,10,23,12,774,425,0,0,0,0,4,0,0.0,1.0
Ding Junhui,Shaun Murphy,7,1534,1521,0.5177671819164105,0.5081242849062608,1017,676,7836,4463,1393,914,10046,5706,0,0,750,412,19,14,814,467,4,0,0.0,1.0
Luca Brecel,Zhang Anda,7,1394,1420,0.4645031181885513,0.48375571893792757,661,383,4435,2391,505,264,3537,1808,14,7,638,334,23,12,774,425,4,0,0.0,1.0
Mark Williams,Judd Trump,7,1570,1669,0.36735805091226303,0.4384389296638045,1820,1194,13295,7635,1492,1076,10355,6267,7,2,801,466,19,12,1331,838,4,3,0.0,0.5714285714285714
Ronnie O'Sullivan,Ding Junhui,7,1553,1534,0.5259570402770714,0.5118727677562528,1544,1176,13337,8133,1017,676,7836,4463,0,0,790,475,0,0,750,412,4,0,0.0,1.0
Luca Brecel,Kyren Wilson,7,1394,1630,0.2109251036503855,0.35663485430559827,661,383,4435,2391,1088,699,6971,3950,14,7,638,334,60,36,1182,696,4,3,0.0,0.5714285714285714
Mark Allen,Mark Selby,7,1537,1514,0.5314106943491967,0.5143710406970602,1111,739,7873,4476,1596,1089,11372,6616,14,9,935,526,16,9,1059,598,4,2,0.0,0.6666666666666666
Luca Brecel,Mark Williams,7,1394,1570,0.2739765592815067,0.3917409692534856,661,383,4435,2391,1820,1194,13295,7635,14,7,638,334,7,2,801,466,4,2,0.0,0.6666666666666666
Mark Allen,Ronnie O'Sullivan,7,1537,1553,0.4781366606027012,0.4900013331200346,1111,739,7873,4476,1544,1176,13337,8133,14,9,935,526,0,0,790,475,4,2,0.0,0.6666666666666666
Mark Allen,Luca Brecel,9,1537,1394,0.7088074446636303,0.5884351201276382,1111,739,7873,4476,661,383,4435,2391,14,9,935,526,14,7,638,334,5,1,0.0,0.8333333333333334
Long Zehuang,Mitchell Mann,9,1314,1137,0.7516609934098428,0.6088545692109504,91,46,521,264,391,175,2359,1107,8,3,362,186,6,1,196,89,5,2,0.0,0.7142857142857143
Zhou Yuelong,Ma Hailong,9,1389,1228,0.731942685280923,0.5992881635083561,522,307,3285,1767,56,22,349,162,15,8,651,337,9,4,349,162,5,1,0.0,0.8333333333333334
Wu Yize,Robbie Mcguigan,9,1487,1034,0.9558147913138959,0.7562999700991855,149,83,1027,537,79,27,381,159,30,18,626,337,5,0,155,62,5,0,0.0,1.0
Ben Woollaston,Simon Blackwell,9,1397,1142,0.8352701649709137,0.654188113761243,852,480,5384,2858,75,36,394,200,20,13,494,260,6,1,161,80,5,2,0.0,0.7142857142857143
Kyren Wilson,Hammad Miah,9,1619,1239,0.9249966076249283,0.7211151780228631,1089,699,6978,3953,303,121,1939,878,60,36,1189,699,31,19,350,160,5,2,0.0,0.7142857142857143
Gary Wilson,Gong Chenzhi,9,1379,1174,0.7841272219045134,0.6253923497205511,755,433,4863,2607,41,21,274,139,9,4,802,416,16,8,274,139,5,1,0.0,0.8333333333333334
Robbie Williams,Ian Burns,9,1321,1251,0.6063088096727929,0.5436386872370789,576,308,3682,1888,512,248,3219,1594,7,2,505,267,9,4,364,173,5,4,0.0,0.5555555555555556
Daniel Wells,Ross Muir,9,1338,1231,0.659805489406344,0.5664790559676278,541,271,3559,1784,304,121,1932,889,24,12,481,256,21,12,370,172,5,2,0.0,0.7142857142857143
Ricky Walden,Hatem Yassen,9,1357,911,0.953416723175366,0.7530600904213377,1185,700,7974,4358,20,1,115,22,24,15,710,363,8,3,28,12,5,0,0.0,1.0
Hossein Vafaei,Ben Mertens,9,1390,1226,0.7357020581715297,0.6010878788483698,349,210,2414,1286,115,52,696,346,0,0,665,376,9,4,421,212,5,3,0.0,0.625
Thepchaiya Un-Nooh,Andrew Higginson,9,1433,1247,0.7623857644063681,0.6141996427768951,585,341,4022,2149,896,511,6190,3340,18,10,528,295,9,4,365,176,5,3,0.0,0.625
Judd Trump,Xing Zihao,9,1662,1184,0.9635443145661157,0.7676341173216251,1493,1076,10362,6270,46,19,289,133,19,12,1338,841,11,5,289,133,5,0,0.0,1.0
Chris Totten,Stuart Bingham,9,1149,1444,0.1302597819391192,0.3235510666515204,112,40,653,268,1529,964,10583,5992,8,3,221,112,5,0,761,407,5,1,0.0,0.8333333333333334
Zak Surety,Si Jiahui,9,1293,1461,0.2593296623755984,0.3965167501352737,270,124,1559,750,214,122,1442,777,14,8,404,199,14,9,828,461,5,0,0.0,1.0
Matthew Stevens,David Grace,9,1314,1257,0.5869351044529159,0.5355648379838539,1148,660,8646,4679,498,230,3245,1571,7,2,451,230,20,12,383,177,5,2,0.0,0.7142857142857143
Akani Songsermsawad,Mark Williams,9,1334,1564,0.18918494086761764,0.36008390326226586,241,129,1585,818,1822,1195,13308,7641,14,6,155,85,7,2,814,472,5,2,0.0,0.7142857142857143
Elliot Slessor,Jonas Luz,9,1418,961,0.9571376761655908,0.7581383462750919,407,205,2483,1234,7,1,35,8,21,11,651,356,6,1,35,8,5,1,0.0,0.8333333333333334
Ishpreet Singh Chadha,Dominic Dale,9,1230,1273,0.43417929822605655,0.4731508513108857,61,33,362,187,1126,625,7788,4091,7,2,362,187,8,5,427,218,5,4,0.0,0.5555555555555556
Yuan Sijun,Haydon Pinhey,9,1414,1176,0.8188851011711408,0.6445115537062945,293,155,1877,975,125,56,666,314,39,22,522,291,12,5,310,151,5,0,0.0,1.0
Xu Si,Zou Pengfei,9,1339,1000,0.9012433396788231,0.7000424476024744,223,99,1442,672,0,0,0,0,15,9,496,251,0,0,0,0,5,3,0.0,0.625
Mark Selby,Artemijs Zizins,9,1507,1164,0.9037896404126933,0.702138068199835,1597,1089,11378,6618,29,16,170,88,16,9,1065,600,25,12,170,88,5,4,0.0,0.5555555555555556
Amir Sarkhosh,David Gilbert,9,1112,1456,0.09558176542737183,0.29733934565526854,47,20,304,150,975,574,6678,3618,8,3,162,77,5,0,677,378,5,3,0.0,0.625
Noppon Saengkham,Dean Young,9,1385,1134,0.8315084197134864,0.6519223788927313,483,252,3276,1657,121,46,650,276,9,4,670,355,15,8,343,148,5,1,0.0,0.8333333333333334
Jimmy Robertson,Haris Tahir,9,1324,1090,0.8148787714569037,0.6422170929574377,767,420,4991,2599,28,14,176,83,22,11,584,304,8,3,151,71,5,3,0.0,0.625
Manasawin Phetmalaikul,Matthew Selt,9,970,1400,0.05247780616014644,0.25445338587359734,67,19,383,148,898,488,5792,3018,5,0,216,79,9,4,796,416,5,2,0.0,0.7142857142857143
Joe Perry,Kreishh Gurbaxani,9,1275,1041,0.8148787714569037,0.6422170929574377,1400,809,9603,5177,37,14,198,88,9,4,487,240,9,4,156,71,5,0,0.0,1.0
Tian Pengfei,Yulu Bai,9,1272,1019,0.8333964892426636,0.6530561132866127,578,315,3786,1989,26,8,175,64,7,2,399,195,15,6,175,64,5,1,0.0,0.8333333333333334
Jackson Page,Ashley Carty,9,1407,1241,0.7381925501749662,0.6022861768886306,225,116,1442,722,296,138,1725,845,12,6,526,277,8,3,340,167,5,1,0.0,0.8333333333333334
Martin O'Donnell,Bulcsú Révész,9,1291,1157,0.6968827791173715,0.5829754542011996,532,271,3275,1654,35,16,228,110,5,0,453,231,15,8,228,110,5,4,0.0,0.5555555555555556
Joe O'Connor,Alexander Ursenbacher,9,1394,1342,0.5794210585254325,0.5324543063873187,321,159,2011,1013,301,138,1826,884,17,10,620,330,33,22,391,203,5,3,0.0,0.625
Shaun Murphy,Mostafa Dorgham,9,1505,1038,0.9602987778868245,0.7626928317357139,1394,914,10050,5706,33,7,220,76,19,14,818,467,8,3,210,76,5,3,0.0,0.625
Stan Moody,Zhang Anda,9,1318,1411,0.3601113940716554,0.4421354272792655,77,34,470,231,507,265,3545,1812,14,9,395,195,23,12,782,429,5,3,0.0,0.625
Robert Milkins,Farakh Ajaib,9,1318,1166,0.7204972079640919,0.5938731029341427,1155,664,7993,4259,166,71,913,419,16,7,797,387,16,8,196,95,5,2,0.0,0.7142857142857143
Anthony McGill,Reanne Evans,9,1410,888,0.9743482151425049,0.7866752721841397,775,461,5141,2792,224,62,1257,470,37,24,511,273,14,6,223,65,5,0,0.0,1.0
Jack Lisowski,Julien Leclercq,9,1441,1202,0.8198777056686509,0.645084137572727,825,503,5398,2957,87,38,494,229,8,3,793,437,13,6,363,171,5,3,0.0,0.625
David Lilley,Cao Jin,9,1286,1004,0.8591609654110055,0.669295402777446,278,139,1649,828,4,1,26,7,10,5,437,211,0,0,20,7,5,4,0.0,0.5555555555555556
Peifan Lei,Anthony Hamilton,9,1366,1227,0.7035360054960305,0.5860112044388707,141,71,862,425,1061,598,7761,4079,8,3,324,171,7,2,371,171,5,4,0.0,0.5555555555555556
Antoni Kowalski,Paul Deaville,9,1191,1082,0.6626145055415718,0.5677065480733601,63,34,343,174,38,18,189,90,20,11,219,114,8,3,155,76,5,1,0.0,0.8333333333333334
Pang Junxu,Ken Doherty,9,1441,1171,0.8488646678121341,0.6626218371700825,201,111,1313,686,1292,745,10161,5459,9,4,749,408,23,10,293,118,5,2,0.0,0.7142857142857143
Ding Junhui,Jiang Jun,9,1541,1266,0.853217103541739,0.665410558746814,1020,678,7848,4471,50,22,348,170,0,0,762,420,20,12,348,170,5,1,0.0,0.8333333333333334
Duane Jones,Fan Zhengyi,9,1227,1390,0.2655479256086079,0.3995117254730337,341,153,2029,984,207,93,1310,612,7,2,327,157,16,8,586,314,5,3,0.0,0.625
Jak Jones,Allan Taylor,9,1447,1237,0.7896412769224667,0.6283161882953663,426,213,2811,1361,465,214,2730,1310,24,13,768,422,23,13,382,187,5,0,0.0,1.0
Jamie Jones,Liam Pullen,9,1261,1115,0.7127306132952813,0.5902502519301834,689,403,4494,2409,64,29,376,175,5,0,474,223,9,4,306,141,5,3,0.0,0.625
Zhou Jinhao,Sanderson Lam,9,1032,1189,0.27311346845733875,0.40311562174023297,10,4,67,29,288,114,1754,770,0,0,67,29,9,4,435,205,5,1,0.0,0.8333333333333334
Liu Hongyu,Siripaporn Nuanthakhamjan,9,1305,835,0.9612074891119589,0.7640475997974661,62,31,387,205,28,0,159,29,15,7,344,180,7,2,159,29,5,0,0.0,1.0
Aaron Hill,Mink Nutcharut,9,1326,923,0.9361749444828573,0.7325306102876052,144,68,846,408,54,5,307,89,35,20,450,229,8,3,240,70,5,0,0.0,1.0
John Higgins,Wang Yuchen,9,1546,1229,0.8863064712697625,0.6883678768310286,1909,1344,14760,8697,114,45,727,319,16,8,1079,630,16,7,217,113,5,4,0.0,0.5555555555555556
Louis Heathcote,Jamie Clarke,9,1297,1253,0.5673362271953684,0.5274723043445937,219,102,1274,624,350,173,2105,1042,7,2,456,234,9,4,404,191,5,1,0.0,0.8333333333333334
Barry Hawkins,Cheung Ka Wai,9,1558,1220,0.9005987447198918,0.6995172276624274,1377,863,9503,5325,43,24,257,145,52,30,858,491,23,13,203,111,5,1,0.0,0.8333333333333334
Lyu Haotian,Oliver Lines,9,1356,1324,0.5490878352749592,0.5199893401555818,359,183,2349,1172,396,191,2386,1168,14,6,562,292,9,4,448,223,5,2,0.0,0.7142857142857143
He Guoqiang,Huang Jiahao,9,1331,1026,0.8774764322222064,0.6818962645895934,85,48,540,279,44,16,228,94,9,5,457,247,6,1,125,54,5,0,0.0,1.0
Xiao Guodong,Dylan Emery,9,1542,1254,0.864117564265544,0.6726070170677604,790,461,4998,2747,143,65,817,399,36,22,862,474,24,13,418,203,5,0,0.0,1.0
Tom Ford,Ahmed Aly Elsayed,9,1368,842,0.9751748273219457,0.788348634008099,965,550,6537,3481,29,0,148,25,15,8,747,388,5,0,148,25,5,1,0.0,0.8333333333333334
Graeme Dott,Jimmy White,9,1326,1143,0.7588407806226307,0.6124209393479161,1199,698,8576,4609,1588,849,13161,6786,14,9,424,218,7,2,331,132,5,1,0.0,0.8333333333333334
Scott Donaldson,Wang Yuhang,9,1322,1000,0.889841863716281,0.6910430124157229,506,267,3246,1651,0,0,0,0,7,2,435,222,0,0,0,0,5,0,0.0,1.0
Ryan Day,Marco Fu,9,1362,1345,0.5261277964586326,0.5106234010049637,1333,786,8799,4783,983,573,7328,3966,8,3,691,351,8,3,340,171,5,2,0.0,0.7142857142857143
Mark Davis,Liam Davies,9,1385,1104,0.8583224919882384,0.668741821102192,1332,790,9140,4969,61,29,352,163,14,8,466,251,12,5,229,105,5,4,0.0,0.5555555555555556
Ali Carter,Joshua Thomond,9,1410,1033,0.9234293253223331,0.7196043690484492,1352,832,9114,5028,85,35,457,213,5,0,925,510,16,7,171,78,5,4,0.0,0.5555555555555556
Stuart Carrington,Daniel Womersley,9,1262,1104,0.7281552136873749,0.5974857658270161,529,279,3339,1735,116,55,592,283,13,8,382,195,0,0,173,81,5,2,0.0,0.7142857142857143
Alfie Burden,Stephen Maguire,9,1254,1380,0.31390588840468353,0.4218947671156908,825,427,5841,2961,1221,787,8907,4993,22,14,403,201,6,1,548,290,5,4,0.0,0.5555555555555556
Jordan Brown,Liam Graham,9,1221,1044,0.7516609934098428,0.6088545692109504,352,178,2169,1076,70,26,365,146,9,4,539,253,23,10,244,90,5,1,0.0,0.8333333333333334
Luca Brecel,Iulian Boiko,9,1423,1177,0.8267252595018073,0.6490805242445733,665,386,4458,2404,119,45,670,292,14,7,661,347,13,6,340,176,5,3,0.0,0.625
Mark Allen,Thor Chuan Leong,9,1565,1252,0.8834175494976392,0.6862186708976811,1114,742,7891,4489,201,75,1261,563,14,9,953,539,17,9,318,157,5,4,0.0,0.5555555555555556
Zhou Yuelong,Manasawin Phetmalaikul,9,1389,970,0.9431194043528308,0.7402945416674501,522,307,3285,1767,67,19,383,148,15,8,651,337,5,0,216,79,5,1,0.0,0.8333333333333334
Wu Yize,Jackson Page,9,1487,1407,0.6210284680300693,0.549833997312478,149,83,1027,537,225,116,1442,722,30,18,626,337,12,6,526,277,5,4,0.0,0.5555555555555556
Ben Woollaston,Amir Sarkhosh,9,1397,1112,0.8616551521813485,0.6709533329057776,852,480,5384,2858,47,20,304,150,20,13,494,260,8,3,162,77,5,0,0.0,1.0
Kyren Wilson,Peifan Lei,9,1619,1366,0.8333964892426636,0.6530561132866127,1089,699,6978,3953,141,71,862,425,60,36,1189,699,8,3,324,171,5,1,0.0,0.8333333333333334
Daniel Wells,Gary Wilson,9,1338,1379,0.43721337891955414,0.47439741167538224,541,271,3559,1784,755,433,4863,2607,24,12,481,256,9,4,802,416,5,4,0.0,0.5555555555555556
Hossein Vafaei,Yuan Sijun,9,1390,1414,0.46314122895623555,0.4850044983805899,349,210,2414,1286,293,155,1877,975,0,0,665,376,39,22,522,291,5,4,0.0,0.5555555555555556
Judd Trump,Long Zehuang,9,1662,1314,0.906900923551623,0.7047456979980911,1493,1076,10362,6270,91,46,521,264,19,12,1338,841,8,3,362,186,5,1,0.0,0.8333333333333334
Zak Surety,Jordan Brown,9,1293,1221,0.609266333359509,0.5448788923735801,270,124,1559,750,352,178,2169,1076,14,8,404,199,9,4,539,253,5,4,0.0,0.5555555555555556
Elliot Slessor,Lyu Haotian,9,1418,1356,0.5944158213362583,0.538672605206508,407,205,2483,1234,359,183,2349,1172,21,11,651,356,14,6,562,292,5,2,0.0,0.7142857142857143
Xu Si,Robert Milkins,9,1339,1318,0.5322627512389814,0.5131219861822433,223,99,1442,672,1155,664,7993,4259,15,9,496,251,16,7,797,387,5,3,0.0,0.625
Jimmy Robertson,Noppon Saengkham,9,1324,1385,0.4070775233607099,0.4619487156141408,767,420,4991,2599,483,252,3276,1657,22,11,584,304,9,4,670,355,5,3,0.0,0.625
Joe O'Connor,Alfie Burden,9,1394,1254,0.7048581689623228,0.5866175789173301,321,159,2011,1013,825,427,5841,2961,17,10,620,330,22,14,403,201,5,1,0.0,0.8333333333333334
Shaun Murphy,Zhou Jinhao,9,1505,1032,0.9620983818090073,0.7653970126407402,1394,914,10050,5706,10,4,67,29,19,14,818,467,0,0,67,29,5,0,0.0,1.0
Stan Moody,Graeme Dott,9,1318,1326,0.48769736295316923,0.4950001666600003,77,34,470,231,1199,698,8576,4609,14,9,395,195,14,9,424,218,5,2,0.0,0.7142857142857143
Jack Lisowski,Scott Donaldson,9,1441,1322,0.6765144327536381,0.5738312575916094,825,503,5398,2957,506,267,3246,1651,8,3,793,437,7,2,435,222,5,2,0.0,0.7142857142857143
David Lilley,Mark Allen,9,1286,1565,0.1433650919437889,0.3323667428828845,278,139,1649,828,1114,742,7891,4489,10,5,437,211,14,9,953,539,5,4,0.0,0.5555555555555556
Antoni Kowalski,Matthew Stevens,9,1191,1314,0.31799585449737267,0.42372507750673466,63,34,343,174,1148,660,8646,4679,20,11,219,114,7,2,451,230,5,3,0.0,0.625
Pang Junxu,Anthony McGill,9,1441,1410,0.5475616243336275,0.519365308229932,201,111,1313,686,775,461,5141,2792,9,4,749,408,37,24,511,273,5,0,0.0,1.0
Ding Junhui,Joe Perry,9,1541,1275,0.8453183804092873,0.660382673079216,1020,678,7848,4471,1400,809,9603,5177,0,0,762,420,9,4,487,240,5,2,0.0,0.7142857142857143
Duane Jones,Xiao Guodong,9,1227,1542,0.11513122622051847,0.31270571980279593,341,153,2029,984,790,461,4998,2747,7,2,327,157,36,22,862,474,5,4,0.0,0.5555555555555556
Liu Hongyu,Mark Selby,9,1305,1507,0.2192230652047451,0.37636637170177395,62,31,387,205,1597,1089,11378,6618,15,7,344,180,16,9,1065,600,5,2,0.0,0.7142857142857143
Michael Holt,Martin O'Donnell,9,1322,1291,0.5475616243336275,0.519365308229932,1030,580,7157,3775,532,271,3275,1654,7,2,296,154,5,0,453,231,5,3,0.0,0.625
Aaron Hill,Akani Songsermsawad,9,1326,1334,0.48769736295316923,0.4950001666600003,144,68,846,408,241,129,1585,818,35,20,450,229,14,6,155,85,5,3,0.0,0.625
John Higgins,Mark Davis,9,1546,1385,0.731942685280923,0.5992881635083561,1909,1344,14760,8697,1332,790,9140,4969,16,8,1079,630,14,8,466,251,5,1,0.0,0.8333333333333334
Louis Heathcote,Stuart Carrington,9,1297,1262,0.5536617994848322,0.5218610539716015,219,102,1274,624,529,279,3339,1735,7,2,456,234,13,8,382,195,5,3,0.0,0.625
Barry Hawkins,Jamie Jones,9,1558,1261,0.8713152214887023,0.6775422953274692,1377,863,9503,5325,689,403,4494,2409,52,30,858,491,5,0,474,223,5,2,0.0,0.7142857142857143
Tom Ford,Ishpreet Singh Chadha,9,1368,1230,0.7022109959534144,0.585404569129465,965,550,6537,3481,61,33,362,187,15,8,747,388,7,2,362,187,5,4,0.0,0.5555555555555556
Ali Carter,He Guoqiang,9,1410,1331,0.6195643657627519,0.5492151291013335,1352,832,9114,5028,85,48,540,279,5,0,925,510,9,5,457,247,5,3,0.0,0.625
Zhou Yuelong,Kyren Wilson,9,1389,1619,0.18918494086761764,0.36008390326226586,522,307,3285,1767,1089,699,6978,3953,15,8,651,337,60,36,1189,699,5,4,0.0,0.5555555555555556
Zak Surety,Duane Jones,9,1293,1227,0.6003745520777666,0.541156668150228,270,124,1559,750,341,153,2029,984,14,8,404,199,7,2,327,157,5,4,0.0,0.5555555555555556
Xu Si,Stan Moody,9,1339,1318,0.5322627512389814,0.5131219861822433,223,99,1442,672,77,34,470,231,15,9,496,251,14,9,395,195,5,3,0.0,0.625
Jimmy Robertson,Aaron Hill,9,1324,1326,0.49692386016813683,0.49875000260416025,767,420,4991,2599,144,68,846,408,22,11,584,304,35,20,450,229,5,4,0.0,0.5555555555555556
Joe O'Connor,Judd Trump,9,1394,1662,0.15290131676053062,0.33849684079704756,321,159,2011,1013,1493,1076,10362,6270,17,10,620,330,19,12,1338,841,5,2,0.0,0.7142857142857143
Shaun Murphy,Thepchaiya Un-Nooh,9,1505,1433,0.609266333359509,0.5448788923735801,1394,914,10050,5706,585,341,4022,2149,19,14,818,467,18,10,528,295,5,0,0.0,1.0
David Lilley,Wu Yize,9,1286,1487,0.22034677075439496,0.37695333963338384,278,139,1649,828,149,83,1027,537,10,5,437,211,30,18,626,337,5,4,0.0,0.5555555555555556
Pang Junxu,Tian Pengfei,9,1441,1272,0.7419044412047486,0.6040813228693781,201,111,1313,686,578,315,3786,1989,9,4,749,408,7,2,399,195,5,3,0.0,0.625
Ding Junhui,Hossein Vafaei,9,1541,1390,0.7192102444974917,0.5932699921071872,1020,678,7848,4471,349,210,2414,1286,0,0,762,420,0,0,665,376,5,3,0.0,0.625
Liu Hongyu,Elliot Slessor,9,1305,1418,0.3317960811303977,0.42984097461816473,62,31,387,205,407,205,2483,1234,15,7,344,180,21,11,651,356,5,4,0.0,0.5555555555555556
Michael Holt,Antoni Kowalski,9,1322,1191,0.6928574316362668,0.5811509642893937,1030,580,7157,3775,63,34,343,174,7,2,296,154,20,11,219,114,5,1,0.0,0.8333333333333334
John Higgins,Robbie Williams,9,1546,1321,0.8056549199917152,0.6370307944803831,1909,1344,14760,8697,576,308,3682,1888,16,8,1079,630,7,2,505,267,5,3,0.0,0.625
Barry Hawkins,Ben Woollaston,9,1558,1397,0.731942685280923,0.5992881635083561,1377,863,9503,5325,852,480,5384,2858,52,30,858,491,20,13,494,260,5,4,0.0,0.5555555555555556
Tom Ford,Daniel Wells,9,1368,1338,0.5460346743259274,0.5187412158785352,965,550,6537,3481,541,271,3559,1784,15,8,747,388,24,12,481,256,5,3,0.0,0.625
Ryan Day,Louis Heathcote,9,1362,1297,0.5988871099602557,0.5405358392737893,1333,786,8799,4783,219,102,1274,624,8,3,691,351,7,2,456,234,5,2,0.0,0.7142857142857143
Ali Carter,Jack Lisowski,9,1410,1441,0.45243837566637274,0.4806346917700681,1352,832,9114,5028,825,503,5398,2957,5,0,925,510,8,3,793,437,5,4,0.0,0.5555555555555556
Zak Surety,Liu Hongyu,9,1293,1305,0.4815498876457767,0.4925005624493796,270,124,1559,750,62,31,387,205,14,8,404,199,15,7,344,180,5,2,0.0,0.7142857142857143
Joe O'Connor,Michael Holt,9,1394,1322,0.609266333359509,0.5448788923735801,321,159,2011,1013,1030,580,7157,3775,17,10,620,330,7,2,296,154,5,3,0.0,0.625
Shaun Murphy,Ding Junhui,9,1505,1541,0.44481517986127356,0.4775151752081999,1394,914,10050,5706,1020,678,7848,4471,19,14,818,467,0,0,762,420,5,2,0.0,0.7142857142857143
Pang Junxu,Xu Si,9,1441,1339,0.6527423440531748,0.5634067862621936,201,111,1313,686,223,99,1442,672,9,4,749,408,15,9,496,251,5,2,0.0,0.7142857142857143
John Higgins,Zhou Yuelong,9,1546,1389,0.7268865315426611,0.596884378259767,1909,1344,14760,8697,522,307,3285,1767,16,8,1079,630,15,8,651,337,5,4,0.0,0.5555555555555556
Barry Hawkins,Ryan Day,9,1558,1362,0.773982891815793,0.6201064323430902,1377,863,9503,5325,1333,786,8799,4783,52,30,858,491,8,3,691,351,5,3,0.0,0.625
Tom Ford,Jimmy Robertson,9,1368,1324,0.5673362271953684,0.5274723043445937,965,550,6537,3481,767,420,4991,2599,15,8,747,388,22,11,584,304,5,3,0.0,0.625
Ali Carter,David Lilley,9,1410,1286,0.6833700957830113,0.5768852611320463,1352,832,9114,5028,278,139,1649,828,5,0,925,510,10,5,437,211,5,1,0.0,0.8333333333333334
Zak Surety,Tom Ford,9,1293,1368,0.38630986299123704,0.45326184801538616,270,124,1559,750,965,550,6537,3481,14,8,404,199,15,8,747,388,5,3,0.0,0.625
Joe O'Connor,Shaun Murphy,9,1394,1505,0.33458597162621984,0.43106679063045344,321,159,2011,1013,1394,914,10050,5706,17,10,620,330,19,14,818,467,5,1,0.0,0.8333333333333334
John Higgins,Pang Junxu,9,1546,1441,0.6569871207564459,0.5652507475670999,1909,1344,14760,8697,201,111,1313,686,16,8,1079,630,9,4,749,408,5,0,0.0,1.0
Ali Carter,Barry Hawkins,9,1410,1558,0.28466862205354465,0.40854102156721994,1352,832,9114,5028,1377,863,9503,5325,5,0,925,510,52,30,858,491,5,4,0.0,0.5555555555555556
Joe O'Connor,Ali Carter,11,1394,1410,0.4729513273017054,0.4900013331200346,321,159,2011,1013,1352,832,9114,5028,17,10,620,330,5,0,925,510,6,3,0.0,0.6666666666666666
John Higgins,Zak Surety,11,1546,1293,0.8564268061981422,0.6530561132866127,1909,1344,14760,8697,270,124,1559,750,16,8,1079,630,14,8,404,199,6,5,0.0,0.5454545454545454
John Higgins,Joe O'Connor,19,1546,1394,0.7986145671173226,0.5938731029341427,1909,1344,14760,8697,321,159,2011,1013,16,8,1079,630,17,10,620,330,10,6,0.0,0.625
Gary Wilson,Chris Wakelin,5,1383,1479,0.38909696303965713,0.44028635073280703,757,434,4878,2616,457,250,2937,1527,24,13,817,425,7,2,852,471,3,1,0.0,0.75
Chris Wakelin,Ryan Day,5,1479,1382,0.6120249765400066,0.5603296426885532,457,250,2937,1527,1336,788,8821,4796,7,2,852,471,30,16,713,364,3,1,0.0,0.75
Chris Wakelin,Hossein Vafaei,5,1479,1396,0.5962298160217396,0.5516896693427,457,250,2937,1527,352,212,2439,1299,7,2,852,471,25,13,690,389,3,2,0.0,0.6
Chris Wakelin,Jak Jones,5,1479,1462,0.5199128830889571,0.5106234010049637,457,250,2937,1527,427,214,2816,1366,7,2,852,471,29,18,773,427,3,2,0.0,0.6
Hossein Vafaei,Ryan Day,5,1396,1382,0.5164012271242515,0.5087491068802403,352,212,2439,1299,1336,788,8821,4796,25,13,690,389,30,16,713,364,3,0,0.0,1.0
Hossein Vafaei,Gary Wilson,5,1396,1383,0.5152303532348836,0.5081242849062608,352,212,2439,1299,757,434,4878,2616,25,13,690,389,24,13,817,425,3,1,0.0,0.75
Hossein Vafaei,Jak Jones,5,1396,1462,0.42317910919977986,0.45884333184977194,352,212,2439,1299,427,214,2816,1366,25,13,690,389,29,18,773,427,3,2,0.0,0.6
Hossein Vafaei,Elliot Slessor,5,1396,1424,0.46722764612604145,0.48250714233361025,352,212,2439,1299,410,207,2505,1248,25,13,690,389,43,25,673,370,3,1,0.0,0.75
Elliot Slessor,Chris Wakelin,5,1424,1479,0.43585008275662585,0.4656790563306954,410,207,2505,1248,457,250,2937,1527,43,25,673,370,7,2,852,471,3,1,0.0,0.75
Elliot Slessor,Gary Wilson,5,1424,1383,0.5479210075858741,0.5256025883246178,410,207,2505,1248,757,434,4878,2616,43,25,673,370,24,13,817,425,3,2,0.0,0.6
Pang Junxu,Gary Wilson,5,1454,1383,0.5825528969218903,0.5442588584178731,206,115,1345,706,757,434,4878,2616,41,24,781,428,24,13,817,425,3,2,0.0,0.6
Pang Junxu,Hossein Vafaei,5,1454,1396,0.5676133584967381,0.5361866202317948,206,115,1345,706,352,212,2439,1299,41,24,781,428,25,13,690,389,3,0,0.0,1.0
Pang Junxu,Elliot Slessor,5,1454,1424,0.5351068809607274,0.5187412158785352,206,115,1345,706,410,207,2505,1248,41,24,781,428,43,25,673,370,3,1,0.0,0.75
Pang Junxu,Chris Wakelin,5,1454,1479,0.47073170731370345,0.4843800842769844,206,115,1345,706,457,250,2937,1527,41,24,781,428,7,2,852,471,3,0,0.0,1.0
Jak Jones,Pang Junxu,5,1462,1454,0.5093740625937418,0.5049998333399998,427,214,2816,1366,206,115,1345,706,29,18,773,427,41,24,781,428,3,0,0.0,1.0
Jak Jones,Elliot Slessor,5,1462,1424,0.5444310026134622,0.523732154126561,427,214,2816,1366,410,207,2505,1248,29,18,773,427,43,25,673,370,3,1,0.0,0.75
Jak Jones,Gary Wilson,5,1462,1383,0.5916840725093613,0.5492151291013335,427,214,2816,1366,757,434,4878,2616,29,18,773,427,24,13,817,425,3,2,0.0,0.6
Ryan Day,Gary Wilson,5,1382,1383,0.49882812683105177,0.4993750003255206,1336,788,8821,4796,757,434,4878,2616,30,16,713,364,24,13,817,425,3,0,0.0,1.0
Ryan Day,Jak Jones,5,1382,1462,0.4071782065026308,0.45016600268752216,1336,788,8821,4796,427,214,2816,1366,30,16,713,364,29,18,773,427,3,0,0.0,1.0
Ryan Day,Pang Junxu,5,1382,1454,0.4163029406965494,0.45512110762641994,1336,788,8821,4796,206,115,1345,706,30,16,713,364,41,24,781,428,3,2,0.0,0.6
Ryan Day,Elliot Slessor,5,1382,1424,0.45091653617011773,0.4737740906279313,1336,788,8821,4796,410,207,2505,1248,30,16,713,364,43,25,673,370,3,1,0.0,0.75
Hossein Vafaei,Ryan Day,5,1396,1382,0.5164012271242515,0.5087491068802403,352,212,2439,1299,1336,788,8821,4796,25,13,690,389,30,16,713,364,3,1,0.0,0.75
Jak Jones,Pang Junxu,5,1462,1454,0.5093740625937418,0.5049998333399998,427,214,2816,1366,206,115,1345,706,29,18,773,427,41,24,781,428,3,1,0.0,0.75
Hossein Vafaei,Jak Jones,5,1396,1462,0.42317910919977986,0.45884333184977194,352,212,2439,1299,427,214,2816,1366,25,13,690,389,29,18,773,427,3,1,0.0,0.75
Chris Wakelin,Pang Junxu,5,1479,1454,0.5292682926862966,0.5156199157230156,457,250,2937,1527,206,115,1345,706,7,2,852,471,41,24,781,428,3,1,0.0,0.75
Chris Wakelin,Ryan Day,7,1479,1382,0.6300664956451868,0.5603296426885532,457,250,2937,1527,1336,788,8821,4796,7,2,852,471,30,16,713,364,3,0,0.0,1.0
Chris Wakelin,Robert Milkins,7,1479,1317,0.7099919234270913,0.5998883688639983,457,250,2937,1527,1157,665,8008,4267,7,2,852,471,31,15,812,395,3,0,0.0,1.0
Robert Milkins,Jak Jones,5,1317,1462,0.3354820857214928,0.4103545214372688,1157,665,8008,4267,427,214,2816,1366,31,15,812,395,29,18,773,427,3,1,0.0,0.75
Robert Milkins,Ryan Day,5,1317,1382,0.424327677877833,0.4594641607262107,1157,665,8008,4267,1336,788,8821,4796,31,15,812,395,30,16,713,364,3,1,0.0,0.75
Robert Milkins,Ali Carter,5,1317,1422,0.3790368287562745,0.43474925243290014,1157,665,8008,4267,1358,837,9164,5056,31,15,812,395,55,28,975,538,3,2,0.0,0.6
Pang Junxu,Robert Milkins,5,1454,1317,0.6559731969251956,0.584797674717737,206,115,1345,706,1157,665,8008,4267,41,24,781,428,31,15,812,395,3,1,0.0,0.75
Pang Junxu,Ali Carter,7,1454,1422,0.5436568604546561,0.5199893401555818,206,115,1345,706,1358,837,9164,5056,41,24,781,428,55,28,975,538,3,2,0.0,0.6
Jak Jones,Chris Wakelin,5,1462,1479,0.480087116911043,0.4893765989950364,427,214,2816,1366,457,250,2937,1527,29,18,773,427,7,2,852,471,3,0,0.0,1.0
Jak Jones,Ali Carter,5,1462,1422,0.5467581048282663,0.52497918747894,427,214,2816,1366,1358,837,9164,5056,29,18,773,427,55,28,975,538,3,2,0.0,0.6
Jak Jones,Pang Junxu,5,1462,1454,0.5093740625937418,0.5049998333399998,427,214,2816,1366,206,115,1345,706,29,18,773,427,41,24,781,428,3,0,0.0,1.0
Si Jiahui,Jak Jones,5,1437,1462,0.47073170731370345,0.4843800842769844,215,122,1447,777,427,214,2816,1366,19,9,833,461,29,18,773,427,3,2,0.0,0.6
Si Jiahui,Pang Junxu,5,1437,1454,0.480087116911043,0.4893765989950364,215,122,1447,777,206,115,1345,706,19,9,833,461,41,24,781,428,3,0,0.0,1.0
Si Jiahui,Ryan Day,5,1437,1382,0.5641499172433742,0.5343209436693046,215,122,1447,777,1336,788,8821,4796,19,9,833,461,30,16,713,364,3,1,0.0,0.75
Si Jiahui,Chris Wakelin,5,1437,1479,0.45091653617011773,0.4737740906279313,215,122,1447,777,457,250,2937,1527,19,9,833,461,7,2,852,471,3,2,0.0,0.6
Si Jiahui,Robert Milkins,7,1437,1317,0.6592810606298003,0.574442516811659,215,122,1447,777,1157,665,8008,4267,19,9,833,461,31,15,812,395,3,1,0.0,0.75
Ryan Day,Pang Junxu,5,1382,1454,0.4163029406965494,0.45512110762641994,1336,788,8821,4796,206,115,1345,706,30,16,713,364,41,24,781,428,3,0,0.0,1.0
Ryan Day,Jak Jones,7,1382,1462,0.3920645840647391,0.45016600268752216,1336,788,8821,4796,427,214,2816,1366,30,16,713,364,29,18,773,427,3,2,0.0,0.6
Ali Carter,Ryan Day,5,1422,1382,0.5467581048282663,0.52497918747894,1358,837,9164,5056,1336,788,8821,4796,55,28,975,538,30,16,713,364,3,2,0.0,0.6
Ali Carter,Chris Wakelin,5,1422,1479,0.43354050968264723,0.4644351620161461,1358,837,9164,5056,457,250,2937,1527,55,28,975,538,7,2,852,471,3,1,0.0,0.75
Ali Carter,Si Jiahui,7,1422,1437,0.47950179614537025,0.4906260984783392,1358,837,9164,5056,215,122,1447,777,55,28,975,538,19,9,833,461,3,1,0.0,0.75
Jak Jones,Ali Carter,5,1462,1422,0.5467581048282663,0.52497918747894,427,214,2816,1366,1358,837,9164,5056,29,18,773,427,55,28,975,538,3,1,0.0,0.75
Si Jiahui,Chris Wakelin,5,1437,1479,0.45091653617011773,0.4737740906279313,215,122,1447,777,457,250,2937,1527,19,9,833,461,7,2,852,471,3,2,0.0,0.6
Si Jiahui,Jak Jones,5,1437,1462,0.47073170731370345,0.4843800842769844,215,122,1447,777,427,214,2816,1366,19,9,833,461,29,18,773,427,3,2,0.0,0.6
Kyren Wilson,Jak Jones,5,1614,1462,0.671919682062295,0.5938731029341427,1092,701,7000,3967,427,214,2816,1366,82,50,1211,713,29,18,773,427,3,1,0.0,0.75
Kyren Wilson,Chris Wakelin,5,1614,1479,0.6538232022339039,0.5835831155172753,1092,701,7000,3967,457,250,2937,1527,82,50,1211,713,7,2,852,471,3,1,0.0,0.75
Kyren Wilson,Ali Carter,5,1614,1422,0.7127504569085797,0.617747874769249,1092,701,7000,3967,1358,837,9164,5056,82,50,1211,713,55,28,975,538,3,2,0.0,0.6
Kyren Wilson,Robert Milkins,5,1614,1317,0.805968439354845,0.6775422953274692,1092,701,7000,3967,1157,665,8008,4267,82,50,1211,713,31,15,812,395,3,1,0.0,0.75
Kyren Wilson,Ronnie O'Sullivan,5,1614,1560,0.5629942332606505,0.5336988354329009,1092,701,7000,3967,1546,1177,13347,8139,82,50,1211,713,0,0,800,481,3,1,0.0,0.75
Chris Wakelin,Ali Carter,5,1479,1422,0.5664594903173529,0.5355648379838539,457,250,2937,1527,1358,837,9164,5056,7,2,852,471,55,28,975,538,3,0,0.0,1.0
Chris Wakelin,Ronnie O'Sullivan,5,1479,1560,0.4060413356537326,0.4495472886604723,457,250,2937,1527,1546,1177,13347,8139,7,2,852,471,0,0,800,481,3,2,0.0,0.6
Mark Selby,Chris Wakelin,5,1478,1479,0.49882812683105177,0.4993750003255206,1599,1090,11394,6625,457,250,2937,1527,32,16,1081,607,7,2,852,471,3,0,0.0,1.0
Mark Selby,Jak Jones,5,1478,1462,0.518742502998949,0.5099986668799655,1599,1090,11394,6625,427,214,2816,1366,32,16,1081,607,29,18,773,427,3,0,0.0,1.0
Mark Selby,Ali Carter,5,1478,1422,0.5653050064173626,0.5349429451582145,1599,1090,11394,6625,1358,837,9164,5056,32,16,1081,607,55,28,975,538,3,1,0.0,0.75
Mark Selby,Ronnie O'Sullivan,5,1478,1560,0.4049053248517203,0.448928730692658,1599,1090,11394,6625,1546,1177,13347,8139,32,16,1081,607,0,0,800,481,3,2,0.0,0.6
Mark Selby,Robert Milkins,5,1478,1317,0.6813292184661539,0.5992881635083561,1599,1090,11394,6625,1157,665,8008,4267,32,16,1081,607,31,15,812,395,3,1,0.0,0.75
Mark Selby,Kyren Wilson,5,1478,1614,0.34510112163681234,0.4158094770645927,1599,1090,11394,6625,1092,701,7000,3967,32,16,1081,607,82,50,1211,713,3,1,0.0,0.75
Ronnie O'Sullivan,Jak Jones,5,1560,1462,0.6131459012867562,0.5609454503247162,1546,1177,13347,8139,427,214,2816,1366,0,0,800,481,29,18,773,427,3,2,0.0,0.6
Robert Milkins,Ronnie O'Sullivan,5,1317,1560,0.23926655799738164,0.35262969241845105,1157,665,8008,4267,1546,1177,13347,8139,31,15,812,395,0,0,800,481,3,2,0.0,0.6
Robert Milkins,Chris Wakelin,5,1317,1479,0.31763291654146486,0.40011163113600173,1157,665,8008,4267,457,250,2937,1527,31,15,812,395,7,2,852,471,3,2,0.0,0.6
Jak Jones,Robert Milkins,5,1462,1317,0.6645179142785071,0.5896454785627312,427,214,2816,1366,1157,665,8008,4267,29,18,773,427,31,15,812,395,3,2,0.0,0.6
Jak Jones,Chris Wakelin,5,1462,1479,0.480087116911043,0.4893765989950364,427,214,2816,1366,457,250,2937,1527,29,18,773,427,7,2,852,471,3,2,0.0,0.6
Ali Carter,Robert Milkins,5,1422,1317,0.6209631712437256,0.5652507475670999,1358,837,9164,5056,1157,665,8008,4267,55,28,975,538,31,15,812,395,3,0,0.0,1.0
Ali Carter,Jak Jones,5,1422,1462,0.4532418951717338,0.47502081252106,1358,837,9164,5056,427,214,2816,1366,55,28,975,538,29,18,773,427,3,0,0.0,1.0
Kyren Wilson,Ali Carter,5,1614,1422,0.7127504569085797,0.617747874769249,1092,701,7000,3967,1358,837,9164,5056,82,50,1211,713,55,28,975,538,3,2,0.0,0.6
Jak Jones,Mark Selby,5,1462,1478,0.48125749700105125,0.4900013331200346,427,214,2816,1366,1599,1090,11394,6625,29,18,773,427,32,16,1081,607,3,1,0.0,0.75
Kyren Wilson,Jak Jones,5,1614,1462,0.671919682062295,0.5938731029341427,1092,701,7000,3967,427,214,2816,1366,82,50,1211,713,29,18,773,427,3,2,0.0,0.6
Matthew Selt,Joe O'Connor,5,1374,1458,0.4026359228886278,0.4476920904256748,899,488,5799,3020,328,165,2071,1050,16,6,803,418,77,47,680,367,3,2,0.0,0.6
Matthew Selt,Jimmy Robertson,5,1374,1332,0.5490834638298823,0.5262259093720687,899,488,5799,3020,771,423,5024,2617,16,6,803,418,55,29,617,322,3,1,0.0,0.75
Matthew Selt,Jackson Page,5,1374,1418,0.44859300598100715,0.47252769565540637,899,488,5799,3020,227,117,1457,731,16,6,803,418,27,15,541,286,3,1,0.0,0.75
Mark Selby,Jackson Page,5,1478,1418,0.5699192060024199,0.5374298453437496,1599,1090,11394,6625,227,117,1457,731,32,16,1081,607,27,15,541,286,3,1,0.0,0.75
Mark Selby,Jimmy Robertson,5,1478,1332,0.6655796568538406,0.5902502519301834,1599,1090,11394,6625,771,423,5024,2617,32,16,1081,607,55,29,617,322,3,2,0.0,0.6
Mark Selby,Jak Jones,5,1478,1462,0.518742502998949,0.5099986668799655,1599,1090,11394,6625,427,214,2816,1366,32,16,1081,607,29,18,773,427,3,1,0.0,0.75
Mark Selby,Matthew Selt,5,1478,1374,0.6198496125403973,0.5646362918030292,1599,1090,11394,6625,899,488,5799,3020,32,16,1081,607,16,6,803,418,3,2,0.0,0.6
Jimmy Robertson,Jackson Page,5,1332,1418,0.4003700793483155,0.4464560968488817,771,423,5024,2617,227,117,1457,731,55,29,617,322,27,15,541,286,3,1,0.0,0.75
Jackson Page,Jak Jones,5,1418,1462,0.44859300598100715,0.47252769565540637,227,117,1457,731,427,214,2816,1366,27,15,541,286,29,18,773,427,3,2,0.0,0.6
Joe O'Connor,Jackson Page,5,1458,1418,0.5467581048282663,0.52497918747894,328,165,2071,1050,227,117,1457,731,77,47,680,367,27,15,541,286,3,0,0.0,1.0
Joe O'Connor,Mark Selby,5,1458,1478,0.47657713928723755,0.4875026035157896,328,165,2071,1050,1599,1090,11394,6625,77,47,680,367,32,16,1081,607,3,2,0.0,0.6
Joe O'Connor,Jimmy Robertson,5,1458,1332,0.6440823753606748,0.5781052328843092,328,165,2071,1050,771,423,5024,2617,77,47,680,367,55,29,617,322,3,1,0.0,0.75
Joe O'Connor,Jak Jones,5,1458,1462,0.4953126171845704,0.49750002083312506,328,165,2071,1050,427,214,2816,1366,77,47,680,367,29,18,773,427,3,2,0.0,0.6
Jak Jones,Stuart Bingham,5,1462,1420,0.5490834638298823,0.5262259093720687,427,214,2816,1366,1530,964,10589,5993,29,18,773,427,11,1,767,408,3,0,0.0,1.0
Jak Jones,Jimmy Robertson,5,1462,1332,0.6484247428452856,0.5805423048206596,427,214,2816,1366,771,423,5024,2617,29,18,773,427,55,29,617,322,3,1,0.0,0.75
Jak Jones,Matthew Selt,5,1462,1374,0.6018921274654135,0.5547792351072148,427,214,2816,1366,899,488,5799,3020,29,18,773,427,16,6,803,418,3,1,0.0,0.75
Stuart Bingham,Mark Selby,5,1420,1478,0.4323866415032619,0.4638133797682053,1530,964,10589,5993,1599,1090,11394,6625,11,1,767,408,32,16,1081,607,3,0,0.0,1.0
Stuart Bingham,Joe O'Connor,5,1420,1458,0.4555689973865378,0.4762678458734389,1530,964,10589,5993,328,165,2071,1050,11,1,767,408,77,47,680,367,3,0,0.0,1.0
Stuart Bingham,Jimmy Robertson,5,1420,1332,0.6018921274654135,0.5547792351072148,1530,964,10589,5993,771,423,5024,2617,11,1,767,408,55,29,617,322,3,2,0.0,0.6
Stuart Bingham,Jackson Page,5,1420,1418,0.5023437353516541,0.5012499973958399,1530,964,10589,5993,227,117,1457,731,11,1,767,408,27,15,541,286,3,1,0.0,0.75
Stuart Bingham,Matthew Selt,5,1420,1374,0.5537286100231147,0.5287183569514396,1530,964,10589,5993,899,488,5799,3020,11,1,767,408,16,6,803,418,3,1,0.0,0.75
Mark Selby,Joe O'Connor,5,1478,1458,0.5234228607127622,0.5124973964842103,1599,1090,11394,6625,328,165,2071,1050,32,16,1081,607,77,47,680,367,3,1,0.0,0.75
Jak Jones,Stuart Bingham,5,1462,1420,0.5490834638298823,0.5262259093720687,427,214,2816,1366,1530,964,10589,5993,29,18,773,427,11,1,767,408,3,2,0.0,0.6
Mark Selby,Jak Jones,5,1478,1462,0.518742502998949,0.5099986668799655,1599,1090,11394,6625,427,214,2816,1366,32,16,1081,607,29,18,773,427,3,0,0.0,1.0
Judd Trump,Joe O'Connor,5,1656,1458,0.7186439649886105,0.6212835951910678,1496,1078,10380,6282,328,165,2071,1050,37,24,1356,853,77,47,680,367,3,2,0.0,0.6
Judd Trump,Jak Jones,5,1656,1462,0.7147219959028013,0.6189278548001903,1496,1078,10380,6282,427,214,2816,1366,37,24,1356,853,29,18,773,427,3,1,0.0,0.75
Judd Trump,Neil Robertson,5,1656,1556,0.6153846686052461,0.5621765008857981,1496,1078,10380,6282,1311,872,9578,5522,37,24,1356,853,31,19,780,438,3,0,0.0,1.0
Judd Trump,Stuart Bingham,5,1656,1420,0.7544397107772243,0.6433651456944017,1496,1078,10380,6282,1530,964,10589,5993,37,24,1356,853,11,1,767,408,3,1,0.0,0.75
Judd Trump,Tom Ford,5,1656,1372,0.7956248745035547,0.6704011598088686,1496,1078,10380,6282,970,554,6576,3504,37,24,1356,853,54,31,786,411,3,1,0.0,0.75
Matthew Selt,Stuart Bingham,5,1374,1420,0.4462713899768853,0.4712816430485603,899,488,5799,3020,1530,964,10589,5993,16,6,803,418,11,1,767,408,3,2,0.0,0.6
Matthew Selt,Judd Trump,5,1374,1656,0.20599753577229885,0.33070459722255396,899,488,5799,3020,1496,1078,10380,6282,16,6,803,418,37,24,1356,853,3,2,0.0,0.6
Matthew Selt,Tom Ford,5,1374,1372,0.5023437353516541,0.5012499973958399,899,488,5799,3020,970,554,6576,3504,16,6,803,418,54,31,786,411,3,1,0.0,0.75
Neil Robertson,Stuart Bingham,5,1556,1420,0.6548988783631877,0.5841905229354074,1311,872,9578,5522,1530,964,10589,5993,31,19,780,438,11,1,767,408,3,1,0.0,0.75
Neil Robertson,Matthew Selt,5,1556,1374,0.7027890371807617,0.6118273690017371,1311,872,9578,5522,899,488,5799,3020,31,19,780,438,16,6,803,418,3,2,0.0,0.6
Joe O'Connor,Neil Robertson,5,1458,1556,0.3868540987132437,0.43905454967528373,328,165,2071,1050,1311,872,9578,5522,77,47,680,367,31,19,780,438,3,0,0.0,1.0
Joe O'Connor,Matthew Selt,5,1458,1374,0.5973640771113724,0.5523079095743253,328,165,2071,1050,899,488,5799,3020,77,47,680,367,16,6,803,418,3,2,0.0,0.6
Jak Jones,Tom Ford,5,1462,1372,0.6041506196887392,0.5560138905446199,427,214,2816,1366,970,554,6576,3504,29,18,773,427,54,31,786,411,3,1,0.0,0.75
Jak Jones,Matthew Selt,5,1462,1374,0.6018921274654135,0.5547792351072148,427,214,2816,1366,899,488,5799,3020,29,18,773,427,16,6,803,418,3,0,0.0,1.0
Jak Jones,Neil Robertson,5,1462,1556,0.39134384883894247,0.44151888756183866,427,214,2816,1366,1311,872,9578,5522,29,18,773,427,31,19,780,438,3,1,0.0,0.75
Jak Jones,Stuart Bingham,5,1462,1420,0.5490834638298823,0.5262259093720687,427,214,2816,1366,1530,964,10589,5993,29,18,773,427,11,1,767,408,3,0,0.0,1.0
Jak Jones,Joe O'Connor,5,1462,1458,0.5046873828154295,0.5024999791668749,427,214,2816,1366,328,165,2071,1050,29,18,773,427,77,47,680,367,3,1,0.0,0.75
Tom Ford,Joe O'Connor,5,1372,1458,0.4003700793483155,0.4464560968488817,970,554,6576,3504,328,165,2071,1050,54,31,786,411,77,47,680,367,3,2,0.0,0.6
Tom Ford,Neil Robertson,5,1372,1556,0.2952050048366186,0.38698582386066455,970,554,6576,3504,1311,872,9578,5522,54,31,786,411,31,19,780,438,3,0,0.0,1.0
Stuart Bingham,Tom Ford,5,1420,1372,0.5560482267070074,0.5299640517645717,1530,964,10589,5993,970,554,6576,3504,11,1,767,408,54,31,786,411,3,1,0.0,0.75
Stuart Bingham,Joe O'Connor,5,1420,1458,0.4555689973865378,0.4762678458734389,1530,964,10589,5993,328,165,2071,1050,11,1,767,408,77,47,680,367,3,2,0.0,0.6
Judd Trump,Joe O'Connor,5,1656,1458,0.7186439649886105,0.6212835951910678,1496,1078,10380,6282,328,165,2071,1050,37,24,1356,853,77,47,680,367,3,2,0.0,0.6
Matthew Selt,Jak Jones,5,1374,1462,0.3981078725345865,0.4452207648927852,899,488,5799,3020,427,214,2816,1366,16,6,803,418,29,18,773,427,3,1,0.0,0.75
Matthew Selt,Judd Trump,5,1374,1656,0.20599753577229885,0.33070459722255396,899,488,5799,3020,1496,1078,10380,6282,16,6,803,418,37,24,1356,853,3,0,0.0,1.0
Judd Trump,Noppon Saengkham,5,1656,1383,0.786599574359141,0.6642964428999887,1496,1078,10380,6282,485,253,3290,1665,37,24,1356,853,23,12,684,363,3,2,0.0,0.6
Judd Trump,Tom Ford,5,1656,1372,0.7956248745035547,0.6704011598088686,1496,1078,10380,6282,970,554,6576,3504,37,24,1356,853,54,31,786,411,3,0,0.0,1.0
Judd Trump,Jak Jones,5,1656,1462,0.7147219959028013,0.6189278548001903,1496,1078,10380,6282,427,214,2816,1366,37,24,1356,853,29,18,773,427,3,1,0.0,0.75
Judd Trump,Jack Lisowski,5,1656,1442,0.7340441511188396,0.6306485256510744,1496,1078,10380,6282,828,505,5422,2971,37,24,1356,853,32,17,817,451,3,2,0.0,0.6
Noppon Saengkham,Tom Ford,5,1383,1372,0.5128881883269052,0.5068745667645342,485,253,3290,1665,970,554,6576,3504,23,12,684,363,54,31,786,411,3,1,0.0,0.75
Noppon Saengkham,Jack Lisowski,5,1383,1442,0.43123339947212014,0.46319171001101955,485,253,3290,1665,828,505,5422,2971,23,12,684,363,32,17,817,451,3,1,0.0,0.75
Noppon Saengkham,David Gilbert,5,1383,1435,0.43931887717855383,0.4675456936126812,485,253,3290,1665,976,574,6686,3621,23,12,684,363,13,3,685,381,3,1,0.0,0.75
Joe O'Connor,Judd Trump,5,1458,1656,0.2813560350113895,0.37871640480893215,328,165,2071,1050,1496,1078,10380,6282,77,47,680,367,37,24,1356,853,3,1,0.0,0.75
Joe O'Connor,Jack Lisowski,5,1458,1442,0.518742502998949,0.5099986668799655,328,165,2071,1050,828,505,5422,2971,77,47,680,367,32,17,817,451,3,0,0.0,1.0
Joe O'Connor,David Gilbert,5,1458,1435,0.5269308649588145,0.5143710406970602,328,165,2071,1050,976,574,6686,3621,77,47,680,367,13,3,685,381,3,0,0.0,1.0
Joe O'Connor,Jak Jones,5,1458,1462,0.4953126171845704,0.49750002083312506,328,165,2071,1050,427,214,2816,1366,77,47,680,367,29,18,773,427,3,0,0.0,1.0
Joe O'Connor,Noppon Saengkham,5,1458,1383,0.587124886219757,0.5467381519846138,328,165,2071,1050,485,253,3290,1665,77,47,680,367,23,12,684,363,3,0,0.0,1.0
Joe O'Connor,Tom Ford,5,1458,1372,0.5996299206516844,0.5535439031511183,328,165,2071,1050,970,554,6576,3504,77,47,680,367,54,31,786,411,3,1,0.0,0.75
Jack Lisowski,Jak Jones,5,1442,1462,0.47657713928723755,0.4875026035157896,828,505,5422,2971,427,214,2816,1366,32,17,817,451,29,18,773,427,3,1,0.0,0.75
Jak Jones,Noppon Saengkham,5,1462,1383,0.5916840725093613,0.5492151291013335,427,214,2816,1366,485,253,3290,1665,29,18,773,427,23,12,684,363,3,1,0.0,0.75
Jak Jones,Tom Ford,5,1462,1372,0.6041506196887392,0.5560138905446199,427,214,2816,1366,970,554,6576,3504,29,18,773,427,54,31,786,411,3,1,0.0,0.75
David Gilbert,Jak Jones,5,1435,1462,0.4683953746377971,0.48313140430861523,976,574,6686,3621,427,214,2816,1366,13,3,685,381,29,18,773,427,3,1,0.0,0.75
David Gilbert,Tom Ford,5,1435,1372,0.5733730992985561,0.5392938058983595,976,574,6686,3621,970,554,6576,3504,13,3,685,381,54,31,786,411,3,0,0.0,1.0
David Gilbert,Judd Trump,5,1435,1656,0.2593666185416439,0.3652845846208415,976,574,6686,3621,1496,1078,10380,6282,13,3,685,381,37,24,1356,853,3,1,0.0,0.75
David Gilbert,Jack Lisowski,5,1435,1442,0.4917975030036759,0.4956251116502266,976,574,6686,3621,828,505,5422,2971,13,3,685,381,32,17,817,451,3,1,0.0,0.75
Tom Ford,Jack Lisowski,5,1372,1442,0.4185920253008928,0.4563613127629212,970,554,6576,3504,828,505,5422,2971,54,31,786,411,32,17,817,451,3,0,0.0,1.0
Judd Trump,David Gilbert,5,1656,1435,0.7406333814583561,0.6347154153791584,1496,1078,10380,6282,976,574,6686,3621,37,24,1356,853,13,3,685,381,3,1,0.0,0.75
Joe O'Connor,Noppon Saengkham,5,1458,1383,0.587124886219757,0.5467381519846138,328,165,2071,1050,485,253,3290,1665,77,47,680,367,23,12,684,363,3,2,0.0,0.6
Judd Trump,Joe O'Connor,5,1656,1458,0.7186439649886105,0.6212835951910678,1496,1078,10380,6282,328,165,2071,1050,37,24,1356,853,77,47,680,367,3,0,0.0,1.0
Zhou Yuelong,Noppon Saengkham,5,1421,1383,0.5444310026134622,0.523732154126561,526,310,3315,1786,485,253,3290,1665,45,27,681,356,23,12,684,363,3,2,0.0,0.6
Zhou Yuelong,Joe O'Connor,5,1421,1458,0.45673317538964675,0.4768914745109111,526,310,3315,1786,328,165,2071,1050,45,27,681,356,77,47,680,367,3,0,0.0,1.0
Ricky Walden,Joe O'Connor,5,1367,1458,0.3947215513809864,0.44336904007774663,1186,701,7979,4363,328,165,2071,1050,29,20,715,368,77,47,680,367,3,2,0.0,0.6
Ricky Walden,Noppon Saengkham,5,1367,1383,0.48125749700105125,0.4900013331200346,1186,701,7979,4363,485,253,3290,1665,29,20,715,368,23,12,684,363,3,1,0.0,0.75
Ricky Walden,David Gilbert,5,1367,1435,0.4208841086347308,0.45760205922564895,1186,701,7979,4363,976,574,6686,3621,29,20,715,368,13,3,685,381,3,2,0.0,0.6
Ricky Walden,Jak Jones,5,1367,1462,0.3902199079950799,0.440902528097607,1186,701,7979,4363,427,214,2816,1366,29,20,715,368,29,18,773,427,3,0,0.0,1.0
Ricky Walden,Xiao Guodong,5,1367,1538,0.30836288588779653,0.39472346622515553,1186,701,7979,4363,792,462,5012,2756,29,20,715,368,50,31,876,483,3,1,0.0,0.75
Ricky Walden,Zhou Yuelong,5,1367,1421,0.4370057667393497,0.4663011645670992,1186,701,7979,4363,526,310,3315,1786,29,20,715,368,45,27,681,356,3,1,0.0,0.75
Noppon Saengkham,David Gilbert,5,1383,1435,0.43931887717855383,0.4675456936126812,485,253,3290,1665,976,574,6686,3621,23,12,684,363,13,3,685,381,3,1,0.0,0.75
Noppon Saengkham,Joe O'Connor,5,1383,1458,0.412875113780243,0.45326184801538616,485,253,3290,1665,328,165,2071,1050,23,12,684,363,77,47,680,367,3,0,0.0,1.0
Xiao Guodong,David Gilbert,5,1538,1435,0.6187349736700456,0.5640216374262577,792,462,5012,2756,976,574,6686,3621,50,31,876,483,13,3,685,381,3,1,0.0,0.75
Xiao Guodong,Joe O'Connor,5,1538,1458,0.5928217934973694,0.549833997312478,792,462,5012,2756,328,165,2071,1050,50,31,876,483,77,47,680,367,3,2,0.0,0.6
Xiao Guodong,Zhou Yuelong,5,1538,1421,0.6342383043394371,0.5726080638632601,792,462,5012,2756,526,310,3315,1786,50,31,876,483,45,27,681,356,3,1,0.0,0.75
Xiao Guodong,Noppon Saengkham,5,1538,1383,0.6750697933135998,0.5956807306078472,792,462,5012,2756,485,253,3290,1665,50,31,876,483,23,12,684,363,3,1,0.0,0.75
David Gilbert,Zhou Yuelong,5,1435,1421,0.5164012271242515,0.5087491068802403,976,574,6686,3621,526,310,3315,1786,13,3,685,381,45,27,681,356,3,1,0.0,0.75
David Gilbert,Joe O'Connor,5,1435,1458,0.4730691350411855,0.4856289593029398,976,574,6686,3621,328,165,2071,1050,13,3,685,381,77,47,680,367,3,1,0.0,0.75
Xiao Guodong,Noppon Saengkham,5,1538,1383,0.6750697933135998,0.5956807306078472,792,462,5012,2756,485,253,3290,1665,50,31,876,483,23,12,684,363,3,0,0.0,1.0
David Gilbert,Ricky Walden,5,1435,1367,0.5791158913652692,0.542397940774351,976,574,6686,3621,1186,701,7979,4363,13,3,685,381,29,20,715,368,3,2,0.0,0.6
Xiao Guodong,David Gilbert,5,1538,1435,0.6187349736700456,0.5640216374262577,792,462,5012,2756,976,574,6686,3621,50,31,876,483,13,3,685,381,3,2,0.0,0.6
Kyren Wilson,Hossein Vafaei,5,1614,1396,0.7378206707294854,0.6329747766804606,1092,701,7000,3967,352,212,2439,1299,82,50,1211,713,25,13,690,389,3,1,0.0,0.75
Kyren Wilson,Si Jiahui,5,1614,1437,0.6977447588697662,0.6088545692109504,1092,701,7000,3967,215,122,1447,777,82,50,1211,713,19,9,833,461,3,2,0.0,0.6
Kyren Wilson,Matthew Selt,5,1614,1374,0.7580478951370674,0.6456563062257954,1092,701,7000,3967,899,488,5799,3020,82,50,1211,713,16,6,803,418,3,0,0.0,1.0
Hossein Vafaei,Si Jiahui,5,1396,1437,0.45207899241412597,0.47439741167538224,352,212,2439,1299,215,122,1447,777,25,13,690,389,19,9,833,461,3,0,0.0,1.0
Hossein Vafaei,Xiao Guodong,5,1396,1538,0.3386758544402013,0.41217046151748854,352,212,2439,1299,792,462,5012,2756,25,13,690,389,50,31,876,483,3,0,0.0,1.0
Hossein Vafaei,Matthew Selt,5,1396,1374,0.5257617676645827,0.513746534902355,352,212,2439,1299,899,488,5799,3020,25,13,690,389,16,6,803,418,3,0,0.0,1.0
Judd Trump,Matthew Selt,5,1656,1374,0.794002464227701,0.669295402777446,1496,1078,10380,6282,899,488,5799,3020,37,24,1356,853,16,6,803,418,3,2,0.0,0.6
Judd Trump,Kyren Wilson,5,1656,1614,0.5490834638298823,0.5262259093720687,1496,1078,10380,6282,1092,701,7000,3967,37,24,1356,853,82,50,1211,713,3,0,0.0,1.0
Judd Trump,Hossein Vafaei,5,1656,1396,0.7756138085243847,0.6570104626734988,1496,1078,10380,6282,352,212,2439,1299,37,24,1356,853,25,13,690,389,3,2,0.0,0.6
Judd Trump,Xiao Guodong,5,1656,1538,0.6353369950989738,0.5732197726798348,1496,1078,10380,6282,792,462,5012,2756,37,24,1356,853,50,31,876,483,3,2,0.0,0.6
Judd Trump,Mark Selby,5,1656,1478,0.6987569478302973,0.6094497836283252,1496,1078,10380,6282,1599,1090,11394,6625,37,24,1356,853,32,16,1081,607,3,2,0.0,0.6
Judd Trump,Si Jiahui,5,1656,1437,0.7387601225796558,0.633555377636775,1496,1078,10380,6282,215,122,1447,777,37,24,1356,853,19,9,833,461,3,1,0.0,0.75
Matthew Selt,Si Jiahui,5,1374,1437,0.42662690070144405,0.4607061941016405,899,488,5799,3020,215,122,1447,777,16,6,803,418,19,9,833,461,3,1,0.0,0.75
Matthew Selt,Mark Selby,5,1374,1478,0.38015038745960283,0.4353637081969708,899,488,5799,3020,1599,1090,11394,6625,16,6,803,418,32,16,1081,607,3,2,0.0,0.6
Mark Selby,Xiao Guodong,5,1478,1538,0.4300807939975804,0.46257015465625045,1599,1090,11394,6625,792,462,5012,2756,32,16,1081,607,50,31,876,483,3,2,0.0,0.6
Mark Selby,Si Jiahui,5,1478,1437,0.5479210075858741,0.5256025883246178,1599,1090,11394,6625,215,122,1447,777,32,16,1081,607,19,9,833,461,3,2,0.0,0.6
Mark Selby,Kyren Wilson,5,1478,1614,0.34510112163681234,0.4158094770645927,1599,1090,11394,6625,1092,701,7000,3967,32,16,1081,607,82,50,1211,713,3,1,0.0,0.75
Mark Selby,Hossein Vafaei,5,1478,1396,0.5950946751482796,0.551071269307342,1599,1090,11394,6625,352,212,2439,1299,32,16,1081,607,25,13,690,389,3,0,0.0,1.0
Si Jiahui,Xiao Guodong,5,1437,1538,0.38349750758420054,0.43720825986135486,215,122,1447,777,792,462,5012,2756,19,9,833,461,50,31,876,483,3,2,0.0,0.6
Xiao Guodong,Matthew Selt,5,1538,1374,0.6844381447775079,0.6010878788483698,792,462,5012,2756,899,488,5799,3020,50,31,876,483,16,6,803,418,3,0,0.0,1.0
Xiao Guodong,Kyren Wilson,5,1538,1614,0.4117340918258475,0.45264238185691075,792,462,5012,2756,1092,701,7000,3967,50,31,876,483,82,50,1211,713,3,0,0.0,1.0
Kyren Wilson,Judd Trump,5,1614,1656,0.45091653617011773,0.4737740906279313,1092,701,7000,3967,1496,1078,10380,6282,82,50,1211,713,37,24,1356,853,3,0,0.0,1.0
Mark Selby,Hossein Vafaei,5,1478,1396,0.5950946751482796,0.551071269307342,1599,1090,11394,6625,352,212,2439,1299,32,16,1081,607,25,13,690,389,3,1,0.0,0.75
Mark Selby,Kyren Wilson,5,1478,1614,0.34510112163681234,0.4158094770645927,1599,1090,11394,6625,1092,701,7000,3967,32,16,1081,607,82,50,1211,713,3,0,0.0,1.0
Kyren Wilson,Zhang Anda,11,1599,1399,0.8006450896034027,0.6224593312018546,1108,712,7063,4002,508,265,3553,1815,145,85,1274,748,31,15,790,432,6,4,0.0,0.6
Judd Trump,Barry Hawkins,11,1649,1554,0.6563156776858904,0.559097471902393,1519,1096,10475,6340,1382,867,9542,5349,132,82,1451,911,91,54,897,515,6,1,0.0,0.8571428571428571
Mark Selby,Ali Carter,11,1567,1432,0.7160705162153687,0.5835831155172753,1622,1108,11488,6686,1371,842,9219,5083,126,77,1175,668,110,55,1030,565,6,1,0.0,0.8571428571428571
Neil Robertson,John Higgins,11,1516,1563,0.42102630671025626,0.47065874995421436,1317,874,9600,5529,1916,1351,14824,8738,53,26,802,445,80,49,1143,671,6,5,0.0,0.5454545454545454
Shaun Murphy,Gary Wilson,11,1518,1366,0.7398043841577568,0.5938731029341427,1399,918,10081,5727,763,435,4904,2626,50,35,849,488,50,23,843,435,6,3,0.0,0.6666666666666666
Ding Junhui,Mark Williams,11,1541,1544,0.49492445915603683,0.498125008789013,1024,681,7876,4488,1823,1195,13315,7643,28,17,790,437,14,4,821,474,6,5,0.0,0.5454545454545454
Luca Brecel,Chris Wakelin,11,1421,1449,0.4527427474759105,0.48250714233361025,666,387,4466,2409,476,258,3014,1563,22,12,669,352,84,38,929,507,6,3,0.0,0.6666666666666666
Mark Allen,Si Jiahui,11,1540,1446,0.6547593621837766,0.5584811124381613,1116,743,7909,4498,229,130,1508,808,32,18,971,548,80,40,894,492,6,2,0.0,0.75
Kyren Wilson,Luca Brecel,11,1599,1421,0.7739370957025349,0.6094497836283252,1108,712,7063,4002,666,387,4466,2409,145,85,1274,748,22,12,669,352,6,4,0.0,0.6
Judd Trump,Ding Junhui,11,1649,1541,0.6762884110738897,0.5670929049654543,1519,1096,10475,6340,1024,681,7876,4488,132,82,1451,911,28,17,790,437,6,3,0.0,0.6666666666666666
Shaun Murphy,Neil Robertson,11,1518,1516,0.5033837467656391,0.5012499973958399,1399,918,10081,5727,1317,874,9600,5529,50,35,849,488,53,26,802,445,6,2,0.0,0.75
Mark Allen,Mark Selby,11,1540,1567,0.45442269021387827,0.48313140430861523,1116,743,7909,4498,1622,1108,11488,6686,32,18,971,548,126,77,1175,668,6,2,0.0,0.75
Kyren Wilson,Judd Trump,11,1599,1649,0.41606129493296945,0.46879062662624377,1108,712,7063,4002,1519,1096,10475,6340,145,85,1274,748,132,82,1451,911,6,3,0.0,0.6666666666666666
Shaun Murphy,Mark Allen,11,1518,1540,0.4628345373072449,0.486253465097645,1399,918,10081,5727,1116,743,7909,4498,50,35,849,488,32,18,971,548,6,3,0.0,0.6666666666666666
Shaun Murphy,Kyren Wilson,19,1518,1599,0.3275079304733417,0.4495472886604723,1399,918,10081,5727,1108,712,7063,4002,50,35,849,488,145,85,1274,748,10,7,0.0,0.5882352941176471
Artemijs Zizins,Farakh Ajaib,7,1175,1159,0.5218633393972989,0.5099986668799655,30,16,179,92,167,71,920,421,34,16,179,92,23,10,203,97,4,0,0.0,1.0
Wang Yuchen,Zak Surety,7,1239,1349,0.35330921996474546,0.4316800165217519,115,45,736,323,276,129,1608,780,25,11,226,117,63,38,453,229,4,2,0.0,0.6666666666666666
Jimmy White,Joshua Thomond,7,1132,1045,0.6170981549456108,0.5541616527636486,1589,849,13167,6787,86,35,466,217,13,3,337,133,25,11,180,82,4,0,0.0,1.0
Allan Taylor,Haris Tahir,7,1222,1091,0.6729150209582897,0.5811509642893937,466,214,2735,1310,29,14,184,86,28,13,387,187,16,6,159,74,4,3,0.0,0.5714285714285714
Ishpreet Singh Chadha,Siripaporn Nuanthakhamjan,7,1238,826,0.9167335033475016,0.7369158958334202,63,34,380,196,29,0,164,29,25,11,380,196,12,2,164,29,4,0,0.0,1.0
Amir Sarkhosh,Cheung Ka Wai,7,1119,1214,0.37251518031789344,0.440902528097607,49,21,317,155,44,24,263,146,21,8,175,82,29,14,209,112,4,3,0.0,0.5714285714285714
Bulcsú Révész,Anton Kazakov,7,1159,932,0.7802322205466414,0.6381861133090055,36,16,237,114,56,10,319,102,24,12,237,114,5,0,243,79,4,2,0.0,0.6666666666666666
Liam Pullen,Kreishh Gurbaxani,7,1113,1027,0.6157933128709394,0.5535439031511183,65,29,384,178,38,14,203,88,17,7,314,144,14,4,161,71,4,3,0.0,0.5714285714285714
Haydon Pinhey,Xing Zihao,7,1162,1175,0.48223281808358937,0.4918757150937391,126,56,671,314,47,19,294,133,17,5,315,151,16,5,294,133,4,3,0.0,0.5714285714285714
Andrew Pagett,Mink Nutcharut,7,1142,912,0.783204659627048,0.6399160967377341,358,154,2287,1068,55,5,312,89,0,0,353,147,13,3,245,70,4,3,0.0,0.5714285714285714
Florian Nüßle,Jiang Jun,7,1232,1258,0.4645031181885513,0.48375571893792757,86,42,443,231,51,22,354,171,0,0,157,93,26,13,354,171,4,3,0.0,0.5714285714285714
Ross Muir,Manasawin Phetmalaikul,7,1223,991,0.7851724867885262,0.6410674063348171,305,121,1939,891,69,20,396,154,28,14,377,174,18,6,229,85,4,2,0.0,0.6666666666666666
Stan Moody,Chris Totten,7,1334,1173,0.7088291167182063,0.5992881635083561,80,36,493,244,113,41,659,273,37,22,418,208,14,8,227,117,4,0,0.0,1.0
Ben Mertens,Simon Blackwell,7,1224,1139,0.6144870727228646,0.5529259881329059,116,52,704,349,76,36,401,202,17,7,429,215,13,3,168,82,4,2,0.0,0.6666666666666666
Mitchell Mann,Dean Young,7,1131,1125,0.5082025098106111,0.5037499296890819,392,175,2366,1109,122,46,656,277,13,3,203,91,21,9,349,149,4,3,0.0,0.5714285714285714
Oliver Lines,Ahmed Aly Elsayed,7,1313,840,0.9427842463351405,0.7653970126407402,397,191,2393,1170,30,0,154,26,16,6,455,225,11,1,154,26,4,0,0.0,1.0
Michael Holt,Hatem Yassen,7,1338,901,0.9283792405009167,0.7488521955201534,1033,582,7179,3788,21,1,120,22,29,15,318,167,13,3,33,12,4,0,0.0,1.0
Andrew Higginson,Daniel Womersley,7,1246,1097,0.6946979044907379,0.5920629281648192,897,511,6198,3343,117,55,599,285,17,7,373,179,7,2,180,83,4,0,0.0,1.0
Louis Heathcote,Robbie Mcguigan,7,1308,1024,0.8323923521776074,0.6704011598088686,222,104,1295,636,80,27,386,159,28,14,477,246,10,0,160,62,4,1,0.0,0.8
Ma Hailong,Oliver Briffett-Payne,7,1217,967,0.8023816778034777,0.6513548646660542,57,22,355,163,4,0,25,7,15,5,355,163,0,0,25,7,4,1,0.0,0.8
Liam Graham,Iulian Boiko,7,1033,1179,0.30888492066734696,0.40974974806981657,71,26,371,147,120,45,678,295,29,11,250,91,21,9,348,179,4,3,0.0,0.5714285714285714
Marco Fu,Jonas Luz,7,1334,957,0.8979493413023324,0.7196043690484492,984,573,7335,3968,8,1,41,9,15,5,347,173,12,2,41,9,4,0,0.0,1.0
Reanne Evans,Julien Leclercq,7,879,1203,0.13649619723453005,0.3078904956982118,225,62,1262,470,88,38,502,232,19,6,228,65,21,9,371,174,4,1,0.0,0.8
Dylan Emery,Duane Jones,7,1241,1257,0.4781366606027012,0.4900013331200346,144,65,822,399,344,155,2055,998,29,13,423,203,33,16,353,171,4,2,0.0,0.6666666666666666
Liam Davies,Antoni Kowalski,7,1112,1204,0.37639911510945645,0.44275214540144436,62,29,361,167,66,36,363,185,21,9,238,109,40,22,239,125,4,1,0.0,0.8
Thor Chuan Leong,Riley Powell,7,1261,969,0.8389762354745806,0.6748052725823135,202,75,1270,567,15,6,62,22,26,13,327,161,0,0,62,22,4,3,0.0,0.5714285714285714
Gong Chenzhi,Ken Doherty,7,1164,1168,0.4945314322857424,0.49750002083312506,42,21,280,140,1293,745,10168,5461,22,9,280,140,30,12,300,120,4,0,0.0,1.0
Ian Burns,Mostafa Dorgham,7,1250,1047,0.7555717519931018,0.6242202334972642,513,248,3228,1598,34,7,228,79,18,8,373,177,16,6,218,79,4,0,0.0,1.0
Alfie Burden,Paul Deaville,7,1252,1069,0.7338611162888773,0.6124209393479161,827,428,5856,2967,39,18,195,91,37,20,418,207,14,4,161,77,4,0,0.0,1.0
Fan Zhengyi,Andrew Pagett,7,1376,1142,0.7871292414209698,0.6422170929574377,208,93,1318,615,358,154,2287,1068,24,11,594,317,0,0,353,147,4,2,0.0,0.6666666666666666
Wang Yuchen,Martin O'Donnell,7,1239,1282,0.44143655006080335,0.4731508513108857,115,45,736,323,534,272,3292,1662,25,11,226,117,22,8,470,239,4,0,0.0,1.0
Robbie Williams,Liam Pullen,7,1323,1113,0.7629243149475251,0.6283161882953663,578,309,3699,1896,65,29,384,178,24,10,522,275,17,7,314,144,4,1,0.0,0.8
Ricky Walden,Artemijs Zizins,7,1417,1175,0.794845010612041,0.6467993925579857,1193,707,8009,4383,30,16,179,92,59,40,745,388,34,16,179,92,4,2,0.0,0.6666666666666666
Matthew Stevens,Hammad Miah,7,1311,1239,0.5973854695265872,0.5448788923735801,1150,661,8661,4687,304,121,1946,880,22,10,466,238,38,21,357,162,4,1,0.0,0.8
Ishpreet Singh Chadha,Ashley Carty,7,1238,1230,0.510936041856229,0.5049998333399998,63,34,380,196,297,138,1731,846,25,11,380,196,14,4,346,168,4,0,0.0,1.0
Yuan Sijun,Amir Sarkhosh,7,1422,1119,0.847732715071801,0.6808107108156386,295,156,1891,984,49,21,317,155,53,31,536,300,21,8,175,82,4,0,0.0,1.0
Xu Si,Bulcsú Révész,7,1342,1159,0.7338611162888773,0.6124209393479161,227,102,1473,689,36,16,237,114,46,26,527,268,24,12,237,114,4,2,0.0,0.6666666666666666
Jimmy Robertson,Allan Taylor,7,1324,1222,0.6364932182719292,0.5634067862621936,777,424,5050,2627,466,214,2735,1310,81,39,643,332,28,13,387,187,4,3,0.0,0.5714285714285714
Haydon Pinhey,Tian Pengfei,7,1162,1280,0.34322251370053336,0.42678022732016513,126,56,671,314,580,316,3800,1997,17,5,315,151,21,10,413,203,4,3,0.0,0.5714285714285714
Joe O'Connor,Reanne Evans,7,1463,879,0.9728473750084242,0.8115326747861805,355,178,2180,1106,225,62,1262,470,186,103,789,423,19,6,228,65,4,0,0.0,1.0
Florian Nüßle,Liu Hongyu,7,1232,1327,0.37251518031789344,0.440902528097607,86,42,443,231,66,34,415,222,0,0,157,93,43,24,372,197,4,3,0.0,0.5714285714285714
Ross Muir,David Lilley,7,1223,1294,0.4039387802743521,0.4557411415821268,305,121,1939,891,282,142,1682,844,28,14,377,174,43,21,470,227,4,3,0.0,0.5714285714285714
Stan Moody,Anthony Hamilton,7,1334,1229,0.6403298636636867,0.5652507475670999,80,36,493,244,1062,598,7770,4083,37,22,418,208,16,6,380,175,4,3,0.0,0.5714285714285714
Ben Mertens,Thepchaiya Un-Nooh,7,1224,1416,0.25624205547776585,0.382252125230751,116,52,704,349,587,342,4035,2154,17,7,429,215,31,15,541,300,4,2,0.0,0.6666666666666666
Sanderson Lam,Alfie Burden,7,1168,1252,0.3868205508364956,0.4476920904256748,289,114,1760,771,827,428,5856,2967,15,5,441,206,37,20,418,207,4,2,0.0,0.6666666666666666
Jamie Jones,Ian Burns,7,1261,1250,0.5150352723345792,0.5068745667645342,691,404,4509,2416,513,248,3228,1598,20,7,489,230,18,8,373,177,4,1,0.0,0.8
Michael Holt,Daniel Wells,7,1338,1345,0.4904306643721704,0.4956251116502266,1033,582,7179,3788,544,273,3583,1797,29,15,318,167,48,25,505,269,4,1,0.0,0.8
Andrew Higginson,He Guoqiang,7,1246,1338,0.37639911510945645,0.44275214540144436,897,511,6198,3343,87,49,553,287,17,7,373,179,22,13,470,255,4,3,0.0,0.5714285714285714
Ma Hailong,Joe Perry,7,1217,1286,0.4065907825999159,0.4569816192756902,57,22,355,163,1402,810,9615,5184,15,5,355,163,21,11,499,247,4,2,0.0,0.6666666666666666
Marco Fu,David Grace,7,1334,1247,0.6170981549456108,0.5541616527636486,984,573,7335,3968,499,230,3252,1573,15,5,347,173,27,14,390,179,4,0,0.0,1.0
Dylan Emery,Peifan Lei,7,1241,1355,0.34825159011302903,0.4292283881055083,144,65,822,399,143,72,877,431,29,13,423,203,23,9,339,177,4,3,0.0,0.5714285714285714
Graeme Dott,Oliver Lines,7,1325,1313,0.5164013295642876,0.5074994375506203,1201,699,8589,4616,397,191,2393,1170,27,16,437,225,16,6,455,225,4,3,0.0,0.5714285714285714
Scott Donaldson,Jimmy White,7,1326,1132,0.7459292301495708,0.6189278548001903,508,268,3258,1658,1589,849,13167,6787,19,9,447,229,13,3,337,133,4,3,0.0,0.5714285714285714
Mark Davis,Liam Graham,7,1366,1033,0.8698871121691505,0.6968832820410791,1334,791,9155,4975,71,26,371,147,29,14,481,257,29,11,250,91,4,2,0.0,0.6666666666666666
Liam Davies,Anthony McGill,7,1112,1400,0.16429297846297009,0.32739298293223956,62,29,361,167,777,462,5151,2797,21,9,238,109,47,29,521,278,4,3,0.0,0.5714285714285714
Dominic Dale,Mitchell Mann,7,1267,1131,0.6790334655716898,0.5841905229354074,1127,625,7797,4095,392,175,2366,1109,17,9,436,222,13,3,203,91,4,3,0.0,0.5714285714285714
Joshua Cooper,Ben Woollaston,7,1003,1417,0.08228228347925158,0.26211589880836517,74,29,385,173,855,482,5405,2872,7,2,110,50,41,27,515,274,4,2,0.0,0.6666666666666666
Jamie Clarke,Louis Heathcote,7,1238,1308,0.40526420278841835,0.4563613127629212,351,173,2111,1043,222,104,1295,636,15,5,410,192,28,14,477,246,4,2,0.0,0.6666666666666666
Thor Chuan Leong,Aaron Hill,7,1261,1341,0.3920645840647391,0.45016600268752216,202,75,1270,567,147,70,868,422,26,13,327,161,57,34,472,243,4,2,0.0,0.6666666666666666
Stuart Carrington,Long Zehuang,7,1263,1314,0.43064928112217615,0.4681681105837757,531,280,3354,1743,93,47,534,270,28,16,397,203,21,9,375,192,4,3,0.0,0.5714285714285714
Jordan Brown,Gong Chenzhi,7,1232,1164,0.5920814957526257,0.542397940774351,354,179,2184,1085,42,21,280,140,24,13,554,262,22,9,280,140,4,3,0.0,0.5714285714285714
Wu Yize,Scott Donaldson,7,1484,1326,0.7053268662779104,0.5974857658270161,152,85,1050,551,508,268,3258,1658,53,32,649,351,19,9,447,229,4,3,0.0,0.5714285714285714
Kyren Wilson,Marco Fu,7,1595,1334,0.8124499949726253,0.6575736106164225,1112,715,7109,4027,984,573,7335,3968,191,110,1320,773,15,5,347,173,4,3,0.0,0.5714285714285714
Robbie Williams,Stuart Bingham,7,1323,1431,0.3558484820461031,0.4329070950345457,578,309,3699,1896,1543,971,10641,6020,24,10,522,275,63,28,819,435,4,0,0.0,1.0
Mark Williams,Florian Nüßle,7,1540,1232,0.8515999175968284,0.6835208937363156,1824,1195,13326,7648,86,42,443,231,25,9,832,479,0,0,157,93,4,1,0.0,0.8
Chris Wakelin,Michael Holt,7,1436,1338,0.6313550071762073,0.5609454503247162,477,258,3023,1566,1033,582,7179,3788,93,41,938,510,29,15,318,167,4,3,0.0,0.5714285714285714
Hossein Vafaei,Fan Zhengyi,7,1450,1376,0.6000303895586184,0.5461185410457796,367,221,2496,1332,208,93,1318,615,82,46,747,422,24,11,594,317,4,2,0.0,0.6666666666666666
Matthew Stevens,Jak Jones,7,1311,1452,0.3148993834727192,0.4127763091606651,1150,661,8661,4687,473,236,3002,1459,22,10,466,238,215,111,959,520,4,2,0.0,0.6666666666666666
Elliot Slessor,Liam Davies,7,1406,1112,0.8405938136052916,0.6759015277259407,416,209,2530,1258,62,29,361,167,68,35,698,380,21,9,238,109,4,0,0.0,1.0
Ishpreet Singh Chadha,Gary Wilson,7,1238,1361,0.3369775660777682,0.42372507750673466,63,34,380,196,764,435,4913,2629,25,11,380,196,59,26,852,438,4,3,0.0,0.5714285714285714
Yuan Sijun,Zhou Yuelong,7,1422,1415,0.5095693356278297,0.5043748883497735,295,156,1891,984,531,312,3335,1795,53,31,536,300,65,36,701,365,4,1,0.0,0.8
Matthew Selt,Ricky Walden,7,1406,1417,0.48496472766542054,0.4931254332354657,919,498,5882,3060,1193,707,8009,4383,99,46,886,458,59,40,745,388,4,0,0.0,1.0
Mark Selby,Haydon Pinhey,7,1565,1162,0.9121878509997997,0.7325306102876052,1624,1109,11503,6694,126,56,671,314,141,85,1190,676,17,5,315,151,4,2,0.0,0.6666666666666666
Noppon Saengkham,Dylan Emery,7,1388,1241,0.692311529960642,0.5908547524545943,498,258,3342,1689,144,65,822,399,75,36,736,387,29,13,423,203,4,1,0.0,0.8
Neil Robertson,Mark Davis,7,1507,1366,0.685100616527281,0.587223690839335,1319,875,9619,5537,1334,791,9155,4975,72,34,821,453,29,14,481,257,4,2,0.0,0.6666666666666666
Jackson Page,Jimmy Robertson,7,1380,1324,0.5760654606907909,0.5349429451582145,233,118,1481,738,777,424,5050,2627,51,22,565,293,81,39,643,332,4,2,0.0,0.6666666666666666
Joe O'Connor,Lyu Haotian,7,1463,1357,0.641605432096216,0.5658650028954817,355,178,2180,1106,361,184,2363,1179,186,103,789,423,28,13,576,299,4,0,0.0,1.0
Robert Milkins,Wang Yuchen,7,1321,1239,0.6105601107289808,0.551071269307342,1169,670,8058,4288,115,45,736,323,81,36,862,416,25,11,226,117,4,1,0.0,0.8
Stephen Maguire,Xu Si,7,1370,1342,0.5382188233953898,0.5174928576663897,1222,787,8916,4997,227,102,1473,689,15,5,557,294,46,26,527,268,4,2,0.0,0.6666666666666666
Jack Lisowski,Joshua Cooper,7,1410,1003,0.9142318609422069,0.7344853437972199,834,506,5445,2978,74,29,385,173,55,24,840,458,7,2,110,50,4,0,0.0,1.0
Sanderson Lam,Barry Hawkins,7,1168,1537,0.10677371470879526,0.2844487760368946,289,114,1760,771,1383,867,9549,5350,15,5,441,206,98,55,904,516,4,1,0.0,0.8
Pang Junxu,Dominic Dale,7,1424,1267,0.7041548710511403,0.596884378259767,219,121,1394,728,1127,625,7797,4095,90,46,830,450,17,9,436,222,4,2,0.0,0.6666666666666666
Jamie Jones,Si Jiahui,7,1261,1434,0.27737236637321583,0.3935295129316965,691,404,4509,2416,230,130,1516,810,20,7,489,230,88,42,902,494,4,2,0.0,0.6666666666666666
John Higgins,Graeme Dott,7,1556,1325,0.7841899555246323,0.6404919537233386,1917,1351,14835,8743,1201,699,8589,4616,91,54,1154,676,27,16,437,225,4,0,0.0,1.0
Ma Hailong,Shaun Murphy,7,1217,1569,0.11736356358571863,0.29317777890643243,57,22,355,163,1403,922,10124,5755,15,5,355,163,93,63,892,516,4,3,0.0,0.5714285714285714
David Gilbert,Jordan Brown,7,1449,1232,0.7701459815525172,0.6323937895695628,990,581,6743,3650,354,179,2184,1085,70,32,742,410,24,13,554,262,4,3,0.0,0.5714285714285714
Tom Ford,Andrew Higginson,7,1346,1246,0.6339273074659068,0.5621765008857981,982,557,6621,3520,897,511,6198,3343,99,47,831,427,17,7,373,179,4,2,0.0,0.6666666666666666
Ryan Day,Ben Mertens,7,1385,1224,0.7088291167182063,0.5992881635083561,1349,794,8871,4820,116,52,704,349,80,40,763,388,17,7,429,215,4,2,0.0,0.6666666666666666
Ali Carter,Thor Chuan Leong,7,1417,1261,0.7029806026650167,0.5962826992967879,1372,842,9226,5084,202,75,1270,567,117,56,1037,566,26,13,327,161,4,0,0.0,1.0
Luca Brecel,Stuart Carrington,7,1434,1263,0.7203516579445735,0.6052765337748445,668,388,4485,2419,531,280,3354,1743,41,22,688,362,28,16,397,203,4,2,0.0,0.6666666666666666
Zhang Anda,Ross Muir,7,1401,1223,0.728275111254584,0.6094497836283252,509,265,3563,1819,305,121,1939,891,41,19,800,436,28,14,377,174,4,2,0.0,0.6666666666666666
Mark Allen,Stan Moody,7,1556,1334,0.7752232149046754,0.6352948493228071,1119,745,7934,4513,80,36,493,244,57,33,996,563,37,22,418,208,4,3,0.0,0.5714285714285714
Matthew Stevens,David Gilbert,7,1311,1449,0.3185334396534134,0.4145954308705349,1150,661,8661,4687,990,581,6743,3650,22,10,466,238,70,32,742,410,4,3,0.0,0.5714285714285714
Yuan Sijun,Mark Allen,7,1422,1556,0.3234078367146668,0.4170245457988005,295,156,1891,984,1119,745,7934,4513,53,31,536,300,57,33,996,563,4,3,0.0,0.5714285714285714
Matthew Selt,Jamie Clarke,7,1406,1238,0.7169197076810394,0.6034832498647263,919,498,5882,3060,351,173,2111,1043,99,46,886,458,15,5,410,192,4,3,0.0,0.5714285714285714
Mark Selby,Elliot Slessor,7,1565,1406,0.7064965786766507,0.5980868603322034,1624,1109,11503,6694,416,209,2530,1258,141,85,1190,676,68,35,698,380,4,3,0.0,0.5714285714285714
Jackson Page,Ishpreet Singh Chadha,7,1380,1238,0.6863077679270944,0.5878295384825115,233,118,1481,738,63,34,380,196,51,22,565,293,25,11,380,196,4,2,0.0,0.6666666666666666
Joe O'Connor,Kyren Wilson,7,1463,1595,0.32585725514792674,0.4182406231581638,355,178,2180,1106,1112,715,7109,4027,186,103,789,423,191,110,1320,773,4,3,0.0,0.5714285714285714
Stephen Maguire,Mark Williams,7,1370,1540,0.2807899358531167,0.39532091528599067,1222,787,8916,4997,1824,1195,13326,7648,15,5,557,294,25,9,832,479,4,2,0.0,0.6666666666666666
Jack Lisowski,Chris Wakelin,7,1410,1436,0.4645031181885513,0.48375571893792757,834,506,5445,2978,477,258,3023,1566,55,24,840,458,93,41,938,510,4,1,0.0,0.8
Sanderson Lam,Wu Yize,7,1168,1484,0.14235871604557113,0.3121686694171596,289,114,1760,771,152,85,1050,551,15,5,441,206,53,32,649,351,4,2,0.0,0.6666666666666666
Pang Junxu,Zhang Anda,7,1424,1401,0.5314106943491967,0.5143710406970602,219,121,1394,728,509,265,3563,1819,90,46,830,450,41,19,800,436,4,2,0.0,0.6666666666666666
Jamie Jones,Robbie Williams,7,1261,1323,0.41590794122337116,0.46132739479349205,691,404,4509,2416,578,309,3699,1896,20,7,489,230,24,10,522,275,4,2,0.0,0.6666666666666666
John Higgins,Robert Milkins,7,1556,1321,0.7881034579959058,0.6427913242407762,1917,1351,14835,8743,1169,670,8058,4288,91,54,1154,676,81,36,862,416,4,0,0.0,1.0
Tom Ford,Neil Robertson,7,1346,1507,0.2911708832817938,0.40071183649164394,982,557,6621,3520,1319,875,9619,5537,99,47,831,427,72,34,821,453,4,3,0.0,0.5714285714285714
Ryan Day,Ma Hailong,7,1385,1217,0.7169197076810394,0.6034832498647263,1349,794,8871,4820,57,22,355,163,80,40,763,388,15,5,355,163,4,2,0.0,0.6666666666666666
Ali Carter,Hossein Vafaei,7,1417,1450,0.45498494612477275,0.47938669028555136,1372,842,9226,5084,367,221,2496,1332,117,56,1037,566,82,46,747,422,4,2,0.0,0.6666666666666666
Luca Brecel,Noppon Saengkham,7,1434,1388,0.5626145694127913,0.5287183569514396,668,388,4485,2419,498,258,3342,1689,41,22,688,362,75,36,736,387,4,2,0.0,0.6666666666666666
Mark Selby,Jamie Jones,7,1565,1261,0.8485117931807986,0.6813537337890256,1624,1109,11503,6694,691,404,4509,2416,141,85,1190,676,20,7,489,230,4,0,0.0,1.0
Jackson Page,Tom Ford,7,1380,1346,0.5463726874746992,0.5212372149662741,233,118,1481,738,982,557,6621,3520,51,22,565,293,99,47,831,427,4,0,0.0,1.0
Joe O'Connor,Matthew Stevens,7,1463,1311,0.698260993708389,0.5938731029341427,355,178,2180,1106,1150,661,8661,4687,186,103,789,423,22,10,466,238,4,1,0.0,0.8
Stephen Maguire,Sanderson Lam,7,1370,1168,0.7545108097932872,0.623633628298226,1222,787,8916,4997,289,114,1760,771,15,5,557,294,15,5,441,206,4,2,0.0,0.6666666666666666
Jack Lisowski,Matthew Selt,7,1410,1406,0.5054685677142574,0.5024999791668749,834,506,5445,2978,919,498,5882,3060,55,24,840,458,99,46,886,458,4,2,0.0,0.6666666666666666
John Higgins,Yuan Sijun,7,1556,1422,0.6765921632853334,0.5829754542011996,1917,1351,14835,8743,295,156,1891,984,91,54,1154,676,53,31,536,300,4,0,0.0,1.0
Ali Carter,Ryan Day,7,1417,1385,0.5436568604546561,0.5199893401555818,1372,842,9226,5084,1349,794,8871,4820,117,56,1037,566,80,40,763,388,4,1,0.0,0.8
Luca Brecel,Pang Junxu,7,1434,1424,0.51366902727117,0.5062496744995104,668,388,4485,2419,219,121,1394,728,41,22,688,362,90,46,830,450,4,1,0.0,0.8
Mark Selby,John Higgins,9,1565,1556,0.5138398540686689,0.5056247627073255,1624,1109,11503,6694,1917,1351,14835,8743,141,85,1190,676,91,54,1154,676,5,4,0.0,0.5555555555555556
Stephen Maguire,Jack Lisowski,9,1370,1410,0.4387318882192537,0.47502081252106,1222,787,8916,4997,834,506,5445,2978,15,5,557,294,55,24,840,458,5,3,0.0,0.625
Ali Carter,Joe O'Connor,9,1417,1463,0.42963586636796786,0.4712816430485603,1372,842,9226,5084,355,178,2180,1106,117,56,1037,566,186,103,789,423,5,3,0.0,0.625
Luca Brecel,Jackson Page,9,1434,1380,0.5824304989902049,0.5336988354329009,668,388,4485,2419,233,118,1481,738,41,22,688,362,51,22,565,293,5,2,0.0,0.7142857142857143
Mark Selby,Luca Brecel,11,1565,1434,0.7103328120698551,0.5811509642893937,1624,1109,11503,6694,668,388,4485,2419,141,85,1190,676,41,22,688,362,6,3,0.0,0.6666666666666666
Stephen Maguire,Ali Carter,11,1370,1417,0.42102630671025626,0.47065874995421436,1222,787,8916,4997,1372,842,9226,5084,15,5,557,294,117,56,1037,566,6,4,0.0,0.6
Mark Selby,Stephen Maguire,17,1565,1370,0.8449410849186523,0.6195173196470847,1624,1109,11503,6694,1222,787,8916,4997,141,85,1190,676,15,5,557,294,9,6,0.0,0.6
Wu Yize,Pang Junxu,7,1466,1422,0.5599145707304132,0.5274723043445937,154,86,1063,557,222,123,1411,737,66,38,662,357,107,55,847,459,4,0,0.0,1.0
Kyren Wilson,Matthew Selt,7,1583,1412,0.7203516579445735,0.6052765337748445,1114,716,7123,4034,922,500,5899,3070,205,117,1334,780,116,56,903,468,4,3,0.0,0.5714285714285714
Hossein Vafaei,Si Jiahui,7,1447,1421,0.5354968818114487,0.5162442810620724,369,222,2508,1338,231,130,1522,812,94,52,759,428,94,44,908,496,4,3,0.0,0.5714285714285714
Judd Trump,Gary Wilson,7,1658,1354,0.8485117931807986,0.6813537337890256,1522,1098,10500,6355,765,435,4920,2632,157,97,1476,926,66,29,859,441,4,2,0.0,0.6666666666666666
Xu Si,Ding Junhui,7,1338,1538,0.24761894840913548,0.3775406687981454,229,103,1485,695,1026,682,7896,4497,58,32,539,274,48,26,810,446,4,3,0.0,0.5714285714285714
Mark Selby,Jackson Page,7,1583,1396,0.7382850049697135,0.6147918694922195,1630,1115,11553,6726,237,121,1504,752,191,117,1240,708,74,36,588,307,4,3,0.0,0.5714285714285714
Jimmy Robertson,Mark Allen,7,1318,1545,0.21976777945335846,0.36181388669099446,779,425,5063,2633,1121,746,7948,4520,94,45,656,338,71,40,1010,570,4,2,0.0,0.6666666666666666
Neil Robertson,Yuan Sijun,7,1502,1439,0.5854263042586716,0.5392938058983595,1321,876,9632,5544,299,159,1911,996,85,41,834,460,73,43,556,312,4,0,0.0,1.0
Shaun Murphy,Ben Woollaston,7,1554,1398,0.7029806026650167,0.5962826992967879,1404,922,10131,5758,856,482,5411,2874,100,66,899,519,47,29,521,276,4,3,0.0,0.5714285714285714
Jack Lisowski,Zhang Anda,7,1429,1397,0.5436568604546561,0.5199893401555818,838,509,5468,2993,511,266,3575,1825,78,39,863,473,53,25,812,442,4,2,0.0,0.6666666666666666
Peifan Lei,Elliot Slessor,7,1347,1418,0.4039387802743521,0.4557411415821268,144,72,884,434,418,210,2541,1265,30,12,346,180,79,42,709,387,4,2,0.0,0.6666666666666666
John Higgins,Ali Carter,7,1587,1449,0.6814665603465866,0.585404569129465,1921,1354,14856,8759,1377,846,9259,5105,112,70,1175,692,150,77,1070,587,4,3,0.0,0.5714285714285714
Barry Hawkins,Tom Ford,7,1517,1346,0.7203516579445735,0.6052765337748445,1384,867,9554,5351,985,559,6638,3528,103,56,909,517,116,55,848,435,4,1,0.0,0.8
Xiao Guodong,Jak Jones,7,1555,1440,0.6530083881296338,0.5713839816769324,805,470,5065,2787,474,236,3008,1461,103,62,929,514,221,113,965,522,4,3,0.0,0.5714285714285714
David Gilbert,Chris Wakelin,7,1438,1425,0.5177671819164105,0.5081242849062608,992,582,6757,3657,479,259,3035,1571,84,39,756,417,105,46,950,515,4,3,0.0,0.5714285714285714
Stuart Bingham,Mark Williams,7,1413,1532,0.34196980232650515,0.42616874240839064,1544,971,10645,6020,1826,1196,13337,7654,67,28,823,435,36,15,843,485,4,2,0.0,0.6666666666666666
Hossein Vafaei,Xu Si,7,1447,1338,0.6454220086166967,0.5677065480733601,369,222,2508,1338,229,103,1485,695,94,52,759,428,58,32,539,274,4,3,0.0,0.5714285714285714
Mark Selby,Jimmy Robertson,7,1583,1318,0.8160262378047215,0.6598217549720575,1630,1115,11553,6726,779,425,5063,2633,191,117,1240,708,94,45,656,338,4,2,0.0,0.6666666666666666
Neil Robertson,David Gilbert,7,1502,1438,0.5867595016023184,0.5399148845555657,1321,876,9632,5544,992,582,6757,3657,85,41,834,460,84,39,756,417,4,1,0.0,0.8
Shaun Murphy,Barry Hawkins,7,1554,1517,0.5504420624351876,0.523108525489089,1404,922,10131,5758,1384,867,9554,5351,100,66,899,519,103,56,909,517,4,1,0.0,0.8
John Higgins,Kyren Wilson,7,1587,1583,0.5054685677142574,0.5024999791668749,1921,1354,14856,8759,1114,716,7123,4034,112,70,1175,692,205,117,1334,780,4,2,0.0,0.6666666666666666
Xiao Guodong,Peifan Lei,7,1555,1347,0.7608368593181393,0.6271477663131956,805,470,5065,2787,144,72,884,434,103,62,929,514,30,12,346,180,4,3,0.0,0.5714285714285714
Stuart Bingham,Wu Yize,7,1413,1466,0.42796070219744664,0.46692337763389535,1544,971,10645,6020,154,86,1063,557,67,28,823,435,66,38,662,357,4,2,0.0,0.6666666666666666
Judd Trump,Hossein Vafaei,9,1658,1447,0.790733578545378,0.6288998381516232,1522,1098,10500,6355,369,222,2508,1338,157,97,1476,926,94,52,759,428,5,0,0.0,1.0
Neil Robertson,Xiao Guodong,9,1502,1555,0.4190735991048983,0.46692337763389535,1321,876,9632,5544,805,470,5065,2787,85,41,834,460,103,62,929,514,5,3,0.0,0.625
Shaun Murphy,John Higgins,9,1554,1587,0.44938671629072013,0.47938669028555136,1404,922,10131,5758,1921,1354,14856,8759,100,66,899,519,112,70,1175,692,5,3,0.0,0.625
Stuart Bingham,Mark Selby,9,1413,1583,0.2568646622142716,0.39532091528599067,1544,971,10645,6020,1630,1115,11553,6726,67,28,823,435,191,117,1240,708,5,4,0.0,0.5555555555555556
Neil Robertson,Shaun Murphy,11,1502,1554,0.4127589748746987,0.4675456936126812,1321,876,9632,5544,1404,922,10131,5758,85,41,834,460,100,66,899,519,6,5,0.0,0.5454545454545454
Stuart Bingham,Judd Trump,11,1413,1658,0.15121160585892304,0.351489125261079,1544,971,10645,6020,1522,1098,10500,6355,67,28,823,435,157,97,1476,926,6,3,0.0,0.6666666666666666
Neil Robertson,Stuart Bingham,19,1502,1413,0.6882331723925365,0.5553966483205892,1321,876,9632,5544,1544,971,10645,6020,85,41,834,460,67,28,823,435,10,0,0.0,1.0
Kyren Wilson,Mark Allen,11,1573,1530,0.572333394721473,0.5268491486891144,1116,717,7136,4040,1122,746,7954,4522,218,123,1347,786,77,42,1016,572,6,3,0.0,0.6666666666666666
Mark Williams,Ding Junhui,11,1520,1527,0.48815855151692544,0.4956251116502266,1827,1196,13343,7656,1027,682,7903,4500,42,17,849,487,55,29,817,449,6,2,0.0,0.75
Judd Trump,Peifan Lei,11,1650,1360,0.8882120246673187,0.6737070994545215,1525,1100,10520,6367,146,73,897,441,177,109,1496,938,43,19,359,187,6,2,0.0,0.75
Mark Selby,Si Jiahui,11,1571,1418,0.7411666221738994,0.5944759307482401,1633,1117,11575,6738,232,130,1529,815,213,129,1262,720,101,47,915,499,6,3,0.0,0.6666666666666666
Neil Robertson,Stuart Bingham,11,1578,1432,0.7315507747727399,0.5902502519301834,1326,881,9670,5573,1549,975,10685,6039,123,70,872,489,107,47,863,454,6,4,0.0,0.6
Shaun Murphy,Barry Hawkins,11,1567,1514,0.5888897906976714,0.5330766223661046,1408,925,10162,5776,1386,868,9564,5356,131,84,930,537,113,61,919,522,6,4,0.0,0.6
John Higgins,Chris Wakelin,11,1585,1421,0.7558938862654132,0.6010878788483698,1924,1356,14877,8770,480,259,3042,1574,133,81,1196,703,112,49,957,518,6,5,0.0,0.5454545454545454
Xiao Guodong,Wu Yize,11,1543,1471,0.6198729648761532,0.5448788923735801,808,472,5087,2798,156,87,1073,563,125,73,951,525,76,44,672,363,6,5,0.0,0.5454545454545454
Kyren Wilson,Mark Williams,11,1573,1520,0.5888897906976714,0.5330766223661046,1116,717,7136,4040,1827,1196,13343,7656,218,123,1347,786,42,17,849,487,6,3,0.0,0.6666666666666666
Judd Trump,Shaun Murphy,11,1650,1567,0.6374648969394331,0.5516896693427,1525,1100,10520,6367,1408,925,10162,5776,177,109,1496,938,131,84,930,537,6,0,0.0,1.0
Neil Robertson,Mark Selby,11,1578,1571,0.5118414484830749,0.5043748883497735,1326,881,9670,5573,1633,1117,11575,6738,123,70,872,489,213,129,1262,720,6,3,0.0,0.6666666666666666
John Higgins,Xiao Guodong,11,1585,1543,0.5706698968477705,0.5262259093720687,1924,1356,14877,8770,808,472,5087,2798,133,81,1196,703,125,73,951,525,6,5,0.0,0.5454545454545454
Kyren Wilson,Neil Robertson,11,1573,1578,0.49154118819100323,0.4968750406894683,1116,717,7136,4040,1326,881,9670,5573,218,123,1347,786,123,70,872,489,6,5,0.0,0.5454545454545454
Judd Trump,John Higgins,11,1650,1585,0.6085391782790425,0.5405358392737893,1525,1100,10520,6367,1924,1356,14877,8770,177,109,1496,938,133,81,1196,703,6,4,0.0,0.6
Kyren Wilson,Judd Trump,19,1573,1650,0.3355003742442319,0.4520230623632036,1116,717,7136,4040,1525,1100,10520,6367,218,123,1347,786,177,109,1496,938,10,9,0.0,0.5263157894736842
Mark Selby,Si Jiahui,19,1564,1413,0.7970725823510754,0.5932699921071872,1635,1118,11593,6747,233,130,1538,818,231,138,1280,729,110,50,924,502,10,6,0.0,0.625
Ding Junhui,Mark Williams,19,1511,1526,0.4670017257663631,0.4906260984783392,1028,682,7911,4502,1829,1197,13360,7665,63,31,825,451,59,26,866,496,10,3,0.0,0.7692307692307693
Barry Hawkins,Shaun Murphy,19,1509,1550,0.4104832201706214,0.47439741167538224,1387,868,9574,5360,1410,926,10178,5782,123,65,929,526,147,90,946,543,10,1,0.0,0.9090909090909091
Xiao Guodong,Wu Yize,19,1541,1471,0.650329410133084,0.5436386872370789,810,473,5109,2809,157,87,1084,568,147,84,973,536,87,49,683,368,10,8,0.0,0.5555555555555556
Mark Selby,Neil Robertson,19,1564,1587,0.44948256030474243,0.4856289593029398,1635,1118,11593,6747,1329,883,9700,5590,231,138,1280,729,153,87,902,506,10,1,0.0,0.9090909090909091
Ding Junhui,Kyren Wilson,19,1511,1609,0.2944714783461281,0.43905454967528373,1028,682,7911,4502,1120,721,7184,4068,63,31,825,451,266,151,1395,814,10,5,0.0,0.6666666666666666
John Higgins,Xiao Guodong,19,1579,1541,0.5830685315489563,0.523732154126561,1927,1358,14909,8786,810,473,5109,2809,165,97,1228,719,147,84,973,536,10,3,0.0,0.7692307692307693
Barry Hawkins,Judd Trump,19,1509,1668,0.1907943644049575,0.40191313966779657,1387,868,9574,5360,1529,1103,10563,6394,123,65,929,526,220,136,1539,965,10,5,0.0,0.6666666666666666
Mark Selby,Ding Junhui,19,1564,1511,0.6150457344108478,0.5330766223661046,1635,1118,11593,6747,1028,682,7911,4502,231,138,1280,729,63,31,825,451,10,2,0.0,0.8333333333333334
John Higgins,Barry Hawkins,19,1579,1509,0.650329410133084,0.5436386872370789,1927,1358,14909,8786,1387,868,9574,5360,165,97,1228,719,123,65,929,526,10,7,0.0,0.5882352941176471
John Higgins,Mark Selby,19,1579,1564,0.5329982742336363,0.5093739015216607,1927,1358,14909,8786,1635,1118,11593,6747,165,97,1228,719,231,138,1280,729,10,8,0.0,0.5555555555555556
Wang Yuchen,Brian Cini,19,1256,1154,0.7130669359513337,0.5634067862621936,118,47,751,332,62,33,333,183,40,20,241,126,0,0,0,0,10,5,0.0,0.6666666666666666
Dean Young,Michal Szubarczyk,19,1121,1000,0.7475375205969886,0.5750535485557879,123,46,663,280,0,0,0,0,28,12,356,152,0,0,0,0,10,8,0.0,0.5555555555555556
Gao Yang,Liam Pullen,19,1188,1107,0.6724920695266582,0.5504527113395278,71,30,420,198,67,30,396,183,0,0,129,71,29,12,326,149,10,5,0.0,0.6666666666666666
Zhao Xintong,Cheung Ka Wai,19,1504,1207,0.947558470370421,0.6775422953274692,366,214,2353,1308,45,24,270,149,0,0,58,39,36,17,216,115,10,3,0.0,0.7692307692307693
Jimmy White,Anton Kazakov,19,1148,931,0.8831477310816062,0.6323937895695628,1591,850,13178,6794,57,10,325,104,24,10,348,140,11,2,249,81,10,9,0.0,0.5263157894736842
Alexander Ursenbacher,Paul Deaville,19,1336,1057,0.9364061875891407,0.6676332571171155,302,138,1834,887,40,18,199,91,41,25,399,206,18,4,165,77,10,6,0.0,0.625
Allan Taylor,Joshua Thomond,19,1221,1031,0.8517889912769081,0.6165665045213193,468,215,2749,1317,87,35,470,217,42,20,401,194,29,11,184,82,10,7,0.0,0.5882352941176471
Haris Tahir,Joshua Cooper,19,1092,1013,0.66850568123858,0.5492151291013335,30,14,191,89,76,30,395,177,23,9,166,77,17,6,120,54,10,6,0.0,0.625
Akani Songsermsawad,Kreishh Gurbaxani,19,1345,1026,0.9589714667764659,0.6894394530607736,243,130,1600,826,39,14,210,91,29,14,170,93,21,7,168,74,10,3,0.0,0.7692307692307693
Manasawin Phetmalaikul,Leone Crowley,19,990,1007,0.46261440546795124,0.4893765989950364,70,20,402,156,6,2,27,12,24,8,235,87,0,0,1,0,10,3,0.0,0.7692307692307693
Hammad Miah,Jonas Luz,19,1229,948,0.9377319044351228,0.668741821102192,305,121,1951,881,9,1,45,9,43,22,362,163,16,2,45,9,10,0,0.0,1.0
Ben Mertens,Daniel Womersley,19,1239,1084,0.8031971496091062,0.5956807306078472,119,54,722,359,118,55,603,285,35,17,447,225,11,2,184,83,10,5,0.0,0.6666666666666666
Robbie Mcguigan,Hatem Yassen,19,1019,893,0.7562227337635138,0.5781052328843092,81,27,391,160,22,1,124,22,15,1,165,63,17,3,37,12,10,6,0.0,0.625
Mitchell Mann,Chris Totten,19,1136,1160,0.44729902032514984,0.4850044983805899,394,176,2380,1116,114,41,663,273,27,10,217,98,18,8,231,117,10,7,0.0,0.5882352941176471
Oliver Lines,Mohammed Shehab,19,1317,1170,0.7908327003294819,0.5908547524545943,399,192,2404,1177,83,33,630,297,27,13,466,232,0,0,82,34,10,8,0.0,0.5555555555555556
Julien Leclercq,Zhou Jinhao,19,1183,1043,0.7796382096421529,0.5866175789173301,89,38,507,233,12,5,78,34,26,10,376,175,11,5,78,34,10,7,0.0,0.5882352941176471
Antoni Kowalski,Reanne Evans,19,1190,893,0.947558470370421,0.6775422953274692,67,36,368,186,227,63,1271,474,45,23,244,126,28,10,237,69,10,4,0.0,0.7142857142857143
Duane Jones,Florian Nüßle,19,1249,1239,0.5220131658921434,0.5062496744995104,345,155,2061,1000,89,44,462,240,39,18,359,173,19,9,176,102,10,9,0.0,0.5263157894736842
Huang Jiahao,Amaan Iqbal,19,1013,940,0.6564301257880547,0.5454987872127821,45,16,233,94,12,2,63,17,11,1,130,54,0,0,30,10,10,4,0.0,0.7142857142857143
Liam Highfield,Yulu Bai,19,1227,1010,0.8831477310816062,0.6323937895695628,514,267,3432,1769,27,8,181,65,0,0,208,93,21,7,181,65,10,3,0.0,0.7692307692307693
Andrew Higginson,Ryan Thomerson,19,1260,965,0.9464037328077655,0.6764489333484797,900,513,6215,3353,74,18,445,165,34,17,390,189,0,0,196,69,10,7,0.0,0.5882352941176471
Steven Hallworth,Bulcsú Révész,19,1232,1157,0.6604743044855522,0.5467381519846138,230,108,1246,596,38,17,249,120,0,0,154,75,36,18,249,120,10,2,0.0,0.8333333333333334
Liam Graham,Fergal Quinn (II),19,1043,1069,0.4429369168443905,0.48375571893792757,73,27,384,153,41,20,205,103,42,17,263,97,0,0,100,52,10,9,0.0,0.5263157894736842
Dylan Emery,Artemijs Zizins,19,1248,1190,0.6255406891300608,0.5361866202317948,147,67,840,408,32,17,189,98,47,22,441,212,44,22,189,98,10,4,0.0,0.7142857142857143
Ken Doherty,Haydon Pinhey,19,1152,1177,0.44511711689114175,0.4843800842769844,1294,745,10172,5461,129,58,691,324,34,12,304,120,37,15,335,161,10,3,0.0,0.7692307692307693
Liam Davies,Ahmed Aly Elsayed,19,1128,832,0.9469836563630636,0.676995856238523,65,31,377,175,31,0,158,26,37,17,254,117,15,1,158,26,10,2,0.0,0.8333333333333334
Gong Chenzhi,Kaylan Patel,19,1178,1000,0.8361448592511926,0.6094497836283252,44,22,291,147,0,0,0,0,33,16,291,147,0,0,0,0,10,7,0.0,0.5882352941176471
Ian Burns,Mink Nutcharut,19,1250,916,0.9655045500643525,0.6974111143958823,515,249,3237,1603,56,5,319,92,27,13,382,182,20,6,252,73,10,4,0.0,0.7142857142857143
Iulian Boiko,Andrew Pagett,19,1170,1137,0.5722712099239616,0.5206133097144486,121,45,685,298,360,155,2300,1074,28,12,355,182,13,6,366,153,10,2,0.0,0.8333333333333334
Simon Blackwell,Mostafa Dorgham,19,1134,1035,0.7074218935077607,0.5615610703361955,77,36,407,204,35,7,232,79,19,5,174,84,20,6,222,79,10,7,0.0,0.5882352941176471
Mateusz Baranowski,Amir Sarkhosh,19,1053,1116,0.36405886551160976,0.4607061941016405,60,28,329,160,51,22,328,159,0,0,17,9,32,12,186,86,10,2,0.0,0.8333333333333334
Farakh Ajaib,Siripaporn Nuanthakhamjan,19,1143,818,0.9616987665971614,0.6926419831347361,168,71,924,421,30,0,168,29,27,10,207,97,16,2,168,29,10,2,0.0,0.8333333333333334
Xing Zihao,Alexander Ursenbacher,19,1171,1336,0.18200064308966654,0.3983128198171432,48,19,301,136,302,138,1834,887,23,8,301,136,41,25,399,206,10,6,0.0,0.625
Gao Yang,Tian Pengfei,19,1188,1272,0.32156608468231146,0.4476920904256748,71,30,420,198,581,316,3807,2000,0,0,129,71,28,13,420,206,10,6,0.0,0.625
Zhao Xintong,Long Zehuang,19,1504,1308,0.8592142539015748,0.6201064323430902,366,214,2353,1308,94,47,541,273,0,0,58,39,28,12,382,195,10,8,0.0,0.5555555555555556
Robbie Williams,Manasawin Phetmalaikul,19,1338,990,0.9707894085998816,0.7047456979980911,581,311,3714,1906,70,20,402,156,39,20,537,285,24,8,235,87,10,4,0.0,0.7142857142857143
Daniel Wells,Huang Jiahao,19,1333,1013,0.9594369195192387,0.6899744811276125,545,273,3588,1798,45,16,233,94,53,26,510,270,11,1,130,54,10,6,0.0,0.625
Allan Taylor,Jamie Clarke,19,1221,1250,0.4364072029493925,0.4818829349568186,468,215,2749,1317,353,174,2124,1050,42,20,401,194,28,12,423,199,10,8,0.0,0.5555555555555556
Zak Surety,Antoni Kowalski,19,1338,1190,0.7924034347122141,0.5914589784327801,277,129,1614,782,67,36,368,186,69,40,459,231,45,23,244,126,10,2,0.0,0.8333333333333334
Matthew Stevens,Simon Blackwell,19,1333,1134,0.8628282381229139,0.6218716423074662,1154,664,8684,4700,77,36,407,204,45,23,489,251,19,5,174,84,10,3,0.0,0.7692307692307693
Akani Songsermsawad,David Grace,19,1345,1233,0.7314921449288779,0.569546223939229,243,130,1600,826,500,230,3256,1573,29,14,170,93,31,14,394,179,10,9,0.0,0.5263157894736842
Ishpreet Singh Chadha,Mateusz Baranowski,19,1264,1053,0.8766323344115969,0.6288998381516232,67,37,401,210,60,28,329,160,46,25,401,210,0,0,17,9,10,2,0.0,0.8333333333333334
Joe Perry,Dylan Emery,19,1276,1248,0.5614181065460194,0.5174928576663897,1403,810,9621,5186,147,67,840,408,27,13,505,249,47,22,441,212,10,6,0.0,0.625
Ross Muir,Liam Graham,19,1227,1043,0.8440995002442341,0.6130141761393355,308,123,1958,901,73,27,384,153,47,24,396,184,42,17,263,97,10,5,0.0,0.6666666666666666
Stan Moody,Dean Young,19,1350,1121,0.8954210713170387,0.6393398367530659,83,38,511,255,123,46,663,280,55,33,436,219,28,12,356,152,10,3,0.0,0.7692307692307693
Hammad Miah,Thor Chuan Leong,19,1229,1253,0.44729902032514984,0.4850044983805899,305,121,1951,881,205,77,1287,575,43,22,362,163,43,21,344,169,10,9,0.0,0.5263157894736842
Mitchell Mann,Liu Hongyu,19,1136,1320,0.15590049975576606,0.38698582386066455,394,176,2380,1116,67,34,422,225,27,10,217,98,50,27,379,200,10,2,0.0,0.8333333333333334
David Lilley,Ken Doherty,19,1288,1152,0.7730862495294097,0.5841905229354074,283,142,1689,847,1294,745,10172,5461,50,24,477,230,34,12,304,120,10,2,0.0,0.8333333333333334
Sanderson Lam,Liam Davies,19,1212,1128,0.6784339153176889,0.5523079095743253,293,117,1783,785,65,31,377,175,38,19,464,220,37,17,254,117,10,9,0.0,0.5263157894736842
Jiang Jun,Andrew Higginson,19,1253,1260,0.48458669162480433,0.4956251116502266,52,22,361,174,900,513,6215,3353,33,16,361,174,34,17,390,189,10,5,0.0,0.6666666666666666
Duane Jones,Ma Hailong,19,1249,1244,0.5110108820284606,0.5031249593105316,345,155,2061,1000,61,25,379,177,39,18,359,173,39,19,379,177,10,1,0.0,0.9090909090909091
Jamie Jones,Julien Leclercq,19,1285,1183,0.7130669359513337,0.5634067862621936,695,407,4530,2428,89,38,507,233,41,19,510,242,26,10,376,175,10,7,0.0,0.5882352941176471
Michael Holt,Oliver Lines,19,1357,1317,0.5873700253670554,0.52497918747894,1036,584,7195,3799,399,192,2404,1177,45,26,334,178,27,13,466,232,10,8,0.0,0.5555555555555556
Aaron Hill,Haris Tahir,19,1330,1092,0.9039784312417808,0.6445115537062945,148,70,874,424,30,14,191,89,63,36,478,245,23,9,166,77,10,0,0.0,1.0
Anthony Hamilton,Steven Hallworth,19,1229,1232,0.49339292025780557,0.498125008789013,1063,598,7777,4086,230,108,1246,596,23,9,387,178,0,0,154,75,10,8,0.0,0.5555555555555556
He Guoqiang,Liam Highfield,19,1331,1227,0.716800676071932,0.5646362918030292,88,49,560,290,514,267,3432,1769,29,16,477,258,0,0,208,93,10,3,0.0,0.7692307692307693
Marco Fu,Ben Mertens,19,1361,1239,0.7492878374480579,0.5756643510425494,987,575,7350,3979,119,54,722,359,30,16,362,184,35,17,447,225,10,4,0.0,0.7142857142857143
Mark Davis,Robbie Mcguigan,19,1361,1019,0.9686152870007403,0.7016149536154007,1336,792,9167,4981,81,27,391,160,41,20,493,263,15,1,165,63,10,7,0.0,0.5882352941176471
Gong Chenzhi,Stuart Carrington,19,1178,1266,0.3137160787506259,0.4452207648927852,44,22,291,147,533,281,3367,1749,33,16,291,147,41,22,410,209,10,8,0.0,0.5555555555555556
Ashley Carty,Jimmy White,19,1214,1148,0.642133052576362,0.541156668150228,298,138,1735,846,1591,850,13178,6794,18,4,350,168,24,10,348,140,10,5,0.0,0.6666666666666666
Ian Burns,Alfie Burden,19,1250,1253,0.49339292025780557,0.498125008789013,515,249,3237,1603,829,429,5866,2973,27,13,382,182,47,26,428,213,10,4,0.0,0.7142857142857143
Jordan Brown,Farakh Ajaib,19,1237,1143,0.6978976628571024,0.5584811124381613,356,180,2198,1092,168,71,924,421,38,20,568,269,27,10,207,97,10,6,0.0,0.625
Iulian Boiko,Louis Heathcote,19,1170,1303,0.23190080394538312,0.41763245927192055,121,45,685,298,224,105,1306,642,28,12,355,182,39,20,488,252,10,9,0.0,0.5263157894736842
Fan Zhengyi,Robbie Williams,19,1371,1338,0.5722712099239616,0.5206133097144486,210,94,1330,621,581,311,3714,1906,36,17,606,323,39,20,537,285,10,6,0.0,0.625
Zhou Yuelong,Ishpreet Singh Chadha,19,1403,1264,0.7780107211674285,0.5860112044388707,532,312,3340,1796,67,37,401,210,70,37,706,366,46,25,401,210,10,5,0.0,0.6666666666666666
Wang Yuchen,Robert Milkins,19,1256,1321,0.35992675966453946,0.4594641607262107,118,47,751,332,1171,671,8067,4292,40,20,241,126,90,40,871,420,10,5,0.0,0.6666666666666666
Wu Yize,Jiang Jun,19,1469,1253,0.8820795397271582,0.6318124177361016,158,87,1102,576,52,22,361,174,105,57,701,376,33,16,361,174,10,4,0.0,0.7142857142857143
Gao Yang,Stephen Maguire,19,1188,1415,0.10655525580030759,0.36181388669099446,71,30,420,198,1228,792,8967,5026,0,0,129,71,66,34,608,323,10,3,0.0,0.7692307692307693
Zhao Xintong,Lyu Haotian,19,1504,1343,0.8121661443908816,0.5992881635083561,366,214,2353,1308,362,184,2367,1179,0,0,58,39,32,13,580,299,10,4,0.0,0.7142857142857143
Ben Woollaston,Mark Davis,19,1399,1361,0.5830685315489563,0.523732154126561,857,482,5418,2877,1336,792,9167,4981,54,32,528,279,41,20,493,263,10,9,0.0,0.5263157894736842
Gary Wilson,Hammad Miah,19,1355,1229,0.7562227337635138,0.5781052328843092,766,435,4926,2634,305,121,1951,881,72,31,865,443,43,22,362,163,10,1,0.0,0.9090909090909091
Daniel Wells,Dominic Dale,19,1333,1263,0.650329410133084,0.5436386872370789,545,273,3588,1798,1129,626,7810,4101,53,26,510,270,30,15,449,228,10,4,0.0,0.7142857142857143
Ricky Walden,Mitchell Mann,19,1402,1136,0.9272327255083329,0.660382673079216,1195,708,8019,4387,394,176,2380,1116,69,44,755,392,27,10,217,98,10,9,0.0,0.5263157894736842
Chris Wakelin,Xing Zihao,19,1426,1171,0.9186859886096059,0.654188113761243,481,259,3053,1579,48,19,301,136,123,54,968,523,23,8,301,136,10,5,0.0,0.6666666666666666
Hossein Vafaei,Duane Jones,19,1435,1249,0.84669209107247,0.6141996427768951,372,224,2527,1346,345,155,2061,1000,113,60,778,436,39,18,359,173,10,7,0.0,0.5882352941176471
Zak Surety,Jack Lisowski,19,1338,1436,0.2944714783461281,0.43905454967528373,277,129,1614,782,839,510,5474,2997,69,40,459,231,84,43,869,477,10,8,0.0,0.5555555555555556
Matthew Stevens,Thepchaiya Un-Nooh,19,1333,1402,0.35171313641948787,0.4569816192756902,1154,664,8684,4700,588,342,4041,2156,45,23,489,251,37,17,547,302,10,8,0.0,0.5555555555555556
Akani Songsermsawad,Noppon Saengkham,19,1345,1390,0.4019242967585692,0.4719046255916129,243,130,1600,826,500,259,3353,1695,29,14,170,93,86,42,747,393,10,7,0.0,0.5882352941176471
Elliot Slessor,Marco Fu,19,1408,1361,0.6023374298423277,0.5293412500457856,419,210,2547,1267,987,575,7350,3979,85,44,715,389,30,16,362,184,10,6,0.0,0.625
Yuan Sijun,Joe Perry,19,1424,1276,0.7924034347122141,0.5914589784327801,300,159,1915,996,1403,810,9621,5186,77,43,560,312,27,13,505,249,10,5,0.0,0.6666666666666666
Matthew Selt,Anthony Hamilton,19,1414,1229,0.8453994773467999,0.6136070778047783,923,500,5906,3073,1063,598,7777,4086,123,59,910,471,23,9,387,178,10,3,0.0,0.7692307692307693
Jimmy Robertson,Stan Moody,19,1332,1350,0.4604224582617368,0.4887518980531451,781,426,5075,2639,83,38,511,255,106,51,668,344,55,33,436,219,10,9,0.0,0.5263157894736842
Jackson Page,Allan Taylor,19,1398,1221,0.8347932741848034,0.6088545692109504,238,121,1511,755,468,215,2749,1317,81,39,595,310,42,20,401,194,10,2,0.0,0.8333333333333334
Martin O'Donnell,Jordan Brown,19,1265,1237,0.5614181065460194,0.5174928576663897,535,272,3296,1662,356,180,2198,1092,26,8,474,239,38,20,568,269,10,8,0.0,0.5555555555555556
Joe O'Connor,Iulian Boiko,19,1489,1170,0.9589714667764659,0.6894394530607736,360,182,2208,1125,121,45,685,298,214,122,817,442,28,12,355,182,10,4,0.0,0.7142857142857143
Ross Muir,Tom Ford,19,1227,1338,0.2703226043769745,0.43106679063045344,308,123,1958,901,986,559,6643,3529,47,24,396,184,121,56,853,436,10,7,0.0,0.5882352941176471
Peifan Lei,David Lilley,19,1355,1288,0.6441886304371871,0.5417773692836367,147,73,905,443,283,142,1689,847,51,21,367,189,50,24,477,230,10,6,0.0,0.625
Pang Junxu,Ashley Carty,19,1407,1214,0.8555345718354841,0.6183380393302829,223,123,1415,737,298,138,1735,846,111,55,851,459,18,4,350,168,10,2,0.0,0.8333333333333334
Jamie Jones,Xu Si,19,1285,1349,0.36199075093802807,0.46008511544443426,695,407,4530,2428,231,104,1499,702,41,19,510,242,72,39,553,281,10,7,0.0,0.5882352941176471
Michael Holt,Stuart Bingham,19,1357,1431,0.34154545347558557,0.4538814589542204,1036,584,7195,3799,1550,975,10695,6043,45,26,334,178,117,51,873,458,10,6,0.0,0.625
Aaron Hill,Anthony McGill,19,1330,1387,0.37655097388069453,0.4644351620161461,148,70,874,424,778,462,5158,2800,63,36,478,245,54,32,528,281,10,5,0.0,0.6666666666666666
He Guoqiang,Scott Donaldson,19,1331,1326,0.5110108820284606,0.5031249593105316,88,49,560,290,510,269,3272,1665,29,16,477,258,33,16,461,236,10,9,0.0,0.5263157894736842
David Gilbert,Gong Chenzhi,19,1432,1178,0.9178720206277577,0.653622330899504,994,583,6769,3662,44,22,291,147,96,44,768,422,33,16,291,147,10,6,0.0,0.625
Ryan Day,Sanderson Lam,19,1382,1212,0.8251256977548064,0.6046790847140093,1352,796,8888,4829,293,117,1783,785,97,49,780,397,38,19,464,220,10,5,0.0,0.6666666666666666
Ali Carter,Ian Burns,19,1450,1250,0.8640183394074468,0.6224593312018546,1378,846,9266,5108,515,249,3237,1603,157,80,1077,590,27,13,382,182,10,8,0.0,0.5555555555555556
Fan Zhengyi,Michael Holt,19,1371,1357,0.530803037091272,0.5087491068802403,210,94,1330,621,1036,584,7195,3799,36,17,606,323,45,26,334,178,10,4,0.0,0.7142857142857143
Zhou Yuelong,Yuan Sijun,19,1403,1424,0.4538542817529765,0.4868780138177567,532,312,3340,1796,300,159,1915,996,70,37,706,366,77,43,560,312,10,5,0.0,0.6666666666666666
Wu Yize,Matthew Stevens,19,1469,1333,0.7730862495294097,0.5841905229354074,158,87,1102,576,1154,664,8684,4700,105,57,701,376,45,23,489,251,10,9,0.0,0.5263157894736842
Zhao Xintong,Elliot Slessor,19,1504,1408,0.7017244837536167,0.5597136492671929,366,214,2353,1308,419,210,2547,1267,0,0,58,39,85,44,715,389,10,8,0.0,0.5555555555555556
Ben Woollaston,Ross Muir,19,1399,1227,0.8279247192350918,0.6058736684317606,857,482,5418,2877,308,123,1958,901,54,32,528,279,47,24,396,184,10,4,0.0,0.7142857142857143
Daniel Wells,Gary Wilson,19,1333,1355,0.45166766983077045,0.486253465097645,545,273,3588,1798,766,435,4926,2634,53,26,510,270,72,31,865,443,10,9,0.0,0.5263157894736842
Chris Wakelin,Martin O'Donnell,19,1426,1265,0.8121661443908816,0.5992881635083561,481,259,3053,1579,535,272,3296,1662,123,54,968,523,26,8,474,239,10,2,0.0,0.8333333333333334
Hossein Vafaei,Wang Yuchen,19,1435,1256,0.8374890680048498,0.610044672404527,372,224,2527,1346,118,47,751,332,113,60,778,436,40,20,241,126,10,4,0.0,0.7142857142857143
Zak Surety,Ricky Walden,19,1338,1402,0.36199075093802807,0.46008511544443426,277,129,1614,782,1195,708,8019,4387,69,40,459,231,69,44,755,392,10,3,0.0,0.7692307692307693
Matthew Selt,Jimmy Robertson,19,1414,1332,0.6744777649630489,0.551071269307342,923,500,5906,3073,781,426,5075,2639,123,59,910,471,106,51,668,344,10,9,0.0,0.5263157894736842
Joe O'Connor,Jackson Page,19,1489,1398,0.6921154549273313,0.5566309599222533,360,182,2208,1125,238,121,1511,755,214,122,817,442,81,39,595,310,10,7,0.0,0.5882352941176471
Peifan Lei,Gao Yang,19,1355,1188,0.8208719499318822,0.6028848673274662,147,73,905,443,71,30,420,198,51,21,367,189,0,0,129,71,10,9,0.0,0.5263157894736842
Pang Junxu,Jamie Jones,19,1407,1285,0.7492878374480579,0.5756643510425494,223,123,1415,737,695,407,4530,2428,111,55,851,459,41,19,510,242,10,6,0.0,0.625
David Gilbert,Aaron Hill,19,1432,1330,0.7130669359513337,0.5634067862621936,994,583,6769,3662,148,70,874,424,96,44,768,422,63,36,478,245,10,9,0.0,0.5263157894736842
Ryan Day,Akani Songsermsawad,19,1382,1345,0.5809139199144943,0.523108525489089,1352,796,8888,4829,243,130,1600,826,97,49,780,397,29,14,170,93,10,5,0.0,0.6666666666666666
Ali Carter,He Guoqiang,19,1450,1331,0.7440171739421312,0.5738312575916094,1378,846,9266,5108,88,49,560,290,157,80,1077,590,29,16,477,258,10,5,0.0,0.6666666666666666
Zhao Xintong,Jak Jones,19,1504,1440,0.6380092490619715,0.5399148845555657,366,214,2353,1308,475,236,3015,1464,0,0,58,39,228,116,972,525,10,4,0.0,0.7142857142857143
Ben Woollaston,Mark Selby,19,1399,1625,0.10755372226803186,0.36239134737807494,857,482,5418,2877,1639,1121,11650,6785,54,32,528,279,288,176,1337,767,10,8,0.0,0.5555555555555556
Mark Williams,Wu Yize,19,1497,1469,0.5614181065460194,0.5174928576663897,1830,1197,13373,7668,158,87,1102,576,72,29,879,499,105,57,701,376,10,8,0.0,0.5555555555555556
Chris Wakelin,Neil Robertson,19,1426,1550,0.24723138482614648,0.42311473886795364,481,259,3053,1579,1330,883,9711,5591,123,54,968,523,164,88,913,507,10,8,0.0,0.5555555555555556
Hossein Vafaei,Barry Hawkins,19,1435,1566,0.2352599865897155,0.41884903571060617,372,224,2527,1346,1390,870,9617,5387,113,60,778,436,166,92,972,553,10,9,0.0,0.5263157894736842
Judd Trump,Zhou Yuelong,19,1639,1403,0.9021239005885171,0.6433651456944017,1530,1103,10578,6399,532,312,3340,1796,235,141,1554,970,70,37,706,366,10,4,0.0,0.7142857142857143
Ronnie O'Sullivan,Ali Carter,19,1534,1450,0.6784339153176889,0.5523079095743253,1551,1178,13371,8149,1378,846,9266,5108,24,10,824,491,157,80,1077,590,10,4,0.0,0.7142857142857143
Shaun Murphy,Daniel Wells,19,1512,1333,0.8374890680048498,0.610044672404527,1411,926,10189,5783,545,273,3588,1798,158,91,957,544,53,26,510,270,10,4,0.0,0.7142857142857143
Peifan Lei,Kyren Wilson,19,1355,1584,0.10457892868296123,0.36066016324693406,147,73,905,443,1121,721,7199,4073,51,21,367,189,281,156,1410,819,10,9,0.0,0.5263157894736842
Pang Junxu,Zhang Anda,19,1407,1390,0.5373855945320491,0.5106234010049637,223,123,1415,737,512,266,3581,1827,111,55,851,459,59,27,818,444,10,7,0.0,0.5882352941176471
Ding Junhui,Zak Surety,19,1535,1338,0.8604262042121724,0.6206951913643555,1031,684,7951,4524,277,129,1614,782,103,53,865,473,69,40,459,231,10,7,0.0,0.5882352941176471
Si Jiahui,David Gilbert,19,1409,1432,0.44948256030474243,0.4856289593029398,234,130,1554,824,994,583,6769,3662,126,56,940,508,96,44,768,422,10,6,0.0,0.625
John Higgins,Joe O'Connor,19,1625,1489,0.7730862495294097,0.5841905229354074,1930,1361,14957,8816,360,182,2208,1125,213,127,1276,749,214,122,817,442,10,7,0.0,0.5882352941176471
Xiao Guodong,Matthew Selt,19,1517,1414,0.7149367940026154,0.5640216374262577,812,474,5140,2822,923,500,5906,3073,178,97,1004,549,123,59,910,471,10,4,0.0,0.7142857142857143
Luca Brecel,Ryan Day,19,1459,1382,0.664499625755768,0.5479769376367963,673,392,4518,2439,1352,796,8888,4829,74,42,721,382,97,49,780,397,10,7,0.0,0.5882352941176471
Mark Allen,Fan Zhengyi,19,1520,1371,0.793967002625126,0.5920629281648192,1123,746,7963,4525,210,94,1330,621,86,45,1025,575,36,17,606,323,10,6,0.0,0.625
Zhao Xintong,Peifan Lei,25,1504,1355,0.8258611117653748,0.5920629281648192,366,214,2353,1308,147,73,905,443,0,0,58,39,51,21,367,189,13,10,0.0,0.5652173913043478
Mark Williams,Hossein Vafaei,25,1497,1435,0.652175176778554,0.538672605206508,1830,1197,13373,7668,372,224,2527,1346,72,29,879,499,113,60,778,436,13,10,0.0,0.5652173913043478
Chris Wakelin,Mark Allen,25,1426,1520,0.2766812823752851,0.44151888756183866,481,259,3053,1579,1123,746,7963,4525,123,54,968,523,86,45,1025,575,13,6,0.0,0.6842105263157895
Judd Trump,Shaun Murphy,25,1639,1512,0.7881641055046573,0.578714862460134,1530,1103,10578,6399,1411,926,10189,5783,235,141,1554,970,158,91,957,544,13,10,0.0,0.5652173913043478
Ronnie O'Sullivan,Pang Junxu,25,1534,1407,0.7881641055046573,0.578714862460134,1551,1178,13371,8149,223,123,1415,737,24,10,824,491,111,55,851,459,13,4,0.0,0.7647058823529411
Si Jiahui,Ben Woollaston,25,1409,1399,0.5251673739850222,0.5062496744995104,234,130,1554,824,857,482,5418,2877,126,56,940,508,54,32,528,279,13,10,0.0,0.5652173913043478
John Higgins,Xiao Guodong,25,1625,1517,0.7519886067848937,0.5670929049654543,1930,1361,14957,8816,812,474,5140,2822,213,127,1276,749,178,97,1004,549,13,12,0.0,0.52
Luca Brecel,Ding Junhui,25,1459,1535,0.31582136343092204,0.45264238185691075,673,392,4518,2439,1031,684,7951,4524,74,42,721,382,103,53,865,473,13,4,0.0,0.7647058823529411
Zhao Xintong,Chris Wakelin,25,1504,1426,0.6886448236421399,0.5485961085831343,366,214,2353,1308,481,259,3053,1579,0,0,58,39,123,54,968,523,13,5,0.0,0.7222222222222222
Mark Williams,John Higgins,25,1497,1625,0.21002318418701793,0.42067574785125056,1830,1197,13373,7668,1930,1361,14957,8816,72,29,879,499,213,127,1276,749,13,12,0.0,0.52
Judd Trump,Luca Brecel,25,1639,1459,0.8711007514441883,0.610639233949222,1530,1103,10578,6399,673,392,4518,2439,235,141,1554,970,74,42,721,382,13,8,0.0,0.6190476190476191
Ronnie O'Sullivan,Si Jiahui,25,1534,1409,0.7845108145439984,0.5774953651858118,1551,1178,13371,8149,234,130,1554,824,24,10,824,491,126,56,940,508,13,9,0.0,0.5909090909090909
Zhao Xintong,Ronnie O'Sullivan,33,1504,1534,0.41409100813505184,0.4812587841214648,366,214,2353,1308,1551,1178,13371,8149,0,0,58,39,24,10,824,491,17,7,0.0,0.7083333333333334
Mark Williams,Judd Trump,33,1497,1639,0.15273960604763426,0.41217046151748854,1830,1197,13373,7668,1530,1103,10578,6399,72,29,879,499,235,141,1554,970,17,14,0.0,0.5483870967741935
Zhao Xintong,Mark Williams,35,1504,1497,0.5207899936638909,0.5043748883497735,366,214,2353,1308,1830,1197,13373,7668,0,0,58,39,72,29,879,499,18,12,0.0,0.6
Xing Zihao,Peemachol Kongkitchertchoo,7,1197,1000,0.7491668212476215,0.6206951913643555,50,20,332,151,0,0,0,0,54,23,332,151,0,0,0,0,4,1,0.0,0.8
Zhang Zhijie,Laxman Rawat,7,1004,1072,0.4079185042473741,0.45760205922564895,16,8,81,40,33,16,171,84,0,0,58,33,0,0,52,29,4,0,0.0,1.0
Xu Yichen,Narongdat Takantong,7,1000,1027,0.4631419178202212,0.48313140430861523,0,0,0,0,14,8,78,42,0,0,0,0,0,0,39,18,4,3,0.0,0.5714285714285714
Liu Yang,Aamir-Sohail Ahmad,7,1032,972,0.5814204865006773,0.5374298453437496,7,5,36,22,2,0,9,1,0,0,36,22,0,0,9,1,4,0,0.0,1.0
Liu Wenwei,Tian Pengfei,7,985,1250,0.1839737621952785,0.3401782450279425,7,3,39,17,582,316,3823,2006,0,0,39,17,44,19,436,212,4,1,0.0,0.8
Thanawat Thirapongpaiboon,Chen Wei,7,1240,1000,0.792932804884019,0.6456563062257954,176,79,1226,585,0,0,0,0,0,0,0,0,0,0,0,0,4,0,0.0,1.0
Shrikrishna Suryanarayanan,Asutosh Padhy,7,985,1026,0.44414095234189266,0.47439741167538224,8,3,43,17,15,7,87,44,0,0,39,17,0,0,63,36,4,0,0.0,1.0
Chen Ruifu,Pankaj Advani,7,1027,1408,0.09975045012573525,0.2783823298153413,17,7,90,43,108,63,763,415,0,0,0,0,0,0,0,0,4,2,0.0,0.6666666666666666
Mubashir Raza,Xu Jiarui,7,1024,1000,0.5327731710226205,0.51499550161941,12,7,67,37,0,0,0,0,0,0,37,21,0,0,0,0,4,0,0.0,1.0
Prin Ratmukda,Ali Gharahgozlou,7,993,1077,0.3868205508364956,0.4476920904256748,8,4,42,20,9,7,48,33,0,0,42,20,0,0,48,33,4,0,0.0,1.0
Chen Qien,Luo Honghao,7,1000,1252,0.19576228851165434,0.34751053780725555,0,0,0,0,130,63,767,374,0,0,0,0,0,0,40,27,4,0,0.0,1.0
Yisong Peng,Thitiphong Choolasak,7,1088,1023,0.5880916350836762,0.5405358392737893,47,14,297,120,9,5,52,29,0,0,243,104,0,0,18,8,4,3,0.0,0.5714285714285714
Jaden Ong Jia Jun,Muhammad Azhar Khan,7,993,928,0.5880916350836762,0.5405358392737893,7,3,38,18,6,0,27,3,0,0,38,18,0,0,19,3,4,2,0.0,0.6666666666666666
Chatchapong Nasa,Muhammad Siddiqui (II),7,966,987,0.4713154170628733,0.4868780138177567,9,2,54,21,11,5,63,30,0,0,30,11,0,0,39,18,4,1,0.0,0.8
Hon Man Chau,Karar Najim,7,1017,1000,0.5232282019769063,0.5106234010049637,5,4,29,16,0,0,0,0,0,0,29,16,0,0,0,0,4,1,0.0,0.8
Putthakam Kimsuk,Nadeem Gul,7,1041,996,0.5612649493584694,0.528095374408387,17,11,94,53,3,1,17,8,0,0,71,41,0,0,17,8,4,0,0.0,1.0
Deng Jinhong,Siddiqui Arshad,7,959,1000,0.44414095234189266,0.47439741167538224,5,1,27,8,0,0,0,0,0,0,23,8,0,0,0,0,4,0,0.0,1.0
Ma Hailong,Soheil Vahedi,7,1208,1188,0.5273209820427867,0.5124973964842103,62,25,390,178,135,49,795,343,50,20,390,178,0,0,0,0,4,0,0.0,1.0
Yao Dongcheng,Liang Xiaolong,7,1000,1038,0.44820271004203943,0.4762678458734389,0,0,0,0,11,7,55,32,0,0,0,0,0,0,55,32,4,3,0.0,0.5714285714285714
Pongsakron Chongjairak (II),Abhishek Bajaj,7,1040,982,0.578744911388209,0.5361866202317948,12,6,68,38,3,1,16,6,0,0,30,14,0,0,16,6,4,1,0.0,0.8
Ritthichai Chimphanang,Li Chengjie,7,1017,1050,0.45498494612477275,0.47938669028555136,5,3,27,16,9,5,48,31,0,0,27,16,0,0,48,31,4,2,0.0,0.6666666666666666
Mohsin Amin,Qin Jianfeng,7,1000,980,0.5273209820427867,0.5124973964842103,0,0,0,0,4,1,21,6,0,0,0,0,0,0,0,0,4,3,0.0,0.5714285714285714
Hamza Akbar,Vorawit Thongweang,7,1084,939,0.6899164671577602,0.5896454785627312,86,27,525,203,4,0,16,0,0,0,42,21,0,0,16,0,4,0,0.0,1.0
Xing Zihao,Narinton Tasurin,7,1197,988,0.7618819203066071,0.6277321638605189,50,20,332,151,4,2,21,9,54,23,332,151,0,0,21,9,4,1,0.0,0.8
Zhang Zhijie,Siyavosh Mozayani,7,1004,999,0.5068355814796678,0.5031249593105316,16,8,81,40,3,1,14,6,0,0,58,33,0,0,0,0,4,2,0.0,0.6666666666666666
Luo Zetao,Liu Yang,7,1015,1032,0.476771798023094,0.4893765989950364,13,6,65,31,7,5,36,22,0,0,47,29,0,0,36,22,4,1,0.0,0.8
Feng Yu,Xian Ziheng,7,993,969,0.5327731710226205,0.51499550161941,10,5,56,26,2,0,8,0,0,0,23,12,0,0,8,0,4,0,0.0,1.0
Xu Yichen,Hrithik Jain,7,1000,923,0.6039885915613215,0.5479769376367963,0,0,0,0,16,3,84,27,0,0,0,0,0,0,29,10,4,0,0.0,1.0
Liu Wenwei,Manasawin Phetmalaikul,7,985,1016,0.4577018760615691,0.4806346917700681,7,3,39,17,72,21,429,170,0,0,39,17,51,22,262,101,4,1,0.0,0.8
Muhammad Umar Khan,Sahil Rana,7,1008,1000,0.510936041856229,0.5049998333399998,5,3,28,15,0,0,0,0,0,0,28,15,0,0,0,0,4,0,0.0,1.0
Thanawat Thirapongpaiboon,Digvijay Kadian,7,1240,927,0.855396798107813,0.6862186708976811,176,79,1226,585,13,2,74,25,0,0,0,0,0,0,30,12,4,1,0.0,0.8
Shrikrishna Suryanarayanan,Usman Mumtaz,7,985,1000,0.47950179614537025,0.4906260984783392,8,3,43,17,0,0,0,0,0,0,39,17,0,0,0,0,4,0,0.0,1.0
Chhay Suon,Ma Hailong,7,1000,1208,0.2391631406818608,0.3728522336868044,0,0,0,0,62,25,390,178,0,0,0,0,50,20,390,178,4,2,0.0,0.6666666666666666
Chen Qien,Nadeem Gul,7,1000,996,0.5054685677142574,0.5024999791668749,0,0,0,0,3,1,17,8,0,0,0,0,0,0,17,8,4,0,0.0,1.0
Tammada Pukpleayn,Ridhimann Bawane,7,1000,1000,0.5,0.5,0,0,0,0,0,0,0,0,0,0,0,0,0,0,0,0,4,0,0.0,1.0
Yisong Peng,Fung Kwok Wai,7,1088,1102,0.48086718764462183,0.4912508931197597,47,14,297,120,38,20,228,121,0,0,243,104,0,0,74,47,4,0,0.0,1.0
Pawaris Ngamkham,Sunny Wang,7,976,1000,0.4672268289773793,0.4850044983805899,3,1,16,5,0,0,0,0,0,0,16,5,0,0,0,0,4,1,0.0,0.8
Chatchapong Nasa,Arman Mardanighafarokhi,7,966,979,0.48223281808358937,0.4918757150937391,9,2,54,21,3,1,15,5,0,0,30,11,0,0,15,5,4,0,0.0,1.0
Wan Nansen Sin Man,Mubashir Raza,7,1026,1024,0.5027343522137269,0.5012499973958399,7,4,36,20,12,7,67,37,0,0,30,18,0,0,37,21,4,3,0.0,0.5714285714285714
Hon Man Chau,Rana Mahmood,7,1017,1000,0.5232282019769063,0.5106234010049637,5,4,29,16,0,0,0,0,0,0,29,16,0,0,0,0,4,2,0.0,0.6666666666666666
Liu Linhao,Cao Zeyi,7,1000,983,0.5232282019769063,0.5106234010049637,0,0,0,0,2,0,11,3,0,0,0,0,0,0,11,3,4,1,0.0,0.8
Yu Kiu Chang,Chen Ruifu,7,1065,1027,0.5517972899579606,0.523732154126561,29,15,170,86,17,7,90,43,0,0,64,36,0,0,0,0,4,2,0.0,0.6666666666666666
Chaiyasap Kitjaroenchai,Passakorn Sittikrai,7,1000,991,0.5123026114255715,0.5056247627073255,0,0,0,0,3,1,19,8,0,0,0,0,0,0,19,8,4,2,0.0,0.6666666666666666
Putthakam Kimsuk,Luo Chenliang,7,1041,972,0.5934092174000843,0.5430183807243099,17,11,94,53,2,0,9,1,0,0,71,41,0,0,9,1,4,0,0.0,1.0
Deng Jinhong,Patipaan Wonghun,7,959,971,0.4835986704357121,0.4925005624493796,5,1,27,8,2,0,8,0,0,0,23,8,0,0,8,0,4,1,0.0,0.8
Zhou Jinhao,Wang Yuhang,7,1043,988,0.5747243219334544,0.5343209436693046,13,5,95,41,1,0,5,0,28,12,95,41,5,0,5,0,4,0,0.0,1.0
Xu Jianhao,Pongsakron Chongjairak (II),7,1000,1040,0.44549420086403224,0.47502081252106,0,0,0,0,12,6,68,38,0,0,0,0,0,0,30,14,4,3,0.0,0.5714285714285714
Abdul Javed,Hamza Akbar,7,1000,1084,0.3868205508364956,0.4476920904256748,0,0,0,0,86,27,525,203,0,0,0,0,0,0,42,21,4,3,0.0,0.5714285714285714
Lomnaw Issarangkun,Yao Dongcheng,7,974,1000,0.4645031181885513,0.48375571893792757,2,0,9,1,0,0,0,0,0,0,9,1,0,0,0,0,4,3,0.0,0.5714285714285714
Thor Chuan Leong,Amin Sanjaei,7,1249,1002,0.7995764997363425,0.6496497492904088,206,77,1306,584,14,8,75,37,62,30,363,178,0,0,56,27,4,1,0.0,0.8
Nattanapong Chaikul,Jaden Ong Jia Jun,7,1015,993,0.5300478260158454,0.513746534902355,15,8,82,41,7,3,38,18,0,0,52,29,0,0,38,18,4,2,0.0,0.6666666666666666
Mohsin Amin,Babar Masih,7,1000,1007,0.4904306643721704,0.4956251116502266,0,0,0,0,11,3,73,31,0,0,0,0,0,0,35,17,4,3,0.0,0.5714285714285714
Muhammad Ahsan Javaid,Prin Ratmukda,7,993,993,0.5,0.5,12,6,66,32,8,4,42,20,0,0,53,27,0,0,42,20,4,2,0.0,0.6666666666666666
Xing Zihao,Thanawat Thirapongpaiboon,7,1197,1240,0.44143655006080335,0.4731508513108857,50,20,332,151,176,79,1226,585,54,23,332,151,0,0,0,0,4,3,0.0,0.5714285714285714
Luo Zetao,Lomnaw Issarangkun,7,1015,974,0.5558590476581076,0.5256025883246178,13,6,65,31,2,0,9,1,0,0,47,29,0,0,9,1,4,0,0.0,1.0
Feng Yu,Yu Kiu Chang,7,993,1065,0.40261453047341306,0.45512110762641994,10,5,56,26,29,15,170,86,0,0,23,12,0,0,64,36,4,3,0.0,0.5714285714285714
Liu Wenwei,Tammada Pukpleayn,7,985,1000,0.47950179614537025,0.4906260984783392,7,3,39,17,0,0,0,0,0,0,39,17,0,0,0,0,4,0,0.0,1.0
Chhay Suon,Xu Yichen,7,1000,1000,0.5,0.5,0,0,0,0,0,0,0,0,0,0,0,0,0,0,0,0,4,1,0.0,0.8
Chen Qien,Muhammad Ahsan Javaid,7,1000,993,0.5095693356278297,0.5043748883497735,0,0,0,0,12,6,66,32,0,0,0,0,0,0,53,27,4,3,0.0,0.5714285714285714
Yisong Peng,Wan Nansen Sin Man,7,1088,1026,0.5840920587766287,0.538672605206508,47,14,297,120,7,4,36,20,0,0,243,104,0,0,30,18,4,2,0.0,0.6666666666666666
Chatchapong Nasa,Shrikrishna Suryanarayanan,7,966,985,0.47404295972292854,0.4881272322437472,9,2,54,21,8,3,43,17,0,0,30,11,0,0,39,17,4,1,0.0,0.8
Liu Linhao,Zhang Zhijie,7,1000,1004,0.4945314322857424,0.49750002083312506,0,0,0,0,16,8,81,40,0,0,0,0,0,0,58,33,4,2,0.0,0.6666666666666666
Chaiyasap Kitjaroenchai,Ritthichai Chimphanang,7,1000,1017,0.476771798023094,0.4893765989950364,0,0,0,0,5,3,27,16,0,0,0,0,0,0,27,16,4,3,0.0,0.5714285714285714
Deng Jinhong,Pawaris Ngamkham,7,959,976,0.476771798023094,0.4893765989950364,5,1,27,8,3,1,16,5,0,0,23,8,0,0,16,5,4,1,0.0,0.8
Zhou Jinhao,Putthakam Kimsuk,7,1043,1041,0.5027343522137269,0.5012499973958399,13,5,95,41,17,11,94,53,28,12,95,41,0,0,71,41,4,1,0.0,0.8
Xu Jianhao,Thor Chuan Leong,7,1000,1249,0.19855056662581022,0.34921307920316513,0,0,0,0,206,77,1306,584,0,0,0,0,62,30,363,178,4,3,0.0,0.5714285714285714
Zhao Hanyang,Hon Man Chau,7,967,1017,0.43199486323846364,0.46879062662624377,7,2,39,14,5,4,29,16,0,0,12,4,0,0,29,16,4,1,0.0,0.8
Nattanapong Chaikul,Muhammad Umar Khan,7,1015,1008,0.5095693356278297,0.5043748883497735,15,8,82,41,5,3,28,15,0,0,52,29,0,0,28,15,4,1,0.0,0.8
Mohsin Amin,Abdul Javed,7,1000,1000,0.5,0.5,0,0,0,0,0,0,0,0,0,0,0,0,0,0,0,0,4,1,0.0,0.8
Xing Zihao,Xu Jianhao,7,1197,1000,0.7491668212476215,0.6206951913643555,50,20,332,151,0,0,0,0,54,23,332,151,0,0,0,0,4,3,0.0,0.5714285714285714
Luo Zetao,Zhou Jinhao,7,1015,1043,0.46178117660461016,0.48250714233361025,13,6,65,31,13,5,95,41,0,0,47,29,28,12,95,41,4,1,0.0,0.8
Liu Wenwei,Chen Qien,7,985,1000,0.47950179614537025,0.4906260984783392,7,3,39,17,0,0,0,0,0,0,39,17,0,0,0,0,4,2,0.0,0.6666666666666666
Yisong Peng,Deng Jinhong,7,1088,959,0.6704536022204194,0.5799334001885058,47,14,297,120,5,1,27,8,0,0,243,104,0,0,23,8,4,1,0.0,0.8
Chatchapong Nasa,Feng Yu,7,966,993,0.4631419178202212,0.48313140430861523,9,2,54,21,10,5,56,26,0,0,30,11,0,0,23,12,4,1,0.0,0.8
Liu Linhao,Chhay Suon,7,1000,1000,0.5,0.5,0,0,0,0,0,0,0,0,0,0,0,0,0,0,0,0,4,2,0.0,0.6666666666666666
Zhao Hanyang,Chaiyasap Kitjaroenchai,7,967,1000,0.45498494612477275,0.47938669028555136,7,2,39,14,0,0,0,0,0,0,12,4,0,0,0,0,4,0,0.0,1.0
Nattanapong Chaikul,Mohsin Amin,7,1015,1000,0.5204982038546295,0.5093739015216607,15,8,82,41,0,0,0,0,0,0,52,29,0,0,0,0,4,1,0.0,0.8
Luo Zetao,Yisong Peng,7,1015,1088,0.40129146875494726,0.45450121278721795,13,6,65,31,47,14,297,120,0,0,47,29,0,0,243,104,4,2,0.0,0.6666666666666666
Liu Wenwei,Nattanapong Chaikul,7,985,1015,0.4590611389260606,0.4812587841214648,7,3,39,17,15,8,82,41,0,0,39,17,0,0,52,29,4,3,0.0,0.5714285714285714
Chatchapong Nasa,Zhao Hanyang,7,966,967,0.4986328153483015,0.4993750003255206,9,2,54,21,7,2,39,14,0,0,30,11,0,0,12,4,4,2,0.0,0.6666666666666666
Liu Linhao,Xing Zihao,7,1000,1197,0.2508331787523786,0.37930480863564453,0,0,0,0,50,20,332,151,0,0,0,0,54,23,332,151,4,0,0.0,1.0
Liu Wenwei,Luo Zetao,7,985,1015,0.4590611389260606,0.4812587841214648,7,3,39,17,13,6,65,31,0,0,39,17,0,0,47,29,4,3,0.0,0.5714285714285714
Chatchapong Nasa,Liu Linhao,7,966,1000,0.45362731252530075,0.4787627850337259,9,2,54,21,0,0,0,0,0,0,30,11,0,0,0,0,4,0,0.0,1.0
Liu Yang,Feng Yu,7,1034,1003,0.5422981239384312,0.519365308229932,9,6,45,27,13,7,72,35,9,5,45,27,16,9,39,21,4,3,0.0,0.5714285714285714
Soheil Vahedi,Karar Najim,7,1172,988,0.7349708541108757,0.6130141761393355,136,49,799,343,1,0,5,1,4,0,4,0,5,1,5,1,4,3,0.0,0.5714285714285714
Laxman Rawat,Hrithik Jain,7,1055,909,0.691115079332653,0.5902502519301834,34,16,175,84,17,3,88,27,4,0,56,29,4,0,33,10,4,1,0.0,0.8
Manasawin Phetmalaikul,Narinton Tasurin,7,1004,981,0.5314106943491967,0.5143710406970602,73,21,434,171,5,2,26,10,56,23,267,102,5,1,26,10,4,0,0.0,1.0
Wan Nansen Sin Man,Sahil Rana,7,1024,984,0.5545057991359676,0.52497918747894,9,5,49,26,1,0,4,0,13,6,43,24,4,0,4,0,4,1,0.0,0.8
Rana Mahmood,Luo Honghao,7,993,1231,0.2089905743017545,0.3554884462937054,1,0,6,2,131,63,771,374,6,2,6,2,4,0,44,27,4,2,0.0,0.6666666666666666
Liu Linhao,Fung Kwok Wai,7,1032,1086,0.4266177377216683,0.4663011645670992,5,4,25,16,39,20,232,121,25,16,25,16,4,0,78,47,4,2,0.0,0.6666666666666666
Digvijay Kadian,Tammada Pukpleayn,7,923,1000,0.39601140843867844,0.4520230623632036,14,2,79,26,2,1,8,4,5,1,35,13,8,4,8,4,4,1,0.0,0.8
Zhou Jinhao,Xu Jianhao,7,1057,1021,0.549086208422272,0.5224848247918001,16,7,109,50,3,2,21,11,42,21,109,50,21,11,21,11,4,3,0.0,0.5714285714285714
Qin Jianfeng,Sunny Wang,7,977,987,0.4863309727288301,0.49375032550048964,5,1,28,9,1,0,5,1,7,3,7,3,5,1,5,1,4,1,0.0,0.8
Lomnaw Issarangkun,Patipaan Wonghun,7,964,959,0.5068355814796678,0.5031249593105316,4,1,20,5,3,0,13,1,11,4,20,5,5,1,13,1,4,1,0.0,0.8
Zhao Hanyang,Thitiphong Choolasak,7,991,1021,0.4590611389260606,0.4812587841214648,10,4,54,24,10,5,59,32,15,10,27,14,7,3,25,11,4,1,0.0,0.8
Ali Gharahgozlou,Shrikrishna Suryanarayanan,7,1059,1005,0.573382262278332,0.5336988354329009,10,7,52,33,11,5,56,26,4,0,52,33,13,9,52,26,4,0,0.0,1.0
Yao Dongcheng,Muhammad Siddiqui (II),7,1000,974,0.5354968818114487,0.5162442810620724,2,1,14,7,12,5,68,31,14,7,14,7,5,1,44,19,4,2,0.0,0.6666666666666666
Thor Chuan Leong,Amin Sanjaei,7,1243,996,0.7995764997363425,0.6496497492904088,208,78,1318,591,15,8,80,38,74,37,375,185,5,1,61,28,4,3,0.0,0.5714285714285714
Ritthichai Chimphanang,Usman Mumtaz,7,1021,984,0.5504420624351876,0.523108525489089,7,4,40,23,1,0,4,0,13,7,40,23,4,0,4,0,4,0,0.0,1.0
Nattanapong Chaikul,Liang Xiaolong,7,1043,1033,0.51366902727117,0.5062496744995104,19,11,105,56,12,7,62,35,23,15,75,44,7,3,62,35,4,2,0.0,0.6666666666666666
Abhishek Bajaj,Chen Wei,7,971,989,0.47540722540195457,0.4887518980531451,4,1,21,7,1,0,4,0,5,1,21,7,4,0,4,0,4,0,0.0,1.0
Muhammad Azhar Khan,Jaden Ong Jia Jun,7,922,991,0.4065907825999159,0.4569816192756902,7,0,33,5,9,4,50,24,6,2,25,5,12,6,50,24,4,2,0.0,0.6666666666666666
Muhammad Ahsan Javaid,Vorawit Thongweang,7,999,926,0.5987085312450529,0.5454987872127821,14,7,79,39,5,0,20,0,13,7,66,34,4,0,20,0,4,0,0.0,1.0
Pankaj Advani,Aamir-Sohail Ahmad,7,1389,957,0.9261623827014096,0.7464939833376621,109,63,769,417,3,0,13,1,6,2,6,2,4,0,13,1,4,0,0.0,1.0
Luo Zetao,Zhang Zhijie,7,1061,1020,0.5558590476581076,0.5256025883246178,18,10,92,50,19,10,97,50,27,19,74,48,16,10,74,43,4,3,0.0,0.5714285714285714
Wang Yuhang,Hamza Akbar,7,973,1090,0.34447706088090824,0.42739193613673987,2,0,9,0,88,28,536,210,9,0,9,0,11,7,53,28,4,0,0.0,1.0
Liu Yang,Yu Kiu Chang,7,1034,1066,0.4563431395453441,0.48001065984441826,9,6,45,27,31,16,183,93,9,5,45,27,13,7,77,43,4,0,0.0,1.0
Soheil Vahedi,Passakorn Sittikrai,7,1172,983,0.7404818133197837,0.6159753019181258,136,49,799,343,4,1,25,10,4,0,4,0,6,2,25,10,4,1,0.0,0.8
Muhammad Umar Khan,Xu Jiarui,7,1012,984,0.5382188233953898,0.5174928576663897,7,4,37,20,1,0,4,0,9,5,37,20,4,0,4,0,4,2,0.0,0.6666666666666666
Thanawat Thirapongpaiboon,Xing Zihao,7,1249,1194,0.5747243219334544,0.5343209436693046,179,81,1242,596,55,24,360,167,16,11,16,11,82,39,360,167,4,2,0.0,0.6666666666666666
Narongdat Takantong,Laxman Rawat,7,1022,1055,0.45498494612477275,0.47938669028555136,15,8,85,45,34,16,175,84,7,3,46,21,4,0,56,29,4,2,0.0,0.6666666666666666
Chhay Suon,Abhishek Bajaj,7,1019,971,0.5653114683109788,0.5299640517645717,3,2,17,10,4,1,21,7,17,10,17,10,5,1,21,7,4,2,0.0,0.6666666666666666
Chen Ruifu,Rana Mahmood,7,1039,993,0.5626145694127913,0.5287183569514396,19,8,102,49,1,0,6,2,12,6,12,6,6,2,6,2,4,1,0.0,0.8
Chen Qien,Prin Ratmukda,7,1031,1002,0.5395790886298393,0.5181170650431814,4,3,21,14,10,5,52,26,21,14,21,14,10,6,52,26,4,1,0.0,0.8
Manasawin Phetmalaikul,Ridhimann Bawane,7,1004,984,0.5273209820427867,0.5124973964842103,73,21,434,171,1,0,4,0,56,23,267,102,4,0,4,0,4,1,0.0,0.8
Tian Pengfei,Muhammad Ahsan Javaid,7,1232,999,0.786152249899794,0.6416424532015634,583,316,3828,2007,14,7,79,39,49,20,441,213,13,7,66,34,4,2,0.0,0.6666666666666666
Yisong Peng,Pawaris Ngamkham,7,1111,977,0.6765921632853334,0.5829754542011996,52,18,325,138,5,2,26,10,28,18,271,122,10,5,26,10,4,1,0.0,0.8
Wan Nansen Sin Man,Hon Man Chau,7,1024,1022,0.5027343522137269,0.5012499973958399,9,5,49,26,8,6,45,25,13,6,43,24,16,9,45,25,4,3,0.0,0.5714285714285714
Siyavosh Mozayani,Xian Ziheng,7,992,953,0.5531518743848329,0.5243557087682073,4,1,20,8,3,0,12,0,6,2,6,2,4,0,12,0,4,1,0.0,0.8
Babar Masih,Zhou Jinhao,7,1003,1057,0.4266177377216683,0.4663011645670992,12,3,80,34,16,7,109,50,7,3,42,20,42,21,109,50,4,3,0.0,0.5714285714285714
Liu Linhao,Mubashir Raza,7,1032,1036,0.4945314322857424,0.49750002083312506,5,4,25,16,14,8,78,44,25,16,25,16,11,7,48,28,4,3,0.0,0.5714285714285714
Peemachol Kongkitchertchoo,Nattanapong Chaikul,7,993,1043,0.43199486323846364,0.46879062662624377,1,0,5,1,19,11,105,56,5,1,5,1,23,15,75,44,4,3,0.0,0.5714285714285714
Digvijay Kadian,Asutosh Padhy,7,923,1009,0.3842066871290606,0.4464560968488817,14,2,79,26,16,7,91,44,5,1,35,13,4,0,67,36,4,1,0.0,0.8
Abdul Javed,Qin Jianfeng,7,995,977,0.5245927745980452,0.5112481019468548,2,1,12,5,5,1,28,9,12,5,12,5,7,3,7,3,4,3,0.0,0.5714285714285714
Lomnaw Issarangkun,Nadeem Gul,7,964,966,0.4972656477862734,0.49875000260416025,4,1,20,5,5,1,25,8,11,4,20,5,8,0,25,8,4,2,0.0,0.6666666666666666
Zhao Hanyang,Li Chengjie,7,991,1041,0.43199486323846364,0.46879062662624377,10,4,54,24,10,5,54,33,15,10,27,14,6,2,54,33,4,1,0.0,0.8
Ma Hailong,Mohsin Amin,7,1209,1007,0.7545108097932872,0.623633628298226,64,26,400,184,4,3,24,13,60,26,400,184,24,13,24,13,4,0,0.0,1.0
Ali Gharahgozlou,Siddiqui Arshad,7,1059,983,0.6026704349193375,0.5473576181430894,10,7,52,33,1,0,4,0,4,0,52,33,4,0,4,0,4,0,0.0,1.0
Yao Dongcheng,Luo Chenliang,7,1000,958,0.557211603425229,0.5262259093720687,2,1,14,7,3,0,13,1,14,7,14,7,4,0,13,1,4,0,0.0,1.0
Thor Chuan Leong,Putthakam Kimsuk,7,1243,1058,0.7360780864464773,0.6136070778047783,208,78,1318,591,20,13,107,62,74,37,375,185,13,9,84,50,4,0,0.0,1.0
Pongsakron Chongjairak (II),Cao Zeyi,7,1045,971,0.6000303895586184,0.5461185410457796,14,7,80,45,3,0,16,4,12,7,42,21,5,1,16,4,4,0,0.0,1.0
Ritthichai Chimphanang,Chaiyasap Kitjaroenchai,7,1021,996,0.534135239137421,0.5156199157230156,7,4,40,23,3,2,17,8,13,7,40,23,17,8,17,8,4,1,0.0,0.8
Muhammad Azhar Khan,Arman Mardanighafarokhi,7,922,963,0.44414095234189266,0.47439741167538224,7,0,33,5,4,1,19,5,6,2,25,5,4,0,19,5,4,3,0.0,0.5714285714285714
Pankaj Advani,Nadeem Gul,7,1389,966,0.9220320707763197,0.7422125022622994,109,63,769,417,5,1,25,8,6,2,6,2,8,0,25,8,4,0,0.0,1.0
Luo Zetao,Muhammad Umar Khan,7,1061,1012,0.5666587144886649,0.530586760182081,18,10,92,50,7,4,37,20,27,19,74,48,9,5,37,20,4,0,0.0,1.0
Xu Yichen,Lomnaw Issarangkun,7,1007,964,0.5585634499391967,0.5268491486891144,3,2,16,9,4,1,20,5,16,9,16,9,11,4,20,5,4,0,0.0,1.0
Soheil Vahedi,Chen Qien,7,1172,1031,0.685100616527281,0.587223690839335,136,49,799,343,4,3,21,14,4,0,4,0,21,14,21,14,4,2,0.0,0.6666666666666666
Thanawat Thirapongpaiboon,Wan Nansen Sin Man,7,1249,1024,0.7782368395177592,0.6370307944803831,179,81,1242,596,9,5,49,26,16,11,16,11,13,6,43,24,4,3,0.0,0.5714285714285714
Narongdat Takantong,Abdul Javed,7,1022,995,0.536858082179779,0.5168685956913849,15,8,85,45,2,1,12,5,7,3,46,21,12,5,12,5,4,0,0.0,1.0
Chhay Suon,Yao Dongcheng,7,1019,1000,0.5259570402770714,0.5118727677562528,3,2,17,10,2,1,14,7,17,10,17,10,14,7,14,7,4,1,0.0,0.8
Yisong Peng,Muhammad Azhar Khan,7,1111,922,0.7404818133197837,0.6159753019181258,52,18,325,138,7,0,33,5,28,18,271,122,6,2,25,5,4,1,0.0,0.8
Siyavosh Mozayani,Ritthichai Chimphanang,7,992,1021,0.46042091137016095,0.4818829349568186,4,1,20,8,7,4,40,23,6,2,6,2,13,7,40,23,4,2,0.0,0.6666666666666666
Babar Masih,Tian Pengfei,7,1003,1232,0.21778339730367308,0.36066016324693406,12,3,80,34,583,316,3828,2007,7,3,42,20,49,20,441,213,4,0,0.0,1.0
Liu Linhao,Wang Yuhang,7,1032,973,0.5800831913605062,0.5368082899889803,5,4,25,16,2,0,9,0,25,16,25,16,9,0,9,0,4,3,0.0,0.5714285714285714
Digvijay Kadian,Manasawin Phetmalaikul,7,923,1004,0.3907515745539448,0.4495472886604723,14,2,79,26,73,21,434,171,5,1,35,13,56,23,267,102,4,0,0.0,1.0
Deng Jinhong,Ali Gharahgozlou,7,991,1059,0.4079185042473741,0.45760205922564895,9,4,46,21,10,7,52,33,19,13,42,21,4,0,52,33,4,3,0.0,0.5714285714285714
Zhao Hanyang,Pongsakron Chongjairak (II),7,991,1045,0.4266177377216683,0.4663011645670992,10,4,54,24,14,7,80,45,15,10,27,14,12,7,42,21,4,3,0.0,0.5714285714285714
Ma Hailong,Liu Yang,7,1209,1034,0.7248939369984414,0.6076631698328917,64,26,400,184,9,6,45,27,60,26,400,184,9,5,45,27,4,2,0.0,0.6666666666666666
Thor Chuan Leong,Chen Ruifu,7,1243,1039,0.756630061657872,0.6248064744684293,208,78,1318,591,19,8,102,49,74,37,375,185,12,6,12,6,4,0,0.0,1.0
Pankaj Advani,Peemachol Kongkitchertchoo,7,1389,993,0.9085182512941501,0.7290879223493065,109,63,769,417,1,0,5,1,6,2,6,2,5,1,5,1,4,0,0.0,1.0
Xu Yichen,Soheil Vahedi,7,1007,1172,0.286533617594737,0.3983128198171432,3,2,16,9,136,49,799,343,16,9,16,9,4,0,4,0,4,3,0.0,0.5714285714285714
Thanawat Thirapongpaiboon,Deng Jinhong,7,1249,991,0.8097380368967944,0.6558828412078137,179,81,1242,596,9,4,46,21,16,11,16,11,19,13,42,21,4,0,0.0,1.0
Narongdat Takantong,Liu Linhao,7,1022,1032,0.4863309727288301,0.49375032550048964,15,8,85,45,5,4,25,16,7,3,46,21,25,16,25,16,4,3,0.0,0.5714285714285714
Siyavosh Mozayani,Digvijay Kadian,7,992,923,0.5934092174000843,0.5430183807243099,4,1,20,8,14,2,79,26,6,2,6,2,5,1,35,13,4,2,0.0,0.6666666666666666
Babar Masih,Yisong Peng,7,1003,1111,0.3558484820461031,0.4329070950345457,12,3,80,34,52,18,325,138,7,3,42,20,28,18,271,122,4,3,0.0,0.5714285714285714
Zhao Hanyang,Chhay Suon,7,991,1019,0.46178117660461016,0.48250714233361025,10,4,54,24,3,2,17,10,15,10,27,14,17,10,17,10,4,1,0.0,0.8
Thor Chuan Leong,Ma Hailong,7,1243,1209,0.5463726874746992,0.5212372149662741,208,78,1318,591,64,26,400,184,74,37,375,185,60,26,400,184,4,2,0.0,0.6666666666666666
Pankaj Advani,Luo Zetao,7,1389,1061,0.8663684234920509,0.6942363401080305,109,63,769,417,18,10,92,50,6,2,6,2,27,19,74,48,4,1,0.0,0.8
Xu Yichen,Thanawat Thirapongpaiboon,7,1007,1249,0.20515498938795906,0.35320060744201437,3,2,16,9,179,81,1242,596,16,9,16,9,16,11,16,11,4,3,0.0,0.5714285714285714
Narongdat Takantong,Siyavosh Mozayani,7,1022,992,0.5409388610739393,0.5187412158785352,15,8,85,45,4,1,20,8,7,3,46,21,6,2,6,2,4,2,0.0,0.6666666666666666
Babar Masih,Pankaj Advani,7,1003,1389,0.09693199050390638,0.27587822922918137,12,3,80,34,109,63,769,417,7,3,42,20,6,2,6,2,4,1,0.0,0.8
Zhao Hanyang,Thor Chuan Leong,7,991,1243,0.19576228851165434,0.34751053780725555,10,4,54,24,208,78,1318,591,15,10,27,14,74,37,375,185,4,3,0.0,0.5714285714285714
Xu Yichen,Babar Masih,7,1007,1003,0.5054685677142574,0.5024999791668749,3,2,16,9,12,3,80,34,16,9,16,9,7,3,42,20,4,3,0.0,0.5714285714285714
Zhao Hanyang,Narongdat Takantong,7,991,1022,0.4577018760615691,0.4806346917700681,10,4,54,24,15,8,85,45,15,10,27,14,7,3,46,21,4,1,0.0,0.8
Adam Williams,William Hurley,7,981,1000,0.47404295972292854,0.4881272322437472,2,0,12,4,0,0,0,0,0,0,12,4,0,0,0,0,4,1,0.0,0.8
Elliott Weston,Gary Widdecombe,7,936,982,0.43738543058720863,0.4712816430485603,10,1,46,12,2,0,11,3,0,0,0,0,0,0,11,3,4,1,0.0,0.8
Steven Wardropper,Labeeb Ahmed,7,988,943,0.5612649493584694,0.528095374408387,4,1,17,5,19,6,94,35,0,0,17,5,0,0,35,16,4,0,0.0,1.0
Jason Tart,Chi Chun Chan,7,978,1000,0.4699521739841547,0.486253465097645,24,8,124,52,0,0,0,0,0,0,20,11,0,0,0,0,4,0,0.0,1.0
Lee Stephens,Ross Vallance,7,929,1062,0.3246315371699399,0.41763245927192055,27,7,151,59,36,17,187,90,0,0,22,10,0,0,0,0,4,2,0.0,0.6666666666666666
Adam Stacey,Joseph Casha,7,1000,988,0.5164013295642876,0.5074994375506203,0,0,0,0,1,0,4,0,0,0,0,0,0,0,0,0,4,1,0.0,0.8
Oshay Scott,James Burrett,7,1000,770,0.783204659627048,0.6399160967377341,0,0,0,0,56,11,279,83,0,0,0,0,0,0,27,10,4,1,0.0,0.8
John Pritchett,Oliver Sykes,7,978,1092,0.34825159011302903,0.4292283881055083,18,6,96,41,18,8,115,56,0,0,0,0,0,0,110,55,4,2,0.0,0.6666666666666666
Luke Pinches,Ronan McGuirk,7,1001,1000,0.5013671846516985,0.5006249996744794,45,18,236,108,0,0,0,0,0,0,45,25,0,0,0,0,4,1,0.0,0.8
Kaylan Patel,Steven Croker,7,1003,1000,0.5041014855971089,0.5018749912109869,1,0,17,7,0,0,0,0,17,7,17,7,0,0,0,0,4,0,0.0,1.0
Brian Ochoiski,Imran Puri,7,1025,645,0.8996783008876897,0.7211151780228631,66,26,340,152,74,10,361,83,0,0,38,18,0,0,19,7,4,0,0.0,1.0
Aidan Murphy (II),Bradley Cowdroy,7,975,963,0.5164013295642876,0.5074994375506203,5,0,24,7,21,7,100,41,0,0,10,2,0,0,38,14,4,1,0.0,0.8
Nicolas Mortreux,Jamie Gimblett,7,981,1000,0.47404295972292854,0.4881272322437472,5,1,30,12,0,0,0,0,0,0,30,12,0,0,0,0,4,1,0.0,0.8
Faizaan Mohammed,Luke Simmonds,7,940,1136,0.25190978869692043,0.3798935676569099,14,4,71,26,180,93,1126,580,0,0,27,9,0,0,31,10,4,0,0.0,1.0
Alex Millington,Alexander Widau,7,1015,1000,0.5204982038546295,0.5093739015216607,33,14,187,92,0,0,0,0,0,0,37,18,0,0,0,0,4,3,0.0,0.5714285714285714
Ian Martin,Rodion Judin,7,1047,967,0.6079354159352611,0.549833997312478,81,39,449,213,40,17,237,98,0,0,80,30,0,0,43,17,4,2,0.0,0.6666666666666666
Mark Lloyd,Darren Burns,7,1005,898,0.6428793213307702,0.5664790559676278,43,15,220,95,28,8,143,49,0,0,43,16,0,0,13,4,4,1,0.0,0.8
Shaun Liu,Victor Sarkis,7,998,849,0.6946979044907379,0.5920629281648192,6,3,26,12,29,2,156,32,0,0,26,12,0,0,138,28,4,2,0.0,0.6666666666666666
William Lemons,Tony Knowles,7,1051,953,0.6313550071762073,0.5609454503247162,46,19,266,122,612,304,5014,2488,0,0,0,0,0,0,31,12,4,0,0.0,1.0
Denys Khmelevskyi,Dean Reynolds,7,977,885,0.6236008848905433,0.5572478545985555,3,0,19,7,440,215,3753,1849,0,0,0,0,0,0,16,0,4,0,0.0,1.0
Stephen Kershaw,Elias Martin-Beris,7,978,969,0.5123026114255715,0.5056247627073255,212,90,1475,698,5,1,22,6,0,0,40,20,0,0,22,6,4,3,0.0,0.5714285714285714
Filips Kalniņš,Aidan Gallagher,7,942,974,0.4563431395453441,0.48001065984441826,6,1,41,10,5,1,25,8,0,0,19,3,0,0,25,8,4,1,0.0,0.8
Nathan Jones,Christian Richter,7,996,1000,0.4945314322857424,0.49750002083312506,8,3,49,22,0,0,0,0,0,0,26,13,0,0,0,0,4,2,0.0,0.6666666666666666
Kuldesh Johal,Saqib Nasir,7,1079,1043,0.549086208422272,0.5224848247918001,280,151,1707,895,132,62,718,364,0,0,21,5,0,0,34,12,4,0,0.0,1.0
Ashley Hugill,Jeff Cundy,7,1285,1101,0.7349708541108757,0.6130141761393355,250,108,1516,721,548,289,3778,1956,0,0,279,131,0,0,39,20,4,2,0.0,0.6666666666666666
Matthew Glasby,Brandon Nguyen,7,1004,1000,0.5054685677142574,0.5024999791668749,87,39,462,213,0,0,0,0,0,0,45,22,0,0,0,0,4,1,0.0,0.8
Jake Crofts,Ronnie Blake,7,965,947,0.5245927745980452,0.5112481019468548,7,1,41,13,15,4,77,28,0,0,27,11,0,0,10,2,4,3,0.0,0.5714285714285714
Westley Cooper,Craig Barber,7,980,946,0.5463726874746992,0.5212372149662741,3,0,18,6,77,32,482,220,0,0,0,0,0,0,0,0,4,0,0.0,1.0
Joel Connolly Jnr,Mohammad Ashraf,7,961,1000,0.44684812561516707,0.47564429123179275,11,2,52,15,0,0,0,0,0,0,41,14,0,0,0,0,4,0,0.0,1.0
Nigel Clarke,Ethan Llewellyn,7,922,1000,0.3946945160108152,0.4514038914168657,7,0,34,6,0,0,0,0,0,0,20,4,0,0,0,0,4,2,0.0,0.6666666666666666
Billy Joe Castle,Evan Munro,7,1125,982,0.6875128007198821,0.5884351201276382,159,69,883,404,126,55,867,410,0,0,59,30,0,0,0,0,4,1,0.0,0.8
Jay Bullen,Gary Skipworth,7,958,961,0.4958985144028909,0.498125008789013,7,1,41,14,15,4,116,52,0,0,18,7,0,0,5,1,4,1,0.0,0.8
David Brown,Logan Hall,7,1000,1000,0.5,0.5,0,0,0,0,0,0,0,0,0,0,0,0,0,0,0,0,4,1,0.0,0.8
Oliver Brown,Velian Dimitrov,7,1174,980,0.7459292301495708,0.6189278548001903,279,123,1529,723,3,1,13,4,0,0,229,98,0,0,13,4,4,1,0.0,0.8
Danny Brindle,Heather Clare,7,868,834,0.5463726874746992,0.5212372149662741,38,9,209,73,12,0,48,0,0,0,41,19,0,0,8,0,4,0,0.0,1.0
Daniel Boyes,Riley Powell,7,998,975,0.5314106943491967,0.5143710406970602,1,0,1,0,16,6,69,25,0,0,1,0,7,3,69,25,4,2,0.0,0.6666666666666666
Jack Borwick,Umar Hayat Ali,7,972,1000,0.46178117660461016,0.48250714233361025,13,4,59,22,0,0,0,0,0,0,59,22,0,0,0,0,4,0,0.0,1.0
Richard Binns,James Silverwood,7,961,942,0.5259570402770714,0.5118727677562528,8,2,38,13,105,33,553,223,0,0,0,0,0,0,35,14,4,1,0.0,0.8
Callum Beresford,Andy Neck,7,1029,954,0.6013510291923431,0.5467381519846138,29,14,144,67,139,65,1034,493,0,0,18,8,0,0,9,1,4,1,0.0,0.8
Scott Bell,Dylan Smith,7,906,881,0.534135239137421,0.5156199157230156,21,5,110,38,9,0,43,5,0,0,28,9,0,0,15,1,4,3,0.0,0.5714285714285714
Mateusz Baranowski,Kian Dennett,7,1067,973,0.6261916833783177,0.5584811124381613,62,29,353,172,2,0,9,1,24,12,41,21,0,0,9,1,4,1,0.0,0.8
John Astley,Lewis Knowles,7,1239,1000,0.7919725105475417,0.645084137572727,351,157,2189,1032,0,0,0,0,0,0,230,101,0,0,0,0,4,0,0.0,1.0
Dean Young,Jake Crofts,7,1105,965,0.6838913574482577,0.5866175789173301,125,47,694,293,7,1,41,13,59,25,387,165,0,0,27,11,4,2,0.0,0.6666666666666666
Daniel Womersley,Marc Shaw,7,1075,919,0.7029806026650167,0.5962826992967879,119,55,618,290,9,1,44,10,26,7,199,88,0,0,18,2,4,0,0.0,1.0
Matt Williams,Brian Ochoiski,7,974,1025,0.43064928112217615,0.4681681105837757,53,23,290,131,66,26,340,152,0,0,32,15,0,0,38,18,4,2,0.0,0.6666666666666666
Patrick Whelan,William Forster,7,1028,1000,0.5382188233953898,0.5174928576663897,63,29,335,164,0,0,0,0,0,0,50,26,0,0,0,0,4,0,0.0,1.0
Alexander Ursenbacher,Faizaan Mohammed,7,1302,940,0.888957756538089,0.7119759194127935,304,139,1866,903,14,4,71,26,73,41,431,222,0,0,27,9,4,2,0.0,0.6666666666666666
Lewis Ullah,Stephen Kershaw,7,1017,978,0.5531518743848329,0.5243557087682073,36,15,198,89,212,90,1475,698,0,0,90,45,0,0,40,20,4,1,0.0,0.8
Gary Thomson,Jamie O'Neill,7,1087,1125,0.44820271004203943,0.4762678458734389,182,92,1277,648,396,195,2433,1225,0,0,39,19,0,0,151,69,4,1,0.0,0.8
Joshua Thomond,John Pritchett,7,1035,978,0.5774056625100122,0.5355648379838539,88,35,487,224,18,6,96,41,46,18,201,89,0,0,0,0,4,0,0.0,1.0
Craig Steadman,Oliver Briffett-Payne,7,1202,961,0.7938903058360224,0.6462280583309002,585,308,3755,1935,5,0,30,8,0,0,180,89,5,1,30,8,4,0,0.0,1.0
Zack Richardson,Juan Pedro Duran,7,1165,942,0.7762304913665884,0.6358738914270539,84,43,463,254,6,0,28,5,0,0,81,45,0,0,12,4,4,0,0.0,1.0
Liam Pullen,Gary Filtness,7,1093,1032,0.5827567809217526,0.5380512843858591,68,30,411,188,50,27,310,159,44,17,341,154,0,0,26,15,4,2,0.0,0.6666666666666666
George Pragnell (II),Lee Stephens,7,1061,929,0.6741427448520734,0.5817593768418363,25,14,155,81,27,7,151,59,0,0,64,32,0,0,22,10,4,0,0.0,1.0
Barry Pinches,Nicolas Mortreux,7,1165,981,0.7349708541108757,0.6130141761393355,881,443,6509,3331,5,1,30,12,0,0,240,116,0,0,30,12,4,0,0.0,1.0
Andres Petrov,Westley Cooper,7,1057,980,0.6039885915613215,0.5479769376367963,71,24,441,183,3,0,18,6,0,0,216,81,0,0,0,0,4,0,0.0,1.0
Andrew Pagett,Jamie Wilson,7,1107,1040,0.5907526477758748,0.5417773692836367,361,155,2312,1076,61,21,309,127,25,8,378,155,0,0,41,21,4,3,0.0,0.5714285714285714
Sean O'Sullivan,Steven Crowley,7,1109,996,0.6504866469700167,0.5701590253818352,290,109,1810,800,1,0,4,1,0,0,235,99,0,0,0,0,4,2,0.0,0.6666666666666666
Phil O'Kane,Denys Khmelevskyi,7,1079,977,0.6364932182719292,0.5634067862621936,124,57,647,314,3,0,19,7,0,0,56,29,0,0,0,0,4,3,0.0,0.5714285714285714
Alex Millington,Rory McLeod,7,1015,1167,0.30173900629161093,0.4061268970658573,33,14,187,92,718,374,5068,2574,0,0,37,18,0,0,148,67,4,3,0.0,0.5714285714285714
Hammad Miah,Shaun Liu,7,1229,998,0.7841899555246323,0.6404919537233386,308,123,1991,902,6,3,26,12,83,43,402,184,0,0,26,12,4,1,0.0,0.8
Sean McAllister,Danny Brindle,7,1050,868,0.732748880507422,0.6118273690017371,43,20,228,112,38,9,209,73,0,0,74,42,0,0,41,19,4,1,0.0,0.8
Ian Martin,Lee Shanker,7,1047,936,0.6479578189910667,0.5689332093695465,81,39,449,213,63,19,332,130,0,0,80,30,0,0,41,21,4,1,0.0,0.8
Sean Maddocks,Nigel Clarke,7,937,922,0.5204982038546295,0.5093739015216607,70,19,341,122,7,0,34,6,0,0,39,19,0,0,20,4,4,0,0.0,1.0
Mark Lloyd,James Lee (II),7,1005,1000,0.5068355814796678,0.5031249593105316,43,15,220,95,0,0,0,0,0,0,43,16,0,0,0,0,4,0,0.0,1.0
Peter Lines,John Astley,7,1227,1239,0.4835986704357121,0.4925005624493796,922,477,6488,3318,351,157,2189,1032,0,0,176,90,0,0,230,101,4,3,0.0,0.5714285714285714
William Lemons,Vladislav Gradinari,7,1051,1039,0.5164013295642876,0.5074994375506203,46,19,266,122,18,10,77,40,0,0,0,0,0,0,77,40,4,0,0.0,1.0
Andy Lavin,Harvey Chandler,7,1039,1141,0.3635067817280711,0.4365932137378064,38,21,264,142,99,37,563,250,0,0,27,14,0,0,64,35,4,0,0.0,1.0
Jenson Kendrick,Nathan Jones,7,1113,996,0.6555229391190917,0.5726080638632601,79,28,487,205,8,3,49,22,0,0,246,100,0,0,26,13,4,2,0.0,0.6666666666666666
Keith Keldie,Arsenii Korolev,7,939,975,0.45091379157772826,0.4775151752081999,39,12,206,77,2,0,9,1,0,0,38,18,0,0,9,1,4,2,0.0,0.6666666666666666
Anton Kazakov,Adam Abbas,7,947,991,0.44008542926958705,0.47252769565540637,58,10,344,113,3,1,18,7,30,11,268,90,0,0,18,7,4,0,0.0,1.0
Mark Joyce,Scott Bell,7,1249,906,0.8767191428425912,0.702138068199835,647,330,4460,2238,21,5,110,38,0,0,338,168,0,0,28,9,4,0,0.0,1.0
Neal Jones,Elliott Weston,7,1004,936,0.5920814957526257,0.542397940774351,166,74,1101,524,10,1,46,12,0,0,49,26,0,0,0,0,4,0,0.0,1.0
Hamim Hussain,Richard Pipe,7,1011,818,0.7448448720621436,0.6183380393302829,49,19,223,98,47,11,332,117,0,0,49,26,0,0,21,5,4,0,0.0,1.0
Halim Hussain,Oshay Scott,7,991,1000,0.48769738857442835,0.4943752372926745,18,8,97,44,0,0,0,0,0,0,55,30,0,0,0,0,4,2,0.0,0.6666666666666666
Ashley Hugill,Josh Mulholland,7,1285,1042,0.7957969165005263,0.647370307581549,250,108,1516,721,37,18,190,95,0,0,279,131,0,0,95,49,4,1,0.0,0.8
Andrew Higginson,Joel Connolly Jnr,7,1228,961,0.8177973252726516,0.6609431415591629,902,514,6247,3368,11,2,52,15,66,32,422,204,0,0,41,14,4,2,0.0,0.6666666666666666
Anthony Hamilton,Richard Binns,7,1223,961,0.8133483117002799,0.6581363150480182,1065,599,7808,4099,8,2,38,13,54,22,418,191,0,0,0,0,4,2,0.0,0.6666666666666666
Brandon Hall,Jack Harris,7,988,985,0.5041014855971089,0.5018749912109869,36,15,180,79,13,4,74,31,0,0,52,32,0,0,25,10,4,1,0.0,0.8
Gerard Greene,Callum Beresford,7,1154,1029,0.6655072126279344,0.5774953651858118,840,428,6000,3062,29,14,144,67,0,0,117,57,0,0,18,8,4,3,0.0,0.5714285714285714
David Grace,Kaylan Patel,7,1240,1003,0.7900435532881105,0.643938555965633,501,230,3275,1582,1,0,17,7,50,23,413,188,17,7,17,7,4,1,0.0,0.8
Manuel Ederer,Adam Stacey,7,1001,1000,0.5013671846516985,0.5006249996744794,7,3,36,17,0,0,0,0,0,0,36,17,0,0,0,0,4,0,0.0,1.0
Umut Dikme,Michał Kotiuk,7,1062,983,0.6066210971235376,0.5492151291013335,47,23,254,125,2,0,12,4,0,0,89,41,0,0,12,4,4,0,0.0,1.0
Peter Devlin,Adam Williams,7,1118,981,0.6802510445614828,0.584797674717737,117,50,591,270,2,0,12,4,0,0,42,18,0,0,12,4,4,0,0.0,1.0
Paul Deaville,Daniel Young (II),7,1062,972,0.6210041469292463,0.5560138905446199,41,18,215,97,2,0,9,1,34,10,181,83,0,0,9,1,4,0,0.0,1.0
Ryan Davies,Jay Bullen,7,1104,958,0.691115079332653,0.5902502519301834,64,32,319,162,7,1,41,14,0,0,120,64,0,0,18,7,4,0,0.0,1.0
Alfie Davies,Jack Borwick,7,1131,972,0.7064965786766507,0.5980868603322034,37,21,194,106,13,4,59,22,0,0,151,83,0,0,59,22,4,0,0.0,1.0
Joshua Cooper,Daniel Walker,7,1003,808,0.7470110120975012,0.6195173196470847,77,30,411,183,16,0,70,6,33,12,136,60,0,0,17,1,4,0,0.0,1.0
Alex Clenshaw,Matthew Glasby,7,1054,1004,0.5680051367615364,0.5312093733737563,34,14,156,77,87,39,462,213,0,0,59,35,0,0,45,22,4,1,0.0,0.8
Billy Joe Castle,Daan Leyssen Janssen,7,1125,1032,0.6248970337106214,0.5578645727207344,159,69,883,404,25,13,138,69,0,0,59,30,0,0,50,22,4,0,0.0,1.0
Ashley Carty,Luke Pinches,7,1207,1001,0.7587387600845145,0.6259778577666038,300,139,1762,858,45,18,236,108,45,16,377,180,0,0,45,25,4,0,0.0,1.0
Stuart Carrington,Kuldesh Johal,7,1250,1079,0.7203516579445735,0.6052765337748445,534,281,3385,1757,280,151,1707,895,59,30,428,217,0,0,21,5,4,0,0.0,1.0
James Cahill,David Brown,7,1231,1000,0.7841899555246323,0.6404919537233386,330,138,2059,961,0,0,0,0,0,0,286,137,0,0,0,0,4,1,0.0,0.8
Ian Burns,Edward Warr,7,1283,994,0.8365285845595485,0.6731572963701318,518,251,3283,1631,3,1,14,6,73,41,428,210,0,0,14,6,4,1,0.0,0.8
Alfie Burden,Robert Read,7,1229,1013,0.7691223962231968,0.6318124177361016,830,429,5880,2977,22,9,123,56,61,30,442,217,0,0,0,0,4,2,0.0,0.6666666666666666
Oliver Brown,Kayden Brierley,7,1174,1031,0.6875128007198821,0.5884351201276382,279,123,1529,723,31,14,158,78,0,0,229,98,0,0,76,38,4,3,0.0,0.5714285714285714
Jack Bradford,Filips Kalniņš,7,977,942,0.5477297445502348,0.5218610539716015,73,25,400,169,6,1,41,10,0,0,53,23,0,0,19,3,4,1,0.0,0.8
Daniel Boyes,Hayden Staniland,7,998,1054,0.42393453930920916,0.4650570548417855,1,0,1,0,29,13,148,74,0,0,1,0,0,0,48,29,4,1,0.0,0.8
Simon Blackwell,Ronnie Sullivan,7,1122,943,0.7293972619311108,0.610044672404527,79,37,437,217,4,0,17,1,49,18,204,97,0,0,17,1,4,3,0.0,0.5714285714285714
Connor Benzey,Aidan Murphy (II),7,1060,975,0.6144870727228646,0.5529259881329059,35,17,178,86,5,0,24,7,0,0,70,41,0,0,10,2,4,1,0.0,0.8
Mark Bell,Fergal Quinn (II),7,972,1063,0.3776967488123118,0.44336904007774663,11,4,58,24,42,20,224,112,0,0,13,5,19,9,119,61,4,1,0.0,0.8
Simon Bedford,Jason Tart,7,1187,978,0.7618819203066071,0.6277321638605189,468,272,3480,1878,24,8,124,52,0,0,66,41,0,0,20,11,4,1,0.0,0.8
Mateusz Baranowski,Daegyu Lee,7,1067,1062,0.5068355814796678,0.5031249593105316,62,29,353,172,25,15,138,77,24,12,41,21,0,0,57,31,4,0,0.0,1.0
Daniel Womersley,Ian Martin,7,1075,1047,0.5382188233953898,0.5174928576663897,119,55,618,290,81,39,449,213,26,7,199,88,0,0,80,30,4,0,0.0,1.0
Matt Williams,Mark Bell,7,974,972,0.5027343522137269,0.5012499973958399,53,23,290,131,11,4,58,24,0,0,32,15,0,0,13,5,4,3,0.0,0.5714285714285714
Patrick Whelan,Mark Joyce,7,1028,1249,0.22578679083118888,0.3652845846208415,63,29,335,164,647,330,4460,2238,0,0,50,26,0,0,338,168,4,3,0.0,0.5714285714285714
Stuart Watson,Aaron Busuttil,7,937,1050,0.3495133530299832,0.42984097461816473,68,18,375,145,35,19,187,93,0,0,44,22,0,0,56,30,4,2,0.0,0.6666666666666666
Alexander Ursenbacher,James Cahill,7,1302,1231,0.5960612197256479,0.5442588584178731,304,139,1866,903,330,138,2059,961,73,41,431,222,0,0,286,137,4,2,0.0,0.6666666666666666
Joshua Thomond,William Lemons,7,1035,1051,0.4781366606027012,0.4900013331200346,88,35,487,224,46,19,266,122,46,18,201,89,0,0,0,0,4,2,0.0,0.6666666666666666
Craig Steadman,Hammad Miah,7,1202,1229,0.4631419178202212,0.48313140430861523,585,308,3755,1935,308,123,1991,902,0,0,180,89,83,43,402,184,4,1,0.0,0.8
Zack Richardson,Lewis Ullah,7,1165,1017,0.6935058085008956,0.5914589784327801,84,43,463,254,36,15,198,89,0,0,81,45,0,0,90,45,4,1,0.0,0.8
Liam Pullen,Simon Bedford,7,1093,1187,0.37380831662168224,0.44151888756183866,68,30,411,188,468,272,3480,1878,44,17,341,154,0,0,66,41,4,0,0.0,1.0
George Pragnell (II),Neal Jones,7,1061,1004,0.5774056625100122,0.5355648379838539,25,14,155,81,166,74,1101,524,0,0,64,32,0,0,49,26,4,1,0.0,0.8
Andres Petrov,Anton Kazakov,7,1057,947,0.6466907800352545,0.5683199834782481,71,24,441,183,58,10,344,113,0,0,216,81,30,11,268,90,4,1,0.0,0.8
Phil O'Kane,Steven Wardropper,7,1079,988,0.622303251187688,0.5566309599222533,124,57,647,314,4,1,17,5,0,0,56,29,0,0,17,5,4,2,0.0,0.6666666666666666
Alex Millington,Alfie Burden,7,1015,1229,0.23293287554107978,0.36935147434892557,33,14,187,92,830,429,5880,2977,0,0,37,18,61,30,442,217,4,2,0.0,0.6666666666666666
Mark Lloyd,Sean Maddocks,7,1005,937,0.5920814957526257,0.542397940774351,43,15,220,95,70,19,341,122,0,0,43,16,0,0,39,19,4,2,0.0,0.6666666666666666
Peter Lines,Andy Lavin,7,1227,1039,0.7393846765226212,0.6153837563911821,922,477,6488,3318,38,21,264,142,0,0,176,90,0,0,27,14,4,3,0.0,0.5714285714285714
Halim Hussain,Andrew Pagett,7,991,1107,0.34573343118721134,0.42800386706848137,18,8,97,44,361,155,2312,1076,0,0,55,30,25,8,378,155,4,1,0.0,0.8
Ashley Hugill,Hamim Hussain,7,1285,1011,0.8239065989069515,0.6648537304059736,250,108,1516,721,49,19,223,98,0,0,279,131,0,0,49,26,4,0,0.0,1.0
Anthony Hamilton,Gary Thomson,7,1223,1087,0.6790334655716898,0.5841905229354074,1065,599,7808,4099,182,92,1277,648,54,22,418,191,0,0,39,19,4,2,0.0,0.6666666666666666
Brandon Hall,Daniel Boyes,7,988,998,0.4863309727288301,0.49375032550048964,36,15,180,79,1,0,1,0,0,0,52,32,0,0,1,0,4,2,0.0,0.6666666666666666
David Grace,Dean Young,7,1240,1105,0.6778138346852377,0.5835831155172753,501,230,3275,1582,125,47,694,293,50,23,413,188,59,25,387,165,4,3,0.0,0.5714285714285714
Umut Dikme,Joshua Cooper,7,1062,1003,0.5800831913605062,0.5368082899889803,47,23,254,125,77,30,411,183,0,0,89,41,33,12,136,60,4,1,0.0,0.8
Peter Devlin,Paul Deaville,7,1118,1062,0.5760654606907909,0.5349429451582145,117,50,591,270,41,18,215,97,0,0,42,18,34,10,181,83,4,3,0.0,0.5714285714285714
Ryan Davies,Keith Keldie,7,1104,939,0.7134663824052628,0.6016871801828567,64,32,319,162,39,12,206,77,0,0,120,64,0,0,38,18,4,2,0.0,0.6666666666666666
Alfie Davies,Gerard Greene,7,1131,1154,0.46858930565080326,0.4856289593029398,37,21,194,106,840,428,6000,3062,0,0,151,83,0,0,117,57,4,3,0.0,0.5714285714285714
Alex Clenshaw,Barry Pinches,7,1054,1165,0.35204218100893303,0.43106679063045344,34,14,156,77,881,443,6509,3331,0,0,59,35,0,0,240,116,4,0,0.0,1.0
Billy Joe Castle,Sean O'Sullivan,7,1125,1109,0.5218633393972989,0.5099986668799655,159,69,883,404,290,109,1810,800,0,0,59,30,0,0,235,99,4,2,0.0,0.6666666666666666
Ashley Carty,Ian Burns,7,1207,1283,0.3973295650806627,0.45264238185691075,300,139,1762,858,518,251,3283,1631,45,16,377,180,73,41,428,210,4,2,0.0,0.6666666666666666
Stuart Carrington,Andrew Higginson,7,1250,1228,0.5300478260158454,0.513746534902355,534,281,3385,1757,902,514,6247,3368,59,30,428,217,66,32,422,204,4,0,0.0,1.0
Oliver Brown,Manuel Ederer,7,1174,1001,0.7226276336267841,0.6064704870683034,279,123,1529,723,7,3,36,17,0,0,229,98,0,0,36,17,4,2,0.0,0.6666666666666666
Jack Bradford,Sean McAllister,7,977,1050,0.40129146875494726,0.45450121278721795,73,25,400,169,43,20,228,112,0,0,53,23,0,0,74,42,4,2,0.0,0.6666666666666666
Connor Benzey,Simon Blackwell,7,1060,1122,0.41590794122337116,0.46132739479349205,35,17,178,86,79,37,437,217,0,0,70,41,49,18,204,97,4,1,0.0,0.8
Mateusz Baranowski,Jenson Kendrick,7,1067,1113,0.43738543058720863,0.4712816430485603,62,29,353,172,79,28,487,205,24,12,41,21,0,0,246,100,4,3,0.0,0.5714285714285714
Daniel Womersley,Stuart Watson,7,1075,937,0.6814665603465866,0.585404569129465,119,55,618,290,68,18,375,145,26,7,199,88,0,0,44,22,4,1,0.0,0.8
Patrick Whelan,Anthony Hamilton,7,1028,1223,0.25298898790249863,0.3804826803529153,63,29,335,164,1065,599,7808,4099,0,0,50,26,54,22,418,191,4,2,0.0,0.6666666666666666
Alexander Ursenbacher,David Grace,7,1302,1240,0.5840920587766287,0.538672605206508,304,139,1866,903,501,230,3275,1582,73,41,431,222,50,23,413,188,4,3,0.0,0.5714285714285714
Craig Steadman,Peter Lines,7,1202,1227,0.465864760862579,0.4843800842769844,585,308,3755,1935,922,477,6488,3318,0,0,180,89,0,0,176,90,4,1,0.0,0.8
Zack Richardson,Connor Benzey,7,1165,1060,0.6403298636636867,0.5652507475670999,84,43,463,254,35,17,178,86,0,0,81,45,0,0,70,41,4,3,0.0,0.5714285714285714
Liam Pullen,Matt Williams,7,1093,974,0.6580301976734948,0.5738312575916094,68,30,411,188,53,23,290,131,44,17,341,154,0,0,32,15,4,0,0.0,1.0
George Pragnell (II),Billy Joe Castle,7,1061,1125,0.4132404983976814,0.46008511544443426,25,14,155,81,159,69,883,404,0,0,64,32,0,0,59,30,4,1,0.0,0.8
Mark Lloyd,Alex Millington,7,1005,1015,0.4863309727288301,0.49375032550048964,43,15,220,95,33,14,187,92,0,0,43,16,0,0,37,18,4,1,0.0,0.8
Halim Hussain,Brandon Hall,7,991,988,0.5041014855971089,0.5018749912109869,18,8,97,44,36,15,180,79,0,0,55,30,0,0,52,32,4,2,0.0,0.6666666666666666
Ashley Hugill,Ashley Carty,7,1285,1207,0.6053054839891849,0.5485961085831343,250,108,1516,721,300,139,1762,858,0,0,279,131,45,16,377,180,4,2,0.0,0.6666666666666666
Umut Dikme,Andres Petrov,7,1062,1057,0.5068355814796678,0.5031249593105316,47,23,254,125,71,24,441,183,0,0,89,41,0,0,216,81,4,3,0.0,0.5714285714285714
Ryan Davies,Jack Bradford,7,1104,977,0.6679843009449487,0.578714862460134,64,32,319,162,73,25,400,169,0,0,120,64,0,0,53,23,4,3,0.0,0.5714285714285714
Alfie Davies,Joshua Thomond,7,1131,1035,0.6287764284690306,0.5597136492671929,37,21,194,106,88,35,487,224,0,0,151,83,46,18,201,89,4,0,0.0,1.0
Stuart Carrington,Peter Devlin,7,1250,1118,0.6741427448520734,0.5817593768418363,534,281,3385,1757,117,50,591,270,59,30,428,217,0,0,42,18,4,0,0.0,1.0
Oliver Brown,Alex Clenshaw,7,1174,1054,0.6592810606298003,0.574442516811659,279,123,1529,723,34,14,156,77,0,0,229,98,0,0,59,35,4,1,0.0,0.8
Mateusz Baranowski,Phil O'Kane,7,1067,1079,0.4835986704357121,0.4925005624493796,62,29,353,172,124,57,647,314,24,12,41,21,0,0,56,29,4,3,0.0,0.5714285714285714
Patrick Whelan,George Pragnell (II),7,1028,1061,0.45498494612477275,0.47938669028555136,63,29,335,164,25,14,155,81,0,0,50,26,0,0,64,32,4,0,0.0,1.0
Alexander Ursenbacher,Ashley Hugill,7,1302,1285,0.5232282019769063,0.5106234010049637,304,139,1866,903,250,108,1516,721,73,41,431,222,0,0,279,131,4,1,0.0,0.8
Craig Steadman,Stuart Carrington,7,1202,1250,0.4346885316890212,0.4700359482354282,585,308,3755,1935,534,281,3385,1757,0,0,180,89,59,30,428,217,4,3,0.0,0.5714285714285714
Liam Pullen,Alfie Davies,7,1093,1131,0.44820271004203943,0.4762678458734389,68,30,411,188,37,21,194,106,44,17,341,154,0,0,151,83,4,2,0.0,0.6666666666666666
Umut Dikme,Zack Richardson,7,1062,1165,0.36222625682132775,0.43597836257374245,47,23,254,125,84,43,463,254,0,0,89,41,0,0,81,45,4,3,0.0,0.5714285714285714
Ryan Davies,Daniel Womersley,7,1104,1075,0.5395790886298393,0.5181170650431814,64,32,319,162,119,55,618,290,0,0,120,64,26,7,199,88,4,3,0.0,0.5714285714285714
Oliver Brown,Halim Hussain,7,1174,991,0.7338611162888773,0.6124209393479161,279,123,1529,723,18,8,97,44,0,0,229,98,0,0,55,30,4,2,0.0,0.6666666666666666
Mateusz Baranowski,Mark Lloyd,7,1067,1005,0.5840920587766287,0.538672605206508,62,29,353,172,43,15,220,95,24,12,41,21,0,0,43,16,4,2,0.0,0.6666666666666666
Alexander Ursenbacher,Ryan Davies,7,1302,1104,0.7502408354966205,0.6212835951910678,304,139,1866,903,64,32,319,162,73,41,431,222,0,0,120,64,4,1,0.0,0.8
Liam Pullen,Umut Dikme,7,1093,1062,0.5422981239384312,0.519365308229932,68,30,411,188,47,23,254,125,44,17,341,154,0,0,89,41,4,2,0.0,0.6666666666666666
Oliver Brown,Craig Steadman,7,1174,1202,0.46178117660461016,0.48250714233361025,279,123,1529,723,585,308,3755,1935,0,0,229,98,0,0,180,89,4,1,0.0,0.8
Mateusz Baranowski,Patrick Whelan,7,1067,1028,0.5531518743848329,0.5243557087682073,62,29,353,172,63,29,335,164,24,12,41,21,0,0,50,26,4,2,0.0,0.6666666666666666
Alexander Widau,Andy Neck,7,997,944,0.5720392978025534,0.5330766223661046,1,0,7,3,140,65,1039,494,7,3,7,3,5,1,14,2,4,1,0.0,0.8
Elliott Weston,Evan Munro,7,934,974,0.44549420086403224,0.47502081252106,12,2,55,16,127,55,872,411,9,4,9,4,5,1,5,1,4,3,0.0,0.5714285714285714
Edward Warr,Chi Chun Chan,7,989,984,0.5068355814796678,0.5031249593105316,4,1,19,7,1,0,4,0,5,1,19,7,4,0,4,0,4,3,0.0,0.5714285714285714
Gary Thomson,Gary Widdecombe,7,1096,969,0.6679843009449487,0.578714862460134,184,93,1288,654,3,0,16,4,11,6,50,25,5,1,16,4,4,0,0.0,1.0
Jason Tart,David Brown,7,987,1005,0.47540722540195457,0.4887518980531451,26,9,133,57,2,1,10,5,9,5,29,16,10,5,10,5,4,2,0.0,0.6666666666666666
Ronnie Sullivan,Joseph Casha,7,945,976,0.4577018760615691,0.4806346917700681,5,0,24,4,2,0,9,1,7,3,24,4,5,1,5,1,4,3,0.0,0.5714285714285714
Luke Simmonds,Daniel Walker,7,1116,796,0.8605948171135659,0.6899744811276125,181,93,1130,580,17,0,74,6,4,0,35,10,4,0,21,1,4,0,0.0,1.0
James Silverwood,Oliver Briffett-Payne,7,930,950,0.4726790179572131,0.4875026035157896,106,33,558,224,6,0,34,8,5,1,40,15,9,1,34,8,4,1,0.0,0.8
Marc Shaw,Jai Platts,7,906,966,0.4185795134993229,0.46257015465625045,10,1,48,10,2,0,8,0,4,0,22,2,0,0,8,0,4,0,0.0,1.0
John Pritchett,Gary Skipworth,7,974,949,0.534135239137421,0.5156199157230156,20,7,106,45,16,4,121,53,10,4,10,4,5,1,10,2,4,2,0.0,0.6666666666666666
Brian Ochoiski,Dylan Smith,7,1024,878,0.691115079332653,0.5902502519301834,68,27,350,158,10,0,50,8,10,6,48,24,7,3,22,4,4,1,0.0,0.8
Brandon Nguyen,Darren Burns,7,988,889,0.6326419490877371,0.5615610703361955,1,0,5,1,29,8,148,50,5,1,5,1,5,1,18,5,4,1,0.0,0.8
Saqib Nasir,Matthew Glasby,7,1028,1005,0.5314106943491967,0.5143710406970602,133,62,722,364,89,40,472,218,4,0,38,12,10,5,55,27,4,0,0.0,1.0
Aidan Murphy (II),Velian Dimitrov,7,977,973,0.5054685677142574,0.5024999791668749,7,1,34,12,4,1,18,5,10,5,20,7,5,1,18,5,4,3,0.0,0.5714285714285714
Nicolas Mortreux,Richard Pipe,7,980,806,0.7237619985420221,0.6070669880717036,7,2,39,16,48,11,336,117,9,4,39,16,4,0,25,5,4,1,0.0,0.8
Faizaan Mohammed,Jamie Gimblett,7,962,988,0.4645031181885513,0.48375571893792757,16,5,81,32,1,0,5,1,10,6,37,15,5,1,5,1,4,3,0.0,0.5714285714285714
Alex Millington,Steven Wardropper,7,1029,997,0.5436568604546561,0.5199893401555818,37,17,212,105,6,2,27,11,25,13,62,31,10,6,27,11,4,0,0.0,1.0
Elias Martin-Beris,Steven Croker,7,965,984,0.47404295972292854,0.4881272322437472,6,1,29,9,1,0,4,0,7,3,29,9,4,0,4,0,4,0,0.0,1.0
Ian Martin,Shaun Liu,7,1047,996,0.5693507188778237,0.5318318894162242,84,41,464,221,8,4,37,17,15,8,95,38,11,5,37,17,4,1,0.0,0.8
Mark Lloyd,Mohammad Ashraf,7,1042,983,0.5800831913605062,0.5368082899889803,48,19,246,113,1,0,4,0,26,18,69,34,4,0,4,0,4,1,0.0,0.8
Andy Lavin,Kian Dennett,7,1059,963,0.6287764284690306,0.5597136492671929,40,22,275,149,3,0,14,2,11,7,38,21,5,1,14,2,4,0,0.0,1.0
Tony Knowles,Danny Brindle,7,939,875,0.5867595016023184,0.5399148845555657,613,304,5018,2488,40,10,218,78,4,0,35,12,9,5,50,24,4,1,0.0,0.8
Stephen Kershaw,William Hurley,7,971,988,0.476771798023094,0.4893765989950364,214,91,1487,703,1,0,5,1,12,5,52,25,5,1,5,1,4,1,0.0,0.8
Filips Kalniņš,Lewis Knowles,7,944,989,0.4387350506415305,0.4719046255916129,8,2,51,15,1,0,4,0,10,5,29,8,4,0,4,0,4,0,0.0,1.0
Rodion Judin,Robert Read,7,961,1011,0.43199486323846364,0.46879062662624377,41,17,243,100,23,9,129,58,6,2,49,19,6,2,6,2,4,1,0.0,0.8
Nathan Jones,Jamie Wilson,7,999,1038,0.44684812561516707,0.47564429123179275,10,4,61,28,62,21,316,130,12,6,38,19,7,3,48,24,4,2,0.0,0.6666666666666666
Ashley Hugill,Adam Stacey,7,1299,996,0.847732715071801,0.6808107108156386,255,112,1542,738,2,1,9,4,26,17,305,148,9,4,9,4,4,0,0.0,1.0
Jack Harris,Christian Richter,7,973,992,0.47404295972292854,0.4881272322437472,14,4,79,32,1,0,6,2,5,1,30,11,6,2,6,2,4,1,0.0,0.8
Steven Crowley,Jay Bullen,7,991,957,0.5463726874746992,0.5212372149662741,2,0,10,3,9,2,50,18,6,2,6,2,9,4,27,11,4,2,0.0,0.6666666666666666
Jake Crofts,Joel Connolly Jnr,7,964,977,0.48223281808358937,0.4918757150937391,9,2,54,19,13,3,62,21,13,6,40,17,10,6,51,20,4,3,0.0,0.5714285714285714
Bradley Cowdroy,Mark Bell,7,951,982,0.4577018760615691,0.4806346917700681,22,7,105,42,13,5,70,31,5,1,43,15,12,7,25,12,4,2,0.0,0.6666666666666666
Billy Joe Castle,Kaylan Patel,7,1140,1012,0.6692199309586204,0.5793242521487495,163,72,903,417,3,1,26,12,20,13,79,43,26,12,26,12,4,0,0.0,1.0
Daniel Boyes,Daniel Young (II),7,1009,958,0.5693507188778237,0.5318318894162242,4,2,18,10,3,0,13,1,17,10,18,10,4,0,13,1,4,1,0.0,0.8
Richard Binns,Aidan Gallagher,7,972,961,0.5150352723345792,0.5068745667645342,10,3,49,19,6,1,30,9,11,6,11,6,5,1,30,9,4,1,0.0,0.8
Scott Bell,Ronan McGuirk,7,899,988,0.38029641350050397,0.44460335167941084,23,6,121,42,1,0,5,1,11,4,39,13,5,1,5,1,4,0,0.0,1.0
Craig Barber,Ross Vallance,7,931,1050,0.34196980232650515,0.42616874240839064,78,32,486,220,37,17,193,92,4,0,4,0,6,2,6,2,4,2,0.0,0.6666666666666666
John Astley,Ethan Llewellyn,7,1245,990,0.8070005952389404,0.654188113761243,353,158,2200,1039,1,0,6,2,11,7,241,108,6,2,6,2,4,1,0.0,0.8
Labeeb Ahmed,Adam Williams,7,928,979,0.43064928112217615,0.4681681105837757,20,6,98,35,4,1,21,8,4,0,39,16,9,4,21,8,4,2,0.0,0.6666666666666666
Adam Abbas,Imran Puri,7,974,636,0.8733372031383986,0.6995172276624274,4,1,22,7,75,10,365,83,4,0,22,7,4,0,23,7,4,1,0.0,0.8
Dean Young,William Forster,7,1110,985,0.6655072126279344,0.5774953651858118,127,48,707,300,1,0,4,0,72,32,400,172,4,0,4,0,4,2,0.0,0.6666666666666666
Daniel Womersley,Craig Barber,7,1107,931,0.726023440718493,0.6082590307465143,123,58,638,305,78,32,486,220,46,22,219,103,4,0,4,0,4,0,0.0,1.0
Patrick Whelan,Ronnie Blake,7,1077,944,0.67536846283006,0.5823675407280794,68,33,362,182,16,4,84,31,27,18,77,44,7,3,17,5,4,3,0.0,0.5714285714285714
Stuart Watson,Alexander Widau,7,940,997,0.4225943374899878,0.4644351620161461,70,19,386,150,1,0,7,3,11,5,55,27,7,3,7,3,4,3,0.0,0.5714285714285714
Lewis Ullah,Faizaan Mohammed,7,1020,962,0.578744911388209,0.5361866202317948,38,16,208,94,16,5,81,32,10,5,100,50,10,6,37,15,4,1,0.0,0.8
Gary Thomson,Jamie O'Neill,7,1096,1112,0.4781366606027012,0.4900013331200346,184,93,1288,654,397,195,2438,1226,11,6,50,25,5,1,156,70,4,3,0.0,0.5714285714285714
Joshua Thomond,Marc Shaw,7,1045,906,0.6826800016944434,0.5860112044388707,91,37,501,232,10,1,48,10,60,26,215,97,4,0,22,2,4,2,0.0,0.6666666666666666
Jason Tart,Andres Petrov,7,987,1077,0.37899585307075345,0.44398610945538003,26,9,133,57,74,26,457,194,9,5,29,16,16,11,232,92,4,3,0.0,0.5714285714285714
Oliver Sykes,Zack Richardson,7,1081,1178,0.3699335043548132,0.4396703573114467,19,8,121,58,88,46,486,269,6,2,116,57,23,15,104,60,4,1,0.0,0.8
Fergal Quinn (II),Ronnie Sullivan,7,1049,945,0.6390526295107546,0.5646362918030292,43,20,229,113,5,0,24,4,24,10,124,62,7,3,24,4,4,1,0.0,0.8
George Pragnell (II),Denys Khmelevskyi,7,1083,990,0.6248970337106214,0.5578645727207344,29,17,173,93,5,1,30,14,18,12,82,44,11,7,11,7,4,2,0.0,0.6666666666666666
Barry Pinches,Michał Kotiuk,7,1160,969,0.7426684543010009,0.6171573626529722,883,444,6517,3335,3,0,16,4,8,4,248,120,4,0,16,4,4,3,0.0,0.5714285714285714
Andrew Pagett,Riley Powell,7,1094,968,0.6667467241528153,0.5781052328843092,363,156,2324,1081,17,6,75,27,37,13,390,160,13,5,75,27,4,1,0.0,0.8
Sean O'Sullivan,William Lemons,7,1107,1071,0.549086208422272,0.5224848247918001,292,110,1822,806,49,21,280,132,12,6,247,105,14,10,14,10,4,1,0.0,0.8
Phil O'Kane,Daniel Boyes,7,1082,1009,0.5987085312450529,0.5454987872127821,127,59,667,325,4,2,18,10,20,11,76,40,17,10,18,10,4,2,0.0,0.6666666666666666
Saqib Nasir,Jenson Kendrick,7,1028,1113,0.38551292727713543,0.4470740118670941,133,62,722,364,81,29,500,212,4,0,38,12,13,7,259,107,4,3,0.0,0.5714285714285714
Josh Mulholland,Andy Lavin,7,1036,1059,0.46858930565080326,0.4856289593029398,38,18,195,96,40,22,275,149,5,1,100,50,11,7,38,21,4,2,0.0,0.6666666666666666
Nicolas Mortreux,Matt Williams,7,980,975,0.5068355814796678,0.5031249593105316,7,2,39,16,56,25,307,139,9,4,39,16,17,8,49,23,4,0,0.0,1.0
Hammad Miah,Scott Bell,7,1222,899,0.8627807229403067,0.6915765137521193,310,124,2001,907,23,6,121,42,93,48,412,189,11,4,39,13,4,1,0.0,0.8
Rory McLeod,Aidan Murphy (II),7,1158,977,0.7316341543771714,0.6112334666758695,719,374,5075,2577,7,1,34,12,7,3,155,70,10,5,20,7,4,0,0.0,1.0
Sean McAllister,Brandon Nguyen,7,1048,988,0.5814204865006773,0.5374298453437496,45,21,239,118,1,0,5,1,11,6,85,48,5,1,5,1,4,1,0.0,0.8
Mark Lloyd,Craig Steadman,7,1042,1231,0.25951818668021626,0.3840246980818742,48,19,246,113,590,312,3781,1952,26,18,69,34,26,17,206,106,4,3,0.0,0.5714285714285714
Peter Lines,Labeeb Ahmed,7,1218,928,0.837347307313657,0.6737070994545215,925,479,6507,3327,20,6,98,35,19,9,195,99,4,0,39,16,4,0,0.0,1.0
James Lee (II),Nigel Clarke,7,984,916,0.5920814957526257,0.542397940774351,1,0,4,0,9,1,44,10,4,0,4,0,10,4,30,8,4,3,0.0,0.5714285714285714
Daegyu Lee,Jeff Cundy,7,1046,1098,0.42930455538057166,0.4675456936126812,26,15,142,77,549,289,3784,1958,4,0,61,31,6,2,45,22,4,1,0.0,0.8
Keith Keldie,James Burrett,7,945,764,0.7316341543771714,0.6112334666758695,41,13,218,83,57,11,284,84,12,6,50,24,5,1,32,11,4,0,0.0,1.0
Anton Kazakov,Lee Stephens,7,955,927,0.5382188233953898,0.5174928576663897,60,11,353,118,29,8,161,63,39,16,277,95,10,4,32,14,4,0,0.0,1.0
Filips Kalniņš,Daan Leyssen Janssen,7,944,1018,0.39996961044138163,0.4538814589542204,8,2,51,15,26,13,142,69,10,5,29,8,4,0,54,22,4,3,0.0,0.5714285714285714
Rodion Judin,Harvey Chandler,7,961,1123,0.29000807657290884,0.40011163113600173,41,17,243,100,100,37,567,250,6,2,49,19,4,0,68,35,4,1,0.0,0.8
Mark Joyce,Oshay Scott,7,1248,998,0.8023816778034777,0.6513548646660542,649,331,4471,2245,2,1,11,6,11,7,349,175,11,6,11,6,4,0,0.0,1.0
Halim Hussain,Arsenii Korolev,7,1019,966,0.5720392978025534,0.5330766223661046,22,11,120,58,3,0,15,3,23,14,78,44,6,2,15,3,4,1,0.0,0.8
Ashley Hugill,Neal Jones,7,1299,1008,0.8381631906470501,0.6742564252229473,255,112,1542,738,168,75,1110,529,26,17,305,148,9,5,58,31,4,1,0.0,0.8
Andrew Higginson,Logan Hall,7,1214,988,0.7792359029381558,0.637608652621925,904,515,6257,3372,1,0,5,1,76,36,432,208,5,1,5,1,4,0,0.0,1.0
Anthony Hamilton,Luke Pinches,7,1215,1001,0.7670671244589201,0.6306485256510744,1068,601,7826,4109,47,19,245,112,72,32,436,201,9,4,54,29,4,2,0.0,0.6666666666666666
Brandon Hall,Gary Filtness,7,1001,1026,0.465864760862579,0.4843800842769844,39,17,197,89,51,27,316,161,17,10,69,42,6,2,32,17,4,3,0.0,0.5714285714285714
Gerard Greene,Tony Knowles,7,1150,939,0.7639640378992283,0.6288998381516232,842,429,6014,3069,613,304,5018,2488,14,7,131,64,4,0,35,12,4,0,0.0,1.0
Vladislav Gradinari,Edward Warr,7,1024,989,0.5477297445502348,0.5218610539716015,19,10,81,40,4,1,19,7,4,0,81,40,5,1,19,7,4,0,0.0,1.0
David Grace,Callum Beresford,7,1244,1039,0.75768573294214,0.6253923497205511,504,232,3294,1593,31,15,156,74,69,34,432,199,12,7,30,15,4,0,0.0,1.0
Manuel Ederer,Elias Martin-Beris,7,1014,965,0.5666587144886649,0.530586760182081,9,4,46,23,6,1,29,9,10,6,46,23,7,3,29,9,4,2,0.0,0.6666666666666666
Umut Dikme,Alex Millington,7,1090,1029,0.5827567809217526,0.5380512843858591,52,27,283,143,37,17,212,105,29,18,118,59,25,13,62,31,4,0,0.0,1.0
Peter Devlin,Nathan Jones,7,1121,999,0.661777191191235,0.5756643510425494,120,52,606,278,10,4,61,28,15,8,57,26,12,6,38,19,4,0,0.0,1.0
Paul Deaville,Umar Hayat Ali,7,1074,983,0.622303251187688,0.5566309599222533,43,19,226,104,1,0,4,0,45,17,192,90,4,0,4,0,4,2,0.0,0.6666666666666666
Ryan Davies,Richard Binns,7,1117,972,0.6899164671577602,0.5896454785627312,69,36,348,179,10,3,49,19,29,17,149,81,11,6,11,6,4,1,0.0,0.8
Alfie Davies,Victor Sarkis,7,1153,845,0.8515999175968284,0.6835208937363156,41,24,215,120,30,2,162,34,21,14,172,97,6,2,144,30,4,0,0.0,1.0
Steven Crowley,Lee Shanker,7,991,927,0.5867595016023184,0.5399148845555657,2,0,10,3,64,19,337,131,6,2,6,2,5,1,46,22,4,2,0.0,0.6666666666666666
Joshua Cooper,James Silverwood,7,1005,930,0.6013510291923431,0.5467381519846138,79,31,420,188,106,33,558,224,42,17,145,65,5,1,40,15,4,1,0.0,0.8
Alex Clenshaw,Stephen Kershaw,7,1073,971,0.6364932182719292,0.5634067862621936,37,16,170,86,214,91,1487,703,14,9,73,44,12,5,52,25,4,0,0.0,1.0
Billy Joe Castle,Simon Bedford,7,1140,1176,0.45091379157772826,0.4775151752081999,163,72,903,417,470,273,3489,1882,20,13,79,43,9,4,75,45,4,1,0.0,0.8
Ashley Carty,Heather Clare,7,1223,819,0.9127024362294031,0.7330201492388575,303,141,1778,868,13,0,52,0,61,26,393,190,4,0,12,0,4,0,0.0,1.0
Stuart Carrington,Adam Abbas,7,1285,974,0.8538864678998308,0.6851410567502929,538,284,3404,1772,4,1,22,7,78,45,447,232,4,0,22,7,4,1,0.0,0.8
James Cahill,Juan Pedro Duran,7,1232,930,0.8469508145525204,0.6802671966986485,332,139,2070,967,7,0,32,5,11,6,297,143,4,0,16,4,4,1,0.0,0.8
Aaron Busuttil,Westley Cooper,7,1039,980,0.5800831913605062,0.5368082899889803,36,19,193,95,5,1,26,10,6,2,62,32,8,4,8,4,4,1,0.0,0.8
Ian Burns,Luke Simmonds,7,1278,1116,0.7099919234270913,0.5998883688639983,520,252,3294,1637,181,93,1130,580,84,47,439,216,4,0,35,10,4,0,0.0,1.0
Alfie Burden,Ian Martin,7,1217,1047,0.7192100641468833,0.6046790847140093,832,430,5892,2983,84,41,464,221,73,36,454,223,15,8,95,38,4,0,0.0,1.0
Kayden Brierley,John Pritchett,7,1032,974,0.578744911388209,0.5361866202317948,32,14,165,81,20,7,106,45,7,3,83,41,10,4,10,4,4,1,0.0,0.8
Jack Bradford,Jack Harris,7,998,973,0.534135239137421,0.5156199157230156,76,27,418,180,14,4,79,32,18,11,71,34,5,1,30,11,4,0,0.0,1.0
Jack Borwick,Hamim Hussain,7,976,1012,0.45091379157772826,0.4775151752081999,15,5,67,26,51,20,231,102,8,4,67,26,8,4,57,30,4,2,0.0,0.6666666666666666
Simon Blackwell,Brian Ochoiski,7,1107,1024,0.611870456908998,0.5516896693427,81,38,449,222,68,27,350,158,61,23,216,102,10,6,48,24,4,3,0.0,0.5714285714285714
Connor Benzey,Bradley Cowdroy,7,1083,951,0.6741427448520734,0.5817593768418363,38,19,195,97,22,7,105,42,17,11,87,52,5,1,43,15,4,1,0.0,0.8
John Astley,Sean Maddocks,7,1245,947,0.843794955427504,0.6780882495516275,353,158,2200,1039,72,20,351,128,11,7,241,108,10,6,49,25,4,0,0.0,1.0
Dean Young,Nicolas Mortreux,7,1110,980,0.6716853028295744,0.5805423048206596,127,48,707,300,7,2,39,16,72,32,400,172,9,4,39,16,4,1,0.0,0.8
Patrick Whelan,Joshua Thomond,7,1077,1045,0.5436568604546561,0.5199893401555818,68,33,362,182,91,37,501,232,27,18,77,44,60,26,215,97,4,3,0.0,0.5714285714285714
Gary Thomson,Filips Kalniņš,7,1096,944,0.698260993708389,0.5938731029341427,184,93,1288,654,8,2,51,15,11,6,50,25,10,5,29,8,4,0,0.0,1.0
Jason Tart,Josh Mulholland,7,987,1036,0.433341285511335,0.469413239817919,26,9,133,57,38,18,195,96,9,5,29,16,5,1,100,50,4,2,0.0,0.6666666666666666
Oliver Sykes,Jake Crofts,7,1081,964,0.6555229391190917,0.5726080638632601,19,8,121,58,9,2,54,19,6,2,116,57,13,6,40,17,4,3,0.0,0.5714285714285714
Fergal Quinn (II),Sean O'Sullivan,7,1049,1107,0.42125508861179106,0.4638133797682053,43,20,229,113,292,110,1822,806,24,10,124,62,12,6,247,105,4,1,0.0,0.8
Barry Pinches,Aaron Busuttil,7,1160,1039,0.660530062626431,0.5750535485557879,883,444,6517,3335,36,19,193,95,8,4,248,120,6,2,62,32,4,1,0.0,0.8
Andrew Pagett,Phil O'Kane,7,1094,1082,0.5164013295642876,0.5074994375506203,363,156,2324,1081,127,59,667,325,37,13,390,160,20,11,76,40,4,0,0.0,1.0
Hammad Miah,Daniel Womersley,7,1222,1107,0.6530083881296338,0.5713839816769324,310,124,2001,907,123,58,638,305,93,48,412,189,46,22,219,103,4,3,0.0,0.5714285714285714
Mark Lloyd,Jack Bradford,7,1042,998,0.5599145707304132,0.5274723043445937,48,19,246,113,76,27,418,180,26,18,69,34,18,11,71,34,4,3,0.0,0.5714285714285714
Daegyu Lee,James Lee (II),7,1046,984,0.5840920587766287,0.538672605206508,26,15,142,77,1,0,4,0,4,0,61,31,4,0,4,0,4,0,0.0,1.0
Keith Keldie,Hayden Staniland,7,945,1041,0.3712235715309693,0.44028635073280703,41,13,218,83,30,13,153,75,12,6,50,24,5,1,53,30,4,0,0.0,1.0
Anton Kazakov,Steven Crowley,7,955,991,0.45091379157772826,0.4775151752081999,60,11,353,118,2,0,10,3,39,16,277,95,6,2,6,2,4,2,0.0,0.6666666666666666
Rodion Judin,Halim Hussain,7,961,1019,0.42125508861179106,0.4638133797682053,41,17,243,100,22,11,120,58,6,2,49,19,23,14,78,44,4,3,0.0,0.5714285714285714
Ashley Hugill,Manuel Ederer,7,1299,1014,0.8332252833962372,0.6709533329057776,255,112,1542,738,9,4,46,23,26,17,305,148,10,6,46,23,4,1,0.0,0.8
Andrew Higginson,Dean Reynolds,7,1214,871,0.8767191428425912,0.702138068199835,904,515,6257,3372,441,215,3757,1849,76,36,432,208,4,0,20,0,4,0,0.0,1.0
Vladislav Gradinari,Rory McLeod,7,1024,1158,0.3234078367146668,0.4170245457988005,19,10,81,40,719,374,5075,2577,4,0,81,40,7,3,155,70,4,1,0.0,0.8
David Grace,George Pragnell (II),7,1244,1083,0.7088291167182063,0.5992881635083561,504,232,3294,1593,29,17,173,93,69,34,432,199,18,12,82,44,4,1,0.0,0.8
Umut Dikme,Anthony Hamilton,7,1090,1215,0.3344927873720658,0.4225046348141883,52,27,283,143,1068,601,7826,4109,29,18,118,59,72,32,436,201,4,2,0.0,0.6666666666666666
Paul Deaville,Stuart Watson,7,1074,940,0.6765921632853334,0.5829754542011996,43,19,226,104,70,19,386,150,45,17,192,90,11,5,55,27,4,0,0.0,1.0
Ryan Davies,Mark Joyce,7,1117,1248,0.32708497904170997,0.41884903571060617,69,36,348,179,649,331,4471,2245,29,17,149,81,11,7,349,175,4,2,0.0,0.6666666666666666
Alex Clenshaw,Alfie Davies,7,1073,1153,0.3920645840647391,0.45016600268752216,37,16,170,86,41,24,215,120,14,9,73,44,21,14,172,97,4,3,0.0,0.5714285714285714
Ashley Carty,Saqib Nasir,7,1223,1028,0.7470110120975012,0.6195173196470847,303,141,1778,868,133,62,722,364,61,26,393,190,4,0,38,12,4,1,0.0,0.8
Stuart Carrington,Brandon Hall,7,1285,1001,0.8323923521776074,0.6704011598088686,538,284,3404,1772,39,17,197,89,78,45,447,232,17,10,69,42,4,0,0.0,1.0
James Cahill,Peter Devlin,7,1232,1121,0.6479578189910667,0.5689332093695465,332,139,2070,967,120,52,606,278,11,6,297,143,15,8,57,26,4,3,0.0,0.5714285714285714
Ian Burns,Billy Joe Castle,7,1278,1140,0.6814665603465866,0.585404569129465,520,252,3294,1637,163,72,903,417,84,47,439,216,20,13,79,43,4,2,0.0,0.6666666666666666
Alfie Burden,Gerard Greene,7,1217,1150,0.5907526477758748,0.5417773692836367,832,430,5892,2983,842,429,6014,3069,73,36,454,223,14,7,131,64,4,2,0.0,0.6666666666666666
Kayden Brierley,Lewis Ullah,7,1032,1020,0.5164013295642876,0.5074994375506203,32,14,165,81,38,16,208,94,7,3,83,41,10,5,100,50,4,2,0.0,0.6666666666666666
Jack Borwick,Peter Lines,7,976,1218,0.20515498938795906,0.35320060744201437,15,5,67,26,925,479,6507,3327,8,4,67,26,19,9,195,99,4,1,0.0,0.8
Simon Blackwell,Joshua Cooper,7,1107,1005,0.6364932182719292,0.5634067862621936,81,38,449,222,79,31,420,188,61,23,216,102,42,17,145,65,4,1,0.0,0.8
Connor Benzey,Sean McAllister,7,1083,1048,0.5477297445502348,0.5218610539716015,38,19,195,97,45,21,239,118,17,11,87,52,11,6,85,48,4,2,0.0,0.6666666666666666
John Astley,Elliott Weston,7,1245,934,0.8538864678998308,0.6851410567502929,353,158,2200,1039,12,2,55,16,11,7,241,108,9,4,9,4,4,1,0.0,0.8
Dean Young,Gary Thomson,7,1110,1096,0.5191328123553783,0.5087491068802403,127,48,707,300,184,93,1288,654,72,32,400,172,11,6,50,25,4,2,0.0,0.6666666666666666
Fergal Quinn (II),Keith Keldie,7,1049,945,0.6390526295107546,0.5646362918030292,43,20,229,113,41,13,218,83,24,10,124,62,12,6,50,24,4,1,0.0,0.8
Barry Pinches,Vladislav Gradinari,7,1160,1024,0.6790334655716898,0.5841905229354074,883,444,6517,3335,19,10,81,40,8,4,248,120,4,0,81,40,4,2,0.0,0.6666666666666666
Andrew Pagett,Jason Tart,7,1094,987,0.6428793213307702,0.5664790559676278,363,156,2324,1081,26,9,133,57,37,13,390,160,9,5,29,16,4,1,0.0,0.8
Rodion Judin,Oliver Sykes,7,961,1081,0.34071893937019965,0.425557483188341,41,17,243,100,19,8,121,58,6,2,49,19,6,2,116,57,4,1,0.0,0.8
Ashley Hugill,Hammad Miah,7,1299,1222,0.6039885915613215,0.5479769376367963,255,112,1542,738,310,124,2001,907,26,17,305,148,93,48,412,189,4,2,0.0,0.6666666666666666
David Grace,Andrew Higginson,7,1244,1214,0.5409388610739393,0.5187412158785352,504,232,3294,1593,904,515,6257,3372,69,34,432,199,76,36,432,208,4,3,0.0,0.5714285714285714
Umut Dikme,Anton Kazakov,7,1090,955,0.6778138346852377,0.5835831155172753,52,27,283,143,60,11,353,118,29,18,118,59,39,16,277,95,4,3,0.0,0.5714285714285714
Paul Deaville,Ryan Davies,7,1074,1117,0.44143655006080335,0.4731508513108857,43,19,226,104,69,36,348,179,45,17,192,90,29,17,149,81,4,1,0.0,0.8
Ashley Carty,Mark Lloyd,7,1223,1042,0.7316341543771714,0.6112334666758695,303,141,1778,868,48,19,246,113,61,26,393,190,26,18,69,34,4,2,0.0,0.6666666666666666
Ian Burns,Daegyu Lee,7,1278,1046,0.7851724867885262,0.6410674063348171,520,252,3294,1637,26,15,142,77,84,47,439,216,4,0,61,31,4,1,0.0,0.8
Kayden Brierley,James Cahill,7,1032,1232,0.24761894840913548,0.3775406687981454,32,14,165,81,332,139,2070,967,7,3,83,41,11,6,297,143,4,3,0.0,0.5714285714285714
Jack Borwick,Alex Clenshaw,7,976,1073,0.3699335043548132,0.4396703573114467,15,5,67,26,37,16,170,86,8,4,67,26,14,9,73,44,4,2,0.0,0.6666666666666666
Simon Blackwell,Alfie Burden,7,1107,1217,0.35330921996474546,0.4316800165217519,81,38,449,222,832,430,5892,2983,61,23,216,102,73,36,454,223,4,3,0.0,0.5714285714285714
Connor Benzey,Patrick Whelan,7,1083,1077,0.5082025098106111,0.5037499296890819,38,19,195,97,68,33,362,182,17,11,87,52,27,18,77,44,4,2,0.0,0.6666666666666666
John Astley,Stuart Carrington,7,1245,1285,0.44549420086403224,0.47502081252106,353,158,2200,1039,538,284,3404,1772,11,7,241,108,78,45,447,232,4,3,0.0,0.5714285714285714
Dean Young,Paul Deaville,7,1110,1074,0.549086208422272,0.5224848247918001,127,48,707,300,43,19,226,104,72,32,400,172,45,17,192,90,4,2,0.0,0.6666666666666666
Fergal Quinn (II),Ashley Carty,7,1049,1223,0.2762380014579778,0.39293301192829644,43,20,229,113,303,141,1778,868,24,10,124,62,61,26,393,190,4,1,0.0,0.8
Andrew Pagett,Umut Dikme,7,1094,1090,0.5054685677142574,0.5024999791668749,363,156,2324,1081,52,27,283,143,37,13,390,160,29,18,118,59,4,3,0.0,0.5714285714285714
Rodion Judin,Simon Blackwell,7,961,1107,0.30888492066734696,0.40974974806981657,41,17,243,100,81,38,449,222,6,2,49,19,61,23,216,102,4,3,0.0,0.5714285714285714
David Grace,Barry Pinches,7,1244,1160,0.6131794491635048,0.5523079095743253,504,232,3294,1593,883,444,6517,3335,69,34,432,199,8,4,248,120,4,0,0.0,1.0
Ian Burns,Kayden Brierley,7,1278,1032,0.7986358149208075,0.6490805242445733,520,252,3294,1637,32,14,165,81,84,47,439,216,7,3,83,41,4,3,0.0,0.5714285714285714
Jack Borwick,Ashley Hugill,7,976,1299,0.1372192770596931,0.30842348624788063,15,5,67,26,255,112,1542,738,8,4,67,26,26,17,305,148,4,2,0.0,0.6666666666666666
Connor Benzey,John Astley,7,1083,1245,0.29000807657290884,0.40011163113600173,38,19,195,97,353,158,2200,1039,17,11,87,52,11,7,241,108,4,2,0.0,0.6666666666666666
Fergal Quinn (II),Dean Young,7,1049,1110,0.41724321907824724,0.4619487156141408,43,20,229,113,127,48,707,300,24,10,124,62,72,32,400,172,4,1,0.0,0.8
David Grace,Jack Borwick,7,1244,976,0.8186786074572162,0.6615031592029524,504,232,3294,1593,15,5,67,26,69,34,432,199,8,4,67,26,4,0,0.0,1.0
Ian Burns,Andrew Pagett,7,1278,1094,0.7349708541108757,0.6130141761393355,520,252,3294,1637,363,156,2324,1081,84,47,439,216,37,13,390,160,4,1,0.0,0.8
Connor Benzey,Rodion Judin,7,1083,961,0.661777191191235,0.5756643510425494,38,19,195,97,41,17,243,100,17,11,87,52,6,2,49,19,4,2,0.0,0.6666666666666666
