player1,player2,best_of,elo_match_win_rate,elo_frame_win_rate,p1_matches_played,p1_matches_won,p1_frames_played,p1_frames_won,p2_matches_played,p2_matches_won,p2_frames_played,p2_frames_won,p1_frames_played_1_year,p1_frames_won_1_year,p1_frames_played_3_years,p1_frames_won_3_years,p2_frames_played_1_year,p2_frames_won_1_year,p2_frames_played_3_years,p2_frames_won_3_years,match_result,win_percentage
Long Zehuang,Haydon Pinhey,7,0.7192100641468833,0.6046790847140093,78,39,443,225,115,52,610,288,178,99,284,147,121,57,347,168,0.0,0.5714285714285714
Wang Yuchen,Andrew Pagett,7,0.5,0.5,100,37,626,268,352,153,2250,1055,74,38,158,89,144,65,417,170,0.0,0.8
Daniel Womersley,Ben Mertens,7,0.30055574355873826,0.4055240692517599,109,53,551,266,107,50,642,322,86,40,180,89,136,67,471,240,0.0,0.8
Jimmy White,Paul Deaville,7,0.5612649493584694,0.528095374408387,1577,844,13093,6755,32,17,158,79,85,31,384,153,97,51,126,66,0.0,0.5714285714285714
Alexander Ursenbacher,Mostafa Dorgham,7,0.8213053995393751,0.6631804950993565,286,129,1728,829,25,5,164,53,113,56,400,196,108,41,154,53,0.0,0.8
Chris Totten,Robbie Mcguigan,7,0.5800831913605062,0.5368082899889803,103,37,590,241,72,26,341,148,116,63,204,110,64,28,205,91,0.0,0.5714285714285714
Haris Tahir,Zak Surety,7,0.2167953403729519,0.36008390326226586,19,11,117,59,260,119,1496,716,92,47,117,59,161,83,509,252,0.0,0.5714285714285714
Ishpreet Singh Chadha,Florian Nüßle,7,0.5382188233953898,0.5174928576663897,50,28,298,156,77,36,410,212,155,75,298,156,47,26,194,116,0.0,0.8
Amir Sarkhosh,Cheung Ka Wai,7,0.38029641350050397,0.44460335167941084,37,16,238,118,33,20,193,113,67,29,113,53,87,43,193,113,0.0,0.6666666666666666
Bulcsú Révész,Iulian Boiko,7,0.4225943374899878,0.4644351620161461,24,11,163,77,110,42,616,269,112,54,163,77,139,67,382,192,0.0,0.5714285714285714
Liam Pullen,Mink Nutcharut,7,0.7134663824052628,0.6016871801828567,53,24,319,148,48,5,273,81,104,46,277,126,79,23,272,81,0.0,0.8
Manasawin Phetmalaikul,Ross Muir,7,0.1804429523596507,0.3379372751936011,59,17,330,128,294,117,1861,854,74,20,185,68,121,52,456,212,0.0,0.5714285714285714
Stan Moody,Dylan Emery,7,0.47404295972292854,0.4881272322437472,61,24,360,166,131,59,744,363,135,67,324,151,162,81,470,233,0.0,0.6666666666666666
Oliver Lines,Joshua Cooper,7,0.8340553716337187,0.6715050342254059,384,185,2307,1127,70,29,364,168,143,63,515,247,60,29,111,51,0.0,0.6666666666666666
Peifan Lei,Jamie Gardiner,7,0.7822166026963269,0.6393398367530659,120,55,706,334,0,0,0,0,80,38,309,143,0,0,0,0,0.0,0.5714285714285714
Antoni Kowalski,Hammad Miah,7,0.40261453047341306,0.45512110762641994,47,24,255,131,294,118,1876,848,98,51,131,71,101,41,427,194,0.0,0.5714285714285714
Jiang Jun,Huang Jiahao,7,0.7415764082537253,0.6165665045213193,36,14,250,119,33,11,182,76,157,77,250,119,43,12,79,36,0.0,0.5714285714285714
Duane Jones,Artemijs Zizins,7,0.6887157040547041,0.5890404340586651,331,149,1975,961,18,11,97,53,121,60,413,197,97,53,97,53,0.0,0.6666666666666666
Michael Holt,Reanne Evans,7,0.8832805083358919,0.707340014518073,1016,572,7048,3716,218,61,1227,463,73,32,336,170,71,16,276,76,0.0,1.0
Louis Heathcote,Anton Kazakov,7,0.8591236298223967,0.6889039179769546,205,94,1194,583,51,10,295,98,165,84,513,249,99,39,273,89,0.0,0.5714285714285714
Ma Hailong,Allan Taylor,7,0.3907515745539448,0.4495472886604723,41,13,267,115,453,208,2670,1281,132,60,267,115,158,84,448,204,0.0,1.0
Kreishh Gurbaxani,Andrew Higginson,7,0.18132139254278376,0.33849684079704756,26,9,144,65,884,505,6133,3316,80,36,121,55,119,56,463,245,0.0,0.8
Liam Graham,Siripaporn Nuanthakhamjan,7,0.6729150209582897,0.5811509642893937,54,16,297,115,22,0,127,23,83,29,218,75,59,8,127,23,0.0,0.5714285714285714
Liam Davies,Dean Young,7,0.5639634145132848,0.5293412500457856,50,24,294,138,110,41,571,237,97,47,268,128,85,31,356,142,0.0,0.6666666666666666
Joel Connolly Jnr,Ian Burns,7,0.15462146043253397,0.320821300824607,8,1,40,11,503,245,3164,1568,15,7,40,11,119,54,459,212,0.0,0.5714285714285714
Thor Chuan Leong,Mark Joyce,7,0.44549420086403224,0.47502081252106,190,70,1183,525,643,329,4444,2233,129,62,270,139,137,72,461,229,0.0,0.5714285714285714
Gong Chenzhi,Ahmed Aly Elsayed,7,0.8705826043505938,0.6974111143958823,30,16,206,106,23,0,111,14,119,59,206,106,64,9,111,14,0.0,1.0
Alfie Burden,Mitchell Mann,7,0.5947357972115818,0.5436386872370789,814,422,5774,2930,384,174,2314,1091,127,63,452,213,79,40,284,127,0.0,0.5714285714285714
Simon Blackwell,Stuart Carrington,7,0.31128429594529594,0.41095956594133487,67,34,338,178,519,275,3276,1704,105,58,132,70,131,67,464,228,0.0,0.5714285714285714
Farakh Ajaib,Julien Leclercq,7,0.46858930565080326,0.4856289593029398,156,67,848,389,76,33,420,194,90,51,296,144,127,55,345,156,0.0,0.5714285714285714
Fan Zhengyi,Liam Pullen,7,0.8340553716337187,0.6715050342254059,194,86,1238,576,53,24,319,148,224,123,737,390,104,46,277,126,0.0,0.6666666666666666
Long Zehuang,Sanderson Lam,7,0.660530062626431,0.5750535485557879,78,39,443,225,279,111,1689,744,178,99,284,147,116,48,527,248,0.0,1.0
Wang Yuchen,Joe Perry,7,0.31610864255174254,0.41338242108267,100,37,626,268,1392,807,9546,5149,74,38,158,89,142,67,722,360,0.0,0.6666666666666666
Jimmy White,Jackson Page,7,0.2465527590120173,0.37695333963338384,1577,844,13093,6755,209,106,1328,658,85,31,384,153,188,95,622,319,0.0,0.5714285714285714
Alexander Ursenbacher,Xu Si,7,0.4672268289773793,0.4850044983805899,286,129,1728,829,208,90,1323,610,113,56,400,196,174,87,534,263,0.0,0.5714285714285714
Thepchaiya Un-Nooh,Daniel Womersley,7,0.8870891247364365,0.7104354810428751,573,335,3952,2112,109,53,551,266,181,100,699,384,86,40,180,89,0.0,1.0
Matthew Stevens,Gong Chenzhi,7,0.732748880507422,0.6118273690017371,1136,654,8570,4642,30,16,206,106,146,73,613,324,119,59,206,106,0.0,0.8
Elliot Slessor,Chris Totten,7,0.8151364341594428,0.6592603884513855,389,193,2378,1176,103,37,590,241,273,151,702,367,116,63,204,110,0.0,0.6666666666666666
Ishpreet Singh Chadha,Ashley Carty,7,0.43199486323846364,0.46879062662624377,50,28,298,156,286,134,1675,825,155,75,298,156,141,73,388,194,0.0,0.8
Yuan Sijun,Liam Graham,7,0.9215618734478543,0.7417338799314313,279,147,1777,920,54,16,297,115,192,104,679,384,83,29,218,75,0.0,1.0
Matthew Selt,Michael Holt,7,0.6970755073607001,0.5932699921071872,887,483,5720,2979,1016,572,7048,3716,216,111,967,494,73,32,336,170,0.0,0.8
Jimmy Robertson,Amir Sarkhosh,7,0.829876495909729,0.668741821102192,754,413,4908,2562,37,16,238,118,192,96,761,403,67,29,113,53,0.0,1.0
Bulcsú Révész,Robbie Williams,7,0.22883313985656367,0.36702522331953935,24,11,163,77,564,302,3615,1855,112,54,163,77,172,85,592,316,0.0,1.0
Tian Pengfei,Antoni Kowalski,7,0.7041548710511403,0.596884378259767,569,312,3729,1961,47,24,255,131,142,70,509,251,98,51,131,71,0.0,1.0
Martin O'Donnell,Joel Connolly Jnr,7,0.8901903833125965,0.7130001627522816,518,263,3214,1626,8,1,40,11,191,98,497,248,15,7,40,11,0.0,1.0
Stan Moody,Ben Woollaston,7,0.25190978869692043,0.3798935676569099,61,24,360,166,842,476,5310,2821,135,67,324,151,181,100,602,315,0.0,0.5714285714285714
Anthony McGill,Farakh Ajaib,7,0.7534472409879828,0.6230466603666162,760,452,5048,2739,156,67,848,389,105,48,657,353,90,51,296,144,0.0,0.6666666666666666
Oliver Lines,Ricky Walden,7,0.40261453047341306,0.45512110762641994,384,185,2307,1127,1175,694,7899,4320,143,63,515,247,280,145,958,507,0.0,0.6666666666666666
Peifan Lei,Jamie Jones,7,0.3881295430910018,0.44831033065729986,120,55,706,334,681,400,4457,2395,80,38,309,143,152,73,700,357,0.0,0.5714285714285714
Jiang Jun,David Lilley,7,0.4132404983976814,0.46008511544443426,36,14,250,119,267,134,1584,795,157,77,250,119,181,90,540,263,0.0,0.5714285714285714
Liu Hongyu,Simon Blackwell,7,0.7203516579445735,0.6052765337748445,50,25,307,165,67,34,338,178,132,67,307,165,105,58,132,70,0.0,0.8
Louis Heathcote,Aaron Hill,7,0.4590611389260606,0.4812587841214648,205,94,1194,583,130,60,761,366,165,84,513,249,140,68,555,284,0.0,0.5714285714285714
Ma Hailong,Anthony Hamilton,7,0.35204218100893303,0.43106679063045344,41,13,267,115,1055,597,7726,4064,132,60,267,115,136,66,509,246,0.0,0.5714285714285714
He Guoqiang,Manasawin Phetmalaikul,7,0.8832805083358919,0.707340014518073,72,40,459,235,59,17,330,128,186,96,376,203,74,20,185,68,0.0,1.0
David Grace,Yulu Bai,7,0.8097380368967944,0.6558828412078137,487,225,3178,1536,14,3,98,34,113,52,489,230,45,13,98,34,0.0,1.0
Graeme Dott,Kreishh Gurbaxani,7,0.86350380276547,0.6921095043017882,1189,694,8515,4578,26,9,144,65,160,84,683,359,80,36,121,55,0.0,0.6666666666666666
Scott Donaldson,Duane Jones,7,0.6642657784879786,0.5768852611320463,499,265,3199,1632,331,149,1975,961,160,85,657,341,121,60,413,197,0.0,1.0
Mark Davis,Alfie Burden,7,0.6935058085008956,0.5914589784327801,1322,785,9084,4938,814,422,5774,2930,162,89,544,274,127,63,452,213,0.0,0.6666666666666666
Dominic Dale,Haris Tahir,7,0.7851724867885262,0.6410674063348171,1120,623,7744,4072,19,11,117,59,175,87,536,266,92,47,117,59,0.0,0.6666666666666666
Jamie Clarke,Xing Zihao,7,0.6466907800352545,0.5683199834782481,341,170,2039,1011,35,14,216,98,139,64,557,269,116,54,216,98,0.0,0.6666666666666666
Thor Chuan Leong,Daniel Wells,7,0.30888492066734696,0.40974974806981657,190,70,1183,525,531,267,3491,1753,129,62,270,139,170,88,568,317,0.0,0.6666666666666666
Jordan Brown,Liam Davies,7,0.692311529960642,0.5908547524545943,344,176,2120,1056,50,24,294,138,166,76,784,394,97,47,268,128,0.0,0.8
Zhou Yuelong,Dominic Dale,7,0.622303251187688,0.5566309599222533,510,301,3215,1732,1120,623,7744,4072,164,78,907,479,175,87,536,266,0.0,0.5714285714285714
Wang Yuchen,Jack Lisowski,7,0.16183680935294972,0.3257435747770527,100,37,626,268,810,494,5279,2892,74,38,158,89,246,136,1051,581,0.0,0.5714285714285714
Kyren Wilson,David Grace,7,0.8806881852645642,0.7052656295907794,1063,678,6764,3819,487,225,3178,1536,565,324,1457,848,113,52,489,230,0.0,0.5714285714285714
Mark Williams,Jamie Clarke,7,0.8290321883880187,0.6681877721681662,1807,1185,13193,7573,341,170,2039,1011,298,166,1080,627,139,64,557,269,0.0,1.0
Jimmy White,Hossein Vafaei,7,0.14310407990585822,0.31270571980279593,1577,844,13093,6755,340,206,2361,1262,85,31,384,153,217,125,884,507,0.0,0.6666666666666666
Chris Wakelin,Bulcsú Révész,7,0.8858301874086159,0.7094058152553435,441,240,2804,1456,24,11,163,77,333,179,905,493,112,54,163,77,0.0,0.6666666666666666
Judd Trump,Ishpreet Singh Chadha,7,0.9157399188480915,0.7359453939271484,1472,1060,10196,6165,50,28,298,156,537,336,1758,1076,155,75,298,156,0.0,1.0
Elliot Slessor,Joe O'Connor,7,0.5409388610739393,0.5187412158785352,389,193,2378,1176,309,153,1941,974,273,151,702,367,269,138,749,389,0.0,0.6666666666666666
Matthew Selt,Lyu Haotian,7,0.5218633393972989,0.5099986668799655,887,483,5720,2979,347,177,2268,1133,216,111,967,494,181,88,735,396,0.0,0.8
Noppon Saengkham,Thepchaiya Un-Nooh,7,0.3699335043548132,0.4396703573114467,468,243,3192,1614,573,335,3952,2112,183,91,808,431,181,100,699,384,0.0,0.5714285714285714
Neil Robertson,Graeme Dott,7,0.792932804884019,0.6456563062257954,1289,857,9436,5440,1189,694,8515,4578,337,208,1051,609,160,84,683,359,0.0,0.5714285714285714
Jimmy Robertson,Xiao Guodong,7,0.3596701363363135,0.43474925243290014,754,413,4908,2562,766,444,4809,2637,192,96,761,403,258,142,990,529,0.0,0.6666666666666666
Tian Pengfei,Si Jiahui,7,0.2606153234773788,0.38461624360881785,569,312,3729,1961,202,116,1370,739,142,70,509,251,373,214,946,519,0.0,0.6666666666666666
Martin O'Donnell,Zhang Anda,7,0.32954639777958084,0.4200665998114943,518,263,3214,1626,490,255,3436,1758,191,98,497,248,259,131,886,492,0.0,0.5714285714285714
Shaun Murphy,Jiang Jun,7,0.8677841579315165,0.6952966693475653,1376,904,9934,5646,36,14,250,119,302,172,974,557,157,77,250,119,0.0,0.6666666666666666
Stan Moody,Ryan Day,7,0.29350342132334917,0.40191313966779657,61,24,360,166,1321,780,8716,4740,135,67,324,151,291,148,997,519,0.0,0.5714285714285714
Robert Milkins,Jordan Brown,7,0.5395790886298393,0.5181170650431814,1142,657,7918,4221,344,176,2120,1056,176,75,959,479,166,76,784,394,0.0,0.6666666666666666
Anthony McGill,Stephen Maguire,7,0.4065907825999159,0.4569816192756902,760,452,5048,2739,1212,783,8847,4968,105,48,657,353,221,120,716,383,0.0,0.8
Oliver Lines,Wu Yize,7,0.32831469717042555,0.41945769517934034,384,185,2307,1127,125,65,869,447,143,63,515,247,223,124,655,351,0.0,0.8
Peifan Lei,David Gilbert,7,0.17869460046062505,0.33681950490064355,120,55,706,334,964,568,6607,3581,80,38,309,143,311,179,877,486,0.0,0.6666666666666666
Pang Junxu,Yuan Sijun,7,0.549086208422272,0.5224848247918001,188,104,1216,635,279,147,1777,920,297,162,833,451,192,104,679,384,0.0,0.5714285714285714
Jak Jones,Alexander Ursenbacher,7,0.67536846283006,0.5823675407280794,410,204,2699,1300,286,129,1728,829,353,197,862,467,113,56,400,196,0.0,1.0
John Higgins,Fan Zhengyi,7,0.6802510445614828,0.584797674717737,1896,1336,14656,8636,194,86,1238,576,477,266,1441,824,224,123,737,390,0.0,0.6666666666666666
Louis Heathcote,Mark Selby,7,0.1804429523596507,0.3379372751936011,205,94,1194,583,1578,1078,11269,6559,165,84,513,249,401,227,1331,757,0.0,0.5714285714285714
Barry Hawkins,Matthew Stevens,7,0.6403298636636867,0.5652507475670999,1355,846,9310,5211,1136,654,8570,4642,289,153,972,551,146,73,613,324,0.0,0.6666666666666666
Ma Hailong,Ali Carter,7,0.14013938303066084,0.31056054693922636,41,13,267,115,1338,825,9027,4986,132,60,267,115,358,192,1215,676,0.0,0.8
Tom Ford,Thor Chuan Leong,7,0.6466907800352545,0.5683199834782481,948,538,6460,3438,190,70,1183,525,217,100,950,494,129,62,270,139,0.0,0.6666666666666666
Mark Davis,Gary Wilson,7,0.4266177377216683,0.4663011645670992,1322,785,9084,4938,743,428,4778,2567,162,89,544,274,354,186,986,516,0.0,0.8
Luca Brecel,He Guoqiang,7,0.67536846283006,0.5823675407280794,650,378,4359,2357,72,40,459,235,160,82,871,474,186,96,376,203,0.0,0.5714285714285714
Stuart Bingham,Scott Donaldson,7,0.549086208422272,0.5224848247918001,1515,956,10495,5941,499,265,3199,1632,313,163,1007,533,160,85,657,341,0.0,0.8
Mark Allen,Liu Hongyu,7,0.7792359029381558,0.637608652621925,1090,725,7720,4387,50,25,307,165,383,212,1212,690,132,67,307,165,0.0,1.0
Kyren Wilson,Anthony McGill,7,0.7711668601434363,0.6329747766804606,1063,678,6764,3819,760,452,5048,2739,565,324,1457,848,105,48,657,353,0.0,0.5714285714285714
Mark Williams,Noppon Saengkham,7,0.7316341543771714,0.6112334666758695,1807,1185,13193,7573,468,243,3192,1614,298,166,1080,627,183,91,808,431,0.0,0.8
Judd Trump,Matthew Selt,7,0.7995764997363425,0.6496497492904088,1472,1060,10196,6165,887,483,5720,2979,537,336,1758,1076,216,111,967,494,0.0,0.6666666666666666
Elliot Slessor,Long Zehuang,7,0.6026704349193375,0.5473576181430894,389,193,2378,1176,78,39,443,225,273,151,702,367,178,99,284,147,0.0,0.6666666666666666
Neil Robertson,Wang Yuchen,7,0.9157399188480915,0.7359453939271484,1289,857,9436,5440,100,37,626,268,337,208,1051,609,74,38,158,89,0.0,1.0
Tian Pengfei,Robert Milkins,7,0.5013671846516985,0.5006249996744794,569,312,3729,1961,1142,657,7918,4221,142,70,509,251,176,75,959,479,0.0,0.8
Martin O'Donnell,Jimmy White,7,0.7316341543771714,0.6112334666758695,518,263,3214,1626,1577,844,13093,6755,191,98,497,248,85,31,384,153,0.0,0.6666666666666666
Shaun Murphy,Zhou Yuelong,7,0.6970755073607001,0.5932699921071872,1376,904,9934,5646,510,301,3215,1732,302,172,974,557,164,78,907,479,0.0,0.6666666666666666
Stan Moody,Jak Jones,7,0.22781497267732487,0.3664446223632249,61,24,360,166,410,204,2699,1300,135,67,324,151,353,197,862,467,0.0,1.0
Oliver Lines,Mark Allen,7,0.21976777945335846,0.36181388669099446,384,185,2307,1127,1090,725,7720,4387,143,63,515,247,383,212,1212,690,0.0,0.5714285714285714
Peifan Lei,Tom Ford,7,0.3394699373735689,0.424946451444212,120,55,706,334,948,538,6460,3438,80,38,309,143,217,100,950,494,0.0,0.8
Pang Junxu,Luca Brecel,7,0.5300478260158454,0.513746534902355,188,104,1216,635,650,378,4359,2357,297,162,833,451,160,82,871,474,0.0,0.8
Louis Heathcote,Jimmy Robertson,7,0.37899585307075345,0.44398610945538003,205,94,1194,583,754,413,4908,2562,165,84,513,249,192,96,761,403,0.0,0.8
Barry Hawkins,John Higgins,7,0.3894398892710193,0.448928730692658,1355,846,9310,5211,1896,1336,14656,8636,289,153,972,551,477,266,1441,824,0.0,0.6666666666666666
Ma Hailong,Chris Wakelin,7,0.1322158420684832,0.3047033306524346,41,13,267,115,441,240,2804,1456,132,60,267,115,333,179,905,493,0.0,0.8
Stuart Bingham,Mark Davis,7,0.5531518743848329,0.5243557087682073,1515,956,10495,5941,1322,785,9084,4938,313,163,1007,533,162,89,544,274,0.0,1.0
Kyren Wilson,Stan Moody,7,0.8877146338860857,0.7109495026250039,1063,678,6764,3819,61,24,360,166,565,324,1457,848,135,67,324,151,0.0,0.8
Mark Williams,Ma Hailong,7,0.9116708670628891,0.7320405018416317,1807,1185,13193,7573,41,13,267,115,298,166,1080,627,132,60,267,115,0.0,0.6666666666666666
Judd Trump,Barry Hawkins,7,0.7404818133197837,0.6159753019181258,1472,1060,10196,6165,1355,846,9310,5211,537,336,1758,1076,289,153,972,551,0.0,0.8
Elliot Slessor,Peifan Lei,7,0.7248939369984414,0.6076631698328917,389,193,2378,1176,120,55,706,334,273,151,702,367,80,38,309,143,0.0,0.8
Neil Robertson,Oliver Lines,7,0.8133483117002799,0.6581363150480182,1289,857,9436,5440,384,185,2307,1127,337,208,1051,609,143,63,515,247,0.0,0.8
Shaun Murphy,Stuart Bingham,7,0.6555229391190917,0.5726080638632601,1376,904,9934,5646,1515,956,10495,5941,302,172,974,557,313,163,1007,533,0.0,0.5714285714285714
Pang Junxu,Martin O'Donnell,7,0.6790334655716898,0.5841905229354074,188,104,1216,635,518,263,3214,1626,297,162,833,451,191,98,497,248,0.0,1.0
Louis Heathcote,Tian Pengfei,7,0.4781366606027012,0.4900013331200346,205,94,1194,583,569,312,3729,1961,165,84,513,249,142,70,509,251,0.0,0.6666666666666666
Kyren Wilson,Mark Williams,9,0.5368587710437642,0.51499550161941,1063,678,6764,3819,1807,1185,13193,7573,565,324,1457,848,298,166,1080,627,0.0,0.8333333333333334
Judd Trump,Shaun Murphy,9,0.6513228977147019,0.5627917401386452,1472,1060,10196,6165,1376,904,9934,5646,537,336,1758,1076,302,172,974,557,0.0,0.8333333333333334
Elliot Slessor,Louis Heathcote,9,0.6778907155437834,0.574442516811659,389,193,2378,1176,205,94,1194,583,273,151,702,367,165,84,513,249,0.0,0.8333333333333334
Pang Junxu,Neil Robertson,9,0.33040479097165565,0.4292283881055083,188,104,1216,635,1289,857,9436,5440,297,162,833,451,337,208,1051,609,0.0,0.5555555555555556
Kyren Wilson,Pang Junxu,11,0.691303602887055,0.5732197726798348,1063,678,6764,3819,188,104,1216,635,565,324,1457,848,297,162,833,451,0.0,0.6
Judd Trump,Elliot Slessor,11,0.8458526117374912,0.6467993925579857,1472,1060,10196,6165,389,193,2378,1176,537,336,1758,1076,273,151,702,367,0.0,1.0
Kyren Wilson,Judd Trump,17,0.3572260203561264,0.4563613127629212,1063,678,6764,3819,1472,1060,10196,6165,565,324,1457,848,537,336,1758,1076,0.0,0.75
Fan Zhengyi,Long Zehuang,11,0.6069119338528444,0.5399148845555657,196,87,1250,582,81,41,460,235,236,129,749,396,195,109,301,157,0.0,0.6666666666666666
Dean Young,Tian Pengfei,11,0.1371156226654094,0.34298953732650117,111,41,577,239,573,315,3750,1975,91,33,362,144,163,84,530,265,0.0,0.5454545454545454
Wu Yize,Wang Yuchen,11,0.8388505228821673,0.6427913242407762,126,65,874,448,104,40,648,280,228,125,660,352,96,50,180,101,0.0,0.6
Ben Woollaston,Duane Jones,11,0.7287693737217769,0.5890404340586651,843,476,5317,2824,333,150,1985,965,188,103,609,318,131,64,423,201,0.0,0.6
Daniel Womersley,Liam Davies,11,0.48984977471926505,0.496250070310918,111,54,560,270,52,25,305,143,95,44,189,93,108,52,279,133,0.0,0.75
Kyren Wilson,Mitchell Mann,11,0.969004445132317,0.7553772379137498,1069,684,6811,3851,385,174,2321,1094,612,356,1504,880,86,43,291,130,0.0,1.0
Gary Wilson,Hammad Miah,11,0.8252810393862255,0.6352948493228071,744,428,4783,2568,295,118,1883,851,359,187,991,517,108,44,434,197,0.0,0.6666666666666666
Robbie Williams,Allan Taylor,11,0.6762884110738897,0.5670929049654543,565,302,3619,1855,454,208,2674,1281,176,85,596,316,162,84,452,204,0.0,0.6666666666666666
Mark Williams,Haris Tahir,11,0.9741153348482265,0.7644979994081456,1811,1188,13214,7586,21,12,130,65,319,179,1101,640,105,53,130,65,0.0,1.0
Ricky Walden,Xing Zihao,11,0.8176697769208081,0.6312306626164005,1176,694,7905,4322,36,14,222,100,286,147,964,509,122,56,222,100,0.0,0.6
Chris Wakelin,Cheung Ka Wai,11,0.8874279875518349,0.6731572963701318,443,241,2815,1461,34,20,199,115,344,184,916,498,93,45,199,115,0.0,0.75
Hossein Vafaei,Zheng Dian,11,0.9655382959331047,0.7497913878870148,341,206,2367,1264,0,0,0,0,223,127,890,509,0,0,0,0,0.0,0.6
Thepchaiya Un-Nooh,Peifan Lei,11,0.8176697769208081,0.6312306626164005,575,336,3963,2119,125,59,736,351,192,107,710,391,110,55,339,160,0.0,0.6
Judd Trump,Chris Totten,11,0.9838083072715782,0.7862554282848526,1478,1065,10235,6191,105,38,603,247,576,362,1797,1102,129,69,217,116,0.0,0.8571428571428571
Zak Surety,Dominic Dale,11,0.4746394143186712,0.4906260984783392,261,119,1503,719,1122,624,7757,4079,168,86,516,255,188,94,549,273,0.0,0.6
Matthew Stevens,Huang Jiahao,11,0.91443428808978,0.6937054019553982,1138,655,8581,4648,34,11,189,79,157,79,624,330,50,15,86,39,0.0,1.0
Elliot Slessor,Manasawin Phetmalaikul,11,0.9733987778178507,0.7631450157268554,395,198,2413,1197,61,18,341,132,308,172,737,388,85,24,196,72,0.0,0.6666666666666666
Yuan Sijun,Ian Burns,11,0.7801859416806328,0.6124209393479161,281,148,1788,927,504,245,3171,1571,203,111,690,391,126,57,466,215,0.0,0.8571428571428571
Xu Si,Ahmed Aly Elsayed,11,0.9792669238742752,0.7751285533173565,209,90,1330,613,24,0,115,14,181,90,541,266,68,9,115,14,0.0,0.5454545454545454
Mark Selby,Artemijs Zizins,11,0.9593745526501821,0.740774899182154,1579,1078,11276,6562,19,11,103,55,408,230,1338,760,103,55,103,55,0.0,0.6666666666666666
Amir Sarkhosh,David Lilley,11,0.22355089230407071,0.389360766050778,39,17,248,122,268,134,1591,798,77,33,123,57,188,93,547,266,0.0,0.6666666666666666
Noppon Saengkham,Wang Xinbo,11,0.8950860052159663,0.6786337178522214,470,244,3204,1619,9,3,73,32,195,96,820,436,48,22,73,32,0.0,0.6666666666666666
Neil Robertson,Alfie Burden,11,0.9200249447315538,0.6984652160025387,1293,860,9461,5456,816,423,5787,2936,362,224,1076,625,140,69,465,219,0.0,0.8571428571428571
Jimmy Robertson,Akani Songsermsawad,11,0.5253605856813285,0.5093739015216607,757,415,4923,2571,237,128,1551,804,207,105,776,412,96,61,255,142,0.0,0.5454545454545454
Haydon Pinhey,Stephen Maguire,11,0.14357319380185787,0.3469438867133873,116,52,617,291,1213,783,8852,4969,128,60,354,171,226,121,721,384,0.0,0.75
Joe Perry,Jonas Luz,11,0.8842509232912373,0.6709533329057776,1393,807,9552,5151,2,1,10,5,148,69,728,362,10,5,10,5,0.0,0.8571428571428571
Jackson Page,Oliver Lines,11,0.4847768026393152,0.4943752372926745,210,106,1335,661,389,189,2336,1144,195,98,629,322,172,80,544,264,0.0,0.75
Ronnie O'Sullivan,Mink Nutcharut,11,0.9954517645455037,0.8337581892923576,1539,1174,13293,8110,49,5,278,82,378,227,1204,725,84,24,277,82,0.0,0.6666666666666666
Martin O'Donnell,Julien Leclercq,11,0.7425250047020281,0.595078473866134,522,266,3235,1638,77,33,427,197,212,110,518,260,134,58,352,159,0.0,0.75
Joe O'Connor,Robbie Mcguigan,11,0.886639866993501,0.6726070170677604,310,153,1947,976,73,26,348,151,275,140,755,391,71,31,212,94,0.0,0.8571428571428571
Shaun Murphy,Louis Heathcote,11,0.8337185633337647,0.6399160967377341,1380,907,9959,5659,211,99,1232,604,327,185,999,570,203,105,551,270,0.0,0.6
Ross Muir,Daniel Wells,11,0.23886972065862805,0.3965167501352737,295,117,1868,857,532,267,3497,1755,128,55,463,215,176,90,574,319,0.0,0.75
Stan Moody,Tom Ford,11,0.3657125117208648,0.4495472886604723,66,28,389,183,950,539,6471,3443,164,84,353,168,228,105,961,499,0.0,0.75
Ben Mertens,Graeme Dott,11,0.3530627239692718,0.44460335167941084,108,50,647,323,1191,695,8528,4585,141,68,476,241,173,91,696,366,0.0,0.6
Anthony McGill,Ashley Carty,11,0.6701956406431402,0.5646362918030292,763,454,5066,2750,287,134,1680,826,123,59,675,364,146,74,393,195,0.0,0.8571428571428571
Jack Lisowski,Bulcsú Révész,11,0.8882120246673187,0.6737070994545215,811,494,5286,2895,27,13,180,87,253,139,1058,584,129,64,180,87,0.0,0.5454545454545454
Sanderson Lam,Alexander Ursenbacher,11,0.3282766632375935,0.43474925243290014,280,111,1693,744,289,131,1744,837,120,48,531,248,129,64,416,204,0.0,0.5454545454545454
Pang Junxu,Iulian Boiko,11,0.90719284982979,0.6878313305828404,193,108,1251,656,111,42,623,272,332,183,868,472,146,70,389,195,0.0,0.8571428571428571
Ding Junhui,Reanne Evans,11,0.9930418761468445,0.819431411226116,1004,666,7723,4392,219,61,1231,463,243,126,974,540,75,16,280,76,0.0,1.0
Jiang Jun,Luca Brecel,11,0.19242847998463544,0.37402214223339625,39,16,270,129,652,379,4371,2362,177,87,270,129,172,87,883,479,0.0,0.6666666666666666
Si Jiahui,Andrew Pagett,11,0.9131514516618087,0.6926419831347361,203,116,1376,741,353,153,2255,1056,379,216,952,521,149,66,422,171,0.0,0.6
Liu Hongyu,Thor Chuan Leong,11,0.5921823869887557,0.5343209436693046,52,26,316,169,193,72,1202,535,141,71,316,169,148,72,289,149,0.0,0.5454545454545454
Michael Holt,Zhou Yuelong,11,0.27402692641660376,0.41217046151748854,1018,573,7057,3721,512,302,3228,1738,82,37,345,175,177,84,920,485,0.0,0.5454545454545454
Aaron Hill,Liam Pullen,11,0.7826562787669785,0.6136070778047783,131,60,768,369,55,25,330,154,147,71,562,287,115,52,288,132,0.0,0.75
Andrew Higginson,Matthew Selt,11,0.2507413833722163,0.40191313966779657,885,505,6138,3317,890,485,5736,2989,124,57,468,246,232,121,983,504,0.0,0.5454545454545454
John Higgins,Ken Doherty,11,0.9319508746285202,0.7094058152553435,1898,1337,14668,8642,1288,743,10131,5448,489,272,1453,830,62,20,395,164,0.0,0.8571428571428571
Barry Hawkins,Joshua Thomond,11,0.9572441024823404,0.7378841011916348,1358,848,9327,5220,79,34,420,202,306,162,989,560,84,37,171,84,0.0,0.8571428571428571
Lyu Haotian,Marco Fu,11,0.516913659711329,0.5062496744995104,348,177,2273,1134,979,572,7293,3949,186,89,740,397,151,82,427,218,0.0,0.5454545454545454
Anthony Hamilton,Jimmy White,11,0.6422124980112687,0.5535439031511183,1056,597,7733,4067,1581,847,13119,6769,143,69,516,249,111,45,410,167,0.0,1.0
He Guoqiang,Antoni Kowalski,11,0.7714085331898454,0.6082590307465143,74,41,470,242,49,25,266,135,197,103,387,210,109,55,142,75,0.0,0.8571428571428571
Xiao Guodong,Kreishh Gurbaxani,11,0.9661380386167859,0.7507282371635285,767,444,4815,2639,28,10,155,71,264,144,996,531,91,42,132,61,0.0,0.6666666666666666
David Grace,Zhou Jinhao,11,0.8064278766835024,0.6253923497205511,489,226,3189,1543,9,4,59,27,124,59,500,237,59,27,59,27,0.0,0.75
David Gilbert,Yulu Bai,11,0.9845723939843551,0.788348634008099,965,568,6613,3583,15,3,102,34,317,181,883,488,49,13,102,34,0.0,0.75
Dylan Emery,Scott Donaldson,11,0.23757069260890742,0.3959186771306219,132,59,750,365,501,266,3208,1637,168,83,476,235,169,90,666,346,0.0,0.6666666666666666
Ryan Day,Ma Hailong,11,0.7384383044161037,0.5932699921071872,1322,780,8723,4743,46,17,294,133,298,151,1004,522,159,78,294,133,0.0,0.5454545454545454
Mark Davis,Siripaporn Nuanthakhamjan,11,0.9838083072715782,0.7862554282848526,1325,787,9099,4946,23,0,134,26,177,97,559,282,66,11,134,26,0.0,0.8571428571428571
Jamie Clarke,Mostafa Dorgham,11,0.8438737358496442,0.6456563062257954,343,171,2049,1015,26,5,169,54,149,68,567,273,113,42,159,54,0.0,0.6666666666666666
Gong Chenzhi,Jordan Brown,11,0.33594456986074084,0.43782349911420193,32,17,215,111,346,177,2131,1062,128,64,215,111,177,82,795,400,0.0,0.6
Ali Carter,Cai Wei,11,0.9714031344699711,0.759510916949111,1339,825,9032,4987,1,0,5,0,363,193,1220,677,5,0,5,0,0.0,0.8571428571428571
Stuart Carrington,Robert Milkins,11,0.46789022977733996,0.4881272322437472,520,275,3283,1707,1144,658,7929,4226,138,70,471,231,187,80,970,484,0.0,0.6
Simon Blackwell,Jak Jones,11,0.113360133006499,0.32739298293223956,69,35,350,183,412,205,2707,1304,117,63,144,75,361,201,870,471,0.0,0.5454545454545454
Stuart Bingham,Liam Graham,11,0.9719138262492756,0.7604230019887311,1518,958,10511,5952,56,17,308,119,329,174,1023,544,94,33,229,79,0.0,1.0
Zhang Anda,Ishpreet Singh Chadha,11,0.791169923020278,0.617747874769249,491,255,3443,1761,53,30,312,164,266,134,893,495,169,83,312,164,0.0,0.5454545454545454
Mark Allen,Farakh Ajaib,11,0.9424037463647562,0.7201085268004915,1092,726,7731,4394,158,68,861,395,394,219,1223,697,103,57,309,150,0.0,0.6666666666666666
Wu Yize,Andrew Higginson,11,0.7598272122029448,0.6028848673274662,126,65,874,448,885,505,6138,3317,228,125,660,352,124,57,468,246,0.0,0.6666666666666666
Kyren Wilson,Liu Hongyu,11,0.9051381539198899,0.6862186708976811,1069,684,6811,3851,52,26,316,169,612,356,1504,880,141,71,316,169,0.0,0.6666666666666666
Gary Wilson,Dean Young,11,0.9340518464635542,0.7114629823302013,744,428,4783,2568,111,41,577,239,359,187,991,517,91,33,362,144,0.0,0.6
Robbie Williams,Stuart Carrington,11,0.577315732364891,0.5287183569514396,565,302,3619,1855,520,275,3283,1707,176,85,596,316,138,70,471,231,0.0,0.6666666666666666
Hossein Vafaei,Dylan Emery,11,0.8154560379628985,0.6300660082850182,341,206,2367,1264,132,59,750,365,223,127,890,509,168,83,476,235,0.0,0.8571428571428571
Thepchaiya Un-Nooh,Stuart Bingham,11,0.528736253433527,0.5106234010049637,575,336,3963,2119,1518,958,10511,5952,192,107,710,391,329,174,1023,544,0.0,1.0
Judd Trump,Sanderson Lam,11,0.9738783709590574,0.7640475997974661,1478,1065,10235,6191,280,111,1693,744,576,362,1797,1102,120,48,531,248,0.0,1.0
Matthew Stevens,Simon Blackwell,11,0.8165650765983749,0.6306485256510744,1138,655,8581,4648,69,35,350,183,157,79,624,330,117,63,144,75,0.0,0.5454545454545454
Yuan Sijun,Michael Holt,11,0.7739370957025349,0.6094497836283252,281,148,1788,927,1018,573,7057,3721,203,111,690,391,82,37,345,175,0.0,0.6
Xu Si,Stan Moody,11,0.6036516239508452,0.538672605206508,209,90,1330,613,66,28,389,183,181,90,541,266,164,84,353,168,0.0,0.5454545454545454
Mark Selby,Jamie Clarke,11,0.875173026227756,0.6648537304059736,1579,1078,11276,6562,343,171,2049,1015,408,230,1338,760,149,68,567,273,0.0,0.6
Noppon Saengkham,Jimmy Robertson,11,0.4847768026393152,0.4943752372926745,470,244,3204,1619,757,415,4923,2571,195,96,820,436,207,105,776,412,0.0,0.8571428571428571
Neil Robertson,Fan Zhengyi,11,0.7726748787826436,0.6088545692109504,1293,860,9461,5456,196,87,1250,582,362,224,1076,625,236,129,749,396,0.0,1.0
Jackson Page,David Gilbert,11,0.25883337782610055,0.4055240692517599,210,106,1335,661,965,568,6613,3583,195,98,629,322,317,181,883,488,0.0,0.6
Ronnie O'Sullivan,He Guoqiang,11,0.87601912592788,0.665410558746814,1539,1174,13293,8110,74,41,470,242,378,227,1204,725,197,103,387,210,0.0,0.75
Joe O'Connor,Anthony McGill,11,0.4830863402886715,0.49375032550048964,310,153,1947,976,763,454,5066,2750,275,140,755,391,123,59,675,364,0.0,0.8571428571428571
Jack Lisowski,Gong Chenzhi,11,0.8700081127630673,0.6615031592029524,811,494,5286,2895,32,17,215,111,253,139,1058,584,128,64,215,111,0.0,0.5454545454545454
Pang Junxu,Elliot Slessor,11,0.6150281018113474,0.5430183807243099,193,108,1251,656,395,198,2413,1197,332,183,868,472,308,172,737,388,0.0,0.5454545454545454
Ding Junhui,Martin O'Donnell,11,0.7532516785524059,0.5998883688639983,1004,666,7723,4392,522,266,3235,1638,243,126,974,540,212,110,518,260,0.0,0.8571428571428571
Jiang Jun,Amir Sarkhosh,11,0.7030818618963935,0.5781052328843092,39,16,270,129,39,17,248,122,177,87,270,129,77,33,123,57,0.0,0.5454545454545454
Si Jiahui,Ben Mertens,11,0.8326791118411269,0.6393398367530659,203,116,1376,741,108,50,647,323,379,216,952,521,141,68,476,241,0.0,0.6666666666666666
John Higgins,Ben Woollaston,11,0.7103328120698551,0.5811509642893937,1898,1337,14668,8642,843,476,5317,2824,489,272,1453,830,188,103,609,318,0.0,0.6
Barry Hawkins,Joe Perry,11,0.7701380681178696,0.6076631698328917,1358,848,9327,5220,1393,807,9552,5151,306,162,989,560,148,69,728,362,0.0,0.75
Lyu Haotian,Haydon Pinhey,11,0.8143426634341571,0.6294831119673949,348,177,2273,1134,116,52,617,291,186,89,740,397,128,60,354,171,0.0,0.6
Xiao Guodong,Ricky Walden,11,0.6578692364081125,0.5597136492671929,767,444,4815,2639,1176,694,7905,4322,264,144,996,531,286,147,964,509,0.0,1.0
Ryan Day,Daniel Womersley,11,0.8545431033333998,0.6519223788927313,1322,780,8723,4743,111,54,560,270,298,151,1004,522,95,44,189,93,0.0,0.6666666666666666
Ali Carter,Ross Muir,11,0.8478141344097009,0.6479408020806503,1339,825,9032,4987,295,117,1868,857,363,193,1220,677,128,55,463,215,0.0,0.5454545454545454
Zhang Anda,David Grace,11,0.798301924282246,0.6212835951910678,491,255,3443,1761,489,226,3189,1543,266,134,893,495,124,59,500,237,0.0,0.6666666666666666
Mark Allen,Aaron Hill,11,0.8326791118411269,0.6393398367530659,1092,726,7731,4394,131,60,768,369,394,219,1223,697,147,71,562,287,0.0,0.75
Kyren Wilson,Wu Yize,11,0.7947551021173549,0.6195173196470847,1069,684,6811,3851,126,65,874,448,612,356,1504,880,228,125,660,352,0.0,0.6
Gary Wilson,Robbie Williams,11,0.6778040243791852,0.5677065480733601,744,428,4783,2568,565,302,3619,1855,359,187,991,517,176,85,596,316,0.0,0.5454545454545454
Mark Williams,Thepchaiya Un-Nooh,11,0.6358774096640514,0.551071269307342,1811,1188,13214,7586,575,336,3963,2119,319,179,1101,640,192,107,710,391,0.0,0.8571428571428571
Chris Wakelin,Shaun Murphy,11,0.3736977219803135,0.45264238185691075,443,241,2815,1461,1380,907,9959,5659,344,184,916,498,327,185,999,570,0.0,0.6666666666666666
Judd Trump,Joe O'Connor,11,0.8928309665224095,0.676995856238523,1478,1065,10235,6191,310,153,1947,976,576,362,1797,1102,275,140,755,391,0.0,0.6
Xu Si,Ryan Day,11,0.424343657590278,0.4719046255916129,209,90,1330,613,1322,780,8723,4743,181,90,541,266,298,151,1004,522,0.0,0.75
Mark Selby,Noppon Saengkham,11,0.7611302793413719,0.6034832498647263,1579,1078,11276,6562,470,244,3204,1619,408,230,1338,760,195,96,820,436,0.0,0.6666666666666666
Jackson Page,Ali Carter,11,0.3072124865428505,0.42616874240839064,210,106,1335,661,1339,825,9032,4987,195,98,629,322,363,193,1220,677,0.0,0.6
Jack Lisowski,Si Jiahui,11,0.4410095569399367,0.47813894602839846,811,494,5286,2895,203,116,1376,741,253,139,1058,584,379,216,952,521,0.0,0.5454545454545454
Pang Junxu,Ronnie O'Sullivan,11,0.3390320114677981,0.43905454967528373,193,108,1251,656,1539,1174,13293,8110,332,183,868,472,378,227,1204,725,0.0,0.6
Ding Junhui,Hossein Vafaei,11,0.5872410251253013,0.5324543063873187,1004,666,7723,4392,341,206,2367,1264,243,126,974,540,223,127,890,509,0.0,1.0
Jiang Jun,Yuan Sijun,11,0.1901541391142991,0.3728522336868044,39,16,270,129,281,148,1788,927,177,87,270,129,203,111,690,391,0.0,0.6
John Higgins,Matthew Stevens,11,0.7739370957025349,0.6094497836283252,1898,1337,14668,8642,1138,655,8581,4648,489,272,1453,830,157,79,624,330,0.0,0.8571428571428571
Barry Hawkins,Neil Robertson,11,0.32068343769396374,0.4316800165217519,1358,848,9327,5220,1293,860,9461,5456,306,162,989,560,362,224,1076,625,0.0,0.8571428571428571
Lyu Haotian,Zhang Anda,11,0.3817398556921421,0.4557411415821268,348,177,2273,1134,491,255,3443,1761,186,89,740,397,266,134,893,495,0.0,0.8571428571428571
Xiao Guodong,Mark Allen,11,0.3833548191267751,0.4563613127629212,767,444,4815,2639,1092,726,7731,4394,264,144,996,531,394,219,1223,697,0.0,0.75
Gary Wilson,Mark Selby,11,0.32068343769396374,0.4316800165217519,744,428,4783,2568,1579,1078,11276,6562,359,187,991,517,408,230,1338,760,0.0,0.6666666666666666
Kyren Wilson,Barry Hawkins,11,0.7438795181694131,0.5956807306078472,1069,684,6811,3851,1358,848,9327,5220,612,356,1504,880,306,162,989,560,0.0,0.75
Chris Wakelin,Mark Williams,11,0.3483614432630792,0.44275214540144436,443,241,2815,1461,1811,1188,13214,7586,344,184,916,498,319,179,1101,640,0.0,0.6
Xu Si,Judd Trump,11,0.07641052143437196,0.29838504638459934,209,90,1330,613,1478,1065,10235,6191,181,90,541,266,576,362,1797,1102,0.0,0.6
Jackson Page,Pang Junxu,11,0.2507413833722163,0.40191313966779657,210,106,1335,661,193,108,1251,656,195,98,629,322,332,183,868,472,0.0,0.6
Ding Junhui,Jiang Jun,11,0.8734682358009771,0.6637386974043528,1004,666,7723,4392,39,16,270,129,243,126,974,540,177,87,270,129,0.0,0.6666666666666666
John Higgins,Lyu Haotian,11,0.7519246125749761,0.5992881635083561,1898,1337,14668,8642,348,177,2273,1134,489,272,1453,830,186,89,740,397,0.0,0.5454545454545454
Xiao Guodong,Jack Lisowski,11,0.5472572525240895,0.5174928576663897,767,444,4815,2639,811,494,5286,2895,264,144,996,531,253,139,1058,584,0.0,0.6666666666666666
Chris Wakelin,John Higgins,11,0.3785163845385248,0.45450121278721795,443,241,2815,1461,1898,1337,14668,8642,344,184,916,498,489,272,1453,830,0.0,0.5454545454545454
Xu Si,Gary Wilson,11,0.3221959756208151,0.43229345192664,209,90,1330,613,744,428,4783,2568,181,90,541,266,359,187,991,517,0.0,0.5454545454545454
Ding Junhui,Kyren Wilson,11,0.29255716611659427,0.4200665998114943,1004,666,7723,4392,1069,684,6811,3851,243,126,974,540,612,356,1504,880,0.0,0.6
Xiao Guodong,Jackson Page,11,0.7189179636673898,0.584797674717737,767,444,4815,2639,210,106,1335,661,264,144,996,531,195,98,629,322,0.0,0.6
Chris Wakelin,Xiao Guodong,17,0.48331265400893164,0.4950001666600003,443,241,2815,1461,767,444,4815,2639,344,184,916,498,264,144,996,531,0.0,0.5294117647058824
Ding Junhui,Xu Si,17,0.8121554723290816,0.6046790847140093,1004,666,7723,4392,209,90,1330,613,243,126,974,540,181,90,541,266,0.0,0.6
Ding Junhui,Chris Wakelin,19,0.5679362049414082,0.519365308229932,1004,666,7723,4392,443,241,2815,1461,243,126,974,540,344,184,916,498,0.0,0.5882352941176471
Xing Zihao,Manasawin Phetmalaikul,7,0.7513122476997512,0.6218716423074662,37,14,232,104,62,18,350,135,132,60,232,104,94,27,205,75,0.0,0.5714285714285714
Wang Yuchen,Liam Davies,7,0.6184015843393024,0.5547792351072148,105,40,658,284,53,25,313,145,106,54,190,105,116,54,287,135,0.0,0.5714285714285714
Dean Young,Daniel Womersley,7,0.45362731252530075,0.4787627850337259,113,42,598,249,113,55,577,279,112,43,383,154,112,53,206,102,0.0,0.6666666666666666
Jimmy White,Hatem Yassen,7,0.8115488427624657,0.6570104626734988,1582,847,13125,6769,15,0,87,10,117,45,416,167,0,0,0,0,0.0,0.8
Alexander Ursenbacher,Michael Holt,7,0.5354968818114487,0.5162442810620724,290,131,1755,842,1020,574,7078,3731,140,69,427,209,103,47,366,185,0.0,0.5714285714285714
Allan Taylor,Anton Kazakov,7,0.786152249899794,0.6416424532015634,455,208,2683,1284,52,10,302,101,171,87,461,207,106,42,280,92,0.0,1.0
Haris Tahir,Hammad Miah,7,0.32096653442831036,0.4158094770645927,22,12,136,65,296,118,1892,854,111,53,136,65,117,47,443,200,0.0,0.5714285714285714
Zak Surety,Jack Borwick,7,0.8576412839544288,0.6878313305828404,262,120,1513,725,12,4,55,22,178,92,526,261,18,7,55,22,0.0,1.0
Ishpreet Singh Chadha,Ahmed Aly Elsayed,7,0.9162378856649652,0.7364309317009723,54,30,323,169,25,0,126,19,180,88,323,169,79,14,126,19,0.0,0.5714285714285714
Amir Sarkhosh,Duane Jones,7,0.3148993834727192,0.4127763091606651,41,18,268,133,334,150,1995,969,97,44,143,68,141,68,433,205,0.0,0.6666666666666666
Bulcsú Révész,Yulu Bai,7,0.7534472409879828,0.6230466603666162,28,13,191,92,16,3,110,36,140,69,191,92,57,15,110,36,0.0,0.8
Andrew Pagett,Dylan Emery,7,0.39996961044138163,0.4538814589542204,354,153,2265,1060,134,60,766,372,159,70,432,175,184,90,492,242,0.0,0.5714285714285714
Stan Moody,Iulian Boiko,7,0.6466907800352545,0.5683199834782481,68,29,408,194,112,42,630,273,183,95,372,179,153,71,396,196,0.0,0.6666666666666666
Ben Mertens,Robbie Mcguigan,7,0.7371828058525272,0.6141996427768951,110,51,666,332,74,26,355,152,160,77,495,250,78,32,219,95,0.0,1.0
Oliver Lines,Ayaan Iqbal,7,0.8819896948101545,0.706303891936407,390,189,2344,1146,2,0,9,1,180,82,552,266,0,0,9,1,0.0,0.8
Peifan Lei,Haydon Pinhey,7,0.5947357972115818,0.5436386872370789,126,59,746,355,118,53,635,301,120,59,349,164,146,70,372,181,0.0,0.5714285714285714
Julien Leclercq,Alfie Burden,7,0.4119083649163239,0.4594641607262107,78,33,435,199,817,423,5794,2937,142,60,360,161,147,70,472,220,0.0,0.6666666666666666
Antoni Kowalski,Gong Chenzhi,7,0.4039387802743521,0.4557411415821268,50,25,273,136,34,18,236,122,116,56,149,76,149,75,236,122,0.0,0.6666666666666666
Cheung Ka Wai,Kreishh Gurbaxani,7,0.67536846283006,0.5823675407280794,35,20,207,117,29,10,164,74,101,47,207,117,100,45,141,64,0.0,1.0
Jiang Jun,Chris Totten,7,0.6555229391190917,0.5726080638632601,43,19,309,150,106,38,610,248,216,108,309,150,136,70,224,117,0.0,1.0
Huang Jiahao,Artemijs Zizins,7,0.35077688766853815,0.43045377606077095,35,11,195,79,20,11,112,58,56,15,92,39,112,58,112,58,0.0,0.6666666666666666
Liu Hongyu,Reanne Evans,7,0.9266101533502596,0.7469667935196899,54,27,336,178,220,61,1237,463,161,80,336,178,81,16,286,76,0.0,0.8
Andrew Higginson,Paul Deaville,7,0.721490850613204,0.6058736684317606,887,506,6158,3326,33,17,165,82,144,66,488,255,104,54,133,69,0.0,0.6666666666666666
Louis Heathcote,Joshua Thomond,7,0.8160262378047215,0.6598217549720575,212,99,1242,608,80,34,427,203,213,109,561,274,91,38,178,85,0.0,1.0
Ma Hailong,Siripaporn Nuanthakhamjan,7,0.8832805083358919,0.707340014518073,47,17,305,138,24,0,141,27,170,83,305,138,73,12,141,27,0.0,1.0
Mostafa Dorgham,Liam Pullen,7,0.3776967488123118,0.44336904007774663,27,5,178,57,56,25,338,156,122,45,168,57,123,54,296,134,0.0,0.5714285714285714
Thor Chuan Leong,Mitchell Mann,7,0.6261916833783177,0.5584811124381613,194,72,1213,540,386,174,2327,1094,159,77,300,154,92,43,297,130,0.0,0.6666666666666666
Ashley Carty,Jonas Luz,7,0.8133483117002799,0.6581363150480182,288,134,1687,827,3,1,17,6,153,75,400,196,17,6,17,6,0.0,1.0
Stuart Carrington,Mink Nutcharut,7,0.8598606169693392,0.6894394530607736,522,276,3302,1716,50,5,287,85,157,79,490,240,93,27,286,85,0.0,0.8
Ian Burns,Simon Blackwell,7,0.5854263042586716,0.5392938058983595,505,245,3178,1572,71,36,372,194,133,58,473,216,139,74,166,86,0.0,0.8
Farakh Ajaib,Liam Graham,7,0.7349708541108757,0.6130141761393355,159,68,870,398,57,17,314,119,112,60,318,153,100,33,235,79,0.0,0.6666666666666666
Xing Zihao,Anthony Hamilton,7,0.34573343118721134,0.42800386706848137,37,14,232,104,1057,598,7739,4073,132,60,232,104,149,75,522,255,0.0,0.8
Fan Zhengyi,Andrew Higginson,7,0.661777191191235,0.5756643510425494,198,88,1265,588,887,506,6158,3326,251,135,764,402,144,66,488,255,0.0,1.0
Long Zehuang,Liu Hongyu,7,0.5204982038546295,0.5093739015216607,82,41,469,238,54,27,336,178,204,112,310,160,161,80,336,178,0.0,0.6666666666666666
Dean Young,Thepchaiya Un-Nooh,7,0.10089547992679018,0.2793878699891294,113,42,598,249,578,338,3986,2132,112,43,383,154,215,120,733,404,0.0,0.5714285714285714
Robbie Williams,Zak Surety,7,0.5558590476581076,0.5256025883246178,568,304,3648,1872,262,120,1513,725,205,102,625,333,178,92,526,261,0.0,0.6666666666666666
Daniel Wells,Thor Chuan Leong,7,0.6339273074659068,0.5621765008857981,533,267,3505,1757,194,72,1213,540,184,92,582,321,159,77,300,154,0.0,1.0
Ricky Walden,Huang Jiahao,7,0.8719653706122326,0.6984652160025387,1178,695,7921,4328,35,11,195,79,302,153,980,515,56,15,92,39,0.0,0.6666666666666666
Alexander Ursenbacher,Ben Woollaston,7,0.34825159011302903,0.4292283881055083,290,131,1755,842,845,477,5337,2834,140,69,427,209,208,113,629,328,0.0,0.5714285714285714
Ishpreet Singh Chadha,Sanderson Lam,7,0.5880916350836762,0.5405358392737893,54,30,323,169,282,112,1710,750,180,88,323,169,137,54,548,254,0.0,0.6666666666666666
Yuan Sijun,Bulcsú Révész,7,0.8124499949726253,0.6575736106164225,284,150,1815,943,28,13,191,92,230,127,717,407,140,69,191,92,0.0,0.6666666666666666
Xu Si,Andrew Pagett,7,0.7534472409879828,0.6230466603666162,215,95,1396,649,354,153,2265,1060,247,126,607,302,159,70,432,175,0.0,0.8
Matthew Selt,Cheung Ka Wai,7,0.7910094256982455,0.6445115537062945,891,485,5747,2994,35,20,207,117,243,126,994,509,101,47,207,117,0.0,1.0
Jimmy Robertson,Ben Mertens,7,0.6454220086166967,0.5677065480733601,759,416,4941,2578,110,51,666,332,225,112,794,419,160,77,495,250,0.0,0.6666666666666666
Jackson Page,Jimmy White,7,0.792932804884019,0.6456563062257954,215,110,1383,689,1582,847,13125,6769,243,126,677,350,117,45,416,167,0.0,0.8
Stan Moody,Tian Pengfei,7,0.45091379157772826,0.4775151752081999,68,29,408,194,574,315,3761,1980,183,95,372,179,174,89,541,270,0.0,0.6666666666666666
Anthony McGill,Allan Taylor,7,0.7146198510727906,0.6022861768886306,765,455,5080,2757,455,208,2683,1284,137,66,689,371,171,87,461,207,0.0,0.6666666666666666
David Lilley,Haris Tahir,7,0.7338611162888773,0.6124209393479161,269,134,1600,801,22,12,136,65,197,96,556,269,111,53,136,65,0.0,0.8
Peifan Lei,Dominic Dale,7,0.44820271004203943,0.4762678458734389,126,59,746,355,1123,624,7767,4083,120,59,349,164,198,98,559,277,0.0,0.8
Julien Leclercq,Jamie Clarke,7,0.3558484820461031,0.4329070950345457,78,33,435,199,345,172,2068,1025,142,60,360,161,168,78,586,283,0.0,0.5714285714285714
Antoni Kowalski,Joe Perry,7,0.2830802923189607,0.3965167501352737,50,25,273,136,1395,808,9567,5159,116,56,149,76,163,77,743,370,0.0,0.5714285714285714
Jamie Jones,Oliver Lines,7,0.47404295972292854,0.4881272322437472,682,400,4464,2398,390,189,2344,1146,159,76,707,360,180,82,552,266,0.0,0.5714285714285714
Lyu Haotian,Wang Yuchen,7,0.7608368593181393,0.6271477663131956,352,180,2312,1157,105,40,658,284,225,112,779,420,106,54,190,105,0.0,0.5714285714285714
Ma Hailong,Matthew Stevens,7,0.32831469717042555,0.41945769517934034,47,17,305,138,1141,657,8605,4661,170,83,305,138,181,92,648,343,0.0,0.8
He Guoqiang,Louis Heathcote,7,0.5164013295642876,0.5074994375506203,76,42,485,250,212,99,1242,608,212,111,402,218,213,109,561,274,0.0,1.0
David Grace,Ashley Carty,7,0.48906395814377107,0.4950001666600003,491,227,3206,1552,288,134,1687,827,141,68,517,246,153,75,400,196,0.0,0.8
Graeme Dott,Jiang Jun,7,0.5920814957526257,0.542397940774351,1192,695,8538,4589,43,19,309,150,183,95,706,370,216,108,309,150,0.0,0.6666666666666666
Scott Donaldson,Amir Sarkhosh,7,0.8115488427624657,0.6570104626734988,502,266,3217,1640,41,18,268,133,178,93,675,349,97,44,143,68,0.0,0.5714285714285714
Mark Davis,Ross Muir,7,0.7053268662779104,0.5974857658270161,1326,788,9106,4952,297,118,1887,868,184,103,566,288,147,66,482,226,0.0,1.0
Stuart Carrington,Aaron Hill,7,0.45091379157772826,0.4775151752081999,522,276,3302,1716,133,61,784,377,157,79,490,240,163,79,578,295,0.0,0.8
Ian Burns,Martin O'Donnell,7,0.37251518031789344,0.440902528097607,505,245,3178,1572,524,267,3250,1645,133,58,473,216,227,117,533,267,0.0,0.6666666666666666
Jordan Brown,Mostafa Dorgham,7,0.7881034579959058,0.6427913242407762,347,177,2141,1066,27,5,178,57,187,86,805,404,122,45,168,57,0.0,0.6666666666666666
Farakh Ajaib,Elliot Slessor,7,0.19668889549157575,0.3480776211072687,159,68,870,398,397,199,2433,1208,112,60,318,153,328,183,757,399,0.0,0.8
Long Zehuang,Gary Wilson,7,0.358394567903784,0.4341349971045183,82,41,469,238,749,432,4833,2597,204,112,310,160,409,216,1041,546,0.0,0.6666666666666666
Zhou Yuelong,Yuan Sijun,7,0.44143655006080335,0.4731508513108857,513,302,3239,1743,284,150,1815,943,188,89,931,490,230,127,717,407,0.0,0.8
Dean Young,Pang Junxu,7,0.08937032126906178,0.2689414213699951,113,42,598,249,197,111,1289,678,112,43,383,154,370,205,906,494,0.0,0.6666666666666666
Wu Yize,Farakh Ajaib,7,0.8160262378047215,0.6598217549720575,129,67,903,464,159,68,870,398,257,141,689,368,112,60,318,153,0.0,0.8
Kyren Wilson,David Grace,7,0.8979493413023324,0.7196043690484492,1074,688,6854,3879,491,227,3206,1552,655,384,1547,908,141,68,517,246,0.0,1.0
Chris Wakelin,Scott Donaldson,7,0.660530062626431,0.5750535485557879,449,246,2887,1501,502,266,3217,1640,416,224,988,538,178,93,675,349,0.0,1.0
Mark Selby,Stuart Carrington,7,0.7976923211673973,0.6485108747389209,1583,1081,11313,6583,522,276,3302,1716,445,251,1375,781,157,79,490,240,0.0,1.0
Noppon Saengkham,Ricky Walden,7,0.549086208422272,0.5224848247918001,473,246,3229,1634,1178,695,7921,4328,220,111,845,451,302,153,980,515,0.0,0.5714285714285714
Neil Robertson,Fan Zhengyi,7,0.7426684543010009,0.6171573626529722,1296,862,9481,5469,198,88,1265,588,382,237,1096,638,251,135,764,402,0.0,0.8
Jackson Page,Robert Milkins,7,0.6364932182719292,0.5634067862621936,215,110,1383,689,1145,658,7939,4230,243,126,677,350,197,84,980,488,0.0,0.6666666666666666
Joe O'Connor,Lyu Haotian,7,0.5027343522137269,0.5012499973958399,313,155,1971,992,352,180,2312,1157,299,156,779,407,225,112,779,420,0.0,0.8
Shaun Murphy,Daniel Wells,7,0.7157709624772323,0.6028848673274662,1382,908,9978,5668,533,267,3505,1757,346,194,1018,579,184,92,582,321,0.0,1.0
Stephen Maguire,Matthew Selt,7,0.476771798023094,0.4893765989950364,1214,783,8860,4971,891,485,5747,2994,234,123,729,386,243,126,994,509,0.0,1.0
Jack Lisowski,Jordan Brown,7,0.7064965786766507,0.5980868603322034,815,497,5328,2916,347,177,2141,1066,295,160,1100,605,187,86,805,404,0.0,1.0
Peifan Lei,Hossein Vafaei,7,0.29000807657290884,0.40011163113600173,126,59,746,355,344,208,2390,1276,120,59,349,164,246,139,913,521,0.0,0.8
Ding Junhui,Mark Davis,7,0.7076639986592218,0.598687660112452,1011,673,7793,4441,1326,788,9106,4952,313,175,1044,589,184,103,566,288,0.0,1.0
Jak Jones,Jamie Jones,7,0.6403298636636867,0.5652507475670999,413,205,2718,1309,682,400,4464,2398,372,206,881,476,159,76,707,360,0.0,0.8
Si Jiahui,Ma Hailong,7,0.7976923211673973,0.6485108747389209,206,118,1406,758,47,17,305,138,409,233,982,538,170,83,305,138,0.0,0.8
John Higgins,Ian Burns,7,0.8561477589533566,0.6867567266439019,1903,1341,14714,8671,505,245,3178,1572,535,301,1499,859,133,58,473,216,0.0,0.6666666666666666
Barry Hawkins,Alexander Ursenbacher,7,0.7587387600845145,0.6259778577666038,1362,851,9357,5240,290,131,1755,842,336,182,1019,580,140,69,427,209,0.0,0.6666666666666666
Xiao Guodong,Xu Si,7,0.6946979044907379,0.5920629281648192,773,449,4874,2677,215,95,1396,649,323,182,1055,569,247,126,607,302,0.0,0.8
Tom Ford,Antoni Kowalski,7,0.7502408354966205,0.6212835951910678,951,539,6479,3445,50,25,273,136,236,107,969,501,116,56,149,76,0.0,0.6666666666666666
Ryan Day,Anthony McGill,7,0.4645031181885513,0.48375571893792757,1325,782,8751,4757,765,455,5080,2757,326,165,1032,536,137,66,689,371,0.0,0.8
Ali Carter,Graeme Dott,7,0.6492231123314619,0.569546223939229,1342,827,9060,5003,1192,695,8538,4589,391,209,1248,693,183,95,706,370,0.0,0.6666666666666666
Luca Brecel,Julien Leclercq,7,0.7919725105475417,0.645084137572727,653,379,4380,2365,78,33,435,199,181,90,892,482,142,60,360,161,0.0,0.5714285714285714
Stuart Bingham,Jimmy Robertson,7,0.6026704349193375,0.5473576181430894,1520,959,10523,5958,759,416,4941,2578,341,180,1035,550,225,112,794,419,0.0,1.0
Zhang Anda,Stan Moody,7,0.6887157040547041,0.5890404340586651,494,257,3470,1774,68,29,408,194,293,147,920,508,183,95,372,179,0.0,0.5714285714285714
Mark Allen,He Guoqiang,7,0.7555717519931018,0.6242202334972642,1095,728,7756,4408,76,42,485,250,419,233,1248,711,212,111,402,218,0.0,0.8
Xing Zihao,Dean Young,7,0.5867595016023184,0.5399148845555657,37,14,232,104,113,42,598,249,132,60,232,104,112,43,383,154,0.0,0.5714285714285714
Long Zehuang,Joe O'Connor,7,0.3946945160108152,0.4514038914168657,82,41,469,238,313,155,1971,992,204,112,310,160,299,156,779,407,0.0,0.5714285714285714
Wu Yize,Ishpreet Singh Chadha,7,0.721490850613204,0.6058736684317606,129,67,903,464,54,30,323,169,257,141,689,368,180,88,323,169,0.0,0.6666666666666666
Chris Wakelin,Zhang Anda,7,0.6053054839891849,0.5485961085831343,449,246,2887,1501,494,257,3470,1774,416,224,988,538,293,147,920,508,0.0,0.6666666666666666
Noppon Saengkham,Mark Selby,7,0.3234078367146668,0.4170245457988005,473,246,3229,1634,1583,1081,11313,6583,220,111,845,451,445,251,1375,781,0.0,0.6666666666666666
Stephen Maguire,Kyren Wilson,7,0.20802748945245855,0.3549158624272731,1214,783,8860,4971,1074,688,6854,3879,234,123,729,386,655,384,1547,908,0.0,0.6666666666666666
Jack Lisowski,Si Jiahui,7,0.43738543058720863,0.4712816430485603,815,497,5328,2916,206,118,1406,758,295,160,1100,605,409,233,982,538,0.0,1.0
Peifan Lei,Shaun Murphy,7,0.18755000502737473,0.3424263893835775,126,59,746,355,1382,908,9978,5668,120,59,349,164,346,194,1018,579,0.0,0.5714285714285714
Ding Junhui,Jackson Page,7,0.7169197076810394,0.6034832498647263,1011,673,7793,4441,215,110,1383,689,313,175,1044,589,243,126,677,350,0.0,0.6666666666666666
Barry Hawkins,John Higgins,7,0.43199486323846364,0.46879062662624377,1362,851,9357,5240,1903,1341,14714,8671,336,182,1019,580,535,301,1499,859,0.0,0.5714285714285714
Xiao Guodong,Jak Jones,7,0.6300664956451868,0.5603296426885532,773,449,4874,2677,413,205,2718,1309,323,182,1055,569,372,206,881,476,0.0,0.5714285714285714
Tom Ford,Neil Robertson,7,0.19026196310320587,0.3441171587921863,951,539,6479,3445,1296,862,9481,5469,236,107,969,501,382,237,1096,638,0.0,0.8
Ali Carter,Robbie Williams,7,0.6287764284690306,0.5597136492671929,1342,827,9060,5003,568,304,3648,1872,391,209,1248,693,205,102,625,333,0.0,0.5714285714285714
Luca Brecel,Zhou Yuelong,7,0.534135239137421,0.5156199157230156,653,379,4380,2365,513,302,3239,1743,181,90,892,482,188,89,931,490,0.0,0.8
Stuart Bingham,David Lilley,7,0.7382850049697135,0.6147918694922195,1520,959,10523,5958,269,134,1600,801,341,180,1035,550,197,96,556,269,0.0,0.6666666666666666
Mark Allen,Ryan Day,7,0.728275111254584,0.6094497836283252,1095,728,7756,4408,1325,782,8751,4757,419,233,1248,711,326,165,1032,536,0.0,0.6666666666666666
Wu Yize,Barry Hawkins,7,0.4119083649163239,0.4594641607262107,129,67,903,464,1362,851,9357,5240,257,141,689,368,336,182,1019,580,0.0,0.5714285714285714
Chris Wakelin,Xing Zihao,7,0.8733372031383986,0.6995172276624274,449,246,2887,1501,37,14,232,104,416,224,988,538,132,60,232,104,0.0,0.8
Noppon Saengkham,Ali Carter,7,0.43199486323846364,0.46879062662624377,473,246,3229,1634,1342,827,9060,5003,220,111,845,451,391,209,1248,693,0.0,0.6666666666666666
Peifan Lei,Stuart Bingham,7,0.26613888371112276,0.38757906065208403,126,59,746,355,1520,959,10523,5958,120,59,349,164,341,180,1035,550,0.0,0.5714285714285714
Xiao Guodong,Stephen Maguire,7,0.6592810606298003,0.574442516811659,773,449,4874,2677,1214,783,8860,4971,323,182,1055,569,234,123,729,386,0.0,0.8
Tom Ford,Long Zehuang,7,0.4945314322857424,0.49750002083312506,951,539,6479,3445,82,41,469,238,236,107,969,501,204,112,310,160,0.0,0.8
Luca Brecel,Ding Junhui,7,0.3029244926392998,0.4067300078928128,653,379,4380,2365,1011,673,7793,4441,181,90,892,482,313,175,1044,589,0.0,0.5714285714285714
Mark Allen,Jack Lisowski,7,0.641605432096216,0.5658650028954817,1095,728,7756,4408,815,497,5328,2916,419,233,1248,711,295,160,1100,605,0.0,0.5714285714285714
Wu Yize,Chris Wakelin,9,0.3966551741416371,0.45760205922564895,129,67,903,464,449,246,2887,1501,257,141,689,368,416,224,988,538,0.0,0.5555555555555556
Peifan Lei,Tom Ford,9,0.4026018402868163,0.46008511544443426,126,59,746,355,951,539,6479,3445,120,59,349,164,236,107,969,501,0.0,0.5555555555555556
Xiao Guodong,Luca Brecel,9,0.6541595421142608,0.5640216374262577,773,449,4874,2677,653,379,4380,2365,323,182,1055,569,181,90,892,482,0.0,0.8333333333333334
Mark Allen,Noppon Saengkham,9,0.7035360054960305,0.5860112044388707,1095,728,7756,4408,473,246,3229,1634,419,233,1248,711,220,111,845,451,0.0,0.7142857142857143
Wu Yize,Xiao Guodong,11,0.37049662168977815,0.4514038914168657,129,67,903,464,773,449,4874,2677,257,141,689,368,323,182,1055,569,0.0,0.6
Peifan Lei,Mark Allen,11,0.13086748329031234,0.33905685844083716,126,59,746,355,1095,728,7756,4408,120,59,349,164,419,233,1248,711,0.0,0.5454545454545454
Peifan Lei,Wu Yize,17,0.18506981385566992,0.3941263315682394,126,59,746,355,129,67,903,464,120,59,349,164,257,141,689,368,0.0,0.6428571428571429
Kyren Wilson,Luca Brecel,7,0.7650010839038448,0.6294831119673949,1076,689,6864,3885,657,382,4405,2378,665,390,1557,914,206,103,917,495,0.0,0.8
Mark Williams,Yulu Bai,7,0.9782403788614912,0.8231010048547057,1814,1190,13237,7602,17,3,115,37,342,195,1124,656,62,16,115,37,0.0,0.8
Judd Trump,Ding Junhui,7,0.6157933128709394,0.5535439031511183,1482,1068,10268,6213,1014,675,7810,4452,609,384,1830,1124,330,186,1061,600,0.0,1.0
Mark Selby,Shaun Murphy,7,0.5,0.5,1585,1082,11323,6589,1384,909,9989,5675,455,257,1385,787,357,201,1029,586,0.0,0.6666666666666666
Neil Robertson,Ali Carter,7,0.6802510445614828,0.584797674717737,1298,863,9491,5474,1345,829,9079,5013,392,242,1106,643,410,219,1267,703,0.0,0.5714285714285714
Jak Jones,Gary Wilson,7,0.4986328153483015,0.4993750003255206,415,206,2730,1316,750,432,4839,2599,384,213,893,483,415,218,1047,548,0.0,0.6666666666666666
Xiao Guodong,Ronnie O'Sullivan,7,0.44143655006080335,0.4731508513108857,778,453,4907,2698,1542,1176,13320,8126,356,203,1088,590,405,243,1231,741,0.0,0.5714285714285714
Mark Allen,Igor Figueiredo,7,0.843794955427504,0.6780882495516275,1100,732,7792,4430,153,70,1058,487,455,255,1284,733,0,0,0,0,0.0,0.6666666666666666
Mark Williams,Kyren Wilson,11,0.4127589748746987,0.4675456936126812,1814,1190,13237,7602,1076,689,6864,3885,342,195,1124,656,665,390,1557,914,0.0,0.5454545454545454
Neil Robertson,Judd Trump,11,0.36889955341758146,0.45078487089866653,1298,863,9491,5474,1482,1068,10268,6213,392,242,1106,643,609,384,1830,1124,0.0,0.6
Xiao Guodong,Mark Selby,11,0.5135324497330043,0.5049998333399998,778,453,4907,2698,1585,1082,11323,6589,356,203,1088,590,455,257,1385,787,0.0,0.5454545454545454
Mark Allen,Jak Jones,11,0.6762884110738897,0.5670929049654543,1100,732,7792,4430,415,206,2730,1316,455,255,1284,733,384,213,893,483,0.0,0.6
Mark Williams,Neil Robertson,11,0.49830811075590464,0.4993750003255206,1814,1190,13237,7602,1298,863,9491,5474,342,195,1124,656,392,242,1106,643,0.0,0.75
Xiao Guodong,Mark Allen,11,0.5,0.5,778,453,4907,2698,1100,732,7792,4430,356,203,1088,590,455,255,1284,733,0.0,0.6666666666666666
Mark Williams,Xiao Guodong,19,0.5895167798293791,0.5256025883246178,1814,1190,13237,7602,778,453,4907,2698,342,195,1124,656,356,203,1088,590,0.0,0.625
Artemijs Zizins,Mark Joyce,11,0.24807538742502389,0.40071183649164394,21,11,118,60,644,329,4451,2236,118,60,118,60,144,75,468,232,0.0,0.8571428571428571
Wang Yuchen,Lewis Ullah,11,0.7663020508102693,0.6058736684317606,107,41,672,291,33,14,188,86,120,61,204,112,50,26,135,69,0.0,0.75
Hatem Yassen,Mink Nutcharut,11,0.3833548191267751,0.4563613127629212,16,0,92,11,51,5,292,86,5,1,5,1,98,28,291,86,0.0,1.0
Zhao Xintong,Akani Songsermsawad,11,0.6747697440949106,0.5664790559676278,361,210,2309,1279,238,128,1562,809,0,0,359,209,107,66,266,147,0.0,0.6666666666666666
Jimmy White,Paul Deaville,11,0.5938261596175556,0.5349429451582145,1584,848,13135,6774,34,17,171,84,127,50,426,172,110,56,139,71,0.0,0.75
Alexander Ursenbacher,Joshua Cooper,11,0.8743227316892204,0.6642964428999887,293,133,1775,852,71,29,370,170,160,79,447,219,66,31,117,53,0.0,0.8571428571428571
Chris Totten,Ryan Davies,11,0.5067672397621659,0.5024999791668749,107,38,614,248,63,32,311,160,140,70,228,117,38,22,155,78,0.0,0.75
Haris Tahir,Craig Steadman,11,0.26293160309896446,0.40733340004593027,24,13,148,70,584,308,3746,1932,123,58,148,70,30,18,323,155,0.0,0.6666666666666666
Oliver Sykes,Ben Mertens,11,0.18565733656584305,0.3705168880326052,15,6,87,41,112,52,676,338,41,18,82,40,170,83,505,256,0.0,0.6
Zak Surety,Simon Blackwell,11,0.7287693737217769,0.5890404340586651,264,121,1523,731,72,36,377,195,188,98,536,267,144,75,171,87,0.0,0.6
Mohammed Shehab,Dean Young,11,0.5855906534878264,0.5318318894162242,81,32,614,291,117,45,624,264,66,28,66,28,138,58,409,169,0.0,0.6
Amir Sarkhosh,Anton Kazakov,11,0.7637242856370643,0.6046790847140093,43,19,281,140,53,10,306,101,110,51,156,75,110,42,284,92,0.0,0.8571428571428571
Liam Pullen,Joshua Thomond,11,0.6246982988374079,0.5467381519846138,57,25,345,159,81,34,431,203,130,57,303,137,95,38,182,85,0.0,0.6666666666666666
Manasawin Phetmalaikul,Andres Petrov,11,0.3252302559050892,0.43352094403237207,63,18,357,138,70,24,431,179,101,30,212,78,73,34,294,113,0.0,0.6
Florian Nüßle,Jonas Luz,11,0.8154560379628985,0.6300660082850182,78,36,415,213,4,1,21,6,52,27,199,117,21,6,21,6,0.0,0.8571428571428571
Robbie Mcguigan,Habib Subah Humood,11,0.6500741151186586,0.5566309599222533,75,26,359,152,3,0,14,2,82,32,223,95,5,1,14,2,0.0,0.6666666666666666
Mitchell Mann,Andrew Pagett,11,0.49154118819100323,0.4968750406894683,387,174,2333,1096,356,154,2277,1065,98,45,303,132,171,75,444,180,0.0,0.6666666666666666
Peifan Lei,Vladislav Gradinari,11,0.9023444933799599,0.6840614456522569,134,67,811,395,14,8,68,38,185,99,414,204,40,21,68,38,0.0,1.0
Antoni Kowalski,Igor Figueiredo,11,0.34992588488134135,0.44336904007774663,53,27,292,146,154,70,1064,489,135,66,168,86,6,2,6,2,0.0,0.6
Cheung Ka Wai,Harvey Chandler,11,0.5101502252807347,0.5037499296890819,37,21,215,121,98,37,556,249,109,51,215,121,33,19,104,58,0.0,0.8571428571428571
Duane Jones,Ryan Thomerson,11,0.8801869380453571,0.6681877721681662,335,150,2001,971,73,18,436,162,147,70,439,207,52,19,233,78,0.0,0.6666666666666666
Michael Holt,Steven Hallworth,11,0.5270486726982949,0.5099986668799655,1021,574,7085,3734,229,108,1237,593,110,50,373,188,40,22,309,153,0.0,0.6666666666666666
Kreishh Gurbaxani,Allan Taylor,11,0.2064357034054066,0.38107214519980964,30,10,168,74,457,209,2693,1290,104,45,145,64,181,93,471,213,0.0,0.6
Liam Graham,Siripaporn Nuanthakhamjan,11,0.6942681409008947,0.574442516811659,58,17,320,121,25,0,145,27,106,35,241,81,77,12,145,27,0.0,1.0
Dylan Emery,Andrew Higginson,11,0.44770833132354415,0.4806346917700681,135,60,773,375,889,507,6168,3330,191,93,499,245,154,70,498,259,0.0,0.75
Mostafa Dorgham,Huang Jiahao,11,0.5084588118089964,0.5031249593105316,29,6,191,63,37,12,207,85,135,51,181,63,68,21,104,45,0.0,0.6
Liam Davies,Ahmed Aly Elsayed,11,0.8526421514898557,0.6507869207968349,54,25,320,148,26,0,133,22,123,57,294,138,86,17,133,22,0.0,0.6666666666666666
Gong Chenzhi,Daniel Womersley,11,0.6069119338528444,0.5399148845555657,35,18,242,124,114,55,583,281,155,77,242,124,118,55,212,104,0.0,0.75
Iulian Boiko,Bulcsú Révész,11,0.48815855151692544,0.4956251116502266,113,42,636,275,30,14,202,98,159,73,402,198,151,75,202,98,0.0,0.6666666666666666
Yulu Bai,Farakh Ajaib,11,0.17152223634673677,0.3629692055196168,18,3,120,38,162,70,886,407,67,17,120,38,128,69,334,162,0.0,0.6
Artemijs Zizins,David Grace,11,0.2796637232395578,0.4145954308705349,21,11,118,60,493,228,3215,1556,118,60,118,60,150,72,526,250,0.0,0.6666666666666666
Xing Zihao,Mitchell Mann,11,0.5304232964200277,0.5112481019468548,41,17,256,117,387,174,2333,1096,156,73,256,117,98,45,303,132,0.0,0.6
Long Zehuang,Liam Graham,11,0.9340518464635542,0.7114629823302013,86,44,493,251,58,17,320,121,228,125,334,173,106,35,241,81,0.0,0.6666666666666666
Wang Yuchen,Mark Davis,11,0.20169807571775378,0.37871640480893215,107,41,672,291,1328,789,9114,4956,120,61,204,112,192,107,574,292,0.0,0.5454545454545454
Zhao Xintong,Jiang Jun,11,0.8087108492997335,0.6265629971237182,361,210,2309,1279,45,20,319,156,0,0,359,209,226,114,319,156,0.0,0.75
Daniel Wells,Haris Tahir,11,0.8810080120634379,0.668741821102192,535,268,3513,1761,24,13,148,70,192,96,590,325,123,58,148,70,0.0,0.6
Chris Totten,Tian Pengfei,11,0.22606290429746534,0.3905502163716748,107,38,614,248,575,315,3767,1982,140,70,228,117,180,91,547,272,0.0,0.5454545454545454
Oliver Sykes,Stuart Carrington,11,0.16732088815887303,0.36066016324693406,15,6,87,41,525,278,3316,1724,41,18,82,40,171,87,504,248,0.0,0.6666666666666666
Matthew Stevens,Manasawin Phetmalaikul,11,0.9390757834356045,0.7165678145577145,1142,657,8610,4662,63,18,357,138,186,93,653,344,101,30,212,78,0.0,0.6
Joe Perry,Hatem Yassen,11,0.9523045798957671,0.7315498244408544,1396,808,9574,5162,16,0,92,11,170,80,750,373,5,1,5,1,0.0,0.75
Florian Nüßle,Jordan Brown,11,0.41606129493296945,0.46879062662624377,78,36,415,213,349,178,2151,1070,52,27,199,117,197,90,815,408,0.0,0.75
Ross Muir,Jimmy White,11,0.6279039800050926,0.5479769376367963,298,118,1891,868,1584,848,13135,6774,151,66,486,226,127,50,426,172,0.0,0.6
Stan Moody,Duane Jones,11,0.5756563424097221,0.528095374408387,71,31,427,205,335,150,2001,971,202,106,391,190,147,70,439,207,0.0,0.6666666666666666
Oliver Lines,Dylan Emery,11,0.6625131348293405,0.5615610703361955,392,190,2356,1153,135,60,773,375,192,89,564,273,191,93,499,245,0.0,0.6666666666666666
David Lilley,Liam Davies,11,0.7438795181694131,0.5956807306078472,271,135,1611,807,54,25,320,148,208,102,567,275,123,57,294,138,0.0,0.75
Peifan Lei,Hammad Miah,11,0.7492586166277835,0.5980868603322034,134,67,811,395,297,118,1899,857,185,99,414,204,124,50,450,203,0.0,0.75
Julien Leclercq,Graeme Dott,11,0.2796637232395578,0.4145954308705349,81,35,455,210,1194,696,8550,4595,162,71,380,172,195,101,718,376,0.0,0.6
Sanderson Lam,Haydon Pinhey,11,0.5016918892440952,0.5006249996744794,283,112,1716,752,119,53,642,304,143,56,554,256,153,73,379,184,0.0,0.6666666666666666
Antoni Kowalski,Anthony Hamilton,11,0.30425453460889845,0.424946451444212,53,27,292,146,1058,598,7744,4074,135,66,168,86,154,76,527,256,0.0,0.6666666666666666
Liu Hongyu,Kreishh Gurbaxani,11,0.8834463881170871,0.6704011598088686,56,28,347,184,30,10,168,74,172,86,347,184,104,45,145,64,0.0,0.8571428571428571
Michael Holt,Ishpreet Singh Chadha,11,0.5135324497330043,0.5049998333399998,1021,574,7085,3734,57,32,342,179,110,50,373,188,199,98,342,179,0.0,0.5454545454545454
Aaron Hill,Cheung Ka Wai,11,0.7088895687139617,0.5805423048206596,134,61,789,378,37,21,215,121,168,80,583,296,109,51,215,121,0.0,0.5454545454545454
Louis Heathcote,Mohammed Shehab,11,0.691303602887055,0.5732197726798348,214,100,1250,612,81,32,614,291,221,113,569,278,66,28,66,28,0.0,1.0
Ma Hailong,Liam Pullen,11,0.7059926256230133,0.5793242521487495,50,19,319,147,57,25,345,159,184,92,319,147,130,57,303,137,0.0,0.6666666666666666
He Guoqiang,Robbie Mcguigan,11,0.8743227316892204,0.6642964428999887,78,43,494,255,75,26,359,152,221,116,411,223,82,32,223,95,0.0,0.8571428571428571
Marco Fu,Amir Sarkhosh,11,0.8305871461583106,0.6381861133090055,980,572,7304,3954,43,19,281,140,162,87,438,223,110,51,156,75,0.0,0.8571428571428571
Jamie Clarke,Mostafa Dorgham,11,0.839863860460572,0.6433651456944017,346,172,2075,1028,29,6,191,63,175,81,593,286,135,51,181,63,0.0,0.6
Thor Chuan Leong,Zak Surety,11,0.40125297103885843,0.46319171001101955,196,73,1223,544,264,121,1523,731,169,81,310,158,188,98,536,267,0.0,0.6
Ashley Carty,Iulian Boiko,11,0.6578692364081125,0.5597136492671929,290,135,1696,832,113,42,636,275,162,80,409,201,159,73,402,198,0.0,0.6
Ian Burns,Gong Chenzhi,11,0.6117877063659423,0.5417773692836367,508,247,3195,1582,35,18,242,124,150,68,490,226,155,77,242,124,0.0,1.0
Alfie Burden,Alexander Ursenbacher,11,0.37209601999490743,0.4520230623632036,818,423,5800,2939,293,133,1775,852,153,72,478,222,160,79,447,219,0.0,0.6
Yulu Bai,Jamie Jones,11,0.07410490269080891,0.29629576200022933,18,3,120,38,684,401,4476,2403,67,17,120,38,171,81,719,365,0.0,0.6
Fan Zhengyi,Florian Nüßle,11,0.7971239215103564,0.6206951913643555,200,89,1274,593,78,36,415,213,260,140,773,407,52,27,199,117,0.0,0.75
Zhou Yuelong,Marco Fu,11,0.5354808847061806,0.5131219861822433,515,303,3249,1748,980,572,7304,3954,198,94,941,495,162,87,438,223,0.0,0.6666666666666666
Wang Yuchen,Robbie Williams,11,0.2656828446942061,0.40854102156721994,107,41,672,291,570,305,3661,1879,120,61,204,112,218,109,638,340,0.0,0.6
Wu Yize,Ashley Carty,11,0.7789444994063182,0.6118273690017371,135,72,954,492,290,135,1696,832,308,169,740,396,162,80,409,201,0.0,0.75
Zhao Xintong,Noppon Saengkham,11,0.6150281018113474,0.5430183807243099,361,210,2309,1279,477,249,3255,1648,0,0,359,209,246,125,871,465,0.0,0.75
Ben Woollaston,Joe Perry,11,0.682332326039051,0.569546223939229,846,477,5344,2837,1396,808,9574,5162,215,116,636,331,170,80,750,373,0.0,0.5454545454545454
Ricky Walden,Antoni Kowalski,11,0.8075715200153646,0.6259778577666038,1180,696,7934,4335,53,27,292,146,315,160,993,522,135,66,168,86,0.0,0.75
Hossein Vafaei,Ma Hailong,11,0.7598272122029448,0.6028848673274662,345,208,2395,1277,50,19,319,147,251,140,918,522,184,92,319,147,0.0,0.6666666666666666
Matthew Stevens,Martin O'Donnell,11,0.5337956434399982,0.5124973964842103,1142,657,8610,4662,525,267,3256,1647,186,93,653,344,233,119,539,269,0.0,0.6666666666666666
Elliot Slessor,Long Zehuang,11,0.5987470289611413,0.5368082899889803,398,199,2438,1209,86,44,493,251,333,184,762,400,228,125,334,173,0.0,0.6666666666666666
Xu Si,Chris Totten,11,0.8368107961230543,0.6416424532015634,217,96,1406,654,107,38,614,248,257,131,617,307,140,70,228,117,0.0,0.5454545454545454
Matthew Selt,Aaron Hill,11,0.6671313753074833,0.5634067862621936,893,486,5755,2998,134,61,789,378,251,130,1002,513,168,80,583,296,0.0,0.75
Neil Robertson,Oliver Lines,11,0.8458526117374912,0.6467993925579857,1301,865,9516,5486,392,190,2356,1153,417,254,1131,655,192,89,564,273,0.0,0.5454545454545454
Jimmy Robertson,Daniel Wells,11,0.5033837467656391,0.5012499973958399,761,417,4951,2582,535,268,3513,1761,235,116,804,423,192,96,590,325,0.0,0.5454545454545454
Jackson Page,Jamie Clarke,11,0.7074428338834061,0.5799334001885058,218,112,1400,699,346,172,2075,1028,260,136,694,360,175,81,593,286,0.0,0.6
Stan Moody,Pang Junxu,11,0.2148901656374212,0.3852081305077805,71,31,427,205,198,111,1295,680,202,106,391,190,376,207,912,496,0.0,0.75
Robert Milkins,Ross Muir,11,0.5938261596175556,0.5349429451582145,1146,658,7945,4232,298,118,1891,868,203,86,986,490,151,66,486,226,0.0,0.6666666666666666
Stephen Maguire,Artemijs Zizins,11,0.8920712523878023,0.6764489333484797,1217,785,8875,4980,21,11,118,60,249,132,744,395,118,60,118,60,0.0,0.6666666666666666
Jack Lisowski,Thor Chuan Leong,11,0.8064278766835024,0.6253923497205511,818,499,5343,2927,196,73,1223,544,310,171,1115,616,169,81,310,158,0.0,0.6
David Lilley,Thepchaiya Un-Nooh,11,0.2005243513226896,0.3781283576925339,271,135,1611,807,579,338,3993,2135,208,102,567,275,222,123,740,407,0.0,0.6666666666666666
Peifan Lei,Tom Ford,11,0.5135324497330043,0.5049998333399998,134,67,811,395,955,542,6504,3461,185,99,414,204,261,123,994,517,0.0,0.5454545454545454
Julien Leclercq,Dominic Dale,11,0.3421307635918876,0.44028635073280703,81,35,455,210,1124,624,7772,4084,162,71,380,172,203,99,564,278,0.0,0.75
Sanderson Lam,Yuan Sijun,11,0.17258345825234583,0.36354745971843366,283,112,1716,752,286,151,1826,948,143,56,554,256,241,132,728,412,0.0,0.5454545454545454
Jak Jones,Ian Burns,11,0.7675848172598367,0.6064704870683034,417,207,2746,1324,508,247,3195,1582,400,221,909,491,150,68,490,226,0.0,0.75
Liu Hongyu,Lyu Haotian,11,0.3641225903359488,0.448928730692658,56,28,347,184,354,181,2324,1162,172,86,347,184,237,117,791,425,0.0,0.6666666666666666
Michael Holt,Joe O'Connor,11,0.26293160309896446,0.40733340004593027,1021,574,7085,3734,315,156,1983,999,110,50,373,188,311,163,791,414,0.0,0.6666666666666666
Barry Hawkins,Alfie Burden,11,0.8768610374202797,0.6659669267518202,1365,853,9377,5251,818,423,5800,2939,356,193,1039,591,153,72,478,222,0.0,0.8571428571428571
He Guoqiang,Anthony McGill,11,0.4460320996560893,0.48001065984441826,78,43,494,255,767,456,5091,2762,221,116,411,223,148,71,700,376,0.0,0.5454545454545454
David Gilbert,Xing Zihao,11,0.8935866573668577,0.6775422953274692,967,569,6631,3593,41,17,256,117,335,191,901,498,156,73,256,117,0.0,0.5454545454545454
Ryan Day,Louis Heathcote,11,0.5872410251253013,0.5324543063873187,1327,783,8762,4763,214,100,1250,612,337,171,1043,542,221,113,569,278,0.0,0.6666666666666666
Stuart Bingham,Oliver Sykes,11,0.9510994786162322,0.7300743839811188,1523,961,10540,5969,15,6,87,41,358,191,1052,561,41,18,82,40,0.0,0.6666666666666666
Yulu Bai,Scott Donaldson,11,0.04651517232694422,0.26697985076114245,18,3,120,38,504,267,3228,1644,67,17,120,38,189,97,686,353,0.0,0.5454545454545454
Wu Yize,David Lilley,11,0.7751951749452795,0.610044672404527,135,72,954,492,271,135,1611,807,308,169,740,396,208,102,567,275,0.0,0.6666666666666666
Zhao Xintong,Ricky Walden,11,0.7016213434224691,0.5774953651858118,361,210,2309,1279,1180,696,7934,4335,0,0,359,209,315,160,993,522,0.0,0.75
Matthew Selt,Zhou Yuelong,11,0.53210977022266,0.5118727677562528,893,486,5755,2998,515,303,3249,1748,251,130,1002,513,198,94,941,495,0.0,0.6666666666666666
Neil Robertson,Matthew Stevens,11,0.8347536608980125,0.6404919537233386,1301,865,9516,5486,1142,657,8610,4662,417,254,1131,655,186,93,653,344,0.0,0.75
Jackson Page,Hossein Vafaei,11,0.4864675502669957,0.4950001666600003,218,112,1400,699,345,208,2395,1277,260,136,694,360,251,140,918,522,0.0,0.75
Robert Milkins,Xu Si,11,0.37209601999490743,0.4520230623632036,1146,658,7945,4232,217,96,1406,654,203,86,986,490,257,131,617,307,0.0,0.75
Stephen Maguire,Elliot Slessor,11,0.5202936020488736,0.5074994375506203,1217,785,8875,4980,398,199,2438,1209,249,132,744,395,333,184,762,400,0.0,0.5454545454545454
Jack Lisowski,Yulu Bai,11,0.9788750040269292,0.7742558331886429,818,499,5343,2927,18,3,120,38,310,171,1115,616,67,17,120,38,0.0,0.8571428571428571
Peifan Lei,Ben Woollaston,11,0.43599688617440635,0.4762678458734389,134,67,811,395,846,477,5344,2837,185,99,414,204,215,116,636,331,0.0,0.75
Jak Jones,Fan Zhengyi,11,0.550614462905557,0.5187412158785352,417,207,2746,1324,200,89,1274,593,400,221,909,491,260,140,773,407,0.0,0.6666666666666666
Michael Holt,Liu Hongyu,11,0.424343657590278,0.4719046255916129,1021,574,7085,3734,56,28,347,184,110,50,373,188,172,86,347,184,0.0,0.75
Barry Hawkins,Wang Yuchen,11,0.8950860052159663,0.6786337178522214,1365,853,9377,5251,107,41,672,291,356,193,1039,591,120,61,204,112,0.0,0.6666666666666666
He Guoqiang,Stan Moody,11,0.5673390032803908,0.52497918747894,78,43,494,255,71,31,427,205,221,116,411,223,202,106,391,190,0.0,0.5454545454545454
David Gilbert,Julien Leclercq,11,0.8810080120634379,0.668741821102192,967,569,6631,3593,81,35,455,210,335,191,901,498,162,71,380,172,0.0,0.8571428571428571
Ryan Day,Sanderson Lam,11,0.7637242856370643,0.6046790847140093,1327,783,8762,4763,283,112,1716,752,337,171,1043,542,143,56,554,256,0.0,0.75
Stuart Bingham,Jimmy Robertson,11,0.6547593621837766,0.5584811124381613,1523,961,10540,5969,761,417,4951,2582,358,191,1052,561,235,116,804,423,0.0,1.0
Wu Yize,Si Jiahui,11,0.4729513273017054,0.4900013331200346,135,72,954,492,208,119,1415,762,308,169,740,396,418,237,991,542,0.0,0.6
Kyren Wilson,Stephen Maguire,11,0.8132249556059346,0.6288998381516232,1078,690,6880,3894,1217,785,8875,4980,681,399,1573,923,249,132,744,395,0.0,1.0
Chris Wakelin,Matthew Selt,11,0.6853355319816946,0.5707716118944918,453,249,2911,1517,893,486,5755,2998,440,240,1012,554,251,130,1002,513,0.0,0.6
Judd Trump,Neil Robertson,11,0.6390499244261589,0.5523079095743253,1484,1069,10282,6221,1301,865,9516,5486,623,392,1844,1132,417,254,1131,655,0.0,0.6666666666666666
Shaun Murphy,Zhao Xintong,11,0.5690050896591121,0.5256025883246178,1385,909,9995,5677,361,210,2309,1279,363,203,1035,588,0,0,359,209,0.0,0.5454545454545454
Jack Lisowski,Mark Selby,11,0.3736977219803135,0.45264238185691075,818,499,5343,2927,1587,1083,11340,6598,310,171,1115,616,472,266,1402,796,0.0,0.6
Ding Junhui,Robert Milkins,11,0.8700081127630673,0.6615031592029524,1015,675,7814,4452,1146,658,7945,4232,334,186,1065,600,203,86,986,490,0.0,0.5454545454545454
Jak Jones,Luca Brecel,11,0.5388493461105202,0.5143710406970602,417,207,2746,1324,658,382,4410,2379,400,221,909,491,211,104,922,496,0.0,0.5454545454545454
Michael Holt,Gary Wilson,11,0.25883337782610055,0.4055240692517599,1021,574,7085,3734,751,432,4845,2601,110,50,373,188,421,220,1053,550,0.0,0.8571428571428571
John Higgins,He Guoqiang,11,0.8098458608857009,0.6271477663131956,1905,1342,14727,8678,78,43,494,255,548,308,1512,866,221,116,411,223,0.0,1.0
Barry Hawkins,Ronnie O'Sullivan,11,0.38659106551765254,0.45760205922564895,1365,853,9377,5251,1543,1176,13327,8129,356,193,1039,591,412,246,1238,744,0.0,0.6
David Gilbert,Xiao Guodong,11,0.38497189818865285,0.4569816192756902,967,569,6631,3593,782,456,4950,2720,335,191,901,498,399,225,1131,612,0.0,0.6
Ali Carter,Ryan Day,11,0.6279039800050926,0.5479769376367963,1346,829,9086,5016,1327,783,8762,4763,417,222,1274,706,337,171,1043,542,0.0,0.6
Stuart Bingham,Mark Williams,11,0.2561204818305868,0.4043192693921528,1523,961,10540,5969,1818,1194,13277,7628,358,191,1052,561,382,221,1164,682,0.0,0.5454545454545454
Zhang Anda,Peifan Lei,11,0.5954682100046357,0.5355648379838539,496,258,3483,1780,134,67,811,395,306,153,933,514,185,99,414,204,0.0,0.6666666666666666
Mark Allen,Jackson Page,11,0.6972194672758715,0.5756643510425494,1103,734,7817,4443,218,112,1400,699,480,268,1309,746,260,136,694,360,0.0,0.6
Kyren Wilson,Chris Wakelin,11,0.6747697440949106,0.5664790559676278,1078,690,6880,3894,453,249,2911,1517,681,399,1573,923,440,240,1012,554,0.0,0.75
Judd Trump,John Higgins,11,0.6808260033162458,0.5689332093695465,1484,1069,10282,6221,1905,1342,14727,8678,623,392,1844,1132,548,308,1512,866,0.0,0.5454545454545454
Shaun Murphy,Ding Junhui,11,0.4376666286326199,0.4768914745109111,1385,909,9995,5677,1015,675,7814,4452,363,203,1035,588,334,186,1065,600,0.0,0.5454545454545454
Jack Lisowski,Ali Carter,11,0.5236720238796282,0.5087491068802403,818,499,5343,2927,1346,829,9086,5016,310,171,1115,616,417,222,1274,706,0.0,0.6
Michael Holt,Jak Jones,11,0.24279099552671693,0.3983128198171432,1021,574,7085,3734,417,207,2746,1324,110,50,373,188,400,221,909,491,0.0,0.5454545454545454
Barry Hawkins,David Gilbert,11,0.5489363138849731,0.5181170650431814,1365,853,9377,5251,967,569,6631,3593,356,193,1039,591,335,191,901,498,0.0,0.5454545454545454
Zhang Anda,Stuart Bingham,11,0.4410095569399367,0.47813894602839846,496,258,3483,1780,1523,961,10540,5969,306,153,933,514,358,191,1052,561,0.0,0.5454545454545454
Mark Allen,Wu Yize,11,0.6311004465824185,0.5492151291013335,1103,734,7817,4443,135,72,954,492,480,268,1309,746,308,169,740,396,0.0,0.6
Kyren Wilson,Michael Holt,11,0.9340518464635542,0.7114629823302013,1078,690,6880,3894,1021,574,7085,3734,681,399,1573,923,110,50,373,188,0.0,0.6666666666666666
Judd Trump,Zhang Anda,11,0.839863860460572,0.6433651456944017,1484,1069,10282,6221,496,258,3483,1780,623,392,1844,1132,306,153,933,514,0.0,0.75
Barry Hawkins,Shaun Murphy,11,0.4746394143186712,0.4906260984783392,1365,853,9377,5251,1385,909,9995,5677,356,193,1039,591,363,203,1035,588,0.0,0.75
Mark Allen,Jack Lisowski,11,0.6166451808732252,0.5436386872370789,1103,734,7817,4443,818,499,5343,2927,480,268,1309,746,310,171,1115,616,0.0,0.6666666666666666
Judd Trump,Kyren Wilson,11,0.5489363138849731,0.5181170650431814,1484,1069,10282,6221,1078,690,6880,3894,623,392,1844,1132,681,399,1573,923,0.0,0.75
Barry Hawkins,Mark Allen,11,0.46451911529381945,0.4868780138177567,1365,853,9377,5251,1103,734,7817,4443,356,193,1039,591,480,268,1309,746,0.0,0.5454545454545454
Judd Trump,Barry Hawkins,19,0.8001493313174697,0.5944759307482401,1484,1069,10282,6221,1365,853,9377,5251,623,392,1844,1132,356,193,1039,591,0.0,0.5555555555555556
Artemijs Zizins,Anton Kazakov,1,0.6271477663131956,0.6271477663131956,24,13,143,75,54,10,313,102,143,75,143,75,117,43,291,93,0.0,1.0
Fan Zhengyi,Wang Yuchen,1,0.5974857658270161,0.5974857658270161,202,90,1291,602,111,44,710,312,277,149,790,416,158,82,242,133,0.0,1.0
Long Zehuang,Daniel Womersley,1,0.6341355910108007,0.6341355910108007,88,45,511,260,115,55,591,283,246,134,352,182,126,57,220,106,0.0,1.0
Zhou Yuelong,Andrew Pagett,1,0.6433651456944017,0.6433651456944017,517,304,3267,1757,357,154,2286,1068,216,103,959,504,180,78,453,183,0.0,1.0
Wu Yize,Daniel Boyes,1,0.75722034035404,0.75722034035404,139,75,991,514,0,0,0,0,345,191,777,418,0,0,0,0,0.0,1.0
Gary Wilson,Reanne Evans,1,0.7828750312283104,0.7828750312283104,752,432,4852,2602,221,61,1242,464,428,221,1060,551,86,17,291,77,0.0,1.0
Robbie Williams,Michael Holt,1,0.4918757150937391,0.4918757150937391,571,305,3671,1883,1028,580,7149,3773,228,113,648,344,174,89,437,227,0.0,1.0
Hossein Vafaei,Julien Leclercq,1,0.6130141761393355,0.6130141761393355,347,209,2412,1285,84,37,480,223,268,148,935,530,187,84,405,185,0.0,1.0
Thepchaiya Un-Nooh,Jimmy White,1,0.669295402777446,0.669295402777446,580,338,4002,2138,1586,849,13153,6784,231,126,749,410,145,60,444,182,0.0,1.0
Lewis Ullah,Steven Wardropper,1,0.51499550161941,0.51499550161941,34,14,196,88,3,1,16,5,58,28,143,71,16,5,16,5,0.0,1.0
Allan Taylor,Oliver Lines,1,0.41095956594133487,0.41095956594133487,458,209,2703,1294,394,191,2376,1164,191,97,481,217,212,100,584,284,0.0,1.0
Zak Surety,Pang Junxu,1,0.3995117254730337,0.3995117254730337,266,122,1543,741,199,111,1303,682,208,108,556,277,384,209,920,498,0.0,1.0
Matthew Stevens,Yuan Sijun,1,0.4594641607262107,0.4594641607262107,1145,659,8637,4676,287,151,1837,953,213,107,680,358,252,137,739,417,0.0,1.0
Elliot Slessor,Mostafa Dorgham,1,0.7114629823302013,0.7114629823302013,400,200,2458,1220,31,7,211,73,353,195,782,411,155,61,201,73,0.0,1.0
Ishpreet Singh Chadha,Amir Sarkhosh,1,0.5713839816769324,0.5713839816769324,58,32,353,184,45,20,295,147,210,103,353,184,124,58,170,82,0.0,1.0
Xu Si,Alexander Ursenbacher,1,0.5224848247918001,0.5224848247918001,219,97,1425,662,295,134,1792,862,276,139,636,315,177,89,464,229,0.0,1.0
Mark Selby,Siripaporn Nuanthakhamjan,1,0.8435654789402574,0.8435654789402574,1588,1083,11350,6602,26,0,151,27,482,270,1412,800,83,12,151,27,0.0,1.0
Noppon Saengkham,Liu Hongyu,1,0.5473576181430894,0.5473576181430894,478,249,3263,1650,59,30,371,198,254,127,879,467,196,100,371,198,0.0,1.0
Neil Robertson,Simon Blackwell,1,0.7305667649586345,0.7305667649586345,1304,867,9544,5501,73,36,387,199,445,269,1159,670,154,79,181,91,0.0,1.0
Bulcsú Révész,Farakh Ajaib,1,0.4968750406894683,0.4968750406894683,31,14,211,101,163,70,896,411,160,78,211,101,138,73,344,166,0.0,1.0
Liam Pullen,Jimmy Robertson,1,0.36181388669099446,0.36181388669099446,59,26,363,168,763,418,4968,2588,148,66,321,146,252,122,821,429,0.0,1.0
Riley Powell,Stan Moody,1,0.29214272857551865,0.29214272857551865,13,5,60,21,74,33,455,222,35,14,60,21,230,123,419,207,0.0,1.0
Haydon Pinhey,Mitchell Mann,1,0.5106234010049637,0.5106234010049637,120,53,651,307,389,175,2352,1106,162,76,388,187,117,55,322,142,0.0,1.0
Jackson Page,Manasawin Phetmalaikul,1,0.7426905453026857,0.7426905453026857,221,114,1428,715,65,19,377,148,288,152,722,376,121,40,232,88,0.0,1.0
Martin O'Donnell,Sion Stuart,1,0.6802671966986485,0.6802671966986485,526,267,3265,1650,0,0,0,0,242,122,548,272,0,0,0,0,0.0,1.0
Joe O'Connor,Sanderson Lam,1,0.6153837563911821,0.6153837563911821,316,156,1992,1002,286,114,1744,766,320,166,800,417,171,70,582,270,0.0,1.0
Florian Nüßle,Dean Young,1,0.5547792351072148,0.5547792351072148,81,38,438,227,118,45,634,268,75,41,222,131,148,62,419,173,0.0,1.0
Shaun Murphy,Sean O'Sullivan,1,0.7276039892428419,0.7276039892428419,1388,911,10025,5691,289,109,1809,800,393,217,1065,602,75,38,309,128,0.0,1.0
Robert Milkins,Joe Shannon,1,0.6883678768310286,0.6883678768310286,1149,660,7973,4249,0,0,0,0,231,103,1014,507,0,0,0,0,0.0,1.0
Anthony McGill,Sophie Nix,1,0.7094058152553435,0.7094058152553435,768,456,5102,2767,0,0,0,0,159,76,711,381,0,0,0,0,0.0,1.0
David Lilley,Haris Tahir,1,0.6159753019181258,0.6159753019181258,274,137,1637,822,26,14,167,80,234,117,593,290,142,68,167,80,0.0,1.0
Antoni Kowalski,Jiang Jun,1,0.440902528097607,0.440902528097607,56,29,319,160,46,20,327,158,162,80,195,100,234,116,327,158,0.0,1.0
Mark Joyce,Joshua Thomond,1,0.6370307944803831,0.6370307944803831,645,329,4458,2237,82,34,440,206,151,76,475,233,104,41,191,88,0.0,1.0
Duane Jones,Chris Totten,1,0.5467381519846138,0.5467381519846138,337,151,2019,980,110,40,644,265,165,79,457,216,170,87,258,134,0.0,1.0
Jak Jones,Joshua Cooper,1,0.7426905453026857,0.7426905453026857,421,210,2785,1347,72,29,377,171,439,244,948,514,73,32,124,54,0.0,1.0
Jamie Jones,Thor Chuan Leong,1,0.513746534902355,0.513746534902355,685,401,4486,2407,198,74,1243,554,181,85,729,369,189,91,330,168,0.0,1.0
Si Jiahui,Jordan Brown,1,0.6318124177361016,0.6318124177361016,209,119,1425,766,350,178,2159,1072,428,241,1001,546,205,92,823,410,0.0,1.0
Huang Jiahao,Hammad Miah,1,0.39472346622515553,0.39472346622515553,38,12,217,89,298,118,1907,859,78,25,114,49,132,52,458,205,0.0,1.0
Aaron Hill,Joel Connolly Jnr,1,0.6899744811276125,0.6899744811276125,136,62,808,386,10,2,51,15,187,88,602,304,26,11,51,15,0.0,1.0
Andrew Higginson,Cheung Ka Wai,1,0.530586760182081,0.530586760182081,890,507,6176,3332,39,22,233,132,162,72,506,261,127,62,233,132,0.0,1.0
Louis Heathcote,Ahmed Aly Elsayed,1,0.759510916949111,0.759510916949111,216,101,1265,621,27,0,142,25,236,122,584,287,95,20,142,25,0.0,1.0
Lyu Haotian,Tian Pengfei,1,0.551071269307342,0.551071269307342,355,181,2333,1165,576,315,3778,1987,246,120,800,428,191,96,558,277,0.0,1.0
Ma Hailong,Ian Burns,1,0.4843800842769844,0.4843800842769844,52,20,337,156,510,248,3209,1590,202,101,337,156,164,76,504,234,0.0,1.0
Kreishh Gurbaxani,Peifan Lei,1,0.289050497374996,0.289050497374996,32,11,185,81,139,71,853,422,121,52,162,71,227,126,456,231,0.0,1.0
He Guoqiang,Stuart Bingham,1,0.4139887955611293,0.4139887955611293,82,46,529,273,1527,964,10577,5992,256,134,446,241,395,214,1089,584,0.0,1.0
Xiao Guodong,Anthony Hamilton,1,0.669295402777446,0.669295402777446,783,456,4960,2724,1059,598,7753,4077,409,229,1141,616,163,79,536,259,0.0,1.0
Gerard Greene,Robbie Mcguigan,1,0.5621765008857981,0.5621765008857981,838,427,5998,3061,77,27,375,159,48,27,217,90,98,39,239,102,0.0,1.0
Liam Graham,Mink Nutcharut,1,0.5461185410457796,0.5461185410457796,60,18,335,130,52,5,298,86,121,44,256,90,104,28,297,86,0.0,1.0
Vladislav Gradinari,Daniel Wells,1,0.31485894324970715,0.31485894324970715,15,8,74,38,537,269,3534,1772,46,21,74,38,213,107,611,336,0.0,1.0
David Gilbert,David Grace,1,0.6467993925579857,0.6467993925579857,971,572,6670,3616,494,228,3224,1559,374,214,940,521,159,75,535,253,0.0,1.0
Tom Ford,Xing Zihao,1,0.596884378259767,0.596884378259767,956,542,6515,3466,43,18,277,128,272,128,1005,522,177,84,277,128,0.0,1.0
Dylan Emery,Stuart Carrington,1,0.4843800842769844,0.4843800842769844,137,61,790,384,526,278,3325,1727,208,102,516,254,180,90,513,251,0.0,1.0
Graeme Dott,Ben Mertens,1,0.5405358392737893,0.5405358392737893,1195,696,8560,4599,113,52,686,342,205,105,728,380,180,87,515,260,0.0,1.0
Paul Deaville,Jonas Luz,1,0.5658650028954817,0.5658650028954817,35,17,179,86,5,1,28,7,118,58,147,73,28,7,28,7,0.0,1.0
Ryan Day,Matthew Selt,1,0.47065874995421436,0.47065874995421436,1330,785,8789,4779,896,488,5782,3014,364,187,1070,558,278,146,1029,529,0.0,1.0
Liam Davies,Mark Davis,1,0.3284949657745942,0.3284949657745942,56,26,337,156,1329,789,9125,4961,140,65,311,146,203,112,585,297,0.0,1.0
Gong Chenzhi,Joe Perry,1,0.43106679063045344,0.43106679063045344,37,19,256,130,1398,809,9593,5173,169,83,256,130,189,91,769,384,0.0,1.0
Ashley Carty,Kayden Brierley,1,0.6323937895695628,0.6323937895695628,292,136,1714,840,30,14,157,78,180,88,427,209,49,26,96,45,0.0,1.0
Ali Carter,Chris Wakelin,1,0.4538814589542204,0.4538814589542204,1348,830,9106,5026,455,250,2929,1525,437,232,1294,716,458,248,1030,562,0.0,1.0
Alfie Burden,Ben Woollaston,1,0.4043192693921528,0.4043192693921528,820,424,5817,2946,848,478,5363,2845,170,79,495,229,234,124,655,339,0.0,1.0
Iulian Boiko,Jack Lisowski,1,0.3251947274176865,0.3251947274176865,115,43,655,285,823,503,5389,2954,178,83,421,208,356,198,1161,643,0.0,1.0
Yulu Bai,Jamie Clarke,1,0.34921307920316513,0.34921307920316513,22,6,158,57,348,173,2095,1038,105,36,158,57,195,91,613,296,0.0,1.0
Zhang Anda,Hatem Yassen,1,0.7854139364810891,0.7854139364810891,499,260,3511,1794,18,1,106,19,334,167,961,528,19,9,19,9,0.0,1.0
Mark Allen,Ross Muir,1,0.6856801139382539,0.6856801139382539,1107,737,7857,4466,300,119,1910,877,520,291,1349,769,170,75,505,235,0.0,1.0
Fan Zhengyi,Bulcsú Révész,1,0.643938555965633,0.643938555965633,202,90,1291,602,31,14,211,101,277,149,790,416,160,78,211,101,0.0,1.0
Zhou Yuelong,Louis Heathcote,1,0.5417773692836367,0.5417773692836367,517,304,3267,1757,216,101,1265,621,216,103,959,504,236,122,584,287,0.0,1.0
Wu Yize,Matthew Stevens,1,0.5774953651858118,0.5774953651858118,139,75,991,514,1145,659,8637,4676,345,191,777,418,213,107,680,358,0.0,1.0
Robbie Williams,Alfie Burden,1,0.5683199834782481,0.5683199834782481,571,305,3671,1883,820,424,5817,2946,228,113,648,344,170,79,495,229,0.0,1.0
Allan Taylor,Joe O'Connor,1,0.3804826803529153,0.3804826803529153,458,209,2703,1294,316,156,1992,1002,191,97,481,217,320,166,800,417,0.0,1.0
Elliot Slessor,Mark Joyce,1,0.5944759307482401,0.5944759307482401,400,200,2458,1220,645,329,4458,2237,353,195,782,411,151,76,475,233,0.0,1.0
Mark Selby,Jak Jones,1,0.5461185410457796,0.5461185410457796,1588,1083,11350,6602,421,210,2785,1347,482,270,1412,800,439,244,948,514,0.0,1.0
Noppon Saengkham,David Lilley,1,0.5646362918030292,0.5646362918030292,478,249,3263,1650,274,137,1637,822,254,127,879,467,234,117,593,290,0.0,1.0
Neil Robertson,Jackson Page,1,0.5902502519301834,0.5902502519301834,1304,867,9544,5501,221,114,1428,715,445,269,1159,670,288,152,722,376,0.0,1.0
Liam Pullen,Zak Surety,1,0.3887665333241305,0.3887665333241305,59,26,363,168,266,122,1543,741,148,66,321,146,208,108,556,277,0.0,1.0
Haydon Pinhey,Gerard Greene,1,0.5118727677562528,0.5118727677562528,120,53,651,307,838,427,5998,3061,162,76,388,187,48,27,217,90,0.0,1.0
Martin O'Donnell,Xiao Guodong,1,0.3641261085729462,0.3641261085729462,526,267,3265,1650,783,456,4960,2724,242,122,548,272,409,229,1141,616,0.0,1.0
Florian Nüßle,Iulian Boiko,1,0.5312093733737563,0.5312093733737563,81,38,438,227,115,43,655,285,75,41,222,131,178,83,421,208,0.0,1.0
Robert Milkins,Graeme Dott,1,0.5049998333399998,0.5049998333399998,1149,660,7973,4249,1195,696,8560,4599,231,103,1014,507,205,105,728,380,0.0,1.0
Antoni Kowalski,Riley Powell,1,0.6189278548001903,0.6189278548001903,56,29,319,160,13,5,60,21,162,80,195,100,35,14,60,21,0.0,1.0
Jamie Jones,Ishpreet Singh Chadha,1,0.5181170650431814,0.5181170650431814,685,401,4486,2407,58,32,353,184,181,85,729,369,210,103,353,184,0.0,1.0
Duane Jones,Anthony McGill,1,0.42433564895745063,0.42433564895745063,337,151,2019,980,768,456,5102,2767,165,79,457,216,159,76,711,381,0.0,1.0
Si Jiahui,Mark Allen,1,0.4470740118670941,0.4470740118670941,209,119,1425,766,1107,737,7857,4466,428,241,1001,546,520,291,1349,769,0.0,1.0
Huang Jiahao,Gong Chenzhi,1,0.40251423417298393,0.40251423417298393,38,12,217,89,37,19,256,130,78,25,114,49,169,83,256,130,0.0,1.0
Aaron Hill,Thepchaiya Un-Nooh,1,0.4043192693921528,0.4043192693921528,136,62,808,386,580,338,4002,2138,187,88,602,304,231,126,749,410,0.0,1.0
Andrew Higginson,Hossein Vafaei,1,0.40492152613386595,0.40492152613386595,890,507,6176,3332,347,209,2412,1285,162,72,506,261,268,148,935,530,0.0,1.0
Ma Hailong,Lewis Ullah,1,0.6352948493228071,0.6352948493228071,52,20,337,156,34,14,196,88,202,101,337,156,58,28,143,71,0.0,1.0
Kreishh Gurbaxani,Xu Si,1,0.31810373541040654,0.31810373541040654,32,11,185,81,219,97,1425,662,121,52,162,71,276,139,636,315,0.0,1.0
Liam Graham,He Guoqiang,1,0.3036450701761659,0.3036450701761659,60,18,335,130,82,46,529,273,121,44,256,90,256,134,446,241,0.0,1.0
Vladislav Gradinari,Long Zehuang,1,0.3235510666515204,0.3235510666515204,15,8,74,38,88,45,511,260,46,21,74,38,246,134,352,182,0.0,1.0
David Gilbert,Shaun Murphy,1,0.48313140430861523,0.48313140430861523,971,572,6670,3616,1388,911,10025,5691,374,214,940,521,393,217,1065,602,0.0,1.0
Tom Ford,Paul Deaville,1,0.6620627248063988,0.6620627248063988,956,542,6515,3466,35,17,179,86,272,128,1005,522,118,58,147,73,0.0,1.0
Dylan Emery,Ryan Day,1,0.4139887955611293,0.4139887955611293,137,61,790,384,1330,785,8789,4779,208,102,516,254,364,187,1070,558,0.0,1.0
Liam Davies,Gary Wilson,1,0.3246463595555852,0.3246463595555852,56,26,337,156,752,432,4852,2602,140,65,311,146,428,221,1060,551,0.0,1.0
Ashley Carty,Artemijs Zizins,1,0.559097471902393,0.559097471902393,292,136,1714,840,24,13,143,75,180,88,427,209,143,75,143,75,0.0,1.0
Ali Carter,Lyu Haotian,1,0.5374298453437496,0.5374298453437496,1348,830,9106,5026,355,181,2333,1165,437,232,1294,716,246,120,800,428,0.0,1.0
Zhang Anda,Yulu Bai,1,0.7364309317009723,0.7364309317009723,499,260,3511,1794,22,6,158,57,334,167,961,528,105,36,158,57,0.0,1.0
Wu Yize,Liam Davies,1,0.7109495026250039,0.7109495026250039,139,75,991,514,56,26,337,156,345,191,777,418,140,65,311,146,0.0,1.0
Robbie Williams,Fan Zhengyi,1,0.4619487156141408,0.4619487156141408,571,305,3671,1883,202,90,1291,602,228,113,648,344,277,149,790,416,0.0,1.0
Allan Taylor,Aaron Hill,1,0.44583834723635146,0.44583834723635146,458,209,2703,1294,136,62,808,386,191,97,481,217,187,88,602,304,0.0,1.0
Elliot Slessor,Zhang Anda,1,0.486253465097645,0.486253465097645,400,200,2458,1220,499,260,3511,1794,353,195,782,411,334,167,961,528,0.0,1.0
Mark Selby,Jamie Jones,1,0.6422170929574377,0.6422170929574377,1588,1083,11350,6602,685,401,4486,2407,482,270,1412,800,181,85,729,369,0.0,1.0
Noppon Saengkham,Dylan Emery,1,0.5956807306078472,0.5956807306078472,478,249,3263,1650,137,61,790,384,254,127,879,467,208,102,516,254,0.0,1.0
Liam Pullen,Neil Robertson,1,0.24740510511902658,0.24740510511902658,59,26,363,168,1304,867,9544,5501,148,66,321,146,445,269,1159,670,0.0,1.0
Martin O'Donnell,Si Jiahui,1,0.41095956594133487,0.41095956594133487,526,267,3265,1650,209,119,1425,766,242,122,548,272,428,241,1001,546,0.0,1.0
Florian Nüßle,Zhou Yuelong,1,0.3995117254730337,0.3995117254730337,81,38,438,227,517,304,3267,1757,75,41,222,131,216,103,959,504,0.0,1.0
Robert Milkins,Haydon Pinhey,1,0.5890404340586651,0.5890404340586651,1149,660,7973,4249,120,53,651,307,231,103,1014,507,162,76,388,187,0.0,1.0
Antoni Kowalski,Vladislav Gradinari,1,0.5793242521487495,0.5793242521487495,56,29,319,160,15,8,74,38,162,80,195,100,46,21,74,38,0.0,1.0
Huang Jiahao,David Gilbert,1,0.24048908305088898,0.24048908305088898,38,12,217,89,971,572,6670,3616,78,25,114,49,374,214,940,521,0.0,1.0
Andrew Higginson,Ma Hailong,1,0.5,0.5,890,507,6176,3332,52,20,337,156,162,72,506,261,202,101,337,156,0.0,1.0
Kreishh Gurbaxani,Ashley Carty,1,0.36354745971843366,0.36354745971843366,32,11,185,81,292,136,1714,840,121,52,162,71,180,88,427,209,0.0,1.0
Liam Graham,Ali Carter,1,0.2535060166623378,0.2535060166623378,60,18,335,130,1348,830,9106,5026,121,44,256,90,437,232,1294,716,0.0,1.0
Tom Ford,Duane Jones,1,0.5689332093695465,0.5689332093695465,956,542,6515,3466,337,151,2019,980,272,128,1005,522,165,79,457,216,0.0,1.0
Wu Yize,Elliot Slessor,1,0.5330766223661046,0.5330766223661046,139,75,991,514,400,200,2458,1220,345,191,777,418,353,195,782,411,0.0,1.0
Mark Selby,Liam Pullen,1,0.7315498244408544,0.7315498244408544,1588,1083,11350,6602,59,26,363,168,482,270,1412,800,148,66,321,146,0.0,1.0
Martin O'Donnell,Robert Milkins,1,0.4906260984783392,0.4906260984783392,526,267,3265,1650,1149,660,7973,4249,242,122,548,272,231,103,1014,507,0.0,1.0
Florian Nüßle,Antoni Kowalski,1,0.5361866202317948,0.5361866202317948,81,38,438,227,56,29,319,160,75,41,222,131,162,80,195,100,0.0,1.0
Huang Jiahao,Robbie Williams,1,0.31324327335609825,0.31324327335609825,38,12,217,89,571,305,3671,1883,78,25,114,49,228,113,648,344,0.0,1.0
Andrew Higginson,Allan Taylor,1,0.5262259093720687,0.5262259093720687,890,507,6176,3332,458,209,2703,1294,162,72,506,261,191,97,481,217,0.0,1.0
Liam Graham,Noppon Saengkham,1,0.2743824797267049,0.2743824797267049,60,18,335,130,478,249,3263,1650,121,44,256,90,254,127,879,467,0.0,1.0
Tom Ford,Kreishh Gurbaxani,1,0.6894394530607736,0.6894394530607736,956,542,6515,3466,32,11,185,81,272,128,1005,522,121,52,162,71,0.0,1.0
Wu Yize,Andrew Higginson,1,0.6323937895695628,0.6323937895695628,139,75,991,514,890,507,6176,3332,345,191,777,418,162,72,506,261,0.0,1.0
Mark Selby,Florian Nüßle,1,0.6753536404444148,0.6753536404444148,1588,1083,11350,6602,81,38,438,227,482,270,1412,800,75,41,222,131,0.0,1.0
Liam Graham,Martin O'Donnell,1,0.31918928918436135,0.31918928918436135,60,18,335,130,526,267,3265,1650,121,44,256,90,242,122,548,272,0.0,1.0
Tom Ford,Huang Jiahao,1,0.6947667628737805,0.6947667628737805,956,542,6515,3466,38,12,217,89,272,128,1005,522,78,25,114,49,0.0,1.0
Liam Graham,Mark Selby,1,0.2175502235768875,0.2175502235768875,60,18,335,130,1588,1083,11350,6602,121,44,256,90,482,270,1412,800,0.0,1.0
Tom Ford,Wu Yize,1,0.43229345192664,0.43229345192664,956,542,6515,3466,139,75,991,514,272,128,1005,522,345,191,777,418,0.0,1.0
Tom Ford,Liam Graham,1,0.704225233864307,0.704225233864307,956,542,6515,3466,60,18,335,130,272,128,1005,522,121,44,256,90,0.0,1.0
Artemijs Zizins,Kreishh Gurbaxani,9,0.6709840397710257,0.5713839816769324,26,14,145,76,36,14,189,84,145,76,145,76,125,55,166,74,0.0,0.5555555555555556
Xing Zihao,Mitchell Mann,9,0.5521379462338207,0.5212372149662741,44,18,278,128,390,175,2353,1106,178,84,278,128,118,55,323,142,0.0,0.8333333333333334
Wang Yuchen,Andrew Higginson,9,0.46773724876101863,0.4868780138177567,112,44,711,312,895,511,6181,3336,159,82,243,133,167,76,511,265,0.0,0.5555555555555556
Dean Young,Joshua Cooper,9,0.6709840397710257,0.5713839816769324,119,45,635,268,73,29,378,171,149,62,420,173,74,32,125,54,0.0,0.7142857142857143
Alexander Ursenbacher,Jonas Luz,9,0.8912326155418068,0.6921095043017882,296,134,1793,862,6,1,29,7,178,89,465,229,29,7,29,7,0.0,0.8333333333333334
Joshua Thomond,Ben Mertens,9,0.20065488566813539,0.3664446223632249,83,34,441,206,114,52,687,342,105,41,192,88,181,87,516,260,0.0,0.5555555555555556
Allan Taylor,Peifan Lei,9,0.25075863013297794,0.39233683016710835,462,212,2707,1297,140,71,854,422,195,100,485,220,228,126,457,231,0.0,0.625
Zak Surety,Simon Blackwell,9,0.7008831543460528,0.584797674717737,268,123,1545,742,74,36,388,199,210,109,558,278,155,79,182,91,0.0,0.8333333333333334
Akani Songsermsawad,Hatem Yassen,9,0.9558147913138959,0.7562999700991855,239,128,1571,812,19,1,107,19,116,69,275,150,20,9,20,9,0.0,0.625
Bulcsú Révész,Siripaporn Nuanthakhamjan,9,0.888437763640334,0.6899744811276125,33,15,213,102,27,0,152,27,162,79,213,102,84,12,152,27,0.0,0.7142857142857143
Haydon Pinhey,Duane Jones,9,0.40409227705506734,0.4607061941016405,123,55,654,309,340,153,2022,982,165,78,391,189,168,81,460,218,0.0,0.7142857142857143
Ross Muir,Robbie Mcguigan,9,0.7381925501749662,0.6022861768886306,301,119,1911,877,78,27,376,159,171,75,506,235,99,39,240,102,0.0,1.0
Stan Moody,Ahmed Aly Elsayed,9,0.9587439497600851,0.7604230019887311,75,33,456,222,28,0,143,25,231,123,420,207,96,20,143,25,0.0,1.0
Hammad Miah,Chris Totten,9,0.5414496248549919,0.5168685956913849,299,118,1908,859,111,40,645,265,133,52,459,205,171,87,259,134,0.0,0.625
Julien Leclercq,Jimmy White,9,0.5794210585254325,0.5324543063873187,85,37,481,223,1587,849,13154,6784,188,84,406,185,146,60,445,182,0.0,0.7142857142857143
Antoni Kowalski,Ian Burns,9,0.3601113940716554,0.4421354272792655,60,32,323,163,511,248,3210,1590,166,83,199,103,165,76,505,234,0.0,0.5555555555555556
Cheung Ka Wai,Marco Fu,9,0.25075863013297794,0.39233683016710835,40,22,234,132,982,573,7320,3963,128,62,234,132,178,96,454,232,0.0,0.625
Jiang Jun,Huang Jiahao,9,0.7950675978142399,0.6312306626164005,47,20,328,158,43,16,222,93,235,116,328,158,83,29,119,53,0.0,0.8333333333333334
Liam Graham,Ma Hailong,9,0.209266421454622,0.3711001618483768,67,24,342,136,55,22,340,158,128,50,263,96,205,103,340,158,0.0,0.5555555555555556
David Grace,Anton Kazakov,9,0.8633002845321215,0.6720562626502714,495,228,3225,1559,55,10,314,102,160,75,536,253,118,43,292,93,0.0,1.0
Reanne Evans,Amir Sarkhosh,9,0.16287054860800082,0.34468162982610484,222,61,1243,464,46,20,296,147,87,17,292,77,125,58,171,82,0.0,0.625
Dylan Emery,Louis Heathcote,9,0.3892573801791685,0.45450121278721795,140,63,793,386,218,102,1267,622,211,104,519,256,238,123,586,288,0.0,0.7142857142857143
Ken Doherty,Oliver Lines,9,0.26056696281087244,0.39711513267253384,1289,743,10138,5449,395,191,2377,1164,69,21,402,165,213,100,585,284,0.0,0.5555555555555556
Liam Davies,Ishpreet Singh Chadha,9,0.28988191378712186,0.41095956594133487,59,28,340,158,60,33,355,185,143,67,314,148,212,104,355,185,0.0,0.7142857142857143
Thor Chuan Leong,Haris Tahir,9,0.7294208076401816,0.5980868603322034,199,74,1244,554,27,14,168,80,190,91,331,168,143,68,168,80,0.0,0.625
Gong Chenzhi,Mink Nutcharut,9,0.8343351260922364,0.653622330899504,39,20,258,131,53,5,299,86,171,84,258,131,105,28,298,86,0.0,0.625
Stuart Carrington,Manasawin Phetmalaikul,9,0.8497422960559372,0.6631804950993565,527,278,3326,1727,66,19,378,148,181,90,514,251,122,40,233,88,0.0,1.0
Alfie Burden,Mostafa Dorgham,9,0.760025787896806,0.6130141761393355,822,425,5819,2947,32,7,212,73,172,80,497,230,156,61,202,73,0.0,0.625
Iulian Boiko,Michael Holt,9,0.25563698264541296,0.39472346622515553,117,44,657,286,1029,580,7150,3773,180,84,423,209,175,89,438,227,0.0,0.7142857142857143
Yulu Bai,Liam Pullen,9,0.33878882462154697,0.4329070950345457,24,7,160,58,63,29,367,171,107,37,160,58,152,69,325,149,0.0,0.5555555555555556
Farakh Ajaib,Ashley Carty,9,0.35437700298719044,0.4396703573114467,164,70,897,411,295,138,1717,842,139,73,345,166,183,90,430,211,0.0,0.625
Artemijs Zizins,Matthew Selt,9,0.1601085847974587,0.34298953732650117,26,14,145,76,897,488,5783,3014,145,76,145,76,279,146,1030,529,0.0,0.5555555555555556
Fan Zhengyi,Gong Chenzhi,9,0.7993451143318644,0.633555377636775,205,92,1294,604,39,20,258,131,280,151,793,418,171,84,258,131,0.0,0.625
Ben Woollaston,Wang Yuchen,9,0.7048581689623228,0.5866175789173301,849,478,5364,2845,112,44,711,312,235,124,656,339,159,82,243,133,0.0,0.7142857142857143
Daniel Wells,Stuart Carrington,9,0.6268664452075894,0.5523079095743253,538,269,3535,1772,527,278,3326,1727,214,107,612,336,181,90,514,251,0.0,0.625
Ricky Walden,Dean Young,9,0.7982810462660692,0.6329747766804606,1182,697,7950,4343,119,45,635,268,331,168,1009,530,149,62,420,173,0.0,0.625
Alexander Ursenbacher,Scott Donaldson,9,0.43417929822605655,0.4731508513108857,296,134,1793,862,505,267,3239,1649,178,89,465,229,200,102,697,358,0.0,0.7142857142857143
Thepchaiya Un-Nooh,Paul Deaville,9,0.9134704714809997,0.7104354810428751,582,339,4004,2139,37,18,181,87,233,127,751,411,120,59,149,74,0.0,0.625
Allan Taylor,Robbie Williams,9,0.3071425683637329,0.41884903571060617,462,212,2707,1297,575,308,3675,1886,195,100,485,220,232,116,652,347,0.0,0.7142857142857143
Yuan Sijun,Yulu Bai,9,0.9223700263151574,0.7185943925708561,288,151,1838,953,24,7,160,58,253,137,740,417,107,37,160,58,0.0,0.8333333333333334
Xu Si,Julien Leclercq,9,0.6860941115953165,0.5781052328843092,221,98,1427,663,85,37,481,223,278,140,638,316,188,84,406,185,0.0,0.8333333333333334
Jimmy Robertson,Joshua Thomond,9,0.8819527499348307,0.6851410567502929,764,418,4969,2588,83,34,441,206,253,122,822,429,105,41,192,88,0.0,0.7142857142857143
Jackson Page,Akani Songsermsawad,9,0.5794210585254325,0.5324543063873187,223,115,1430,716,239,128,1571,812,290,153,724,377,116,69,275,150,0.0,0.8333333333333334
Joe O'Connor,Reanne Evans,9,0.9730630507245749,0.7841471891774855,318,157,1994,1003,222,61,1243,464,322,167,802,418,87,17,292,77,0.0,0.8333333333333334
Ross Muir,Joe Perry,9,0.4011128900397446,0.4594641607262107,301,119,1911,877,1399,809,9594,5173,171,75,506,235,190,91,770,384,0.0,0.5555555555555556
Hammad Miah,Matthew Stevens,9,0.28466862205354465,0.40854102156721994,299,118,1908,859,1147,660,8639,4677,133,52,459,205,215,108,682,359,0.0,0.7142857142857143
Anthony McGill,Haydon Pinhey,9,0.7504528187981169,0.6082590307465143,770,457,5104,2768,123,55,654,309,161,77,713,382,165,78,391,189,0.0,1.0
David Lilley,Liam Davies,9,0.7564607688598808,0.6112334666758695,276,138,1639,823,59,28,340,158,236,118,595,291,143,67,314,148,0.0,1.0
Antoni Kowalski,Martin O'Donnell,9,0.28466862205354465,0.40854102156721994,60,32,323,163,531,271,3270,1654,166,83,199,103,247,126,553,276,0.0,1.0
Cheung Ka Wai,Anthony Hamilton,9,0.4160666695379549,0.4656790563306954,40,22,234,132,1060,598,7754,4077,128,62,234,132,164,79,537,259,0.0,0.7142857142857143
Jiang Jun,Tian Pengfei,9,0.44786205376617916,0.4787627850337259,47,20,328,158,577,315,3779,1987,235,116,328,158,192,96,559,277,0.0,0.7142857142857143
Liu Hongyu,Farakh Ajaib,9,0.7204972079640919,0.5938731029341427,60,30,372,198,164,70,897,411,197,100,372,198,139,73,345,166,0.0,0.625
Aaron Hill,Stan Moody,9,0.45702134894353685,0.48250714233361025,139,64,811,388,75,33,456,222,190,90,605,306,231,123,420,207,0.0,0.5555555555555556
Lyu Haotian,Bulcsú Révész,9,0.7950675978142399,0.6312306626164005,357,182,2335,1166,33,15,213,102,248,121,802,429,162,79,213,102,0.0,0.625
He Guoqiang,Thor Chuan Leong,9,0.6195643657627519,0.5492151291013335,84,47,531,274,199,74,1244,554,258,135,448,242,190,91,331,168,0.0,0.5555555555555556
Liam Graham,Sanderson Lam,9,0.2568646622142716,0.39532091528599067,67,24,342,136,287,114,1745,766,128,50,263,96,172,70,583,270,0.0,0.5555555555555556
David Grace,Long Zehuang,9,0.3601113940716554,0.4421354272792655,495,228,3225,1559,90,46,513,261,160,75,536,253,248,135,354,183,0.0,0.625
Dylan Emery,Jamie Clarke,9,0.47233779389677,0.4887518980531451,140,63,793,386,349,173,2096,1038,211,104,519,256,196,91,614,296,0.0,0.5555555555555556
Graeme Dott,Xing Zihao,9,0.682004145502627,0.5762749224932653,1197,697,8562,4600,44,18,278,128,207,106,730,381,178,84,278,128,0.0,1.0
Ken Doherty,Jordan Brown,9,0.4100684546601523,0.46319171001101955,1289,743,10138,5449,351,178,2160,1072,69,21,402,165,206,92,824,410,0.0,0.5555555555555556
Mark Davis,Iulian Boiko,9,0.786343333554673,0.6265629971237182,1330,789,9126,4961,117,44,657,286,204,112,586,297,180,84,423,209,0.0,0.8333333333333334
Dominic Dale,Zak Surety,9,0.45702134894353685,0.48250714233361025,1125,624,7780,4086,268,123,1545,742,211,101,572,280,210,109,558,278,0.0,0.625
Alfie Burden,Jamie Jones,9,0.4100684546601523,0.46319171001101955,822,425,5819,2947,688,403,4489,2409,172,80,497,230,184,87,732,371,0.0,1.0
Zhou Yuelong,Artemijs Zizins,9,0.8087617227954655,0.6387631751488418,520,306,3270,1759,26,14,145,76,219,105,962,506,145,76,145,76,0.0,0.7142857142857143
Wu Yize,Jackson Page,9,0.585434873024069,0.5349429451582145,145,80,997,519,223,115,1430,716,351,196,783,423,290,153,724,377,0.0,0.8333333333333334
Ben Woollaston,David Gilbert,9,0.34019451059365574,0.43352094403237207,849,478,5364,2845,974,574,6673,3618,235,124,656,339,377,216,943,523,0.0,1.0
Kyren Wilson,Cheung Ka Wai,9,0.9541128159374124,0.7539887164489482,1082,693,6911,3914,40,22,234,132,712,419,1604,943,128,62,234,132,0.0,0.625
Daniel Wells,Gary Wilson,9,0.42812353102015543,0.47065874995421436,538,269,3535,1772,754,433,4854,2603,214,107,612,336,430,222,1062,552,0.0,0.5555555555555556
Ricky Walden,Ryan Day,9,0.4585503751450084,0.48313140430861523,1182,697,7950,4343,1332,786,8791,4780,331,168,1009,530,366,188,1072,559,0.0,0.625
Alexander Ursenbacher,Jack Lisowski,9,0.2655479256086079,0.3995117254730337,296,134,1793,862,824,503,5390,2954,178,89,465,229,357,198,1162,643,0.0,0.625
Thepchaiya Un-Nooh,Stuart Bingham,9,0.45549299127077353,0.4818829349568186,582,339,4004,2139,1528,964,10578,5992,233,127,751,411,396,214,1090,584,0.0,1.0
Judd Trump,David Grace,9,0.9516375388870315,0.7507282371635285,1489,1074,10336,6255,495,228,3225,1559,677,426,1898,1166,160,75,536,253,0.0,0.7142857142857143
Elliot Slessor,Lyu Haotian,9,0.5551848201387266,0.5224848247918001,404,203,2462,1223,357,182,2335,1166,357,198,786,414,248,121,802,429,0.0,0.8333333333333334
Mark Selby,Liu Hongyu,9,0.7896412769224667,0.6283161882953663,1594,1088,11356,6607,60,30,372,198,488,275,1418,805,197,100,372,198,0.0,0.7142857142857143
Jimmy Robertson,Noppon Saengkham,9,0.40857228932346973,0.46257015465625045,764,418,4969,2588,482,252,3267,1653,253,122,822,429,258,130,883,470,0.0,0.5555555555555556
Neil Robertson,Antoni Kowalski,9,0.9290506954029674,0.7251194977898231,1307,869,9547,5503,60,32,323,163,448,271,1162,672,166,83,199,103,0.0,0.8333333333333334
Joe O'Connor,Stephen Maguire,9,0.4892347721324395,0.4956251116502266,318,157,1994,1003,1220,787,8901,4992,322,167,802,418,275,144,770,407,0.0,0.8333333333333334
Shaun Murphy,Liam Graham,9,0.9618033812760566,0.7649478037637647,1390,912,10027,5692,67,24,342,136,395,218,1067,603,128,50,263,96,0.0,1.0
Robert Milkins,Xu Si,9,0.48616014593133106,0.4943752372926745,1153,663,7977,4252,221,98,1427,663,235,106,1018,510,278,140,638,316,0.0,0.5555555555555556
Hammad Miah,Chris Wakelin,9,0.11297973706681161,0.31109608202304534,299,118,1908,859,456,250,2930,1525,133,52,459,205,459,248,1031,562,0.0,0.7142857142857143
Anthony McGill,Pang Junxu,9,0.3572399624584108,0.440902528097607,770,457,5104,2768,200,111,1304,682,161,77,713,382,385,209,921,498,0.0,0.5555555555555556
Jak Jones,Allan Taylor,9,0.8097901791567259,0.6393398367530659,423,211,2787,1348,462,212,2707,1297,441,245,950,515,195,100,485,220,0.0,0.625
Si Jiahui,Ken Doherty,9,0.8574804739607897,0.6681877721681662,212,121,1428,768,1289,743,10138,5449,431,243,1004,548,69,21,402,165,0.0,1.0
Aaron Hill,Mark Williams,9,0.12176894849718553,0.3175616978069352,139,64,811,388,1819,1194,13288,7633,190,90,605,306,393,226,1175,687,0.0,0.7142857142857143
John Higgins,Mark Davis,9,0.7576524381780382,0.6118273690017371,1907,1343,14744,8689,1330,789,9126,4961,565,319,1529,877,204,112,586,297,0.0,0.625
Barry Hawkins,Alfie Burden,9,0.8891414855085586,0.6905090012275708,1372,859,9451,5295,822,425,5819,2947,430,237,1113,635,172,80,497,230,0.0,0.5555555555555556
Xiao Guodong,Fan Zhengyi,9,0.690160189469792,0.5799334001885058,785,457,4962,2725,205,92,1294,604,411,230,1143,617,280,151,793,418,0.0,0.625
Luca Brecel,Jiang Jun,9,0.7153313779464554,0.5914589784327801,659,382,4421,2384,47,20,328,158,222,109,933,501,235,116,328,158,0.0,0.7142857142857143
Zhang Anda,Graeme Dott,9,0.6709840397710257,0.5713839816769324,502,262,3514,1796,1197,697,8562,4600,337,169,964,530,207,106,730,381,0.0,0.5555555555555556
Mark Allen,David Lilley,9,0.8267252595018073,0.6490805242445733,1109,738,7859,4467,276,138,1639,823,522,292,1351,770,236,118,595,291,0.0,1.0
Wu Yize,Mark Allen,9,0.3996254479222332,0.45884333184977194,145,80,997,519,1109,738,7859,4467,351,196,783,423,522,292,1351,770,0.0,0.5555555555555556
Kyren Wilson,Zhou Yuelong,9,0.8305589863516776,0.6513548646660542,1082,693,6911,3914,520,306,3270,1759,712,419,1604,943,219,105,962,506,0.0,0.625
Ricky Walden,Dylan Emery,9,0.6569871207564459,0.5652507475670999,1182,697,7950,4343,140,63,793,386,331,168,1009,530,211,104,519,256,0.0,0.625
Alexander Ursenbacher,Ali Carter,9,0.29382252753435445,0.4127763091606651,296,134,1793,862,1351,832,9109,5028,178,89,465,229,440,234,1297,718,0.0,1.0
Judd Trump,Joe O'Connor,9,0.8608272920014749,0.6704011598088686,1489,1074,10336,6255,318,157,1994,1003,677,426,1898,1166,322,167,802,418,0.0,1.0
Elliot Slessor,Mark Selby,9,0.33458597162621984,0.43106679063045344,404,203,2462,1223,1594,1088,11356,6607,357,198,786,414,488,275,1418,805,0.0,0.5555555555555556
Yuan Sijun,Ross Muir,9,0.7492413698670223,0.6076631698328917,288,151,1838,953,301,119,1911,877,253,137,740,417,171,75,506,235,0.0,0.7142857142857143
Neil Robertson,Hammad Miah,9,0.9202164313080865,0.7165678145577145,1307,869,9547,5503,299,118,1908,859,448,271,1162,672,133,52,459,205,0.0,0.5555555555555556
Shaun Murphy,Thepchaiya Un-Nooh,9,0.6003745520777666,0.541156668150228,1390,912,10027,5692,582,339,4004,2139,395,218,1067,603,233,127,751,411,0.0,1.0
Anthony McGill,Luca Brecel,9,0.4311492878986184,0.4719046255916129,770,457,5104,2768,659,382,4421,2384,161,77,713,382,222,109,933,501,0.0,0.7142857142857143
Jak Jones,John Higgins,9,0.31799585449737267,0.42372507750673466,423,211,2787,1348,1907,1343,14744,8689,441,245,950,515,565,319,1529,877,0.0,0.625
Aaron Hill,Jimmy Robertson,9,0.42963586636796786,0.4712816430485603,139,64,811,388,764,418,4969,2588,190,90,605,306,253,122,822,429,0.0,0.8333333333333334
Barry Hawkins,Ben Woollaston,9,0.7468086860638347,0.6064704870683034,1372,859,9451,5295,849,478,5364,2845,430,237,1113,635,235,124,656,339,0.0,0.625
Xiao Guodong,Si Jiahui,9,0.613690137008763,0.5467381519846138,785,457,4962,2725,212,121,1428,768,411,230,1143,617,431,243,1004,548,0.0,0.5555555555555556
Tom Ford,Daniel Wells,9,0.5445070087292267,0.5181170650431814,963,549,6522,3473,538,269,3535,1772,279,135,1012,529,214,107,612,336,0.0,0.7142857142857143
Zhang Anda,Robert Milkins,9,0.6527423440531748,0.5634067862621936,502,262,3514,1796,1153,663,7977,4252,337,169,964,530,235,106,1018,510,0.0,0.7142857142857143
Wu Yize,Alexander Ursenbacher,9,0.7455874700303385,0.6058736684317606,145,80,997,519,296,134,1793,862,351,196,783,423,178,89,465,229,0.0,0.7142857142857143
Kyren Wilson,Jak Jones,9,0.7762613643327039,0.6212835951910678,1082,693,6911,3914,423,211,2787,1348,712,419,1604,943,441,245,950,515,0.0,0.625
Yuan Sijun,Shaun Murphy,9,0.33458597162621984,0.43106679063045344,288,151,1838,953,1390,912,10027,5692,253,137,740,417,395,218,1067,603,0.0,0.5555555555555556
Neil Robertson,Judd Trump,9,0.3234855672463619,0.42616874240839064,1307,869,9547,5503,1489,1074,10336,6255,448,271,1162,672,677,426,1898,1166,0.0,0.7142857142857143
Anthony McGill,Zhang Anda,9,0.3936911903272074,0.4563613127629212,770,457,5104,2768,502,262,3514,1796,161,77,713,382,337,169,964,530,0.0,0.7142857142857143
Aaron Hill,Tom Ford,9,0.3775092526157308,0.4495472886604723,139,64,811,388,963,549,6522,3473,190,90,605,306,279,135,1012,529,0.0,0.625
Xiao Guodong,Elliot Slessor,9,0.6723703942210427,0.5719961329315186,785,457,4962,2725,404,203,2462,1223,411,230,1143,617,357,198,786,414,0.0,0.8333333333333334
Kyren Wilson,Anthony McGill,9,0.8566349080562111,0.6676332571171155,1082,693,6911,3914,770,457,5104,2768,712,419,1604,943,161,77,713,382,0.0,0.5555555555555556
Yuan Sijun,Neil Robertson,9,0.2655479256086079,0.3995117254730337,288,151,1838,953,1307,869,9547,5503,253,137,740,417,448,271,1162,672,0.0,0.5555555555555556
Barry Hawkins,Wu Yize,9,0.6210284680300693,0.549833997312478,1372,859,9451,5295,145,80,997,519,430,237,1113,635,351,196,783,423,0.0,0.625
Xiao Guodong,Aaron Hill,9,0.8178889041226648,0.643938555965633,785,457,4962,2725,139,64,811,388,411,230,1143,617,190,90,605,306,0.0,1.0
Kyren Wilson,Xiao Guodong,11,0.6793165623060362,0.5683199834782481,1082,693,6911,3914,785,457,4962,2725,712,419,1604,943,411,230,1143,617,0.0,0.75
Barry Hawkins,Yuan Sijun,11,0.7411666221738994,0.5944759307482401,1372,859,9451,5295,288,151,1838,953,430,237,1113,635,253,137,740,417,0.0,0.75
Kyren Wilson,Barry Hawkins,19,0.6882331723925365,0.5553966483205892,1082,693,6911,3914,1372,859,9451,5295,712,419,1604,943,430,237,1113,635,0.0,0.5263157894736842
Ding Junhui,Abdulraouf Sayegh,7,0.9631776445107532,0.7941296281990528,1017,676,7836,4463,2,0,12,4,0,0,750,412,0,0,7,3,0.0,1.0
Zhang Anda,Ahmed Abdullah Aseeri,7,0.9261623827014096,0.7464939833376621,505,264,3537,1808,4,2,23,10,23,12,774,425,0,0,0,0,0.0,1.0
Ding Junhui,Shaun Murphy,7,0.5177671819164105,0.5081242849062608,1017,676,7836,4463,1393,914,10046,5706,0,0,750,412,19,14,814,467,0.0,1.0
Luca Brecel,Zhang Anda,7,0.4645031181885513,0.48375571893792757,661,383,4435,2391,505,264,3537,1808,14,7,638,334,23,12,774,425,0.0,1.0
Mark Williams,Judd Trump,7,0.36735805091226303,0.4384389296638045,1820,1194,13295,7635,1492,1076,10355,6267,7,2,801,466,19,12,1331,838,0.0,0.5714285714285714
Ronnie O'Sullivan,Ding Junhui,7,0.5259570402770714,0.5118727677562528,1544,1176,13337,8133,1017,676,7836,4463,0,0,790,475,0,0,750,412,0.0,1.0
Luca Brecel,Kyren Wilson,7,0.2109251036503855,0.35663485430559827,661,383,4435,2391,1088,699,6971,3950,14,7,638,334,60,36,1182,696,0.0,0.5714285714285714
Mark Allen,Mark Selby,7,0.5314106943491967,0.5143710406970602,1111,739,7873,4476,1596,1089,11372,6616,14,9,935,526,16,9,1059,598,0.0,0.6666666666666666
Luca Brecel,Mark Williams,7,0.2739765592815067,0.3917409692534856,661,383,4435,2391,1820,1194,13295,7635,14,7,638,334,7,2,801,466,0.0,0.6666666666666666
Mark Allen,Ronnie O'Sullivan,7,0.4781366606027012,0.4900013331200346,1111,739,7873,4476,1544,1176,13337,8133,14,9,935,526,0,0,790,475,0.0,0.6666666666666666
Mark Allen,Luca Brecel,9,0.7088074446636303,0.5884351201276382,1111,739,7873,4476,661,383,4435,2391,14,9,935,526,14,7,638,334,0.0,0.8333333333333334
Long Zehuang,Mitchell Mann,9,0.7516609934098428,0.6088545692109504,91,46,521,264,391,175,2359,1107,8,3,362,186,6,1,196,89,0.0,0.7142857142857143
Zhou Yuelong,Ma Hailong,9,0.731942685280923,0.5992881635083561,522,307,3285,1767,56,22,349,162,15,8,651,337,9,4,349,162,0.0,0.8333333333333334
Wu Yize,Robbie Mcguigan,9,0.9558147913138959,0.7562999700991855,149,83,1027,537,79,27,381,159,30,18,626,337,5,0,155,62,0.0,1.0
Ben Woollaston,Simon Blackwell,9,0.8352701649709137,0.654188113761243,852,480,5384,2858,75,36,394,200,20,13,494,260,6,1,161,80,0.0,0.7142857142857143
Kyren Wilson,Hammad Miah,9,0.9249966076249283,0.7211151780228631,1089,699,6978,3953,303,121,1939,878,60,36,1189,699,31,19,350,160,0.0,0.7142857142857143
Gary Wilson,Gong Chenzhi,9,0.7841272219045134,0.6253923497205511,755,433,4863,2607,41,21,274,139,9,4,802,416,16,8,274,139,0.0,0.8333333333333334
Robbie Williams,Ian Burns,9,0.6063088096727929,0.5436386872370789,576,308,3682,1888,512,248,3219,1594,7,2,505,267,9,4,364,173,0.0,0.5555555555555556
Daniel Wells,Ross Muir,9,0.659805489406344,0.5664790559676278,541,271,3559,1784,304,121,1932,889,24,12,481,256,21,12,370,172,0.0,0.7142857142857143
Ricky Walden,Hatem Yassen,9,0.953416723175366,0.7530600904213377,1185,700,7974,4358,20,1,115,22,24,15,710,363,8,3,28,12,0.0,1.0
Hossein Vafaei,Ben Mertens,9,0.7357020581715297,0.6010878788483698,349,210,2414,1286,115,52,696,346,0,0,665,376,9,4,421,212,0.0,0.625
Thepchaiya Un-Nooh,Andrew Higginson,9,0.7623857644063681,0.6141996427768951,585,341,4022,2149,896,511,6190,3340,18,10,528,295,9,4,365,176,0.0,0.625
Judd Trump,Xing Zihao,9,0.9635443145661157,0.7676341173216251,1493,1076,10362,6270,46,19,289,133,19,12,1338,841,11,5,289,133,0.0,1.0
Chris Totten,Stuart Bingham,9,0.1302597819391192,0.3235510666515204,112,40,653,268,1529,964,10583,5992,8,3,221,112,5,0,761,407,0.0,0.8333333333333334
Zak Surety,Si Jiahui,9,0.2593296623755984,0.3965167501352737,270,124,1559,750,214,122,1442,777,14,8,404,199,14,9,828,461,0.0,1.0
Matthew Stevens,David Grace,9,0.5869351044529159,0.5355648379838539,1148,660,8646,4679,498,230,3245,1571,7,2,451,230,20,12,383,177,0.0,0.7142857142857143
Akani Songsermsawad,Mark Williams,9,0.18918494086761764,0.36008390326226586,241,129,1585,818,1822,1195,13308,7641,14,6,155,85,7,2,814,472,0.0,0.7142857142857143
Elliot Slessor,Jonas Luz,9,0.9571376761655908,0.7581383462750919,407,205,2483,1234,7,1,35,8,21,11,651,356,6,1,35,8,0.0,0.8333333333333334
Ishpreet Singh Chadha,Dominic Dale,9,0.43417929822605655,0.4731508513108857,61,33,362,187,1126,625,7788,4091,7,2,362,187,8,5,427,218,0.0,0.5555555555555556
Yuan Sijun,Haydon Pinhey,9,0.8188851011711408,0.6445115537062945,293,155,1877,975,125,56,666,314,39,22,522,291,12,5,310,151,0.0,1.0
Xu Si,Zou Pengfei,9,0.9012433396788231,0.7000424476024744,223,99,1442,672,0,0,0,0,15,9,496,251,0,0,0,0,0.0,0.625
Mark Selby,Artemijs Zizins,9,0.9037896404126933,0.702138068199835,1597,1089,11378,6618,29,16,170,88,16,9,1065,600,25,12,170,88,0.0,0.5555555555555556
Amir Sarkhosh,David Gilbert,9,0.09558176542737183,0.29733934565526854,47,20,304,150,975,574,6678,3618,8,3,162,77,5,0,677,378,0.0,0.625
Noppon Saengkham,Dean Young,9,0.8315084197134864,0.6519223788927313,483,252,3276,1657,121,46,650,276,9,4,670,355,15,8,343,148,0.0,0.8333333333333334
Jimmy Robertson,Haris Tahir,9,0.8148787714569037,0.6422170929574377,767,420,4991,2599,28,14,176,83,22,11,584,304,8,3,151,71,0.0,0.625
Manasawin Phetmalaikul,Matthew Selt,9,0.05247780616014644,0.25445338587359734,67,19,383,148,898,488,5792,3018,5,0,216,79,9,4,796,416,0.0,0.7142857142857143
Joe Perry,Kreishh Gurbaxani,9,0.8148787714569037,0.6422170929574377,1400,809,9603,5177,37,14,198,88,9,4,487,240,9,4,156,71,0.0,1.0
Tian Pengfei,Yulu Bai,9,0.8333964892426636,0.6530561132866127,578,315,3786,1989,26,8,175,64,7,2,399,195,15,6,175,64,0.0,0.8333333333333334
Jackson Page,Ashley Carty,9,0.7381925501749662,0.6022861768886306,225,116,1442,722,296,138,1725,845,12,6,526,277,8,3,340,167,0.0,0.8333333333333334
Martin O'Donnell,Bulcsú Révész,9,0.6968827791173715,0.5829754542011996,532,271,3275,1654,35,16,228,110,5,0,453,231,15,8,228,110,0.0,0.5555555555555556
Joe O'Connor,Alexander Ursenbacher,9,0.5794210585254325,0.5324543063873187,321,159,2011,1013,301,138,1826,884,17,10,620,330,33,22,391,203,0.0,0.625
Shaun Murphy,Mostafa Dorgham,9,0.9602987778868245,0.7626928317357139,1394,914,10050,5706,33,7,220,76,19,14,818,467,8,3,210,76,0.0,0.625
Stan Moody,Zhang Anda,9,0.3601113940716554,0.4421354272792655,77,34,470,231,507,265,3545,1812,14,9,395,195,23,12,782,429,0.0,0.625
Robert Milkins,Farakh Ajaib,9,0.7204972079640919,0.5938731029341427,1155,664,7993,4259,166,71,913,419,16,7,797,387,16,8,196,95,0.0,0.7142857142857143
Anthony McGill,Reanne Evans,9,0.9743482151425049,0.7866752721841397,775,461,5141,2792,224,62,1257,470,37,24,511,273,14,6,223,65,0.0,1.0
Jack Lisowski,Julien Leclercq,9,0.8198777056686509,0.645084137572727,825,503,5398,2957,87,38,494,229,8,3,793,437,13,6,363,171,0.0,0.625
David Lilley,Cao Jin,9,0.8591609654110055,0.669295402777446,278,139,1649,828,4,1,26,7,10,5,437,211,0,0,20,7,0.0,0.5555555555555556
Peifan Lei,Anthony Hamilton,9,0.7035360054960305,0.5860112044388707,141,71,862,425,1061,598,7761,4079,8,3,324,171,7,2,371,171,0.0,0.5555555555555556
Antoni Kowalski,Paul Deaville,9,0.6626145055415718,0.5677065480733601,63,34,343,174,38,18,189,90,20,11,219,114,8,3,155,76,0.0,0.8333333333333334
Pang Junxu,Ken Doherty,9,0.8488646678121341,0.6626218371700825,201,111,1313,686,1292,745,10161,5459,9,4,749,408,23,10,293,118,0.0,0.7142857142857143
Ding Junhui,Jiang Jun,9,0.853217103541739,0.665410558746814,1020,678,7848,4471,50,22,348,170,0,0,762,420,20,12,348,170,0.0,0.8333333333333334
Duane Jones,Fan Zhengyi,9,0.2655479256086079,0.3995117254730337,341,153,2029,984,207,93,1310,612,7,2,327,157,16,8,586,314,0.0,0.625
Jak Jones,Allan Taylor,9,0.7896412769224667,0.6283161882953663,426,213,2811,1361,465,214,2730,1310,24,13,768,422,23,13,382,187,0.0,1.0
Jamie Jones,Liam Pullen,9,0.7127306132952813,0.5902502519301834,689,403,4494,2409,64,29,376,175,5,0,474,223,9,4,306,141,0.0,0.625
Zhou Jinhao,Sanderson Lam,9,0.27311346845733875,0.40311562174023297,10,4,67,29,288,114,1754,770,0,0,67,29,9,4,435,205,0.0,0.8333333333333334
Liu Hongyu,Siripaporn Nuanthakhamjan,9,0.9612074891119589,0.7640475997974661,62,31,387,205,28,0,159,29,15,7,344,180,7,2,159,29,0.0,1.0
Aaron Hill,Mink Nutcharut,9,0.9361749444828573,0.7325306102876052,144,68,846,408,54,5,307,89,35,20,450,229,8,3,240,70,0.0,1.0
John Higgins,Wang Yuchen,9,0.8863064712697625,0.6883678768310286,1909,1344,14760,8697,114,45,727,319,16,8,1079,630,16,7,217,113,0.0,0.5555555555555556
Louis Heathcote,Jamie Clarke,9,0.5673362271953684,0.5274723043445937,219,102,1274,624,350,173,2105,1042,7,2,456,234,9,4,404,191,0.0,0.8333333333333334
Barry Hawkins,Cheung Ka Wai,9,0.9005987447198918,0.6995172276624274,1377,863,9503,5325,43,24,257,145,52,30,858,491,23,13,203,111,0.0,0.8333333333333334
Lyu Haotian,Oliver Lines,9,0.5490878352749592,0.5199893401555818,359,183,2349,1172,396,191,2386,1168,14,6,562,292,9,4,448,223,0.0,0.7142857142857143
He Guoqiang,Huang Jiahao,9,0.8774764322222064,0.6818962645895934,85,48,540,279,44,16,228,94,9,5,457,247,6,1,125,54,0.0,1.0
Xiao Guodong,Dylan Emery,9,0.864117564265544,0.6726070170677604,790,461,4998,2747,143,65,817,399,36,22,862,474,24,13,418,203,0.0,1.0
Tom Ford,Ahmed Aly Elsayed,9,0.9751748273219457,0.788348634008099,965,550,6537,3481,29,0,148,25,15,8,747,388,5,0,148,25,0.0,0.8333333333333334
Graeme Dott,Jimmy White,9,0.7588407806226307,0.6124209393479161,1199,698,8576,4609,1588,849,13161,6786,14,9,424,218,7,2,331,132,0.0,0.8333333333333334
Scott Donaldson,Wang Yuhang,9,0.889841863716281,0.6910430124157229,506,267,3246,1651,0,0,0,0,7,2,435,222,0,0,0,0,0.0,1.0
Ryan Day,Marco Fu,9,0.5261277964586326,0.5106234010049637,1333,786,8799,4783,983,573,7328,3966,8,3,691,351,8,3,340,171,0.0,0.7142857142857143
Mark Davis,Liam Davies,9,0.8583224919882384,0.668741821102192,1332,790,9140,4969,61,29,352,163,14,8,466,251,12,5,229,105,0.0,0.5555555555555556
Ali Carter,Joshua Thomond,9,0.9234293253223331,0.7196043690484492,1352,832,9114,5028,85,35,457,213,5,0,925,510,16,7,171,78,0.0,0.5555555555555556
Stuart Carrington,Daniel Womersley,9,0.7281552136873749,0.5974857658270161,529,279,3339,1735,116,55,592,283,13,8,382,195,0,0,173,81,0.0,0.7142857142857143
Alfie Burden,Stephen Maguire,9,0.31390588840468353,0.4218947671156908,825,427,5841,2961,1221,787,8907,4993,22,14,403,201,6,1,548,290,0.0,0.5555555555555556
Jordan Brown,Liam Graham,9,0.7516609934098428,0.6088545692109504,352,178,2169,1076,70,26,365,146,9,4,539,253,23,10,244,90,0.0,0.8333333333333334
Luca Brecel,Iulian Boiko,9,0.8267252595018073,0.6490805242445733,665,386,4458,2404,119,45,670,292,14,7,661,347,13,6,340,176,0.0,0.625
Mark Allen,Thor Chuan Leong,9,0.8834175494976392,0.6862186708976811,1114,742,7891,4489,201,75,1261,563,14,9,953,539,17,9,318,157,0.0,0.5555555555555556
Zhou Yuelong,Manasawin Phetmalaikul,9,0.9431194043528308,0.7402945416674501,522,307,3285,1767,67,19,383,148,15,8,651,337,5,0,216,79,0.0,0.8333333333333334
Wu Yize,Jackson Page,9,0.6210284680300693,0.549833997312478,149,83,1027,537,225,116,1442,722,30,18,626,337,12,6,526,277,0.0,0.5555555555555556
Ben Woollaston,Amir Sarkhosh,9,0.8616551521813485,0.6709533329057776,852,480,5384,2858,47,20,304,150,20,13,494,260,8,3,162,77,0.0,1.0
Kyren Wilson,Peifan Lei,9,0.8333964892426636,0.6530561132866127,1089,699,6978,3953,141,71,862,425,60,36,1189,699,8,3,324,171,0.0,0.8333333333333334
Daniel Wells,Gary Wilson,9,0.43721337891955414,0.47439741167538224,541,271,3559,1784,755,433,4863,2607,24,12,481,256,9,4,802,416,0.0,0.5555555555555556
Hossein Vafaei,Yuan Sijun,9,0.46314122895623555,0.4850044983805899,349,210,2414,1286,293,155,1877,975,0,0,665,376,39,22,522,291,0.0,0.5555555555555556
Judd Trump,Long Zehuang,9,0.906900923551623,0.7047456979980911,1493,1076,10362,6270,91,46,521,264,19,12,1338,841,8,3,362,186,0.0,0.8333333333333334
Zak Surety,Jordan Brown,9,0.609266333359509,0.5448788923735801,270,124,1559,750,352,178,2169,1076,14,8,404,199,9,4,539,253,0.0,0.5555555555555556
Elliot Slessor,Lyu Haotian,9,0.5944158213362583,0.538672605206508,407,205,2483,1234,359,183,2349,1172,21,11,651,356,14,6,562,292,0.0,0.7142857142857143
Xu Si,Robert Milkins,9,0.5322627512389814,0.5131219861822433,223,99,1442,672,1155,664,7993,4259,15,9,496,251,16,7,797,387,0.0,0.625
Jimmy Robertson,Noppon Saengkham,9,0.4070775233607099,0.4619487156141408,767,420,4991,2599,483,252,3276,1657,22,11,584,304,9,4,670,355,0.0,0.625
Joe O'Connor,Alfie Burden,9,0.7048581689623228,0.5866175789173301,321,159,2011,1013,825,427,5841,2961,17,10,620,330,22,14,403,201,0.0,0.8333333333333334
Shaun Murphy,Zhou Jinhao,9,0.9620983818090073,0.7653970126407402,1394,914,10050,5706,10,4,67,29,19,14,818,467,0,0,67,29,0.0,1.0
Stan Moody,Graeme Dott,9,0.48769736295316923,0.4950001666600003,77,34,470,231,1199,698,8576,4609,14,9,395,195,14,9,424,218,0.0,0.7142857142857143
Jack Lisowski,Scott Donaldson,9,0.6765144327536381,0.5738312575916094,825,503,5398,2957,506,267,3246,1651,8,3,793,437,7,2,435,222,0.0,0.7142857142857143
David Lilley,Mark Allen,9,0.1433650919437889,0.3323667428828845,278,139,1649,828,1114,742,7891,4489,10,5,437,211,14,9,953,539,0.0,0.5555555555555556
Antoni Kowalski,Matthew Stevens,9,0.31799585449737267,0.42372507750673466,63,34,343,174,1148,660,8646,4679,20,11,219,114,7,2,451,230,0.0,0.625
Pang Junxu,Anthony McGill,9,0.5475616243336275,0.519365308229932,201,111,1313,686,775,461,5141,2792,9,4,749,408,37,24,511,273,0.0,1.0
Ding Junhui,Joe Perry,9,0.8453183804092873,0.660382673079216,1020,678,7848,4471,1400,809,9603,5177,0,0,762,420,9,4,487,240,0.0,0.7142857142857143
Duane Jones,Xiao Guodong,9,0.11513122622051847,0.31270571980279593,341,153,2029,984,790,461,4998,2747,7,2,327,157,36,22,862,474,0.0,0.5555555555555556
Liu Hongyu,Mark Selby,9,0.2192230652047451,0.37636637170177395,62,31,387,205,1597,1089,11378,6618,15,7,344,180,16,9,1065,600,0.0,0.7142857142857143
Michael Holt,Martin O'Donnell,9,0.5475616243336275,0.519365308229932,1030,580,7157,3775,532,271,3275,1654,7,2,296,154,5,0,453,231,0.0,0.625
Aaron Hill,Akani Songsermsawad,9,0.48769736295316923,0.4950001666600003,144,68,846,408,241,129,1585,818,35,20,450,229,14,6,155,85,0.0,0.625
John Higgins,Mark Davis,9,0.731942685280923,0.5992881635083561,1909,1344,14760,8697,1332,790,9140,4969,16,8,1079,630,14,8,466,251,0.0,0.8333333333333334
Louis Heathcote,Stuart Carrington,9,0.5536617994848322,0.5218610539716015,219,102,1274,624,529,279,3339,1735,7,2,456,234,13,8,382,195,0.0,0.625
Barry Hawkins,Jamie Jones,9,0.8713152214887023,0.6775422953274692,1377,863,9503,5325,689,403,4494,2409,52,30,858,491,5,0,474,223,0.0,0.7142857142857143
Tom Ford,Ishpreet Singh Chadha,9,0.7022109959534144,0.585404569129465,965,550,6537,3481,61,33,362,187,15,8,747,388,7,2,362,187,0.0,0.5555555555555556
Ali Carter,He Guoqiang,9,0.6195643657627519,0.5492151291013335,1352,832,9114,5028,85,48,540,279,5,0,925,510,9,5,457,247,0.0,0.625
Zhou Yuelong,Kyren Wilson,9,0.18918494086761764,0.36008390326226586,522,307,3285,1767,1089,699,6978,3953,15,8,651,337,60,36,1189,699,0.0,0.5555555555555556
Zak Surety,Duane Jones,9,0.6003745520777666,0.541156668150228,270,124,1559,750,341,153,2029,984,14,8,404,199,7,2,327,157,0.0,0.5555555555555556
Xu Si,Stan Moody,9,0.5322627512389814,0.5131219861822433,223,99,1442,672,77,34,470,231,15,9,496,251,14,9,395,195,0.0,0.625
Jimmy Robertson,Aaron Hill,9,0.49692386016813683,0.49875000260416025,767,420,4991,2599,144,68,846,408,22,11,584,304,35,20,450,229,0.0,0.5555555555555556
Joe O'Connor,Judd Trump,9,0.15290131676053062,0.33849684079704756,321,159,2011,1013,1493,1076,10362,6270,17,10,620,330,19,12,1338,841,0.0,0.7142857142857143
Shaun Murphy,Thepchaiya Un-Nooh,9,0.609266333359509,0.5448788923735801,1394,914,10050,5706,585,341,4022,2149,19,14,818,467,18,10,528,295,0.0,1.0
David Lilley,Wu Yize,9,0.22034677075439496,0.37695333963338384,278,139,1649,828,149,83,1027,537,10,5,437,211,30,18,626,337,0.0,0.5555555555555556
Pang Junxu,Tian Pengfei,9,0.7419044412047486,0.6040813228693781,201,111,1313,686,578,315,3786,1989,9,4,749,408,7,2,399,195,0.0,0.625
Ding Junhui,Hossein Vafaei,9,0.7192102444974917,0.5932699921071872,1020,678,7848,4471,349,210,2414,1286,0,0,762,420,0,0,665,376,0.0,0.625
Liu Hongyu,Elliot Slessor,9,0.3317960811303977,0.42984097461816473,62,31,387,205,407,205,2483,1234,15,7,344,180,21,11,651,356,0.0,0.5555555555555556
Michael Holt,Antoni Kowalski,9,0.6928574316362668,0.5811509642893937,1030,580,7157,3775,63,34,343,174,7,2,296,154,20,11,219,114,0.0,0.8333333333333334
John Higgins,Robbie Williams,9,0.8056549199917152,0.6370307944803831,1909,1344,14760,8697,576,308,3682,1888,16,8,1079,630,7,2,505,267,0.0,0.625
Barry Hawkins,Ben Woollaston,9,0.731942685280923,0.5992881635083561,1377,863,9503,5325,852,480,5384,2858,52,30,858,491,20,13,494,260,0.0,0.5555555555555556
Tom Ford,Daniel Wells,9,0.5460346743259274,0.5187412158785352,965,550,6537,3481,541,271,3559,1784,15,8,747,388,24,12,481,256,0.0,0.625
Ryan Day,Louis Heathcote,9,0.5988871099602557,0.5405358392737893,1333,786,8799,4783,219,102,1274,624,8,3,691,351,7,2,456,234,0.0,0.7142857142857143
Ali Carter,Jack Lisowski,9,0.45243837566637274,0.4806346917700681,1352,832,9114,5028,825,503,5398,2957,5,0,925,510,8,3,793,437,0.0,0.5555555555555556
Zak Surety,Liu Hongyu,9,0.4815498876457767,0.4925005624493796,270,124,1559,750,62,31,387,205,14,8,404,199,15,7,344,180,0.0,0.7142857142857143
Joe O'Connor,Michael Holt,9,0.609266333359509,0.5448788923735801,321,159,2011,1013,1030,580,7157,3775,17,10,620,330,7,2,296,154,0.0,0.625
Shaun Murphy,Ding Junhui,9,0.44481517986127356,0.4775151752081999,1394,914,10050,5706,1020,678,7848,4471,19,14,818,467,0,0,762,420,0.0,0.7142857142857143
Pang Junxu,Xu Si,9,0.6527423440531748,0.5634067862621936,201,111,1313,686,223,99,1442,672,9,4,749,408,15,9,496,251,0.0,0.7142857142857143
John Higgins,Zhou Yuelong,9,0.7268865315426611,0.596884378259767,1909,1344,14760,8697,522,307,3285,1767,16,8,1079,630,15,8,651,337,0.0,0.5555555555555556
Barry Hawkins,Ryan Day,9,0.773982891815793,0.6201064323430902,1377,863,9503,5325,1333,786,8799,4783,52,30,858,491,8,3,691,351,0.0,0.625
Tom Ford,Jimmy Robertson,9,0.5673362271953684,0.5274723043445937,965,550,6537,3481,767,420,4991,2599,15,8,747,388,22,11,584,304,0.0,0.625
Ali Carter,David Lilley,9,0.6833700957830113,0.5768852611320463,1352,832,9114,5028,278,139,1649,828,5,0,925,510,10,5,437,211,0.0,0.8333333333333334
Zak Surety,Tom Ford,9,0.38630986299123704,0.45326184801538616,270,124,1559,750,965,550,6537,3481,14,8,404,199,15,8,747,388,0.0,0.625
Joe O'Connor,Shaun Murphy,9,0.33458597162621984,0.43106679063045344,321,159,2011,1013,1394,914,10050,5706,17,10,620,330,19,14,818,467,0.0,0.8333333333333334
John Higgins,Pang Junxu,9,0.6569871207564459,0.5652507475670999,1909,1344,14760,8697,201,111,1313,686,16,8,1079,630,9,4,749,408,0.0,1.0
Ali Carter,Barry Hawkins,9,0.28466862205354465,0.40854102156721994,1352,832,9114,5028,1377,863,9503,5325,5,0,925,510,52,30,858,491,0.0,0.5555555555555556
Joe O'Connor,Ali Carter,11,0.4729513273017054,0.4900013331200346,321,159,2011,1013,1352,832,9114,5028,17,10,620,330,5,0,925,510,0.0,0.6666666666666666
John Higgins,Zak Surety,11,0.8564268061981422,0.6530561132866127,1909,1344,14760,8697,270,124,1559,750,16,8,1079,630,14,8,404,199,0.0,0.5454545454545454
John Higgins,Joe O'Connor,19,0.7986145671173226,0.5938731029341427,1909,1344,14760,8697,321,159,2011,1013,16,8,1079,630,17,10,620,330,0.0,0.625
Gary Wilson,Chris Wakelin,5,0.38909696303965713,0.44028635073280703,757,434,4878,2616,457,250,2937,1527,24,13,817,425,7,2,852,471,0.0,0.75
Chris Wakelin,Ryan Day,5,0.6120249765400066,0.5603296426885532,457,250,2937,1527,1336,788,8821,4796,7,2,852,471,30,16,713,364,0.0,0.75
Chris Wakelin,Hossein Vafaei,5,0.5962298160217396,0.5516896693427,457,250,2937,1527,352,212,2439,1299,7,2,852,471,25,13,690,389,0.0,0.6
Chris Wakelin,Jak Jones,5,0.5199128830889571,0.5106234010049637,457,250,2937,1527,427,214,2816,1366,7,2,852,471,29,18,773,427,0.0,0.6
Hossein Vafaei,Ryan Day,5,0.5164012271242515,0.5087491068802403,352,212,2439,1299,1336,788,8821,4796,25,13,690,389,30,16,713,364,0.0,1.0
Hossein Vafaei,Gary Wilson,5,0.5152303532348836,0.5081242849062608,352,212,2439,1299,757,434,4878,2616,25,13,690,389,24,13,817,425,0.0,0.75
Hossein Vafaei,Jak Jones,5,0.42317910919977986,0.45884333184977194,352,212,2439,1299,427,214,2816,1366,25,13,690,389,29,18,773,427,0.0,0.6
Hossein Vafaei,Elliot Slessor,5,0.46722764612604145,0.48250714233361025,352,212,2439,1299,410,207,2505,1248,25,13,690,389,43,25,673,370,0.0,0.75
Elliot Slessor,Chris Wakelin,5,0.43585008275662585,0.4656790563306954,410,207,2505,1248,457,250,2937,1527,43,25,673,370,7,2,852,471,0.0,0.75
Elliot Slessor,Gary Wilson,5,0.5479210075858741,0.5256025883246178,410,207,2505,1248,757,434,4878,2616,43,25,673,370,24,13,817,425,0.0,0.6
Pang Junxu,Gary Wilson,5,0.5825528969218903,0.5442588584178731,206,115,1345,706,757,434,4878,2616,41,24,781,428,24,13,817,425,0.0,0.6
Pang Junxu,Hossein Vafaei,5,0.5676133584967381,0.5361866202317948,206,115,1345,706,352,212,2439,1299,41,24,781,428,25,13,690,389,0.0,1.0
Pang Junxu,Elliot Slessor,5,0.5351068809607274,0.5187412158785352,206,115,1345,706,410,207,2505,1248,41,24,781,428,43,25,673,370,0.0,0.75
Pang Junxu,Chris Wakelin,5,0.47073170731370345,0.4843800842769844,206,115,1345,706,457,250,2937,1527,41,24,781,428,7,2,852,471,0.0,1.0
Jak Jones,Pang Junxu,5,0.5093740625937418,0.5049998333399998,427,214,2816,1366,206,115,1345,706,29,18,773,427,41,24,781,428,0.0,1.0
Jak Jones,Elliot Slessor,5,0.5444310026134622,0.523732154126561,427,214,2816,1366,410,207,2505,1248,29,18,773,427,43,25,673,370,0.0,0.75
Jak Jones,Gary Wilson,5,0.5916840725093613,0.5492151291013335,427,214,2816,1366,757,434,4878,2616,29,18,773,427,24,13,817,425,0.0,0.6
Ryan Day,Gary Wilson,5,0.49882812683105177,0.4993750003255206,1336,788,8821,4796,757,434,4878,2616,30,16,713,364,24,13,817,425,0.0,1.0
Ryan Day,Jak Jones,5,0.4071782065026308,0.45016600268752216,1336,788,8821,4796,427,214,2816,1366,30,16,713,364,29,18,773,427,0.0,1.0
Ryan Day,Pang Junxu,5,0.4163029406965494,0.45512110762641994,1336,788,8821,4796,206,115,1345,706,30,16,713,364,41,24,781,428,0.0,0.6
Ryan Day,Elliot Slessor,5,0.45091653617011773,0.4737740906279313,1336,788,8821,4796,410,207,2505,1248,30,16,713,364,43,25,673,370,0.0,0.75
Hossein Vafaei,Ryan Day,5,0.5164012271242515,0.5087491068802403,352,212,2439,1299,1336,788,8821,4796,25,13,690,389,30,16,713,364,0.0,0.75
Jak Jones,Pang Junxu,5,0.5093740625937418,0.5049998333399998,427,214,2816,1366,206,115,1345,706,29,18,773,427,41,24,781,428,0.0,0.75
Hossein Vafaei,Jak Jones,5,0.42317910919977986,0.45884333184977194,352,212,2439,1299,427,214,2816,1366,25,13,690,389,29,18,773,427,0.0,0.75
Chris Wakelin,Pang Junxu,5,0.5292682926862966,0.5156199157230156,457,250,2937,1527,206,115,1345,706,7,2,852,471,41,24,781,428,0.0,0.75
Chris Wakelin,Ryan Day,7,0.6300664956451868,0.5603296426885532,457,250,2937,1527,1336,788,8821,4796,7,2,852,471,30,16,713,364,0.0,1.0
Chris Wakelin,Robert Milkins,7,0.7099919234270913,0.5998883688639983,457,250,2937,1527,1157,665,8008,4267,7,2,852,471,31,15,812,395,0.0,1.0
Robert Milkins,Jak Jones,5,0.3354820857214928,0.4103545214372688,1157,665,8008,4267,427,214,2816,1366,31,15,812,395,29,18,773,427,0.0,0.75
Robert Milkins,Ryan Day,5,0.424327677877833,0.4594641607262107,1157,665,8008,4267,1336,788,8821,4796,31,15,812,395,30,16,713,364,0.0,0.75
Robert Milkins,Ali Carter,5,0.3790368287562745,0.43474925243290014,1157,665,8008,4267,1358,837,9164,5056,31,15,812,395,55,28,975,538,0.0,0.6
Pang Junxu,Robert Milkins,5,0.6559731969251956,0.584797674717737,206,115,1345,706,1157,665,8008,4267,41,24,781,428,31,15,812,395,0.0,0.75
Pang Junxu,Ali Carter,7,0.5436568604546561,0.5199893401555818,206,115,1345,706,1358,837,9164,5056,41,24,781,428,55,28,975,538,0.0,0.6
Jak Jones,Chris Wakelin,5,0.480087116911043,0.4893765989950364,427,214,2816,1366,457,250,2937,1527,29,18,773,427,7,2,852,471,0.0,1.0
Jak Jones,Ali Carter,5,0.5467581048282663,0.52497918747894,427,214,2816,1366,1358,837,9164,5056,29,18,773,427,55,28,975,538,0.0,0.6
Jak Jones,Pang Junxu,5,0.5093740625937418,0.5049998333399998,427,214,2816,1366,206,115,1345,706,29,18,773,427,41,24,781,428,0.0,1.0
Si Jiahui,Jak Jones,5,0.47073170731370345,0.4843800842769844,215,122,1447,777,427,214,2816,1366,19,9,833,461,29,18,773,427,0.0,0.6
Si Jiahui,Pang Junxu,5,0.480087116911043,0.4893765989950364,215,122,1447,777,206,115,1345,706,19,9,833,461,41,24,781,428,0.0,1.0
Si Jiahui,Ryan Day,5,0.5641499172433742,0.5343209436693046,215,122,1447,777,1336,788,8821,4796,19,9,833,461,30,16,713,364,0.0,0.75
Si Jiahui,Chris Wakelin,5,0.45091653617011773,0.4737740906279313,215,122,1447,777,457,250,2937,1527,19,9,833,461,7,2,852,471,0.0,0.6
Si Jiahui,Robert Milkins,7,0.6592810606298003,0.574442516811659,215,122,1447,777,1157,665,8008,4267,19,9,833,461,31,15,812,395,0.0,0.75
Ryan Day,Pang Junxu,5,0.4163029406965494,0.45512110762641994,1336,788,8821,4796,206,115,1345,706,30,16,713,364,41,24,781,428,0.0,1.0
Ryan Day,Jak Jones,7,0.3920645840647391,0.45016600268752216,1336,788,8821,4796,427,214,2816,1366,30,16,713,364,29,18,773,427,0.0,0.6
Ali Carter,Ryan Day,5,0.5467581048282663,0.52497918747894,1358,837,9164,5056,1336,788,8821,4796,55,28,975,538,30,16,713,364,0.0,0.6
Ali Carter,Chris Wakelin,5,0.43354050968264723,0.4644351620161461,1358,837,9164,5056,457,250,2937,1527,55,28,975,538,7,2,852,471,0.0,0.75
Ali Carter,Si Jiahui,7,0.47950179614537025,0.4906260984783392,1358,837,9164,5056,215,122,1447,777,55,28,975,538,19,9,833,461,0.0,0.75
Jak Jones,Ali Carter,5,0.5467581048282663,0.52497918747894,427,214,2816,1366,1358,837,9164,5056,29,18,773,427,55,28,975,538,0.0,0.75
Si Jiahui,Chris Wakelin,5,0.45091653617011773,0.4737740906279313,215,122,1447,777,457,250,2937,1527,19,9,833,461,7,2,852,471,0.0,0.6
Si Jiahui,Jak Jones,5,0.47073170731370345,0.4843800842769844,215,122,1447,777,427,214,2816,1366,19,9,833,461,29,18,773,427,0.0,0.6
Kyren Wilson,Jak Jones,5,0.671919682062295,0.5938731029341427,1092,701,7000,3967,427,214,2816,1366,82,50,1211,713,29,18,773,427,0.0,0.75
Kyren Wilson,Chris Wakelin,5,0.6538232022339039,0.5835831155172753,1092,701,7000,3967,457,250,2937,1527,82,50,1211,713,7,2,852,471,0.0,0.75
Kyren Wilson,Ali Carter,5,0.7127504569085797,0.617747874769249,1092,701,7000,3967,1358,837,9164,5056,82,50,1211,713,55,28,975,538,0.0,0.6
Kyren Wilson,Robert Milkins,5,0.805968439354845,0.6775422953274692,1092,701,7000,3967,1157,665,8008,4267,82,50,1211,713,31,15,812,395,0.0,0.75
Kyren Wilson,Ronnie O'Sullivan,5,0.5629942332606505,0.5336988354329009,1092,701,7000,3967,1546,1177,13347,8139,82,50,1211,713,0,0,800,481,0.0,0.75
Chris Wakelin,Ali Carter,5,0.5664594903173529,0.5355648379838539,457,250,2937,1527,1358,837,9164,5056,7,2,852,471,55,28,975,538,0.0,1.0
Chris Wakelin,Ronnie O'Sullivan,5,0.4060413356537326,0.4495472886604723,457,250,2937,1527,1546,1177,13347,8139,7,2,852,471,0,0,800,481,0.0,0.6
Mark Selby,Chris Wakelin,5,0.49882812683105177,0.4993750003255206,1599,1090,11394,6625,457,250,2937,1527,32,16,1081,607,7,2,852,471,0.0,1.0
Mark Selby,Jak Jones,5,0.518742502998949,0.5099986668799655,1599,1090,11394,6625,427,214,2816,1366,32,16,1081,607,29,18,773,427,0.0,1.0
Mark Selby,Ali Carter,5,0.5653050064173626,0.5349429451582145,1599,1090,11394,6625,1358,837,9164,5056,32,16,1081,607,55,28,975,538,0.0,0.75
Mark Selby,Ronnie O'Sullivan,5,0.4049053248517203,0.448928730692658,1599,1090,11394,6625,1546,1177,13347,8139,32,16,1081,607,0,0,800,481,0.0,0.6
Mark Selby,Robert Milkins,5,0.6813292184661539,0.5992881635083561,1599,1090,11394,6625,1157,665,8008,4267,32,16,1081,607,31,15,812,395,0.0,0.75
Mark Selby,Kyren Wilson,5,0.34510112163681234,0.4158094770645927,1599,1090,11394,6625,1092,701,7000,3967,32,16,1081,607,82,50,1211,713,0.0,0.75
Ronnie O'Sullivan,Jak Jones,5,0.6131459012867562,0.5609454503247162,1546,1177,13347,8139,427,214,2816,1366,0,0,800,481,29,18,773,427,0.0,0.6
Robert Milkins,Ronnie O'Sullivan,5,0.23926655799738164,0.35262969241845105,1157,665,8008,4267,1546,1177,13347,8139,31,15,812,395,0,0,800,481,0.0,0.6
Robert Milkins,Chris Wakelin,5,0.31763291654146486,0.40011163113600173,1157,665,8008,4267,457,250,2937,1527,31,15,812,395,7,2,852,471,0.0,0.6
Jak Jones,Robert Milkins,5,0.6645179142785071,0.5896454785627312,427,214,2816,1366,1157,665,8008,4267,29,18,773,427,31,15,812,395,0.0,0.6
Jak Jones,Chris Wakelin,5,0.480087116911043,0.4893765989950364,427,214,2816,1366,457,250,2937,1527,29,18,773,427,7,2,852,471,0.0,0.6
Ali Carter,Robert Milkins,5,0.6209631712437256,0.5652507475670999,1358,837,9164,5056,1157,665,8008,4267,55,28,975,538,31,15,812,395,0.0,1.0
Ali Carter,Jak Jones,5,0.4532418951717338,0.47502081252106,1358,837,9164,5056,427,214,2816,1366,55,28,975,538,29,18,773,427,0.0,1.0
Kyren Wilson,Ali Carter,5,0.7127504569085797,0.617747874769249,1092,701,7000,3967,1358,837,9164,5056,82,50,1211,713,55,28,975,538,0.0,0.6
Jak Jones,Mark Selby,5,0.48125749700105125,0.4900013331200346,427,214,2816,1366,1599,1090,11394,6625,29,18,773,427,32,16,1081,607,0.0,0.75
Kyren Wilson,Jak Jones,5,0.671919682062295,0.5938731029341427,1092,701,7000,3967,427,214,2816,1366,82,50,1211,713,29,18,773,427,0.0,0.6
Matthew Selt,Joe O'Connor,5,0.4026359228886278,0.4476920904256748,899,488,5799,3020,328,165,2071,1050,16,6,803,418,77,47,680,367,0.0,0.6
Matthew Selt,Jimmy Robertson,5,0.5490834638298823,0.5262259093720687,899,488,5799,3020,771,423,5024,2617,16,6,803,418,55,29,617,322,0.0,0.75
Matthew Selt,Jackson Page,5,0.44859300598100715,0.47252769565540637,899,488,5799,3020,227,117,1457,731,16,6,803,418,27,15,541,286,0.0,0.75
Mark Selby,Jackson Page,5,0.5699192060024199,0.5374298453437496,1599,1090,11394,6625,227,117,1457,731,32,16,1081,607,27,15,541,286,0.0,0.75
Mark Selby,Jimmy Robertson,5,0.6655796568538406,0.5902502519301834,1599,1090,11394,6625,771,423,5024,2617,32,16,1081,607,55,29,617,322,0.0,0.6
Mark Selby,Jak Jones,5,0.518742502998949,0.5099986668799655,1599,1090,11394,6625,427,214,2816,1366,32,16,1081,607,29,18,773,427,0.0,0.75
Mark Selby,Matthew Selt,5,0.6198496125403973,0.5646362918030292,1599,1090,11394,6625,899,488,5799,3020,32,16,1081,607,16,6,803,418,0.0,0.6
Jimmy Robertson,Jackson Page,5,0.4003700793483155,0.4464560968488817,771,423,5024,2617,227,117,1457,731,55,29,617,322,27,15,541,286,0.0,0.75
Jackson Page,Jak Jones,5,0.44859300598100715,0.47252769565540637,227,117,1457,731,427,214,2816,1366,27,15,541,286,29,18,773,427,0.0,0.6
Joe O'Connor,Jackson Page,5,0.5467581048282663,0.52497918747894,328,165,2071,1050,227,117,1457,731,77,47,680,367,27,15,541,286,0.0,1.0
Joe O'Connor,Mark Selby,5,0.47657713928723755,0.4875026035157896,328,165,2071,1050,1599,1090,11394,6625,77,47,680,367,32,16,1081,607,0.0,0.6
Joe O'Connor,Jimmy Robertson,5,0.6440823753606748,0.5781052328843092,328,165,2071,1050,771,423,5024,2617,77,47,680,367,55,29,617,322,0.0,0.75
Joe O'Connor,Jak Jones,5,0.4953126171845704,0.49750002083312506,328,165,2071,1050,427,214,2816,1366,77,47,680,367,29,18,773,427,0.0,0.6
Jak Jones,Stuart Bingham,5,0.5490834638298823,0.5262259093720687,427,214,2816,1366,1530,964,10589,5993,29,18,773,427,11,1,767,408,0.0,1.0
Jak Jones,Jimmy Robertson,5,0.6484247428452856,0.5805423048206596,427,214,2816,1366,771,423,5024,2617,29,18,773,427,55,29,617,322,0.0,0.75
Jak Jones,Matthew Selt,5,0.6018921274654135,0.5547792351072148,427,214,2816,1366,899,488,5799,3020,29,18,773,427,16,6,803,418,0.0,0.75
Stuart Bingham,Mark Selby,5,0.4323866415032619,0.4638133797682053,1530,964,10589,5993,1599,1090,11394,6625,11,1,767,408,32,16,1081,607,0.0,1.0
Stuart Bingham,Joe O'Connor,5,0.4555689973865378,0.4762678458734389,1530,964,10589,5993,328,165,2071,1050,11,1,767,408,77,47,680,367,0.0,1.0
Stuart Bingham,Jimmy Robertson,5,0.6018921274654135,0.5547792351072148,1530,964,10589,5993,771,423,5024,2617,11,1,767,408,55,29,617,322,0.0,0.6
Stuart Bingham,Jackson Page,5,0.5023437353516541,0.5012499973958399,1530,964,10589,5993,227,117,1457,731,11,1,767,408,27,15,541,286,0.0,0.75
Stuart Bingham,Matthew Selt,5,0.5537286100231147,0.5287183569514396,1530,964,10589,5993,899,488,5799,3020,11,1,767,408,16,6,803,418,0.0,0.75
Mark Selby,Joe O'Connor,5,0.5234228607127622,0.5124973964842103,1599,1090,11394,6625,328,165,2071,1050,32,16,1081,607,77,47,680,367,0.0,0.75
Jak Jones,Stuart Bingham,5,0.5490834638298823,0.5262259093720687,427,214,2816,1366,1530,964,10589,5993,29,18,773,427,11,1,767,408,0.0,0.6
Mark Selby,Jak Jones,5,0.518742502998949,0.5099986668799655,1599,1090,11394,6625,427,214,2816,1366,32,16,1081,607,29,18,773,427,0.0,1.0
Judd Trump,Joe O'Connor,5,0.7186439649886105,0.6212835951910678,1496,1078,10380,6282,328,165,2071,1050,37,24,1356,853,77,47,680,367,0.0,0.6
Judd Trump,Jak Jones,5,0.7147219959028013,0.6189278548001903,1496,1078,10380,6282,427,214,2816,1366,37,24,1356,853,29,18,773,427,0.0,0.75
Judd Trump,Neil Robertson,5,0.6153846686052461,0.5621765008857981,1496,1078,10380,6282,1311,872,9578,5522,37,24,1356,853,31,19,780,438,0.0,1.0
Judd Trump,Stuart Bingham,5,0.7544397107772243,0.6433651456944017,1496,1078,10380,6282,1530,964,10589,5993,37,24,1356,853,11,1,767,408,0.0,0.75
Judd Trump,Tom Ford,5,0.7956248745035547,0.6704011598088686,1496,1078,10380,6282,970,554,6576,3504,37,24,1356,853,54,31,786,411,0.0,0.75
Matthew Selt,Stuart Bingham,5,0.4462713899768853,0.4712816430485603,899,488,5799,3020,1530,964,10589,5993,16,6,803,418,11,1,767,408,0.0,0.6
Matthew Selt,Judd Trump,5,0.20599753577229885,0.33070459722255396,899,488,5799,3020,1496,1078,10380,6282,16,6,803,418,37,24,1356,853,0.0,0.6
Matthew Selt,Tom Ford,5,0.5023437353516541,0.5012499973958399,899,488,5799,3020,970,554,6576,3504,16,6,803,418,54,31,786,411,0.0,0.75
Neil Robertson,Stuart Bingham,5,0.6548988783631877,0.5841905229354074,1311,872,9578,5522,1530,964,10589,5993,31,19,780,438,11,1,767,408,0.0,0.75
Neil Robertson,Matthew Selt,5,0.7027890371807617,0.6118273690017371,1311,872,9578,5522,899,488,5799,3020,31,19,780,438,16,6,803,418,0.0,0.6
Joe O'Connor,Neil Robertson,5,0.3868540987132437,0.43905454967528373,328,165,2071,1050,1311,872,9578,5522,77,47,680,367,31,19,780,438,0.0,1.0
Joe O'Connor,Matthew Selt,5,0.5973640771113724,0.5523079095743253,328,165,2071,1050,899,488,5799,3020,77,47,680,367,16,6,803,418,0.0,0.6
Jak Jones,Tom Ford,5,0.6041506196887392,0.5560138905446199,427,214,2816,1366,970,554,6576,3504,29,18,773,427,54,31,786,411,0.0,0.75
Jak Jones,Matthew Selt,5,0.6018921274654135,0.5547792351072148,427,214,2816,1366,899,488,5799,3020,29,18,773,427,16,6,803,418,0.0,1.0
Jak Jones,Neil Robertson,5,0.39134384883894247,0.44151888756183866,427,214,2816,1366,1311,872,9578,5522,29,18,773,427,31,19,780,438,0.0,0.75
Jak Jones,Stuart Bingham,5,0.5490834638298823,0.5262259093720687,427,214,2816,1366,1530,964,10589,5993,29,18,773,427,11,1,767,408,0.0,1.0
Jak Jones,Joe O'Connor,5,0.5046873828154295,0.5024999791668749,427,214,2816,1366,328,165,2071,1050,29,18,773,427,77,47,680,367,0.0,0.75
Tom Ford,Joe O'Connor,5,0.4003700793483155,0.4464560968488817,970,554,6576,3504,328,165,2071,1050,54,31,786,411,77,47,680,367,0.0,0.6
Tom Ford,Neil Robertson,5,0.2952050048366186,0.38698582386066455,970,554,6576,3504,1311,872,9578,5522,54,31,786,411,31,19,780,438,0.0,1.0
Stuart Bingham,Tom Ford,5,0.5560482267070074,0.5299640517645717,1530,964,10589,5993,970,554,6576,3504,11,1,767,408,54,31,786,411,0.0,0.75
Stuart Bingham,Joe O'Connor,5,0.4555689973865378,0.4762678458734389,1530,964,10589,5993,328,165,2071,1050,11,1,767,408,77,47,680,367,0.0,0.6
Judd Trump,Joe O'Connor,5,0.7186439649886105,0.6212835951910678,1496,1078,10380,6282,328,165,2071,1050,37,24,1356,853,77,47,680,367,0.0,0.6
Matthew Selt,Jak Jones,5,0.3981078725345865,0.4452207648927852,899,488,5799,3020,427,214,2816,1366,16,6,803,418,29,18,773,427,0.0,0.75
Matthew Selt,Judd Trump,5,0.20599753577229885,0.33070459722255396,899,488,5799,3020,1496,1078,10380,6282,16,6,803,418,37,24,1356,853,0.0,1.0
Judd Trump,Noppon Saengkham,5,0.786599574359141,0.6642964428999887,1496,1078,10380,6282,485,253,3290,1665,37,24,1356,853,23,12,684,363,0.0,0.6
Judd Trump,Tom Ford,5,0.7956248745035547,0.6704011598088686,1496,1078,10380,6282,970,554,6576,3504,37,24,1356,853,54,31,786,411,0.0,1.0
Judd Trump,Jak Jones,5,0.7147219959028013,0.6189278548001903,1496,1078,10380,6282,427,214,2816,1366,37,24,1356,853,29,18,773,427,0.0,0.75
Judd Trump,Jack Lisowski,5,0.7340441511188396,0.6306485256510744,1496,1078,10380,6282,828,505,5422,2971,37,24,1356,853,32,17,817,451,0.0,0.6
Noppon Saengkham,Tom Ford,5,0.5128881883269052,0.5068745667645342,485,253,3290,1665,970,554,6576,3504,23,12,684,363,54,31,786,411,0.0,0.75
Noppon Saengkham,Jack Lisowski,5,0.43123339947212014,0.46319171001101955,485,253,3290,1665,828,505,5422,2971,23,12,684,363,32,17,817,451,0.0,0.75
Noppon Saengkham,David Gilbert,5,0.43931887717855383,0.4675456936126812,485,253,3290,1665,976,574,6686,3621,23,12,684,363,13,3,685,381,0.0,0.75
Joe O'Connor,Judd Trump,5,0.2813560350113895,0.37871640480893215,328,165,2071,1050,1496,1078,10380,6282,77,47,680,367,37,24,1356,853,0.0,0.75
Joe O'Connor,Jack Lisowski,5,0.518742502998949,0.5099986668799655,328,165,2071,1050,828,505,5422,2971,77,47,680,367,32,17,817,451,0.0,1.0
Joe O'Connor,David Gilbert,5,0.5269308649588145,0.5143710406970602,328,165,2071,1050,976,574,6686,3621,77,47,680,367,13,3,685,381,0.0,1.0
Joe O'Connor,Jak Jones,5,0.4953126171845704,0.49750002083312506,328,165,2071,1050,427,214,2816,1366,77,47,680,367,29,18,773,427,0.0,1.0
Joe O'Connor,Noppon Saengkham,5,0.587124886219757,0.5467381519846138,328,165,2071,1050,485,253,3290,1665,77,47,680,367,23,12,684,363,0.0,1.0
Joe O'Connor,Tom Ford,5,0.5996299206516844,0.5535439031511183,328,165,2071,1050,970,554,6576,3504,77,47,680,367,54,31,786,411,0.0,0.75
Jack Lisowski,Jak Jones,5,0.47657713928723755,0.4875026035157896,828,505,5422,2971,427,214,2816,1366,32,17,817,451,29,18,773,427,0.0,0.75
Jak Jones,Noppon Saengkham,5,0.5916840725093613,0.5492151291013335,427,214,2816,1366,485,253,3290,1665,29,18,773,427,23,12,684,363,0.0,0.75
Jak Jones,Tom Ford,5,0.6041506196887392,0.5560138905446199,427,214,2816,1366,970,554,6576,3504,29,18,773,427,54,31,786,411,0.0,0.75
David Gilbert,Jak Jones,5,0.4683953746377971,0.48313140430861523,976,574,6686,3621,427,214,2816,1366,13,3,685,381,29,18,773,427,0.0,0.75
David Gilbert,Tom Ford,5,0.5733730992985561,0.5392938058983595,976,574,6686,3621,970,554,6576,3504,13,3,685,381,54,31,786,411,0.0,1.0
David Gilbert,Judd Trump,5,0.2593666185416439,0.3652845846208415,976,574,6686,3621,1496,1078,10380,6282,13,3,685,381,37,24,1356,853,0.0,0.75
David Gilbert,Jack Lisowski,5,0.4917975030036759,0.4956251116502266,976,574,6686,3621,828,505,5422,2971,13,3,685,381,32,17,817,451,0.0,0.75
Tom Ford,Jack Lisowski,5,0.4185920253008928,0.4563613127629212,970,554,6576,3504,828,505,5422,2971,54,31,786,411,32,17,817,451,0.0,1.0
Judd Trump,David Gilbert,5,0.7406333814583561,0.6347154153791584,1496,1078,10380,6282,976,574,6686,3621,37,24,1356,853,13,3,685,381,0.0,0.75
Joe O'Connor,Noppon Saengkham,5,0.587124886219757,0.5467381519846138,328,165,2071,1050,485,253,3290,1665,77,47,680,367,23,12,684,363,0.0,0.6
Judd Trump,Joe O'Connor,5,0.7186439649886105,0.6212835951910678,1496,1078,10380,6282,328,165,2071,1050,37,24,1356,853,77,47,680,367,0.0,1.0
Zhou Yuelong,Noppon Saengkham,5,0.5444310026134622,0.523732154126561,526,310,3315,1786,485,253,3290,1665,45,27,681,356,23,12,684,363,0.0,0.6
Zhou Yuelong,Joe O'Connor,5,0.45673317538964675,0.4768914745109111,526,310,3315,1786,328,165,2071,1050,45,27,681,356,77,47,680,367,0.0,1.0
Ricky Walden,Joe O'Connor,5,0.3947215513809864,0.44336904007774663,1186,701,7979,4363,328,165,2071,1050,29,20,715,368,77,47,680,367,0.0,0.6
Ricky Walden,Noppon Saengkham,5,0.48125749700105125,0.4900013331200346,1186,701,7979,4363,485,253,3290,1665,29,20,715,368,23,12,684,363,0.0,0.75
Ricky Walden,David Gilbert,5,0.4208841086347308,0.45760205922564895,1186,701,7979,4363,976,574,6686,3621,29,20,715,368,13,3,685,381,0.0,0.6
Ricky Walden,Jak Jones,5,0.3902199079950799,0.440902528097607,1186,701,7979,4363,427,214,2816,1366,29,20,715,368,29,18,773,427,0.0,1.0
Ricky Walden,Xiao Guodong,5,0.30836288588779653,0.39472346622515553,1186,701,7979,4363,792,462,5012,2756,29,20,715,368,50,31,876,483,0.0,0.75
Ricky Walden,Zhou Yuelong,5,0.4370057667393497,0.4663011645670992,1186,701,7979,4363,526,310,3315,1786,29,20,715,368,45,27,681,356,0.0,0.75
Noppon Saengkham,David Gilbert,5,0.43931887717855383,0.4675456936126812,485,253,3290,1665,976,574,6686,3621,23,12,684,363,13,3,685,381,0.0,0.75
Noppon Saengkham,Joe O'Connor,5,0.412875113780243,0.45326184801538616,485,253,3290,1665,328,165,2071,1050,23,12,684,363,77,47,680,367,0.0,1.0
Xiao Guodong,David Gilbert,5,0.6187349736700456,0.5640216374262577,792,462,5012,2756,976,574,6686,3621,50,31,876,483,13,3,685,381,0.0,0.75
Xiao Guodong,Joe O'Connor,5,0.5928217934973694,0.549833997312478,792,462,5012,2756,328,165,2071,1050,50,31,876,483,77,47,680,367,0.0,0.6
Xiao Guodong,Zhou Yuelong,5,0.6342383043394371,0.5726080638632601,792,462,5012,2756,526,310,3315,1786,50,31,876,483,45,27,681,356,0.0,0.75
Xiao Guodong,Noppon Saengkham,5,0.6750697933135998,0.5956807306078472,792,462,5012,2756,485,253,3290,1665,50,31,876,483,23,12,684,363,0.0,0.75
David Gilbert,Zhou Yuelong,5,0.5164012271242515,0.5087491068802403,976,574,6686,3621,526,310,3315,1786,13,3,685,381,45,27,681,356,0.0,0.75
David Gilbert,Joe O'Connor,5,0.4730691350411855,0.4856289593029398,976,574,6686,3621,328,165,2071,1050,13,3,685,381,77,47,680,367,0.0,0.75
Xiao Guodong,Noppon Saengkham,5,0.6750697933135998,0.5956807306078472,792,462,5012,2756,485,253,3290,1665,50,31,876,483,23,12,684,363,0.0,1.0
David Gilbert,Ricky Walden,5,0.5791158913652692,0.542397940774351,976,574,6686,3621,1186,701,7979,4363,13,3,685,381,29,20,715,368,0.0,0.6
Xiao Guodong,David Gilbert,5,0.6187349736700456,0.5640216374262577,792,462,5012,2756,976,574,6686,3621,50,31,876,483,13,3,685,381,0.0,0.6
Kyren Wilson,Hossein Vafaei,5,0.7378206707294854,0.6329747766804606,1092,701,7000,3967,352,212,2439,1299,82,50,1211,713,25,13,690,389,0.0,0.75
Kyren Wilson,Si Jiahui,5,0.6977447588697662,0.6088545692109504,1092,701,7000,3967,215,122,1447,777,82,50,1211,713,19,9,833,461,0.0,0.6
Kyren Wilson,Matthew Selt,5,0.7580478951370674,0.6456563062257954,1092,701,7000,3967,899,488,5799,3020,82,50,1211,713,16,6,803,418,0.0,1.0
Hossein Vafaei,Si Jiahui,5,0.45207899241412597,0.47439741167538224,352,212,2439,1299,215,122,1447,777,25,13,690,389,19,9,833,461,0.0,1.0
Hossein Vafaei,Xiao Guodong,5,0.3386758544402013,0.41217046151748854,352,212,2439,1299,792,462,5012,2756,25,13,690,389,50,31,876,483,0.0,1.0
Hossein Vafaei,Matthew Selt,5,0.5257617676645827,0.513746534902355,352,212,2439,1299,899,488,5799,3020,25,13,690,389,16,6,803,418,0.0,1.0
Judd Trump,Matthew Selt,5,0.794002464227701,0.669295402777446,1496,1078,10380,6282,899,488,5799,3020,37,24,1356,853,16,6,803,418,0.0,0.6
Judd Trump,Kyren Wilson,5,0.5490834638298823,0.5262259093720687,1496,1078,10380,6282,1092,701,7000,3967,37,24,1356,853,82,50,1211,713,0.0,1.0
Judd Trump,Hossein Vafaei,5,0.7756138085243847,0.6570104626734988,1496,1078,10380,6282,352,212,2439,1299,37,24,1356,853,25,13,690,389,0.0,0.6
Judd Trump,Xiao Guodong,5,0.6353369950989738,0.5732197726798348,1496,1078,10380,6282,792,462,5012,2756,37,24,1356,853,50,31,876,483,0.0,0.6
Judd Trump,Mark Selby,5,0.6987569478302973,0.6094497836283252,1496,1078,10380,6282,1599,1090,11394,6625,37,24,1356,853,32,16,1081,607,0.0,0.6
Judd Trump,Si Jiahui,5,0.7387601225796558,0.633555377636775,1496,1078,10380,6282,215,122,1447,777,37,24,1356,853,19,9,833,461,0.0,0.75
Matthew Selt,Si Jiahui,5,0.42662690070144405,0.4607061941016405,899,488,5799,3020,215,122,1447,777,16,6,803,418,19,9,833,461,0.0,0.75
Matthew Selt,Mark Selby,5,0.38015038745960283,0.4353637081969708,899,488,5799,3020,1599,1090,11394,6625,16,6,803,418,32,16,1081,607,0.0,0.6
Mark Selby,Xiao Guodong,5,0.4300807939975804,0.46257015465625045,1599,1090,11394,6625,792,462,5012,2756,32,16,1081,607,50,31,876,483,0.0,0.6
Mark Selby,Si Jiahui,5,0.5479210075858741,0.5256025883246178,1599,1090,11394,6625,215,122,1447,777,32,16,1081,607,19,9,833,461,0.0,0.6
Mark Selby,Kyren Wilson,5,0.34510112163681234,0.4158094770645927,1599,1090,11394,6625,1092,701,7000,3967,32,16,1081,607,82,50,1211,713,0.0,0.75
Mark Selby,Hossein Vafaei,5,0.5950946751482796,0.551071269307342,1599,1090,11394,6625,352,212,2439,1299,32,16,1081,607,25,13,690,389,0.0,1.0
Si Jiahui,Xiao Guodong,5,0.38349750758420054,0.43720825986135486,215,122,1447,777,792,462,5012,2756,19,9,833,461,50,31,876,483,0.0,0.6
Xiao Guodong,Matthew Selt,5,0.6844381447775079,0.6010878788483698,792,462,5012,2756,899,488,5799,3020,50,31,876,483,16,6,803,418,0.0,1.0
Xiao Guodong,Kyren Wilson,5,0.4117340918258475,0.45264238185691075,792,462,5012,2756,1092,701,7000,3967,50,31,876,483,82,50,1211,713,0.0,1.0
Kyren Wilson,Judd Trump,5,0.45091653617011773,0.4737740906279313,1092,701,7000,3967,1496,1078,10380,6282,82,50,1211,713,37,24,1356,853,0.0,1.0
Mark Selby,Hossein Vafaei,5,0.5950946751482796,0.551071269307342,1599,1090,11394,6625,352,212,2439,1299,32,16,1081,607,25,13,690,389,0.0,0.75
Mark Selby,Kyren Wilson,5,0.34510112163681234,0.4158094770645927,1599,1090,11394,6625,1092,701,7000,3967,32,16,1081,607,82,50,1211,713,0.0,1.0
