player1,player2,best_of,player1_elo,player2_elo,elo_match_win_rate,elo_frame_win_rate,p1_matches_played,p1_matches_won,p1_frames_played,p1_frames_won,p2_matches_played,p2_matches_won,p2_frames_played,p2_frames_won,p1_frames_played_1_year,p1_frames_won_1_year,p1_frames_played_3_years,p1_frames_won_3_years,p2_frames_played_1_year,p2_frames_won_1_year,p2_frames_played_3_years,p2_frames_won_3_years,score1,score2,match_result,win_percentage,tournament_id
Chen Zifan,Gao Le,7,1026,961,0.5880916350836762,0.5405358392737893,25,11,144,64,4,0,20,4,20,5,132,58,0,0,20,4,4,0,0.0,1.0,1079
Niu Zhuang,Meng Jing,7,1013,1000,0.5177671819164105,0.5081242849062608,21,7,118,45,0,0,0,0,17,7,85,30,0,0,0,0,4,0,0.0,1.0,1079
Ji Zhijun,Long Zehuang,7,1003,977,0.5354968818114487,0.5162442810620724,6,2,32,14,6,2,33,11,0,0,21,8,6,2,33,11,4,0,0.0,1.0,1079
Guan Zhen,Maihe Muti,7,1097,971,0.6667467241528153,0.5781052328843092,25,15,132,73,5,1,26,7,12,6,105,61,0,0,26,7,4,2,0.0,0.6666666666666666,1079
Chen Zhe,Feng Zeyuan,7,1175,978,0.7491668212476215,0.6206951913643555,158,80,964,483,8,1,42,14,43,22,419,193,6,2,42,14,4,2,0.0,0.6666666666666666,1079
Wang Zepeng,Zhou Fei,7,1074,1000,0.6000303895586184,0.5461185410457796,30,14,168,80,0,0,0,0,42,22,154,76,0,0,0,0,4,1,0.0,0.8,1079
Cao Yupeng,Liu Jiaming,7,1242,967,0.8247679763275149,0.665410558746814,175,88,1276,644,10,2,58,21,146,68,662,320,13,6,54,21,4,3,0.0,0.5714285714285714,1079
Li Yujin,Yan Bingtao,7,945,1205,0.1884511572375342,0.34298953732650117,10,1,54,16,33,17,223,116,5,1,38,10,85,40,223,116,4,2,0.0,0.6666666666666666,1079
Zhou Yuelong,Corey Deuel,7,1300,975,0.8642241097139457,0.6926419831347361,80,41,538,278,4,0,23,7,244,130,460,245,13,5,23,7,4,2,0.0,0.6666666666666666,1079
Wang Yuchen,Wang Shi,7,1013,967,0.5626145694127913,0.5287183569514396,24,7,144,53,3,0,13,1,28,9,108,42,0,0,13,1,4,2,0.0,0.6666666666666666,1079
Li Yuan,Cai Jianzhong,7,1072,1083,0.48496472766542054,0.4931254332354657,23,12,120,59,27,13,155,75,15,10,74,39,18,10,100,53,4,3,0.0,0.5714285714285714,1079
Zhang Yong,Ye Shaojun,7,1023,993,0.5409388610739393,0.5187412158785352,29,10,170,68,1,0,4,0,77,30,137,53,0,0,4,0,4,0,0.0,1.0,1079
Mei Xiwen,Li Weixue,7,1147,998,0.6946979044907379,0.5920629281648192,40,19,266,127,1,0,7,3,10,6,90,45,0,0,7,3,4,0,0.0,1.0,1079
Fang Xiongman,Zhang Yadong,7,1065,987,0.6053054839891849,0.5485961085831343,25,11,140,66,11,3,61,25,28,12,126,60,0,0,44,17,4,0,0.0,1.0,1079
Cao Xinlong,Tang Li,7,1032,1000,0.5436568604546561,0.5199893401555818,49,13,319,118,0,0,0,0,22,4,240,88,0,0,0,0,4,1,0.0,0.8,1079
Gary Wilson,Li Jiahao,7,1354,1000,0.883921914952807,0.7078572714244814,314,185,2024,1106,0,0,0,0,264,137,819,438,0,0,0,0,4,0,0.0,1.0,1079
Mark Williams,Pan Weixing,7,1562,1007,0.966766457931315,0.8001928324515694,1171,770,9081,5200,17,7,94,41,459,280,1361,796,9,5,65,29,4,1,0.0,0.8,1079
Thepchaiya Un-Nooh,Li Ningning,7,1413,997,0.9186926090001315,0.7388500060842489,218,126,1576,841,3,1,14,5,347,193,927,495,9,4,14,5,4,0,0.0,1.0,1079
Craig Steadman,Qi Guoxiao,7,1283,996,0.834882617465889,0.6720562626502714,358,200,2376,1261,1,0,5,1,189,87,744,368,5,1,5,1,4,3,0.0,0.5714285714285714,1079
Elliot Slessor,Lee Tszho,7,1177,1000,0.7271505015076656,0.6088545692109504,95,40,566,260,0,0,0,0,148,74,445,204,0,0,0,0,4,1,0.0,0.8,1079
Cheng Sihong,He Wenchong,7,1001,988,0.5177671819164105,0.5081242849062608,6,2,32,13,1,0,4,0,7,3,32,13,4,0,4,0,4,1,0.0,0.8,1079
Xu Si,Wong Yunshing,7,993,1000,0.4904306643721704,0.4956251116502266,9,3,49,16,0,0,0,0,5,1,49,16,0,0,0,0,4,1,0.0,0.8,1079
Lin Shuai,Qin Ge,7,1079,1000,0.6066210971235376,0.5492151291013335,34,16,200,92,0,0,0,0,52,23,159,71,0,0,0,0,4,2,0.0,0.6666666666666666,1079
Ahmed Saif,Long Yun,7,956,976,0.4726790179572131,0.4875026035157896,38,8,226,67,3,0,15,3,42,14,212,66,0,0,11,3,4,0,0.0,1.0,1079
Pa Ruke,Feng Yu,7,1030,1002,0.5382188233953898,0.5174928576663897,15,5,89,41,5,3,29,14,12,6,66,32,0,0,29,14,4,0,0.0,1.0,1079
Ju Reti,Song Yang,7,1165,970,0.7470110120975012,0.6195173196470847,28,19,153,90,4,0,22,6,4,0,123,72,5,1,22,6,4,2,0.0,0.6666666666666666,1079
Dechawat Poomjaeng,Ma Tingpeng,7,1310,1001,0.8523649112589072,0.6840614456522569,201,111,1445,739,15,5,81,35,232,118,1003,527,6,2,53,21,4,1,0.0,0.8,1079
Barry Pinches,Pang Junxu,7,1182,971,0.7639640378992283,0.6288998381516232,699,360,5494,2842,9,2,46,15,135,49,590,263,6,2,46,15,4,2,0.0,0.6666666666666666,1079
Sun Peng,Shan Xianshu,7,988,977,0.5150352723345792,0.5068745667645342,9,3,52,22,8,2,46,18,6,2,52,22,0,0,46,18,4,3,0.0,0.5714285714285714,1079
Sean O'Sullivan,Wu Shengguang,7,1264,989,0.8247679763275149,0.665410558746814,140,62,877,415,1,0,5,1,192,99,603,291,5,1,5,1,4,0,0.0,1.0,1079
Lu Ning,Liu Genxiang,7,1119,1000,0.6580301976734948,0.5738312575916094,59,19,411,174,0,0,0,0,130,49,299,120,0,0,0,0,4,0,0.0,1.0,1079
Geng Mingqi,Noppon Saengkham,7,984,1198,0.23293287554107978,0.36935147434892557,6,1,34,12,128,54,914,416,6,2,29,11,213,90,694,332,4,3,0.0,0.5714285714285714,1079
Rouzi Maimaiti,Li Yan,7,1068,1159,0.3776967488123118,0.44336904007774663,28,12,166,71,128,56,880,424,9,5,101,51,25,11,338,148,4,1,0.0,0.8,1079
Jin Long,Wang Heng,7,1213,1031,0.732748880507422,0.6118273690017371,137,61,1015,484,11,5,64,30,6,2,67,36,0,0,54,26,4,3,0.0,0.5714285714285714,1079
Zhong Lin,Gong Xiaoqing,7,1031,988,0.5585634499391967,0.5268491486891144,16,9,84,43,1,0,5,1,11,4,84,43,5,1,5,1,4,0,0.0,1.0,1079
Mark King,Tu Taojin,7,1382,1000,0.9008182724891151,0.7221196058493572,807,449,5980,3132,0,0,0,0,327,184,976,520,0,0,0,0,4,2,0.0,0.6666666666666666,1079
Chen Junhao,Liu Yiqi,7,967,969,0.4972656477862734,0.49875000260416025,7,1,34,9,5,1,26,8,4,0,34,9,0,0,20,6,4,1,0.0,0.8,1079
Tang Jun,A Bulajiang,7,1073,1016,0.5774056625100122,0.5355648379838539,24,12,128,63,7,1,42,15,8,4,84,47,0,0,5,1,4,2,0.0,0.6666666666666666,1079
Li Jian Bing,Cao Kaisheng,7,965,1040,0.3986489708076568,0.45326184801538616,12,2,82,29,14,5,77,31,0,0,16,4,7,3,34,15,4,3,0.0,0.5714285714285714,1079
Huang Jiahao,Sun Hongrui,7,1007,975,0.5436568604546561,0.5199893401555818,13,3,78,30,9,2,55,22,6,2,66,25,0,0,43,18,4,3,0.0,0.5714285714285714,1079
Luo Honghao,Fan Zhengyi,7,1057,1001,0.5760654606907909,0.5349429451582145,16,9,87,46,5,1,32,13,12,5,87,46,14,7,32,13,4,2,0.0,0.6666666666666666,1079
Lyu Haotian,Chen Ruifu,7,1141,1036,0.6403298636636867,0.5652507475670999,72,27,503,218,16,7,85,42,76,34,397,170,0,0,48,21,4,1,0.0,0.8,1079
Hu Hao,Wang Peng,7,1098,974,0.6642657784879786,0.5768852611320463,21,11,122,64,3,0,13,1,12,7,84,41,5,1,13,1,4,0,0.0,1.0,1079
He Guoqiang,Long Yong,7,978,1000,0.4699521739841547,0.486253465097645,9,3,47,18,0,0,0,0,12,5,47,18,0,0,0,0,4,1,0.0,0.8,1079
Tom Ford,Min Changqing,7,1347,980,0.892019728195359,0.7145324397353954,492,280,3547,1888,2,0,11,3,284,155,809,411,6,2,11,3,4,1,0.0,0.8,1079
Chen Feilong,Cui Ming,7,1082,1019,0.5854263042586716,0.5392938058983595,23,9,131,59,6,2,31,15,8,4,79,42,0,0,11,7,4,0,0.0,1.0,1079
Yu Delu,Xiong Jun,7,1314,956,0.8864609774555678,0.7099209183344533,202,103,1409,723,4,0,19,3,169,86,674,345,0,0,14,2,4,0,0.0,1.0,1079
Paul Davison,Zhao Xintong,7,1243,1351,0.3558484820461031,0.4329070950345457,605,324,4266,2195,69,40,442,250,175,87,671,332,129,82,373,211,4,3,0.0,0.5714285714285714,1079
Ma Chunmao,Li Yingdong,7,1082,964,0.6567774862994666,0.5732197726798348,18,9,93,52,4,0,19,3,16,10,75,42,6,2,14,2,4,2,0.0,0.6666666666666666,1079
Au Chi Wai,Dong Yong,7,1018,1000,0.5245927745980452,0.5112481019468548,27,10,161,64,0,0,0,0,12,6,79,41,0,0,0,0,4,2,0.0,0.6666666666666666,1079
Lyu Chenwei,Xu Yuan,7,1069,996,0.5987085312450529,0.5454987872127821,43,12,275,109,1,0,6,2,113,40,247,101,6,2,6,2,4,3,0.0,0.5714285714285714,1079
Alfie Burden,Wang Linkai,7,1258,1000,0.8097380368967944,0.6558828412078137,586,317,4284,2212,0,0,0,0,195,94,727,361,0,0,0,0,4,0,0.0,1.0,1079
Zhang Anda,Li Zhen,7,1299,960,0.8740190283398156,0.7000424476024744,228,111,1583,786,5,1,26,7,249,122,746,377,11,4,26,7,4,3,0.0,0.5714285714285714,1079
Chen Zifan,Geng Mingqi,7,1026,984,0.557211603425229,0.5262259093720687,25,11,144,64,6,1,34,12,20,5,132,58,6,2,29,11,4,3,0.0,0.5714285714285714,1079
Niu Zhuang,Matthew Selt,7,1013,1440,0.07610979697030519,0.2558788056967157,21,7,118,45,432,239,3043,1599,17,7,85,30,464,261,1087,607,4,1,0.0,0.8,1079
Wang Zepeng,Ma Yinzhu,7,1074,973,0.6352110684578025,0.5627917401386452,30,14,168,80,4,0,21,5,42,22,154,76,0,0,21,5,4,3,0.0,0.5714285714285714,1079
Cao Yupeng,Hu Hao,7,1242,1098,0.6887157040547041,0.5890404340586651,175,88,1276,644,21,11,122,64,146,68,662,320,12,7,84,41,4,0,0.0,1.0,1079
Zhou Yuelong,Ji Zhijun,7,1300,1003,0.8429989187038389,0.6775422953274692,80,41,538,278,6,2,32,14,244,130,460,245,0,0,21,8,4,1,0.0,0.8,1079
Wang Yuchen,Li Hang,7,1013,1352,0.12598097166018435,0.2999575523975257,24,7,144,53,175,89,1247,642,28,9,108,42,245,133,691,368,4,3,0.0,0.5714285714285714,1079
Li Yuan,Lyu Haotian,7,1072,1141,0.4065907825999159,0.4569816192756902,23,12,120,59,72,27,503,218,15,10,74,39,76,34,397,170,4,3,0.0,0.5714285714285714,1079
Zhang Yong,Dechawat Poomjaeng,7,1023,1310,0.16511738253411098,0.3279437373497286,29,10,170,68,201,111,1445,739,77,30,137,53,232,118,1003,527,4,1,0.0,0.8,1079
Fang Xiongman,Zhang Anda,7,1065,1299,0.2128707585790301,0.3577829070425624,25,11,140,66,228,111,1583,786,28,12,126,60,249,122,746,377,4,1,0.0,0.8,1079
Cao Xinlong,Lin Shuai,7,1032,1079,0.4360365854867152,0.47065874995421436,49,13,319,118,34,16,200,92,22,4,240,88,52,23,159,71,4,3,0.0,0.5714285714285714,1079
Ben Woollaston,Guan Zhen,7,1382,1097,0.8332252833962372,0.6709533329057776,443,257,2915,1562,25,15,132,73,346,184,987,531,12,6,105,61,4,1,0.0,0.8,1079
Mark Williams,Chen Zhe,7,1562,1175,0.9036241832308295,0.7246209144181192,1171,770,9081,5200,158,80,964,483,459,280,1361,796,43,22,419,193,4,3,0.0,0.5714285714285714,1079
Thepchaiya Un-Nooh,Li Jian Bing,7,1413,965,0.9330657308141019,0.7539887164489482,218,126,1576,841,12,2,82,29,347,193,927,495,0,0,16,4,4,2,0.0,0.6666666666666666,1079
Craig Steadman,Xu Si,7,1283,993,0.837347307313657,0.6737070994545215,358,200,2376,1261,9,3,49,16,189,87,744,368,5,1,49,16,4,2,0.0,0.6666666666666666,1079
Elliot Slessor,Tang Jun,7,1177,1073,0.6390526295107546,0.5646362918030292,95,40,566,260,24,12,128,63,148,74,445,204,8,4,84,47,4,3,0.0,0.5714285714285714,1079
Jimmy Robertson,Cheng Sihong,7,1329,1001,0.8663684234920509,0.6942363401080305,370,200,2491,1284,6,2,32,13,329,176,954,510,7,3,32,13,4,1,0.0,0.8,1079
Ju Reti,Zhong Lin,7,1165,1031,0.6765921632853334,0.5829754542011996,28,19,153,90,16,9,84,43,4,0,123,72,11,4,84,43,4,3,0.0,0.5714285714285714,1079
Barry Pinches,Chen Junhao,7,1182,967,0.7680961089120268,0.6312306626164005,699,360,5494,2842,7,1,34,9,135,49,590,263,4,0,34,9,4,1,0.0,0.8,1079
Joe Perry,Huang Jiahao,7,1510,1007,0.9528627310943327,0.7785954465118283,886,523,6421,3464,13,3,78,30,428,250,1405,799,6,2,66,25,4,0,0.0,1.0,1079
Tian Pengfei,Pa Ruke,7,1437,1030,0.9142318609422069,0.7344853437972199,297,173,1977,1072,15,5,89,41,254,150,825,460,12,6,66,32,4,2,0.0,0.6666666666666666,1079
Sean O'Sullivan,Scott Donaldson,7,1264,1227,0.5504420624351876,0.523108525489089,140,62,877,415,151,76,983,480,192,99,603,291,154,64,777,376,4,3,0.0,0.5714285714285714,1079
Lu Ning,Ahmed Saif,7,1119,956,0.7111524094404451,0.6004882745269664,59,19,411,174,38,8,226,67,130,49,299,120,42,14,212,66,4,1,0.0,0.8,1079
Ross Muir,Li Yujin,7,1167,945,0.7752232149046754,0.6352948493228071,91,34,594,261,10,1,54,16,179,76,546,239,5,1,38,10,4,2,0.0,0.6666666666666666,1079
Rouzi Maimaiti,Sun Peng,7,1068,988,0.6079354159352611,0.549833997312478,28,12,166,71,9,3,52,22,9,5,101,51,6,2,52,22,4,2,0.0,0.6666666666666666,1079
Mark King,Jin Long,7,1382,1213,0.7180660778287002,0.6040813228693781,807,449,5980,3132,137,61,1015,484,327,184,976,520,6,2,67,36,4,2,0.0,0.6666666666666666,1079
Xiao Guodong,He Guoqiang,7,1396,978,0.9196582317458213,0.7398136066696879,320,186,2163,1193,9,3,47,18,202,112,885,501,12,5,47,18,4,0,0.0,1.0,1079
Tom Ford,Mei Xiwen,7,1347,1147,0.7523810515908644,0.6224593312018546,492,280,3547,1888,40,19,266,127,284,155,809,411,10,6,90,45,4,1,0.0,0.8,1079
Graeme Dott,Paul Davison,7,1426,1243,0.7338611162888773,0.6124209393479161,739,436,5739,3084,605,324,4266,2195,343,196,1217,694,175,87,671,332,4,1,0.0,0.8,1079
Yu Delu,Chen Feilong,7,1314,1082,0.7851724867885262,0.6410674063348171,202,103,1409,723,23,9,131,59,169,86,674,345,8,4,79,42,4,2,0.0,0.6666666666666666,1079
Ma Chunmao,Lyu Chenwei,7,1082,1069,0.5177671819164105,0.5081242849062608,18,9,93,52,43,12,275,109,16,10,75,42,113,40,247,101,4,1,0.0,0.8,1079
Au Chi Wai,Gary Wilson,7,1018,1354,0.1280346293877675,0.30153478399746125,27,10,161,64,314,185,2024,1106,12,6,79,41,264,137,819,438,4,2,0.0,0.6666666666666666,1079
Alfie Burden,Luo Honghao,7,1258,1057,0.7534472409879828,0.6230466603666162,586,317,4284,2212,16,9,87,46,195,94,727,361,12,5,87,46,4,1,0.0,0.8,1079
Chen Zifan,Ross Muir,7,1026,1167,0.3148993834727192,0.4127763091606651,25,11,144,64,91,34,594,261,20,5,132,58,179,76,546,239,4,2,0.0,0.6666666666666666,1079
Niu Zhuang,Cao Yupeng,7,1013,1242,0.21778339730367308,0.36066016324693406,21,7,118,45,175,88,1276,644,17,7,85,30,146,68,662,320,4,3,0.0,0.5714285714285714,1079
Zhou Yuelong,Fang Xiongman,7,1300,1065,0.7881034579959058,0.6427913242407762,80,41,538,278,25,11,140,66,244,130,460,245,28,12,126,60,4,1,0.0,0.8,1079
Zhang Yong,Li Yuan,7,1023,1072,0.433341285511335,0.469413239817919,29,10,170,68,23,12,120,59,77,30,137,53,15,10,74,39,4,1,0.0,0.8,1079
Mark Williams,Yu Delu,7,1562,1314,0.8005143732994051,0.6502185485738271,1171,770,9081,5200,202,103,1409,723,459,280,1361,796,169,86,674,345,4,1,0.0,0.8,1079
Thepchaiya Un-Nooh,Ma Chunmao,7,1413,1082,0.8684878923525275,0.6958260586292875,218,126,1576,841,18,9,93,52,347,193,927,495,16,10,75,42,4,2,0.0,0.6666666666666666,1079
Craig Steadman,Wang Yuchen,7,1283,1013,0.8204326451879429,0.6626218371700825,358,200,2376,1261,24,7,144,53,189,87,744,368,28,9,108,42,4,2,0.0,0.6666666666666666,1079
Elliot Slessor,Graeme Dott,7,1177,1426,0.19855056662581022,0.34921307920316513,95,40,566,260,739,436,5739,3084,148,74,445,204,343,196,1217,694,4,2,0.0,0.6666666666666666,1079
Jimmy Robertson,Mark King,7,1329,1382,0.42796070219744664,0.46692337763389535,370,200,2491,1284,807,449,5980,3132,329,176,954,510,327,184,976,520,4,2,0.0,0.6666666666666666,1079
Barry Pinches,Xiao Guodong,7,1182,1396,0.23293287554107978,0.36935147434892557,699,360,5494,2842,320,186,2163,1193,135,49,590,263,202,112,885,501,4,2,0.0,0.6666666666666666,1079
Joe Perry,Wang Zepeng,7,1510,1074,0.9279402546368307,0.7483817216070642,886,523,6421,3464,30,14,168,80,428,250,1405,799,42,22,154,76,4,2,0.0,0.6666666666666666,1079
Tian Pengfei,Cao Xinlong,7,1437,1032,0.9132146288664583,0.7335091181602805,297,173,1977,1072,49,13,319,118,254,150,825,460,22,4,240,88,4,0,0.0,1.0,1079
Sean O'Sullivan,Au Chi Wai,7,1264,1018,0.7986358149208075,0.6490805242445733,140,62,877,415,27,10,161,64,192,99,603,291,12,6,79,41,4,0,0.0,1.0,1079
Rouzi Maimaiti,Lu Ning,7,1068,1119,0.43064928112217615,0.4681681105837757,28,12,166,71,59,19,411,174,9,5,101,51,130,49,299,120,4,3,0.0,0.5714285714285714,1079
Tom Ford,Ju Reti,7,1347,1165,0.732748880507422,0.6118273690017371,492,280,3547,1888,28,19,153,90,284,155,809,411,4,0,123,72,4,3,0.0,0.5714285714285714,1079
Alfie Burden,Ben Woollaston,7,1258,1382,0.3357342215120212,0.42311473886795364,586,317,4284,2212,443,257,2915,1562,195,94,727,361,346,184,987,531,4,1,0.0,0.8,1079
Zhou Yuelong,Barry Pinches,7,1300,1182,0.6567774862994666,0.5732197726798348,80,41,538,278,699,360,5494,2842,244,130,460,245,135,49,590,263,4,3,0.0,0.5714285714285714,1079
Zhang Yong,Jimmy Robertson,7,1023,1329,0.14993851073987086,0.3175616978069352,29,10,170,68,370,200,2491,1284,77,30,137,53,329,176,954,510,4,3,0.0,0.5714285714285714,1079
Mark Williams,Chen Zifan,7,1562,1026,0.9621656478807225,0.7924899414403644,1171,770,9081,5200,25,11,144,64,459,280,1361,796,20,5,132,58,4,1,0.0,0.8,1079
Thepchaiya Un-Nooh,Craig Steadman,7,1413,1283,0.6716853028295744,0.5805423048206596,218,126,1576,841,358,200,2376,1261,347,193,927,495,189,87,744,368,4,3,0.0,0.5714285714285714,1079
Joe Perry,Elliot Slessor,7,1510,1177,0.8698871121691505,0.6968832820410791,886,523,6421,3464,95,40,566,260,428,250,1405,799,148,74,445,204,4,0,0.0,1.0,1079
Rouzi Maimaiti,Sean O'Sullivan,7,1068,1264,0.25190978869692043,0.3798935676569099,28,12,166,71,140,62,877,415,9,5,101,51,192,99,603,291,4,2,0.0,0.6666666666666666,1079
Tom Ford,Tian Pengfei,7,1347,1437,0.37899585307075345,0.44398610945538003,492,280,3547,1888,297,173,1977,1072,284,155,809,411,254,150,825,460,4,1,0.0,0.8,1079
Alfie Burden,Niu Zhuang,7,1258,1013,0.7976923211673973,0.6485108747389209,586,317,4284,2212,21,7,118,45,195,94,727,361,17,7,85,30,4,1,0.0,0.8,1079
Mark Williams,Zhang Yong,7,1562,1023,0.9629268682285287,0.7937206082453278,1171,770,9081,5200,29,10,170,68,459,280,1361,796,77,30,137,53,4,0,0.0,1.0,1079
Thepchaiya Un-Nooh,Zhou Yuelong,7,1413,1300,0.6504866469700167,0.5701590253818352,218,126,1576,841,80,41,538,278,347,193,927,495,244,130,460,245,4,2,0.0,0.6666666666666666,1079
Joe Perry,Rouzi Maimaiti,7,1510,1068,0.9305416133877966,0.7511957822308614,886,523,6421,3464,28,12,166,71,428,250,1405,799,9,5,101,51,4,1,0.0,0.8,1079
Tom Ford,Alfie Burden,7,1347,1258,0.6197035864994962,0.5553966483205892,492,280,3547,1888,586,317,4284,2212,284,155,809,411,195,94,727,361,4,2,0.0,0.6666666666666666,1079
Thepchaiya Un-Nooh,Mark Williams,7,1413,1562,0.30530209550926213,0.40793707183518074,218,126,1576,841,1171,770,9081,5200,347,193,927,495,459,280,1361,796,4,1,0.0,0.8,1079
Joe Perry,Tom Ford,7,1510,1347,0.7111524094404451,0.6004882745269664,886,523,6421,3464,492,280,3547,1888,428,250,1405,799,284,155,809,411,4,3,0.0,0.5714285714285714,1079
Joe Perry,Thepchaiya Un-Nooh,7,1510,1413,0.6300664956451868,0.5603296426885532,886,523,6421,3464,218,126,1576,841,428,250,1405,799,347,193,927,495,4,1,0.0,0.8,1079
Neil Robertson,Robert Milkins,11,1615,1373,0.8458526117374912,0.6467993925579857,745,486,5523,3147,714,438,5307,2905,360,233,1769,1068,385,215,1321,722,6,4,0.0,0.6,1078
Joe Perry,Ding Junhui,11,1534,1485,0.5822852092365003,0.530586760182081,892,529,6452,3488,602,402,4465,2551,459,274,1436,823,302,168,1356,806,6,3,0.0,0.6666666666666666,1078
Ronnie O'Sullivan,Ricky Walden,11,1703,1473,0.8337185633337647,0.6399160967377341,1058,803,9386,5711,662,409,4744,2647,151,98,910,602,295,172,1389,788,6,4,0.0,0.6,1078
Shaun Murphy,Mark Selby,11,1580,1588,0.4864675502669957,0.4950001666600003,868,568,6399,3650,877,598,6365,3692,480,293,1690,993,497,311,1800,1100,6,5,0.0,0.5454545454545454,1078
Stephen Maguire,Judd Trump,11,1469,1643,0.23113650704988192,0.39293301192829644,780,519,5763,3277,690,465,4708,2762,343,183,1528,878,537,335,1844,1107,6,4,0.0,0.6,1078
Marco Fu,Stuart Bingham,11,1438,1546,0.3237115889261103,0.4329070950345457,730,435,5474,2979,876,552,6505,3699,384,223,1465,838,455,262,1611,945,6,3,0.0,0.6666666666666666,1078
Ali Carter,Barry Hawkins,11,1487,1457,0.550614462905557,0.5187412158785352,752,452,5384,2963,756,465,5472,3032,240,137,874,497,311,172,1438,804,6,1,0.0,0.8571428571428571,1078
Mark Allen,John Higgins,11,1504,1546,0.4293301031522295,0.4737740906279313,598,383,4065,2285,1230,870,9949,5879,347,203,1222,729,505,305,1489,882,6,4,0.0,0.6,1078
Neil Robertson,Ali Carter,11,1615,1487,0.7059926256230133,0.5793242521487495,745,486,5523,3147,752,452,5384,2963,360,233,1769,1068,240,137,874,497,6,1,0.0,0.8571428571428571,1078
Ronnie O'Sullivan,Marco Fu,11,1703,1438,0.86736860540385,0.6598217549720575,1058,803,9386,5711,730,435,5474,2979,151,98,910,602,384,223,1465,838,6,1,0.0,0.8571428571428571,1078
Shaun Murphy,Stephen Maguire,11,1580,1469,0.6808260033162458,0.5689332093695465,868,568,6399,3650,780,519,5763,3277,480,293,1690,993,343,183,1528,878,6,4,0.0,0.6,1078
Mark Allen,Joe Perry,11,1504,1534,0.44938553709444257,0.4812587841214648,598,383,4065,2285,892,529,6452,3488,347,203,1222,729,459,274,1436,823,6,4,0.0,0.6,1078
Neil Robertson,Ronnie O'Sullivan,11,1615,1703,0.35463507221961965,0.4452207648927852,745,486,5523,3147,1058,803,9386,5711,360,233,1769,1068,151,98,910,602,6,1,0.0,0.8571428571428571,1078
Shaun Murphy,Mark Allen,11,1580,1504,0.6263022780196867,0.5473576181430894,868,568,6399,3650,598,383,4065,2285,480,293,1690,993,347,203,1222,729,6,2,0.0,0.75,1078
Shaun Murphy,Neil Robertson,19,1580,1615,0.4234027116679332,0.47813894602839846,868,568,6399,3650,745,486,5523,3147,480,293,1690,993,360,233,1769,1068,10,2,0.0,0.8333333333333334,1078
Judd Trump,Stuart Bingham,5,1626,1529,0.6120249765400066,0.5603296426885532,691,465,4718,2766,877,552,6514,3702,547,339,1854,1111,464,265,1620,948,3,0,0.0,1.0,1077
Judd Trump,Mark King,5,1626,1373,0.7695565868101175,0.6530561132866127,691,465,4718,2766,810,451,5998,3142,547,339,1854,1111,345,194,994,530,3,1,0.0,0.75,1077
Neil Robertson,Mark King,5,1615,1373,0.7598402276132283,0.6467993925579857,749,489,5559,3167,810,451,5998,3142,396,253,1805,1088,345,194,994,530,3,1,0.0,0.75,1077
Neil Robertson,Marco Fu,5,1615,1443,0.6926591310679836,0.6058736684317606,749,489,5559,3167,732,436,5490,2986,396,253,1805,1088,400,230,1481,845,3,1,0.0,0.75,1077
Neil Robertson,Stephen Maguire,5,1615,1483,0.6505881096109634,0.5817593768418363,749,489,5559,3167,782,520,5783,3287,396,253,1805,1088,363,193,1548,888,3,1,0.0,0.75,1077
Neil Robertson,Judd Trump,5,1615,1626,0.4871118116730946,0.4931254332354657,749,489,5559,3167,691,465,4718,2766,396,253,1805,1088,547,339,1854,1111,3,2,0.0,0.6,1077
Stephen Maguire,Mark King,5,1483,1373,0.626514441159436,0.5683199834782481,782,520,5783,3287,810,451,5998,3142,363,193,1548,888,345,194,994,530,3,0,0.0,1.0,1077
Stephen Maguire,Judd Trump,5,1483,1626,0.33760984912827263,0.4115648798723618,782,520,5783,3287,691,465,4718,2766,363,193,1548,888,547,339,1854,1111,3,1,0.0,0.75,1077
Mark King,Barry Hawkins,5,1373,1438,0.424327677877833,0.4594641607262107,810,451,5998,3142,757,465,5479,3033,345,194,994,530,318,173,1445,805,3,1,0.0,0.75,1077
Mark King,Marco Fu,5,1373,1443,0.4185920253008928,0.4563613127629212,810,451,5998,3142,732,436,5490,2986,345,194,994,530,400,230,1481,845,3,1,0.0,0.75,1077
Barry Hawkins,Marco Fu,5,1438,1443,0.4941408538728954,0.4968750406894683,757,465,5479,3033,732,436,5490,2986,318,173,1445,805,400,230,1481,845,3,2,0.0,0.6,1077
Barry Hawkins,Judd Trump,5,1438,1626,0.2912135052703694,0.38461624360881785,757,465,5479,3033,691,465,4718,2766,318,173,1445,805,547,339,1854,1111,3,2,0.0,0.6,1077
Barry Hawkins,Neil Robertson,5,1438,1615,0.30225524113023383,0.3911454307890496,757,465,5479,3033,749,489,5559,3167,318,173,1445,805,396,253,1805,1088,3,2,0.0,0.6,1077
Barry Hawkins,Stephen Maguire,5,1438,1483,0.44743195337918795,0.4719046255916129,757,465,5479,3033,782,520,5783,3287,318,173,1445,805,363,193,1548,888,3,0,0.0,1.0,1077
Marco Fu,Stephen Maguire,5,1443,1483,0.4532418951717338,0.47502081252106,732,436,5490,2986,782,520,5783,3287,400,230,1481,845,363,193,1548,888,3,1,0.0,0.75,1077
Marco Fu,Judd Trump,5,1443,1626,0.29620713816016253,0.38757906065208403,732,436,5490,2986,691,465,4718,2766,400,230,1481,845,547,339,1854,1111,3,2,0.0,0.6,1077
Stuart Bingham,Neil Robertson,5,1529,1615,0.4003700793483155,0.4464560968488817,877,552,6514,3702,749,489,5559,3167,464,265,1620,948,396,253,1805,1088,3,1,0.0,0.75,1077
Stuart Bingham,Barry Hawkins,5,1529,1438,0.6052784486190135,0.5566309599222533,877,552,6514,3702,757,465,5479,3033,464,265,1620,948,318,173,1445,805,3,2,0.0,0.6,1077
Stuart Bingham,Stephen Maguire,5,1529,1483,0.5537286100231147,0.5287183569514396,877,552,6514,3702,782,520,5783,3287,464,265,1620,948,363,193,1548,888,3,0,0.0,1.0,1077
Stuart Bingham,Marco Fu,5,1529,1443,0.5996299206516844,0.5535439031511183,877,552,6514,3702,732,436,5490,2986,464,265,1620,948,400,230,1481,845,3,1,0.0,0.75,1077
Stuart Bingham,Mark King,5,1529,1373,0.6761168325803397,0.5962826992967879,877,552,6514,3702,810,451,5998,3142,464,265,1620,948,345,194,994,530,3,2,0.0,0.6,1077
Barry Hawkins,Neil Robertson,5,1438,1615,0.30225524113023383,0.3911454307890496,757,465,5479,3033,749,489,5559,3167,318,173,1445,805,396,253,1805,1088,3,1,0.0,0.75,1077
Stuart Bingham,Judd Trump,5,1529,1626,0.38797502345999324,0.4396703573114467,877,552,6514,3702,691,465,4718,2766,464,265,1620,948,547,339,1854,1111,3,2,0.0,0.6,1077
Barry Hawkins,Stuart Bingham,5,1438,1529,0.3947215513809864,0.44336904007774663,757,465,5479,3033,877,552,6514,3702,318,173,1445,805,464,265,1620,948,3,1,0.0,0.75,1077
Judd Trump,Robert Milkins,5,1626,1377,0.7660511974050446,0.6507869207968349,691,465,4718,2766,715,438,5317,2909,547,339,1854,1111,395,219,1331,726,3,1,0.0,0.75,1077
Judd Trump,Stuart Bingham,5,1626,1529,0.6120249765400066,0.5603296426885532,691,465,4718,2766,877,552,6514,3702,547,339,1854,1111,464,265,1620,948,3,1,0.0,0.75,1077
Judd Trump,Michael Holt,5,1626,1369,0.7730299327810287,0.655318370173895,691,465,4718,2766,670,395,4931,2632,547,339,1854,1111,340,187,1079,577,3,0,0.0,1.0,1077
Judd Trump,Marco Fu,5,1626,1443,0.7037928618398377,0.6124209393479161,691,465,4718,2766,732,436,5490,2986,547,339,1854,1111,400,230,1481,845,3,0,0.0,1.0,1077
Matthew Selt,Ali Carter,5,1419,1490,0.4174471030781097,0.4557411415821268,433,239,3048,1600,754,453,5398,2970,469,262,1092,608,254,144,888,504,3,2,0.0,0.6,1077
Matthew Selt,Robert Milkins,5,1419,1377,0.5490834638298823,0.5262259093720687,433,239,3048,1600,715,438,5317,2909,469,262,1092,608,395,219,1331,726,3,2,0.0,0.6,1077
Matthew Selt,Judd Trump,5,1419,1626,0.2726360893975182,0.3734370028762817,433,239,3048,1600,691,465,4718,2766,469,262,1092,608,547,339,1854,1111,3,2,0.0,0.6,1077
Robert Milkins,Stuart Bingham,5,1377,1529,0.32808031793770503,0.4061268970658573,715,438,5317,2909,877,552,6514,3702,395,219,1331,726,464,265,1620,948,3,2,0.0,0.6,1077
Robert Milkins,Michael Holt,5,1377,1369,0.5093740625937418,0.5049998333399998,715,438,5317,2909,670,395,4931,2632,395,219,1331,726,340,187,1079,577,3,2,0.0,0.6,1077
Michael Holt,Matthew Selt,5,1369,1419,0.44163424081696845,0.46879062662624377,670,395,4931,2632,433,239,3048,1600,340,187,1079,577,469,262,1092,608,3,1,0.0,0.75,1077
Michael Holt,Stuart Bingham,5,1369,1529,0.3197101933919204,0.401312339887548,670,395,4931,2632,877,552,6514,3702,340,187,1079,577,464,265,1620,948,3,2,0.0,0.6,1077
Marco Fu,Michael Holt,5,1443,1369,0.5859830640468522,0.5461185410457796,732,436,5490,2986,670,395,4931,2632,400,230,1481,845,340,187,1079,577,3,0,0.0,1.0,1077
Marco Fu,Ali Carter,5,1443,1490,0.44511132640850887,0.47065874995421436,732,436,5490,2986,754,453,5398,2970,400,230,1481,845,254,144,888,504,3,2,0.0,0.6,1077
Marco Fu,Matthew Selt,5,1443,1419,0.5280997102632979,0.51499550161941,732,436,5490,2986,433,239,3048,1600,400,230,1481,845,469,262,1092,608,3,2,0.0,0.6,1077
Marco Fu,Robert Milkins,5,1443,1377,0.5768208908002199,0.541156668150228,732,436,5490,2986,715,438,5317,2909,400,230,1481,845,395,219,1331,726,3,0,0.0,1.0,1077
Ali Carter,Stuart Bingham,5,1490,1529,0.4544052337360196,0.47564429123179275,754,453,5398,2970,877,552,6514,3702,254,144,888,504,464,265,1620,948,3,1,0.0,0.75,1077
Ali Carter,Judd Trump,5,1490,1626,0.34510112163681234,0.4158094770645927,754,453,5398,2970,691,465,4718,2766,254,144,888,504,547,339,1854,1111,3,1,0.0,0.75,1077
Ali Carter,Michael Holt,5,1490,1369,0.6386257963392385,0.5750535485557879,754,453,5398,2970,670,395,4931,2632,254,144,888,504,340,187,1079,577,3,1,0.0,0.75,1077
Ali Carter,Robert Milkins,5,1490,1377,0.6298316569193576,0.5701590253818352,754,453,5398,2970,715,438,5317,2909,254,144,888,504,395,219,1331,726,3,1,0.0,0.75,1077
Stuart Bingham,Marco Fu,5,1529,1443,0.5996299206516844,0.5535439031511183,877,552,6514,3702,732,436,5490,2986,464,265,1620,948,400,230,1481,845,3,2,0.0,0.6,1077
Stuart Bingham,Matthew Selt,5,1529,1419,0.626514441159436,0.5683199834782481,877,552,6514,3702,433,239,3048,1600,464,265,1620,948,469,262,1092,608,3,2,0.0,0.6,1077
Judd Trump,Marco Fu,5,1626,1443,0.7037928618398377,0.6124209393479161,691,465,4718,2766,732,436,5490,2986,547,339,1854,1111,400,230,1481,845,3,0,0.0,1.0,1077
Matthew Selt,Ali Carter,5,1419,1490,0.4174471030781097,0.4557411415821268,433,239,3048,1600,754,453,5398,2970,469,262,1092,608,254,144,888,504,3,2,0.0,0.6,1077
Matthew Selt,Judd Trump,5,1419,1626,0.2726360893975182,0.3734370028762817,433,239,3048,1600,691,465,4718,2766,469,262,1092,608,547,339,1854,1111,3,2,0.0,0.6,1077
Judd Trump,Ali Carter,5,1626,1490,0.6548988783631877,0.5841905229354074,691,465,4718,2766,754,453,5398,2970,547,339,1854,1111,254,144,888,504,3,2,0.0,0.6,1077
Judd Trump,Mark Davis,5,1626,1442,0.7047949951633816,0.6130141761393355,691,465,4718,2766,902,544,6614,3610,547,339,1854,1111,387,222,1404,786,3,1,0.0,0.75,1077
Marco Fu,Judd Trump,5,1443,1626,0.29620713816016253,0.38757906065208403,732,436,5490,2986,691,465,4718,2766,400,230,1481,845,547,339,1854,1111,3,2,0.0,0.6,1077
Marco Fu,Stuart Bingham,5,1443,1529,0.4003700793483155,0.4464560968488817,732,436,5490,2986,877,552,6514,3702,400,230,1481,845,464,265,1620,948,3,1,0.0,0.75,1077
Peter Ebdon,Judd Trump,5,1425,1626,0.2784332007180405,0.37695333963338384,955,552,7683,4134,691,465,4718,2766,338,190,901,473,547,339,1854,1111,3,1,0.0,0.75,1077
Peter Ebdon,Marco Fu,5,1425,1443,0.478916923307237,0.4887518980531451,955,552,7683,4134,732,436,5490,2986,338,190,901,473,400,230,1481,845,3,0,0.0,1.0,1077
Peter Ebdon,Ali Carter,5,1425,1490,0.424327677877833,0.4594641607262107,955,552,7683,4134,754,453,5398,2970,338,190,901,473,254,144,888,504,3,1,0.0,0.75,1077
Ryan Day,Judd Trump,5,1435,1626,0.2882379316600041,0.38284263734702784,746,453,5262,2904,691,465,4718,2766,396,232,1405,776,547,339,1854,1111,3,2,0.0,0.6,1077
Ryan Day,Marco Fu,5,1435,1443,0.49062593740625826,0.4950001666600003,746,453,5262,2904,732,436,5490,2986,396,232,1405,776,400,230,1481,845,3,1,0.0,0.75,1077
Ryan Day,Mark Davis,5,1435,1442,0.4917975030036759,0.4956251116502266,746,453,5262,2904,902,544,6614,3610,396,232,1405,776,387,222,1404,786,3,1,0.0,0.75,1077
Ryan Day,Peter Ebdon,5,1435,1425,0.5117169192313755,0.5062496744995104,746,453,5262,2904,955,552,7683,4134,396,232,1405,776,338,190,901,473,3,1,0.0,0.75,1077
Mark Davis,Stuart Bingham,5,1442,1529,0.39923851647372466,0.44583834723635146,902,544,6614,3610,877,552,6514,3702,387,222,1404,786,464,265,1620,948,3,1,0.0,0.75,1077
Mark Davis,Peter Ebdon,5,1442,1425,0.5199128830889571,0.5106234010049637,902,544,6614,3610,955,552,7683,4134,387,222,1404,786,338,190,901,473,3,1,0.0,0.75,1077
Mark Davis,Marco Fu,5,1442,1443,0.49882812683105177,0.4993750003255206,902,544,6614,3610,732,436,5490,2986,387,222,1404,786,400,230,1481,845,3,0,0.0,1.0,1077
Ali Carter,Ryan Day,5,1490,1435,0.5641499172433742,0.5343209436693046,754,453,5398,2970,746,453,5262,2904,254,144,888,504,396,232,1405,776,3,1,0.0,0.75,1077
Ali Carter,Mark Davis,5,1490,1442,0.5560482267070074,0.5299640517645717,754,453,5398,2970,902,544,6614,3610,254,144,888,504,387,222,1404,786,3,1,0.0,0.75,1077
Ali Carter,Marco Fu,5,1490,1443,0.5548886735914911,0.5293412500457856,754,453,5398,2970,732,436,5490,2986,254,144,888,504,400,230,1481,845,3,2,0.0,0.6,1077
Stuart Bingham,Judd Trump,5,1529,1626,0.38797502345999324,0.4396703573114467,877,552,6514,3702,691,465,4718,2766,464,265,1620,948,547,339,1854,1111,3,2,0.0,0.6,1077
Stuart Bingham,Ryan Day,5,1529,1435,0.6086561511610575,0.5584811124381613,877,552,6514,3702,746,453,5262,2904,464,265,1620,948,396,232,1405,776,3,2,0.0,0.6,1077
Stuart Bingham,Ali Carter,5,1529,1490,0.5455947662639803,0.5243557087682073,877,552,6514,3702,754,453,5398,2970,464,265,1620,948,254,144,888,504,3,1,0.0,0.75,1077
Stuart Bingham,Peter Ebdon,5,1529,1425,0.6198496125403973,0.5646362918030292,877,552,6514,3702,955,552,7683,4134,464,265,1620,948,338,190,901,473,3,1,0.0,0.75,1077
Mark Davis,Ryan Day,5,1442,1435,0.5082024969963244,0.5043748883497735,902,544,6614,3610,746,453,5262,2904,387,222,1404,786,396,232,1405,776,3,1,0.0,0.75,1077
Ali Carter,Stuart Bingham,5,1490,1529,0.4544052337360196,0.47564429123179275,754,453,5398,2970,877,552,6514,3702,254,144,888,504,464,265,1620,948,3,0,0.0,1.0,1077
Ali Carter,Mark Davis,5,1490,1442,0.5560482267070074,0.5299640517645717,754,453,5398,2970,902,544,6614,3610,254,144,888,504,387,222,1404,786,3,1,0.0,0.75,1077
Michael White,Ryan Day,5,1431,1435,0.4953126171845704,0.49750002083312506,337,196,2350,1266,746,453,5262,2904,395,221,1069,589,396,232,1405,776,3,2,0.0,0.6,1077
Michael White,Stuart Bingham,5,1431,1529,0.3868540987132437,0.43905454967528373,337,196,2350,1266,877,552,6514,3702,395,221,1069,589,464,265,1620,948,3,2,0.0,0.6,1077
Michael White,Matthew Stevens,5,1431,1359,0.5836970593034508,0.5448788923735801,337,196,2350,1266,848,502,6642,3626,395,221,1069,589,249,130,979,500,3,2,0.0,0.6,1077
Michael White,David Gilbert,5,1431,1423,0.5093740625937418,0.5049998333399998,337,196,2350,1266,415,234,3173,1690,395,221,1069,589,323,184,929,512,3,1,0.0,0.75,1077
Matthew Stevens,Peter Ebdon,5,1359,1425,0.42317910919977986,0.45884333184977194,848,502,6642,3626,955,552,7683,4134,249,130,979,500,338,190,901,473,3,1,0.0,0.75,1077
David Gilbert,Ryan Day,5,1423,1435,0.48594066335072617,0.4925005624493796,415,234,3173,1690,746,453,5262,2904,323,184,929,512,396,232,1405,776,3,0,0.0,1.0,1077
David Gilbert,Mark Davis,5,1423,1442,0.47774692712342515,0.4881272322437472,415,234,3173,1690,902,544,6614,3610,323,184,929,512,387,222,1404,786,3,1,0.0,0.75,1077
David Gilbert,Matthew Stevens,5,1423,1359,0.574523054859546,0.5399148845555657,415,234,3173,1690,848,502,6642,3626,323,184,929,512,249,130,979,500,3,2,0.0,0.6,1077
Peter Ebdon,Michael White,5,1425,1431,0.49296914548556625,0.496250070310918,955,552,7683,4134,337,196,2350,1266,338,190,901,473,395,221,1069,589,3,1,0.0,0.75,1077
Peter Ebdon,David Gilbert,5,1425,1423,0.5023437353516541,0.5012499973958399,955,552,7683,4134,415,234,3173,1690,338,190,901,473,323,184,929,512,3,0,0.0,1.0,1077
Peter Ebdon,Ryan Day,5,1425,1435,0.4882830807686246,0.49375032550048964,955,552,7683,4134,746,453,5262,2904,338,190,901,473,396,232,1405,776,3,0,0.0,1.0,1077
Peter Ebdon,Stuart Bingham,5,1425,1529,0.38015038745960283,0.4353637081969708,955,552,7683,4134,877,552,6514,3702,338,190,901,473,464,265,1620,948,3,0,0.0,1.0,1077
Ryan Day,Matthew Stevens,5,1435,1359,0.5882659081741528,0.5473576181430894,746,453,5262,2904,848,502,6642,3626,396,232,1405,776,249,130,979,500,3,1,0.0,0.75,1077
Ryan Day,Mark Davis,5,1435,1442,0.4917975030036759,0.4956251116502266,746,453,5262,2904,902,544,6614,3610,396,232,1405,776,387,222,1404,786,3,1,0.0,0.75,1077
Mark Davis,Peter Ebdon,5,1442,1425,0.5199128830889571,0.5106234010049637,902,544,6614,3610,955,552,7683,4134,387,222,1404,786,338,190,901,473,3,2,0.0,0.6,1077
Mark Davis,Matthew Stevens,5,1442,1359,0.5962298160217396,0.5516896693427,902,544,6614,3610,848,502,6642,3626,387,222,1404,786,249,130,979,500,3,2,0.0,0.6,1077
Mark Davis,Michael White,5,1442,1431,0.5128881883269052,0.5068745667645342,902,544,6614,3610,337,196,2350,1266,387,222,1404,786,395,221,1069,589,3,0,0.0,1.0,1077
Stuart Bingham,Matthew Stevens,5,1529,1359,0.6906134819670169,0.6046790847140093,877,552,6514,3702,848,502,6642,3626,464,265,1620,948,249,130,979,500,3,1,0.0,0.75,1077
Stuart Bingham,David Gilbert,5,1529,1423,0.622075640573307,0.5658650028954817,877,552,6514,3702,415,234,3173,1690,464,265,1620,948,323,184,929,512,3,1,0.0,0.75,1077
Stuart Bingham,Ryan Day,5,1529,1435,0.6086561511610575,0.5584811124381613,877,552,6514,3702,746,453,5262,2904,464,265,1620,948,396,232,1405,776,3,2,0.0,0.6,1077
Stuart Bingham,Mark Davis,5,1529,1442,0.6007614835262755,0.5541616527636486,877,552,6514,3702,902,544,6614,3610,464,265,1620,948,387,222,1404,786,3,2,0.0,0.6,1077
Mark Davis,Peter Ebdon,5,1442,1425,0.5199128830889571,0.5106234010049637,902,544,6614,3610,955,552,7683,4134,387,222,1404,786,338,190,901,473,3,1,0.0,0.75,1077
Stuart Bingham,Michael White,5,1529,1431,0.6131459012867562,0.5609454503247162,877,552,6514,3702,337,196,2350,1266,464,265,1620,948,395,221,1069,589,3,0,0.0,1.0,1077
Stuart Bingham,Mark Davis,5,1529,1442,0.6007614835262755,0.5541616527636486,877,552,6514,3702,902,544,6614,3610,464,265,1620,948,387,222,1404,786,3,1,0.0,0.75,1077
Michael White,Liang Wenbo,5,1431,1454,0.4730691350411855,0.4856289593029398,337,196,2350,1266,464,282,3213,1779,395,221,1069,589,465,271,1213,697,3,2,0.0,0.6,1077
Michael White,Peter Ebdon,5,1431,1425,0.5070308545144336,0.5037499296890819,337,196,2350,1266,955,552,7683,4134,395,221,1069,589,338,190,901,473,3,0,0.0,1.0,1077
Liang Wenbo,Peter Ebdon,5,1454,1425,0.5339397760225986,0.5181170650431814,464,282,3213,1779,955,552,7683,4134,465,271,1213,697,338,190,901,473,3,2,0.0,0.6,1077
Ronnie O'Sullivan,Mark Davis,5,1689,1442,0.7642865440800412,0.6496497492904088,1061,805,9410,5724,902,544,6614,3610,175,111,934,615,387,222,1404,786,3,1,0.0,0.75,1077
Ronnie O'Sullivan,Michael White,5,1689,1431,0.7738932418150087,0.6558828412078137,1061,805,9410,5724,337,196,2350,1266,175,111,934,615,395,221,1069,589,3,0,0.0,1.0,1077
Ronnie O'Sullivan,Liang Wenbo,5,1689,1454,0.7535327852276485,0.6427913242407762,1061,805,9410,5724,464,282,3213,1779,175,111,934,615,465,271,1213,697,3,2,0.0,0.6,1077
Ronnie O'Sullivan,David Gilbert,5,1689,1423,0.7807269191618998,0.660382673079216,1061,805,9410,5724,415,234,3173,1690,175,111,934,615,323,184,929,512,3,0,0.0,1.0,1077
Ronnie O'Sullivan,Fergal O'Brien,5,1689,1402,0.7980429752824659,0.6720562626502714,1061,805,9410,5724,765,441,5892,3123,175,111,934,615,286,158,844,457,3,0,0.0,1.0,1077
Fergal O'Brien,David Gilbert,5,1402,1423,0.4754075707198051,0.4868780138177567,765,441,5892,3123,415,234,3173,1690,286,158,844,457,323,184,929,512,3,2,0.0,0.6,1077
Fergal O'Brien,Michael White,5,1402,1431,0.46606022397740154,0.4818829349568186,765,441,5892,3123,337,196,2350,1266,286,158,844,457,395,221,1069,589,3,0,0.0,1.0,1077
Fergal O'Brien,Liang Wenbo,5,1402,1454,0.43931887717855383,0.4675456936126812,765,441,5892,3123,464,282,3213,1779,286,158,844,457,465,271,1213,697,3,1,0.0,0.75,1077
David Gilbert,Peter Ebdon,5,1423,1425,0.49765626464834606,0.49875000260416025,415,234,3173,1690,955,552,7683,4134,323,184,929,512,338,190,901,473,3,2,0.0,0.6,1077
David Gilbert,Liang Wenbo,5,1423,1454,0.46372634214917396,0.4806346917700681,415,234,3173,1690,464,282,3213,1779,323,184,929,512,465,271,1213,697,3,0,0.0,1.0,1077
David Gilbert,Michael White,5,1423,1431,0.49062593740625826,0.4950001666600003,415,234,3173,1690,337,196,2350,1266,323,184,929,512,395,221,1069,589,3,2,0.0,0.6,1077
Peter Ebdon,Fergal O'Brien,5,1425,1402,0.5269308649588145,0.5143710406970602,955,552,7683,4134,765,441,5892,3123,338,190,901,473,286,158,844,457,3,1,0.0,0.75,1077
Peter Ebdon,Ronnie O'Sullivan,5,1425,1689,0.22096933359445686,0.34073961154861454,955,552,7683,4134,1061,805,9410,5724,338,190,901,473,175,111,934,615,3,2,0.0,0.6,1077
Mark Davis,David Gilbert,5,1442,1423,0.5222530728765749,0.5118727677562528,902,544,6614,3610,415,234,3173,1690,387,222,1404,786,323,184,929,512,3,2,0.0,0.6,1077
Mark Davis,Liang Wenbo,5,1442,1454,0.48594066335072617,0.4925005624493796,902,544,6614,3610,464,282,3213,1779,387,222,1404,786,465,271,1213,697,3,0,0.0,1.0,1077
Mark Davis,Peter Ebdon,5,1442,1425,0.5199128830889571,0.5106234010049637,902,544,6614,3610,955,552,7683,4134,387,222,1404,786,338,190,901,473,3,1,0.0,0.75,1077
Mark Davis,Fergal O'Brien,5,1442,1402,0.5467581048282663,0.52497918747894,902,544,6614,3610,765,441,5892,3123,387,222,1404,786,286,158,844,457,3,1,0.0,0.75,1077
Mark Davis,Michael White,5,1442,1431,0.5128881883269052,0.5068745667645342,902,544,6614,3610,337,196,2350,1266,387,222,1404,786,395,221,1069,589,3,1,0.0,0.75,1077
Ronnie O'Sullivan,Fergal O'Brien,5,1689,1402,0.7980429752824659,0.6720562626502714,1061,805,9410,5724,765,441,5892,3123,175,111,934,615,286,158,844,457,3,2,0.0,0.6,1077
Mark Davis,David Gilbert,5,1442,1423,0.5222530728765749,0.5118727677562528,902,544,6614,3610,415,234,3173,1690,387,222,1404,786,323,184,929,512,3,1,0.0,0.75,1077
Mark Davis,Ronnie O'Sullivan,5,1442,1689,0.23571345591995857,0.3503502507095912,902,544,6614,3610,1061,805,9410,5724,387,222,1404,786,175,111,934,615,3,2,0.0,0.6,1077
Ben Woollaston,Peter Ebdon,5,1372,1425,0.4381620350472032,0.46692337763389535,445,258,2925,1567,955,552,7683,4134,356,189,997,536,338,190,901,473,3,0,0.0,1.0,1077
Ben Woollaston,Rod Lawler,5,1372,1312,0.5699192060024199,0.5374298453437496,445,258,2925,1567,734,406,5673,2965,356,189,997,536,228,115,849,439,3,0,0.0,1.0,1077
Ben Woollaston,Kurt Maflin,5,1372,1340,0.537440095865586,0.5199893401555818,445,258,2925,1567,430,251,2884,1561,356,189,997,536,246,128,916,491,3,0,0.0,1.0,1077
Fergal O'Brien,Ben Woollaston,5,1402,1372,0.5351068809607274,0.5187412158785352,765,441,5892,3123,445,258,2925,1567,286,158,844,457,356,189,997,536,3,0,0.0,1.0,1077
Fergal O'Brien,Kurt Maflin,5,1402,1340,0.5722224657465222,0.538672605206508,765,441,5892,3123,430,251,2884,1561,286,158,844,457,246,128,916,491,3,0,0.0,1.0,1077
Fergal O'Brien,Peter Ebdon,5,1402,1425,0.4730691350411855,0.4856289593029398,765,441,5892,3123,955,552,7683,4134,286,158,844,457,338,190,901,473,3,1,0.0,0.75,1077
Kurt Maflin,Rod Lawler,5,1340,1312,0.5327723538739585,0.5174928576663897,430,251,2884,1561,734,406,5673,2965,246,128,916,491,228,115,849,439,3,0,0.0,1.0,1077
Rod Lawler,David Gilbert,5,1312,1423,0.3723786733374611,0.43106679063045344,734,406,5673,2965,415,234,3173,1690,228,115,849,439,323,184,929,512,3,1,0.0,0.75,1077
Rod Lawler,Fergal O'Brien,5,1312,1402,0.3958493803112607,0.44398610945538003,734,406,5673,2965,765,441,5892,3123,228,115,849,439,286,158,844,457,3,2,0.0,0.6,1077
David Gilbert,Kurt Maflin,5,1423,1340,0.5962298160217396,0.5516896693427,415,234,3173,1690,430,251,2884,1561,323,184,929,512,246,128,916,491,3,2,0.0,0.6,1077
David Gilbert,Dominic Dale,5,1423,1343,0.5928217934973694,0.549833997312478,415,234,3173,1690,788,457,5764,3085,323,184,929,512,298,166,1134,616,3,1,0.0,0.75,1077
David Gilbert,Ben Woollaston,5,1423,1372,0.5595237173859442,0.5318318894162242,415,234,3173,1690,445,258,2925,1567,323,184,929,512,356,189,997,536,3,0,0.0,1.0,1077
David Gilbert,Fergal O'Brien,5,1423,1402,0.5245924292801949,0.5131219861822433,415,234,3173,1690,765,441,5892,3123,323,184,929,512,286,158,844,457,3,0,0.0,1.0,1077
Peter Ebdon,Kurt Maflin,5,1425,1340,0.5984974485885728,0.5529259881329059,955,552,7683,4134,430,251,2884,1561,338,190,901,473,246,128,916,491,3,1,0.0,0.75,1077
Peter Ebdon,Dominic Dale,5,1425,1343,0.5950946751482796,0.551071269307342,955,552,7683,4134,788,457,5764,3085,338,190,901,473,298,166,1134,616,3,0,0.0,1.0,1077
Peter Ebdon,David Gilbert,5,1425,1423,0.5023437353516541,0.5012499973958399,955,552,7683,4134,415,234,3173,1690,338,190,901,473,323,184,929,512,3,1,0.0,0.75,1077
Peter Ebdon,Rod Lawler,5,1425,1312,0.6298316569193576,0.5701590253818352,955,552,7683,4134,734,406,5673,2965,338,190,901,473,228,115,849,439,3,2,0.0,0.6,1077
Dominic Dale,Fergal O'Brien,5,1343,1402,0.43123339947212014,0.46319171001101955,788,457,5764,3085,765,441,5892,3123,298,166,1134,616,286,158,844,457,3,0,0.0,1.0,1077
Dominic Dale,Ben Woollaston,5,1343,1372,0.46606022397740154,0.4818829349568186,788,457,5764,3085,445,258,2925,1567,298,166,1134,616,356,189,997,536,3,2,0.0,0.6,1077
Dominic Dale,Kurt Maflin,5,1343,1340,0.5035155755622185,0.5018749912109869,788,457,5764,3085,430,251,2884,1561,298,166,1134,616,246,128,916,491,3,1,0.0,0.75,1077
Dominic Dale,Rod Lawler,5,1343,1312,0.5362736578508261,0.519365308229932,788,457,5764,3085,734,406,5673,2965,298,166,1134,616,228,115,849,439,3,0,0.0,1.0,1077
Ben Woollaston,David Gilbert,5,1372,1423,0.4404762826140556,0.4681681105837757,445,258,2925,1567,415,234,3173,1690,356,189,997,536,323,184,929,512,3,1,0.0,0.75,1077
Peter Ebdon,Dominic Dale,5,1425,1343,0.5950946751482796,0.551071269307342,955,552,7683,4134,788,457,5764,3085,338,190,901,473,298,166,1134,616,3,1,0.0,0.75,1077
Ben Woollaston,Peter Ebdon,5,1372,1425,0.4381620350472032,0.46692337763389535,445,258,2925,1567,955,552,7683,4134,356,189,997,536,338,190,901,473,3,0,0.0,1.0,1077
Mark Williams,Fergal O'Brien,5,1551,1402,0.6687562358036636,0.5920629281648192,1177,775,9112,5221,765,441,5892,3123,490,301,1392,817,286,158,844,457,3,2,0.0,0.6,1077
Mark Williams,Dominic Dale,5,1551,1343,0.7283237415042471,0.6271477663131956,1177,775,9112,5221,788,457,5764,3085,490,301,1392,817,298,166,1134,616,3,0,0.0,1.0,1077
Mark Williams,Peter Ebdon,5,1551,1425,0.6440823753606748,0.5781052328843092,1177,775,9112,5221,955,552,7683,4134,490,301,1392,817,338,190,901,473,3,0,0.0,1.0,1077
Fergal O'Brien,Peter Ebdon,5,1402,1425,0.4730691350411855,0.4856289593029398,765,441,5892,3123,955,552,7683,4134,286,158,844,457,338,190,901,473,3,2,0.0,0.6,1077
Fergal O'Brien,Xiao Guodong,5,1402,1391,0.5128881883269052,0.5068745667645342,765,441,5892,3123,322,187,2173,1199,286,158,844,457,212,118,895,507,3,2,0.0,0.6,1077
Fergal O'Brien,John Higgins,5,1402,1536,0.3472538233652159,0.4170245457988005,765,441,5892,3123,1231,870,9959,5883,286,158,844,457,515,309,1499,886,3,2,0.0,0.6,1077
Fergal O'Brien,Dominic Dale,5,1402,1343,0.5687666005278796,0.5368082899889803,765,441,5892,3123,788,457,5764,3085,286,158,844,457,298,166,1134,616,3,1,0.0,0.75,1077
John Higgins,Dominic Dale,5,1536,1343,0.7137371013098217,0.6183380393302829,1231,870,9959,5883,788,457,5764,3085,515,309,1499,886,298,166,1134,616,3,0,0.0,1.0,1077
John Higgins,Mark Williams,5,1536,1551,0.4824280526376499,0.4906260984783392,1231,870,9959,5883,1177,775,9112,5221,515,309,1499,886,490,301,1392,817,3,1,0.0,0.75,1077
Xiao Guodong,David Gilbert,5,1391,1423,0.46255990413441406,0.48001065984441826,322,187,2173,1199,415,234,3173,1690,212,118,895,507,323,184,929,512,3,2,0.0,0.6,1077
Xiao Guodong,Dominic Dale,5,1391,1343,0.5560482267070074,0.5299640517645717,322,187,2173,1199,788,457,5764,3085,212,118,895,507,298,166,1134,616,3,0,0.0,1.0,1077
Xiao Guodong,John Higgins,5,1391,1536,0.3354820857214928,0.4103545214372688,322,187,2173,1199,1231,870,9959,5883,212,118,895,507,515,309,1499,886,3,2,0.0,0.6,1077
Xiao Guodong,Mark Williams,5,1391,1551,0.3197101933919204,0.401312339887548,322,187,2173,1199,1177,775,9112,5221,212,118,895,507,490,301,1392,817,3,1,0.0,0.75,1077
David Gilbert,Mark Williams,5,1423,1551,0.35374385749583265,0.42067574785125056,415,234,3173,1690,1177,775,9112,5221,323,184,929,512,490,301,1392,817,3,2,0.0,0.6,1077
David Gilbert,John Higgins,5,1423,1536,0.37016834308064217,0.42984097461816473,415,234,3173,1690,1231,870,9959,5883,323,184,929,512,515,309,1499,886,3,0,0.0,1.0,1077
David Gilbert,Fergal O'Brien,5,1423,1402,0.5245924292801949,0.5131219861822433,415,234,3173,1690,765,441,5892,3123,323,184,929,512,286,158,844,457,3,2,0.0,0.6,1077
David Gilbert,Dominic Dale,5,1423,1343,0.5928217934973694,0.549833997312478,415,234,3173,1690,788,457,5764,3085,323,184,929,512,298,166,1134,616,3,2,0.0,0.6,1077
David Gilbert,Peter Ebdon,5,1423,1425,0.49765626464834606,0.49875000260416025,415,234,3173,1690,955,552,7683,4134,323,184,929,512,338,190,901,473,3,1,0.0,0.75,1077
Peter Ebdon,John Higgins,5,1425,1536,0.3723786733374611,0.43106679063045344,955,552,7683,4134,1231,870,9959,5883,338,190,901,473,515,309,1499,886,3,0,0.0,1.0,1077
Peter Ebdon,Xiao Guodong,5,1425,1391,0.5397719120129171,0.5212372149662741,955,552,7683,4134,322,187,2173,1199,338,190,901,473,212,118,895,507,3,1,0.0,0.75,1077
Peter Ebdon,Dominic Dale,5,1425,1343,0.5950946751482796,0.551071269307342,955,552,7683,4134,788,457,5764,3085,338,190,901,473,298,166,1134,616,3,1,0.0,0.75,1077
Xiao Guodong,Fergal O'Brien,5,1391,1402,0.4871118116730946,0.4931254332354657,322,187,2173,1199,765,441,5892,3123,212,118,895,507,286,158,844,457,3,0,0.0,1.0,1077
David Gilbert,Mark Williams,5,1423,1551,0.35374385749583265,0.42067574785125056,415,234,3173,1690,1177,775,9112,5221,323,184,929,512,490,301,1392,817,3,1,0.0,0.75,1077
Xiao Guodong,David Gilbert,5,1391,1423,0.46255990413441406,0.48001065984441826,322,187,2173,1199,415,234,3173,1690,212,118,895,507,323,184,929,512,3,0,0.0,1.0,1077
Ben Woollaston,Ali Carter,5,1372,1490,0.3646630049010261,0.42678022732016513,445,258,2925,1567,754,453,5398,2970,356,189,997,536,254,144,888,504,3,1,0.0,0.75,1077
Ben Woollaston,Mark Davis,5,1372,1442,0.4185920253008928,0.4563613127629212,445,258,2925,1567,902,544,6614,3610,356,189,997,536,387,222,1404,786,3,1,0.0,0.75,1077
Ben Woollaston,Xiao Guodong,5,1372,1391,0.47774692712342515,0.4881272322437472,445,258,2925,1567,322,187,2173,1199,356,189,997,536,212,118,895,507,3,2,0.0,0.6,1077
Matthew Selt,Xiao Guodong,5,1419,1391,0.5327723538739585,0.5174928576663897,433,239,3048,1600,322,187,2173,1199,469,262,1092,608,212,118,895,507,3,0,0.0,1.0,1077
Matthew Selt,Ben Woollaston,5,1419,1372,0.5548886735914911,0.5293412500457856,433,239,3048,1600,445,258,2925,1567,469,262,1092,608,356,189,997,536,3,2,0.0,0.6,1077
Matthew Selt,Ali Carter,5,1419,1490,0.4174471030781097,0.4557411415821268,433,239,3048,1600,754,453,5398,2970,469,262,1092,608,254,144,888,504,3,2,0.0,0.6,1077
Matthew Selt,Barry Hawkins,5,1419,1438,0.47774692712342515,0.4881272322437472,433,239,3048,1600,757,465,5479,3033,469,262,1092,608,318,173,1445,805,3,0,0.0,1.0,1077
Barry Hawkins,Mark Davis,5,1438,1442,0.4953126171845704,0.49750002083312506,757,465,5479,3033,902,544,6614,3610,318,173,1445,805,387,222,1404,786,3,0,0.0,1.0,1077
Barry Hawkins,Ben Woollaston,5,1438,1372,0.5768208908002199,0.541156668150228,757,465,5479,3033,445,258,2925,1567,318,173,1445,805,356,189,997,536,3,2,0.0,0.6,1077
Barry Hawkins,Ali Carter,5,1438,1490,0.43931887717855383,0.4675456936126812,757,465,5479,3033,754,453,5398,2970,318,173,1445,805,254,144,888,504,3,0,0.0,1.0,1077
Xiao Guodong,Stuart Bingham,5,1391,1529,0.34295385013845614,0.4145954308705349,322,187,2173,1199,877,552,6514,3702,212,118,895,507,464,265,1620,948,3,0,0.0,1.0,1077
Xiao Guodong,Barry Hawkins,5,1391,1438,0.44511132640850887,0.47065874995421436,322,187,2173,1199,757,465,5479,3033,212,118,895,507,318,173,1445,805,3,1,0.0,0.75,1077
Mark Davis,Ali Carter,5,1442,1490,0.4439517732929926,0.4700359482354282,902,544,6614,3610,754,453,5398,2970,387,222,1404,786,254,144,888,504,3,2,0.0,0.6,1077
Mark Davis,Matthew Selt,5,1442,1419,0.5269308649588145,0.5143710406970602,902,544,6614,3610,433,239,3048,1600,387,222,1404,786,469,262,1092,608,3,1,0.0,0.75,1077
Mark Davis,Stuart Bingham,5,1442,1529,0.39923851647372466,0.44583834723635146,902,544,6614,3610,877,552,6514,3702,387,222,1404,786,464,265,1620,948,3,1,0.0,0.75,1077
Mark Davis,Xiao Guodong,5,1442,1391,0.5595237173859442,0.5318318894162242,902,544,6614,3610,322,187,2173,1199,387,222,1404,786,212,118,895,507,3,0,0.0,1.0,1077
Ali Carter,Xiao Guodong,5,1490,1391,0.6142658017738556,0.5615610703361955,754,453,5398,2970,322,187,2173,1199,254,144,888,504,212,118,895,507,3,1,0.0,0.75,1077
Ali Carter,Stuart Bingham,5,1490,1529,0.4544052337360196,0.47564429123179275,754,453,5398,2970,877,552,6514,3702,254,144,888,504,464,265,1620,948,3,1,0.0,0.75,1077
Stuart Bingham,Barry Hawkins,5,1529,1438,0.6052784486190135,0.5566309599222533,877,552,6514,3702,757,465,5479,3033,464,265,1620,948,318,173,1445,805,3,0,0.0,1.0,1077
Stuart Bingham,Matthew Selt,5,1529,1419,0.626514441159436,0.5683199834782481,877,552,6514,3702,433,239,3048,1600,464,265,1620,948,469,262,1092,608,3,1,0.0,0.75,1077
Stuart Bingham,Ben Woollaston,5,1529,1372,0.6771623607635384,0.596884378259767,877,552,6514,3702,445,258,2925,1567,464,265,1620,948,356,189,997,536,3,1,0.0,0.75,1077
Mark Davis,Ben Woollaston,5,1442,1372,0.5814079746991073,0.5436386872370789,902,544,6614,3610,445,258,2925,1567,387,222,1404,786,356,189,997,536,3,2,0.0,0.6,1077
Stuart Bingham,Matthew Selt,5,1529,1419,0.626514441159436,0.5683199834782481,877,552,6514,3702,433,239,3048,1600,464,265,1620,948,469,262,1092,608,3,1,0.0,0.75,1077
Stuart Bingham,Mark Davis,5,1529,1442,0.6007614835262755,0.5541616527636486,877,552,6514,3702,902,544,6614,3610,464,265,1620,948,387,222,1404,786,3,2,0.0,0.6,1077
Mei Xiwen,Paul Davison,7,1153,1243,0.37899585307075345,0.44398610945538003,42,20,275,132,607,325,4278,2200,19,11,99,50,187,92,683,337,4,0,0.0,1.0,2261
Fang Xiongman,Martin O'Donnell,7,1089,1226,0.3197489554385173,0.415202325282263,28,13,154,75,232,111,1396,696,42,21,140,69,161,81,567,281,4,2,0.0,0.6666666666666666,2261
Ben Woollaston,Ross Vallance,7,1411,953,0.937104951446693,0.7585964618789349,460,266,2984,1600,14,4,67,24,415,222,1056,569,0,0,14,6,4,1,0.0,0.8,2261
Gary Wilson,Allan Taylor,7,1345,1186,0.7064965786766507,0.5980868603322034,316,186,2034,1112,229,111,1342,678,274,143,829,444,147,60,421,168,4,1,0.0,0.8,2261
Kyren Wilson,Jamie Jones,7,1433,1427,0.5082025098106111,0.5037499296890819,286,173,1829,1005,410,249,2722,1485,342,199,812,448,322,177,932,500,4,0,0.0,1.0,2261
Sydney Wilson,Dechawat Poomjaeng,7,1144,1296,0.30173900629161093,0.4061268970658573,147,57,859,391,203,112,1455,744,169,70,491,231,242,123,1013,532,4,2,0.0,0.6666666666666666,2261
Mark Williams,Rod Lawler,7,1533,1296,0.7900435532881105,0.643938555965633,1184,778,9140,5235,740,408,5696,2973,518,315,1420,831,251,123,872,447,4,0,0.0,1.0,2261
Jimmy White,David John,7,1200,1095,0.6403298636636867,0.5652507475670999,1367,770,11816,6230,63,32,435,219,131,56,693,319,38,19,38,19,4,0,0.0,1.0,2261
Michael White,Cao Yupeng,7,1406,1240,0.7146198510727906,0.6022861768886306,350,202,2402,1288,178,90,1294,655,447,243,1121,611,164,79,680,331,4,0,0.0,1.0,2261
Liang Wenbo,Darryl Hill,7,1421,1045,0.8973679326012581,0.7190996574163839,470,283,3238,1787,39,14,257,110,490,279,1238,705,110,41,230,97,4,2,0.0,0.6666666666666666,2261
Daniel Wells,Jamie Barrett,7,1233,1074,0.7064965786766507,0.5980868603322034,277,136,1850,919,36,16,205,103,223,117,650,312,36,19,72,39,4,0,0.0,1.0,2261
Ricky Walden,Tian Pengfei,7,1476,1429,0.5639634145132848,0.5293412500457856,663,409,4754,2651,300,175,1992,1081,305,176,1399,792,269,159,840,469,4,1,0.0,0.8,2261
Chris Wakelin,Nigel Bond,7,1287,1232,0.5747243219334544,0.5343209436693046,101,52,666,339,795,443,6351,3359,238,122,659,336,172,78,665,325,4,0,0.0,1.0,2261
Hossein Vafaei,Jack Lisowski,7,1197,1270,0.40129146875494726,0.45450121278721795,36,20,277,139,312,185,2026,1097,99,47,204,102,226,110,831,432,4,1,0.0,0.8,2261
Judd Trump,Zhang Yong,7,1583,1076,0.9540853216740747,0.7803144887848326,712,474,4808,2814,34,14,195,84,637,387,1944,1159,102,46,162,69,4,0,0.0,1.0,2261
Joe Swail,Lee Walker,7,1285,1242,0.5585634499391967,0.5268491486891144,766,415,6070,3167,393,222,3084,1606,276,136,826,423,207,102,313,153,4,1,0.0,0.8,2261
Matthew Stevens,Ken Doherty,7,1351,1287,0.5867595016023184,0.5399148845555657,854,503,6669,3637,1054,648,8674,4782,276,141,1006,511,268,132,821,413,4,0,0.0,1.0,2261
Adam Stefanow,James Cahill,7,1008,1119,0.35204218100893303,0.43106679063045344,23,10,116,53,104,35,666,278,20,4,87,41,142,51,459,189,4,3,0.0,0.5714285714285714,2261
Akani Songsermsawad,Andrew Higginson,7,1030,1352,0.13794513269842484,0.30895698758427714,10,3,68,29,621,373,4425,2435,29,12,29,12,259,139,870,458,4,3,0.0,0.5714285714285714,2261
Noppon Saengkham,Craig Steadman,7,1187,1279,0.37639911510945645,0.44275214540144436,129,54,921,419,362,203,2402,1276,220,93,701,335,215,102,770,383,4,3,0.0,0.5714285714285714,2261
Neil Robertson,Thor Chuan Leong,7,1602,1077,0.9592578328353056,0.7879311956428947,756,493,5589,3183,31,9,198,78,426,269,1835,1104,170,75,198,78,4,1,0.0,0.8,2261
Ian Preece,Michael Wild,7,1185,1167,0.5245927745980452,0.5112481019468548,169,95,1265,659,275,154,1658,901,0,0,0,0,23,6,148,69,4,3,0.0,0.5714285714285714,2261
Joe Perry,Adam Duffy,7,1535,1317,0.7711668601434363,0.6329747766804606,894,530,6471,3498,267,139,1701,879,478,284,1455,833,295,164,696,351,4,3,0.0,0.5714285714285714,2261
Ronnie O'Sullivan,Matthew Selt,7,1691,1446,0.7976923211673973,0.6485108747389209,1069,811,9443,5746,448,248,3115,1635,208,133,967,637,536,297,1159,643,4,2,0.0,0.6666666666666666,2261
Sean O'Sullivan,Robbie Williams,7,1274,1313,0.44684812561516707,0.47564429123179275,144,65,898,429,285,158,1795,926,213,113,624,305,242,127,810,416,4,1,0.0,0.8,2261
Fergal O'Brien,Brandon Sargeant,7,1413,1024,0.9047290575025384,0.7256175202732952,785,451,5973,3163,37,16,209,98,367,198,925,497,98,48,189,94,4,0,0.0,1.0,2261
Shaun Murphy,Zhao Xintong,7,1635,1343,0.8389762354745806,0.6748052725823135,872,572,6440,3678,70,40,449,253,521,321,1731,1021,136,85,380,214,4,2,0.0,0.6666666666666666,2261
Robert Milkins,David Gilbert,7,1366,1450,0.3868205508364956,0.4476920904256748,721,440,5343,2919,443,250,3287,1750,421,229,1357,736,437,244,1043,572,4,0,0.0,1.0,2261
Aditya Mehta,Yan Bingtao,7,1285,1189,0.6287764284690306,0.5597136492671929,241,121,1657,827,34,17,229,118,199,95,730,378,91,42,229,118,4,1,0.0,0.8,2261
Anthony McGill,John Astley,7,1445,1140,0.8492880506369576,0.6818962645895934,345,208,2230,1230,125,56,770,352,394,219,1057,579,51,18,371,150,4,1,0.0,0.8,2261
Mitchell Mann,Sam Baird,7,1203,1313,0.35330921996474546,0.4316800165217519,173,81,1055,517,256,136,1736,899,162,69,356,160,204,106,831,434,4,2,0.0,0.6666666666666666,2261
Stephen Maguire,Zhou Yuelong,7,1466,1306,0.7076639986592218,0.598687660112452,788,522,5804,3295,85,45,567,296,384,201,1569,896,273,148,489,263,4,0,0.0,1.0,2261
Kurt Maflin,Sam Craigie,7,1314,1295,0.5259570402770714,0.5118727677562528,436,252,2906,1568,96,52,568,305,268,135,938,498,124,79,128,79,4,1,0.0,0.8,2261
Oliver Lines,Chen Zhe,7,1297,1186,0.6479578189910667,0.5689332093695465,127,70,767,405,160,81,977,490,240,122,610,328,56,29,432,200,4,2,0.0,0.6666666666666666,2261
Mark King,Kurt Dunham,7,1376,1000,0.8973679326012581,0.7190996574163839,816,453,6022,3152,0,0,0,0,369,204,1018,540,0,0,0,0,4,0,0.0,1.0,2261
Mark Joyce,Stuart Bingham,7,1374,1531,0.2958451289488597,0.40311562174023297,376,200,2703,1378,914,575,6668,3784,239,132,820,424,618,347,1774,1030,4,3,0.0,0.5714285714285714,2261
Duane Jones,Luca Brecel,7,1249,1423,0.2762380014579778,0.39293301192829644,108,63,608,347,212,112,1440,751,101,51,328,188,309,175,806,429,4,2,0.0,0.6666666666666666,2261
Robin Hull,Boonyarit Keattikun,7,1348,1111,0.7900435532881105,0.643938555965633,457,277,3542,1953,14,6,113,54,186,98,485,241,65,30,113,54,4,0,0.0,1.0,2261
Michael Holt,David Grace,7,1359,1227,0.6741427448520734,0.5817593768418363,676,397,4955,2641,249,114,1646,791,364,196,1103,586,218,103,630,289,4,3,0.0,0.5714285714285714,2261
Liam Highfield,Tom Ford,7,1369,1375,0.4917974901893887,0.496250070310918,272,148,1826,966,498,285,3582,1911,194,101,749,399,319,178,844,434,4,1,0.0,0.8,2261
John Higgins,Alan McManus,7,1511,1417,0.6261916833783177,0.5584811124381613,1237,872,9982,5893,852,511,7140,3795,538,319,1522,896,298,167,1110,619,4,1,0.0,0.8,2261
Barry Hawkins,Hammad Miah,7,1475,1140,0.87127535599101,0.6979384260080908,771,474,5535,3064,80,32,501,218,374,204,1501,836,199,100,483,212,4,0,0.0,1.0,2261
Li Hang,James Wattana,7,1337,1116,0.774213209168811,0.6347154153791584,176,89,1254,645,754,418,6402,3382,252,136,698,371,112,38,524,224,4,1,0.0,0.8,2261
Anthony Hamilton,Fraser Patrick,7,1244,1189,0.5747243219334544,0.5343209436693046,742,431,5788,3095,162,69,1062,490,152,63,706,362,149,62,542,241,4,3,0.0,0.5714285714285714,2261
Xiao Guodong,Wang Yuchen,7,1428,1034,0.9074479165872151,0.7280991982662492,336,195,2227,1229,27,9,163,63,266,148,949,537,47,19,127,52,4,1,0.0,0.8,2261
Michael Georgiou,Peter Lines,7,1237,1203,0.5463726874746992,0.5212372149662741,138,63,835,405,691,375,5092,2646,199,91,491,255,200,94,714,338,4,1,0.0,0.8,2261
Marco Fu,Sanderson Lam,7,1428,1134,0.8405938136052916,0.6759015277259407,751,444,5567,3020,90,42,519,242,477,264,1558,879,143,66,467,225,4,1,0.0,0.8,2261
Igor Figueiredo,Jimmy Robertson,7,1221,1329,0.3558484820461031,0.4329070950345457,84,43,628,307,373,202,2509,1295,89,40,152,71,347,187,972,521,4,3,0.0,0.5714285714285714,2261
Peter Ebdon,Jamie Cope,7,1449,1298,0.6970755073607001,0.5932699921071872,988,569,7811,4201,516,280,3499,1791,466,257,1029,540,245,122,690,337,4,1,0.0,0.8,2261
Mike Dunn,Jason Weston,7,1342,1151,0.7426684543010009,0.6171573626529722,628,337,4638,2400,287,160,2223,1176,277,153,831,438,120,55,136,63,4,2,0.0,0.6666666666666666,2261
Graeme Dott,Jak Jones,7,1419,1148,0.8213053995393751,0.6631804950993565,741,437,5750,3090,127,51,818,367,354,202,1228,700,66,31,281,107,4,0,0.0,1.0,2261
Scott Donaldson,Itaro Santos,7,1225,926,0.8445881619019862,0.6786337178522214,152,76,990,483,71,22,405,162,161,67,784,379,21,5,21,5,4,0,0.0,1.0,2261
Yu Delu,Josh Boileau,7,1318,1112,0.7587387600845145,0.6259778577666038,205,105,1424,732,48,27,247,132,184,95,689,354,86,48,203,112,4,3,0.0,0.5714285714285714,2261
Ryan Day,Elliot Slessor,7,1434,1190,0.7967460208697068,0.6479408020806503,759,459,5316,2930,99,43,588,272,450,258,1459,802,170,86,467,216,4,1,0.0,0.8,2261
Mark Davis,Rory McLeod,7,1510,1304,0.7587387600845145,0.6259778577666038,934,564,6745,3683,489,269,3679,1925,518,295,1535,859,212,106,711,353,4,0,0.0,1.0,2261
Dominic Dale,Chris Totten,7,1313,988,0.8642241097139457,0.6926419831347361,801,461,5812,3103,4,1,23,9,346,184,1182,634,12,6,19,9,4,2,0.0,0.6666666666666666,2261
Rhys Clark,Eden Sharav,7,1164,1178,0.48086718764462183,0.4912508931197597,69,33,402,194,84,47,484,245,126,57,330,158,161,70,369,185,4,3,0.0,0.5714285714285714,2261
Ali Carter,Thepchaiya Un-Nooh,7,1504,1426,0.6053054839891849,0.5485961085831343,775,464,5487,3018,225,132,1615,866,343,192,977,552,386,218,966,520,4,2,0.0,0.6666666666666666,2261
Stuart Carrington,Kritsanut Lertsattayathorn,7,1312,1119,0.7448448720621436,0.6183380393302829,240,129,1518,798,9,5,73,39,246,123,610,306,0,0,73,39,4,3,0.0,0.5714285714285714,2261
Alex Borg,Daniel Womersley,7,1180,1000,0.7305169455924372,0.610639233949222,323,141,2347,1083,0,0,0,0,82,44,387,167,0,0,0,0,4,2,0.0,0.6666666666666666,2261
Zhang Anda,Alfie Burden,7,1275,1291,0.4781366606027012,0.4900013331200346,230,112,1595,791,591,321,4309,2230,261,127,758,382,220,112,752,379,4,0,0.0,1.0,2261
Gareth Allen,Ross Muir,7,1196,1157,0.5531518743848329,0.5243557087682073,133,66,743,372,93,35,606,267,151,77,416,211,191,82,558,245,4,3,0.0,0.5714285714285714,2261
Mark Allen,Christopher Keogan,7,1510,1139,0.8944224841553805,0.7165678145577145,601,385,4093,2299,95,40,521,248,375,217,1250,743,127,71,378,190,4,3,0.0,0.5714285714285714,2261
Mei Xiwen,Peter Ebdon,7,1153,1449,0.15779994964470245,0.323004143761477,42,20,275,132,988,569,7811,4201,19,11,99,50,466,257,1029,540,4,2,0.0,0.6666666666666666,2261
Kyren Wilson,Ben Woollaston,7,1433,1411,0.5300478260158454,0.513746534902355,286,173,1829,1005,460,266,2984,1600,342,199,812,448,415,222,1056,569,4,0,0.0,1.0,2261
Mark Williams,Michael Holt,7,1533,1359,0.7237619985420221,0.6070669880717036,1184,778,9140,5235,676,397,4955,2641,518,315,1420,831,364,196,1103,586,4,1,0.0,0.8,2261
Jimmy White,Ryan Day,7,1200,1434,0.2128707585790301,0.3577829070425624,1367,770,11816,6230,759,459,5316,2930,131,56,693,319,450,258,1459,802,4,0,0.0,1.0,2261
Liang Wenbo,Sydney Wilson,7,1421,1144,0.8264821963228286,0.6665228332551123,470,283,3238,1787,147,57,859,391,490,279,1238,705,169,70,491,231,4,1,0.0,0.8,2261
Daniel Wells,Kurt Maflin,7,1233,1314,0.3907515745539448,0.4495472886604723,277,136,1850,919,436,252,2906,1568,223,117,650,312,268,135,938,498,4,1,0.0,0.8,2261
Ricky Walden,Alex Borg,7,1476,1180,0.8422000503552975,0.676995856238523,663,409,4754,2651,323,141,2347,1083,305,176,1399,792,82,44,387,167,4,3,0.0,0.5714285714285714,2261
Chris Wakelin,Ali Carter,7,1287,1504,0.2298540184474826,0.3676062104304372,101,52,666,339,775,464,5487,3018,238,122,659,336,343,192,977,552,4,3,0.0,0.5714285714285714,2261
Judd Trump,Igor Figueiredo,7,1583,1221,0.888957756538089,0.7119759194127935,712,474,4808,2814,84,43,628,307,637,387,1944,1159,89,40,152,71,4,0,0.0,1.0,2261
Joe Swail,Stuart Carrington,7,1285,1312,0.4631419178202212,0.48313140430861523,766,415,6070,3167,240,129,1518,798,276,136,826,423,246,123,610,306,4,2,0.0,0.6666666666666666,2261
Noppon Saengkham,Aditya Mehta,7,1187,1285,0.36864499282379254,0.43905454967528373,129,54,921,419,241,121,1657,827,220,93,701,335,199,95,730,378,4,2,0.0,0.6666666666666666,2261
Neil Robertson,Gary Wilson,7,1602,1345,0.8088283859322067,0.655318370173895,756,493,5589,3183,316,186,2034,1112,426,269,1835,1104,274,143,829,444,4,2,0.0,0.6666666666666666,2261
Joe Perry,Hossein Vafaei,7,1535,1197,0.8733372031383986,0.6995172276624274,894,530,6471,3498,36,20,277,139,478,284,1455,833,99,47,204,102,4,0,0.0,1.0,2261
Ronnie O'Sullivan,Adam Stefanow,7,1691,1008,0.9868552749942497,0.8465117415161245,1069,811,9443,5746,23,10,116,53,208,133,967,637,20,4,87,41,4,1,0.0,0.8,2261
Sean O'Sullivan,Mark King,7,1274,1376,0.3635067817280711,0.4365932137378064,144,65,898,429,816,453,6022,3152,213,113,624,305,369,204,1018,540,4,1,0.0,0.8,2261
Robert Milkins,Ian Preece,7,1366,1185,0.7316341543771714,0.6112334666758695,721,440,5343,2919,169,95,1265,659,421,229,1357,736,0,0,0,0,4,0,0.0,1.0,2261
Mitchell Mann,Anthony McGill,7,1203,1445,0.20515498938795906,0.35320060744201437,173,81,1055,517,345,208,2230,1230,162,69,356,160,394,219,1057,579,4,1,0.0,0.8,2261
Stephen Maguire,Fergal O'Brien,7,1466,1413,0.5720392978025534,0.5330766223661046,788,522,5804,3295,785,451,5973,3163,384,201,1569,896,367,198,925,497,4,2,0.0,0.6666666666666666,2261
Oliver Lines,Rhys Clark,7,1297,1164,0.67536846283006,0.5823675407280794,127,70,767,405,69,33,402,194,240,122,610,328,126,57,330,158,4,3,0.0,0.5714285714285714,2261
Robin Hull,Michael White,7,1348,1406,0.42125508861179106,0.4638133797682053,457,277,3542,1953,350,202,2402,1288,186,98,485,241,447,243,1121,611,4,1,0.0,0.8,2261
John Higgins,Scott Donaldson,7,1511,1225,0.8340553716337187,0.6715050342254059,1237,872,9982,5893,152,76,990,483,538,319,1522,896,161,67,784,379,4,0,0.0,1.0,2261
Barry Hawkins,Matthew Stevens,7,1475,1351,0.6642657784879786,0.5768852611320463,771,474,5535,3064,854,503,6669,3637,374,204,1501,836,276,141,1006,511,4,2,0.0,0.6666666666666666,2261
Li Hang,Akani Songsermsawad,7,1337,1030,0.850832110932218,0.6829798455801029,176,89,1254,645,10,3,68,29,252,136,698,371,29,12,29,12,4,1,0.0,0.8,2261
Anthony Hamilton,Michael Georgiou,7,1244,1237,0.5095693356278297,0.5043748883497735,742,431,5788,3095,138,63,835,405,152,63,706,362,199,91,491,255,4,2,0.0,0.6666666666666666,2261
Xiao Guodong,Shaun Murphy,7,1428,1635,0.24021086259236363,0.3734370028762817,336,195,2227,1229,872,572,6440,3678,266,148,949,537,521,321,1731,1021,4,1,0.0,0.8,2261
Marco Fu,Liam Highfield,7,1428,1369,0.5800831913605062,0.5368082899889803,751,444,5567,3020,272,148,1826,966,477,264,1558,879,194,101,749,399,4,1,0.0,0.8,2261
Mike Dunn,Gareth Allen,7,1342,1196,0.691115079332653,0.5902502519301834,628,337,4638,2400,133,66,743,372,277,153,831,438,151,77,416,211,4,3,0.0,0.5714285714285714,2261
Yu Delu,Mark Joyce,7,1318,1374,0.42393453930920916,0.4650570548417855,205,105,1424,732,376,200,2703,1378,184,95,689,354,239,132,820,424,4,3,0.0,0.5714285714285714,2261
Mark Davis,Graeme Dott,7,1510,1419,0.622303251187688,0.5566309599222533,934,564,6745,3683,741,437,5750,3090,518,295,1535,859,354,202,1228,700,4,0,0.0,1.0,2261
Dominic Dale,Duane Jones,7,1313,1249,0.5867595016023184,0.5399148845555657,801,461,5812,3103,108,63,608,347,346,184,1182,634,101,51,328,188,4,0,0.0,1.0,2261
Ian Burns,Zhang Anda,7,1266,1275,0.48769738857442835,0.4943752372926745,256,137,1591,825,230,112,1595,791,193,89,711,356,261,127,758,382,4,0,0.0,1.0,2261
Mark Allen,Fang Xiongman,7,1510,1089,0.9210893973650893,0.7412546787548828,601,385,4093,2299,28,13,154,75,375,217,1250,743,42,21,140,69,4,0,0.0,1.0,2261
Kyren Wilson,Oliver Lines,7,1433,1297,0.6790334655716898,0.5841905229354074,286,173,1829,1005,127,70,767,405,342,199,812,448,240,122,610,328,4,0,0.0,1.0,2261
Mark Williams,Stephen Maguire,7,1533,1466,0.5907526477758748,0.5417773692836367,1184,778,9140,5235,788,522,5804,3295,518,315,1420,831,384,201,1569,896,4,3,0.0,0.5714285714285714,2261
Liang Wenbo,Ian Burns,7,1421,1266,0.7018040708685593,0.5956807306078472,470,283,3238,1787,256,137,1591,825,490,279,1238,705,193,89,711,356,4,0,0.0,1.0,2261
Judd Trump,Noppon Saengkham,7,1583,1187,0.9085182512941501,0.7290879223493065,712,474,4808,2814,129,54,921,419,637,387,1944,1159,220,93,701,335,4,0,0.0,1.0,2261
Neil Robertson,Joe Swail,7,1602,1285,0.858383853016921,0.6883678768310286,756,493,5589,3183,766,415,6070,3167,426,269,1835,1104,276,136,826,423,4,2,0.0,0.6666666666666666,2261
Ronnie O'Sullivan,Jimmy White,7,1691,1200,0.9490278562465377,0.7733807162924247,1069,811,9443,5746,1367,770,11816,6230,208,133,967,637,131,56,693,319,4,2,0.0,0.6666666666666666,2261
Sean O'Sullivan,Mitchell Mann,7,1274,1203,0.5960612197256479,0.5442588584178731,144,65,898,429,173,81,1055,517,213,113,624,305,162,69,356,160,4,1,0.0,0.8,2261
Robert Milkins,Joe Perry,7,1366,1535,0.28193392217129976,0.3959186771306219,721,440,5343,2919,894,530,6471,3498,421,229,1357,736,478,284,1455,833,4,1,0.0,0.8,2261
John Higgins,Mei Xiwen,7,1511,1153,0.8864609774555678,0.7099209183344533,1237,872,9982,5893,42,20,275,132,538,319,1522,896,19,11,99,50,4,0,0.0,1.0,2261
Barry Hawkins,Mike Dunn,7,1475,1342,0.67536846283006,0.5823675407280794,771,474,5535,3064,628,337,4638,2400,374,204,1501,836,277,153,831,438,4,1,0.0,0.8,2261
Anthony Hamilton,Chris Wakelin,7,1244,1287,0.44143655006080335,0.4731508513108857,742,431,5788,3095,101,52,666,339,152,63,706,362,238,122,659,336,4,0,0.0,1.0,2261
Marco Fu,Robin Hull,7,1428,1348,0.6079354159352611,0.549833997312478,751,444,5567,3020,457,277,3542,1953,477,264,1558,879,186,98,485,241,4,0,0.0,1.0,2261
Yu Delu,Daniel Wells,7,1318,1233,0.6144870727228646,0.5529259881329059,205,105,1424,732,277,136,1850,919,184,95,689,354,223,117,650,312,4,3,0.0,0.5714285714285714,2261
Mark Davis,Xiao Guodong,7,1510,1428,0.6105601107289808,0.551071269307342,934,564,6745,3683,336,195,2227,1229,518,295,1535,859,266,148,949,537,4,1,0.0,0.8,2261
Dominic Dale,Ricky Walden,7,1313,1476,0.2888475905595551,0.3995117254730337,801,461,5812,3103,663,409,4754,2651,346,184,1182,634,305,176,1399,792,4,3,0.0,0.5714285714285714,2261
Mark Allen,Li Hang,7,1510,1337,0.7226276336267841,0.6064704870683034,601,385,4093,2299,176,89,1254,645,375,217,1250,743,252,136,698,371,4,3,0.0,0.5714285714285714,2261
Liang Wenbo,Barry Hawkins,7,1421,1475,0.4266177377216683,0.4663011645670992,470,283,3238,1787,771,474,5535,3064,490,279,1238,705,374,204,1501,836,4,3,0.0,0.5714285714285714,2261
Judd Trump,Kyren Wilson,7,1583,1433,0.6958878075458884,0.5926665999540697,712,474,4808,2814,286,173,1829,1005,637,387,1944,1159,342,199,812,448,4,2,0.0,0.6666666666666666,2261
Ronnie O'Sullivan,Mark Allen,7,1691,1510,0.7316341543771714,0.6112334666758695,1069,811,9443,5746,601,385,4093,2299,208,133,967,637,375,217,1250,743,4,2,0.0,0.6666666666666666,2261
Robert Milkins,Anthony Hamilton,7,1366,1244,0.661777191191235,0.5756643510425494,721,440,5343,2919,742,431,5788,3095,421,229,1357,736,152,63,706,362,4,3,0.0,0.5714285714285714,2261
John Higgins,Dominic Dale,7,1511,1313,0.7502408354966205,0.6212835951910678,1237,872,9982,5893,801,461,5812,3103,538,319,1522,896,346,184,1182,634,4,0,0.0,1.0,2261
Marco Fu,Neil Robertson,7,1428,1602,0.2762380014579778,0.39293301192829644,751,444,5567,3020,756,493,5589,3183,477,264,1558,879,426,269,1835,1104,4,3,0.0,0.5714285714285714,2261
Yu Delu,Sean O'Sullivan,7,1318,1274,0.5599145707304132,0.5274723043445937,205,105,1424,732,144,65,898,429,184,95,689,354,213,113,624,305,4,3,0.0,0.5714285714285714,2261
Mark Davis,Mark Williams,7,1510,1533,0.46858930565080326,0.4856289593029398,934,564,6745,3683,1184,778,9140,5235,518,295,1535,859,518,315,1420,831,4,3,0.0,0.5714285714285714,2261
Judd Trump,Robert Milkins,9,1583,1366,0.7972134349638327,0.6323937895695628,712,474,4808,2814,721,440,5343,2919,637,387,1944,1159,421,229,1357,736,5,3,0.0,0.625,2261
John Higgins,Ronnie O'Sullivan,9,1511,1691,0.244734218902971,0.389360766050778,1237,872,9982,5893,1069,811,9443,5746,538,319,1522,896,208,133,967,637,5,2,0.0,0.7142857142857143,2261
Marco Fu,Mark Davis,9,1428,1510,0.37604881649493793,0.448928730692658,751,444,5567,3020,934,564,6745,3683,477,264,1558,879,518,295,1535,859,5,1,0.0,0.8333333333333334,2261
Yu Delu,Liang Wenbo,9,1318,1421,0.3458404578857395,0.43597836257374245,205,105,1424,732,470,283,3238,1787,184,95,689,354,490,279,1238,705,5,4,0.0,0.5555555555555556,2261
John Higgins,Judd Trump,11,1511,1583,0.3801270351238471,0.45512110762641994,1237,872,9982,5893,712,474,4808,2814,538,319,1522,896,637,387,1944,1159,6,5,0.0,0.5454545454545454,2261
Marco Fu,Yu Delu,11,1428,1318,0.6793165623060362,0.5683199834782481,751,444,5567,3020,205,105,1424,732,477,264,1558,879,184,95,689,354,6,1,0.0,0.8571428571428571,2261
Marco Fu,John Higgins,17,1428,1511,0.3322448463953309,0.44831033065729986,751,444,5567,3020,1237,872,9982,5893,477,264,1558,879,538,319,1522,896,9,4,0.0,0.6923076923076923,2261
Zhou Yuelong,Duane Jones,11,1293,1247,0.577315732364891,0.5287183569514396,86,45,571,296,110,64,618,351,4,0,407,217,10,4,203,110,6,3,0.0,0.6666666666666666,2247
Wang Yuchen,Peter Ebdon,11,1031,1441,0.04422779932938793,0.2640546060728515,28,9,168,64,990,570,7822,4207,5,1,73,28,11,6,804,444,6,5,0.0,0.5454545454545454,2247
Mei Xiwen,Jack Lisowski,11,1178,1256,0.37049662168977815,0.4514038914168657,45,22,289,140,313,185,2031,1098,14,8,64,34,5,1,504,256,6,5,0.0,0.5454545454545454,2247
Zhao Xintong,David Grace,11,1343,1228,0.6868323733048138,0.5713839816769324,71,40,455,255,250,114,1653,794,6,2,280,156,7,3,397,177,6,2,0.0,0.75,2247
Ben Woollaston,Elliot Slessor,11,1398,1184,0.8165650765983749,0.6306485256510744,462,267,2993,1604,100,43,593,273,9,4,705,371,5,1,331,150,6,5,0.0,0.5454545454545454,2247
Robbie Williams,Akani Songsermsawad,11,1300,1040,0.8628843773345907,0.6570104626734988,286,158,1800,927,12,4,80,34,5,1,524,262,12,5,41,17,6,1,0.0,0.8571428571428571,2247
Mark Williams,Jason Weston,11,1549,1149,0.9519056587404511,0.7310585786300049,1188,781,9163,5250,288,160,2229,1178,23,15,1013,599,6,2,142,65,6,1,0.0,0.8571428571428571,2247
Michael White,Fraser Patrick,11,1406,1187,0.8220451527379182,0.633555377636775,352,203,2411,1293,163,69,1069,493,9,5,811,444,7,3,363,159,6,5,0.0,0.5454545454545454,2247
Liang Wenbo,Kurt Dunham,11,1434,991,0.9667288265290946,0.7516627404402959,475,287,3269,1807,1,0,4,0,31,20,894,503,4,0,4,0,6,1,0.0,0.8571428571428571,2247
Daniel Wells,Ian Burns,11,1258,1269,0.481396194852922,0.4931254332354657,280,138,1866,930,258,138,1599,829,16,11,441,223,8,4,437,208,6,5,0.0,0.5454545454545454,2247
Ricky Walden,Fang Xiongman,11,1472,1092,0.9433267852514017,0.7211151780228631,666,411,4773,2662,30,14,164,79,19,11,888,516,10,4,104,51,6,0,0.0,1.0,2247
Chris Wakelin,Alfie Burden,11,1296,1275,0.5354808847061806,0.5131219861822433,104,54,681,347,592,321,4313,2230,15,8,469,238,4,0,435,219,6,2,0.0,0.75,2247
Judd Trump,James Wattana,11,1606,1109,0.979652427160888,0.7759988756473154,718,479,4845,2840,755,418,6407,3383,37,26,1401,863,5,1,268,107,6,2,0.0,0.75,2247
Matthew Stevens,James Cahill,11,1362,1111,0.8545431033333998,0.6519223788927313,856,504,6679,3643,105,35,673,281,10,6,593,303,7,3,366,159,6,1,0.0,0.8571428571428571,2247
Mark Selby,Andy Hicks,11,1584,1240,0.9247492966813917,0.7026606543447315,878,598,6376,3697,565,305,4647,2412,0,0,1062,644,0,0,76,40,6,1,0.0,0.8571428571428571,2247
Noppon Saengkham,Ken Doherty,11,1196,1272,0.3736977219803135,0.45264238185691075,132,56,938,427,1055,648,8678,4782,17,8,527,248,4,0,555,280,6,0,0.0,1.0,2247
Jimmy Robertson,Thor Chuan Leong,11,1321,1077,0.8478141344097009,0.6479408020806503,374,202,2516,1298,32,9,203,79,7,3,683,366,5,1,203,79,6,0,0.0,1.0,2247
Joe Perry,Jamie Barrett,11,1526,1061,0.9726650481870344,0.7617866810463009,897,532,6487,3507,37,16,209,103,16,9,1008,585,4,0,62,29,6,3,0.0,0.6666666666666666,2247
Ronnie O'Sullivan,Boonyarit Keattikun,11,1672,1100,0.9902254537052038,0.8069013157667836,1074,815,9473,5764,15,6,117,54,30,18,630,411,4,0,117,54,6,0,0.0,1.0,2247
Fergal O'Brien,Zhang Yong,11,1416,1069,0.9264627718319158,0.704225233864307,787,452,5983,3169,35,14,199,84,10,6,660,359,4,0,141,59,6,2,0.0,0.75,2247
Shaun Murphy,Itaro Santos,11,1618,916,0.9975759164404673,0.8525823389461924,874,573,6451,3683,72,22,409,162,11,5,1277,771,4,0,25,5,6,3,0.0,0.6666666666666666,2247
Ross Muir,Joe Swail,11,1154,1305,0.2615616955838963,0.4067300078928128,94,35,613,270,769,417,6087,3177,7,3,396,169,17,10,593,308,6,5,0.0,0.5454545454545454,2247
Robert Milkins,Hamza Akbar,11,1411,1005,0.9542580296327788,0.7339975165215696,726,444,5371,2938,4,0,29,9,28,19,879,472,0,0,29,9,6,1,0.0,0.8571428571428571,2247
Hammad Miah,Tom Ford,11,1130,1363,0.16318920387694577,0.3583575467984366,81,32,505,218,499,285,3587,1912,4,0,330,140,5,1,592,317,6,5,0.0,0.5454545454545454,2247
Alan McManus,Michael Wild,11,1407,1164,0.8468355410929524,0.647370307581549,853,511,7145,3796,276,154,1665,904,5,1,723,405,7,3,63,26,6,5,0.0,0.5454545454545454,2247
Rory McLeod,Jak Jones,11,1292,1137,0.7438795181694131,0.5956807306078472,490,269,3683,1925,128,51,822,367,4,0,442,217,4,0,211,84,6,3,0.0,0.6666666666666666,2247
Anthony McGill,Craig Steadman,11,1432,1272,0.7505935878532457,0.598687660112452,347,209,2240,1235,363,203,2409,1279,10,5,728,398,7,3,550,284,6,5,0.0,0.5454545454545454,2247
Mitchell Mann,Kyren Wilson,11,1222,1473,0.14545689666660025,0.3480776211072687,176,83,1071,526,290,176,1847,1019,16,9,308,139,18,14,600,335,6,3,0.0,0.6666666666666666,2247
Stephen Maguire,Cao Yupeng,11,1483,1227,0.8592200839079102,0.6547534606063192,791,524,5821,3306,179,90,1298,655,17,11,954,551,4,0,383,190,6,1,0.0,0.8571428571428571,2247
Kurt Maflin,Allan Taylor,11,1312,1178,0.7146414155676208,0.5829754542011996,438,253,2916,1573,230,111,1347,679,10,5,563,283,5,1,326,135,6,0,0.0,1.0,2247
Peter Lines,Neil Robertson,11,1192,1593,0.04769542010423296,0.26845017555914563,692,375,5097,2647,760,496,5613,3198,5,1,423,192,24,15,1097,654,6,3,0.0,0.6666666666666666,2247
Oliver Lines,Martin O'Donnell,11,1288,1214,0.6230920690710587,0.5461185410457796,130,72,784,413,233,111,1402,698,17,8,457,233,6,2,369,195,6,5,0.0,0.5454545454545454,2247
Rod Lawler,Anthony Hamilton,11,1285,1272,0.5219830188183359,0.5081242849062608,741,408,5700,2973,746,434,5812,3110,4,0,570,291,24,15,418,203,6,3,0.0,0.6666666666666666,2247
Ding Junhui,Igor Figueiredo,11,1475,1220,0.8582932896295349,0.654188113761243,603,402,4474,2554,86,44,639,311,0,0,728,431,11,4,163,75,6,5,0.0,0.5454545454545454,2247
Mark Joyce,Lee Walker,11,1377,1231,0.7315507747727399,0.5902502519301834,378,201,2717,1385,394,222,3089,1607,14,7,525,271,5,1,318,154,6,3,0.0,0.6666666666666666,2247
Jamie Jones,Eden Sharav,11,1411,1174,0.8408728490865928,0.643938555965633,411,249,2726,1485,85,47,491,248,4,0,641,348,7,3,350,174,6,1,0.0,0.8571428571428571,2247
Robin Hull,Jamie Cope,11,1357,1290,0.6117877063659423,0.5417773692836367,460,279,3555,1961,517,280,3504,1792,13,8,378,198,5,1,489,251,6,1,0.0,0.8571428571428571,2247
Michael Holt,Kritsanut Lertsattayathorn,11,1351,1122,0.8326791118411269,0.6393398367530659,678,398,4967,2646,10,5,80,42,12,5,782,415,7,3,80,42,6,2,0.0,0.75,2247
Liam Highfield,Thepchaiya Un-Nooh,11,1370,1420,0.41606129493296945,0.46879062662624377,274,149,1836,971,226,132,1621,868,10,5,453,246,6,2,688,383,6,5,0.0,0.5454545454545454,2247
Andrew Higginson,Hossein Vafaei,11,1337,1201,0.7174960378979142,0.5841905229354074,622,373,4432,2438,38,21,286,143,7,3,570,305,9,4,175,90,6,4,0.0,0.6,2247
John Higgins,Alex Borg,11,1551,1189,0.934568831978495,0.7119759194127935,1244,878,10030,5924,325,142,2360,1090,48,31,1107,651,13,7,300,138,6,3,0.0,0.6666666666666666,2247
Barry Hawkins,David John,11,1491,1081,0.955772200670612,0.7359453939271484,775,477,5557,3079,64,32,439,219,22,15,922,511,4,0,42,19,6,0,0.0,1.0,2247
Xiao Guodong,John Astley,11,1438,1135,0.8980368229956028,0.6808107108156386,339,197,2242,1238,126,56,775,353,15,9,607,345,5,1,217,80,6,3,0.0,0.6666666666666666,2247
Martin Gould,Gareth Allen,11,1514,1200,0.9058268970780113,0.6867567266439019,538,327,3637,1997,135,67,757,379,0,0,690,405,14,7,312,160,6,2,0.0,0.75,2247
David Gilbert,Adam Duffy,11,1432,1320,0.682332326039051,0.569546223939229,444,250,3291,1750,268,139,1708,882,4,0,694,372,7,3,491,264,6,2,0.0,0.75,2247
Michael Georgiou,Matthew Selt,11,1240,1445,0.1935721233164976,0.37460765027944887,140,64,846,411,449,248,3121,1637,11,6,381,189,6,2,911,524,6,2,0.0,0.75,2247
Marco Fu,Josh Boileau,11,1526,1115,0.9561441057211888,0.7364309317009723,758,451,5614,3056,49,27,254,135,47,36,1030,580,7,3,156,87,6,2,0.0,0.75,2247
Mike Dunn,Darryl Hill,11,1335,1048,0.8858476548030535,0.6720562626502714,631,339,4656,2409,40,14,263,112,18,9,577,312,6,2,167,67,6,1,0.0,0.8571428571428571,2247
Graeme Dott,Ian Preece,11,1416,1176,0.8438737358496442,0.6456563062257954,743,438,5758,3094,171,96,1276,663,8,4,808,462,11,4,11,4,6,1,0.0,0.8571428571428571,2247
Scott Donaldson,Dechawat Poomjaeng,11,1224,1283,0.40125297103885843,0.46319171001101955,154,77,998,487,204,112,1461,746,8,4,455,213,6,2,612,319,6,4,0.0,0.6,2247
Yu Delu,Nigel Bond,11,1321,1217,0.6701956406431402,0.5646362918030292,211,110,1468,754,796,443,6355,3359,44,22,475,240,4,0,384,183,6,3,0.0,0.6666666666666666,2247
Ryan Day,Jimmy White,11,1420,1238,0.7789444994063182,0.6118273690017371,761,460,5325,2934,1370,772,11830,6240,9,4,1064,592,14,10,404,189,6,2,0.0,0.75,2247
Paul Davison,Gary Wilson,11,1225,1352,0.29546103784140204,0.421285137539866,608,325,4282,2200,318,187,2045,1118,4,0,423,213,11,6,511,257,6,3,0.0,0.6666666666666666,2247
Mark Davis,Sydney Wilson,11,1532,1151,0.9437837362155792,0.7216176701846587,939,568,6771,3700,149,58,870,396,26,17,1040,586,11,5,359,160,6,3,0.0,0.6666666666666666,2247
Dominic Dale,Sanderson Lam,11,1324,1129,0.7947551021173549,0.6195173196470847,805,464,5833,3115,91,42,524,243,21,12,832,458,5,1,301,143,6,5,0.0,0.5454545454545454,2247
Sam Craigie,Mark King,11,1283,1371,0.35463507221961965,0.4452207648927852,97,52,573,306,818,454,6031,3157,5,1,129,80,9,5,706,375,6,2,0.0,0.75,2247
Rhys Clark,Li Hang,11,1169,1351,0.2210555005936818,0.3881726309982629,71,34,416,201,179,91,1271,656,14,7,239,112,17,11,545,296,6,5,0.0,0.5454545454545454,2247
Ali Carter,Christopher Keogan,11,1499,1147,0.9292493830196,0.7068222210935676,777,465,5500,3025,96,40,528,251,13,7,569,311,7,3,274,145,6,1,0.0,0.8571428571428571,2247
Luca Brecel,Aditya Mehta,11,1410,1284,0.7030818618963935,0.5781052328843092,213,112,1446,753,243,122,1668,833,6,2,586,320,11,6,448,229,6,0,0.0,1.0,2247
Yan Bingtao,Stuart Carrington,11,1179,1301,0.30278053272412875,0.42433564895745063,35,17,234,119,242,130,1531,804,5,1,195,96,13,6,478,236,6,5,0.0,0.5454545454545454,2247
Stuart Bingham,Adam Stefanow,11,1522,1018,0.9809523828315617,0.7790261077798122,915,575,6675,3787,25,11,128,58,7,3,1179,689,12,5,67,28,6,0,0.0,1.0,2247
Sam Baird,Sean O'Sullivan,11,1302,1307,0.49154118819100323,0.4968750406894683,257,136,1742,901,148,68,920,444,6,2,485,250,22,15,447,237,6,2,0.0,0.75,2247
Zhang Anda,Tian Pengfei,11,1275,1418,0.27262692166823677,0.4115648798723618,232,113,1603,795,301,175,1997,1082,8,4,472,238,5,1,566,323,6,2,0.0,0.75,2247
Mark Allen,Chen Zhe,11,1506,1181,0.9131514516618087,0.6926419831347361,605,388,4117,2313,161,81,983,492,24,14,813,468,6,2,209,100,6,4,0.0,0.6,2247
Zhou Yuelong,Michael Holt,11,1293,1351,0.4028914906484895,0.4638133797682053,86,45,571,296,678,398,4967,2646,4,0,407,217,12,5,782,415,6,1,0.0,0.8571428571428571,2247
Mei Xiwen,Martin Gould,11,1178,1514,0.07997505526844628,0.30153478399746125,45,22,289,140,538,327,3637,1997,14,8,64,34,0,0,690,405,6,3,0.0,0.6666666666666666,2247
Ben Woollaston,Paul Davison,11,1398,1225,0.7675848172598367,0.6064704870683034,462,267,2993,1604,608,325,4282,2200,9,4,705,371,4,0,423,213,6,4,0.0,0.6,2247
Mark Williams,Andrew Higginson,11,1549,1337,0.8143426634341571,0.6294831119673949,1188,781,9163,5250,622,373,4432,2438,23,15,1013,599,7,3,570,305,6,2,0.0,0.75,2247
Ricky Walden,Scott Donaldson,11,1472,1224,0.8516851985920928,0.6502185485738271,666,411,4773,2662,154,77,998,487,19,11,888,516,8,4,455,213,6,2,0.0,0.75,2247
Matthew Stevens,Michael White,11,1362,1406,0.4260044467679594,0.47252769565540637,856,504,6679,3643,352,203,2411,1293,10,6,593,303,9,5,811,444,6,4,0.0,0.6,2247
Mark Selby,Daniel Wells,11,1584,1258,0.9137947284470538,0.6931739493259501,878,598,6376,3697,280,138,1866,930,0,0,1062,644,16,11,441,223,6,4,0.0,0.6,2247
Jimmy Robertson,Mark Davis,11,1321,1532,0.18677504439406556,0.3711001618483768,374,202,2516,1298,939,568,6771,3700,7,3,683,366,26,17,1040,586,6,2,0.0,0.75,2247
Joe Perry,Xiao Guodong,11,1526,1438,0.6453649277803803,0.5547792351072148,897,532,6487,3507,339,197,2242,1238,16,9,1008,585,15,9,607,345,6,4,0.0,0.6,2247
Ronnie O'Sullivan,Rhys Clark,11,1672,1169,0.9807712867197191,0.7785954465118283,1074,815,9473,5764,71,34,416,201,30,18,630,411,14,7,239,112,6,0,0.0,1.0,2247
Fergal O'Brien,Barry Hawkins,11,1416,1491,0.37530170116259215,0.45326184801538616,787,452,5983,3169,775,477,5557,3079,10,6,660,359,22,15,922,511,6,5,0.0,0.5454545454545454,2247
Shaun Murphy,Robin Hull,11,1618,1357,0.86378975240228,0.6575736106164225,874,573,6451,3683,460,279,3555,1961,11,5,1277,771,13,8,378,198,6,3,0.0,0.6666666666666666,2247
Robert Milkins,Hammad Miah,11,1411,1130,0.8810080120634379,0.668741821102192,726,444,5371,2938,81,32,505,218,28,19,879,472,4,0,330,140,6,5,0.0,0.5454545454545454,2247
Mitchell Mann,Sam Baird,11,1222,1302,0.36730484139888986,0.45016600268752216,176,83,1071,526,257,136,1742,901,16,9,308,139,6,2,485,250,6,2,0.0,0.75,2247
Stephen Maguire,Zhao Xintong,11,1483,1343,0.7231619987890416,0.5866175789173301,791,524,5821,3306,71,40,455,255,17,11,954,551,6,2,280,156,6,2,0.0,0.75,2247
Oliver Lines,Judd Trump,11,1288,1606,0.09145650502646911,0.31109608202304534,130,72,784,413,718,479,4845,2840,17,8,457,233,37,26,1401,863,6,2,0.0,0.75,2247
Peter Lines,Chris Wakelin,11,1192,1296,0.3298043593568599,0.4353637081969708,692,375,5097,2647,104,54,681,347,5,1,423,192,15,8,469,238,6,4,0.0,0.6,2247
Ding Junhui,Ross Muir,11,1475,1154,0.9105409484909864,0.6905090012275708,603,402,4474,2554,94,35,613,270,0,0,728,431,7,3,396,169,6,2,0.0,0.75,2247
Jamie Jones,Alan McManus,11,1411,1407,0.5067672397621659,0.5024999791668749,411,249,2726,1485,853,511,7145,3796,4,0,641,348,5,1,723,405,6,2,0.0,0.75,2247
Liam Highfield,Wang Yuchen,11,1370,1031,0.9218232548008097,0.7000424476024744,274,149,1836,971,28,9,168,64,10,5,453,246,5,1,73,28,6,5,0.0,0.5454545454545454,2247
John Higgins,Noppon Saengkham,11,1551,1196,0.9308803913500666,0.708373991032327,1244,878,10030,5924,132,56,938,427,48,31,1107,651,17,8,527,248,6,4,0.0,0.6,2247
David Gilbert,Mark Joyce,11,1432,1377,0.5921823869887557,0.5343209436693046,444,250,3291,1750,378,201,2717,1385,4,0,694,372,14,7,525,271,6,2,0.0,0.75,2247
Michael Georgiou,Mike Dunn,11,1240,1335,0.3436843223141096,0.440902528097607,140,64,846,411,631,339,4656,2409,11,6,381,189,18,9,577,312,6,4,0.0,0.6,2247
Marco Fu,Rory McLeod,11,1526,1292,0.8378328351257411,0.6422170929574377,758,451,5614,3056,490,269,3683,1925,47,36,1030,580,4,0,442,217,6,0,0.0,1.0,2247
Yu Delu,Stuart Bingham,11,1321,1522,0.1981897578496637,0.37695333963338384,211,110,1468,754,915,575,6675,3787,44,22,475,240,7,3,1179,689,6,4,0.0,0.6,2247
Ryan Day,Kurt Maflin,11,1420,1312,0.6762884110738897,0.5670929049654543,761,460,5325,2934,438,253,2916,1573,9,4,1064,592,10,5,563,283,6,2,0.0,0.75,2247
Dominic Dale,Graeme Dott,11,1324,1416,0.3483614432630792,0.44275214540144436,805,464,5833,3115,743,438,5758,3094,21,12,832,458,8,4,808,462,6,3,0.0,0.6666666666666666,2247
Ali Carter,Robbie Williams,11,1499,1300,0.7994756486773107,0.6218716423074662,777,465,5500,3025,286,158,1800,927,13,7,569,311,5,1,524,262,6,2,0.0,0.75,2247
Luca Brecel,Sam Craigie,11,1410,1283,0.704538962158598,0.578714862460134,213,112,1446,753,97,52,573,306,6,2,586,320,5,1,129,80,6,5,0.0,0.5454545454545454,2247
Yan Bingtao,Liang Wenbo,11,1179,1434,0.1417067103704653,0.3458118862387571,35,17,234,119,475,287,3269,1807,5,1,195,96,31,20,894,503,6,4,0.0,0.6,2247
Zhang Anda,Anthony McGill,11,1275,1432,0.25342311541912865,0.40311562174023297,232,113,1603,795,347,209,2240,1235,8,4,472,238,10,5,728,398,6,3,0.0,0.6666666666666666,2247
Mark Allen,Rod Lawler,11,1506,1285,0.8242067605320402,0.6347154153791584,605,388,4117,2313,741,408,5700,2973,24,14,813,468,4,0,570,291,6,4,0.0,0.6,2247
Zhou Yuelong,Yan Bingtao,11,1293,1179,0.6853355319816946,0.5707716118944918,86,45,571,296,35,17,234,119,4,0,407,217,5,1,195,96,6,5,0.0,0.5454545454545454,2247
Mark Williams,Ricky Walden,11,1549,1472,0.6279039800050926,0.5479769376367963,1188,781,9163,5250,666,411,4773,2662,23,15,1013,599,19,11,888,516,6,5,0.0,0.5454545454545454,2247
Matthew Stevens,Joe Perry,11,1362,1526,0.24410611373458688,0.3989121211516302,856,504,6679,3643,897,532,6487,3507,10,6,593,303,16,9,1008,585,6,2,0.0,0.75,2247
Mark Selby,Robert Milkins,11,1584,1411,0.7675848172598367,0.6064704870683034,878,598,6376,3697,726,444,5371,2938,0,0,1062,644,28,19,879,472,6,1,0.0,0.8571428571428571,2247
Ronnie O'Sullivan,Michael Georgiou,11,1672,1240,0.9633672084368504,0.7464939833376621,1074,815,9473,5764,140,64,846,411,30,18,630,411,11,6,381,189,6,1,0.0,0.8571428571428571,2247
Shaun Murphy,Dominic Dale,11,1618,1324,0.8913075060744795,0.6759015277259407,874,573,6451,3683,805,464,5833,3115,11,5,1277,771,21,12,832,458,6,5,0.0,0.5454545454545454,2247
Stephen Maguire,Fergal O'Brien,11,1483,1416,0.6117877063659423,0.5417773692836367,791,524,5821,3306,787,452,5983,3169,17,11,954,551,10,6,660,359,6,5,0.0,0.5454545454545454,2247
Oliver Lines,Jimmy Robertson,11,1288,1321,0.44435687288841547,0.47938669028555136,130,72,784,413,374,202,2516,1298,17,8,457,233,7,3,683,366,6,0,0.0,1.0,2247
Jamie Jones,Ding Junhui,11,1411,1475,0.3930880661471555,0.46008511544443426,411,249,2726,1485,603,402,4474,2554,4,0,641,348,0,0,728,431,6,2,0.0,0.75,2247
Liam Highfield,Peter Lines,11,1370,1192,0.7739370957025349,0.6094497836283252,274,149,1836,971,692,375,5097,2647,10,5,453,246,5,1,423,192,6,2,0.0,0.75,2247
John Higgins,Ben Woollaston,11,1551,1398,0.7411666221738994,0.5944759307482401,1244,878,10030,5924,462,267,2993,1604,48,31,1107,651,9,4,705,371,6,2,0.0,0.75,2247
David Gilbert,Ali Carter,11,1432,1499,0.3882122936340574,0.4582226307163632,444,250,3291,1750,777,465,5500,3025,4,0,694,372,13,7,569,311,6,5,0.0,0.5454545454545454,2247
Marco Fu,Mei Xiwen,11,1526,1178,0.9270269789887425,0.7047456979980911,758,451,5614,3056,45,22,289,140,47,36,1030,580,14,8,64,34,6,4,0.0,0.6,2247
Luca Brecel,Yu Delu,11,1410,1321,0.6469372760307285,0.5553966483205892,213,112,1446,753,211,110,1468,754,6,2,586,320,44,22,475,240,6,1,0.0,0.8571428571428571,2247
Zhang Anda,Mitchell Mann,11,1275,1222,0.5888897906976714,0.5330766223661046,232,113,1603,795,176,83,1071,526,8,4,472,238,16,9,308,139,6,3,0.0,0.6666666666666666,2247
Mark Allen,Ryan Day,11,1506,1420,0.6422124980112687,0.5535439031511183,605,388,4117,2313,761,460,5325,2934,24,14,813,468,9,4,1064,592,6,5,0.0,0.5454545454545454,2247
Mark Williams,Liam Highfield,11,1549,1370,0.7751951749452795,0.610044672404527,1188,781,9163,5250,274,149,1836,971,23,15,1013,599,10,5,453,246,6,5,0.0,0.5454545454545454,2247
Mark Selby,Zhang Anda,11,1584,1275,0.9023444933799599,0.6840614456522569,878,598,6376,3697,232,113,1603,795,0,0,1062,644,8,4,472,238,6,1,0.0,0.8571428571428571,2247
Ronnie O'Sullivan,Matthew Stevens,11,1672,1362,0.9030487322706271,0.6846015003234307,1074,815,9473,5764,856,504,6679,3643,30,18,630,411,10,6,593,303,6,2,0.0,0.75,2247
Shaun Murphy,Zhou Yuelong,11,1618,1293,0.9131514516618087,0.6926419831347361,874,573,6451,3683,86,45,571,296,11,5,1277,771,4,0,407,217,6,2,0.0,0.75,2247
Jamie Jones,David Gilbert,11,1411,1432,0.46451911529381945,0.4868780138177567,411,249,2726,1485,444,250,3291,1750,4,0,641,348,4,0,694,372,6,2,0.0,0.75,2247
John Higgins,Mark Allen,11,1551,1506,0.5756563424097221,0.528095374408387,1244,878,10030,5924,605,388,4117,2313,48,31,1107,651,24,14,813,468,6,3,0.0,0.6666666666666666,2247
Marco Fu,Oliver Lines,11,1526,1288,0.8418774901424073,0.6445115537062945,758,451,5614,3056,130,72,784,413,47,36,1030,580,17,8,457,233,6,0,0.0,1.0,2247
Luca Brecel,Stephen Maguire,11,1410,1483,0.3785163845385248,0.45450121278721795,213,112,1446,753,791,524,5821,3306,6,2,586,320,17,11,954,551,6,3,0.0,0.6666666666666666,2247
Mark Selby,John Higgins,11,1584,1551,0.5556431271115847,0.5206133097144486,878,598,6376,3697,1244,878,10030,5924,0,0,1062,644,48,31,1107,651,6,5,0.0,0.5454545454545454,2247
Ronnie O'Sullivan,Mark Williams,11,1672,1549,0.6986901270792941,0.5762749224932653,1074,815,9473,5764,1188,781,9163,5250,30,18,630,411,23,15,1013,599,6,2,0.0,0.75,2247
Shaun Murphy,Luca Brecel,11,1618,1410,0.8098458608857009,0.6271477663131956,874,573,6451,3683,213,112,1446,753,11,5,1277,771,6,2,586,320,6,1,0.0,0.8571428571428571,2247
Marco Fu,Jamie Jones,11,1526,1411,0.6868323733048138,0.5713839816769324,758,451,5614,3056,411,249,2726,1485,47,36,1030,580,4,0,641,348,6,5,0.0,0.5454545454545454,2247
Mark Selby,Shaun Murphy,11,1584,1618,0.4426826817576513,0.4787627850337259,878,598,6376,3697,874,573,6451,3683,0,0,1062,644,11,5,1277,771,6,2,0.0,0.75,2247
Ronnie O'Sullivan,Marco Fu,11,1672,1526,0.7315507747727399,0.5902502519301834,1074,815,9473,5764,758,451,5614,3056,30,18,630,411,47,36,1030,580,6,5,0.0,0.5454545454545454,2247
Mark Selby,Ronnie O'Sullivan,19,1584,1672,0.3137160787506259,0.4452207648927852,878,598,6376,3697,1074,815,9473,5764,0,0,1062,644,30,18,630,411,10,7,0.0,0.5882352941176471,2247
Chen Zhe,Ross Muir,7,1188,1161,0.536858082179779,0.5168685956913849,162,81,993,496,96,36,632,278,16,6,219,104,26,11,415,177,4,1,0.0,0.8,2248
Zhou Yuelong,Matthew Stevens,7,1318,1399,0.3907515745539448,0.4495472886604723,90,48,606,316,860,507,6712,3663,39,20,442,237,43,26,626,323,4,3,0.0,0.5714285714285714,2248
Kyren Wilson,Hammad Miah,7,1450,1156,0.8405938136052916,0.6759015277259407,291,176,1856,1022,83,33,527,229,27,17,609,338,26,11,352,151,4,2,0.0,0.6666666666666666,2248
Gary Wilson,Peter Lines,7,1334,1222,0.6492231123314619,0.569546223939229,319,187,2054,1121,695,377,5124,2661,20,9,520,260,32,15,450,206,4,0,0.0,1.0,2248
Mark Williams,David Grace,7,1547,1217,0.8677841579315165,0.6952966693475653,1193,785,9208,5276,251,114,1661,796,68,41,1058,625,15,5,405,179,4,2,0.0,0.6666666666666666,2248
Robbie Williams,Thepchaiya Un-Nooh,7,1303,1413,0.35330921996474546,0.4316800165217519,288,159,1815,935,227,132,1632,873,20,9,539,270,17,7,699,388,4,2,0.0,0.6666666666666666,2248
Jimmy White,Gareth Allen,7,1229,1196,0.5450150538752272,0.5206133097144486,1371,772,11838,6242,136,67,765,381,22,12,412,191,22,9,320,162,4,2,0.0,0.6666666666666666,2248
Michael White,Graeme Dott,7,1389,1411,0.4699521739841547,0.486253465097645,354,204,2432,1303,745,439,5774,3103,30,15,832,454,24,13,824,471,4,0,0.0,1.0,2248
Liang Wenbo,Nigel Bond,7,1420,1210,0.7629243149475251,0.6283161882953663,477,288,3286,1817,797,443,6364,3362,48,30,911,513,13,3,393,186,4,1,0.0,0.8,2248
Lee Walker,Rhys Clark,7,1225,1172,0.5720392978025534,0.5330766223661046,395,222,3098,1610,73,35,433,207,14,4,327,157,31,13,256,118,4,2,0.0,0.6666666666666666,2248
Ricky Walden,Sean O'Sullivan,7,1491,1291,0.7523810515908644,0.6224593312018546,669,413,4798,2679,149,68,928,446,44,28,913,533,30,17,455,239,4,2,0.0,0.6666666666666666,2248
Chris Wakelin,James Wattana,7,1299,1111,0.7393846765226212,0.6153837563911821,106,55,699,357,756,418,6415,3385,33,18,487,248,13,3,276,109,4,1,0.0,0.8,2248
Hossein Vafaei,Rod Lawler,7,1200,1298,0.36864499282379254,0.43905454967528373,39,21,296,147,743,409,5719,2983,19,8,185,94,23,10,589,301,4,3,0.0,0.5714285714285714,2248
Allan Taylor,Li Hang,7,1158,1337,0.2706027380688891,0.38995532759547297,231,111,1353,679,180,91,1282,661,11,1,332,135,28,16,556,301,4,2,0.0,0.6666666666666666,2248
Zak Surety,Darryl Hill,7,1165,1038,0.6679843009449487,0.578714862460134,93,41,554,260,41,14,270,113,0,0,257,110,13,3,174,68,4,3,0.0,0.5714285714285714,2248
Craig Steadman,Alfie Burden,7,1277,1260,0.5232282019769063,0.5106234010049637,364,203,2420,1284,593,321,4321,2232,18,8,561,289,12,2,443,221,4,1,0.0,0.8,2248
Akani Songsermsawad,Cao Yupeng,7,1029,1216,0.26171499503028667,0.3852081305077805,13,4,87,35,180,90,1305,656,19,6,48,18,11,1,390,191,4,1,0.0,0.8,2248
Eden Sharav,Oliver Lines,7,1162,1323,0.2911708832817938,0.40071183649164394,86,47,498,249,134,75,815,431,14,4,357,175,48,26,488,251,4,1,0.0,0.8,2248
Jimmy Robertson,Elliot Slessor,7,1336,1191,0.6899164671577602,0.5896454785627312,377,204,2536,1310,101,43,604,278,27,15,703,378,16,6,342,155,4,2,0.0,0.6666666666666666,2248
Joe Perry,Itaro Santos,7,1501,929,0.9704613619998393,0.8069013157667836,900,534,6514,3521,73,22,418,165,43,23,1035,599,13,3,34,8,4,0,0.0,1.0,2248
Fraser Patrick,Marc Davis,7,1195,1097,0.6313550071762073,0.5609454503247162,164,69,1080,498,101,44,537,251,18,8,374,164,0,0,148,79,4,1,0.0,0.8,2248
Ronnie O'Sullivan,David John,7,1690,1068,0.9793170155495806,0.8256347143825868,1081,821,9536,5807,65,32,445,219,93,61,693,454,10,0,48,19,4,1,0.0,0.8,2248
Fergal O'Brien,Tian Pengfei,7,1428,1396,0.5436568604546561,0.5199893401555818,790,454,6013,3186,302,175,2005,1084,40,23,690,376,13,3,574,325,4,2,0.0,0.6666666666666666,2248
Aditya Mehta,Sydney Wilson,7,1264,1155,0.6454220086166967,0.5677065480733601,244,122,1674,833,150,58,879,399,17,6,454,229,20,8,368,163,4,2,0.0,0.6666666666666666,2248
Alan McManus,Stephen Maguire,7,1383,1489,0.358394567903784,0.4341349971045183,855,512,7164,3804,795,527,5856,3327,24,9,742,413,52,32,989,572,4,3,0.0,0.5714285714285714,2248
Anthony McGill,Fang Xiongman,7,1409,1079,0.8677841579315165,0.6952966693475653,349,210,2260,1244,31,14,170,79,30,14,748,407,16,4,110,51,4,2,0.0,0.6666666666666666,2248
Mitchell Mann,Thor Chuan Leong,7,1254,1060,0.7459292301495708,0.6189278548001903,179,85,1097,541,33,9,209,79,42,24,334,154,11,1,209,79,4,1,0.0,0.8,2248
Kurt Maflin,Zhang Yong,7,1320,1066,0.8060824586598727,0.653622330899504,440,254,2930,1581,36,14,207,86,24,13,577,291,12,2,149,61,4,2,0.0,0.6666666666666666,2248
Jack Lisowski,David Lilley,7,1248,1133,0.6530083881296338,0.5713839816769324,314,185,2042,1103,44,23,276,149,16,6,515,261,0,0,0,0,4,3,0.0,0.5714285714285714,2248
Kritsanut Lertsattayathorn,Rory McLeod,7,1115,1280,0.286533617594737,0.3983128198171432,11,5,88,44,492,270,3698,1931,15,5,88,44,19,6,457,223,4,2,0.0,0.6666666666666666,2248
Sanderson Lam,Wang Yuchen,7,1136,1069,0.5907526477758748,0.5417773692836367,92,42,535,248,30,10,190,75,16,6,312,148,27,12,95,39,4,1,0.0,0.8,2248
Mark King,Igor Figueiredo,7,1351,1230,0.660530062626431,0.5750535485557879,819,454,6039,3159,87,44,650,316,17,7,714,377,22,9,174,80,4,1,0.0,0.8,2248
Duane Jones,Mei Xiwen,7,1237,1220,0.5232282019769063,0.5106234010049637,111,64,627,354,48,24,319,156,19,7,212,113,44,24,94,50,4,1,0.0,0.8,2248
Robin Hull,James Cahill,7,1373,1100,0.8230423767770356,0.6642964428999887,462,280,3571,1970,106,35,680,282,29,17,394,207,14,4,373,160,4,2,0.0,0.6666666666666666,2248
Michael Holt,Stuart Carrington,7,1336,1290,0.5626145694127913,0.5287183569514396,680,399,4982,2653,243,130,1542,809,27,12,797,422,24,11,489,241,4,3,0.0,0.5714285714285714,2248
Andrew Higginson,Daniel Wells,7,1331,1271,0.5814204865006773,0.5374298453437496,624,374,4450,2446,282,139,1887,940,25,11,588,313,37,21,462,233,4,1,0.0,0.8,2248
John Higgins,Paul Davison,7,1560,1242,0.8591236298223967,0.6889039179769546,1249,882,10077,5953,610,326,4301,2210,95,60,1154,680,23,10,442,223,4,0,0.0,1.0,2248
Barry Hawkins,Martin O'Donnell,7,1495,1214,0.829876495909729,0.668741821102192,777,478,5574,3090,234,111,1413,703,39,26,939,522,17,7,380,200,4,0,0.0,1.0,2248
Anthony Hamilton,Boonyarit Keattikun,7,1261,1091,0.7192100641468833,0.6046790847140093,747,434,5821,3113,16,6,123,54,33,18,427,206,10,0,123,54,4,2,0.0,0.6666666666666666,2248
David Gilbert,Zhao Xintong,7,1449,1344,0.6403298636636867,0.5652507475670999,448,253,3326,1770,73,41,471,263,39,20,729,392,22,10,296,164,4,1,0.0,0.8,2248
Michael Georgiou,Patrick Wallace,7,1269,1304,0.4522702554497651,0.47813894602839846,143,66,871,424,387,220,3135,1693,36,19,406,202,0,0,0,0,4,2,0.0,0.6666666666666666,2248
Marco Fu,Ryan Day,7,1558,1440,0.6567774862994666,0.5732197726798348,764,456,5666,3091,764,462,5352,2951,99,71,1082,615,36,21,1091,609,4,3,0.0,0.5714285714285714,2248
Tom Ford,Ian Burns,7,1347,1264,0.611870456908998,0.5516896693427,500,285,3598,1917,259,138,1610,834,16,6,603,322,19,9,448,213,4,2,0.0,0.6666666666666666,2248
Kurt Dunham,Christopher Keogan,7,985,1139,0.29937471450906367,0.40492152613386595,2,0,11,1,97,40,535,252,11,1,11,1,14,4,281,146,4,2,0.0,0.6666666666666666,2248
Adam Duffy,Michael Wild,7,1308,1173,0.6778138346852377,0.5835831155172753,269,139,1716,884,277,154,1676,909,15,5,499,266,18,8,74,31,4,2,0.0,0.6666666666666666,2248
Scott Donaldson,Robert Milkins,7,1229,1394,0.286533617594737,0.3983128198171432,156,78,1016,495,729,446,5396,2951,26,12,473,221,53,32,904,485,4,1,0.0,0.8,2248
Ken Doherty,Ashley Hugill,7,1246,1098,0.6935058085008956,0.5914589784327801,1056,648,8684,4782,44,22,232,115,10,0,561,280,0,0,210,105,4,0,0.0,1.0,2248
Yu Delu,Ding Junhui,7,1329,1453,0.3357342215120212,0.42311473886795364,214,112,1494,767,606,404,4501,2568,70,35,501,253,27,14,755,445,4,2,0.0,0.6666666666666666,2248
Mark Davis,Jason Weston,7,1505,1142,0.8895753795158947,0.7124883131320702,941,569,6788,3708,289,160,2236,1179,43,25,1057,594,13,3,149,66,4,0,0.0,1.0,2248
Dominic Dale,Joe Swail,7,1344,1293,0.5693507188778237,0.5318318894162242,808,466,5864,3132,770,417,6098,3182,52,29,863,475,28,15,604,313,4,2,0.0,0.6666666666666666,2248
Sam Craigie,Jamie Jones,7,1306,1472,0.2853801489272095,0.3977138231113694,99,53,592,317,416,253,2768,1514,24,12,148,91,46,29,683,377,4,0,0.0,1.0,2248
Jamie Cope,Adam Stefanow,7,1272,1007,0.8160262378047215,0.6598217549720575,518,280,3511,1793,26,11,134,58,12,2,496,252,18,5,73,28,4,2,0.0,0.6666666666666666,2248
Jordan Brown,Ben Woollaston,7,1157,1382,0.22176316048224076,0.3629692055196168,77,42,494,254,465,269,3022,1618,0,0,67,33,38,18,734,385,4,2,0.0,0.6666666666666666,2248
Luca Brecel,Shaun Murphy,7,1444,1601,0.2958451289488597,0.40311562174023297,218,116,1486,778,880,578,6503,3715,46,27,626,345,63,37,1329,803,4,0,0.0,1.0,2248
Alex Borg,Dechawat Poomjaeng,7,1192,1272,0.3920645840647391,0.45016600268752216,326,142,2369,1093,205,112,1471,750,22,10,309,141,16,6,622,323,4,2,0.0,0.6666666666666666,2248
Josh Boileau,Mike Dunn,7,1114,1333,0.22781497267732487,0.3664446223632249,50,27,262,137,633,340,4673,2419,15,5,164,89,35,19,594,322,4,3,0.0,0.5714285714285714,2248
Yan Bingtao,Steven Hallworth,7,1212,1080,0.6741427448520734,0.5817593768418363,38,19,266,136,53,16,331,137,37,18,227,113,0,0,226,85,4,1,0.0,0.8,2248
Jamie Barrett,Matthew Selt,7,1068,1421,0.11671949166410808,0.29265998548192695,38,16,218,106,450,248,3129,1639,13,3,71,32,14,4,919,526,4,2,0.0,0.6666666666666666,2248
Sam Baird,Noppon Saengkham,7,1299,1229,0.5947357972115818,0.5436386872370789,259,137,1758,909,134,57,954,437,22,10,501,258,33,18,543,258,4,3,0.0,0.5714285714285714,2248
John Astley,Xiao Guodong,7,1136,1433,0.15700108129616114,0.32245770467253076,127,56,784,356,341,198,2261,1248,14,4,226,83,34,19,626,355,4,3,0.0,0.5714285714285714,2248
Zhang Anda,Ian Preece,7,1314,1164,0.6958878075458884,0.5926665999540697,236,116,1636,814,172,96,1283,664,41,23,505,257,18,5,18,5,4,0,0.0,1.0,2248
Mark Allen,Mark Joyce,7,1488,1369,0.6580301976734948,0.5738312575916094,609,391,4157,2334,380,202,2734,1393,64,35,853,489,31,15,542,279,4,1,0.0,0.8,2248
Zhou Yuelong,Allan Taylor,7,1318,1158,0.7076639986592218,0.598687660112452,90,48,606,316,231,111,1353,679,39,20,442,237,11,1,332,135,4,0,0.0,1.0,2248
Kyren Wilson,Jordan Brown,7,1450,1157,0.8397864427779326,0.6753536404444148,291,176,1856,1022,77,42,494,254,27,17,609,338,0,0,67,33,4,2,0.0,0.6666666666666666,2248
Gary Wilson,Andrew Higginson,7,1334,1331,0.5041014855971089,0.5018749912109869,319,187,2054,1121,624,374,4450,2446,20,9,520,260,25,11,588,313,4,3,0.0,0.5714285714285714,2248
Mark Williams,Craig Steadman,7,1547,1277,0.8204326451879429,0.6626218371700825,1193,785,9208,5276,364,203,2420,1284,68,41,1058,625,18,8,561,289,4,0,0.0,1.0,2248
Robbie Williams,Yu Delu,7,1303,1329,0.4645031181885513,0.48375571893792757,288,159,1815,935,214,112,1494,767,20,9,539,270,70,35,501,253,4,1,0.0,0.8,2248
Michael White,Chen Zhe,7,1389,1188,0.7534472409879828,0.6230466603666162,354,204,2432,1303,162,81,993,496,30,15,832,454,16,6,219,104,4,3,0.0,0.5714285714285714,2248
Ricky Walden,Kritsanut Lertsattayathorn,7,1491,1115,0.8973679326012581,0.7190996574163839,669,413,4798,2679,11,5,88,44,44,28,913,533,15,5,88,44,4,3,0.0,0.5714285714285714,2248
Hossein Vafaei,Zak Surety,7,1200,1165,0.5477297445502348,0.5218610539716015,39,21,296,147,93,41,554,260,19,8,185,94,0,0,257,110,4,2,0.0,0.6666666666666666,2248
Akani Songsermsawad,Mark Davis,7,1029,1505,0.05613279605512275,0.23325893577145726,13,4,87,35,941,569,6788,3708,19,6,48,18,43,25,1057,594,4,3,0.0,0.5714285714285714,2248
Joe Perry,Jimmy Robertson,7,1501,1336,0.7134663824052628,0.6016871801828567,900,534,6514,3521,377,204,2536,1310,43,23,1035,599,27,15,703,378,4,3,0.0,0.5714285714285714,2248
Fraser Patrick,Duane Jones,7,1195,1237,0.44278839657477087,0.4737740906279313,164,69,1080,498,111,64,627,354,18,8,374,164,19,7,212,113,4,0,0.0,1.0,2248
Ronnie O'Sullivan,Jimmy White,7,1690,1229,0.9382767050137978,0.7599672558590728,1081,821,9536,5807,1371,772,11838,6242,93,61,693,454,22,12,412,191,4,1,0.0,0.8,2248
Fergal O'Brien,Mitchell Mann,7,1428,1254,0.7237619985420221,0.6070669880717036,790,454,6013,3186,179,85,1097,541,40,23,690,376,42,24,334,154,4,0,0.0,1.0,2248
Anthony McGill,Aditya Mehta,7,1409,1264,0.6899164671577602,0.5896454785627312,349,210,2260,1244,244,122,1674,833,30,14,748,407,17,6,454,229,4,3,0.0,0.5714285714285714,2248
Kurt Maflin,Alex Borg,7,1320,1192,0.6692199309586204,0.5793242521487495,440,254,2930,1581,326,142,2369,1093,24,13,577,291,22,10,309,141,4,1,0.0,0.8,2248
Jack Lisowski,John Astley,7,1248,1136,0.6492231123314619,0.569546223939229,314,185,2042,1103,127,56,784,356,16,6,515,261,14,4,226,83,4,1,0.0,0.8,2248
Sanderson Lam,Alan McManus,7,1136,1383,0.20042350026365735,0.3503502507095912,92,42,535,248,855,512,7164,3804,16,6,312,148,24,9,742,413,4,0,0.0,1.0,2248
Mark King,Liang Wenbo,7,1351,1420,0.4065907825999159,0.4569816192756902,819,454,6039,3159,477,288,3286,1817,17,7,714,377,48,30,911,513,4,2,0.0,0.6666666666666666,2248
Robin Hull,Lee Walker,7,1373,1225,0.6935058085008956,0.5914589784327801,462,280,3571,1970,395,222,3098,1610,29,17,394,207,14,4,327,157,4,2,0.0,0.6666666666666666,2248
John Higgins,Sam Craigie,7,1560,1306,0.8060824586598727,0.653622330899504,1249,882,10077,5953,99,53,592,317,95,60,1154,680,24,12,148,91,4,1,0.0,0.8,2248
Barry Hawkins,Michael Holt,7,1495,1336,0.7064965786766507,0.5980868603322034,777,478,5574,3090,680,399,4982,2653,39,26,939,522,27,12,797,422,4,1,0.0,0.8,2248
Anthony Hamilton,Ken Doherty,7,1261,1246,0.5204982038546295,0.5093739015216607,747,434,5821,3113,1056,648,8684,4782,33,18,427,206,10,0,561,280,4,3,0.0,0.5714285714285714,2248
David Gilbert,Jamie Barrett,7,1449,1068,0.9002495498742646,0.7216176701846587,448,253,3326,1770,38,16,218,106,39,20,729,392,13,3,71,32,4,1,0.0,0.8,2248
Peter Ebdon,Adam Duffy,7,1416,1308,0.644151517953897,0.5670929049654543,991,570,7833,4212,269,139,1716,884,22,11,815,449,15,5,499,266,4,3,0.0,0.5714285714285714,2248
Scott Donaldson,Kurt Dunham,7,1229,985,0.7967460208697068,0.6479408020806503,156,78,1016,495,2,0,11,1,26,12,473,221,11,1,11,1,4,3,0.0,0.5714285714285714,2248
Dominic Dale,Tom Ford,7,1344,1347,0.4958985144028909,0.498125008789013,808,466,5864,3132,500,285,3598,1917,52,29,863,475,16,6,603,322,4,0,0.0,1.0,2248
Luca Brecel,Jamie Cope,7,1444,1272,0.721490850613204,0.6058736684317606,218,116,1486,778,518,280,3511,1793,46,27,626,345,12,2,496,252,4,2,0.0,0.6666666666666666,2248
Josh Boileau,Hamza Akbar,7,1114,998,0.6542665688127887,0.5719961329315186,50,27,262,137,5,0,36,10,15,5,164,89,7,1,36,10,4,2,0.0,0.6666666666666666,2248
Yan Bingtao,Eden Sharav,7,1212,1162,0.5680051367615364,0.5312093733737563,38,19,266,136,86,47,498,249,37,18,227,113,14,4,357,175,4,0,0.0,1.0,2248
Sam Baird,Marco Fu,7,1299,1558,0.1893551436986179,0.34355312754339407,259,137,1758,909,764,456,5666,3091,22,10,501,258,99,71,1082,615,4,3,0.0,0.5714285714285714,2248
Zhang Anda,Chris Wakelin,7,1314,1299,0.5204982038546295,0.5093739015216607,236,116,1636,814,106,55,699,357,41,23,505,257,33,18,487,248,4,3,0.0,0.5714285714285714,2248
Mark Allen,Michael Georgiou,7,1488,1269,0.7721850273226749,0.633555377636775,609,391,4157,2334,143,66,871,424,64,35,853,489,36,19,406,202,4,2,0.0,0.6666666666666666,2248
Gary Wilson,Sam Baird,7,1334,1299,0.5477297445502348,0.5218610539716015,319,187,2054,1121,259,137,1758,909,20,9,520,260,22,10,501,258,4,3,0.0,0.5714285714285714,2248
Kyren Wilson,Akani Songsermsawad,7,1450,1029,0.9210893973650893,0.7412546787548828,291,176,1856,1022,13,4,87,35,27,17,609,338,19,6,48,18,4,2,0.0,0.6666666666666666,2248
Mark Williams,David Gilbert,7,1547,1449,0.6313550071762073,0.5609454503247162,1193,785,9208,5276,448,253,3326,1770,68,41,1058,625,39,20,729,392,4,2,0.0,0.6666666666666666,2248
Michael White,Luca Brecel,7,1389,1444,0.42527567806654565,0.4656790563306954,354,204,2432,1303,218,116,1486,778,30,15,832,454,46,27,626,345,4,1,0.0,0.8,2248
Hossein Vafaei,Sanderson Lam,7,1200,1136,0.5867595016023184,0.5399148845555657,39,21,296,147,92,42,535,248,19,8,185,94,16,6,312,148,4,1,0.0,0.8,2248
Ronnie O'Sullivan,Zhang Anda,7,1690,1314,0.8973679326012581,0.7190996574163839,1081,821,9536,5807,236,116,1636,814,93,61,693,454,41,23,505,257,4,0,0.0,1.0,2248
Kurt Maflin,Josh Boileau,7,1320,1114,0.7587387600845145,0.6259778577666038,440,254,2930,1581,50,27,262,137,24,13,577,291,15,5,164,89,4,1,0.0,0.8,2248
Jack Lisowski,Joe Perry,7,1248,1501,0.1948385031794988,0.3469438867133873,314,185,2042,1103,900,534,6514,3521,16,6,515,261,43,23,1035,599,4,3,0.0,0.5714285714285714,2248
Mark King,Fergal O'Brien,7,1351,1428,0.39601140843867844,0.4520230623632036,819,454,6039,3159,790,454,6013,3186,17,7,714,377,40,23,690,376,4,0,0.0,1.0,2248
John Higgins,Zhou Yuelong,7,1560,1318,0.794845010612041,0.6467993925579857,1249,882,10077,5953,90,48,606,316,95,60,1154,680,39,20,442,237,4,0,0.0,1.0,2248
Barry Hawkins,Fraser Patrick,7,1495,1195,0.8453785395674661,0.679178699175393,777,478,5574,3090,164,69,1080,498,39,26,939,522,18,8,374,164,4,0,0.0,1.0,2248
Anthony Hamilton,Anthony McGill,7,1261,1409,0.3064941914991044,0.40854102156721994,747,434,5821,3113,349,210,2260,1244,33,18,427,206,30,14,748,407,4,2,0.0,0.6666666666666666,2248
Scott Donaldson,Peter Ebdon,7,1229,1416,0.26171499503028667,0.3852081305077805,156,78,1016,495,991,570,7833,4212,26,12,473,221,22,11,815,449,4,2,0.0,0.6666666666666666,2248
Dominic Dale,Ricky Walden,7,1344,1491,0.30768847003935823,0.4091452475454058,808,466,5864,3132,669,413,4798,2679,52,29,863,475,44,28,913,533,4,2,0.0,0.6666666666666666,2248
Yan Bingtao,Robbie Williams,7,1212,1303,0.3776967488123118,0.44336904007774663,38,19,266,136,288,159,1815,935,37,18,227,113,20,9,539,270,4,3,0.0,0.5714285714285714,2248
Mark Allen,Robin Hull,7,1488,1373,0.6530083881296338,0.5713839816769324,609,391,4157,2334,462,280,3571,1970,64,35,853,489,29,17,394,207,4,1,0.0,0.8,2248
Kyren Wilson,Ronnie O'Sullivan,7,1450,1690,0.2070671951159809,0.35434369377420455,291,176,1856,1022,1081,821,9536,5807,27,17,609,338,93,61,693,454,4,3,0.0,0.5714285714285714,2248
Mark Williams,John Higgins,7,1547,1560,0.48223281808358937,0.4918757150937391,1193,785,9208,5276,1249,882,10077,5953,68,41,1058,625,95,60,1154,680,4,1,0.0,0.8,2248
Michael White,Dominic Dale,7,1389,1344,0.5612649493584694,0.528095374408387,354,204,2432,1303,808,466,5864,3132,30,15,832,454,52,29,863,475,4,2,0.0,0.6666666666666666,2248
Hossein Vafaei,Scott Donaldson,7,1200,1229,0.46042091137016095,0.4818829349568186,39,21,296,147,156,78,1016,495,19,8,185,94,26,12,473,221,4,2,0.0,0.6666666666666666,2248
Mark King,Kurt Maflin,7,1351,1320,0.5422981239384312,0.519365308229932,819,454,6039,3159,440,254,2930,1581,17,7,714,377,24,13,577,291,4,2,0.0,0.6666666666666666,2248
Barry Hawkins,Jack Lisowski,7,1495,1248,0.7995764997363425,0.6496497492904088,777,478,5574,3090,314,185,2042,1103,39,26,939,522,16,6,515,261,4,0,0.0,1.0,2248
Anthony Hamilton,Yan Bingtao,7,1261,1212,0.5666587144886649,0.530586760182081,747,434,5821,3113,38,19,266,136,33,18,427,206,37,18,227,113,4,3,0.0,0.5714285714285714,2248
Mark Allen,Gary Wilson,7,1488,1334,0.7006252854909363,0.595078473866134,609,391,4157,2334,319,187,2054,1121,64,35,853,489,20,9,520,260,4,3,0.0,0.5714285714285714,2248
Kyren Wilson,Mark Williams,9,1450,1547,0.35437700298719044,0.4396703573114467,291,176,1856,1022,1193,785,9208,5276,27,17,609,338,68,41,1058,625,5,4,0.0,0.5555555555555556,2248
Mark King,Hossein Vafaei,9,1351,1200,0.7192102444974917,0.5932699921071872,819,454,6039,3159,39,21,296,147,17,7,714,377,19,8,185,94,5,3,0.0,0.625,2248
Barry Hawkins,Michael White,9,1495,1389,0.6583974652784721,0.5658650028954817,777,478,5574,3090,354,204,2432,1303,39,26,939,522,30,15,832,454,5,2,0.0,0.7142857142857143,2248
Anthony Hamilton,Mark Allen,9,1261,1488,0.19227030755303381,0.36181388669099446,747,434,5821,3113,609,391,4157,2334,33,18,427,206,64,35,853,489,5,2,0.0,0.7142857142857143,2248
Mark King,Kyren Wilson,11,1351,1450,0.3374868651706594,0.4384389296638045,819,454,6039,3159,291,176,1856,1022,17,7,714,377,27,17,609,338,6,2,0.0,0.75,2248
Barry Hawkins,Anthony Hamilton,11,1495,1261,0.8378328351257411,0.6422170929574377,777,478,5574,3090,747,434,5821,3113,39,26,939,522,33,18,427,206,6,5,0.0,0.5454545454545454,2248
Mark King,Barry Hawkins,17,1351,1495,0.22627898061476454,0.41095956594133487,819,454,6039,3159,777,478,5574,3090,17,7,714,377,39,26,939,522,9,8,0.0,0.5294117647058824,2248
Judd Trump,Anthony McGill,7,1576,1395,0.7316341543771714,0.6112334666758695,720,480,4861,2848,352,212,2279,1254,53,34,1417,871,49,24,767,417,4,3,0.0,0.5714285714285714,2246
Mark Selby,Liang Wenbo,7,1646,1417,0.7822166026963269,0.6393398367530659,885,605,6443,3743,479,289,3297,1823,67,46,1129,690,59,36,922,519,4,0,0.0,1.0,2246
Ronnie O'Sullivan,Robin Hull,7,1687,1368,0.8598606169693392,0.6894394530607736,1085,824,9557,5822,465,282,3588,1979,114,76,714,469,46,26,411,216,4,2,0.0,0.6666666666666666,2246
Ding Junhui,Ali Carter,7,1441,1508,0.4092473522241249,0.4582226307163632,607,404,4507,2570,780,467,5526,3042,33,16,761,447,39,24,595,328,4,2,0.0,0.6666666666666666,2246
John Higgins,Shaun Murphy,7,1574,1582,0.48906395814377107,0.4950001666600003,1253,885,10095,5966,881,578,6507,3715,113,73,1172,693,67,37,1333,803,4,2,0.0,0.6666666666666666,2246
Martin Gould,Mark Davis,7,1492,1495,0.4958985144028909,0.498125008789013,540,328,3654,2006,943,570,6799,3715,17,9,707,414,54,32,1068,601,4,3,0.0,0.5714285714285714,2246
Stuart Bingham,Neil Robertson,7,1515,1564,0.433341285511335,0.469413239817919,917,576,6691,3797,761,496,5622,3201,23,13,1195,699,33,18,1106,657,4,2,0.0,0.6666666666666666,2246
Mark Allen,Joe Perry,7,1487,1493,0.4917974901893887,0.496250070310918,614,395,4187,2352,903,536,6532,3532,94,53,883,507,61,34,1053,610,4,2,0.0,0.6666666666666666,2246
Ronnie O'Sullivan,Martin Gould,11,1687,1492,0.7947551021173549,0.6195173196470847,1085,824,9557,5822,540,328,3654,2006,114,76,714,469,17,9,707,414,6,2,0.0,0.75,2246
Ding Junhui,Stuart Bingham,11,1441,1515,0.3769079309289413,0.4538814589542204,607,404,4507,2570,917,576,6691,3797,33,16,761,447,23,13,1195,699,6,4,0.0,0.6,2246
John Higgins,Judd Trump,11,1574,1576,0.49661625323436126,0.49875000260416025,1253,885,10095,5966,720,480,4861,2848,113,73,1172,693,53,34,1417,871,6,4,0.0,0.6,2246
Mark Allen,Mark Selby,11,1487,1646,0.2507413833722163,0.40191313966779657,614,395,4187,2352,885,605,6443,3743,94,53,883,507,67,46,1129,690,6,5,0.0,0.5454545454545454,2246
Ronnie O'Sullivan,Mark Allen,11,1687,1487,0.8006450896034027,0.6224593312018546,1085,824,9557,5822,614,395,4187,2352,114,76,714,469,94,53,883,507,6,2,0.0,0.75,2246
John Higgins,Ding Junhui,11,1574,1441,0.7132087530865945,0.5823675407280794,1253,885,10095,5966,607,404,4507,2570,113,73,1172,693,33,16,761,447,6,5,0.0,0.5454545454545454,2246
John Higgins,Ronnie O'Sullivan,19,1574,1687,0.26669940523669544,0.42984097461816473,1253,885,10095,5966,1085,824,9557,5822,113,73,1172,693,114,76,714,469,10,7,0.0,0.5882352941176471,2246
Mark Selby,Anthony McGill,11,1645,1397,0.8516851985920928,0.6502185485738271,887,606,6458,3752,353,212,2286,1257,82,55,1144,699,56,27,774,420,6,2,0.0,0.75,2244
Shaun Murphy,Joe Perry,11,1574,1485,0.6469372760307285,0.5553966483205892,882,578,6513,3717,904,536,6538,3534,73,39,1339,805,67,36,1059,612,6,4,0.0,0.6,2244
Michael Holt,Neil Robertson,11,1330,1555,0.17152223634673677,0.3629692055196168,682,400,4994,2658,762,496,5628,3203,39,17,809,427,39,20,1112,659,6,5,0.0,0.5454545454545454,2244
John Higgins,Mark Williams,11,1609,1566,0.572333394721473,0.5268491486891144,1257,889,10139,5992,1198,789,9238,5296,157,99,1216,719,98,61,1088,645,6,4,0.0,0.6,2244
Marco Fu,Ding Junhui,11,1545,1466,0.6311004465824185,0.5492151291013335,766,457,5680,3098,610,406,4534,2585,113,78,1096,622,60,31,788,462,6,3,0.0,0.6666666666666666,2244
Ali Carter,Judd Trump,11,1498,1566,0.38659106551765254,0.45760205922564895,781,467,5532,3044,722,481,4878,2856,45,26,601,330,70,42,1434,879,6,4,0.0,0.6,2244
Stuart Bingham,Liang Wenbo,11,1512,1405,0.6747697440949106,0.5664790559676278,919,577,6707,3805,480,289,3301,1823,39,21,1211,707,63,36,926,519,6,2,0.0,0.75,2244
Mark Allen,Ricky Walden,11,1499,1473,0.5438965166863096,0.5162442810620724,617,397,4212,2364,672,415,4817,2689,119,65,908,519,63,38,932,543,6,4,0.0,0.6,2244
Shaun Murphy,Marco Fu,11,1574,1545,0.5489363138849731,0.5181170650431814,882,578,6513,3717,766,457,5680,3098,73,39,1339,805,113,78,1096,622,6,2,0.0,0.75,2244
John Higgins,Ali Carter,11,1609,1498,0.6808260033162458,0.5689332093695465,1257,889,10139,5992,781,467,5532,3044,157,99,1216,719,45,26,601,330,6,2,0.0,0.75,2244
Stuart Bingham,Michael Holt,11,1512,1330,0.7789444994063182,0.6118273690017371,919,577,6707,3805,682,400,4994,2658,39,21,1211,707,39,17,809,427,6,5,0.0,0.5454545454545454,2244
Mark Allen,Mark Selby,11,1499,1645,0.26844922522726006,0.40974974806981657,617,397,4212,2364,887,606,6458,3752,119,65,908,519,82,55,1144,699,6,5,0.0,0.5454545454545454,2244
John Higgins,Mark Allen,17,1609,1499,0.7171619775409694,0.5683199834782481,1257,889,10139,5992,617,397,4212,2364,157,99,1216,719,119,65,908,519,9,3,0.0,0.75,2244
Stuart Bingham,Shaun Murphy,17,1512,1574,0.37292661263852117,0.46132739479349205,919,577,6707,3805,882,578,6513,3717,39,21,1211,707,73,39,1339,805,9,8,0.0,0.5294117647058824,2244
John Higgins,Stuart Bingham,19,1609,1512,0.7036293713965621,0.5603296426885532,1257,889,10139,5992,919,577,6707,3805,157,99,1216,719,39,21,1211,707,10,7,0.0,0.5882352941176471,2244
Zhou Yuelong,Steven Hallworth,11,1327,1071,0.8592200839079102,0.6547534606063192,93,50,621,324,54,16,336,138,54,28,457,245,5,1,231,86,6,3,0.0,0.6666666666666666,2214
Wang Yuchen,Rory McLeod,11,1059,1267,0.1901541391142991,0.3728522336868044,31,10,195,76,493,270,3704,1933,32,13,100,40,25,8,463,225,6,1,0.0,0.8571428571428571,2214
Zhao Xintong,Ben Woollaston,11,1335,1367,0.4460320996560893,0.48001065984441826,74,41,476,264,466,269,3028,1620,27,11,301,165,44,20,740,387,6,4,0.0,0.6,2214
Gary Wilson,Craig Steadman,11,1356,1278,0.6295033783102222,0.5485961085831343,323,190,2079,1136,366,204,2429,1288,45,24,545,275,27,12,570,293,6,3,0.0,0.6666666666666666,2214
Robbie Williams,Zhang Anda,11,1320,1321,0.49830811075590464,0.4993750003255206,291,161,1833,946,239,118,1651,822,38,20,557,281,56,31,520,265,6,5,0.0,0.5454545454545454,2214
Mark Williams,Alex Borg,11,1560,1193,0.9371048602306128,0.7145324397353954,1199,789,9248,5300,328,143,2380,1098,108,65,1098,649,33,15,320,146,6,2,0.0,0.75,2214
Michael White,Zhang Yong,11,1415,1065,0.9281450409376045,0.7057850278370112,359,208,2461,1321,37,14,213,88,59,33,861,472,18,4,155,63,6,4,0.0,0.6,2214
Liang Wenbo,Mei Xiwen,11,1393,1208,0.7826562787669785,0.6136070778047783,481,289,3309,1825,49,24,324,157,71,38,934,521,49,25,99,51,6,5,0.0,0.5454545454545454,2214
Daniel Wells,Mark Allen,11,1260,1500,0.1561262641503557,0.35434369377420455,283,139,1892,941,620,399,4245,2379,42,22,467,234,152,80,941,534,6,5,0.0,0.5454545454545454,2214
James Wattana,Dechawat Poomjaeng,11,1104,1262,0.2520802886702409,0.40251423417298393,757,418,6420,3386,206,112,1477,752,18,4,281,110,22,8,628,325,6,4,0.0,0.6,2214
Lee Walker,Barry Hawkins,11,1227,1520,0.10946028120950387,0.3246463595555852,397,223,3110,1616,784,484,5626,3125,26,10,339,163,91,61,991,557,6,4,0.0,0.6,2214
Ricky Walden,Ashley Hugill,11,1466,1085,0.9437837362155792,0.7216176701846587,673,415,4827,2693,45,22,236,115,73,42,942,547,4,0,214,105,6,4,0.0,0.6,2214
Chris Wakelin,Alan McManus,11,1303,1370,0.3882122936340574,0.4582226307163632,108,56,711,364,857,513,7175,3808,45,25,499,255,35,13,753,417,6,4,0.0,0.6,2214
Judd Trump,Hossein Vafaei,11,1555,1232,0.911853701613583,0.6915765137521193,723,481,4888,2860,44,25,328,166,80,46,1444,883,51,27,217,113,6,2,0.0,0.75,2214
Matthew Stevens,Adam Duffy,11,1392,1312,0.6326951586011105,0.549833997312478,861,507,6719,3666,271,140,1729,891,50,29,633,326,28,12,512,273,6,3,0.0,0.6666666666666666,2214
Akani Songsermsawad,Joe Swail,11,1068,1287,0.17795484726208163,0.3664446223632249,16,6,105,45,771,417,6104,3184,37,16,66,28,34,17,610,315,6,4,0.0,0.6,2214
Eden Sharav,Nigel Bond,11,1163,1203,0.4326609967196092,0.47502081252106,88,48,507,253,798,443,6369,3363,23,8,366,179,18,4,398,187,6,3,0.0,0.6666666666666666,2214
Matthew Selt,Hamza Akbar,11,1403,994,0.9553976538064426,0.7354592830135422,451,248,3135,1641,6,0,42,12,20,6,925,528,13,3,42,12,6,1,0.0,0.8571428571428571,2214
Mark Selby,Paul Davison,11,1639,1232,0.9546405815670223,0.7344853437972199,889,607,6477,3763,611,326,4305,2210,101,66,1163,710,27,10,446,223,6,4,0.0,0.6,2214
Neil Robertson,Sam Craigie,11,1539,1319,0.8231281312424087,0.6341355910108007,763,496,5639,3208,101,54,601,322,50,25,1123,664,33,17,157,96,6,5,0.0,0.5454545454545454,2214
Jimmy Robertson,Bradley Jones,11,1342,1218,0.7001574255021287,0.5768852611320463,379,205,2549,1317,341,196,2742,1454,40,22,716,385,0,0,0,0,6,0,0.0,1.0,2214
Joe Perry,Christopher Keogan,11,1481,1126,0.9308803913500666,0.708373991032327,905,536,6548,3538,98,40,541,254,77,40,1069,616,20,6,287,148,6,1,0.0,0.8571428571428571,2214
Tian Pengfei,Noppon Saengkham,11,1389,1227,0.7532516785524059,0.5998883688639983,303,175,2011,1086,135,57,961,440,19,5,580,327,40,21,550,261,6,0,0.0,1.0,2214
Ronnie O'Sullivan,James Cahill,11,1682,1100,0.9911725843610524,0.8107667463605056,1089,827,9596,5845,107,35,686,284,153,99,753,492,20,6,379,162,6,4,0.0,0.6,2214
Fergal O'Brien,Fraser Patrick,11,1430,1212,0.820957826408379,0.6329747766804606,793,456,6027,3194,167,71,1093,506,54,31,704,384,31,16,387,172,6,3,0.0,0.6666666666666666,2214
Shaun Murphy,Kritsanut Lertsattayathorn,11,1583,1136,0.9678839418865137,0.7535246977220308,885,580,6548,3737,13,6,101,51,108,59,1374,825,28,12,101,51,6,2,0.0,0.75,2214
Ross Muir,Yu Delu,11,1150,1328,0.22606290429746534,0.3905502163716748,97,36,637,279,216,113,1505,772,31,12,420,178,81,40,512,258,6,1,0.0,0.8571428571428571,2214
Aditya Mehta,Jack Lisowski,11,1270,1259,0.5186038051470776,0.5068745667645342,246,123,1687,840,318,188,2065,1115,30,13,467,236,39,18,538,273,6,4,0.0,0.6,2214
Anthony McGill,Thor Chuan Leong,11,1391,1053,0.9212273992918785,0.6995172276624274,354,212,2294,1259,34,9,214,80,64,29,782,422,16,2,214,80,6,3,0.0,0.6666666666666666,2214
Stephen Maguire,Michael Wild,11,1481,1169,0.9044455522950189,0.6856801139382539,796,527,5863,3330,278,154,1682,911,59,35,996,575,24,10,80,33,6,2,0.0,0.75,2214
Kurt Maflin,Sanderson Lam,11,1331,1156,0.7701380681178696,0.6076631698328917,444,257,2952,1595,95,44,549,257,46,27,599,305,30,15,326,157,6,4,0.0,0.6,2214
Oliver Lines,Liam Highfield,11,1307,1381,0.3769079309289413,0.4538814589542204,135,75,820,432,278,152,1877,994,53,27,493,252,51,28,494,269,6,4,0.0,0.6,2214
Rod Lawler,David Lilley,11,1291,1133,0.7479197113297592,0.5974857658270161,744,409,5726,2986,45,23,283,152,30,13,596,304,7,3,7,3,6,0,0.0,1.0,2214
Mark King,Jamie Cope,11,1429,1270,0.7492586166277835,0.5980868603322034,826,461,6093,3195,520,281,3523,1799,71,43,768,413,24,8,508,258,6,3,0.0,0.6666666666666666,2214
Ding Junhui,Mitchell Mann,11,1458,1248,0.812102917246662,0.6283161882953663,611,406,4543,2588,181,86,1106,545,69,34,797,465,51,28,343,158,6,5,0.0,0.5454545454545454,2214
Mark Joyce,Darryl Hill,11,1360,1038,0.9111992059865412,0.6910430124157229,381,202,2739,1394,42,14,277,116,36,16,547,280,20,6,181,71,6,1,0.0,0.8571428571428571,2214
Jamie Jones,Cao Yupeng,11,1453,1199,0.8573621984079968,0.653622330899504,417,253,2772,1514,181,90,1310,657,50,29,687,377,16,2,395,192,6,4,0.0,0.6,2214
Jak Jones,Thepchaiya Un-Nooh,11,1132,1402,0.1282533854664945,0.33737816282991745,129,51,831,370,228,132,1638,875,13,3,220,87,23,9,705,390,6,5,0.0,0.5454545454545454,2214
Robin Hull,Daniel Womersley,11,1369,997,0.939560581483549,0.7170752854929726,466,282,3594,1981,1,0,6,2,52,28,417,218,6,2,6,2,6,3,0.0,0.6666666666666666,2214
Michael Holt,Elliot Slessor,11,1352,1187,0.7572090044732828,0.6016871801828567,684,401,5016,2669,102,43,610,280,61,28,831,438,22,8,348,157,6,1,0.0,0.8571428571428571,2214
Andrew Higginson,Jimmy White,11,1338,1234,0.6701956406431402,0.5646362918030292,626,375,4462,2453,1373,773,11849,6247,37,18,600,320,33,17,423,196,6,3,0.0,0.6666666666666666,2214
John Higgins,Sydney Wilson,11,1647,1150,0.979652427160888,0.7759988756473154,1261,893,10186,6023,151,58,885,401,204,130,1263,750,26,10,374,165,6,0,0.0,1.0,2214
Li Hang,Sean O'Sullivan,11,1324,1289,0.5589904430600633,0.5218610539716015,181,91,1288,663,150,68,934,448,34,18,562,303,36,19,461,241,6,5,0.0,0.5454545454545454,2214
Anthony Hamilton,Robert Milkins,11,1312,1378,0.389835554940007,0.45884333184977194,753,439,5865,3139,730,446,5401,2952,77,44,471,232,58,33,909,486,6,5,0.0,0.5454545454545454,2214
Xiao Guodong,Hammad Miah,11,1419,1156,0.8655876981658941,0.6586985747356444,342,198,2268,1251,84,33,533,231,41,22,633,358,32,13,358,153,6,5,0.0,0.5454545454545454,2214
David Grace,Rhys Clark,11,1218,1166,0.5872410251253013,0.5324543063873187,252,114,1667,798,74,35,439,209,21,7,411,181,37,15,262,120,6,1,0.0,0.8571428571428571,2214
Martin Gould,Scott Donaldson,11,1487,1245,0.8458526117374912,0.6467993925579857,542,329,3669,2012,160,81,1040,509,32,15,722,420,50,26,497,235,6,2,0.0,0.75,2214
David Gilbert,Gareth Allen,11,1456,1189,0.8691325167096877,0.6609431415591629,451,255,3342,1780,137,67,771,383,55,30,745,402,28,11,326,164,6,0,0.0,1.0,2214
Marco Fu,Andy Hicks,11,1538,1231,0.9009243072134223,0.6829798455801029,768,458,5697,3106,566,305,4654,2413,130,86,1113,630,7,1,83,41,6,1,0.0,0.8571428571428571,2214
Tom Ford,Brandon Sargeant,11,1337,1015,0.9111992059865412,0.6910430124157229,502,286,3608,1921,38,16,213,98,26,10,613,326,4,0,171,82,6,4,0.0,0.6,2214
Mike Dunn,Jason Weston,11,1322,1133,0.7875465492423712,0.6159753019181258,634,340,4680,2422,290,160,2240,1179,42,22,601,325,17,3,153,66,6,2,0.0,0.75,2214
Graeme Dott,David John,11,1395,1069,0.9137947284470538,0.6931739493259501,746,439,5778,3103,66,32,450,220,28,13,828,471,15,1,53,20,6,1,0.0,0.8571428571428571,2214
Ken Doherty,Allan Taylor,11,1255,1158,0.6594200145668188,0.5603296426885532,1058,649,8695,4789,233,112,1363,683,21,7,572,287,21,5,342,139,6,2,0.0,0.75,2214
Ryan Day,Louis Heathcote,11,1440,992,0.9681672813751492,0.7539887164489482,765,462,5359,2954,14,5,78,32,43,24,1098,612,0,0,60,24,6,0,0.0,1.0,2214
Dominic Dale,Boonyarit Keattikun,11,1371,1088,0.8826377296074396,0.6698485160570237,812,469,5886,3146,17,6,129,56,74,43,885,489,16,2,129,56,6,5,0.0,0.5454545454545454,2214
Ali Carter,Chen Zhe,11,1497,1202,0.8920712523878023,0.6764489333484797,783,468,5550,3052,164,82,1005,503,63,34,619,338,28,13,231,111,6,4,0.0,0.6,2214
Stuart Carrington,Kurt Dunham,11,1288,1002,0.8850513428955055,0.6715050342254059,244,130,1549,812,4,1,24,8,31,14,496,244,24,8,24,8,6,0,0.0,1.0,2214
Ian Burns,Lyu Chenwei,11,1258,1058,0.8006450896034027,0.6224593312018546,260,138,1616,836,45,13,287,114,25,11,454,215,0,0,209,76,6,2,0.0,0.75,2214
Alfie Burden,Duane Jones,11,1248,1232,0.5270486726982949,0.5099986668799655,594,321,4326,2233,113,65,636,358,17,3,448,222,28,11,221,117,6,2,0.0,0.75,2214
Luca Brecel,Fang Xiongman,11,1451,1080,0.9390757834356045,0.7165678145577145,221,118,1501,787,32,14,176,81,61,36,641,354,22,6,116,53,6,2,0.0,0.75,2214
Yan Bingtao,Mark Davis,11,1240,1491,0.14545689666660025,0.3480776211072687,42,22,289,151,944,570,6806,3718,60,33,250,128,61,35,1075,604,6,2,0.0,0.75,2214
Stuart Bingham,Peter Lines,11,1526,1208,0.9085434949735309,0.6889039179769546,923,580,6760,3833,696,377,5128,2661,92,49,1264,735,36,15,454,206,6,2,0.0,0.75,2214
Sam Baird,Michael Georgiou,11,1311,1276,0.5589904430600633,0.5218610539716015,262,139,1779,920,145,67,883,430,43,21,522,269,48,25,418,208,6,3,0.0,0.6666666666666666,2214
John Astley,Peter Ebdon,11,1140,1403,0.13441230183410607,0.3413014252643556,129,57,796,361,993,571,7846,4218,26,9,238,88,35,17,828,455,6,3,0.0,0.6666666666666666,2214
Chen Zifan,Tian Pengfei,11,1054,1389,0.08058167819719408,0.3020615739919092,29,14,166,77,303,175,2011,1086,0,0,116,50,19,5,580,327,6,3,0.0,0.6666666666666666,2214
Yuan Sijun,Ian Burns,11,979,1258,0.12063828927351083,0.3323667428828845,21,3,132,41,260,138,1616,836,0,0,92,30,25,11,454,215,6,3,0.0,0.6666666666666666,2214
Xu Si,Wang Yuchen,11,1005,1059,0.4094630789834134,0.4663011645670992,11,4,60,22,31,10,195,76,0,0,56,22,32,13,100,40,6,5,0.0,0.5454545454545454,2214
Zhang Jiankang,Ross Muir,11,1000,1150,0.26293160309896446,0.40733340004593027,0,0,0,0,97,36,637,279,0,0,0,0,31,12,420,178,6,3,0.0,0.6666666666666666,2214
Zhou Yuelong,Anthony McGill,11,1327,1391,0.3930880661471555,0.46008511544443426,93,50,621,324,354,212,2294,1259,54,28,457,245,64,29,782,422,6,3,0.0,0.6666666666666666,2214
Liang Wenbo,Chen Zifan,11,1393,1054,0.9218232548008097,0.7000424476024744,481,289,3309,1825,29,14,166,77,71,38,934,521,0,0,116,50,6,5,0.0,0.5454545454545454,2214
Daniel Wells,Stuart Carrington,11,1260,1288,0.4527427474759105,0.48250714233361025,283,139,1892,941,244,130,1549,812,42,22,467,234,31,14,496,244,6,2,0.0,0.75,2214
James Wattana,David Gilbert,11,1104,1456,0.07075061698040008,0.29317777890643243,757,418,6420,3386,451,255,3342,1780,18,4,281,110,55,30,745,402,6,3,0.0,0.6666666666666666,2214
Ricky Walden,Ken Doherty,11,1466,1255,0.8132249556059346,0.6288998381516232,673,415,4827,2693,1058,649,8695,4789,73,42,942,547,21,7,572,287,6,3,0.0,0.6666666666666666,2214
Judd Trump,Yuan Sijun,11,1555,979,0.9906148624289906,0.8084546514385326,723,481,4888,2860,21,3,132,41,80,46,1444,883,0,0,92,30,6,3,0.0,0.6666666666666666,2214
Matthew Stevens,Chris Wakelin,11,1392,1303,0.6469372760307285,0.5553966483205892,861,507,6719,3666,108,56,711,364,50,29,633,326,45,25,499,255,6,1,0.0,0.8571428571428571,2214
Xu Si,Mark Williams,11,1005,1560,0.011598256994838073,0.19980716754843067,11,4,60,22,1199,789,9248,5300,0,0,56,22,108,65,1098,649,6,5,0.0,0.5454545454545454,2214
Mark Selby,Alfie Burden,11,1639,1248,0.9481889006858235,0.726611880149394,889,607,6477,3763,594,321,4326,2233,101,66,1163,710,17,3,448,222,6,2,0.0,0.75,2214
Neil Robertson,Oliver Lines,11,1539,1307,0.8357844049641134,0.6410674063348171,763,496,5639,3208,135,75,820,432,50,25,1123,664,53,27,493,252,6,0,0.0,1.0,2214
Joe Perry,Andrew Higginson,11,1481,1338,0.7273730783317633,0.5884351201276382,905,536,6548,3538,626,375,4462,2453,77,40,1069,616,37,18,600,320,6,5,0.0,0.5454545454545454,2214
Ronnie O'Sullivan,Xiao Guodong,11,1682,1419,0.8655876981658941,0.6586985747356444,1089,827,9596,5845,342,198,2268,1251,153,99,753,492,41,22,633,358,6,4,0.0,0.6,2214
Shaun Murphy,Robin Hull,11,1583,1369,0.8165650765983749,0.6306485256510744,885,580,6548,3737,466,282,3594,1981,108,59,1374,825,52,28,417,218,6,4,0.0,0.6,2214
Aditya Mehta,Ryan Day,11,1270,1440,0.23627571436293565,0.39532091528599067,246,123,1687,840,765,462,5359,2954,30,13,467,236,43,24,1098,612,6,2,0.0,0.75,2214
Stephen Maguire,Rod Lawler,11,1481,1291,0.7887585737238443,0.6165665045213193,796,527,5863,3330,744,409,5726,2986,59,35,996,575,30,13,596,304,6,2,0.0,0.75,2214
Kurt Maflin,Matthew Selt,11,1331,1403,0.3801270351238471,0.45512110762641994,444,257,2952,1595,451,248,3135,1641,46,27,599,305,20,6,925,528,6,2,0.0,0.75,2214
Ding Junhui,David Grace,11,1458,1218,0.8438737358496442,0.6456563062257954,611,406,4543,2588,252,114,1667,798,69,34,797,465,21,7,411,181,6,1,0.0,0.8571428571428571,2214
Mark Joyce,Martin Gould,11,1360,1487,0.29546103784140204,0.421285137539866,381,202,2739,1394,542,329,3669,2012,36,16,547,280,32,15,722,420,6,3,0.0,0.6666666666666666,2214
Jak Jones,Jimmy Robertson,11,1132,1342,0.18789708275333833,0.37168381170463377,129,51,831,370,379,205,2549,1317,13,3,220,87,40,22,716,385,6,4,0.0,0.6,2214
Michael Holt,Jamie Jones,11,1352,1453,0.33440514870003335,0.43720825986135486,684,401,5016,2669,417,253,2772,1514,61,28,831,438,50,29,687,377,6,2,0.0,0.75,2214
John Higgins,Eden Sharav,11,1647,1163,0.9770296396462947,0.7702989490466019,1261,893,10186,6023,88,48,507,253,204,130,1263,750,23,8,366,179,6,3,0.0,0.6666666666666666,2214
Li Hang,Lee Walker,11,1324,1227,0.6594200145668188,0.5603296426885532,181,91,1288,663,397,223,3110,1616,34,18,562,303,26,10,339,163,6,1,0.0,0.8571428571428571,2214
Anthony Hamilton,Gary Wilson,11,1312,1356,0.4260044467679594,0.47252769565540637,753,439,5865,3139,323,190,2079,1136,77,44,471,232,45,24,545,275,6,2,0.0,0.75,2214
Marco Fu,Akani Songsermsawad,11,1538,1068,0.9738783709590574,0.7640475997974661,768,458,5697,3106,16,6,105,45,130,86,1113,630,37,16,66,28,6,4,0.0,0.6,2214
Tom Ford,Zhao Xintong,11,1337,1335,0.5033837467656391,0.5012499973958399,502,286,3608,1921,74,41,476,264,26,10,613,326,27,11,301,165,6,3,0.0,0.6666666666666666,2214
Graeme Dott,Fergal O'Brien,11,1395,1430,0.4410095569399367,0.47813894602839846,746,439,5778,3103,793,456,6027,3194,28,13,828,471,54,31,704,384,6,1,0.0,0.8571428571428571,2214
Dominic Dale,Luca Brecel,11,1371,1451,0.36730484139888986,0.45016600268752216,812,469,5886,3146,221,118,1501,787,74,43,885,489,61,36,641,354,6,4,0.0,0.6,2214
Ali Carter,Robbie Williams,11,1497,1320,0.7726748787826436,0.6088545692109504,783,468,5550,3052,291,161,1833,946,63,34,619,338,38,20,557,281,6,3,0.0,0.6666666666666666,2214
Yan Bingtao,Mike Dunn,11,1240,1322,0.3641225903359488,0.448928730692658,42,22,289,151,634,340,4680,2422,60,33,250,128,42,22,601,325,6,2,0.0,0.75,2214
Stuart Bingham,Zhang Jiankang,11,1526,1000,0.9845723939843551,0.788348634008099,923,580,6760,3833,0,0,0,0,92,49,1264,735,0,0,0,0,6,1,0.0,0.8571428571428571,2214
Sam Baird,Michael White,11,1311,1415,0.3298043593568599,0.4353637081969708,262,139,1779,920,359,208,2461,1321,43,21,522,269,59,33,861,472,6,2,0.0,0.75,2214
John Astley,Mark King,11,1140,1429,0.11257201244816498,0.3268427036298682,129,57,796,361,826,461,6093,3195,26,9,238,88,71,43,768,413,6,4,0.0,0.6,2214
Zhou Yuelong,Mark Joyce,11,1327,1360,0.44435687288841547,0.47938669028555136,93,50,621,324,381,202,2739,1394,54,28,457,245,36,16,547,280,6,4,0.0,0.6,2214
Liang Wenbo,Li Hang,11,1393,1324,0.6150281018113474,0.5430183807243099,481,289,3309,1825,181,91,1288,663,71,38,934,521,34,18,562,303,6,1,0.0,0.8571428571428571,2214
James Wattana,Xu Si,11,1104,1005,0.6625131348293405,0.5615610703361955,757,418,6420,3386,11,4,60,22,18,4,281,110,0,0,56,22,6,4,0.0,0.6,2214
Ricky Walden,Graeme Dott,11,1466,1395,0.6182601443078577,0.5442588584178731,673,415,4827,2693,746,439,5778,3103,73,42,942,547,28,13,828,471,6,4,0.0,0.6,2214
Judd Trump,Tom Ford,11,1555,1337,0.820957826408379,0.6329747766804606,723,481,4888,2860,502,286,3608,1921,80,46,1444,883,26,10,613,326,6,1,0.0,0.8571428571428571,2214
Mark Selby,John Astley,11,1639,1140,0.9800315991388872,0.7768667992127082,889,607,6477,3763,129,57,796,361,101,66,1163,710,26,9,238,88,6,2,0.0,0.75,2214
Neil Robertson,Anthony Hamilton,11,1539,1312,0.8305871461583106,0.6381861133090055,763,496,5639,3208,753,439,5865,3139,50,25,1123,664,77,44,471,232,6,4,0.0,0.6,2214
Joe Perry,Aditya Mehta,11,1481,1270,0.8132249556059346,0.6288998381516232,905,536,6548,3538,246,123,1687,840,77,40,1069,616,30,13,467,236,6,3,0.0,0.6666666666666666,2214
Ronnie O'Sullivan,Kurt Maflin,11,1682,1331,0.9286989206960847,0.706303891936407,1089,827,9596,5845,444,257,2952,1595,153,99,753,492,46,27,599,305,6,4,0.0,0.6,2214
Shaun Murphy,Yan Bingtao,11,1583,1240,0.9241711459408903,0.702138068199835,885,580,6548,3737,42,22,289,151,108,59,1374,825,60,33,250,128,6,5,0.0,0.5454545454545454,2214
Ding Junhui,Matthew Stevens,11,1458,1392,0.6101644450599927,0.541156668150228,611,406,4543,2588,861,507,6719,3666,69,34,797,465,50,29,633,326,6,2,0.0,0.75,2214
Michael Holt,Daniel Wells,11,1352,1260,0.6516385567369204,0.5572478545985555,684,401,5016,2669,283,139,1892,941,61,28,831,438,42,22,467,234,6,5,0.0,0.5454545454545454,2214
John Higgins,Jak Jones,11,1647,1132,0.9828470482746715,0.7837237376544267,1261,893,10186,6023,129,51,831,370,204,130,1263,750,13,3,220,87,6,2,0.0,0.75,2214
Ali Carter,Stephen Maguire,11,1497,1481,0.5270486726982949,0.5099986668799655,783,468,5550,3052,796,527,5863,3330,63,34,619,338,59,35,996,575,6,5,0.0,0.5454545454545454,2214
Stuart Bingham,Dominic Dale,11,1526,1371,0.7438795181694131,0.5956807306078472,923,580,6760,3833,812,469,5886,3146,92,49,1264,735,74,43,885,489,6,2,0.0,0.75,2214
Sam Baird,Marco Fu,11,1311,1538,0.1694128538416893,0.36181388669099446,262,139,1779,920,768,458,5697,3106,43,21,522,269,130,86,1113,630,6,4,0.0,0.6,2214
Judd Trump,James Wattana,11,1555,1104,0.969004445132317,0.7553772379137498,723,481,4888,2860,757,418,6420,3386,80,46,1444,883,18,4,281,110,6,3,0.0,0.6666666666666666,2214
Mark Selby,Liang Wenbo,11,1639,1393,0.849758322889838,0.6490805242445733,889,607,6477,3763,481,289,3309,1825,101,66,1163,710,71,38,934,521,6,5,0.0,0.5454545454545454,2214
Joe Perry,Neil Robertson,11,1481,1539,0.4028914906484895,0.4638133797682053,905,536,6548,3538,763,496,5639,3208,77,40,1069,616,50,25,1123,664,6,2,0.0,0.75,2214
Shaun Murphy,Sam Baird,11,1583,1311,0.8734682358009771,0.6637386974043528,885,580,6548,3737,262,139,1779,920,108,59,1374,825,43,21,522,269,6,1,0.0,0.8571428571428571,2214
Ding Junhui,Ricky Walden,11,1458,1466,0.4864675502669957,0.4950001666600003,611,406,4543,2588,673,415,4827,2693,69,34,797,465,73,42,942,547,6,5,0.0,0.5454545454545454,2214
Michael Holt,Ronnie O'Sullivan,11,1352,1682,0.08366922211424288,0.3047033306524346,684,401,5016,2669,1089,827,9596,5845,61,28,831,438,153,99,753,492,6,4,0.0,0.6,2214
John Higgins,Zhou Yuelong,11,1647,1327,0.9098789181107124,0.6899744811276125,1261,893,10186,6023,93,50,621,324,204,130,1263,750,54,28,457,245,6,2,0.0,0.75,2214
Stuart Bingham,Ali Carter,11,1526,1497,0.5489363138849731,0.5181170650431814,923,580,6760,3833,783,468,5550,3052,92,49,1264,735,63,34,619,338,6,1,0.0,0.8571428571428571,2214
Judd Trump,Shaun Murphy,11,1555,1583,0.4527427474759105,0.48250714233361025,723,481,4888,2860,885,580,6548,3737,80,46,1444,883,108,59,1374,825,6,5,0.0,0.5454545454545454,2214
Mark Selby,Joe Perry,11,1639,1481,0.7479197113297592,0.5974857658270161,889,607,6477,3763,905,536,6548,3538,101,66,1163,710,77,40,1069,616,6,3,0.0,0.6666666666666666,2214
Ding Junhui,John Higgins,11,1458,1647,0.21245345075762884,0.3840246980818742,611,406,4543,2588,1261,893,10186,6023,69,34,797,465,204,130,1263,750,6,2,0.0,0.75,2214
Stuart Bingham,Michael Holt,11,1526,1352,0.7688634929501181,0.6070669880717036,923,580,6760,3833,684,401,5016,2669,92,49,1264,735,61,28,831,438,6,5,0.0,0.5454545454545454,2214
Mark Selby,Stuart Bingham,17,1639,1526,0.7224204958631516,0.5701590253818352,889,607,6477,3763,923,580,6760,3833,101,66,1163,710,92,49,1264,735,9,3,0.0,0.75,2214
Ding Junhui,Judd Trump,17,1458,1555,0.3061764226837373,0.4396703573114467,611,406,4543,2588,723,481,4888,2860,69,34,797,465,80,46,1444,883,9,4,0.0,0.6923076923076923,2214
Mark Selby,Ding Junhui,19,1639,1458,0.8401553590009502,0.6112334666758695,889,607,6477,3763,611,406,4543,2588,101,66,1163,710,69,34,797,465,10,1,0.0,0.9090909090909091,2214
Zhou Yuelong,Jimmy White,7,1348,1227,0.660530062626431,0.5750535485557879,97,53,657,344,1374,773,11858,6250,90,48,493,265,42,20,432,199,4,3,0.0,0.5714285714285714,2245
Mei Xiwen,Darryl Hill,7,1214,1029,0.7360780864464773,0.6136070778047783,50,24,335,162,43,14,284,117,60,30,110,56,27,7,188,72,4,1,0.0,0.8,2245
Zhao Xintong,Wang Yuchen,7,1332,1078,0.8060824586598727,0.653622330899504,76,42,495,273,33,11,213,87,46,20,320,174,50,24,118,51,4,0,0.0,1.0,2245
Ben Woollaston,Cao Yupeng,7,1357,1203,0.7006252854909363,0.595078473866134,467,269,3038,1624,182,90,1320,661,54,24,750,391,26,6,405,196,4,1,0.0,0.8,2245
Kyren Wilson,Wayne Townsend,7,1450,1021,0.9248057667294741,0.7450720559074311,297,181,1898,1045,32,16,205,105,69,40,651,361,0,0,35,18,4,0,0.0,1.0,2245
Mark Williams,David John,7,1532,1060,0.942419406953421,0.7649478037637647,1201,790,9267,5311,67,32,457,221,127,76,1117,660,22,2,60,21,4,2,0.0,0.6666666666666666,2245
Michael White,Jason Weston,7,1388,1124,0.8151364341594428,0.6592603884513855,361,209,2479,1329,291,160,2248,1181,77,41,879,480,25,5,161,68,4,0,0.0,1.0,2245
Liang Wenbo,Graeme Dott,7,1403,1419,0.4781366606027012,0.4900013331200346,485,292,3349,1848,749,441,5802,3119,111,61,974,544,52,29,852,487,4,0,0.0,1.0,2245
Daniel Wells,Alfie Burden,7,1295,1261,0.5463726874746992,0.5212372149662741,286,141,1922,958,596,322,4342,2241,72,39,497,251,33,11,464,230,4,3,0.0,0.5714285714285714,2245
James Wattana,Eden Sharav,7,1155,1184,0.46042091137016095,0.4818829349568186,761,421,6458,3407,90,49,525,262,56,25,319,131,41,17,384,188,4,1,0.0,0.8,2245
Lee Walker,Aditya Mehta,7,1232,1296,0.4132404983976814,0.46008511544443426,399,224,3127,1623,249,125,1714,855,43,17,356,170,57,28,494,251,4,3,0.0,0.5714285714285714,2245
Ricky Walden,Robin Hull,7,1463,1368,0.6274848196821066,0.559097471902393,677,418,4867,2716,468,283,3613,1991,113,65,982,570,71,38,436,228,4,1,0.0,0.8,2245
Chris Wakelin,Allan Taylor,7,1297,1146,0.6970755073607001,0.5932699921071872,110,57,728,371,234,112,1371,685,62,32,516,262,29,7,350,141,4,3,0.0,0.5714285714285714,2245
Judd Trump,Ken Doherty,7,1538,1263,0.8247679763275149,0.665410558746814,729,486,4945,2894,1060,650,8712,4798,137,80,1501,917,38,16,589,296,4,1,0.0,0.8,2245
Joe Swail,Itaro Santos,7,1268,923,0.8780529423159423,0.7031827112198086,772,417,6114,3188,74,22,422,165,44,21,620,319,17,3,38,8,4,1,0.0,0.8,2245
Craig Steadman,Mark Joyce,7,1269,1377,0.3558484820461031,0.4329070950345457,367,204,2438,1291,384,204,2765,1410,36,15,579,296,62,32,573,296,4,3,0.0,0.5714285714285714,2245
Akani Songsermsawad,Kurt Dunham,7,1100,986,0.651748409886971,0.5707716118944918,18,7,125,55,5,1,30,8,57,26,86,38,30,8,30,8,4,0,0.0,1.0,2245
Elliot Slessor,Sam Baird,7,1173,1345,0.278509149386796,0.3941263315682394,103,43,617,281,266,142,1813,939,29,9,355,158,77,40,556,288,4,3,0.0,0.5714285714285714,2245
Matthew Selt,Joe Perry,7,1391,1500,0.3545779913833035,0.43229345192664,453,249,3150,1649,910,540,6592,3565,35,14,940,536,121,67,1113,643,4,2,0.0,0.6666666666666666,2245
Mark Selby,Gary Wilson,7,1677,1347,0.8677841579315165,0.6952966693475653,896,614,6546,3812,325,191,2096,1144,170,115,1232,759,62,32,562,283,4,0,0.0,1.0,2245
Noppon Saengkham,Michael Georgiou,7,1208,1266,0.42125508861179106,0.4638133797682053,136,57,967,440,146,67,892,433,46,21,556,261,57,28,427,211,4,1,0.0,0.8,2245
Neil Robertson,Hamza Akbar,7,1529,987,0.9636747910292415,0.7949458649106351,767,499,5674,3228,7,0,49,13,85,45,1158,684,20,4,49,13,4,1,0.0,0.8,2245
Ian Preece,Oliver Lines,7,1151,1301,0.3041121924541114,0.40733340004593027,173,96,1287,664,137,76,836,438,22,5,22,5,69,33,509,258,4,1,0.0,0.8,2245
Fraser Patrick,Zak Surety,7,1210,1158,0.5706954446194282,0.5324543063873187,168,71,1102,509,95,42,567,266,40,19,396,175,13,6,270,116,4,1,0.0,0.8,2245
Ronnie O'Sullivan,Jimmy Robertson,7,1633,1344,0.8365285845595485,0.6731572963701318,1093,830,9636,5867,381,206,2565,1327,193,121,793,514,56,32,732,395,4,0,0.0,1.0,2245
Fergal O'Brien,Robbie Williams,7,1411,1319,0.6236008848905433,0.5572478545985555,795,457,6043,3201,293,162,1853,955,70,38,720,391,58,29,577,290,4,0,0.0,1.0,2245
Shaun Murphy,Chen Zhe,7,1576,1208,0.8926243040427981,0.7150421057009898,890,584,6595,3766,165,82,1015,507,155,88,1421,854,38,17,241,115,4,0,0.0,1.0,2245
Ross Muir,Zhang Yong,7,1156,1073,0.611870456908998,0.5516896693427,99,37,653,288,38,14,223,92,47,21,436,187,28,8,165,67,4,3,0.0,0.5714285714285714,2245
Alan McManus,Thepchaiya Un-Nooh,7,1359,1384,0.465864760862579,0.4843800842769844,858,513,7185,3812,229,132,1649,880,45,17,763,421,34,14,716,395,4,1,0.0,0.8,2245
Anthony McGill,Jamie Cope,7,1374,1265,0.6454220086166967,0.5677065480733601,356,213,2312,1268,521,281,3532,1802,82,38,800,431,33,11,517,261,4,2,0.0,0.6666666666666666,2245
Stephen Maguire,Gareth Allen,7,1490,1173,0.858383853016921,0.6883678768310286,799,529,5890,3347,138,67,777,383,86,52,1023,592,34,11,332,164,4,3,0.0,0.5714285714285714,2245
Peter Lines,Paul Davison,7,1204,1243,0.44684812561516707,0.47564429123179275,697,377,5136,2663,612,326,4315,2214,44,17,462,208,37,14,456,227,4,1,0.0,0.8,2245
Kritsanut Lertsattayathorn,Boonyarit Keattikun,7,1136,1099,0.5504420624351876,0.523108525489089,14,6,109,53,18,6,140,61,36,14,109,53,27,7,140,61,4,3,0.0,0.5714285714285714,2245
Rod Lawler,Yu Delu,7,1301,1302,0.4986328153483015,0.4993750003255206,746,410,5740,2994,217,113,1512,773,44,21,610,312,88,41,519,259,4,1,0.0,0.8,2245
Mark King,Thor Chuan Leong,7,1413,1055,0.8864609774555678,0.7099209183344533,828,462,6112,3205,35,9,223,83,90,53,787,423,25,5,223,83,4,3,0.0,0.5714285714285714,2245
Ding Junhui,Mitchell Mann,7,1499,1255,0.7967460208697068,0.6479408020806503,618,412,4612,2628,182,86,1117,550,138,74,866,505,62,33,354,163,4,0,0.0,1.0,2245
Duane Jones,Mike Dunn,7,1217,1312,0.37251518031789344,0.440902528097607,114,65,644,360,636,341,4696,2430,36,13,229,119,58,30,617,333,4,0,0.0,1.0,2245
Jak Jones,Brandon Sargeant,7,1169,1022,0.692311529960642,0.5908547524545943,132,53,860,384,39,16,223,102,42,17,249,101,14,4,181,86,4,0,0.0,1.0,2245
Liam Highfield,Sam Craigie,7,1369,1327,0.557211603425229,0.5262259093720687,279,152,1887,998,102,54,612,327,61,32,504,273,44,22,168,101,4,0,0.0,1.0,2245
Andrew Higginson,Nigel Bond,7,1349,1189,0.7076639986592218,0.598687660112452,628,376,4482,2464,799,443,6378,3366,57,29,620,331,27,7,407,190,4,1,0.0,0.8,2245
John Higgins,Michael Wild,7,1632,1165,0.9405659944917831,0.7626928317357139,1266,897,10225,6049,279,154,1690,913,243,156,1302,776,32,12,88,35,4,2,0.0,0.6666666666666666,2245
Barry Hawkins,Jack Lisowski,7,1498,1252,0.7986358149208075,0.6490805242445733,785,484,5636,3129,319,188,2075,1119,101,65,1001,561,49,22,548,277,4,3,0.0,0.5714285714285714,2245
Li Hang,Alex Borg,7,1324,1191,0.67536846283006,0.5823675407280794,184,93,1313,676,329,143,2388,1100,59,31,587,316,41,17,328,148,4,0,0.0,1.0,2245
Anthony Hamilton,Adam Duffy,7,1340,1304,0.549086208422272,0.5224848247918001,756,441,5894,3155,272,140,1738,894,106,60,500,248,37,15,521,276,4,1,0.0,0.8,2245
Xiao Guodong,Michael Holt,7,1413,1410,0.5041014855971089,0.5018749912109869,344,199,2289,1261,689,405,5063,2698,62,32,654,368,108,57,878,467,4,1,0.0,0.8,2245
David Grace,Dominic Dale,7,1223,1363,0.31610864255174254,0.41338242108267,254,115,1681,805,815,471,5915,3160,35,14,425,188,103,57,914,503,4,2,0.0,0.6666666666666666,2245
Martin Gould,Sydney Wilson,7,1476,1139,0.8726526517869658,0.6989914835090479,544,330,3686,2021,152,58,891,401,49,24,739,429,32,10,380,165,4,1,0.0,0.8,2245
David Gilbert,Hammad Miah,7,1445,1166,0.8281850360436097,0.6676332571171155,453,256,3357,1789,85,33,544,236,70,39,760,411,43,18,369,158,4,1,0.0,0.8,2245
Marco Fu,Martin O'Donnell,7,1517,1203,0.8561477589533566,0.6867567266439019,771,460,5724,3122,235,111,1417,703,157,102,1140,646,21,7,384,200,4,3,0.0,0.5714285714285714,2245
Tom Ford,Rory McLeod,7,1330,1240,0.6210041469292463,0.5560138905446199,505,288,3634,1934,494,270,3711,1934,52,23,639,339,32,9,470,226,4,2,0.0,0.6666666666666666,2245
Scott Donaldson,Sean O'Sullivan,7,1238,1287,0.433341285511335,0.469413239817919,161,81,1048,511,151,68,945,453,58,28,505,237,47,24,472,246,4,2,0.0,0.6666666666666666,2245
Ryan Day,Kurt Maflin,7,1429,1356,0.5987085312450529,0.5454987872127821,767,463,5373,2962,447,259,2980,1611,57,32,1112,620,74,43,627,321,4,1,0.0,0.8,2245
Mark Davis,Tian Pengfei,7,1465,1381,0.6131794491635048,0.5523079095743253,945,570,6814,3720,305,176,2026,1095,69,37,1083,606,34,14,595,336,4,1,0.0,0.8,2245
Ali Carter,Luca Brecel,7,1482,1440,0.557211603425229,0.5262259093720687,787,471,5587,3071,223,119,1519,797,100,53,656,357,79,46,659,364,4,3,0.0,0.5714285714285714,2245
Stuart Carrington,Peter Ebdon,7,1287,1380,0.37510296628937845,0.4421354272792655,246,131,1563,820,994,571,7855,4221,45,22,510,252,44,20,837,458,4,1,0.0,0.8,2245
James Cahill,Adam Stefanow,7,1117,1007,0.6466907800352545,0.5683199834782481,108,35,696,288,27,11,140,60,30,10,389,166,24,7,79,30,4,3,0.0,0.5714285714285714,2245
Ian Burns,Christopher Keogan,7,1242,1118,0.6642657784879786,0.5768852611320463,262,139,1633,845,99,40,548,255,42,20,471,224,27,7,294,149,4,2,0.0,0.6666666666666666,2245
Jamie Bodle,Matthew Stevens,7,1122,1403,0.1701235040902711,0.33125817889780795,153,98,1128,628,864,509,6743,3680,0,0,14,4,74,43,657,340,4,1,0.0,0.8,2245
Yan Bingtao,Sanderson Lam,7,1297,1157,0.6838913574482577,0.5866175789173301,45,24,316,168,96,44,559,261,87,50,277,145,40,19,336,161,4,2,0.0,0.6666666666666666,2245
Stuart Bingham,Robert Milkins,7,1537,1370,0.7157709624772323,0.6028848673274662,929,585,6813,3866,731,446,5412,2957,145,82,1317,768,69,38,920,491,4,3,0.0,0.5714285714285714,2245
John Astley,Dechawat Poomjaeng,7,1184,1246,0.41590794122337116,0.46132739479349205,132,59,823,375,207,112,1487,756,53,23,265,102,32,12,638,329,4,2,0.0,0.6666666666666666,2245
Zhang Anda,Josh Boileau,7,1317,1122,0.7470110120975012,0.6195173196470847,240,118,1662,827,53,29,280,146,67,36,531,270,33,14,182,98,4,2,0.0,0.6666666666666666,2245
Mark Allen,Jamie Barrett,7,1483,1083,0.9106296787309383,0.7310585786300049,621,399,4256,2384,40,17,229,111,163,85,952,539,24,8,82,37,4,1,0.0,0.8,2245
Ben Woollaston,Zhang Anda,7,1357,1317,0.5545057991359676,0.52497918747894,467,269,3038,1624,240,118,1662,827,54,24,750,391,67,36,531,270,4,3,0.0,0.5714285714285714,2245
Kyren Wilson,Daniel Wells,7,1450,1295,0.7018040708685593,0.5956807306078472,297,181,1898,1045,286,141,1922,958,69,40,651,361,72,39,497,251,4,1,0.0,0.8,2245
Mark Williams,Ian Burns,7,1532,1242,0.837347307313657,0.6737070994545215,1201,790,9267,5311,262,139,1633,845,127,76,1117,660,42,20,471,224,4,1,0.0,0.8,2245
Liang Wenbo,Shaun Murphy,7,1403,1576,0.27737236637321583,0.3935295129316965,485,292,3349,1848,890,584,6595,3766,111,61,974,544,155,88,1421,854,4,3,0.0,0.5714285714285714,2245
Ricky Walden,Li Hang,7,1463,1324,0.6826800016944434,0.5860112044388707,677,418,4867,2716,184,93,1313,676,113,65,982,570,59,31,587,316,4,3,0.0,0.5714285714285714,2245
Chris Wakelin,Anthony McGill,7,1297,1374,0.39601140843867844,0.4520230623632036,110,57,728,371,356,213,2312,1268,62,32,516,262,82,38,800,431,4,1,0.0,0.8,2245
Judd Trump,Jamie Bodle,7,1538,1122,0.9186926090001315,0.7388500060842489,729,486,4945,2894,153,98,1128,628,137,80,1501,917,0,0,14,4,4,3,0.0,0.5714285714285714,2245
Joe Swail,James Cahill,7,1268,1117,0.6970755073607001,0.5932699921071872,772,417,6114,3188,108,35,696,288,44,21,620,319,30,10,389,166,4,1,0.0,0.8,2245
Neil Robertson,Duane Jones,7,1529,1217,0.854643035192062,0.6856801139382539,767,499,5674,3228,114,65,644,360,85,45,1158,684,36,13,229,119,4,1,0.0,0.8,2245
Ian Preece,Craig Steadman,7,1151,1269,0.34322251370053336,0.42678022732016513,173,96,1287,664,367,204,2438,1291,22,5,22,5,36,15,579,296,4,1,0.0,0.8,2245
Fraser Patrick,James Wattana,7,1210,1155,0.5747243219334544,0.5343209436693046,168,71,1102,509,761,421,6458,3407,40,19,396,175,56,25,319,131,4,2,0.0,0.6666666666666666,2245
Ronnie O'Sullivan,Zhao Xintong,7,1633,1332,0.8461660899282688,0.6797231924722057,1093,830,9636,5867,76,42,495,273,193,121,793,514,46,20,320,174,4,3,0.0,0.5714285714285714,2245
Fergal O'Brien,Ross Muir,7,1411,1156,0.8070005952389404,0.654188113761243,795,457,6043,3201,99,37,653,288,70,38,720,391,47,21,436,187,4,2,0.0,0.6666666666666666,2245
Kritsanut Lertsattayathorn,Michael White,7,1136,1388,0.19576228851165434,0.34751053780725555,14,6,109,53,361,209,2479,1329,36,14,109,53,77,41,879,480,4,1,0.0,0.8,2245
Ding Junhui,Mei Xiwen,7,1499,1214,0.8332252833962372,0.6709533329057776,618,412,4612,2628,50,24,335,162,138,74,866,505,60,30,110,56,4,0,0.0,1.0,2245
Jak Jones,Elliot Slessor,7,1169,1173,0.4945314322857424,0.49750002083312506,132,53,860,384,103,43,617,281,42,17,249,101,29,9,355,158,4,3,0.0,0.5714285714285714,2245
Liam Highfield,Mark Selby,7,1369,1677,0.1484000824031716,0.31647910626368436,279,152,1887,998,896,614,6546,3812,61,32,504,273,170,115,1232,759,4,3,0.0,0.5714285714285714,2245
John Higgins,Mark King,7,1632,1413,0.7721850273226749,0.633555377636775,1266,897,10225,6049,828,462,6112,3205,243,156,1302,776,90,53,787,423,4,1,0.0,0.8,2245
Barry Hawkins,Mark Davis,7,1498,1465,0.5450150538752272,0.5206133097144486,785,484,5636,3129,945,570,6814,3720,101,65,1001,561,69,37,1083,606,4,2,0.0,0.6666666666666666,2245
Anthony Hamilton,Matthew Selt,7,1340,1391,0.43064928112217615,0.4681681105837757,756,441,5894,3155,453,249,3150,1649,106,60,500,248,35,14,940,536,4,2,0.0,0.6666666666666666,2245
Xiao Guodong,Noppon Saengkham,7,1413,1208,0.75768573294214,0.6253923497205511,344,199,2289,1261,136,57,967,440,62,32,654,368,46,21,556,261,4,0,0.0,1.0,2245
David Grace,Andrew Higginson,7,1223,1349,0.33325327584718467,0.4218947671156908,254,115,1681,805,628,376,4482,2464,35,14,425,188,57,29,620,331,4,3,0.0,0.5714285714285714,2245
Martin Gould,Zhou Yuelong,7,1476,1348,0.6692199309586204,0.5793242521487495,544,330,3686,2021,97,53,657,344,49,24,739,429,90,48,493,265,4,2,0.0,0.6666666666666666,2245
David Gilbert,Peter Lines,7,1445,1204,0.7938903058360224,0.6462280583309002,453,256,3357,1789,697,377,5136,2663,70,39,760,411,44,17,462,208,4,0,0.0,1.0,2245
Tom Ford,Marco Fu,7,1330,1517,0.26171499503028667,0.3852081305077805,505,288,3634,1934,771,460,5724,3122,52,23,639,339,157,102,1140,646,4,2,0.0,0.6666666666666666,2245
Ryan Day,Stephen Maguire,7,1429,1490,0.41724321907824724,0.4619487156141408,767,463,5373,2962,799,529,5890,3347,57,32,1112,620,86,52,1023,592,4,3,0.0,0.5714285714285714,2245
Rhys Clark,Lee Walker,7,1148,1232,0.3868205508364956,0.4476920904256748,75,35,446,210,399,224,3127,1623,44,16,269,121,43,17,356,170,4,2,0.0,0.6666666666666666,2245
Ali Carter,Akani Songsermsawad,7,1482,1100,0.9008182724891151,0.7221196058493572,787,471,5587,3071,18,7,125,55,100,53,656,357,57,26,86,38,4,3,0.0,0.5714285714285714,2245
Stuart Carrington,Rod Lawler,7,1287,1301,0.48086718764462183,0.4912508931197597,246,131,1563,820,746,410,5740,2994,45,22,510,252,44,21,610,312,4,3,0.0,0.5714285714285714,2245
Yan Bingtao,John Astley,7,1297,1184,0.6504866469700167,0.5701590253818352,45,24,316,168,132,59,823,375,87,50,277,145,53,23,265,102,4,0,0.0,1.0,2245
Stuart Bingham,Alan McManus,7,1537,1359,0.728275111254584,0.6094497836283252,929,585,6813,3866,858,513,7185,3812,145,82,1317,768,45,17,763,421,4,2,0.0,0.6666666666666666,2245
Mark Allen,Scott Donaldson,7,1483,1238,0.7976923211673973,0.6485108747389209,621,399,4256,2384,161,81,1048,511,163,85,952,539,58,28,505,237,4,1,0.0,0.8,2245
Ben Woollaston,Ali Carter,7,1357,1482,0.3344927873720658,0.4225046348141883,467,269,3038,1624,787,471,5587,3071,54,24,750,391,100,53,656,357,4,2,0.0,0.6666666666666666,2245
Mark Williams,Ian Preece,7,1532,1151,0.9002495498742646,0.7216176701846587,1201,790,9267,5311,173,96,1287,664,127,76,1117,660,22,5,22,5,4,1,0.0,0.8,2245
Liang Wenbo,Fergal O'Brien,7,1403,1411,0.48906395814377107,0.4950001666600003,485,292,3349,1848,795,457,6043,3201,111,61,974,544,70,38,720,391,4,2,0.0,0.6666666666666666,2245
Ricky Walden,Kritsanut Lertsattayathorn,7,1463,1136,0.8656564170034025,0.6937054019553982,677,418,4867,2716,14,6,109,53,113,65,982,570,36,14,109,53,4,3,0.0,0.5714285714285714,2245
Chris Wakelin,Ronnie O'Sullivan,7,1297,1633,0.1280346293877675,0.30153478399746125,110,57,728,371,1093,830,9636,5867,62,32,516,262,193,121,793,514,4,3,0.0,0.5714285714285714,2245
Judd Trump,Martin Gould,7,1538,1476,0.5840920587766287,0.538672605206508,729,486,4945,2894,544,330,3686,2021,137,80,1501,917,49,24,739,429,4,1,0.0,0.8,2245
Jak Jones,Ding Junhui,7,1169,1499,0.1322158420684832,0.3047033306524346,132,53,860,384,618,412,4612,2628,42,17,249,101,138,74,866,505,4,2,0.0,0.6666666666666666,2245
John Higgins,Fraser Patrick,7,1632,1210,0.9215618734478543,0.7417338799314313,1266,897,10225,6049,168,71,1102,509,243,156,1302,776,40,19,396,175,4,3,0.0,0.5714285714285714,2245
Barry Hawkins,David Grace,7,1498,1223,0.8247679763275149,0.665410558746814,785,484,5636,3129,254,115,1681,805,101,65,1001,561,35,14,425,188,4,1,0.0,0.8,2245
Anthony Hamilton,Stuart Carrington,7,1340,1287,0.5720392978025534,0.5330766223661046,756,441,5894,3155,246,131,1563,820,106,60,500,248,45,22,510,252,4,1,0.0,0.8,2245
Xiao Guodong,Neil Robertson,7,1413,1529,0.34573343118721134,0.42800386706848137,344,199,2289,1261,767,499,5674,3228,62,32,654,368,85,45,1158,684,4,3,0.0,0.5714285714285714,2245
Tom Ford,Joe Swail,7,1330,1268,0.5840920587766287,0.538672605206508,505,288,3634,1934,772,417,6114,3188,52,23,639,339,44,21,620,319,4,2,0.0,0.6666666666666666,2245
Ryan Day,Liam Highfield,7,1429,1369,0.5814204865006773,0.5374298453437496,767,463,5373,2962,279,152,1887,998,57,32,1112,620,61,32,504,273,4,1,0.0,0.8,2245
Rhys Clark,Kyren Wilson,7,1148,1450,0.1530491854474798,0.31973280330135156,75,35,446,210,297,181,1898,1045,44,16,269,121,69,40,651,361,4,3,0.0,0.5714285714285714,2245
Yan Bingtao,Mark Allen,7,1297,1483,0.26281719414747273,0.38580035722310485,45,24,316,168,621,399,4256,2384,87,50,277,145,163,85,952,539,4,3,0.0,0.5714285714285714,2245
Stuart Bingham,David Gilbert,7,1537,1445,0.6236008848905433,0.5572478545985555,929,585,6813,3866,453,256,3357,1789,145,82,1317,768,70,39,760,411,4,0,0.0,1.0,2245
Liang Wenbo,Ben Woollaston,7,1403,1357,0.5626145694127913,0.5287183569514396,485,292,3349,1848,467,269,3038,1624,111,61,974,544,54,24,750,391,4,3,0.0,0.5714285714285714,2245
Ricky Walden,Yan Bingtao,7,1463,1297,0.7146198510727906,0.6022861768886306,677,418,4867,2716,45,24,316,168,113,65,982,570,87,50,277,145,4,1,0.0,0.8,2245
Chris Wakelin,Xiao Guodong,7,1297,1413,0.34573343118721134,0.42800386706848137,110,57,728,371,344,199,2289,1261,62,32,516,262,62,32,654,368,4,3,0.0,0.5714285714285714,2245
Judd Trump,Mark Williams,7,1538,1532,0.5082025098106111,0.5037499296890819,729,486,4945,2894,1201,790,9267,5311,137,80,1501,917,127,76,1117,660,4,0,0.0,1.0,2245
John Higgins,Tom Ford,7,1632,1330,0.8469508145525204,0.6802671966986485,1266,897,10225,6049,505,288,3634,1934,243,156,1302,776,52,23,639,339,4,1,0.0,0.8,2245
Barry Hawkins,Ryan Day,7,1498,1429,0.5934092174000843,0.5430183807243099,785,484,5636,3129,767,463,5373,2962,101,65,1001,561,57,32,1112,620,4,1,0.0,0.8,2245
Anthony Hamilton,Jak Jones,7,1340,1169,0.7203516579445735,0.6052765337748445,756,441,5894,3155,132,53,860,384,106,60,500,248,42,17,249,101,4,3,0.0,0.5714285714285714,2245
Stuart Bingham,Rhys Clark,7,1537,1148,0.9047290575025384,0.7256175202732952,929,585,6813,3866,75,35,446,210,145,82,1317,768,44,16,269,121,4,1,0.0,0.8,2245
Liang Wenbo,Anthony Hamilton,9,1403,1340,0.5959077229449327,0.5392938058983595,485,292,3349,1848,756,441,5894,3155,111,61,974,544,106,60,500,248,5,2,0.0,0.7142857142857143,2245
Judd Trump,John Higgins,9,1538,1632,0.35867462873861855,0.44151888756183866,729,486,4945,2894,1266,897,10225,6049,137,80,1501,917,243,156,1302,776,5,1,0.0,0.8333333333333334,2245
Barry Hawkins,Ricky Walden,9,1498,1463,0.5536617994848322,0.5218610539716015,785,484,5636,3129,677,418,4867,2716,101,65,1001,561,113,65,982,570,5,2,0.0,0.7142857142857143,2245
Stuart Bingham,Chris Wakelin,9,1537,1297,0.8208667164135127,0.6456563062257954,929,585,6813,3866,110,57,728,371,145,82,1317,768,62,32,516,262,5,0,0.0,1.0,2245
Liang Wenbo,Stuart Bingham,11,1403,1537,0.28535858443237944,0.4170245457988005,485,292,3349,1848,929,585,6813,3866,111,61,974,544,145,82,1317,768,6,5,0.0,0.5454545454545454,2245
Judd Trump,Barry Hawkins,11,1538,1498,0.5673390032803908,0.52497918747894,729,486,4945,2894,785,484,5636,3129,137,80,1501,917,101,65,1001,561,6,2,0.0,0.75,2245
Liang Wenbo,Judd Trump,17,1403,1538,0.24058111043180125,0.41641688448272474,485,292,3349,1848,729,486,4945,2894,111,61,974,544,137,80,1501,917,9,6,0.0,0.6,2245
Mei Xiwen,Kurt Dunham,7,1211,972,0.7919725105475417,0.645084137572727,52,25,344,166,6,1,34,8,69,34,119,60,34,8,34,8,4,0,0.0,1.0,2215
Zhao Xintong,Sam Baird,7,1349,1335,0.5191328123553783,0.5087491068802403,78,43,506,280,267,142,1820,942,57,27,331,181,84,43,563,291,4,1,0.0,0.8,2215
Ben Woollaston,Ross Muir,7,1376,1157,0.7721850273226749,0.633555377636775,471,272,3063,1639,101,38,666,294,79,39,775,406,60,27,449,193,4,2,0.0,0.6666666666666666,2215
Gary Wilson,Sydney Wilson,7,1337,1135,0.7545108097932872,0.623633628298226,326,191,2100,1144,153,58,896,402,66,32,566,283,37,11,385,166,4,1,0.0,0.8,2215
Michael Wild,Cao Yupeng,7,1170,1195,0.465864760862579,0.4843800842769844,280,154,1696,915,183,90,1325,662,38,14,94,37,31,7,410,197,4,3,0.0,0.5714285714285714,2215
Liang Wenbo,Mark King,7,1482,1398,0.6131794491635048,0.5523079095743253,492,299,3406,1884,830,463,6124,3210,168,97,1031,580,102,58,799,428,4,3,0.0,0.5714285714285714,2215
Daniel Wells,Sanderson Lam,7,1290,1153,0.6802510445614828,0.584797674717737,288,142,1934,963,97,44,565,263,84,44,509,256,46,21,342,163,4,3,0.0,0.5714285714285714,2215
Ricky Walden,Christopher Keogan,7,1465,1114,0.8819896948101545,0.706303891936407,682,422,4898,2734,100,40,554,257,144,83,1013,588,33,9,300,151,4,1,0.0,0.8,2215
Judd Trump,Aditya Mehta,7,1571,1290,0.829876495909729,0.668741821102192,736,492,4995,2927,250,125,1721,858,187,113,1551,950,64,31,501,254,4,3,0.0,0.5714285714285714,2215
Allan Taylor,Kritsanut Lertsattayathorn,7,1147,1163,0.4781366606027012,0.4900013331200346,235,112,1378,688,17,8,128,64,36,10,357,144,55,25,128,64,4,2,0.0,0.6666666666666666,2215
Joe Swail,Louis Heathcote,7,1274,980,0.8405938136052916,0.6759015277259407,775,419,6130,3198,15,5,84,32,60,31,636,329,6,0,66,24,4,2,0.0,0.6666666666666666,2215
Zak Surety,Kyren Wilson,7,1147,1452,0.15071194936304244,0.31810373541040654,96,42,572,267,300,183,1914,1056,18,7,275,117,85,51,667,372,4,2,0.0,0.6666666666666666,2215
Matthew Stevens,Zhang Yong,7,1384,1072,0.854643035192062,0.6856801139382539,865,509,6748,3681,39,14,230,95,79,44,662,341,35,11,172,70,4,0,0.0,1.0,2215
Elliot Slessor,Robert Milkins,7,1179,1372,0.25515512793785655,0.38166196066971714,105,44,631,288,732,446,5419,2960,43,16,369,165,76,41,927,494,4,2,0.0,0.6666666666666666,2215
Mark Selby,John Astley,7,1673,1180,0.9496847330516315,0.7742558331886429,898,615,6557,3819,134,60,833,379,181,122,1243,766,63,27,275,106,4,1,0.0,0.8,2215
Neil Robertson,Boonyarit Keattikun,7,1527,1096,0.9257123991491316,0.7460205900722962,770,501,5691,3239,19,6,147,64,102,56,1175,695,34,10,147,64,4,1,0.0,0.8,2215
Jimmy Robertson,Chen Zhe,7,1334,1199,0.6778138346852377,0.5835831155172753,382,206,2569,1327,166,82,1019,507,60,32,736,395,42,17,245,115,4,0,0.0,1.0,2215
Antony Parsons,James Wattana,7,1073,1162,0.38029641350050397,0.44460335167941084,75,33,456,216,763,422,6469,3413,0,0,38,14,67,31,330,137,4,0,0.0,1.0,2215
Ronnie O'Sullivan,Lyu Chenwei,7,1622,1050,0.9704613619998393,0.8069013157667836,1096,832,9654,5878,46,13,295,116,211,132,811,525,8,2,217,78,4,1,0.0,0.8,2215
Fergal O'Brien,Dechawat Poomjaeng,7,1417,1236,0.7316341543771714,0.6112334666758695,798,459,6059,3211,208,112,1493,758,86,48,736,401,38,14,644,331,4,1,0.0,0.8,2215
Shaun Murphy,Fang Xiongman,7,1575,1078,0.9509770423680493,0.7759988756473154,892,585,6606,3773,33,14,184,83,166,95,1432,861,30,8,124,55,4,3,0.0,0.5714285714285714,2215
Hammad Miah,Robbie Williams,7,1161,1305,0.31128429594529594,0.41095956594133487,86,33,549,237,294,162,1857,955,48,19,374,159,62,29,581,290,4,1,0.0,0.8,2215
Rory McLeod,Michael White,7,1235,1381,0.30888492066734696,0.40974974806981657,495,270,3717,1936,363,210,2488,1334,38,11,476,228,86,46,888,485,4,3,0.0,0.5714285714285714,2215
Anthony McGill,Akani Songsermsawad,7,1365,1122,0.7957969165005263,0.647370307581549,358,214,2323,1273,20,8,136,62,93,43,811,436,68,33,97,45,4,3,0.0,0.5714285714285714,2215
Kurt Maflin,Jason Weston,7,1346,1113,0.786152249899794,0.6416424532015634,448,259,2985,1612,292,160,2252,1181,79,44,632,322,29,5,165,68,4,1,0.0,0.8,2215
Jack Lisowski,Mike Dunn,7,1256,1294,0.44820271004203943,0.4762678458734389,320,188,2082,1122,637,341,4700,2430,56,25,555,280,62,30,621,333,4,2,0.0,0.6666666666666666,2215
Peter Lines,Matthew Selt,7,1206,1392,0.26281719414747273,0.38580035722310485,699,378,5145,2667,455,250,3162,1655,53,21,471,212,47,20,952,542,4,2,0.0,0.6666666666666666,2215
Oliver Lines,Brandon Sargeant,7,1285,1009,0.8256265088413395,0.6659669267518202,138,76,841,439,40,16,227,102,74,34,514,259,18,4,185,86,4,2,0.0,0.6666666666666666,2215
Rod Lawler,Noppon Saengkham,7,1309,1209,0.6339273074659068,0.5621765008857981,748,411,5752,3001,138,58,976,444,56,28,622,319,55,25,565,265,4,2,0.0,0.6666666666666666,2215
Mark Joyce,Eden Sharav,7,1369,1171,0.7502408354966205,0.6212835951910678,385,204,2772,1413,91,49,530,263,69,35,580,299,46,18,389,189,4,2,0.0,0.6666666666666666,2215
Jamie Jones,Martin Gould,7,1430,1473,0.44143655006080335,0.4731508513108857,419,254,2790,1522,547,332,3702,2030,68,37,705,385,65,33,755,438,4,2,0.0,0.6666666666666666,2215
Duane Jones,Anthony Hamilton,7,1230,1360,0.32831469717042555,0.41945769517934034,116,66,653,365,761,445,5924,3173,45,18,238,124,136,78,530,266,4,3,0.0,0.5714285714285714,2215
David John,Bradley Jones,7,1065,1198,0.3246315371699399,0.41763245927192055,68,32,463,223,342,196,2748,1454,28,4,66,23,6,0,6,0,4,0,0.0,1.0,2215
Robin Hull,Mark Williams,7,1358,1520,0.29000807657290884,0.40011163113600173,469,283,3618,1992,1205,793,9287,5323,76,39,441,229,147,88,1137,672,4,1,0.0,0.8,2215
Ashley Hugill,Mitchell Mann,7,1095,1244,0.30530209550926213,0.40793707183518074,46,22,246,119,183,86,1121,550,14,4,224,109,66,33,358,163,4,1,0.0,0.8,2215
Michael Holt,Fraser Patrick,7,1398,1236,0.7099919234270913,0.5998883688639983,690,405,5068,2699,171,73,1120,520,113,58,883,468,58,30,414,186,4,1,0.0,0.8,2215
Andrew Higginson,Stephen Maguire,7,1349,1477,0.33078006904137963,0.42067574785125056,630,377,4494,2471,801,530,5904,3354,69,36,632,338,100,59,1037,599,4,3,0.0,0.5714285714285714,2215
John Higgins,Nigel Bond,7,1612,1181,0.9257123991491316,0.7460205900722962,1271,901,10254,6066,800,443,6383,3367,272,173,1331,793,32,8,412,191,4,1,0.0,0.8,2215
Barry Hawkins,Zhang Anda,7,1514,1317,0.7491668212476215,0.6206951913643555,791,489,5674,3152,242,119,1675,834,139,88,1039,584,80,43,544,277,4,0,0.0,1.0,2215
David Grace,Joe Perry,7,1237,1489,0.19576228851165434,0.34751053780725555,257,117,1699,814,911,540,6598,3567,53,23,443,197,127,69,1119,645,4,3,0.0,0.5714285714285714,2215
David Gilbert,Lee Walker,7,1447,1227,0.7732004785001367,0.6341355910108007,456,258,3370,1797,401,225,3140,1629,83,47,773,419,56,23,369,176,4,3,0.0,0.5714285714285714,2215
Michael Georgiou,Sean O'Sullivan,7,1253,1278,0.465864760862579,0.4843800842769844,147,67,897,434,152,68,951,455,62,29,432,212,53,26,478,248,4,1,0.0,0.8,2215
Marco Fu,Steven Hallworth,7,1498,1070,0.9243491045965284,0.7445969158274759,773,461,5737,3128,55,16,345,141,170,108,1153,652,14,4,240,89,4,0,0.0,1.0,2215
Tom Ford,Li Hang,7,1349,1338,0.5150352723345792,0.5068745667645342,509,291,3657,1947,186,94,1324,683,75,36,662,352,70,38,598,323,4,2,0.0,0.6666666666666666,2215
Peter Ebdon,Jamie Cope,7,1366,1260,0.641605432096216,0.5658650028954817,995,571,7860,4222,522,281,3538,1804,49,21,842,459,39,13,523,263,4,0,0.0,1.0,2215
Adam Duffy,Gareth Allen,7,1293,1180,0.6504866469700167,0.5701590253818352,273,140,1743,895,139,67,784,386,42,16,526,277,41,14,339,167,4,0,0.0,1.0,2215
Graeme Dott,Andy Hicks,7,1403,1221,0.732748880507422,0.6118273690017371,750,441,5806,3119,567,305,4661,2414,56,29,856,487,14,2,90,42,4,0,0.0,1.0,2215
Scott Donaldson,Chris Wakelin,7,1241,1318,0.39601140843867844,0.4520230623632036,163,82,1059,516,115,61,759,387,69,33,516,242,93,48,547,278,4,0,0.0,1.0,2215
Ryan Day,James Cahill,7,1445,1109,0.8719653706122326,0.6984652160025387,771,466,5395,2975,110,36,708,293,79,45,1134,633,42,15,401,171,4,3,0.0,0.5714285714285714,2215
Mark Davis,Paul Davison,7,1468,1230,0.7910094256982455,0.6445115537062945,947,571,6825,3726,613,326,4320,2215,80,43,1094,612,42,15,461,228,4,1,0.0,0.8,2215
Dominic Dale,Thor Chuan Leong,7,1351,1063,0.8357070215370299,0.6726070170677604,816,471,5921,3162,36,9,230,86,109,59,920,505,32,8,230,86,4,1,0.0,0.8,2215
Sam Craigie,Stuart Carrington,7,1312,1294,0.5245927745980452,0.5112481019468548,103,54,616,327,249,133,1580,829,48,22,172,101,62,31,527,261,4,2,0.0,0.6666666666666666,2215
Rhys Clark,Alex Borg,7,1170,1178,0.48906395814377107,0.4950001666600003,78,37,464,219,330,143,2392,1100,62,25,287,130,45,17,332,148,4,1,0.0,0.8,2215
Ali Carter,Ken Doherty,7,1466,1258,0.7608368593181393,0.6271477663131956,790,473,5607,3081,1061,650,8717,4799,120,63,676,367,43,17,594,297,4,2,0.0,0.6666666666666666,2215
Ian Burns,Alan McManus,7,1241,1369,0.33078006904137963,0.42067574785125056,264,140,1644,850,860,514,7196,3818,53,25,482,229,56,23,774,427,4,3,0.0,0.5714285714285714,2215
Alfie Burden,Hamza Akbar,7,1258,987,0.8213053995393751,0.6631804950993565,597,322,4349,2244,8,0,54,14,40,14,471,233,25,5,54,14,4,1,0.0,0.8,2215
Luca Brecel,Zhou Yuelong,7,1437,1344,0.6248970337106214,0.5578645727207344,224,119,1526,800,99,54,670,350,86,49,666,367,103,54,506,271,4,1,0.0,0.8,2215
Josh Boileau,Jimmy White,7,1120,1227,0.3571206786692294,0.43352094403237207,54,29,286,148,1375,773,11865,6253,39,16,188,100,49,23,439,202,4,2,0.0,0.6666666666666666,2215
Yan Bingtao,Tian Pengfei,7,1316,1371,0.42527567806654565,0.4656790563306954,49,27,338,181,306,176,2031,1096,109,63,299,158,39,15,600,337,4,0,0.0,1.0,2215
Stuart Bingham,Craig Steadman,7,1559,1262,0.8429989187038389,0.6775422953274692,935,590,6851,3892,369,205,2450,1296,183,108,1355,794,48,20,591,301,4,0,0.0,1.0,2215
Mark Allen,Darryl Hill,7,1482,1022,0.9378881447559685,0.759510916949111,624,401,4273,2395,44,14,289,118,180,96,969,550,32,8,193,73,4,0,0.0,1.0,2215
Ben Woollaston,Joe Swail,7,1376,1274,0.6364932182719292,0.5634067862621936,471,272,3063,1639,775,419,6130,3198,79,39,775,406,60,31,636,329,4,1,0.0,0.8,2215
Daniel Womersley,Elliot Slessor,7,1001,1179,0.27172488874541606,0.3905502163716748,2,0,15,5,105,44,631,288,15,5,15,5,43,16,369,165,4,3,0.0,0.5714285714285714,2215
Michael Wild,Jamie Jones,7,1170,1430,0.1884511572375342,0.34298953732650117,280,154,1696,915,419,254,2790,1522,38,14,94,37,68,37,705,385,4,3,0.0,0.5714285714285714,2215
Liang Wenbo,Josh Boileau,7,1482,1120,0.888957756538089,0.7119759194127935,492,299,3406,1884,54,29,286,148,168,97,1031,580,39,16,188,100,4,2,0.0,0.6666666666666666,2215
Ricky Walden,Michael Georgiou,7,1465,1253,0.7650010839038448,0.6294831119673949,682,422,4898,2734,147,67,897,434,144,83,1013,588,62,29,432,212,4,1,0.0,0.8,2215
Judd Trump,Duane Jones,7,1571,1230,0.8753745152338872,0.7010913114266953,736,492,4995,2927,116,66,653,365,187,113,1551,950,45,18,238,124,4,2,0.0,0.6666666666666666,2215
Zak Surety,Antony Parsons,7,1147,1073,0.6000303895586184,0.5461185410457796,96,42,572,267,75,33,456,216,18,7,275,117,0,0,38,14,4,1,0.0,0.8,2215
Mark Selby,Fergal O'Brien,7,1673,1417,0.8079159048674549,0.6547534606063192,898,615,6557,3819,798,459,6059,3211,181,122,1243,766,86,48,736,401,4,0,0.0,1.0,2215
Neil Robertson,Oliver Lines,7,1527,1285,0.794845010612041,0.6467993925579857,770,501,5691,3239,138,76,841,439,102,56,1175,695,74,34,514,259,4,1,0.0,0.8,2215
Ronnie O'Sullivan,Daniel Wells,7,1622,1290,0.8691888759761051,0.6963549298238342,1096,832,9654,5878,288,142,1934,963,211,132,811,525,84,44,509,256,4,0,0.0,1.0,2215
Shaun Murphy,Allan Taylor,7,1575,1147,0.9243491045965284,0.7445969158274759,892,585,6606,3773,235,112,1378,688,166,95,1432,861,36,10,357,144,4,0,0.0,1.0,2215
Anthony McGill,Sam Craigie,7,1365,1312,0.5720392978025534,0.5330766223661046,358,214,2323,1273,103,54,616,327,93,43,811,436,48,22,172,101,4,0,0.0,1.0,2215
Robin Hull,Gary Wilson,7,1358,1337,0.5286845829371267,0.5131219861822433,469,283,3618,1992,326,191,2100,1144,76,39,441,229,66,32,566,283,4,3,0.0,0.5714285714285714,2215
Michael Holt,Kurt Maflin,7,1398,1346,0.5706954446194282,0.5324543063873187,690,405,5068,2699,448,259,2985,1612,113,58,883,468,79,44,632,322,4,0,0.0,1.0,2215
Andrew Higginson,Ashley Hugill,7,1349,1095,0.8060824586598727,0.653622330899504,630,377,4494,2471,46,22,246,119,69,36,632,338,14,4,224,109,4,1,0.0,0.8,2215
John Higgins,Jimmy Robertson,7,1612,1334,0.8273350387178837,0.6670782770956253,1271,901,10254,6066,382,206,2569,1327,272,173,1331,793,60,32,736,395,4,3,0.0,0.5714285714285714,2215
Barry Hawkins,Rod Lawler,7,1514,1309,0.75768573294214,0.6253923497205511,791,489,5674,3152,748,411,5752,3001,139,88,1039,584,56,28,622,319,4,1,0.0,0.8,2215
David Grace,Jak Jones,7,1237,1205,0.5436568604546561,0.5199893401555818,257,117,1699,814,136,56,884,399,53,23,443,197,66,32,273,116,4,2,0.0,0.6666666666666666,2215
David Gilbert,Jack Lisowski,7,1447,1256,0.7426684543010009,0.6171573626529722,456,258,3370,1797,320,188,2082,1122,83,47,773,419,56,25,555,280,4,1,0.0,0.8,2215
Marco Fu,Mei Xiwen,7,1498,1211,0.834882617465889,0.6720562626502714,773,461,5737,3128,52,25,344,166,170,108,1153,652,69,34,119,60,4,2,0.0,0.6666666666666666,2215
Tom Ford,Rory McLeod,7,1349,1235,0.651748409886971,0.5707716118944918,509,291,3657,1947,495,270,3717,1936,75,36,662,352,38,11,476,228,4,2,0.0,0.6666666666666666,2215
Graeme Dott,Mark Joyce,7,1403,1369,0.5463726874746992,0.5212372149662741,750,441,5806,3119,385,204,2772,1413,56,29,856,487,69,35,580,299,4,3,0.0,0.5714285714285714,2215
Scott Donaldson,Stuart Bingham,7,1241,1559,0.14087637017760327,0.31109608202304534,163,82,1059,516,935,590,6851,3892,69,33,516,242,183,108,1355,794,4,3,0.0,0.5714285714285714,2215
Yu Delu,Zhao Xintong,7,1290,1349,0.41991680863949354,0.46319171001101955,218,113,1517,774,78,43,506,280,93,42,524,260,57,27,331,181,4,3,0.0,0.5714285714285714,2215
Mark Davis,Adam Duffy,7,1468,1293,0.7248939369984414,0.6076631698328917,947,571,6825,3726,273,140,1743,895,80,43,1094,612,42,16,526,277,4,0,0.0,1.0,2215
Dominic Dale,Peter Ebdon,7,1351,1366,0.47950179614537025,0.4906260984783392,816,471,5921,3162,995,571,7860,4222,109,59,920,505,49,21,842,459,4,3,0.0,0.5714285714285714,2215
Rhys Clark,Peter Lines,7,1170,1206,0.45091379157772826,0.4775151752081999,78,37,464,219,699,378,5145,2667,62,25,287,130,53,21,471,212,4,3,0.0,0.5714285714285714,2215
Ali Carter,Matthew Stevens,7,1466,1384,0.6105601107289808,0.551071269307342,790,473,5607,3081,865,509,6748,3681,120,63,676,367,79,44,662,341,4,3,0.0,0.5714285714285714,2215
Alfie Burden,Ryan Day,7,1258,1445,0.26171499503028667,0.3852081305077805,597,322,4349,2244,771,466,5395,2975,40,14,471,233,79,45,1134,633,4,3,0.0,0.5714285714285714,2215
Luca Brecel,David John,7,1437,1065,0.8950167119467943,0.7170752854929726,224,119,1526,800,68,32,463,223,86,49,666,367,28,4,66,23,4,2,0.0,0.6666666666666666,2215
Yan Bingtao,Ian Burns,7,1316,1241,0.6013510291923431,0.5467381519846138,49,27,338,181,264,140,1644,850,109,63,299,158,53,25,482,229,4,1,0.0,0.8,2215
Mark Allen,Hammad Miah,7,1482,1161,0.8613262329678552,0.6905090012275708,624,401,4273,2395,86,33,549,237,180,96,969,550,48,19,374,159,4,0,0.0,1.0,2215
Liang Wenbo,Zak Surety,7,1482,1147,0.87127535599101,0.6979384260080908,492,299,3406,1884,96,42,572,267,168,97,1031,580,18,7,275,117,4,1,0.0,0.8,2215
Ricky Walden,Yan Bingtao,7,1465,1316,0.6946979044907379,0.5920629281648192,682,422,4898,2734,49,27,338,181,144,83,1013,588,109,63,299,158,4,2,0.0,0.6666666666666666,2215
Judd Trump,Ben Woollaston,7,1571,1376,0.7470110120975012,0.6195173196470847,736,492,4995,2927,471,272,3063,1639,187,113,1551,950,79,39,775,406,4,3,0.0,0.5714285714285714,2215
Mark Selby,Dominic Dale,7,1673,1351,0.8620548673015752,0.6910430124157229,898,615,6557,3819,816,471,5921,3162,181,122,1243,766,109,59,920,505,4,2,0.0,0.6666666666666666,2215
Neil Robertson,Graeme Dott,7,1527,1403,0.6642657784879786,0.5768852611320463,770,501,5691,3239,750,441,5806,3119,102,56,1175,695,56,29,856,487,4,2,0.0,0.6666666666666666,2215
Ronnie O'Sullivan,David Gilbert,7,1622,1447,0.7248939369984414,0.6076631698328917,1096,832,9654,5878,456,258,3370,1797,211,132,811,525,83,47,773,419,4,1,0.0,0.8,2215
Anthony McGill,Ali Carter,7,1365,1466,0.3647889315421975,0.43720825986135486,358,214,2323,1273,790,473,5607,3081,93,43,811,436,120,63,676,367,4,3,0.0,0.5714285714285714,2215
Andrew Higginson,Marco Fu,7,1349,1498,0.30530209550926213,0.40793707183518074,630,377,4494,2471,773,461,5737,3128,69,36,632,338,170,108,1153,652,4,0,0.0,1.0,2215
John Higgins,Michael Holt,7,1612,1398,0.7670671244589201,0.6306485256510744,1271,901,10254,6066,690,405,5068,2699,272,173,1331,793,113,58,883,468,4,0,0.0,1.0,2215
Barry Hawkins,Michael Wild,7,1514,1170,0.8773873941193158,0.7026606543447315,791,489,5674,3152,280,154,1696,915,139,88,1039,584,38,14,94,37,4,3,0.0,0.5714285714285714,2215
Tom Ford,Robin Hull,7,1349,1358,0.48769738857442835,0.4943752372926745,509,291,3657,1947,469,283,3618,1992,75,36,662,352,76,39,441,229,4,1,0.0,0.8,2215
Scott Donaldson,Luca Brecel,7,1241,1437,0.25190978869692043,0.3798935676569099,163,82,1059,516,224,119,1526,800,69,33,516,242,86,49,666,367,4,3,0.0,0.5714285714285714,2215
Mark Davis,Shaun Murphy,7,1468,1575,0.3571206786692294,0.43352094403237207,947,571,6825,3726,892,585,6606,3773,80,43,1094,612,166,95,1432,861,4,1,0.0,0.8,2215
Rhys Clark,David Grace,7,1170,1237,0.4092473522241249,0.4582226307163632,78,37,464,219,257,117,1699,814,62,25,287,130,53,23,443,197,4,1,0.0,0.8,2215
Alfie Burden,Yu Delu,7,1258,1290,0.4563431395453441,0.48001065984441826,597,322,4349,2244,218,113,1517,774,40,14,471,233,93,42,524,260,4,1,0.0,0.8,2215
Mark Allen,Daniel Womersley,7,1482,1001,0.9456340174927519,0.7689692210129387,624,401,4273,2395,2,0,15,5,180,96,969,550,15,5,15,5,4,0,0.0,1.0,2215
Judd Trump,Andrew Higginson,7,1571,1349,0.7752232149046754,0.6352948493228071,736,492,4995,2927,630,377,4494,2471,187,113,1551,950,69,36,632,338,4,0,0.0,1.0,2215
Mark Selby,Barry Hawkins,7,1673,1514,0.7064965786766507,0.5980868603322034,898,615,6557,3819,791,489,5674,3152,181,122,1243,766,139,88,1039,584,4,0,0.0,1.0,2215
Neil Robertson,Rhys Clark,7,1527,1170,0.8858301874086159,0.7094058152553435,770,501,5691,3239,78,37,464,219,102,56,1175,695,62,25,287,130,4,1,0.0,0.8,2215
Ronnie O'Sullivan,Mark Allen,7,1622,1482,0.6838913574482577,0.5866175789173301,1096,832,9654,5878,624,401,4273,2395,211,132,811,525,180,96,969,550,4,2,0.0,0.6666666666666666,2215
Anthony McGill,Scott Donaldson,7,1365,1241,0.6642657784879786,0.5768852611320463,358,214,2323,1273,163,82,1059,516,93,43,811,436,69,33,516,242,4,3,0.0,0.5714285714285714,2215
John Higgins,Tom Ford,7,1612,1349,0.8142437917894374,0.6586985747356444,1271,901,10254,6066,509,291,3657,1947,272,173,1331,793,75,36,662,352,4,3,0.0,0.5714285714285714,2215
Mark Davis,Liang Wenbo,7,1468,1482,0.48086718764462183,0.4912508931197597,947,571,6825,3726,492,299,3406,1884,80,43,1094,612,168,97,1031,580,4,3,0.0,0.5714285714285714,2215
Alfie Burden,Ricky Walden,7,1258,1465,0.24021086259236363,0.3734370028762817,597,322,4349,2244,682,422,4898,2734,40,14,471,233,144,83,1013,588,4,3,0.0,0.5714285714285714,2215
Judd Trump,John Higgins,7,1571,1612,0.44414095234189266,0.47439741167538224,736,492,4995,2927,1271,901,10254,6066,187,113,1551,950,272,173,1331,793,4,0,0.0,1.0,2215
Mark Selby,Alfie Burden,7,1673,1258,0.9182063246697127,0.7383673414380187,898,615,6557,3819,597,322,4349,2244,181,122,1243,766,40,14,471,233,4,0,0.0,1.0,2215
Neil Robertson,Anthony McGill,7,1527,1365,0.7099919234270913,0.5998883688639983,770,501,5691,3239,358,214,2323,1273,102,56,1175,695,93,43,811,436,4,2,0.0,0.6666666666666666,2215
Ronnie O'Sullivan,Mark Davis,7,1622,1468,0.7006252854909363,0.595078473866134,1096,832,9654,5878,947,571,6825,3726,211,132,811,525,80,43,1094,612,4,1,0.0,0.8,2215
Judd Trump,Mark Selby,11,1571,1673,0.33286862469251693,0.4365932137378064,736,492,4995,2927,898,615,6557,3819,187,113,1551,950,181,122,1243,766,6,2,0.0,0.75,2215
Ronnie O'Sullivan,Neil Robertson,11,1622,1527,0.6563156776858904,0.559097471902393,1096,832,9654,5878,770,501,5691,3239,211,132,811,525,102,56,1175,695,6,0,0.0,1.0,2215
Judd Trump,Ronnie O'Sullivan,17,1571,1622,0.39486904375472665,0.4681681105837757,736,492,4995,2927,1096,832,9654,5878,187,113,1551,950,211,132,811,525,9,8,0.0,0.5294117647058824,2215
Chen Zhe,Michael Wild,9,1186,1195,0.48616014593133106,0.4943752372926745,167,82,1023,507,283,156,1717,926,46,17,249,115,59,25,115,48,5,2,0.0,0.7142857142857143,2196
Zhang Yong,Fraser Patrick,9,1062,1228,0.2618074498250338,0.3977138231113694,40,14,234,95,172,73,1125,521,39,11,176,70,63,31,419,187,5,2,0.0,0.7142857142857143,2196
Mei Xiwen,Sanderson Lam,9,1222,1154,0.6033448258583628,0.542397940774351,54,26,354,172,98,44,572,266,79,40,129,66,53,24,349,166,5,2,0.0,0.7142857142857143,2196
Zhao Xintong,Liam Highfield,9,1355,1387,0.45091216472504103,0.48001065984441826,80,44,518,287,282,154,1903,1007,69,34,343,188,77,41,520,282,5,1,0.0,0.8333333333333334,2196
Daniel Wells,Jimmy White,9,1279,1216,0.5959077229449327,0.5392938058983595,290,143,1945,967,1376,773,11871,6255,95,48,520,260,55,25,445,204,5,2,0.0,0.7142857142857143,2196
James Wattana,Sydney Wilson,9,1144,1128,0.5245929792443278,0.5099986668799655,764,422,6473,3413,154,58,901,403,71,31,334,137,42,12,390,167,5,1,0.0,0.8333333333333334,2196
Lee Walker,Peter Lines,9,1231,1214,0.5261277964586326,0.5106234010049637,402,225,3147,1632,701,379,5158,2674,63,26,376,179,66,28,484,219,5,4,0.0,0.5555555555555556,2196
Chris Wakelin,Josh Boileau,9,1300,1133,0.7394330371891276,0.6028848673274662,116,61,763,387,56,30,298,154,97,48,551,278,51,22,200,106,5,2,0.0,0.7142857142857143,2196
Allan Taylor,Hatem Yassen,9,1147,989,0.7281552136873749,0.5974857658270161,237,113,1388,692,3,0,20,4,46,14,367,148,0,0,20,4,5,3,0.0,0.625,2196
Craig Steadman,Cao Yupeng,9,1252,1190,0.5944158213362583,0.538672605206508,370,205,2454,1296,184,90,1332,665,52,20,595,301,38,10,417,200,5,1,0.0,0.8333333333333334,2196
Akani Songsermsawad,Alex Borg,9,1126,1166,0.4387318882192537,0.47502081252106,21,8,143,65,331,143,2397,1101,75,36,104,48,50,18,337,149,5,4,0.0,0.5555555555555556,2196
Eden Sharav,Fang Xiongman,9,1169,1089,0.6210284680300693,0.549833997312478,92,49,536,265,34,14,191,86,52,20,395,191,37,11,131,58,5,0,0.0,1.0,2196
Ian Preece,Darryl Hill,9,1178,1014,0.7357020581715297,0.6010878788483698,176,98,1302,673,45,14,293,118,37,14,37,14,36,8,197,73,5,1,0.0,0.8333333333333334,2196
Sean O'Sullivan,Boonyarit Keattikun,9,1265,1094,0.7443630173545871,0.6052765337748445,153,68,956,456,20,6,152,65,58,27,483,249,39,11,152,65,5,3,0.0,0.625,2196
Martin O'Donnell,Itaro Santos,9,1209,919,0.8657415704315571,0.6737070994545215,236,111,1424,706,75,22,427,166,28,10,391,203,22,4,43,9,5,0,0.0,1.0,2196
Ross Muir,Jason Weston,9,1155,1107,0.5733876953909138,0.5299640517645717,102,38,672,296,293,160,2257,1182,66,29,455,195,34,6,170,69,5,2,0.0,0.7142857142857143,2196
Hammad Miah,Kurt Dunham,9,1167,961,0.7852370226068368,0.6259778577666038,88,34,558,241,7,1,38,8,57,23,383,163,38,8,38,8,5,3,0.0,0.625,2196
Kritsanut Lertsattayathorn,Anthony Hamilton,9,1155,1351,0.22601710818420698,0.3798935676569099,18,8,134,66,762,445,5931,3176,61,27,134,66,143,81,537,269,5,4,0.0,0.5555555555555556,2196
Duane Jones,David John,9,1240,1086,0.7230620724576832,0.595078473866134,118,67,666,371,70,33,473,229,58,24,251,130,38,10,76,29,5,3,0.0,0.625,2196
Andy Hicks,Sam Craigie,9,1209,1304,0.3572399624584108,0.440902528097607,568,305,4665,2414,105,55,626,331,18,2,94,42,58,26,182,105,5,3,0.0,0.625,2196
Michael Georgiou,Mitchell Mann,9,1259,1228,0.5475616243336275,0.519365308229932,149,68,907,439,184,86,1126,551,72,34,442,217,71,34,363,164,5,0,0.0,1.0,2196
Adam Duffy,Wang Yuchen,9,1294,1067,0.8077296924469662,0.6381861133090055,275,141,1751,899,34,11,217,87,50,20,534,281,54,24,122,51,5,1,0.0,0.8333333333333334,2196
Scott Donaldson,John Astley,9,1282,1179,0.6541595421142608,0.5640216374262577,167,85,1084,531,135,60,838,380,94,48,541,257,68,28,280,107,5,4,0.0,0.5555555555555556,2196
Paul Davison,Adam Stefanow,9,1224,1007,0.7972134349638327,0.6323937895695628,614,326,4325,2216,28,11,147,63,47,16,466,229,31,10,86,33,5,4,0.0,0.5555555555555556,2196
Jamie Cope,Marc Davis,9,1246,1087,0.7294208076401816,0.5980868603322034,523,281,3542,1804,102,44,542,252,43,13,527,263,5,1,153,80,5,1,0.0,0.8333333333333334,2196
Rhys Clark,Elliot Slessor,9,1197,1182,0.5230577783295167,0.5093739015216607,82,40,486,232,107,45,644,295,84,38,309,143,56,23,382,172,5,2,0.0,0.7142857142857143,2196
Thor Chuan Leong,Christopher Keogan,9,1058,1110,0.42057894147456754,0.4675456936126812,37,9,235,87,101,40,559,258,37,9,235,87,38,10,305,152,5,3,0.0,0.625,2196
Yan Bingtao,Noppon Saengkham,9,1339,1204,0.6982190316058211,0.5835831155172753,52,29,353,191,139,58,982,446,124,73,314,168,61,27,571,267,5,0,0.0,1.0,2196
Jamie Barrett,James Cahill,9,1080,1116,0.44481517986127356,0.4775151752081999,41,17,234,112,111,36,715,296,29,9,87,38,49,18,408,174,5,3,0.0,0.625,2196
Zhang Anda,Aditya Mehta,9,1305,1295,0.5153768549440177,0.5062496744995104,243,119,1679,834,251,125,1728,861,84,43,548,277,71,34,508,257,5,0,0.0,1.0,2196
Gareth Allen,Brandon Sargeant,9,1166,1009,0.7268865315426611,0.596884378259767,140,67,788,386,41,16,233,104,45,14,343,167,24,6,191,88,5,2,0.0,0.7142857142857143,2196
Hamza Akbar,Zak Surety,9,982,1169,0.2364392822922271,0.3852081305077805,9,0,59,15,99,44,588,276,30,6,59,15,34,16,291,126,5,4,0.0,0.5555555555555556,2196
Mei Xiwen,Gary Wilson,9,1222,1341,0.3234855672463619,0.42616874240839064,54,26,354,172,328,192,2112,1151,79,40,129,66,78,39,578,290,5,3,0.0,0.625,2196
Zhao Xintong,Joe Swail,9,1355,1265,0.6355659071692855,0.5560138905446199,80,44,518,287,777,420,6141,3203,69,34,343,188,71,36,647,334,5,2,0.0,0.7142857142857143,2196
Robbie Williams,Sean O'Sullivan,9,1289,1265,0.5368587710437642,0.51499550161941,295,162,1862,956,153,68,956,456,67,30,586,291,58,27,483,249,5,3,0.0,0.625,2196
Daniel Wells,Tom Ford,9,1279,1378,0.3515226665168548,0.4384389296638045,290,143,1945,967,513,294,3681,1962,95,48,520,260,99,51,686,367,5,4,0.0,0.5555555555555556,2196
Chris Wakelin,Ian Burns,9,1300,1239,0.5929224766392899,0.5380512843858591,116,61,763,387,266,141,1656,855,97,48,551,278,65,30,494,234,5,2,0.0,0.7142857142857143,2196
Matthew Stevens,Duane Jones,9,1393,1240,0.7217811546951534,0.5944759307482401,867,510,6759,3688,118,67,666,371,90,51,673,348,58,24,251,130,5,4,0.0,0.5555555555555556,2196
Jimmy Robertson,Ross Muir,9,1352,1155,0.7751238468246431,0.6206951913643555,384,207,2580,1334,102,38,672,296,71,39,747,402,66,29,455,195,5,1,0.0,0.8333333333333334,2196
Ian Preece,Yu Delu,9,1178,1283,0.34301287924355417,0.43474925243290014,176,98,1302,673,220,114,1529,779,37,14,37,14,105,47,536,265,5,3,0.0,0.625,2196
Dechawat Poomjaeng,Lee Walker,9,1228,1231,0.4953858503317341,0.498125008789013,209,112,1498,759,402,225,3147,1632,43,15,649,332,63,26,376,179,5,0,0.0,1.0,2196
Martin O'Donnell,Mike Dunn,9,1209,1285,0.38483867400919086,0.45264238185691075,236,111,1424,706,638,341,4706,2432,28,10,391,203,68,32,627,335,5,1,0.0,0.8333333333333334,2196
Fergal O'Brien,Allan Taylor,9,1414,1147,0.8462103226165194,0.6609431415591629,800,460,6068,3215,237,113,1388,692,95,52,745,405,46,14,367,148,5,2,0.0,0.7142857142857143,2196
Hammad Miah,Tian Pengfei,9,1167,1354,0.2364392822922271,0.3852081305077805,88,34,558,241,307,176,2035,1096,57,23,383,163,43,15,604,337,5,4,0.0,0.5555555555555556,2196
Rory McLeod,Zhang Yong,9,1239,1062,0.7516609934098428,0.6088545692109504,497,271,3730,1942,40,14,234,95,51,17,489,234,39,11,176,70,5,1,0.0,0.8333333333333334,2196
Kurt Maflin,Yan Bingtao,9,1337,1339,0.49692386016813683,0.49875000260416025,450,260,2994,1616,52,29,353,191,88,48,641,326,124,73,314,168,5,4,0.0,0.5555555555555556,2196
Jack Lisowski,Chen Zhe,9,1257,1186,0.6077883896186873,0.5442588584178731,322,189,2093,1127,167,82,1023,507,67,30,566,285,46,17,249,115,5,3,0.0,0.625,2196
Kritsanut Lertsattayathorn,Sam Baird,9,1155,1323,0.2593296623755984,0.3965167501352737,18,8,134,66,268,142,1825,943,61,27,134,66,89,44,568,292,5,1,0.0,0.8333333333333334,2196
Rod Lawler,Akani Songsermsawad,9,1307,1126,0.7564607688598808,0.6112334666758695,750,412,5763,3006,21,8,143,65,67,33,633,324,75,36,104,48,5,4,0.0,0.5555555555555556,2196
Mark King,Hamza Akbar,9,1397,982,0.9414445269047842,0.7383673414380187,831,463,6131,3213,9,0,59,15,109,61,806,431,30,6,59,15,5,4,0.0,0.5555555555555556,2196
Mark Joyce,James Wattana,9,1369,1144,0.8056549199917152,0.6370307944803831,387,205,2785,1420,764,422,6473,3413,82,42,593,306,71,31,334,137,5,3,0.0,0.625,2196
Jamie Jones,Jamie Barrett,9,1426,1080,0.9056659006528578,0.7037042379997707,421,255,2803,1529,41,17,234,112,81,44,718,392,29,9,87,38,5,3,0.0,0.625,2196
Andrew Higginson,Eden Sharav,9,1370,1169,0.7796532292456051,0.6230466603666162,634,380,4514,2483,92,49,536,265,89,48,652,350,52,20,395,191,5,4,0.0,0.5555555555555556,2196
Li Hang,Craig Steadman,9,1330,1252,0.6180984609900165,0.5485961085831343,187,94,1330,685,370,205,2454,1296,76,40,604,325,52,20,595,301,5,0,0.0,1.0,2196
Xiao Guodong,Andy Hicks,9,1436,1209,0.8077296924469662,0.6381861133090055,348,202,2312,1276,568,305,4665,2414,85,47,677,383,18,2,94,42,5,1,0.0,0.8333333333333334,2196
Adam Duffy,Thepchaiya Un-Nooh,9,1294,1371,0.3833692257939145,0.4520230623632036,275,141,1751,899,230,132,1654,881,50,20,534,281,39,15,721,396,5,2,0.0,0.7142857142857143,2196
Scott Donaldson,Alfie Burden,9,1282,1288,0.49077234947048,0.496250070310918,167,85,1084,531,602,326,4377,2260,94,48,541,257,68,30,499,249,5,1,0.0,0.8333333333333334,2196
Paul Davison,Zhou Yuelong,9,1224,1334,0.3359845376484875,0.4316800165217519,614,326,4325,2216,100,54,675,351,47,16,466,229,108,55,511,272,5,3,0.0,0.625,2196
Dominic Dale,Rhys Clark,9,1362,1197,0.7369488869894564,0.6016871801828567,819,473,5939,3172,82,40,486,232,127,69,938,515,84,38,309,143,5,3,0.0,0.625,2196
Thor Chuan Leong,Oliver Lines,9,1058,1279,0.1985373936572426,0.3652845846208415,37,9,235,87,140,77,852,444,37,9,235,87,85,39,525,264,5,4,0.0,0.5555555555555556,2196
Stuart Carrington,Michael Georgiou,9,1287,1259,0.542978651056463,0.5174928576663897,250,133,1586,831,149,68,907,439,68,33,533,263,72,34,442,217,5,3,0.0,0.625,2196
Nigel Bond,Jamie Cope,9,1179,1246,0.39813953546930514,0.4582226307163632,801,443,6388,3368,523,281,3542,1804,37,9,417,192,43,13,527,263,5,1,0.0,0.8333333333333334,2196
Zhang Anda,Robin Hull,9,1305,1365,0.40857228932346973,0.46257015465625045,243,119,1679,834,472,285,3635,2001,84,43,548,277,93,48,458,238,5,4,0.0,0.5555555555555556,2196
Gareth Allen,Ken Doherty,9,1166,1256,0.3644340928307144,0.44398610945538003,140,67,788,386,1062,650,8723,4801,45,14,343,167,49,19,600,299,5,3,0.0,0.625,2196
Mei Xiwen,Dominic Dale,9,1222,1362,0.2951418310376775,0.41338242108267,54,26,354,172,819,473,5939,3172,79,40,129,66,127,69,938,515,5,1,0.0,0.8333333333333334,2196
Matthew Stevens,Martin O'Donnell,9,1393,1209,0.760025787896806,0.6130141761393355,867,510,6759,3688,236,111,1424,706,90,51,673,348,28,10,391,203,5,3,0.0,0.625,2196
Jimmy Robertson,Xiao Guodong,9,1352,1436,0.37313355479241095,0.4476920904256748,384,207,2580,1334,348,202,2312,1276,71,39,747,402,85,47,677,383,5,0,0.0,1.0,2196
Ian Preece,Chris Wakelin,9,1178,1300,0.31936441195255827,0.42433564895745063,176,98,1302,673,116,61,763,387,37,14,37,14,97,48,551,278,5,2,0.0,0.7142857142857143,2196
Hammad Miah,Rory McLeod,9,1167,1239,0.39073366664049125,0.45512110762641994,88,34,558,241,497,271,3730,1942,57,23,383,163,51,17,489,234,5,4,0.0,0.5555555555555556,2196
Kurt Maflin,Rod Lawler,9,1337,1307,0.5460346743259274,0.5187412158785352,450,260,2994,1616,750,412,5763,3006,88,48,641,326,67,33,633,324,5,0,0.0,1.0,2196
Jack Lisowski,Zhao Xintong,9,1257,1355,0.3529487475112714,0.43905454967528373,322,189,2093,1127,80,44,518,287,67,30,566,285,69,34,343,188,5,4,0.0,0.5555555555555556,2196
Mark King,Robbie Williams,9,1397,1289,0.6612111753784531,0.5670929049654543,831,463,6131,3213,295,162,1862,956,109,61,806,431,67,30,586,291,5,3,0.0,0.625,2196
Jamie Jones,Fergal O'Brien,9,1426,1414,0.518450112354223,0.5074994375506203,421,255,2803,1529,800,460,6068,3215,81,44,718,392,95,52,745,405,5,0,0.0,1.0,2196
Andrew Higginson,Li Hang,9,1370,1330,0.5612681117807465,0.52497918747894,634,380,4514,2483,187,94,1330,685,89,48,652,350,76,40,604,325,5,2,0.0,0.7142857142857143,2196
Adam Duffy,Mark Joyce,9,1294,1369,0.38630986299123704,0.45326184801538616,275,141,1751,899,387,205,2785,1420,50,20,534,281,82,42,593,306,5,4,0.0,0.5555555555555556,2196
Scott Donaldson,Daniel Wells,9,1282,1279,0.5046141496682656,0.5018749912109869,167,85,1084,531,290,143,1945,967,94,48,541,257,95,48,520,260,5,3,0.0,0.625,2196
Paul Davison,Thor Chuan Leong,9,1224,1058,0.7381925501749662,0.6022861768886306,614,326,4325,2216,37,9,235,87,47,16,466,229,37,9,235,87,5,3,0.0,0.625,2196
Stuart Carrington,Gareth Allen,9,1287,1166,0.6792644393709043,0.5750535485557879,250,133,1586,831,140,67,788,386,68,33,533,263,45,14,343,167,5,2,0.0,0.7142857142857143,2196
Nigel Bond,Kritsanut Lertsattayathorn,9,1179,1155,0.5368587710437642,0.51499550161941,801,443,6388,3368,18,8,134,66,37,9,417,192,61,27,134,66,5,2,0.0,0.7142857142857143,2196
Zhang Anda,Dechawat Poomjaeng,9,1305,1228,0.6166307742060854,0.5479769376367963,243,119,1679,834,209,112,1498,759,84,43,548,277,43,15,649,332,5,1,0.0,0.8333333333333334,2196
Mei Xiwen,Graeme Dott,9,1222,1413,0.23177321518818045,0.38284263734702784,54,26,354,172,753,443,5823,3129,79,40,129,66,73,39,873,497,5,0,0.0,1.0,2196
Ben Woollaston,Jack Lisowski,9,1389,1257,0.6942019644408484,0.5817593768418363,474,274,3081,1650,322,189,2093,1127,97,50,793,417,67,30,566,285,5,4,0.0,0.5555555555555556,2196
Michael White,Jimmy Robertson,9,1372,1352,0.530729707309385,0.5124973964842103,364,210,2495,1337,384,207,2580,1334,93,49,895,488,71,39,747,402,5,4,0.0,0.5555555555555556,2196
Liang Wenbo,Zhang Anda,9,1483,1305,0.7528658846129856,0.6094497836283252,496,302,3431,1899,243,119,1679,834,193,112,1056,595,84,43,548,277,5,4,0.0,0.5555555555555556,2196
Matthew Selt,Hammad Miah,9,1379,1167,0.7918223659012522,0.6294831119673949,456,250,3168,1657,88,34,558,241,53,22,958,544,57,23,383,163,5,0,0.0,1.0,2196
Robert Milkins,Adam Duffy,9,1358,1294,0.5973981597131834,0.5399148845555657,733,446,5425,2962,275,141,1751,899,82,43,933,496,50,20,534,281,5,4,0.0,0.5555555555555556,2196
Anthony McGill,Paul Davison,9,1381,1224,0.7268865315426611,0.596884378259767,363,218,2354,1291,614,326,4325,2216,124,61,842,454,47,16,466,229,5,0,0.0,1.0,2196
Stephen Maguire,Andrew Higginson,9,1469,1370,0.6484773334831452,0.5615610703361955,802,530,5911,3357,634,380,4514,2483,107,62,1044,602,89,48,652,350,5,2,0.0,0.7142857142857143,2196
Kurt Maflin,Mark Davis,9,1337,1495,0.2718447863126251,0.40251423417298393,450,260,2994,1616,952,575,6851,3743,88,48,641,326,106,60,1120,629,5,4,0.0,0.5555555555555556,2196
Jamie Jones,Alan McManus,9,1426,1361,0.5988871099602557,0.5405358392737893,421,255,2803,1529,861,514,7203,3821,81,44,718,392,63,26,781,430,5,4,0.0,0.5555555555555556,2196
Michael Holt,Mark King,9,1409,1397,0.518450112354223,0.5074994375506203,693,407,5081,2707,831,463,6131,3213,126,66,896,476,109,61,806,431,5,2,0.0,0.7142857142857143,2196
Martin Gould,Matthew Stevens,9,1464,1393,0.6077883896186873,0.5442588584178731,548,332,3708,2032,867,510,6759,3688,71,35,761,440,90,51,673,348,5,0,0.0,1.0,2196
David Gilbert,Ian Preece,9,1443,1178,0.8444228547259001,0.6598217549720575,459,260,3387,1806,176,98,1302,673,100,56,790,428,37,14,37,14,5,2,0.0,0.7142857142857143,2196
Scott Donaldson,Peter Ebdon,9,1282,1375,0.3601113940716554,0.4421354272792655,167,85,1084,531,997,572,7871,4229,94,48,541,257,60,28,853,466,5,4,0.0,0.5555555555555556,2196
Ryan Day,Nigel Bond,9,1428,1179,0.8296059536556128,0.6507869207968349,773,467,5409,2982,801,443,6388,3368,93,52,1148,640,37,9,417,192,5,1,0.0,0.8333333333333334,2196
Stuart Carrington,Luca Brecel,9,1287,1435,0.28466862205354465,0.40854102156721994,250,133,1586,831,227,121,1544,811,68,33,533,263,104,60,684,378,5,4,0.0,0.5555555555555556,2196
Liang Wenbo,Hu Hao,9,1483,1098,0.9275515881200725,0.7236220674654401,496,302,3431,1899,23,12,130,68,193,112,1056,595,0,0,45,22,5,3,0.0,0.625,2196
Yuan Sijun,Martin Gould,9,1013,1464,0.04485949019118217,0.24462276208625014,23,4,150,50,548,332,3708,2032,18,9,110,39,71,35,761,440,5,0,0.0,1.0,2196
Anthony McGill,Chen Zifan,9,1381,1093,0.864117564265544,0.6726070170677604,363,218,2354,1291,31,15,186,88,124,61,842,454,20,11,136,61,5,0,0.0,1.0,2196
Stephen Maguire,Yi Chen Xu,9,1469,1000,0.9609065781312953,0.763596605159627,802,530,5911,3357,0,0,0,0,107,62,1044,602,0,0,0,0,5,0,0.0,1.0,2196
Kurt Maflin,Guan Zhen,9,1337,1096,0.8218521323213228,0.6462280583309002,450,260,2994,1616,27,16,143,78,88,48,641,326,0,0,57,28,5,1,0.0,0.8333333333333334,2196
Michael Holt,Xu Si,9,1409,1040,0.9191219895419346,0.7155512239631054,693,407,5081,2707,14,6,92,38,126,66,896,476,32,16,88,38,5,1,0.0,0.8333333333333334,2196
Ryan Day,Ma Chunmao,9,1428,1099,0.8946514497814813,0.6947667628737805,773,467,5409,2982,21,11,110,62,93,52,1148,640,0,0,58,33,5,1,0.0,0.8333333333333334,2196
Stuart Carrington,Niu Zhuang,9,1287,1055,0.8128540809406867,0.6410674063348171,250,133,1586,831,25,10,139,58,68,33,533,263,0,0,86,36,5,1,0.0,0.8333333333333334,2196
Mei Xiwen,Mark Williams,9,1222,1504,0.14083903458899452,0.33070459722255396,54,26,354,172,1206,793,9292,5324,79,40,129,66,152,89,1142,673,5,3,0.0,0.625,2196
Michael White,Ricky Walden,9,1372,1469,0.35437700298719044,0.4396703573114467,364,210,2495,1337,686,425,4921,2749,93,49,895,488,167,98,1036,603,5,4,0.0,0.5555555555555556,2196
Judd Trump,Ben Woollaston,9,1622,1389,0.8138682185826697,0.6416424532015634,743,499,5048,2962,474,274,3081,1650,240,148,1604,985,97,50,793,417,5,0,0.0,1.0,2196
Mark Selby,Yuan Sijun,9,1685,1013,0.9930950164126531,0.8429045311145473,904,620,6588,3841,23,4,150,50,212,144,1274,788,18,9,110,39,5,1,0.0,0.8333333333333334,2196
Ronnie O'Sullivan,Liang Wenbo,9,1665,1483,0.7576524381780382,0.6118273690017371,1103,838,9702,5912,496,302,3431,1899,259,166,859,559,193,112,1056,595,5,4,0.0,0.5555555555555556,2196
Stephen Maguire,Shaun Murphy,9,1469,1558,0.36587906232994205,0.44460335167941084,802,530,5911,3357,895,587,6622,3782,107,62,1044,602,182,104,1448,870,5,0,0.0,1.0,2196
Ding Junhui,Scott Donaldson,9,1503,1282,0.8014626063427572,0.6347154153791584,621,414,4626,2638,167,85,1084,531,152,84,880,515,94,48,541,257,5,4,0.0,0.5555555555555556,2196
Michael Holt,Kyren Wilson,9,1409,1435,0.4600800462945756,0.48375571893792757,693,407,5081,2707,301,183,1920,1058,126,66,896,476,91,53,673,374,5,2,0.0,0.7142857142857143,2196
John Higgins,Matthew Selt,9,1600,1379,0.8014626063427572,0.6347154153791584,1276,905,10281,6082,456,250,3168,1657,299,189,1358,809,53,22,958,544,5,3,0.0,0.625,2196
Barry Hawkins,Robert Milkins,9,1513,1358,0.7243399491478313,0.5956807306078472,795,492,5694,3164,733,446,5425,2962,159,100,1059,596,82,43,933,496,5,0,0.0,1.0,2196
David Gilbert,Marco Fu,9,1443,1487,0.432663772804632,0.47252769565540637,459,260,3387,1806,776,463,5751,3136,100,56,790,428,184,116,1167,660,5,4,0.0,0.5555555555555556,2196
Ryan Day,Neil Robertson,9,1428,1525,0.35437700298719044,0.4396703573114467,773,467,5409,2982,776,506,5724,3259,93,52,1148,640,135,76,1208,715,5,2,0.0,0.7142857142857143,2196
Ali Carter,Kurt Maflin,9,1462,1337,0.6847334230529902,0.5774953651858118,793,475,5627,3092,450,260,2994,1616,140,74,696,378,88,48,641,326,5,1,0.0,0.8333333333333334,2196
Stuart Carrington,Joe Perry,9,1287,1476,0.23409948444239598,0.3840246980818742,250,133,1586,831,912,540,6605,3570,68,33,533,263,134,72,1126,648,5,4,0.0,0.5555555555555556,2196
Stuart Bingham,Jamie Jones,9,1555,1426,0.690160189469792,0.5799334001885058,937,591,6862,3899,421,255,2803,1529,194,115,1366,801,81,44,718,392,5,0,0.0,1.0,2196
Mark Allen,Anthony McGill,9,1503,1381,0.6806355880474421,0.5756643510425494,628,404,4291,2409,363,218,2354,1291,198,110,987,564,124,61,842,454,5,0,0.0,1.0,2196
Michael White,Judd Trump,9,1372,1622,0.1694410136483224,0.34864513533394575,364,210,2495,1337,743,499,5048,2962,93,49,895,488,240,148,1604,985,5,3,0.0,0.625,2196
Mark Selby,Stuart Carrington,9,1685,1287,0.9338679078481679,0.7300743839811188,904,620,6588,3841,250,133,1586,831,212,144,1274,788,68,33,533,263,5,3,0.0,0.625,2196
Stephen Maguire,Barry Hawkins,9,1469,1513,0.432663772804632,0.47252769565540637,802,530,5911,3357,795,492,5694,3164,107,62,1044,602,159,100,1059,596,5,3,0.0,0.625,2196
Ding Junhui,Mark Allen,9,1503,1503,0.5,0.5,621,414,4626,2638,628,404,4291,2409,152,84,880,515,198,110,987,564,5,2,0.0,0.7142857142857143,2196
Michael Holt,Ronnie O'Sullivan,9,1409,1665,0.1637983935045279,0.3452465393936808,693,407,5081,2707,1103,838,9702,5912,126,66,896,476,259,166,859,559,5,2,0.0,0.7142857142857143,2196
Ryan Day,Mei Xiwen,9,1428,1222,0.7852370226068368,0.6259778577666038,773,467,5409,2982,54,26,354,172,93,52,1148,640,79,40,129,66,5,2,0.0,0.7142857142857143,2196
Ali Carter,John Higgins,9,1462,1600,0.2977890040465855,0.4145954308705349,793,475,5627,3092,1276,905,10281,6082,140,74,696,378,299,189,1358,809,5,2,0.0,0.7142857142857143,2196
Stuart Bingham,David Gilbert,9,1555,1443,0.66681018628421,0.569546223939229,937,591,6862,3899,459,260,3387,1806,194,115,1366,801,100,56,790,428,5,2,0.0,0.7142857142857143,2196
Mark Selby,Ryan Day,9,1685,1428,0.837129451391999,0.655318370173895,904,620,6588,3841,773,467,5409,2982,212,144,1274,788,93,52,1148,640,5,3,0.0,0.625,2196
Stephen Maguire,Michael White,9,1469,1372,0.6456229970128096,0.5603296426885532,802,530,5911,3357,364,210,2495,1337,107,62,1044,602,93,49,895,488,5,1,0.0,0.8333333333333334,2196
Ding Junhui,Michael Holt,9,1503,1409,0.6413253712613813,0.5584811124381613,621,414,4626,2638,693,407,5081,2707,152,84,880,515,126,66,896,476,5,3,0.0,0.625,2196
Stuart Bingham,Ali Carter,9,1555,1462,0.6398886059283445,0.5578645727207344,937,591,6862,3899,793,475,5627,3092,194,115,1366,801,140,74,696,378,5,1,0.0,0.8333333333333334,2196
Mark Selby,Stuart Bingham,11,1685,1555,0.7088895687139617,0.5805423048206596,904,620,6588,3841,937,591,6862,3899,212,144,1274,788,194,115,1366,801,6,5,0.0,0.5454545454545454,2196
Ding Junhui,Stephen Maguire,11,1503,1469,0.5573173182423484,0.5212372149662741,621,414,4626,2638,802,530,5911,3357,152,84,880,515,107,62,1044,602,6,3,0.0,0.6666666666666666,2196
Ding Junhui,Mark Selby,19,1503,1685,0.15852255640442833,0.3881726309982629,621,414,4626,2638,904,620,6588,3841,152,84,880,515,212,144,1274,788,10,6,0.0,0.625,2196
Thepchaiya Un-Nooh,Rod Lawler,9,1357,1284,0.6107426198208319,0.5454987872127821,231,132,1661,883,752,413,5777,3011,46,17,728,398,81,38,647,329,5,4,0.0,0.5555555555555556,2211
Thepchaiya Un-Nooh,Lukas Kleckers,9,1357,1042,0.8848687737794817,0.6872942801972042,231,132,1661,883,27,12,152,71,46,17,728,398,0,0,122,57,5,3,0.0,0.625,2211
Thepchaiya Un-Nooh,Mohammed Shehab,9,1357,1179,0.7528658846129856,0.6094497836283252,231,132,1661,883,61,27,437,213,46,17,728,398,0,0,0,0,5,2,0.0,0.7142857142857143,2211
Mohammed Shehab,Rod Lawler,9,1179,1284,0.34301287924355417,0.43474925243290014,61,27,437,213,752,413,5777,3011,0,0,0,0,81,38,647,329,5,4,0.0,0.5555555555555556,2211
Rod Lawler,Ishpreet Chadha,9,1284,1000,0.8608272920014749,0.6704011598088686,752,413,5777,3011,0,0,0,0,81,38,647,329,0,0,0,0,5,2,0.0,0.7142857142857143,2211
Lukas Kleckers,Mohammed Shehab,9,1042,1179,0.29911684565394725,0.415202325282263,27,12,152,71,61,27,437,213,0,0,122,57,0,0,0,0,5,2,0.0,0.7142857142857143,2211
Lukas Kleckers,Rod Lawler,9,1042,1284,0.1771660475755013,0.35320060744201437,27,12,152,71,752,413,5777,3011,0,0,122,57,81,38,647,329,5,1,0.0,0.8333333333333334,2211
Mark Davis,Thepchaiya Un-Nooh,9,1485,1357,0.6888075102228256,0.5793242521487495,953,575,6860,3747,231,132,1661,883,115,64,1129,633,46,17,728,398,5,0,0.0,1.0,2211
Mark Davis,Lukas Kleckers,9,1485,1042,0.952355939937069,0.7516627404402959,953,575,6860,3747,27,12,152,71,115,64,1129,633,0,0,122,57,5,2,0.0,0.7142857142857143,2211
Mark Davis,Mohammed Shehab,9,1485,1179,0.8782310515028146,0.6824383021930648,953,575,6860,3747,61,27,437,213,115,64,1129,633,0,0,0,0,5,4,0.0,0.5555555555555556,2211
Mark Davis,Rod Lawler,9,1485,1284,0.7796532292456051,0.6230466603666162,953,575,6860,3747,752,413,5777,3011,115,64,1129,633,81,38,647,329,5,1,0.0,0.8333333333333334,2211
Mark Davis,Ishpreet Chadha,9,1485,1000,0.9654889677639088,0.77074099629946,953,575,6860,3747,0,0,0,0,115,64,1129,633,0,0,0,0,5,0,0.0,1.0,2211
Ishpreet Chadha,Thepchaiya Un-Nooh,9,1000,1357,0.08769618645828059,0.29059418474465654,0,0,0,0,231,132,1661,883,0,0,0,0,46,17,728,398,5,1,0.0,0.8333333333333334,2211
Ishpreet Chadha,Lukas Kleckers,9,1000,1042,0.4356958412515649,0.4737740906279313,0,0,0,0,27,12,152,71,0,0,0,0,0,0,122,57,5,2,0.0,0.7142857142857143,2211
Ishpreet Chadha,Mohammed Shehab,9,1000,1179,0.2459325165495979,0.38995532759547297,0,0,0,0,61,27,437,213,0,0,0,0,0,0,0,0,5,3,0.0,0.625,2211
Liang Wenbo,Martin Gould,9,1479,1451,0.542978651056463,0.5174928576663897,499,304,3457,1913,550,333,3718,2037,219,126,1082,609,81,40,771,445,5,2,0.0,0.7142857142857143,2211
Liang Wenbo,Basem Eltahhan,9,1479,1000,0.9638277543573075,0.7680797488721223,499,304,3457,1913,0,0,0,0,219,126,1082,609,0,0,0,0,5,0,0.0,1.0,2211
Liang Wenbo,Michael Holt,9,1479,1451,0.542978651056463,0.5174928576663897,499,304,3457,1913,698,411,5116,2730,219,126,1082,609,161,89,931,499,5,3,0.0,0.625,2211
Liang Wenbo,Chau Hon Man,9,1479,976,0.9700840213181342,0.7785954465118283,499,304,3457,1913,2,0,10,2,219,126,1082,609,0,0,4,0,5,0,0.0,1.0,2211
Akani Songsermsawad,Liang Wenbo,9,1136,1479,0.09621035958730662,0.29786193180016485,23,9,161,74,499,304,3457,1913,93,45,122,57,219,126,1082,609,5,3,0.0,0.625,2211
Akani Songsermsawad,Martin Gould,9,1136,1451,0.11513122622051847,0.31270571980279593,23,9,161,74,550,333,3718,2037,93,45,122,57,81,40,771,445,5,0,0.0,1.0,2211
Akani Songsermsawad,Michael Holt,9,1136,1451,0.11513122622051847,0.31270571980279593,23,9,161,74,698,411,5116,2730,93,45,122,57,161,89,931,499,5,4,0.0,0.5555555555555556,2211
Chau Hon Man,Akani Songsermsawad,9,976,1136,0.2693166980538008,0.401312339887548,2,0,10,2,23,9,161,74,0,0,4,0,93,45,122,57,5,4,0.0,0.5555555555555556,2211
Michael Holt,Chau Hon Man,9,1451,976,0.9626825400346308,0.7662936430859597,698,411,5116,2730,2,0,10,2,161,89,931,499,0,0,4,0,5,2,0.0,0.7142857142857143,2211
Michael Holt,Basem Eltahhan,9,1451,1000,0.9551405098088179,0.7553772379137498,698,411,5116,2730,0,0,0,0,161,89,931,499,0,0,0,0,5,2,0.0,0.7142857142857143,2211
Martin Gould,Michael Holt,9,1451,1451,0.5,0.5,550,333,3718,2037,698,411,5116,2730,81,40,771,445,161,89,931,499,5,4,0.0,0.5555555555555556,2211
Martin Gould,Chau Hon Man,9,1451,976,0.9626825400346308,0.7662936430859597,550,333,3718,2037,2,0,10,2,81,40,771,445,0,0,4,0,5,1,0.0,0.8333333333333334,2211
Martin Gould,Basem Eltahhan,9,1451,1000,0.9551405098088179,0.7553772379137498,550,333,3718,2037,0,0,0,0,81,40,771,445,0,0,0,0,5,0,0.0,1.0,2211
Basem Eltahhan,Akani Songsermsawad,9,1000,1136,0.3004475051899173,0.4158094770645927,0,0,0,0,23,9,161,74,0,0,0,0,93,45,122,57,5,4,0.0,0.5555555555555556,2211
Basem Eltahhan,Chau Hon Man,9,1000,976,0.5368587710437642,0.51499550161941,0,0,0,0,2,0,10,2,0,0,0,0,0,0,4,0,5,4,0.0,0.5555555555555556,2211
Phaitoon Phonbun,Ryan Thomerson,9,1207,995,0.7918223659012522,0.6294831119673949,114,53,925,453,8,3,44,20,0,0,41,19,0,0,0,0,5,1,0.0,0.8333333333333334,2211
Phaitoon Phonbun,Dominic Dale,9,1207,1344,0.29911684565394725,0.415202325282263,114,53,925,453,821,474,5953,3178,0,0,41,19,141,75,952,521,5,3,0.0,0.625,2211
Robert Milkins,Ding Junhui,9,1344,1559,0.20493240218576003,0.36876933738359946,735,447,5439,2967,626,419,4675,2669,96,48,947,501,201,115,929,546,5,3,0.0,0.625,2211
Robert Milkins,Phaitoon Phonbun,9,1344,1207,0.7008831543460528,0.584797674717737,735,447,5439,2967,114,53,925,453,96,48,947,501,0,0,41,19,5,1,0.0,0.8333333333333334,2211
Robert Milkins,Ryan Thomerson,9,1344,995,0.9075137139216076,0.7052656295907794,735,447,5439,2967,8,3,44,20,96,48,947,501,0,0,0,0,5,4,0.0,0.5555555555555556,2211
Ding Junhui,Ryan Thomerson,9,1559,995,0.9819299519499705,0.8037659436342208,626,419,4675,2669,8,3,44,20,201,115,929,546,0,0,0,0,5,1,0.0,0.8333333333333334,2211
Ding Junhui,Phaitoon Phonbun,9,1559,1207,0.9093332984262057,0.7068222210935676,626,419,4675,2669,114,53,925,453,201,115,929,546,0,0,41,19,5,1,0.0,0.8333333333333334,2211
Dominic Dale,Ding Junhui,9,1344,1559,0.20493240218576003,0.36876933738359946,821,474,5953,3178,626,419,4675,2669,141,75,952,521,201,115,929,546,5,0,0.0,1.0,2211
Dominic Dale,Ryan Thomerson,9,1344,995,0.9075137139216076,0.7052656295907794,821,474,5953,3178,8,3,44,20,141,75,952,521,0,0,0,0,5,4,0.0,0.5555555555555556,2211
Dominic Dale,Robert Milkins,9,1344,1344,0.5,0.5,821,474,5953,3178,735,447,5439,2967,141,75,952,521,96,48,947,501,5,3,0.0,0.625,2211
Pankaj Advani,Dominic Dale,9,1336,1344,0.48769736295316923,0.4950001666600003,97,54,685,363,821,474,5953,3178,0,0,139,70,141,75,952,521,5,0,0.0,1.0,2211
Pankaj Advani,Robert Milkins,9,1336,1344,0.48769736295316923,0.4950001666600003,97,54,685,363,735,447,5439,2967,0,0,139,70,96,48,947,501,5,4,0.0,0.5555555555555556,2211
Pankaj Advani,Phaitoon Phonbun,9,1336,1207,0.690160189469792,0.5799334001885058,97,54,685,363,114,53,925,453,0,0,139,70,0,0,41,19,5,0,0.0,1.0,2211
Pankaj Advani,Ryan Thomerson,9,1336,995,0.9025228904452295,0.7010913114266953,97,54,685,363,8,3,44,20,0,0,139,70,0,0,0,0,5,1,0.0,0.8333333333333334,2211
Pankaj Advani,Ding Junhui,9,1336,1559,0.19643411657674517,0.3641261085729462,97,54,685,363,626,419,4675,2669,0,0,139,70,201,115,929,546,5,4,0.0,0.5555555555555556,2211
Ben Woollaston,Andrew Pagett,9,1374,1147,0.8077296924469662,0.6381861133090055,476,275,3095,1655,242,109,1605,771,111,55,807,422,0,0,261,104,5,2,0.0,0.7142857142857143,2211
Ben Woollaston,Ahmed Galal,9,1374,922,0.9554787287279248,0.7558388990947971,476,275,3095,1655,15,1,94,20,111,55,807,422,0,0,63,13,5,0,0.0,1.0,2211
Ricky Walden,Ben Woollaston,9,1461,1374,0.6312250106267252,0.5541616527636486,687,425,4930,2753,476,275,3095,1655,176,102,1045,607,111,55,807,422,5,1,0.0,0.8333333333333334,2211
Ricky Walden,Ahmed Galal,9,1461,922,0.977701832984694,0.7937206082453278,687,425,4930,2753,15,1,94,20,176,102,1045,607,0,0,63,13,5,1,0.0,0.8333333333333334,2211
Ricky Walden,Kritsanut Lertsattayathorn,9,1461,1177,0.8608272920014749,0.6704011598088686,687,425,4930,2753,21,10,156,78,176,102,1045,607,83,39,156,78,5,1,0.0,0.8333333333333334,2211
Andrew Pagett,Ricky Walden,9,1147,1461,0.11585514445494102,0.31324327335609825,242,109,1605,771,687,425,4930,2753,0,0,261,104,176,102,1045,607,5,1,0.0,0.8333333333333334,2211
Kritsanut Lertsattayathorn,Andrew Pagett,9,1177,1147,0.5460346743259274,0.5187412158785352,21,10,156,78,242,109,1605,771,83,39,156,78,0,0,261,104,5,2,0.0,0.7142857142857143,2211
Kritsanut Lertsattayathorn,David Gilbert,9,1177,1445,0.15290131676053062,0.33849684079704756,21,10,156,78,462,262,3410,1818,83,39,156,78,123,68,813,440,5,3,0.0,0.625,2211
Kritsanut Lertsattayathorn,Ben Woollaston,9,1177,1374,0.2248761531753568,0.37930480863564453,21,10,156,78,476,275,3095,1655,83,39,156,78,111,55,807,422,5,1,0.0,0.8333333333333334,2211
David Gilbert,Ricky Walden,9,1445,1461,0.4754070207556724,0.4900013331200346,462,262,3410,1818,687,425,4930,2753,123,68,813,440,176,102,1045,607,5,1,0.0,0.8333333333333334,2211
David Gilbert,Ahmed Galal,9,1445,922,0.9745571004807211,0.787094514720409,462,262,3410,1818,15,1,94,20,123,68,813,440,0,0,63,13,5,4,0.0,0.5555555555555556,2211
David Gilbert,Andrew Pagett,9,1445,1147,0.8720975009961879,0.6780882495516275,462,262,3410,1818,242,109,1605,771,123,68,813,440,0,0,261,104,5,0,0.0,1.0,2211
David Gilbert,Ben Woollaston,9,1445,1374,0.6077883896186873,0.5442588584178731,462,262,3410,1818,476,275,3095,1655,123,68,813,440,111,55,807,422,5,2,0.0,0.7142857142857143,2211
Ahmed Galal,Kritsanut Lertsattayathorn,9,922,1177,0.16472983502908645,0.3458118862387571,15,1,94,20,21,10,156,78,0,0,63,13,83,39,156,78,5,4,0.0,0.5555555555555556,2211
Ahmed Galal,Andrew Pagett,9,922,1147,0.19434508000828477,0.3629692055196168,15,1,94,20,242,109,1605,771,0,0,63,13,0,0,261,104,5,3,0.0,0.625,2211
James Wattana,Darren Morgan,9,1160,1269,0.3373854944584286,0.43229345192664,766,423,6487,3421,515,293,4488,2317,85,39,348,145,0,0,4,2,5,3,0.0,0.625,2211
James Wattana,Wayne Brown,9,1160,1112,0.5733876953909138,0.5299640517645717,766,423,6487,3421,276,155,2151,1116,85,39,348,145,0,0,0,0,5,2,0.0,0.7142857142857143,2211
James Wattana,Babar Masih,9,1160,1000,0.7306833019461992,0.598687660112452,766,423,6487,3421,0,0,0,0,85,39,348,145,0,0,0,0,5,1,0.0,0.8333333333333334,2211
Darren Morgan,Babar Masih,9,1269,1000,0.8479834642725523,0.6620627248063988,515,293,4488,2317,0,0,0,0,0,0,4,2,0,0,0,0,5,4,0.0,0.5555555555555556,2211
Babar Masih,Wayne Brown,9,1000,1112,0.33318981371579004,0.43045377606077095,0,0,0,0,276,155,2151,1116,0,0,0,0,0,0,0,0,5,4,0.0,0.5555555555555556,2211
Ryan Day,Babar Masih,9,1466,1000,0.9599918691851356,0.7622400534271092,778,471,5443,3005,0,0,0,0,127,75,1182,663,0,0,0,0,5,3,0.0,0.625,2211
Ryan Day,Wayne Brown,9,1466,1112,0.9105307816302011,0.7078572714244814,778,471,5443,3005,276,155,2151,1116,127,75,1182,663,0,0,0,0,5,1,0.0,0.8333333333333334,2211
Ryan Day,James Wattana,9,1466,1160,0.8782310515028146,0.6824383021930648,778,471,5443,3005,766,423,6487,3421,127,75,1182,663,85,39,348,145,5,4,0.0,0.5555555555555556,2211
Ryan Day,Darren Morgan,9,1466,1269,0.7751238468246431,0.6206951913643555,778,471,5443,3005,515,293,4488,2317,127,75,1182,663,0,0,4,2,5,1,0.0,0.8333333333333334,2211
Wayne Brown,Darren Morgan,9,1112,1269,0.27311346845733875,0.40311562174023297,276,155,2151,1116,515,293,4488,2317,0,0,0,0,0,0,4,2,5,4,0.0,0.5555555555555556,2211
Stuart Bingham,Wayne Brown,9,1594,1112,0.96466675230242,0.7694130612287485,941,594,6891,3919,276,155,2151,1116,223,135,1395,821,0,0,0,0,5,2,0.0,0.7142857142857143,2211
Stuart Bingham,Ryan Day,9,1594,1466,0.6888075102228256,0.5793242521487495,941,594,6891,3919,778,471,5443,3005,223,135,1395,821,127,75,1182,663,5,0,0.0,1.0,2211
Stuart Bingham,James Wattana,9,1594,1160,0.9490512415420613,0.7474390202201999,941,594,6891,3919,766,423,6487,3421,223,135,1395,821,85,39,348,145,5,1,0.0,0.8333333333333334,2211
Stuart Bingham,Darren Morgan,9,1594,1269,0.8919230025206442,0.6926419831347361,941,594,6891,3919,515,293,4488,2317,223,135,1395,821,0,0,4,2,5,2,0.0,0.7142857142857143,2211
Stuart Bingham,Babar Masih,9,1594,1000,0.9860489382871194,0.8153266136030829,941,594,6891,3919,0,0,0,0,223,135,1395,821,0,0,0,0,5,1,0.0,0.8333333333333334,2211
Michael White,Hesham Shawky,9,1390,1000,0.9300361409724274,0.7261149812607791,368,213,2527,1353,0,0,0,0,125,65,927,504,0,0,0,0,5,0,0.0,1.0,2211
Michael White,Ivan Kakovskii,9,1390,1000,0.9300361409724274,0.7261149812607791,368,213,2527,1353,0,0,0,0,125,65,927,504,0,0,0,0,5,0,0.0,1.0,2211
Michael White,Sourav Kothari,9,1390,986,0.9366283818121344,0.7330201492388575,368,213,2527,1353,2,0,10,2,125,65,927,504,0,0,0,0,5,3,0.0,0.625,2211
Noppon Saengkham,Michael White,9,1187,1390,0.21810282748285217,0.3757797665027358,140,58,987,446,368,213,2527,1353,66,27,576,267,125,65,927,504,5,3,0.0,0.625,2211
Noppon Saengkham,Hesham Shawky,9,1187,1000,0.763560717707773,0.6147918694922195,140,58,987,446,0,0,0,0,66,27,576,267,0,0,0,0,5,3,0.0,0.625,2211
Noppon Saengkham,Sourav Kothari,9,1187,986,0.7796532292456051,0.6230466603666162,140,58,987,446,2,0,10,2,66,27,576,267,0,0,0,0,5,0,0.0,1.0,2211
Noppon Saengkham,Ivan Kakovskii,9,1187,1000,0.763560717707773,0.6147918694922195,140,58,987,446,0,0,0,0,66,27,576,267,0,0,0,0,5,3,0.0,0.625,2211
Joe Perry,Sourav Kothari,9,1465,986,0.9638277543573075,0.7680797488721223,913,540,6614,3574,2,0,10,2,143,76,1135,652,0,0,0,0,5,1,0.0,0.8333333333333334,2211
Joe Perry,Noppon Saengkham,9,1465,1187,0.855785791096651,0.6670782770956253,913,540,6614,3574,140,58,987,446,143,76,1135,652,66,27,576,267,5,1,0.0,0.8333333333333334,2211
Joe Perry,Michael White,9,1465,1390,0.613690137008763,0.5467381519846138,913,540,6614,3574,368,213,2527,1353,143,76,1135,652,125,65,927,504,5,4,0.0,0.5555555555555556,2211
Joe Perry,Ivan Kakovskii,9,1465,1000,0.9596829417818002,0.7617866810463009,913,540,6614,3574,0,0,0,0,143,76,1135,652,0,0,0,0,5,1,0.0,0.8333333333333334,2211
Joe Perry,Hesham Shawky,9,1465,1000,0.9596829417818002,0.7617866810463009,913,540,6614,3574,0,0,0,0,143,76,1135,652,0,0,0,0,5,4,0.0,0.5555555555555556,2211
Sourav Kothari,Hesham Shawky,9,986,1000,0.4784777823974459,0.4912508931197597,2,0,10,2,0,0,0,0,0,0,0,0,0,0,0,0,5,0,0.0,1.0,2211
Ivan Kakovskii,Hesham Shawky,9,1000,1000,0.5,0.5,0,0,0,0,0,0,0,0,0,0,0,0,0,0,0,0,5,4,0.0,0.5555555555555556,2211
Ivan Kakovskii,Sourav Kothari,9,1000,986,0.5215222176025543,0.5087491068802403,0,0,0,0,2,0,10,2,0,0,0,0,0,0,0,0,5,4,0.0,0.5555555555555556,2211
Mark Williams,Kwan Poomjang,9,1488,1211,0.8549331199994852,0.6665228332551123,1207,793,9300,5327,75,38,625,325,160,92,1150,676,0,0,0,0,5,3,0.0,0.625,2211
Mark Williams,Mateusz Baranowski,9,1488,1057,0.9479079941487858,0.7460205900722962,1207,793,9300,5327,19,11,97,52,160,92,1150,676,0,0,92,51,5,1,0.0,0.8333333333333334,2211
Mark Williams,Daniell Harry Haenga,9,1488,1000,0.9662946561954487,0.7720635494267837,1207,793,9300,5327,0,0,0,0,160,92,1150,676,0,0,0,0,5,3,0.0,0.625,2211
Yuan Sijun,Daniell Harry Haenga,9,1044,1000,0.5673362271953684,0.5274723043445937,25,5,161,56,0,0,0,0,29,15,121,45,0,0,0,0,5,2,0.0,0.7142857142857143,2211
Yuan Sijun,Kwan Poomjang,9,1044,1211,0.26056696281087244,0.39711513267253384,25,5,161,56,75,38,625,325,29,15,121,45,0,0,0,0,5,3,0.0,0.625,2211
Yuan Sijun,Mateusz Baranowski,9,1044,1057,0.48001367903024084,0.4918757150937391,25,5,161,56,19,11,97,52,29,15,121,45,0,0,92,51,5,4,0.0,0.5555555555555556,2211
Yuan Sijun,Mark Williams,9,1044,1488,0.04728823316755007,0.2478708885604298,25,5,161,56,1207,793,9300,5327,29,15,121,45,160,92,1150,676,5,3,0.0,0.625,2211
Kwan Poomjang,Daniell Harry Haenga,9,1211,1000,0.790733578545378,0.6288998381516232,75,38,625,325,0,0,0,0,0,0,0,0,0,0,0,0,5,0,0.0,1.0,2211
Kwan Poomjang,Stephen Maguire,9,1211,1518,0.12101776316144405,0.317020154419897,75,38,625,325,808,535,5951,3385,0,0,0,0,147,90,1084,630,5,4,0.0,0.5555555555555556,2211
Kwan Poomjang,Mateusz Baranowski,9,1211,1057,0.7230620724576832,0.595078473866134,75,38,625,325,19,11,97,52,0,0,0,0,0,0,92,51,5,1,0.0,0.8333333333333334,2211
Stephen Maguire,Mateusz Baranowski,9,1518,1057,0.9584268498833608,0.7599672558590728,808,535,5951,3385,19,11,97,52,147,90,1084,630,0,0,92,51,5,0,0.0,1.0,2211
Stephen Maguire,Mark Williams,9,1518,1488,0.5460346743259274,0.5187412158785352,808,535,5951,3385,1207,793,9300,5327,147,90,1084,630,160,92,1150,676,5,3,0.0,0.625,2211
Stephen Maguire,Yuan Sijun,9,1518,1044,0.9623914315165903,0.7658456258197971,808,535,5951,3385,25,5,161,56,147,90,1084,630,29,15,121,45,5,2,0.0,0.7142857142857143,2211
Stephen Maguire,Daniell Harry Haenga,9,1518,1000,0.9734975635097995,0.7849922886281077,808,535,5951,3385,0,0,0,0,147,90,1084,630,0,0,0,0,5,3,0.0,0.625,2211
Mateusz Baranowski,Daniell Harry Haenga,9,1057,1000,0.5869351044529159,0.5355648379838539,19,11,97,52,0,0,0,0,0,0,92,51,0,0,0,0,5,1,0.0,0.8333333333333334,2211
Matthew Selt,Boonyarit Keattikun,9,1394,1093,0.8744235083193087,0.6797231924722057,458,251,3181,1665,21,6,160,68,66,30,971,552,47,14,160,68,5,3,0.0,0.625,2211
Matthew Selt,Keen Hoo Moh,9,1394,978,0.9418670091629869,0.7388500060842489,458,251,3181,1665,4,0,33,9,66,30,971,552,0,0,0,0,5,0,0.0,1.0,2211
Matthew Selt,Peter McCullagh,9,1394,1082,0.8826868496118285,0.6856801139382539,458,251,3181,1665,176,80,1274,625,66,30,971,552,0,0,0,0,5,2,0.0,0.7142857142857143,2211
Mark Selby,Matthew Selt,9,1651,1394,0.837129451391999,0.655318370173895,909,624,6637,3868,458,251,3181,1665,261,171,1323,815,66,30,971,552,5,3,0.0,0.625,2211
Mark Selby,Boonyarit Keattikun,9,1651,1093,0.9809862007025052,0.8013892651145572,909,624,6637,3868,21,6,160,68,261,171,1323,815,47,14,160,68,5,2,0.0,0.7142857142857143,2211
Mark Selby,Peter McCullagh,9,1651,1082,0.9826842338466841,0.8057300383900262,909,624,6637,3868,176,80,1274,625,261,171,1323,815,0,0,0,0,5,1,0.0,0.8333333333333334,2211
Mark Selby,Keen Hoo Moh,9,1651,978,0.9931588618707633,0.8432352886030269,909,624,6637,3868,4,0,33,9,261,171,1323,815,0,0,0,0,5,3,0.0,0.625,2211
Peter McCullagh,Keen Hoo Moh,9,1082,978,0.6555744737095885,0.5646362918030292,176,80,1274,625,4,0,33,9,0,0,0,0,0,0,0,0,5,0,0.0,1.0,2211
Boonyarit Keattikun,Keen Hoo Moh,9,1093,978,0.6709840397710257,0.5713839816769324,21,6,160,68,4,0,33,9,47,14,160,68,0,0,0,0,5,1,0.0,0.8333333333333334,2211
Boonyarit Keattikun,Peter McCullagh,9,1093,1082,0.5169136156946217,0.5068745667645342,21,6,160,68,176,80,1274,625,47,14,160,68,0,0,0,0,5,4,0.0,0.5555555555555556,2211
Luca Brecel,Matthew Selt,9,1425,1394,0.5475616243336275,0.519365308229932,228,121,1553,815,458,251,3181,1665,113,64,693,382,66,30,971,552,5,3,0.0,0.625,2211
Luca Brecel,Keen Hoo Moh,9,1425,978,0.9537658725308359,0.7535246977220308,228,121,1553,815,4,0,33,9,113,64,693,382,0,0,0,0,5,0,0.0,1.0,2211
Luca Brecel,Mark Selby,9,1425,1651,0.19330590936848324,0.36239134737807494,228,121,1553,815,909,624,6637,3868,113,64,693,382,261,171,1323,815,5,4,0.0,0.5555555555555556,2211
Luca Brecel,Boonyarit Keattikun,9,1425,1093,0.8966632246585242,0.6963549298238342,228,121,1553,815,21,6,160,68,113,64,693,382,47,14,160,68,5,3,0.0,0.625,2211
Michael White,Mark Selby,11,1390,1651,0.13621024759772005,0.3424263893835775,368,213,2527,1353,909,624,6637,3868,125,65,927,504,261,171,1323,815,6,4,0.0,0.6,2211
Liang Wenbo,Ben Woollaston,11,1479,1374,0.6717233367624065,0.5652507475670999,499,304,3457,1913,476,275,3095,1655,219,126,1082,609,111,55,807,422,6,4,0.0,0.6,2211
Ricky Walden,Martin Gould,11,1461,1451,0.516913659711329,0.5062496744995104,687,425,4930,2753,550,333,3718,2037,176,102,1045,607,81,40,771,445,6,2,0.0,0.75,2211
Thepchaiya Un-Nooh,Robert Milkins,11,1357,1344,0.5219830188183359,0.5081242849062608,231,132,1661,883,735,447,5439,2967,46,17,728,398,96,48,947,501,6,2,0.0,0.75,2211
Akani Songsermsawad,Kritsanut Lertsattayathorn,11,1136,1177,0.43099491034088827,0.47439741167538224,23,9,161,74,21,10,156,78,93,45,122,57,83,39,156,78,6,3,0.0,0.6666666666666666,2211
Yuan Sijun,James Wattana,11,1044,1160,0.31167398745127517,0.42800386706848137,25,5,161,56,766,423,6487,3421,29,15,121,45,85,39,348,145,6,0,0.0,1.0,2211
Noppon Saengkham,Matthew Selt,11,1187,1394,0.19128915070026625,0.3734370028762817,140,58,987,446,458,251,3181,1665,66,27,576,267,66,30,971,552,6,3,0.0,0.6666666666666666,2211
Joe Perry,Boonyarit Keattikun,11,1465,1093,0.939560581483549,0.7170752854929726,913,540,6614,3574,21,6,160,68,143,76,1135,652,47,14,160,68,6,5,0.0,0.5454545454545454,2211
Stephen Maguire,Darren Morgan,11,1518,1269,0.8526421514898557,0.6507869207968349,808,535,5951,3385,515,293,4488,2317,147,90,1084,630,0,0,4,2,6,0,0.0,1.0,2211
Ding Junhui,Mark Davis,11,1559,1485,0.6230920690710587,0.5461185410457796,626,419,4675,2669,953,575,6860,3747,201,115,929,546,115,64,1129,633,6,4,0.0,0.6,2211
Michael Holt,David Gilbert,11,1451,1445,0.5101502252807347,0.5037499296890819,698,411,5116,2730,462,262,3410,1818,161,89,931,499,123,68,813,440,6,2,0.0,0.75,2211
Ryan Day,Kwan Poomjang,11,1466,1211,0.8582932896295349,0.654188113761243,778,471,5443,3005,75,38,625,325,127,75,1182,663,0,0,0,0,6,3,0.0,0.6666666666666666,2211
Dominic Dale,Ishpreet Chadha,11,1344,1000,0.9247492966813917,0.7026606543447315,821,474,5953,3178,0,0,0,0,141,75,952,521,0,0,0,0,6,0,0.0,1.0,2211
Luca Brecel,Ivan Kakovskii,11,1425,1000,0.9610807857991664,0.7431680086124811,228,121,1553,815,0,0,0,0,113,64,693,382,0,0,0,0,6,1,0.0,0.8571428571428571,2211
Stuart Bingham,Mark Williams,11,1594,1488,0.6732480453126817,0.5658650028954817,941,594,6891,3919,1207,793,9300,5327,223,135,1395,821,160,92,1150,676,6,5,0.0,0.5454545454545454,2211
Pankaj Advani,Lukas Kleckers,11,1336,1042,0.8913075060744795,0.6759015277259407,97,54,685,363,27,12,152,71,0,0,139,70,0,0,122,57,6,0,0.0,1.0,2211
Liang Wenbo,Noppon Saengkham,11,1479,1187,0.889767881841614,0.6748052725823135,499,304,3457,1913,140,58,987,446,219,126,1082,609,66,27,576,267,6,5,0.0,0.5454545454545454,2211
Akani Songsermsawad,Joe Perry,11,1136,1465,0.08429769862460237,0.3052332371262195,23,9,161,74,913,540,6614,3574,93,45,122,57,143,76,1135,652,6,1,0.0,0.8571428571428571,2211
Stephen Maguire,Thepchaiya Un-Nooh,11,1518,1357,0.7519246125749761,0.5992881635083561,808,535,5951,3385,231,132,1661,883,147,90,1084,630,46,17,728,398,6,2,0.0,0.75,2211
Ding Junhui,Ryan Day,11,1559,1466,0.6532003138381255,0.5578645727207344,626,419,4675,2669,778,471,5443,3005,201,115,929,546,127,75,1182,663,6,3,0.0,0.6666666666666666,2211
Michael Holt,Michael White,11,1451,1390,0.6020186146971794,0.5380512843858591,698,411,5116,2730,368,213,2527,1353,161,89,931,499,125,65,927,504,6,1,0.0,0.8571428571428571,2211
Luca Brecel,Ricky Walden,11,1425,1461,0.43933752904864576,0.4775151752081999,228,121,1553,815,687,425,4930,2753,113,64,693,382,176,102,1045,607,6,5,0.0,0.5454545454545454,2211
Stuart Bingham,Dominic Dale,11,1594,1344,0.8535947852916645,0.6513548646660542,941,594,6891,3919,821,474,5953,3178,223,135,1395,821,141,75,952,521,6,1,0.0,0.8571428571428571,2211
Pankaj Advani,Yuan Sijun,11,1336,1044,0.889767881841614,0.6748052725823135,97,54,685,363,25,5,161,56,0,0,139,70,29,15,121,45,6,4,0.0,0.6,2211
Stephen Maguire,Luca Brecel,13,1518,1425,0.6652392831578853,0.5578645727207344,808,535,5951,3385,228,121,1553,815,147,90,1084,630,113,64,693,382,7,6,0.0,0.5384615384615384,2211
Ding Junhui,Liang Wenbo,13,1559,1479,0.643283389239568,0.549833997312478,626,419,4675,2669,499,304,3457,1913,201,115,929,546,219,126,1082,609,7,2,0.0,0.7777777777777778,2211
Stuart Bingham,Akani Songsermsawad,13,1594,1136,0.9798964293151549,0.7585964618789349,941,594,6891,3919,23,9,161,74,223,135,1395,821,93,45,122,57,7,4,0.0,0.6363636363636364,2211
Ding Junhui,Pankaj Advani,13,1559,1336,0.845694903570358,0.6358738914270539,626,419,4675,2669,97,54,685,363,201,115,929,546,0,0,139,70,7,4,0.0,0.6363636363636364,2211
Stuart Bingham,Stephen Maguire,13,1594,1518,0.6364232009341511,0.5473576181430894,941,594,6891,3919,808,535,5951,3385,223,135,1395,821,147,90,1084,630,7,1,0.0,0.875,2211
Ding Junhui,Stuart Bingham,15,1559,1594,0.4316159383107418,0.47813894602839846,626,419,4675,2669,941,594,6891,3919,201,115,929,546,223,135,1395,821,8,7,0.0,0.5333333333333333,2211
Michael Williams,Robin Otto,7,1069,985,0.6131794491635048,0.5523079095743253,36,18,180,95,13,6,69,32,0,0,155,83,0,0,69,32,4,0,0.0,1.0,2186
Daniel Ward,Richard Beckham,7,1195,1096,0.6326419490877371,0.5615610703361955,99,57,566,322,32,20,165,88,0,0,4,0,0,0,162,88,4,2,0.0,0.6666666666666666,2186
Charlie Walters,Jurian Heusdens,7,1017,1033,0.4781366606027012,0.4900013331200346,74,28,413,184,36,18,185,93,0,0,121,57,0,0,99,46,4,2,0.0,0.6666666666666666,2186
Kevin Vandevoort,Stefan Gerst,7,968,969,0.4986328153483015,0.4993750003255206,6,1,31,11,9,3,43,16,0,0,0,0,0,0,4,0,4,1,0.0,0.8,2186
Joshua Thomond,William Frey,7,982,1000,0.47540722540195457,0.4887518980531451,2,0,12,4,0,0,0,0,0,0,12,4,0,0,0,0,4,1,0.0,0.8,2186
Adam Stefanow,Anton Woywod,7,1013,968,0.5612649493584694,0.528095374408387,29,11,156,67,2,0,8,0,40,14,95,37,0,0,8,0,4,0,0.0,1.0,2186
Soner Sari,Tom Rees,7,983,1014,0.4577018760615691,0.4806346917700681,11,4,57,25,15,7,79,38,0,0,6,2,0,0,79,38,4,2,0.0,0.6666666666666666,2186
Brandon Sargeant,Fabian Haken,7,1002,1000,0.5027343522137269,0.5012499973958399,42,16,240,106,0,0,0,0,31,8,198,90,0,0,0,0,4,1,0.0,0.8,2186
Phil O'Kane,Declan Brennan,7,1003,928,0.6013510291923431,0.5467381519846138,69,29,351,158,14,2,73,23,0,0,76,40,0,0,17,5,4,2,0.0,0.6666666666666666,2186
Marcin Nitschke,Regis D'Anna,7,1002,983,0.5259570402770714,0.5118727677562528,11,4,55,24,1,0,4,0,0,0,35,16,0,0,0,0,4,0,0.0,1.0,2186
Imran Nisar,Dragos-Bogdan Dorojan,7,968,1000,0.4563431395453441,0.48001065984441826,2,0,8,0,0,0,0,0,0,0,4,0,0,0,0,0,4,0,0.0,1.0,2186
Saqib Nasir,Ralf Günzel,7,1063,898,0.7134663824052628,0.6016871801828567,74,37,405,209,7,0,28,0,0,0,115,49,0,0,8,0,4,0,0.0,1.0,2186
Johny Moermans,Tom Zimmermann,7,1000,984,0.5218633393972989,0.5099986668799655,4,2,19,9,1,0,4,0,0,0,9,5,0,0,4,0,4,3,0.0,0.5714285714285714,2186
Andy Lee,Stefan Schenk,7,1083,960,0.6630224339222315,0.5762749224932653,99,47,593,288,9,3,47,17,0,0,0,0,0,0,15,4,4,1,0.0,0.8,2186
Luca Kaufmann,Kevin Chan,7,1004,931,0.5987085312450529,0.5454987872127821,9,5,44,23,12,3,54,14,0,0,23,14,0,0,34,6,4,0,0.0,1.0,2186
Ben Jones,Stefan Joachim,7,1064,1006,0.578744911388209,0.5361866202317948,65,32,339,167,2,1,8,4,0,0,170,83,0,0,0,0,4,2,0.0,0.6666666666666666,2186
Andy Hicks,Wayne Townsend,7,1211,1013,0.7502408354966205,0.6212835951910678,570,306,4679,2420,33,16,209,105,32,8,108,48,4,0,39,18,4,3,0.0,0.5714285714285714,2186
Andreas Hartung,Heiko Mutz,7,946,984,0.44820271004203943,0.4762678458734389,9,3,44,15,1,0,4,0,0,0,15,6,0,0,4,0,4,2,0.0,0.6666666666666666,2186
Wolfgang Frey,Markus Fischer,7,1000,942,0.578744911388209,0.5361866202317948,0,0,0,0,4,0,17,1,0,0,0,0,0,0,13,1,4,2,0.0,0.6666666666666666,2186
Adam Edge,Ben Murphy,7,996,1000,0.4945314322857424,0.49750002083312506,30,11,168,75,0,0,0,0,0,0,90,41,0,0,0,0,4,2,0.0,0.6666666666666666,2186
Simon Dent,Carl Rosenberger,7,1005,951,0.573382262278332,0.5336988354329009,18,7,96,46,5,1,24,5,0,0,60,31,0,0,9,1,4,1,0.0,0.8,2186
Tony Corrigan,Greg Casey,7,1010,1032,0.4699521739841547,0.486253465097645,5,2,25,13,7,4,41,22,0,0,25,13,0,0,35,20,4,3,0.0,0.5714285714285714,2186
Jamie Clarke,Daniel Schneider,7,1232,944,0.8357070215370299,0.6726070170677604,116,60,668,352,15,4,73,25,0,0,423,231,0,0,53,17,4,2,0.0,0.6666666666666666,2186
Adam Bobat,Jonas Sprengel,7,951,1000,0.433341285511335,0.469413239817919,26,8,148,60,0,0,0,0,0,0,92,38,0,0,0,0,4,0,0.0,1.0,2186
Ashley Beal,Nicolas Georgopoulos,7,959,1000,0.44414095234189266,0.47439741167538224,17,6,94,41,0,0,0,0,0,0,2,0,0,0,0,0,4,1,0.0,0.8,2186
Joshua Baddeley,Ralph Müller,7,992,949,0.5585634499391967,0.5268491486891144,16,7,86,41,4,0,16,0,0,0,86,41,0,0,8,0,4,0,0.0,1.0,2186
Labeeb Ahmed,Peter Brehm,7,1000,988,0.5164013295642876,0.5074994375506203,0,0,0,0,1,0,5,1,0,0,0,0,0,0,5,1,4,0,0.0,1.0,2186
Daniel Womersley,Joe Steele,7,1005,948,0.5774056625100122,0.5355648379838539,4,1,26,9,53,20,271,114,26,9,26,9,0,0,127,50,4,2,0.0,0.6666666666666666,2186
Michael Williams,Kaavya Bharath,7,1069,1000,0.5934092174000843,0.5430183807243099,36,18,180,95,0,0,0,0,0,0,155,83,0,0,0,0,4,0,0.0,1.0,2186
Richard Wienold,Simon Dent,7,985,1005,0.4726790179572131,0.4875026035157896,1,0,4,0,18,7,96,46,0,0,4,0,0,0,60,31,4,3,0.0,0.5714285714285714,2186
Daniel Ward,Umar Ali Shaikh,7,1195,970,0.7782368395177592,0.6370307944803831,99,57,566,322,2,0,9,1,0,0,4,0,0,0,9,1,4,0,0.0,1.0,2186
Kevin Vandevoort,Thomas Frank,7,968,987,0.47404295972292854,0.4881272322437472,6,1,31,11,1,0,5,1,0,0,0,0,0,0,5,1,4,0,0.0,1.0,2186
Alex Taubman,Paul Norris,7,1097,1000,0.6300664956451868,0.5603296426885532,137,60,744,338,0,0,0,0,0,0,207,104,0,0,0,0,4,3,0.0,0.5714285714285714,2186
Zak Surety,Wolfgang Frey,7,1157,1000,0.7041548710511403,0.596884378259767,100,44,597,280,0,0,0,0,43,20,300,130,0,0,0,0,4,0,0.0,1.0,2186
Adam Stefanow,Jake Nicholson,7,1013,959,0.573382262278332,0.5336988354329009,29,11,156,67,70,21,372,147,40,14,95,37,0,0,150,69,4,1,0.0,0.8,2186
Soner Sari,Terry Davidson,7,983,985,0.4972656477862734,0.49875000260416025,11,4,57,25,1,0,4,0,0,0,6,2,0,0,4,0,4,1,0.0,0.8,2186
Brandon Sargeant,Daniel O’Regan,7,1002,944,0.578744911388209,0.5361866202317948,42,16,240,106,5,0,26,6,31,8,198,90,0,0,20,4,4,0,0.0,1.0,2186
Zack Richardson,Joshua Baddeley,7,1087,992,0.6274848196821066,0.559097471902393,43,20,237,128,16,7,86,41,0,0,148,78,0,0,86,41,4,0,0.0,1.0,2186
Robert Read,Sebastian Stein,7,973,983,0.4863309727288301,0.49375032550048964,6,1,37,12,1,0,4,0,0,0,0,0,0,0,4,0,4,0,0.0,1.0,2186
Mohammed Rangzib,David Charleton,7,1059,1000,0.5800831913605062,0.5368082899889803,48,25,316,169,0,0,0,0,0,0,39,18,0,0,0,0,4,0,0.0,1.0,2186
George Pragnall,Adam Longley,7,1070,940,0.6716853028295744,0.5805423048206596,23,10,143,65,14,4,73,27,0,0,137,63,0,0,31,12,4,2,0.0,0.6666666666666666,2186
Andreas Ploner,Aaron Cook,7,1053,960,0.6248970337106214,0.5578645727207344,40,17,210,96,3,0,12,0,0,0,164,75,0,0,8,0,4,0,0.0,1.0,2186
Barry Pinches,Patrick Whelan,7,1205,985,0.7732004785001367,0.6341355910108007,703,363,5518,2857,4,1,19,7,0,0,410,188,0,0,19,7,4,0,0.0,1.0,2186
Luke Pinches,Thomas Lancastle,7,1000,1000,0.5,0.5,0,0,0,0,0,0,0,0,0,0,0,0,0,0,0,0,4,3,0.0,0.5714285714285714,2186
Saqib Nasir,Abdullah Atmar Ghulam Jilani,7,1063,1000,0.5854263042586716,0.5392938058983595,74,37,405,209,0,0,0,0,0,0,115,49,0,0,0,0,4,0,0.0,1.0,2186
Mourad Naitali,Gert Kempenaers,7,1000,1000,0.5,0.5,2,1,8,4,0,0,0,0,0,0,8,4,0,0,0,0,4,2,0.0,0.6666666666666666,2186
Conor McCormack,Norbert Hofheinz,7,915,965,0.43199486323846364,0.46879062662624377,14,3,68,20,8,3,40,15,0,0,68,20,0,0,4,0,4,0,0.0,1.0,2186
Peter Lines,Jamie Clarke,7,1211,1232,0.4713154170628733,0.4868780138177567,702,379,5167,2678,116,60,668,352,75,32,493,223,0,0,423,231,4,2,0.0,0.6666666666666666,2186
David Lilley,Marcin Nitschke,7,1114,1002,0.6492231123314619,0.569546223939229,46,23,289,152,11,4,55,24,13,3,13,3,0,0,35,16,4,3,0.0,0.5714285714285714,2186
Simon Lichtenberg,Andrei Ivasiv,7,1003,1000,0.5041014855971089,0.5018749912109869,8,3,43,21,0,0,0,0,0,0,43,21,0,0,0,0,4,0,0.0,1.0,2186
Andy Lee,Jeremy Lee,7,1083,993,0.6210041469292463,0.5560138905446199,99,47,593,288,3,1,15,6,0,0,0,0,0,0,15,6,4,2,0.0,0.6666666666666666,2186
Stephen Kershaw,Andy Symons,7,996,1037,0.44414095234189266,0.47439741167538224,181,77,1310,624,37,19,207,104,0,0,0,0,0,0,0,0,4,2,0.0,0.6666666666666666,2186
Ben Jones,Loris Lehmann,7,1064,989,0.6013510291923431,0.5467381519846138,65,32,339,167,1,0,5,1,0,0,170,83,0,0,5,1,4,0,0.0,1.0,2186
Wendy Jans,Ali Kirim,7,1008,971,0.5504420624351876,0.523108525489089,12,6,58,29,8,3,35,12,0,0,4,0,0,0,4,0,4,3,0.0,0.5714285714285714,2186
Ashley Hugill,Tomasz Skalski,7,1105,1073,0.5436568604546561,0.5199893401555818,48,23,256,124,47,21,262,124,24,9,234,114,0,0,113,59,4,0,0.0,1.0,2186
Kishan Hirani,Joshua Thomond,7,1095,982,0.6504866469700167,0.5701590253818352,110,51,583,277,2,0,12,4,0,0,181,96,0,0,12,4,4,2,0.0,0.6666666666666666,2186
Andy Hicks,Manasawin Phetmalaikul,7,1211,994,0.7701459815525172,0.6323937895695628,570,306,4679,2420,1,0,6,2,32,8,108,48,0,0,6,2,4,0,0.0,1.0,2186
Sean Harvey,Manon Melief,7,1000,874,0.6667467241528153,0.5781052328843092,0,0,0,0,9,0,37,1,0,0,0,0,0,0,29,1,4,0,0.0,1.0,2186
Andreas Hartung,Rolf Mahr,7,946,955,0.48769738857442835,0.4943752372926745,9,3,44,15,3,0,12,0,0,0,15,6,0,0,12,0,4,1,0.0,0.8,2186
Steven Hallworth,Farakh Ajaib,7,1062,1030,0.5436568604546561,0.5199893401555818,56,16,349,141,28,13,165,80,18,4,244,89,0,0,0,0,4,1,0.0,0.8,2186
Gerard Greene,Jeff Cundy,7,1278,1169,0.6454220086166967,0.5677065480733601,648,352,4863,2553,508,269,3573,1856,0,0,412,206,0,0,152,81,4,0,0.0,1.0,2186
Ian Glover,Tony Corrigan,7,1129,1010,0.6580301976734948,0.5738312575916094,167,69,1022,481,5,2,25,13,0,0,253,100,0,0,25,13,4,0,0.0,1.0,2186
Matthew Glasby,Luca Kaufmann,7,918,1004,0.3842066871290606,0.4464560968488817,25,8,139,56,9,5,44,23,0,0,96,34,0,0,23,14,4,3,0.0,0.5714285714285714,2186
Lewis Gillen,Julian Maschmeier,7,1007,988,0.5259570402770714,0.5118727677562528,4,2,24,12,1,0,5,1,0,0,24,12,0,0,5,1,4,0,0.0,1.0,2186
Felix Frede,Labeeb Ahmed,7,1001,1000,0.5013671846516985,0.5006249996744794,17,8,82,37,0,0,0,0,0,0,55,29,0,0,0,0,4,0,0.0,1.0,2186
Reanne Evans,Matthias Porn,7,1053,947,0.641605432096216,0.5658650028954817,121,43,660,273,4,0,18,2,0,0,127,63,0,0,10,2,4,0,0.0,1.0,2186
Patrick Einsle,Gaugler Didier,7,1092,1000,0.6236008848905433,0.5572478545985555,121,50,705,313,0,0,0,0,0,0,38,22,0,0,0,0,4,0,0.0,1.0,2186
Reggie Edwards,Imran Nisar,7,1000,968,0.5436568604546561,0.5199893401555818,0,0,0,0,2,0,8,0,0,0,0,0,0,0,4,0,4,1,0.0,0.8,2186
Adam Edge,Jamie Bodle,7,996,1150,0.29937471450906367,0.40492152613386595,30,11,168,75,155,99,1140,635,0,0,90,41,12,7,26,11,4,2,0.0,0.6666666666666666,2186
Robert Drahn,Bhavesh Sodha,7,883,957,0.39996961044138163,0.4538814589542204,10,0,42,2,5,1,20,4,0,0,8,0,0,0,0,0,4,2,0.0,0.6666666666666666,2186
Daniel Devlin,Jörg Petersen,7,1000,952,0.5653114683109788,0.5299640517645717,0,0,0,0,7,2,31,9,0,0,0,0,0,0,8,0,4,0,0.0,1.0,2186
Matthew Day,Hamim Hussain,7,1082,1000,0.6105601107289808,0.551071269307342,127,59,684,330,0,0,0,0,0,0,166,75,0,0,0,0,4,0,0.0,1.0,2186
Joshua Cooper,Hussam Al-Saffar,7,955,1000,0.4387350506415305,0.4719046255916129,11,4,52,18,0,0,0,0,0,0,47,17,0,0,0,0,4,0,0.0,1.0,2186
Lyu Chenwei,Marcel Prackert,7,1050,1000,0.5680051367615364,0.5312093733737563,47,13,300,117,0,0,0,0,13,3,222,79,0,0,0,0,4,0,0.0,1.0,2186
Ryan Causton,Charlie Walters,7,1064,1017,0.5639634145132848,0.5293412500457856,104,53,555,271,74,28,413,184,0,0,158,76,0,0,121,57,4,2,0.0,0.6666666666666666,2186
Oliver Brown,Johny Moermans,7,1189,1000,0.7404818133197837,0.6159753019181258,147,63,809,378,4,2,19,9,0,0,298,149,0,0,9,5,4,1,0.0,0.8,2186
Jack Bradford,Phil O'Kane,7,912,1003,0.3776967488123118,0.44336904007774663,34,9,176,63,69,29,351,158,0,0,66,31,0,0,76,40,4,3,0.0,0.5714285714285714,2186
Adam Bobat,Prasit Buttakham,7,951,989,0.44820271004203943,0.4762678458734389,26,8,148,60,1,0,5,1,0,0,92,38,0,0,5,1,4,0,0.0,1.0,2186
Michael Williams,Richard Wienold,7,1069,985,0.6131794491635048,0.5523079095743253,36,18,180,95,1,0,4,0,0,0,155,83,0,0,4,0,4,0,0.0,1.0,2186
Daniel Ward,Alex Taubman,7,1195,1097,0.6313550071762073,0.5609454503247162,99,57,566,322,137,60,744,338,0,0,4,0,0,0,207,104,4,3,0.0,0.5714285714285714,2186
Kevin Vandevoort,Luke Pinches,7,968,1000,0.4563431395453441,0.48001065984441826,6,1,31,11,0,0,0,0,0,0,0,0,0,0,0,0,4,1,0.0,0.8,2186
Brandon Sargeant,Stephen Kershaw,7,1002,996,0.5082025098106111,0.5037499296890819,42,16,240,106,181,77,1310,624,31,8,198,90,0,0,0,0,4,0,0.0,1.0,2186
Zack Richardson,Saqib Nasir,7,1087,1063,0.5327731710226205,0.51499550161941,43,20,237,128,74,37,405,209,0,0,148,78,0,0,115,49,4,3,0.0,0.5714285714285714,2186
Robert Read,Soner Sari,7,973,983,0.4863309727288301,0.49375032550048964,6,1,37,12,11,4,57,25,0,0,0,0,0,0,6,2,4,1,0.0,0.8,2186
George Pragnall,Adam Bobat,7,1070,951,0.6580301976734948,0.5738312575916094,23,10,143,65,26,8,148,60,0,0,137,63,0,0,92,38,4,1,0.0,0.8,2186
Barry Pinches,Mourad Naitali,7,1205,1000,0.75768573294214,0.6253923497205511,703,363,5518,2857,2,1,8,4,0,0,410,188,0,0,8,4,4,0,0.0,1.0,2186
Peter Lines,Laurin Winters,7,1211,919,0.8389762354745806,0.6748052725823135,702,379,5167,2678,6,0,25,1,75,32,493,223,0,0,5,1,4,0,0.0,1.0,2186
David Lilley,Ryan Causton,7,1114,1064,0.5680051367615364,0.5312093733737563,46,23,289,152,104,53,555,271,13,3,13,3,0,0,158,76,4,0,0.0,1.0,2186
Simon Lichtenberg,Andreas Hartung,7,1003,946,0.5774056625100122,0.5355648379838539,8,3,43,21,9,3,44,15,0,0,43,21,0,0,15,6,4,0,0.0,1.0,2186
Ben Jones,Andreas Ploner,7,1064,1053,0.5150352723345792,0.5068745667645342,65,32,339,167,40,17,210,96,0,0,170,83,0,0,164,75,4,2,0.0,0.6666666666666666,2186
Ashley Hugill,Reggie Edwards,7,1105,1000,0.6403298636636867,0.5652507475670999,48,23,256,124,0,0,0,0,24,9,234,114,0,0,0,0,4,1,0.0,0.8,2186
Andy Hicks,Mohammed Rangzib,7,1211,1059,0.698260993708389,0.5938731029341427,570,306,4679,2420,48,25,316,169,32,8,108,48,0,0,39,18,4,0,0.0,1.0,2186
Sean Harvey,Adam Stefanow,7,1000,1013,0.48223281808358937,0.4918757150937391,0,0,0,0,29,11,156,67,0,0,0,0,40,14,95,37,4,1,0.0,0.8,2186
Steven Hallworth,Zak Surety,7,1062,1157,0.37251518031789344,0.440902528097607,56,16,349,141,100,44,597,280,18,4,244,89,43,20,300,130,4,1,0.0,0.8,2186
Gerard Greene,Kishan Hirani,7,1278,1095,0.7338611162888773,0.6124209393479161,648,352,4863,2553,110,51,583,277,0,0,412,206,0,0,181,96,4,2,0.0,0.6666666666666666,2186
Ian Glover,Joshua Cooper,7,1129,955,0.7237619985420221,0.6070669880717036,167,69,1022,481,11,4,52,18,0,0,253,100,0,0,47,17,4,0,0.0,1.0,2186
Matthew Glasby,Daniel Womersley,7,918,1005,0.3829018450543893,0.44583834723635146,25,8,139,56,4,1,26,9,0,0,96,34,26,9,26,9,4,2,0.0,0.6666666666666666,2186
Felix Frede,Jack Bradford,7,1001,912,0.6197035864994962,0.5553966483205892,17,8,82,37,34,9,176,63,0,0,55,29,0,0,66,31,4,3,0.0,0.5714285714285714,2186
Patrick Einsle,Robert Drahn,7,1092,883,0.7618819203066071,0.6277321638605189,121,50,705,313,10,0,42,2,0,0,38,22,0,0,8,0,4,0,0.0,1.0,2186
Daniel Devlin,Lewis Gillen,7,1000,1007,0.4904306643721704,0.4956251116502266,0,0,0,0,4,2,24,12,0,0,0,0,0,0,24,12,4,1,0.0,0.8,2186
Matthew Day,Adam Edge,7,1082,996,0.6157933128709394,0.5535439031511183,127,59,684,330,30,11,168,75,0,0,166,75,0,0,90,41,4,2,0.0,0.6666666666666666,2186
Michael Collumb,Andy Lee,7,1028,1083,0.42527567806654565,0.4656790563306954,42,17,227,108,99,47,593,288,0,0,141,74,0,0,0,0,4,1,0.0,0.8,2186
Lyu Chenwei,Conor McCormack,7,1050,915,0.6778138346852377,0.5835831155172753,47,13,300,117,14,3,68,20,13,3,222,79,0,0,68,20,4,0,0.0,1.0,2186
Oliver Brown,Kilian Baur-Pantoulier,7,1189,988,0.7534472409879828,0.6230466603666162,147,63,809,378,5,1,29,13,0,0,298,149,0,0,6,2,4,1,0.0,0.8,2186
Ashley Beal,Reanne Evans,7,959,1053,0.37380831662168224,0.44151888756183866,17,6,94,41,121,43,660,273,0,0,2,0,0,0,127,63,4,2,0.0,0.6666666666666666,2186
Stephen Bateman,Wendy Jans,7,1000,1008,0.48906395814377107,0.4950001666600003,0,0,0,0,12,6,58,29,0,0,0,0,0,0,4,0,4,1,0.0,0.8,2186
Cao Yupeng,Barry Pinches,7,1176,1205,0.46042091137016095,0.4818829349568186,185,90,1338,666,703,363,5518,2857,44,11,423,201,0,0,410,188,4,3,0.0,0.5714285714285714,2186
Mei Xiwen,Steven Hallworth,7,1297,1062,0.7881034579959058,0.6427913242407762,60,31,395,199,56,16,349,141,120,67,170,93,18,4,244,89,4,3,0.0,0.5714285714285714,2186
Zhao Xintong,Ashley Hugill,7,1371,1105,0.8169132017945215,0.660382673079216,83,46,540,301,48,23,256,124,91,48,365,202,24,9,234,114,4,1,0.0,0.8,2186
Kyren Wilson,Jimmy Robertson,7,1423,1379,0.5599145707304132,0.5274723043445937,302,183,1927,1060,387,209,2600,1348,98,55,680,376,91,53,767,416,4,0,0.0,1.0,2186
Gary Wilson,Jak Jones,7,1329,1198,0.6729150209582897,0.5811509642893937,329,192,2120,1154,137,56,890,401,86,42,586,293,72,34,279,118,4,1,0.0,0.8,2186
Robbie Williams,Simon Lichtenberg,7,1292,1003,0.8365285845595485,0.6731572963701318,297,163,1878,964,8,3,43,21,83,38,602,299,0,0,43,21,4,1,0.0,0.8,2186
Michael White,Yu Delu,7,1388,1271,0.6555229391190917,0.5726080638632601,375,217,2579,1382,221,114,1537,782,177,94,979,533,113,50,544,268,4,1,0.0,0.8,2186
Jimmy White,Jamie Barrett,7,1206,1094,0.6492231123314619,0.569546223939229,1377,773,11878,6257,43,18,250,120,62,27,452,206,45,17,103,46,4,2,0.0,0.6666666666666666,2186
Liang Wenbo,David Lilley,7,1464,1114,0.881340279189911,0.7057850278370112,507,310,3520,1950,46,23,289,152,282,163,1145,646,13,3,13,3,4,3,0.0,0.5714285714285714,2186
Ricky Walden,Josh Boileau,7,1452,1127,0.8642241097139457,0.6926419831347361,694,429,4979,2781,57,30,305,156,225,130,1094,635,58,24,207,108,4,0,0.0,1.0,2186
Chris Wakelin,Chen Zhe,7,1300,1192,0.644151517953897,0.5670929049654543,119,63,784,399,169,83,1038,515,118,60,572,290,61,25,264,123,4,2,0.0,0.6666666666666666,2186
Thepchaiya Un-Nooh,Lyu Chenwei,7,1325,1050,0.8247679763275149,0.665410558746814,238,136,1712,907,47,13,300,117,97,41,779,422,13,3,222,79,4,0,0.0,1.0,2186
Joe Swail,Matthew Glasby,7,1257,918,0.8740190283398156,0.7000424476024744,778,420,6148,3205,25,8,139,56,78,38,654,336,0,0,96,34,4,0,0.0,1.0,2186
Matthew Stevens,Patrick Einsle,7,1374,1092,0.8307179588376647,0.669295402777446,870,512,6781,3698,121,50,705,313,112,61,695,358,0,0,38,22,4,2,0.0,0.6666666666666666,2186
Craig Steadman,Nigel Bond,7,1248,1199,0.5666587144886649,0.530586760182081,372,206,2465,1301,804,445,6407,3379,63,25,606,306,56,20,436,203,4,3,0.0,0.5714285714285714,2186
Elliot Slessor,Martin O'Donnell,7,1171,1238,0.4092473522241249,0.4582226307163632,108,45,651,297,239,113,1443,719,63,25,389,174,47,23,410,216,4,1,0.0,0.8,2186
Mark Selby,Oliver Brown,7,1600,1189,0.9162378856649652,0.7364309317009723,915,628,6685,3896,147,63,809,378,309,199,1371,843,0,0,298,149,4,0,0.0,1.0,2186
Zack Richardson,Paul Davison,7,1087,1217,0.32831469717042555,0.41945769517934034,43,20,237,128,618,329,4355,2231,0,0,148,78,77,31,496,244,4,1,0.0,0.8,2186
Dechawat Poomjaeng,Martin Gould,7,1234,1416,0.2672511194925776,0.3881726309982629,211,113,1509,765,556,336,3758,2056,54,21,660,338,121,59,811,464,4,2,0.0,0.6666666666666666,2186
Joe Perry,Michael Collumb,7,1421,1028,0.9069090732841394,0.7276039892428419,920,546,6668,3606,42,17,227,108,197,108,1189,684,0,0,141,74,4,2,0.0,0.6666666666666666,2186
Fergal O'Brien,Ashley Beal,7,1397,959,0.9288160469432531,0.7493220844051797,802,461,6080,3220,17,6,94,41,107,57,757,410,0,0,2,0,4,0,0.0,1.0,2186
Alan McManus,Andy Hicks,7,1361,1211,0.6958878075458884,0.5926665999540697,862,514,7212,3825,570,306,4679,2420,72,30,790,434,32,8,108,48,4,1,0.0,0.8,2186
Rory McLeod,Brandon Sargeant,7,1243,1002,0.7938903058360224,0.6462280583309002,499,272,3745,1951,42,16,240,106,66,26,504,243,31,8,198,90,4,2,0.0,0.6666666666666666,2186
Anthony McGill,George Pragnall,7,1392,1070,0.8620548673015752,0.6910430124157229,366,220,2369,1301,23,10,143,65,139,71,857,464,0,0,137,63,4,0,0.0,1.0,2186
Kurt Maflin,Oliver Lines,7,1365,1266,0.6326419490877371,0.5615610703361955,455,264,3029,1637,141,77,861,448,123,69,676,347,94,43,534,268,4,1,0.0,0.8,2186
Jack Lisowski,Matthew Day,7,1273,1082,0.7426684543010009,0.6171573626529722,325,191,2119,1141,127,59,684,330,93,44,592,299,0,0,166,75,4,1,0.0,0.8,2186
Peter Lines,Michael Wild,7,1211,1183,0.5382188233953898,0.5174928576663897,702,379,5167,2678,284,156,1724,928,75,32,493,223,66,27,122,50,4,1,0.0,0.8,2186
Rod Lawler,Mitchell Mann,7,1246,1209,0.5504420624351876,0.523108525489089,757,414,5814,3026,185,86,1131,551,118,53,684,344,76,34,368,164,4,2,0.0,0.6666666666666666,2186
Sanderson Lam,Jason Weston,7,1144,1097,0.5639634145132848,0.5293412500457856,99,44,579,268,294,160,2264,1184,60,26,356,168,41,8,177,71,4,2,0.0,0.6666666666666666,2186
Mark King,David John,7,1377,1084,0.8397864427779326,0.6753536404444148,834,465,6155,3225,71,33,481,232,133,73,830,443,46,13,84,32,4,1,0.0,0.8,2186
Christopher Keogan,Thor Chuan Leong,7,1100,1079,0.5286845829371267,0.5131219861822433,102,40,567,261,40,11,260,100,46,13,313,155,62,22,260,100,4,0,0.0,1.0,2186
Jamie Jones,Tian Pengfei,7,1424,1342,0.6105601107289808,0.551071269307342,425,258,2830,1544,308,176,2044,1100,108,59,745,407,52,19,613,341,4,0,0.0,1.0,2186
Michael Holt,Felix Frede,7,1457,1001,0.9363136148840127,0.7576796390037048,705,415,5171,2763,17,8,82,37,216,122,986,532,0,0,55,29,4,1,0.0,0.8,2186
Liam Highfield,Luca Brecel,7,1370,1459,0.38029641350050397,0.44460335167941084,283,154,1909,1008,235,127,1614,853,83,42,526,283,174,102,754,420,4,2,0.0,0.6666666666666666,2186
Andrew Higginson,Allan Taylor,7,1368,1146,0.7752232149046754,0.6352948493228071,637,382,4537,2495,239,114,1403,699,112,60,675,362,61,21,382,155,4,1,0.0,0.8,2186
Sean Harvey,Ross Muir,7,1000,1155,0.29819592913144066,0.4043192693921528,0,0,0,0,104,39,685,302,0,0,0,0,79,35,468,201,4,3,0.0,0.5714285714285714,2186
Li Hang,Jamie Cope,7,1337,1239,0.6313550071762073,0.5609454503247162,189,95,1342,692,525,282,3554,1810,88,47,616,332,55,19,539,269,4,2,0.0,0.6666666666666666,2186
Anthony Hamilton,Zhou Yuelong,7,1338,1321,0.5232282019769063,0.5106234010049637,763,445,5940,3180,101,54,683,354,152,85,546,273,116,58,519,275,4,1,0.0,0.8,2186
Xiao Guodong,Robert Read,7,1424,973,0.9342992837911581,0.7553772379137498,350,203,2323,1281,6,1,37,12,96,52,688,388,0,0,0,0,4,0,0.0,1.0,2186
Gerard Greene,Hatem Yassen,7,1278,987,0.8381631906470501,0.6742564252229473,648,352,4863,2553,4,0,28,7,0,0,412,206,8,3,28,7,4,0,0.0,1.0,2186
David Grace,Sean O'Sullivan,7,1243,1259,0.4781366606027012,0.4900013331200346,260,119,1717,823,155,69,972,464,71,32,461,206,74,35,499,257,4,0,0.0,1.0,2186
David Gilbert,Daniel Devlin,7,1432,1000,0.9261623827014096,0.7464939833376621,468,266,3453,1843,0,0,0,0,166,93,856,465,0,0,0,0,4,0,0.0,1.0,2186
Michael Georgiou,Fraser Patrick,7,1270,1210,0.5814204865006773,0.5374298453437496,151,69,920,447,173,73,1132,523,85,42,455,225,70,33,426,189,4,1,0.0,0.8,2186
Tom Ford,Ian Burns,7,1370,1229,0.685100616527281,0.587223690839335,514,294,3690,1966,267,141,1663,857,108,55,695,371,72,32,501,236,4,2,0.0,0.6666666666666666,2186
Kurt Dunham,Alex Borg,7,961,1160,0.24868775230024892,0.3781283576925339,8,1,46,11,332,143,2406,1105,46,11,46,11,59,22,346,153,4,2,0.0,0.6666666666666666,2186
Adam Duffy,Michael Williams,7,1321,1069,0.8042377114883456,0.6524894621927444,279,144,1782,918,36,18,180,95,81,39,565,300,0,0,155,83,4,0,0.0,1.0,2186
Scott Donaldson,Hammad Miah,7,1316,1171,0.6899164671577602,0.5896454785627312,172,89,1125,555,92,37,589,256,135,72,582,281,88,38,414,178,4,3,0.0,0.5714285714285714,2186
Mark Davis,Gareth Allen,7,1501,1176,0.8642241097139457,0.6926419831347361,959,580,6902,3776,143,69,810,398,157,93,1171,662,67,26,365,179,4,2,0.0,0.6666666666666666,2186
Dominic Dale,Ben Woollaston,7,1339,1343,0.4945314322857424,0.49750002083312506,828,478,6001,3203,482,277,3136,1673,189,100,1000,546,152,73,848,440,4,2,0.0,0.6666666666666666,2186
Ali Carter,Stephen Bateman,7,1479,1000,0.9449329675006553,0.7680797488721223,796,477,5646,3103,0,0,0,0,159,85,715,389,0,0,0,0,4,1,0.0,0.8,2186
Stuart Carrington,Ben Jones,7,1338,1064,0.8239065989069515,0.6648537304059736,256,138,1633,859,65,32,339,167,115,61,580,291,0,0,170,83,4,0,0.0,1.0,2186
James Cahill,Kevin Vandevoort,7,1107,968,0.6826800016944434,0.5860112044388707,112,36,723,299,6,1,31,11,57,21,416,177,0,0,0,0,4,0,0.0,1.0,2186
Yan Bingtao,Alfie Burden,7,1351,1272,0.6066210971235376,0.5492151291013335,54,30,367,200,603,326,4383,2261,138,82,328,177,74,31,505,250,4,3,0.0,0.5714285714285714,2186
Stuart Bingham,Sydney Wilson,7,1621,1112,0.9546864226118135,0.7811704063081433,951,603,6974,3977,155,58,907,404,306,193,1478,879,48,13,396,168,4,1,0.0,0.8,2186
Sam Baird,Daniel Ward,7,1302,1195,0.6428793213307702,0.5664790559676278,269,142,1831,944,99,57,566,322,95,45,574,293,0,0,4,0,4,2,0.0,0.6666666666666666,2186
Mark Allen,Zhang Yong,7,1508,1069,0.9292506806993505,0.7497913878870148,630,405,4303,2416,42,15,247,101,210,117,999,571,52,17,189,76,4,2,0.0,0.6666666666666666,2186
Mei Xiwen,Kurt Dunham,7,1297,961,0.8719653706122326,0.6984652160025387,60,31,395,199,8,1,46,11,120,67,170,93,46,11,46,11,4,2,0.0,0.6666666666666666,2186
Robbie Williams,Joe Perry,7,1292,1421,0.32954639777958084,0.4200665998114943,297,163,1878,964,920,546,6668,3606,83,38,602,299,197,108,1189,684,4,2,0.0,0.6666666666666666,2186
Jimmy White,Xiao Guodong,7,1206,1424,0.22883313985656367,0.36702522331953935,1377,773,11878,6257,350,203,2323,1281,62,27,452,206,96,52,688,388,4,2,0.0,0.6666666666666666,2186
Liang Wenbo,Zhao Xintong,7,1464,1371,0.6248970337106214,0.5578645727207344,507,310,3520,1950,83,46,540,301,282,163,1145,646,91,48,365,202,4,2,0.0,0.6666666666666666,2186
Lee Walker,Adam Duffy,7,1214,1321,0.3571206786692294,0.43352094403237207,404,226,3161,1637,279,144,1782,918,77,31,390,184,81,39,565,300,4,1,0.0,0.8,2186
Ricky Walden,Anthony Hamilton,7,1452,1338,0.651748409886971,0.5707716118944918,694,429,4979,2781,763,445,5940,3180,225,130,1094,635,152,85,546,273,4,0,0.0,1.0,2186
Thepchaiya Un-Nooh,Dechawat Poomjaeng,7,1325,1234,0.622303251187688,0.5566309599222533,238,136,1712,907,211,113,1509,765,97,41,779,422,54,21,660,338,4,2,0.0,0.6666666666666666,2186
Mark Selby,Elliot Slessor,7,1600,1171,0.9248057667294741,0.7450720559074311,915,628,6685,3896,108,45,651,297,309,199,1371,843,63,25,389,174,4,0,0.0,1.0,2186
Zack Richardson,Rory McLeod,7,1087,1243,0.2970193973349833,0.40371730070321216,43,20,237,128,499,272,3745,1951,0,0,148,78,66,26,504,243,4,2,0.0,0.6666666666666666,2186
Alan McManus,Christopher Keogan,7,1361,1100,0.8124499949726253,0.6575736106164225,862,514,7212,3825,102,40,567,261,72,30,790,434,46,13,313,155,4,1,0.0,0.8,2186
Kurt Maflin,Anthony McGill,7,1365,1392,0.4631419178202212,0.48313140430861523,455,264,3029,1637,366,220,2369,1301,123,69,676,347,139,71,857,464,4,3,0.0,0.5714285714285714,2186
Jack Lisowski,Kyren Wilson,7,1273,1423,0.3041121924541114,0.40733340004593027,325,191,2119,1141,302,183,1927,1060,93,44,592,299,98,55,680,376,4,0,0.0,1.0,2186
Peter Lines,Craig Steadman,7,1211,1248,0.44955793756481255,0.4768914745109111,702,379,5167,2678,372,206,2465,1301,75,32,493,223,63,25,606,306,4,3,0.0,0.5714285714285714,2186
Rod Lawler,Stuart Carrington,7,1246,1338,0.37639911510945645,0.44275214540144436,757,414,5814,3026,256,138,1633,859,118,53,684,344,115,61,580,291,4,1,0.0,0.8,2186
Jamie Jones,Cao Yupeng,7,1424,1176,0.8005143732994051,0.6502185485738271,425,258,2830,1544,185,90,1338,666,108,59,745,407,44,11,423,201,4,1,0.0,0.8,2186
Liam Highfield,Sean Harvey,7,1370,1000,0.8938256769723133,0.7160597938157098,283,154,1909,1008,0,0,0,0,83,42,526,283,0,0,0,0,4,3,0.0,0.5714285714285714,2186
Andrew Higginson,Rhys Clark,7,1368,1206,0.7099919234270913,0.5998883688639983,637,382,4537,2495,84,41,501,240,112,60,675,362,99,46,324,151,4,1,0.0,0.8,2186
Li Hang,Fergal O'Brien,7,1337,1397,0.4185795134993229,0.46257015465625045,189,95,1342,692,802,461,6080,3220,88,47,616,332,107,57,757,410,4,3,0.0,0.5714285714285714,2186
Gerard Greene,Stuart Bingham,7,1278,1621,0.12328085715740864,0.29786193180016485,648,352,4863,2553,951,603,6974,3977,0,0,412,206,306,193,1478,879,4,3,0.0,0.5714285714285714,2186
David Grace,Matthew Stevens,7,1243,1374,0.32708497904170997,0.41884903571060617,260,119,1717,823,870,512,6781,3698,71,32,461,206,112,61,695,358,4,3,0.0,0.5714285714285714,2186
Michael Georgiou,David Gilbert,7,1270,1432,0.29000807657290884,0.40011163113600173,151,69,920,447,468,266,3453,1843,85,42,455,225,166,93,856,465,4,2,0.0,0.6666666666666666,2186
Tom Ford,Chris Wakelin,7,1370,1300,0.5947357972115818,0.5436386872370789,514,294,3690,1966,119,63,784,399,108,55,695,371,118,60,572,290,4,3,0.0,0.5714285714285714,2186
Mark Davis,Sanderson Lam,7,1501,1144,0.8858301874086159,0.7094058152553435,959,580,6902,3776,99,44,579,268,157,93,1171,662,60,26,356,168,4,2,0.0,0.6666666666666666,2186
Dominic Dale,Ian Glover,7,1339,1129,0.7629243149475251,0.6283161882953663,828,478,6001,3203,167,69,1022,481,189,100,1000,546,0,0,253,100,4,1,0.0,0.8,2186
Ali Carter,Mark Joyce,7,1479,1363,0.6542665688127887,0.5719961329315186,796,477,5646,3103,389,206,2802,1429,159,85,715,389,99,51,610,315,4,3,0.0,0.5714285714285714,2186
James Cahill,Ryan Day,7,1107,1442,0.12872464400898986,0.3020615739919092,112,36,723,299,785,476,5495,3034,57,21,416,177,179,104,1234,692,4,2,0.0,0.6666666666666666,2186
Yan Bingtao,Scott Donaldson,7,1351,1316,0.5477297445502348,0.5218610539716015,54,30,367,200,172,89,1125,555,138,82,328,177,135,72,582,281,4,3,0.0,0.5714285714285714,2186
Sam Baird,Gary Wilson,7,1302,1329,0.4631419178202212,0.48313140430861523,269,142,1831,944,329,192,2120,1154,95,45,574,293,86,42,586,293,4,1,0.0,0.8,2186
John Astley,Mark King,7,1180,1377,0.2508331787523786,0.37930480863564453,136,60,847,384,834,465,6155,3225,77,32,289,111,133,73,830,443,4,2,0.0,0.6666666666666666,2186
Mark Allen,Joe Swail,7,1508,1257,0.8033111045084242,0.6519223788927313,630,405,4303,2416,778,420,6148,3205,210,117,999,571,78,38,654,336,4,1,0.0,0.8,2186
Robbie Williams,Andrew Higginson,7,1292,1368,0.3973295650806627,0.45264238185691075,297,163,1878,964,637,382,4537,2495,83,38,602,299,112,60,675,362,4,3,0.0,0.5714285714285714,2186
Jimmy White,Rod Lawler,7,1206,1246,0.44549420086403224,0.47502081252106,1377,773,11878,6257,757,414,5814,3026,62,27,452,206,118,53,684,344,4,1,0.0,0.8,2186
Michael White,Mei Xiwen,7,1388,1297,0.622303251187688,0.5566309599222533,375,217,2579,1382,60,31,395,199,177,94,979,533,120,67,170,93,4,2,0.0,0.6666666666666666,2186
Thepchaiya Un-Nooh,Kurt Maflin,7,1325,1365,0.44549420086403224,0.47502081252106,238,136,1712,907,455,264,3029,1637,97,41,779,422,123,69,676,347,4,1,0.0,0.8,2186
Mark Selby,James Cahill,7,1600,1107,0.9496847330516315,0.7742558331886429,915,628,6685,3896,112,36,723,299,309,199,1371,843,57,21,416,177,4,3,0.0,0.5714285714285714,2186
Zack Richardson,John Astley,7,1087,1180,0.37510296628937845,0.4421354272792655,43,20,237,128,136,60,847,384,0,0,148,78,77,32,289,111,4,1,0.0,0.8,2186
Jamie Jones,Peter Lines,7,1424,1211,0.7660354477872332,0.6300660082850182,425,258,2830,1544,702,379,5167,2678,108,59,745,407,75,32,493,223,4,1,0.0,0.8,2186
Liam Highfield,Ricky Walden,7,1370,1452,0.3894398892710193,0.448928730692658,283,154,1909,1008,694,429,4979,2781,83,42,526,283,225,130,1094,635,4,3,0.0,0.5714285714285714,2186
Gerard Greene,Michael Georgiou,7,1278,1270,0.510936041856229,0.5049998333399998,648,352,4863,2553,151,69,920,447,0,0,412,206,85,42,455,225,4,1,0.0,0.8,2186
David Grace,Jack Lisowski,7,1243,1273,0.4590611389260606,0.4812587841214648,260,119,1717,823,325,191,2119,1141,71,32,461,206,93,44,592,299,4,0,0.0,1.0,2186
Tom Ford,Alan McManus,7,1370,1361,0.5123026114255715,0.5056247627073255,514,294,3690,1966,862,514,7212,3825,108,55,695,371,72,30,790,434,4,2,0.0,0.6666666666666666,2186
Mark Davis,Lee Walker,7,1501,1214,0.834882617465889,0.6720562626502714,959,580,6902,3776,404,226,3161,1637,157,93,1171,662,77,31,390,184,4,2,0.0,0.6666666666666666,2186
Dominic Dale,Michael Holt,7,1339,1457,0.34322251370053336,0.42678022732016513,828,478,6001,3203,705,415,5171,2763,189,100,1000,546,216,122,986,532,4,2,0.0,0.6666666666666666,2186
Yan Bingtao,Ali Carter,7,1351,1479,0.33078006904137963,0.42067574785125056,54,30,367,200,796,477,5646,3103,138,82,328,177,159,85,715,389,4,3,0.0,0.5714285714285714,2186
Sam Baird,Liang Wenbo,7,1302,1464,0.29000807657290884,0.40011163113600173,269,142,1831,944,507,310,3520,1950,95,45,574,293,282,163,1145,646,4,2,0.0,0.6666666666666666,2186
Mark Allen,Li Hang,7,1508,1337,0.7203516579445735,0.6052765337748445,630,405,4303,2416,189,95,1342,692,210,117,999,571,88,47,616,332,4,2,0.0,0.6666666666666666,2186
Jimmy White,Michael White,7,1206,1388,0.2672511194925776,0.3881726309982629,1377,773,11878,6257,375,217,2579,1382,62,27,452,206,177,94,979,533,4,2,0.0,0.6666666666666666,2186
Thepchaiya Un-Nooh,Mark Allen,7,1325,1508,0.26613888371112276,0.38757906065208403,238,136,1712,907,630,405,4303,2416,97,41,779,422,210,117,999,571,4,3,0.0,0.5714285714285714,2186
Mark Selby,Sam Baird,7,1600,1302,0.843794955427504,0.6780882495516275,915,628,6685,3896,269,142,1831,944,309,199,1371,843,95,45,574,293,4,2,0.0,0.6666666666666666,2186
Jamie Jones,Gerard Greene,7,1424,1278,0.691115079332653,0.5902502519301834,425,258,2830,1544,648,352,4863,2553,108,59,745,407,0,0,412,206,4,0,0.0,1.0,2186
David Grace,Robbie Williams,7,1243,1292,0.433341285511335,0.469413239817919,260,119,1717,823,297,163,1878,964,71,32,461,206,83,38,602,299,4,0,0.0,1.0,2186
Tom Ford,Zack Richardson,7,1370,1087,0.8315565774707512,0.6698485160570237,514,294,3690,1966,43,20,237,128,108,55,695,371,0,0,148,78,4,1,0.0,0.8,2186
Mark Davis,Liam Highfield,7,1501,1370,0.6729150209582897,0.5811509642893937,959,580,6902,3776,283,154,1909,1008,157,93,1171,662,83,42,526,283,4,3,0.0,0.5714285714285714,2186
Dominic Dale,Yan Bingtao,7,1339,1351,0.4835986704357121,0.4925005624493796,828,478,6001,3203,54,30,367,200,189,100,1000,546,138,82,328,177,4,1,0.0,0.8,2186
Thepchaiya Un-Nooh,David Grace,7,1325,1243,0.6105601107289808,0.551071269307342,238,136,1712,907,260,119,1717,823,97,41,779,422,71,32,461,206,4,3,0.0,0.5714285714285714,2186
Mark Selby,Mark Davis,7,1600,1501,0.6326419490877371,0.5615610703361955,915,628,6685,3896,959,580,6902,3776,309,199,1371,843,157,93,1171,662,4,1,0.0,0.8,2186
Tom Ford,Jamie Jones,7,1370,1424,0.4266177377216683,0.4663011645670992,514,294,3690,1966,425,258,2830,1544,108,55,695,371,108,59,745,407,4,1,0.0,0.8,2186
Dominic Dale,Jimmy White,7,1339,1206,0.67536846283006,0.5823675407280794,828,478,6001,3203,1377,773,11878,6257,189,100,1000,546,62,27,452,206,4,2,0.0,0.6666666666666666,2186
Mark Selby,Dominic Dale,7,1600,1339,0.8124499949726253,0.6575736106164225,915,628,6685,3896,828,478,6001,3203,309,199,1371,843,189,100,1000,546,4,2,0.0,0.6666666666666666,2186
Tom Ford,Thepchaiya Un-Nooh,7,1370,1325,0.5612649493584694,0.528095374408387,514,294,3690,1966,238,136,1712,907,108,55,695,371,97,41,779,422,4,2,0.0,0.6666666666666666,2186
Mark Selby,Tom Ford,7,1600,1370,0.783204659627048,0.6399160967377341,915,628,6685,3896,514,294,3690,1966,309,199,1371,843,108,55,695,371,4,2,0.0,0.6666666666666666,2186
Cao Yupeng,Martin O'Donnell,9,1176,1224,0.4266123046090862,0.4700359482354282,187,91,1350,671,240,113,1448,720,56,16,435,206,52,24,415,217,5,4,0.0,0.5555555555555556,2124
Zhou Yuelong,Akani Songsermsawad,9,1309,1224,0.6283212305936767,0.5529259881329059,102,54,688,355,31,14,228,113,121,59,524,276,160,84,189,96,5,4,0.0,0.5555555555555556,2124
Wang Yuchen,Jamie Jones,9,1058,1451,0.0685064387221441,0.27239601075715814,35,11,223,88,430,262,2853,1561,60,25,128,52,131,76,768,424,5,2,0.0,0.7142857142857143,2124
Zhang Yong,Joe Swail,9,1073,1261,0.23526769602932074,0.38461624360881785,43,15,253,103,780,421,6157,3210,58,19,195,78,87,43,663,341,5,1,0.0,0.8333333333333334,2124
Ben Woollaston,Yan Bingtao,9,1335,1351,0.4754070207556724,0.4900013331200346,483,277,3142,1675,58,33,393,213,158,75,854,442,164,95,354,190,5,3,0.0,0.625,2124
Kyren Wilson,Andy Hicks,9,1419,1224,0.7728385057625519,0.6195173196470847,304,184,1935,1064,574,309,4699,2433,106,59,688,380,52,21,128,61,5,1,0.0,0.8333333333333334,2124
Gary Wilson,John Astley,9,1325,1180,0.7114258135090068,0.5896454785627312,331,193,2130,1159,138,61,858,389,96,47,596,298,88,37,300,116,5,0,0.0,1.0,2124
Mark Williams,Scott Donaldson,9,1456,1312,0.7101180862128782,0.5890404340586651,1213,796,9349,5353,174,90,1139,562,209,118,1199,702,149,79,596,288,5,1,0.0,0.8333333333333334,2124
Robbie Williams,Darryl Hill,9,1300,1003,0.8713152214887023,0.6775422953274692,301,166,1900,976,46,14,299,119,105,50,624,311,42,9,203,74,5,1,0.0,0.8333333333333334,2124
Michael White,Anthony Hamilton,9,1389,1336,0.5809264008951017,0.5330766223661046,378,219,2596,1392,765,446,5949,3184,194,104,996,543,161,89,555,277,5,4,0.0,0.5555555555555556,2124
Liang Wenbo,Chris Wakelin,9,1451,1303,0.7153313779464554,0.5914589784327801,510,312,3539,1960,121,64,797,406,301,173,1164,656,131,67,585,297,5,1,0.0,0.8333333333333334,2124
Daniel Wells,Tian Pengfei,9,1289,1328,0.44025134609183847,0.47564429123179275,293,145,1969,980,309,176,2048,1100,119,61,544,273,56,19,617,341,5,0,0.0,1.0,2124
James Wattana,Robert Milkins,9,1169,1330,0.268057314719077,0.40071183649164394,772,426,6529,3441,741,450,5487,2991,127,59,390,165,144,72,995,525,5,2,0.0,0.7142857142857143,2124
Lee Walker,Mark Joyce,9,1229,1363,0.30311722088262855,0.4170245457988005,406,227,3172,1643,390,206,2809,1432,88,37,401,190,106,54,617,318,5,3,0.0,0.625,2124
Ricky Walden,Jason Weston,9,1468,1090,0.92395463233562,0.7201085268004915,697,431,4994,2792,295,160,2270,1186,240,141,1109,646,47,10,183,73,5,2,0.0,0.7142857142857143,2124
Thepchaiya Un-Nooh,Noppon Saengkham,9,1358,1238,0.6778907155437834,0.574442516811659,244,141,1747,929,147,63,1042,478,132,63,814,444,121,59,631,299,5,0,0.0,1.0,2124
Judd Trump,Brandon Sargeant,9,1618,1043,0.9835521194877959,0.8080672135527632,745,500,5061,2970,46,19,259,120,253,156,1617,993,50,22,217,104,5,1,0.0,0.8333333333333334,2124
Allan Taylor,Sam Baird,9,1139,1332,0.22946053299777336,0.38166196066971714,240,114,1408,700,273,145,1854,958,66,22,387,156,118,59,597,307,5,3,0.0,0.625,2124
Matthew Stevens,Josh Boileau,9,1367,1117,0.8305589863516776,0.6513548646660542,872,513,6794,3705,58,30,309,156,125,68,708,365,62,24,211,108,5,1,0.0,0.8333333333333334,2124
Matthew Selt,Jak Jones,9,1377,1189,0.7647323039706795,0.6153837563911821,464,254,3226,1689,138,56,895,402,111,54,1016,576,77,35,284,119,5,0,0.0,1.0,2124
Mark Selby,Jimmy White,9,1618,1247,0.9202164313080865,0.7165678145577145,922,635,6723,3924,1382,777,11907,6275,347,227,1409,871,91,45,481,224,5,1,0.0,0.8333333333333334,2124
Neil Robertson,Sydney Wilson,9,1510,1111,0.9343346610713805,0.7305667649586345,777,506,5731,3261,156,58,912,405,142,78,1215,717,53,14,401,169,5,4,0.0,0.5555555555555556,2124
Jimmy Robertson,Fraser Patrick,9,1364,1199,0.7369488869894564,0.6016871801828567,388,209,2604,1348,174,73,1137,524,95,53,771,416,75,34,431,190,5,2,0.0,0.7142857142857143,2124
Joe Perry,Hossein Vafaei,9,1406,1228,0.7528658846129856,0.6094497836283252,922,547,6680,3612,45,25,336,168,209,114,1201,690,59,29,225,115,5,3,0.0,0.625,2124
Fergal O'Brien,Craig Steadman,9,1399,1246,0.7217811546951534,0.5944759307482401,804,462,6091,3227,374,207,2479,1308,118,64,768,417,77,32,620,313,5,3,0.0,0.625,2124
Shaun Murphy,Sanderson Lam,9,1536,1153,0.9265381133020754,0.7226209843749648,896,587,6627,3782,101,45,591,274,187,104,1453,870,72,32,368,174,5,1,0.0,0.8333333333333334,2124
Hammad Miah,Martin Gould,9,1172,1403,0.18816363955439813,0.35950804627666144,93,37,596,259,557,336,3764,2058,95,41,421,181,127,61,817,466,5,4,0.0,0.5555555555555556,2124
Alan McManus,Hatem Yassen,9,1368,977,0.93052470457039,0.726611880149394,865,516,7228,3835,5,0,32,7,88,40,806,444,12,3,32,7,5,0,0.0,1.0,2124
Anthony McGill,Itaro Santos,9,1397,906,0.967084071493345,0.7733807162924247,368,221,2380,1308,76,22,432,166,150,78,868,471,27,4,48,9,5,1,0.0,0.8333333333333334,2124
Stephen Maguire,Fang Xiongman,9,1507,1071,0.9498017118018997,0.7483817216070642,817,542,6023,3429,35,14,196,86,219,134,1156,674,42,11,136,58,5,0,0.0,1.0,2124
Kurt Maflin,David John,9,1367,1079,0.864117564265544,0.6726070170677604,458,266,3046,1646,72,33,486,233,140,78,693,356,51,14,89,33,5,1,0.0,0.8333333333333334,2124
Oliver Lines,Mitchell Mann,9,1256,1202,0.5824304989902049,0.5336988354329009,142,77,866,449,186,86,1137,553,99,44,539,269,82,36,374,166,5,3,0.0,0.625,2124
Rod Lawler,Nigel Bond,9,1254,1197,0.5869351044529159,0.5355648379838539,760,416,5830,3035,805,445,6414,3382,134,62,700,353,63,23,443,206,5,3,0.0,0.625,2124
Mark King,Sean O'Sullivan,9,1368,1243,0.6847334230529902,0.5774953651858118,836,466,6166,3231,156,69,976,464,144,79,841,449,78,35,503,257,5,4,0.0,0.5555555555555556,2124
Ding Junhui,Michael Georgiou,9,1566,1283,0.859995897595504,0.6698485160570237,636,426,4763,2720,154,71,936,456,289,166,1017,597,101,51,471,234,5,3,0.0,0.625,2124
Duane Jones,Dechawat Poomjaeng,9,1245,1242,0.5046141496682656,0.5018749912109869,120,68,683,380,213,114,1521,771,75,33,268,139,66,27,672,344,5,3,0.0,0.625,2124
Robin Hull,Elliot Slessor,9,1359,1177,0.7576524381780382,0.6118273690017371,473,285,3644,2005,110,46,660,301,102,52,467,242,72,29,398,178,5,1,0.0,0.8333333333333334,2124
Michael Holt,Chen Zhe,9,1448,1187,0.8408048830150162,0.6575736106164225,707,416,5182,2769,170,83,1044,517,227,128,997,538,67,27,270,125,5,0,0.0,1.0,2124
Andrew Higginson,Adam Stefanow,9,1376,1025,0.9087298931566316,0.706303891936407,640,384,4554,2506,32,13,170,76,129,71,692,373,54,23,109,46,5,1,0.0,0.8333333333333334,2124
John Higgins,Gareth Allen,9,1584,1177,0.937972930182064,0.7344853437972199,1278,906,10296,6089,144,69,816,400,314,196,1373,816,73,28,371,181,5,0,0.0,1.0,2124
Barry Hawkins,Zhao Xintong,9,1520,1371,0.7166273169339222,0.5920629281648192,797,493,5707,3172,85,47,551,307,172,108,1072,604,102,54,376,208,5,0,0.0,1.0,2124
Xiao Guodong,Kurt Dunham,9,1418,976,0.9519978672777369,0.7511957822308614,352,204,2333,1287,10,2,58,17,106,58,698,394,58,17,58,17,5,0,0.0,1.0,2124
David Grace,Paul Davison,9,1299,1202,0.6456229970128096,0.5603296426885532,265,123,1743,842,619,329,4360,2232,97,51,487,225,82,32,501,245,5,4,0.0,0.5555555555555556,2124
David Gilbert,Michael Wild,9,1428,1172,0.8362016064954723,0.6547534606063192,470,267,3463,1849,285,156,1729,929,176,99,866,471,71,28,127,51,5,3,0.0,0.625,2124
Marco Fu,Ashley Hugill,9,1481,1123,0.912888673167789,0.7099209183344533,777,463,5760,3140,51,25,270,133,193,120,1176,664,38,18,248,123,5,3,0.0,0.625,2124
Tom Ford,Christopher Keogan,9,1409,1110,0.8728763053804336,0.6786337178522214,521,300,3731,1992,104,41,576,266,149,81,736,397,55,18,322,160,5,2,0.0,0.7142857142857143,2124
Peter Ebdon,Alex Borg,9,1368,1146,0.8025160233947083,0.6352948493228071,998,572,7880,4233,333,143,2412,1107,69,32,862,470,65,24,352,155,5,1,0.0,0.8333333333333334,2124
Mike Dunn,Boonyarit Keattikun,9,1267,1136,0.6928574316362668,0.5811509642893937,639,341,4712,2433,27,8,209,91,74,33,633,336,96,37,209,91,5,4,0.0,0.5555555555555556,2124
Yu Delu,Ian Preece,9,1262,1213,0.5748977901659925,0.530586760182081,222,114,1542,783,180,101,1330,690,118,51,549,269,65,31,65,31,5,3,0.0,0.625,2124
Ryan Day,Hamza Akbar,9,1425,1007,0.9427044379406582,0.7398136066696879,786,476,5501,3036,11,1,77,24,185,106,1240,694,48,15,77,24,5,1,0.0,0.8333333333333334,2124
Mark Davis,Rhys Clark,9,1489,1198,0.8665483049653652,0.6742564252229473,964,584,6932,3793,85,41,506,241,187,110,1201,679,104,47,329,152,5,0,0.0,1.0,2124
Sam Craigie,Ken Doherty,9,1292,1245,0.5718764689798446,0.5293412500457856,106,55,634,334,1063,650,8731,4804,66,29,190,108,57,22,608,302,5,3,0.0,0.625,2124
Jamie Cope,Rory McLeod,9,1234,1233,0.5015380819320778,0.5006249996744794,526,282,3560,1812,501,273,3757,1957,61,21,545,271,78,32,516,249,5,2,0.0,0.7142857142857143,2124
Thor Chuan Leong,Jack Lisowski,9,1063,1283,0.19959436447291212,0.36586440898919936,41,11,264,100,328,193,2132,1149,66,22,264,100,106,52,605,307,5,2,0.0,0.7142857142857143,2124
Ali Carter,Liam Highfield,9,1472,1382,0.6355659071692855,0.5560138905446199,799,479,5665,3114,287,157,1936,1023,178,96,734,400,110,57,553,298,5,4,0.0,0.5555555555555556,2124
Stuart Carrington,Adam Duffy,9,1335,1318,0.5261277964586326,0.5106234010049637,258,139,1642,864,281,145,1791,923,124,66,589,296,90,44,574,305,5,2,0.0,0.7142857142857143,2124
James Cahill,Li Hang,9,1149,1345,0.22601710818420698,0.3798935676569099,115,38,740,310,192,97,1361,702,74,32,433,188,107,57,635,342,5,4,0.0,0.5555555555555556,2124
Ian Burns,Steven Hallworth,9,1225,1090,0.6982190316058211,0.5835831155172753,268,141,1669,859,59,18,366,152,78,34,507,238,35,15,261,100,5,3,0.0,0.625,2124
Jamie Burnett,Ross Muir,9,1332,1147,0.7612074518356959,0.6136070778047783,616,359,4878,2598,105,39,692,305,0,0,447,242,86,38,475,204,5,3,0.0,0.625,2124
Alfie Burden,Daniel Womersley,9,1271,1000,0.8497422960559372,0.6631804950993565,604,326,4390,2264,6,2,38,15,81,34,512,253,38,15,38,15,5,2,0.0,0.7142857142857143,2124
Luca Brecel,Peter Lines,9,1448,1238,0.7896412769224667,0.6283161882953663,236,127,1620,855,707,383,5194,2695,180,104,760,422,102,49,520,240,5,4,0.0,0.5555555555555556,2124
Stuart Bingham,Eden Sharav,9,1607,1191,0.9418670091629869,0.7388500060842489,953,604,6986,3984,94,50,550,274,318,200,1490,886,66,29,409,200,5,3,0.0,0.625,2124
Zhang Anda,Dominic Dale,9,1347,1380,0.44938671629072013,0.47938669028555136,247,122,1708,853,834,483,6035,3225,113,62,577,296,223,122,1034,568,5,1,0.0,0.8333333333333334,2124
Matthew Stevens,Liu Yiqi,9,1367,957,0.9392940397487847,0.7359453939271484,872,513,6794,3705,6,1,31,9,125,68,708,365,0,0,17,7,5,1,0.0,0.8333333333333334,2124
Xu Si,James Wattana,9,1035,1169,0.30311722088262855,0.4170245457988005,15,6,98,39,772,426,6529,3441,38,17,94,39,127,59,390,165,5,3,0.0,0.625,2124
Huang Jiahao,Hammad Miah,9,1003,1172,0.25809555879525126,0.3959186771306219,15,4,89,34,93,37,596,259,0,0,58,23,95,41,421,181,5,3,0.0,0.625,2124
Zhang Anda,Hu Hao,9,1347,1104,0.823812175871814,0.647370307581549,247,122,1708,853,24,12,138,71,113,62,577,296,8,3,53,25,5,3,0.0,0.625,2124
Zhou Yuelong,Huang Jiahao,9,1309,1003,0.8782310515028146,0.6824383021930648,102,54,688,355,15,4,89,34,121,59,524,276,0,0,58,23,5,1,0.0,0.8333333333333334,2124
Ben Woollaston,Gary Wilson,9,1335,1325,0.5153768549440177,0.5062496744995104,483,277,3142,1675,331,193,2130,1159,158,75,854,442,96,47,596,298,5,2,0.0,0.7142857142857143,2124
Kyren Wilson,Zhang Yong,9,1419,1073,0.9056659006528578,0.7037042379997707,304,184,1935,1064,43,15,253,103,106,59,688,380,58,19,195,78,5,3,0.0,0.625,2124
Mark Williams,Andrew Higginson,9,1456,1376,0.6210284680300693,0.549833997312478,1213,796,9349,5353,640,384,4554,2506,209,118,1199,702,129,71,692,373,5,1,0.0,0.8333333333333334,2124
Liang Wenbo,James Cahill,9,1451,1149,0.8751919168487037,0.6802671966986485,510,312,3539,1960,115,38,740,310,301,173,1164,656,74,32,433,188,5,2,0.0,0.7142857142857143,2124
Daniel Wells,Xu Si,9,1289,1035,0.8343351260922364,0.653622330899504,293,145,1969,980,15,6,98,39,119,61,544,273,38,17,94,39,5,3,0.0,0.625,2124
Ricky Walden,David Grace,9,1468,1299,0.7419044412047486,0.6040813228693781,697,431,4994,2792,265,123,1743,842,240,141,1109,646,97,51,487,225,5,1,0.0,0.8333333333333334,2124
Thepchaiya Un-Nooh,Mark King,9,1358,1368,0.4846231450559826,0.49375032550048964,244,141,1747,929,836,466,6166,3231,132,63,814,444,144,79,841,449,5,4,0.0,0.5555555555555556,2124
Matthew Selt,Matthew Stevens,9,1377,1367,0.5153768549440177,0.5062496744995104,464,254,3226,1689,872,513,6794,3705,111,54,1016,576,125,68,708,365,5,2,0.0,0.7142857142857143,2124
Mark Selby,Alfie Burden,9,1618,1271,0.9062849884895158,0.704225233864307,922,635,6723,3924,604,326,4390,2264,347,227,1409,871,81,34,512,253,5,2,0.0,0.7142857142857143,2124
Neil Robertson,Ian Burns,9,1510,1225,0.8616551521813485,0.6709533329057776,777,506,5731,3261,268,141,1669,859,142,78,1215,717,78,34,507,238,5,2,0.0,0.7142857142857143,2124
Jimmy Robertson,Wang Yuchen,9,1364,1058,0.8782310515028146,0.6824383021930648,388,209,2604,1348,35,11,223,88,95,53,771,416,60,25,128,52,5,1,0.0,0.8333333333333334,2124
Shaun Murphy,Cao Yupeng,9,1536,1176,0.9140492170600234,0.7109495026250039,896,587,6627,3782,187,91,1350,671,187,104,1453,870,56,16,435,206,5,2,0.0,0.7142857142857143,2124
Alan McManus,Jamie Cope,9,1368,1234,0.6968827791173715,0.5829754542011996,865,516,7228,3835,526,282,3560,1812,88,40,806,444,61,21,545,271,5,3,0.0,0.625,2124
Anthony McGill,Lee Walker,9,1397,1229,0.7406703376244016,0.6034832498647263,368,221,2380,1308,406,227,3172,1643,150,78,868,471,88,37,401,190,5,1,0.0,0.8333333333333334,2124
Kurt Maflin,Michael White,9,1367,1389,0.466204707662687,0.486253465097645,458,266,3046,1646,378,219,2596,1392,140,78,693,356,194,104,996,543,5,4,0.0,0.5555555555555556,2124
Ding Junhui,Robin Hull,9,1566,1359,0.786343333554673,0.6265629971237182,636,426,4763,2720,473,285,3644,2005,289,166,1017,597,102,52,467,242,5,1,0.0,0.8333333333333334,2124
Michael Holt,Fergal O'Brien,9,1448,1399,0.5748977901659925,0.530586760182081,707,416,5182,2769,804,462,6091,3227,227,128,997,538,118,64,768,417,5,2,0.0,0.7142857142857143,2124
John Higgins,Oliver Lines,9,1584,1256,0.8939742892523868,0.6942363401080305,1278,906,10296,6089,142,77,866,449,314,196,1373,816,99,44,539,269,5,2,0.0,0.7142857142857143,2124
Barry Hawkins,Robbie Williams,9,1520,1300,0.8004056355270881,0.6341355910108007,797,493,5707,3172,301,166,1900,976,172,108,1072,604,105,50,624,311,5,4,0.0,0.5555555555555556,2124
Xiao Guodong,Stephen Maguire,9,1418,1507,0.36587906232994205,0.44460335167941084,352,204,2333,1287,817,542,6023,3429,106,58,698,394,219,134,1156,674,5,4,0.0,0.5555555555555556,2124
David Gilbert,Rod Lawler,9,1428,1254,0.748026655837828,0.6070669880717036,470,267,3463,1849,760,416,5830,3035,176,99,866,471,134,62,700,353,5,0,0.0,1.0,2124
Tom Ford,Mark Davis,9,1409,1489,0.37897153196993094,0.45016600268752216,521,300,3731,1992,964,584,6932,3793,149,81,736,397,187,110,1201,679,5,4,0.0,0.5555555555555556,2124
Graeme Dott,Duane Jones,9,1389,1245,0.7101180862128782,0.5890404340586651,754,443,5828,3129,120,68,683,380,78,39,878,497,75,33,268,139,5,4,0.0,0.5555555555555556,2124
Ryan Day,Allan Taylor,9,1425,1139,0.8624794817796031,0.6715050342254059,786,476,5501,3036,240,114,1408,700,185,106,1240,694,66,22,387,156,5,1,0.0,0.8333333333333334,2124
Sam Craigie,Marco Fu,9,1292,1481,0.23409948444239598,0.3840246980818742,106,55,634,334,777,463,5760,3140,66,29,190,108,193,120,1176,664,5,3,0.0,0.625,2124
Thor Chuan Leong,Luca Brecel,9,1063,1448,0.07244841187992729,0.2763779325345598,41,11,264,100,236,127,1620,855,66,22,264,100,180,104,760,422,5,3,0.0,0.625,2124
Ali Carter,Mike Dunn,9,1472,1267,0.7841272219045134,0.6253923497205511,799,479,5665,3114,639,341,4712,2433,178,96,734,400,74,33,633,336,5,3,0.0,0.625,2124
Stuart Bingham,Stuart Carrington,9,1607,1335,0.8506163513024436,0.6637386974043528,953,604,6986,3984,258,139,1642,864,318,200,1490,886,124,66,589,296,5,4,0.0,0.5555555555555556,2124
Zhang Anda,Peter Ebdon,9,1347,1368,0.46773724876101863,0.4868780138177567,247,122,1708,853,998,572,7880,4233,113,62,577,296,69,32,862,470,5,1,0.0,0.8333333333333334,2124
Ben Woollaston,Ding Junhui,9,1335,1566,0.18816363955439813,0.35950804627666144,483,277,3142,1675,636,426,4763,2720,158,75,854,442,289,166,1017,597,5,1,0.0,0.8333333333333334,2124
Mark Williams,Graeme Dott,9,1456,1389,0.6018604645306946,0.5417773692836367,1213,796,9349,5353,754,443,5828,3129,209,118,1199,702,78,39,878,497,5,4,0.0,0.5555555555555556,2124
Daniel Wells,Kyren Wilson,9,1289,1419,0.3084898316863662,0.41945769517934034,293,145,1969,980,304,184,1935,1064,119,61,544,273,106,59,688,380,5,0,0.0,1.0,2124
Thepchaiya Un-Nooh,Mark Selby,9,1358,1618,0.1601085847974587,0.34298953732650117,244,141,1747,929,922,635,6723,3924,132,63,814,444,347,227,1409,871,5,3,0.0,0.625,2124
Matthew Selt,Sam Craigie,9,1377,1292,0.6283212305936767,0.5529259881329059,464,254,3226,1689,106,55,634,334,111,54,1016,576,66,29,190,108,5,4,0.0,0.5555555555555556,2124
Neil Robertson,Thor Chuan Leong,9,1510,1063,0.9537658725308359,0.7535246977220308,777,506,5731,3261,41,11,264,100,142,78,1215,717,66,22,264,100,5,1,0.0,0.8333333333333334,2124
Joe Perry,Tom Ford,9,1406,1409,0.4953858503317341,0.498125008789013,922,547,6680,3612,521,300,3731,1992,209,114,1201,690,149,81,736,397,5,2,0.0,0.7142857142857143,2124
Shaun Murphy,Jimmy Robertson,9,1536,1364,0.7455874700303385,0.6058736684317606,896,587,6627,3782,388,209,2604,1348,187,104,1453,870,95,53,771,416,5,0,0.0,1.0,2124
Alan McManus,Liang Wenbo,9,1368,1451,0.37459024383955214,0.44831033065729986,865,516,7228,3835,510,312,3539,1960,88,40,806,444,301,173,1164,656,5,2,0.0,0.7142857142857143,2124
Anthony McGill,Ricky Walden,9,1397,1468,0.3922116103813124,0.4557411415821268,368,221,2380,1308,697,431,4994,2792,150,78,868,471,240,141,1109,646,5,1,0.0,0.8333333333333334,2124
Kurt Maflin,Xiao Guodong,9,1367,1418,0.42208550570901493,0.4681681105837757,458,266,3046,1646,352,204,2333,1287,140,78,693,356,106,58,698,394,5,0,0.0,1.0,2124
John Higgins,Michael Holt,9,1584,1448,0.699552494810083,0.5841905229354074,1278,906,10296,6089,707,416,5182,2769,314,196,1373,816,227,128,997,538,5,4,0.0,0.5555555555555556,2124
David Gilbert,Zhou Yuelong,9,1428,1309,0.6765144327536381,0.5738312575916094,470,267,3463,1849,102,54,688,355,176,99,866,471,121,59,524,276,5,2,0.0,0.7142857142857143,2124
Ryan Day,Barry Hawkins,9,1425,1520,0.3572399624584108,0.440902528097607,786,476,5501,3036,797,493,5707,3172,185,106,1240,694,172,108,1072,604,5,4,0.0,0.5555555555555556,2124
Ali Carter,Stuart Bingham,9,1472,1607,0.3017809683941789,0.41641688448272474,799,479,5665,3114,953,604,6986,3984,178,96,734,400,318,200,1490,886,5,3,0.0,0.625,2124
Zhang Anda,Judd Trump,9,1347,1618,0.150257703944063,0.33681950490064355,247,122,1708,853,745,500,5061,2970,113,62,577,296,253,156,1617,993,5,2,0.0,0.7142857142857143,2124
Thepchaiya Un-Nooh,Alan McManus,9,1358,1368,0.4846231450559826,0.49375032550048964,244,141,1747,929,865,516,7228,3835,132,63,814,444,88,40,806,444,5,0,0.0,1.0,2124
Neil Robertson,Ryan Day,9,1510,1425,0.6283212305936767,0.5529259881329059,777,506,5731,3261,786,476,5501,3036,142,78,1215,717,185,106,1240,694,5,1,0.0,0.8333333333333334,2124
Joe Perry,Ben Woollaston,9,1406,1335,0.6077883896186873,0.5442588584178731,922,547,6680,3612,483,277,3142,1675,209,114,1201,690,158,75,854,442,5,4,0.0,0.5555555555555556,2124
Shaun Murphy,Kurt Maflin,9,1536,1367,0.7419044412047486,0.6040813228693781,896,587,6627,3782,458,266,3046,1646,187,104,1453,870,140,78,693,356,5,1,0.0,0.8333333333333334,2124
Anthony McGill,Matthew Selt,9,1397,1377,0.530729707309385,0.5124973964842103,368,221,2380,1308,464,254,3226,1689,150,78,868,471,111,54,1016,576,5,2,0.0,0.7142857142857143,2124
John Higgins,Mark Williams,9,1584,1456,0.6888075102228256,0.5793242521487495,1278,906,10296,6089,1213,796,9349,5353,314,196,1373,816,209,118,1199,702,5,2,0.0,0.7142857142857143,2124
David Gilbert,Zhang Anda,9,1428,1347,0.6224907473842691,0.5504527113395278,470,267,3463,1849,247,122,1708,853,176,99,866,471,113,62,577,296,5,0,0.0,1.0,2124
Ali Carter,Daniel Wells,9,1472,1289,0.7588407806226307,0.6124209393479161,799,479,5665,3114,293,145,1969,980,178,96,734,400,119,61,544,273,5,4,0.0,0.5555555555555556,2124
Thepchaiya Un-Nooh,Anthony McGill,9,1358,1397,0.44025134609183847,0.47564429123179275,244,141,1747,929,368,221,2380,1308,132,63,814,444,150,78,868,471,5,2,0.0,0.7142857142857143,2124
Neil Robertson,David Gilbert,9,1510,1428,0.6239511835050622,0.551071269307342,777,506,5731,3261,470,267,3463,1849,142,78,1215,717,176,99,866,471,5,2,0.0,0.7142857142857143,2124
Joe Perry,Shaun Murphy,9,1406,1536,0.3084898316863662,0.41945769517934034,922,547,6680,3612,896,587,6627,3782,209,114,1201,690,187,104,1453,870,5,2,0.0,0.7142857142857143,2124
Ali Carter,John Higgins,9,1472,1584,0.33318981371579004,0.43045377606077095,799,479,5665,3114,1278,906,10296,6089,178,96,734,400,314,196,1373,816,5,0,0.0,1.0,2124
Joe Perry,Neil Robertson,11,1406,1510,0.3298043593568599,0.4353637081969708,922,547,6680,3612,777,506,5731,3261,209,114,1201,690,142,78,1215,717,6,2,0.0,0.75,2124
Ali Carter,Thepchaiya Un-Nooh,11,1472,1358,0.6853355319816946,0.5707716118944918,799,479,5665,3114,244,141,1747,929,178,96,734,400,132,63,814,444,6,1,0.0,0.8571428571428571,2124
Ali Carter,Joe Perry,19,1472,1406,0.642133052576362,0.541156668150228,799,479,5665,3114,922,547,6680,3612,178,96,734,400,209,114,1201,690,10,8,0.0,0.5555555555555556,2124
Zhou Yuelong,Gareth Allen,7,1309,1166,0.6875128007198821,0.5884351201276382,105,56,710,367,145,69,821,400,143,71,546,288,78,28,376,181,4,3,0.0,0.5714285714285714,2123
Zhang Yong,Noppon Saengkham,7,1100,1221,0.3394699373735689,0.424946451444212,45,16,267,111,148,63,1047,478,72,27,209,86,126,59,636,299,4,2,0.0,0.6666666666666666,2123
Fang Xiongman,Li Hang,7,1061,1332,0.17869460046062505,0.33681950490064355,36,14,201,86,193,97,1370,706,47,11,141,58,116,61,644,346,4,2,0.0,0.6666666666666666,2123
Zhao Xintong,Tom Ford,7,1355,1407,0.42930455538057166,0.4675456936126812,86,47,556,307,524,302,3754,2004,107,54,381,208,172,93,759,409,4,3,0.0,0.5714285714285714,2123
Kyren Wilson,Hatem Yassen,7,1401,966,0.9274990826281075,0.7479106630456372,307,186,1954,1074,6,0,37,7,125,69,707,390,17,3,37,7,4,0,0.0,1.0,2123
Gary Wilson,Rhys Clark,7,1329,1185,0.6887157040547041,0.5890404340586651,333,194,2142,1166,86,41,511,241,108,54,608,305,109,47,334,152,4,1,0.0,0.8,2123
Mark Williams,David John,7,1473,1071,0.9116708670628891,0.7320405018416317,1217,799,9377,5370,73,33,492,234,237,135,1227,719,57,15,95,34,4,1,0.0,0.8,2123
Robbie Williams,Peter Lines,7,1313,1243,0.5947357972115818,0.5436386872370789,303,167,1915,985,708,383,5203,2699,120,59,639,320,111,53,529,244,4,2,0.0,0.6666666666666666,2123
Jimmy White,Ali Carter,7,1241,1524,0.16844342252924877,0.33015148394297633,1383,777,11913,6276,806,486,5729,3155,97,46,487,225,242,137,798,441,4,1,0.0,0.8,2123
Daniel Wells,Darryl Hill,7,1334,996,0.8733372031383986,0.6995172276624274,297,148,1996,999,47,14,305,120,146,80,571,292,48,10,209,75,4,0,0.0,1.0,2123
James Wattana,Kurt Maflin,7,1173,1390,0.2298540184474826,0.3676062104304372,774,427,6544,3449,462,269,3072,1662,142,67,405,173,166,94,719,372,4,1,0.0,0.8,2123
Ricky Walden,Zhang Anda,7,1461,1379,0.6105601107289808,0.551071269307342,700,433,5013,2803,252,126,1740,873,259,152,1128,657,145,82,609,316,4,1,0.0,0.8,2123
Allan Taylor,Jamie Cope,7,1147,1243,0.3712235715309693,0.44028635073280703,242,115,1422,706,528,283,3575,1820,80,28,401,162,76,29,560,279,4,3,0.0,0.5714285714285714,2123
Joe Swail,Kurt Dunham,7,1239,966,0.8230423767770356,0.6642964428999887,781,421,6163,3211,11,2,63,17,93,44,669,342,63,17,63,17,4,1,0.0,0.8,2123
Matthew Stevens,Adam Stefanow,7,1368,1019,0.8806881852645642,0.7052656295907794,875,515,6813,3717,33,13,176,77,144,80,727,377,60,24,115,47,4,1,0.0,0.8,2123
Akani Songsermsawad,Ben Woollaston,7,1224,1376,0.30173900629161093,0.4061268970658573,32,14,237,117,487,280,3172,1694,169,88,198,100,188,94,884,461,4,3,0.0,0.5714285714285714,2123
Elliot Slessor,Thepchaiya Un-Nooh,7,1166,1413,0.20042350026365735,0.3503502507095912,111,46,666,302,250,146,1788,955,78,30,404,179,173,89,855,470,4,2,0.0,0.6666666666666666,2123
Eden Sharav,Sean O'Sullivan,7,1198,1245,0.4360365854867152,0.47065874995421436,95,50,558,277,157,69,985,468,74,32,417,203,87,39,512,261,4,1,0.0,0.8,2123
Matthew Selt,Gareth Green,7,1393,1052,0.8753745152338872,0.7010913114266953,468,257,3254,1706,56,27,316,144,139,71,1044,593,0,0,58,26,4,0,0.0,1.0,2123
Jimmy Robertson,Aditya Mehta,7,1362,1275,0.6170981549456108,0.5541616527636486,391,211,2622,1358,252,125,1733,861,113,63,789,426,76,34,513,257,4,0,0.0,1.0,2123
Dechawat Poomjaeng,Itaro Santos,7,1234,903,0.8684878923525275,0.6958260586292875,214,114,1529,774,77,22,438,167,74,30,680,347,33,5,54,10,4,0,0.0,1.0,2123
Fraser Patrick,Rod Lawler,7,1193,1244,0.43064928112217615,0.4681681105837757,175,73,1144,526,762,417,5843,3040,82,36,438,192,147,67,713,358,4,2,0.0,0.6666666666666666,2123
Martin O'Donnell,Thor Chuan Leong,7,1218,1100,0.6567774862994666,0.5732197726798348,241,113,1457,724,44,13,285,111,61,28,424,221,87,33,285,111,4,2,0.0,0.6666666666666666,2123
Shaun Murphy,Lyu Chenwei,7,1551,1067,0.9466715437504504,0.7702989490466019,901,591,6658,3804,50,15,312,125,218,126,1484,892,25,11,234,87,4,0,0.0,1.0,2123
Robert Milkins,Boonyarit Keattikun,7,1312,1138,0.7237619985420221,0.6070669880717036,742,450,5494,2993,28,8,218,95,151,74,1002,527,105,41,218,95,4,1,0.0,0.8,2123
Rory McLeod,Andy Hicks,7,1221,1214,0.5095693356278297,0.5043748883497735,502,273,3764,1959,575,309,4705,2434,85,34,523,251,58,22,134,62,4,2,0.0,0.6666666666666666,2123
Anthony McGill,Chen Zhe,7,1427,1173,0.8060824586598727,0.653622330899504,373,225,2412,1330,171,83,1049,517,182,100,900,493,72,27,275,125,4,0,0.0,1.0,2123
Mitchell Mann,Michael Holt,7,1196,1474,0.1726649612821163,0.3329217229043748,187,86,1145,556,710,418,5203,2783,90,39,382,169,248,142,1018,552,4,1,0.0,0.8,2123
Stephen Maguire,Charlie Walters,7,1509,1018,0.9490278562465377,0.7733807162924247,819,543,6037,3438,76,29,425,190,233,143,1170,683,12,6,133,63,4,0,0.0,1.0,2123
Jack Lisowski,Michael Wild,7,1263,1174,0.6197035864994962,0.5553966483205892,329,193,2139,1151,286,156,1737,932,113,54,612,309,79,31,135,54,4,1,0.0,0.8,2123
Oliver Lines,Marc Davis,7,1261,1076,0.7360780864464773,0.6136070778047783,144,78,881,456,103,44,548,253,114,51,554,276,11,2,159,81,4,0,0.0,1.0,2123
David Lilley,Tian Pengfei,7,1137,1307,0.2807899358531167,0.39532091528599067,49,25,307,163,310,176,2053,1100,31,14,31,14,61,19,622,341,4,3,0.0,0.5714285714285714,2123
Mark King,Lee Walker,7,1362,1231,0.6729150209582897,0.5811509642893937,838,467,6184,3240,408,228,3186,1649,162,88,859,458,102,43,415,196,4,1,0.0,0.8,2123
Duane Jones,Yu Delu,7,1255,1268,0.48223281808358937,0.4918757150937391,122,69,700,389,223,115,1550,788,92,42,285,148,126,56,557,274,4,2,0.0,0.6666666666666666,2123
Jamie Jones,Jason Weston,7,1426,1090,0.8719653706122326,0.6984652160025387,431,262,2860,1563,296,160,2277,1188,138,78,775,426,54,12,190,75,4,2,0.0,0.6666666666666666,2123
Robin Hull,Brandon Sargeant,7,1360,1042,0.8591236298223967,0.6889039179769546,475,286,3656,2011,47,19,265,121,114,58,479,248,56,23,223,105,4,1,0.0,0.8,2123
Ashley Hugill,Ross Muir,7,1128,1146,0.47540722540195457,0.4887518980531451,52,25,278,136,106,39,700,308,46,21,256,126,94,41,483,207,4,2,0.0,0.6666666666666666,2123
Liam Highfield,David Gilbert,7,1382,1459,0.39601140843867844,0.4520230623632036,288,157,1945,1027,475,271,3495,1871,119,61,562,302,208,121,898,493,4,2,0.0,0.6666666666666666,2123
Andrew Higginson,Yan Bingtao,7,1369,1342,0.536858082179779,0.5168685956913849,642,385,4566,2512,59,33,401,216,141,77,704,379,172,98,362,193,4,2,0.0,0.6666666666666666,2123
Barry Hawkins,Scott Donaldson,7,1522,1300,0.7752232149046754,0.6352948493228071,800,495,5730,3186,175,90,1145,563,195,122,1095,618,155,80,602,289,4,3,0.0,0.5714285714285714,2123
Anthony Hamilton,Michael White,7,1334,1386,0.42930455538057166,0.4675456936126812,766,446,5958,3188,380,220,2614,1401,170,93,564,281,212,113,1014,552,4,1,0.0,0.8,2123
Steven Hallworth,Hossein Vafaei,7,1087,1227,0.31610864255174254,0.41338242108267,60,18,374,155,46,25,344,171,43,18,269,103,67,32,233,118,4,3,0.0,0.5714285714285714,2123
Xiao Guodong,Wang Yuchen,7,1415,1075,0.8746981311142084,0.7005671424739729,355,206,2352,1297,37,12,236,94,125,68,717,404,73,31,141,58,4,2,0.0,0.6666666666666666,2123
David Grace,Sam Craigie,7,1288,1313,0.465864760862579,0.4843800842769844,267,124,1758,848,109,57,659,348,112,57,502,231,91,43,215,122,4,1,0.0,0.8,2123
Martin Gould,Christopher Keogan,7,1389,1108,0.829876495909729,0.668741821102192,558,336,3773,2062,105,41,583,268,136,65,826,470,62,20,329,162,4,1,0.0,0.8,2123
Michael Georgiou,Fergal O'Brien,7,1286,1391,0.3596701363363135,0.43474925243290014,155,71,944,459,806,463,6106,3234,109,54,479,237,133,71,783,424,4,3,0.0,0.5714285714285714,2123
Marco Fu,Louis Heathcote,7,1461,980,0.9456340174927519,0.7689692210129387,779,464,5776,3148,16,5,90,34,209,128,1192,672,12,2,72,26,4,2,0.0,0.6666666666666666,2123
Peter Ebdon,Daniel Womersley,7,1362,997,0.8908027727664171,0.713511467542637,1000,573,7892,4239,7,2,45,17,81,38,874,476,45,17,45,17,4,1,0.0,0.8,2123
Mike Dunn,Ian Preece,7,1265,1207,0.578744911388209,0.5361866202317948,641,342,4729,2441,181,101,1338,693,91,41,650,344,73,34,73,34,4,2,0.0,0.6666666666666666,2123
Graeme Dott,Michael Collumb,7,1387,1045,0.8760481845200896,0.7016149536154007,756,444,5846,3138,44,18,238,114,96,48,896,506,11,6,152,80,4,3,0.0,0.5714285714285714,2123
Ryan Day,Sanderson Lam,7,1431,1148,0.8315565774707512,0.6698485160570237,790,479,5528,3052,102,45,597,275,212,122,1267,710,78,33,374,175,4,0,0.0,1.0,2123
Mark Davis,James Cahill,7,1494,1160,0.8705826043505938,0.6974111143958823,966,585,6946,3802,117,39,756,317,201,119,1215,688,90,39,449,195,4,0,0.0,1.0,2123
Dominic Dale,Adam Duffy,7,1363,1307,0.5760654606907909,0.5349429451582145,835,483,6041,3226,282,145,1798,925,229,123,1040,569,97,46,581,307,4,0,0.0,1.0,2123
Stuart Carrington,Sydney Wilson,7,1353,1124,0.7822166026963269,0.6393398367530659,260,140,1658,873,157,58,921,409,140,75,605,305,62,18,410,173,4,1,0.0,0.8,2123
Jamie Burnett,Craig Steadman,7,1333,1244,0.6197035864994962,0.5553966483205892,617,360,4886,2603,375,207,2487,1311,8,5,455,247,85,35,628,316,4,1,0.0,0.8,2123
Alfie Burden,Paul Davison,7,1274,1202,0.5973854695265872,0.5448788923735801,606,327,4404,2271,620,329,4369,2236,95,41,526,260,91,36,510,249,4,0,0.0,1.0,2123
Oliver Brown,Ken Doherty,7,1194,1239,0.4387350506415305,0.4719046255916129,150,65,823,386,1064,650,8739,4807,14,8,312,157,65,25,616,305,4,3,0.0,0.5714285714285714,2123
Luca Brecel,Hammad Miah,7,1421,1171,0.8023816778034777,0.6513548646660542,238,128,1637,863,95,38,613,267,197,112,777,430,112,49,438,189,4,2,0.0,0.6666666666666666,2123
Nigel Bond,Joshua Thomond,7,1191,989,0.7545108097932872,0.623633628298226,806,445,6422,3385,4,1,23,10,71,26,451,209,11,6,23,10,4,0,0.0,1.0,2123
Stuart Bingham,Cao Yupeng,7,1580,1182,0.909578822811983,0.7300743839811188,956,606,7011,3997,189,92,1366,678,343,213,1515,899,72,23,451,213,4,0,0.0,1.0,2123
Sam Baird,Alex Borg,7,1316,1136,0.7305169455924372,0.610639233949222,274,145,1862,961,334,143,2418,1108,126,62,605,310,71,25,358,156,4,0,0.0,1.0,2123
John Astley,Ian Burns,7,1164,1225,0.41724321907824724,0.4619487156141408,139,61,863,389,270,142,1684,866,93,37,305,116,93,41,522,245,4,2,0.0,0.6666666666666666,2123
Hamza Akbar,Chris Wakelin,7,1003,1291,0.16429297846297009,0.32739298293223956,12,1,83,25,122,64,803,407,54,16,83,25,137,68,591,298,4,1,0.0,0.8,2123
Zhao Xintong,Kamal Chawla,7,1355,1052,0.847732715071801,0.6808107108156386,86,47,556,307,10,5,71,34,107,54,381,208,0,0,49,23,4,2,0.0,0.6666666666666666,2123
Andrew Higginson,Manan Chandra,7,1369,1046,0.8627807229403067,0.6915765137521193,642,385,4566,2512,46,17,346,152,141,77,704,379,0,0,0,0,4,1,0.0,0.8,2123
David Grace,Lucky Vatnani,7,1288,975,0.855396798107813,0.6862186708976811,267,124,1758,848,64,23,361,149,112,57,502,231,0,0,18,9,4,1,0.0,0.8,2123
Pankaj Advani,Fang Xiongman,7,1397,1061,0.8719653706122326,0.6984652160025387,105,61,746,404,36,14,201,86,61,41,200,111,47,11,141,58,4,2,0.0,0.6666666666666666,2123
Gary Wilson,Zhao Xintong,7,1329,1355,0.4645031181885513,0.48375571893792757,333,194,2142,1166,86,47,556,307,108,54,608,305,107,54,381,208,4,1,0.0,0.8,2123
Kyren Wilson,Martin O'Donnell,7,1401,1218,0.7338611162888773,0.6124209393479161,307,186,1954,1074,241,113,1457,724,125,69,707,390,61,28,424,221,4,3,0.0,0.5714285714285714,2123
Mark Williams,Zhang Yong,7,1473,1100,0.8956083654896791,0.7175822059302752,1217,799,9377,5370,45,16,267,111,237,135,1227,719,72,27,209,86,4,1,0.0,0.8,2123
Joe Swail,Jimmy White,7,1239,1241,0.4972656477862734,0.49875000260416025,781,421,6163,3211,1383,777,11913,6276,93,44,669,342,97,46,487,225,4,2,0.0,0.6666666666666666,2123
Matthew Stevens,Mark Joyce,7,1368,1350,0.5245927745980452,0.5112481019468548,875,515,6813,3717,391,206,2817,1435,144,80,727,377,114,57,625,321,4,2,0.0,0.6666666666666666,2123
Akani Songsermsawad,Jamie Burnett,7,1224,1333,0.3545779913833035,0.43229345192664,32,14,237,117,617,360,4886,2603,169,88,198,100,8,5,455,247,4,1,0.0,0.8,2123
Matthew Selt,David Grace,7,1393,1288,0.6403298636636867,0.5652507475670999,468,257,3254,1706,267,124,1758,848,139,71,1044,593,112,57,502,231,4,2,0.0,0.6666666666666666,2123
Shaun Murphy,Daniel Wells,7,1551,1334,0.7701459815525172,0.6323937895695628,901,591,6658,3804,297,148,1996,999,218,126,1484,892,146,80,571,292,4,1,0.0,0.8,2123
Robert Milkins,Stuart Carrington,7,1312,1353,0.44414095234189266,0.47439741167538224,742,450,5494,2993,260,140,1658,873,151,74,1002,527,140,75,605,305,4,1,0.0,0.8,2123
Rory McLeod,Mark King,7,1221,1362,0.3148993834727192,0.4127763091606651,502,273,3764,1959,838,467,6184,3240,85,34,523,251,162,88,859,458,4,1,0.0,0.8,2123
Anthony McGill,Oliver Brown,7,1427,1194,0.786152249899794,0.6416424532015634,373,225,2412,1330,150,65,823,386,182,100,900,493,14,8,312,157,4,1,0.0,0.8,2123
Stephen Maguire,Alfie Burden,7,1509,1274,0.7881034579959058,0.6427913242407762,819,543,6037,3438,606,327,4404,2271,233,143,1170,683,95,41,526,260,4,0,0.0,1.0,2123
Oliver Lines,Graeme Dott,7,1261,1387,0.33325327584718467,0.4218947671156908,144,78,881,456,756,444,5846,3138,114,51,554,276,96,48,896,506,4,1,0.0,0.8,2123
David Lilley,Mike Dunn,7,1137,1265,0.33078006904137963,0.42067574785125056,49,25,307,163,641,342,4729,2441,31,14,31,14,91,41,650,344,4,2,0.0,0.6666666666666666,2123
Duane Jones,Liam Highfield,7,1255,1382,0.33201569905505146,0.421285137539866,122,69,700,389,288,157,1945,1027,92,42,285,148,119,61,562,302,4,3,0.0,0.5714285714285714,2123
Jamie Jones,James Wattana,7,1426,1173,0.8051614968205012,0.6530561132866127,431,262,2860,1563,774,427,6544,3449,138,78,775,426,142,67,405,173,4,3,0.0,0.5714285714285714,2123
Andrew Higginson,Mitchell Mann,7,1369,1196,0.7226276336267841,0.6064704870683034,642,385,4566,2512,187,86,1145,556,141,77,704,379,90,39,382,169,4,1,0.0,0.8,2123
Barry Hawkins,Ashley Hugill,7,1522,1128,0.9074479165872151,0.7280991982662492,800,495,5730,3186,52,25,278,136,195,122,1095,618,46,21,256,126,4,0,0.0,1.0,2123
Anthony Hamilton,Eden Sharav,7,1334,1198,0.6790334655716898,0.5841905229354074,766,446,5958,3188,95,50,558,277,170,93,564,281,74,32,417,203,4,3,0.0,0.5714285714285714,2123
Xiao Guodong,Jimmy Robertson,7,1415,1362,0.5720392978025534,0.5330766223661046,355,206,2352,1297,391,211,2622,1358,125,68,717,404,113,63,789,426,4,3,0.0,0.5714285714285714,2123
Martin Gould,Allan Taylor,7,1389,1147,0.794845010612041,0.6467993925579857,558,336,3773,2062,242,115,1422,706,136,65,826,470,80,28,401,162,4,0,0.0,1.0,2123
Michael Georgiou,Dechawat Poomjaeng,7,1286,1234,0.5706954446194282,0.5324543063873187,155,71,944,459,214,114,1529,774,109,54,479,237,74,30,680,347,4,2,0.0,0.6666666666666666,2123
Marco Fu,S. Dilip Kumar,7,1461,1000,0.9382767050137978,0.7599672558590728,779,464,5776,3148,0,0,0,0,209,128,1192,672,0,0,0,0,4,0,0.0,1.0,2123
Peter Ebdon,Zhou Yuelong,7,1362,1309,0.5720392978025534,0.5330766223661046,1000,573,7892,4239,105,56,710,367,81,38,874,476,143,71,546,288,4,1,0.0,0.8,2123
Mark Davis,Robin Hull,7,1494,1360,0.6765921632853334,0.5829754542011996,966,585,6946,3802,475,286,3656,2011,201,119,1215,688,114,58,479,248,4,3,0.0,0.5714285714285714,2123
Dominic Dale,Ishpreet Chadha,7,1363,1027,0.8719653706122326,0.6984652160025387,835,483,6041,3226,6,3,39,17,229,123,1040,569,39,17,39,17,4,2,0.0,0.6666666666666666,2123
Nigel Bond,Ricky Walden,7,1191,1461,0.17956735481205705,0.33737816282991745,806,445,6422,3385,700,433,5013,2803,71,26,451,209,259,152,1128,657,4,1,0.0,0.8,2123
Stuart Bingham,Steven Hallworth,7,1580,1087,0.9496847330516315,0.7742558331886429,956,606,7011,3997,60,18,374,155,343,213,1515,899,43,18,269,103,4,3,0.0,0.5714285714285714,2123
Sam Baird,Jack Lisowski,7,1316,1263,0.5720392978025534,0.5330766223661046,274,145,1862,961,329,193,2139,1151,126,62,605,310,113,54,612,309,4,3,0.0,0.5714285714285714,2123
John Astley,Ryan Day,7,1164,1431,0.18220267472734858,0.33905685844083716,139,61,863,389,790,479,5528,3052,93,37,305,116,212,122,1267,710,4,3,0.0,0.5714285714285714,2123
Pankaj Advani,Elliot Slessor,7,1397,1166,0.7841899555246323,0.6404919537233386,105,61,746,404,111,46,666,302,61,41,200,111,78,30,404,179,4,0,0.0,1.0,2123
Gary Wilson,Anthony Hamilton,7,1329,1334,0.493164418520332,0.4968750406894683,333,194,2142,1166,766,446,5958,3188,108,54,608,305,170,93,564,281,4,2,0.0,0.6666666666666666,2123
Kyren Wilson,Xiao Guodong,7,1401,1415,0.48086718764462183,0.4912508931197597,307,186,1954,1074,355,206,2352,1297,125,69,707,390,125,68,717,404,4,3,0.0,0.5714285714285714,2123
Akani Songsermsawad,Mark Davis,7,1224,1494,0.17956735481205705,0.33737816282991745,32,14,237,117,966,585,6946,3802,169,88,198,100,201,119,1215,688,4,2,0.0,0.6666666666666666,2123
Shaun Murphy,Michael Georgiou,7,1551,1286,0.8160262378047215,0.6598217549720575,901,591,6658,3804,155,71,944,459,218,126,1484,892,109,54,479,237,4,3,0.0,0.5714285714285714,2123
Robert Milkins,Joe Swail,7,1312,1239,0.5987085312450529,0.5454987872127821,742,450,5494,2993,781,421,6163,3211,151,74,1002,527,93,44,669,342,4,1,0.0,0.8,2123
Anthony McGill,Matthew Selt,7,1427,1393,0.5463726874746992,0.5212372149662741,373,225,2412,1330,468,257,3254,1706,182,100,900,493,139,71,1044,593,4,2,0.0,0.6666666666666666,2123
Stephen Maguire,Pankaj Advani,7,1509,1397,0.6492231123314619,0.569546223939229,819,543,6037,3438,105,61,746,404,233,143,1170,683,61,41,200,111,4,3,0.0,0.5714285714285714,2123
Oliver Lines,Andrew Higginson,7,1261,1369,0.3558484820461031,0.4329070950345457,144,78,881,456,642,385,4566,2512,114,51,554,276,141,77,704,379,4,2,0.0,0.6666666666666666,2123
David Lilley,Mark Williams,7,1137,1473,0.1280346293877675,0.30153478399746125,49,25,307,163,1217,799,9377,5370,31,14,31,14,237,135,1227,719,4,3,0.0,0.5714285714285714,2123
Barry Hawkins,Rory McLeod,7,1522,1221,0.8461660899282688,0.6797231924722057,800,495,5730,3186,502,273,3764,1959,195,122,1095,618,85,34,523,251,4,2,0.0,0.6666666666666666,2123
Martin Gould,Jamie Jones,7,1389,1426,0.44955793756481255,0.4768914745109111,558,336,3773,2062,431,262,2860,1563,136,65,826,470,138,78,775,426,4,2,0.0,0.6666666666666666,2123
Peter Ebdon,Duane Jones,7,1362,1255,0.6428793213307702,0.5664790559676278,1000,573,7892,4239,122,69,700,389,81,38,874,476,92,42,285,148,4,1,0.0,0.8,2123
Dominic Dale,Marco Fu,7,1363,1461,0.36864499282379254,0.43905454967528373,835,483,6041,3226,779,464,5776,3148,229,123,1040,569,209,128,1192,672,4,0,0.0,1.0,2123
Nigel Bond,Sam Baird,7,1191,1316,0.3344927873720658,0.4225046348141883,806,445,6422,3385,274,145,1862,961,71,26,451,209,126,62,605,310,4,2,0.0,0.6666666666666666,2123
Stuart Bingham,Matthew Stevens,7,1580,1368,0.7650010839038448,0.6294831119673949,956,606,7011,3997,875,515,6813,3717,343,213,1515,899,144,80,727,377,4,3,0.0,0.5714285714285714,2123
John Astley,Robbie Williams,7,1164,1313,0.30530209550926213,0.40793707183518074,139,61,863,389,303,167,1915,985,93,37,305,116,120,59,639,320,4,2,0.0,0.6666666666666666,2123
Kyren Wilson,Martin Gould,7,1401,1389,0.5164013295642876,0.5074994375506203,307,186,1954,1074,558,336,3773,2062,125,69,707,390,136,65,826,470,4,2,0.0,0.6666666666666666,2123
Akani Songsermsawad,Gary Wilson,7,1224,1329,0.3596701363363135,0.43474925243290014,32,14,237,117,333,194,2142,1166,169,88,198,100,108,54,608,305,4,2,0.0,0.6666666666666666,2123
Shaun Murphy,Oliver Lines,7,1551,1261,0.837347307313657,0.6737070994545215,901,591,6658,3804,144,78,881,456,218,126,1484,892,114,51,554,276,4,2,0.0,0.6666666666666666,2123
Anthony McGill,Stuart Bingham,7,1427,1580,0.30055574355873826,0.4055240692517599,373,225,2412,1330,956,606,7011,3997,182,100,900,493,343,213,1515,899,4,0,0.0,1.0,2123
Stephen Maguire,Barry Hawkins,7,1509,1522,0.48223281808358937,0.4918757150937391,819,543,6037,3438,800,495,5730,3186,233,143,1170,683,195,122,1095,618,4,3,0.0,0.5714285714285714,2123
David Lilley,Robert Milkins,7,1137,1312,0.2751060630015586,0.39233683016710835,49,25,307,163,742,450,5494,2993,31,14,31,14,151,74,1002,527,4,2,0.0,0.6666666666666666,2123
Peter Ebdon,Dominic Dale,7,1362,1363,0.4986328153483015,0.4993750003255206,1000,573,7892,4239,835,483,6041,3226,81,38,874,476,229,123,1040,569,4,1,0.0,0.8,2123
Nigel Bond,John Astley,7,1191,1164,0.536858082179779,0.5168685956913849,806,445,6422,3385,139,61,863,389,71,26,451,209,93,37,305,116,4,2,0.0,0.6666666666666666,2123
Kyren Wilson,Akani Songsermsawad,7,1401,1224,0.7271505015076656,0.6088545692109504,307,186,1954,1074,32,14,237,117,125,69,707,390,169,88,198,100,4,2,0.0,0.6666666666666666,2123
Shaun Murphy,David Lilley,7,1551,1137,0.9177177165207486,0.7378841011916348,901,591,6658,3804,49,25,307,163,218,126,1484,892,31,14,31,14,4,2,0.0,0.6666666666666666,2123
Anthony McGill,Stephen Maguire,7,1427,1509,0.3894398892710193,0.448928730692658,373,225,2412,1330,819,543,6037,3438,182,100,900,493,233,143,1170,683,4,1,0.0,0.8,2123
Nigel Bond,Peter Ebdon,7,1191,1362,0.27964834205542655,0.39472346622515553,806,445,6422,3385,1000,573,7892,4239,71,26,451,209,81,38,874,476,4,3,0.0,0.5714285714285714,2123
Kyren Wilson,Nigel Bond,7,1401,1191,0.7629243149475251,0.6283161882953663,307,186,1954,1074,806,445,6422,3385,125,69,707,390,71,26,451,209,4,1,0.0,0.8,2123
Anthony McGill,Shaun Murphy,7,1427,1551,0.3357342215120212,0.42311473886795364,373,225,2412,1330,901,591,6658,3804,182,100,900,493,218,126,1484,892,4,2,0.0,0.6666666666666666,2123
Anthony McGill,Kyren Wilson,9,1427,1401,0.5399199537054243,0.5162442810620724,373,225,2412,1330,307,186,1954,1074,182,100,900,493,125,69,707,390,5,2,0.0,0.7142857142857143,2123
Chen Zhe,Josh Boileau,7,1162,1108,0.573382262278332,0.5336988354329009,172,83,1053,517,59,30,315,157,76,27,279,125,68,25,217,109,4,1,0.0,0.8,2126
Zhou Yuelong,Hamza Akbar,7,1297,1022,0.8247679763275149,0.665410558746814,107,57,722,372,13,2,88,29,155,76,558,293,59,20,88,29,4,1,0.0,0.8,2126
Zhang Yong,Mark Joyce,7,1109,1343,0.2128707585790301,0.3577829070425624,47,17,278,116,392,206,2823,1437,83,32,220,91,120,59,631,323,4,3,0.0,0.5714285714285714,2126
Fang Xiongman,Stephen Maguire,7,1078,1518,0.07031685148298661,0.24973989440488234,38,15,213,92,824,547,6064,3455,59,17,153,64,260,160,1197,700,4,2,0.0,0.6666666666666666,2126
Zhao Xintong,Itaro Santos,7,1347,893,0.9355140797202316,0.7567604506198106,89,49,574,316,78,22,442,167,125,63,399,217,37,5,58,10,4,1,0.0,0.8,2126
Kyren Wilson,Antony Parsons,7,1421,1081,0.8746981311142084,0.7005671424739729,314,192,1996,1100,77,34,465,221,167,95,749,416,9,5,47,19,4,2,0.0,0.6666666666666666,2126
Gary Wilson,Jamie Burnett,7,1347,1328,0.5259570402770714,0.5118727677562528,337,197,2164,1180,619,361,4896,2608,130,68,630,319,18,10,465,252,4,1,0.0,0.8,2126
Mark Williams,Louis Heathcote,7,1464,985,0.9449329675006553,0.7680797488721223,1220,801,9394,5381,17,5,96,36,254,146,1244,730,18,4,78,28,4,1,0.0,0.8,2126
Lee Walker,Sydney Wilson,7,1222,1118,0.6390526295107546,0.5646362918030292,409,228,3191,1650,158,58,926,410,107,44,420,197,67,19,415,174,4,1,0.0,0.8,2126
Chris Wakelin,Rod Lawler,7,1272,1234,0.5517972899579606,0.523732154126561,123,64,808,408,763,417,5849,3042,142,69,596,299,153,69,719,360,4,1,0.0,0.8,2126
Hossein Vafaei,Elliot Slessor,7,1218,1169,0.5666587144886649,0.530586760182081,47,25,351,174,113,47,676,306,74,35,240,121,88,34,414,183,4,1,0.0,0.8,2126
Judd Trump,Rhys Clark,7,1599,1177,0.9215618734478543,0.7417338799314313,747,501,5074,2977,87,41,516,242,266,163,1630,1000,114,48,339,153,4,0,0.0,1.0,2126
Allan Taylor,Liam Highfield,7,1143,1384,0.20610969416397756,0.3537719416690997,244,116,1433,710,290,158,1958,1034,91,32,412,166,132,68,575,309,4,2,0.0,0.6666666666666666,2126
Joe Swail,David Grace,7,1242,1300,0.42125508861179106,0.4638133797682053,784,423,6179,3220,270,126,1774,858,109,53,685,351,128,67,518,241,4,2,0.0,0.6666666666666666,2126
Adam Stefanow,Ben Woollaston,7,1015,1367,0.11736356358571863,0.29317777890643243,34,13,181,78,488,280,3179,1697,65,25,120,48,195,97,891,464,4,1,0.0,0.8,2126
Mark Selby,Akani Songsermsawad,7,1606,1270,0.8719653706122326,0.6984652160025387,925,637,6744,3937,37,18,267,135,368,240,1430,884,199,106,228,118,4,3,0.0,0.5714285714285714,2126
Noppon Saengkham,Ashley Hugill,7,1209,1128,0.6092484254460553,0.5504527113395278,149,63,1053,480,54,26,288,140,132,61,642,301,56,25,266,130,4,1,0.0,0.8,2126
Jimmy Robertson,Oliver Brown,7,1373,1194,0.7293972619311108,0.610044672404527,393,212,2633,1365,152,66,835,391,124,70,800,433,26,13,324,162,4,0,0.0,1.0,2126
Neil Robertson,Michael Collumb,7,1509,1052,0.936710304533667,0.7581383462750919,783,511,5774,3288,45,18,245,117,185,105,1258,744,18,9,159,83,4,2,0.0,0.6666666666666666,2126
Dechawat Poomjaeng,Jason Weston,7,1237,1092,0.6899164671577602,0.5896454785627312,216,115,1539,780,297,160,2283,1190,84,36,690,353,60,14,196,77,4,2,0.0,0.6666666666666666,2126
Joe Perry,Peter Ebdon,7,1456,1388,0.5920814957526257,0.542397940774351,928,552,6737,3646,1005,577,7919,4258,266,148,1258,724,108,57,901,495,4,2,0.0,0.6666666666666666,2126
Tian Pengfei,Mike Dunn,7,1297,1259,0.5517972899579606,0.523732154126561,311,176,2060,1103,643,343,4741,2447,68,22,629,344,103,47,662,350,4,3,0.0,0.5714285714285714,2126
Fraser Patrick,Ross Muir,7,1203,1137,0.589422689021118,0.541156668150228,176,74,1150,530,107,39,706,310,88,40,444,196,100,43,489,209,4,2,0.0,0.6666666666666666,2126
Sean O'Sullivan,Yu Delu,7,1232,1260,0.46178117660461016,0.48250714233361025,158,69,990,469,224,115,1556,790,92,40,517,262,132,58,563,276,4,1,0.0,0.8,2126
Martin O'Donnell,Daniel Womersley,7,1224,994,0.783204659627048,0.6399160967377341,243,114,1470,731,8,2,50,18,74,35,437,228,50,18,50,18,4,3,0.0,0.5714285714285714,2126
Fergal O'Brien,Sanderson Lam,7,1383,1137,0.7986358149208075,0.6490805242445733,807,463,6113,3237,103,45,601,275,140,74,790,427,82,33,378,175,4,3,0.0,0.5714285714285714,2126
Darren Morgan,Bradley Jones,7,1213,1179,0.5463726874746992,0.5212372149662741,521,294,4533,2332,343,196,2752,1454,45,15,49,17,10,0,10,0,4,3,0.0,0.5714285714285714,2126
Rory McLeod,Robin Hull,7,1245,1365,0.34071893937019965,0.425557483188341,505,275,3781,1969,477,287,3668,2018,102,44,540,261,126,65,491,255,4,1,0.0,0.8,2126
Anthony McGill,Nigel Bond,7,1503,1240,0.8142437917894374,0.6586985747356444,380,232,2449,1359,812,450,6455,3406,219,129,937,522,104,47,484,230,4,1,0.0,0.8,2126
Jack Lisowski,Alex Borg,7,1271,1124,0.692311529960642,0.5908547524545943,331,194,2151,1158,335,143,2422,1108,125,61,624,316,75,25,362,156,4,1,0.0,0.8,2126
Mark King,Oliver Lines,7,1355,1299,0.5760654606907909,0.5349429451582145,840,468,6194,3245,148,81,902,470,172,93,869,463,135,65,575,290,4,3,0.0,0.5714285714285714,2126
Christopher Keogan,Hammad Miah,7,1103,1170,0.4092473522241249,0.4582226307163632,106,41,588,269,96,38,619,269,67,21,334,163,118,51,444,191,4,1,0.0,0.8,2126
Jamie Jones,Jamie Barrett,7,1412,1089,0.8627807229403067,0.6915765137521193,434,264,2879,1573,44,18,256,122,157,88,794,436,51,19,109,48,4,1,0.0,0.8,2126
Michael Holt,Scott Donaldson,7,1455,1304,0.6970755073607001,0.5932699921071872,711,418,5208,2784,176,90,1152,566,253,143,1023,553,162,83,609,292,4,3,0.0,0.5714285714285714,2126
Andrew Higginson,Dominic Dale,7,1377,1382,0.493164418520332,0.4968750406894683,646,388,4588,2526,839,486,6060,3239,163,91,726,393,248,136,1059,582,4,2,0.0,0.6666666666666666,2126
John Higgins,Thepchaiya Un-Nooh,7,1579,1398,0.7316341543771714,0.6112334666758695,1283,910,10329,6109,251,146,1794,957,347,216,1406,836,179,91,861,472,4,3,0.0,0.5714285714285714,2126
Li Hang,Michael Wild,7,1316,1164,0.698260993708389,0.5938731029341427,194,97,1376,708,287,156,1742,933,122,63,650,348,84,32,140,55,4,2,0.0,0.6666666666666666,2126
Xiao Guodong,Steven Hallworth,7,1412,1107,0.8492880506369576,0.6818962645895934,358,208,2372,1308,62,19,388,162,145,79,737,415,57,25,283,110,4,2,0.0,0.6666666666666666,2126
Martin Gould,Zak Surety,7,1405,1156,0.8014494333741898,0.6507869207968349,562,339,3794,2076,102,45,606,285,157,79,847,484,52,25,309,135,4,0,0.0,1.0,2126
David Gilbert,Alfie Burden,7,1449,1277,0.721490850613204,0.6058736684317606,476,271,3501,1873,608,328,4412,2275,214,123,904,495,103,45,534,264,4,3,0.0,0.5714285714285714,2126
Michael Georgiou,Wang Yuchen,7,1306,1077,0.7822166026963269,0.6393398367530659,158,73,964,470,38,12,242,96,129,65,499,248,79,33,147,60,4,2,0.0,0.6666666666666666,2126
Marco Fu,Tatjana Vasiljeva,7,1446,980,0.9401894200553551,0.7622400534271092,782,466,5790,3156,2,0,11,3,223,136,1206,680,0,0,11,3,4,1,0.0,0.8,2126
Adam Duffy,Robbie Williams,7,1292,1307,0.47950179614537025,0.4906260984783392,283,145,1802,925,305,168,1927,991,101,46,585,307,132,65,651,326,4,2,0.0,0.6666666666666666,2126
Graeme Dott,Duane Jones,7,1365,1262,0.6377737431786725,0.5640216374262577,758,445,5858,3143,125,71,718,398,108,53,908,511,110,51,303,157,4,2,0.0,0.6666666666666666,2126
Ken Doherty,Peter Lines,7,1233,1237,0.4945314322857424,0.49750002083312506,1065,650,8746,4810,709,383,5209,2701,72,28,623,308,117,55,535,246,4,1,0.0,0.8,2126
Ryan Day,Thor Chuan Leong,7,1429,1096,0.8698871121691505,0.6968832820410791,792,480,5539,3059,45,13,291,113,223,129,1278,717,93,35,291,113,4,2,0.0,0.6666666666666666,2126
Mark Davis,Anthony Hamilton,7,1488,1338,0.6958878075458884,0.5926665999540697,969,587,6963,3812,769,448,5976,3198,218,129,1232,698,188,103,582,291,4,3,0.0,0.5714285714285714,2126
Sam Craigie,Brandon Sargeant,7,1300,1038,0.8133483117002799,0.6581363150480182,110,57,664,349,48,19,270,122,96,44,220,123,61,24,228,106,4,2,0.0,0.6666666666666666,2126
Jamie Cope,Alan McManus,7,1236,1377,0.3148993834727192,0.4127763091606651,529,283,3582,1823,869,519,7253,3850,83,32,567,282,113,55,831,459,4,2,0.0,0.6666666666666666,2126
Ali Carter,Paul Davison,7,1505,1187,0.8591236298223967,0.6889039179769546,807,486,5734,3156,621,329,4373,2236,247,138,803,442,95,36,514,249,4,0,0.0,1.0,2126
Stuart Carrington,Eden Sharav,7,1346,1212,0.6765921632853334,0.5829754542011996,262,141,1668,878,97,51,570,284,150,80,615,310,86,39,429,210,4,0,0.0,1.0,2126
James Cahill,Robert Milkins,7,1150,1330,0.26948305440756287,0.389360766050778,118,39,760,317,746,453,5515,3007,94,39,453,195,172,88,1023,541,4,2,0.0,0.6666666666666666,2126
Ian Burns,Kurt Dunham,7,1215,961,0.8060824586598727,0.653622330899504,271,142,1690,868,12,2,68,18,99,43,528,247,68,18,68,18,4,2,0.0,0.6666666666666666,2126
Luca Brecel,Hatem Yassen,7,1422,958,0.939430323486017,0.7613327148429104,239,129,1643,867,7,0,41,7,203,116,783,434,21,3,41,7,4,0,0.0,1.0,2126
Yan Bingtao,Mitchell Mann,7,1335,1207,0.6692199309586204,0.5793242521487495,60,33,407,218,189,87,1155,561,178,100,368,195,100,44,392,174,4,0,0.0,1.0,2126
Stuart Bingham,Darryl Hill,7,1557,986,0.9702544431911788,0.8065114879171674,960,609,7033,4009,48,14,309,120,365,225,1537,911,52,10,213,75,4,1,0.0,0.8,2126
Sam Baird,Daniel Wells,7,1319,1337,0.47540722540195457,0.4887518980531451,277,147,1879,971,299,149,2005,1004,143,72,622,320,155,85,580,297,4,1,0.0,0.8,2126
John Astley,Craig Steadman,7,1192,1234,0.44278839657477087,0.4737740906279313,143,64,888,403,376,207,2492,1312,118,51,330,130,90,36,633,317,4,2,0.0,0.6666666666666666,2126
Zhang Anda,Charlie Walters,7,1369,1011,0.8864609774555678,0.7099209183344533,253,126,1745,874,77,29,429,190,150,83,614,317,16,6,137,63,4,3,0.0,0.5714285714285714,2126
Gareth Allen,Kurt Maflin,7,1167,1373,0.24126123991548545,0.37402214223339625,146,69,828,403,463,269,3077,1663,85,31,383,184,171,95,724,373,4,3,0.0,0.5714285714285714,2126
Zhou Yuelong,Christopher Keogan,7,1297,1103,0.7459292301495708,0.6189278548001903,107,57,722,372,106,41,588,269,155,76,558,293,67,21,334,163,4,1,0.0,0.8,2126
Zhao Xintong,James Cahill,7,1347,1150,0.7491668212476215,0.6206951913643555,89,49,574,316,118,39,760,317,125,63,399,217,94,39,453,195,4,3,0.0,0.5714285714285714,2126
Mark Williams,Mark Davis,7,1464,1488,0.4672268289773793,0.4850044983805899,1220,801,9394,5381,969,587,6963,3812,254,146,1244,730,218,129,1232,698,4,1,0.0,0.8,2126
Judd Trump,Chris Wakelin,7,1599,1272,0.8656564170034025,0.6937054019553982,747,501,5074,2977,123,64,808,408,266,163,1630,1000,142,69,596,299,4,1,0.0,0.8,2126
Jimmy Robertson,Dechawat Poomjaeng,7,1373,1237,0.6790334655716898,0.5841905229354074,393,212,2633,1365,216,115,1539,780,124,70,800,433,84,36,690,353,4,0,0.0,1.0,2126
Neil Robertson,Michael Georgiou,7,1509,1306,0.7555717519931018,0.6242202334972642,783,511,5774,3288,158,73,964,470,185,105,1258,744,129,65,499,248,4,1,0.0,0.8,2126
Tian Pengfei,Allan Taylor,7,1297,1143,0.7006252854909363,0.595078473866134,311,176,2060,1103,244,116,1433,710,68,22,629,344,91,32,412,166,4,0,0.0,1.0,2126
Sean O'Sullivan,Luca Brecel,7,1232,1422,0.25842359174627483,0.38343349547868066,158,69,990,469,239,129,1643,867,92,40,517,262,203,116,783,434,4,0,0.0,1.0,2126
Martin O'Donnell,Sam Craigie,7,1224,1300,0.3973295650806627,0.45264238185691075,243,114,1470,731,110,57,664,349,74,35,437,228,96,44,220,123,4,3,0.0,0.5714285714285714,2126
Fergal O'Brien,Adam Duffy,7,1383,1292,0.622303251187688,0.5566309599222533,807,463,6113,3237,283,145,1802,925,140,74,790,427,101,46,585,307,4,3,0.0,0.5714285714285714,2126
Darren Morgan,Adam Stefanow,7,1213,1015,0.7502408354966205,0.6212835951910678,521,294,4533,2332,34,13,181,78,45,15,49,17,65,25,120,48,4,2,0.0,0.6666666666666666,2126
Anthony McGill,Andrew Higginson,7,1503,1377,0.6667467241528153,0.5781052328843092,380,232,2449,1359,646,388,4588,2526,219,129,937,522,163,91,726,393,4,2,0.0,0.6666666666666666,2126
Jack Lisowski,Ryan Day,7,1271,1429,0.2946731337220897,0.40251423417298393,331,194,2151,1158,792,480,5539,3059,125,61,624,316,223,129,1278,717,4,2,0.0,0.6666666666666666,2126
Jak Jones,Jamie Cope,7,1174,1236,0.41590794122337116,0.46132739479349205,139,56,900,402,529,283,3582,1823,82,35,289,119,83,32,567,282,4,3,0.0,0.5714285714285714,2126
Jamie Jones,Gary Wilson,7,1412,1347,0.5880916350836762,0.5405358392737893,434,264,2879,1573,337,197,2164,1180,157,88,794,436,130,68,630,319,4,3,0.0,0.5714285714285714,2126
Michael Holt,Mark Selby,7,1455,1606,0.3029244926392998,0.4067300078928128,711,418,5208,2784,925,637,6744,3937,253,143,1023,553,368,240,1430,884,4,1,0.0,0.8,2126
John Higgins,Mark King,7,1579,1355,0.7772350342961843,0.6364525402815664,1283,910,10329,6109,840,468,6194,3245,347,216,1406,836,172,93,869,463,4,1,0.0,0.8,2126
Andy Hicks,Fang Xiongman,7,1206,1078,0.6692199309586204,0.5793242521487495,576,309,4711,2436,38,15,213,92,64,24,140,64,59,17,153,64,4,3,0.0,0.5714285714285714,2126
Xiao Guodong,Gareth Allen,7,1412,1167,0.7976923211673973,0.6485108747389209,358,208,2372,1308,146,69,828,403,145,79,737,415,85,31,383,184,4,0,0.0,1.0,2126
Martin Gould,Tom Ford,7,1405,1401,0.5054685677142574,0.5024999791668749,562,339,3794,2076,525,302,3761,2007,157,79,847,484,179,96,766,412,4,0,0.0,1.0,2126
David Gilbert,Sam Baird,7,1449,1319,0.6716853028295744,0.5805423048206596,476,271,3501,1873,277,147,1879,971,214,123,904,495,143,72,622,320,4,1,0.0,0.8,2126
Graeme Dott,Marco Fu,7,1365,1446,0.3907515745539448,0.4495472886604723,758,445,5858,3143,782,466,5790,3156,108,53,908,511,223,136,1206,680,4,3,0.0,0.5714285714285714,2126
Ken Doherty,Noppon Saengkham,7,1233,1209,0.5327731710226205,0.51499550161941,1065,650,8746,4810,149,63,1053,480,72,28,623,308,132,61,642,301,4,3,0.0,0.5714285714285714,2126
Ali Carter,Zhang Yong,7,1505,1109,0.9085182512941501,0.7290879223493065,807,486,5734,3156,47,17,278,116,247,138,803,442,83,32,220,91,4,1,0.0,0.8,2126
Stuart Carrington,Joe Swail,7,1346,1242,0.6390526295107546,0.5646362918030292,262,141,1668,878,784,423,6179,3220,150,80,615,310,109,53,685,351,4,3,0.0,0.5714285714285714,2126
Yan Bingtao,Fraser Patrick,7,1335,1203,0.6741427448520734,0.5817593768418363,60,33,407,218,176,74,1150,530,178,100,368,195,88,40,444,196,4,1,0.0,0.8,2126
Stuart Bingham,Lee Walker,7,1557,1222,0.87127535599101,0.6979384260080908,960,609,7033,4009,409,228,3191,1650,365,225,1537,911,107,44,420,197,4,2,0.0,0.6666666666666666,2126
John Astley,Joe Perry,7,1192,1456,0.1848635658405572,0.34073961154861454,143,64,888,403,928,552,6737,3646,118,51,330,130,266,148,1258,724,4,1,0.0,0.8,2126
Mark Williams,Jak Jones,7,1464,1174,0.837347307313657,0.6737070994545215,1220,801,9394,5381,139,56,900,402,254,146,1244,730,82,35,289,119,4,0,0.0,1.0,2126
Judd Trump,Zhou Yuelong,7,1599,1297,0.8469508145525204,0.6802671966986485,747,501,5074,2977,107,57,722,372,266,163,1630,1000,155,76,558,293,4,1,0.0,0.8,2126
Matthew Stevens,Tian Pengfei,7,1382,1297,0.6144870727228646,0.5529259881329059,878,517,6831,3728,311,176,2060,1103,162,91,745,388,68,22,629,344,4,3,0.0,0.5714285714285714,2126
Jimmy Robertson,Martin O'Donnell,7,1373,1224,0.6946979044907379,0.5920629281648192,393,212,2633,1365,243,114,1470,731,124,70,800,433,74,35,437,228,4,3,0.0,0.5714285714285714,2126
Neil Robertson,Stuart Carrington,7,1509,1346,0.7111524094404451,0.6004882745269664,783,511,5774,3288,262,141,1668,878,185,105,1258,744,150,80,615,310,4,1,0.0,0.8,2126
Darren Morgan,Zhao Xintong,7,1213,1347,0.3234078367146668,0.4170245457988005,521,294,4533,2332,89,49,574,316,45,15,49,17,125,63,399,217,4,1,0.0,0.8,2126
Anthony McGill,Rory McLeod,7,1503,1245,0.8097380368967944,0.6558828412078137,380,232,2449,1359,505,275,3781,1969,219,129,937,522,102,44,540,261,4,1,0.0,0.8,2126
Michael Holt,Ian Burns,7,1455,1215,0.792932804884019,0.6456563062257954,711,418,5208,2784,271,142,1690,868,253,143,1023,553,99,43,528,247,4,3,0.0,0.5714285714285714,2126
John Higgins,Graeme Dott,7,1579,1365,0.7670671244589201,0.6306485256510744,1283,910,10329,6109,758,445,5858,3143,347,216,1406,836,108,53,908,511,4,3,0.0,0.5714285714285714,2126
Xiao Guodong,Jamie Jones,7,1412,1412,0.5,0.5,358,208,2372,1308,434,264,2879,1573,145,79,737,415,157,88,794,436,4,2,0.0,0.6666666666666666,2126
David Gilbert,Sean O'Sullivan,7,1449,1232,0.7701459815525172,0.6323937895695628,476,271,3501,1873,158,69,990,469,214,123,904,495,92,40,517,262,4,0,0.0,1.0,2126
Ken Doherty,Jack Lisowski,7,1233,1271,0.44820271004203943,0.4762678458734389,1065,650,8746,4810,331,194,2151,1158,72,28,623,308,125,61,624,316,4,3,0.0,0.5714285714285714,2126
Ali Carter,Li Hang,7,1505,1316,0.7404818133197837,0.6159753019181258,807,486,5734,3156,194,97,1376,708,247,138,803,442,122,63,650,348,4,1,0.0,0.8,2126
Yan Bingtao,Martin Gould,7,1335,1405,0.40526420278841835,0.4563613127629212,60,33,407,218,562,339,3794,2076,178,100,368,195,157,79,847,484,4,2,0.0,0.6666666666666666,2126
Stuart Bingham,Fergal O'Brien,7,1557,1383,0.7237619985420221,0.6070669880717036,960,609,7033,4009,807,463,6113,3237,365,225,1537,911,140,74,790,427,4,2,0.0,0.6666666666666666,2126
John Astley,Andy Hicks,7,1192,1206,0.48086718764462183,0.4912508931197597,143,64,888,403,576,309,4711,2436,118,51,330,130,64,24,140,64,4,2,0.0,0.6666666666666666,2126
Mark Williams,Ali Carter,7,1464,1505,0.44414095234189266,0.47439741167538224,1220,801,9394,5381,807,486,5734,3156,254,146,1244,730,247,138,803,442,4,2,0.0,0.6666666666666666,2126
Judd Trump,John Higgins,7,1599,1579,0.5273209820427867,0.5124973964842103,747,501,5074,2977,1283,910,10329,6109,266,163,1630,1000,347,216,1406,836,4,2,0.0,0.6666666666666666,2126
Neil Robertson,Matthew Stevens,7,1509,1382,0.6679843009449487,0.578714862460134,783,511,5774,3288,878,517,6831,3728,185,105,1258,744,162,91,745,388,4,1,0.0,0.8,2126
Darren Morgan,Ken Doherty,7,1213,1233,0.4726790179572131,0.4875026035157896,521,294,4533,2332,1065,650,8746,4810,45,15,49,17,72,28,623,308,4,3,0.0,0.5714285714285714,2126
Anthony McGill,Yan Bingtao,7,1503,1335,0.7169197076810394,0.6034832498647263,380,232,2449,1359,60,33,407,218,219,129,937,522,178,100,368,195,4,0,0.0,1.0,2126
Michael Holt,Stuart Bingham,7,1455,1557,0.3635067817280711,0.4365932137378064,711,418,5208,2784,960,609,7033,4009,253,143,1023,553,365,225,1537,911,4,3,0.0,0.5714285714285714,2126
Xiao Guodong,David Gilbert,7,1412,1449,0.44955793756481255,0.4768914745109111,358,208,2372,1308,476,271,3501,1873,145,79,737,415,214,123,904,495,4,2,0.0,0.6666666666666666,2126
John Astley,Jimmy Robertson,7,1192,1373,0.2683658456228286,0.3887665333241305,143,64,888,403,393,212,2633,1365,118,51,330,130,124,70,800,433,4,1,0.0,0.8,2126
Mark Williams,John Astley,7,1464,1192,0.8221753102072331,0.6637386974043528,1220,801,9394,5381,143,64,888,403,254,146,1244,730,118,51,330,130,4,1,0.0,0.8,2126
Neil Robertson,Judd Trump,7,1509,1599,0.37899585307075345,0.44398610945538003,783,511,5774,3288,747,501,5074,2977,185,105,1258,744,266,163,1630,1000,4,1,0.0,0.8,2126
Darren Morgan,Xiao Guodong,7,1213,1412,0.24868775230024892,0.3781283576925339,521,294,4533,2332,358,208,2372,1308,45,15,49,17,145,79,737,415,4,2,0.0,0.6666666666666666,2126
Michael Holt,Anthony McGill,7,1455,1503,0.4346885316890212,0.4700359482354282,711,418,5208,2784,380,232,2449,1359,253,143,1023,553,219,129,937,522,4,0,0.0,1.0,2126
Neil Robertson,Darren Morgan,9,1509,1213,0.8705294620763192,0.676995856238523,783,511,5774,3288,521,294,4533,2332,185,105,1258,744,45,15,49,17,5,0,0.0,1.0,2126
Michael Holt,Mark Williams,9,1455,1464,0.48616014593133106,0.4943752372926745,711,418,5208,2784,1220,801,9394,5381,253,143,1023,553,254,146,1244,730,5,4,0.0,0.5555555555555556,2126
Neil Robertson,Michael Holt,9,1509,1455,0.5824304989902049,0.5336988354329009,783,511,5774,3288,711,418,5208,2784,185,105,1258,744,253,143,1023,553,5,2,0.0,0.7142857142857143,2126
Michael Williams,John Foster,7,1099,1000,0.6326419490877371,0.5615610703361955,40,21,196,107,0,0,0,0,16,12,171,95,0,0,0,0,4,3,0.0,0.5714285714285714,2122
Lucky Vatnani,Jack Smithers,7,971,1000,0.46042091137016095,0.4818829349568186,65,23,366,150,0,0,0,0,5,1,23,10,0,0,0,0,4,1,0.0,0.8,2122
Kevin van Hove,Gary Thomson,7,1072,1086,0.48086718764462183,0.4912508931197597,90,42,526,246,154,80,1117,567,0,0,0,0,0,0,29,14,4,2,0.0,0.6666666666666666,2122
Alexander Ursenbacher,Scott Lyons,7,1131,971,0.7076639986592218,0.598687660112452,65,25,393,173,4,1,21,7,0,0,275,120,0,0,21,7,4,0,0.0,1.0,2122
Joshua Thomond,Peter Delaney,7,977,825,0.698260993708389,0.5938731029341427,5,1,27,10,30,6,194,62,15,6,27,10,0,0,11,1,4,1,0.0,0.8,2122
Sam Thistlewhite,Craig Barber,7,1068,965,0.6377737431786725,0.5640216374262577,68,31,356,169,75,32,472,218,0,0,117,64,0,0,38,13,4,0,0.0,1.0,2122
Alex Taubman,Adam Longley,7,1098,936,0.7099919234270913,0.5998883688639983,139,61,758,345,15,4,79,29,14,7,221,111,6,2,37,14,4,0,0.0,1.0,2122
Zak Surety,Andrei Orzan,7,1145,990,0.7018040708685593,0.5956807306078472,103,45,610,285,1,0,5,1,56,25,313,135,0,0,5,1,4,0,0.0,1.0,2122
Adam Stefanow,Conor McCormack,7,1032,919,0.6504866469700167,0.5701590253818352,36,14,192,84,16,4,76,24,76,31,131,54,8,4,76,24,4,0,0.0,1.0,2122
Joe Steele,Heather Clare,7,942,970,0.46178117660461016,0.48250714233361025,54,20,277,116,2,0,8,0,6,2,133,52,0,0,8,0,4,0,0.0,1.0,2122
Craig Steadman,Phil Parkin,7,1225,1000,0.7782368395177592,0.6370307944803831,377,207,2498,1314,0,0,0,0,96,38,639,319,0,0,0,0,4,1,0.0,0.8,2122
Joe Roberts,Sonnie O'Sullivan,7,1061,1000,0.5827567809217526,0.5380512843858591,35,19,191,98,0,0,0,0,0,0,118,59,0,0,0,0,4,1,0.0,0.8,2122
Zack Richardson,Nico Elton,7,1140,1121,0.5259570402770714,0.5118727677562528,49,25,269,149,56,26,310,152,32,21,180,99,0,0,219,115,4,1,0.0,0.8,2122
Andreas Ploner,Paul Norris,7,1060,999,0.5827567809217526,0.5380512843858591,42,18,220,102,1,0,7,3,10,6,174,81,7,3,7,3,4,3,0.0,0.5714285714285714,2122
Haydon Pinhey,Imran Puri,7,1000,639,0.88833750958084,0.7114629823302013,0,0,0,0,53,6,262,54,0,0,0,0,0,0,19,3,4,1,0.0,0.8,2122
Barry Pinches,Matthew Glasby,7,1223,927,0.8422000503552975,0.676995856238523,706,365,5533,2868,28,10,156,64,15,11,425,199,17,8,113,42,4,3,0.0,0.5714285714285714,2122
Ng On Yee,James Silverwood,7,985,933,0.5706954446194282,0.5324543063873187,2,0,12,4,66,19,354,136,0,0,12,4,0,0,31,16,4,1,0.0,0.8,2122
Jamie O'Neill,Darren Barton,7,1195,975,0.7732004785001367,0.6341355910108007,269,139,1711,883,2,0,9,1,0,0,160,78,0,0,9,1,4,1,0.0,0.8,2122
Jake Nicholson,Dale Hughes,7,949,1000,0.43064928112217615,0.4681681105837757,71,21,377,148,0,0,0,0,5,1,155,70,0,0,0,0,4,0,0.0,1.0,2122
Josh Mulholland,Shane Castle,7,1010,1058,0.4346885316890212,0.4700359482354282,4,2,21,11,57,24,342,157,0,0,21,11,0,0,82,31,4,2,0.0,0.6666666666666666,2122
Andrew Milliard,Dessie Sheehan,7,879,734,0.6899164671577602,0.5896454785627312,163,47,957,366,170,34,1293,478,0,0,33,15,0,0,73,30,4,2,0.0,0.6666666666666666,2122
Chris Melling,Christopher Maye,7,1144,1000,0.6887157040547041,0.5890404340586651,162,89,1108,573,0,0,0,0,0,0,251,108,0,0,0,0,4,0,0.0,1.0,2122
Lee Mein,Chris Jones,7,1000,944,0.5760654606907909,0.5349429451582145,0,0,0,0,15,3,79,25,0,0,0,0,0,0,52,20,4,3,0.0,0.5714285714285714,2122
David Lilley,Jason Devaney,7,1189,1000,0.7404818133197837,0.6159753019181258,54,29,339,181,10,3,51,21,63,32,63,32,0,0,30,15,4,2,0.0,0.6666666666666666,2122
Fung Kwok Wai,Richard King,7,1079,1004,0.6013510291923431,0.5467381519846138,16,7,110,54,8,3,52,24,0,0,0,0,0,0,0,0,4,1,0.0,0.8,2122
Lukas Kleckers,Nick Jennings,7,1056,1092,0.45091379157772826,0.4775151752081999,33,14,193,88,102,49,559,277,41,17,163,74,0,0,65,30,4,1,0.0,0.8,2122
Bradley Jones,Simon Blackwell,7,1176,1000,0.726023440718493,0.6082590307465143,344,196,2759,1457,0,0,0,0,17,3,17,3,0,0,0,0,4,1,0.0,0.8,2122
Ian John Ali,Reanne Evans,7,988,1056,0.4079185042473741,0.45760205922564895,1,0,4,0,123,44,670,279,0,0,0,0,10,6,137,69,4,1,0.0,0.8,2122
David John,Adam Edge,7,1068,1010,0.578744911388209,0.5361866202317948,74,33,497,235,33,13,186,85,62,16,100,35,18,10,108,51,4,2,0.0,0.6666666666666666,2122
Hrithik Jain,Jason Turnbull,7,991,1000,0.48769738857442835,0.4943752372926745,1,0,4,0,0,0,0,0,0,0,4,0,0,0,0,0,4,0,0.0,1.0,2122
Ashley Hugill,Gary Lees,7,1118,1038,0.6079354159352611,0.549833997312478,55,26,293,141,257,138,1884,972,61,26,271,131,0,0,16,8,4,3,0.0,0.5714285714285714,2122
Andy Hicks,Jamie Clarke,7,1198,1223,0.465864760862579,0.4843800842769844,578,310,4724,2442,118,61,680,358,77,30,153,70,12,6,435,237,4,1,0.0,0.8,2122
Lyu Haotian,Richard Beckham,7,1143,1091,0.5706954446194282,0.5324543063873187,74,28,515,225,33,20,171,90,0,0,255,106,6,2,168,90,4,3,0.0,0.5714285714285714,2122
Michael Georgiou,Raymond Fry,7,1300,998,0.8469508145525204,0.6802671966986485,160,74,975,475,13,5,73,35,140,70,510,253,0,0,10,2,4,1,0.0,0.8,2122
Mike Finn,Keith Keldie,7,968,982,0.48086718764462183,0.4912508931197597,5,1,25,7,5,1,31,12,0,0,11,3,0,0,31,12,4,3,0.0,0.5714285714285714,2122
Tony Drago,Ben Harrison,7,1148,1153,0.493164418520332,0.4968750406894683,714,351,5859,2893,126,67,690,366,0,0,227,89,0,0,34,17,4,0,0.0,1.0,2122
Matthew Day,Dylan Craig,7,1094,1152,0.42125508861179106,0.4638133797682053,130,61,699,339,48,29,258,145,15,9,181,84,0,0,145,86,4,2,0.0,0.6666666666666666,2122
Joshua Cooper,Wasim Khan,7,959,1000,0.44414095234189266,0.47439741167538224,13,5,60,22,0,0,0,0,8,4,55,21,0,0,0,0,4,0,0.0,1.0,2122
Lee Chun Wai,Andrew Grainger,7,1001,1000,0.5013671846516985,0.5006249996744794,2,1,9,4,0,0,0,0,0,0,9,4,0,0,0,0,4,0,0.0,1.0,2122
Lyu Chenwei,Patrick Whelan,7,1060,973,0.6170981549456108,0.5541616527636486,51,15,316,125,5,1,23,7,29,11,238,87,4,0,23,7,4,1,0.0,0.8,2122
Brad Chappell,Felix Frede,7,979,1016,0.44955793756481255,0.4768914745109111,2,0,9,1,20,10,98,46,0,0,9,1,16,9,71,38,4,3,0.0,0.5714285714285714,2122
Ryan Causton,Simon Dent,7,1056,1011,0.5612649493584694,0.528095374408387,106,54,565,275,20,8,108,53,10,4,168,80,12,7,72,38,4,0,0.0,1.0,2122
Greg Casey,Tugba Irten,7,1027,1015,0.5164013295642876,0.5074994375506203,8,4,48,25,8,5,48,25,7,3,42,23,0,0,27,14,4,2,0.0,0.6666666666666666,2122
Oliver Brown,James Burrett,7,1182,865,0.858383853016921,0.6883678768310286,153,66,839,391,28,6,144,44,30,13,328,162,0,0,33,11,4,1,0.0,0.8,2122
Jamie Brown,Bhavesh Sodha,7,961,947,0.5191328123553783,0.5087491068802403,5,0,28,8,6,1,26,6,0,0,0,0,6,2,6,2,4,0,0.0,1.0,2122
Troy Brett,Darren Burns,7,994,985,0.5123026114255715,0.5056247627073255,1,0,6,2,13,5,72,30,0,0,0,0,0,0,0,0,4,1,0.0,0.8,2122
Declan Brennan,Hans Blanckaert,7,922,852,0.5947357972115818,0.5436386872370789,15,2,79,25,102,24,540,188,6,2,23,7,0,0,114,41,4,1,0.0,0.8,2122
Jamie Bodle,Andrew Alexandrou,7,1138,830,0.8515999175968284,0.6835208937363156,156,99,1146,637,89,23,625,247,18,9,32,13,0,0,14,3,4,2,0.0,0.6666666666666666,2122
Thomas Barton,Gary Challis,7,1009,1003,0.5082025098106111,0.5037499296890819,10,3,56,26,2,1,11,6,0,0,56,26,0,0,0,0,4,0,0.0,1.0,2122
Chen Zifan,Ryan Causton,7,1080,1056,0.5327731710226205,0.51499550161941,32,15,191,88,106,54,565,275,25,11,141,61,10,4,168,80,4,1,0.0,0.8,2122
Charlie Walters,Troy Brett,7,1019,994,0.534135239137421,0.5156199157230156,78,29,436,193,1,0,6,2,23,9,144,66,0,0,0,0,4,3,0.0,0.5714285714285714,2122
Darryn Walker,Kevin van Hove,7,1146,1072,0.6000303895586184,0.5461185410457796,271,147,2146,1120,90,42,526,246,0,0,33,19,0,0,0,0,4,0,0.0,1.0,2122
Alexander Ursenbacher,Chris Totten,7,1131,989,0.6863077679270944,0.5878295384825115,65,25,393,173,5,1,29,11,0,0,275,120,6,2,25,11,4,2,0.0,0.6666666666666666,2122
Aaron Tobin,Jamie Brown,7,1000,961,0.5531518743848329,0.5243557087682073,0,0,0,0,5,0,28,8,0,0,0,0,0,0,0,0,4,3,0.0,0.5714285714285714,2122
Joshua Thomond,Mark Davies,7,977,967,0.51366902727117,0.5062496744995104,5,1,27,10,2,0,8,0,15,6,27,10,0,0,8,0,4,1,0.0,0.8,2122
Sam Thistlewhite,Danny Brindle,7,1068,905,0.7111524094404451,0.6004882745269664,68,31,356,169,13,1,69,19,0,0,117,64,0,0,28,10,4,1,0.0,0.8,2122
Alex Taubman,Jack Bradford,7,1098,918,0.7305169455924372,0.610639233949222,139,61,758,345,36,10,190,70,14,7,221,111,14,7,80,38,4,1,0.0,0.8,2122
Zak Surety,William Lemons,7,1145,1005,0.6838913574482577,0.5866175789173301,103,45,610,285,30,12,176,78,56,25,313,135,0,0,134,65,4,3,0.0,0.5714285714285714,2122
Adam Stefanow,Mark Owens,7,1032,975,0.5774056625100122,0.5355648379838539,36,14,192,84,42,13,237,95,76,31,131,54,0,0,127,51,4,0,0.0,1.0,2122
Joe Steele,Daniel Stevenson,7,942,1000,0.42125508861179106,0.4638133797682053,54,20,277,116,0,0,0,0,6,2,133,52,0,0,0,0,4,0,0.0,1.0,2122
Brandon Sargeant,Scott Bell,7,1038,968,0.5947357972115818,0.5436386872370789,49,19,276,124,6,2,32,12,67,26,234,108,0,0,0,0,4,2,0.0,0.6666666666666666,2122
Tyler Rees,Stephen Ormerod,7,984,865,0.6580301976734948,0.5738312575916094,1,0,4,0,97,28,659,259,0,0,0,0,0,0,12,4,4,2,0.0,0.6666666666666666,2122
Ian Preece,Adam King,7,1201,963,0.7910094256982455,0.6445115537062945,182,101,1344,695,15,6,83,36,79,36,79,36,0,0,79,36,4,0,0.0,1.0,2122
George Pragnall,Lucky Vatnani,7,1074,971,0.6377737431786725,0.5640216374262577,26,12,158,73,65,23,366,150,15,8,152,71,5,1,23,10,4,3,0.0,0.5714285714285714,2122
Andreas Ploner,Robert Cloherty,7,1060,944,0.6542665688127887,0.5719961329315186,42,18,220,102,4,0,17,1,10,6,174,81,0,0,9,1,4,0,0.0,1.0,2122
Barry Pinches,Kuldesh Johal,7,1223,1211,0.5164013295642876,0.5074994375506203,706,365,5533,2868,193,109,1286,688,15,11,425,199,0,0,68,36,4,1,0.0,0.8,2122
Antony Parsons,Jordan Brown,7,1083,1172,0.38029641350050397,0.44460335167941084,78,34,471,223,79,43,506,260,15,7,53,21,12,6,79,39,4,3,0.0,0.5714285714285714,2122
Daniel O’Regan,Greg Casey,7,929,1027,0.36864499282379254,0.43905454967528373,6,0,30,6,8,4,48,25,4,0,24,4,7,3,42,23,4,3,0.0,0.5714285714285714,2122
Phil O'Kane,Joshua Baddeley,7,1002,993,0.5123026114255715,0.5056247627073255,71,30,364,165,18,8,94,45,13,7,89,47,8,4,94,45,4,3,0.0,0.5714285714285714,2122
Jake Nicholson,Mario Basile,7,949,1000,0.43064928112217615,0.4681681105837757,71,21,377,148,0,0,0,0,5,1,155,70,0,0,0,0,4,2,0.0,0.6666666666666666,2122
Saqib Nasir,Zack Richardson,7,1086,1140,0.4266177377216683,0.4663011645670992,77,39,420,220,49,25,269,149,15,11,130,60,32,21,180,99,4,2,0.0,0.6666666666666666,2122
Josh Mulholland,Lewis Gillen,7,1010,1011,0.4986328153483015,0.4993750003255206,4,2,21,11,6,3,33,17,0,0,21,11,9,5,33,17,4,3,0.0,0.5714285714285714,2122
Hassan Miah,Peter Devlin,7,946,958,0.4835986704357121,0.4925005624493796,6,0,32,8,16,6,77,29,0,0,0,0,0,0,62,26,4,2,0.0,0.6666666666666666,2122
Chris Melling,Robin Otto,7,1144,971,0.7226276336267841,0.6064704870683034,162,89,1108,573,14,6,73,32,0,0,251,108,4,0,73,32,4,1,0.0,0.8,2122
Eddie Manning,Ian Glover,7,1108,1149,0.44414095234189266,0.47439741167538224,260,142,1985,1034,170,71,1035,490,0,0,19,9,13,9,266,109,4,0,0.0,1.0,2122
Callum Lloyd,Andrew Milliard,7,953,879,0.6000303895586184,0.5461185410457796,21,5,109,42,163,47,957,366,0,0,52,22,0,0,33,15,4,1,0.0,0.8,2122
Peter Lines,Kishan Hirani,7,1225,1098,0.6679843009449487,0.578714862460134,710,383,5214,2702,112,52,595,283,122,56,540,247,12,6,193,102,4,0,0.0,1.0,2122
Lukas Kleckers,Shafaqut Hussain,7,1056,1000,0.5760654606907909,0.5349429451582145,33,14,193,88,0,0,0,0,41,17,163,74,0,0,0,0,4,0,0.0,1.0,2122
Bradley Jones,Michael Rhodes,7,1176,1148,0.5382188233953898,0.5174928576663897,344,196,2759,1457,140,87,994,550,17,3,17,3,0,0,0,0,4,2,0.0,0.6666666666666666,2122
Ian John Ali,Jamie Lashmar,7,988,1000,0.4835986704357121,0.4925005624493796,1,0,4,0,0,0,0,0,0,0,0,0,0,0,0,0,4,0,0.0,1.0,2122
David John,Farakh Ajaib,7,1068,1019,0.5666587144886649,0.530586760182081,74,33,497,235,29,13,170,81,62,16,100,35,5,1,5,1,4,1,0.0,0.8,2122
Hrithik Jain,Daniel Womersley,7,991,998,0.4904306643721704,0.4956251116502266,1,0,4,0,9,2,57,21,0,0,4,0,57,21,57,21,4,2,0.0,0.6666666666666666,2122
Clayton Humphries,Jamie O'Neill,7,1013,1195,0.2672511194925776,0.3881726309982629,4,2,23,12,269,139,1711,883,0,0,23,12,0,0,160,78,4,3,0.0,0.5714285714285714,2122
Ashley Hugill,Ashley Carty,7,1118,1233,0.3469916118703663,0.42861601832306767,55,26,293,141,99,52,578,298,61,26,271,131,0,0,367,195,4,3,0.0,0.5714285714285714,2122
Ross Higgins,Brian Cini,7,959,1063,0.3609473704892455,0.4353637081969708,47,15,243,95,31,15,155,82,0,0,140,67,0,0,143,76,4,3,0.0,0.5714285714285714,2122
Andy Hicks,Paul Burrell,7,1198,920,0.8273350387178837,0.6670782770956253,578,310,4724,2442,12,3,89,33,77,30,153,70,0,0,0,0,4,0,0.0,1.0,2122
Louis Heathcote,Fung Kwok Wai,7,984,1079,0.37251518031789344,0.440902528097607,18,5,101,37,16,7,110,54,23,5,83,29,0,0,0,0,4,2,0.0,0.6666666666666666,2122
Steven Hallworth,Joshua Cooper,7,1108,959,0.6946979044907379,0.5920629281648192,63,19,394,164,13,5,60,22,63,27,289,112,8,4,55,21,4,3,0.0,0.5714285714285714,2122
Gareth Green,Brad Chappell,7,1042,979,0.5854263042586716,0.5392938058983595,57,27,320,144,2,0,9,1,4,0,62,26,0,0,9,1,4,0,0.0,1.0,2122
Michael Georgiou,Aaron McCann,7,1300,1000,0.8453785395674661,0.679178699175393,160,74,975,475,0,0,0,0,140,70,510,253,0,0,0,0,4,0,0.0,1.0,2122
Mike Finn,Alex Davies,7,968,1190,0.22477678509532484,0.364705150677193,5,1,25,7,216,106,1339,662,0,0,11,3,0,0,284,123,4,2,0.0,0.6666666666666666,2122
Adam Duffy,Lee Mein,7,1299,1000,0.8445881619019862,0.6786337178522214,285,146,1815,932,0,0,0,0,114,53,598,314,0,0,0,0,4,1,0.0,0.8,2122
Tony Drago,Mitchell Travis,7,1148,1161,0.48223281808358937,0.4918757150937391,714,351,5859,2893,114,58,655,322,0,0,227,89,0,0,202,107,4,1,0.0,0.8,2122
Joe Delaney,Gerard Greene,7,1203,1316,0.3495133530299832,0.42984097461816473,392,204,3152,1594,654,357,4893,2573,0,0,0,0,30,20,442,226,4,1,0.0,0.8,2122
Matthew Day,Sean Bowers,7,1094,1000,0.6261916833783177,0.5584811124381613,130,61,699,339,0,0,0,0,15,9,181,84,0,0,0,0,4,2,0.0,0.6666666666666666,2122
Marc Davis,Joe O'Connor,7,1064,1113,0.433341285511335,0.469413239817919,104,44,552,253,67,32,397,190,15,2,163,81,0,0,325,152,4,3,0.0,0.5714285714285714,2122
Jeff Cundy,Shachar Ruberg,7,1155,1040,0.6530083881296338,0.5713839816769324,509,269,3577,1856,27,12,177,76,4,0,156,81,0,0,138,61,4,1,0.0,0.8,2122
Stephen Croft,Haydon Pinhey,7,1136,1000,0.6790334655716898,0.5841905229354074,81,45,573,294,0,0,0,0,0,0,0,0,0,0,0,0,4,2,0.0,0.6666666666666666,2122
Michael Collumb,Joe Roberts,7,1056,1061,0.493164418520332,0.4968750406894683,46,18,251,119,35,19,191,98,24,11,165,85,0,0,118,59,4,1,0.0,0.8,2122
Lee Chun Wai,Andy Marriott,7,1001,932,0.5934092174000843,0.5430183807243099,2,1,9,4,20,5,113,42,0,0,9,4,0,0,45,20,4,2,0.0,0.6666666666666666,2122
Lyu Chenwei,Ben Robinson,7,1060,1000,0.5814204865006773,0.5374298453437496,51,15,316,125,0,0,0,0,29,11,238,87,0,0,0,0,4,0,0.0,1.0,2122
Harvey Chandler,Michael Williams,7,982,1099,0.34447706088090824,0.42739193613673987,4,1,20,6,40,21,196,107,0,0,0,0,16,12,171,95,4,3,0.0,0.5714285714285714,2122
Oliver Brown,Corey Deuel,7,1182,976,0.7587387600845145,0.6259778577666038,153,66,839,391,5,0,29,9,30,13,328,162,0,0,29,9,4,3,0.0,0.5714285714285714,2122
Declan Brennan,Majid Khan,7,922,1000,0.3946945160108152,0.4514038914168657,15,2,79,25,0,0,0,0,6,2,23,7,0,0,0,0,4,0,0.0,1.0,2122
Alex Borg,Lee Shanker,7,1116,904,0.7650010839038448,0.6294831119673949,336,143,2427,1109,28,7,143,46,80,26,367,157,0,0,18,7,4,3,0.0,0.5714285714285714,2122
Jamie Bodle,Ray Grall,7,1138,961,0.7271505015076656,0.6088545692109504,156,99,1146,637,3,0,12,0,18,9,32,13,0,0,0,0,4,0,0.0,1.0,2122
Adam Bobat,Ben Jones,7,974,1080,0.358394567903784,0.4341349971045183,29,10,161,69,69,35,359,179,13,9,105,47,20,12,190,95,4,1,0.0,0.8,2122
Thomas Barton,Joel Walker,7,1009,1214,0.24231426705785994,0.37460765027944887,10,3,56,26,148,68,947,450,0,0,56,26,0,0,388,183,4,3,0.0,0.5714285714285714,2122
Jamie Barrett,Lyu Haotian,7,1085,1143,0.42125508861179106,0.4638133797682053,45,18,261,123,74,28,515,225,56,20,114,49,0,0,255,106,4,3,0.0,0.5714285714285714,2122
John Astley,David Lilley,7,1237,1189,0.5653114683109788,0.5299640517645717,148,68,915,420,54,29,339,181,145,68,357,147,63,32,63,32,4,2,0.0,0.6666666666666666,2122
Rhydian Ap Owen,Stuart Watson,7,989,841,0.6935058085008956,0.5914589784327801,3,1,13,5,37,6,199,65,0,0,13,5,0,0,0,0,4,2,0.0,0.6666666666666666,2122
Chen Zifan,Mike Finn,7,1080,968,0.6492231123314619,0.569546223939229,32,15,191,88,5,1,25,7,25,11,141,61,0,0,11,3,4,2,0.0,0.6666666666666666,2122
Charlie Walters,Ian John Ali,7,1019,988,0.5422981239384312,0.519365308229932,78,29,436,193,1,0,4,0,23,9,144,66,0,0,0,0,4,0,0.0,1.0,2122
Darryn Walker,Marc Davis,7,1146,1064,0.6105601107289808,0.551071269307342,271,147,2146,1120,104,44,552,253,0,0,33,19,15,2,163,81,4,0,0.0,1.0,2122
Alexander Ursenbacher,Joe Steele,7,1131,942,0.7404818133197837,0.6159753019181258,65,25,393,173,54,20,277,116,0,0,275,120,6,2,133,52,4,0,0.0,1.0,2122
Joshua Thomond,Jamie Bodle,7,977,1138,0.2911708832817938,0.40071183649164394,5,1,27,10,156,99,1146,637,15,6,27,10,18,9,32,13,4,3,0.0,0.5714285714285714,2122
Alex Taubman,Thomas Barton,7,1098,1009,0.6197035864994962,0.5553966483205892,139,61,758,345,10,3,56,26,14,7,221,111,0,0,56,26,4,2,0.0,0.6666666666666666,2122
Zak Surety,Rhydian Ap Owen,7,1145,989,0.7029806026650167,0.5962826992967879,103,45,610,285,3,1,13,5,56,25,313,135,0,0,13,5,4,1,0.0,0.8,2122
Adam Stefanow,Saqib Nasir,7,1032,1086,0.4266177377216683,0.4663011645670992,36,14,192,84,77,39,420,220,76,31,131,54,15,11,130,60,4,3,0.0,0.5714285714285714,2122
Craig Steadman,Ross Higgins,7,1225,959,0.8169132017945215,0.660382673079216,377,207,2498,1314,47,15,243,95,96,38,639,319,0,0,140,67,4,0,0.0,1.0,2122
Brandon Sargeant,Chris Melling,7,1038,1144,0.358394567903784,0.4341349971045183,49,19,276,124,162,89,1108,573,67,26,234,108,0,0,251,108,4,2,0.0,0.6666666666666666,2122
Tyler Rees,Josh Mulholland,7,984,1010,0.4645031181885513,0.48375571893792757,1,0,4,0,4,2,21,11,0,0,0,0,0,0,21,11,4,0,0.0,1.0,2122
Ian Preece,Hrithik Jain,7,1201,991,0.7629243149475251,0.6283161882953663,182,101,1344,695,1,0,4,0,79,36,79,36,0,0,4,0,4,2,0.0,0.6666666666666666,2122
Andreas Ploner,Joe Delaney,7,1060,1203,0.3124871992801179,0.4115648798723618,42,18,220,102,392,204,3152,1594,10,6,174,81,0,0,0,0,4,3,0.0,0.5714285714285714,2122
Barry Pinches,Michael Collumb,7,1223,1056,0.7157709624772323,0.6028848673274662,706,365,5533,2868,46,18,251,119,15,11,425,199,24,11,165,85,4,2,0.0,0.6666666666666666,2122
Peter Lines,Harvey Chandler,7,1225,982,0.7957969165005263,0.647370307581549,710,383,5214,2702,4,1,20,6,122,56,540,247,0,0,0,0,4,0,0.0,1.0,2122
Bradley Jones,Adam Bobat,7,1176,974,0.7545108097932872,0.623633628298226,344,196,2759,1457,29,10,161,69,17,3,17,3,13,9,105,47,4,3,0.0,0.5714285714285714,2122
David John,Daniel O’Regan,7,1068,929,0.6826800016944434,0.5860112044388707,74,33,497,235,6,0,30,6,62,16,100,35,4,0,24,4,4,0,0.0,1.0,2122
Ashley Hugill,Phil O'Kane,7,1118,1002,0.6542665688127887,0.5719961329315186,55,26,293,141,71,30,364,165,61,26,271,131,13,7,89,47,4,0,0.0,1.0,2122
Andy Hicks,Lee Chun Wai,7,1198,1001,0.7491668212476215,0.6206951913643555,578,310,4724,2442,2,1,9,4,77,30,153,70,0,0,9,4,4,0,0.0,1.0,2122
Steven Hallworth,Hassan Miah,7,1108,946,0.7099919234270913,0.5998883688639983,63,19,394,164,6,0,32,8,63,27,289,112,0,0,0,0,4,1,0.0,0.8,2122
Gareth Green,George Pragnall,7,1042,1074,0.4563431395453441,0.48001065984441826,57,27,320,144,26,12,158,73,4,0,62,26,15,8,152,71,4,2,0.0,0.6666666666666666,2122
Michael Georgiou,Louis Heathcote,7,1300,984,0.8576412839544288,0.6878313305828404,160,74,975,475,18,5,101,37,140,70,510,253,23,5,83,29,4,3,0.0,0.5714285714285714,2122
Adam Duffy,Lukas Kleckers,7,1299,1056,0.7957969165005263,0.647370307581549,285,146,1815,932,33,14,193,88,114,53,598,314,41,17,163,74,4,0,0.0,1.0,2122
Tony Drago,Jake Nicholson,7,1148,949,0.7513122476997512,0.6218716423074662,714,351,5859,2893,71,21,377,148,0,0,227,89,5,1,155,70,4,3,0.0,0.5714285714285714,2122
Matthew Day,Callum Lloyd,7,1094,953,0.685100616527281,0.587223690839335,130,61,699,339,21,5,109,42,15,9,181,84,0,0,52,22,4,2,0.0,0.6666666666666666,2122
Jeff Cundy,Stephen Croft,7,1155,1136,0.5259570402770714,0.5118727677562528,509,269,3577,1856,81,45,573,294,4,0,156,81,0,0,0,0,4,3,0.0,0.5714285714285714,2122
Lyu Chenwei,Aaron Tobin,7,1060,1000,0.5814204865006773,0.5374298453437496,51,15,316,125,0,0,0,0,29,11,238,87,0,0,0,0,4,0,0.0,1.0,2122
Oliver Brown,Antony Parsons,7,1182,1083,0.6326419490877371,0.5615610703361955,153,66,839,391,78,34,471,223,30,13,328,162,15,7,53,21,4,3,0.0,0.5714285714285714,2122
Declan Brennan,Clayton Humphries,7,922,1013,0.3776967488123118,0.44336904007774663,15,2,79,25,4,2,23,12,6,2,23,7,0,0,23,12,4,3,0.0,0.5714285714285714,2122
Alex Borg,Sam Thistlewhite,7,1116,1068,0.5653114683109788,0.5299640517645717,336,143,2427,1109,68,31,356,169,80,26,367,157,0,0,117,64,4,2,0.0,0.6666666666666666,2122
Jamie Barrett,Eddie Manning,7,1085,1108,0.46858930565080326,0.4856289593029398,45,18,261,123,260,142,1985,1034,56,20,114,49,0,0,19,9,4,2,0.0,0.6666666666666666,2122
John Astley,Ng On Yee,7,1237,985,0.8042377114883456,0.6524894621927444,148,68,915,420,2,0,12,4,145,68,357,147,0,0,12,4,4,0,0.0,1.0,2122
Darryn Walker,Charlie Walters,7,1146,1019,0.6679843009449487,0.578714862460134,271,147,2146,1120,78,29,436,193,0,0,33,19,23,9,144,66,4,2,0.0,0.6666666666666666,2122
Alexander Ursenbacher,Alex Taubman,7,1131,1098,0.5450150538752272,0.5206133097144486,65,25,393,173,139,61,758,345,0,0,275,120,14,7,221,111,4,2,0.0,0.6666666666666666,2122
Zak Surety,Declan Brennan,7,1145,922,0.7762304913665884,0.6358738914270539,103,45,610,285,15,2,79,25,56,25,313,135,6,2,23,7,4,1,0.0,0.8,2122
Craig Steadman,Andreas Ploner,7,1225,1060,0.7134663824052628,0.6016871801828567,377,207,2498,1314,42,18,220,102,96,38,639,319,10,6,174,81,4,2,0.0,0.6666666666666666,2122
Barry Pinches,Jeff Cundy,7,1223,1155,0.5920814957526257,0.542397940774351,706,365,5533,2868,509,269,3577,1856,15,11,425,199,4,0,156,81,4,0,0.0,1.0,2122
Peter Lines,Ashley Hugill,7,1225,1118,0.6428793213307702,0.5664790559676278,710,383,5214,2702,55,26,293,141,122,56,540,247,61,26,271,131,4,1,0.0,0.8,2122
David John,Oliver Brown,7,1068,1182,0.34825159011302903,0.4292283881055083,74,33,497,235,153,66,839,391,62,16,100,35,30,13,328,162,4,2,0.0,0.6666666666666666,2122
Andy Hicks,Matthew Day,7,1198,1094,0.6390526295107546,0.5646362918030292,578,310,4724,2442,130,61,699,339,77,30,153,70,15,9,181,84,4,0,0.0,1.0,2122
Steven Hallworth,Tyler Rees,7,1108,984,0.6642657784879786,0.5768852611320463,63,19,394,164,1,0,4,0,63,27,289,112,0,0,0,0,4,0,0.0,1.0,2122
Michael Georgiou,Adam Stefanow,7,1300,1032,0.8186786074572162,0.6615031592029524,160,74,975,475,36,14,192,84,140,70,510,253,76,31,131,54,4,1,0.0,0.8,2122
Adam Duffy,Bradley Jones,7,1299,1176,0.6630224339222315,0.5762749224932653,285,146,1815,932,344,196,2759,1457,114,53,598,314,17,3,17,3,4,3,0.0,0.5714285714285714,2122
Tony Drago,Chen Zifan,7,1148,1080,0.5920814957526257,0.542397940774351,714,351,5859,2893,32,15,191,88,0,0,227,89,25,11,141,61,4,2,0.0,0.6666666666666666,2122
Alex Borg,Joshua Thomond,7,1116,977,0.6826800016944434,0.5860112044388707,336,143,2427,1109,5,1,27,10,80,26,367,157,15,6,27,10,4,3,0.0,0.5714285714285714,2122
Jamie Barrett,Brandon Sargeant,7,1085,1038,0.5639634145132848,0.5293412500457856,45,18,261,123,49,19,276,124,56,20,114,49,67,26,234,108,4,3,0.0,0.5714285714285714,2122
John Astley,Lyu Chenwei,7,1237,1060,0.7271505015076656,0.6088545692109504,148,68,915,420,51,15,316,125,145,68,357,147,29,11,238,87,4,2,0.0,0.6666666666666666,2122
Alexander Ursenbacher,Andy Hicks,7,1131,1198,0.4092473522241249,0.4582226307163632,65,25,393,173,578,310,4724,2442,0,0,275,120,77,30,153,70,4,3,0.0,0.5714285714285714,2122
Zak Surety,Darryn Walker,7,1145,1146,0.4986328153483015,0.4993750003255206,103,45,610,285,271,147,2146,1120,56,25,313,135,0,0,33,19,4,3,0.0,0.5714285714285714,2122
Craig Steadman,Steven Hallworth,7,1225,1108,0.6555229391190917,0.5726080638632601,377,207,2498,1314,63,19,394,164,96,38,639,319,63,27,289,112,4,2,0.0,0.6666666666666666,2122
Peter Lines,Adam Duffy,7,1225,1299,0.39996961044138163,0.4538814589542204,710,383,5214,2702,285,146,1815,932,122,56,540,247,114,53,598,314,4,0,0.0,1.0,2122
David John,Tony Drago,7,1068,1148,0.3920645840647391,0.45016600268752216,74,33,497,235,714,351,5859,2893,62,16,100,35,0,0,227,89,4,1,0.0,0.8,2122
Michael Georgiou,Jamie Barrett,7,1300,1085,0.7680961089120268,0.6312306626164005,160,74,975,475,45,18,261,123,140,70,510,253,56,20,114,49,4,1,0.0,0.8,2122
Alex Borg,Barry Pinches,7,1116,1223,0.3571206786692294,0.43352094403237207,336,143,2427,1109,706,365,5533,2868,80,26,367,157,15,11,425,199,4,3,0.0,0.5714285714285714,2122
John Astley,Ian Preece,7,1237,1201,0.549086208422272,0.5224848247918001,148,68,915,420,182,101,1344,695,145,68,357,147,79,36,79,36,4,1,0.0,0.8,2122
David John,Zak Surety,7,1068,1145,0.39601140843867844,0.4520230623632036,74,33,497,235,103,45,610,285,62,16,100,35,56,25,313,135,4,1,0.0,0.8,2122
Michael Georgiou,Craig Steadman,7,1300,1225,0.6013510291923431,0.5467381519846138,160,74,975,475,377,207,2498,1314,140,70,510,253,96,38,639,319,4,1,0.0,0.8,2122
Alex Borg,Alexander Ursenbacher,7,1116,1131,0.47950179614537025,0.4906260984783392,336,143,2427,1109,65,25,393,173,80,26,367,157,0,0,275,120,4,2,0.0,0.6666666666666666,2122
John Astley,Peter Lines,7,1237,1225,0.5164013295642876,0.5074994375506203,148,68,915,420,710,383,5214,2702,145,68,357,147,122,56,540,247,4,0,0.0,1.0,2122
Fang Xiongman,Raymond Fry,7,1098,993,0.6403298636636867,0.5652507475670999,40,16,226,99,14,5,78,36,72,24,166,71,5,1,15,3,4,0,0.0,1.0,2121
Lucky Vatnani,Gary Lees,7,983,1037,0.4266177377216683,0.4663011645670992,67,24,378,157,258,138,1891,975,17,8,35,17,7,3,23,11,4,2,0.0,0.6666666666666666,2121
Kevin van Hove,Daniel Stevenson,7,1065,983,0.6105601107289808,0.551071269307342,92,43,536,250,1,0,4,0,10,4,10,4,4,0,4,0,4,2,0.0,0.6666666666666666,2121
Kevin van Hove,Daniel Stevenson,7,1065,983,0.6105601107289808,0.551071269307342,92,43,536,250,1,0,4,0,10,4,10,4,4,0,4,0,4,2,0.0,0.6666666666666666,2121
Mitchell Travis,Jeff Cundy,7,1149,1152,0.4958985144028909,0.498125008789013,115,58,660,323,512,271,3593,1864,5,1,207,108,20,8,172,89,4,0,0.0,1.0,2121
Chris Totten,Richard King,7,986,994,0.48906395814377107,0.4950001666600003,6,1,35,13,9,3,57,25,12,4,31,13,5,1,5,1,4,0,0.0,1.0,2121
Aaron Tobin,Mark Davies,7,989,955,0.5463726874746992,0.5212372149662741,2,1,11,4,3,0,13,1,11,4,11,4,5,1,13,1,4,0,0.0,1.0,2121
Gary Thomson,Barry Pinches,7,1078,1239,0.2911708832817938,0.40071183649164394,155,80,1123,569,711,369,5562,2887,6,2,35,16,44,30,454,218,4,3,0.0,0.5714285714285714,2121
Sam Thistlewhite,Ian Glover,7,1083,1132,0.433341285511335,0.469413239817919,71,33,371,179,171,71,1039,490,15,10,132,74,17,9,270,109,4,3,0.0,0.5714285714285714,2121
Zak Surety,Darryn Walker,7,1163,1175,0.4835986704357121,0.4925005624493796,109,50,643,306,275,150,2167,1135,89,46,346,156,21,15,54,34,4,0,0.0,1.0,2121
Craig Steadman,Ian John Ali,7,1241,1002,0.7919725105475417,0.645084137572727,382,211,2524,1331,4,2,17,8,122,55,665,336,13,8,13,8,4,0,0.0,1.0,2121
James Silverwood,Rhydian Ap Owen,7,922,985,0.41457369574132835,0.4607061941016405,67,19,359,137,5,2,24,10,5,1,36,17,11,5,24,10,4,0,0.0,1.0,2121
Brandon Sargeant,Dessie Sheehan,7,1054,730,0.86350380276547,0.6921095043017882,52,21,295,135,171,34,1299,480,86,37,253,119,6,2,79,32,4,0,0.0,1.0,2121
Shachar Ruberg,Dale Hughes,7,1031,983,0.5653114683109788,0.5299640517645717,28,12,182,77,1,0,4,0,5,1,143,62,4,0,4,0,4,0,0.0,1.0,2121
Ben Robinson,Heather Clare,7,985,953,0.5436568604546561,0.5199893401555818,1,0,4,0,3,0,12,0,4,0,4,0,4,0,12,0,4,0,0.0,1.0,2121
Joe Roberts,Adam Longley,7,1059,923,0.6790334655716898,0.5841905229354074,37,20,201,103,16,4,83,29,10,5,128,64,10,2,41,14,4,3,0.0,0.5714285714285714,2121
Zack Richardson,Andrew Milliard,7,1142,873,0.8195570476403491,0.6620627248063988,51,26,280,155,165,48,968,371,43,27,191,105,11,5,44,20,4,0,0.0,1.0,2121
Michael Rhodes,Matthew Glasby,7,1141,933,0.7608368593181393,0.6271477663131956,141,87,1000,552,29,10,163,67,6,2,6,2,24,11,120,45,4,0,0.0,1.0,2121
Ian Preece,Ben Jones,7,1203,1065,0.6814665603465866,0.585404569129465,185,103,1359,704,70,35,364,180,94,45,94,45,25,13,195,96,4,1,0.0,0.8,2121
George Pragnall,Stephen Croft,7,1066,1137,0.4039387802743521,0.4557411415821268,28,13,171,79,83,46,586,301,28,14,165,77,13,7,13,7,4,0,0.0,1.0,2121
Antony Parsons,Bhavesh Sodha,7,1089,931,0.7053268662779104,0.5974857658270161,80,35,485,230,7,1,30,6,29,14,67,28,10,2,10,2,4,0,0.0,1.0,2121
Daniel O’Regan,Robert Cloherty,7,924,930,0.4917974901893887,0.496250070310918,8,1,41,10,5,0,21,1,15,4,35,8,4,0,13,1,4,2,0.0,0.6666666666666666,2121
Ng On Yee,Chris Jones,7,985,942,0.5585634499391967,0.5268491486891144,4,1,21,8,16,3,86,28,9,4,21,8,7,3,59,23,4,2,0.0,0.6666666666666666,2121
Joe O'Connor,Scott Lyons,7,1107,958,0.6946979044907379,0.5920629281648192,68,32,404,193,5,1,25,7,7,3,332,155,4,0,25,7,4,1,0.0,0.8,2121
Eddie Manning,Alexander Ursenbacher,7,1116,1165,0.433341285511335,0.469413239817919,262,143,1995,1040,71,30,426,195,10,6,29,15,33,22,308,142,4,0,0.0,1.0,2121
Peter Lines,Declan Brennan,7,1259,949,0.853127093984388,0.6846015003234307,715,387,5235,2718,19,5,100,38,143,72,561,263,27,15,44,20,4,2,0.0,0.6666666666666666,2121
David Lilley,Chris Melling,7,1184,1152,0.5436568604546561,0.5199893401555818,56,30,351,187,165,91,1123,583,75,38,75,38,15,10,266,118,4,2,0.0,0.6666666666666666,2121
Christopher Keogan,Troy Brett,7,1110,1002,0.644151517953897,0.5670929049654543,108,42,598,274,3,1,18,9,77,26,344,168,12,7,12,7,4,2,0.0,0.6666666666666666,2121
Kuldesh Johal,Josh Mulholland,7,1199,1006,0.7448448720621436,0.6183380393302829,194,109,1291,689,7,4,38,19,5,1,73,37,17,8,38,19,4,2,0.0,0.6666666666666666,2121
Tugba Irten,Andrei Orzan,7,1007,977,0.5409388610739393,0.5187412158785352,9,5,54,27,2,0,9,1,6,2,33,16,4,0,9,1,4,3,0.0,0.5714285714285714,2121
Clayton Humphries,Nick Jennings,7,1016,1079,0.41457369574132835,0.4607061941016405,6,3,37,19,103,49,564,278,14,7,37,19,5,1,70,31,4,2,0.0,0.6666666666666666,2121
Kishan Hirani,Thomas Barton,7,1085,1029,0.5760654606907909,0.5349429451582145,113,52,599,283,13,5,73,36,16,6,197,102,17,10,73,36,4,3,0.0,0.5714285714285714,2121
Andy Hicks,Peter Devlin,7,1240,950,0.837347307313657,0.6737070994545215,583,314,4748,2461,17,6,83,31,101,49,177,89,6,2,68,28,4,0,0.0,1.0,2121
Louis Heathcote,Patrick Whelan,7,1002,963,0.5531518743848329,0.5243557087682073,20,6,114,44,6,1,28,8,36,12,96,36,9,1,28,8,4,2,0.0,0.6666666666666666,2121
Gareth Green,Mark Owens,7,1066,960,0.641605432096216,0.5658650028954817,59,29,330,152,43,13,241,95,14,8,72,34,4,0,131,51,4,2,0.0,0.6666666666666666,2121
Adam Duffy,Paul Norris,7,1299,997,0.8469508145525204,0.6802671966986485,289,149,1835,944,2,0,14,6,134,65,618,326,14,6,14,6,4,0,0.0,1.0,2121
Corey Deuel,Robin Otto,7,979,964,0.5204982038546295,0.5093739015216607,6,0,36,12,15,6,78,33,7,3,36,12,9,1,78,33,4,3,0.0,0.5714285714285714,2121
Joe Delaney,Nico Elton,7,1209,1109,0.6339273074659068,0.5621765008857981,394,205,3164,1601,57,26,315,153,12,7,12,7,5,1,224,116,4,2,0.0,0.6666666666666666,2121
Matthew Day,Ashley Carty,7,1099,1225,0.33325327584718467,0.4218947671156908,134,64,721,351,100,52,585,301,37,21,203,96,7,3,374,198,4,1,0.0,0.8,2121
Marc Davis,Stephen Ormerod,7,1056,861,0.7470110120975012,0.6195173196470847,106,45,563,257,98,28,665,261,26,6,174,85,6,2,18,6,4,0,0.0,1.0,2121
Dylan Craig,Michael Georgiou,7,1142,1331,0.25951818668021626,0.3840246980818742,49,29,264,147,166,80,1006,499,6,2,151,88,171,94,541,277,4,1,0.0,0.8,2121
Michael Collumb,Hans Blanckaert,7,1065,842,0.7762304913665884,0.6358738914270539,48,19,262,125,103,24,545,189,35,17,176,91,5,1,119,42,4,1,0.0,0.8,2121
Lyu Chenwei,Ross Higgins,7,1096,956,0.6838913574482577,0.5866175789173301,55,18,335,139,49,16,254,99,48,25,257,101,11,4,151,71,4,0,0.0,1.0,2121
Ryan Causton,Jack Bradford,7,1059,911,0.6935058085008956,0.5914589784327801,108,55,574,280,37,10,195,71,19,9,177,85,19,8,85,39,4,1,0.0,0.8,2121
Shane Castle,Lewis Gillen,7,1049,1007,0.557211603425229,0.5262259093720687,58,24,348,159,7,3,40,20,6,2,88,33,16,8,40,20,4,0,0.0,1.0,2121
Darren Burns,Adam Edge,7,973,1004,0.4577018760615691,0.4806346917700681,14,5,77,31,34,13,192,87,5,1,5,1,24,12,114,53,4,3,0.0,0.5714285714285714,2121
Jamie Brown,Stuart Watson,7,974,837,0.6802510445614828,0.584797674717737,7,1,39,15,38,6,205,67,11,7,11,7,6,2,6,2,4,3,0.0,0.5714285714285714,2121
Jordan Brown,Danny Brindle,7,1165,897,0.8186786074572162,0.6615031592029524,80,43,513,263,14,1,74,20,19,9,86,42,5,1,33,11,4,1,0.0,0.8,2121
Alex Borg,Christopher Maye,7,1137,987,0.6958878075458884,0.5926665999540697,341,148,2460,1129,1,0,4,0,113,46,400,177,4,0,4,0,4,0,0.0,1.0,2121
Jamie Bodle,Felix Frede,7,1141,1011,0.6716853028295744,0.5805423048206596,159,101,1163,648,21,10,105,49,35,20,49,24,23,12,78,41,4,3,0.0,0.5714285714285714,2121
Adam Bobat,Phil Parkin,7,992,993,0.4986328153483015,0.4993750003255206,31,11,173,76,1,0,5,1,25,16,117,54,5,1,5,1,4,1,0.0,0.8,2121
Richard Beckham,Callum Lloyd,7,1089,959,0.6716853028295744,0.5805423048206596,34,20,178,93,23,6,120,48,13,5,175,93,11,6,63,28,4,0,0.0,1.0,2121
John Astley,Simon Dent,7,1285,996,0.8365285845595485,0.6731572963701318,153,73,940,440,21,8,112,53,170,88,382,167,16,7,76,38,4,2,0.0,0.6666666666666666,2121
Farakh Ajaib,Jason Turnbull,7,1008,984,0.5327731710226205,0.51499550161941,30,13,175,82,1,0,4,0,10,2,10,2,4,0,4,0,4,0,0.0,1.0,2121
Chen Zhe,Alex Taubman,7,1173,1117,0.5760654606907909,0.5349429451582145,173,84,1058,521,143,64,779,359,81,31,284,129,35,21,242,125,4,2,0.0,0.6666666666666666,2121
Cao Yupeng,Ryan Causton,7,1173,1059,0.651748409886971,0.5707716118944918,190,92,1370,678,108,55,574,280,76,23,455,213,19,9,177,85,4,1,0.0,0.8,2121
Fang Xiongman,Andrew Grainger,7,1098,984,0.651748409886971,0.5707716118944918,40,16,226,99,1,0,4,0,72,24,166,71,4,0,4,0,4,0,0.0,1.0,2121
Daniel Womersley,Mitchell Travis,7,990,1149,0.29350342132334917,0.40191313966779657,10,2,63,23,115,58,660,323,63,23,63,23,5,1,207,108,4,2,0.0,0.6666666666666666,2121
Charlie Walters,Matthew Day,7,1035,1099,0.4132404983976814,0.46008511544443426,81,31,453,203,134,64,721,351,40,19,161,76,37,21,203,96,4,1,0.0,0.8,2121
Joel Walker,Ben Robinson,7,1204,985,0.7721850273226749,0.633555377636775,149,68,954,453,1,0,4,0,7,3,395,186,4,0,4,0,4,1,0.0,0.8,2121
Lucky Vatnani,Brad Chappell,7,983,969,0.5191328123553783,0.5087491068802403,67,24,378,157,4,1,20,5,17,8,35,17,11,4,20,5,4,1,0.0,0.8,2121
Kevin van Hove,Phil O'Kane,7,1065,992,0.5987085312450529,0.5454987872127821,92,43,536,250,73,31,375,169,10,4,10,4,24,11,100,51,4,2,0.0,0.6666666666666666,2121
Aaron Tobin,Joshua Baddeley,7,989,989,0.5,0.5,2,1,11,4,19,8,101,48,11,4,11,4,15,7,101,48,4,3,0.0,0.5714285714285714,2121
Joshua Thomond,Darren Barton,7,1006,968,0.5517972899579606,0.523732154126561,9,4,51,25,3,0,14,2,39,21,51,25,5,1,14,2,4,1,0.0,0.8,2121
Sam Thistlewhite,Ray Grall,7,1083,948,0.6778138346852377,0.5835831155172753,71,33,371,179,4,0,16,0,15,10,132,74,4,0,4,0,4,0,0.0,1.0,2121
Zak Surety,Imran Puri,7,1163,635,0.9600693509364194,0.789181706522253,109,50,643,306,54,6,267,55,89,46,346,156,5,1,24,4,4,0,0.0,1.0,2121
Adam Stefanow,Corey Deuel,7,1060,979,0.6092484254460553,0.5504527113395278,40,17,212,97,6,0,36,12,96,44,151,67,7,3,36,12,4,2,0.0,0.6666666666666666,2121
Craig Steadman,Hrithik Jain,7,1241,1013,0.7812257884147848,0.6387631751488418,382,211,2524,1331,4,2,20,10,122,55,665,336,16,10,20,10,4,1,0.0,0.8,2121
James Silverwood,Majid Khan,7,922,983,0.41724321907824724,0.4619487156141408,67,19,359,137,1,0,4,0,5,1,36,17,4,0,4,0,4,0,0.0,1.0,2121
Brandon Sargeant,Lukas Kleckers,7,1054,1072,0.47540722540195457,0.4887518980531451,52,21,295,135,36,16,206,96,86,37,253,119,54,25,176,82,4,3,0.0,0.5714285714285714,2121
Joe Roberts,Craig Barber,7,1059,951,0.644151517953897,0.5670929049654543,37,20,201,103,76,32,476,218,10,5,128,64,4,0,42,13,4,2,0.0,0.6666666666666666,2121
Michael Rhodes,David John,7,1141,1136,0.5068355814796678,0.5031249593105316,141,87,1000,552,80,39,528,259,6,2,6,2,93,40,131,59,4,3,0.0,0.5714285714285714,2121
Ian Preece,Jake Nicholson,7,1203,978,0.7782368395177592,0.6370307944803831,185,103,1359,704,74,23,394,159,94,45,94,45,22,12,172,81,4,1,0.0,0.8,2121
Haydon Pinhey,Andy Marriott,7,1000,927,0.5987085312450529,0.5454987872127821,2,1,11,6,21,5,119,44,11,6,11,6,6,2,51,22,4,2,0.0,0.6666666666666666,2121
Antony Parsons,Peter Delaney,7,1089,817,0.8221753102072331,0.6637386974043528,80,35,485,230,31,6,199,63,29,14,67,28,5,1,16,2,4,2,0.0,0.6666666666666666,2121
Daniel O’Regan,George Montgomery,7,924,1000,0.3973295650806627,0.45264238185691075,8,1,41,10,0,0,0,0,15,4,35,8,0,0,0,0,4,0,0.0,1.0,2121
Ng On Yee,Hassan Miah,7,985,946,0.5531518743848329,0.5243557087682073,4,1,21,8,8,1,43,13,9,4,21,8,11,5,11,5,4,0,0.0,1.0,2121
Jamie O'Neill,Joe Steele,7,1192,963,0.7822166026963269,0.6393398367530659,271,140,1723,890,57,22,289,124,12,7,172,85,18,10,145,60,4,2,0.0,0.6666666666666666,2121
Joe O'Connor,Lee Shanker,7,1107,907,0.7523810515908644,0.6224593312018546,68,32,404,193,29,7,150,49,7,3,332,155,7,3,25,10,4,3,0.0,0.5714285714285714,2121
Eddie Manning,William Lemons,7,1116,1006,0.6466907800352545,0.5683199834782481,262,143,1995,1040,31,12,183,81,10,6,29,15,7,3,141,68,4,3,0.0,0.5714285714285714,2121
Peter Lines,Keith Keldie,7,1259,978,0.829876495909729,0.668741821102192,715,387,5235,2718,6,1,38,15,143,72,561,263,7,3,38,15,4,0,0.0,1.0,2121
David Lilley,Adam King,7,1184,952,0.7851724867885262,0.6410674063348171,56,30,351,187,16,6,87,36,75,38,75,38,4,0,83,36,4,0,0.0,1.0,2121
Jamie Lashmar,George Pragnall,7,984,1066,0.3894398892710193,0.448928730692658,1,0,4,0,28,13,171,79,4,0,4,0,28,14,165,77,4,2,0.0,0.6666666666666666,2121
Fung Kwok Wai,Shane Castle,7,1078,1049,0.5395790886298393,0.5181170650431814,18,8,121,60,58,24,348,159,11,6,11,6,6,2,88,33,4,3,0.0,0.5714285714285714,2121
Christopher Keogan,Jamie Clarke,7,1110,1210,0.36607269253409314,0.43782349911420193,108,42,598,274,119,61,685,359,77,26,344,168,17,7,440,238,4,3,0.0,0.5714285714285714,2121
Bradley Jones,Gary Thomson,7,1188,1078,0.6466907800352545,0.5683199834782481,348,199,2784,1472,155,80,1123,569,42,18,42,18,6,2,35,16,4,1,0.0,0.8,2121
Kuldesh Johal,Sonnie O'Sullivan,7,1199,990,0.7618819203066071,0.6277321638605189,194,109,1291,689,1,0,5,1,5,1,73,37,5,1,5,1,4,3,0.0,0.5714285714285714,2121
Tugba Irten,Lee Mein,7,1007,997,0.51366902727117,0.5062496744995104,9,5,54,27,2,1,12,5,6,2,33,16,12,5,12,5,4,3,0.0,0.5714285714285714,2121
Clayton Humphries,Andrew Alexandrou,7,1016,831,0.7360780864464773,0.6136070778047783,6,3,37,19,90,23,631,249,14,7,37,19,6,2,20,5,4,0,0.0,1.0,2121
Ashley Hugill,John Astley,7,1132,1285,0.30055574355873826,0.4055240692517599,59,29,316,154,153,73,940,440,84,39,294,144,170,88,382,167,4,1,0.0,0.8,2121
Kishan Hirani,Aaron McCann,7,1085,990,0.6274848196821066,0.559097471902393,113,52,599,283,1,0,4,0,16,6,197,102,4,0,4,0,4,0,0.0,1.0,2121
Andy Hicks,Paul Burrell,7,1240,910,0.8677841579315165,0.6952966693475653,583,314,4748,2461,13,3,93,33,101,49,177,89,4,0,4,0,4,0,0.0,1.0,2121
Louis Heathcote,James Burrett,7,1002,861,0.685100616527281,0.587223690839335,20,6,114,44,29,6,149,45,36,12,96,36,5,1,38,12,4,1,0.0,0.8,2121
Lyu Haotian,Chris Totten,7,1139,986,0.6994442564412618,0.5944759307482401,76,29,529,232,6,1,35,13,14,7,269,113,12,4,31,13,4,1,0.0,0.8,2121
Steven Hallworth,Saqib Nasir,7,1124,1091,0.5450150538752272,0.5206133097144486,67,22,416,178,79,40,433,227,85,41,311,126,28,18,143,67,4,1,0.0,0.8,2121
Gerard Greene,Tony Drago,7,1301,1165,0.6790334655716898,0.5841905229354074,655,357,4898,2574,719,355,5886,2910,35,21,447,227,27,17,254,106,4,3,0.0,0.5714285714285714,2121
Gareth Green,Jack Smithers,7,1066,987,0.6066210971235376,0.5492151291013335,59,29,330,152,1,0,5,1,14,8,72,34,5,1,5,1,4,0,0.0,1.0,2121
John Foster,Sean Bowers,7,999,995,0.5054685677142574,0.5024999791668749,1,0,7,3,1,0,6,2,7,3,7,3,6,2,6,2,4,2,0.0,0.6666666666666666,2121
Mike Finn,Shachar Ruberg,7,981,1031,0.43199486323846364,0.46879062662624377,8,3,44,17,28,12,182,77,19,10,30,13,5,1,143,62,4,1,0.0,0.8,2121
Reanne Evans,Chen Zifan,7,1042,1091,0.433341285511335,0.469413239817919,124,44,675,280,35,17,208,98,15,7,142,70,42,21,158,71,4,0,0.0,1.0,2121
Adam Duffy,Michael Williams,7,1299,1092,0.7597891374076362,0.6265629971237182,289,149,1835,944,42,22,210,114,134,65,618,326,30,19,185,102,4,0,0.0,1.0,2121
Jason Devaney,Dylan Craig,7,998,1142,0.31128429594529594,0.41095956594133487,11,3,57,23,49,29,264,147,6,2,36,17,6,2,151,88,4,1,0.0,0.8,2121
Marc Davis,Harvey Chandler,7,1056,979,0.6039885915613215,0.5479769376367963,106,45,563,257,6,2,31,10,26,6,174,85,11,4,11,4,4,2,0.0,0.6666666666666666,2121
Alex Davies,Conor McCormack,7,1176,905,0.8213053995393751,0.6631804950993565,217,106,1345,664,17,4,80,24,6,2,290,125,12,4,80,24,4,1,0.0,0.8,2121
Joshua Cooper,Richard Beckham,7,977,1089,0.35077688766853815,0.43045377606077095,15,6,71,29,34,20,178,93,19,11,66,28,13,5,175,93,4,3,0.0,0.5714285714285714,2121
Michael Collumb,Andreas Ploner,7,1065,1082,0.476771798023094,0.4893765989950364,48,19,262,125,46,21,244,116,35,17,176,91,34,20,198,95,4,3,0.0,0.5714285714285714,2121
Brian Cini,James Lake,7,1055,1000,0.5747243219334544,0.5343209436693046,32,15,162,85,0,0,0,0,7,3,150,79,0,0,0,0,4,0,0.0,1.0,2121
Lyu Chenwei,Gary Challis,7,1096,987,0.6454220086166967,0.5677065480733601,55,18,335,139,3,1,15,6,48,25,257,101,4,0,4,0,4,2,0.0,0.6666666666666666,2121
Greg Casey,Alex Borg,7,1027,1137,0.35330921996474546,0.4316800165217519,10,5,61,32,341,148,2460,1129,20,10,55,30,113,46,400,177,4,0,0.0,1.0,2121
Darren Burns,Wasim Khan,7,973,983,0.4863309727288301,0.49375032550048964,14,5,77,31,1,0,4,0,5,1,5,1,4,0,4,0,4,0,0.0,1.0,2121
Jordan Brown,Lee Chun Wai,7,1165,1010,0.7018040708685593,0.5956807306078472,80,43,513,263,5,3,23,12,19,9,86,42,14,8,23,12,4,1,0.0,0.8,2121
Jamie Brown,Ben Harrison,7,974,1137,0.2888475905595551,0.3995117254730337,7,1,39,15,127,67,694,366,11,7,11,7,4,0,38,17,4,3,0.0,0.5714285714285714,2121
Oliver Brown,Joe Delaney,7,1173,1209,0.45091379157772826,0.4775151752081999,157,69,864,405,394,205,3164,1601,55,27,353,176,12,7,12,7,4,2,0.0,0.6666666666666666,2121
Jamie Bodle,Tyler Rees,7,1141,991,0.6958878075458884,0.5926665999540697,159,101,1163,648,4,2,18,8,35,20,49,24,14,8,14,8,4,0,0.0,1.0,2121
Simon Blackwell,Scott Bell,7,992,962,0.5409388610739393,0.5187412158785352,1,0,5,1,7,2,38,14,5,1,5,1,6,2,6,2,4,1,0.0,0.8,2121
Mario Basile,Zack Richardson,7,991,1142,0.3029244926392998,0.4067300078928128,1,0,6,2,51,26,280,155,6,2,6,2,43,27,191,105,4,3,0.0,0.5714285714285714,2121
Jamie Barrett,Adam Bobat,7,1095,992,0.6377737431786725,0.5640216374262577,49,21,286,136,31,11,173,76,81,33,139,62,25,16,117,54,4,2,0.0,0.6666666666666666,2121
Farakh Ajaib,Shafaqut Hussain,7,1008,985,0.5314106943491967,0.5143710406970602,30,13,175,82,1,0,4,0,10,2,10,2,4,0,4,0,4,0,0.0,1.0,2121
Chen Zhe,Steven Hallworth,7,1173,1124,0.5666587144886649,0.530586760182081,173,84,1058,521,67,22,416,178,81,31,284,129,85,41,311,126,4,2,0.0,0.6666666666666666,2121
Cao Yupeng,Jason Devaney,7,1173,998,0.7248939369984414,0.6076631698328917,190,92,1370,678,11,3,57,23,76,23,455,213,6,2,36,17,4,2,0.0,0.6666666666666666,2121
Fang Xiongman,Charlie Walters,7,1098,1035,0.5854263042586716,0.5392938058983595,40,16,226,99,81,31,453,203,72,24,166,71,40,19,161,76,4,1,0.0,0.8,2121
Daniel Womersley,Lucky Vatnani,7,990,983,0.5095693356278297,0.5043748883497735,10,2,63,23,67,24,378,157,63,23,63,23,17,8,35,17,4,3,0.0,0.5714285714285714,2121
Adam Stefanow,Tugba Irten,7,1060,1007,0.5720392978025534,0.5330766223661046,40,17,212,97,9,5,54,27,96,44,151,67,6,2,33,16,4,0,0.0,1.0,2121
Craig Steadman,Sam Thistlewhite,7,1241,1083,0.7053268662779104,0.5974857658270161,382,211,2524,1331,71,33,371,179,122,55,665,336,15,10,132,74,4,1,0.0,0.8,2121
Brandon Sargeant,Mario Basile,7,1054,991,0.5854263042586716,0.5392938058983595,52,21,295,135,1,0,6,2,86,37,253,119,6,2,6,2,4,1,0.0,0.8,2121
Joe Roberts,Daniel O’Regan,7,1059,924,0.6778138346852377,0.5835831155172753,37,20,201,103,8,1,41,10,10,5,128,64,15,4,35,8,4,0,0.0,1.0,2121
Ian Preece,Kuldesh Johal,7,1203,1199,0.5054685677142574,0.5024999791668749,185,103,1359,704,194,109,1291,689,94,45,94,45,5,1,73,37,4,1,0.0,0.8,2121
Haydon Pinhey,Farakh Ajaib,7,1000,1008,0.48906395814377107,0.4950001666600003,2,1,11,6,30,13,175,82,11,6,11,6,10,2,10,2,4,3,0.0,0.5714285714285714,2121
Antony Parsons,Jamie Bodle,7,1089,1141,0.42930455538057166,0.4675456936126812,80,35,485,230,159,101,1163,648,29,14,67,28,35,20,49,24,4,3,0.0,0.5714285714285714,2121
Ng On Yee,Clayton Humphries,7,985,1016,0.4577018760615691,0.4806346917700681,4,1,21,8,6,3,37,19,9,4,21,8,14,7,37,19,4,3,0.0,0.5714285714285714,2121
Eddie Manning,Mike Finn,7,1116,981,0.6778138346852377,0.5835831155172753,262,143,1995,1040,8,3,44,17,10,6,29,15,19,10,30,13,4,0,0.0,1.0,2121
David Lilley,Aaron Tobin,7,1184,989,0.7470110120975012,0.6195173196470847,56,30,351,187,2,1,11,4,75,38,75,38,11,4,11,4,4,1,0.0,0.8,2121
Christopher Keogan,Joel Walker,7,1110,1204,0.37380831662168224,0.44151888756183866,108,42,598,274,149,68,954,453,77,26,344,168,7,3,395,186,4,3,0.0,0.5714285714285714,2121
Ashley Hugill,Fung Kwok Wai,7,1132,1078,0.573382262278332,0.5336988354329009,59,29,316,154,18,8,121,60,84,39,294,144,11,6,11,6,4,0,0.0,1.0,2121
Andy Hicks,Jamie Brown,7,1240,974,0.8169132017945215,0.660382673079216,583,314,4748,2461,7,1,39,15,101,49,177,89,11,7,11,7,4,3,0.0,0.5714285714285714,2121
Louis Heathcote,Joshua Thomond,7,1002,1006,0.4945314322857424,0.49750002083312506,20,6,114,44,9,4,51,25,36,12,96,36,39,21,51,25,4,0,0.0,1.0,2121
Lyu Haotian,Zak Surety,7,1139,1163,0.4672268289773793,0.4850044983805899,76,29,529,232,109,50,643,306,14,7,269,113,89,46,346,156,4,1,0.0,0.8,2121
Gerard Greene,Jordan Brown,7,1301,1165,0.6790334655716898,0.5841905229354074,655,357,4898,2574,80,43,513,263,35,21,447,227,19,9,86,42,4,3,0.0,0.5714285714285714,2121
Gareth Green,Darren Burns,7,1066,973,0.6248970337106214,0.5578645727207344,59,29,330,152,14,5,77,31,14,8,72,34,5,1,5,1,4,1,0.0,0.8,2121
Reanne Evans,James Silverwood,7,1042,922,0.6592810606298003,0.574442516811659,124,44,675,280,67,19,359,137,15,7,142,70,5,1,36,17,4,1,0.0,0.8,2121
Adam Duffy,Kevin van Hove,7,1299,1065,0.7871292414209698,0.6422170929574377,289,149,1835,944,92,43,536,250,134,65,618,326,10,4,10,4,4,1,0.0,0.8,2121
Marc Davis,Joe O'Connor,7,1056,1107,0.43064928112217615,0.4681681105837757,106,45,563,257,68,32,404,193,26,6,174,85,7,3,332,155,4,3,0.0,0.5714285714285714,2121
Alex Davies,Kishan Hirani,7,1176,1085,0.622303251187688,0.5566309599222533,217,106,1345,664,113,52,599,283,6,2,290,125,16,6,197,102,4,3,0.0,0.5714285714285714,2121
Joshua Cooper,Michael Rhodes,7,977,1141,0.28768943450591145,0.3989121211516302,15,6,71,29,141,87,1000,552,19,11,66,28,6,2,6,2,4,3,0.0,0.5714285714285714,2121
Michael Collumb,Oliver Brown,7,1065,1173,0.3558484820461031,0.4329070950345457,48,19,262,125,157,69,864,405,35,17,176,91,55,27,353,176,4,1,0.0,0.8,2121
Brian Cini,Peter Lines,7,1055,1259,0.24336993834212794,0.3751935255315707,32,15,162,85,715,387,5235,2718,7,3,150,79,143,72,561,263,4,2,0.0,0.6666666666666666,2121
Lyu Chenwei,Bradley Jones,7,1096,1188,0.37639911510945645,0.44275214540144436,55,18,335,139,348,199,2784,1472,48,25,257,101,42,18,42,18,4,1,0.0,0.8,2121
Greg Casey,John Foster,7,1027,999,0.5382188233953898,0.5174928576663897,10,5,61,32,1,0,7,3,20,10,55,30,7,3,7,3,4,2,0.0,0.6666666666666666,2121
Simon Blackwell,Jamie O'Neill,7,992,1192,0.24761894840913548,0.3775406687981454,1,0,5,1,271,140,1723,890,5,1,5,1,12,7,172,85,4,0,0.0,1.0,2121
Jamie Barrett,Jamie Lashmar,7,1095,984,0.6479578189910667,0.5689332093695465,49,21,286,136,1,0,4,0,81,33,139,62,4,0,4,0,4,3,0.0,0.5714285714285714,2121
Chen Zhe,Haydon Pinhey,7,1173,1000,0.7226276336267841,0.6064704870683034,173,84,1058,521,2,1,11,6,81,31,284,129,11,6,11,6,4,1,0.0,0.8,2121
Cao Yupeng,Louis Heathcote,7,1173,1002,0.7203516579445735,0.6052765337748445,190,92,1370,678,20,6,114,44,76,23,455,213,36,12,96,36,4,1,0.0,0.8,2121
Fang Xiongman,Lyu Haotian,7,1098,1139,0.44414095234189266,0.47439741167538224,40,16,226,99,76,29,529,232,72,24,166,71,14,7,269,113,4,3,0.0,0.5714285714285714,2121
Daniel Womersley,Ng On Yee,7,990,985,0.5068355814796678,0.5031249593105316,10,2,63,23,4,1,21,8,63,23,63,23,9,4,21,8,4,3,0.0,0.5714285714285714,2121
Adam Stefanow,Reanne Evans,7,1060,1042,0.5245927745980452,0.5112481019468548,40,17,212,97,124,44,675,280,96,44,151,67,15,7,142,70,4,2,0.0,0.6666666666666666,2121
Craig Steadman,Gareth Green,7,1241,1066,0.7248939369984414,0.6076631698328917,382,211,2524,1331,59,29,330,152,122,55,665,336,14,8,72,34,4,1,0.0,0.8,2121
Joe Roberts,Brandon Sargeant,7,1059,1054,0.5068355814796678,0.5031249593105316,37,20,201,103,52,21,295,135,10,5,128,64,86,37,253,119,4,3,0.0,0.5714285714285714,2121
Ian Preece,Michael Collumb,7,1203,1065,0.6814665603465866,0.585404569129465,185,103,1359,704,48,19,262,125,94,45,94,45,35,17,176,91,4,1,0.0,0.8,2121
Antony Parsons,Greg Casey,7,1089,1027,0.5840920587766287,0.538672605206508,80,35,485,230,10,5,61,32,29,14,67,28,20,10,55,30,4,3,0.0,0.5714285714285714,2121
Eddie Manning,Alex Davies,7,1116,1176,0.4185795134993229,0.46257015465625045,262,143,1995,1040,217,106,1345,664,10,6,29,15,6,2,290,125,4,1,0.0,0.8,2121
David Lilley,Andy Hicks,7,1184,1240,0.42393453930920916,0.4650570548417855,56,30,351,187,583,314,4748,2461,75,38,75,38,101,49,177,89,4,1,0.0,0.8,2121
Christopher Keogan,Lyu Chenwei,7,1110,1096,0.5191328123553783,0.5087491068802403,108,42,598,274,55,18,335,139,77,26,344,168,48,25,257,101,4,0,0.0,1.0,2121
Adam Duffy,Gerard Greene,7,1299,1301,0.4972656477862734,0.49875000260416025,289,149,1835,944,655,357,4898,2574,134,65,618,326,35,21,447,227,4,0,0.0,1.0,2121
Marc Davis,Brian Cini,7,1056,1055,0.5013671846516985,0.5006249996744794,106,45,563,257,32,15,162,85,26,6,174,85,7,3,150,79,4,3,0.0,0.5714285714285714,2121
Simon Blackwell,Joshua Cooper,7,992,977,0.5204982038546295,0.5093739015216607,1,0,5,1,15,6,71,29,5,1,5,1,19,11,66,28,4,1,0.0,0.8,2121
Jamie Barrett,Ashley Hugill,7,1095,1132,0.44955793756481255,0.4768914745109111,49,21,286,136,59,29,316,154,81,33,139,62,84,39,294,144,4,3,0.0,0.5714285714285714,2121
Chen Zhe,Ian Preece,7,1173,1203,0.4590611389260606,0.4812587841214648,173,84,1058,521,185,103,1359,704,81,31,284,129,94,45,94,45,4,2,0.0,0.6666666666666666,2121
Cao Yupeng,Jamie Barrett,7,1173,1095,0.6053054839891849,0.5485961085831343,190,92,1370,678,49,21,286,136,76,23,455,213,81,33,139,62,4,3,0.0,0.5714285714285714,2121
Fang Xiongman,Simon Blackwell,7,1098,992,0.641605432096216,0.5658650028954817,40,16,226,99,1,0,5,1,72,24,166,71,5,1,5,1,4,1,0.0,0.8,2121
Daniel Womersley,Antony Parsons,7,990,1089,0.36735805091226303,0.4384389296638045,10,2,63,23,80,35,485,230,63,23,63,23,29,14,67,28,4,0,0.0,1.0,2121
Joe Roberts,Eddie Manning,7,1059,1116,0.4225943374899878,0.4644351620161461,37,20,201,103,262,143,1995,1040,10,5,128,64,10,6,29,15,4,1,0.0,0.8,2121
David Lilley,Adam Duffy,7,1184,1299,0.3469916118703663,0.42861601832306767,56,30,351,187,289,149,1835,944,75,38,75,38,134,65,618,326,4,2,0.0,0.6666666666666666,2121
Christopher Keogan,Adam Stefanow,7,1110,1060,0.5680051367615364,0.5312093733737563,108,42,598,274,40,17,212,97,77,26,344,168,96,44,151,67,4,3,0.0,0.5714285714285714,2121
Marc Davis,Craig Steadman,7,1056,1241,0.26392191355352257,0.3863929221952217,106,45,563,257,382,211,2524,1331,26,6,174,85,122,55,665,336,4,1,0.0,0.8,2121
Chen Zhe,David Lilley,7,1173,1184,0.48496472766542054,0.4931254332354657,173,84,1058,521,56,30,351,187,81,31,284,129,75,38,75,38,4,1,0.0,0.8,2121
Cao Yupeng,Joe Roberts,7,1173,1059,0.651748409886971,0.5707716118944918,190,92,1370,678,37,20,201,103,76,23,455,213,10,5,128,64,4,0,0.0,1.0,2121
Fang Xiongman,Daniel Womersley,7,1098,990,0.644151517953897,0.5670929049654543,40,16,226,99,10,2,63,23,72,24,166,71,63,23,63,23,4,3,0.0,0.5714285714285714,2121
Christopher Keogan,Marc Davis,7,1110,1056,0.573382262278332,0.5336988354329009,108,42,598,274,106,45,563,257,77,26,344,168,26,6,174,85,4,0,0.0,1.0,2121
Cao Yupeng,Rodion Judin,19,1208,973,0.9011866038108858,0.6427913242407762,195,97,1397,698,5,1,36,11,103,43,482,233,0,0,36,11,10,0,0.0,1.0,2063
Zhou Yuelong,Dylan Craig,19,1304,1143,0.8121661443908816,0.5992881635083561,110,59,737,381,51,30,274,152,170,85,573,302,16,7,161,93,10,3,0.0,0.7692307692307693,2063
Zhang Yong,Joe Swail,19,1118,1252,0.23023153450477252,0.4170245457988005,49,18,290,121,786,424,6192,3227,95,37,232,96,122,60,698,358,10,7,0.0,0.5882352941176471,2063
Zhao Xintong,Rod Lawler,19,1332,1223,0.7260291346094357,0.5677065480733601,92,51,591,325,764,417,5854,3043,142,72,416,226,158,70,724,361,10,9,0.0,0.5263157894736842,2063
Kyren Wilson,Jason Weston,19,1419,1088,0.9642729298290351,0.6958260586292875,315,193,2002,1104,298,160,2289,1192,173,99,755,420,66,16,202,79,10,3,0.0,0.7692307692307693,2063
Gary Wilson,Leo Fernandez,19,1357,1258,0.7074218935077607,0.5615610703361955,339,198,2176,1187,403,245,3066,1661,142,75,642,326,0,0,138,73,10,4,0.0,0.7142857142857143,2063
Robbie Williams,Gareth Allen,19,1299,1167,0.7664230377765949,0.5817593768418363,306,168,1933,993,148,70,839,407,138,67,657,328,96,35,394,188,10,7,0.0,0.5882352941176471,2063
Liang Wenbo,Joe O'Connor,19,1450,1107,0.9689868893235204,0.702138068199835,513,314,3559,1972,71,34,423,204,321,185,1184,668,26,14,351,166,10,2,0.0,0.8333333333333334,2063
Lee Walker,Conor McCormack,19,1232,900,0.9646875106212925,0.6963549298238342,411,229,3202,1656,18,4,85,25,118,50,431,203,17,5,85,25,10,0,0.0,1.0,2063
Chris Wakelin,Ben Woollaston,19,1279,1347,0.3537600810400645,0.45760205922564895,125,65,818,413,489,280,3184,1698,152,74,606,304,200,98,896,465,10,9,0.0,0.5263157894736842,2063
Hossein Vafaei,Tian Pengfei,19,1229,1311,0.3255222350369511,0.448928730692658,48,26,356,178,314,178,2078,1114,79,39,245,125,86,33,647,355,10,7,0.0,0.5882352941176471,2063
Thepchaiya Un-Nooh,Akani Songsermsawad,19,1400,1277,0.7510315449982883,0.5762749224932653,252,146,1801,960,38,18,274,138,186,94,868,475,206,109,235,121,10,9,0.0,0.5263157894736842,2063
Matthew Stevens,Josh Boileau,19,1375,1097,0.935734939423606,0.6670782770956253,880,518,6843,3733,60,30,320,158,174,96,757,393,73,26,222,110,10,2,0.0,0.8333333333333334,2063
Craig Steadman,Michael Leslie,19,1257,1138,0.7440171739421312,0.5738312575916094,387,215,2548,1348,117,35,749,302,146,72,689,353,0,0,336,141,10,3,0.0,0.7692307692307693,2063
Matthew Selt,Igor Figueiredo,19,1401,1221,0.8388259009383668,0.610639233949222,471,259,3270,1716,88,44,655,317,155,81,1060,603,27,10,179,81,10,2,0.0,0.8333333333333334,2063
Noppon Saengkham,Michael Georgiou,19,1216,1314,0.2944714783461281,0.43905454967528373,151,64,1065,487,167,80,1011,500,144,68,654,308,176,95,546,278,10,6,0.0,0.625,2063
Jimmy Robertson,Tyler Rees,19,1380,978,0.9852106801600108,0.7320405018416317,397,215,2653,1378,5,2,22,8,144,83,820,446,18,8,18,8,10,0,0.0,1.0,2063
Dechawat Poomjaeng,Eden Sharav,19,1228,1199,0.5635927970506078,0.5181170650431814,218,116,1549,784,98,51,574,284,94,40,700,357,90,39,433,210,10,4,0.0,0.7142857142857143,2063
Martin O'Donnell,Kuldesh Johal,19,1229,1186,0.5938019864614988,0.5268491486891144,246,116,1491,742,197,111,1309,698,95,46,458,239,23,10,91,46,10,8,0.0,0.5555555555555556,2063
Fergal O'Brien,Steve Davis,19,1377,1211,0.8194393262349954,0.6022861768886306,810,465,6133,3247,1370,892,11643,6639,160,84,810,437,0,0,141,57,10,4,0.0,0.7142857142857143,2063
Ross Muir,Sean O'Sullivan,19,1131,1253,0.25071216255194234,0.42433564895745063,108,39,712,312,161,71,1003,477,106,45,495,211,105,48,530,270,10,5,0.0,0.6666666666666666,2063
David Morris,Chris Melling,19,1299,1145,0.8016768627203623,0.595078473866134,238,123,1750,885,166,91,1129,585,0,0,333,160,21,12,272,120,10,5,0.0,0.6666666666666666,2063
Robert Milkins,Ka Wai Cheung,19,1317,1000,0.9580272427633959,0.6883678768310286,747,453,5521,3009,0,0,0,0,178,90,1029,543,0,0,0,0,10,3,0.0,0.7692307692307693,2063
Alan McManus,Michael Wasley,19,1365,1230,0.7714308238816987,0.5835831155172753,870,519,7259,3852,245,120,1565,764,119,57,837,461,0,0,446,208,10,5,0.0,0.6666666666666666,2063
Rory McLeod,Lukas Kleckers,19,1254,1068,0.84669209107247,0.6141996427768951,507,276,3791,1974,37,16,213,99,112,49,550,266,61,28,183,85,10,7,0.0,0.5882352941176471,2063
Anthony McGill,Hatem Yassen,19,1515,950,0.9986670948934848,0.8041599598359659,385,236,2473,1375,8,0,45,7,243,145,961,538,25,3,45,7,10,1,0.0,0.9090909090909091,2063
Mitchell Mann,Kishan Hirani,19,1194,1100,0.6978976628571024,0.5584811124381613,190,87,1159,561,116,54,617,294,104,44,396,174,34,17,215,113,10,7,0.0,0.5882352941176471,2063
Kurt Maflin,Sanderson Lam,19,1362,1141,0.8873501796485124,0.6347154153791584,464,269,3084,1666,104,45,608,278,178,98,731,376,89,36,385,178,10,8,0.0,0.5555555555555556,2063
Jack Lisowski,Alex Taubman,19,1285,1111,0.8306942630913418,0.6070669880717036,334,196,2169,1169,144,64,785,361,143,72,642,327,41,23,248,127,10,2,0.0,0.8333333333333334,2063
Oliver Lines,Lu Ning,19,1297,1135,0.8136354344641303,0.5998883688639983,149,81,909,473,62,21,427,185,142,68,582,293,0,0,254,109,10,5,0.0,0.6666666666666666,2063
Peter Lines,Ng On Yee,19,1255,1008,0.9119971235082704,0.6496497492904088,718,389,5251,2728,8,4,45,23,159,82,577,273,33,19,45,23,10,1,0.0,0.9090909090909091,2063
Mark King,Fraser Patrick,19,1350,1200,0.7955233897656404,0.5926665999540697,842,469,6206,3250,178,75,1161,535,184,98,881,468,99,45,455,201,10,3,0.0,0.7692307692307693,2063
Ding Junhui,Greg Casey,19,1551,1050,0.9963600299656256,0.7777323231128432,639,428,4783,2731,13,7,78,43,309,177,1037,608,37,21,72,41,10,4,0.0,0.7142857142857143,2063
Mark Joyce,Zak Surety,19,1331,1173,0.8077144337023154,0.5974857658270161,393,206,2830,1440,112,52,656,315,127,62,638,326,102,55,359,165,10,7,0.0,0.5882352941176471,2063
Robin Hull,Barry Pinches,19,1350,1229,0.7475375205969886,0.5750535485557879,478,287,3673,2019,712,369,5569,2890,131,66,496,256,51,33,461,221,10,7,0.0,0.5882352941176471,2063
Michael Holt,Michael Wild,19,1484,1161,0.9608069936978667,0.6915765137521193,718,424,5254,2811,288,156,1748,935,299,170,1069,580,90,34,146,57,10,6,0.0,0.625,2063
Liam Highfield,Luke Simmonds,19,1369,1225,0.7860776492125148,0.5890404340586651,291,158,1964,1036,103,57,717,375,138,70,581,311,0,0,65,35,10,2,0.0,0.8333333333333334,2063
Li Hang,Lyu Chenwei,19,1312,1111,0.8652011760245274,0.6230466603666162,196,98,1387,713,59,21,354,151,133,68,661,353,67,37,276,113,10,8,0.0,0.5555555555555556,2063
Anthony Hamilton,Sydney Wilson,19,1339,1109,0.8963989700976916,0.6399160967377341,770,448,5983,3201,159,58,931,411,195,106,589,294,72,20,420,175,10,3,0.0,0.7692307692307693,2063
Xiao Guodong,Allan Taylor,19,1425,1145,0.9370718331056622,0.6681877721681662,363,212,2400,1326,246,117,1443,714,173,97,765,433,101,36,422,170,10,6,0.0,0.625,2063
Gerard Greene,Jimmy White,19,1285,1252,0.5722712099239616,0.5206133097144486,658,359,4916,2582,1385,778,11924,6282,53,29,465,235,108,52,498,231,10,9,0.0,0.5263157894736842,2063
David Grace,Brendan O'Donoghue,19,1290,1150,0.7796382096421529,0.5866175789173301,271,126,1780,860,70,37,444,233,134,69,524,243,0,0,42,26,10,5,0.0,0.6666666666666666,2063
David Gilbert,Rhys Clark,19,1459,1169,0.9434264434454256,0.6737070994545215,480,274,3523,1887,88,41,520,242,236,137,926,509,118,48,343,153,10,5,0.0,0.6666666666666666,2063
Tom Ford,Darryl Hill,19,1385,986,0.9846160645362405,0.7305667649586345,526,302,3765,2007,49,14,314,121,183,96,770,412,57,11,218,76,10,2,0.0,0.8333333333333334,2063
Peter Ebdon,James Wattana,19,1382,1194,0.8492552433393747,0.6153837563911821,1006,577,7925,4260,776,428,6556,3456,114,59,907,497,154,74,417,180,10,6,0.0,0.625,2063
Mike Dunn,James Cahill,19,1256,1165,0.6921154549273313,0.5566309599222533,644,343,4748,2450,120,40,773,324,110,50,669,353,107,46,466,202,10,7,0.0,0.5882352941176471,2063
Graeme Dott,Brandon Sargeant,19,1380,1074,0.9525067348709741,0.6824383021930648,761,447,5878,3154,56,24,318,150,128,64,928,522,109,52,276,134,10,8,0.0,0.5555555555555556,2063
Scott Donaldson,Joel Walker,19,1305,1204,0.7111911404253658,0.5627917401386452,177,90,1159,569,151,69,966,460,169,86,616,295,19,10,407,193,10,6,0.0,0.625,2063
Ken Doherty,Andy Hicks,19,1249,1242,0.515413308375196,0.5043748883497735,1069,653,8772,4825,587,317,4768,2474,98,43,649,323,121,62,197,102,10,6,0.0,0.625,2063
Ryan Day,Daniel Wells,19,1416,1325,0.6921154549273313,0.5566309599222533,794,481,5551,3065,300,149,2010,1005,235,135,1290,723,160,86,585,298,10,2,0.0,0.8333333333333334,2063
Paul Davison,Yu Delu,19,1177,1247,0.34967058986691646,0.4563613127629212,622,329,4377,2236,225,115,1561,791,99,36,518,249,137,59,568,277,10,9,0.0,0.5263157894736842,2063
Mark Davis,Adam Duffy,19,1474,1330,0.7860776492125148,0.5890404340586651,971,588,6975,3817,294,153,1858,962,230,134,1244,703,157,83,641,344,10,7,0.0,0.5882352941176471,2063
Dominic Dale,Ian Glover,19,1374,1126,0.9128555434510965,0.6502185485738271,840,486,6066,3241,172,71,1046,493,254,138,1065,584,24,12,277,112,10,6,0.0,0.625,2063
Jamie Cope,Ashley Hugill,19,1241,1157,0.6784339153176889,0.5523079095743253,531,284,3595,1830,62,31,332,165,96,39,580,289,100,50,310,155,10,4,0.0,0.7142857142857143,2063
Jamie Clarke,Jamie Burnett,19,1203,1316,0.26669940523669544,0.42984097461816473,120,61,692,362,620,361,4901,2609,24,10,447,241,23,11,470,253,10,9,0.0,0.5263157894736842,2063
Ali Carter,Mateusz Baranowski,19,1516,1044,0.9944016935519144,0.7649478037637647,811,489,5754,3170,24,12,129,63,267,152,823,456,32,11,124,62,10,2,0.0,0.8333333333333334,2063
Stuart Carrington,Hammad Miah,19,1351,1156,0.8579950035617098,0.6195173196470847,265,143,1684,887,97,38,624,270,166,89,631,319,123,52,449,192,10,9,0.0,0.5263157894736842,2063
Ian Burns,Duane Jones,19,1221,1257,0.42124318264650595,0.4775151752081999,273,143,1703,875,126,71,724,400,112,50,541,254,116,53,309,159,10,8,0.0,0.5555555555555556,2063
Alfie Burden,Tony Drago,19,1279,1166,0.7333005947633041,0.5701590253818352,609,328,4419,2278,720,355,5893,2913,110,48,541,267,34,20,261,109,10,7,0.0,0.5882352941176471,2063
Luca Brecel,Steven Hallworth,19,1410,1128,0.9383864301241835,0.669295402777446,241,130,1651,871,69,23,427,184,211,120,791,438,96,47,322,132,10,8,0.0,0.5555555555555556,2063
Nigel Bond,Andrew Higginson,19,1234,1381,0.20916729967051842,0.4091452475454058,813,450,6460,3407,648,389,4600,2532,109,48,489,231,175,97,738,399,10,9,0.0,0.5263157894736842,2063
Sam Baird,Thor Chuan Leong,19,1322,1097,0.8914409177131178,0.6370307944803831,279,148,1889,976,46,13,297,115,153,77,632,325,99,37,297,115,10,8,0.0,0.5555555555555556,2063
Zhang Anda,Bratislav Krastev,19,1361,992,0.9774174683869106,0.7155512239631054,254,127,1752,878,7,3,34,14,157,87,621,321,0,0,25,13,10,2,0.0,0.8333333333333334,2063
Hamza Akbar,Jamie Jones,19,1017,1410,0.016636534015801542,0.27239601075715814,14,2,93,30,437,266,2897,1583,64,21,93,30,175,98,812,446,10,5,0.0,0.6666666666666666,2063
Zhou Yuelong,Fergal O'Brien,19,1304,1377,0.3435698742119456,0.45450121278721795,110,59,737,381,810,465,6133,3247,170,85,573,302,160,84,810,437,10,6,0.0,0.625,2063
Kyren Wilson,Martin O'Donnell,19,1419,1229,0.8517889912769081,0.6165665045213193,315,193,2002,1104,246,116,1491,742,173,99,755,420,95,46,458,239,10,6,0.0,0.625,2063
Robbie Williams,Mark Joyce,19,1299,1331,0.4298952093968887,0.48001065984441826,306,168,1933,993,393,206,2830,1440,138,67,657,328,127,62,638,326,10,4,0.0,0.7142857142857143,2063
Liang Wenbo,Jamie Cope,19,1450,1241,0.8744035996764563,0.6277321638605189,513,314,3559,1972,531,284,3595,1830,321,185,1184,668,96,39,580,289,10,5,0.0,0.6666666666666666,2063
Thepchaiya Un-Nooh,Paul Davison,19,1400,1177,0.8894094439320752,0.6358738914270539,252,146,1801,960,622,329,4377,2236,186,94,868,475,99,36,518,249,10,7,0.0,0.5882352941176471,2063
Matthew Stevens,Zhang Yong,19,1375,1118,0.9202951967249288,0.655318370173895,880,518,6843,3733,49,18,290,121,174,96,757,393,95,37,232,96,10,3,0.0,0.7692307692307693,2063
Jimmy Robertson,Stuart Carrington,19,1380,1351,0.5635927970506078,0.5181170650431814,397,215,2653,1378,265,143,1684,887,144,83,820,446,166,89,631,319,10,5,0.0,0.6666666666666666,2063
Dechawat Poomjaeng,Robin Hull,19,1228,1350,0.25071216255194234,0.42433564895745063,218,116,1549,784,478,287,3673,2019,94,40,700,357,131,66,496,256,10,5,0.0,0.6666666666666666,2063
Robert Milkins,Scott Donaldson,19,1317,1305,0.526409749450005,0.5074994375506203,747,453,5521,3009,177,90,1159,569,178,90,1029,543,169,86,616,295,10,8,0.0,0.5555555555555556,2063
Alan McManus,David Morris,19,1365,1299,0.642133052576362,0.541156668150228,870,519,7259,3852,238,123,1750,885,119,57,837,461,0,0,333,160,10,6,0.0,0.625,2063
Anthony McGill,Craig Steadman,19,1515,1257,0.9210904877315886,0.6558828412078137,385,236,2473,1375,387,215,2548,1348,243,145,961,538,146,72,689,353,10,9,0.0,0.5263157894736842,2063
Mitchell Mann,Matthew Selt,19,1194,1401,0.1278537854521666,0.3734370028762817,190,87,1159,561,471,259,3270,1716,104,44,396,174,155,81,1060,603,10,9,0.0,0.5263157894736842,2063
Kurt Maflin,Zhao Xintong,19,1362,1332,0.5657655185023343,0.5187412158785352,464,269,3084,1666,92,51,591,325,178,98,731,376,142,72,416,226,10,8,0.0,0.5555555555555556,2063
Jack Lisowski,Rory McLeod,19,1285,1254,0.5679362049414082,0.519365308229932,334,196,2169,1169,507,276,3791,1974,143,72,642,327,112,49,550,266,10,5,0.0,0.6666666666666666,2063
Mark King,David Grace,19,1350,1290,0.6297126139714397,0.5374298453437496,842,469,6206,3250,271,126,1780,860,184,98,881,468,134,69,524,243,10,7,0.0,0.5882352941176471,2063
Ding Junhui,Ross Muir,19,1551,1131,0.9883709360972395,0.740774899182154,639,428,4783,2731,108,39,712,312,309,177,1037,608,106,45,495,211,10,1,0.0,0.9090909090909091,2063
Michael Holt,Peter Lines,19,1484,1255,0.8954210713170387,0.6393398367530659,718,424,5254,2811,718,389,5251,2728,299,170,1069,580,159,82,577,273,10,7,0.0,0.5882352941176471,2063
Liam Highfield,Luca Brecel,19,1369,1410,0.4104832201706214,0.47439741167538224,291,158,1964,1036,241,130,1651,871,138,70,581,311,211,120,791,438,10,8,0.0,0.5555555555555556,2063
Anthony Hamilton,Chris Wakelin,19,1339,1279,0.6297126139714397,0.5374298453437496,770,448,5983,3201,125,65,818,413,195,106,589,294,152,74,606,304,10,9,0.0,0.5263157894736842,2063
Xiao Guodong,Jamie Clarke,19,1425,1203,0.8883832943659045,0.6352948493228071,363,212,2400,1326,120,61,692,362,173,97,765,433,24,10,447,241,10,8,0.0,0.5555555555555556,2063
David Gilbert,Lee Walker,19,1459,1232,0.8934447441996924,0.6381861133090055,480,274,3523,1887,411,229,3202,1656,236,137,926,509,118,50,431,203,10,2,0.0,0.8333333333333334,2063
Peter Ebdon,Gerard Greene,19,1382,1285,0.7036293713965621,0.5603296426885532,1006,577,7925,4260,658,359,4916,2582,114,59,907,497,53,29,465,235,10,9,0.0,0.5263157894736842,2063
Mike Dunn,Li Hang,19,1256,1312,0.37864635967266563,0.4650570548417855,644,343,4748,2450,196,98,1387,713,110,50,669,353,133,68,661,353,10,9,0.0,0.5263157894736842,2063
Graeme Dott,Noppon Saengkham,19,1380,1216,0.8165520476411742,0.6010878788483698,761,447,5878,3154,151,64,1065,487,128,64,928,522,144,68,654,308,10,8,0.0,0.5555555555555556,2063
Ken Doherty,Hossein Vafaei,19,1249,1229,0.5439576712236219,0.5124973964842103,1069,653,8772,4825,48,26,356,178,98,43,649,323,79,39,245,125,10,7,0.0,0.5882352941176471,2063
Ryan Day,Alfie Burden,19,1416,1279,0.7747347212854907,0.584797674717737,794,481,5551,3065,609,328,4419,2278,235,135,1290,723,110,48,541,267,10,9,0.0,0.5263157894736842,2063
Dominic Dale,Oliver Lines,19,1374,1297,0.664499625755768,0.5479769376367963,840,486,6066,3241,149,81,909,473,254,138,1065,584,142,68,582,293,10,6,0.0,0.625,2063
Ali Carter,Cao Yupeng,19,1516,1208,0.9535526351326554,0.6835208937363156,811,489,5754,3170,195,97,1397,698,267,152,823,456,103,43,482,233,10,8,0.0,0.5555555555555556,2063
Ian Burns,Hamza Akbar,19,1221,1017,0.8687061980176644,0.6248064744684293,273,143,1703,875,14,2,93,30,112,50,541,254,64,21,93,30,10,3,0.0,0.7692307692307693,2063
Nigel Bond,Gary Wilson,19,1234,1357,0.24896845500171133,0.42372507750673466,813,450,6460,3407,339,198,2176,1187,109,48,489,231,142,75,642,326,10,6,0.0,0.625,2063
Sam Baird,Tom Ford,19,1322,1385,0.36405886551160976,0.4607061941016405,279,148,1889,976,526,302,3765,2007,153,77,632,325,183,96,770,412,10,7,0.0,0.5882352941176471,2063
Zhang Anda,Mark Davis,19,1361,1474,0.26669940523669544,0.42984097461816473,254,127,1752,878,971,588,6975,3817,157,87,621,321,230,134,1244,703,10,5,0.0,0.6666666666666666,2063
Kyren Wilson,Matthew Stevens,19,1419,1375,0.5959403124576433,0.5274723043445937,315,193,2002,1104,880,518,6843,3733,173,99,755,420,174,96,757,393,10,6,0.0,0.625,2063
Robbie Williams,Anthony Hamilton,19,1299,1339,0.41262997463294454,0.47502081252106,306,168,1933,993,770,448,5983,3201,138,67,657,328,195,106,589,294,10,9,0.0,0.5263157894736842,2063
Liang Wenbo,Xiao Guodong,19,1450,1425,0.5548828831088584,0.5156199157230156,513,314,3559,1972,363,212,2400,1326,321,185,1184,668,173,97,765,433,10,6,0.0,0.625,2063
Robert Milkins,Kurt Maflin,19,1317,1362,0.4019242967585692,0.4719046255916129,747,453,5521,3009,464,269,3084,1666,178,90,1029,543,178,98,731,376,10,7,0.0,0.5882352941176471,2063
Alan McManus,Jimmy Robertson,19,1365,1380,0.4670017257663631,0.4906260984783392,870,519,7259,3852,397,215,2653,1378,119,57,837,461,144,83,820,446,10,2,0.0,0.8333333333333334,2063
Anthony McGill,Thepchaiya Un-Nooh,19,1515,1400,0.7368984631390643,0.5713839816769324,385,236,2473,1375,252,146,1801,960,243,145,961,538,186,94,868,475,10,7,0.0,0.5882352941176471,2063
Mitchell Mann,Dechawat Poomjaeng,19,1194,1228,0.4255646024521632,0.4787627850337259,190,87,1159,561,218,116,1549,784,104,44,396,174,94,40,700,357,10,9,0.0,0.5263157894736842,2063
Ding Junhui,Nigel Bond,19,1551,1234,0.9580272427633959,0.6883678768310286,639,428,4783,2731,813,450,6460,3407,309,177,1037,608,109,48,489,231,10,2,0.0,0.8333333333333334,2063
Michael Holt,Mark King,19,1484,1350,0.7697684654952277,0.5829754542011996,718,424,5254,2811,842,469,6206,3250,299,170,1069,580,184,98,881,468,10,8,0.0,0.5555555555555556,2063
David Gilbert,Jack Lisowski,19,1459,1285,0.8306942630913418,0.6070669880717036,480,274,3523,1887,334,196,2169,1169,236,137,926,509,143,72,642,327,10,7,0.0,0.5882352941176471,2063
Peter Ebdon,Ian Burns,19,1382,1221,0.8121661443908816,0.5992881635083561,1006,577,7925,4260,273,143,1703,875,114,59,907,497,112,50,541,254,10,2,0.0,0.8333333333333334,2063
Graeme Dott,Mike Dunn,19,1380,1256,0.7527686151738532,0.5768852611320463,761,447,5878,3154,644,343,4748,2450,128,64,928,522,110,50,669,353,10,7,0.0,0.5882352941176471,2063
Ryan Day,Ken Doherty,19,1416,1249,0.8208719499318822,0.6028848673274662,794,481,5551,3065,1069,653,8772,4825,235,135,1290,723,98,43,649,323,10,6,0.0,0.625,2063
Ali Carter,Dominic Dale,19,1516,1374,0.7828720685045708,0.5878295384825115,811,489,5754,3170,840,486,6066,3241,267,152,823,456,254,138,1065,584,10,6,0.0,0.625,2063
Sam Baird,Liam Highfield,19,1322,1369,0.3976625701576724,0.47065874995421436,279,148,1889,976,291,158,1964,1036,153,77,632,325,138,70,581,311,10,9,0.0,0.5263157894736842,2063
Zhang Anda,Zhou Yuelong,19,1361,1304,0.6234490261193055,0.5355648379838539,254,127,1752,878,110,59,737,381,157,87,621,321,170,85,573,302,10,7,0.0,0.5882352941176471,2063
Kyren Wilson,Joe Perry,19,1419,1444,0.44511711689114175,0.4843800842769844,315,193,2002,1104,930,553,6748,3651,173,99,755,420,277,153,1269,729,10,9,0.0,0.5263157894736842,2063
Mark Williams,Graeme Dott,19,1498,1380,0.7422472029387684,0.5732197726798348,1226,806,9428,5405,761,447,5878,3154,288,170,1278,754,128,64,928,522,10,4,0.0,0.7142857142857143,2063
Ricky Walden,Robbie Williams,19,1453,1299,0.8016768627203623,0.595078473866134,702,434,5023,2808,306,168,1933,993,269,157,1138,662,138,67,657,328,10,8,0.0,0.5555555555555556,2063
Judd Trump,Liang Wenbo,19,1609,1450,0.8092056355950423,0.5980868603322034,752,505,5099,2994,513,314,3559,1972,291,180,1655,1017,321,185,1184,668,10,8,0.0,0.5555555555555556,2063
Mark Selby,Robert Milkins,19,1583,1317,0.9272327255083329,0.660382673079216,927,638,6756,3942,747,453,5521,3009,380,245,1442,889,178,90,1029,543,10,6,0.0,0.625,2063
Ronnie O'Sullivan,David Gilbert,19,1641,1459,0.8414774435955713,0.6118273690017371,1105,839,9718,5919,480,274,3523,1887,275,173,875,566,236,137,926,509,10,7,0.0,0.5882352941176471,2063
Alan McManus,Stephen Maguire,19,1365,1498,0.23190080394538312,0.41763245927192055,870,519,7259,3852,825,547,6070,3457,119,57,837,461,266,162,1203,702,10,7,0.0,0.5882352941176471,2063
Anthony McGill,Shaun Murphy,19,1515,1548,0.42772879007603837,0.47938669028555136,385,236,2473,1375,907,596,6692,3826,243,145,961,538,252,148,1518,914,10,8,0.0,0.5555555555555556,2063
Ding Junhui,Martin Gould,19,1551,1422,0.7613534600725305,0.5799334001885058,639,428,4783,2731,565,341,3808,2086,309,177,1037,608,171,89,861,494,10,8,0.0,0.5555555555555556,2063
Michael Holt,Neil Robertson,19,1484,1566,0.3255222350369511,0.448928730692658,718,424,5254,2811,790,518,5812,3318,299,170,1069,580,223,135,1296,774,10,6,0.0,0.625,2063
John Higgins,Ryan Day,19,1574,1416,0.8077144337023154,0.5974857658270161,1287,913,10354,6123,794,481,5551,3065,372,230,1431,850,235,135,1290,723,10,3,0.0,0.7692307692307693,2063
Barry Hawkins,Zhang Anda,19,1523,1361,0.8136354344641303,0.5998883688639983,804,498,5754,3201,254,127,1752,878,219,137,1119,633,157,87,621,321,10,5,0.0,0.6666666666666666,2063
Marco Fu,Peter Ebdon,19,1441,1382,0.6276285710624814,0.5368082899889803,784,467,5802,3163,1006,577,7925,4260,235,143,1218,687,114,59,907,497,10,2,0.0,0.8333333333333334,2063
Ali Carter,Stuart Bingham,19,1516,1552,0.42124318264650595,0.4775151752081999,811,489,5754,3170,964,612,7057,4024,267,152,823,456,389,240,1561,926,10,9,0.0,0.5263157894736842,2063
Sam Baird,Michael White,19,1322,1373,0.38917706594044876,0.4681681105837757,279,148,1889,976,381,220,2619,1402,153,77,632,325,217,114,1019,553,10,7,0.0,0.5882352941176471,2063
Mark Allen,Mitchell Mann,19,1504,1194,0.9545795161827586,0.6846015003234307,634,408,4327,2431,190,87,1159,561,234,132,1023,586,104,44,396,174,10,3,0.0,0.7692307692307693,2063
Kyren Wilson,Mark Allen,25,1419,1504,0.2959484746405606,0.4470740118670941,315,193,2002,1104,634,408,4327,2431,173,99,755,420,234,132,1023,586,13,9,0.0,0.5909090909090909,2063
Mark Williams,Michael Holt,25,1498,1484,0.5352114481095879,0.5087491068802403,1226,806,9428,5405,718,424,5254,2811,288,170,1278,754,299,170,1069,580,13,8,0.0,0.6190476190476191,2063
Mark Selby,Sam Baird,25,1583,1322,0.9488185796431245,0.6575736106164225,927,638,6756,3942,279,148,1889,976,380,245,1442,889,153,77,632,325,13,11,0.0,0.5416666666666666,2063
Alan McManus,Ali Carter,25,1365,1516,0.17094126183353797,0.4067300078928128,870,519,7259,3852,811,489,5754,3170,119,57,837,461,267,152,823,456,13,11,0.0,0.5416666666666666,2063
Ding Junhui,Judd Trump,25,1551,1609,0.3571886597955563,0.4638133797682053,639,428,4783,2731,752,505,5099,2994,309,177,1037,608,291,180,1655,1017,13,10,0.0,0.5652173913043478,2063
John Higgins,Ricky Walden,25,1574,1453,0.7770934788763848,0.5750535485557879,1287,913,10354,6123,702,434,5023,2808,372,230,1431,850,269,157,1138,662,13,8,0.0,0.6190476190476191,2063
Barry Hawkins,Ronnie O'Sullivan,25,1523,1641,0.2285655433209489,0.42678022732016513,804,498,5754,3201,1105,839,9718,5919,219,137,1119,633,275,173,875,566,13,12,0.0,0.52,2063
Marco Fu,Anthony McGill,25,1441,1515,0.3203151309553085,0.4538814589542204,784,467,5802,3163,385,236,2473,1375,235,143,1218,687,243,145,961,538,13,9,0.0,0.5909090909090909,2063
Mark Selby,Kyren Wilson,25,1583,1419,0.8489035008946965,0.6010878788483698,927,638,6756,3942,315,193,2002,1104,380,245,1442,889,173,99,755,420,13,8,0.0,0.6190476190476191,2063
Alan McManus,John Higgins,25,1365,1574,0.09475065826598487,0.3722678361394811,870,519,7259,3852,1287,913,10354,6123,119,57,837,461,372,230,1431,850,13,11,0.0,0.5416666666666666,2063
Ding Junhui,Mark Williams,25,1551,1498,0.630982698047243,0.5330766223661046,639,428,4783,2731,1226,806,9428,5405,309,177,1037,608,288,170,1278,754,13,3,0.0,0.8125,2063
Marco Fu,Barry Hawkins,25,1441,1523,0.30250771202816473,0.448928730692658,784,467,5802,3163,804,498,5754,3201,235,143,1218,687,219,137,1119,633,13,11,0.0,0.5416666666666666,2063
Mark Selby,Marco Fu,33,1583,1441,0.8472603939523656,0.5878295384825115,927,638,6756,3942,784,467,5802,3163,380,245,1442,889,235,143,1218,687,17,15,0.0,0.53125,2063
Ding Junhui,Alan McManus,33,1551,1365,0.9098482184438617,0.6141996427768951,639,428,4783,2731,870,519,7259,3852,309,177,1037,608,119,57,837,461,17,11,0.0,0.6071428571428571,2063
Mark Selby,Ding Junhui,35,1583,1551,0.594178804700014,0.5199893401555818,927,638,6756,3942,639,428,4783,2731,380,245,1442,889,309,177,1037,608,18,14,0.0,0.5625,2063
Elliot Slessor,Sam Thistlewhite,7,1158,1094,0.5867595016023184,0.5399148845555657,114,47,681,307,74,35,387,188,93,35,419,184,31,19,148,83,4,1,0.0,0.8,1364
Phil O'Kane,Ryan Causton,7,987,1058,0.4039387802743521,0.4557411415821268,74,31,381,171,110,56,584,285,30,13,106,53,29,14,187,90,4,1,0.0,0.8,1364
Ashley Hugill,Kishan Hirani,7,1139,1096,0.5585634499391967,0.5268491486891144,63,31,346,169,117,54,634,301,114,54,324,159,51,24,232,120,4,2,0.0,0.6666666666666666,1364
Kacper Filipiak,Richard Beckham,7,1048,1094,0.43738543058720863,0.4712816430485603,66,24,352,137,36,21,189,100,0,0,204,104,24,12,186,100,4,3,0.0,0.5714285714285714,1364
Adam Duffy,Mateusz Baranowski,7,1330,1037,0.8397864427779326,0.6753536404444148,295,153,1875,969,25,12,141,65,174,90,658,351,44,13,136,64,4,2,0.0,0.6666666666666666,1364
Sam Craigie,Tom Rees,7,1293,1005,0.8357070215370299,0.6726070170677604,112,58,677,356,16,7,85,40,109,51,233,130,6,2,85,40,4,2,0.0,0.6666666666666666,1364
Jamie Clarke,Nico Elton,7,1228,1104,0.6642657784879786,0.5768852611320463,122,62,729,380,58,26,321,155,61,28,484,259,11,3,230,118,4,1,0.0,0.8,1364
Ashley Carty,Christopher Keogan,7,1210,1162,0.5653114683109788,0.5299640517645717,101,52,590,302,114,48,633,298,12,4,379,199,112,50,379,192,4,3,0.0,0.5714285714285714,1364
Elliot Slessor,Phil O'Kane,7,1158,987,0.7203516579445735,0.6052765337748445,114,47,681,307,74,31,381,171,93,35,419,184,30,13,106,53,4,3,0.0,0.5714285714285714,1364
Adam Duffy,Ashley Hugill,7,1330,1139,0.7426684543010009,0.6171573626529722,295,153,1875,969,63,31,346,169,174,90,658,351,114,54,324,159,4,1,0.0,0.8,1364
Sam Craigie,Kacper Filipiak,7,1293,1048,0.7976923211673973,0.6485108747389209,112,58,677,356,66,24,352,137,109,51,233,130,0,0,204,104,4,1,0.0,0.8,1364
Jamie Clarke,Ashley Carty,7,1228,1210,0.5245927745980452,0.5112481019468548,122,62,729,380,101,52,590,302,61,28,484,259,12,4,379,199,4,1,0.0,0.8,1364
Elliot Slessor,Jamie Clarke,7,1158,1228,0.40526420278841835,0.4563613127629212,114,47,681,307,122,62,729,380,93,35,419,184,61,28,484,259,4,3,0.0,0.5714285714285714,1364
Sam Craigie,Adam Duffy,7,1293,1330,0.44955793756481255,0.4768914745109111,112,58,677,356,295,153,1875,969,109,51,233,130,174,90,658,351,4,3,0.0,0.5714285714285714,1364
Zhou Yuelong,Jordan Brown,9,1336,1179,0.7268865315426611,0.596884378259767,113,61,783,408,83,45,530,274,216,112,619,329,36,20,103,53,5,1,0.0,0.8333333333333334,1354
Ben Woollaston,Zhao Xintong,9,1337,1320,0.5261277964586326,0.5106234010049637,490,280,3203,1707,94,52,628,343,219,107,915,474,179,90,453,244,5,1,0.0,0.8333333333333334,1354
Kyren Wilson,Anthony Hamilton,9,1460,1344,0.6723703942210427,0.5719961329315186,321,198,2109,1165,773,450,6034,3230,280,160,862,481,246,135,640,323,5,3,0.0,0.625,1354
Gary Wilson,Paul Davison,9,1348,1193,0.7243399491478313,0.5956807306078472,341,199,2206,1203,624,330,4413,2253,172,91,672,342,135,53,554,266,5,1,0.0,0.8333333333333334,1354
Michael White,Craig Steadman,9,1358,1296,0.5944158213362583,0.538672605206508,382,220,2636,1409,389,216,2580,1367,234,121,1036,560,178,91,721,372,5,4,0.0,0.5555555555555556,1354
James Wattana,David Morris,9,1193,1297,0.34442552629041145,0.4353637081969708,777,428,6572,3462,240,124,1781,901,170,80,433,186,31,16,364,176,5,3,0.0,0.625,1354
Ricky Walden,Barry Pinches,9,1445,1227,0.7982810462660692,0.6329747766804606,704,435,5062,2826,713,369,5586,2897,308,175,1177,680,68,40,478,228,5,4,0.0,0.5555555555555556,1354
Chris Wakelin,Kurt Maflin,9,1291,1343,0.42057894147456754,0.4675456936126812,127,66,856,432,467,271,3137,1693,190,93,644,323,231,125,784,403,5,3,0.0,0.625,1354
Judd Trump,Joel Walker,9,1589,1196,0.9314935612778559,0.7276039892428419,754,506,5140,3014,152,69,982,466,332,200,1696,1037,35,16,423,199,5,0,0.0,1.0,1354
Joe Swail,Ian Glover,9,1229,1129,0.6499012213921682,0.5621765008857981,787,424,6209,3234,173,71,1062,499,139,67,715,365,40,18,293,118,5,3,0.0,0.625,1354
Matthew Stevens,Chris Melling,9,1389,1136,0.8333964892426636,0.6530561132866127,883,520,6884,3759,167,91,1144,590,215,122,798,419,36,17,287,125,5,1,0.0,0.8333333333333334,1354
Matthew Selt,Jamie Cope,9,1397,1254,0.7088074446636303,0.5884351201276382,473,260,3301,1735,533,285,3624,1845,186,100,1091,622,125,54,609,304,5,2,0.0,0.7142857142857143,1354
Noppon Saengkham,Oliver Lines,9,1243,1294,0.42208550570901493,0.4681681105837757,153,65,1099,505,151,82,940,489,178,86,688,326,173,84,613,309,5,4,0.0,0.5555555555555556,1354
Neil Robertson,Hossein Vafaei,9,1542,1237,0.8774764322222064,0.6818962645895934,791,518,5828,3324,50,27,390,195,239,141,1312,780,113,56,279,142,5,3,0.0,0.625,1354
Jimmy Robertson,Itaro Santos,9,1382,891,0.967084071493345,0.7733807162924247,400,217,2690,1400,79,22,447,168,181,105,857,468,42,6,63,11,5,0,0.0,1.0,1354
Dechawat Poomjaeng,Michael Leslie,9,1269,1118,0.7192102444974917,0.5932699921071872,221,118,1597,813,118,35,762,305,142,69,748,386,13,3,349,144,5,4,0.0,0.5555555555555556,1354
Joe Perry,Fraser Patrick,9,1440,1182,0.8380537004953521,0.6558828412078137,931,553,6767,3660,179,75,1174,538,296,162,1288,738,112,48,468,204,5,2,0.0,0.7142857142857143,1354
Tian Pengfei,Leo Fernandez,9,1292,1241,0.5779144942909848,0.5318318894162242,315,178,2095,1121,404,245,3080,1665,103,40,664,362,14,4,152,77,5,3,0.0,0.625,1354
Martin O'Donnell,Mark Williams,9,1232,1495,0.1573789541206118,0.3413014252643556,248,117,1525,758,1229,808,9479,5431,129,62,492,255,339,196,1329,780,5,3,0.0,0.625,1354
Shaun Murphy,Zak Surety,9,1536,1174,0.9151975845350849,0.7119759194127935,908,596,6710,3834,113,52,673,322,270,156,1536,922,119,62,376,172,5,1,0.0,0.8333333333333334,1354
Ross Muir,Jamie Burnett,9,1144,1301,0.27311346845733875,0.40311562174023297,110,40,738,323,621,361,4920,2618,132,56,521,222,42,20,489,262,5,0,0.0,1.0,1354
Robert Milkins,Daniel Wells,9,1348,1298,0.5764067306615769,0.5312093733737563,751,456,5585,3045,301,149,2022,1007,242,126,1093,579,172,88,597,300,5,2,0.0,0.7142857142857143,1354
Alan McManus,Sydney Wilson,9,1477,1096,0.9255132944846598,0.7216176701846587,877,525,7395,3929,160,58,944,414,255,134,973,538,85,23,433,178,5,4,0.0,0.5555555555555556,1354
Rory McLeod,James Cahill,9,1234,1161,0.6107426198208319,0.5454987872127821,509,277,3823,1989,121,40,790,331,144,64,582,281,124,53,483,209,5,4,0.0,0.5555555555555556,1354
Anthony McGill,Jake Nicholson,9,1498,972,0.9751748273219457,0.788348634008099,390,240,2560,1424,75,23,399,160,330,194,1048,587,27,13,177,82,5,1,0.0,0.8333333333333334,1354
Mitchell Mann,Mark Allen,9,1221,1491,0.15113533218786596,0.33737816282991745,194,90,1227,594,636,409,4362,2450,172,77,464,207,269,151,1058,605,5,2,0.0,0.7142857142857143,1354
Stephen Maguire,Andy Hicks,9,1479,1227,0.8324542539152648,0.6524894621927444,826,547,6087,3464,588,317,4784,2480,283,169,1220,709,137,68,213,108,5,3,0.0,0.625,1354
Jack Lisowski,Zhang Yong,9,1324,1129,0.7728385057625519,0.6195173196470847,337,198,2213,1196,51,19,320,134,187,99,686,354,125,50,262,109,5,1,0.0,0.8333333333333334,1354
Peter Lines,Liang Wenbo,9,1282,1483,0.22034677075439496,0.37695333963338384,720,390,5279,2745,517,317,3620,2010,187,99,605,290,382,223,1245,706,5,2,0.0,0.7142857142857143,1354
Rod Lawler,Hammad Miah,9,1229,1170,0.5899315453398475,0.5368082899889803,765,417,5873,3052,98,38,643,279,177,79,743,370,142,61,468,201,5,4,0.0,0.5555555555555556,1354
Mark King,Hamza Akbar,9,1375,1047,0.8939742892523868,0.6942363401080305,845,471,6254,3278,16,3,121,43,232,126,929,496,92,34,121,43,5,2,0.0,0.7142857142857143,1354
Mark Joyce,Sean O'Sullivan,9,1304,1224,0.6210284680300693,0.549833997312478,395,207,2861,1454,162,71,1018,482,158,76,669,340,120,53,545,275,5,3,0.0,0.625,1354
Jamie Jones,Lyu Chenwei,9,1363,1121,0.8228339524244989,0.6467993925579857,438,266,2912,1588,60,21,372,159,190,103,827,451,85,45,294,121,5,0,0.0,1.0,1354
Robin Hull,Eden Sharav,9,1324,1177,0.7140324724419308,0.5908547524545943,480,288,3705,2034,99,51,588,288,163,81,528,271,104,43,447,214,5,1,0.0,0.8333333333333334,1354
Michael Holt,Matthew Day,9,1476,1100,0.9229011263885971,0.7190996574163839,723,428,5342,2859,136,65,731,356,387,218,1157,628,47,26,213,101,5,1,0.0,0.8333333333333334,1354
Andrew Higginson,Liam Highfield,9,1363,1389,0.4600800462945756,0.48375571893792757,649,389,4619,2541,294,160,2013,1065,194,106,757,408,187,99,630,340,5,3,0.0,0.625,1354
John Higgins,Michael Wasley,9,1573,1220,0.9099335918113768,0.707340014518073,1290,915,10412,6157,246,120,1580,769,430,264,1489,884,15,5,461,213,5,2,0.0,0.7142857142857143,1354
Barry Hawkins,Sanderson Lam,9,1536,1152,0.9270462640077086,0.7231218051243898,807,500,5818,3235,105,45,626,286,283,171,1183,667,107,44,403,186,5,0,0.0,1.0,1354
Li Hang,Thor Chuan Leong,9,1294,1109,0.7612074518356959,0.6136070778047783,198,99,1424,732,47,13,315,123,170,87,698,372,117,45,315,123,5,4,0.0,0.5555555555555556,1354
Gerard Greene,Oliver Brown,9,1291,1167,0.6833700957830113,0.5768852611320463,660,360,4954,2601,159,70,875,410,91,48,503,254,66,32,364,181,5,4,0.0,0.5555555555555556,1354
David Grace,Jason Weston,9,1294,1080,0.7939893798637696,0.6306485256510744,273,127,1812,877,299,160,2302,1195,166,86,556,260,79,19,215,82,5,1,0.0,0.8333333333333334,1354
Martin Gould,Scott Donaldson,9,1428,1306,0.6806355880474421,0.5756643510425494,566,341,3826,2094,179,91,1193,587,189,97,879,502,203,104,650,313,5,1,0.0,0.8333333333333334,1354
David Gilbert,Duane Jones,9,1479,1246,0.8138682185826697,0.6416424532015634,484,277,3584,1924,127,71,742,408,297,174,987,546,134,61,327,167,5,4,0.0,0.5555555555555556,1354
Marco Fu,Gareth Allen,9,1510,1166,0.9044182345726282,0.7026606543447315,788,470,5892,3214,149,70,856,414,325,194,1308,738,113,42,411,195,5,2,0.0,0.7142857142857143,1354
Tom Ford,Michael Wild,9,1376,1170,0.7852370226068368,0.6259778577666038,528,303,3794,2024,289,156,1764,941,212,113,799,429,106,40,162,63,5,2,0.0,0.7142857142857143,1354
Peter Ebdon,Michael Georgiou,9,1372,1290,0.6239511835050622,0.551071269307342,1010,580,7984,4292,168,80,1027,506,173,91,966,529,192,101,562,284,5,4,0.0,0.5555555555555556,1354
Mike Dunn,Ashley Hugill,9,1264,1139,0.6847334230529902,0.5774953651858118,647,345,4801,2477,65,32,357,174,163,77,722,380,125,59,335,164,5,3,0.0,0.625,1354
Adam Duffy,Thepchaiya Un-Nooh,9,1332,1385,0.4190735991048983,0.46692337763389535,298,155,1893,980,255,148,1854,987,192,101,676,362,239,121,921,502,5,3,0.0,0.625,1354
Graeme Dott,Jimmy White,9,1348,1251,0.6456229970128096,0.5603296426885532,765,450,5945,3188,1386,778,11943,6291,195,98,995,556,127,61,517,240,5,4,0.0,0.5555555555555556,1354
Yu Delu,Vinnie Calabrese,9,1236,1061,0.7492413698670223,0.6076631698328917,226,115,1580,800,102,40,647,282,156,68,587,286,0,0,219,79,5,2,0.0,0.7142857142857143,1354
Ryan Day,Brett Miller,9,1417,1009,0.9384158912094683,0.7349725994665188,798,484,5611,3098,17,7,96,45,295,168,1350,756,0,0,32,19,5,1,0.0,0.8333333333333334,1354
Mark Davis,Steven Hallworth,9,1446,1144,0.8751919168487037,0.6802671966986485,973,589,7007,3832,70,23,445,192,262,149,1276,718,114,55,340,140,5,0,0.0,1.0,1354
Dominic Dale,Hatem Yassen,9,1376,941,0.9494276394767612,0.7479106630456372,843,488,6114,3267,9,0,56,8,302,164,1113,610,36,4,56,8,5,0,0.0,1.0,1354
Rhys Clark,Ken Doherty,9,1170,1271,0.3486771022852981,0.43720825986135486,89,41,535,247,1072,655,8821,4851,133,53,358,158,147,69,698,349,5,0,0.0,1.0,1354
Ali Carter,Alex Taubman,9,1502,1089,0.9405919769724851,0.7374002858276639,816,493,5843,3221,145,64,797,363,356,203,912,507,53,25,260,129,5,1,0.0,0.8333333333333334,1354
Stuart Carrington,Lu Ning,9,1322,1127,0.7728385057625519,0.6195173196470847,267,144,1718,902,63,21,442,190,200,104,665,334,15,5,269,114,5,1,0.0,0.8333333333333334,1354
Ian Burns,Fergal O'Brien,9,1225,1369,0.28988191378712186,0.41095956594133487,276,145,1746,897,812,466,6163,3263,155,72,584,276,190,100,840,453,5,4,0.0,0.5555555555555556,1354
Alfie Burden,Robbie Williams,9,1292,1335,0.43417929822605655,0.4731508513108857,611,329,4455,2297,310,171,2001,1031,146,67,577,286,206,105,725,366,5,2,0.0,0.7142857142857143,1354
Luca Brecel,Zhang Anda,9,1386,1396,0.4846231450559826,0.49375032550048964,243,131,1687,889,258,130,1811,913,247,138,827,456,216,122,680,356,5,1,0.0,0.8333333333333334,1354
Nigel Bond,Xiao Guodong,9,1262,1398,0.3004475051899173,0.4158094770645927,816,452,6507,3429,366,214,2450,1352,156,70,536,253,223,123,815,459,5,2,0.0,0.7142857142857143,1354
Stuart Bingham,Cao Yupeng,9,1544,1254,0.8657415704315571,0.6737070994545215,965,612,7076,4033,197,98,1425,716,408,249,1580,935,131,61,510,251,5,0,0.0,1.0,1354
Sam Baird,Allan Taylor,9,1373,1151,0.8025160233947083,0.6352948493228071,284,152,1984,1027,247,117,1459,720,248,128,727,376,117,42,438,176,5,3,0.0,0.625,1354
Lee Walker,Ding Junhui,9,1236,1602,0.08254193138132965,0.28597777322269835,413,230,3224,1668,647,435,4937,2828,140,62,453,215,463,274,1191,705,5,1,0.0,0.8333333333333334,1354
Yuan Sijun,Andrew Higginson,9,1130,1363,0.18613178141733056,0.3583575467984366,32,10,216,88,649,389,4619,2541,84,47,176,77,194,106,757,408,5,3,0.0,0.625,1354
Tian Pengfei,Niu Zhuang,9,1292,1046,0.8267252595018073,0.6490805242445733,315,178,2095,1121,26,10,145,59,103,40,664,362,6,1,92,37,5,1,0.0,0.8333333333333334,1354
Martin O'Donnell,Wang Yuchen,9,1232,1076,0.7256147727911193,0.5962826992967879,248,117,1525,758,39,12,248,98,129,62,492,255,85,35,153,62,5,0,0.0,1.0,1354
Ian Burns,Guan Zhen,9,1225,1088,0.7008831543460528,0.584797674717737,276,145,1746,897,28,16,149,79,155,72,584,276,6,1,63,29,5,3,0.0,0.625,1354
Kyren Wilson,Tom Ford,9,1460,1376,0.6268664452075894,0.5523079095743253,321,198,2109,1165,528,303,3794,2024,280,160,862,481,212,113,799,429,5,3,0.0,0.625,1354
Lee Walker,Li Hang,9,1236,1294,0.4115659974105401,0.4638133797682053,413,230,3224,1668,198,99,1424,732,140,62,453,215,170,87,698,372,5,3,0.0,0.625,1354
Yuan Sijun,Martin Gould,9,1130,1428,0.12790249900381212,0.3219117504483725,32,10,216,88,566,341,3826,2094,84,47,176,77,189,97,879,502,5,0,0.0,1.0,1354
Matthew Selt,Chris Wakelin,9,1397,1291,0.6583974652784721,0.5658650028954817,473,260,3301,1735,127,66,856,432,186,100,1091,622,190,93,644,323,5,4,0.0,0.5555555555555556,1354
Noppon Saengkham,Neil Robertson,9,1243,1542,0.12712369461956624,0.3213662821477785,153,65,1099,505,791,518,5828,3324,178,86,688,326,239,141,1312,780,5,3,0.0,0.625,1354
Jimmy Robertson,Anthony McGill,9,1382,1498,0.3276296057789573,0.42800386706848137,400,217,2690,1400,390,240,2560,1424,181,105,857,468,330,194,1048,587,5,3,0.0,0.625,1354
Tian Pengfei,Barry Hawkins,9,1292,1536,0.17521319807206864,0.35205919791934975,315,178,2095,1121,807,500,5818,3235,103,40,664,362,283,171,1183,667,5,4,0.0,0.5555555555555556,1354
Martin O'Donnell,Joe Swail,9,1232,1229,0.5046141496682656,0.5018749912109869,248,117,1525,758,787,424,6209,3234,129,62,492,255,139,67,715,365,5,2,0.0,0.7142857142857143,1354
Shaun Murphy,David Grace,9,1536,1294,0.8228339524244989,0.6467993925579857,908,596,6710,3834,273,127,1812,877,270,156,1536,922,166,86,556,260,5,3,0.0,0.625,1354
Robert Milkins,Ross Muir,9,1348,1144,0.7830139367356328,0.6248064744684293,751,456,5585,3045,110,40,738,323,242,126,1093,579,132,56,521,222,5,4,0.0,0.5555555555555556,1354
Rory McLeod,Mitchell Mann,9,1234,1221,0.5199863209697588,0.5081242849062608,509,277,3823,1989,194,90,1227,594,144,64,582,281,172,77,464,207,5,0,0.0,1.0,1354
Stephen Maguire,Gary Wilson,9,1479,1348,0.6928574316362668,0.5811509642893937,826,547,6087,3464,341,199,2206,1203,283,169,1220,709,172,91,672,342,5,3,0.0,0.625,1354
Jack Lisowski,Michael White,9,1324,1358,0.44786205376617916,0.4787627850337259,337,198,2213,1196,382,220,2636,1409,187,99,686,354,234,121,1036,560,5,1,0.0,0.8333333333333334,1354
Rod Lawler,Peter Lines,9,1229,1282,0.4190735991048983,0.46692337763389535,765,417,5873,3052,720,390,5279,2745,177,79,743,370,187,99,605,290,5,1,0.0,0.8333333333333334,1354
Mark King,Ali Carter,9,1375,1502,0.3125478541883953,0.421285137539866,845,471,6254,3278,816,493,5843,3221,232,126,929,496,356,203,912,507,5,2,0.0,0.7142857142857143,1354
Mark Joyce,Luca Brecel,9,1304,1386,0.37604881649493793,0.448928730692658,395,207,2861,1454,243,131,1687,889,158,76,669,340,247,138,827,456,5,2,0.0,0.7142857142857143,1354
Michael Holt,Nigel Bond,9,1476,1262,0.7939893798637696,0.6306485256510744,723,428,5342,2859,816,452,6507,3429,387,218,1157,628,156,70,536,253,5,2,0.0,0.7142857142857143,1354
Darryl Hill,James Wattana,9,976,1193,0.2027865650361672,0.3676062104304372,50,14,326,123,777,428,6572,3462,69,13,230,78,170,80,433,186,5,3,0.0,0.625,1354
John Higgins,Zhou Yuelong,9,1573,1336,0.8178889041226648,0.643938555965633,1290,915,10412,6157,113,61,783,408,430,264,1489,884,216,112,619,329,5,2,0.0,0.7142857142857143,1354
David Gilbert,Gerard Greene,9,1479,1291,0.7647323039706795,0.6153837563911821,484,277,3584,1924,660,360,4954,2601,297,174,987,546,91,48,503,254,5,1,0.0,0.8333333333333334,1354
Marco Fu,Yu Delu,9,1510,1236,0.852353752497679,0.6648537304059736,788,470,5892,3214,226,115,1580,800,325,194,1308,738,156,68,587,286,5,2,0.0,0.7142857142857143,1354
Mike Dunn,Alan McManus,9,1264,1477,0.20709236552875754,0.36993399171498176,647,345,4801,2477,877,525,7395,3929,163,77,722,380,255,134,973,538,5,4,0.0,0.5555555555555556,1354
Graeme Dott,Matthew Stevens,9,1348,1389,0.43721337891955414,0.47439741167538224,765,450,5945,3188,883,520,6884,3759,195,98,995,556,215,122,798,419,5,1,0.0,0.8333333333333334,1354
Ryan Day,Dechawat Poomjaeng,9,1417,1269,0.7153313779464554,0.5914589784327801,798,484,5611,3098,221,118,1597,813,295,168,1350,756,142,69,748,386,5,4,0.0,0.5555555555555556,1354
Dominic Dale,Jamie Jones,9,1376,1363,0.5199863209697588,0.5081242849062608,843,488,6114,3267,438,266,2912,1588,302,164,1113,610,190,103,827,451,5,1,0.0,0.8333333333333334,1354
Rhys Clark,Mark Davis,9,1170,1446,0.14592310822205534,0.3340330732481797,89,41,535,247,973,589,7007,3832,133,53,358,158,262,149,1276,718,5,4,0.0,0.5555555555555556,1354
Ian Burns,Peter Ebdon,9,1225,1372,0.2859675275580694,0.4091452475454058,276,145,1746,897,1010,580,7984,4292,155,72,584,276,173,91,966,529,5,0,0.0,1.0,1354
Alfie Burden,Joe Perry,9,1292,1440,0.28466862205354465,0.40854102156721994,611,329,4455,2297,931,553,6767,3660,146,67,577,286,296,162,1288,738,5,0,0.0,1.0,1354
Stuart Bingham,Sam Baird,9,1544,1373,0.7443630173545871,0.6052765337748445,965,612,7076,4033,284,152,1984,1027,408,249,1580,935,248,128,727,376,5,3,0.0,0.625,1354
Ricky Walden,Ryan Day,9,1445,1417,0.542978651056463,0.5174928576663897,704,435,5062,2826,798,484,5611,3098,308,175,1177,680,295,168,1350,756,5,3,0.0,0.625,1354
Judd Trump,Jimmy Robertson,9,1589,1382,0.786343333554673,0.6265629971237182,754,506,5140,3014,400,217,2690,1400,332,200,1696,1037,181,105,857,468,5,1,0.0,0.8333333333333334,1354
Noppon Saengkham,Ben Woollaston,9,1243,1337,0.35867462873861855,0.44151888756183866,153,65,1099,505,490,280,3203,1707,178,86,688,326,219,107,915,474,5,4,0.0,0.5555555555555556,1354
Tian Pengfei,Michael Holt,9,1292,1476,0.2399742121031942,0.38698582386066455,315,178,2095,1121,723,428,5342,2859,103,40,664,362,387,218,1157,628,5,2,0.0,0.7142857142857143,1354
Martin O'Donnell,Matthew Selt,9,1232,1397,0.26305111301054346,0.3983128198171432,248,117,1525,758,473,260,3301,1735,129,62,492,255,186,100,1091,622,5,1,0.0,0.8333333333333334,1354
Rory McLeod,Mike Dunn,9,1234,1264,0.4539653256740722,0.4812587841214648,509,277,3823,1989,647,345,4801,2477,144,64,582,281,163,77,722,380,5,2,0.0,0.7142857142857143,1354
Stephen Maguire,Jack Lisowski,9,1479,1324,0.7243399491478313,0.5956807306078472,826,547,6087,3464,337,198,2213,1196,283,169,1220,709,187,99,686,354,5,2,0.0,0.7142857142857143,1354
Rod Lawler,Kyren Wilson,9,1229,1460,0.18816363955439813,0.35950804627666144,765,417,5873,3052,321,198,2109,1165,177,79,743,370,280,160,862,481,5,1,0.0,0.8333333333333334,1354
Mark King,Shaun Murphy,9,1375,1536,0.268057314719077,0.40071183649164394,845,471,6254,3278,908,596,6710,3834,232,126,929,496,270,156,1536,922,5,3,0.0,0.625,1354
John Higgins,Mark Joyce,9,1573,1304,0.8479834642725523,0.6620627248063988,1290,915,10412,6157,395,207,2861,1454,430,264,1489,884,158,76,669,340,5,1,0.0,0.8333333333333334,1354
David Gilbert,Lee Walker,9,1479,1236,0.823812175871814,0.647370307581549,484,277,3584,1924,413,230,3224,1668,297,174,987,546,140,62,453,215,5,1,0.0,0.8333333333333334,1354
Marco Fu,Robert Milkins,9,1510,1348,0.7331989464504001,0.5998883688639983,788,470,5892,3214,751,456,5585,3045,325,194,1308,738,242,126,1093,579,5,0,0.0,1.0,1354
Graeme Dott,Yuan Sijun,9,1348,1130,0.7982810462660692,0.6329747766804606,765,450,5945,3188,32,10,216,88,195,98,995,556,84,47,176,77,5,2,0.0,0.7142857142857143,1354
Dominic Dale,Darryl Hill,9,1376,976,0.9347987315925779,0.7310585786300049,843,488,6114,3267,50,14,326,123,302,164,1113,610,69,13,230,78,5,3,0.0,0.625,1354
Alfie Burden,Rhys Clark,9,1292,1170,0.6806355880474421,0.5756643510425494,611,329,4455,2297,89,41,535,247,146,67,577,286,133,53,358,158,5,4,0.0,0.5555555555555556,1354
Stuart Bingham,Ian Burns,9,1544,1225,0.8877306915973698,0.6894394530607736,965,612,7076,4033,276,145,1746,897,408,249,1580,935,155,72,584,276,5,3,0.0,0.625,1354
Ricky Walden,Tian Pengfei,9,1445,1292,0.7217811546951534,0.5944759307482401,704,435,5062,2826,315,178,2095,1121,308,175,1177,680,103,40,664,362,5,4,0.0,0.5555555555555556,1354
Judd Trump,Marco Fu,9,1589,1510,0.6195643657627519,0.5492151291013335,754,506,5140,3014,788,470,5892,3214,332,200,1696,1037,325,194,1308,738,5,1,0.0,0.8333333333333334,1354
Noppon Saengkham,Graeme Dott,9,1243,1348,0.34301287924355417,0.43474925243290014,153,65,1099,505,765,450,5945,3188,178,86,688,326,195,98,995,556,5,1,0.0,0.8333333333333334,1354
Stephen Maguire,Dominic Dale,9,1479,1376,0.6541595421142608,0.5640216374262577,826,547,6087,3464,843,488,6114,3267,283,169,1220,709,302,164,1113,610,5,1,0.0,0.8333333333333334,1354
Mark King,Martin O'Donnell,9,1375,1232,0.7088074446636303,0.5884351201276382,845,471,6254,3278,248,117,1525,758,232,126,929,496,129,62,492,255,5,0,0.0,1.0,1354
John Higgins,David Gilbert,9,1573,1479,0.6413253712613813,0.5584811124381613,1290,915,10412,6157,484,277,3584,1924,430,264,1489,884,297,174,987,546,5,3,0.0,0.625,1354
Alfie Burden,Rory McLeod,9,1292,1234,0.5884340025894599,0.5361866202317948,611,329,4455,2297,509,277,3823,1989,146,67,577,286,144,64,582,281,5,1,0.0,0.8333333333333334,1354
Stuart Bingham,Rod Lawler,9,1544,1229,0.8848687737794817,0.6872942801972042,965,612,7076,4033,765,417,5873,3052,408,249,1580,935,177,79,743,370,5,2,0.0,0.7142857142857143,1354
Ricky Walden,Stuart Bingham,9,1445,1544,0.3515226665168548,0.4384389296638045,704,435,5062,2826,965,612,7076,4033,308,175,1177,680,408,249,1580,935,5,1,0.0,0.8333333333333334,1354
Judd Trump,Mark King,9,1589,1375,0.7939893798637696,0.6306485256510744,754,506,5140,3014,845,471,6254,3278,332,200,1696,1037,232,126,929,496,5,3,0.0,0.625,1354
Stephen Maguire,Alfie Burden,9,1479,1292,0.763560717707773,0.6147918694922195,826,547,6087,3464,611,329,4455,2297,283,169,1220,709,146,67,577,286,5,1,0.0,0.8333333333333334,1354
John Higgins,Noppon Saengkham,9,1573,1243,0.8953253211201412,0.6952966693475653,1290,915,10412,6157,153,65,1099,505,430,264,1489,884,178,86,688,326,5,3,0.0,0.625,1354
Ricky Walden,John Higgins,11,1445,1573,0.29400737437698665,0.42067574785125056,704,435,5062,2826,1290,915,10412,6157,308,175,1177,680,430,264,1489,884,6,5,0.0,0.5454545454545454,1354
Judd Trump,Stephen Maguire,11,1589,1479,0.6793165623060362,0.5683199834782481,754,506,5140,3014,826,547,6087,3464,332,200,1696,1037,283,169,1220,709,6,0,0.0,1.0,1354
Judd Trump,Ricky Walden,19,1589,1445,0.7860776492125148,0.5890404340586651,754,506,5140,3014,704,435,5062,2826,332,200,1696,1037,308,175,1177,680,10,4,0.0,0.7142857142857143,1354
Ben Woollaston,Jimmy Robertson,7,1344,1393,0.433341285511335,0.469413239817919,492,281,3218,1716,403,219,2709,1411,234,116,930,483,200,116,876,479,4,3,0.0,0.5714285714285714,1386
Michael White,Luca Brecel,7,1342,1387,0.4387350506415305,0.4719046255916129,384,221,2651,1415,245,132,1700,896,249,127,1051,566,260,145,840,463,4,2,0.0,0.6666666666666666,1386
Ricky Walden,Tom Ford,7,1463,1376,0.6170981549456108,0.5541616527636486,710,440,5119,2856,530,304,3809,2032,365,205,1234,710,227,121,814,437,4,1,0.0,0.8,1386
Judd Trump,Martin Gould,7,1657,1413,0.7967460208697068,0.6479408020806503,760,512,5185,3050,568,342,3837,2099,377,236,1741,1073,200,102,890,507,4,1,0.0,0.8,1386
Matthew Selt,Andrew Higginson,7,1383,1355,0.5382188233953898,0.5174928576663897,476,262,3323,1746,651,390,4635,2549,208,111,1113,633,210,114,773,416,4,1,0.0,0.8,1386
Shaun Murphy,Liang Wenbo,7,1527,1464,0.5854263042586716,0.5392938058983595,911,598,6732,3847,518,317,3627,2012,292,169,1558,935,389,225,1252,708,4,1,0.0,0.8,1386
Robert Milkins,Tian Pengfei,7,1338,1340,0.4972656477862734,0.49875000260416025,754,458,5606,3055,320,182,2134,1145,263,136,1114,589,142,64,703,386,4,1,0.0,0.8,1386
Mark King,Sam Baird,7,1424,1371,0.5720392978025534,0.5330766223661046,850,475,6289,3301,286,153,2000,1035,267,149,964,519,264,136,743,384,4,2,0.0,0.6666666666666666,1386
Ding Junhui,David Gilbert,7,1576,1490,0.6157933128709394,0.5535439031511183,648,435,4943,2829,488,280,3613,1942,469,275,1197,706,326,192,1016,564,4,1,0.0,0.8,1386
Barry Hawkins,Michael Holt,7,1533,1468,0.5880916350836762,0.5405358392737893,809,501,5832,3244,726,430,5362,2871,297,180,1197,676,407,230,1177,640,4,2,0.0,0.6666666666666666,1386
Marco Fu,Alan McManus,7,1516,1452,0.5867595016023184,0.5399148845555657,792,473,5917,3230,879,526,7413,3938,350,210,1333,754,273,143,991,547,4,3,0.0,0.5714285714285714,1386
Mike Dunn,Rory McLeod,7,1267,1254,0.5177671819164105,0.5081242849062608,650,347,4825,2489,513,280,3850,2005,187,89,746,392,171,80,609,297,4,1,0.0,0.8,1386
Ryan Day,Kyren Wilson,7,1412,1446,0.45362731252530075,0.4787627850337259,801,486,5634,3111,324,200,2131,1176,318,181,1373,769,302,171,884,492,4,1,0.0,0.8,1386
Dominic Dale,Mark Williams,7,1382,1477,0.37251518031789344,0.440902528097607,847,491,6139,3283,1230,808,9487,5434,327,180,1138,626,347,199,1337,783,4,3,0.0,0.5714285714285714,1386
Ali Carter,Graeme Dott,7,1490,1351,0.6826800016944434,0.5860112044388707,818,494,5856,3228,769,453,5973,3204,369,210,925,514,223,114,1023,572,4,1,0.0,0.8,1386
Mark Allen,Mark Davis,7,1470,1443,0.536858082179779,0.5168685956913849,637,409,4369,2452,975,590,7021,3841,276,153,1065,607,276,158,1290,727,4,3,0.0,0.5714285714285714,1386
Ben Woollaston,Matthew Selt,7,1344,1383,0.44684812561516707,0.47564429123179275,492,281,3218,1716,476,262,3323,1746,234,116,930,483,208,111,1113,633,4,2,0.0,0.6666666666666666,1386
Ricky Walden,Marco Fu,7,1463,1516,0.42796070219744664,0.46692337763389535,710,440,5119,2856,792,473,5917,3230,365,205,1234,710,350,210,1333,754,4,2,0.0,0.6666666666666666,1386
Shaun Murphy,Dominic Dale,7,1527,1382,0.6899164671577602,0.5896454785627312,911,598,6732,3847,847,491,6139,3283,292,169,1558,935,327,180,1138,626,4,1,0.0,0.8,1386
Ding Junhui,Michael White,7,1576,1342,0.7871292414209698,0.6422170929574377,648,435,4943,2829,384,221,2651,1415,469,275,1197,706,249,127,1051,566,4,0,0.0,1.0,1386
Barry Hawkins,Robert Milkins,7,1533,1338,0.7470110120975012,0.6195173196470847,809,501,5832,3244,754,458,5606,3055,297,180,1197,676,263,136,1114,589,4,3,0.0,0.5714285714285714,1386
Mike Dunn,Ryan Day,7,1267,1412,0.31008353284223983,0.4103545214372688,650,347,4825,2489,801,486,5634,3111,187,89,746,392,318,181,1373,769,4,2,0.0,0.6666666666666666,1386
Ali Carter,Judd Trump,7,1490,1657,0.28422903752276774,0.39711513267253384,818,494,5856,3228,760,512,5185,3050,369,210,925,514,377,236,1741,1073,4,1,0.0,0.8,1386
Mark Allen,Mark King,7,1470,1424,0.5626145694127913,0.5287183569514396,637,409,4369,2452,850,475,6289,3301,276,153,1065,607,267,149,964,519,4,2,0.0,0.6666666666666666,1386
Ricky Walden,Ali Carter,7,1463,1490,0.4631419178202212,0.48313140430861523,710,440,5119,2856,818,494,5856,3228,365,205,1234,710,369,210,925,514,4,1,0.0,0.8,1386
Shaun Murphy,Ben Woollaston,7,1527,1344,0.7338611162888773,0.6124209393479161,911,598,6732,3847,492,281,3218,1716,292,169,1558,935,234,116,930,483,4,3,0.0,0.5714285714285714,1386
Barry Hawkins,Ding Junhui,7,1533,1576,0.44143655006080335,0.4731508513108857,809,501,5832,3244,648,435,4943,2829,297,180,1197,676,469,275,1197,706,4,2,0.0,0.6666666666666666,1386
Mark Allen,Mike Dunn,7,1470,1267,0.7555717519931018,0.6242202334972642,637,409,4369,2452,650,347,4825,2489,276,153,1065,607,187,89,746,392,4,1,0.0,0.8,1386
Ricky Walden,Barry Hawkins,11,1463,1533,0.3833548191267751,0.4563613127629212,710,440,5119,2856,809,501,5832,3244,365,205,1234,710,297,180,1197,676,6,3,0.0,0.6666666666666666,1386
Mark Allen,Shaun Murphy,11,1470,1527,0.4045317899953643,0.4644351620161461,637,409,4369,2452,911,598,6732,3847,276,153,1065,607,292,169,1558,935,6,4,0.0,0.6,1386
Mark Allen,Ricky Walden,19,1470,1463,0.515413308375196,0.5043748883497735,637,409,4369,2452,710,440,5119,2856,276,153,1065,607,365,205,1234,710,10,6,0.0,0.625,1386
Kyren Wilson,Jamie Jones,7,1433,1361,0.5973854695265872,0.5448788923735801,325,200,2136,1177,440,267,2923,1594,307,172,889,493,201,109,838,457,4,2,0.0,0.6666666666666666,1378
Liang Wenbo,Graeme Dott,7,1454,1342,0.6492231123314619,0.569546223939229,519,317,3632,2013,770,453,5978,3205,394,226,1257,709,228,115,1028,573,4,1,0.0,0.8,1378
Thepchaiya Un-Nooh,Marco Fu,7,1375,1509,0.3234078367146668,0.4170245457988005,256,148,1862,990,794,474,5930,3236,247,124,929,505,363,216,1346,760,4,3,0.0,0.5714285714285714,1378
Judd Trump,Mark Williams,7,1647,1470,0.7271505015076656,0.6088545692109504,762,513,5195,3055,1231,808,9494,5437,387,241,1751,1078,354,202,1344,786,4,1,0.0,0.8,1378
Joe Perry,Barry Hawkins,7,1420,1533,0.3495133530299832,0.42984097461816473,933,554,6779,3665,813,504,5860,3259,308,167,1300,743,325,195,1225,691,4,0,0.0,1.0,1378
Shaun Murphy,Michael White,7,1532,1340,0.7437579445222342,0.617747874769249,915,601,6759,3863,386,222,2661,1419,319,185,1585,951,259,131,1061,570,4,0,0.0,1.0,1378
Ding Junhui,Ben Woollaston,7,1587,1361,0.7792359029381558,0.637608652621925,651,437,4958,2839,495,283,3238,1727,484,285,1212,716,254,127,950,494,4,3,0.0,0.5714285714285714,1378
Michael Holt,Ronnie O'Sullivan,7,1462,1622,0.2923360013407782,0.401312339887548,727,430,5368,2873,1107,840,9760,5941,413,232,1183,642,317,195,917,588,4,3,0.0,0.5714285714285714,1378
John Higgins,Stephen Maguire,7,1576,1491,0.6144870727228646,0.5529259881329059,1296,920,10459,6187,832,552,6128,3489,477,294,1536,914,324,194,1261,734,4,0,0.0,1.0,1378
Martin Gould,Tian Pengfei,7,1407,1328,0.6066210971235376,0.5492151291013335,569,342,3842,2100,321,182,2139,1146,205,103,895,508,147,65,708,387,4,0,0.0,1.0,1378
Tom Ford,Mark Selby,7,1366,1595,0.21778339730367308,0.36066016324693406,531,304,3814,2033,932,643,6881,4013,232,122,819,438,505,316,1567,960,4,2,0.0,0.6666666666666666,1378
Peter Ebdon,Neil Robertson,7,1349,1519,0.2807899358531167,0.39532091528599067,1012,581,7998,4297,793,519,5844,3332,187,96,980,534,255,149,1328,788,4,3,0.0,0.5714285714285714,1378
Ryan Day,Matthew Selt,7,1413,1385,0.5382188233953898,0.5174928576663897,803,487,5645,3117,478,263,3334,1752,329,187,1384,775,219,117,1124,639,4,1,0.0,0.8,1378
Ali Carter,Luca Brecel,7,1502,1378,0.6642657784879786,0.5768852611320463,821,496,5871,3237,246,132,1706,898,384,219,940,523,266,147,846,465,4,1,0.0,0.8,1378
Stuart Bingham,David Gilbert,7,1538,1480,0.578744911388209,0.5361866202317948,970,616,7110,4054,489,280,3618,1943,442,270,1614,956,331,193,1021,565,4,1,0.0,0.8,1378
Mark Allen,David Grace,7,1515,1305,0.7629243149475251,0.6283161882953663,642,414,4413,2480,275,128,1826,885,320,181,1109,635,180,94,570,268,4,2,0.0,0.6666666666666666,1378
Liang Wenbo,Michael Holt,7,1454,1462,0.48906395814377107,0.4950001666600003,519,317,3632,2013,727,430,5368,2873,394,226,1257,709,413,232,1183,642,4,2,0.0,0.6666666666666666,1378
Thepchaiya Un-Nooh,Mark Allen,7,1375,1515,0.31610864255174254,0.41338242108267,256,148,1862,990,642,414,4413,2480,247,124,929,505,320,181,1109,635,4,2,0.0,0.6666666666666666,1378
Joe Perry,Kyren Wilson,7,1420,1433,0.48223281808358937,0.4918757150937391,933,554,6779,3665,325,200,2136,1177,308,167,1300,743,307,172,889,493,4,1,0.0,0.8,1378
Shaun Murphy,Martin Gould,7,1532,1407,0.6655072126279344,0.5774953651858118,915,601,6759,3863,569,342,3842,2100,319,185,1585,951,205,103,895,508,4,1,0.0,0.8,1378
Ding Junhui,Peter Ebdon,7,1587,1349,0.7910094256982455,0.6445115537062945,651,437,4958,2839,1012,581,7998,4297,484,285,1212,716,187,96,980,534,4,0,0.0,1.0,1378
Ryan Day,John Higgins,7,1413,1576,0.2888475905595551,0.3995117254730337,803,487,5645,3117,1296,920,10459,6187,329,187,1384,775,477,294,1536,914,4,3,0.0,0.5714285714285714,1378
Ali Carter,Tom Ford,7,1502,1366,0.6790334655716898,0.5841905229354074,821,496,5871,3237,531,304,3814,2033,384,219,940,523,232,122,819,438,4,0,0.0,1.0,1378
Stuart Bingham,Judd Trump,7,1538,1647,0.3545779913833035,0.43229345192664,970,616,7110,4054,762,513,5195,3055,442,270,1614,956,387,241,1751,1078,4,2,0.0,0.6666666666666666,1378
Joe Perry,Ali Carter,7,1420,1502,0.3894398892710193,0.448928730692658,933,554,6779,3665,821,496,5871,3237,308,167,1300,743,384,219,940,523,4,1,0.0,0.8,1378
Shaun Murphy,Liang Wenbo,7,1532,1454,0.6053054839891849,0.5485961085831343,915,601,6759,3863,519,317,3632,2013,319,185,1585,951,394,226,1257,709,4,0,0.0,1.0,1378
Ding Junhui,Thepchaiya Un-Nooh,7,1587,1375,0.7650010839038448,0.6294831119673949,651,437,4958,2839,256,148,1862,990,484,285,1212,716,247,124,929,505,4,3,0.0,0.5714285714285714,1378
Stuart Bingham,Ryan Day,7,1538,1413,0.6655072126279344,0.5774953651858118,970,616,7110,4054,803,487,5645,3117,442,270,1614,956,329,187,1384,775,4,2,0.0,0.6666666666666666,1378
Shaun Murphy,Ding Junhui,11,1532,1587,0.40781761301124414,0.4656790563306954,915,601,6759,3863,651,437,4958,2839,319,185,1585,951,484,285,1212,716,6,3,0.0,0.6666666666666666,1378
Stuart Bingham,Joe Perry,11,1538,1420,0.691303602887055,0.5732197726798348,970,616,7110,4054,933,554,6779,3665,442,270,1614,956,308,167,1300,743,6,5,0.0,0.5454545454545454,1378
Shaun Murphy,Stuart Bingham,19,1532,1538,0.48678769843889735,0.496250070310918,915,601,6759,3863,970,616,7110,4054,319,185,1585,951,442,270,1614,956,10,9,0.0,0.5263157894736842,1378
Adam Stefanow,Ron Florax,7,1087,909,0.728275111254584,0.6094497836283252,44,20,235,112,7,0,31,3,119,59,174,82,0,0,13,1,4,0,0.0,1.0,1363
Richard Somauroo,Andrii Buchynskyi,7,837,1000,0.2888475905595551,0.3995117254730337,101,30,652,261,0,0,0,0,0,0,14,4,0,0,0,0,4,1,0.0,0.8,1363
Tomasz Skalski,James Clements,7,1058,1000,0.578744911388209,0.5361866202317948,48,21,266,124,0,0,0,0,4,0,117,59,0,0,0,0,4,0,0.0,1.0,1363
Joe Roberts,Mark Owens,7,1081,955,0.6667467241528153,0.5781052328843092,43,25,234,123,44,13,247,97,43,25,161,84,10,2,137,53,4,1,0.0,0.8,1363
Tom Rees,Neil Guidon,7,1005,1000,0.5068355814796678,0.5031249593105316,17,7,91,42,0,0,0,0,12,4,91,42,0,0,0,0,4,1,0.0,0.8,1363
Matthew Pudney,Bjørn Gulbrandsen,7,1000,1000,0.5,0.5,0,0,0,0,0,0,0,0,0,0,0,0,0,0,0,0,4,1,0.0,0.8,1363
Andreas Ploner,Jarosław Kowalski,7,1078,971,0.6428793213307702,0.5664790559676278,47,21,251,119,8,2,39,14,41,23,205,98,0,0,13,5,4,2,0.0,0.6666666666666666,1363
Manasawin Phetmalaikul,Tomasz Gieraltowski,7,982,982,0.5,0.5,2,0,10,2,1,0,4,0,4,0,10,2,0,0,0,0,4,1,0.0,0.8,1363
Daniel O’Regan,Krzysztof Kubicki,7,935,994,0.41991680863949354,0.46319171001101955,11,3,55,18,3,1,13,5,29,12,49,16,0,0,5,1,4,1,0.0,0.8,1363
Robin Otto,Majid Khan,7,961,966,0.493164418520332,0.4968750406894683,16,6,85,36,2,0,8,0,16,4,85,36,8,0,8,0,4,1,0.0,0.8,1363
Phil O'Kane,Grzegorz Loniewski,7,1003,1000,0.5041014855971089,0.5018749912109869,76,32,393,178,0,0,0,0,42,20,118,60,0,0,0,0,4,0,0.0,1.0,1363
Chris Norbury,Zack Richardson,7,1054,1143,0.38029641350050397,0.44460335167941084,249,115,1531,741,53,27,291,162,0,0,186,57,54,34,202,112,4,3,0.0,0.5714285714285714,1363
Saqib Nasir,David Ackers,7,1080,1000,0.6079354159352611,0.549833997312478,80,40,438,228,0,0,0,0,33,19,148,68,0,0,0,0,4,0,0.0,1.0,1363
Hammad Miah,Dean Sheridan,7,1169,1034,0.6778138346852377,0.5835831155172753,99,38,652,283,9,6,46,26,151,65,477,205,0,0,14,8,4,2,0.0,0.6666666666666666,1363
Conor McCormack,Andrew Greaves,7,876,998,0.33822280880876515,0.42433564895745063,19,4,95,25,3,1,16,7,27,5,95,25,0,0,0,0,4,3,0.0,0.5714285714285714,1363
Scott Lyons,Brandon Sargeant,7,950,1092,0.31369223207290564,0.41217046151748854,6,1,30,8,57,24,336,158,9,1,30,8,127,60,294,142,4,3,0.0,0.5714285714285714,1363
Adam Longley,Danijel Vranjes,7,924,1000,0.3973295650806627,0.45264238185691075,17,4,90,32,0,0,0,0,17,5,48,17,0,0,0,0,4,3,0.0,0.5714285714285714,1363
Simon Lichtenberg,Mick Dagostino,7,1028,1000,0.5382188233953898,0.5174928576663897,11,5,56,30,0,0,0,0,13,9,56,30,0,0,0,0,4,0,0.0,1.0,1363
Jeremy Lee,Aki Suutari,7,988,985,0.5041014855971089,0.5018749912109869,4,1,21,8,1,0,4,0,6,2,21,8,0,0,4,0,4,0,0.0,1.0,1363
Matt Lancaster,Michal Matuszczyk,7,1000,954,0.5626145694127913,0.5287183569514396,0,0,0,0,3,0,12,0,0,0,0,0,0,0,8,0,4,1,0.0,0.8,1363
Aleksandr Kurgankov,Maciej Kielkowicz,7,940,987,0.4360365854867152,0.47065874995421436,8,2,38,10,1,0,4,0,0,0,38,10,0,0,4,0,4,0,0.0,1.0,1363
Antoni Kowalski,Liam Taylor,7,972,1000,0.46178117660461016,0.48250714233361025,2,0,8,0,0,0,0,0,0,0,8,0,0,0,0,0,4,1,0.0,0.8,1363
Lukas Kleckers,Waldemar Matuszkiewicz,7,1072,1000,0.5973854695265872,0.5448788923735801,38,16,230,106,0,0,0,0,78,35,200,92,0,0,0,0,4,0,0.0,1.0,1363
Christopher Keogan,Tytus Pawlak,7,1160,986,0.7237619985420221,0.6070669880717036,115,48,640,301,1,0,4,0,119,53,386,195,0,0,4,0,4,0,0.0,1.0,1363
Rodion Judin,Peter Devlin,7,944,940,0.5054685677142574,0.5024999791668749,6,1,46,11,18,6,87,31,10,0,46,11,10,2,72,28,4,1,0.0,0.8,1363
Ashley Hugill,Mark Dooley,7,1136,1000,0.6790334655716898,0.5841905229354074,66,32,365,177,5,2,26,12,133,62,343,167,0,0,26,12,4,1,0.0,0.8,1363
Kishan Hirani,Joe O'Connor,7,1089,1094,0.493164418520332,0.4968750406894683,118,54,640,303,72,34,435,206,57,26,238,122,38,16,363,168,4,3,0.0,0.5714285714285714,1363
Jurian Heusdens,Adam King,7,1025,941,0.6131794491635048,0.5523079095743253,37,18,191,95,17,6,91,36,6,2,105,48,8,0,87,36,4,1,0.0,0.8,1363
David Greig,Felix Frede,7,1017,1012,0.5068355814796678,0.5031249593105316,3,2,14,8,22,10,112,52,0,0,14,8,30,15,85,44,4,3,0.0,0.5714285714285714,1363
Gareth Green,Marcin Kolibski,7,1087,1011,0.6026704349193375,0.5473576181430894,63,32,350,165,5,3,22,12,34,21,92,47,0,0,22,12,4,0,0.0,1.0,1363
Lewis Gillen,Aaron Lowe,7,992,1000,0.48906395814377107,0.4950001666600003,8,3,44,20,0,0,0,0,20,8,44,20,0,0,0,0,4,0,0.0,1.0,1363
Kacper Filipiak,George Pragnall,7,1048,1072,0.4672268289773793,0.4850044983805899,68,25,364,142,30,14,181,85,12,5,216,109,38,20,175,83,4,2,0.0,0.6666666666666666,1363
Nico Elton,Dessie Sheehan,7,1095,720,0.8967839705837035,0.7185943925708561,59,26,326,156,172,34,1303,480,16,4,235,119,10,2,83,32,4,0,0.0,1.0,1363
Adam Edge,Tony Corrigan,7,999,1001,0.4972656477862734,0.49875000260416025,35,13,199,90,7,3,36,17,31,15,121,56,11,4,36,17,4,3,0.0,0.5714285714285714,1363
Adam Duffy,Wiktor Doberschütz,7,1342,989,0.8832805083358919,0.707340014518073,299,156,1901,985,3,1,12,4,200,106,684,367,0,0,4,0,4,0,0.0,1.0,1363
Sam Craigie,Paul Moss,7,1304,908,0.9085182512941501,0.7290879223493065,115,61,695,368,22,5,142,54,127,63,251,142,0,0,2,0,4,0,0.0,1.0,1363
Michael Collumb,Maciej Sarapuk,7,1082,984,0.6313550071762073,0.5609454503247162,52,22,284,138,1,0,4,0,57,30,198,104,0,0,4,0,4,0,0.0,1.0,1363
Jamie Clarke,Lee Mein,7,1241,993,0.8005143732994051,0.6502185485738271,125,64,746,391,3,1,19,8,78,39,501,270,19,8,19,8,4,1,0.0,0.8,1363
Ryan Causton,Daniel Womersley,7,1044,1029,0.5204982038546295,0.5093739015216607,111,56,589,286,15,6,94,42,34,15,192,91,94,42,94,42,4,1,0.0,0.8,1363
Declan Bristow,Josh Boileau,7,980,1081,0.3647889315421975,0.43720825986135486,5,1,25,9,61,30,332,160,0,0,0,0,85,28,234,112,4,3,0.0,0.5714285714285714,1363
Alex Borg,Rafał Szymanek,7,1132,984,0.6935058085008956,0.5914589784327801,343,149,2468,1133,1,0,4,0,121,50,408,181,0,0,4,0,4,0,0.0,1.0,1363
Adam Bobat,Kieran Briggs,7,999,1000,0.4986328153483015,0.4993750003255206,33,12,184,82,0,0,0,0,36,22,128,60,0,0,0,0,4,0,0.0,1.0,1363
Freddie Blunden,Rees Carter,7,945,982,0.44955793756481255,0.4768914745109111,5,0,25,5,2,0,10,2,0,0,25,5,0,0,0,0,4,0,0.0,1.0,1363
Grzegorz Biernadski,Jamie O'Neill,7,973,1173,0.24761894840913548,0.3775406687981454,9,2,45,16,273,141,1733,894,0,0,20,11,22,11,182,89,4,3,0.0,0.5714285714285714,1363
Joshua Baddeley,Ariel Trebocha,7,986,989,0.4958985144028909,0.498125008789013,20,8,108,51,1,0,5,1,22,10,108,51,0,0,5,1,4,0,0.0,1.0,1363
Hussam Al-Saffar,Damian Adamus,7,983,1000,0.476771798023094,0.4893765989950364,1,0,4,0,0,0,0,0,4,0,4,0,0,0,0,0,4,1,0.0,0.8,1363
Michael Williams,Saqib Nasir,7,1080,1080,0.5,0.5,43,22,214,114,80,40,438,228,34,19,189,102,33,19,148,68,4,3,0.0,0.5714285714285714,1363
Karl Townsend,Tomasz Skalski,7,876,1058,0.2672511194925776,0.3881726309982629,149,60,975,434,48,21,266,124,0,0,8,4,4,0,117,59,4,1,0.0,0.8,1363
Alex Taubman,Simon Lichtenberg,7,1084,1028,0.5760654606907909,0.5349429451582145,146,64,803,364,11,5,56,30,59,26,266,130,13,9,56,30,4,2,0.0,0.6666666666666666,1363
Elliot Slessor,Declan Bristow,7,1173,980,0.7448448720621436,0.6183380393302829,117,50,700,319,5,1,25,9,112,47,438,196,0,0,0,0,4,2,0.0,0.6666666666666666,1363
Daniel Schneider,Sam Thistlewhite,7,944,1084,0.31610864255174254,0.41338242108267,16,4,79,27,75,35,392,189,6,2,59,19,36,20,153,84,4,3,0.0,0.5714285714285714,1363
Joe Roberts,Chris Totten,7,1081,993,0.6184015843393024,0.5547792351072148,43,25,234,123,8,2,44,18,43,25,161,84,21,9,40,18,4,3,0.0,0.5714285714285714,1363
Michael Rhodes,Piotr Olejnik,7,1146,1000,0.691115079332653,0.5902502519301834,144,89,1018,563,0,0,0,0,24,13,24,13,0,0,0,0,4,0,0.0,1.0,1363
Tom Rees,Jenson Kendrick,7,1005,1000,0.5068355814796678,0.5031249593105316,17,7,91,42,0,0,0,0,12,4,91,42,0,0,0,0,4,2,0.0,0.6666666666666666,1363
Mohammed Rangzib,Adam Edge,7,1061,999,0.5840920587766287,0.538672605206508,50,26,324,173,35,13,199,90,8,4,47,22,31,15,121,56,4,2,0.0,0.6666666666666666,1363
Manasawin Phetmalaikul,Anthony Green,7,982,1000,0.47540722540195457,0.4887518980531451,2,0,10,2,0,0,0,0,4,0,10,2,0,0,0,0,4,3,0.0,0.5714285714285714,1363
Daniel O’Regan,Lukasz Guzowski,7,935,988,0.42796070219744664,0.46692337763389535,11,3,55,18,1,0,5,1,29,12,49,16,0,0,5,1,4,0,0.0,1.0,1363
Robin Otto,Charlie Walters,7,961,1039,0.3946945160108152,0.4514038914168657,16,6,85,36,83,32,463,208,16,4,85,36,50,24,171,81,4,2,0.0,0.6666666666666666,1363
Phil O'Kane,Freddie Blunden,7,1003,945,0.578744911388209,0.5361866202317948,76,32,393,178,5,0,25,5,42,20,118,60,0,0,25,5,4,0,0.0,1.0,1363
Chris Norbury,Andrzej Pakula,7,1054,1000,0.573382262278332,0.5336988354329009,249,115,1531,741,0,0,0,0,0,0,186,57,0,0,0,0,4,1,0.0,0.8,1363
Jake Nicholson,Lewis Gillen,7,970,992,0.4699521739841547,0.486253465097645,76,23,405,161,8,3,44,20,33,14,183,83,20,8,44,20,4,3,0.0,0.5714285714285714,1363
Hammad Miah,Jyri Virtanen,7,1169,1029,0.6838913574482577,0.5866175789173301,99,38,652,283,5,3,28,17,151,65,477,205,0,0,14,10,4,0,0.0,1.0,1363
Andy Maivel,Matt Lancaster,7,1000,1000,0.5,0.5,0,0,0,0,0,0,0,0,0,0,0,0,0,0,0,0,4,1,0.0,0.8,1363
Scott Lyons,Bartosz Olchowka,7,950,995,0.4387350506415305,0.4719046255916129,6,1,30,8,2,1,10,4,9,1,30,8,0,0,10,4,4,1,0.0,0.8,1363
Adam Longley,Maris Volajs,7,924,990,0.4105773109788817,0.45884333184977194,17,4,90,32,8,3,42,19,17,5,48,17,0,0,42,19,4,2,0.0,0.6666666666666666,1363
Lukas Kleckers,Gary Thomson,7,1072,1078,0.4917974901893887,0.496250070310918,38,16,230,106,157,81,1135,574,78,35,200,92,18,7,47,21,4,2,0.0,0.6666666666666666,1363
Christopher Keogan,Essam Saadeh,7,1160,977,0.7338611162888773,0.6124209393479161,115,48,640,301,2,0,10,2,119,53,386,195,0,0,6,2,4,0,0.0,1.0,1363
Rafał Jewtuch,Bhavesh Sodha,7,983,918,0.5880916350836762,0.5405358392737893,5,2,27,11,8,1,34,6,0,0,22,10,14,2,14,2,4,0,0.0,1.0,1363
Ashley Hugill,Anthony Bonnar,7,1136,1000,0.6790334655716898,0.5841905229354074,66,32,365,177,0,0,0,0,133,62,343,167,0,0,0,0,4,1,0.0,0.8,1363
Kishan Hirani,Hans Blanckaert,7,1089,835,0.8060824586598727,0.653622330899504,118,54,640,303,104,24,550,190,57,26,238,122,10,2,124,43,4,1,0.0,0.8,1363
Louis Heathcote,Jurian Heusdens,7,1025,1025,0.5,0.5,24,9,134,57,37,18,191,95,56,25,116,49,6,2,105,48,4,2,0.0,0.6666666666666666,1363
David Greig,Maciej Michowski,7,1017,993,0.5327731710226205,0.51499550161941,3,2,14,8,3,1,15,7,0,0,14,8,0,0,15,7,4,1,0.0,0.8,1363
Gareth Green,Billy Brown,7,1087,970,0.6555229391190917,0.5726080638632601,63,32,350,165,23,7,117,47,34,21,92,47,0,0,80,38,4,2,0.0,0.6666666666666666,1363
Matthew Glasby,Felix Vidler,7,921,984,0.41457369574132835,0.4607061941016405,30,10,167,67,1,0,4,0,28,11,124,45,0,0,4,0,4,0,0.0,1.0,1363
Gary Frederick,Matthew Pudney,7,1000,1000,0.5,0.5,0,0,0,0,0,0,0,0,0,0,0,0,0,0,0,0,4,0,0.0,1.0,1363
Kacper Filipiak,Karol Lelek,7,1048,990,0.578744911388209,0.5361866202317948,68,25,364,142,4,1,21,9,12,5,216,109,0,0,15,7,4,0,0.0,1.0,1363
Nico Elton,Alex Borg,7,1095,1132,0.44955793756481255,0.4768914745109111,59,26,326,156,343,149,2468,1133,16,4,235,119,121,50,408,181,4,3,0.0,0.5714285714285714,1363
Adam Duffy,Krzysztof Drazkiewicz,7,1342,1000,0.8760481845200896,0.7016149536154007,299,156,1901,985,0,0,0,0,200,106,684,367,0,0,0,0,4,0,0.0,1.0,1363
Simon Dent,Paul Stelmaszuk,7,996,1000,0.4945314322857424,0.49750002083312506,22,8,118,55,0,0,0,0,22,9,82,40,0,0,0,0,4,1,0.0,0.8,1363
Matthew Day,Aleksandr Kurgankov,7,1095,940,0.7018040708685593,0.5956807306078472,137,65,737,357,8,2,38,10,53,27,219,102,0,0,38,10,4,0,0.0,1.0,1363
Marc Davis,Hussam Al-Saffar,7,1084,983,0.6352110684578025,0.5627917401386452,112,50,596,277,1,0,4,0,59,26,207,105,4,0,4,0,4,0,0.0,1.0,1363
Sam Craigie,Ben Jones,7,1304,1056,0.8005143732994051,0.6502185485738271,115,61,695,368,71,35,369,181,127,63,251,142,30,14,200,97,4,0,0.0,1.0,1363
Dylan Craig,Rodion Judin,7,1125,944,0.7316341543771714,0.6112334666758695,52,30,287,155,6,1,46,11,29,10,174,96,10,0,46,11,4,0,0.0,1.0,1363
Joshua Cooper,Adam Bobat,7,984,999,0.47950179614537025,0.4906260984783392,18,8,90,38,33,12,184,82,38,20,85,37,36,22,128,60,4,3,0.0,0.5714285714285714,1363
Jamie Clarke,Ross Higgins,7,1241,943,0.843794955427504,0.6780882495516275,125,64,746,391,50,16,258,99,78,39,501,270,15,4,155,71,4,0,0.0,1.0,1363
Ryan Causton,Daniel Holoyda,7,1044,986,0.578744911388209,0.5361866202317948,111,56,589,286,1,0,4,0,34,15,192,91,0,0,4,0,4,3,0.0,0.5714285714285714,1363
Ashley Carty,Joe Steele,7,1201,962,0.7919725105475417,0.645084137572727,103,53,602,307,58,22,295,126,24,9,391,204,24,12,151,62,4,1,0.0,0.8,1363
Oliver Brown,Grzegorz Biernadski,7,1169,973,0.7480902113030796,0.6201064323430902,160,70,884,414,9,2,45,16,75,36,373,185,0,0,20,11,4,1,0.0,0.8,1363
Declan Brennan,Jeremy Lee,7,950,988,0.44820271004203943,0.4762678458734389,20,5,106,40,4,1,21,8,33,17,50,22,6,2,21,8,4,0,0.0,1.0,1363
Alex Borg,Nico Elton,7,1132,1095,0.5504420624351876,0.523108525489089,343,149,2468,1133,59,26,326,156,121,50,408,181,16,4,235,119,4,3,0.0,0.5714285714285714,1363
Richard Beckham,Antoni Kowalski,7,1088,972,0.6542665688127887,0.5719961329315186,37,21,196,103,2,0,8,0,31,15,193,103,0,0,8,0,4,0,0.0,1.0,1363
Mateusz Baranowski,Richard Somauroo,7,1037,837,0.7523810515908644,0.6224593312018546,26,12,147,67,101,30,652,261,50,15,142,66,0,0,14,4,4,0,0.0,1.0,1363
Joshua Baddeley,Chris Jones,7,986,935,0.5693507188778237,0.5318318894162242,20,8,108,51,17,3,92,30,22,10,108,51,13,5,65,25,4,1,0.0,0.8,1363
Michael Williams,Matthew Glasby,7,1080,921,0.7064965786766507,0.5980868603322034,43,22,214,114,30,10,167,67,34,19,189,102,28,11,124,45,4,0,0.0,1.0,1363
Adam Stefanow,Alex Taubman,7,1087,1084,0.5041014855971089,0.5018749912109869,44,20,235,112,146,64,803,364,119,59,174,82,59,26,266,130,4,2,0.0,0.6666666666666666,1363
Elliot Slessor,Alex Borg,7,1173,1132,0.5558590476581076,0.5256025883246178,117,50,700,319,343,149,2468,1133,112,47,438,196,121,50,408,181,4,3,0.0,0.5714285714285714,1363
Joe Roberts,Manasawin Phetmalaikul,7,1081,982,0.6326419490877371,0.5615610703361955,43,25,234,123,2,0,10,2,43,25,161,84,4,0,10,2,4,1,0.0,0.8,1363
Michael Rhodes,Declan Brennan,7,1146,950,0.7480902113030796,0.6201064323430902,144,89,1018,563,20,5,106,40,24,13,24,13,33,17,50,22,4,1,0.0,0.8,1363
Tom Rees,Conor McCormack,7,1005,876,0.6704536022204194,0.5799334001885058,17,7,91,42,19,4,95,25,12,4,91,42,27,5,95,25,4,1,0.0,0.8,1363
Andreas Ploner,Joshua Cooper,7,1078,984,0.6261916833783177,0.5584811124381613,47,21,251,119,18,8,90,38,41,23,205,98,38,20,85,37,4,3,0.0,0.5714285714285714,1363
Phil O'Kane,Scott Lyons,7,1003,950,0.5720392978025534,0.5330766223661046,76,32,393,178,6,1,30,8,42,20,118,60,9,1,30,8,4,0,0.0,1.0,1363
Chris Norbury,Matthew Day,7,1054,1095,0.44414095234189266,0.47439741167538224,249,115,1531,741,137,65,737,357,0,0,186,57,53,27,219,102,4,0,0.0,1.0,1363
Ashley Hugill,Simon Dent,7,1136,996,0.6838913574482577,0.5866175789173301,66,32,365,177,22,8,118,55,133,62,343,167,22,9,82,40,4,1,0.0,0.8,1363
Kishan Hirani,Daniel O’Regan,7,1089,935,0.7006252854909363,0.595078473866134,118,54,640,303,11,3,55,18,57,26,238,122,29,12,49,16,4,1,0.0,0.8,1363
David Greig,Daniel Schneider,7,1017,944,0.5987085312450529,0.5454987872127821,3,2,14,8,16,4,79,27,0,0,14,8,6,2,59,19,4,2,0.0,0.6666666666666666,1363
Gareth Green,Andy Maivel,7,1087,1000,0.6170981549456108,0.5541616527636486,63,32,350,165,0,0,0,0,34,21,92,47,0,0,0,0,4,0,0.0,1.0,1363
Kacper Filipiak,Karl Townsend,7,1048,876,0.721490850613204,0.6058736684317606,68,25,364,142,149,60,975,434,12,5,216,109,0,0,8,4,4,0,0.0,1.0,1363
Adam Duffy,Christopher Keogan,7,1342,1160,0.732748880507422,0.6118273690017371,299,156,1901,985,115,48,640,301,200,106,684,367,119,53,386,195,4,2,0.0,0.6666666666666666,1363
Marc Davis,Jake Nicholson,7,1084,970,0.651748409886971,0.5707716118944918,112,50,596,277,76,23,405,161,59,26,207,105,33,14,183,83,4,1,0.0,0.8,1363
Dylan Craig,Robin Otto,7,1125,961,0.7123105654940886,0.6010878788483698,52,30,287,155,16,6,85,36,29,10,174,96,16,4,85,36,4,0,0.0,1.0,1363
Michael Collumb,Lukas Kleckers,7,1082,1072,0.51366902727117,0.5062496744995104,52,22,284,138,38,16,230,106,57,30,198,104,78,35,200,92,4,2,0.0,0.6666666666666666,1363
Jamie Clarke,Hammad Miah,7,1241,1169,0.5973854695265872,0.5448788923735801,125,64,746,391,99,38,652,283,78,39,501,270,151,65,477,205,4,3,0.0,0.5714285714285714,1363
Ryan Causton,Louis Heathcote,7,1044,1025,0.5259570402770714,0.5118727677562528,111,56,589,286,24,9,134,57,34,15,192,91,56,25,116,49,4,1,0.0,0.8,1363
Ashley Carty,Gary Frederick,7,1201,1000,0.7534472409879828,0.6230466603666162,103,53,602,307,0,0,0,0,24,9,391,204,0,0,0,0,4,1,0.0,0.8,1363
Oliver Brown,Sam Craigie,7,1169,1304,0.32218616531476235,0.41641688448272474,160,70,884,414,115,61,695,368,75,36,373,185,127,63,251,142,4,1,0.0,0.8,1363
Richard Beckham,Mohammed Rangzib,7,1088,1061,0.536858082179779,0.5168685956913849,37,21,196,103,50,26,324,173,31,15,193,103,8,4,47,22,4,0,0.0,1.0,1363
Mateusz Baranowski,Rafał Jewtuch,7,1037,983,0.573382262278332,0.5336988354329009,26,12,147,67,5,2,27,11,50,15,142,66,0,0,22,10,4,0,0.0,1.0,1363
Joshua Baddeley,Adam Longley,7,986,924,0.5840920587766287,0.538672605206508,20,8,108,51,17,4,90,32,22,10,108,51,17,5,48,17,4,0,0.0,1.0,1363
Ben Woollaston,Andreas Ploner,7,1365,1078,0.834882617465889,0.6720562626502714,496,283,3245,1730,47,21,251,119,261,130,957,497,41,23,205,98,4,1,0.0,0.8,1363
Kyren Wilson,Duane Jones,7,1427,1252,0.7248939369984414,0.6076631698328917,327,201,2147,1182,128,71,751,412,318,177,900,498,143,65,336,171,4,1,0.0,0.8,1363
Michael White,Kishan Hirani,7,1328,1089,0.7919725105475417,0.645084137572727,387,222,2665,1419,118,54,640,303,263,131,1065,570,57,26,238,122,4,1,0.0,0.8,1363
Lee Walker,Gareth Green,7,1261,1087,0.7237619985420221,0.6070669880717036,416,232,3244,1679,63,32,350,165,160,73,473,226,34,21,92,47,4,1,0.0,0.8,1363
Thepchaiya Un-Nooh,Gary Wilson,7,1399,1356,0.5585634499391967,0.5268491486891144,259,150,1882,1001,343,200,2220,1211,267,135,949,516,186,99,686,350,4,2,0.0,0.6666666666666666,1363
Elliot Slessor,Liang Wenbo,7,1173,1457,0.16760764782239262,0.3295988401911314,117,50,700,319,522,319,3647,2021,112,47,438,196,409,234,1272,717,4,0,0.0,1.0,1363
Eden Sharav,Zak Surety,7,1165,1168,0.4958985144028909,0.498125008789013,100,51,594,289,114,52,679,323,110,44,453,215,125,63,382,173,4,2,0.0,0.6666666666666666,1363
Matthew Selt,Ashley Carty,7,1374,1201,0.7226276336267841,0.6064704870683034,479,263,3339,1753,103,53,602,307,224,118,1129,640,24,9,391,204,4,3,0.0,0.5714285714285714,1363
Mark Selby,Joe Roberts,7,1580,1081,0.9516125863387999,0.7768667992127082,933,643,6887,4015,43,25,234,123,511,318,1573,962,43,25,161,84,4,2,0.0,0.6666666666666666,1363
Jimmy Robertson,Michael Wasley,7,1387,1220,0.7157709624772323,0.6028848673274662,404,219,2716,1414,247,120,1587,771,207,119,883,482,22,7,468,215,4,2,0.0,0.6666666666666666,1363
Dechawat Poomjaeng,Alan McManus,7,1269,1450,0.2683658456228286,0.3887665333241305,223,119,1615,822,880,526,7420,3941,160,78,766,395,280,146,998,550,4,3,0.0,0.5714285714285714,1363
Joe Perry,Ashley Hugill,7,1465,1136,0.867077669398587,0.6947667628737805,937,557,6804,3682,66,32,365,177,333,184,1325,760,133,62,343,167,4,2,0.0,0.6666666666666666,1363
Tian Pengfei,Adam Stefanow,7,1314,1087,0.7802322205466414,0.6381861133090055,322,182,2143,1146,44,20,235,112,151,65,712,387,119,59,174,82,4,1,0.0,0.8,1363
Fraser Patrick,Stuart Bingham,7,1179,1561,0.09918172751088478,0.27788039415064275,180,75,1181,540,975,620,7157,4081,119,50,475,206,489,297,1661,983,4,3,0.0,0.5714285714285714,1363
Sean O'Sullivan,Michael Georgiou,7,1219,1290,0.4039387802743521,0.4557411415821268,163,71,1026,485,169,80,1036,510,128,56,553,278,201,105,571,288,4,2,0.0,0.6666666666666666,1363
Martin O'Donnell,Mateusz Baranowski,7,1280,1037,0.7957969165005263,0.647370307581549,253,121,1556,778,26,12,147,67,160,82,523,275,50,15,142,66,4,1,0.0,0.8,1363
Fergal O'Brien,Oliver Brown,7,1359,1169,0.7415764082537253,0.6165665045213193,813,466,6172,3267,160,70,884,414,199,104,849,457,75,36,373,185,4,1,0.0,0.8,1363
Shaun Murphy,Marc Davis,7,1582,1084,0.9512956927774615,0.7764331373333982,920,606,6800,3891,112,50,596,277,360,213,1626,979,59,26,207,105,4,2,0.0,0.6666666666666666,1363
Ross Muir,Daniel Wells,7,1172,1288,0.34573343118721134,0.42800386706848137,112,41,752,332,302,149,2029,1009,146,65,535,231,179,90,604,302,4,0,0.0,1.0,1363
David Morris,Rod Lawler,7,1285,1268,0.5232282019769063,0.5106234010049637,241,124,1789,904,769,420,5901,3069,39,19,372,179,205,96,771,387,4,3,0.0,0.5714285714285714,1363
Rory McLeod,Chris Melling,7,1242,1127,0.6530083881296338,0.5713839816769324,514,280,3855,2006,168,91,1150,591,176,81,614,298,42,18,293,126,4,1,0.0,0.8,1363
Mitchell Mann,Sanderson Lam,7,1222,1141,0.6092484254460553,0.5504527113395278,196,91,1239,599,106,45,631,286,184,82,476,212,112,44,408,186,4,3,0.0,0.5714285714285714,1363
Stephen Maguire,Matthew Stevens,7,1477,1381,0.6287764284690306,0.5597136492671929,833,552,6132,3489,885,521,6896,3765,328,194,1265,734,227,128,810,425,4,2,0.0,0.6666666666666666,1363
Kurt Maflin,Michael Rhodes,7,1333,1146,0.7382850049697135,0.6147918694922195,468,271,3145,1696,144,89,1018,563,239,128,792,406,24,13,24,13,4,1,0.0,0.8,1363
Jack Lisowski,Cao Yupeng,7,1343,1241,0.6364932182719292,0.5634067862621936,340,200,2232,1208,198,98,1430,716,206,111,705,366,136,61,515,251,4,2,0.0,0.6666666666666666,1363
Peter Lines,Robert Milkins,7,1283,1352,0.4065907825999159,0.4569816192756902,722,391,5292,2751,756,459,5618,3062,200,105,618,296,275,143,1126,596,4,1,0.0,0.8,1363
Mark King,Michael Wild,7,1423,1165,0.8097380368967944,0.6558828412078137,852,476,6301,3307,290,156,1771,943,279,155,976,525,113,42,169,65,4,2,0.0,0.6666666666666666,1363
Ding Junhui,Mark Williams,7,1579,1462,0.6555229391190917,0.5726080638632601,655,440,4985,2854,1232,808,9499,5438,511,300,1239,731,359,203,1349,787,4,1,0.0,0.8,1363
Jamie Jones,Chris Norbury,7,1355,1054,0.8461660899282688,0.6797231924722057,441,267,2929,1596,249,115,1531,741,207,111,844,459,0,0,186,57,4,1,0.0,0.8,1363
Robin Hull,Ian Burns,7,1336,1263,0.5987085312450529,0.5454987872127821,481,289,3711,2039,280,148,1776,915,169,86,534,276,185,90,614,294,4,0,0.0,1.0,1363
Michael Holt,Ian Glover,7,1464,1125,0.8740190283398156,0.7000424476024744,729,431,5381,2879,174,71,1070,502,426,238,1196,648,48,21,301,121,4,3,0.0,0.5714285714285714,1363
Liam Highfield,Anthony McGill,7,1380,1488,0.3558484820461031,0.4329070950345457,295,160,2021,1068,392,241,2574,1432,195,102,638,343,344,202,1062,595,4,2,0.0,0.6666666666666666,1363
Andrew Higginson,Jamie Clarke,7,1344,1241,0.6377737431786725,0.5640216374262577,652,390,4640,2550,125,64,746,391,215,115,778,417,78,39,501,270,4,3,0.0,0.5714285714285714,1363
Barry Hawkins,Yu Delu,7,1515,1239,0.8256265088413395,0.6659669267518202,814,504,5864,3259,228,116,1594,807,329,195,1229,691,170,75,601,293,4,0,0.0,1.0,1363
Li Hang,Paul Davison,7,1281,1182,0.6326419490877371,0.5615610703361955,200,100,1441,740,625,330,4419,2254,187,95,715,380,141,54,560,267,4,3,0.0,0.5714285714285714,1363
Anthony Hamilton,Joel Walker,7,1341,1185,0.7029806026650167,0.5962826992967879,774,450,6042,3233,153,69,987,466,254,138,648,326,40,16,428,199,4,2,0.0,0.6666666666666666,1363
Steven Hallworth,David Grace,7,1131,1303,0.278509149386796,0.3941263315682394,71,23,450,192,276,128,1832,887,119,55,345,140,186,96,576,270,4,3,0.0,0.5714285714285714,1363
Martin Gould,Robbie Williams,7,1412,1321,0.622303251187688,0.5566309599222533,571,343,3851,2105,311,171,2008,1033,214,108,904,513,213,107,732,368,4,2,0.0,0.6666666666666666,1363
Marco Fu,Vinnie Calabrese,7,1500,1055,0.9318132355220661,0.7525948948809733,795,474,5937,3239,103,40,654,284,370,219,1353,763,7,2,226,81,4,1,0.0,0.8,1363
Tom Ford,Noppon Saengkham,7,1368,1298,0.5947357972115818,0.5436386872370789,533,305,3824,2037,158,69,1139,528,242,126,829,442,218,109,728,349,4,3,0.0,0.5714285714285714,1363
Kacper Filipiak,Gerard Greene,7,1048,1278,0.2167953403729519,0.36008390326226586,68,25,364,142,662,361,4969,2607,12,5,216,109,106,54,518,260,4,3,0.0,0.5714285714285714,1363
Peter Ebdon,Michael Collumb,7,1347,1082,0.8160262378047215,0.6598217549720575,1014,582,8009,4301,52,22,284,138,198,100,991,538,57,30,198,104,4,3,0.0,0.5714285714285714,1363
Mike Dunn,Darryl Hill,7,1284,1000,0.8323923521776074,0.6704011598088686,653,349,4841,2498,52,15,342,131,203,98,762,401,85,21,246,86,4,2,0.0,0.6666666666666666,1363
Scott Donaldson,Sydney Wilson,7,1294,1108,0.7371828058525272,0.6141996427768951,180,91,1199,588,161,58,953,418,209,105,656,314,94,27,442,182,4,1,0.0,0.8,1363
Ryan Day,Mark Joyce,7,1430,1315,0.6530083881296338,0.5713839816769324,806,489,5663,3127,398,209,2882,1465,347,197,1402,785,179,87,690,351,4,1,0.0,0.8,1363
Mark Davis,Hamza Akbar,7,1440,1046,0.9074479165872151,0.7280991982662492,976,590,7028,3844,17,3,128,45,283,161,1297,730,99,36,128,45,4,2,0.0,0.6666666666666666,1363
Dominic Dale,Allan Taylor,7,1381,1152,0.7822166026963269,0.6393398367530659,849,492,6151,3288,248,117,1467,723,339,185,1150,631,125,45,446,179,4,2,0.0,0.6666666666666666,1363
Dylan Craig,Oliver Lines,7,1125,1288,0.2888475905595551,0.3995117254730337,52,30,287,155,152,82,949,493,29,10,174,96,182,88,622,313,4,2,0.0,0.6666666666666666,1363
Rhys Clark,Graeme Dott,7,1210,1333,0.3369775660777682,0.42372507750673466,92,43,558,261,771,453,5983,3206,156,67,381,172,233,116,1033,574,4,2,0.0,0.6666666666666666,1363
Thor Chuan Leong,Phil O'Kane,7,1113,1003,0.6466907800352545,0.5683199834782481,48,13,324,127,76,32,393,178,126,49,324,127,42,20,118,60,4,2,0.0,0.6666666666666666,1363
Ryan Causton,Michael Leslie,7,1044,1121,0.39601140843867844,0.4520230623632036,111,56,589,286,119,35,771,309,34,15,192,91,22,7,358,148,4,2,0.0,0.6666666666666666,1363
Stuart Carrington,Tom Rees,7,1332,1005,0.8656564170034025,0.6937054019553982,268,145,1724,907,17,7,91,42,206,109,671,339,12,4,91,42,4,0,0.0,1.0,1363
Alfie Burden,David Greig,7,1331,1017,0.8561477589533566,0.6867567266439019,616,333,4488,2318,3,2,14,8,179,88,610,307,0,0,14,8,4,3,0.0,0.5714285714285714,1363
Luca Brecel,Joe Swail,7,1369,1222,0.692311529960642,0.5908547524545943,247,132,1711,899,789,425,6224,3241,271,148,851,466,154,74,730,372,4,3,0.0,0.5714285714285714,1363
Richard Beckham,Chris Wakelin,7,1088,1302,0.23293287554107978,0.36935147434892557,37,21,196,103,129,67,873,441,31,15,193,103,207,102,661,332,4,2,0.0,0.6666666666666666,1363
Sam Baird,Joshua Baddeley,7,1365,986,0.8991045200732098,0.7206121300108707,287,153,2006,1037,20,8,108,51,270,138,749,386,22,10,108,51,4,0,0.0,1.0,1363
Zhang Anda,Barry Pinches,7,1380,1233,0.692311529960642,0.5908547524545943,259,130,1817,914,714,369,5595,2901,222,123,686,357,77,44,487,232,4,2,0.0,0.6666666666666666,1363
Zhou Yuelong,Michael Williams,7,1343,1080,0.8142437917894374,0.6586985747356444,115,62,796,415,43,22,214,114,229,119,632,336,34,19,189,102,4,1,0.0,0.8,1363
Ben Woollaston,Lee Walker,7,1365,1261,0.6390526295107546,0.5646362918030292,496,283,3245,1730,416,232,3244,1679,261,130,957,497,160,73,473,226,4,2,0.0,0.6666666666666666,1363
Kyren Wilson,Peter Lines,7,1427,1283,0.6887157040547041,0.5890404340586651,327,201,2147,1182,722,391,5292,2751,318,177,900,498,200,105,618,296,4,2,0.0,0.6666666666666666,1363
Michael White,Thepchaiya Un-Nooh,7,1328,1399,0.4039387802743521,0.4557411415821268,387,222,2665,1419,259,150,1882,1001,263,131,1065,570,267,135,949,516,4,2,0.0,0.6666666666666666,1363
Matthew Selt,Zhang Anda,7,1374,1380,0.4917974901893887,0.496250070310918,479,263,3339,1753,259,130,1817,914,224,118,1129,640,222,123,686,357,4,0,0.0,1.0,1363
Mark Selby,John Higgins,7,1580,1580,0.5,0.5,933,643,6887,4015,1298,921,10470,6194,511,318,1573,962,488,301,1547,921,4,2,0.0,0.6666666666666666,1363
Joe Perry,Dylan Craig,7,1465,1125,0.8746981311142084,0.7005671424739729,937,557,6804,3682,52,30,287,155,333,184,1325,760,29,10,174,96,4,1,0.0,0.8,1363
Tian Pengfei,Adam Duffy,7,1314,1342,0.46178117660461016,0.48250714233361025,322,182,2143,1146,299,156,1901,985,151,65,712,387,200,106,684,367,4,2,0.0,0.6666666666666666,1363
Martin O'Donnell,Michael Holt,7,1280,1464,0.2650291458891245,0.38698582386066455,253,121,1556,778,729,431,5381,2879,160,82,523,275,426,238,1196,648,4,1,0.0,0.8,1363
Fergal O'Brien,Mark Davis,7,1359,1440,0.3907515745539448,0.4495472886604723,813,466,6172,3267,976,590,7028,3844,199,104,849,457,283,161,1297,730,4,3,0.0,0.5714285714285714,1363
Ross Muir,Fraser Patrick,7,1172,1179,0.4904306643721704,0.4956251116502266,112,41,752,332,180,75,1181,540,146,65,535,231,119,50,475,206,4,0,0.0,1.0,1363
Rory McLeod,Craig Steadman,7,1242,1295,0.42796070219744664,0.46692337763389535,514,280,3855,2006,390,216,2589,1371,176,81,614,298,187,95,730,376,4,1,0.0,0.8,1363
Mitchell Mann,Rhys Clark,7,1222,1210,0.5164013295642876,0.5074994375506203,196,91,1239,599,92,43,558,261,184,82,476,212,156,67,381,172,4,3,0.0,0.5714285714285714,1363
Stephen Maguire,Alfie Burden,7,1477,1331,0.691115079332653,0.5902502519301834,833,552,6132,3489,616,333,4488,2318,328,194,1265,734,179,88,610,307,4,1,0.0,0.8,1363
Jack Lisowski,Dechawat Poomjaeng,7,1343,1269,0.6000303895586184,0.5461185410457796,340,200,2232,1208,223,119,1615,822,206,111,705,366,160,78,766,395,4,2,0.0,0.6666666666666666,1363
Mark King,Eden Sharav,7,1423,1165,0.8097380368967944,0.6558828412078137,852,476,6301,3307,100,51,594,289,279,155,976,525,110,44,453,215,4,1,0.0,0.8,1363
Ding Junhui,Gareth Allen,7,1579,1165,0.9177177165207486,0.7378841011916348,655,440,4985,2854,150,70,863,416,511,300,1239,731,120,44,418,197,4,0,0.0,1.0,1363
Jamie Jones,Shaun Murphy,7,1355,1582,0.21976777945335846,0.36181388669099446,441,267,2929,1596,920,606,6800,3891,207,111,844,459,360,213,1626,979,4,1,0.0,0.8,1363
Robin Hull,Elliot Slessor,7,1336,1173,0.7111524094404451,0.6004882745269664,481,289,3711,2039,117,50,700,319,169,86,534,276,112,47,438,196,4,1,0.0,0.8,1363
Liam Highfield,Stuart Carrington,7,1380,1332,0.5653114683109788,0.5299640517645717,295,160,2021,1068,268,145,1724,907,195,102,638,343,206,109,671,339,4,0,0.0,1.0,1363
Andrew Higginson,Kacper Filipiak,7,1344,1048,0.8422000503552975,0.676995856238523,652,390,4640,2550,68,25,364,142,215,115,778,417,12,5,216,109,4,3,0.0,0.5714285714285714,1363
Barry Hawkins,Jimmy Robertson,7,1515,1387,0.6692199309586204,0.5793242521487495,814,504,5864,3259,404,219,2716,1414,329,195,1229,691,207,119,883,482,4,3,0.0,0.5714285714285714,1363
Li Hang,Mike Dunn,7,1281,1284,0.4958985144028909,0.498125008789013,200,100,1441,740,653,349,4841,2498,187,95,715,380,203,98,762,401,4,3,0.0,0.5714285714285714,1363
Anthony Hamilton,Peter Ebdon,7,1341,1347,0.4917974901893887,0.496250070310918,774,450,6042,3233,1014,582,8009,4301,254,138,648,326,198,100,991,538,4,1,0.0,0.8,1363
Martin Gould,Dominic Dale,7,1412,1381,0.5422981239384312,0.519365308229932,571,343,3851,2105,849,492,6151,3288,214,108,904,513,339,185,1150,631,4,1,0.0,0.8,1363
David Gilbert,Scott Donaldson,7,1469,1294,0.7248939369984414,0.6076631698328917,490,280,3623,1944,180,91,1199,588,336,194,1026,566,209,105,656,314,4,3,0.0,0.5714285714285714,1363
Marco Fu,David Morris,7,1500,1285,0.7680961089120268,0.6312306626164005,795,474,5937,3239,241,124,1789,904,370,219,1353,763,39,19,372,179,4,0,0.0,1.0,1363
Tom Ford,Sean O'Sullivan,7,1368,1219,0.6946979044907379,0.5920629281648192,533,305,3824,2037,163,71,1026,485,242,126,829,442,128,56,553,278,4,2,0.0,0.6666666666666666,1363
Thor Chuan Leong,Kurt Maflin,7,1113,1333,0.22679952149986343,0.36586440898919936,48,13,324,127,468,271,3145,1696,126,49,324,127,239,128,792,406,4,3,0.0,0.5714285714285714,1363
Ryan Causton,Ryan Day,7,1044,1430,0.09693199050390638,0.27587822922918137,111,56,589,286,806,489,5663,3127,34,15,192,91,347,197,1402,785,4,3,0.0,0.5714285714285714,1363
Luca Brecel,Steven Hallworth,7,1369,1131,0.7910094256982455,0.6445115537062945,247,132,1711,899,71,23,450,192,271,148,851,466,119,55,345,140,4,3,0.0,0.5714285714285714,1363
Sam Baird,Richard Beckham,7,1365,1088,0.8264821963228286,0.6665228332551123,287,153,2006,1037,37,21,196,103,270,138,749,386,31,15,193,103,4,1,0.0,0.8,1363
Zhou Yuelong,Ross Muir,7,1343,1172,0.7203516579445735,0.6052765337748445,115,62,796,415,112,41,752,332,229,119,632,336,146,65,535,231,4,3,0.0,0.5714285714285714,1363
Ben Woollaston,Li Hang,7,1365,1281,0.6131794491635048,0.5523079095743253,496,283,3245,1730,200,100,1441,740,261,130,957,497,187,95,715,380,4,1,0.0,0.8,1363
Kyren Wilson,Martin O'Donnell,7,1427,1280,0.692311529960642,0.5908547524545943,327,201,2147,1182,253,121,1556,778,318,177,900,498,160,82,523,275,4,1,0.0,0.8,1363
Mark Selby,Luca Brecel,7,1580,1369,0.7639640378992283,0.6288998381516232,933,643,6887,4015,247,132,1711,899,511,318,1573,962,271,148,851,466,4,3,0.0,0.5714285714285714,1363
Rory McLeod,Fergal O'Brien,7,1242,1359,0.34447706088090824,0.42739193613673987,514,280,3855,2006,813,466,6172,3267,176,81,614,298,199,104,849,457,4,2,0.0,0.6666666666666666,1363
Mitchell Mann,Jack Lisowski,7,1222,1343,0.3394699373735689,0.424946451444212,196,91,1239,599,340,200,2232,1208,184,82,476,212,206,111,705,366,4,2,0.0,0.6666666666666666,1363
Mark King,Anthony Hamilton,7,1423,1341,0.6105601107289808,0.551071269307342,852,476,6301,3307,774,450,6042,3233,279,155,976,525,254,138,648,326,4,2,0.0,0.6666666666666666,1363
Liam Highfield,Robin Hull,7,1380,1336,0.5599145707304132,0.5274723043445937,295,160,2021,1068,481,289,3711,2039,195,102,638,343,169,86,534,276,4,3,0.0,0.5714285714285714,1363
Andrew Higginson,Tian Pengfei,7,1344,1314,0.5409388610739393,0.5187412158785352,652,390,4640,2550,322,182,2143,1146,215,115,778,417,151,65,712,387,4,2,0.0,0.6666666666666666,1363
Barry Hawkins,Joe Perry,7,1515,1465,0.5680051367615364,0.5312093733737563,814,504,5864,3259,937,557,6804,3682,329,195,1229,691,333,184,1325,760,4,2,0.0,0.6666666666666666,1363
Martin Gould,Jamie Jones,7,1412,1355,0.5774056625100122,0.5355648379838539,571,343,3851,2105,441,267,2929,1596,214,108,904,513,207,111,844,459,4,3,0.0,0.5714285714285714,1363
Marco Fu,Matthew Selt,7,1500,1374,0.6667467241528153,0.5781052328843092,795,474,5937,3239,479,263,3339,1753,370,219,1353,763,224,118,1129,640,4,0,0.0,1.0,1363
Tom Ford,Stephen Maguire,7,1368,1477,0.3545779913833035,0.43229345192664,533,305,3824,2037,833,552,6132,3489,242,126,829,442,328,194,1265,734,4,0,0.0,1.0,1363
Thor Chuan Leong,Ding Junhui,7,1113,1579,0.059810579944644865,0.23775994657289076,48,13,324,127,655,440,4985,2854,126,49,324,127,511,300,1239,731,4,1,0.0,0.8,1363
Ryan Causton,David Gilbert,7,1044,1469,0.07703434476738444,0.25683199138751883,111,56,589,286,490,280,3623,1944,34,15,192,91,336,194,1026,566,4,1,0.0,0.8,1363
Sam Baird,Michael White,7,1365,1328,0.5504420624351876,0.523108525489089,287,153,2006,1037,387,222,2665,1419,270,138,749,386,263,131,1065,570,4,2,0.0,0.6666666666666666,1363
Ben Woollaston,Ryan Causton,7,1365,1044,0.8613262329678552,0.6905090012275708,496,283,3245,1730,111,56,589,286,261,130,957,497,34,15,192,91,4,0,0.0,1.0,1363
Kyren Wilson,Thor Chuan Leong,7,1427,1113,0.8561477589533566,0.6867567266439019,327,201,2147,1182,48,13,324,127,318,177,900,498,126,49,324,127,4,0,0.0,1.0,1363
Mark Selby,Sam Baird,7,1580,1365,0.7680961089120268,0.6312306626164005,933,643,6887,4015,287,153,2006,1037,511,318,1573,962,270,138,749,386,4,3,0.0,0.5714285714285714,1363
Mark King,Rory McLeod,7,1423,1242,0.7316341543771714,0.6112334666758695,852,476,6301,3307,514,280,3855,2006,279,155,976,525,176,81,614,298,4,1,0.0,0.8,1363
Andrew Higginson,Tom Ford,7,1344,1368,0.4672268289773793,0.4850044983805899,652,390,4640,2550,533,305,3824,2037,215,115,778,417,242,126,829,442,4,0,0.0,1.0,1363
Barry Hawkins,Zhou Yuelong,7,1515,1343,0.721490850613204,0.6058736684317606,814,504,5864,3259,115,62,796,415,329,195,1229,691,229,119,632,336,4,3,0.0,0.5714285714285714,1363
Martin Gould,Liam Highfield,7,1412,1380,0.5436568604546561,0.5199893401555818,571,343,3851,2105,295,160,2021,1068,214,108,904,513,195,102,638,343,4,1,0.0,0.8,1363
Marco Fu,Mitchell Mann,7,1500,1222,0.8273350387178837,0.6670782770956253,795,474,5937,3239,196,91,1239,599,370,219,1353,763,184,82,476,212,4,1,0.0,0.8,1363
Kyren Wilson,Barry Hawkins,7,1427,1515,0.38159841566069774,0.4452207648927852,327,201,2147,1182,814,504,5864,3259,318,177,900,498,329,195,1229,691,4,3,0.0,0.5714285714285714,1363
Mark Selby,Marco Fu,7,1580,1500,0.6079354159352611,0.549833997312478,933,643,6887,4015,795,474,5937,3239,511,318,1573,962,370,219,1353,763,4,1,0.0,0.8,1363
Andrew Higginson,Mark King,7,1344,1423,0.3933789028764624,0.45078487089866653,652,390,4640,2550,852,476,6301,3307,215,115,778,417,279,155,976,525,4,3,0.0,0.5714285714285714,1363
Martin Gould,Ben Woollaston,7,1412,1365,0.5639634145132848,0.5293412500457856,571,343,3851,2105,496,283,3245,1730,214,108,904,513,261,130,957,497,4,1,0.0,0.8,1363
Mark Selby,Andrew Higginson,7,1580,1344,0.7890748963496146,0.6433651456944017,933,643,6887,4015,652,390,4640,2550,511,318,1573,962,215,115,778,417,4,2,0.0,0.6666666666666666,1363
Martin Gould,Kyren Wilson,7,1412,1427,0.47950179614537025,0.4906260984783392,571,343,3851,2105,327,201,2147,1182,214,108,904,513,318,177,900,498,4,2,0.0,0.6666666666666666,1363
Mark Selby,Martin Gould,7,1580,1412,0.7169197076810394,0.6034832498647263,933,643,6887,4015,571,343,3851,2105,511,318,1573,962,214,108,904,513,4,1,0.0,0.8,1363
Ben Woollaston,Jamie Cope,7,1385,1247,0.6814665603465866,0.585404569129465,501,287,3270,1747,534,285,3631,1847,286,147,982,514,132,56,616,306,4,0,0.0,1.0,1361
Sydney Wilson,Gerard Greene,7,1101,1267,0.2853801489272095,0.3977138231113694,162,58,958,419,663,361,4976,2610,99,28,447,183,113,57,525,263,4,3,0.0,0.5714285714285714,1361
Gary Wilson,Jimmy White,7,1349,1251,0.6313550071762073,0.5609454503247162,344,200,2226,1213,1387,778,11952,6295,192,101,692,352,136,65,526,244,4,1,0.0,0.8,1361
Mark Williams,Lyu Chenwei,7,1453,1107,0.8787157914455135,0.7037042379997707,1233,808,9504,5439,61,21,377,159,364,204,1354,788,90,45,299,121,4,3,0.0,0.5714285714285714,1361
Robbie Williams,Luke Simmonds,7,1316,1202,0.651748409886971,0.5707716118944918,312,171,2014,1035,104,57,729,377,219,109,738,370,12,2,77,37,4,3,0.0,0.5714285714285714,1361
Michael White,Joe O'Connor,7,1338,1090,0.8005143732994051,0.6502185485738271,390,224,2682,1429,73,34,442,209,280,141,1082,580,45,19,370,171,4,2,0.0,0.6666666666666666,1361
Liang Wenbo,Hatem Yassen,7,1436,931,0.9534774429411844,0.7794561686382467,523,319,3651,2021,10,0,61,8,413,234,1276,717,41,4,61,8,4,0,0.0,1.0,1361
Daniel Wells,Andrew Higginson,7,1270,1371,0.3647889315421975,0.43720825986135486,303,149,2033,1009,658,395,4677,2572,183,90,608,302,252,137,815,439,4,2,0.0,0.6666666666666666,1361
Ricky Walden,James Wattana,7,1492,1188,0.8485117931807986,0.6813537337890256,715,444,5160,2880,779,429,6588,3470,406,229,1275,734,186,88,449,194,4,3,0.0,0.5714285714285714,1361
Thepchaiya Un-Nooh,Paul Davison,7,1396,1181,0.7680961089120268,0.6312306626164005,261,151,1894,1007,626,330,4426,2257,279,141,961,522,148,57,567,270,4,2,0.0,0.6666666666666666,1361
Judd Trump,Michael Leslie,7,1644,1111,0.9613909507704599,0.7912538634254065,764,514,5206,3061,120,35,777,311,398,247,1762,1084,28,9,364,150,4,0,0.0,1.0,1361
Allan Taylor,Oliver Lines,7,1151,1276,0.3344927873720658,0.4225046348141883,249,117,1473,725,153,82,955,495,131,47,452,181,188,90,628,315,4,1,0.0,0.8,1361
Joe Swail,Zak Surety,7,1223,1160,0.5854263042586716,0.5392938058983595,790,425,6231,3244,115,52,685,325,161,77,737,375,131,65,388,175,4,1,0.0,0.8,1361
Matthew Stevens,David Morris,7,1376,1276,0.6339273074659068,0.5621765008857981,886,521,6902,3767,243,125,1800,908,233,130,816,427,50,23,383,183,4,2,0.0,0.6666666666666666,1361
Matthew Selt,Nigel Bond,7,1374,1274,0.6339273074659068,0.5621765008857981,482,265,3354,1761,818,453,6521,3436,239,126,1144,648,170,77,550,260,4,0,0.0,1.0,1361
Mark Selby,Duane Jones,7,1599,1244,0.8845606606866738,0.708373991032327,940,650,6929,4043,129,71,756,413,553,346,1615,990,148,66,341,172,4,0,0.0,1.0,1361
Neil Robertson,Fraser Patrick,7,1509,1179,0.8677841579315165,0.6952966693475653,794,519,5851,3335,182,76,1192,544,262,152,1335,791,130,54,486,210,4,3,0.0,0.5714285714285714,1361
Jimmy Robertson,Michael Wild,7,1391,1164,0.7802322205466414,0.6381861133090055,406,220,2729,1421,291,156,1777,945,220,126,896,489,119,44,175,67,4,3,0.0,0.5714285714285714,1361
Dechawat Poomjaeng,Craig Steadman,7,1273,1282,0.48769738857442835,0.4943752372926745,225,120,1628,828,391,216,2594,1372,173,84,779,401,192,96,735,377,4,1,0.0,0.8,1361
Joe Perry,Tony Drago,7,1463,1164,0.8445881619019862,0.6786337178522214,940,559,6821,3692,721,355,5910,2920,350,194,1342,770,51,27,278,116,4,0,0.0,1.0,1361
Tian Pengfei,Ashley Hugill,7,1322,1162,0.7076639986592218,0.598687660112452,325,184,2160,1156,70,35,386,191,168,75,729,397,154,76,364,181,4,2,0.0,0.6666666666666666,1361
Ronnie O'Sullivan,Barry Pinches,7,1612,1229,0.9013844742212599,0.7226209843749648,1108,840,9767,5944,715,369,5601,2903,324,198,924,591,83,46,493,234,4,1,0.0,0.8,1361
Martin O'Donnell,Stephen Maguire,7,1294,1472,0.27172488874541606,0.3905502163716748,256,123,1571,787,836,554,6147,3497,175,91,538,284,343,202,1280,742,4,3,0.0,0.5714285714285714,1361
Fergal O'Brien,Noppon Saengkham,7,1362,1296,0.589422689021118,0.541156668150228,816,468,6190,3277,159,69,1146,531,217,114,867,467,225,112,735,352,4,3,0.0,0.5714285714285714,1361
Shaun Murphy,Itaro Santos,7,1560,882,0.9863478114143204,0.8448805773736964,922,607,6811,3896,80,22,452,168,371,218,1637,984,47,6,68,11,4,1,0.0,0.8,1361
Robert Milkins,Sean O'Sullivan,7,1338,1225,0.6504866469700167,0.5701590253818352,757,459,5623,3063,165,72,1038,491,280,144,1131,597,140,62,565,284,4,3,0.0,0.5714285714285714,1361
Alan McManus,Rhys Clark,7,1440,1218,0.7752232149046754,0.6352948493228071,881,526,7427,3944,94,44,571,268,287,149,1005,553,169,74,394,179,4,3,0.0,0.5714285714285714,1361
Rory McLeod,Michael Wasley,7,1267,1217,0.5680051367615364,0.5312093733737563,518,283,3876,2019,248,120,1593,773,197,94,635,311,28,9,474,217,4,3,0.0,0.5714285714285714,1361
Anthony McGill,Liam Highfield,7,1477,1397,0.6079354159352611,0.549833997312478,393,241,2580,1434,299,163,2043,1081,350,204,1068,597,217,115,660,356,4,3,0.0,0.5714285714285714,1361
Mitchell Mann,Zhou Yuelong,7,1234,1350,0.34573343118721134,0.42800386706848137,200,94,1264,612,118,64,815,426,209,95,501,225,248,130,651,347,4,2,0.0,0.6666666666666666,1361
Kurt Maflin,Hammad Miah,7,1329,1184,0.6899164671577602,0.5896454785627312,470,272,3157,1703,102,40,669,294,251,135,804,413,168,76,494,216,4,3,0.0,0.5714285714285714,1361
Jack Lisowski,Eden Sharav,7,1342,1167,0.7248939369984414,0.6076631698328917,343,202,2250,1218,102,52,605,294,224,121,723,376,121,49,464,220,4,2,0.0,0.6666666666666666,1361
Peter Lines,David Grace,7,1293,1293,0.5,0.5,724,392,5303,2757,277,128,1839,890,211,111,629,302,193,99,583,273,4,2,0.0,0.6666666666666666,1361
Rod Lawler,Sanderson Lam,7,1265,1140,0.6655072126279344,0.5774953651858118,770,420,5908,3072,107,45,638,289,212,99,778,390,119,47,415,189,4,3,0.0,0.5714285714285714,1361
Mark King,Scott Donaldson,7,1437,1303,0.6765921632853334,0.5829754542011996,857,480,6330,3326,182,92,1211,595,308,174,1005,544,221,112,668,321,4,0,0.0,1.0,1361
Ding Junhui,Steven Hallworth,7,1574,1145,0.9248057667294741,0.7450720559074311,658,442,4999,2863,73,24,464,199,525,309,1253,740,133,62,359,147,4,1,0.0,0.8,1361
Mark Joyce,Gareth Allen,7,1306,1157,0.6946979044907379,0.5920629281648192,399,209,2887,1466,151,70,867,416,184,88,695,352,124,44,422,197,4,0,0.0,1.0,1361
Robin Hull,Hossein Vafaei,7,1357,1241,0.6542665688127887,0.5719961329315186,484,291,3727,2050,51,27,398,198,185,97,550,287,121,59,287,145,4,2,0.0,0.6666666666666666,1361
Michael Holt,Hamza Akbar,7,1441,1049,0.906367771534617,0.7271082163411295,731,432,5393,2884,18,3,134,47,438,243,1208,653,105,38,134,47,4,3,0.0,0.5714285714285714,1361
John Higgins,Andy Hicks,7,1572,1229,0.8767191428425912,0.702138068199835,1299,921,10476,6196,589,317,4792,2483,494,303,1553,923,145,71,221,111,4,0,0.0,1.0,1361
Barry Hawkins,Lee Walker,7,1523,1264,0.810644856301382,0.6564468724566059,819,508,5895,3278,418,233,3255,1685,360,214,1260,710,171,79,484,232,4,2,0.0,0.6666666666666666,1361
Li Hang,Chris Melling,7,1276,1118,0.7053268662779104,0.5974857658270161,203,102,1460,749,169,91,1155,592,206,104,734,389,47,19,298,127,4,0,0.0,1.0,1361
Anthony Hamilton,Stuart Bingham,7,1350,1545,0.25298898790249863,0.3804826803529153,777,452,6059,3243,976,620,7164,4084,271,148,665,336,496,300,1668,986,4,1,0.0,0.8,1361
Martin Gould,Adam Duffy,7,1451,1354,0.6300664956451868,0.5603296426885532,578,349,3890,2130,303,159,1921,999,253,133,943,538,220,120,704,381,4,1,0.0,0.8,1361
David Gilbert,Zhang Yong,7,1446,1119,0.8656564170034025,0.6937054019553982,492,281,3635,1949,52,19,326,135,348,199,1038,571,131,51,268,110,4,0,0.0,1.0,1361
Michael Georgiou,Jamie Jones,7,1280,1376,0.3712235715309693,0.44028635073280703,170,80,1042,512,444,269,2946,1607,207,107,577,290,224,122,861,470,4,0,0.0,1.0,1361
Marco Fu,Joel Walker,7,1522,1182,0.8746981311142084,0.7005671424739729,800,478,5960,3256,154,69,993,468,393,236,1376,780,46,18,434,201,4,0,0.0,1.0,1361
Tom Ford,Jason Weston,7,1375,1070,0.8492880506369576,0.6818962645895934,537,308,3845,2049,300,160,2308,1196,263,138,850,454,85,20,221,83,4,1,0.0,0.8,1361
Leo Fernandez,Kyren Wilson,7,1235,1456,0.22578679083118888,0.3652845846208415,405,245,3088,1668,333,206,2180,1204,22,7,160,80,351,199,933,520,4,3,0.0,0.5714285714285714,1361
Peter Ebdon,Zhang Anda,7,1331,1368,0.44955793756481255,0.4768914745109111,1016,583,8021,4306,261,131,1827,918,210,105,1003,543,232,127,696,361,4,0,0.0,1.0,1361
Mike Dunn,Chris Wakelin,7,1280,1289,0.48769738857442835,0.4943752372926745,655,350,4854,2505,130,67,879,443,216,105,775,408,213,104,667,334,4,3,0.0,0.5714285714285714,1361
Graeme Dott,Darryl Hill,7,1321,1000,0.8613262329678552,0.6905090012275708,772,453,5989,3208,53,15,348,133,239,118,1039,576,91,23,252,88,4,1,0.0,0.8,1361
Ken Doherty,Lu Ning,7,1248,1117,0.6729150209582897,0.5811509642893937,1073,655,8826,4851,64,21,448,191,152,69,703,349,21,6,275,115,4,0,0.0,1.0,1361
Yu Delu,Ian Glover,7,1228,1132,0.6287764284690306,0.5597136492671929,229,116,1598,807,175,71,1077,505,174,75,605,293,55,24,308,124,4,3,0.0,0.5714285714285714,1361
Ryan Day,Vinnie Calabrese,7,1423,1053,0.8938256769723133,0.7160597938157098,808,490,5675,3134,104,40,659,285,359,204,1414,792,12,3,231,82,4,0,0.0,1.0,1361
Mark Davis,Zhao Xintong,7,1431,1305,0.6667467241528153,0.5781052328843092,978,591,7041,3851,95,52,634,344,296,168,1310,737,185,91,459,245,4,2,0.0,0.6666666666666666,1361
Ali Carter,Cao Yupeng,7,1510,1236,0.8239065989069515,0.6648537304059736,824,498,5885,3246,199,98,1436,718,398,228,954,532,142,63,521,253,4,1,0.0,0.8,1361
Stuart Carrington,Jordan Brown,7,1327,1168,0.7064965786766507,0.5980868603322034,270,146,1732,911,84,45,536,275,214,113,679,343,42,21,109,54,4,0,0.0,1.0,1361
James Cahill,Xiao Guodong,7,1160,1381,0.22578679083118888,0.3652845846208415,122,40,799,335,367,214,2457,1354,133,57,492,213,230,125,822,461,4,1,0.0,0.8,1361
Alfie Burden,Dominic Dale,7,1317,1371,0.4266177377216683,0.4663011645670992,618,334,4500,2323,851,493,6162,3293,191,93,622,312,350,190,1161,636,4,3,0.0,0.5714285714285714,1361
Luca Brecel,Ian Burns,7,1367,1248,0.6580301976734948,0.5738312575916094,250,134,1732,910,281,148,1780,915,292,159,872,477,189,90,618,294,4,3,0.0,0.5714285714285714,1361
Sam Baird,Thor Chuan Leong,7,1391,1143,0.8005143732994051,0.6502185485738271,291,156,2028,1052,52,16,346,139,292,153,771,401,148,61,346,139,4,2,0.0,0.6666666666666666,1361
Mark Allen,Sam Craigie,7,1505,1308,0.7491668212476215,0.6206951913643555,644,415,4425,2486,118,63,708,377,332,187,1121,641,140,72,264,151,4,0,0.0,1.0,1361
Ben Woollaston,Alfie Burden,7,1385,1317,0.5920814957526257,0.542397940774351,501,287,3270,1747,618,334,4500,2323,286,147,982,514,191,93,622,312,4,1,0.0,0.8,1361
Mark Williams,Rod Lawler,7,1453,1265,0.7393846765226212,0.6153837563911821,1233,808,9504,5439,770,420,5908,3072,364,204,1354,788,212,99,778,390,4,2,0.0,0.6666666666666666,1361
Michael White,Tom Ford,7,1338,1375,0.44955793756481255,0.4768914745109111,390,224,2682,1429,537,308,3845,2049,280,141,1082,580,263,138,850,454,4,3,0.0,0.5714285714285714,1361
Liang Wenbo,Gary Wilson,7,1436,1349,0.6170981549456108,0.5541616527636486,523,319,3651,2021,344,200,2226,1213,413,234,1276,717,192,101,692,352,4,1,0.0,0.8,1361
Judd Trump,Rory McLeod,7,1644,1267,0.8979493413023324,0.7196043690484492,764,514,5206,3061,518,283,3876,2019,398,247,1762,1084,197,94,635,311,4,1,0.0,0.8,1361
Matthew Stevens,Martin O'Donnell,7,1376,1294,0.6105601107289808,0.551071269307342,886,521,6902,3767,256,123,1571,787,233,130,816,427,175,91,538,284,4,2,0.0,0.6666666666666666,1361
Matthew Selt,Sydney Wilson,7,1374,1101,0.8230423767770356,0.6642964428999887,482,265,3354,1761,162,58,958,419,239,126,1144,648,99,28,447,183,4,1,0.0,0.8,1361
Mark Selby,Peter Lines,7,1599,1293,0.8500614892601291,0.6824383021930648,940,650,6929,4043,724,392,5303,2757,553,346,1615,990,211,111,629,302,4,2,0.0,0.6666666666666666,1361
Neil Robertson,Stuart Carrington,7,1509,1327,0.732748880507422,0.6118273690017371,794,519,5851,3335,270,146,1732,911,262,152,1335,791,214,113,679,343,4,1,0.0,0.8,1361
Jimmy Robertson,Michael Holt,7,1391,1441,0.43199486323846364,0.46879062662624377,406,220,2729,1421,731,432,5393,2884,220,126,896,489,438,243,1208,653,4,1,0.0,0.8,1361
Dechawat Poomjaeng,Robert Milkins,7,1273,1338,0.4119083649163239,0.4594641607262107,225,120,1628,828,757,459,5623,3063,173,84,779,401,280,144,1131,597,4,1,0.0,0.8,1361
Joe Perry,Li Hang,7,1463,1276,0.7382850049697135,0.6147918694922195,940,559,6821,3692,203,102,1460,749,350,194,1342,770,206,104,734,389,4,2,0.0,0.6666666666666666,1361
Ronnie O'Sullivan,Tian Pengfei,7,1612,1322,0.837347307313657,0.6737070994545215,1108,840,9767,5944,325,184,2160,1156,324,198,924,591,168,75,729,397,4,0,0.0,1.0,1361
Fergal O'Brien,Ali Carter,7,1362,1510,0.3064941914991044,0.40854102156721994,816,468,6190,3277,824,498,5885,3246,217,114,867,467,398,228,954,532,4,3,0.0,0.5714285714285714,1361
Shaun Murphy,Mitchell Mann,7,1560,1234,0.8649416467776995,0.6931739493259501,922,607,6811,3896,200,94,1264,612,371,218,1637,984,209,95,501,225,4,3,0.0,0.5714285714285714,1361
Alan McManus,Mark Joyce,7,1440,1306,0.6765921632853334,0.5829754542011996,881,526,7427,3944,399,209,2887,1466,287,149,1005,553,184,88,695,352,4,1,0.0,0.8,1361
Anthony McGill,Thepchaiya Un-Nooh,7,1477,1396,0.6092484254460553,0.5504527113395278,393,241,2580,1434,261,151,1894,1007,350,204,1068,597,279,141,961,522,4,1,0.0,0.8,1361
Kurt Maflin,Leo Fernandez,7,1329,1235,0.6261916833783177,0.5584811124381613,470,272,3157,1703,405,245,3088,1668,251,135,804,413,22,7,160,80,4,1,0.0,0.8,1361
Ding Junhui,Joe Swail,7,1574,1223,0.8819896948101545,0.706303891936407,658,442,4999,2863,790,425,6231,3244,525,309,1253,740,161,77,737,375,4,3,0.0,0.5714285714285714,1361
John Higgins,Sam Baird,7,1572,1391,0.7316341543771714,0.6112334666758695,1299,921,10476,6196,291,156,2028,1052,494,303,1553,923,292,153,771,401,4,0,0.0,1.0,1361
Barry Hawkins,Robbie Williams,7,1523,1316,0.7597891374076362,0.6265629971237182,819,508,5895,3278,312,171,2014,1035,360,214,1260,710,219,109,738,370,4,3,0.0,0.5714285714285714,1361
Anthony Hamilton,Allan Taylor,7,1350,1151,0.7513122476997512,0.6218716423074662,777,452,6059,3243,249,117,1473,725,271,148,665,336,131,47,452,181,4,2,0.0,0.6666666666666666,1361
Martin Gould,Jack Lisowski,7,1451,1342,0.6454220086166967,0.5677065480733601,578,349,3890,2130,343,202,2250,1218,253,133,943,538,224,121,723,376,4,3,0.0,0.5714285714285714,1361
Michael Georgiou,Peter Ebdon,7,1280,1331,0.43064928112217615,0.4681681105837757,170,80,1042,512,1016,583,8021,4306,207,107,577,290,210,105,1003,543,4,2,0.0,0.6666666666666666,1361
Marco Fu,Daniel Wells,7,1522,1270,0.8042377114883456,0.6524894621927444,800,478,5960,3256,303,149,2033,1009,393,236,1376,780,183,90,608,302,4,1,0.0,0.8,1361
Graeme Dott,Ross Muir,7,1321,1207,0.651748409886971,0.5707716118944918,772,453,5989,3208,115,43,767,343,239,118,1039,576,161,76,550,242,4,3,0.0,0.5714285714285714,1361
Ken Doherty,David Gilbert,7,1248,1446,0.2497591645033793,0.37871640480893215,1073,655,8826,4851,492,281,3635,1949,152,69,703,349,348,199,1038,571,4,3,0.0,0.5714285714285714,1361
Yu Delu,Ricky Walden,7,1228,1492,0.1848635658405572,0.34073961154861454,229,116,1598,807,715,444,5160,2880,174,75,605,293,406,229,1275,734,4,3,0.0,0.5714285714285714,1361
Ryan Day,Mike Dunn,7,1423,1280,0.6875128007198821,0.5884351201276382,808,490,5675,3134,655,350,4854,2505,359,204,1414,792,216,105,775,408,4,3,0.0,0.5714285714285714,1361
Mark Davis,James Cahill,7,1431,1160,0.8213053995393751,0.6631804950993565,978,591,7041,3851,122,40,799,335,296,168,1310,737,133,57,492,213,4,1,0.0,0.8,1361
Luca Brecel,Mark King,7,1367,1437,0.40526420278841835,0.4563613127629212,250,134,1732,910,857,480,6330,3326,292,159,872,477,308,174,1005,544,4,3,0.0,0.5714285714285714,1361
Mark Allen,Robin Hull,7,1505,1357,0.6935058085008956,0.5914589784327801,644,415,4425,2486,484,291,3727,2050,332,187,1121,641,185,97,550,287,4,3,0.0,0.5714285714285714,1361
Ben Woollaston,Anthony Hamilton,7,1385,1350,0.5477297445502348,0.5218610539716015,501,287,3270,1747,777,452,6059,3243,286,147,982,514,271,148,665,336,4,3,0.0,0.5714285714285714,1361
Mark Williams,Kurt Maflin,7,1453,1329,0.6642657784879786,0.5768852611320463,1233,808,9504,5439,470,272,3157,1703,364,204,1354,788,251,135,804,413,4,2,0.0,0.6666666666666666,1361
Michael White,Liang Wenbo,7,1338,1436,0.36864499282379254,0.43905454967528373,390,224,2682,1429,523,319,3651,2021,280,141,1082,580,413,234,1276,717,4,1,0.0,0.8,1361
Judd Trump,Alan McManus,7,1644,1440,0.756630061657872,0.6248064744684293,764,514,5206,3061,881,526,7427,3944,398,247,1762,1084,287,149,1005,553,4,2,0.0,0.6666666666666666,1361
Mark Selby,Fergal O'Brien,7,1599,1362,0.7900435532881105,0.643938555965633,940,650,6929,4043,816,468,6190,3277,553,346,1615,990,217,114,867,467,4,2,0.0,0.6666666666666666,1361
Neil Robertson,Anthony McGill,7,1509,1477,0.5436568604546561,0.5199893401555818,794,519,5851,3335,393,241,2580,1434,262,152,1335,791,350,204,1068,597,4,2,0.0,0.6666666666666666,1361
Joe Perry,Ken Doherty,7,1463,1248,0.7680961089120268,0.6312306626164005,940,559,6821,3692,1073,655,8826,4851,350,194,1342,770,152,69,703,349,4,2,0.0,0.6666666666666666,1361
Ronnie O'Sullivan,Jimmy Robertson,7,1612,1391,0.774213209168811,0.6347154153791584,1108,840,9767,5944,406,220,2729,1421,324,198,924,591,220,126,896,489,4,0,0.0,1.0,1361
Ding Junhui,Matthew Selt,7,1574,1374,0.7523810515908644,0.6224593312018546,658,442,4999,2863,482,265,3354,1761,525,309,1253,740,239,126,1144,648,4,3,0.0,0.5714285714285714,1361
John Higgins,Michael Georgiou,7,1572,1280,0.8389762354745806,0.6748052725823135,1299,921,10476,6196,170,80,1042,512,494,303,1553,923,207,107,577,290,4,1,0.0,0.8,1361
Barry Hawkins,Mark Davis,7,1523,1431,0.6236008848905433,0.5572478545985555,819,508,5895,3278,978,591,7041,3851,360,214,1260,710,296,168,1310,737,4,2,0.0,0.6666666666666666,1361
Martin Gould,Matthew Stevens,7,1451,1376,0.6013510291923431,0.5467381519846138,578,349,3890,2130,886,521,6902,3767,253,133,943,538,233,130,816,427,4,3,0.0,0.5714285714285714,1361
Marco Fu,Graeme Dott,7,1522,1321,0.7534472409879828,0.6230466603666162,800,478,5960,3256,772,453,5989,3208,393,236,1376,780,239,118,1039,576,4,2,0.0,0.6666666666666666,1361
Yu Delu,Dechawat Poomjaeng,7,1228,1273,0.4387350506415305,0.4719046255916129,229,116,1598,807,225,120,1628,828,174,75,605,293,173,84,779,401,4,3,0.0,0.5714285714285714,1361
Luca Brecel,Shaun Murphy,7,1367,1560,0.25515512793785655,0.38166196066971714,250,134,1732,910,922,607,6811,3896,292,159,872,477,371,218,1637,984,4,2,0.0,0.6666666666666666,1361
Mark Allen,Ryan Day,7,1505,1423,0.6105601107289808,0.551071269307342,644,415,4425,2486,808,490,5675,3134,332,187,1121,641,359,204,1414,792,4,1,0.0,0.8,1361
Ben Woollaston,Martin Gould,7,1385,1451,0.4105773109788817,0.45884333184977194,501,287,3270,1747,578,349,3890,2130,286,147,982,514,253,133,943,538,4,1,0.0,0.8,1361
Michael White,John Higgins,7,1338,1572,0.2128707585790301,0.3577829070425624,390,224,2682,1429,1299,921,10476,6196,280,141,1082,580,494,303,1553,923,4,1,0.0,0.8,1361
Mark Selby,Mark Williams,7,1599,1453,0.691115079332653,0.5902502519301834,940,650,6929,4043,1233,808,9504,5439,553,346,1615,990,364,204,1354,788,4,2,0.0,0.6666666666666666,1361
Neil Robertson,Marco Fu,7,1509,1522,0.48223281808358937,0.4918757150937391,794,519,5851,3335,800,478,5960,3256,262,152,1335,791,393,236,1376,780,4,2,0.0,0.6666666666666666,1361
Joe Perry,Judd Trump,7,1463,1644,0.2683658456228286,0.3887665333241305,940,559,6821,3692,764,514,5206,3061,350,194,1342,770,398,247,1762,1084,4,3,0.0,0.5714285714285714,1361
Ronnie O'Sullivan,Yu Delu,7,1612,1228,0.9019481605921685,0.7231218051243898,1108,840,9767,5944,229,116,1598,807,324,198,924,591,174,75,605,293,4,1,0.0,0.8,1361
Ding Junhui,Luca Brecel,7,1574,1367,0.7597891374076362,0.6265629971237182,658,442,4999,2863,250,134,1732,910,525,309,1253,740,292,159,872,477,4,2,0.0,0.6666666666666666,1361
Mark Allen,Barry Hawkins,7,1505,1523,0.47540722540195457,0.4887518980531451,644,415,4425,2486,819,508,5895,3278,332,187,1121,641,360,214,1260,710,4,3,0.0,0.5714285714285714,1361
Neil Robertson,Ding Junhui,9,1509,1574,0.4011128900397446,0.4594641607262107,794,519,5851,3335,658,442,4999,2863,262,152,1335,791,525,309,1253,740,5,2,0.0,0.7142857142857143,1361
Joe Perry,Ben Woollaston,9,1463,1385,0.6180984609900165,0.5485961085831343,940,559,6821,3692,501,287,3270,1747,350,194,1342,770,286,147,982,514,5,1,0.0,0.8333333333333334,1361
Ronnie O'Sullivan,Mark Selby,9,1612,1599,0.5199863209697588,0.5081242849062608,1108,840,9767,5944,940,650,6929,4043,324,198,924,591,553,346,1615,990,5,1,0.0,0.8333333333333334,1361
Mark Allen,Michael White,9,1505,1338,0.7394330371891276,0.6028848673274662,644,415,4425,2486,390,224,2682,1429,332,187,1121,641,280,141,1082,580,5,0,0.0,1.0,1361
Neil Robertson,Mark Allen,11,1509,1505,0.5067672397621659,0.5024999791668749,794,519,5851,3335,644,415,4425,2486,262,152,1335,791,332,187,1121,641,6,4,0.0,0.6,1361
Ronnie O'Sullivan,Joe Perry,11,1612,1463,0.7356946757540417,0.5920629281648192,1108,840,9767,5944,940,559,6821,3692,324,198,924,591,350,194,1342,770,6,3,0.0,0.6666666666666666,1361
Ronnie O'Sullivan,Neil Robertson,17,1612,1509,0.7047041458585738,0.5640216374262577,1108,840,9767,5944,794,519,5851,3335,324,198,924,591,262,152,1335,791,9,5,0.0,0.6428571428571429,1361
Zhou Yuelong,Michael Georgiou,1,1339,1302,0.523108525489089,0.523108525489089,119,64,821,428,173,82,1057,521,254,132,657,349,222,116,592,299,1,0,0.0,1.0,1357
Ben Woollaston,Graeme Dott,1,1410,1323,0.5541616527636486,0.5541616527636486,506,291,3297,1764,775,455,6007,3218,313,164,1009,531,257,128,1057,586,1,0,0.0,1.0,1357
Kyren Wilson,Li Hang,1,1444,1286,0.5974857658270161,0.5974857658270161,334,206,2187,1207,205,103,1470,755,358,202,940,523,216,110,744,395,1,0,0.0,1.0,1357
Gary Wilson,Mark Davis,1,1349,1435,0.4464560968488817,0.4464560968488817,346,201,2236,1218,981,593,7058,3861,202,106,702,357,313,178,1327,747,1,0,0.0,1.0,1357
Mark Williams,Rory McLeod,1,1451,1266,0.6136070778047783,0.6136070778047783,1237,811,9529,5453,520,284,3888,2024,389,218,1379,802,209,99,647,316,1,0,0.0,1.0,1357
Michael White,Mark King,1,1361,1443,0.448928730692658,0.448928730692658,395,228,2710,1445,859,481,6341,3333,308,157,1110,596,319,181,1016,551,1,0,0.0,1.0,1357
Thepchaiya Un-Nooh,Anthony Hamilton,1,1388,1366,0.513746534902355,0.513746534902355,263,152,1905,1012,780,454,6077,3254,290,146,972,527,289,159,683,347,1,0,0.0,1.0,1357
Judd Trump,Gerard Greene,1,1646,1257,0.7256175202732952,0.7256175202732952,768,517,5228,3076,664,361,4983,2613,420,262,1784,1099,120,60,532,266,1,0,0.0,1.0,1357
Joe Swail,Tian Pengfei,1,1240,1315,0.45326184801538616,0.45326184801538616,792,426,6243,3251,327,185,2170,1160,173,84,749,382,178,79,739,401,1,0,0.0,1.0,1357
Jimmy Robertson,David Grace,1,1388,1285,0.5640216374262577,0.5640216374262577,409,222,2745,1429,278,128,1845,892,236,134,912,497,199,101,589,275,1,0,0.0,1.0,1357
Joe Perry,Cao Yupeng,1,1497,1231,0.660382673079216,0.660382673079216,946,564,6859,3716,200,98,1441,719,388,218,1380,794,147,64,526,254,1,0,0.0,1.0,1357
Shaun Murphy,Dominic Dale,1,1539,1365,0.6070669880717036,0.6070669880717036,925,609,6829,3906,852,493,6169,3296,389,228,1655,994,357,193,1168,639,1,0,0.0,1.0,1357
David Morris,Alan McManus,1,1271,1443,0.3941263315682394,0.3941263315682394,244,125,1806,910,884,528,7445,3954,56,25,389,185,305,159,1023,563,1,0,0.0,1.0,1357
Robert Milkins,Marco Fu,1,1325,1531,0.37402214223339625,0.37402214223339625,759,460,5635,3068,804,481,5981,3270,292,149,1143,602,414,250,1397,794,1,0,0.0,1.0,1357
Anthony McGill,Liang Wenbo,1,1481,1438,0.5268491486891144,0.5268491486891144,396,243,2598,1444,526,321,3665,2030,368,214,1086,607,427,243,1290,726,1,0,0.0,1.0,1357
Jack Lisowski,Sam Baird,1,1345,1380,0.47813894602839846,0.47813894602839846,345,203,2263,1225,293,157,2038,1056,237,128,736,383,302,157,781,405,1,0,0.0,1.0,1357
Peter Lines,Kurt Maflin,1,1302,1333,0.4806346917700681,0.4806346917700681,726,393,5315,2763,473,274,3175,1713,223,117,641,308,269,145,822,423,1,0,0.0,1.0,1357
Rod Lawler,Dechawat Poomjaeng,1,1262,1292,0.4812587841214648,0.4812587841214648,772,421,5921,3078,228,122,1645,839,225,105,791,396,190,95,796,412,1,0,0.0,1.0,1357
Robin Hull,Craig Steadman,1,1363,1270,0.5578645727207344,0.5578645727207344,486,292,3740,2057,392,216,2599,1373,198,104,563,294,197,97,740,378,1,0,0.0,1.0,1357
Andrew Higginson,John Higgins,1,1360,1581,0.3652845846208415,0.3652845846208415,659,395,4683,2574,1303,924,10494,6209,258,139,821,441,512,316,1571,936,1,0,0.0,1.0,1357
Xiao Guodong,Matthew Selt,1,1364,1395,0.4806346917700681,0.4806346917700681,368,214,2462,1355,485,267,3370,1772,235,126,827,462,255,137,1160,659,1,0,0.0,1.0,1357
Martin Gould,Jamie Jones,1,1449,1358,0.5566309599222533,0.5566309599222533,582,352,3914,2143,445,269,2950,1607,277,146,967,551,228,122,865,470,1,0,0.0,1.0,1357
David Gilbert,Mark Joyce,1,1445,1310,0.5835831155172753,0.5835831155172753,494,282,3646,1956,401,210,2896,1471,359,206,1049,578,193,93,704,357,1,0,0.0,1.0,1357
Tom Ford,Ken Doherty,1,1375,1270,0.5652507475670999,0.5652507475670999,539,309,3857,2056,1076,657,8843,4861,275,145,862,461,169,79,720,359,1,0,0.0,1.0,1357
Peter Ebdon,Barry Hawkins,1,1339,1522,0.38757906065208403,0.38757906065208403,1018,584,8031,4312,823,511,5921,3293,220,111,1013,549,386,229,1286,725,1,0,0.0,1.0,1357
Ryan Day,Michael Holt,1,1421,1419,0.5012499973958399,0.5012499973958399,811,492,5691,3143,733,433,5405,2889,375,213,1430,801,450,248,1220,658,1,0,0.0,1.0,1357
Ali Carter,Liam Highfield,1,1506,1396,0.5683199834782481,0.5683199834782481,826,499,5897,3253,300,163,2050,1084,410,235,966,539,224,118,667,359,1,0,0.0,1.0,1357
Stuart Carrington,Matthew Stevens,1,1332,1386,0.4663011645670992,0.4663011645670992,272,147,1741,916,889,523,6921,3778,223,118,688,348,252,141,835,438,1,0,0.0,1.0,1357
Ian Burns,Oliver Lines,1,1248,1261,0.4918757150937391,0.4918757150937391,282,148,1787,918,154,82,960,496,196,93,625,297,193,91,633,316,1,0,0.0,1.0,1357
Luca Brecel,Mike Dunn,1,1384,1285,0.5615610703361955,0.5615610703361955,254,137,1758,924,657,351,4868,2512,318,173,898,491,230,112,789,415,1,0,0.0,1.0,1357
Stuart Bingham,Ricky Walden,1,1528,1473,0.5343209436693046,0.5343209436693046,977,620,7169,4085,717,445,5174,2887,501,301,1673,987,420,236,1289,741,1,0,0.0,1.0,1357
Mark Allen,Yu Delu,1,1538,1245,0.6753536404444148,0.6753536404444148,650,420,4463,2511,233,119,1624,820,370,212,1159,666,200,88,631,306,1,0,0.0,1.0,1357
Zhou Yuelong,Shaun Murphy,1,1339,1539,0.3775406687981454,0.3775406687981454,119,64,821,428,925,609,6829,3906,254,132,657,349,389,228,1655,994,1,0,0.0,1.0,1357
Ben Woollaston,Michael White,1,1410,1361,0.530586760182081,0.530586760182081,506,291,3297,1764,395,228,2710,1445,313,164,1009,531,308,157,1110,596,1,0,0.0,1.0,1357
Gary Wilson,Stuart Carrington,1,1349,1332,0.5106234010049637,0.5106234010049637,346,201,2236,1218,272,147,1741,916,202,106,702,357,223,118,688,348,1,0,0.0,1.0,1357
Mark Williams,David Gilbert,1,1451,1445,0.5037499296890819,0.5037499296890819,1237,811,9529,5453,494,282,3646,1956,389,218,1379,802,359,206,1049,578,1,0,0.0,1.0,1357
Joe Swail,Anthony McGill,1,1240,1481,0.3537719416690997,0.3537719416690997,792,426,6243,3251,396,243,2598,1444,173,84,749,382,368,214,1086,607,1,0,0.0,1.0,1357
Joe Perry,Tom Ford,1,1497,1375,0.5756643510425494,0.5756643510425494,946,564,6859,3716,539,309,3857,2056,388,218,1380,794,275,145,862,461,1,0,0.0,1.0,1357
David Morris,Peter Ebdon,1,1271,1339,0.45760205922564895,0.45760205922564895,244,125,1806,910,1018,584,8031,4312,56,25,389,185,220,111,1013,549,1,0,0.0,1.0,1357
Robert Milkins,Mark Allen,1,1325,1538,0.36993399171498176,0.36993399171498176,759,460,5635,3068,650,420,4463,2511,292,149,1143,602,370,212,1159,666,1,0,0.0,1.0,1357
Jack Lisowski,Jimmy Robertson,1,1345,1388,0.4731508513108857,0.4731508513108857,345,203,2263,1225,409,222,2745,1429,237,128,736,383,236,134,912,497,1,0,0.0,1.0,1357
Rod Lawler,Stuart Bingham,1,1262,1528,0.3396173269207839,0.3396173269207839,772,421,5921,3078,977,620,7169,4085,225,105,791,396,501,301,1673,987,1,0,0.0,1.0,1357
Robin Hull,Judd Trump,1,1363,1646,0.33015148394297633,0.33015148394297633,486,292,3740,2057,768,517,5228,3076,198,104,563,294,420,262,1784,1099,1,0,0.0,1.0,1357
Andrew Higginson,Martin Gould,1,1360,1449,0.44460335167941084,0.44460335167941084,659,395,4683,2574,582,352,3914,2143,258,139,821,441,277,146,967,551,1,0,0.0,1.0,1357
Ryan Day,Kyren Wilson,1,1421,1444,0.4856289593029398,0.4856289593029398,811,492,5691,3143,334,206,2187,1207,375,213,1430,801,358,202,940,523,1,0,0.0,1.0,1357
Ali Carter,Peter Lines,1,1506,1302,0.6248064744684293,0.6248064744684293,826,499,5897,3253,726,393,5315,2763,410,235,966,539,223,117,641,308,1,0,0.0,1.0,1357
Ian Burns,Thepchaiya Un-Nooh,1,1248,1388,0.41338242108267,0.41338242108267,282,148,1787,918,263,152,1905,1012,196,93,625,297,290,146,972,527,1,0,0.0,1.0,1357
Luca Brecel,Xiao Guodong,1,1384,1364,0.5124973964842103,0.5124973964842103,254,137,1758,924,368,214,2462,1355,318,173,898,491,235,126,827,462,1,0,0.0,1.0,1357
Mark Williams,Joe Perry,1,1451,1497,0.4712816430485603,0.4712816430485603,1237,811,9529,5453,946,564,6859,3716,389,218,1379,802,388,218,1380,794,1,0,0.0,1.0,1357
Joe Swail,Gary Wilson,1,1240,1349,0.43229345192664,0.43229345192664,792,426,6243,3251,346,201,2236,1218,173,84,749,382,202,106,702,357,1,0,0.0,1.0,1357
Robert Milkins,David Morris,1,1325,1271,0.5336988354329009,0.5336988354329009,759,460,5635,3068,244,125,1806,910,292,149,1143,602,56,25,389,185,1,0,0.0,1.0,1357
Rod Lawler,Ali Carter,1,1262,1506,0.35205919791934975,0.35205919791934975,772,421,5921,3078,826,499,5897,3253,225,105,791,396,410,235,966,539,1,0,0.0,1.0,1357
Robin Hull,Ian Burns,1,1363,1248,0.5713839816769324,0.5713839816769324,486,292,3740,2057,282,148,1787,918,198,104,563,294,196,93,625,297,1,0,0.0,1.0,1357
Andrew Higginson,Jack Lisowski,1,1360,1345,0.5093739015216607,0.5093739015216607,659,395,4683,2574,345,203,2263,1225,258,139,821,441,237,128,736,383,1,0,0.0,1.0,1357
Ryan Day,Zhou Yuelong,1,1421,1339,0.551071269307342,0.551071269307342,811,492,5691,3143,119,64,821,428,375,213,1430,801,254,132,657,349,1,0,0.0,1.0,1357
Luca Brecel,Ben Woollaston,1,1384,1410,0.48375571893792757,0.48375571893792757,254,137,1758,924,506,291,3297,1764,318,173,898,491,313,164,1009,531,1,0,0.0,1.0,1357
Mark Williams,Andrew Higginson,1,1451,1360,0.5566309599222533,0.5566309599222533,1237,811,9529,5453,659,395,4683,2574,389,218,1379,802,258,139,821,441,1,0,0.0,1.0,1357
Joe Swail,Robert Milkins,1,1240,1325,0.4470740118670941,0.4470740118670941,792,426,6243,3251,759,460,5635,3068,173,84,749,382,292,149,1143,602,1,0,0.0,1.0,1357
Robin Hull,Ryan Day,1,1363,1421,0.4638133797682053,0.4638133797682053,486,292,3740,2057,811,492,5691,3143,198,104,563,294,375,213,1430,801,1,0,0.0,1.0,1357
Luca Brecel,Rod Lawler,1,1384,1262,0.5756643510425494,0.5756643510425494,254,137,1758,924,772,421,5921,3078,318,173,898,491,225,105,791,396,1,0,0.0,1.0,1357
Robin Hull,Mark Williams,1,1363,1451,0.4452207648927852,0.4452207648927852,486,292,3740,2057,1237,811,9529,5453,198,104,563,294,389,218,1379,802,1,0,0.0,1.0,1357
Luca Brecel,Joe Swail,1,1384,1240,0.5890404340586651,0.5890404340586651,254,137,1758,924,792,426,6243,3251,318,173,898,491,173,84,749,382,1,0,0.0,1.0,1357
Robin Hull,Luca Brecel,1,1363,1384,0.4868780138177567,0.4868780138177567,486,292,3740,2057,254,137,1758,924,198,104,563,294,318,173,898,491,1,0,0.0,1.0,1357
Zhou Yuelong,Zhang Yong,9,1344,1109,0.8158857377686465,0.6427913242407762,122,66,824,430,53,19,330,135,257,134,660,351,135,51,272,110,5,1,0.0,0.8333333333333334,1348
Zhao Xintong,Cao Yupeng,9,1301,1228,0.6107426198208319,0.5454987872127821,96,52,640,346,201,98,1442,719,191,93,465,247,148,64,527,254,5,3,0.0,0.625,1348
Ben Woollaston,Sam Craigie,9,1414,1296,0.675135607304274,0.5732197726798348,509,293,3300,1766,119,63,712,377,316,166,1012,533,144,72,268,151,5,2,0.0,0.7142857142857143,1348
Kyren Wilson,Jake Nicholson,9,1443,966,0.9632589719644733,0.7671878890411421,336,207,2189,1208,78,24,417,166,360,203,942,524,45,19,195,88,5,0,0.0,1.0,1348
Robbie Williams,Noppon Saengkham,9,1319,1294,0.5383896612204689,0.5156199157230156,314,172,2028,1042,160,69,1153,534,233,116,752,377,232,115,742,355,5,1,0.0,0.8333333333333334,1348
Mark Williams,Thanawat Thirapongpaiboon,9,1462,1216,0.8267252595018073,0.6490805242445733,1242,815,9534,5457,166,74,1161,551,394,222,1384,806,0,0,258,108,5,1,0.0,0.8333333333333334,1348
Michael White,Sanderson Lam,9,1361,1140,0.8014626063427572,0.6347154153791584,397,229,2712,1446,108,45,645,292,310,158,1112,597,126,50,422,192,5,2,0.0,0.7142857142857143,1348
Liang Wenbo,Eden Sharav,9,1434,1164,0.8488646678121341,0.6626218371700825,527,321,3666,2030,103,52,611,296,428,243,1291,726,127,51,470,222,5,4,0.0,0.5555555555555556,1348
Judd Trump,Peter Lines,9,1643,1303,0.9018847190305681,0.7005671424739729,770,518,5230,3077,728,394,5317,2764,422,263,1786,1100,225,118,643,309,5,1,0.0,0.8333333333333334,1348
Joe Swail,Allan Taylor,9,1255,1164,0.6370088546286576,0.5566309599222533,797,430,6248,3255,251,118,1484,731,178,88,754,386,142,53,463,187,5,2,0.0,0.7142857142857143,1348
Zak Surety,Jamie Burnett,9,1150,1277,0.3125478541883953,0.421285137539866,116,52,690,326,622,361,4925,2618,136,66,393,176,47,20,494,262,5,3,0.0,0.625,1348
Matthew Stevens,Itaro Santos,9,1382,884,0.9688641700658461,0.7764331373333982,890,523,6922,3778,81,22,457,169,253,141,836,438,52,7,73,12,5,1,0.0,0.8333333333333334,1348
Jimmy Robertson,Jason Weston,9,1387,1065,0.889841863716281,0.6910430124157229,411,223,2747,1430,301,160,2313,1197,238,135,914,498,90,21,226,84,5,4,0.0,0.5555555555555556,1348
Dechawat Poomjaeng,Tony Drago,9,1288,1154,0.6968827791173715,0.5829754542011996,229,122,1646,839,722,355,5914,2920,191,95,797,412,55,27,282,116,5,3,0.0,0.625,1348
Joe Perry,Chris Melling,9,1499,1105,0.9319738736042507,0.7280991982662492,949,566,6862,3718,170,91,1159,592,391,220,1383,796,51,19,302,127,5,2,0.0,0.7142857142857143,1348
Tian Pengfei,Lyu Chenwei,9,1311,1114,0.7751238468246431,0.6206951913643555,328,185,2171,1160,62,21,384,162,179,79,740,401,97,48,306,124,5,0,0.0,1.0,1348
Ronnie O'Sullivan,Hamza Akbar,9,1668,1058,0.9878804567559337,0.8212735763411496,1115,847,9814,5980,19,3,141,50,371,234,971,627,112,41,141,50,5,1,0.0,0.8333333333333334,1348
Martin O'Donnell,David Gilbert,9,1298,1444,0.2872693867047188,0.40974974806981657,258,124,1584,793,496,283,3648,1957,188,97,551,290,361,207,1051,579,5,4,0.0,0.5555555555555556,1348
Fergal O'Brien,Hossein Vafaei,9,1372,1236,0.699552494810083,0.5841905229354074,819,470,6210,3287,52,27,404,200,237,124,887,477,127,61,293,147,5,4,0.0,0.5555555555555556,1348
Lu Ning,Oliver Lines,9,1104,1257,0.27821884530484675,0.4055240692517599,65,21,452,191,155,82,961,496,25,6,279,115,194,91,634,316,5,1,0.0,0.8333333333333334,1348
Shaun Murphy,Michael Wasley,9,1537,1215,0.889841863716281,0.6910430124157229,927,610,6831,3907,249,120,1600,776,391,229,1657,995,35,12,481,220,5,3,0.0,0.625,1348
Ross Muir,Mark Davis,9,1207,1431,0.19538781670715336,0.36354745971843366,116,43,774,346,982,593,7059,3861,168,79,557,245,314,178,1328,747,5,4,0.0,0.5555555555555556,1348
David Morris,Sam Baird,9,1276,1376,0.3500987786078318,0.43782349911420193,247,127,1809,912,294,157,2039,1056,59,27,392,187,303,157,782,405,5,3,0.0,0.625,1348
Alan McManus,James Wattana,9,1438,1194,0.8247868019279315,0.6479408020806503,885,528,7446,3954,780,429,6595,3473,306,159,1024,563,193,91,456,197,5,0,0.0,1.0,1348
Rory McLeod,Vinnie Calabrese,9,1263,1044,0.7993451143318644,0.633555377636775,521,284,3889,2024,105,40,663,285,210,99,648,316,16,3,235,82,5,3,0.0,0.625,1348
Anthony McGill,Michael Wild,9,1480,1168,0.8826868496118285,0.6856801139382539,398,244,2600,1445,292,156,1784,948,370,215,1088,608,126,47,182,70,5,3,0.0,0.625,1348
Stephen Maguire,Chris Wakelin,9,1462,1285,0.7516609934098428,0.6088545692109504,837,554,6154,3500,131,67,886,446,350,205,1287,745,220,107,674,337,5,1,0.0,0.8333333333333334,1348
Kurt Maflin,Jamie Barrett,9,1329,1105,0.8046121832928468,0.6364525402815664,474,274,3176,1713,53,24,313,151,270,145,823,423,108,48,166,77,5,0,0.0,1.0,1348
Jack Lisowski,Thor Chuan Leong,9,1349,1142,0.786343333554673,0.6265629971237182,348,205,2266,1227,53,16,352,141,240,130,739,385,154,63,352,141,5,0,0.0,1.0,1348
Rod Lawler,Craig Steadman,9,1273,1266,0.5107652278675607,0.5043748883497735,776,424,5925,3081,393,216,2600,1373,229,108,795,399,198,97,741,378,5,4,0.0,0.5555555555555556,1348
Mark King,Jimmy White,9,1439,1241,0.7762613643327039,0.6212835951910678,860,481,6342,3333,1388,778,11957,6296,320,181,1017,551,141,66,531,245,5,0,0.0,1.0,1348
Ding Junhui,Gareth Allen,9,1556,1144,0.9401618894515045,0.7369158958334202,663,446,5031,2881,152,70,871,416,557,327,1285,758,128,44,426,197,5,2,0.0,0.7142857142857143,1348
Mark Joyce,Alex Taubman,9,1307,1083,0.8046121832928468,0.6364525402815664,402,210,2897,1471,148,65,815,370,194,93,705,357,71,32,278,136,5,3,0.0,0.625,1348
Jamie Jones,Adam Duffy,9,1354,1344,0.5153768549440177,0.5062496744995104,446,269,2951,1607,304,159,1926,1000,229,122,866,470,225,121,709,382,5,3,0.0,0.625,1348
Robin Hull,Paul Davison,9,1387,1179,0.7874461495888876,0.6271477663131956,492,298,3746,2063,627,330,4432,2259,204,110,569,300,154,59,573,272,5,2,0.0,0.7142857142857143,1348
Ashley Hugill,Neil Robertson,9,1159,1540,0.07448670551534017,0.2783823298153413,71,35,392,193,801,525,5906,3367,160,78,370,183,317,184,1390,823,5,1,0.0,0.8333333333333334,1348
Michael Holt,Sean O'Sullivan,9,1415,1225,0.7670653449627305,0.6165665045213193,734,433,5406,2889,166,72,1045,494,451,248,1221,658,147,65,572,287,5,0,0.0,1.0,1348
Andrew Higginson,Joe O'Connor,9,1369,1089,0.8574804739607897,0.6681877721681662,663,398,4687,2577,74,34,448,211,262,142,825,444,51,21,376,173,5,4,0.0,0.5555555555555556,1348
John Higgins,Ian Glover,9,1576,1131,0.9530653579262477,0.7525948948809733,1304,924,10495,6209,176,71,1084,508,513,316,1572,936,62,27,315,127,5,1,0.0,0.8333333333333334,1348
Andy Hicks,Dominic Dale,9,1219,1362,0.2911925553363697,0.4115648798723618,590,317,4796,2483,853,493,6170,3296,149,71,225,111,358,193,1169,639,5,4,0.0,0.5555555555555556,1348
Barry Hawkins,Luke Simmonds,9,1517,1202,0.8848687737794817,0.6872942801972042,824,511,5922,3293,105,57,736,380,387,229,1287,725,19,5,84,40,5,2,0.0,0.7142857142857143,1348
Li Hang,Hatem Yassen,9,1283,924,0.9134704714809997,0.7104354810428751,206,103,1471,755,11,0,65,8,217,110,745,395,45,4,65,8,5,0,0.0,1.0,1348
Anthony Hamilton,Darryl Hill,9,1362,996,0.9174580686186703,0.7140222267773016,781,454,6078,3254,54,15,353,134,290,159,684,347,96,24,257,89,5,2,0.0,0.7142857142857143,1348
Steven Hallworth,Thepchaiya Un-Nooh,9,1143,1387,0.17521319807206864,0.35205919791934975,74,24,469,200,265,153,1907,1013,138,63,364,148,292,147,974,528,5,4,0.0,0.5555555555555556,1348
Xiao Guodong,Lee Walker,9,1364,1264,0.6499012213921682,0.5621765008857981,370,215,2464,1356,419,233,3261,1687,237,127,829,463,177,81,490,234,5,3,0.0,0.625,1348
Martin Gould,Joel Walker,9,1449,1172,0.8549331199994852,0.6665228332551123,584,353,3916,2144,155,69,997,468,279,147,969,552,50,18,438,201,5,1,0.0,0.8333333333333334,1348
Marco Fu,Hammad Miah,9,1526,1185,0.9025228904452295,0.7010913114266953,805,481,5982,3270,103,40,676,297,415,250,1398,794,175,79,501,219,5,4,0.0,0.5555555555555556,1348
Peter Ebdon,Mitchell Mann,9,1340,1251,0.6341209376700583,0.5553966483205892,1020,585,8033,4313,202,95,1277,619,222,112,1015,550,222,102,514,232,5,1,0.0,0.8333333333333334,1348
Mike Dunn,Sydney Wilson,9,1281,1106,0.7492413698670223,0.6076631698328917,658,351,4869,2512,164,59,970,424,231,112,790,415,111,33,459,188,5,4,0.0,0.5555555555555556,1348
Ken Doherty,Michael Georgiou,9,1267,1298,0.45243837566637274,0.4806346917700681,1077,657,8844,4861,174,82,1058,521,170,79,721,359,223,116,593,299,5,4,0.0,0.5555555555555556,1348
Yu Delu,Liam Highfield,9,1242,1393,0.28078975550250823,0.4067300078928128,234,119,1625,820,301,163,2051,1084,201,88,632,306,225,118,668,359,5,4,0.0,0.5555555555555556,1348
Ryan Day,Scott Donaldson,9,1429,1290,0.7035360054960305,0.5860112044388707,815,495,5695,3146,183,92,1215,595,379,216,1434,804,225,112,672,321,5,2,0.0,0.7142857142857143,1348
Rhys Clark,David Grace,9,1222,1282,0.40857228932346973,0.46257015465625045,95,44,578,271,279,128,1846,892,176,77,401,182,200,101,590,275,5,4,0.0,0.5555555555555556,1348
Ali Carter,Barry Pinches,9,1507,1226,0.8583224919882384,0.668741821102192,829,501,5900,3255,716,369,5606,2904,413,237,969,541,88,47,498,235,5,3,0.0,0.625,1348
Stuart Carrington,Jamie Cope,9,1332,1234,0.6470512524887283,0.5609454503247162,274,148,1743,917,535,285,3635,1847,225,119,690,349,136,56,620,306,5,4,0.0,0.5555555555555556,1348
Ian Burns,Aditya Mehta,9,1254,1261,0.4892347721324395,0.4956251116502266,285,150,1790,920,253,125,1737,861,199,95,628,299,80,34,517,257,5,1,0.0,0.8333333333333334,1348
Alfie Burden,Ricky Walden,9,1313,1469,0.2743852272088807,0.40371730070321216,620,335,4512,2328,718,445,5175,2887,203,98,634,317,421,236,1290,741,5,3,0.0,0.625,1348
Luca Brecel,James Cahill,9,1398,1171,0.8077296924469662,0.6381861133090055,260,142,1764,929,124,41,809,340,324,178,904,496,143,62,502,218,5,2,0.0,0.7142857142857143,1348
Nigel Bond,Gerard Greene,9,1260,1255,0.5076899290397746,0.5031249593105316,819,453,6525,3436,665,361,4984,2613,174,77,554,260,121,60,533,266,5,1,0.0,0.8333333333333334,1348
Stuart Bingham,Daniel Wells,9,1527,1275,0.8324542539152648,0.6524894621927444,979,621,7171,4086,305,150,2044,1014,503,302,1675,988,194,95,619,307,5,1,0.0,0.8333333333333334,1348
Zhang Anda,Robert Milkins,9,1351,1335,0.5245929792443278,0.5099986668799655,262,131,1831,918,763,463,5639,3071,236,127,700,361,296,152,1147,605,5,4,0.0,0.5555555555555556,1348
Mark Allen,Duane Jones,9,1536,1235,0.8744235083193087,0.6797231924722057,652,421,4465,2512,130,71,760,413,372,213,1161,667,152,66,345,172,5,2,0.0,0.7142857142857143,1348
Zhao Xintong,Ashley Hugill,9,1301,1159,0.7074939022446493,0.5878295384825115,96,52,640,346,71,35,392,193,191,93,465,247,160,78,370,183,5,1,0.0,0.8333333333333334,1348
Ben Woollaston,Xiao Guodong,9,1414,1364,0.5764067306615769,0.5312093733737563,509,293,3300,1766,370,215,2464,1356,316,166,1012,533,237,127,829,463,5,4,0.0,0.5555555555555556,1348
Kyren Wilson,Jack Lisowski,9,1443,1349,0.6413253712613813,0.5584811124381613,336,207,2189,1208,348,205,2266,1227,360,203,942,524,240,130,739,385,5,1,0.0,0.8333333333333334,1348
Mark Williams,Li Hang,9,1462,1283,0.7540674834504022,0.610044672404527,1242,815,9534,5457,206,103,1471,755,394,222,1384,806,217,110,745,395,5,3,0.0,0.625,1348
Liang Wenbo,Joe Swail,9,1434,1255,0.7540674834504022,0.610044672404527,527,321,3666,2030,797,430,6248,3255,428,243,1291,726,178,88,754,386,5,2,0.0,0.7142857142857143,1348
Judd Trump,Rhys Clark,9,1643,1222,0.9439418910041667,0.7412546787548828,770,518,5230,3077,95,44,578,271,422,263,1786,1100,176,77,401,182,5,2,0.0,0.7142857142857143,1348
Mark Selby,David Morris,9,1596,1276,0.888437763640334,0.6899744811276125,945,654,6957,4060,247,127,1809,912,581,363,1643,1007,59,27,392,187,5,3,0.0,0.625,1348
Tian Pengfei,Ding Junhui,9,1311,1556,0.1742421700270737,0.351489125261079,328,185,2171,1160,663,446,5031,2881,179,79,740,401,557,327,1285,758,5,3,0.0,0.625,1348
Fergal O'Brien,Peter Ebdon,9,1372,1340,0.5490878352749592,0.5199893401555818,819,470,6210,3287,1020,585,8033,4313,237,124,887,477,222,112,1015,550,5,4,0.0,0.5555555555555556,1348
Shaun Murphy,Lu Ning,9,1537,1104,0.9486725080051713,0.7469667935196899,927,610,6831,3907,65,21,452,191,391,229,1657,995,25,6,279,115,5,2,0.0,0.7142857142857143,1348
Alan McManus,Mike Dunn,9,1438,1281,0.7268865315426611,0.596884378259767,885,528,7446,3954,658,351,4869,2512,306,159,1024,563,231,112,790,415,5,1,0.0,0.8333333333333334,1348
Rory McLeod,Joe Perry,9,1263,1499,0.18311088415736348,0.35663485430559827,521,284,3889,2024,949,566,6862,3718,210,99,648,316,391,220,1383,796,5,3,0.0,0.625,1348
Stephen Maguire,Andrew Higginson,9,1462,1369,0.6398886059283445,0.5578645727207344,837,554,6154,3500,663,398,4687,2577,350,205,1287,745,262,142,825,444,5,2,0.0,0.7142857142857143,1348
Kurt Maflin,Martin O'Donnell,9,1329,1298,0.5475616243336275,0.519365308229932,474,274,3176,1713,258,124,1584,793,270,145,823,423,188,97,551,290,5,3,0.0,0.625,1348
Mark King,Anthony McGill,9,1439,1480,0.43721337891955414,0.47439741167538224,860,481,6342,3333,398,244,2600,1445,320,181,1017,551,370,215,1088,608,5,4,0.0,0.5555555555555556,1348
Mark Joyce,Ross Muir,9,1307,1207,0.6499012213921682,0.5621765008857981,402,210,2897,1471,116,43,774,346,194,93,705,357,168,79,557,245,5,3,0.0,0.625,1348
Michael Holt,Rod Lawler,9,1415,1273,0.7074939022446493,0.5878295384825115,734,433,5406,2889,776,424,5925,3081,451,248,1221,658,229,108,795,399,5,4,0.0,0.5555555555555556,1348
Barry Hawkins,Zhou Yuelong,9,1517,1344,0.7468086860638347,0.6064704870683034,824,511,5922,3293,122,66,824,430,387,229,1287,725,257,134,660,351,5,3,0.0,0.625,1348
Steven Hallworth,Andy Hicks,9,1143,1219,0.38483867400919086,0.45264238185691075,74,24,469,200,590,317,4796,2483,138,63,364,148,149,71,225,111,5,4,0.0,0.5555555555555556,1348
Martin Gould,Nigel Bond,9,1449,1260,0.7659005155576041,0.6159753019181258,584,353,3916,2144,819,453,6525,3436,279,147,969,552,174,77,554,260,5,1,0.0,0.8333333333333334,1348
Marco Fu,Yu Delu,9,1526,1242,0.8608272920014749,0.6704011598088686,805,481,5982,3270,234,119,1625,820,415,250,1398,794,201,88,632,306,5,1,0.0,0.8333333333333334,1348
Graeme Dott,Zak Surety,9,1319,1150,0.7419044412047486,0.6040813228693781,776,455,6008,3218,116,52,690,326,258,128,1058,586,136,66,393,176,5,0,0.0,1.0,1348
Ken Doherty,Michael White,9,1267,1361,0.35867462873861855,0.44151888756183866,1077,657,8844,4861,397,229,2712,1446,170,79,721,359,310,158,1112,597,5,3,0.0,0.625,1348
Ryan Day,Matthew Stevens,9,1429,1382,0.5718764689798446,0.5293412500457856,815,495,5695,3146,890,523,6922,3778,379,216,1434,804,253,141,836,438,5,3,0.0,0.625,1348
Ali Carter,Jimmy Robertson,9,1507,1387,0.6778907155437834,0.574442516811659,829,501,5900,3255,411,223,2747,1430,413,237,969,541,238,135,914,498,5,3,0.0,0.625,1348
Stuart Carrington,Ronnie O'Sullivan,9,1332,1668,0.10070012242614823,0.30153478399746125,274,148,1743,917,1115,847,9814,5980,225,119,690,349,371,234,971,627,5,3,0.0,0.625,1348
Ian Burns,John Higgins,9,1254,1576,0.1101581362837191,0.30895698758427714,285,150,1790,920,1304,924,10495,6209,199,95,628,299,513,316,1572,936,5,3,0.0,0.625,1348
Alfie Burden,Robin Hull,9,1313,1387,0.3877827719916604,0.4538814589542204,620,335,4512,2328,492,298,3746,2063,203,98,634,317,204,110,569,300,5,1,0.0,0.8333333333333334,1348
Luca Brecel,Jamie Jones,9,1398,1354,0.5673362271953684,0.5274723043445937,260,142,1764,929,446,269,2951,1607,324,178,904,496,229,122,866,470,5,0,0.0,1.0,1348
Stuart Bingham,Anthony Hamilton,9,1527,1362,0.7369488869894564,0.6016871801828567,979,621,7171,4086,781,454,6078,3254,503,302,1675,988,290,159,684,347,5,4,0.0,0.5555555555555556,1348
Zhang Anda,Dechawat Poomjaeng,9,1351,1288,0.5959077229449327,0.5392938058983595,262,131,1831,918,229,122,1646,839,236,127,700,361,191,95,797,412,5,4,0.0,0.5555555555555556,1348
Mark Allen,Robbie Williams,9,1536,1319,0.7972134349638327,0.6323937895695628,652,421,4465,2512,314,172,2028,1042,372,213,1161,667,233,116,752,377,5,0,0.0,1.0,1348
Ben Woollaston,Shaun Murphy,9,1414,1537,0.31799585449737267,0.42372507750673466,509,293,3300,1766,927,610,6831,3907,316,166,1012,533,391,229,1657,995,5,4,0.0,0.5555555555555556,1348
Kyren Wilson,Rory McLeod,9,1443,1263,0.7552657810970291,0.610639233949222,336,207,2189,1208,521,284,3889,2024,360,203,942,524,210,99,648,316,5,4,0.0,0.5555555555555556,1348
Judd Trump,Ali Carter,9,1643,1507,0.699552494810083,0.5841905229354074,770,518,5230,3077,829,501,5900,3255,422,263,1786,1100,413,237,969,541,5,0,0.0,1.0,1348
Mark Selby,Steven Hallworth,9,1596,1143,0.9558147913138959,0.7562999700991855,945,654,6957,4060,74,24,469,200,581,363,1643,1007,138,63,364,148,5,0,0.0,1.0,1348
Stephen Maguire,Ken Doherty,9,1462,1267,0.7728385057625519,0.6195173196470847,837,554,6154,3500,1077,657,8844,4861,350,205,1287,745,170,79,721,359,5,1,0.0,0.8333333333333334,1348
Kurt Maflin,Marco Fu,9,1329,1526,0.2248761531753568,0.37930480863564453,474,274,3176,1713,805,481,5982,3270,270,145,823,423,415,250,1398,794,5,1,0.0,0.8333333333333334,1348
Mark King,Stuart Carrington,9,1439,1332,0.659805489406344,0.5664790559676278,860,481,6342,3333,274,148,1743,917,320,181,1017,551,225,119,690,349,5,4,0.0,0.5555555555555556,1348
Mark Joyce,Mark Allen,9,1307,1536,0.19020982084327387,0.36066016324693406,402,210,2897,1471,652,421,4465,2512,194,93,705,357,372,213,1161,667,5,2,0.0,0.7142857142857143,1348
Michael Holt,Ian Burns,9,1415,1254,0.731942685280923,0.5992881635083561,734,433,5406,2889,285,150,1790,920,451,248,1221,658,199,95,628,299,5,4,0.0,0.5555555555555556,1348
Barry Hawkins,Alan McManus,9,1517,1438,0.6195643657627519,0.5492151291013335,824,511,5922,3293,885,528,7446,3954,387,229,1287,725,306,159,1024,563,5,2,0.0,0.7142857142857143,1348
Martin Gould,Mark Williams,9,1449,1462,0.48001367903024084,0.4918757150937391,584,353,3916,2144,1242,815,9534,5457,279,147,969,552,394,222,1384,806,5,4,0.0,0.5555555555555556,1348
Graeme Dott,Tian Pengfei,9,1319,1311,0.5123026370468309,0.5049998333399998,776,455,6008,3218,328,185,2171,1160,258,128,1058,586,179,79,740,401,5,0,0.0,1.0,1348
Ryan Day,Liang Wenbo,9,1429,1434,0.4923100709602251,0.4968750406894683,815,495,5695,3146,527,321,3666,2030,379,216,1434,804,428,243,1291,726,5,3,0.0,0.625,1348
Luca Brecel,Zhao Xintong,9,1398,1301,0.6456229970128096,0.5603296426885532,260,142,1764,929,96,52,640,346,324,178,904,496,191,93,465,247,5,2,0.0,0.7142857142857143,1348
Stuart Bingham,Fergal O'Brien,9,1527,1372,0.7243399491478313,0.5956807306078472,979,621,7171,4086,819,470,6210,3287,503,302,1675,988,237,124,887,477,5,2,0.0,0.7142857142857143,1348
Zhang Anda,Alfie Burden,9,1351,1313,0.5582282705684568,0.523732154126561,262,131,1831,918,620,335,4512,2328,236,127,700,361,203,98,634,317,5,0,0.0,1.0,1348
Kyren Wilson,Michael Holt,9,1443,1415,0.542978651056463,0.5174928576663897,336,207,2189,1208,734,433,5406,2889,360,203,942,524,451,248,1221,658,5,4,0.0,0.5555555555555556,1348
Judd Trump,Zhang Anda,9,1643,1351,0.8673515326812037,0.6748052725823135,770,518,5230,3077,262,131,1831,918,422,263,1786,1100,236,127,700,361,5,1,0.0,0.8333333333333334,1348
Stephen Maguire,Mark Selby,9,1462,1596,0.30311722088262855,0.4170245457988005,837,554,6154,3500,945,654,6957,4060,350,205,1287,745,581,363,1643,1007,5,3,0.0,0.625,1348
Mark Joyce,Mark King,9,1307,1439,0.30579803555915175,0.4182406231581638,402,210,2897,1471,860,481,6342,3333,194,93,705,357,320,181,1017,551,5,2,0.0,0.7142857142857143,1348
Martin Gould,Ben Woollaston,9,1449,1414,0.5536617994848322,0.5218610539716015,584,353,3916,2144,509,293,3300,1766,279,147,969,552,316,166,1012,533,5,0,0.0,1.0,1348
Graeme Dott,Barry Hawkins,9,1319,1517,0.22373863566729585,0.37871640480893215,776,455,6008,3218,824,511,5922,3293,258,128,1058,586,387,229,1287,725,5,3,0.0,0.625,1348
Ryan Day,Stuart Bingham,9,1429,1527,0.3529487475112714,0.43905454967528373,815,495,5695,3146,979,621,7171,4086,379,216,1434,804,503,302,1675,988,5,3,0.0,0.625,1348
Luca Brecel,Kurt Maflin,9,1398,1329,0.6048276146754163,0.5430183807243099,260,142,1764,929,474,274,3176,1713,324,178,904,496,270,145,823,423,5,3,0.0,0.625,1348
Kyren Wilson,Ryan Day,9,1443,1429,0.5215222176025543,0.5087491068802403,336,207,2189,1208,815,495,5695,3146,360,203,942,524,379,216,1434,804,5,4,0.0,0.5555555555555556,1348
Martin Gould,Judd Trump,9,1449,1643,0.22830930474796454,0.38107214519980964,584,353,3916,2144,770,518,5230,3077,279,147,969,552,422,263,1786,1100,5,4,0.0,0.5555555555555556,1348
Graeme Dott,Stephen Maguire,9,1319,1462,0.2911925553363697,0.4115648798723618,776,455,6008,3218,837,554,6154,3500,258,128,1058,586,350,205,1287,745,5,1,0.0,0.8333333333333334,1348
Luca Brecel,Mark Joyce,9,1398,1307,0.6370088546286576,0.5566309599222533,260,142,1764,929,402,210,2897,1471,324,178,904,496,194,93,705,357,5,4,0.0,0.5555555555555556,1348
Martin Gould,Graeme Dott,11,1449,1319,0.7088895687139617,0.5805423048206596,584,353,3916,2144,776,455,6008,3218,279,147,969,552,258,128,1058,586,6,2,0.0,0.75,1348
Luca Brecel,Kyren Wilson,11,1398,1443,0.424343657590278,0.4719046255916129,260,142,1764,929,336,207,2189,1208,324,178,904,496,360,203,942,524,6,3,0.0,0.6666666666666666,1348
Martin Gould,Luca Brecel,17,1449,1398,0.6051309562452731,0.5318318894162242,584,353,3916,2144,260,142,1764,929,279,147,969,552,324,178,904,496,9,5,0.0,0.6428571428571429,1348
Gary Miller,Dessie Sheehan,3,959,711,0.7185482757952655,0.6502185485738271,17,7,89,40,173,34,1307,480,0,0,2,0,14,2,87,32,2,0,0.0,1.0,1349
Peter Lines,Gerard Greene,3,1297,1239,0.5541851596531149,0.5361866202317948,729,394,5323,2765,666,361,4990,2614,231,119,649,310,127,61,539,267,2,0,0.0,1.0,1349
Mark Davis,Jason Weston,3,1417,1075,0.7860317034413482,0.7016149536154007,983,593,7068,3865,302,160,2322,1201,323,182,1337,751,99,25,235,88,2,0,0.0,1.0,1349
Jamie Burnett,Dean Reynolds,3,1264,1062,0.6816708946676142,0.623633628298226,623,361,4933,2621,426,215,3699,1846,55,23,502,265,0,0,2,0,2,0,0.0,1.0,1349
Ian Brumby,Jamie Rous,3,1112,974,0.6268609820151465,0.585404569129465,403,207,2960,1498,97,38,699,320,0,0,9,6,0,0,5,2,2,1,0.0,0.6666666666666666,1349
Geoff Williams,Karl Townsend,3,1047,881,0.6512889348588824,0.6022861768886306,64,34,447,232,151,61,984,438,0,0,6,3,9,4,17,8,2,1,0.0,0.6666666666666666,1349
Gary Wilkinson,Paul Burrell,3,1189,900,0.7493522385266942,0.6731572963701318,547,298,4544,2372,14,3,97,33,0,0,8,5,8,0,8,0,2,1,0.0,0.6666666666666666,1349
John Welsh,Stephen Rowlings,3,1011,1172,0.3530253478532907,0.40071183649164394,50,20,308,147,167,102,1061,587,0,0,7,5,0,0,0,0,2,1,0.0,0.6666666666666666,1349
Darryn Walker,Ashley Beal,3,1159,975,0.6666343839820057,0.6130141761393355,276,150,2171,1135,20,8,109,49,25,15,58,34,15,8,17,8,2,0,0.0,1.0,1349
Darren Thompson,Anthony Harris,3,1045,935,0.6018421917553398,0.5683199834782481,15,8,76,40,215,91,1654,774,0,0,5,3,0,0,17,7,2,0,0.0,1.0,1349
Joe Swail,Mike Dunn,3,1258,1266,0.4925004999650022,0.4950001666600003,799,431,6262,3262,660,352,4884,2518,192,95,768,393,246,118,805,421,2,0,0.0,1.0,1349
Fergal O'Brien,Jonathan Bagley,3,1366,944,0.8343492514385324,0.7417338799314313,822,472,6235,3299,113,43,802,364,262,136,912,489,0,0,7,4,2,1,0.0,0.6666666666666666,1349
Julian Mills,Shaun Wilkes,3,991,902,0.582754971270192,0.5553966483205892,102,46,717,345,117,30,721,276,0,0,47,24,0,0,0,0,2,0,0.0,1.0,1349
Robert Milkins,Paul Moss,3,1332,899,0.8403238980103941,0.7469667935196899,764,463,5648,3075,23,5,146,54,305,156,1156,609,4,0,6,0,2,0,0.0,1.0,1349
Paul McPhillips,Shane Haines,3,1194,951,0.7146542824649507,0.647370307581549,251,151,1954,1057,117,48,858,398,0,0,13,8,0,0,2,0,2,0,0.0,1.0,1349
David McLellan,Gary Miller,3,1085,959,0.6162048987203109,0.5781052328843092,289,161,2286,1193,17,7,89,40,0,0,3,1,0,0,2,0,2,0,0.0,1.0,1349
Craig MacGillivray,Ian Barry Stark,3,1057,866,0.6725198757638963,0.6171573626529722,254,128,1876,927,90,29,575,222,0,0,44,17,0,0,5,3,2,0,0.0,1.0,1349
Scott MacFarlane,Guilio Rea,3,1094,975,0.6099419699551375,0.5738312575916094,144,93,1015,576,5,1,20,6,0,0,44,21,0,0,0,0,2,0,0.0,1.0,1349
Peter Lines,Robert Marshall,3,1297,1089,0.6866105668879662,0.6271477663131956,729,394,5323,2765,179,90,1414,688,231,119,649,310,0,0,0,0,2,1,0.0,0.6666666666666666,1349
Gary Lees,Adrian Rosa,3,1027,1215,0.32999666821148566,0.38461624360881785,259,138,1897,977,271,149,2129,1093,13,5,29,13,0,0,21,11,2,0,0.0,1.0,1349
Rod Lawler,Lee Walker,3,1280,1260,0.5187421909166032,0.5124973964842103,778,425,5943,3090,420,233,3269,1690,247,117,813,408,185,84,498,237,2,1,0.0,0.6666666666666666,1349
Sean Lanigan,Steve Meakin,3,1014,1072,0.44581484034688523,0.4638133797682053,242,125,1853,935,250,117,1884,902,0,0,0,0,0,0,3,1,2,0,0.0,1.0,1349
Mark King,Leigh Robinson,3,1442,1091,0.7918947159542193,0.706303891936407,864,484,6372,3350,183,97,1405,722,350,198,1047,568,0,0,0,0,2,1,0.0,0.6666666666666666,1349
Anthony Hamilton,Andrew Milliard,3,1366,862,0.875091688994527,0.7790261077798122,783,455,6094,3263,166,48,972,371,306,168,700,356,15,5,48,20,2,0,0.0,1.0,1349
Steve Gough,Ian Brumby,3,877,1112,0.29163586171916084,0.35720867575922377,67,26,481,208,403,207,2960,1498,0,0,0,0,0,0,9,6,2,0,0.0,1.0,1349
Tony Drago,David Craggs,3,1151,1129,0.5206146070645121,0.513746534902355,723,355,5922,2923,154,75,936,471,63,30,290,119,0,0,0,0,2,1,0.0,0.6666666666666666,1349
Peter Donegan,Clive Bernstone,3,998,750,0.7185482757952655,0.6502185485738271,84,43,593,301,28,2,182,45,0,0,0,0,0,0,0,0,2,1,0.0,0.6666666666666666,1349
Les Dodd,Peter Delaney,3,1001,817,0.6666343839820057,0.6130141761393355,331,136,2771,1299,32,6,205,65,0,0,2,0,11,3,22,4,2,0,0.0,1.0,1349
Mark Davis,Tony Knowles,3,1417,927,0.868746369730961,0.7729422593967386,983,593,7068,3865,588,293,4885,2425,323,182,1337,751,0,0,3,1,2,0,0.0,1.0,1349
Tony Chappel,Imran Puri,3,1187,628,0.8977096428501941,0.8017868765950724,372,187,3120,1564,55,6,271,55,0,0,9,6,9,1,28,4,2,0,0.0,1.0,1349
Wayne Brown,Richard Somauroo,3,1101,841,0.727774360540493,0.6570104626734988,281,156,2189,1130,103,31,661,265,38,14,38,14,9,4,23,8,2,0,0.0,1.0,1349
Jamie Bodle,Barry Pinches,3,1147,1229,0.4236595118227915,0.448928730692658,162,103,1181,659,717,369,5614,2907,53,31,67,35,96,50,506,238,2,1,0.0,0.6666666666666666,1349
Peter Bardsley,John Fox,3,1004,961,0.5402350131776799,0.5268491486891144,17,6,109,56,4,1,27,8,0,0,3,1,0,0,0,0,2,1,0.0,0.6666666666666666,1349
Gary Wilkinson,John Welsh,3,1189,1011,0.6615524216770976,0.6094497836283252,547,298,4544,2372,50,20,308,147,0,0,8,5,0,0,7,5,2,0,0.0,1.0,1349
Fergal O'Brien,Sean Lanigan,3,1366,1014,0.7925395122879275,0.7068222210935676,822,472,6235,3299,242,125,1853,935,262,136,912,489,0,0,0,0,2,0,0.0,1.0,1349
Robert Milkins,Craig MacGillivray,3,1332,1057,0.7390643563376229,0.665410558746814,764,463,5648,3075,254,128,1876,927,305,156,1156,609,0,0,44,17,2,0,0.0,1.0,1349
Rory McLeod,Darryn Walker,3,1283,1159,0.6144189013393455,0.5768852611320463,524,286,3914,2038,276,150,2171,1135,235,113,673,330,25,15,58,34,2,1,0.0,0.6666666666666666,1349
Peter Lines,Joe Swail,3,1297,1258,0.5365046675126564,0.5243557087682073,729,394,5323,2765,799,431,6262,3262,231,119,649,310,192,95,768,393,2,1,0.0,0.6666666666666666,1349
Gary Lees,Darren Thompson,3,1027,1045,0.48313069329487673,0.4887518980531451,259,138,1897,977,15,8,76,40,13,5,29,13,0,0,5,3,2,0,0.0,1.0,1349
Rod Lawler,Geoff Williams,3,1280,1047,0.706780252416189,0.6416424532015634,778,425,5943,3090,64,34,447,232,247,117,813,408,0,0,6,3,2,0,0.0,1.0,1349
Mark King,Julian Mills,3,1442,991,0.8497557096592883,0.7553772379137498,864,484,6372,3350,102,46,717,345,350,198,1047,568,0,0,47,24,2,0,0.0,1.0,1349
Anthony Hamilton,Peter Bardsley,3,1366,1004,0.798914116049086,0.7119759194127935,783,455,6094,3263,17,6,109,56,306,168,700,356,0,0,3,1,2,0,0.0,1.0,1349
Tony Drago,Scott MacFarlane,3,1151,1094,0.5532572880573765,0.5355648379838539,723,355,5922,2923,144,93,1015,576,63,30,290,119,0,0,44,21,2,1,0.0,0.6666666666666666,1349
Les Dodd,David McLellan,3,1001,1085,0.42182437680202234,0.4476920904256748,331,136,2771,1299,289,161,2286,1193,0,0,2,0,0,0,3,1,2,0,0.0,1.0,1349
Mark Davis,John Rea,3,1417,927,0.868746369730961,0.7729422593967386,983,593,7068,3865,157,68,1421,675,323,182,1337,751,0,0,0,0,2,0,0.0,1.0,1349
Dominic Dale,Paul McPhillips,3,1352,1194,0.6443757417536436,0.5974857658270161,854,493,6179,3300,251,151,1954,1057,367,197,1178,643,0,0,13,8,2,0,0.0,1.0,1349
Tony Chappel,Jamie Burnett,3,1187,1264,0.4282554588838513,0.4520230623632036,372,187,3120,1564,623,361,4933,2621,0,0,9,6,55,23,502,265,2,1,0.0,0.6666666666666666,1349
Wayne Brown,Steve Gough,3,1101,877,0.6995975100158601,0.6364525402815664,281,156,2189,1130,67,26,481,208,38,14,38,14,0,0,0,0,2,0,0.0,1.0,1349
Jamie Bodle,Peter Donegan,3,1147,998,0.6365338183169137,0.5920629281648192,162,103,1181,659,84,43,593,301,53,31,67,35,0,0,0,0,2,0,0.0,1.0,1349
Fergal O'Brien,Wayne Brown,3,1366,1101,0.7315679804052659,0.6598217549720575,822,472,6235,3299,281,156,2189,1130,262,136,912,489,38,14,38,14,2,0,0.0,1.0,1349
Robert Milkins,Les Dodd,3,1332,1001,0.7787200731640542,0.6958260586292875,764,463,5648,3075,331,136,2771,1299,305,156,1156,609,0,0,2,0,2,0,0.0,1.0,1349
Rory McLeod,Rod Lawler,3,1283,1280,0.5028124736330719,0.5018749912109869,524,286,3914,2038,778,425,5943,3090,235,113,673,330,247,117,813,408,2,1,0.0,0.6666666666666666,1349
Gary Lees,Mark King,3,1027,1442,0.169536570766538,0.26163265856198126,259,138,1897,977,864,484,6372,3350,13,5,29,13,350,198,1047,568,2,1,0.0,0.6666666666666666,1349
Anthony Hamilton,Tony Chappel,3,1366,1187,0.6624017640729318,0.610044672404527,783,455,6094,3263,372,187,3120,1564,306,168,700,356,0,0,9,6,2,0,0.0,1.0,1349
Tony Drago,Peter Lines,3,1151,1297,0.36609481819793177,0.40974974806981657,723,355,5922,2923,729,394,5323,2765,63,30,290,119,231,119,649,310,2,0,0.0,1.0,1349
Mark Davis,Gary Wilkinson,3,1417,1189,0.7028009321317907,0.6387631751488418,983,593,7068,3865,547,298,4544,2372,323,182,1337,751,0,0,8,5,2,0,0.0,1.0,1349
Dominic Dale,Jamie Bodle,3,1352,1147,0.6841453762200023,0.6253923497205511,854,493,6179,3300,162,103,1181,659,367,197,1178,643,53,31,67,35,2,0,0.0,1.0,1349
Jimmy White,Gary Lees,3,1226,1027,0.6791872182605925,0.6218716423074662,1389,778,11962,6296,259,138,1897,977,146,66,536,245,13,5,29,13,2,0,0.0,1.0,1349
Darren Morgan,Joe Johnson,3,1240,1075,0.6504278219117554,0.6016871801828567,527,299,4569,2352,457,227,4020,2000,81,35,85,37,0,0,3,1,2,0,0.0,1.0,1349
Robert Milkins,Tony Drago,3,1332,1151,0.6640976424294183,0.6112334666758695,764,463,5648,3075,723,355,5922,2923,305,156,1156,609,63,30,290,119,2,0,0.0,1.0,1349
Rory McLeod,Fergal O'Brien,3,1283,1366,0.42274170716878934,0.44831033065729986,524,286,3914,2038,822,472,6235,3299,235,113,673,330,262,136,912,489,2,1,0.0,0.6666666666666666,1349
Anthony Hamilton,Mark Williams,3,1366,1468,0.40539966449895737,0.4365932137378064,783,455,6094,3263,1245,817,9557,5471,306,168,700,356,417,236,1407,820,2,1,0.0,0.6666666666666666,1349
Mark Davis,Ken Doherty,3,1417,1274,0.631269418639095,0.5884351201276382,983,593,7068,3865,1080,659,8867,4872,323,182,1337,751,193,90,744,370,2,1,0.0,0.6666666666666666,1349
Dominic Dale,John Parrott,3,1352,1180,0.6564369772703307,0.6058736684317606,854,493,6179,3300,849,518,7902,4287,367,197,1178,643,0,0,6,4,2,0,0.0,1.0,1349
Nigel Bond,Peter Ebdon,3,1265,1350,0.4209075261457489,0.4470740118670941,821,454,6537,3442,1022,586,8048,4322,186,83,566,266,237,121,1030,559,2,0,0.0,1.0,1349
Jimmy White,Dominic Dale,3,1226,1352,0.38379510127968897,0.4218947671156908,1389,778,11962,6296,854,493,6179,3300,146,66,536,245,367,197,1178,643,2,0,0.0,1.0,1349
Darren Morgan,Anthony Hamilton,3,1240,1366,0.38379510127968897,0.4218947671156908,527,299,4569,2352,783,455,6094,3263,81,35,85,37,306,168,700,356,2,1,0.0,0.6666666666666666,1349
Rory McLeod,Nigel Bond,3,1283,1265,0.5168693067051231,0.5112481019468548,524,286,3914,2038,821,454,6537,3442,235,113,673,330,186,83,566,266,2,1,0.0,0.6666666666666666,1349
Mark Davis,Robert Milkins,3,1417,1332,0.5790924738542512,0.5529259881329059,983,593,7068,3865,764,463,5648,3075,323,182,1337,751,305,156,1156,609,2,0,0.0,1.0,1349
Darren Morgan,Jimmy White,3,1240,1226,0.5131223208868455,0.5087491068802403,527,299,4569,2352,1389,778,11962,6296,81,35,85,37,146,66,536,245,2,0,0.0,1.0,1349
Mark Davis,Rory McLeod,3,1417,1283,0.6233206215778334,0.5829754542011996,983,593,7068,3865,524,286,3914,2038,323,182,1337,751,235,113,673,330,2,0,0.0,1.0,1349
Mark Davis,Darren Morgan,3,1417,1240,0.6607021491696307,0.6088545692109504,983,593,7068,3865,527,299,4569,2352,323,182,1337,751,81,35,85,37,2,1,0.0,0.6666666666666666,1349
Judd Trump,Stephen Maguire,11,1661,1483,0.7739370957025349,0.6094497836283252,775,522,5263,3101,842,558,6187,3521,455,287,1819,1124,383,226,1320,766,6,4,0.0,0.6,1351
Mark Selby,Ricky Walden,11,1590,1455,0.7160705162153687,0.5835831155172753,948,656,6978,4073,719,445,5183,2890,602,376,1664,1020,429,239,1298,744,6,0,0.0,1.0,1351
Neil Robertson,Marco Fu,11,1513,1503,0.516913659711329,0.5062496744995104,802,525,5912,3368,808,483,6003,3281,323,185,1396,824,436,261,1419,805,6,0,0.0,1.0,1351
Ronnie O'Sullivan,Mark Williams,11,1648,1463,0.7826562787669785,0.6136070778047783,1117,848,9828,5988,1246,817,9560,5472,385,242,985,635,420,237,1410,821,6,5,0.0,0.5454545454545454,1351
John Higgins,Liang Wenbo,11,1560,1424,0.7174960378979142,0.5841905229354074,1306,925,10509,6217,530,323,3690,2043,527,324,1586,944,452,256,1315,739,6,4,0.0,0.6,1351
Barry Hawkins,Joe Perry,11,1515,1481,0.5573173182423484,0.5212372149662741,828,514,5952,3311,951,567,6877,3726,417,247,1317,743,406,228,1398,804,6,3,0.0,0.6666666666666666,1351
Stuart Bingham,Ding Junhui,11,1527,1538,0.481396194852922,0.4931254332354657,983,624,7201,4104,665,447,5046,2889,533,320,1705,1006,572,335,1300,766,6,4,0.0,0.6,1351
Mark Allen,Shaun Murphy,11,1533,1523,0.516913659711329,0.5062496744995104,655,423,4484,2524,930,612,6855,3921,391,225,1180,679,415,243,1681,1009,6,4,0.0,0.6,1351
Judd Trump,Neil Robertson,11,1661,1513,0.7343171553057939,0.5914589784327801,775,522,5263,3101,802,525,5912,3368,455,287,1819,1124,323,185,1396,824,6,5,0.0,0.5454545454545454,1351
Ronnie O'Sullivan,Mark Selby,11,1648,1590,0.5971085093515105,0.5361866202317948,1117,848,9828,5988,948,656,6978,4073,385,242,985,635,602,376,1664,1020,6,3,0.0,0.6666666666666666,1351
Barry Hawkins,Mark Allen,11,1515,1533,0.4695767035799719,0.4887518980531451,828,514,5952,3311,655,423,4484,2524,417,247,1317,743,391,225,1180,679,6,2,0.0,0.75,1351
Stuart Bingham,John Higgins,11,1527,1560,0.44435687288841547,0.47938669028555136,983,624,7201,4104,1306,925,10509,6217,533,320,1705,1006,527,324,1586,944,6,3,0.0,0.6666666666666666,1351
Ronnie O'Sullivan,Stuart Bingham,11,1648,1527,0.6957454653911014,0.5750535485557879,1117,848,9828,5988,983,624,7201,4104,385,242,985,635,533,320,1705,1006,6,3,0.0,0.6666666666666666,1351
Barry Hawkins,Judd Trump,11,1515,1661,0.26844922522726006,0.40974974806981657,828,514,5952,3311,775,522,5263,3101,417,247,1317,743,455,287,1819,1124,6,4,0.0,0.6,1351
Ronnie O'Sullivan,Barry Hawkins,19,1648,1515,0.7680991960546169,0.5823675407280794,1117,848,9828,5988,828,514,5952,3311,385,242,985,635,417,247,1317,743,10,1,0.0,0.9090909090909091,1351
Mark Williams,Ryan Day,5,1469,1458,0.5128881883269052,0.5068745667645342,1247,817,9571,5477,820,499,5735,3170,431,242,1421,826,419,240,1474,828,3,1,0.0,0.75,1350
Mark Williams,Ricky Walden,5,1469,1435,0.5397719120129171,0.5212372149662741,1247,817,9571,5477,720,445,5189,2890,431,242,1421,826,435,239,1304,744,3,1,0.0,0.75,1350
Mark Williams,Barry Hawkins,5,1469,1526,0.43354050968264723,0.4644351620161461,1247,817,9571,5477,832,517,5990,3330,431,242,1421,826,455,266,1355,762,3,2,0.0,0.6,1350
Mark Williams,John Higgins,5,1469,1548,0.40831592749063866,0.45078487089866653,1247,817,9571,5477,1308,926,10528,6226,431,242,1421,826,546,333,1605,953,3,1,0.0,0.75,1350
Ricky Walden,Barry Hawkins,5,1435,1526,0.3947215513809864,0.44336904007774663,720,445,5189,2890,832,517,5990,3330,435,239,1304,744,455,266,1355,762,3,1,0.0,0.75,1350
Ricky Walden,Robert Milkins,5,1435,1345,0.6041506196887392,0.5560138905446199,720,445,5189,2890,769,467,5658,3083,435,239,1304,744,315,164,1166,617,3,1,0.0,0.75,1350
Ricky Walden,Ryan Day,5,1435,1458,0.4730691350411855,0.4856289593029398,720,445,5189,2890,820,499,5735,3170,435,239,1304,744,419,240,1474,828,3,2,0.0,0.6,1350
Ronnie O'Sullivan,Barry Hawkins,5,1690,1526,0.6844381447775079,0.6010878788483698,1121,852,9868,6016,832,517,5990,3330,425,270,1025,663,455,266,1355,762,3,1,0.0,0.75,1350
Ronnie O'Sullivan,Robert Milkins,5,1690,1345,0.8411051170182815,0.7031827112198086,1121,852,9868,6016,769,467,5658,3083,425,270,1025,663,315,164,1166,617,3,1,0.0,0.75,1350
Ronnie O'Sullivan,Ryan Day,5,1690,1458,0.7508003557501758,0.6410674063348171,1121,852,9868,6016,820,499,5735,3170,425,270,1025,663,419,240,1474,828,3,2,0.0,0.6,1350
Ronnie O'Sullivan,John Higgins,5,1690,1548,0.6613241455597987,0.5878295384825115,1121,852,9868,6016,1308,926,10528,6226,425,270,1025,663,546,333,1605,953,3,2,0.0,0.6,1350
Ronnie O'Sullivan,Ricky Walden,5,1690,1435,0.771297276388245,0.654188113761243,1121,852,9868,6016,720,445,5189,2890,425,270,1025,663,435,239,1304,744,3,0,0.0,1.0,1350
Ronnie O'Sullivan,Mark Williams,5,1690,1469,0.7406333814583561,0.6347154153791584,1121,852,9868,6016,1247,817,9571,5477,425,270,1025,663,431,242,1421,826,3,2,0.0,0.6,1350
Robert Milkins,Mark Williams,5,1345,1469,0.3580964912118061,0.42311473886795364,769,467,5658,3083,1247,817,9571,5477,315,164,1166,617,431,242,1421,826,3,1,0.0,0.75,1350
Robert Milkins,Barry Hawkins,5,1345,1526,0.2982164727157271,0.3887665333241305,769,467,5658,3083,832,517,5990,3330,315,164,1166,617,455,266,1355,762,3,2,0.0,0.6,1350
Robert Milkins,Ryan Day,5,1345,1458,0.37016834308064217,0.42984097461816473,769,467,5658,3083,820,499,5735,3170,315,164,1166,617,419,240,1474,828,3,2,0.0,0.6,1350
John Higgins,Robert Milkins,5,1548,1345,0.7235063979843529,0.6242202334972642,1308,926,10528,6226,769,467,5658,3083,546,333,1605,953,315,164,1166,617,3,2,0.0,0.6,1350
John Higgins,Ricky Walden,5,1548,1435,0.6298316569193576,0.5701590253818352,1308,926,10528,6226,720,445,5189,2890,546,333,1605,953,435,239,1304,744,3,1,0.0,0.75,1350
Barry Hawkins,Ryan Day,5,1526,1458,0.5791158913652692,0.542397940774351,832,517,5990,3330,820,499,5735,3170,455,266,1355,762,419,240,1474,828,3,2,0.0,0.6,1350
Barry Hawkins,John Higgins,5,1526,1548,0.4742382323354172,0.486253465097645,832,517,5990,3330,1308,926,10528,6226,455,266,1355,762,546,333,1605,953,3,0,0.0,1.0,1350
Ryan Day,John Higgins,5,1458,1548,0.3958493803112607,0.44398610945538003,820,499,5735,3170,1308,926,10528,6226,419,240,1474,828,546,333,1605,953,3,0,0.0,1.0,1350
Ronnie O'Sullivan,Ricky Walden,5,1690,1435,0.771297276388245,0.654188113761243,1121,852,9868,6016,720,445,5189,2890,425,270,1025,663,435,239,1304,744,3,0,0.0,1.0,1350
Robert Milkins,Mark Williams,5,1345,1469,0.3580964912118061,0.42311473886795364,769,467,5658,3083,1247,817,9571,5477,315,164,1166,617,431,242,1421,826,3,1,0.0,0.75,1350
Ronnie O'Sullivan,Robert Milkins,5,1690,1345,0.8411051170182815,0.7031827112198086,1121,852,9868,6016,769,467,5658,3083,425,270,1025,663,315,164,1166,617,3,0,0.0,1.0,1350
Mark Williams,Barry Hawkins,5,1469,1526,0.43354050968264723,0.4644351620161461,1247,817,9571,5477,832,517,5990,3330,431,242,1421,826,455,266,1355,762,3,1,0.0,0.75,1350
Mark Williams,Joe Perry,5,1469,1471,0.49765626464834606,0.49875000260416025,1247,817,9571,5477,952,567,6886,3729,431,242,1421,826,415,231,1407,807,3,1,0.0,0.75,1350
Mark Williams,Robert Milkins,5,1469,1345,0.6419035087881938,0.5768852611320463,1247,817,9571,5477,769,467,5658,3083,431,242,1421,826,315,164,1166,617,3,1,0.0,0.75,1350
Ricky Walden,Robert Milkins,5,1435,1345,0.6041506196887392,0.5560138905446199,720,445,5189,2890,769,467,5658,3083,435,239,1304,744,315,164,1166,617,3,1,0.0,0.75,1350
Ricky Walden,Judd Trump,5,1435,1643,0.27167625849575294,0.3728522336868044,720,445,5189,2890,778,524,5294,3117,435,239,1304,744,486,303,1850,1140,3,0,0.0,1.0,1350
Ricky Walden,Mark Williams,5,1435,1469,0.4602280879870827,0.4787627850337259,720,445,5189,2890,1247,817,9571,5477,435,239,1304,744,431,242,1421,826,3,2,0.0,0.6,1350
Judd Trump,Robert Milkins,5,1643,1345,0.806749545428721,0.6780882495516275,778,524,5294,3117,769,467,5658,3083,486,303,1850,1140,315,164,1166,617,3,1,0.0,0.75,1350
Judd Trump,Mark Williams,5,1643,1469,0.6946982930911428,0.6070669880717036,778,524,5294,3117,1247,817,9571,5477,486,303,1850,1140,431,242,1421,826,3,2,0.0,0.6,1350
Judd Trump,Barry Hawkins,5,1643,1526,0.6342383043394371,0.5726080638632601,778,524,5294,3117,832,517,5990,3330,486,303,1850,1140,455,266,1355,762,3,0,0.0,1.0,1350
Mark Selby,Barry Hawkins,5,1599,1526,0.5848404517138963,0.5454987872127821,950,657,6993,4082,832,517,5990,3330,617,385,1679,1029,455,266,1355,762,3,0,0.0,1.0,1350
Mark Selby,Mark Williams,5,1599,1469,0.6484247428452856,0.5805423048206596,950,657,6993,4082,1247,817,9571,5477,617,385,1679,1029,431,242,1421,826,3,2,0.0,0.6,1350
Mark Selby,Robert Milkins,5,1599,1345,0.7704279343807554,0.653622330899504,950,657,6993,4082,769,467,5658,3083,617,385,1679,1029,315,164,1166,617,3,1,0.0,0.75,1350
Mark Selby,Joe Perry,5,1599,1471,0.6462561425041674,0.5793242521487495,950,657,6993,4082,952,567,6886,3729,617,385,1679,1029,415,231,1407,807,3,1,0.0,0.75,1350
Mark Selby,Ricky Walden,5,1599,1435,0.6844381447775079,0.6010878788483698,950,657,6993,4082,720,445,5189,2890,617,385,1679,1029,435,239,1304,744,3,0,0.0,1.0,1350
Mark Selby,Judd Trump,5,1599,1643,0.44859300598100715,0.47252769565540637,950,657,6993,4082,778,524,5294,3117,617,385,1679,1029,486,303,1850,1140,3,2,0.0,0.6,1350
Joe Perry,Robert Milkins,5,1471,1345,0.6440823753606748,0.5781052328843092,952,567,6886,3729,769,467,5658,3083,415,231,1407,807,315,164,1166,617,3,2,0.0,0.6,1350
Joe Perry,Ricky Walden,5,1471,1435,0.5421022430011616,0.5224848247918001,952,567,6886,3729,720,445,5189,2890,415,231,1407,807,435,239,1304,744,3,1,0.0,0.75,1350
Joe Perry,Judd Trump,5,1471,1643,0.30734086893201645,0.3941263315682394,952,567,6886,3729,778,524,5294,3117,415,231,1407,807,486,303,1850,1140,3,1,0.0,0.75,1350
Robert Milkins,Barry Hawkins,5,1345,1526,0.2982164727157271,0.3887665333241305,769,467,5658,3083,832,517,5990,3330,315,164,1166,617,455,266,1355,762,3,1,0.0,0.75,1350
Barry Hawkins,Ricky Walden,5,1526,1435,0.6052784486190135,0.5566309599222533,832,517,5990,3330,720,445,5189,2890,455,266,1355,762,435,239,1304,744,3,0,0.0,1.0,1350
Barry Hawkins,Joe Perry,5,1526,1471,0.5641499172433742,0.5343209436693046,832,517,5990,3330,952,567,6886,3729,455,266,1355,762,415,231,1407,807,3,2,0.0,0.6,1350
Mark Williams,Joe Perry,5,1469,1471,0.49765626464834606,0.49875000260416025,1247,817,9571,5477,952,567,6886,3729,431,242,1421,826,415,231,1407,807,3,0,0.0,1.0,1350
Judd Trump,Mark Selby,5,1643,1599,0.551406994018993,0.5274723043445937,778,524,5294,3117,950,657,6993,4082,486,303,1850,1140,617,385,1679,1029,3,0,0.0,1.0,1350
Judd Trump,Mark Williams,5,1643,1469,0.6946982930911428,0.6070669880717036,778,524,5294,3117,1247,817,9571,5477,486,303,1850,1140,431,242,1421,826,3,1,0.0,0.75,1350
Mark Williams,Marco Fu,5,1469,1479,0.4882830807686246,0.49375032550048964,1247,817,9571,5477,809,483,6009,3281,431,242,1421,826,442,261,1425,805,3,1,0.0,0.75,1350
Mark Williams,Stephen Maguire,5,1469,1484,0.4824280526376499,0.4906260984783392,1247,817,9571,5477,843,558,6197,3525,431,242,1421,826,393,230,1330,770,3,2,0.0,0.6,1350
Michael White,Joe Perry,5,1353,1471,0.3646630049010261,0.42678022732016513,399,230,2727,1454,952,567,6886,3729,325,166,1127,605,415,231,1407,807,3,0,0.0,1.0,1350
Michael White,Mark Williams,5,1353,1469,0.366861583677872,0.42800386706848137,399,230,2727,1454,1247,817,9571,5477,325,166,1127,605,431,242,1421,826,3,2,0.0,0.6,1350
Michael White,Mark Selby,5,1353,1599,0.23659876170096011,0.3509194757554267,399,230,2727,1454,950,657,6993,4082,325,166,1127,605,617,385,1679,1029,3,2,0.0,0.6,1350
Michael White,Marco Fu,5,1353,1479,0.35591762463932514,0.4218947671156908,399,230,2727,1454,809,483,6009,3281,325,166,1127,605,442,261,1425,805,3,0,0.0,1.0,1350
Ricky Walden,Mark Williams,5,1435,1469,0.4602280879870827,0.4787627850337259,720,445,5189,2890,1247,817,9571,5477,435,239,1304,744,431,242,1421,826,3,2,0.0,0.6,1350
Ricky Walden,Joe Perry,5,1435,1471,0.4578977569988385,0.4775151752081999,720,445,5189,2890,952,567,6886,3729,435,239,1304,744,415,231,1407,807,3,2,0.0,0.6,1350
Ricky Walden,Michael White,5,1435,1353,0.5950946751482796,0.551071269307342,720,445,5189,2890,399,230,2727,1454,435,239,1304,744,325,166,1127,605,3,0,0.0,1.0,1350
Mark Selby,Marco Fu,5,1599,1479,0.6375307498125332,0.574442516811659,950,657,6993,4082,809,483,6009,3281,617,385,1679,1029,442,261,1425,805,3,1,0.0,0.75,1350
Mark Selby,Ricky Walden,5,1599,1435,0.6844381447775079,0.6010878788483698,950,657,6993,4082,720,445,5189,2890,617,385,1679,1029,435,239,1304,744,3,1,0.0,0.75,1350
Mark Selby,Joe Perry,5,1599,1471,0.6462561425041674,0.5793242521487495,950,657,6993,4082,952,567,6886,3729,617,385,1679,1029,415,231,1407,807,3,0,0.0,1.0,1350
Mark Selby,Mark Williams,5,1599,1469,0.6484247428452856,0.5805423048206596,950,657,6993,4082,1247,817,9571,5477,617,385,1679,1029,431,242,1421,826,3,0,0.0,1.0,1350
Joe Perry,Mark Williams,5,1471,1469,0.5023437353516541,0.5012499973958399,952,567,6886,3729,1247,817,9571,5477,415,231,1407,807,431,242,1421,826,3,2,0.0,0.6,1350
Stephen Maguire,Ricky Walden,5,1484,1435,0.5572072587665267,0.530586760182081,843,558,6197,3525,720,445,5189,2890,393,230,1330,770,435,239,1304,744,3,1,0.0,0.75,1350
Stephen Maguire,Joe Perry,5,1484,1471,0.5152303532348836,0.5081242849062608,843,558,6197,3525,952,567,6886,3729,393,230,1330,770,415,231,1407,807,3,2,0.0,0.6,1350
Stephen Maguire,Michael White,5,1484,1353,0.6495070845747472,0.5811509642893937,843,558,6197,3525,399,230,2727,1454,393,230,1330,770,325,166,1127,605,3,2,0.0,0.6,1350
Stephen Maguire,Mark Selby,5,1484,1599,0.3679626601508438,0.42861601832306767,843,558,6197,3525,950,657,6993,4082,393,230,1330,770,617,385,1679,1029,3,1,0.0,0.75,1350
Stephen Maguire,Marco Fu,5,1484,1479,0.5058591461271044,0.5031249593105316,843,558,6197,3525,809,483,6009,3281,393,230,1330,770,442,261,1425,805,3,1,0.0,0.75,1350
Marco Fu,Ricky Walden,5,1479,1435,0.551406994018993,0.5274723043445937,809,483,6009,3281,720,445,5189,2890,442,261,1425,805,435,239,1304,744,3,0,0.0,1.0,1350
Mark Selby,Michael White,5,1599,1353,0.7634012382990399,0.6490805242445733,950,657,6993,4082,399,230,2727,1454,617,385,1679,1029,325,166,1127,605,3,0,0.0,1.0,1350
Stephen Maguire,Ricky Walden,5,1484,1435,0.5572072587665267,0.530586760182081,843,558,6197,3525,720,445,5189,2890,393,230,1330,770,435,239,1304,744,3,0,0.0,1.0,1350
Stephen Maguire,Mark Selby,5,1484,1599,0.3679626601508438,0.42861601832306767,843,558,6197,3525,950,657,6993,4082,393,230,1330,770,617,385,1679,1029,3,2,0.0,0.6,1350
Ben Woollaston,Graeme Dott,5,1414,1378,0.5421022430011616,0.5224848247918001,513,296,3330,1781,781,459,6040,3240,346,181,1042,548,290,150,1090,608,3,0,0.0,1.0,1350
Mark Williams,Ricky Walden,5,1469,1435,0.5397719120129171,0.5212372149662741,1247,817,9571,5477,720,445,5189,2890,431,242,1421,826,435,239,1304,744,3,2,0.0,0.6,1350
Mark Williams,Mark Selby,5,1469,1599,0.35157525715471427,0.41945769517934034,1247,817,9571,5477,950,657,6993,4082,431,242,1421,826,617,385,1679,1029,3,2,0.0,0.6,1350
Mark Williams,Ben Woollaston,5,1469,1414,0.5641499172433742,0.5343209436693046,1247,817,9571,5477,513,296,3330,1781,431,242,1421,826,346,181,1042,548,3,1,0.0,0.75,1350
Mark Williams,Michael White,5,1469,1353,0.633138416322128,0.5719961329315186,1247,817,9571,5477,399,230,2727,1454,431,242,1421,826,325,166,1127,605,3,0,0.0,1.0,1350
Mark Williams,Graeme Dott,5,1469,1378,0.6052784486190135,0.5566309599222533,1247,817,9571,5477,781,459,6040,3240,431,242,1421,826,290,150,1090,608,3,1,0.0,0.75,1350
Michael White,Graeme Dott,5,1353,1378,0.47073170731370345,0.4843800842769844,399,230,2727,1454,781,459,6040,3240,325,166,1127,605,290,150,1090,608,3,1,0.0,0.75,1350
Michael White,Ben Woollaston,5,1353,1414,0.4289288354684101,0.4619487156141408,399,230,2727,1454,513,296,3330,1781,325,166,1127,605,346,181,1042,548,3,1,0.0,0.75,1350
Ricky Walden,Michael White,5,1435,1353,0.5950946751482796,0.551071269307342,720,445,5189,2890,399,230,2727,1454,435,239,1304,744,325,166,1127,605,3,0,0.0,1.0,1350
Ricky Walden,Ben Woollaston,5,1435,1414,0.5245924292801949,0.5131219861822433,720,445,5189,2890,513,296,3330,1781,435,239,1304,744,346,181,1042,548,3,1,0.0,0.75,1350
Mark Selby,Ricky Walden,5,1599,1435,0.6844381447775079,0.6010878788483698,950,657,6993,4082,720,445,5189,2890,617,385,1679,1029,435,239,1304,744,3,0,0.0,1.0,1350
Mark Selby,Ben Woollaston,5,1599,1414,0.7057954310986476,0.6136070778047783,950,657,6993,4082,513,296,3330,1781,617,385,1679,1029,346,181,1042,548,3,0,0.0,1.0,1350
Mark Selby,Neil Robertson,5,1599,1540,0.5687666005278796,0.5368082899889803,950,657,6993,4082,804,526,5929,3379,617,385,1679,1029,340,196,1413,835,3,1,0.0,0.75,1350
Mark Selby,Michael White,5,1599,1353,0.7634012382990399,0.6490805242445733,950,657,6993,4082,399,230,2727,1454,617,385,1679,1029,325,166,1127,605,3,2,0.0,0.6,1350
Neil Robertson,Mark Williams,5,1540,1469,0.5825528969218903,0.5442588584178731,804,526,5929,3379,1247,817,9571,5477,340,196,1413,835,431,242,1421,826,3,2,0.0,0.6,1350
Neil Robertson,Michael White,5,1540,1353,0.7077911868207196,0.6147918694922195,804,526,5929,3379,399,230,2727,1454,340,196,1413,835,325,166,1127,605,3,1,0.0,0.75,1350
Neil Robertson,Ricky Walden,5,1540,1435,0.6209631712437256,0.5652507475670999,804,526,5929,3379,720,445,5189,2890,340,196,1413,835,435,239,1304,744,3,1,0.0,0.75,1350
Neil Robertson,Ben Woollaston,5,1540,1414,0.6440823753606748,0.5781052328843092,804,526,5929,3379,513,296,3330,1781,340,196,1413,835,346,181,1042,548,3,0,0.0,1.0,1350
Graeme Dott,Mark Selby,5,1378,1599,0.2593666185416439,0.3652845846208415,781,459,6040,3240,950,657,6993,4082,290,150,1090,608,617,385,1679,1029,3,2,0.0,0.6,1350
Graeme Dott,Ricky Walden,5,1378,1435,0.43354050968264723,0.4644351620161461,781,459,6040,3240,720,445,5189,2890,290,150,1090,608,435,239,1304,744,3,2,0.0,0.6,1350
Graeme Dott,Neil Robertson,5,1378,1540,0.31763291654146486,0.40011163113600173,781,459,6040,3240,804,526,5929,3379,290,150,1090,608,340,196,1413,835,3,2,0.0,0.6,1350
Mark Williams,Graeme Dott,5,1469,1378,0.6052784486190135,0.5566309599222533,1247,817,9571,5477,781,459,6040,3240,431,242,1421,826,290,150,1090,608,3,2,0.0,0.6,1350
Mark Selby,Neil Robertson,5,1599,1540,0.5687666005278796,0.5368082899889803,950,657,6993,4082,804,526,5929,3379,617,385,1679,1029,340,196,1413,835,3,1,0.0,0.75,1350
Mark Williams,Mark Selby,5,1469,1599,0.35157525715471427,0.41945769517934034,1247,817,9571,5477,950,657,6993,4082,431,242,1421,826,617,385,1679,1029,3,0,0.0,1.0,1350
Kyren Wilson,Michael Holt,5,1454,1423,0.5362736578508261,0.519365308229932,342,212,2236,1236,738,436,5438,2908,407,231,989,552,483,267,1253,677,3,1,0.0,0.75,1350
Kyren Wilson,Mark Selby,5,1454,1599,0.3354820857214928,0.4103545214372688,342,212,2236,1236,950,657,6993,4082,407,231,989,552,617,385,1679,1029,3,1,0.0,0.75,1350
Kyren Wilson,David Gilbert,5,1454,1434,0.5234228607127622,0.5124973964842103,342,212,2236,1236,497,283,3657,1961,407,231,989,552,370,211,1060,583,3,1,0.0,0.75,1350
Kyren Wilson,Ricky Walden,5,1454,1435,0.5222530728765749,0.5118727677562528,342,212,2236,1236,720,445,5189,2890,407,231,989,552,435,239,1304,744,3,0,0.0,1.0,1350
Ricky Walden,Mark Davis,5,1435,1453,0.478916923307237,0.4887518980531451,720,445,5189,2890,991,601,7086,3881,435,239,1304,744,341,198,1355,767,3,0,0.0,1.0,1350
Mark Selby,Ricky Walden,5,1599,1435,0.6844381447775079,0.6010878788483698,950,657,6993,4082,720,445,5189,2890,617,385,1679,1029,435,239,1304,744,3,1,0.0,0.75,1350
Mark Selby,Mark Davis,5,1599,1453,0.6655796568538406,0.5902502519301834,950,657,6993,4082,991,601,7086,3881,617,385,1679,1029,341,198,1355,767,3,1,0.0,0.75,1350
Mark Selby,David Gilbert,5,1599,1434,0.6854713271777031,0.6016871801828567,950,657,6993,4082,497,283,3657,1961,617,385,1679,1029,370,211,1060,583,3,1,0.0,0.75,1350
Mark Selby,Graeme Dott,5,1599,1378,0.7406333814583561,0.6347154153791584,950,657,6993,4082,781,459,6040,3240,617,385,1679,1029,290,150,1090,608,3,0,0.0,1.0,1350
Mark Selby,Michael Holt,5,1599,1423,0.6967309158399476,0.6082590307465143,950,657,6993,4082,738,436,5438,2908,617,385,1679,1029,483,267,1253,677,3,0,0.0,1.0,1350
Michael Holt,David Gilbert,5,1423,1434,0.4871118116730946,0.4931254332354657,738,436,5438,2908,497,283,3657,1961,483,267,1253,677,370,211,1060,583,3,2,0.0,0.6,1350
Michael Holt,Graeme Dott,5,1423,1378,0.552568046620812,0.528095374408387,738,436,5438,2908,781,459,6040,3240,483,267,1253,677,290,150,1090,608,3,0,0.0,1.0,1350
Michael Holt,Ricky Walden,5,1423,1435,0.48594066335072617,0.4925005624493796,738,436,5438,2908,720,445,5189,2890,483,267,1253,677,435,239,1304,744,3,2,0.0,0.6,1350
David Gilbert,Ricky Walden,5,1434,1435,0.49882812683105177,0.4993750003255206,497,283,3657,1961,720,445,5189,2890,370,211,1060,583,435,239,1304,744,3,0,0.0,1.0,1350
Graeme Dott,Ricky Walden,5,1378,1435,0.43354050968264723,0.4644351620161461,781,459,6040,3240,720,445,5189,2890,290,150,1090,608,435,239,1304,744,3,2,0.0,0.6,1350
Graeme Dott,Kyren Wilson,5,1378,1454,0.4117340918258475,0.45264238185691075,781,459,6040,3240,342,212,2236,1236,290,150,1090,608,407,231,989,552,3,1,0.0,0.75,1350
Graeme Dott,David Gilbert,5,1378,1434,0.4346949935826374,0.4650570548417855,781,459,6040,3240,497,283,3657,1961,290,150,1090,608,370,211,1060,583,3,1,0.0,0.75,1350
Mark Davis,Graeme Dott,5,1453,1378,0.587124886219757,0.5467381519846138,991,601,7086,3881,781,459,6040,3240,341,198,1355,767,290,150,1090,608,3,1,0.0,0.75,1350
Mark Davis,Michael Holt,5,1453,1423,0.5351068809607274,0.5187412158785352,991,601,7086,3881,738,436,5438,2908,341,198,1355,767,483,267,1253,677,3,1,0.0,0.75,1350
Mark Davis,Kyren Wilson,5,1453,1454,0.49882812683105177,0.4993750003255206,991,601,7086,3881,342,212,2236,1236,341,198,1355,767,407,231,989,552,3,1,0.0,0.75,1350
Mark Davis,David Gilbert,5,1453,1434,0.5222530728765749,0.5118727677562528,991,601,7086,3881,497,283,3657,1961,341,198,1355,767,370,211,1060,583,3,2,0.0,0.6,1350
Kyren Wilson,Mark Davis,5,1454,1453,0.5011718731689482,0.5006249996744794,342,212,2236,1236,991,601,7086,3881,407,231,989,552,341,198,1355,767,3,2,0.0,0.6,1350
Mark Selby,Michael Holt,5,1599,1423,0.6967309158399476,0.6082590307465143,950,657,6993,4082,738,436,5438,2908,617,385,1679,1029,483,267,1253,677,3,0,0.0,1.0,1350
Mark Selby,Kyren Wilson,5,1599,1454,0.6645179142785071,0.5896454785627312,950,657,6993,4082,342,212,2236,1236,617,385,1679,1029,407,231,989,552,3,1,0.0,0.75,1350
Kyren Wilson,Mark Davis,5,1454,1453,0.5011718731689482,0.5006249996744794,342,212,2236,1236,991,601,7086,3881,407,231,989,552,341,198,1355,767,3,2,0.0,0.6,1350
Kyren Wilson,Fergal O'Brien,5,1454,1370,0.5973640771113724,0.5523079095743253,342,212,2236,1236,826,475,6245,3306,407,231,989,552,272,143,922,496,3,1,0.0,0.75,1350
Fergal O'Brien,Michael Holt,5,1370,1423,0.4381620350472032,0.46692337763389535,826,475,6245,3306,738,436,5438,2908,272,143,922,496,483,267,1253,677,3,2,0.0,0.6,1350
Fergal O'Brien,Martin Gould,5,1370,1526,0.3238831674196604,0.40371730070321216,826,475,6245,3306,591,360,3973,2184,272,143,922,496,336,187,1026,592,3,2,0.0,0.6,1350
Michael Holt,Martin Gould,5,1423,1526,0.3812650263299546,0.43597836257374245,738,436,5438,2908,591,360,3973,2184,483,267,1253,677,336,187,1026,592,3,1,0.0,0.75,1350
Michael Holt,Ali Carter,5,1423,1490,0.42203124937106606,0.4582226307163632,738,436,5438,2908,832,503,5921,3265,483,267,1253,677,434,247,990,551,3,2,0.0,0.6,1350
Michael Holt,Kyren Wilson,5,1423,1454,0.46372634214917396,0.4806346917700681,738,436,5438,2908,342,212,2236,1236,483,267,1253,677,407,231,989,552,3,2,0.0,0.6,1350
Martin Gould,Kyren Wilson,5,1526,1454,0.5836970593034508,0.5448788923735801,591,360,3973,2184,342,212,2236,1236,336,187,1026,592,407,231,989,552,3,2,0.0,0.6,1350
Martin Gould,Mark Davis,5,1526,1453,0.5848404517138963,0.5454987872127821,591,360,3973,2184,991,601,7086,3881,336,187,1026,592,341,198,1355,767,3,2,0.0,0.6,1350
Mark Davis,Michael Holt,5,1453,1423,0.5351068809607274,0.5187412158785352,991,601,7086,3881,738,436,5438,2908,341,198,1355,767,483,267,1253,677,3,1,0.0,0.75,1350
Mark Davis,Fergal O'Brien,5,1453,1370,0.5962298160217396,0.5516896693427,991,601,7086,3881,826,475,6245,3306,341,198,1355,767,272,143,922,496,3,1,0.0,0.75,1350
Mark Davis,Dominic Dale,5,1453,1361,0.6064053199065478,0.5572478545985555,991,601,7086,3881,858,496,6187,3306,341,198,1355,767,375,203,1186,649,3,2,0.0,0.6,1350
Dominic Dale,Fergal O'Brien,5,1361,1370,0.4894544596699453,0.4943752372926745,858,496,6187,3306,826,475,6245,3306,375,203,1186,649,272,143,922,496,3,0,0.0,1.0,1350
Dominic Dale,Michael Holt,5,1361,1423,0.427777534253478,0.46132739479349205,858,496,6187,3306,738,436,5438,2908,375,203,1186,649,483,267,1253,677,3,2,0.0,0.6,1350
Dominic Dale,Kyren Wilson,5,1361,1454,0.39246877605402186,0.4421354272792655,858,496,6187,3306,342,212,2236,1236,375,203,1186,649,407,231,989,552,3,2,0.0,0.6,1350
Dominic Dale,Martin Gould,5,1361,1526,0.3145286728222967,0.3983128198171432,858,496,6187,3306,591,360,3973,2184,375,203,1186,649,336,187,1026,592,3,1,0.0,0.75,1350
Ali Carter,Mark Davis,5,1490,1453,0.5432668246103534,0.523108525489089,832,503,5921,3265,991,601,7086,3881,434,247,990,551,341,198,1355,767,3,0,0.0,1.0,1350
Ali Carter,Kyren Wilson,5,1490,1454,0.5421022430011616,0.5224848247918001,832,503,5921,3265,342,212,2236,1236,434,247,990,551,407,231,989,552,3,0,0.0,1.0,1350
Ali Carter,Fergal O'Brien,5,1490,1370,0.6375307498125332,0.574442516811659,832,503,5921,3265,826,475,6245,3306,434,247,990,551,272,143,922,496,3,2,0.0,0.6,1350
Ali Carter,Martin Gould,5,1490,1526,0.4578977569988385,0.4775151752081999,832,503,5921,3265,591,360,3973,2184,434,247,990,551,336,187,1026,592,3,1,0.0,0.75,1350
Ali Carter,Dominic Dale,5,1490,1361,0.6473410927124849,0.5799334001885058,832,503,5921,3265,858,496,6187,3306,434,247,990,551,375,203,1186,649,3,1,0.0,0.75,1350
Dominic Dale,Michael Holt,5,1361,1423,0.427777534253478,0.46132739479349205,858,496,6187,3306,738,436,5438,2908,375,203,1186,649,483,267,1253,677,3,0,0.0,1.0,1350
Ali Carter,Mark Davis,5,1490,1453,0.5432668246103534,0.523108525489089,832,503,5921,3265,991,601,7086,3881,434,247,990,551,341,198,1355,767,3,0,0.0,1.0,1350
Ali Carter,Dominic Dale,5,1490,1361,0.6473410927124849,0.5799334001885058,832,503,5921,3265,858,496,6187,3306,434,247,990,551,375,203,1186,649,3,1,0.0,0.75,1350
Kyren Wilson,Dominic Dale,5,1454,1361,0.6075312239459781,0.5578645727207344,342,212,2236,1236,858,496,6187,3306,407,231,989,552,375,203,1186,649,3,1,0.0,0.75,1350
Kyren Wilson,Michael Holt,5,1454,1423,0.5362736578508261,0.519365308229932,342,212,2236,1236,738,436,5438,2908,407,231,989,552,483,267,1253,677,3,0,0.0,1.0,1350
Kyren Wilson,Stuart Bingham,5,1454,1542,0.3981078725345865,0.4452207648927852,342,212,2236,1236,986,626,7229,4119,407,231,989,552,561,335,1733,1021,3,1,0.0,0.75,1350
Liang Wenbo,Dominic Dale,5,1423,1361,0.5722224657465222,0.538672605206508,531,323,3700,2047,858,496,6187,3306,462,260,1325,743,375,203,1186,649,3,0,0.0,1.0,1350
Liang Wenbo,Mark Davis,5,1423,1453,0.46489311903927244,0.4812587841214648,531,323,3700,2047,991,601,7086,3881,462,260,1325,743,341,198,1355,767,3,0,0.0,1.0,1350
Liang Wenbo,Michael Holt,5,1423,1423,0.5,0.5,531,323,3700,2047,738,436,5438,2908,462,260,1325,743,483,267,1253,677,3,2,0.0,0.6,1350
Liang Wenbo,Kyren Wilson,5,1423,1454,0.46372634214917396,0.4806346917700681,531,323,3700,2047,342,212,2236,1236,462,260,1325,743,407,231,989,552,3,1,0.0,0.75,1350
Liang Wenbo,Stuart Bingham,5,1423,1542,0.3635655201661674,0.42616874240839064,531,323,3700,2047,986,626,7229,4119,462,260,1325,743,561,335,1733,1021,3,2,0.0,0.6,1350
Matthew Selt,Kyren Wilson,5,1391,1454,0.42662690070144405,0.4607061941016405,486,267,3371,1772,342,212,2236,1236,256,137,1161,659,407,231,989,552,3,2,0.0,0.6,1350
Matthew Selt,Michael Holt,5,1391,1423,0.46255990413441406,0.48001065984441826,486,267,3371,1772,738,436,5438,2908,256,137,1161,659,483,267,1253,677,3,1,0.0,0.75,1350
Matthew Selt,Mark Davis,5,1391,1453,0.427777534253478,0.46132739479349205,486,267,3371,1772,991,601,7086,3881,256,137,1161,659,341,198,1355,767,3,2,0.0,0.6,1350
Matthew Selt,Liang Wenbo,5,1391,1423,0.46255990413441406,0.48001065984441826,486,267,3371,1772,531,323,3700,2047,256,137,1161,659,462,260,1325,743,3,0,0.0,1.0,1350
Mark Davis,Kyren Wilson,5,1453,1454,0.49882812683105177,0.4993750003255206,991,601,7086,3881,342,212,2236,1236,341,198,1355,767,407,231,989,552,3,1,0.0,0.75,1350
Mark Davis,Stuart Bingham,5,1453,1542,0.3969781572500606,0.44460335167941084,991,601,7086,3881,986,626,7229,4119,341,198,1355,767,561,335,1733,1021,3,0,0.0,1.0,1350
Mark Davis,Michael Holt,5,1453,1423,0.5351068809607274,0.5187412158785352,991,601,7086,3881,738,436,5438,2908,341,198,1355,767,483,267,1253,677,3,2,0.0,0.6,1350
Mark Davis,Dominic Dale,5,1453,1361,0.6064053199065478,0.5572478545985555,991,601,7086,3881,858,496,6187,3306,341,198,1355,767,375,203,1186,649,3,1,0.0,0.75,1350
Dominic Dale,Michael Holt,5,1361,1423,0.427777534253478,0.46132739479349205,858,496,6187,3306,738,436,5438,2908,375,203,1186,649,483,267,1253,677,3,2,0.0,0.6,1350
Dominic Dale,Matthew Selt,5,1361,1391,0.46489311903927244,0.4812587841214648,858,496,6187,3306,486,267,3371,1772,375,203,1186,649,256,137,1161,659,3,0,0.0,1.0,1350
Stuart Bingham,Michael Holt,5,1542,1423,0.6364344798338326,0.5738312575916094,986,626,7229,4119,738,436,5438,2908,561,335,1733,1021,483,267,1253,677,3,1,0.0,0.75,1350
Stuart Bingham,Dominic Dale,5,1542,1361,0.7017835272842731,0.6112334666758695,986,626,7229,4119,858,496,6187,3306,561,335,1733,1021,375,203,1186,649,3,1,0.0,0.75,1350
Stuart Bingham,Matthew Selt,5,1542,1391,0.6708666717218428,0.5932699921071872,986,626,7229,4119,486,267,3371,1772,561,335,1733,1021,256,137,1161,659,3,2,0.0,0.6,1350
Liang Wenbo,Kyren Wilson,5,1423,1454,0.46372634214917396,0.4806346917700681,531,323,3700,2047,342,212,2236,1236,462,260,1325,743,407,231,989,552,3,2,0.0,0.6,1350
Matthew Selt,Mark Davis,5,1391,1453,0.427777534253478,0.46132739479349205,486,267,3371,1772,991,601,7086,3881,256,137,1161,659,341,198,1355,767,3,1,0.0,0.75,1350
Matthew Selt,Liang Wenbo,5,1391,1423,0.46255990413441406,0.48001065984441826,486,267,3371,1772,531,323,3700,2047,256,137,1161,659,462,260,1325,743,3,2,0.0,0.6,1350
Mark Williams,Stephen Maguire,5,1469,1484,0.4824280526376499,0.4906260984783392,1247,817,9571,5477,843,558,6197,3525,431,242,1421,826,393,230,1330,770,3,2,0.0,0.6,1350
Mark Williams,Ronnie O'Sullivan,5,1469,1690,0.2593666185416439,0.3652845846208415,1247,817,9571,5477,1121,852,9868,6016,431,242,1421,826,425,270,1025,663,3,0,0.0,1.0,1350
Mark Williams,Matthew Selt,5,1469,1391,0.5905455113158475,0.5485961085831343,1247,817,9571,5477,486,267,3371,1772,431,242,1421,826,256,137,1161,659,3,0,0.0,1.0,1350
Mark Williams,Ali Carter,5,1469,1490,0.4754075707198051,0.4868780138177567,1247,817,9571,5477,832,503,5921,3265,431,242,1421,826,434,247,990,551,3,0,0.0,1.0,1350
Judd Trump,Ali Carter,5,1643,1490,0.6729712107074448,0.5944759307482401,778,524,5294,3117,832,503,5921,3265,486,303,1850,1140,434,247,990,551,3,1,0.0,0.75,1350
Judd Trump,Mark Williams,5,1643,1469,0.6946982930911428,0.6070669880717036,778,524,5294,3117,1247,817,9571,5477,486,303,1850,1140,431,242,1421,826,3,0,0.0,1.0,1350
Judd Trump,Stephen Maguire,5,1643,1484,0.6792488549552749,0.5980868603322034,778,524,5294,3117,843,558,6197,3525,486,303,1850,1140,393,230,1330,770,3,1,0.0,0.75,1350
Matthew Selt,Judd Trump,5,1391,1643,0.23131676353286126,0.34751053780725555,486,267,3371,1772,778,524,5294,3117,256,137,1161,659,486,303,1850,1140,3,2,0.0,0.6,1350
Matthew Selt,Stephen Maguire,5,1391,1484,0.39246877605402186,0.4421354272792655,486,267,3371,1772,843,558,6197,3525,256,137,1161,659,393,230,1330,770,3,1,0.0,0.75,1350
Matthew Selt,Mark Selby,5,1391,1599,0.27167625849575294,0.3728522336868044,486,267,3371,1772,950,657,6993,4082,256,137,1161,659,617,385,1679,1029,3,0,0.0,1.0,1350
Mark Selby,Judd Trump,5,1599,1643,0.44859300598100715,0.47252769565540637,950,657,6993,4082,778,524,5294,3117,617,385,1679,1029,486,303,1850,1140,3,2,0.0,0.6,1350
Mark Selby,Mark Williams,5,1599,1469,0.6484247428452856,0.5805423048206596,950,657,6993,4082,1247,817,9571,5477,617,385,1679,1029,431,242,1421,826,3,0,0.0,1.0,1350
Ronnie O'Sullivan,Ali Carter,5,1690,1490,0.7205943074123384,0.6224593312018546,1121,852,9868,6016,832,503,5921,3265,425,270,1025,663,434,247,990,551,3,2,0.0,0.6,1350
Ronnie O'Sullivan,Matthew Selt,5,1690,1391,0.8075285677017837,0.6786337178522214,1121,852,9868,6016,486,267,3371,1772,425,270,1025,663,256,137,1161,659,3,2,0.0,0.6,1350
Ronnie O'Sullivan,Stephen Maguire,5,1690,1484,0.7264022557856062,0.6259778577666038,1121,852,9868,6016,843,558,6197,3525,425,270,1025,663,393,230,1330,770,3,2,0.0,0.6,1350
Ronnie O'Sullivan,Mark Selby,5,1690,1599,0.6052784486190135,0.5566309599222533,1121,852,9868,6016,950,657,6993,4082,425,270,1025,663,617,385,1679,1029,3,2,0.0,0.6,1350
Ronnie O'Sullivan,Judd Trump,5,1690,1643,0.5548886735914911,0.5293412500457856,1121,852,9868,6016,778,524,5294,3117,425,270,1025,663,486,303,1850,1140,3,0,0.0,1.0,1350
Stephen Maguire,Mark Selby,5,1484,1599,0.3679626601508438,0.42861601832306767,843,558,6197,3525,950,657,6993,4082,393,230,1330,770,617,385,1679,1029,3,2,0.0,0.6,1350
Ali Carter,Stephen Maguire,5,1490,1484,0.5070308545144336,0.5037499296890819,832,503,5921,3265,843,558,6197,3525,434,247,990,551,393,230,1330,770,3,2,0.0,0.6,1350
Ali Carter,Mark Selby,5,1490,1599,0.3745935792599274,0.43229345192664,832,503,5921,3265,950,657,6993,4082,434,247,990,551,617,385,1679,1029,3,1,0.0,0.75,1350
Ali Carter,Matthew Selt,5,1490,1391,0.6142658017738556,0.5615610703361955,832,503,5921,3265,486,267,3371,1772,434,247,990,551,256,137,1161,659,3,1,0.0,0.75,1350
Judd Trump,Mark Williams,5,1643,1469,0.6946982930911428,0.6070669880717036,778,524,5294,3117,1247,817,9571,5477,486,303,1850,1140,431,242,1421,826,3,2,0.0,0.6,1350
Ronnie O'Sullivan,Matthew Selt,5,1690,1391,0.8075285677017837,0.6786337178522214,1121,852,9868,6016,486,267,3371,1772,425,270,1025,663,256,137,1161,659,3,0,0.0,1.0,1350
Judd Trump,Ronnie O'Sullivan,5,1643,1690,0.44511132640850887,0.47065874995421436,778,524,5294,3117,1121,852,9868,6016,486,303,1850,1140,425,270,1025,663,3,2,0.0,0.6,1350
Ross Vallance,Robert Carlisle,7,951,936,0.5204982038546295,0.5093739015216607,15,4,72,25,9,1,49,15,5,1,19,7,0,0,10,2,4,2,0.0,0.6666666666666666,2619
Niu Zhuang,Wang Yuchen,7,1037,1060,0.46858930565080326,0.4856289593029398,27,10,151,60,40,12,253,98,12,2,98,38,90,35,158,62,4,3,0.0,0.5714285714285714,2619
Cao Yupeng,Andrew Higginson,7,1223,1353,0.32831469717042555,0.41945769517934034,202,98,1450,722,665,399,4703,2584,156,67,535,257,278,149,841,451,4,0,0.0,1.0,2619
Zhou Yuelong,Ian Preece,7,1352,1230,0.661777191191235,0.5756643510425494,124,67,838,438,190,107,1385,722,271,142,674,359,120,63,120,63,4,1,0.0,0.8,2619
Zhang Yong,Fergal O'Brien,7,1100,1359,0.1893551436986179,0.34355312754339407,54,19,336,136,832,477,6271,3316,141,52,278,111,298,153,948,506,4,1,0.0,0.8,2619
Mei Xiwen,Kurt Maflin,7,1288,1366,0.3946945160108152,0.4514038914168657,63,33,414,209,478,277,3203,1731,139,77,189,103,297,163,850,441,4,0,0.0,1.0,2619
Fang Xiongman,David Gilbert,7,1149,1419,0.17956735481205705,0.33737816282991745,46,22,258,123,503,284,3682,1971,104,48,198,95,395,221,1085,593,4,3,0.0,0.5714285714285714,2619
Ben Woollaston,Mark Allen,7,1382,1524,0.31369223207290564,0.41217046151748854,519,297,3351,1787,657,424,4502,2532,367,187,1063,554,409,233,1198,687,4,3,0.0,0.5714285714285714,2619
Kyren Wilson,Chen Zhe,7,1453,1216,0.7900435532881105,0.643938555965633,363,222,2324,1281,178,89,1086,541,495,276,1077,597,109,51,312,149,4,2,0.0,0.6666666666666666,2619
Gary Wilson,Lyu Haotian,7,1352,1156,0.7480902113030796,0.6201064323430902,349,203,2239,1220,79,31,546,243,205,108,705,359,31,18,286,124,4,2,0.0,0.6666666666666666,2619
Jimmy White,Akani Songsermsawad,7,1233,1285,0.42930455538057166,0.4675456936126812,1392,780,11968,6300,39,18,293,147,152,70,542,249,225,118,254,130,4,1,0.0,0.8,2619
Michael White,James Wattana,7,1371,1180,0.7426684543010009,0.6171573626529722,412,236,2777,1477,781,429,6600,3473,375,189,1177,628,198,91,461,197,4,0,0.0,1.0,2619
Liang Wenbo,Sanderson Lam,7,1450,1136,0.8561477589533566,0.6867567266439019,539,329,3733,2067,109,45,652,294,495,280,1358,763,133,52,429,194,4,2,0.0,0.6666666666666666,2619
Daniel Wells,Shaun Murphy,7,1266,1515,0.19855056662581022,0.34921307920316513,306,150,2050,1015,931,612,6865,3925,200,96,625,308,425,247,1691,1013,4,3,0.0,0.5714285714285714,2619
Ricky Walden,Billy Joe Castle,7,1385,1068,0.858383853016921,0.6883678768310286,752,457,5312,2941,16,9,84,47,558,290,1427,795,0,0,41,23,4,2,0.0,0.6666666666666666,2619
Chris Wakelin,Thor Chuan Leong,7,1274,1127,0.692311529960642,0.5908547524545943,132,67,892,447,54,16,357,141,226,108,680,338,159,63,357,141,4,2,0.0,0.6666666666666666,2619
Judd Trump,Robin Hull,7,1649,1374,0.8247679763275149,0.665410558746814,794,534,5359,3154,494,299,3759,2069,551,340,1915,1177,217,116,582,306,4,0,0.0,1.0,2619
Chris Totten,Sam Baird,7,992,1364,0.10498328805320581,0.28292471450702744,9,2,51,21,295,157,2047,1059,28,12,47,21,311,160,790,408,4,1,0.0,0.8,2619
Allan Taylor,Soheil Vahedi,7,1155,1008,0.692311529960642,0.5908547524545943,252,118,1491,733,5,1,35,13,149,55,470,189,0,0,35,13,4,3,0.0,0.5714285714285714,2619
Joe Swail,Lukas Kleckers,7,1263,1087,0.726023440718493,0.6082590307465143,801,432,6267,3265,41,18,246,116,197,98,773,396,94,45,216,102,4,0,0.0,1.0,2619
Craig Steadman,Ken Doherty,7,1262,1272,0.4863309727288301,0.49375032550048964,394,216,2609,1377,1081,659,8870,4873,207,101,750,382,196,91,747,371,4,1,0.0,0.8,2619
Elliot Slessor,Rhys Clark,7,1192,1230,0.44820271004203943,0.4762678458734389,121,53,722,332,97,45,594,278,134,60,460,209,192,84,417,189,4,2,0.0,0.6666666666666666,2619
Eden Sharav,Mark Davis,7,1172,1447,0.175232023672485,0.334589441253186,104,52,620,300,1012,612,7172,3924,136,55,479,226,427,241,1441,810,4,3,0.0,0.5714285714285714,2619
Noppon Saengkham,Martin Gould,7,1279,1495,0.23087760377680316,0.3681875822638983,161,69,1159,535,597,362,4000,2195,238,116,748,356,363,198,1053,603,4,3,0.0,0.5714285714285714,2619
Neil Robertson,Rod Lawler,7,1544,1286,0.8097380368967944,0.6558828412078137,811,530,5958,3395,781,427,5951,3095,369,212,1442,851,255,122,821,413,4,0,0.0,1.0,2619
Jimmy Robertson,Paul Davison,7,1374,1174,0.7523810515908644,0.6224593312018546,413,224,2764,1438,628,330,4439,2261,255,143,931,506,161,61,580,274,4,3,0.0,0.5714285714285714,2619
Joe Perry,Chen Zifan,7,1437,1074,0.8895753795158947,0.7124883131320702,964,571,6936,3749,36,17,212,98,465,251,1457,827,46,21,162,71,4,2,0.0,0.6666666666666666,2619
Ronnie O'Sullivan,Michael Georgiou,7,1713,1293,0.9206146360344621,0.740774899182154,1137,866,9934,6060,175,82,1067,525,491,314,1091,707,232,120,602,303,4,1,0.0,0.8,2619
Robert Milkins,Oliver Lines,7,1358,1236,0.661777191191235,0.5756643510425494,783,472,5717,3108,156,82,967,497,374,189,1225,642,200,92,640,317,4,2,0.0,0.6666666666666666,2619
Hammad Miah,Matthew Stevens,7,1195,1379,0.2650291458891245,0.38698582386066455,104,40,685,301,892,524,6936,3786,184,83,510,223,267,149,850,446,4,1,0.0,0.8,2619
Alan McManus,Matthew Selt,7,1453,1436,0.5232282019769063,0.5106234010049637,888,530,7464,3966,501,276,3432,1804,324,171,1042,575,317,169,1222,691,4,2,0.0,0.6666666666666666,2619
Rory McLeod,Graeme Dott,7,1291,1376,0.38551292727713543,0.4470740118670941,529,290,3928,2046,794,465,6094,3263,249,121,687,338,344,173,1144,631,4,2,0.0,0.6666666666666666,2619
Anthony McGill,Ryan Day,7,1471,1452,0.5259570402770714,0.5118727677562528,400,245,2617,1454,826,500,5762,3182,387,224,1105,617,446,252,1501,840,4,0,0.0,1.0,2619
Mitchell Mann,Hossein Vafaei,7,1238,1238,0.5,0.5,203,95,1283,620,53,27,413,204,228,103,520,233,136,65,302,151,4,3,0.0,0.5714285714285714,2619
Stephen Maguire,Alex Borg,7,1514,1140,0.896197449963507,0.7180885751833498,857,566,6260,3559,347,151,2493,1147,456,264,1393,804,146,64,433,195,4,0,0.0,1.0,2619
Peter Lines,Yuan Sijun,7,1299,1169,0.6716853028295744,0.5805423048206596,733,397,5333,2771,35,12,236,100,241,125,659,316,104,59,196,89,4,0,0.0,1.0,2619
Christopher Keogan,Nigel Bond,7,1182,1270,0.38159841566069774,0.4452207648927852,118,50,654,311,823,455,6542,3445,133,63,400,205,191,86,571,269,4,0,0.0,1.0,2619
Ding Junhui,Jak Jones,7,1529,1171,0.8864609774555678,0.7099209183344533,666,447,5056,2893,141,57,911,406,582,339,1310,770,93,39,300,123,4,2,0.0,0.6666666666666666,2619
Mark Joyce,Martin O'Donnell,7,1347,1301,0.5626145694127913,0.5287183569514396,407,214,2936,1495,260,125,1601,801,233,117,744,381,205,105,568,298,4,2,0.0,0.6666666666666666,2619
Jamie Jones,Barry Hawkins,7,1343,1490,0.30768847003935823,0.4091452475454058,448,270,2964,1612,844,521,6038,3350,242,127,879,475,503,286,1403,782,4,2,0.0,0.6666666666666666,2619
Ashley Hugill,Ross Vallance,7,1174,951,0.7762304913665884,0.6358738914270539,73,36,404,199,15,4,72,25,172,84,382,189,5,1,19,7,4,3,0.0,0.5714285714285714,2619
Michael Holt,Robbie Williams,7,1368,1319,0.5666587144886649,0.530586760182081,758,442,5522,2941,316,173,2039,1047,567,300,1337,710,244,121,763,382,4,0,0.0,1.0,2619
Liam Highfield,John Astley,7,1382,1269,0.6504866469700167,0.5701590253818352,302,163,2060,1088,155,74,951,445,234,122,677,363,181,93,393,172,4,2,0.0,0.6666666666666666,2619
John Higgins,Jack Lisowski,7,1519,1351,0.7169197076810394,0.6034832498647263,1314,928,10552,6235,350,206,2277,1233,570,342,1629,962,251,136,750,391,4,1,0.0,0.8,2619
Li Hang,Sean O'Sullivan,7,1294,1210,0.6131794491635048,0.5523079095743253,208,104,1484,763,167,72,1050,494,230,118,758,403,152,65,577,287,4,1,0.0,0.8,2619
Xiao Guodong,Li Yuan,7,1366,1070,0.8422000503552975,0.676995856238523,372,216,2481,1365,26,14,139,68,254,136,846,472,0,0,49,23,4,1,0.0,0.8,2619
Gerard Greene,Zhao Xintong,7,1232,1310,0.3946945160108152,0.4514038914168657,667,361,4992,2614,99,54,661,358,129,61,541,267,212,105,486,259,4,2,0.0,0.6666666666666666,2619
David Grace,Alexander Ursenbacher,7,1275,1148,0.6679843009449487,0.578714862460134,280,128,1855,896,72,30,430,195,209,105,599,279,37,22,312,142,4,1,0.0,0.8,2619
Marco Fu,Duane Jones,7,1458,1233,0.7782368395177592,0.6370307944803831,814,484,6027,3287,131,71,767,415,460,267,1443,811,159,68,352,174,4,0,0.0,1.0,2619
Tom Ford,Ian Burns,7,1375,1292,0.611870456908998,0.5516896693427,541,310,3859,2057,288,152,1813,934,277,146,864,462,222,109,651,313,4,1,0.0,0.8,2619
Peter Ebdon,Aditya Mehta,7,1341,1245,0.6287764284690306,0.5597136492671929,1023,586,8050,4322,254,125,1743,862,239,121,1032,559,86,35,523,258,4,2,0.0,0.6666666666666666,2619
Mike Dunn,Adam Duffy,7,1258,1336,0.3946945160108152,0.4514038914168657,661,352,4886,2518,305,159,1934,1003,248,118,807,421,233,124,717,385,4,0,0.0,1.0,2619
Kurt Dunham,Tian Pengfei,7,960,1323,0.11042462048410537,0.2875116868679298,13,2,74,20,331,187,2189,1170,74,20,74,20,197,89,758,411,4,2,0.0,0.6666666666666666,2619
Scott Donaldson,Josh Boileau,7,1283,1073,0.7629243149475251,0.6283161882953663,184,92,1222,597,62,30,339,163,232,114,679,323,92,31,241,115,4,2,0.0,0.6666666666666666,2619
Yu Delu,Lee Walker,7,1245,1256,0.48496472766542054,0.4931254332354657,236,120,1640,826,421,233,3272,1691,216,94,647,312,188,85,501,238,4,2,0.0,0.6666666666666666,2619
Dominic Dale,Basem Eltahhan,7,1382,999,0.9013844742212599,0.7226209843749648,872,503,6243,3334,5,2,35,12,431,231,1242,677,35,12,35,12,4,1,0.0,0.8,2619
Sam Craigie,Boonyarit Keattikun,7,1288,1130,0.7053268662779104,0.5974857658270161,120,63,719,379,29,8,223,96,151,74,275,153,110,42,223,96,4,2,0.0,0.6666666666666666,2619
Ali Carter,Anthony Hamilton,7,1540,1380,0.7076639986592218,0.598687660112452,846,513,5977,3300,788,459,6106,3272,490,282,1046,586,318,177,712,365,4,0,0.0,1.0,2619
Stuart Carrington,Jackson Page,7,1354,1000,0.883921914952807,0.7078572714244814,277,150,1769,931,0,0,0,0,251,133,716,363,0,0,0,0,4,1,0.0,0.8,2619
Alfie Burden,Ross Muir,7,1325,1216,0.6454220086166967,0.5677065480733601,623,337,4531,2338,118,44,791,354,222,108,653,327,185,87,574,253,4,2,0.0,0.6666666666666666,2619
Yan Bingtao,Matthew Bolton,7,1354,989,0.8908027727664171,0.713511467542637,64,36,426,230,1,0,5,0,197,112,387,207,0,0,5,0,4,0,0.0,1.0,2619
Jamie Barrett,Thepchaiya Un-Nooh,7,1090,1372,0.1692820411623352,0.33070459722255396,54,24,318,151,266,153,1916,1017,113,48,171,77,301,151,983,532,4,3,0.0,0.5714285714285714,2619
Zhang Anda,Mark King,7,1367,1435,0.4079185042473741,0.45760205922564895,266,134,1860,934,867,486,6380,3355,265,143,729,377,358,203,1055,573,4,1,0.0,0.8,2619
Hamza Akbar,Leo Fernandez,7,1057,1237,0.26948305440756287,0.389360766050778,20,3,147,51,407,246,3100,1673,118,42,147,51,34,12,172,85,4,1,0.0,0.8,2619
Cao Yupeng,Allan Taylor,7,1223,1155,0.5920814957526257,0.542397940774351,202,98,1450,722,252,118,1491,733,156,67,535,257,149,55,470,189,4,3,0.0,0.5714285714285714,2619
Zhou Yuelong,Yu Delu,7,1352,1245,0.6428793213307702,0.5664790559676278,124,67,838,438,236,120,1640,826,271,142,674,359,216,94,647,312,4,2,0.0,0.6666666666666666,2619
Kyren Wilson,Dominic Dale,7,1453,1382,0.5960612197256479,0.5442588584178731,363,222,2324,1281,872,503,6243,3334,495,276,1077,597,431,231,1242,677,4,1,0.0,0.8,2619
Michael White,Scott Donaldson,7,1371,1283,0.6184015843393024,0.5547792351072148,412,236,2777,1477,184,92,1222,597,375,189,1177,628,232,114,679,323,4,2,0.0,0.6666666666666666,2619
Daniel Wells,Jimmy White,7,1266,1233,0.5450150538752272,0.5206133097144486,306,150,2050,1015,1392,780,11968,6300,200,96,625,308,152,70,542,249,4,1,0.0,0.8,2619
Ricky Walden,Joe Swail,7,1385,1263,0.661777191191235,0.5756643510425494,752,457,5312,2941,801,432,6267,3265,558,290,1427,795,197,98,773,396,4,2,0.0,0.6666666666666666,2619
Judd Trump,Sam Craigie,7,1649,1288,0.88833750958084,0.7114629823302013,794,534,5359,3154,120,63,719,379,551,340,1915,1177,151,74,275,153,4,2,0.0,0.6666666666666666,2619
Chris Totten,Mitchell Mann,7,992,1238,0.20136418507919251,0.3509194757554267,9,2,51,21,203,95,1283,620,28,12,47,21,228,103,520,233,4,3,0.0,0.5714285714285714,2619
Craig Steadman,Alfie Burden,7,1262,1325,0.41457369574132835,0.4607061941016405,394,216,2609,1377,623,337,4531,2338,207,101,750,382,222,108,653,327,4,2,0.0,0.6666666666666666,2619
Elliot Slessor,Mei Xiwen,7,1192,1288,0.3712235715309693,0.44028635073280703,121,53,722,332,63,33,414,209,134,60,460,209,139,77,189,103,4,1,0.0,0.8,2619
Xu Si,Jimmy Robertson,7,1051,1374,0.1372192770596931,0.30842348624788063,17,7,114,47,413,224,2764,1438,54,25,110,47,255,143,931,506,4,2,0.0,0.6666666666666666,2619
Noppon Saengkham,Zhang Yong,7,1279,1100,0.7293972619311108,0.610044672404527,161,69,1159,535,54,19,336,136,238,116,748,356,141,52,278,111,4,0,0.0,1.0,2619
Neil Robertson,Liam Highfield,7,1544,1382,0.7099919234270913,0.5998883688639983,811,530,5958,3395,302,163,2060,1088,369,212,1442,851,234,122,677,363,4,2,0.0,0.6666666666666666,2619
Ronnie O'Sullivan,Robert Milkins,7,1713,1358,0.8845606606866738,0.708373991032327,1137,866,9934,6060,783,472,5717,3108,491,314,1091,707,374,189,1225,642,4,1,0.0,0.8,2619
Rory McLeod,Niu Zhuang,7,1291,1037,0.8060824586598727,0.653622330899504,529,290,3928,2046,27,10,151,60,249,121,687,338,12,2,98,38,4,0,0.0,1.0,2619
Stephen Maguire,Hamza Akbar,7,1514,1057,0.936710304533667,0.7581383462750919,857,566,6260,3559,20,3,147,51,456,264,1393,804,118,42,147,51,4,2,0.0,0.6666666666666666,2619
Peter Lines,Kurt Dunham,7,1299,960,0.8740190283398156,0.7000424476024744,733,397,5333,2771,13,2,74,20,241,125,659,316,74,20,74,20,4,2,0.0,0.6666666666666666,2619
Ding Junhui,Chris Wakelin,7,1529,1274,0.8070005952389404,0.654188113761243,666,447,5056,2893,132,67,892,447,582,339,1310,770,226,108,680,338,4,2,0.0,0.6666666666666666,2619
Mark Joyce,Liang Wenbo,7,1347,1450,0.36222625682132775,0.43597836257374245,407,214,2936,1495,539,329,3733,2067,233,117,744,381,495,280,1358,763,4,3,0.0,0.5714285714285714,2619
Ashley Hugill,Ali Carter,7,1174,1540,0.10858744724493138,0.28597777322269835,73,36,404,199,846,513,5977,3300,172,84,382,189,490,282,1046,586,4,3,0.0,0.5714285714285714,2619
Michael Holt,Eden Sharav,7,1368,1172,0.7480902113030796,0.6201064323430902,758,442,5522,2941,104,52,620,300,567,300,1337,710,136,55,479,226,4,3,0.0,0.5714285714285714,2619
John Higgins,Christopher Keogan,7,1519,1182,0.8726526517869658,0.6989914835090479,1314,928,10552,6235,118,50,654,311,570,342,1629,962,133,63,400,205,4,1,0.0,0.8,2619
Li Hang,Jamie Barrett,7,1294,1090,0.756630061657872,0.6248064744684293,208,104,1484,763,54,24,318,151,230,118,758,403,113,48,171,77,4,1,0.0,0.8,2619
Xiao Guodong,Gary Wilson,7,1366,1352,0.5191328123553783,0.5087491068802403,372,216,2481,1365,349,203,2239,1220,254,136,846,472,205,108,705,359,4,3,0.0,0.5714285714285714,2619
Gerard Greene,Mike Dunn,7,1232,1258,0.4645031181885513,0.48375571893792757,667,361,4992,2614,661,352,4886,2518,129,61,541,267,248,118,807,421,4,3,0.0,0.5714285714285714,2619
David Grace,Alan McManus,7,1275,1453,0.27172488874541606,0.3905502163716748,280,128,1855,896,888,530,7464,3966,209,105,599,279,324,171,1042,575,4,3,0.0,0.5714285714285714,2619
Marco Fu,Fang Xiongman,7,1458,1149,0.8523649112589072,0.6840614456522569,814,484,6027,3287,46,22,258,123,460,267,1443,811,104,48,198,95,4,2,0.0,0.6666666666666666,2619
Tom Ford,Hammad Miah,7,1375,1195,0.7305169455924372,0.610639233949222,541,310,3859,2057,104,40,685,301,277,146,864,462,184,83,510,223,4,0,0.0,1.0,2619
Peter Ebdon,Anthony McGill,7,1341,1471,0.32831469717042555,0.41945769517934034,1023,586,8050,4322,400,245,2617,1454,239,121,1032,559,387,224,1105,617,4,1,0.0,0.8,2619
Stuart Carrington,Joe Perry,7,1354,1437,0.3881295430910018,0.44831033065729986,277,150,1769,931,964,571,6936,3749,251,133,716,363,465,251,1457,827,4,2,0.0,0.6666666666666666,2619
Yan Bingtao,Jamie Jones,7,1354,1343,0.5150352723345792,0.5068745667645342,64,36,426,230,448,270,2964,1612,197,112,387,207,242,127,879,475,4,0,0.0,1.0,2619
Zhang Anda,Ben Woollaston,7,1367,1382,0.47950179614537025,0.4906260984783392,266,134,1860,934,519,297,3351,1787,265,143,729,377,367,187,1063,554,4,2,0.0,0.6666666666666666,2619
Cao Yupeng,Daniel Wells,7,1223,1266,0.44143655006080335,0.4731508513108857,202,98,1450,722,306,150,2050,1015,156,67,535,257,200,96,625,308,4,3,0.0,0.5714285714285714,2619
Michael White,Kyren Wilson,7,1371,1453,0.3894398892710193,0.448928730692658,412,236,2777,1477,363,222,2324,1281,375,189,1177,628,495,276,1077,597,4,1,0.0,0.8,2619
Ricky Walden,Mark Joyce,7,1385,1347,0.5517972899579606,0.523732154126561,752,457,5312,2941,407,214,2936,1495,558,290,1427,795,233,117,744,381,4,1,0.0,0.8,2619
Judd Trump,Michael Holt,7,1649,1368,0.829876495909729,0.668741821102192,794,534,5359,3154,758,442,5522,2941,551,340,1915,1177,567,300,1337,710,4,0,0.0,1.0,2619
Elliot Slessor,Peter Ebdon,7,1192,1341,0.30530209550926213,0.40793707183518074,121,53,722,332,1023,586,8050,4322,134,60,460,209,239,121,1032,559,4,3,0.0,0.5714285714285714,2619
Xu Si,Craig Steadman,7,1051,1262,0.23603596210077177,0.3711001618483768,17,7,114,47,394,216,2609,1377,54,25,110,47,207,101,750,382,4,2,0.0,0.6666666666666666,2619
Neil Robertson,Chris Totten,7,1544,992,0.9660741106736357,0.7989910002494707,811,530,5958,3395,9,2,51,21,369,212,1442,851,28,12,47,21,4,0,0.0,1.0,2619
Ronnie O'Sullivan,Li Hang,7,1713,1294,0.9201375829804304,0.7402945416674501,1137,866,9934,6060,208,104,1484,763,491,314,1091,707,230,118,758,403,4,3,0.0,0.5714285714285714,2619
Rory McLeod,Ding Junhui,7,1291,1529,0.2089905743017545,0.3554884462937054,529,290,3928,2046,666,447,5056,2893,249,121,687,338,582,339,1310,770,4,3,0.0,0.5714285714285714,2619
Stephen Maguire,Yan Bingtao,7,1514,1354,0.7076639986592218,0.598687660112452,857,566,6260,3559,64,36,426,230,456,264,1393,804,197,112,387,207,4,3,0.0,0.5714285714285714,2619
Ashley Hugill,Peter Lines,7,1174,1299,0.3344927873720658,0.4225046348141883,73,36,404,199,733,397,5333,2771,172,84,382,189,241,125,659,316,4,1,0.0,0.8,2619
John Higgins,Gerard Greene,7,1519,1232,0.834882617465889,0.6720562626502714,1314,928,10552,6235,667,361,4992,2614,570,342,1629,962,129,61,541,267,4,0,0.0,1.0,2619
Xiao Guodong,Noppon Saengkham,7,1366,1279,0.6170981549456108,0.5541616527636486,372,216,2481,1365,161,69,1159,535,254,136,846,472,238,116,748,356,4,1,0.0,0.8,2619
David Grace,Zhang Anda,7,1275,1367,0.37639911510945645,0.44275214540144436,280,128,1855,896,266,134,1860,934,209,105,599,279,265,143,729,377,4,3,0.0,0.5714285714285714,2619
Marco Fu,Zhou Yuelong,7,1458,1352,0.641605432096216,0.5658650028954817,814,484,6027,3287,124,67,838,438,460,267,1443,811,271,142,674,359,4,3,0.0,0.5714285714285714,2619
Tom Ford,Stuart Carrington,7,1375,1354,0.5286845829371267,0.5131219861822433,541,310,3859,2057,277,150,1769,931,277,146,864,462,251,133,716,363,4,0,0.0,1.0,2619
Cao Yupeng,Tom Ford,7,1223,1375,0.30173900629161093,0.4061268970658573,202,98,1450,722,541,310,3859,2057,156,67,535,257,277,146,864,462,4,0,0.0,1.0,2619
Ricky Walden,Rory McLeod,7,1385,1291,0.6261916833783177,0.5584811124381613,752,457,5312,2941,529,290,3928,2046,558,290,1427,795,249,121,687,338,4,3,0.0,0.5714285714285714,2619
Judd Trump,Elliot Slessor,7,1649,1192,0.936710304533667,0.7581383462750919,794,534,5359,3154,121,53,722,332,551,340,1915,1177,134,60,460,209,4,3,0.0,0.5714285714285714,2619
Neil Robertson,David Grace,7,1544,1275,0.8195570476403491,0.6620627248063988,811,530,5958,3395,280,128,1855,896,369,212,1442,851,209,105,599,279,4,2,0.0,0.6666666666666666,2619
Ronnie O'Sullivan,Michael White,7,1713,1371,0.8760481845200896,0.7016149536154007,1137,866,9934,6060,412,236,2777,1477,491,314,1091,707,375,189,1177,628,4,1,0.0,0.8,2619
Stephen Maguire,Xu Si,7,1514,1051,0.9390477874318228,0.76087815507093,857,566,6260,3559,17,7,114,47,456,264,1393,804,54,25,110,47,4,1,0.0,0.8,2619
John Higgins,Ashley Hugill,7,1519,1174,0.8780529423159423,0.7031827112198086,1314,928,10552,6235,73,36,404,199,570,342,1629,962,172,84,382,189,4,0,0.0,1.0,2619
Xiao Guodong,Marco Fu,7,1366,1458,0.37639911510945645,0.44275214540144436,372,216,2481,1365,814,484,6027,3287,254,136,846,472,460,267,1443,811,4,3,0.0,0.5714285714285714,2619
Cao Yupeng,Ricky Walden,9,1223,1385,0.2668010535495999,0.40011163113600173,202,98,1450,722,752,457,5312,2941,156,67,535,257,558,290,1427,795,5,3,0.0,0.625,2619
Judd Trump,Stephen Maguire,9,1649,1514,0.6982190316058211,0.5835831155172753,794,534,5359,3154,857,566,6260,3559,551,340,1915,1177,456,264,1393,804,5,2,0.0,0.7142857142857143,2619
Neil Robertson,Xiao Guodong,9,1544,1366,0.7528658846129856,0.6094497836283252,811,530,5958,3395,372,216,2481,1365,369,212,1442,851,254,136,846,472,5,4,0.0,0.5555555555555556,2619
John Higgins,Ronnie O'Sullivan,9,1519,1713,0.22830930474796454,0.38107214519980964,1314,928,10552,6235,1137,866,9934,6060,570,342,1629,962,491,314,1091,707,5,0,0.0,1.0,2619
Cao Yupeng,Judd Trump,11,1223,1649,0.038585353102510864,0.25635510824373786,202,98,1450,722,794,534,5359,3154,156,67,535,257,551,340,1915,1177,6,4,0.0,0.6,2619
Neil Robertson,John Higgins,11,1544,1519,0.5422149042901065,0.5156199157230156,811,530,5958,3395,1314,928,10552,6235,369,212,1442,851,570,342,1629,962,6,3,0.0,0.6666666666666666,2619
Neil Robertson,Cao Yupeng,17,1544,1223,0.9512863143601009,0.6905090012275708,811,530,5958,3395,202,98,1450,722,369,212,1442,851,156,67,535,257,9,8,0.0,0.5294117647058824,2619
Cao Yupeng,Tian Pengfei,11,1325,1305,0.5337956434399982,0.5124973964842103,209,104,1507,757,332,187,2195,1172,57,35,377,181,6,2,472,250,6,5,0.0,0.5454545454545454,2616
Zhao Xintong,Rory McLeod,11,1300,1323,0.4611506538894799,0.4856289593029398,100,54,667,360,533,293,3952,2061,6,2,354,192,24,15,485,242,6,5,0.0,0.5454545454545454,2616
Ben Woollaston,Li Yuan,11,1383,1065,0.9085434949735309,0.6889039179769546,521,298,3364,1793,27,14,144,69,13,6,795,415,5,1,39,20,6,2,0.0,0.75,2616
Kyren Wilson,Sean O'Sullivan,11,1450,1200,0.8535947852916645,0.6513548646660542,366,224,2340,1290,168,72,1055,495,16,9,853,484,5,1,370,179,6,1,0.0,0.8571428571428571,2616
Mark Williams,Paul Davison,11,1542,1177,0.9361001769533164,0.713511467542637,1283,838,9721,5561,629,330,4446,2264,0,0,1099,641,7,3,355,156,6,0,0.0,1.0,2616
Robbie Williams,Martin O'Donnell,11,1304,1294,0.516913659711329,0.5062496744995104,317,173,2043,1047,261,125,1607,803,4,0,490,248,6,2,372,188,6,3,0.0,0.6666666666666666,2616
Jimmy White,Ali Carter,11,1235,1537,0.10269492003942138,0.31973280330135156,1394,781,11978,6305,848,514,5988,3307,10,5,293,131,11,7,844,481,6,2,0.0,0.75,2616
Michael White,Ross Muir,11,1397,1211,0.7838851580228863,0.6141996427768951,416,239,2797,1490,119,44,797,356,20,13,842,445,6,2,382,171,6,5,0.0,0.5454545454545454,2616
Liang Wenbo,Sanderson Lam,11,1442,1137,0.8994884433153716,0.6818962645895934,541,330,3746,2074,110,45,658,296,13,7,998,566,6,2,282,120,6,1,0.0,0.8571428571428571,2616
Ricky Walden,Duane Jones,11,1388,1221,0.7598272122029448,0.6028848673274662,757,461,5344,2960,132,71,771,415,32,19,895,485,4,0,264,119,6,1,0.0,0.8571428571428571,2616
Chris Wakelin,Lee Walker,11,1277,1248,0.5489363138849731,0.5181170650431814,134,68,904,453,422,233,3278,1693,12,6,476,236,6,2,401,189,6,1,0.0,0.8571428571428571,2616
Hossein Vafaei,James Wattana,11,1234,1168,0.6101644450599927,0.541156668150228,54,27,420,207,782,429,6604,3473,7,3,242,115,4,0,314,129,6,4,0.0,0.6,2616
Thepchaiya Un-Nooh,Elliot Slessor,11,1359,1235,0.7001574255021287,0.5768852611320463,267,153,1923,1020,125,56,747,347,7,3,694,372,25,15,329,161,6,5,0.0,0.5454545454545454,2616
Judd Trump,Matthew Bolton,11,1640,980,0.9961358955969746,0.8388910504234147,800,539,5397,3179,2,0,9,0,38,25,1226,752,4,0,4,0,6,0,0.0,1.0,2616
Akani Songsermsawad,Fergal O'Brien,11,1272,1341,0.38497189818865285,0.4569816192756902,40,18,298,148,833,477,6276,3317,5,1,259,131,5,1,670,352,6,4,0.0,0.6,2616
Xu Si,Mark Davis,11,1080,1434,0.06965989428648926,0.29214272857551865,20,9,131,56,1013,612,7179,3927,17,9,87,41,7,3,952,539,6,5,0.0,0.5454545454545454,2616
Matthew Selt,Ian Burns,11,1429,1282,0.7329358500759163,0.5908547524545943,502,276,3438,1806,289,152,1818,935,6,2,859,468,5,1,420,199,6,2,0.0,0.75,2616
Mark Selby,Basem Eltahhan,11,1635,996,0.9951479210740597,0.8316686855695153,987,682,7137,4172,6,2,40,13,0,0,1269,791,5,1,40,13,6,4,0.0,0.6,2616
Noppon Saengkham,Zhang Anda,11,1293,1382,0.3530627239692718,0.44460335167941084,164,71,1175,544,269,136,1878,945,16,9,474,218,18,11,544,281,6,2,0.0,0.75,2616
Neil Robertson,Rod Lawler,11,1556,1275,0.8810080120634379,0.668741821102192,818,537,6013,3431,782,427,5955,3095,55,36,850,517,4,0,510,245,6,1,0.0,0.8571428571428571,2616
Jimmy Robertson,Alex Borg,11,1354,1131,0.8263509667528726,0.6358738914270539,415,225,2777,1444,348,151,2497,1147,13,6,615,336,4,0,232,108,6,1,0.0,0.8571428571428571,2616
Joe Perry,Billy Joe Castle,11,1425,1069,0.9314173100820569,0.7088901725661199,966,572,6948,3755,17,9,90,49,12,6,955,541,6,2,47,25,6,1,0.0,0.8571428571428571,2616
Ronnie O'Sullivan,Jackson Page,11,1691,996,0.9973774489003704,0.8503692405366762,1142,870,9961,6076,1,0,5,1,27,16,726,463,5,1,5,1,6,3,0.0,0.6666666666666666,2616
Shaun Murphy,Hamza Akbar,11,1503,1077,0.9614146468974891,0.7436448917562621,932,612,6872,3928,22,4,158,57,7,3,953,571,11,6,158,57,6,1,0.0,0.8571428571428571,2616
Robert Milkins,Chen Zhe,11,1358,1215,0.7273730783317633,0.5884351201276382,785,473,5728,3113,179,89,1092,543,11,5,806,423,6,2,171,82,6,1,0.0,0.8571428571428571,2616
Hammad Miah,Matthew Stevens,11,1199,1362,0.2454252262643769,0.3995117254730337,106,41,694,305,893,524,6941,3787,9,4,392,187,5,1,548,291,6,3,0.0,0.6666666666666666,2616
Aditya Mehta,Sam Baird,11,1240,1343,0.3313350206831467,0.43597836257374245,255,125,1749,864,296,157,2052,1060,6,2,291,132,5,1,520,267,6,5,0.0,0.5454545454545454,2616
Alan McManus,Robin Hull,11,1450,1363,0.6437899934492848,0.5541616527636486,890,531,7477,3973,495,299,3763,2069,13,7,635,345,4,0,407,214,6,3,0.0,0.6666666666666666,2616
Anthony McGill,Ashley Hugill,11,1472,1192,0.8801869380453571,0.6681877721681662,402,246,2626,1459,77,39,427,211,9,5,790,448,23,12,354,182,6,2,0.0,0.75,2616
Mitchell Mann,Stuart Carrington,11,1230,1353,0.30130987292070555,0.42372507750673466,205,96,1297,627,280,152,1784,939,14,7,404,179,15,8,512,264,6,2,0.0,0.75,2616
Stephen Maguire,Yuan Sijun,11,1513,1156,0.9319508746285202,0.7094058152553435,862,570,6289,3577,36,12,240,100,29,18,869,483,4,0,169,81,6,1,0.0,0.8571428571428571,2616
Kurt Maflin,Alexander Ursenbacher,11,1348,1139,0.8109765513000483,0.6277321638605189,479,277,3207,1731,73,30,435,196,4,0,569,298,5,1,178,94,6,1,0.0,0.8571428571428571,2616
Jack Lisowski,Wang Yuchen,11,1343,1055,0.886639866993501,0.6726070170677604,351,206,2282,1234,41,12,260,101,5,1,482,247,7,3,144,57,6,4,0.0,0.6,2616
Oliver Lines,Mei Xiwen,11,1232,1291,0.40125297103885843,0.46319171001101955,157,82,973,499,65,34,423,214,6,2,446,216,9,5,167,93,6,3,0.0,0.6666666666666666,2616
Peter Lines,Zhou Yuelong,11,1296,1366,0.3833548191267751,0.4563613127629212,736,399,5348,2780,127,69,856,449,15,9,456,228,18,11,562,301,6,5,0.0,0.5454545454545454,2616
Mark King,Boonyarit Keattikun,11,1421,1127,0.8913075060744795,0.6759015277259407,868,486,6385,3356,30,8,229,98,5,1,732,408,6,2,181,74,6,0,0.0,1.0,2616
Mark Joyce,Thor Chuan Leong,11,1350,1123,0.8305871461583106,0.6381861133090055,410,216,2954,1504,55,16,363,143,18,9,490,258,6,2,335,140,6,3,0.0,0.6666666666666666,2616
Jamie Jones,Craig Steadman,11,1339,1270,0.6150281018113474,0.5430183807243099,450,271,2974,1616,397,218,2626,1387,10,4,574,308,17,10,439,213,6,3,0.0,0.6666666666666666,2616
Jak Jones,David Grace,11,1173,1301,0.29400737437698665,0.42067574785125056,142,57,917,408,284,131,1880,910,6,2,165,72,25,14,452,222,6,4,0.0,0.6,2616
Michael Holt,Niu Zhuang,11,1369,1031,0.9212273992918785,0.6995172276624274,761,444,5537,2949,29,11,162,64,15,8,946,504,11,4,61,26,6,5,0.0,0.5454545454545454,2616
Liam Highfield,Daniel Wells,11,1384,1283,0.6655948512999666,0.5627917401386452,304,164,2072,1094,309,152,2069,1026,12,6,440,229,19,11,442,224,6,4,0.0,0.6,2616
Andrew Higginson,Sam Craigie,11,1334,1293,0.5690050896591121,0.5256025883246178,666,399,4707,2584,122,64,731,385,4,0,541,288,12,6,287,159,6,0,0.0,1.0,2616
John Higgins,Chris Totten,11,1563,1018,0.9871906401178634,0.7961657128002131,1320,933,10584,6259,12,4,67,29,32,24,1140,685,16,8,56,26,6,1,0.0,0.8571428571428571,2616
Barry Hawkins,Kurt Dunham,11,1478,979,0.9800315991388872,0.7768667992127082,845,521,6044,3352,15,3,86,26,6,2,883,492,12,6,86,26,6,1,0.0,0.8571428571428571,2616
Lyu Haotian,Anthony Hamilton,11,1154,1367,0.18454396203710158,0.36993399171498176,80,31,552,245,789,459,6110,3272,6,2,125,61,4,0,474,240,6,1,0.0,0.8571428571428571,2616
Li Hang,Gerard Greene,11,1320,1236,0.6390499244261589,0.5523079095743253,211,106,1501,774,670,363,5009,2622,17,11,499,265,17,8,345,173,6,1,0.0,0.8571428571428571,2616
Xiao Guodong,Chen Zifan,11,1395,1076,0.9092131038977679,0.6894394530607736,377,220,2514,1385,37,17,218,100,33,20,553,304,6,2,94,41,6,0,0.0,1.0,2616
Martin Gould,Joe Swail,11,1484,1271,0.8154560379628985,0.6300660082850182,598,362,4007,2198,803,433,6277,3271,7,3,676,383,10,6,483,240,6,3,0.0,0.6666666666666666,2616
David Gilbert,Christopher Keogan,11,1406,1196,0.812102917246662,0.6283161882953663,504,284,3689,1974,120,51,663,316,7,3,839,468,9,5,269,139,6,4,0.0,0.6,2616
Michael Georgiou,Alfie Burden,11,1291,1320,0.45106368611502723,0.4818829349568186,176,82,1072,526,625,338,4543,2344,5,1,436,212,12,6,454,226,6,5,0.0,0.5454545454545454,2616
Marco Fu,Nigel Bond,11,1462,1252,0.812102917246662,0.6283161882953663,818,487,6051,3302,824,455,6546,3445,24,15,961,546,4,0,367,164,6,2,0.0,0.75,2616
Tom Ford,Eden Sharav,11,1394,1188,0.8075715200153646,0.6259778577666038,545,313,3876,2069,106,53,634,307,17,12,613,336,14,7,311,132,6,1,0.0,0.8571428571428571,2616
Leo Fernandez,Ding Junhui,11,1221,1517,0.10716903347759046,0.323004143761477,408,246,3105,1674,669,449,5075,2904,5,1,160,77,19,11,912,521,6,5,0.0,0.5454545454545454,2616
Peter Ebdon,Allan Taylor,11,1352,1153,0.7994756486773107,0.6218716423074662,1026,588,8068,4333,254,119,1505,740,18,11,723,389,14,7,310,122,6,3,0.0,0.6666666666666666,2616
Mike Dunn,Fang Xiongman,11,1271,1163,0.6762884110738897,0.5670929049654543,663,353,4897,2525,48,23,271,129,11,7,536,278,13,6,159,75,6,2,0.0,0.75,2616
Graeme Dott,Josh Boileau,11,1365,1071,0.8913075060744795,0.6759015277259407,795,465,6100,3265,63,30,345,165,6,2,704,377,6,2,184,81,6,2,0.0,0.75,2616
Scott Donaldson,John Astley,11,1280,1264,0.5270486726982949,0.5099986668799655,186,93,1234,603,156,74,957,447,12,6,405,187,6,2,238,113,6,2,0.0,0.75,2616
Ken Doherty,Gary Wilson,11,1260,1351,0.34992588488134135,0.44336904007774663,1082,659,8875,4874,351,204,2252,1227,5,1,469,224,13,7,492,258,6,3,0.0,0.6666666666666666,2616
Yu Delu,Ian Preece,11,1248,1221,0.5455773097861221,0.5168685956913849,238,121,1652,832,191,107,1390,723,12,6,412,195,5,1,125,64,6,2,0.0,0.75,2616
Ryan Day,Jamie Barrett,11,1436,1096,0.9224155451318702,0.7005671424739729,827,500,5766,3182,56,25,330,156,4,0,900,510,12,5,161,72,6,0,0.0,1.0,2616
Dominic Dale,Adam Duffy,11,1375,1318,0.5954682100046357,0.5355648379838539,874,504,6253,3339,306,159,1938,1003,10,5,787,420,4,0,532,288,6,0,0.0,1.0,2616
Luca Brecel,Soheil Vahedi,11,1437,1009,0.9620750878810084,0.7445969158274759,267,148,1823,965,6,1,42,16,0,0,692,389,7,3,42,16,6,4,0.0,0.6,2616
Yan Bingtao,Zhang Yong,11,1380,1105,0.87601912592788,0.665410558746814,67,38,441,241,56,20,345,140,15,11,303,165,9,4,252,102,6,1,0.0,0.8571428571428571,2616
Mark Allen,Lukas Kleckers,11,1515,1074,0.9661380386167859,0.7507282371635285,658,424,4509,2535,42,18,250,116,7,3,791,453,4,0,191,88,6,2,0.0,0.75,2616
Kyren Wilson,Yu Delu,11,1450,1248,0.8029711015893946,0.623633628298226,366,224,2340,1290,238,121,1652,832,16,9,853,484,12,6,412,195,6,4,0.0,0.6,2616
Mark Williams,Andrew Higginson,11,1542,1334,0.8098458608857009,0.6271477663131956,1283,838,9721,5561,666,399,4707,2584,0,0,1099,641,4,0,541,288,6,2,0.0,0.75,2616
Michael White,Matthew Selt,11,1397,1429,0.4460320996560893,0.48001065984441826,416,239,2797,1490,502,276,3438,1806,20,13,842,445,6,2,859,468,6,1,0.0,0.8571428571428571,2616
Liang Wenbo,Mitchell Mann,11,1442,1230,0.8143426634341571,0.6294831119673949,541,330,3746,2074,205,96,1297,627,13,7,998,566,14,7,404,179,6,1,0.0,0.8571428571428571,2616
Ricky Walden,Jamie Jones,11,1388,1339,0.5822852092365003,0.530586760182081,757,461,5344,2960,450,271,2974,1616,32,19,895,485,10,4,574,308,6,5,0.0,0.5454545454545454,2616
Hossein Vafaei,Anthony McGill,11,1234,1472,0.15812250985759263,0.3554884462937054,54,27,420,207,402,246,2626,1459,7,3,242,115,9,5,790,448,6,5,0.0,0.5454545454545454,2616
Judd Trump,Chris Wakelin,11,1640,1277,0.9350825402753549,0.7124883131320702,800,539,5397,3179,134,68,904,453,38,25,1226,752,12,6,476,236,6,0,0.0,1.0,2616
Akani Songsermsawad,Michael Holt,11,1272,1369,0.34057998543318124,0.4396703573114467,40,18,298,148,761,444,5537,2949,5,1,259,131,15,8,946,504,6,4,0.0,0.6,2616
Noppon Saengkham,Leo Fernandez,11,1293,1221,0.6198729648761532,0.5448788923735801,164,71,1175,544,408,246,3105,1674,16,9,474,218,5,1,160,77,6,0,0.0,1.0,2616
Jimmy Robertson,Alan McManus,11,1354,1450,0.3421307635918876,0.44028635073280703,415,225,2777,1444,890,531,7477,3973,13,6,615,336,13,7,635,345,6,5,0.0,0.5454545454545454,2616
Neil Robertson,Ken Doherty,11,1556,1260,0.8928309665224095,0.676995856238523,818,537,6013,3431,1082,659,8875,4874,55,36,850,517,5,1,469,224,6,2,0.0,0.75,2616
Joe Perry,Jack Lisowski,11,1425,1343,0.6358774096640514,0.551071269307342,966,572,6948,3755,351,206,2282,1234,12,6,955,541,5,1,482,247,6,3,0.0,0.6666666666666666,2616
Ronnie O'Sullivan,Michael Georgiou,11,1691,1291,0.9519056587404511,0.7310585786300049,1142,870,9961,6076,176,82,1072,526,27,16,726,463,5,1,436,212,6,1,0.0,0.8571428571428571,2616
Shaun Murphy,Liam Highfield,11,1503,1384,0.6927875134571495,0.5738312575916094,932,612,6872,3928,304,164,2072,1094,7,3,953,571,12,6,440,229,6,5,0.0,0.5454545454545454,2616
Stephen Maguire,Jak Jones,11,1513,1173,0.9224155451318702,0.7005671424739729,862,570,6289,3577,142,57,917,408,29,18,869,483,6,2,165,72,6,0,0.0,1.0,2616
Kurt Maflin,Jimmy White,11,1348,1235,0.6838355092719799,0.5701590253818352,479,277,3207,1731,1394,781,11978,6305,4,0,569,298,10,5,293,131,6,2,0.0,0.75,2616
Peter Lines,Xu Si,11,1296,1080,0.8187701366837733,0.6318124177361016,736,399,5348,2780,20,9,131,56,15,9,456,228,17,9,87,41,6,2,0.0,0.75,2616
Mark King,Mike Dunn,11,1421,1271,0.7370683969010353,0.5926665999540697,868,486,6385,3356,663,353,4897,2525,5,1,732,408,11,7,536,278,6,4,0.0,0.6,2616
Mark Joyce,David Gilbert,11,1350,1406,0.4061738403824442,0.4650570548417855,410,216,2954,1504,504,284,3689,1974,18,9,490,258,7,3,839,468,6,4,0.0,0.6,2616
John Higgins,Cao Yupeng,11,1563,1325,0.8418774901424073,0.6445115537062945,1320,933,10584,6259,209,104,1507,757,32,24,1140,685,57,35,377,181,6,4,0.0,0.6,2616
Barry Hawkins,Hammad Miah,11,1478,1199,0.8793617107264892,0.6676332571171155,845,521,6044,3352,106,41,694,305,6,2,883,492,9,4,392,187,6,2,0.0,0.75,2616
Lyu Haotian,Peter Ebdon,11,1154,1352,0.20169807571775378,0.37871640480893215,80,31,552,245,1026,588,8068,4333,6,2,125,61,18,11,723,389,6,3,0.0,0.6666666666666666,2616
Li Hang,Robert Milkins,11,1320,1358,0.43599688617440635,0.4762678458734389,211,106,1501,774,785,473,5728,3113,17,11,499,265,11,5,806,423,6,4,0.0,0.6,2616
Xiao Guodong,Tom Ford,11,1395,1394,0.5016918892440952,0.5006249996744794,377,220,2514,1385,545,313,3876,2069,33,20,553,304,17,12,613,336,6,1,0.0,0.8571428571428571,2616
Martin Gould,Robbie Williams,11,1484,1304,0.7764491076959295,0.610639233949222,598,362,4007,2198,317,173,2043,1047,7,3,676,383,4,0,490,248,6,2,0.0,0.75,2616
Marco Fu,Zhao Xintong,11,1462,1300,0.7532516785524059,0.5998883688639983,818,487,6051,3302,100,54,667,360,24,15,961,546,6,2,354,192,6,4,0.0,0.6,2616
Graeme Dott,Dominic Dale,11,1365,1375,0.4830863402886715,0.49375032550048964,795,465,6100,3265,874,504,6253,3339,6,2,704,377,10,5,787,420,6,5,0.0,0.5454545454545454,2616
Scott Donaldson,Mark Selby,11,1280,1635,0.06911960864993336,0.291626008967673,186,93,1234,603,987,682,7137,4172,12,6,405,187,0,0,1269,791,6,3,0.0,0.6666666666666666,2616
Ryan Day,Thepchaiya Un-Nooh,11,1436,1359,0.6279039800050926,0.5479769376367963,827,500,5766,3182,267,153,1923,1020,4,0,900,510,7,3,694,372,6,3,0.0,0.6666666666666666,2616
Luca Brecel,Aditya Mehta,11,1437,1240,0.7971239215103564,0.6206951913643555,267,148,1823,965,255,125,1749,864,0,0,692,389,6,2,291,132,6,3,0.0,0.6666666666666666,2616
Yan Bingtao,Ben Woollaston,11,1380,1383,0.49492445915603683,0.498125008789013,67,38,441,241,521,298,3364,1793,15,11,303,165,13,6,795,415,6,1,0.0,0.8571428571428571,2616
Mark Allen,Oliver Lines,11,1515,1232,0.8826377296074396,0.6698485160570237,658,424,4509,2535,157,82,973,499,7,3,791,453,6,2,446,216,6,4,0.0,0.6,2616
Ricky Walden,Kyren Wilson,11,1388,1450,0.3963483760491549,0.46132739479349205,757,461,5344,2960,366,224,2340,1290,32,19,895,485,16,9,853,484,6,2,0.0,0.75,2616
Akani Songsermsawad,Barry Hawkins,11,1272,1478,0.19242847998463544,0.37402214223339625,40,18,298,148,845,521,6044,3352,5,1,259,131,6,2,883,492,6,0,0.0,1.0,2616
Joe Perry,Kurt Maflin,11,1425,1348,0.6279039800050926,0.5479769376367963,966,572,6948,3755,479,277,3207,1731,12,6,955,541,4,0,569,298,6,3,0.0,0.6666666666666666,2616
Ronnie O'Sullivan,Michael White,11,1691,1397,0.8913075060744795,0.6759015277259407,1142,870,9961,6076,416,239,2797,1490,27,16,726,463,20,13,842,445,6,1,0.0,0.8571428571428571,2616
Shaun Murphy,Jimmy Robertson,11,1503,1354,0.7356946757540417,0.5920629281648192,932,612,6872,3928,415,225,2777,1444,7,3,953,571,13,6,615,336,6,3,0.0,0.6666666666666666,2616
Stephen Maguire,Liang Wenbo,11,1513,1442,0.6182601443078577,0.5442588584178731,862,570,6289,3577,541,330,3746,2074,29,18,869,483,13,7,998,566,6,5,0.0,0.5454545454545454,2616
Mark King,Luca Brecel,11,1421,1437,0.4729513273017054,0.4900013331200346,868,486,6385,3356,267,148,1823,965,5,1,732,408,0,0,692,389,6,3,0.0,0.6666666666666666,2616
Mark Joyce,Neil Robertson,11,1350,1556,0.19242847998463544,0.37402214223339625,410,216,2954,1504,818,537,6013,3431,18,9,490,258,55,36,850,517,6,5,0.0,0.5454545454545454,2616
John Higgins,Yan Bingtao,11,1563,1380,0.7801859416806328,0.6124209393479161,1320,933,10584,6259,67,38,441,241,32,24,1140,685,15,11,303,165,6,3,0.0,0.6666666666666666,2616
Lyu Haotian,Marco Fu,11,1154,1462,0.0983636449575706,0.31647910626368436,80,31,552,245,818,487,6051,3302,6,2,125,61,24,15,961,546,6,4,0.0,0.6,2616
Li Hang,Scott Donaldson,11,1320,1280,0.5673390032803908,0.52497918747894,211,106,1501,774,186,93,1234,603,17,11,499,265,12,6,405,187,6,1,0.0,0.8571428571428571,2616
Xiao Guodong,Noppon Saengkham,11,1395,1293,0.6671313753074833,0.5634067862621936,377,220,2514,1385,164,71,1175,544,33,20,553,304,16,9,474,218,6,3,0.0,0.6666666666666666,2616
Martin Gould,Hossein Vafaei,11,1484,1234,0.8535947852916645,0.6513548646660542,598,362,4007,2198,54,27,420,207,7,3,676,383,7,3,242,115,6,4,0.0,0.6,2616
Graeme Dott,Judd Trump,11,1365,1640,0.12398087407211997,0.334589441253186,795,465,6100,3265,800,539,5397,3179,6,2,704,377,38,25,1226,752,6,2,0.0,0.75,2616
Ryan Day,Mark Williams,11,1436,1542,0.3267519546873183,0.4341349971045183,827,500,5766,3182,1283,838,9721,5561,4,0,900,510,0,0,1099,641,6,5,0.0,0.5454545454545454,2616
Mark Allen,Peter Lines,11,1515,1296,0.8220451527379182,0.633555377636775,658,424,4509,2535,736,399,5348,2780,7,3,791,453,15,9,456,228,6,4,0.0,0.6,2616
Joe Perry,Mark Allen,11,1425,1515,0.3514929866287785,0.44398610945538003,966,572,6948,3755,658,424,4509,2535,12,6,955,541,7,3,791,453,6,4,0.0,0.6,2616
Ronnie O'Sullivan,Akani Songsermsawad,11,1691,1272,0.9590258289188995,0.7402945416674501,1142,870,9961,6076,40,18,298,148,27,16,726,463,5,1,259,131,6,5,0.0,0.5454545454545454,2616
Shaun Murphy,Ricky Walden,11,1503,1388,0.6868323733048138,0.5713839816769324,932,612,6872,3928,757,461,5344,2960,7,3,953,571,32,19,895,485,6,1,0.0,0.8571428571428571,2616
Stephen Maguire,Graeme Dott,11,1513,1365,0.7343171553057939,0.5914589784327801,862,570,6289,3577,795,465,6100,3265,29,18,869,483,6,2,704,377,6,2,0.0,0.75,2616
Mark King,John Higgins,11,1421,1563,0.27402692641660376,0.41217046151748854,868,486,6385,3356,1320,933,10584,6259,5,1,732,408,32,24,1140,685,6,5,0.0,0.5454545454545454,2616
Mark Joyce,Lyu Haotian,11,1350,1154,0.7959416456362278,0.6201064323430902,410,216,2954,1504,80,31,552,245,18,9,490,258,6,2,125,61,6,4,0.0,0.6,2616
Martin Gould,Xiao Guodong,11,1484,1395,0.6469372760307285,0.5553966483205892,598,362,4007,2198,377,220,2514,1385,7,3,676,383,33,20,553,304,6,4,0.0,0.6,2616
Ryan Day,Li Hang,11,1436,1320,0.6883260125487248,0.5719961329315186,827,500,5766,3182,211,106,1501,774,4,0,900,510,17,11,499,265,6,5,0.0,0.5454545454545454,2616
Ronnie O'Sullivan,Martin Gould,11,1691,1484,0.8087108492997335,0.6265629971237182,1142,870,9961,6076,598,362,4007,2198,27,16,726,463,7,3,676,383,6,3,0.0,0.6666666666666666,2616
Shaun Murphy,Mark King,11,1503,1421,0.6358774096640514,0.551071269307342,932,612,6872,3928,868,486,6385,3356,7,3,953,571,5,1,732,408,6,1,0.0,0.8571428571428571,2616
Stephen Maguire,Joe Perry,11,1513,1425,0.6453649277803803,0.5547792351072148,862,570,6289,3577,966,572,6948,3755,29,18,869,483,12,6,955,541,6,3,0.0,0.6666666666666666,2616
Ryan Day,Mark Joyce,11,1436,1350,0.6422124980112687,0.5535439031511183,827,500,5766,3182,410,216,2954,1504,4,0,900,510,18,9,490,258,6,5,0.0,0.5454545454545454,2616
Ronnie O'Sullivan,Stephen Maguire,11,1691,1513,0.7739370957025349,0.6094497836283252,1142,870,9961,6076,862,570,6289,3577,27,16,726,463,29,18,869,483,6,4,0.0,0.6,2616
Shaun Murphy,Ryan Day,11,1503,1436,0.6117877063659423,0.5417773692836367,932,612,6872,3928,827,500,5766,3182,7,3,953,571,4,0,900,510,6,3,0.0,0.6666666666666666,2616
Ronnie O'Sullivan,Shaun Murphy,19,1691,1503,0.8492552433393747,0.6153837563911821,1142,870,9961,6076,932,612,6872,3928,27,16,726,463,7,3,953,571,10,5,0.0,0.6666666666666666,2616
Chen Zifan,Shaun Murphy,7,1061,1545,0.05332845624954974,0.22970105095339813,38,17,224,100,939,618,6937,3969,12,2,100,41,72,44,1018,612,4,1,0.0,0.8,2615
Niu Zhuang,Ian Burns,7,1045,1272,0.21976777945335846,0.36181388669099446,30,11,173,69,290,152,1826,937,22,9,72,31,13,3,428,201,4,3,0.0,0.5714285714285714,2615
Zhou Yuelong,Graeme Dott,7,1358,1391,0.45498494612477275,0.47938669028555136,128,69,867,454,799,468,6135,3285,29,16,573,306,41,22,739,397,4,3,0.0,0.5714285714285714,2615
Wang Yuchen,Scott Donaldson,7,1061,1302,0.20610969416397756,0.3537719416690997,42,12,270,105,189,95,1258,616,17,7,154,61,36,19,429,200,4,2,0.0,0.6666666666666666,2615
Li Yuan,Aditya Mehta,7,1061,1246,0.26392191355352257,0.3863929221952217,28,14,152,71,257,126,1769,873,13,3,47,22,26,11,311,141,4,0,0.0,1.0,2615
Zhang Yong,Sam Baird,7,1094,1333,0.20802748945245855,0.3549158624272731,57,20,352,141,297,157,2063,1065,16,5,259,103,16,6,531,272,4,3,0.0,0.5714285714285714,2615
Mei Xiwen,Jordan Brown,7,1276,1155,0.660530062626431,0.5750535485557879,66,34,432,217,85,45,540,275,18,8,176,96,0,0,100,47,4,0,0.0,1.0,2615
Zhao Xintong,Barry Hawkins,7,1305,1458,0.30055574355873826,0.4055240692517599,102,55,688,370,848,523,6065,3364,27,12,375,202,27,14,904,504,4,3,0.0,0.5714285714285714,2615
Ben Woollaston,Mark Joyce,7,1367,1379,0.4835986704357121,0.4925005624493796,523,299,3379,1800,415,220,3005,1533,28,13,810,422,69,38,541,287,4,3,0.0,0.5714285714285714,2615
Gary Wilson,Alexander Ursenbacher,7,1335,1126,0.7618819203066071,0.6277321638605189,352,204,2261,1230,74,30,442,197,22,10,501,261,12,2,185,95,4,1,0.0,0.8,2615
Mark Williams,James Wattana,7,1554,1163,0.9058240055138194,0.726611880149394,1286,840,9746,5578,783,429,6614,3477,25,17,1124,658,14,4,324,133,4,0,0.0,1.0,2615
Jimmy White,Dominic Dale,7,1251,1392,0.3148993834727192,0.4127763091606651,1396,782,11994,6313,876,505,6270,3350,26,13,309,139,27,16,804,431,4,3,0.0,0.5714285714285714,2615
Liang Wenbo,Jackson Page,7,1465,1009,0.9363136148840127,0.7576796390037048,544,332,3771,2091,2,0,14,4,38,24,1023,583,14,4,14,4,4,1,0.0,0.8,2615
Ricky Walden,Hammad Miah,7,1404,1212,0.7437579445222342,0.617747874769249,761,464,5377,2979,108,42,711,313,65,38,928,504,26,12,409,195,4,0,0.0,1.0,2615
Chris Wakelin,Chris Totten,7,1282,1015,0.8177973252726516,0.6609431415591629,136,69,917,459,13,4,74,30,25,12,489,242,23,9,63,27,4,0,0.0,1.0,2615
Hossein Vafaei,Anthony Hamilton,7,1260,1340,0.3920645840647391,0.45016600268752216,57,29,451,223,790,459,6117,3273,38,19,273,131,11,1,481,241,4,2,0.0,0.6666666666666666,2615
Thepchaiya Un-Nooh,Allan Taylor,7,1348,1150,0.7502408354966205,0.6212835951910678,269,154,1943,1029,255,119,1514,743,27,12,714,381,23,10,319,125,4,2,0.0,0.6666666666666666,2615
Matthew Stevens,Leo Fernandez,7,1343,1219,0.6642657784879786,0.5768852611320463,894,524,6950,3790,410,247,3122,1680,14,4,557,294,22,7,177,83,4,0,0.0,1.0,2615
Akani Songsermsawad,Zhang Anda,7,1340,1362,0.4699521739841547,0.486253465097645,44,21,335,171,270,136,1886,947,42,24,296,154,26,13,552,283,4,2,0.0,0.6666666666666666,2615
Elliot Slessor,Kurt Dunham,7,1238,975,0.8142437917894374,0.6586985747356444,126,56,758,352,16,3,93,27,36,20,340,166,19,7,93,27,4,0,0.0,1.0,2615
Yuan Sijun,Alan McManus,7,1148,1449,0.15383391007173125,0.3202768075277943,37,12,247,101,892,532,7497,3984,11,1,176,82,33,18,655,356,4,1,0.0,0.8,2615
Matthew Selt,Rhys Clark,7,1417,1221,0.7480902113030796,0.6201064323430902,504,277,3453,1813,98,45,600,280,21,9,874,475,6,2,324,143,4,0,0.0,1.0,2615
Noppon Saengkham,Hamza Akbar,7,1327,1071,0.8079159048674549,0.6547534606063192,167,73,1198,559,23,4,165,58,39,24,497,233,18,7,165,58,4,3,0.0,0.5714285714285714,2615
Jimmy Robertson,Michael White,7,1369,1402,0.45498494612477275,0.47938669028555136,418,227,2804,1459,419,241,2822,1503,40,21,642,351,45,26,867,458,4,2,0.0,0.6666666666666666,2615
Neil Robertson,Jamie Jones,7,1557,1347,0.7629243149475251,0.6283161882953663,821,539,6039,3448,452,272,2994,1627,81,53,876,534,30,15,594,319,4,1,0.0,0.8,2615
Joe Perry,Gerard Greene,7,1453,1219,0.7871292414209698,0.6422170929574377,971,576,6992,3782,671,363,5016,2623,56,33,999,568,24,9,352,174,4,3,0.0,0.5714285714285714,2615
Tian Pengfei,Soheil Vahedi,7,1302,1021,0.829876495909729,0.668741821102192,333,187,2206,1177,7,1,52,20,17,7,483,255,17,7,52,20,4,2,0.0,0.6666666666666666,2615
Ronnie O'Sullivan,Lukas Kleckers,7,1698,1074,0.9796157343034676,0.826353352980995,1149,877,10029,6122,43,18,258,118,95,62,794,509,12,2,199,90,4,2,0.0,0.6666666666666666,2615
Ross Muir,Thor Chuan Leong,7,1217,1121,0.6287764284690306,0.5597136492671929,120,44,808,361,56,16,372,146,17,7,393,176,15,5,344,143,4,3,0.0,0.5714285714285714,2615
Robert Milkins,Alfie Burden,7,1363,1314,0.5666587144886649,0.530586760182081,787,474,5745,3123,626,338,4554,2349,28,15,823,433,23,11,465,231,4,3,0.0,0.5714285714285714,2615
Stephen Maguire,Basem Eltahhan,7,1553,1015,0.9626746144488556,0.7933109871625582,868,575,6340,3611,7,2,50,17,80,52,920,517,15,5,50,17,4,0,0.0,1.0,2615
Kurt Maflin,Andrew Higginson,7,1364,1349,0.5204982038546295,0.5093739015216607,482,279,3231,1746,668,400,4721,2592,28,15,593,313,18,8,555,296,4,1,0.0,0.8,2615
Jack Lisowski,Sean O'Sullivan,7,1329,1188,0.685100616527281,0.587223690839335,353,207,2301,1243,169,72,1062,496,24,10,501,256,12,2,377,180,4,0,0.0,1.0,2615
Oliver Lines,Xu Si,7,1252,1094,0.7053268662779104,0.5974857658270161,159,83,992,509,22,10,150,64,25,12,465,226,36,17,106,49,4,3,0.0,0.5714285714285714,2615
Mark King,Matthew Bolton,7,1441,972,0.9413132305006316,0.763596605159627,873,490,6428,3381,3,0,15,0,48,26,775,433,10,0,10,0,4,1,0.0,0.8,2615
Jak Jones,Lee Walker,7,1172,1229,0.4225943374899878,0.4644351620161461,144,58,933,414,423,233,3285,1694,22,8,181,78,13,3,408,190,4,3,0.0,0.5714285714285714,2615
Duane Jones,Mitchell Mann,7,1207,1238,0.4577018760615691,0.4806346917700681,133,71,778,416,207,97,1312,634,11,1,271,120,29,14,419,186,4,1,0.0,0.8,2615
Robin Hull,Eden Sharav,7,1355,1175,0.7305169455924372,0.610639233949222,496,299,3772,2072,107,53,641,308,13,3,416,217,21,8,318,133,4,3,0.0,0.5714285714285714,2615
Ashley Hugill,Josh Boileau,7,1187,1066,0.660530062626431,0.5750535485557879,78,39,435,213,64,30,353,167,31,14,362,184,14,4,192,83,4,2,0.0,0.6666666666666666,2615
Liam Highfield,Mark Davis,7,1390,1412,0.4699521739841547,0.486253465097645,306,165,2093,1105,1014,612,7190,3932,33,17,461,240,18,8,963,544,4,3,0.0,0.5714285714285714,2615
John Higgins,Nigel Bond,7,1557,1244,0.855396798107813,0.6862186708976811,1324,936,10621,6282,825,455,6554,3447,69,47,1177,708,12,2,375,166,4,2,0.0,0.6666666666666666,2615
Lyu Haotian,Joe Swail,7,1222,1268,0.43738543058720863,0.4712816430485603,84,34,588,267,804,433,6286,3274,42,24,161,83,19,9,492,243,4,3,0.0,0.5714285714285714,2615
Li Hang,Cao Yupeng,7,1368,1332,0.549086208422272,0.5224848247918001,215,109,1536,797,211,105,1528,767,52,34,534,288,78,45,398,191,4,3,0.0,0.5714285714285714,2615
Xiao Guodong,Christopher Keogan,7,1433,1198,0.7881034579959058,0.6427913242407762,381,223,2546,1407,121,51,673,320,65,42,585,326,19,9,279,143,4,2,0.0,0.6666666666666666,2615
David Gilbert,Daniel Wells,7,1393,1280,0.6504866469700167,0.5701590253818352,506,285,3709,1984,310,152,2079,1030,27,13,859,478,29,15,452,228,4,0,0.0,1.0,2615
Michael Georgiou,David Grace,7,1289,1287,0.5027343522137269,0.5012499973958399,178,83,1090,533,285,131,1890,914,23,8,454,219,35,18,462,226,4,0,0.0,1.0,2615
Tom Ford,Fergal O'Brien,7,1387,1330,0.5774056625100122,0.5355648379838539,547,314,3890,2076,834,477,6286,3321,31,19,627,343,15,5,680,356,4,2,0.0,0.6666666666666666,2615
Mike Dunn,Jamie Clarke,7,1283,1258,0.534135239137421,0.5156199157230156,665,354,4915,2535,129,67,769,406,29,17,554,288,0,0,303,159,4,2,0.0,0.6666666666666666,2615
Adam Duffy,Rory McLeod,7,1296,1318,0.4699521739841547,0.486253465097645,307,159,1944,1003,534,293,3963,2066,10,0,538,288,35,20,496,247,4,2,0.0,0.6666666666666666,2615
Ken Doherty,Peter Lines,7,1271,1314,0.44143655006080335,0.4731508513108857,1084,660,8892,4882,739,401,5377,2796,22,9,486,232,44,25,485,244,4,2,0.0,0.6666666666666666,2615
Yu Delu,Craig Steadman,7,1265,1261,0.5054685677142574,0.5024999791668749,240,122,1670,842,398,218,2635,1390,30,16,430,205,26,13,448,216,4,1,0.0,0.8,2615
Ryan Day,John Astley,7,1457,1249,0.7608368593181393,0.6271477663131956,833,505,5823,3215,157,74,965,449,61,33,957,543,14,4,246,115,4,3,0.0,0.5714285714285714,2615
Paul Davison,Rod Lawler,7,1163,1264,0.3647889315421975,0.43720825986135486,630,330,4452,2264,783,427,5962,3096,13,3,361,156,11,1,517,246,4,0,0.0,1.0,2615
Sam Craigie,Kyren Wilson,7,1270,1442,0.278509149386796,0.3941263315682394,123,64,737,385,369,226,2365,1304,18,6,293,159,41,23,878,498,4,1,0.0,0.8,2615
Billy Joe Castle,Declan Brennan,7,1061,960,0.6352110684578025,0.5627917401386452,18,9,97,50,22,6,115,45,13,3,54,26,0,0,42,22,4,2,0.0,0.6666666666666666,2615
Ali Carter,Chen Zhe,7,1509,1200,0.8523649112589072,0.6840614456522569,849,514,5996,3309,180,89,1099,544,19,9,852,483,13,3,178,83,4,0,0.0,1.0,2615
Stuart Carrington,Judd Trump,7,1332,1635,0.15226728492819896,0.31918928918436135,281,152,1792,941,803,541,5417,3193,23,10,520,266,58,39,1246,766,4,2,0.0,0.6666666666666666,2615
Alex Borg,Peter Ebdon,7,1119,1335,0.23087760377680316,0.3681875822638983,349,151,2504,1148,1028,589,8086,4342,11,1,239,109,36,20,741,398,4,3,0.0,0.5714285714285714,2615
Yan Bingtao,Robbie Williams,7,1406,1307,0.6326419490877371,0.5615610703361955,70,40,464,256,319,174,2060,1055,38,26,326,180,21,8,507,256,4,0,0.0,1.0,2615
Jamie Barrett,Ian Preece,7,1082,1206,0.3357342215120212,0.42311473886795364,57,25,336,156,192,107,1398,725,18,5,167,72,13,3,133,66,4,1,0.0,0.8,2615
Mark Allen,Sanderson Lam,7,1497,1127,0.8938256769723133,0.7160597938157098,662,427,4547,2557,111,45,665,297,45,25,829,475,13,3,289,121,4,2,0.0,0.6666666666666666,2615
Li Yuan,Zhang Yong,7,1061,1094,0.45498494612477275,0.47938669028555136,28,14,152,71,57,20,352,141,13,3,47,22,16,5,259,103,4,0,0.0,1.0,2615
Mei Xiwen,Alex Borg,7,1276,1119,0.7041548710511403,0.596884378259767,66,34,432,217,349,151,2504,1148,18,8,176,96,11,1,239,109,4,1,0.0,0.8,2615
Gary Wilson,Stephen Maguire,7,1335,1553,0.22883313985656367,0.36702522331953935,352,204,2261,1230,868,575,6340,3611,22,10,501,261,80,52,920,517,4,0,0.0,1.0,2615
Mark Williams,Tom Ford,7,1554,1387,0.7157709624772323,0.6028848673274662,1286,840,9746,5578,547,314,3890,2076,25,17,1124,658,31,19,627,343,4,0,0.0,1.0,2615
Jimmy White,Jak Jones,7,1251,1172,0.6066210971235376,0.5492151291013335,1396,782,11994,6313,144,58,933,414,26,13,309,139,22,8,181,78,4,0,0.0,1.0,2615
Ricky Walden,Jack Lisowski,7,1404,1329,0.6013510291923431,0.5467381519846138,761,464,5377,2979,353,207,2301,1243,65,38,928,504,24,10,501,256,4,2,0.0,0.6666666666666666,2615
Chris Wakelin,Fang Xiongman,7,1282,1151,0.6729150209582897,0.5811509642893937,136,69,917,459,49,23,279,131,25,12,489,242,21,8,167,77,4,1,0.0,0.8,2615
Thepchaiya Un-Nooh,Chen Zifan,7,1348,1061,0.834882617465889,0.6720562626502714,269,154,1943,1029,38,17,224,100,27,12,714,381,12,2,100,41,4,3,0.0,0.5714285714285714,2615
Akani Songsermsawad,Wang Yuchen,7,1340,1061,0.8281850360436097,0.6676332571171155,44,21,335,171,42,12,270,105,42,24,296,154,17,7,154,61,4,3,0.0,0.5714285714285714,2615
Elliot Slessor,Kurt Maflin,7,1238,1364,0.33325327584718467,0.4218947671156908,126,56,758,352,482,279,3231,1746,36,20,340,166,28,15,593,313,4,2,0.0,0.6666666666666666,2615
Noppon Saengkham,Yu Delu,7,1327,1265,0.5840920587766287,0.538672605206508,167,73,1198,559,240,122,1670,842,39,24,497,233,30,16,430,205,4,3,0.0,0.5714285714285714,2615
Jimmy Robertson,Zhao Xintong,7,1369,1305,0.5867595016023184,0.5399148845555657,418,227,2804,1459,102,55,688,370,40,21,642,351,27,12,375,202,4,3,0.0,0.5714285714285714,2615
Neil Robertson,Billy Joe Castle,7,1557,1061,0.9506566281535355,0.7755640142690734,821,539,6039,3448,18,9,97,50,81,53,876,534,13,3,54,26,4,0,0.0,1.0,2615
Joe Perry,Matthew Selt,7,1453,1417,0.549086208422272,0.5224848247918001,971,576,6992,3782,504,277,3453,1813,56,33,999,568,21,9,874,475,4,0,0.0,1.0,2615
Tian Pengfei,Mark Allen,7,1302,1497,0.25298898790249863,0.3804826803529153,333,187,2206,1177,662,427,4547,2557,17,7,483,255,45,25,829,475,4,3,0.0,0.5714285714285714,2615
Ronnie O'Sullivan,Duane Jones,7,1698,1207,0.9490278562465377,0.7733807162924247,1149,877,10029,6122,133,71,778,416,95,62,794,509,11,1,271,120,4,0,0.0,1.0,2615
Ross Muir,Stuart Carrington,7,1217,1332,0.3469916118703663,0.42861601832306767,120,44,808,361,281,152,1792,941,17,7,393,176,23,10,520,266,4,2,0.0,0.6666666666666666,2615
Robert Milkins,Oliver Lines,7,1363,1252,0.6479578189910667,0.5689332093695465,787,474,5745,3123,159,83,992,509,28,15,823,433,25,12,465,226,4,1,0.0,0.8,2615
Anthony McGill,Adam Duffy,7,1460,1296,0.7123105654940886,0.6010878788483698,404,247,2645,1470,307,159,1944,1003,28,16,809,459,10,0,538,288,4,1,0.0,0.8,2615
Mark King,Ashley Hugill,7,1441,1187,0.8060824586598727,0.653622330899504,873,490,6428,3381,78,39,435,213,48,26,775,433,31,14,362,184,4,1,0.0,0.8,2615
Robin Hull,Zhou Yuelong,7,1355,1358,0.4958985144028909,0.498125008789013,496,299,3772,2072,128,69,867,454,13,3,416,217,29,16,573,306,4,1,0.0,0.8,2615
Michael Holt,Michael Georgiou,7,1343,1289,0.573382262278332,0.5336988354329009,763,445,5558,2959,178,83,1090,533,36,18,967,514,23,8,454,219,4,2,0.0,0.6666666666666666,2615
Liam Highfield,Liang Wenbo,7,1390,1465,0.3986489708076568,0.45326184801538616,306,165,2093,1105,544,332,3771,2091,33,17,461,240,38,24,1023,583,4,1,0.0,0.8,2615
John Higgins,Hossein Vafaei,7,1557,1260,0.8429989187038389,0.6775422953274692,1324,936,10621,6282,57,29,451,223,69,47,1177,708,38,19,273,131,4,1,0.0,0.8,2615
Lyu Haotian,Yuan Sijun,7,1222,1148,0.6000303895586184,0.5461185410457796,84,34,588,267,37,12,247,101,42,24,161,83,11,1,176,82,4,1,0.0,0.8,2615
Xiao Guodong,Ali Carter,7,1433,1509,0.3973295650806627,0.45264238185691075,381,223,2546,1407,849,514,5996,3309,65,42,585,326,19,9,852,483,4,1,0.0,0.8,2615
David Gilbert,Paul Davison,7,1393,1163,0.783204659627048,0.6399160967377341,506,285,3709,1984,630,330,4452,2264,27,13,859,478,13,3,361,156,4,2,0.0,0.6666666666666666,2615
Mike Dunn,Matthew Stevens,7,1283,1343,0.4185795134993229,0.46257015465625045,665,354,4915,2535,894,524,6950,3790,29,17,554,288,14,4,557,294,4,0,0.0,1.0,2615
Ken Doherty,Niu Zhuang,7,1271,1045,0.7792359029381558,0.637608652621925,1084,660,8892,4882,30,11,173,69,22,9,486,232,22,9,72,31,4,1,0.0,0.8,2615
Ryan Day,Li Hang,7,1457,1368,0.6197035864994962,0.5553966483205892,833,505,5823,3215,215,109,1536,797,61,33,957,543,52,34,534,288,4,2,0.0,0.6666666666666666,2615
Sam Craigie,Ben Woollaston,7,1270,1367,0.3699335043548132,0.4396703573114467,123,64,737,385,523,299,3379,1800,18,6,293,159,28,13,810,422,4,2,0.0,0.6666666666666666,2615
Yan Bingtao,Jamie Barrett,7,1406,1082,0.86350380276547,0.6921095043017882,70,40,464,256,57,25,336,156,38,26,326,180,18,5,167,72,4,0,0.0,1.0,2615
Li Yuan,Anthony McGill,7,1061,1460,0.08989453776967973,0.2694332350413655,28,14,152,71,404,247,2645,1470,13,3,47,22,28,16,809,459,4,3,0.0,0.5714285714285714,2615
Gary Wilson,John Higgins,7,1335,1557,0.22477678509532484,0.364705150677193,352,204,2261,1230,1324,936,10621,6282,22,10,501,261,69,47,1177,708,4,3,0.0,0.5714285714285714,2615
Mark Williams,Akani Songsermsawad,7,1554,1340,0.7670671244589201,0.6306485256510744,1286,840,9746,5578,44,21,335,171,25,17,1124,658,42,24,296,154,4,1,0.0,0.8,2615
Ricky Walden,Jimmy Robertson,7,1404,1369,0.5477297445502348,0.5218610539716015,761,464,5377,2979,418,227,2804,1459,65,38,928,504,40,21,642,351,4,3,0.0,0.5714285714285714,2615
Chris Wakelin,Jimmy White,7,1282,1251,0.5422981239384312,0.519365308229932,136,69,917,459,1396,782,11994,6313,25,12,489,242,26,13,309,139,4,0,0.0,1.0,2615
Elliot Slessor,Ronnie O'Sullivan,7,1238,1698,0.06211185524403154,0.24048908305088898,126,56,758,352,1149,877,10029,6122,36,20,340,166,95,62,794,509,4,1,0.0,0.8,2615
Joe Perry,Xiao Guodong,7,1453,1433,0.5273209820427867,0.5124973964842103,971,576,6992,3782,381,223,2546,1407,56,33,999,568,65,42,585,326,4,1,0.0,0.8,2615
Tian Pengfei,Noppon Saengkham,7,1302,1327,0.465864760862579,0.4843800842769844,333,187,2206,1177,167,73,1198,559,17,7,483,255,39,24,497,233,4,2,0.0,0.6666666666666666,2615
Robert Milkins,Neil Robertson,7,1363,1557,0.25407076985042915,0.38107214519980964,787,474,5745,3123,821,539,6039,3448,28,15,823,433,81,53,876,534,4,3,0.0,0.5714285714285714,2615
Liam Highfield,Ken Doherty,7,1390,1271,0.6580301976734948,0.5738312575916094,306,165,2093,1105,1084,660,8892,4882,33,17,461,240,22,9,486,232,4,3,0.0,0.5714285714285714,2615
Lyu Haotian,Thepchaiya Un-Nooh,7,1222,1348,0.33325327584718467,0.4218947671156908,84,34,588,267,269,154,1943,1029,42,24,161,83,27,12,714,381,4,2,0.0,0.6666666666666666,2615
David Gilbert,Ross Muir,7,1393,1217,0.726023440718493,0.6082590307465143,506,285,3709,1984,120,44,808,361,27,13,859,478,17,7,393,176,4,3,0.0,0.5714285714285714,2615
Mike Dunn,Michael Holt,7,1283,1343,0.4185795134993229,0.46257015465625045,665,354,4915,2535,763,445,5558,2959,29,17,554,288,36,18,967,514,4,1,0.0,0.8,2615
Ryan Day,Robin Hull,7,1457,1355,0.6364932182719292,0.5634067862621936,833,505,5823,3215,496,299,3772,2072,61,33,957,543,13,3,416,217,4,3,0.0,0.5714285714285714,2615
Sam Craigie,Mei Xiwen,7,1270,1276,0.4917974901893887,0.496250070310918,123,64,737,385,66,34,432,217,18,6,293,159,18,8,176,96,4,2,0.0,0.6666666666666666,2615
Yan Bingtao,Mark King,7,1406,1441,0.4522702554497651,0.47813894602839846,70,40,464,256,873,490,6428,3381,38,26,326,180,48,26,775,433,4,1,0.0,0.8,2615
Li Yuan,Gary Wilson,7,1061,1335,0.17609340109304839,0.3351462695940264,28,14,152,71,352,204,2261,1230,13,3,47,22,22,10,501,261,4,1,0.0,0.8,2615
Mark Williams,David Gilbert,7,1554,1393,0.7088291167182063,0.5992881635083561,1286,840,9746,5578,506,285,3709,1984,25,17,1124,658,27,13,859,478,4,2,0.0,0.6666666666666666,2615
Elliot Slessor,Sam Craigie,7,1238,1270,0.4563431395453441,0.48001065984441826,126,56,758,352,123,64,737,385,36,20,340,166,18,6,293,159,4,1,0.0,0.8,2615
Tian Pengfei,Chris Wakelin,7,1302,1282,0.5273209820427867,0.5124973964842103,333,187,2206,1177,136,69,917,459,17,7,483,255,25,12,489,242,4,1,0.0,0.8,2615
Robert Milkins,Ricky Walden,7,1363,1404,0.44414095234189266,0.47439741167538224,787,474,5745,3123,761,464,5377,2979,28,15,823,433,65,38,928,504,4,2,0.0,0.6666666666666666,2615
Lyu Haotian,Liam Highfield,7,1222,1390,0.2830802923189607,0.3965167501352737,84,34,588,267,306,165,2093,1105,42,24,161,83,33,17,461,240,4,2,0.0,0.6666666666666666,2615
Mike Dunn,Joe Perry,7,1283,1453,0.2807899358531167,0.39532091528599067,665,354,4915,2535,971,576,6992,3782,29,17,554,288,56,33,999,568,4,1,0.0,0.8,2615
Yan Bingtao,Ryan Day,7,1406,1457,0.43064928112217615,0.4681681105837757,70,40,464,256,833,505,5823,3215,38,26,326,180,61,33,957,543,4,3,0.0,0.5714285714285714,2615
Mark Williams,Mike Dunn,9,1554,1283,0.8497422960559372,0.6631804950993565,1286,840,9746,5578,665,354,4915,2535,25,17,1124,658,29,17,554,288,5,1,0.0,0.8333333333333334,2615
Elliot Slessor,Li Yuan,9,1238,1061,0.7516609934098428,0.6088545692109504,126,56,758,352,28,14,152,71,36,20,340,166,13,3,47,22,5,4,0.0,0.5555555555555556,2615
Lyu Haotian,Tian Pengfei,9,1222,1302,0.37897153196993094,0.45016600268752216,84,34,588,267,333,187,2206,1177,42,24,161,83,17,7,483,255,5,4,0.0,0.5555555555555556,2615
Yan Bingtao,Robert Milkins,9,1406,1363,0.5658207017739435,0.5268491486891144,70,40,464,256,787,474,5745,3123,38,26,326,180,28,15,823,433,5,4,0.0,0.5555555555555556,2615
Mark Williams,Elliot Slessor,11,1554,1238,0.90719284982979,0.6878313305828404,1286,840,9746,5578,126,56,758,352,25,17,1124,658,36,20,340,166,6,2,0.0,0.75,2615
Yan Bingtao,Lyu Haotian,11,1406,1222,0.7814232040915076,0.6130141761393355,70,40,464,256,84,34,588,267,38,26,326,180,42,24,161,83,6,2,0.0,0.75,2615
Mark Williams,Yan Bingtao,17,1554,1406,0.7799156904872978,0.5914589784327801,1286,840,9746,5578,70,40,464,256,25,17,1124,658,38,26,326,180,9,8,0.0,0.5294117647058824,2615
Soheil Vahedi,Ma Chunmao,9,1021,1093,0.39073366664049125,0.45512110762641994,8,1,58,22,22,11,116,63,23,9,58,22,0,0,39,21,5,2,0.0,0.7142857142857143,2607
Chen Feilong,Li Zhen,9,1096,967,0.690160189469792,0.5799334001885058,25,10,141,65,6,1,33,10,0,0,18,10,0,0,18,7,5,3,0.0,0.625,2607
Billy Joe Castle,Zhang Jiankang,9,1059,1016,0.5658207017739435,0.5268491486891144,20,10,107,54,2,1,16,7,23,7,64,30,0,0,16,7,5,2,0.0,0.7142857142857143,2607
Cao Yupeng,Peter Ebdon,9,1329,1324,0.5076899290397746,0.5031249593105316,212,105,1535,770,1029,589,8093,4345,85,48,405,194,43,23,748,401,5,3,0.0,0.625,2607
Zhou Yuelong,Scott Donaldson,9,1351,1287,0.5973981597131834,0.5399148845555657,130,70,879,459,190,95,1264,618,41,21,585,311,42,21,435,202,5,1,0.0,0.8333333333333334,2607
Wang Yuchen,David Grace,9,1081,1271,0.23293465503726948,0.38343349547868066,44,13,283,112,286,131,1894,914,30,14,167,68,39,18,466,226,5,1,0.0,0.8333333333333334,2607
Li Yuan,Mike Dunn,9,1134,1327,0.22946053299777336,0.38166196066971714,33,18,181,91,670,358,4941,2552,42,23,76,42,55,34,580,305,5,0,0.0,1.0,2607
Ben Woollaston,Kurt Dunham,9,1360,964,0.9329263143947502,0.7290879223493065,525,300,3392,1806,17,3,97,27,41,19,823,428,23,7,97,27,5,0,0.0,1.0,2607
Gary Wilson,Zhao Xintong,9,1355,1312,0.5658207017739435,0.5268491486891144,356,207,2282,1243,104,56,702,377,43,23,522,274,41,19,389,209,5,2,0.0,0.7142857142857143,2607
Mark Williams,Niu Zhuang,9,1590,1050,0.9778864636236467,0.7941296281990528,1293,847,9796,5614,32,12,185,74,75,53,1174,694,34,14,84,36,5,2,0.0,0.7142857142857143,2607
Robbie Williams,Rhys Clark,9,1293,1209,0.6268664452075894,0.5523079095743253,320,174,2064,1055,99,45,604,280,25,8,511,256,10,2,328,143,5,3,0.0,0.625,2607
Michael White,Jamie Barrett,9,1393,1087,0.8782310515028146,0.6824383021930648,420,241,2828,1505,59,26,345,160,51,28,873,460,27,9,176,76,5,1,0.0,0.8333333333333334,2607
Liang Wenbo,Rod Lawler,9,1453,1246,0.786343333554673,0.6265629971237182,546,333,3781,2096,784,427,5966,3096,48,29,1033,588,15,1,521,246,5,2,0.0,0.7142857142857143,2607
Daniel Wells,Robin Hull,9,1266,1364,0.3529487475112714,0.43905454967528373,311,152,2083,1030,499,301,3791,2083,33,15,456,228,32,14,435,228,5,0,0.0,1.0,2607
Lee Walker,Anthony McGill,9,1223,1452,0.19020982084327387,0.36066016324693406,424,233,3292,1697,406,248,2657,1477,20,6,415,193,40,23,821,466,5,1,0.0,0.8333333333333334,2607
Chris Wakelin,James Wattana,9,1304,1154,0.717920276657251,0.5926665999540697,140,72,935,472,784,429,6618,3477,43,25,507,255,18,4,328,133,5,3,0.0,0.625,2607
Soheil Vahedi,Sam Baird,9,1021,1321,0.12634836049407347,0.320821300824607,8,1,58,22,298,157,2070,1068,23,9,58,22,23,9,538,275,5,4,0.0,0.5555555555555556,2607
Hossein Vafaei,Elliot Slessor,9,1265,1289,0.46314122895623555,0.4850044983805899,59,30,462,228,132,61,795,375,49,24,284,136,73,43,377,189,5,4,0.0,0.5555555555555556,2607
Judd Trump,Joe Swail,9,1618,1262,0.9117158840658912,0.7088901725661199,804,541,5423,3195,805,433,6293,3277,64,41,1252,768,26,12,499,246,5,2,0.0,0.7142857142857143,2607
Chris Totten,Neil Robertson,9,1004,1560,0.019338000974565006,0.19940775684866852,14,4,78,30,824,541,6055,3459,27,9,67,27,97,64,892,545,5,2,0.0,0.7142857142857143,2607
Matthew Stevens,Fang Xiongman,9,1340,1143,0.7751238468246431,0.6206951913643555,896,525,6958,3794,50,23,284,132,22,8,565,298,26,9,172,78,5,4,0.0,0.5555555555555556,2607
Akani Songsermsawad,Andrew Higginson,9,1338,1337,0.5015380819320778,0.5006249996744794,47,23,353,180,669,400,4726,2593,60,33,314,163,23,9,560,297,5,4,0.0,0.5555555555555556,2607
Yuan Sijun,Shaun Murphy,9,1157,1522,0.08310254296338317,0.28648853245736305,39,13,257,106,940,618,6942,3970,21,6,186,87,77,45,1023,613,5,4,0.0,0.5555555555555556,2607
Matthew Selt,Craig Steadman,9,1413,1249,0.7357020581715297,0.6010878788483698,506,278,3461,1817,399,218,2640,1391,29,13,882,479,31,14,453,217,5,3,0.0,0.625,2607
Mark Selby,Ian Burns,9,1590,1260,0.8953253211201412,0.6952966693475653,989,683,7156,4181,291,152,1833,940,19,9,1288,800,20,6,435,204,5,2,0.0,0.7142857142857143,2607
Jimmy Robertson,Ashley Hugill,9,1377,1185,0.7693848278621133,0.617747874769249,421,229,2824,1470,80,40,446,218,60,32,662,362,42,19,373,189,5,2,0.0,0.7142857142857143,2607
Ian Preece,Oliver Lines,9,1191,1242,0.42208550570901493,0.4681681105837757,193,107,1403,726,161,84,1004,514,18,4,138,67,37,17,477,231,5,4,0.0,0.5555555555555556,2607
Joe Perry,Liam Highfield,9,1461,1396,0.5988871099602557,0.5405358392737893,975,579,7013,3795,310,168,2118,1119,77,46,1020,581,58,31,486,254,5,3,0.0,0.625,2607
Ronnie O'Sullivan,Christopher Keogan,9,1676,1197,0.9638277543573075,0.7680797488721223,1152,879,10044,6131,122,51,679,322,110,71,809,518,25,11,285,145,5,0,0.0,1.0,2607
Fergal O'Brien,Duane Jones,9,1324,1212,0.66681018628421,0.569546223939229,835,477,6292,3323,135,72,787,420,21,7,686,358,20,5,280,124,5,1,0.0,0.8333333333333334,2607
Robert Milkins,Paul Davison,9,1392,1180,0.7918223659012522,0.6294831119673949,792,478,5779,3143,632,331,4462,2270,62,35,857,453,23,9,371,162,5,2,0.0,0.7142857142857143,2607
Alan McManus,Hammad Miah,9,1430,1200,0.8108150591323824,0.6399160967377341,893,532,7502,3985,109,42,715,313,38,19,660,357,30,12,413,195,5,4,0.0,0.5555555555555556,2607
Rory McLeod,Billy Joe Castle,9,1309,1059,0.8305589863516776,0.6513548646660542,535,293,3969,2068,20,10,107,54,41,22,502,249,23,7,64,30,5,4,0.0,0.5555555555555556,2607
Mitchell Mann,Ricky Walden,9,1225,1416,0.23177321518818045,0.38284263734702784,208,97,1317,635,765,467,5400,2993,34,15,424,187,88,52,951,518,5,3,0.0,0.625,2607
Stephen Maguire,Thor Chuan Leong,9,1540,1120,0.9435318853866546,0.740774899182154,870,576,6348,3615,57,16,379,149,88,56,928,521,22,8,351,146,5,1,0.0,0.8333333333333334,2607
Kurt Maflin,Peter Lines,9,1364,1305,0.5899315453398475,0.5368082899889803,484,280,3242,1752,740,401,5383,2798,39,21,604,319,50,27,491,246,5,4,0.0,0.5555555555555556,2607
Jack Lisowski,Jimmy White,9,1336,1259,0.6166307742060854,0.5479769376367963,355,208,2311,1249,1399,784,12009,6321,34,16,511,262,41,21,324,147,5,1,0.0,0.8333333333333334,2607
Sanderson Lam,Thepchaiya Un-Nooh,9,1129,1334,0.21587277809548666,0.37460765027944887,112,45,671,299,272,156,1962,1039,19,5,295,123,46,22,733,391,5,2,0.0,0.7142857142857143,2607
Mark King,Matthew Bolton,9,1436,971,0.9596829417818002,0.7617866810463009,876,492,6443,3390,4,0,20,1,63,35,790,442,15,1,15,1,5,2,0.0,0.7142857142857143,2607
Mark Joyce,Zhang Anda,9,1375,1353,0.5337952923373129,0.513746534902355,416,220,3012,1536,271,136,1892,949,76,41,548,290,32,15,558,285,5,4,0.0,0.5555555555555556,2607
Jamie Jones,Martin O'Donnell,9,1340,1282,0.5884340025894599,0.5361866202317948,453,272,2999,1628,262,125,1616,806,35,16,599,320,15,5,381,191,5,1,0.0,0.8333333333333334,2607
Michael Holt,Xu Si,9,1337,1095,0.8228339524244989,0.6467993925579857,765,446,5569,2964,23,10,157,67,47,23,978,519,43,20,113,52,5,0,0.0,1.0,2607
John Higgins,Alexander Ursenbacher,9,1550,1119,0.9479079941487858,0.7460205900722962,1327,938,10639,6293,75,30,447,198,87,58,1195,719,17,3,190,96,5,2,0.0,0.7142857142857143,2607
Barry Hawkins,Chen Zhe,9,1449,1190,0.8389743547486134,0.6564468724566059,849,523,6072,3367,181,89,1103,544,34,17,911,507,17,3,182,83,5,3,0.0,0.625,2607
Lyu Haotian,Anthony Hamilton,9,1260,1330,0.3936911903272074,0.4563613127629212,90,39,629,290,791,459,6123,3275,83,47,202,106,17,3,487,243,5,0,0.0,1.0,2607
Xiao Guodong,Aditya Mehta,9,1436,1226,0.7896412769224667,0.6283161882953663,384,225,2562,1416,258,126,1773,873,81,51,601,335,30,11,315,141,5,1,0.0,0.8333333333333334,2607
Gerard Greene,Kyren Wilson,9,1223,1426,0.21810282748285217,0.3757797665027358,672,363,5023,2626,370,226,2370,1305,31,12,359,177,46,24,883,499,5,3,0.0,0.625,2607
Martin Gould,Allan Taylor,9,1493,1148,0.9050436520083749,0.7031827112198086,603,366,4053,2225,256,119,1520,745,53,30,722,410,29,12,325,127,5,3,0.0,0.625,2607
David Gilbert,Alex Borg,9,1403,1122,0.8583224919882384,0.668741821102192,510,288,3732,1998,351,152,2516,1153,50,27,882,492,23,6,251,114,5,4,0.0,0.5555555555555556,2607
Michael Georgiou,Li Hang,9,1298,1365,0.39813953546930514,0.4582226307163632,180,84,1100,539,217,110,1549,803,33,14,464,225,65,40,547,294,5,2,0.0,0.7142857142857143,2607
Marco Fu,Boonyarit Keattikun,9,1449,1111,0.9005987447198918,0.6995172276624274,821,489,6079,3318,31,8,235,98,52,31,989,562,12,2,187,74,5,1,0.0,0.8333333333333334,2607
Tom Ford,Chen Zifan,9,1380,1089,0.8665483049653652,0.6742564252229473,549,315,3900,2080,40,18,236,107,41,23,637,347,24,9,112,48,5,0,0.0,1.0,2607
Adam Duffy,Noppon Saengkham,9,1297,1316,0.4708038156707409,0.4881272322437472,309,160,1955,1008,170,75,1218,569,21,5,549,293,59,34,517,243,5,4,0.0,0.5555555555555556,2607
Graeme Dott,Nigel Bond,9,1386,1245,0.7061774724656459,0.587223690839335,800,468,6142,3288,826,455,6560,3449,48,25,746,400,18,4,381,168,5,3,0.0,0.625,2607
Yu Delu,Sean O'Sullivan,9,1275,1175,0.6499012213921682,0.5621765008857981,242,123,1682,849,170,72,1066,496,42,23,442,212,16,2,381,180,5,1,0.0,0.8333333333333334,2607
Ryan Day,Josh Boileau,9,1456,1062,0.9319738736042507,0.7280991982662492,837,508,5850,3230,65,30,359,169,88,48,984,558,20,6,198,85,5,1,0.0,0.8333333333333334,2607
Mark Davis,Ross Muir,9,1407,1232,0.7492413698670223,0.6076631698328917,1015,612,7197,3935,123,46,828,372,25,11,970,547,37,18,413,187,5,1,0.0,0.8333333333333334,2607
Dominic Dale,Leo Fernandez,9,1383,1205,0.7528658846129856,0.6094497836283252,877,505,6277,3353,411,247,3126,1680,34,19,811,434,26,7,181,83,5,0,0.0,1.0,2607
Ali Carter,Sam Craigie,9,1505,1292,0.7929076344712422,0.6300660082850182,851,515,6005,3314,127,67,759,398,28,14,861,488,40,19,315,172,5,4,0.0,0.5555555555555556,2607
Stuart Carrington,Chen Feilong,9,1337,1096,0.8218521323213228,0.6462280583309002,283,153,1804,947,25,10,141,65,35,16,532,272,0,0,18,10,5,3,0.0,0.625,2607
Alfie Burden,Hamza Akbar,9,1312,1076,0.8168891158426366,0.6433651456944017,627,338,4561,2352,24,4,172,61,30,14,472,234,25,10,172,61,5,4,0.0,0.5555555555555556,2607
Luca Brecel,Jak Jones,9,1417,1164,0.8333964892426636,0.6530561132866127,270,150,1851,980,146,59,944,418,28,15,720,404,33,12,192,82,5,0,0.0,1.0,2607
Yan Bingtao,Eden Sharav,9,1466,1177,0.8649313248966203,0.6731572963701318,77,46,518,291,108,53,648,311,92,61,380,215,28,11,325,136,5,0,0.0,1.0,2607
Stuart Bingham,Lukas Kleckers,9,1525,1082,0.952355939937069,0.7516627404402959,992,629,7254,4131,44,18,264,120,0,0,1204,694,18,4,205,92,5,1,0.0,0.8333333333333334,2607
John Astley,Tian Pengfei,9,1252,1326,0.3877827719916604,0.4538814589542204,158,74,972,452,338,191,2239,1197,21,7,253,118,50,27,516,275,5,4,0.0,0.5555555555555556,2607
Mark Allen,Zhang Yong,9,1484,1090,0.9319738736042507,0.7280991982662492,664,428,4560,2564,59,21,363,145,58,32,842,482,27,9,270,107,5,3,0.0,0.625,2607
Cao Yupeng,Michael Holt,9,1329,1337,0.48769736295316923,0.4950001666600003,212,105,1535,770,765,446,5569,2964,85,48,405,194,47,23,978,519,5,0,0.0,1.0,2607
Zhou Yuelong,Sanderson Lam,9,1351,1129,0.8025160233947083,0.6352948493228071,130,70,879,459,112,45,671,299,41,21,585,311,19,5,295,123,5,4,0.0,0.5555555555555556,2607
Mei Xiwen,Adam Duffy,9,1290,1297,0.4892347721324395,0.4956251116502266,69,36,447,227,309,160,1955,1008,33,18,191,106,21,5,549,293,5,4,0.0,0.5555555555555556,2607
Ben Woollaston,Michael Georgiou,9,1360,1298,0.5944158213362583,0.538672605206508,525,300,3392,1806,180,84,1100,539,41,19,823,428,33,14,464,225,5,3,0.0,0.625,2607
Robbie Williams,Yuan Sijun,9,1293,1157,0.699552494810083,0.5841905229354074,320,174,2064,1055,39,13,257,106,25,8,511,256,21,6,186,87,5,4,0.0,0.5555555555555556,2607
Mark Williams,Wang Yuchen,9,1590,1081,0.9714928341258613,0.7811704063081433,1293,847,9796,5614,44,13,283,112,75,53,1174,694,30,14,167,68,5,1,0.0,0.8333333333333334,2607
Michael White,Mark Davis,9,1393,1407,0.4784777823974459,0.4912508931197597,420,241,2828,1505,1015,612,7197,3935,51,28,873,460,25,11,970,547,5,4,0.0,0.5555555555555556,2607
Liang Wenbo,John Astley,9,1453,1252,0.7796532292456051,0.6230466603666162,546,333,3781,2096,158,74,972,452,48,29,1033,588,21,7,253,118,5,2,0.0,0.7142857142857143,2607
Judd Trump,Alfie Burden,9,1618,1312,0.8782310515028146,0.6824383021930648,804,541,5423,3195,627,338,4561,2352,64,41,1252,768,30,14,472,234,5,0,0.0,1.0,2607
Mark Selby,Chris Wakelin,9,1590,1304,0.8624794817796031,0.6715050342254059,989,683,7156,4181,140,72,935,472,19,9,1288,800,43,25,507,255,5,4,0.0,0.5555555555555556,2607
Jimmy Robertson,Tom Ford,9,1377,1380,0.4953858503317341,0.498125008789013,421,229,2824,1470,549,315,3900,2080,60,32,662,362,41,23,637,347,5,4,0.0,0.5555555555555556,2607
Joe Perry,Matthew Selt,9,1461,1413,0.5733876953909138,0.5299640517645717,975,579,7013,3795,506,278,3461,1817,77,46,1020,581,29,13,882,479,5,1,0.0,0.8333333333333334,2607
Ronnie O'Sullivan,Gary Wilson,9,1676,1355,0.8891414855085586,0.6905090012275708,1152,879,10044,6131,356,207,2282,1243,110,71,809,518,43,23,522,274,5,2,0.0,0.7142857142857143,2607
Fergal O'Brien,Mitchell Mann,9,1324,1225,0.6484773334831452,0.5615610703361955,835,477,6292,3323,208,97,1317,635,21,7,686,358,34,15,424,187,5,4,0.0,0.5555555555555556,2607
Robert Milkins,Lyu Haotian,9,1392,1260,0.6942019644408484,0.5817593768418363,792,478,5779,3143,90,39,629,290,62,35,857,453,83,47,202,106,5,4,0.0,0.5555555555555556,2607
Alan McManus,Dominic Dale,9,1430,1383,0.5718764689798446,0.5293412500457856,893,532,7502,3985,877,505,6277,3353,38,19,660,357,34,19,811,434,5,4,0.0,0.5555555555555556,2607
Stephen Maguire,Rory McLeod,9,1540,1309,0.8118363604456017,0.6404919537233386,870,576,6348,3615,535,293,3969,2068,88,56,928,521,41,22,502,249,5,4,0.0,0.5555555555555556,2607
Kurt Maflin,Lee Walker,9,1364,1223,0.7061774724656459,0.587223690839335,484,280,3242,1752,424,233,3292,1697,39,21,604,319,20,6,415,193,5,4,0.0,0.5555555555555556,2607
Jack Lisowski,Chris Totten,9,1336,1004,0.8966632246585242,0.6963549298238342,355,208,2311,1249,14,4,78,30,34,16,511,262,27,9,67,27,5,1,0.0,0.8333333333333334,2607
Jamie Jones,Mark King,9,1340,1436,0.3558074142386589,0.44028635073280703,453,272,2999,1628,876,492,6443,3390,35,16,599,320,63,35,790,442,5,2,0.0,0.7142857142857143,2607
John Higgins,Ian Preece,9,1550,1191,0.9134704714809997,0.7104354810428751,1327,938,10639,6293,193,107,1403,726,87,58,1195,719,18,4,138,67,5,1,0.0,0.8333333333333334,2607
Barry Hawkins,Daniel Wells,9,1449,1266,0.7588407806226307,0.6124209393479161,849,523,6072,3367,311,152,2083,1030,34,17,911,507,33,15,456,228,5,2,0.0,0.7142857142857143,2607
Gerard Greene,Soheil Vahedi,9,1223,1021,0.7807769347952548,0.623633628298226,672,363,5023,2626,8,1,58,22,31,12,359,177,23,9,58,22,5,3,0.0,0.625,2607
Martin Gould,Li Yuan,9,1493,1134,0.9134704714809997,0.7104354810428751,603,366,4053,2225,33,18,181,91,53,30,722,410,42,23,76,42,5,0,0.0,1.0,2607
David Gilbert,Mark Joyce,9,1403,1375,0.542978651056463,0.5174928576663897,510,288,3732,1998,416,220,3012,1536,50,27,882,492,76,41,548,290,5,0,0.0,1.0,2607
Marco Fu,Hossein Vafaei,9,1449,1265,0.760025787896806,0.6130141761393355,821,489,6079,3318,59,30,462,228,52,31,989,562,49,24,284,136,5,0,0.0,1.0,2607
Graeme Dott,Xiao Guodong,9,1386,1436,0.4235932693384231,0.46879062662624377,800,468,6142,3288,384,225,2562,1416,48,25,746,400,81,51,601,335,5,3,0.0,0.625,2607
Yu Delu,Ryan Day,9,1275,1456,0.24353923114011933,0.3887665333241305,242,123,1682,849,837,508,5850,3230,42,23,442,212,88,48,984,558,5,4,0.0,0.5555555555555556,2607
Ali Carter,Stuart Carrington,9,1505,1337,0.7406703376244016,0.6034832498647263,851,515,6005,3314,283,153,1804,947,28,14,861,488,35,16,532,272,5,3,0.0,0.625,2607
Luca Brecel,Matthew Stevens,9,1417,1340,0.6166307742060854,0.5479769376367963,270,150,1851,980,896,525,6958,3794,28,15,720,404,22,8,565,298,5,0,0.0,1.0,2607
Mark Allen,Yan Bingtao,9,1484,1466,0.5276622061032297,0.5112481019468548,664,428,4560,2564,77,46,518,291,58,32,842,482,92,61,380,215,5,1,0.0,0.8333333333333334,2607
Mei Xiwen,Jimmy Robertson,9,1290,1377,0.3687749893732751,0.44583834723635146,69,36,447,227,421,229,2824,1470,33,18,191,106,60,32,662,362,5,3,0.0,0.625,2607
Mark Williams,Gerard Greene,9,1590,1223,0.9180156886314788,0.7145324397353954,1293,847,9796,5614,672,363,5023,2626,75,53,1174,694,31,12,359,177,5,0,0.0,1.0,2607
Liang Wenbo,David Gilbert,9,1453,1403,0.5764067306615769,0.5312093733737563,546,333,3781,2096,510,288,3732,1998,48,29,1033,588,50,27,882,492,5,0,0.0,1.0,2607
Judd Trump,Ben Woollaston,9,1618,1360,0.8380537004953521,0.6558828412078137,804,541,5423,3195,525,300,3392,1806,64,41,1252,768,41,19,823,428,5,0,0.0,1.0,2607
Mark Selby,Alan McManus,9,1590,1430,0.7306833019461992,0.598687660112452,989,683,7156,4181,893,532,7502,3985,19,9,1288,800,38,19,660,357,5,4,0.0,0.5555555555555556,2607
Ronnie O'Sullivan,Joe Perry,9,1676,1461,0.7950675978142399,0.6312306626164005,1152,879,10044,6131,975,579,7013,3795,110,71,809,518,77,46,1020,581,5,1,0.0,0.8333333333333334,2607
Stephen Maguire,Ali Carter,9,1540,1505,0.5536617994848322,0.5218610539716015,870,576,6348,3615,851,515,6005,3314,88,56,928,521,28,14,861,488,5,4,0.0,0.5555555555555556,2607
Kurt Maflin,Yu Delu,9,1364,1275,0.6341209376700583,0.5553966483205892,484,280,3242,1752,242,123,1682,849,39,21,604,319,42,23,442,212,5,3,0.0,0.625,2607
Jack Lisowski,Cao Yupeng,9,1336,1329,0.5107652278675607,0.5043748883497735,355,208,2311,1249,212,105,1535,770,34,16,511,262,85,48,405,194,5,4,0.0,0.5555555555555556,2607
John Higgins,Zhou Yuelong,9,1550,1351,0.7773954380141394,0.6218716423074662,1327,938,10639,6293,130,70,879,459,87,58,1195,719,41,21,585,311,5,1,0.0,0.8333333333333334,2607
Barry Hawkins,Michael White,9,1449,1393,0.585434873024069,0.5349429451582145,849,523,6072,3367,420,241,2828,1505,34,17,911,507,51,28,873,460,5,3,0.0,0.625,2607
Martin Gould,Akani Songsermsawad,9,1493,1338,0.7243399491478313,0.5956807306078472,603,366,4053,2225,47,23,353,180,53,30,722,410,60,33,314,163,5,0,0.0,1.0,2607
Marco Fu,Robert Milkins,9,1449,1392,0.5869351044529159,0.5355648379838539,821,489,6079,3318,792,478,5779,3143,52,31,989,562,62,35,857,453,5,3,0.0,0.625,2607
Graeme Dott,Robbie Williams,9,1386,1293,0.6398886059283445,0.5578645727207344,800,468,6142,3288,320,174,2064,1055,48,25,746,400,25,8,511,256,5,2,0.0,0.7142857142857143,2607
Luca Brecel,Jamie Jones,9,1417,1340,0.6166307742060854,0.5479769376367963,270,150,1851,980,453,272,2999,1628,28,15,720,404,35,16,599,320,5,0,0.0,1.0,2607
Mark Allen,Fergal O'Brien,9,1484,1324,0.7306833019461992,0.598687660112452,664,428,4560,2564,835,477,6292,3323,58,32,842,482,21,7,686,358,5,0,0.0,1.0,2607
Mark Williams,Mark Selby,9,1590,1590,0.5,0.5,1293,847,9796,5614,989,683,7156,4181,75,53,1174,694,19,9,1288,800,5,3,0.0,0.625,2607
Judd Trump,Stephen Maguire,9,1618,1540,0.6180984609900165,0.5485961085831343,804,541,5423,3195,870,576,6348,3615,64,41,1252,768,88,56,928,521,5,0,0.0,1.0,2607
Ronnie O'Sullivan,Barry Hawkins,9,1676,1449,0.8077296924469662,0.6381861133090055,1152,879,10044,6131,849,523,6072,3367,110,71,809,518,34,17,911,507,5,0,0.0,1.0,2607
Kurt Maflin,Mei Xiwen,9,1364,1290,0.6122172280083397,0.5461185410457796,484,280,3242,1752,69,36,447,227,39,21,604,319,33,18,191,106,5,2,0.0,0.7142857142857143,2607
Jack Lisowski,Mark Allen,9,1336,1484,0.28466862205354465,0.40854102156721994,355,208,2311,1249,664,428,4560,2564,34,16,511,262,58,32,842,482,5,4,0.0,0.5555555555555556,2607
John Higgins,Liang Wenbo,9,1550,1453,0.6456229970128096,0.5603296426885532,1327,938,10639,6293,546,333,3781,2096,87,58,1195,719,48,29,1033,588,5,2,0.0,0.7142857142857143,2607
Martin Gould,Marco Fu,9,1493,1449,0.5673362271953684,0.5274723043445937,603,366,4053,2225,821,489,6079,3318,53,30,722,410,52,31,989,562,5,2,0.0,0.7142857142857143,2607
Luca Brecel,Graeme Dott,9,1417,1386,0.5475616243336275,0.519365308229932,270,150,1851,980,800,468,6142,3288,28,15,720,404,48,25,746,400,5,4,0.0,0.5555555555555556,2607
Judd Trump,Luca Brecel,9,1618,1417,0.7796532292456051,0.6230466603666162,804,541,5423,3195,270,150,1851,980,64,41,1252,768,28,15,720,404,5,0,0.0,1.0,2607
Ronnie O'Sullivan,Mark Williams,9,1676,1590,0.6297740923567853,0.5535439031511183,1152,879,10044,6131,1293,847,9796,5614,110,71,809,518,75,53,1174,694,5,1,0.0,0.8333333333333334,2607
Jack Lisowski,Kurt Maflin,9,1336,1364,0.45702134894353685,0.48250714233361025,355,208,2311,1249,484,280,3242,1752,34,16,511,262,39,21,604,319,5,3,0.0,0.625,2607
John Higgins,Martin Gould,9,1550,1493,0.5869351044529159,0.5355648379838539,1327,938,10639,6293,603,366,4053,2225,87,58,1195,719,53,30,722,410,5,1,0.0,0.8333333333333334,2607
Judd Trump,Jack Lisowski,11,1618,1336,0.8818249401053111,0.669295402777446,804,541,5423,3195,355,208,2311,1249,64,41,1252,768,34,16,511,262,6,3,0.0,0.6666666666666666,2607
Ronnie O'Sullivan,John Higgins,11,1676,1550,0.7030818618963935,0.5781052328843092,1152,879,10044,6131,1327,938,10639,6293,110,71,809,518,87,58,1195,719,6,2,0.0,0.75,2607
Ronnie O'Sullivan,Judd Trump,19,1676,1618,0.6255406891300608,0.5361866202317948,1152,879,10044,6131,804,541,5423,3195,110,71,809,518,64,41,1252,768,10,3,0.0,0.7692307692307693,2607
Michael White,Marco Fu,7,1399,1464,0.4119083649163239,0.4594641607262107,423,243,2851,1518,825,492,6105,3335,74,41,896,473,78,48,1015,579,4,3,0.0,0.5714285714285714,2613
Mark Selby,Liang Wenbo,7,1573,1473,0.6339273074659068,0.5621765008857981,993,686,7189,4199,550,336,3807,2113,52,27,1321,818,74,46,1059,605,4,3,0.0,0.5714285714285714,2613
Ronnie O'Sullivan,Neil Robertson,7,1758,1531,0.7802322205466414,0.6381861133090055,1159,886,10094,6172,825,541,6062,3461,160,112,859,559,104,66,899,547,4,1,0.0,0.8,2613
Shaun Murphy,Mark King,7,1503,1418,0.6144870727228646,0.5529259881329059,941,618,6951,3974,878,493,6457,3397,86,49,1032,617,77,42,804,449,4,2,0.0,0.6666666666666666,2613
John Higgins,Anthony McGill,7,1577,1429,0.6935058085008956,0.5914589784327801,1333,943,10679,6320,407,248,2663,1478,127,85,1235,746,46,24,827,467,4,0,0.0,1.0,2613
Anthony Hamilton,Ding Junhui,7,1308,1497,0.25951818668021626,0.3840246980818742,792,459,6128,3275,670,449,5086,2909,22,3,492,243,30,16,923,526,4,2,0.0,0.6666666666666666,2613
Ryan Day,Barry Hawkins,7,1449,1446,0.5041014855971089,0.5018749912109869,839,509,5865,3239,853,526,6100,3382,103,57,999,567,62,32,939,522,4,2,0.0,0.6666666666666666,2613
Luca Brecel,Judd Trump,7,1453,1652,0.24868775230024892,0.3781283576925339,275,154,1880,1000,811,547,5472,3229,57,35,749,424,113,75,1301,802,4,0,0.0,1.0,2613
Ronnie O'Sullivan,John Higgins,11,1758,1577,0.7776988853286149,0.6112334666758695,1159,886,10094,6172,1333,943,10679,6320,160,112,859,559,127,85,1235,746,6,0,0.0,1.0,2613
Shaun Murphy,Michael White,11,1503,1399,0.6701956406431402,0.5646362918030292,941,618,6951,3974,423,243,2851,1518,86,49,1032,617,74,41,896,473,6,4,0.0,0.6,2613
Anthony Hamilton,Ryan Day,11,1308,1449,0.27543062487569003,0.4127763091606651,792,459,6128,3275,839,509,5865,3239,22,3,492,243,103,57,999,567,6,4,0.0,0.6,2613
Luca Brecel,Mark Selby,11,1453,1573,0.3057318590991054,0.425557483188341,275,154,1880,1000,993,686,7189,4199,57,35,749,424,52,27,1321,818,6,4,0.0,0.6,2613
Ronnie O'Sullivan,Anthony Hamilton,11,1758,1308,0.9687275205673052,0.7549149868676283,1159,886,10094,6172,792,459,6128,3275,160,112,859,559,22,3,492,243,6,2,0.0,0.75,2613
Shaun Murphy,Luca Brecel,11,1503,1453,0.5839387050670305,0.5312093733737563,941,618,6951,3974,275,154,1880,1000,86,49,1032,617,57,35,749,424,6,4,0.0,0.6,2613
Shaun Murphy,Ronnie O'Sullivan,19,1503,1758,0.08131401139039415,0.3458118862387571,941,618,6951,3974,1159,886,10094,6172,86,49,1032,617,160,112,859,559,10,8,0.0,0.5555555555555556,2613
Niu Zhuang,Noppon Saengkham,11,1054,1311,0.13985741457279408,0.34468162982610484,33,12,192,76,171,75,1227,573,41,16,91,38,68,38,526,247,6,4,0.0,0.6,2602
Cao Yupeng,Chris Wakelin,11,1353,1314,0.5656716679114975,0.5243557087682073,215,107,1557,784,142,73,952,481,107,62,427,208,60,34,524,264,6,2,0.0,0.75,2602
Li Yuan,Sam Baird,11,1147,1305,0.2520802886702409,0.40251423417298393,35,19,191,96,299,157,2079,1072,52,28,86,47,32,13,547,279,6,4,0.0,0.6,2602
Zhang Yong,Fergal O'Brien,11,1097,1321,0.17258345825234583,0.36354745971843366,60,21,371,148,838,479,6312,3333,35,12,278,110,41,17,706,368,6,5,0.0,0.5454545454545454,2602
Mei Xiwen,Alfie Burden,11,1297,1293,0.5067672397621659,0.5024999791668749,72,38,471,239,629,339,4575,2357,57,30,215,118,44,19,486,239,6,1,0.0,0.8571428571428571,2602
Zhao Xintong,Matthew Stevens,11,1302,1317,0.4746394143186712,0.4906260984783392,105,56,709,379,898,526,6972,3799,48,21,396,211,36,13,579,303,6,2,0.0,0.75,2602
Ben Woollaston,Jak Jones,11,1363,1150,0.8154560379628985,0.6300660082850182,528,302,3410,1816,147,59,949,418,59,29,841,438,38,12,197,82,6,2,0.0,0.75,2602
Kyren Wilson,Rhys Clark,11,1410,1204,0.8075715200153646,0.6259778577666038,371,226,2378,1308,100,45,612,283,54,27,891,502,18,5,336,146,6,2,0.0,0.75,2602
Gary Wilson,Thor Chuan Leong,11,1364,1116,0.8516851985920928,0.6502185485738271,358,208,2296,1250,58,16,385,150,57,30,536,281,28,9,357,147,6,3,0.0,0.6666666666666666,2602
Mark Williams,Boonyarit Keattikun,11,1595,1105,0.978274905028605,0.7729422593967386,1298,851,9828,5635,32,8,241,99,107,74,1206,715,18,3,193,75,6,1,0.0,0.8571428571428571,2602
Robbie Williams,Zhang Anda,11,1289,1350,0.39798138530282035,0.4619487156141408,323,176,2088,1067,272,136,1901,953,49,20,535,268,41,19,567,289,6,5,0.0,0.5454545454545454,2602
Liang Wenbo,Adam Duffy,11,1472,1297,0.7701380681178696,0.6076631698328917,551,336,3814,2116,311,161,1973,1017,81,49,1066,608,39,14,567,302,6,2,0.0,0.75,2602
Lee Walker,Stuart Carrington,11,1247,1334,0.35621000655071555,0.44583834723635146,426,234,3307,1706,285,154,1820,955,35,15,430,202,51,24,548,280,6,5,0.0,0.5454545454545454,2602
Ricky Walden,Billy Joe Castle,11,1401,1075,0.9137947284470538,0.6931739493259501,766,467,5408,2996,22,11,123,63,96,55,959,521,39,16,80,39,6,5,0.0,0.5454545454545454,2602
Hossein Vafaei,Duane Jones,11,1255,1199,0.5938261596175556,0.5349429451582145,61,31,476,233,136,72,793,421,63,29,298,141,26,6,286,125,6,4,0.0,0.6,2602
Judd Trump,Chris Totten,11,1632,1026,0.9931142500600635,0.8198010248019487,812,547,5476,3229,16,5,91,36,117,75,1305,802,40,15,80,33,6,0,0.0,1.0,2602
Akani Songsermsawad,Marco Fu,11,1326,1458,0.2882274539121979,0.4182406231581638,49,24,367,185,826,492,6112,3338,74,38,328,168,85,51,1022,582,6,4,0.0,0.6,2602
Eden Sharav,Michael White,11,1164,1402,0.15812250985759263,0.3554884462937054,109,53,653,311,425,244,2868,1526,33,11,330,136,91,49,913,481,6,3,0.0,0.6666666666666666,2602
Matthew Selt,Alexander Ursenbacher,11,1401,1121,0.8801869380453571,0.6681877721681662,508,279,3475,1823,76,30,454,200,43,19,896,485,24,5,197,98,6,5,0.0,0.5454545454545454,2602
Mark Selby,Ashley Hugill,11,1561,1180,0.9437837362155792,0.7216176701846587,995,687,7206,4207,81,40,453,220,69,35,1338,826,49,21,380,191,6,1,0.0,0.8571428571428571,2602
Jimmy Robertson,Michael Georgiou,11,1374,1306,0.6134089344823475,0.542397940774351,424,231,2848,1483,182,85,1115,547,84,45,686,375,48,22,479,233,6,3,0.0,0.6666666666666666,2602
Neil Robertson,Craig Steadman,11,1525,1247,0.8785323228952183,0.6670782770956253,826,541,6067,3462,400,218,2648,1394,109,67,904,548,39,17,461,220,6,2,0.0,0.75,2602
Ian Preece,Mark Davis,11,1191,1413,0.17471896061377468,0.364705150677193,195,108,1418,732,1017,613,7212,3944,33,10,153,73,40,20,985,556,6,4,0.0,0.6,2602
Joe Perry,Paul Davison,11,1470,1175,0.8920712523878023,0.6764489333484797,978,581,7033,3806,633,331,4469,2272,97,57,1040,592,30,11,378,164,6,3,0.0,0.6666666666666666,2602
Tian Pengfei,James Wattana,11,1319,1152,0.7598272122029448,0.6028848673274662,339,191,2248,1201,785,429,6626,3480,59,31,525,279,26,7,336,136,6,3,0.0,0.6666666666666666,2602
Ronnie O'Sullivan,Gerard Greene,11,1752,1228,0.9842707058544656,0.7875131558774608,1163,889,10131,6196,675,365,5044,2636,197,136,896,583,52,22,380,187,6,0,0.0,1.0,2602
Martin O'Donnell,Mike Dunn,11,1268,1302,0.4426826817576513,0.4787627850337259,263,125,1622,807,671,358,4946,2552,21,6,387,192,60,34,585,305,6,0,0.0,1.0,2602
Shaun Murphy,Matthew Bolton,11,1549,974,0.9905188545248874,0.8080672135527632,945,622,6995,4000,5,0,27,3,130,75,1076,643,22,3,22,3,6,0,0.0,1.0,2602
Robert Milkins,Yuan Sijun,11,1391,1177,0.8165650765983749,0.6306485256510744,795,480,5803,3156,41,14,275,115,86,48,881,466,39,15,204,96,6,4,0.0,0.6,2602
Alan McManus,Rod Lawler,11,1430,1241,0.7875465492423712,0.6159753019181258,896,534,7529,3999,785,427,5973,3098,65,33,687,371,22,3,528,248,6,2,0.0,0.75,2602
Rory McLeod,Ross Muir,11,1310,1221,0.6469372760307285,0.5553966483205892,537,294,3987,2077,124,46,834,373,59,31,520,258,43,19,419,188,6,4,0.0,0.6,2602
Anthony McGill,Aditya Mehta,11,1416,1216,0.8006450896034027,0.6224593312018546,408,248,2667,1478,259,126,1779,874,50,24,831,467,36,12,321,142,6,3,0.0,0.6666666666666666,2602
Stephen Maguire,Alex Borg,11,1522,1130,0.948613275445725,0.7271082163411295,874,579,6377,3630,352,152,2525,1157,117,71,957,536,32,10,260,118,6,3,0.0,0.6666666666666666,2602
Kurt Maflin,Joe Swail,11,1371,1262,0.6778040243791852,0.5677065480733601,489,284,3283,1775,806,433,6300,3279,80,44,645,342,33,14,506,248,6,2,0.0,0.75,2602
Jack Lisowski,Lukas Kleckers,11,1381,1078,0.8980368229956028,0.6808107108156386,361,213,2358,1277,45,18,270,121,81,44,558,290,24,5,211,93,6,2,0.0,0.75,2602
Oliver Lines,Hamza Akbar,11,1236,1082,0.7425250047020281,0.595078473866134,162,84,1013,518,25,4,181,65,46,21,486,235,34,14,181,65,6,1,0.0,0.8571428571428571,2602
Mark King,Christopher Keogan,11,1413,1188,0.8284777636532633,0.6370307944803831,879,493,6463,3399,123,51,684,322,83,44,810,451,30,11,290,145,6,4,0.0,0.6,2602
Ding Junhui,Chen Zhe,11,1483,1192,0.8889919866323992,0.6742564252229473,671,449,5092,2911,182,89,1111,547,36,18,929,528,25,6,190,86,6,3,0.0,0.6666666666666666,2602
Mark Joyce,Kurt Dunham,11,1358,953,0.953872782768258,0.7335091181602805,418,221,3026,1541,18,3,102,27,90,46,562,295,28,7,102,27,6,4,0.0,0.6,2602
Robin Hull,Zhou Yuelong,11,1342,1349,0.48815855151692544,0.4956251116502266,500,301,3796,2083,133,72,900,470,37,14,440,228,62,32,606,322,6,2,0.0,0.75,2602
Michael Holt,Leo Fernandez,11,1331,1189,0.7259730735833964,0.5878295384825115,767,447,5579,2969,412,247,3131,1680,57,28,988,524,31,7,186,83,6,1,0.0,0.8571428571428571,2602
Andrew Higginson,Josh Boileau,11,1333,1057,0.8768610374202797,0.6659669267518202,670,400,4735,2597,66,30,365,170,32,13,569,301,26,7,204,86,6,2,0.0,0.75,2602
John Higgins,Elliot Slessor,11,1571,1284,0.8858476548030535,0.6720562626502714,1335,944,10689,6324,133,61,804,379,137,89,1245,750,82,47,386,193,6,1,0.0,0.8571428571428571,2602
Barry Hawkins,Hammad Miah,11,1438,1206,0.8357844049641134,0.6410674063348171,854,526,6106,3384,110,42,724,317,68,34,945,524,39,16,422,199,6,3,0.0,0.6666666666666666,2602
Li Hang,Soheil Vahedi,11,1351,1051,0.8958296804709114,0.679178699175393,218,110,1556,805,11,3,82,35,72,42,554,296,47,22,82,35,6,5,0.0,0.5454545454545454,2602
Xiao Guodong,Jimmy White,11,1436,1245,0.7899663671711594,0.6171573626529722,386,226,2576,1424,1400,784,12015,6322,95,59,615,343,47,22,330,148,6,1,0.0,0.8571428571428571,2602
David Grace,Xu Si,11,1249,1081,0.7611302793413719,0.6034832498647263,287,131,1900,915,24,10,162,67,45,19,472,227,48,20,118,52,6,2,0.0,0.75,2602
Martin Gould,Mitchell Mann,11,1512,1240,0.8734682358009771,0.6637386974043528,608,370,4084,2246,210,98,1334,644,84,51,753,431,51,24,441,196,6,4,0.0,0.6,2602
David Gilbert,Liam Highfield,11,1396,1391,0.5084588118089964,0.5031249593105316,513,290,3751,2008,311,168,2126,1122,69,37,901,502,66,34,494,257,6,1,0.0,0.8571428571428571,2602
Tom Ford,Scott Donaldson,11,1389,1273,0.6883260125487248,0.5719961329315186,551,316,3914,2089,191,95,1270,619,55,32,651,356,48,22,441,203,6,5,0.0,0.5454545454545454,2602
Peter Ebdon,Fang Xiongman,11,1316,1148,0.7611302793413719,0.6034832498647263,1030,589,8101,4348,51,23,293,136,51,26,756,404,35,13,181,82,6,4,0.0,0.6,2602
Graeme Dott,Nigel Bond,11,1405,1243,0.7532516785524059,0.5998883688639983,804,471,6174,3307,827,455,6568,3452,80,44,778,419,26,7,389,171,6,2,0.0,0.75,2602
Yu Delu,Lyu Haotian,11,1295,1283,0.5202936020488736,0.5074994375506203,245,125,1705,862,92,40,643,299,65,36,465,225,97,56,216,115,6,2,0.0,0.75,2602
Ryan Day,Chen Zifan,11,1442,1076,0.9366041312681649,0.7140222267773016,841,510,5881,3247,41,18,241,107,119,65,1015,575,29,9,117,48,6,1,0.0,0.8571428571428571,2602
Dominic Dale,Jackson Page,11,1396,1007,0.947331453204125,0.7256175202732952,879,506,6291,3362,3,0,19,5,48,28,825,443,19,5,19,5,6,2,0.0,0.75,2602
Sam Craigie,Thepchaiya Un-Nooh,11,1297,1315,0.4695767035799719,0.4887518980531451,128,67,768,402,273,156,1969,1041,49,23,324,176,53,24,740,393,6,5,0.0,0.5454545454545454,2602
Ali Carter,Jamie Barrett,11,1500,1080,0.9593745526501821,0.740774899182154,854,517,6031,3328,60,26,351,161,54,28,887,502,33,10,182,77,6,0,0.0,1.0,2602
Ian Burns,Daniel Wells,11,1259,1281,0.4628345373072449,0.486253465097645,292,152,1840,942,313,153,2095,1037,27,8,442,206,45,22,468,235,6,4,0.0,0.6,2602
Luca Brecel,Allan Taylor,11,1479,1153,0.9137947284470538,0.6931739493259501,278,156,1904,1014,257,119,1528,748,81,49,773,438,37,15,333,130,6,0,0.0,1.0,2602
Yan Bingtao,Wang Yuchen,11,1463,1100,0.9350825402753549,0.7124883131320702,79,47,529,297,46,14,295,118,103,67,391,221,42,20,179,74,6,5,0.0,0.5454545454545454,2602
Stuart Bingham,Sean O'Sullivan,11,1529,1162,0.9371048602306128,0.7145324397353954,993,630,7260,4136,171,72,1072,497,6,5,1210,699,22,3,387,181,6,1,0.0,0.8571428571428571,2602
John Astley,Jamie Jones,11,1254,1351,0.34057998543318124,0.4396703573114467,160,75,988,459,456,274,3017,1638,37,14,269,125,53,26,617,330,6,3,0.0,0.6666666666666666,2602
Mark Allen,Peter Lines,11,1498,1304,0.7935642965945933,0.6189278548001903,668,431,4588,2583,741,401,5392,2802,86,51,870,501,59,31,500,250,6,3,0.0,0.6666666666666666,2602
Zhang Yong,Alan McManus,11,1097,1430,0.08180577465325506,0.3031167179589209,60,21,371,148,896,534,7529,3999,35,12,278,110,65,33,687,371,6,3,0.0,0.6666666666666666,2602
Kyren Wilson,Tian Pengfei,11,1410,1319,0.6500741151186586,0.5566309599222533,371,226,2378,1308,339,191,2248,1201,54,27,891,502,59,31,525,279,6,5,0.0,0.5454545454545454,2602
Mark Williams,Yu Delu,11,1595,1295,0.8958296804709114,0.679178699175393,1298,851,9828,5635,245,125,1705,862,107,74,1206,715,65,36,465,225,6,4,0.0,0.6,2602
Liang Wenbo,Lee Walker,11,1472,1247,0.8284777636532633,0.6370307944803831,551,336,3814,2116,426,234,3307,1706,81,49,1066,608,35,15,430,202,6,5,0.0,0.5454545454545454,2602
Ricky Walden,Peter Ebdon,11,1401,1316,0.6406324665836775,0.5529259881329059,766,467,5408,2996,1030,589,8101,4348,96,55,959,521,51,26,756,404,6,5,0.0,0.5454545454545454,2602
Judd Trump,Ian Burns,11,1632,1259,0.9400422326636385,0.7175822059302752,812,547,5476,3229,292,152,1840,942,117,75,1305,802,27,8,442,206,6,0,0.0,1.0,2602
Akani Songsermsawad,Hossein Vafaei,11,1326,1255,0.6182601443078577,0.5442588584178731,49,24,367,185,61,31,476,233,74,38,328,168,63,29,298,141,6,0,0.0,1.0,2602
Matthew Selt,Michael Holt,11,1401,1331,0.6166451808732252,0.5436386872370789,508,279,3475,1823,767,447,5579,2969,43,19,896,485,57,28,988,524,6,3,0.0,0.6666666666666666,2602
Mark Selby,Cao Yupeng,11,1561,1353,0.8098458608857009,0.6271477663131956,995,687,7206,4207,215,107,1557,784,69,35,1338,826,107,62,427,208,6,4,0.0,0.6,2602
Jimmy Robertson,Robin Hull,11,1374,1342,0.5539679003439111,0.5199893401555818,424,231,2848,1483,500,301,3796,2083,84,45,686,375,37,14,440,228,6,5,0.0,0.5454545454545454,2602
Neil Robertson,Gary Wilson,11,1525,1364,0.7519246125749761,0.5992881635083561,826,541,6067,3462,358,208,2296,1250,109,67,904,548,57,30,536,281,6,2,0.0,0.75,2602
Joe Perry,Sam Craigie,11,1470,1297,0.7675848172598367,0.6064704870683034,978,581,7033,3806,128,67,768,402,97,57,1040,592,49,23,324,176,6,3,0.0,0.6666666666666666,2602
Martin O'Donnell,Sanderson Lam,11,1268,1154,0.6853355319816946,0.5707716118944918,263,125,1622,807,114,46,687,308,21,6,387,192,35,14,311,132,6,3,0.0,0.6666666666666666,2602
Shaun Murphy,Mei Xiwen,11,1549,1297,0.8554871090947277,0.6524894621927444,945,622,6995,4000,72,38,471,239,130,75,1076,643,57,30,215,118,6,5,0.0,0.5454545454545454,2602
Robert Milkins,Graeme Dott,11,1391,1405,0.47632797612037214,0.4912508931197597,795,480,5803,3156,804,471,6174,3307,86,48,881,466,80,44,778,419,6,2,0.0,0.75,2602
Stephen Maguire,John Astley,11,1522,1254,0.8700081127630673,0.6615031592029524,874,579,6377,3630,160,75,988,459,117,71,957,536,37,14,269,125,6,2,0.0,0.75,2602
Jack Lisowski,Barry Hawkins,11,1381,1438,0.4045317899953643,0.4644351620161461,361,213,2358,1277,854,526,6106,3384,81,44,558,290,68,34,945,524,6,2,0.0,0.75,2602
Oliver Lines,Ding Junhui,11,1236,1483,0.14927607659276299,0.3503502507095912,162,84,1013,518,671,449,5092,2911,46,21,486,235,36,18,929,528,6,4,0.0,0.6,2602
Mark King,Rory McLeod,11,1413,1310,0.6686649793168535,0.5640216374262577,879,493,6463,3399,537,294,3987,2077,83,44,810,451,59,31,520,258,6,1,0.0,0.8571428571428571,2602
Mark Joyce,Anthony McGill,11,1358,1416,0.4028914906484895,0.4638133797682053,418,221,3026,1541,408,248,2667,1478,90,46,562,295,50,24,831,467,6,2,0.0,0.75,2602
John Higgins,Niu Zhuang,11,1571,1054,0.9831729595319594,0.7845700395151199,1335,944,10689,6324,33,12,192,76,137,89,1245,750,41,16,91,38,6,1,0.0,0.8571428571428571,2602
Li Hang,David Gilbert,11,1351,1396,0.424343657590278,0.4719046255916129,218,110,1556,805,513,290,3751,2008,72,42,554,296,69,37,901,502,6,1,0.0,0.8571428571428571,2602
Xiao Guodong,Eden Sharav,11,1436,1164,0.8734682358009771,0.6637386974043528,386,226,2576,1424,109,53,653,311,95,59,615,343,33,11,330,136,6,2,0.0,0.75,2602
Martin Gould,David Grace,11,1512,1249,0.8655876981658941,0.6586985747356444,608,370,4084,2246,287,131,1900,915,84,51,753,431,45,19,472,227,6,3,0.0,0.6666666666666666,2602
Tom Ford,Ian Preece,11,1389,1191,0.798301924282246,0.6212835951910678,551,316,3914,2089,195,108,1418,732,55,32,651,356,33,10,153,73,6,5,0.0,0.5454545454545454,2602
Ryan Day,Kurt Maflin,11,1442,1371,0.6182601443078577,0.5442588584178731,841,510,5881,3247,489,284,3283,1775,119,65,1015,575,80,44,645,342,6,5,0.0,0.5454545454545454,2602
Dominic Dale,Ben Woollaston,11,1396,1363,0.5556431271115847,0.5206133097144486,879,506,6291,3362,528,302,3410,1816,48,28,825,443,59,29,841,438,6,3,0.0,0.6666666666666666,2602
Ali Carter,Andrew Higginson,11,1500,1333,0.7598272122029448,0.6028848673274662,854,517,6031,3328,670,400,4735,2597,54,28,887,502,32,13,569,301,6,3,0.0,0.6666666666666666,2602
Luca Brecel,Li Yuan,11,1479,1147,0.9175767282600009,0.6963549298238342,278,156,1904,1014,35,19,191,96,81,49,773,438,52,28,86,47,6,1,0.0,0.8571428571428571,2602
Yan Bingtao,Ronnie O'Sullivan,11,1463,1752,0.11257201244816498,0.3268427036298682,79,47,529,297,1163,889,10131,6196,103,67,391,221,197,136,896,583,6,1,0.0,0.8571428571428571,2602
Mark Allen,Zhao Xintong,11,1498,1302,0.7959416456362278,0.6201064323430902,668,431,4588,2583,105,56,709,379,86,51,870,501,48,21,396,211,6,4,0.0,0.6,2602
Mark Williams,Ryan Day,11,1595,1442,0.7411666221738994,0.5944759307482401,1298,851,9828,5635,841,510,5881,3247,107,74,1206,715,119,65,1015,575,6,2,0.0,0.75,2602
Robbie Williams,Joe Perry,11,1289,1470,0.22230111467138514,0.3887665333241305,323,176,2088,1067,978,581,7033,3806,49,20,535,268,97,57,1040,592,6,3,0.0,0.6666666666666666,2602
Liang Wenbo,Li Hang,11,1472,1351,0.6957454653911014,0.5750535485557879,551,336,3814,2116,218,110,1556,805,81,49,1066,608,72,42,554,296,6,4,0.0,0.6,2602
Judd Trump,Jimmy Robertson,11,1632,1374,0.861060798509446,0.6558828412078137,812,547,5476,3229,424,231,2848,1483,117,75,1305,802,84,45,686,375,6,3,0.0,0.6666666666666666,2602
Mark Selby,Tom Ford,11,1561,1389,0.7663020508102693,0.6058736684317606,995,687,7206,4207,551,316,3914,2089,69,35,1338,826,55,32,651,356,6,4,0.0,0.6,2602
Neil Robertson,Matthew Selt,11,1525,1401,0.7001574255021287,0.5768852611320463,826,541,6067,3462,508,279,3475,1823,109,67,904,548,43,19,896,485,6,5,0.0,0.5454545454545454,2602
Martin O'Donnell,Akani Songsermsawad,11,1268,1326,0.4028914906484895,0.4638133797682053,263,125,1622,807,49,24,367,185,21,6,387,192,74,38,328,168,6,5,0.0,0.5454545454545454,2602
Shaun Murphy,Zhang Yong,11,1549,1097,0.9692792561996867,0.7558388990947971,945,622,6995,4000,60,21,371,148,130,75,1076,643,35,12,278,110,6,1,0.0,0.8571428571428571,2602
Robert Milkins,Oliver Lines,11,1391,1236,0.7438795181694131,0.5956807306078472,795,480,5803,3156,162,84,1013,518,86,48,881,466,46,21,486,235,6,4,0.0,0.6,2602
Jack Lisowski,Xiao Guodong,11,1381,1436,0.40781761301124414,0.4656790563306954,361,213,2358,1277,386,226,2576,1424,81,44,558,290,95,59,615,343,6,4,0.0,0.6,2602
Mark Joyce,Luca Brecel,11,1358,1479,0.30425453460889845,0.424946451444212,418,221,3026,1541,278,156,1904,1014,90,46,562,295,81,49,773,438,6,2,0.0,0.75,2602
John Higgins,Dominic Dale,11,1571,1396,0.7701380681178696,0.6076631698328917,1335,944,10689,6324,879,506,6291,3362,137,89,1245,750,48,28,825,443,6,2,0.0,0.75,2602
Martin Gould,Kyren Wilson,11,1512,1410,0.6671313753074833,0.5634067862621936,608,370,4084,2246,371,226,2378,1308,84,51,753,431,54,27,891,502,6,5,0.0,0.5454545454545454,2602
Ali Carter,Stephen Maguire,11,1500,1522,0.4628345373072449,0.486253465097645,854,517,6031,3328,874,579,6377,3630,54,28,887,502,117,71,957,536,6,1,0.0,0.8571428571428571,2602
Yan Bingtao,Ricky Walden,11,1463,1401,0.6036516239508452,0.538672605206508,79,47,529,297,766,467,5408,2996,103,67,391,221,96,55,959,521,6,4,0.0,0.6,2602
Mark Allen,Mark King,11,1498,1413,0.6406324665836775,0.5529259881329059,668,431,4588,2583,879,493,6463,3399,86,51,870,501,83,44,810,451,6,5,0.0,0.5454545454545454,2602
Robbie Williams,Neil Robertson,11,1289,1525,0.160136139539428,0.35663485430559827,323,176,2088,1067,826,541,6067,3462,49,20,535,268,109,67,904,548,6,2,0.0,0.75,2602
Judd Trump,Liang Wenbo,11,1632,1472,0.7505935878532457,0.598687660112452,812,547,5476,3229,551,336,3814,2116,117,75,1305,802,81,49,1066,608,6,3,0.0,0.6666666666666666,2602
Mark Selby,Mark Williams,11,1561,1595,0.4426826817576513,0.4787627850337259,995,687,7206,4207,1298,851,9828,5635,69,35,1338,826,107,74,1206,715,6,4,0.0,0.6,2602
John Higgins,Mark Joyce,11,1571,1358,0.8154560379628985,0.6300660082850182,1335,944,10689,6324,418,221,3026,1541,137,89,1245,750,90,46,562,295,6,1,0.0,0.8571428571428571,2602
Martin Gould,Robert Milkins,11,1512,1391,0.6957454653911014,0.5750535485557879,608,370,4084,2246,795,480,5803,3156,84,51,753,431,86,48,881,466,6,4,0.0,0.6,2602
Ali Carter,Shaun Murphy,11,1500,1549,0.41771479076349977,0.469413239817919,854,517,6031,3328,945,622,6995,4000,54,28,887,502,130,75,1076,643,6,2,0.0,0.75,2602
Yan Bingtao,Jack Lisowski,11,1463,1381,0.6358774096640514,0.551071269307342,79,47,529,297,361,213,2358,1277,103,67,391,221,81,44,558,290,6,4,0.0,0.6,2602
Mark Allen,Martin O'Donnell,11,1498,1268,0.8337185633337647,0.6399160967377341,668,431,4588,2583,263,125,1622,807,86,51,870,501,21,6,387,192,6,5,0.0,0.5454545454545454,2602
Mark Selby,Robbie Williams,11,1561,1289,0.8734682358009771,0.6637386974043528,995,687,7206,4207,323,176,2088,1067,69,35,1338,826,49,20,535,268,6,2,0.0,0.75,2602
Martin Gould,Ali Carter,11,1512,1500,0.5202936020488736,0.5074994375506203,608,370,4084,2246,854,517,6031,3328,84,51,753,431,54,28,887,502,6,5,0.0,0.5454545454545454,2602
Yan Bingtao,John Higgins,11,1463,1571,0.3237115889261103,0.4329070950345457,79,47,529,297,1335,944,10689,6324,103,67,391,221,137,89,1245,750,6,2,0.0,0.75,2602
Mark Allen,Judd Trump,11,1498,1632,0.28535858443237944,0.4170245457988005,668,431,4588,2583,812,547,5476,3229,86,51,870,501,117,75,1305,802,6,5,0.0,0.5454545454545454,2602
Mark Selby,Martin Gould,17,1561,1512,0.601101954735741,0.530586760182081,995,687,7206,4207,608,370,4084,2246,69,35,1338,826,84,51,753,431,9,3,0.0,0.75,2602
Mark Allen,Yan Bingtao,17,1498,1463,0.5726119324082317,0.5218610539716015,668,431,4588,2583,79,47,529,297,86,51,870,501,103,67,391,221,9,2,0.0,0.8181818181818182,2602
Mark Selby,Mark Allen,19,1561,1498,0.6359411344883902,0.5392938058983595,995,687,7206,4207,668,431,4588,2583,69,35,1338,826,86,51,870,501,10,7,0.0,0.5882352941176471,2602
Fang Xiongman,Joe O'Connor,7,1148,1097,0.5693507188778237,0.5318318894162242,52,23,303,140,75,34,457,215,45,17,191,86,0,0,241,111,4,0,0.0,1.0,2608
Allan Taylor,David Lilley,7,1138,1221,0.3881295430910018,0.44831033065729986,258,119,1534,748,62,35,382,208,43,15,339,130,0,0,106,59,4,3,0.0,0.5714285714285714,2608
Zhang Anda,Ian Burns,7,1343,1254,0.6197035864994962,0.5553966483205892,273,136,1912,958,294,153,1856,948,52,24,578,294,43,14,458,212,4,3,0.0,0.5714285714285714,2608
Chen Zifan,Sanderson Lam,7,1068,1148,0.3920645840647391,0.45016600268752216,42,18,248,108,115,46,696,311,36,10,124,49,44,17,320,135,4,3,0.0,0.5714285714285714,2608
Cao Yupeng,Hamza Akbar,7,1369,1067,0.8469508145525204,0.6802671966986485,217,108,1575,794,26,4,188,66,125,72,445,218,41,15,188,66,4,1,0.0,0.8,2608
Li Yuan,Jamie Barrett,7,1154,1068,0.6157933128709394,0.5535439031511183,37,20,208,103,61,26,357,161,69,35,103,54,39,10,188,77,4,2,0.0,0.6666666666666666,2608
Zhang Yong,Kurt Dunham,7,1132,964,0.7169197076810394,0.6034832498647263,63,23,398,161,19,3,112,31,62,25,305,123,38,11,112,31,4,3,0.0,0.5714285714285714,2608
Fang Xiongman,Mark King,7,1148,1427,0.17181496395639023,0.3323667428828845,52,23,303,140,882,495,6491,3416,45,17,191,86,111,61,838,468,4,2,0.0,0.6666666666666666,2608
Zhao Xintong,Martin Gould,7,1320,1496,0.2739765592815067,0.3917409692534856,107,57,727,389,614,375,4147,2279,66,31,414,221,147,84,816,464,4,1,0.0,0.8,2608
Ben Woollaston,Peter Ebdon,7,1360,1316,0.5599145707304132,0.5274723043445937,530,303,3427,1825,1032,590,8122,4359,76,38,858,447,72,37,777,415,4,2,0.0,0.6666666666666666,2608
Kyren Wilson,Rod Lawler,7,1418,1232,0.7371828058525272,0.6141996427768951,374,228,2408,1325,786,427,5981,3100,84,44,921,519,30,5,536,250,4,3,0.0,0.5714285714285714,2608
Gary Wilson,Sean O'Sullivan,7,1356,1154,0.7545108097932872,0.623633628298226,360,209,2313,1258,172,72,1079,498,74,38,553,289,29,4,394,182,4,1,0.0,0.8,2608
Mark Williams,David Grace,7,1594,1257,0.8726526517869658,0.6989914835090479,1302,854,9863,5657,289,132,1917,924,142,96,1241,737,62,28,489,236,4,1,0.0,0.8,2608
Michael White,Lukas Kleckers,7,1380,1074,0.8500614892601291,0.6824383021930648,426,244,2877,1529,46,18,278,123,100,52,922,484,32,7,219,95,4,1,0.0,0.8,2608
Liang Wenbo,Duane Jones,7,1471,1194,0.8264821963228286,0.6665228332551123,555,339,3852,2137,137,72,803,425,119,70,1104,629,36,10,296,129,4,1,0.0,0.8,2608
Daniel Wells,Dominic Dale,7,1272,1400,0.33078006904137963,0.42067574785125056,314,153,2105,1041,882,508,6316,3376,55,26,478,239,73,42,850,457,4,1,0.0,0.8,2608
James Wattana,Martin O'Donnell,7,1147,1313,0.2853801489272095,0.3977138231113694,786,429,6635,3483,267,128,1659,830,35,10,345,139,58,29,424,215,4,2,0.0,0.6666666666666666,2608
Ricky Walden,Jak Jones,7,1384,1142,0.794845010612041,0.6467993925579857,769,469,5440,3012,148,59,957,420,128,71,991,537,46,14,205,84,4,2,0.0,0.6666666666666666,2608
Hossein Vafaei,Niu Zhuang,7,1238,1070,0.7169197076810394,0.6034832498647263,63,32,492,239,35,13,209,83,79,35,314,147,58,23,108,45,4,2,0.0,0.6666666666666666,2608
Alexander Ursenbacher,Anthony Hamilton,7,1132,1337,0.24231426705785994,0.37460765027944887,77,30,465,205,795,461,6152,3287,35,10,208,103,46,15,516,255,4,2,0.0,0.6666666666666666,2608
Thepchaiya Un-Nooh,Kurt Maflin,7,1310,1383,0.40129146875494726,0.45450121278721795,274,156,1980,1046,491,285,3302,1786,64,29,751,398,99,55,664,353,4,2,0.0,0.6666666666666666,2608
Judd Trump,Robbie Williams,7,1646,1334,0.854643035192062,0.6856801139382539,817,551,5517,3258,327,179,2124,1087,158,104,1346,831,85,40,571,288,4,3,0.0,0.5714285714285714,2608
Joe Swail,Chris Totten,7,1250,1017,0.786152249899794,0.6416424532015634,807,433,6308,3281,17,5,97,36,41,16,514,250,46,15,86,33,4,3,0.0,0.5714285714285714,2608
Matthew Stevens,Eden Sharav,7,1300,1180,0.6592810606298003,0.574442516811659,899,526,6980,3801,111,54,670,319,44,15,587,305,50,19,347,144,4,0,0.0,1.0,2608
Craig Steadman,Robin Hull,7,1242,1355,0.3495133530299832,0.42984097461816473,401,218,2656,1396,502,302,3815,2094,47,19,469,222,56,25,459,239,4,3,0.0,0.5714285714285714,2608
Akani Songsermsawad,Matthew Bolton,7,1355,965,0.9052777694255321,0.7261149812607791,52,26,394,202,6,0,33,3,101,55,355,185,28,3,28,3,4,2,0.0,0.6666666666666666,2608
Yuan Sijun,Joe Perry,7,1179,1454,0.175232023672485,0.334589441253186,42,14,285,119,981,583,7060,3821,49,19,214,100,124,72,1067,607,4,1,0.0,0.8,2608
Matthew Selt,Alfie Burden,7,1404,1273,0.6729150209582897,0.5811509642893937,511,281,3506,1840,630,339,4582,2358,74,36,927,502,51,20,493,240,4,2,0.0,0.6666666666666666,2608
Mark Selby,Scott Donaldson,7,1609,1275,0.8705826043505938,0.6974111143958823,1002,694,7280,4256,192,95,1281,624,143,84,1412,875,59,27,452,208,4,3,0.0,0.5714285714285714,2608
Neil Robertson,Billy Joe Castle,7,1510,1088,0.9215618734478543,0.7417338799314313,830,544,6102,3482,23,11,134,68,144,87,939,568,50,21,91,44,4,0,0.0,1.0,2608
Jimmy Robertson,Adam Duffy,7,1386,1288,0.6313550071762073,0.5609454503247162,427,233,2877,1498,312,161,1981,1019,113,60,715,390,47,16,575,304,4,2,0.0,0.6666666666666666,2608
Ian Preece,Mei Xiwen,7,1216,1326,0.35330921996474546,0.4316800165217519,197,109,1439,743,74,39,489,250,54,21,174,84,75,41,233,129,4,0,0.0,1.0,2608
Tian Pengfei,Marco Fu,7,1325,1443,0.34322251370053336,0.42678022732016513,341,192,2268,1212,827,492,6122,3342,79,42,545,290,95,55,1032,586,4,1,0.0,0.8,2608
Ronnie O'Sullivan,Zhang Anda,7,1732,1343,0.9047290575025384,0.7256175202732952,1165,890,10144,6203,273,136,1912,958,210,143,909,590,52,24,578,294,4,1,0.0,0.8,2608
Shaun Murphy,Soheil Vahedi,7,1539,1063,0.9438672039448774,0.7667410642285427,949,625,7027,4020,12,3,93,40,162,95,1108,663,58,27,93,40,4,1,0.0,0.8,2608
Ross Muir,Sam Baird,7,1217,1289,0.40261453047341306,0.45512110762641994,125,46,844,377,300,157,2089,1076,53,23,429,192,42,17,557,283,4,3,0.0,0.5714285714285714,2608
Robert Milkins,Stephen Maguire,7,1404,1504,0.36607269253409314,0.43782349911420193,799,483,5841,3178,877,581,6401,3643,124,70,919,488,141,84,981,549,4,0,0.0,1.0,2608
Hammad Miah,Michael Georgiou,7,1204,1297,0.37510296628937845,0.4421354272792655,111,42,733,320,183,85,1124,550,48,19,431,202,57,25,488,236,4,1,0.0,0.8,2608
Aditya Mehta,Sam Craigie,7,1213,1297,0.3868205508364956,0.4476920904256748,260,126,1788,877,130,68,788,411,45,15,330,145,69,32,344,185,4,0,0.0,1.0,2608
Anthony McGill,Michael Holt,7,1400,1336,0.5867595016023184,0.5399148845555657,410,249,2684,1486,769,448,5595,2978,67,32,848,475,73,37,1004,533,4,3,0.0,0.5714285714285714,2608
Mitchell Mann,Leo Fernandez,7,1245,1174,0.5960612197256479,0.5442588584178731,211,98,1344,648,413,247,3138,1681,61,28,451,200,38,8,193,84,4,3,0.0,0.5714285714285714,2608
Jack Lisowski,Rory McLeod,7,1409,1297,0.6492231123314619,0.569546223939229,365,216,2394,1299,539,295,4004,2084,117,66,594,312,76,38,537,265,4,0,0.0,1.0,2608
Ding Junhui,Christopher Keogan,7,1463,1191,0.8221753102072331,0.6637386974043528,673,450,5111,2921,124,51,694,326,55,28,948,538,40,15,300,149,4,1,0.0,0.8,2608
Mark Joyce,Yu Delu,7,1374,1317,0.5774056625100122,0.5355648379838539,422,224,3059,1560,247,126,1723,872,123,65,595,314,83,46,483,235,4,3,0.0,0.5714285714285714,2608
Jamie Jones,Basem Eltahhan,7,1335,1008,0.8656564170034025,0.6937054019553982,457,274,3026,1641,8,2,54,17,62,29,626,333,19,5,54,17,4,0,0.0,1.0,2608
Ashley Hugill,Nigel Bond,7,1172,1233,0.41724321907824724,0.4619487156141408,82,40,460,221,828,455,6576,3454,56,22,387,192,34,9,397,173,4,2,0.0,0.6666666666666666,2608
Liam Highfield,Fergal O'Brien,7,1371,1305,0.589422689021118,0.541156668150228,312,168,2133,1123,839,479,6323,3338,73,35,501,258,52,22,717,373,4,3,0.0,0.5714285714285714,2608
John Higgins,Elliot Slessor,7,1586,1274,0.854643035192062,0.6856801139382539,1340,948,10726,6350,134,61,811,380,174,115,1282,776,89,48,393,194,4,3,0.0,0.5714285714285714,2608
Barry Hawkins,Peter Lines,7,1422,1301,0.660530062626431,0.5750535485557879,856,527,6123,3392,742,401,5401,2805,85,42,962,532,68,34,509,253,4,2,0.0,0.6666666666666666,2608
Lyu Haotian,Allan Taylor,7,1267,1138,0.6704536022204194,0.5799334001885058,93,40,651,301,258,119,1534,748,105,58,224,117,43,15,339,130,4,1,0.0,0.8,2608
Li Hang,Chris Wakelin,7,1360,1300,0.5814204865006773,0.5374298453437496,221,112,1584,821,143,73,960,483,100,58,582,312,68,36,532,266,4,2,0.0,0.6666666666666666,2608
Xiao Guodong,Wang Yuchen,7,1444,1115,0.867077669398587,0.6947667628737805,389,228,2601,1440,47,14,306,123,120,75,640,359,53,25,190,79,4,2,0.0,0.6666666666666666,2608
Gerard Greene,Ken Doherty,7,1218,1287,0.4065907825999159,0.4569816192756902,676,365,5050,2636,1087,662,8910,4893,58,22,386,187,40,20,504,243,4,1,0.0,0.8,2608
David Gilbert,Josh Boileau,7,1393,1052,0.8753745152338872,0.7010913114266953,515,291,3765,2015,67,30,373,172,83,44,915,509,34,9,212,88,4,0,0.0,1.0,2608
Tom Ford,Xu Si,7,1382,1072,0.853127093984388,0.6846015003234307,554,318,3946,2105,25,10,170,69,87,48,683,372,56,22,126,54,4,1,0.0,0.8,2608
Mike Dunn,Alex Borg,7,1277,1134,0.6875128007198821,0.5884351201276382,672,358,4952,2552,353,152,2534,1160,66,34,591,305,41,13,269,121,4,2,0.0,0.6666666666666666,2608
Mark Davis,Chen Zhe,7,1394,1193,0.7534472409879828,0.6230466603666162,1018,613,7222,3948,183,89,1120,550,50,24,995,560,34,9,199,89,4,3,0.0,0.5714285714285714,2608
Rhys Clark,Alan McManus,7,1196,1413,0.2298540184474826,0.3676062104304372,101,45,620,285,898,535,7546,4008,26,7,344,148,82,42,704,380,4,3,0.0,0.5714285714285714,2608
Thor Chuan Leong,Graeme Dott,7,1115,1398,0.16844342252924877,0.33015148394297633,59,16,394,153,806,472,6190,3315,37,12,366,150,96,52,794,427,4,1,0.0,0.8,2608
Ali Carter,Oliver Lines,7,1547,1269,0.8273350387178837,0.6670782770956253,859,521,6072,3357,165,86,1040,534,95,57,928,531,73,37,513,251,4,1,0.0,0.8,2608
Stuart Carrington,Boonyarit Keattikun,7,1325,1100,0.7782368395177592,0.6370307944803831,286,154,1831,960,33,8,248,100,62,29,559,285,25,4,200,76,4,1,0.0,0.8,2608
Luca Brecel,Ryan Day,7,1482,1440,0.557211603425229,0.5262259093720687,281,158,1925,1028,844,512,5907,3261,102,63,794,452,145,79,1041,589,4,1,0.0,0.8,2608
Yan Bingtao,Noppon Saengkham,7,1480,1291,0.7404818133197837,0.6159753019181258,85,52,586,329,172,75,1237,577,160,99,448,253,78,42,536,251,4,0,0.0,1.0,2608
Stuart Bingham,Lee Walker,7,1537,1264,0.8230423767770356,0.6642964428999887,994,631,7267,4142,428,235,3329,1717,13,11,1217,705,57,26,452,213,4,0,0.0,1.0,2608
John Astley,Paul Davison,7,1264,1176,0.6184015843393024,0.5547792351072148,162,76,1005,467,634,331,4478,2275,54,22,286,133,39,14,387,167,4,2,0.0,0.6666666666666666,2608
Mark Allen,Jimmy White,7,1529,1232,0.8429989187038389,0.6775422953274692,675,437,4668,2629,1401,784,12022,6323,166,97,950,547,54,23,337,149,4,0,0.0,1.0,2608
Chen Zifan,Barry Hawkins,7,1068,1422,0.11607808504719289,0.29214272857551865,42,18,248,108,856,527,6123,3392,36,10,124,49,85,42,962,532,4,3,0.0,0.5714285714285714,2608
Zhang Yong,Rhys Clark,7,1132,1196,0.4132404983976814,0.46008511544443426,63,23,398,161,101,45,620,285,62,25,305,123,26,7,344,148,4,2,0.0,0.6666666666666666,2608
Ben Woollaston,Craig Steadman,7,1360,1242,0.6567774862994666,0.5732197726798348,530,303,3427,1825,401,218,2656,1396,76,38,858,447,47,19,469,222,4,3,0.0,0.5714285714285714,2608
Kyren Wilson,Mike Dunn,7,1418,1277,0.685100616527281,0.587223690839335,374,228,2408,1325,672,358,4952,2552,84,44,921,519,66,34,591,305,4,0,0.0,1.0,2608
Mark Williams,Luca Brecel,7,1594,1482,0.6492231123314619,0.569546223939229,1302,854,9863,5657,281,158,1925,1028,142,96,1241,737,102,63,794,452,4,1,0.0,0.8,2608
Michael White,Ding Junhui,7,1380,1463,0.3881295430910018,0.44831033065729986,426,244,2877,1529,673,450,5111,2921,100,52,922,484,55,28,948,538,4,2,0.0,0.6666666666666666,2608
Liang Wenbo,Tom Ford,7,1471,1382,0.6197035864994962,0.5553966483205892,555,339,3852,2137,554,318,3946,2105,119,70,1104,629,87,48,683,372,4,3,0.0,0.5714285714285714,2608
James Wattana,Ali Carter,7,1147,1547,0.08937032126906178,0.2689414213699951,786,429,6635,3483,859,521,6072,3357,35,10,345,139,95,57,928,531,4,3,0.0,0.5714285714285714,2608
Hossein Vafaei,Zhao Xintong,7,1238,1320,0.3894398892710193,0.448928730692658,63,32,492,239,107,57,727,389,79,35,314,147,66,31,414,221,4,2,0.0,0.6666666666666666,2608
Alexander Ursenbacher,Gerard Greene,7,1132,1218,0.3842066871290606,0.4464560968488817,77,30,465,205,676,365,5050,2636,35,10,208,103,58,22,386,187,4,3,0.0,0.5714285714285714,2608
Judd Trump,Mark Joyce,7,1646,1374,0.8221753102072331,0.6637386974043528,817,551,5517,3258,422,224,3059,1560,158,104,1346,831,123,65,595,314,4,0,0.0,1.0,2608
Matthew Stevens,David Gilbert,7,1300,1393,0.37510296628937845,0.4421354272792655,899,526,6980,3801,515,291,3765,2015,44,15,587,305,83,44,915,509,4,2,0.0,0.6666666666666666,2608
Akani Songsermsawad,Joe Swail,7,1355,1250,0.6403298636636867,0.5652507475670999,52,26,394,202,807,433,6308,3281,101,55,355,185,41,16,514,250,4,2,0.0,0.6666666666666666,2608
Yuan Sijun,John Astley,7,1179,1264,0.38551292727713543,0.4470740118670941,42,14,285,119,162,76,1005,467,49,19,214,100,54,22,286,133,4,3,0.0,0.5714285714285714,2608
Mark Selby,Ross Muir,7,1609,1217,0.906367771534617,0.7271082163411295,1002,694,7280,4256,125,46,844,377,143,84,1412,875,53,23,429,192,4,1,0.0,0.8,2608
Neil Robertson,Li Hang,7,1510,1360,0.6958878075458884,0.5926665999540697,830,544,6102,3482,221,112,1584,821,144,87,939,568,100,58,582,312,4,3,0.0,0.5714285714285714,2608
Jimmy Robertson,Gary Wilson,7,1386,1356,0.5409388610739393,0.5187412158785352,427,233,2877,1498,360,209,2313,1258,113,60,715,390,74,38,553,289,4,2,0.0,0.6666666666666666,2608
Ronnie O'Sullivan,Mark Davis,7,1732,1394,0.8733372031383986,0.6995172276624274,1165,890,10144,6203,1018,613,7222,3948,210,143,909,590,50,24,995,560,4,1,0.0,0.8,2608
Shaun Murphy,Daniel Wells,7,1539,1272,0.8177973252726516,0.6609431415591629,949,625,7027,4020,314,153,2105,1041,162,95,1108,663,55,26,478,239,4,2,0.0,0.6666666666666666,2608
Robert Milkins,Ashley Hugill,7,1404,1172,0.7851724867885262,0.6410674063348171,799,483,5841,3178,82,40,460,221,124,70,919,488,56,22,387,192,4,2,0.0,0.6666666666666666,2608
Hammad Miah,Tian Pengfei,7,1204,1325,0.3394699373735689,0.424946451444212,111,42,733,320,341,192,2268,1212,48,19,431,202,79,42,545,290,4,1,0.0,0.8,2608
Aditya Mehta,Ian Preece,7,1213,1216,0.4958985144028909,0.498125008789013,260,126,1788,877,197,109,1439,743,45,15,330,145,54,21,174,84,4,2,0.0,0.6666666666666666,2608
Anthony McGill,Lyu Haotian,7,1400,1267,0.67536846283006,0.5823675407280794,410,249,2684,1486,93,40,651,301,67,32,848,475,105,58,224,117,4,2,0.0,0.6666666666666666,2608
Jack Lisowski,Li Yuan,7,1409,1154,0.8070005952389404,0.654188113761243,365,216,2394,1299,37,20,208,103,117,66,594,312,69,35,103,54,4,3,0.0,0.5714285714285714,2608
Liam Highfield,Thepchaiya Un-Nooh,7,1371,1310,0.5827567809217526,0.5380512843858591,312,168,2133,1123,274,156,1980,1046,73,35,501,258,64,29,751,398,4,3,0.0,0.5714285714285714,2608
Andrew Higginson,Mitchell Mann,7,1334,1245,0.6197035864994962,0.5553966483205892,672,401,4752,2606,211,98,1344,648,49,22,586,310,61,28,451,200,4,0,0.0,1.0,2608
John Higgins,Matthew Selt,7,1586,1404,0.732748880507422,0.6118273690017371,1340,948,10726,6350,511,281,3506,1840,174,115,1282,776,74,36,927,502,4,1,0.0,0.8,2608
Xiao Guodong,Ricky Walden,7,1444,1384,0.5814204865006773,0.5374298453437496,389,228,2601,1440,769,469,5440,3012,120,75,640,359,128,71,991,537,4,2,0.0,0.6666666666666666,2608
Thor Chuan Leong,Cao Yupeng,7,1115,1369,0.19391754134012712,0.34637766910049594,59,16,394,153,217,108,1575,794,37,12,366,150,125,72,445,218,4,2,0.0,0.6666666666666666,2608
Stuart Carrington,Mark Allen,7,1325,1529,0.24336993834212794,0.3751935255315707,286,154,1831,960,675,437,4668,2629,62,29,559,285,166,97,950,547,4,2,0.0,0.6666666666666666,2608
Yan Bingtao,Jamie Jones,7,1480,1335,0.6899164671577602,0.5896454785627312,85,52,586,329,457,274,3026,1641,160,99,448,253,62,29,626,333,4,1,0.0,0.8,2608
Stuart Bingham,Fang Xiongman,7,1537,1148,0.9047290575025384,0.7256175202732952,994,631,7267,4142,52,23,303,140,13,11,1217,705,45,17,191,86,4,2,0.0,0.6666666666666666,2608
Kyren Wilson,Thor Chuan Leong,7,1418,1115,0.847732715071801,0.6808107108156386,374,228,2408,1325,59,16,394,153,84,44,921,519,37,12,366,150,4,1,0.0,0.8,2608
Michael White,Ben Woollaston,7,1380,1360,0.5273209820427867,0.5124973964842103,426,244,2877,1529,530,303,3427,1825,100,52,922,484,76,38,858,447,4,0,0.0,1.0,2608
James Wattana,Yuan Sijun,7,1147,1179,0.4563431395453441,0.48001065984441826,786,429,6635,3483,42,14,285,119,35,10,345,139,49,19,214,100,4,2,0.0,0.6666666666666666,2608
Hossein Vafaei,Stuart Bingham,7,1238,1537,0.1554118380980137,0.3213662821477785,63,32,492,239,994,631,7267,4142,79,35,314,147,13,11,1217,705,4,3,0.0,0.5714285714285714,2608
Alexander Ursenbacher,Stuart Carrington,7,1132,1325,0.25515512793785655,0.38166196066971714,77,30,465,205,286,154,1831,960,35,10,208,103,62,29,559,285,4,2,0.0,0.6666666666666666,2608
Judd Trump,Matthew Stevens,7,1646,1300,0.8787157914455135,0.7037042379997707,817,551,5517,3258,899,526,6980,3801,158,104,1346,831,44,15,587,305,4,1,0.0,0.8,2608
Neil Robertson,Jimmy Robertson,7,1510,1386,0.6642657784879786,0.5768852611320463,830,544,6102,3482,427,233,2877,1498,144,87,939,568,113,60,715,390,4,2,0.0,0.6666666666666666,2608
Ronnie O'Sullivan,Zhang Yong,7,1732,1132,0.9757631320974544,0.8175744761936437,1165,890,10144,6203,63,23,398,161,210,143,909,590,62,25,305,123,4,1,0.0,0.8,2608
Shaun Murphy,Liam Highfield,7,1539,1371,0.7169197076810394,0.6034832498647263,949,625,7027,4020,312,168,2133,1123,162,95,1108,663,73,35,501,258,4,3,0.0,0.5714285714285714,2608
Aditya Mehta,Chen Zifan,7,1213,1068,0.6899164671577602,0.5896454785627312,260,126,1788,877,42,18,248,108,45,15,330,145,36,10,124,49,4,1,0.0,0.8,2608
Anthony McGill,Akani Songsermsawad,7,1400,1355,0.5612649493584694,0.528095374408387,410,249,2684,1486,52,26,394,202,67,32,848,475,101,55,355,185,4,3,0.0,0.5714285714285714,2608
Jack Lisowski,Mark Williams,7,1409,1594,0.26392191355352257,0.3863929221952217,365,216,2394,1299,1302,854,9863,5657,117,66,594,312,142,96,1241,737,4,2,0.0,0.6666666666666666,2608
Andrew Higginson,Hammad Miah,7,1334,1204,0.6716853028295744,0.5805423048206596,672,401,4752,2606,111,42,733,320,49,22,586,310,48,19,431,202,4,1,0.0,0.8,2608
John Higgins,Robert Milkins,7,1586,1404,0.732748880507422,0.6118273690017371,1340,948,10726,6350,799,483,5841,3178,174,115,1282,776,124,70,919,488,4,3,0.0,0.5714285714285714,2608
Xiao Guodong,Mark Selby,7,1444,1609,0.286533617594737,0.3983128198171432,389,228,2601,1440,1002,694,7280,4256,120,75,640,359,143,84,1412,875,4,1,0.0,0.8,2608
Yan Bingtao,Liang Wenbo,7,1480,1471,0.5123026114255715,0.5056247627073255,85,52,586,329,555,339,3852,2137,160,99,448,253,119,70,1104,629,4,0,0.0,1.0,2608
Kyren Wilson,Xiao Guodong,7,1418,1444,0.4645031181885513,0.48375571893792757,374,228,2408,1325,389,228,2601,1440,84,44,921,519,120,75,640,359,4,0,0.0,1.0,2608
Michael White,James Wattana,7,1380,1147,0.786152249899794,0.6416424532015634,426,244,2877,1529,786,429,6635,3483,100,52,922,484,35,10,345,139,4,3,0.0,0.5714285714285714,2608
Hossein Vafaei,Andrew Higginson,7,1238,1334,0.3712235715309693,0.44028635073280703,63,32,492,239,672,401,4752,2606,79,35,314,147,49,22,586,310,4,1,0.0,0.8,2608
Alexander Ursenbacher,Shaun Murphy,7,1132,1539,0.08576813905779304,0.26551465620278014,77,30,465,205,949,625,7027,4020,35,10,208,103,162,95,1108,663,4,1,0.0,0.8,2608
Neil Robertson,Aditya Mehta,7,1510,1213,0.8429989187038389,0.6775422953274692,830,544,6102,3482,260,126,1788,877,144,87,939,568,45,15,330,145,4,1,0.0,0.8,2608
Ronnie O'Sullivan,John Higgins,7,1732,1586,0.691115079332653,0.5902502519301834,1165,890,10144,6203,1340,948,10726,6350,210,143,909,590,174,115,1282,776,4,3,0.0,0.5714285714285714,2608
Anthony McGill,Yan Bingtao,7,1400,1480,0.3920645840647391,0.45016600268752216,410,249,2684,1486,85,52,586,329,67,32,848,475,160,99,448,253,4,3,0.0,0.5714285714285714,2608
Jack Lisowski,Judd Trump,7,1409,1646,0.2099564467118895,0.356061444034367,365,216,2394,1299,817,551,5517,3258,117,66,594,312,158,104,1346,831,4,3,0.0,0.5714285714285714,2608
Kyren Wilson,Hossein Vafaei,9,1418,1238,0.7552657810970291,0.610639233949222,374,228,2408,1325,63,32,492,239,84,44,921,519,79,35,314,147,5,3,0.0,0.625,2608
Alexander Ursenbacher,Michael White,9,1132,1380,0.1713506784369921,0.34978145142617295,77,30,465,205,426,244,2877,1529,35,10,208,103,100,52,922,484,5,0,0.0,1.0,2608
Ronnie O'Sullivan,Jack Lisowski,9,1732,1409,0.8905389048448046,0.6915765137521193,1165,890,10144,6203,365,216,2394,1299,210,143,909,590,117,66,594,312,5,2,0.0,0.7142857142857143,2608
Anthony McGill,Neil Robertson,9,1400,1510,0.3359845376484875,0.4316800165217519,410,249,2684,1486,830,544,6102,3482,67,32,848,475,144,87,939,568,5,3,0.0,0.625,2608
Kyren Wilson,Alexander Ursenbacher,11,1418,1132,0.8850513428955055,0.6715050342254059,374,228,2408,1325,77,30,465,205,84,44,921,519,35,10,208,103,6,3,0.0,0.6666666666666666,2608
Ronnie O'Sullivan,Anthony McGill,11,1732,1400,0.9175767282600009,0.6963549298238342,1165,890,10144,6203,410,249,2684,1486,210,143,909,590,67,32,848,475,6,4,0.0,0.6,2608
Ronnie O'Sullivan,Kyren Wilson,17,1732,1418,0.9476182970912922,0.6867567266439019,1165,890,10144,6203,374,228,2408,1325,210,143,909,590,84,44,921,519,9,2,0.0,0.8181818181818182,2608
Chen Zifan,Hammad Miah,7,1083,1224,0.3148993834727192,0.4127763091606651,45,20,267,117,114,44,748,329,55,19,143,58,63,28,446,211,4,2,0.0,0.6666666666666666,2476
Chen Zhe,Stuart Carrington,7,1196,1332,0.32096653442831036,0.4158094770645927,184,89,1127,553,289,156,1848,970,41,12,206,92,79,39,576,295,4,3,0.0,0.5714285714285714,2476
Cao Yupeng,Tom Ford,7,1359,1386,0.4631419178202212,0.48313140430861523,219,109,1586,800,556,319,3958,2112,136,78,456,224,99,55,695,379,4,2,0.0,0.6666666666666666,2476
Zhou Yuelong,Robbie Williams,7,1333,1340,0.4904306643721704,0.4956251116502266,134,72,908,472,328,179,2131,1090,70,34,614,324,92,43,578,291,4,3,0.0,0.5714285714285714,2476
Li Yuan,Stephen Maguire,7,1164,1486,0.13794513269842484,0.30895698758427714,39,21,221,110,878,581,6405,3643,82,42,116,61,145,84,985,549,4,3,0.0,0.5714285714285714,2476
Zhang Yong,Robin Hull,7,1141,1347,0.24126123991548545,0.37402214223339625,66,25,416,170,503,302,3822,2097,80,34,323,132,63,28,466,242,4,2,0.0,0.6666666666666666,2476
Mei Xiwen,Ali Carter,7,1308,1535,0.21976777945335846,0.36181388669099446,75,39,493,250,861,522,6084,3364,79,41,237,129,107,64,940,538,4,1,0.0,0.8,2476
Fang Xiongman,Rod Lawler,7,1181,1234,0.42796070219744664,0.46692337763389535,55,25,319,150,787,427,5988,3103,61,27,207,96,37,8,543,253,4,3,0.0,0.5714285714285714,2476
Zhao Xintong,Lee Walker,7,1325,1253,0.5973854695265872,0.5448788923735801,109,58,738,395,429,235,3333,1717,77,37,425,227,61,26,456,213,4,0,0.0,1.0,2476
Ben Woollaston,Ian Burns,7,1352,1253,0.6326419490877371,0.5615610703361955,533,305,3444,1833,295,153,1863,951,93,46,875,455,50,17,465,215,4,0,0.0,1.0,2476
Kyren Wilson,Xu Si,7,1441,1067,0.896197449963507,0.7180885751833498,381,234,2456,1354,26,10,175,70,132,73,969,548,61,23,131,55,4,0,0.0,1.0,2476
Chris Wakelin,Josh Boileau,7,1294,1042,0.8042377114883456,0.6524894621927444,144,73,966,485,68,30,377,172,74,38,538,268,38,9,216,88,4,1,0.0,0.8,2476
Soheil Vahedi,Mike Dunn,7,1062,1268,0.24126123991548545,0.37402214223339625,13,3,98,41,674,359,4962,2556,63,28,98,41,76,38,601,309,4,0,0.0,1.0,2476
Hossein Vafaei,Gary Wilson,7,1279,1356,0.39601140843867844,0.4520230623632036,68,36,524,258,362,210,2324,1264,111,54,346,166,85,44,564,295,4,3,0.0,0.5714285714285714,2476
Alexander Ursenbacher,Li Hang,7,1211,1367,0.2970193973349833,0.40371730070321216,83,35,503,229,223,113,1597,828,73,34,246,127,113,65,595,319,4,1,0.0,0.8,2476
Thepchaiya Un-Nooh,Michael White,7,1318,1381,0.41457369574132835,0.4607061941016405,276,157,1993,1053,431,248,2904,1545,77,36,764,405,127,68,949,500,4,0,0.0,1.0,2476
Judd Trump,Chris Totten,7,1643,1021,0.9793170155495806,0.8256347143825868,821,554,5540,3273,18,5,104,39,181,119,1369,846,53,18,93,36,4,0,0.0,1.0,2476
Joe Swail,James Wattana,7,1241,1190,0.5693507188778237,0.5318318894162242,809,434,6321,3287,790,432,6661,3498,54,22,527,256,61,25,371,154,4,1,0.0,0.8,2476
Yuan Sijun,Allan Taylor,7,1195,1136,0.5800831913605062,0.5368082899889803,45,16,303,129,260,120,1546,753,67,29,232,110,55,20,351,135,4,2,0.0,0.6666666666666666,2476
Eden Sharav,Elliot Slessor,7,1166,1280,0.34825159011302903,0.4292283881055083,112,54,674,319,135,61,818,383,54,19,351,144,96,51,400,197,4,1,0.0,0.8,2476
Matthew Selt,Rhys Clark,7,1400,1197,0.7555717519931018,0.6242202334972642,513,282,3517,1845,103,46,633,291,85,41,938,507,39,13,357,154,4,1,0.0,0.8,2476
Mark Selby,Mark Joyce,7,1589,1365,0.7772350342961843,0.6364525402815664,1005,696,7297,4265,424,225,3070,1564,160,93,1429,884,134,69,606,318,4,3,0.0,0.5714285714285714,2476
Noppon Saengkham,Hu Hao,7,1279,1106,0.7226276336267841,0.6064704870683034,173,75,1241,577,25,12,146,74,82,42,540,251,0,0,36,17,4,1,0.0,0.8,2476
Neil Robertson,Jamie Barrett,7,1514,1063,0.9342992837911581,0.7553772379137498,835,548,6132,3501,62,26,363,163,174,106,969,587,45,12,194,79,4,1,0.0,0.8,2476
Ian Preece,Sanderson Lam,7,1226,1141,0.6144870727228646,0.5529259881329059,199,110,1449,749,116,46,703,314,64,27,184,90,51,20,327,138,4,1,0.0,0.8,2476
Joe Perry,Boonyarit Keattikun,7,1435,1093,0.8760481845200896,0.7016149536154007,982,583,7065,3822,34,8,253,101,129,73,1072,608,30,5,205,77,4,3,0.0,0.5714285714285714,2476
Martin O'Donnell,Rory McLeod,7,1300,1283,0.5232282019769063,0.5106234010049637,268,128,1665,832,540,295,4008,2084,64,31,430,217,80,38,541,265,4,1,0.0,0.8,2476
Ross Muir,Sean O'Sullivan,7,1221,1147,0.6000303895586184,0.5461185410457796,127,47,856,382,173,72,1084,499,65,28,441,197,34,5,399,183,4,2,0.0,0.6666666666666666,2476
Aditya Mehta,Wang Yuchen,7,1242,1116,0.6667467241528153,0.5781052328843092,264,129,1808,890,48,14,312,125,65,28,350,158,59,27,196,81,4,2,0.0,0.6666666666666666,2476
Alan McManus,Matthew Bolton,7,1402,968,0.9270557177648057,0.7474390202201999,899,535,7553,4011,7,0,39,5,89,45,711,383,34,5,34,5,4,0,0.0,1.0,2476
Anthony McGill,Matthew Stevens,7,1435,1321,0.651748409886971,0.5707716118944918,416,254,2729,1511,902,528,6995,3810,112,57,893,500,59,24,602,314,4,2,0.0,0.6666666666666666,2476
Mitchell Mann,Jackson Page,7,1233,1005,0.7812257884147848,0.6387631751488418,213,99,1355,652,4,0,27,7,72,32,462,204,27,7,27,7,4,0,0.0,1.0,2476
Jack Lisowski,Zhang Anda,7,1442,1341,0.6352110684578025,0.5627917401386452,370,220,2425,1317,275,137,1924,963,148,84,625,330,64,29,590,299,4,2,0.0,0.6666666666666666,2476
Oliver Lines,Scott Donaldson,7,1264,1282,0.47540722540195457,0.4887518980531451,166,86,1045,535,193,95,1288,627,78,38,518,252,66,30,459,211,4,3,0.0,0.5714285714285714,2476
Peter Lines,Alex Borg,7,1297,1130,0.7157709624772323,0.6028848673274662,743,401,5407,2807,354,152,2540,1162,74,36,515,255,47,15,275,123,4,0,0.0,1.0,2476
Mark King,Kurt Maflin,7,1411,1373,0.5517972899579606,0.523732154126561,883,495,6497,3418,492,285,3308,1788,117,63,844,470,105,57,670,355,4,2,0.0,0.6666666666666666,2476
Jak Jones,Fergal O'Brien,7,1141,1303,0.29000807657290884,0.40011163113600173,149,59,963,422,840,479,6330,3341,52,16,211,86,59,25,724,376,4,2,0.0,0.6666666666666666,2476
Jamie Jones,Christopher Keogan,7,1337,1186,0.6970755073607001,0.5932699921071872,459,275,3035,1646,125,51,699,327,71,34,635,338,45,16,305,150,4,2,0.0,0.6666666666666666,2476
Michael Holt,Paul Davison,7,1334,1171,0.7111524094404451,0.6004882745269664,770,448,5602,2981,635,331,4484,2277,80,40,1011,536,45,16,393,169,4,0,0.0,1.0,2476
John Higgins,Niu Zhuang,7,1587,1067,0.9578737869926421,0.7858349830425586,1344,951,10752,6365,36,13,215,85,200,130,1308,791,64,25,114,47,4,1,0.0,0.8,2476
Lyu Haotian,Robert Milkins,7,1272,1425,0.30055574355873826,0.4055240692517599,95,41,662,307,802,485,5858,3189,116,64,235,123,141,81,936,499,4,2,0.0,0.6666666666666666,2476
Anthony Hamilton,David John,7,1323,1133,0.7415764082537253,0.6165665045213193,796,461,6158,3289,81,39,535,262,52,17,522,257,0,0,138,62,4,0,0.0,1.0,2476
Gerard Greene,Andrew Higginson,7,1225,1343,0.34322251370053336,0.42678022732016513,678,366,5062,2643,675,403,4766,2615,70,29,398,194,63,31,600,319,4,3,0.0,0.5714285714285714,2476
Martin Gould,Duane Jones,7,1480,1189,0.8381631906470501,0.6742564252229473,615,375,4152,2280,138,72,808,426,152,85,821,465,41,11,301,130,4,1,0.0,0.8,2476
David Gilbert,Nigel Bond,7,1392,1223,0.7180660778287002,0.6040813228693781,517,292,3775,2021,829,455,6582,3456,93,50,925,515,40,11,403,175,4,2,0.0,0.6666666666666666,2476
Michael Georgiou,Yu Delu,7,1283,1315,0.4563431395453441,0.48001065984441826,184,85,1129,551,248,126,1730,875,62,26,493,237,90,49,490,238,4,1,0.0,0.8,2476
Peter Ebdon,Akani Songsermsawad,7,1309,1355,0.43738543058720863,0.4712816430485603,1033,590,8128,4361,55,28,413,213,78,39,783,417,120,66,374,196,4,3,0.0,0.5714285714285714,2476
Adam Duffy,Liam Highfield,7,1283,1377,0.37380831662168224,0.44151888756183866,313,161,1987,1021,315,170,2154,1134,53,18,581,306,94,46,522,269,4,2,0.0,0.6666666666666666,2476
Graeme Dott,Craig Steadman,7,1379,1250,0.6704536022204194,0.5799334001885058,807,472,6195,3316,403,219,2670,1403,101,53,799,428,61,26,483,229,4,2,0.0,0.6666666666666666,2476
Ken Doherty,Barry Hawkins,7,1273,1410,0.3197489554385173,0.415202325282263,1088,662,8915,4894,858,528,6136,3399,45,21,509,244,98,49,975,539,4,3,0.0,0.5714285714285714,2476
Ryan Day,Lukas Kleckers,7,1429,1069,0.8877146338860857,0.7109495026250039,845,512,5912,3262,47,18,283,124,150,80,1046,590,37,8,224,96,4,3,0.0,0.5714285714285714,2476
Mark Davis,Kurt Dunham,7,1387,966,0.9210893973650893,0.7412546787548828,1020,614,7234,3953,20,3,119,34,62,29,1007,565,45,14,119,34,4,0,0.0,1.0,2476
Jamie Clarke,Xiao Guodong,7,1251,1448,0.2508331787523786,0.37930480863564453,130,67,775,408,393,231,2622,1452,6,2,309,161,141,87,661,371,4,3,0.0,0.5714285714285714,2476
Thor Chuan Leong,Ashley Hugill,7,1144,1181,0.44955793756481255,0.4768914745109111,62,18,410,162,84,41,472,227,53,21,382,159,68,28,399,198,4,3,0.0,0.5714285714285714,2476
Billy Joe Castle,Jimmy White,7,1080,1222,0.31369223207290564,0.41217046151748854,24,11,138,68,1402,784,12026,6323,54,21,95,44,58,23,341,149,4,3,0.0,0.5714285714285714,2476
Alfie Burden,Ricky Walden,7,1269,1379,0.35330921996474546,0.4316800165217519,631,339,4588,2360,771,470,5452,3018,57,22,499,242,140,77,1003,543,4,3,0.0,0.5714285714285714,2476
Luca Brecel,Sam Craigie,7,1484,1279,0.75768573294214,0.6253923497205511,283,159,1935,1033,131,68,792,411,112,68,804,457,73,32,348,185,4,3,0.0,0.5714285714285714,2476
Yan Bingtao,David Grace,7,1508,1253,0.8070005952389404,0.654188113761243,89,55,606,344,290,132,1922,925,180,114,468,268,67,29,494,237,4,1,0.0,0.8,2476
Stuart Bingham,Tian Pengfei,7,1532,1325,0.7597891374076362,0.6265629971237182,997,633,7284,4153,343,193,2278,1217,30,22,1234,716,89,47,555,295,4,1,0.0,0.8,2476
Sam Baird,Jimmy Robertson,7,1282,1394,0.35077688766853815,0.43045377606077095,301,157,2096,1079,430,235,2895,1508,49,20,564,286,131,70,733,400,4,3,0.0,0.5714285714285714,2476
John Astley,Shaun Murphy,7,1263,1518,0.19299940476105965,0.3458118862387571,164,77,1018,474,953,628,7050,4033,67,29,299,140,185,108,1131,676,4,2,0.0,0.6666666666666666,2476
Mark Allen,Daniel Wells,7,1525,1286,0.7919725105475417,0.645084137572727,677,438,4678,2635,316,154,2116,1047,176,103,960,553,66,32,489,245,4,2,0.0,0.6666666666666666,2476
Chen Zifan,Mark King,7,1083,1411,0.13363157650794907,0.3057636598919695,45,20,267,117,883,495,6497,3418,55,19,143,58,117,63,844,470,4,2,0.0,0.6666666666666666,2476
Cao Yupeng,Noppon Saengkham,7,1359,1279,0.6079354159352611,0.549833997312478,219,109,1586,800,173,75,1241,577,136,78,456,224,82,42,540,251,4,3,0.0,0.5714285714285714,2476
Zhou Yuelong,Oliver Lines,7,1333,1264,0.5934092174000843,0.5430183807243099,134,72,908,472,166,86,1045,535,70,34,614,324,78,38,518,252,4,1,0.0,0.8,2476
Ben Woollaston,Zhang Yong,7,1352,1141,0.7639640378992283,0.6288998381516232,533,305,3444,1833,66,25,416,170,93,46,875,455,80,34,323,132,4,0,0.0,1.0,2476
Mark Williams,Yan Bingtao,7,1593,1508,0.6144870727228646,0.5529259881329059,1305,856,9879,5667,89,55,606,344,158,106,1257,747,180,114,468,268,4,1,0.0,0.8,2476
Chris Wakelin,Mei Xiwen,7,1294,1308,0.48086718764462183,0.4912508931197597,144,73,966,485,75,39,493,250,74,38,538,268,79,41,237,129,4,3,0.0,0.5714285714285714,2476
Thepchaiya Un-Nooh,Chen Zhe,7,1318,1196,0.661777191191235,0.5756643510425494,276,157,1993,1053,184,89,1127,553,77,36,764,405,41,12,206,92,4,1,0.0,0.8,2476
Judd Trump,Adam Duffy,7,1643,1283,0.8877146338860857,0.7109495026250039,821,554,5540,3273,313,161,1987,1021,181,119,1369,846,53,18,581,306,4,1,0.0,0.8,2476
Mark Selby,Zhao Xintong,7,1589,1325,0.8151364341594428,0.6592603884513855,1005,696,7297,4265,109,58,738,395,160,93,1429,884,77,37,425,227,4,1,0.0,0.8,2476
Neil Robertson,Fang Xiongman,7,1514,1181,0.8698871121691505,0.6968832820410791,835,548,6132,3501,55,25,319,150,174,106,969,587,61,27,207,96,4,0,0.0,1.0,2476
Martin O'Donnell,Jamie Jones,7,1300,1337,0.44955793756481255,0.4768914745109111,268,128,1665,832,459,275,3035,1646,64,31,430,217,71,34,635,338,4,3,0.0,0.5714285714285714,2476
Aditya Mehta,Michael Holt,7,1242,1334,0.37639911510945645,0.44275214540144436,264,129,1808,890,770,448,5602,2981,65,28,350,158,80,40,1011,536,4,1,0.0,0.8,2476
Alan McManus,Yuan Sijun,7,1402,1195,0.7597891374076362,0.6265629971237182,899,535,7553,4011,45,16,303,129,89,45,711,383,67,29,232,110,4,1,0.0,0.8,2476
Anthony McGill,Joe Swail,7,1435,1241,0.7459292301495708,0.6189278548001903,416,254,2729,1511,809,434,6321,3287,112,57,893,500,54,22,527,256,4,3,0.0,0.5714285714285714,2476
Jack Lisowski,Li Yuan,7,1442,1164,0.8273350387178837,0.6670782770956253,370,220,2425,1317,39,21,221,110,148,84,625,330,82,42,116,61,4,1,0.0,0.8,2476
Peter Lines,Ryan Day,7,1297,1429,0.32585725514792674,0.4182406231581638,743,401,5407,2807,845,512,5912,3262,74,36,515,255,150,80,1046,590,4,2,0.0,0.6666666666666666,2476
John Higgins,Alexander Ursenbacher,7,1587,1211,0.8973679326012581,0.7190996574163839,1344,951,10752,6365,83,35,503,229,200,130,1308,791,73,34,246,127,4,0,0.0,1.0,2476
Lyu Haotian,Ian Preece,7,1272,1226,0.5626145694127913,0.5287183569514396,95,41,662,307,199,110,1449,749,116,64,235,123,64,27,184,90,4,2,0.0,0.6666666666666666,2476
Gerard Greene,Kyren Wilson,7,1225,1441,0.23087760377680316,0.3681875822638983,678,366,5062,2643,381,234,2456,1354,70,29,398,194,132,73,969,548,4,3,0.0,0.5714285714285714,2476
David Gilbert,Sam Baird,7,1392,1282,0.6466907800352545,0.5683199834782481,517,292,3775,2021,301,157,2096,1079,93,50,925,515,49,20,564,286,4,1,0.0,0.8,2476
Michael Georgiou,John Astley,7,1283,1263,0.5273209820427867,0.5124973964842103,184,85,1129,551,164,77,1018,474,62,26,493,237,67,29,299,140,4,1,0.0,0.8,2476
Peter Ebdon,Dominic Dale,7,1309,1385,0.3973295650806627,0.45264238185691075,1033,590,8128,4361,883,508,6321,3377,78,39,783,417,78,43,855,458,4,0,0.0,1.0,2476
Graeme Dott,Jamie Clarke,7,1379,1251,0.6692199309586204,0.5793242521487495,807,472,6195,3316,130,67,775,408,101,53,799,428,6,2,309,161,4,2,0.0,0.6666666666666666,2476
Ken Doherty,Jak Jones,7,1273,1141,0.6741427448520734,0.5817593768418363,1088,662,8915,4894,149,59,963,422,45,21,509,244,52,16,211,86,4,2,0.0,0.6666666666666666,2476
Mark Davis,Matthew Selt,7,1387,1400,0.48223281808358937,0.4918757150937391,1020,614,7234,3953,513,282,3517,1845,62,29,1007,565,85,41,938,507,4,1,0.0,0.8,2476
Billy Joe Castle,Martin Gould,7,1080,1480,0.08937032126906178,0.2689414213699951,24,11,138,68,615,375,4152,2280,54,21,95,44,152,85,821,465,4,3,0.0,0.5714285714285714,2476
Alfie Burden,Eden Sharav,7,1269,1166,0.6377737431786725,0.5640216374262577,631,339,4588,2360,112,54,674,319,57,22,499,242,54,19,351,144,4,1,0.0,0.8,2476
Luca Brecel,Thor Chuan Leong,7,1484,1144,0.8746981311142084,0.7005671424739729,283,159,1935,1033,62,18,410,162,112,68,804,457,53,21,382,159,4,3,0.0,0.5714285714285714,2476
Stuart Bingham,Mitchell Mann,7,1532,1233,0.8445881619019862,0.6786337178522214,997,633,7284,4153,213,99,1355,652,30,22,1234,716,72,32,462,204,4,2,0.0,0.6666666666666666,2476
Mark Allen,Hossein Vafaei,7,1525,1279,0.7986358149208075,0.6490805242445733,677,438,4678,2635,68,36,524,258,176,103,960,553,111,54,346,166,4,3,0.0,0.5714285714285714,2476
Cao Yupeng,Ken Doherty,7,1359,1273,0.6157933128709394,0.5535439031511183,219,109,1586,800,1088,662,8915,4894,136,78,456,224,45,21,509,244,4,2,0.0,0.6666666666666666,2476
Zhou Yuelong,Michael Georgiou,7,1333,1283,0.5680051367615364,0.5312093733737563,134,72,908,472,184,85,1129,551,70,34,614,324,62,26,493,237,4,0,0.0,1.0,2476
Ben Woollaston,Gerard Greene,7,1352,1225,0.6679843009449487,0.578714862460134,533,305,3444,1833,678,366,5062,2643,93,46,875,455,70,29,398,194,4,3,0.0,0.5714285714285714,2476
Mark Williams,Ross Muir,7,1593,1221,0.8950167119467943,0.7170752854929726,1305,856,9879,5667,127,47,856,382,158,106,1257,747,65,28,441,197,4,3,0.0,0.5714285714285714,2476
Judd Trump,Martin O'Donnell,7,1643,1300,0.8767191428425912,0.702138068199835,821,554,5540,3273,268,128,1665,832,181,119,1369,846,64,31,430,217,4,3,0.0,0.5714285714285714,2476
Mark Selby,Lyu Haotian,7,1589,1272,0.858383853016921,0.6883678768310286,1005,696,7297,4265,95,41,662,307,160,93,1429,884,116,64,235,123,4,3,0.0,0.5714285714285714,2476
Neil Robertson,Peter Ebdon,7,1514,1309,0.75768573294214,0.6253923497205511,835,548,6132,3501,1033,590,8128,4361,174,106,969,587,78,39,783,417,4,0,0.0,1.0,2476
Anthony McGill,Alfie Burden,7,1435,1269,0.7146198510727906,0.6022861768886306,416,254,2729,1511,631,339,4588,2360,112,57,893,500,57,22,499,242,4,0,0.0,1.0,2476
Jack Lisowski,Joe Perry,7,1442,1435,0.5095693356278297,0.5043748883497735,370,220,2425,1317,982,583,7065,3822,148,84,625,330,129,73,1072,608,4,2,0.0,0.6666666666666666,2476
Peter Lines,Thepchaiya Un-Nooh,7,1297,1318,0.4713154170628733,0.4868780138177567,743,401,5407,2807,276,157,1993,1053,74,36,515,255,77,36,764,405,4,3,0.0,0.5714285714285714,2476
David Gilbert,Chen Zifan,7,1392,1083,0.8523649112589072,0.6840614456522569,517,292,3775,2021,45,20,267,117,93,50,925,515,55,19,143,58,4,1,0.0,0.8,2476
Mark Davis,John Higgins,7,1387,1587,0.24761894840913548,0.3775406687981454,1020,614,7234,3953,1344,951,10752,6365,62,29,1007,565,200,130,1308,791,4,1,0.0,0.8,2476
Billy Joe Castle,Aditya Mehta,7,1080,1242,0.29000807657290884,0.40011163113600173,24,11,138,68,264,129,1808,890,54,21,95,44,65,28,350,158,4,3,0.0,0.5714285714285714,2476
Luca Brecel,Chris Wakelin,7,1484,1294,0.7415764082537253,0.6165665045213193,283,159,1935,1033,144,73,966,485,112,68,804,457,74,38,538,268,4,1,0.0,0.8,2476
Stuart Bingham,Graeme Dott,7,1532,1379,0.6994442564412618,0.5944759307482401,997,633,7284,4153,807,472,6195,3316,30,22,1234,716,101,53,799,428,4,0,0.0,1.0,2476
Mark Allen,Alan McManus,7,1525,1402,0.6630224339222315,0.5762749224932653,677,438,4678,2635,899,535,7553,4011,176,103,960,553,89,45,711,383,4,1,0.0,0.8,2476
Cao Yupeng,Billy Joe Castle,7,1359,1080,0.8281850360436097,0.6676332571171155,219,109,1586,800,24,11,138,68,136,78,456,224,54,21,95,44,4,3,0.0,0.5714285714285714,2476
Zhou Yuelong,Peter Lines,7,1333,1297,0.549086208422272,0.5224848247918001,134,72,908,472,743,401,5407,2807,70,34,614,324,74,36,515,255,4,1,0.0,0.8,2476
Mark Williams,Neil Robertson,7,1593,1514,0.6066210971235376,0.5492151291013335,1305,856,9879,5667,835,548,6132,3501,158,106,1257,747,174,106,969,587,4,2,0.0,0.6666666666666666,2476
Judd Trump,David Gilbert,7,1643,1392,0.8033111045084242,0.6519223788927313,821,554,5540,3273,517,292,3775,2021,181,119,1369,846,93,50,925,515,4,2,0.0,0.6666666666666666,2476
Mark Selby,Jack Lisowski,7,1589,1442,0.692311529960642,0.5908547524545943,1005,696,7297,4265,370,220,2425,1317,160,93,1429,884,148,84,625,330,4,3,0.0,0.5714285714285714,2476
Anthony McGill,Mark Davis,7,1435,1387,0.5653114683109788,0.5299640517645717,416,254,2729,1511,1020,614,7234,3953,112,57,893,500,62,29,1007,565,4,3,0.0,0.5714285714285714,2476
Stuart Bingham,Luca Brecel,7,1532,1484,0.5653114683109788,0.5299640517645717,997,633,7284,4153,283,159,1935,1033,30,22,1234,716,112,68,804,457,4,2,0.0,0.6666666666666666,2476
Mark Allen,Ben Woollaston,7,1525,1352,0.7226276336267841,0.6064704870683034,677,438,4678,2635,533,305,3444,1833,176,103,960,553,93,46,875,455,4,2,0.0,0.6666666666666666,2476
Cao Yupeng,Mark Williams,7,1359,1593,0.2128707585790301,0.3577829070425624,219,109,1586,800,1305,856,9879,5667,136,78,456,224,158,106,1257,747,4,2,0.0,0.6666666666666666,2476
Zhou Yuelong,Anthony McGill,7,1333,1435,0.3635067817280711,0.4365932137378064,134,72,908,472,416,254,2729,1511,70,34,614,324,112,57,893,500,4,0,0.0,1.0,2476
Judd Trump,Mark Allen,7,1643,1525,0.6567774862994666,0.5732197726798348,821,554,5540,3273,677,438,4678,2635,181,119,1369,846,176,103,960,553,4,3,0.0,0.5714285714285714,2476
Stuart Bingham,Mark Selby,7,1532,1589,0.4225943374899878,0.4644351620161461,997,633,7284,4153,1005,696,7297,4265,30,22,1234,716,160,93,1429,884,4,2,0.0,0.6666666666666666,2476
Judd Trump,Cao Yupeng,11,1643,1359,0.8834463881170871,0.6704011598088686,821,554,5540,3273,219,109,1586,800,181,119,1369,846,136,78,456,224,6,1,0.0,0.8571428571428571,2476
Stuart Bingham,Zhou Yuelong,11,1532,1333,0.7994756486773107,0.6218716423074662,997,633,7284,4153,134,72,908,472,30,22,1234,716,70,34,614,324,6,4,0.0,0.6,2476
Judd Trump,Stuart Bingham,17,1643,1532,0.7189202731858346,0.5689332093695465,821,554,5540,3273,997,633,7284,4153,181,119,1369,846,30,22,1234,716,9,7,0.0,0.5625,2476
Chen Zhe,Sam Baird,9,1196,1281,0.3716787694063234,0.4470740118670941,186,90,1139,558,303,158,2108,1084,53,17,218,97,61,25,576,291,5,3,0.0,0.625,2477
Cao Yupeng,David Grace,9,1374,1247,0.6874521458116047,0.578714862460134,225,114,1625,821,291,132,1927,926,175,99,495,245,72,30,499,238,5,0,0.0,1.0,2477
Ben Woollaston,Peter Lines,9,1374,1315,0.5899315453398475,0.5368082899889803,537,308,3465,1847,747,404,5429,2820,114,60,896,469,96,49,537,268,5,0,0.0,1.0,2477
Kyren Wilson,Thor Chuan Leong,9,1439,1156,0.859995897595504,0.6698485160570237,383,235,2467,1361,64,19,424,169,143,80,980,555,67,28,396,166,5,1,0.0,0.8333333333333334,2477
Gary Wilson,Nigel Bond,9,1349,1220,0.690160189469792,0.5799334001885058,363,210,2331,1267,830,455,6588,3458,92,47,571,298,46,13,409,177,5,1,0.0,0.8333333333333334,2477
Mark Williams,Christopher Keogan,9,1586,1182,0.9366283818121344,0.7330201492388575,1309,859,9903,5681,126,51,705,329,182,120,1281,761,51,18,311,152,5,0,0.0,1.0,2477
Liang Wenbo,Akani Songsermsawad,9,1461,1349,0.66681018628421,0.569546223939229,558,341,3868,2145,56,28,420,216,135,78,1120,637,127,69,381,199,5,4,0.0,0.5555555555555556,2477
Daniel Wells,Gerard Greene,9,1285,1245,0.5612681117807465,0.52497918747894,317,154,2122,1049,681,368,5083,2654,72,34,495,247,91,40,419,205,5,3,0.0,0.625,2477
Lee Walker,Paul Davison,9,1238,1158,0.6210284680300693,0.549833997312478,430,235,3337,1717,636,331,4488,2277,65,26,460,213,49,16,397,169,5,1,0.0,0.8333333333333334,2477
Ricky Walden,Jamie Barrett,9,1371,1061,0.8812152445871373,0.6846015003234307,772,470,5459,3021,63,26,368,164,147,80,1010,546,50,13,199,80,5,2,0.0,0.7142857142857143,2477
Chris Wakelin,James Wattana,9,1297,1179,0.675135607304274,0.5732197726798348,147,75,983,494,791,432,6666,3499,91,47,555,277,66,26,376,155,5,4,0.0,0.5555555555555556,2477
Hossein Vafaei,Ashley Hugill,9,1290,1176,0.6695952090283444,0.5707716118944918,70,37,538,265,85,41,479,230,125,61,360,173,75,31,406,201,5,4,0.0,0.5555555555555556,2477
Alexander Ursenbacher,Liam Highfield,9,1218,1366,0.28466862205354465,0.40854102156721994,85,36,512,233,316,170,2160,1136,82,38,255,131,100,48,528,271,5,3,0.0,0.625,2477
Thepchaiya Un-Nooh,Fang Xiongman,9,1339,1177,0.7331989464504001,0.5998883688639983,279,159,2009,1064,57,26,330,154,93,47,780,416,72,31,218,100,5,1,0.0,0.8333333333333334,2477
Allan Taylor,Anthony Hamilton,9,1130,1335,0.21587277809548666,0.37460765027944887,261,120,1552,755,797,462,6162,3293,61,22,357,137,56,21,526,261,5,4,0.0,0.5555555555555556,2477
Matthew Stevens,Kurt Dunham,9,1316,958,0.912888673167789,0.7099209183344533,903,528,7001,3812,21,3,123,34,65,26,608,316,49,14,123,34,5,0,0.0,1.0,2477
Elliot Slessor,Mark Davis,9,1265,1421,0.2743852272088807,0.40371730070321216,136,61,823,384,1024,617,7255,3968,101,52,405,198,83,44,1028,580,5,4,0.0,0.5555555555555556,2477
Eden Sharav,Rory McLeod,9,1171,1271,0.3500987786078318,0.43782349911420193,114,55,684,324,541,295,4013,2085,64,24,361,149,85,39,546,266,5,4,0.0,0.5555555555555556,2477
Matthew Selt,Mitchell Mann,9,1395,1245,0.717920276657251,0.5926665999540697,515,283,3527,1850,215,100,1365,658,95,46,948,512,82,38,472,210,5,2,0.0,0.7142857142857143,2477
Mark Selby,Kritsanut Lertsattayathorn,9,1576,1191,0.9275515881200725,0.7236220674654401,1010,700,7329,4283,27,13,201,101,192,111,1461,902,0,0,128,62,5,2,0.0,0.7142857142857143,2477
Noppon Saengkham,Adam Duffy,9,1286,1290,0.4938479125874028,0.49750002083312506,175,76,1253,584,315,162,1998,1026,94,49,552,258,64,23,592,311,5,3,0.0,0.625,2477
Jimmy Robertson,Luo Honghao,9,1386,1056,0.8953253211201412,0.6952966693475653,431,235,2902,1511,18,10,98,51,138,73,740,403,0,0,23,10,5,2,0.0,0.7142857142857143,2477
Neil Robertson,Sanderson Lam,9,1532,1131,0.9352601291577347,0.7315498244408544,839,551,6151,3515,117,46,708,315,193,120,988,601,56,21,332,139,5,1,0.0,0.8333333333333334,2477
Joe Perry,Ian Preece,9,1421,1229,0.7693848278621133,0.617747874769249,984,584,7078,3828,201,111,1460,755,142,79,1085,614,75,33,195,96,5,2,0.0,0.7142857142857143,2477
Tian Pengfei,Jimmy White,9,1318,1213,0.6569871207564459,0.5652507475670999,344,193,2283,1218,1403,784,12033,6326,94,48,560,296,65,26,348,152,5,1,0.0,0.8333333333333334,2477
Shaun Murphy,Alex Borg,9,1503,1117,0.9280540950774521,0.7241217707708186,954,628,7056,4035,355,152,2544,1162,191,110,1137,678,51,15,279,123,5,1,0.0,0.8333333333333334,2477
Robert Milkins,Jak Jones,9,1412,1150,0.8417147594504835,0.6581363150480182,803,485,5864,3191,151,60,975,428,147,83,942,501,64,22,223,92,5,4,0.0,0.5555555555555556,2477
Anthony McGill,Zhao Xintong,9,1436,1334,0.6527423440531748,0.5634067862621936,421,258,2757,1527,111,59,747,400,140,73,921,516,86,42,434,232,5,4,0.0,0.5555555555555556,2477
Stephen Maguire,Matthew Bolton,9,1471,960,0.9719494147338047,0.782023920628231,879,581,6412,3646,8,0,43,5,152,87,992,552,38,5,38,5,5,1,0.0,0.8333333333333334,2477
Jack Lisowski,Xu Si,9,1460,1058,0.9357188635287434,0.7320405018416317,374,223,2449,1332,27,10,179,70,172,99,649,345,65,23,135,55,5,4,0.0,0.5555555555555556,2477
Oliver Lines,Chen Zifan,9,1259,1107,0.7204972079640919,0.5938731029341427,168,87,1057,540,48,22,284,126,90,43,530,257,72,28,160,67,5,2,0.0,0.7142857142857143,2477
Mark King,Li Yuan,9,1401,1173,0.8087617227954655,0.6387631751488418,885,496,6509,3424,41,22,233,115,129,69,856,476,94,47,128,66,5,2,0.0,0.7142857142857143,2477
Ding Junhui,Hammad Miah,9,1458,1212,0.8267252595018073,0.6490805242445733,675,451,5122,2927,115,44,754,331,66,34,959,544,69,30,452,213,5,1,0.0,0.8333333333333334,2477
Mark Joyce,Aditya Mehta,9,1369,1252,0.6737542556151955,0.5726080638632601,425,225,3077,1567,267,131,1826,901,141,72,613,321,83,39,368,169,5,3,0.0,0.625,2477
Duane Jones,Kurt Maflin,9,1184,1366,0.24234756182196188,0.3881726309982629,139,72,813,427,493,285,3314,1790,46,12,306,131,111,59,676,357,5,3,0.0,0.625,2477
Jamie Jones,Josh Boileau,9,1336,1036,0.8736516395059266,0.679178699175393,461,276,3048,1653,69,30,382,173,84,41,648,345,43,10,221,89,5,2,0.0,0.7142857142857143,2477
Michael Holt,Billy Joe Castle,9,1332,1120,0.7918223659012522,0.6294831119673949,772,449,5611,2986,28,14,166,83,89,45,1020,541,82,36,123,59,5,1,0.0,0.8333333333333334,2477
Andrew Higginson,Martin O'Donnell,9,1335,1324,0.5169136156946217,0.5068745667645342,676,403,4773,2618,271,130,1684,843,70,34,607,322,83,42,449,228,5,1,0.0,0.8333333333333334,2477
John Higgins,Joe Swail,9,1580,1254,0.892610072559661,0.6931739493259501,1347,953,10766,6374,811,435,6333,3294,214,139,1322,800,66,29,539,263,5,2,0.0,0.7142857142857143,2477
Barry Hawkins,David John,9,1401,1121,0.8574804739607897,0.6681877721681662,859,528,6143,3402,82,39,539,262,105,52,982,542,4,0,142,62,5,0,0.0,1.0,2477
Hu Hao,Alan McManus,9,1098,1408,0.11878475541286268,0.31539849967656924,26,12,151,75,902,537,7567,4020,5,1,41,18,103,54,725,392,5,0,0.0,1.0,2477
Li Hang,Robin Hull,9,1351,1333,0.5276622061032297,0.5112481019468548,224,113,1602,829,504,302,3828,2099,118,66,600,320,69,30,472,244,5,3,0.0,0.625,2477
Xiao Guodong,Lukas Kleckers,9,1437,1077,0.9140492170600234,0.7109495026250039,394,231,2629,1455,48,18,290,127,148,90,668,374,44,11,231,99,5,3,0.0,0.625,2477
Martin Gould,Fan Zhengyi,9,1468,995,0.9620983818090073,0.7653970126407402,617,376,4164,2287,6,1,38,15,164,92,833,472,0,0,20,9,5,1,0.0,0.8333333333333334,2477
David Gilbert,Rhys Clark,9,1408,1190,0.7982810462660692,0.6329747766804606,521,295,3797,2035,104,46,638,292,115,64,947,529,44,14,362,155,5,1,0.0,0.8333333333333334,2477
Michael Georgiou,Fergal O'Brien,9,1293,1290,0.5046141496682656,0.5018749912109869,187,87,1143,559,841,479,6336,3343,76,34,507,245,65,27,730,378,5,0,0.0,1.0,2477
Marco Fu,Sean O'Sullivan,9,1428,1141,0.8633002845321215,0.6720562626502714,828,492,6127,3343,174,72,1090,501,100,56,1037,587,40,7,405,185,5,3,0.0,0.625,2477
Tom Ford,Boonyarit Keattikun,9,1377,1100,0.8549331199994852,0.6665228332551123,557,319,3964,2114,35,8,260,104,105,57,701,381,37,8,212,80,5,1,0.0,0.8333333333333334,2477
Peter Ebdon,Niu Zhuang,9,1320,1066,0.8343351260922364,0.653622330899504,1036,592,8143,4369,37,13,220,86,93,47,798,425,69,26,119,48,5,4,0.0,0.5555555555555556,2477
Mike Dunn,Soheil Vahedi,9,1248,1082,0.7381925501749662,0.6022861768886306,675,359,4966,2556,14,4,102,45,80,38,605,309,67,32,102,45,5,0,0.0,1.0,2477
Ken Doherty,Robbie Williams,9,1280,1336,0.4145651269759309,0.4650570548417855,1091,664,8934,4904,329,179,2138,1093,64,31,528,254,99,46,585,294,5,3,0.0,0.625,2477
Yu Delu,Zhang Yong,9,1302,1143,0.7294208076401816,0.5980868603322034,249,126,1735,876,68,26,426,174,95,50,495,239,90,38,333,136,5,2,0.0,0.7142857142857143,2477
Ryan Day,Rod Lawler,9,1410,1228,0.7576524381780382,0.6118273690017371,847,513,5925,3268,788,427,5995,3106,163,86,1059,596,44,11,550,256,5,3,0.0,0.625,2477
Dominic Dale,Jackson Page,9,1368,993,0.9223700263151574,0.7185943925708561,884,508,6325,3377,5,0,31,7,82,43,859,458,31,7,31,7,5,0,0.0,1.0,2477
Sam Craigie,Judd Trump,9,1282,1659,0.07657067467766698,0.2803956309515509,132,68,799,414,828,561,5592,3308,80,35,355,188,233,154,1421,881,5,0,0.0,1.0,2477
Ma Chunmao,Michael White,9,1078,1364,0.13752051822039713,0.3284949657745942,23,11,123,65,432,248,2908,1545,7,2,46,23,131,68,953,500,5,1,0.0,0.8333333333333334,2477
Ian Burns,Scott Donaldson,9,1239,1277,0.44177172943154325,0.4762678458734389,296,153,1867,951,194,95,1295,630,54,17,469,215,73,33,466,214,5,0,0.0,1.0,2477
Alfie Burden,Craig Steadman,9,1274,1246,0.542978651056463,0.5174928576663897,634,341,4604,2368,404,219,2676,1405,73,30,515,250,67,28,489,231,5,1,0.0,0.8333333333333334,2477
Luca Brecel,Ross Muir,9,1476,1235,0.8218521323213228,0.6462280583309002,287,162,1960,1047,129,48,869,389,137,82,829,471,78,35,454,204,5,4,0.0,0.5555555555555556,2477
Stuart Bingham,Mei Xiwen,9,1565,1321,0.8247868019279315,0.6479408020806503,1004,639,7337,4186,77,40,505,257,83,55,1287,749,91,48,249,136,5,1,0.0,0.8333333333333334,2477
John Astley,Chris Totten,9,1266,1015,0.8315084197134864,0.6519223788927313,166,78,1029,479,19,5,108,39,78,34,310,145,57,18,97,36,5,1,0.0,0.8333333333333334,2477
Zhang Anda,Yuan Sijun,9,1336,1194,0.7074939022446493,0.5878295384825115,276,137,1930,965,47,17,314,134,70,31,596,301,78,34,243,115,5,2,0.0,0.7142857142857143,2477
Mark Allen,Wang Yuchen,9,1534,1112,0.9443494311727829,0.7417338799314313,682,442,4709,2654,49,14,318,127,207,122,991,572,65,29,202,83,5,1,0.0,0.8333333333333334,2477
Chen Zhe,Mark King,9,1196,1401,0.21587277809548666,0.37460765027944887,186,90,1139,558,885,496,6509,3424,53,17,218,97,129,69,856,476,5,3,0.0,0.625,2477
Cao Yupeng,Ma Chunmao,9,1374,1078,0.8705294620763192,0.676995856238523,225,114,1625,821,23,11,123,65,175,99,495,245,7,2,46,23,5,0,0.0,1.0,2477
Ben Woollaston,Eden Sharav,9,1374,1171,0.7818971725171479,0.6242202334972642,537,308,3465,1847,114,55,684,324,114,60,896,469,64,24,361,149,5,4,0.0,0.5555555555555556,2477
Mark Williams,Matthew Stevens,9,1586,1316,0.8488646678121341,0.6626218371700825,1309,859,9903,5681,903,528,7001,3812,182,120,1281,761,65,26,608,316,5,0,0.0,1.0,2477
Daniel Wells,Shaun Murphy,9,1285,1503,0.20171895373393084,0.36702522331953935,317,154,2122,1049,954,628,7056,4035,72,34,495,247,191,110,1137,678,5,3,0.0,0.625,2477
Lee Walker,Mark Selby,9,1238,1576,0.09940125528010821,0.30048277233757253,430,235,3337,1717,1010,700,7329,4283,65,26,460,213,192,111,1461,902,5,2,0.0,0.7142857142857143,2477
Ricky Walden,Andrew Higginson,9,1371,1335,0.5551848201387266,0.5224848247918001,772,470,5459,3021,676,403,4773,2618,147,80,1010,546,70,34,607,322,5,1,0.0,0.8333333333333334,2477
Chris Wakelin,Barry Hawkins,9,1297,1401,0.34442552629041145,0.4353637081969708,147,75,983,494,859,528,6143,3402,91,47,555,277,105,52,982,542,5,4,0.0,0.5555555555555556,2477
Thepchaiya Un-Nooh,Hu Hao,9,1339,1098,0.8218521323213228,0.6462280583309002,279,159,2009,1064,26,12,151,75,93,47,780,416,5,1,41,18,5,2,0.0,0.7142857142857143,2477
Allan Taylor,Michael Georgiou,9,1130,1293,0.2655479256086079,0.3995117254730337,261,120,1552,755,187,87,1143,559,61,22,357,137,76,34,507,245,5,1,0.0,0.8333333333333334,2477
Matthew Selt,Elliot Slessor,9,1395,1265,0.6915101683136338,0.5805423048206596,515,283,3527,1850,136,61,823,384,95,46,948,512,101,52,405,198,5,2,0.0,0.7142857142857143,2477
Jimmy Robertson,Tom Ford,9,1386,1377,0.5138398540686689,0.5056247627073255,431,235,2902,1511,557,319,3964,2114,138,73,740,403,105,57,701,381,5,3,0.0,0.625,2477
Neil Robertson,Noppon Saengkham,9,1532,1286,0.8267252595018073,0.6490805242445733,839,551,6151,3515,175,76,1253,584,193,120,988,601,94,49,552,258,5,1,0.0,0.8333333333333334,2477
Joe Perry,Yu Delu,9,1421,1302,0.6765144327536381,0.5738312575916094,984,584,7078,3828,249,126,1735,876,142,79,1085,614,95,50,495,239,5,4,0.0,0.5555555555555556,2477
Robert Milkins,Jamie Jones,9,1412,1336,0.6151613259908093,0.5473576181430894,803,485,5864,3191,461,276,3048,1653,147,83,942,501,84,41,648,345,5,1,0.0,0.8333333333333334,2477
Anthony McGill,Duane Jones,9,1436,1184,0.8324542539152648,0.6524894621927444,421,258,2757,1527,139,72,813,427,140,73,921,516,46,12,306,131,5,2,0.0,0.7142857142857143,2477
Stephen Maguire,Ken Doherty,9,1471,1280,0.7682267848118195,0.6171573626529722,879,581,6412,3646,1091,664,8934,4904,152,87,992,552,64,31,528,254,5,2,0.0,0.7142857142857143,2477
Ding Junhui,Zhang Anda,9,1458,1336,0.6806355880474421,0.5756643510425494,675,451,5122,2927,276,137,1930,965,66,34,959,544,70,31,596,301,5,3,0.0,0.625,2477
Michael Holt,Mark Joyce,9,1332,1369,0.443293015086782,0.4768914745109111,772,449,5611,2986,425,225,3077,1567,89,45,1020,541,141,72,613,321,5,3,0.0,0.625,2477
John Higgins,Alexander Ursenbacher,9,1580,1218,0.9151975845350849,0.7119759194127935,1347,953,10766,6374,85,36,512,233,214,139,1322,800,82,38,255,131,5,0,0.0,1.0,2477
Li Hang,Liang Wenbo,9,1351,1461,0.3359845376484875,0.4316800165217519,224,113,1602,829,558,341,3868,2145,118,66,600,320,135,78,1120,637,5,4,0.0,0.5555555555555556,2477
Xiao Guodong,Dominic Dale,9,1437,1368,0.6048276146754163,0.5430183807243099,394,231,2629,1455,884,508,6325,3377,148,90,668,374,82,43,859,458,5,1,0.0,0.8333333333333334,2477
Martin Gould,Jack Lisowski,9,1468,1460,0.5123026370468309,0.5049998333399998,617,376,4164,2287,374,223,2449,1332,164,92,833,472,172,99,649,345,5,1,0.0,0.8333333333333334,2477
David Gilbert,Tian Pengfei,9,1408,1318,0.6355659071692855,0.5560138905446199,521,295,3797,2035,344,193,2283,1218,115,64,947,529,94,48,560,296,5,4,0.0,0.5555555555555556,2477
Marco Fu,Ian Burns,9,1428,1239,0.7659005155576041,0.6159753019181258,828,492,6127,3343,296,153,1867,951,100,56,1037,587,54,17,469,215,5,3,0.0,0.625,2477
Peter Ebdon,Graeme Dott,9,1320,1374,0.4175695010097954,0.4663011645670992,1036,592,8143,4369,810,474,6211,3324,93,47,798,425,117,61,815,436,5,2,0.0,0.7142857142857143,2477
Ryan Day,Gary Wilson,9,1410,1349,0.5929224766392899,0.5380512843858591,847,513,5925,3268,363,210,2331,1267,163,86,1059,596,92,47,571,298,5,1,0.0,0.8333333333333334,2477
Luca Brecel,Mike Dunn,9,1476,1248,0.8087617227954655,0.6387631751488418,287,162,1960,1047,675,359,4966,2556,137,82,829,471,80,38,605,309,5,1,0.0,0.8333333333333334,2477
Stuart Bingham,Alfie Burden,9,1565,1274,0.8665483049653652,0.6742564252229473,1004,639,7337,4186,634,341,4604,2368,83,55,1287,749,73,30,515,250,5,2,0.0,0.7142857142857143,2477
John Astley,Sam Craigie,9,1266,1282,0.4754070207556724,0.4900013331200346,166,78,1029,479,132,68,799,414,78,34,310,145,80,35,355,188,5,4,0.0,0.5555555555555556,2477
Mark Allen,Oliver Lines,9,1534,1259,0.853217103541739,0.665410558746814,682,442,4709,2654,168,87,1057,540,207,122,991,572,90,43,530,257,5,1,0.0,0.8333333333333334,2477
Cao Yupeng,Stuart Bingham,9,1374,1565,0.23177321518818045,0.38284263734702784,225,114,1625,821,1004,639,7337,4186,175,99,495,245,83,55,1287,749,5,4,0.0,0.5555555555555556,2477
Kyren Wilson,Michael Holt,9,1439,1332,0.659805489406344,0.5664790559676278,383,235,2467,1361,772,449,5611,2986,143,80,980,555,89,45,1020,541,5,3,0.0,0.625,2477
Mark Williams,Chen Zhe,9,1586,1196,0.9300361409724274,0.7261149812607791,1309,859,9903,5681,186,90,1139,558,182,120,1281,761,53,17,218,97,5,0,0.0,1.0,2477
Lee Walker,Robert Milkins,9,1238,1412,0.25197334416217204,0.39293301192829644,430,235,3337,1717,803,485,5864,3191,65,26,460,213,147,83,942,501,5,2,0.0,0.7142857142857143,2477
Thepchaiya Un-Nooh,Chris Wakelin,9,1339,1297,0.5643041587484351,0.5262259093720687,279,159,2009,1064,147,75,983,494,93,47,780,416,91,47,555,277,5,2,0.0,0.7142857142857143,2477
Neil Robertson,Ben Woollaston,9,1532,1374,0.7281552136873749,0.5974857658270161,839,551,6151,3515,537,308,3465,1847,193,120,988,601,114,60,896,469,5,4,0.0,0.5555555555555556,2477
Jimmy Robertson,John Astley,9,1386,1266,0.6778907155437834,0.574442516811659,431,235,2902,1511,166,78,1029,479,138,73,740,403,78,34,310,145,5,2,0.0,0.7142857142857143,2477
Joe Perry,Ryan Day,9,1421,1410,0.5169136156946217,0.5068745667645342,984,584,7078,3828,847,513,5925,3268,142,79,1085,614,163,86,1059,596,5,0,0.0,1.0,2477
Anthony McGill,Stephen Maguire,9,1436,1471,0.4463382005151679,0.47813894602839846,421,258,2757,1527,879,581,6412,3646,140,73,921,516,152,87,992,552,5,4,0.0,0.5555555555555556,2477
Ding Junhui,Xiao Guodong,9,1458,1437,0.5322627512389814,0.5131219861822433,675,451,5122,2927,394,231,2629,1455,66,34,959,544,148,90,668,374,5,0,0.0,1.0,2477
John Higgins,Matthew Selt,9,1580,1395,0.7612074518356959,0.6136070778047783,1347,953,10766,6374,515,283,3527,1850,214,139,1322,800,95,46,948,512,5,4,0.0,0.5555555555555556,2477
Li Hang,Ricky Walden,9,1351,1371,0.46927029269061465,0.4875026035157896,224,113,1602,829,772,470,5459,3021,118,66,600,320,147,80,1010,546,5,3,0.0,0.625,2477
David Gilbert,Martin Gould,9,1408,1468,0.40857228932346973,0.46257015465625045,521,295,3797,2035,617,376,4164,2287,115,64,947,529,164,92,833,472,5,2,0.0,0.7142857142857143,2477
Peter Ebdon,Marco Fu,9,1320,1428,0.33878882462154697,0.4329070950345457,1036,592,8143,4369,828,492,6127,3343,93,47,798,425,100,56,1037,587,5,3,0.0,0.625,2477
Luca Brecel,Daniel Wells,9,1476,1285,0.7682267848118195,0.6171573626529722,287,162,1960,1047,317,154,2122,1049,137,82,829,471,72,34,495,247,5,4,0.0,0.5555555555555556,2477
Mark Allen,Allan Taylor,9,1534,1130,0.9366283818121344,0.7330201492388575,682,442,4709,2654,261,120,1552,755,207,122,991,572,61,22,357,137,5,2,0.0,0.7142857142857143,2477
Kyren Wilson,Thepchaiya Un-Nooh,9,1439,1339,0.6499012213921682,0.5621765008857981,383,235,2467,1361,279,159,2009,1064,143,80,980,555,93,47,780,416,5,3,0.0,0.625,2477
Mark Williams,Jimmy Robertson,9,1586,1386,0.7785260616735107,0.6224593312018546,1309,859,9903,5681,431,235,2902,1511,182,120,1281,761,138,73,740,403,5,1,0.0,0.8333333333333334,2477
Anthony McGill,Lee Walker,9,1436,1238,0.7762613643327039,0.6212835951910678,421,258,2757,1527,430,235,3337,1717,140,73,921,516,65,26,460,213,5,0,0.0,1.0,2477
Ding Junhui,Joe Perry,9,1458,1421,0.5567069849132181,0.523108525489089,675,451,5122,2927,984,584,7078,3828,66,34,959,544,142,79,1085,614,5,1,0.0,0.8333333333333334,2477
Li Hang,Peter Ebdon,9,1351,1320,0.5475616243336275,0.519365308229932,224,113,1602,829,1036,592,8143,4369,118,66,600,320,93,47,798,425,5,3,0.0,0.625,2477
David Gilbert,John Higgins,9,1408,1580,0.2544125299696614,0.3941263315682394,521,295,3797,2035,1347,953,10766,6374,115,64,947,529,214,139,1322,800,5,2,0.0,0.7142857142857143,2477
Luca Brecel,Cao Yupeng,9,1476,1374,0.6527423440531748,0.5634067862621936,287,162,1960,1047,225,114,1625,821,137,82,829,471,175,99,495,245,5,4,0.0,0.5555555555555556,2477
Mark Allen,Neil Robertson,9,1534,1532,0.5030761398318634,0.5012499973958399,682,442,4709,2654,839,551,6151,3515,207,122,991,572,193,120,988,601,5,4,0.0,0.5555555555555556,2477
Kyren Wilson,Mark Williams,9,1439,1586,0.2859675275580694,0.4091452475454058,383,235,2467,1361,1309,859,9903,5681,143,80,980,555,182,120,1281,761,5,1,0.0,0.8333333333333334,2477
Ding Junhui,Li Hang,9,1458,1351,0.659805489406344,0.5664790559676278,675,451,5122,2927,224,113,1602,829,66,34,959,544,118,66,600,320,5,3,0.0,0.625,2477
Luca Brecel,Anthony McGill,9,1476,1436,0.5612681117807465,0.52497918747894,287,162,1960,1047,421,258,2757,1527,137,82,829,471,140,73,921,516,5,4,0.0,0.5555555555555556,2477
Mark Allen,David Gilbert,9,1534,1408,0.6860941115953165,0.5781052328843092,682,442,4709,2654,521,295,3797,2035,207,122,991,572,115,64,947,529,5,1,0.0,0.8333333333333334,2477
Kyren Wilson,Mark Allen,11,1439,1534,0.3436843223141096,0.440902528097607,383,235,2467,1361,682,442,4709,2654,143,80,980,555,207,122,991,572,6,5,0.0,0.5454545454545454,2477
Ding Junhui,Luca Brecel,11,1458,1476,0.4695767035799719,0.4887518980531451,675,451,5122,2927,287,162,1960,1047,66,34,959,544,137,82,829,471,6,4,0.0,0.6,2477
Ding Junhui,Kyren Wilson,19,1458,1439,0.5417682565323138,0.5118727677562528,675,451,5122,2927,383,235,2467,1361,66,34,959,544,143,80,980,555,10,3,0.0,0.7692307692307693,2477
Niu Zhuang,Lee Walker,7,1073,1276,0.24442824800689816,0.3757797665027358,38,13,229,90,434,238,3362,1732,78,30,128,52,90,41,485,228,4,1,0.0,0.8,2478
Cao Yupeng,Mark Joyce,7,1415,1363,0.5706954446194282,0.5324543063873187,229,117,1653,840,427,226,3093,1575,203,118,523,264,157,80,629,329,4,2,0.0,0.6666666666666666,2478
Zhou Yuelong,Kurt Dunham,7,1392,946,0.9322328500610259,0.7530600904213377,140,77,943,496,22,3,128,34,105,58,649,348,54,14,128,34,4,0,0.0,1.0,2478
Wang Yuchen,Chris Wakelin,7,1108,1295,0.26171499503028667,0.3852081305077805,50,14,324,128,150,77,1008,506,71,30,208,84,116,59,580,289,4,3,0.0,0.5714285714285714,2478
Zhao Xintong,Li Yuan,7,1335,1169,0.7146198510727906,0.6022861768886306,112,59,756,404,42,22,240,117,95,46,443,236,101,49,135,68,4,0,0.0,1.0,2478
Ben Woollaston,Sam Craigie,7,1391,1305,0.6157933128709394,0.5535439031511183,540,310,3488,1861,134,69,813,423,137,74,919,483,94,44,369,197,4,2,0.0,0.6666666666666666,2478
Gary Wilson,Lukas Kleckers,7,1346,1083,0.8142437917894374,0.6586985747356444,365,211,2343,1273,49,18,298,130,104,53,583,304,52,14,239,102,4,1,0.0,0.8,2478
Daniel Wells,Billy Joe Castle,7,1311,1110,0.7534472409879828,0.6230466603666162,320,156,2147,1063,29,14,172,84,97,48,520,261,88,37,129,60,4,1,0.0,0.8,2478
Ricky Walden,Jimmy White,7,1379,1200,0.7293972619311108,0.610044672404527,775,472,5480,3034,1404,784,12039,6327,168,93,1031,559,71,27,354,153,4,2,0.0,0.6666666666666666,2478
Soheil Vahedi,Martin Gould,7,1066,1472,0.08627556495015264,0.26600248347843036,15,4,107,45,620,378,4183,2299,72,32,107,45,183,104,852,484,4,1,0.0,0.8,2478
Hossein Vafaei,Sanderson Lam,7,1289,1126,0.7111524094404451,0.6004882745269664,71,38,547,270,118,46,714,316,134,66,369,178,62,22,338,140,4,3,0.0,0.5714285714285714,2478
Alexander Ursenbacher,Jamie Jones,7,1220,1324,0.3609473704892455,0.4353637081969708,87,37,525,238,463,277,3061,1659,95,43,268,136,97,47,661,351,4,1,0.0,0.8,2478
Akani Songsermsawad,Scott Donaldson,7,1350,1256,0.6261916833783177,0.5584811124381613,57,28,429,220,195,95,1300,630,136,73,390,203,78,33,471,214,4,2,0.0,0.6666666666666666,2478
Elliot Slessor,Matthew Stevens,7,1268,1314,0.43738543058720863,0.4712816430485603,138,62,839,391,905,529,7011,3817,117,59,421,205,75,31,618,321,4,2,0.0,0.6666666666666666,2478
Xu Si,Michael Georgiou,7,1071,1292,0.22578679083118888,0.3652845846208415,28,10,188,74,189,88,1154,565,74,27,144,59,87,40,518,251,4,2,0.0,0.6666666666666666,2478
Matthew Selt,Chen Zhe,7,1414,1212,0.7545108097932872,0.623633628298226,518,285,3550,1864,189,92,1160,568,118,60,971,526,74,27,239,107,4,3,0.0,0.5714285714285714,2478
Jimmy Robertson,Jak Jones,7,1393,1157,0.7890748963496146,0.6433651456944017,435,238,2930,1527,152,60,984,432,166,89,768,419,73,26,232,96,4,2,0.0,0.6666666666666666,2478
Ian Preece,Oliver Lines,7,1224,1258,0.45362731252530075,0.4787627850337259,202,111,1467,757,170,88,1070,546,82,35,202,98,103,49,543,263,4,0,0.0,1.0,2478
Tian Pengfei,Eden Sharav,7,1331,1184,0.692311529960642,0.5908547524545943,346,194,2298,1227,116,56,702,333,109,57,575,305,82,33,379,158,4,2,0.0,0.6666666666666666,2478
Jackson Page,Thepchaiya Un-Nooh,7,982,1359,0.10205065869766758,0.2803956309515509,6,0,36,7,283,162,2037,1082,36,7,36,7,121,65,808,434,4,0,0.0,1.0,2478
Sean O'Sullivan,Xiao Guodong,7,1144,1426,0.1692820411623352,0.33070459722255396,175,72,1098,504,397,233,2648,1465,48,10,413,188,167,100,687,384,4,3,0.0,0.5714285714285714,2478
Martin O'Donnell,Peter Ebdon,7,1308,1332,0.4672268289773793,0.4850044983805899,272,130,1690,844,1040,595,8175,4387,89,43,455,229,125,65,830,443,4,2,0.0,0.6666666666666666,2478
Fergal O'Brien,Craig Steadman,7,1270,1231,0.5531518743848329,0.5243557087682073,842,479,6341,3343,405,219,2682,1406,70,27,735,378,73,29,495,232,4,0,0.0,1.0,2478
Shaun Murphy,Pan Durangaiah,7,1492,1000,0.9493571939713684,0.7738185742694538,956,629,7070,4043,0,0,0,0,205,118,1151,686,0,0,0,0,4,2,0.0,0.6666666666666666,2478
Robert Milkins,Yuan Sijun,7,1402,1187,0.7680961089120268,0.6312306626164005,806,487,5886,3203,48,17,321,136,169,95,964,513,85,36,250,117,4,2,0.0,0.6666666666666666,2478
Alan McManus,Malkeet Singh,7,1381,1000,0.9002495498742646,0.7216176701846587,903,537,7572,4020,0,0,0,0,108,54,730,392,0,0,0,0,4,0,0.0,1.0,2478
Rory McLeod,Ross Muir,7,1263,1242,0.5286845829371267,0.5131219861822433,542,295,4022,2089,130,48,878,393,94,43,555,270,87,39,463,208,4,2,0.0,0.6666666666666666,2478
Anthony McGill,Aditya Mehta,7,1458,1249,0.7618819203066071,0.6277321638605189,426,262,2796,1551,268,131,1834,904,179,97,960,540,91,42,376,172,4,0,0.0,1.0,2478
Stephen Maguire,Hu Hao,7,1473,1121,0.8826364364142812,0.7068222210935676,882,583,6434,3660,28,13,163,82,174,101,1014,566,17,8,53,25,4,0,0.0,1.0,2478
Kurt Maflin,James Wattana,7,1351,1180,0.7203516579445735,0.6052765337748445,494,285,3322,1793,792,432,6675,3503,119,62,684,360,75,30,385,159,4,2,0.0,0.6666666666666666,2478
Jack Lisowski,Joe Swail,7,1432,1253,0.7293972619311108,0.610044672404527,376,224,2464,1338,812,435,6340,3296,187,105,664,351,73,31,546,265,4,1,0.0,0.8,2478
Rod Lawler,Robbie Williams,7,1227,1326,0.36735805091226303,0.4384389296638045,789,427,6003,3109,330,179,2146,1096,52,14,558,259,107,49,593,297,4,2,0.0,0.6666666666666666,2478
Mark King,Nigel Bond,7,1389,1208,0.7316341543771714,0.6112334666758695,887,497,6524,3432,831,455,6594,3459,144,77,871,484,52,14,415,178,4,2,0.0,0.6666666666666666,2478
Boonyarit Keattikun,Kyren Wilson,7,1092,1460,0.10737569595720184,0.28495789429901025,36,8,266,105,389,240,2519,1390,43,9,218,81,195,109,1032,584,4,2,0.0,0.6666666666666666,2478
Duane Jones,Mei Xiwen,7,1195,1312,0.34447706088090824,0.42739193613673987,141,73,828,434,78,40,511,258,61,19,321,138,97,49,255,137,4,2,0.0,0.6666666666666666,2478
Ashley Hugill,Mitchell Mann,7,1177,1238,0.41724321907824724,0.4619487156141408,86,41,488,234,216,100,1372,660,84,35,415,205,89,40,479,212,4,1,0.0,0.8,2478
Michael Holt,Peter Lines,7,1347,1296,0.5693507188778237,0.5318318894162242,775,451,5633,2999,748,404,5434,2820,111,58,1042,554,101,49,542,268,4,2,0.0,0.6666666666666666,2478
Liam Highfield,Matthew Bolton,7,1352,958,0.9074479165872151,0.7280991982662492,317,170,2168,1139,9,0,49,6,108,51,536,274,44,6,44,6,4,0,0.0,1.0,2478
Andrew Higginson,Asutosh Padhy,7,1336,1000,0.8719653706122326,0.6984652160025387,678,404,4785,2624,0,0,0,0,82,40,619,328,0,0,0,0,4,0,0.0,1.0,2478
John Higgins,David John,7,1572,1108,0.939430323486017,0.7613327148429104,1351,956,10794,6391,83,39,544,262,242,156,1350,817,9,0,147,62,4,1,0.0,0.8,2478
Li Hang,Sri Krishna,7,1380,1000,0.8996783008876897,0.7211151780228631,229,117,1643,852,0,0,0,0,159,89,641,343,0,0,0,0,4,1,0.0,0.8,2478
Anthony Hamilton,Alex Borg,7,1322,1112,0.7629243149475251,0.6283161882953663,798,462,6171,3297,356,152,2550,1163,65,25,535,265,57,16,285,124,4,3,0.0,0.5714285714285714,2478
David Gilbert,Allan Taylor,7,1436,1164,0.8221753102072331,0.6637386974043528,526,299,3832,2056,264,122,1574,767,150,85,982,550,83,34,379,149,4,2,0.0,0.6666666666666666,2478
Tom Ford,Chris Totten,7,1377,1006,0.8944224841553805,0.7165678145577145,559,320,3978,2122,20,5,114,40,119,65,715,389,63,19,103,37,4,0,0.0,1.0,2478
Mike Dunn,Jamie Clarke,7,1254,1258,0.4945314322857424,0.49750002083312506,677,360,4977,2562,132,68,788,414,91,44,616,315,19,8,322,167,4,0,0.0,1.0,2478
Adam Duffy,Noppon Saengkham,7,1282,1285,0.4958985144028909,0.498125008789013,316,162,2006,1029,177,77,1267,590,72,26,600,314,108,55,566,264,4,2,0.0,0.6666666666666666,2478
Graeme Dott,Fang Xiongman,7,1360,1166,0.7459292301495708,0.6189278548001903,811,474,6218,3326,58,26,336,155,124,63,822,438,78,32,224,101,4,3,0.0,0.5714285714285714,2478
Ken Doherty,Ali Carter,7,1284,1517,0.21384775010020607,0.3583575467984366,1093,665,8949,4911,862,522,6089,3365,79,38,543,261,112,65,945,539,4,2,0.0,0.6666666666666666,2478
Yu Delu,Ian Burns,7,1310,1259,0.5693507188778237,0.5318318894162242,251,127,1751,885,298,154,1880,959,111,59,511,248,67,25,482,223,4,2,0.0,0.6666666666666666,2478
Mark Davis,Laxman Rawat,7,1410,1029,0.9002495498742646,0.7216176701846587,1025,617,7264,3972,6,2,43,19,92,48,1037,584,0,0,0,0,4,0,0.0,1.0,2478
Dominic Dale,Zhang Yong,7,1365,1136,0.7822166026963269,0.6393398367530659,886,509,6336,3383,69,26,433,176,93,49,870,464,97,40,340,138,4,2,0.0,0.6666666666666666,2478
Alfie Burden,Jamie Barrett,7,1287,1059,0.7812257884147848,0.6387631751488418,636,342,4617,2375,64,26,375,166,86,37,528,257,57,15,206,82,4,2,0.0,0.6666666666666666,2478
Luca Brecel,Christopher Keogan,7,1472,1171,0.8461660899282688,0.6797231924722057,293,167,2012,1076,127,51,710,329,189,111,881,500,56,18,316,152,4,0,0.0,1.0,2478
Josh Boileau,David Grace,7,1034,1230,0.25190978869692043,0.3798935676569099,70,30,389,175,292,132,1932,926,50,12,228,91,77,30,504,238,4,3,0.0,0.5714285714285714,2478
Yan Bingtao,Rhys Clark,7,1504,1180,0.86350380276547,0.6921095043017882,91,56,616,349,105,46,644,293,190,119,478,273,50,15,368,156,4,2,0.0,0.6666666666666666,2478
Stuart Bingham,Chen Zifan,7,1564,1100,0.939430323486017,0.7613327148429104,1007,641,7359,4200,49,22,291,128,105,69,1309,763,79,30,167,69,4,1,0.0,0.8,2478
Sam Baird,Lucky Vatnani,7,1270,1000,0.8204326451879429,0.6626218371700825,304,158,2116,1087,70,26,396,168,69,28,584,294,0,0,35,19,4,2,0.0,0.6666666666666666,2478
John Astley,Paul Davison,7,1273,1144,0.6704536022204194,0.5799334001885058,169,80,1051,491,637,331,4494,2278,100,46,332,157,55,17,403,170,4,0,0.0,1.0,2478
Zhang Anda,Lyu Haotian,7,1340,1298,0.557211603425229,0.5262259093720687,278,138,1945,973,98,43,681,318,85,39,611,309,135,75,254,134,4,0,0.0,1.0,2478
Mark Allen,Thor Chuan Leong,7,1554,1148,0.9137244350498475,0.7339975165215696,688,447,4754,2684,65,19,430,170,252,152,1036,602,73,29,402,167,4,3,0.0,0.5714285714285714,2478
Gary Wilson,Luca Brecel,7,1346,1472,0.33325327584718467,0.4218947671156908,365,211,2343,1273,293,167,2012,1076,104,53,583,304,189,111,881,500,4,1,0.0,0.8,2478
Ricky Walden,Alfie Burden,7,1379,1287,0.6236008848905433,0.5572478545985555,775,472,5480,3034,636,342,4617,2375,168,93,1031,559,86,37,528,257,4,3,0.0,0.5714285714285714,2478
Hossein Vafaei,Anthony Hamilton,7,1289,1322,0.45498494612477275,0.47938669028555136,71,38,547,270,798,462,6171,3297,134,66,369,178,65,25,535,265,4,1,0.0,0.8,2478
Alexander Ursenbacher,Andrew Higginson,7,1220,1336,0.34573343118721134,0.42800386706848137,87,37,525,238,678,404,4785,2624,95,43,268,136,82,40,619,328,4,1,0.0,0.8,2478
Akani Songsermsawad,Stephen Maguire,7,1350,1473,0.3369775660777682,0.42372507750673466,57,28,429,220,882,583,6434,3660,136,73,390,203,174,101,1014,566,4,3,0.0,0.5714285714285714,2478
Elliot Slessor,Alan McManus,7,1268,1381,0.3495133530299832,0.42984097461816473,138,62,839,391,903,537,7572,4020,117,59,421,205,108,54,730,392,4,3,0.0,0.5714285714285714,2478
Xu Si,Robin Hull,7,1071,1326,0.19299940476105965,0.3458118862387571,28,10,188,74,505,302,3836,2102,74,27,144,59,77,33,480,247,4,0,0.0,1.0,2478
Matthew Selt,Cao Yupeng,7,1414,1415,0.4986328153483015,0.4993750003255206,518,285,3550,1864,229,117,1653,840,118,60,971,526,203,118,523,264,4,0,0.0,1.0,2478
Joe Perry,Daniel Wells,7,1430,1311,0.6580301976734948,0.5738312575916094,988,587,7105,3844,320,156,2147,1063,169,95,1112,630,97,48,520,261,4,1,0.0,0.8,2478
Tian Pengfei,Tom Ford,7,1331,1377,0.43738543058720863,0.4712816430485603,346,194,2298,1227,559,320,3978,2122,109,57,575,305,119,65,715,389,4,3,0.0,0.5714285714285714,2478
Sean O'Sullivan,Josh Boileau,7,1144,1034,0.6466907800352545,0.5683199834782481,175,72,1098,504,70,30,389,175,48,10,413,188,50,12,228,91,4,3,0.0,0.5714285714285714,2478
Martin O'Donnell,Mike Dunn,7,1308,1254,0.573382262278332,0.5336988354329009,272,130,1690,844,677,360,4977,2562,89,43,455,229,91,44,616,315,4,3,0.0,0.5714285714285714,2478
Fergal O'Brien,Jimmy Robertson,7,1270,1393,0.3369775660777682,0.42372507750673466,842,479,6341,3343,435,238,2930,1527,70,27,735,378,166,89,768,419,4,3,0.0,0.5714285714285714,2478
Shaun Murphy,Hammad Miah,7,1492,1203,0.8365285845595485,0.6731572963701318,956,629,7070,4043,116,44,760,332,205,118,1151,686,75,31,458,214,4,0,0.0,1.0,2478
Rory McLeod,Jackson Page,7,1263,982,0.829876495909729,0.668741821102192,542,295,4022,2089,6,0,36,7,94,43,555,270,36,7,36,7,4,3,0.0,0.5714285714285714,2478
Anthony McGill,Ashley Hugill,7,1458,1177,0.829876495909729,0.668741821102192,426,262,2796,1551,86,41,488,234,179,97,960,540,84,35,415,205,4,1,0.0,0.8,2478
Kurt Maflin,Zhou Yuelong,7,1351,1392,0.44414095234189266,0.47439741167538224,494,285,3322,1793,140,77,943,496,119,62,684,360,105,58,649,348,4,2,0.0,0.6666666666666666,2478
Michael Holt,Ian Preece,7,1347,1224,0.6630224339222315,0.5762749224932653,775,451,5633,2999,202,111,1467,757,111,58,1042,554,82,35,202,98,4,2,0.0,0.6666666666666666,2478
Liam Highfield,Boonyarit Keattikun,7,1352,1092,0.8115488427624657,0.6570104626734988,317,170,2168,1139,36,8,266,105,108,51,536,274,43,9,218,81,4,1,0.0,0.8,2478
John Higgins,Zhao Xintong,7,1572,1335,0.7900435532881105,0.643938555965633,1351,956,10794,6391,112,59,756,404,242,156,1350,817,95,46,443,236,4,3,0.0,0.5714285714285714,2478
Gerard Greene,Li Hang,7,1239,1380,0.3148993834727192,0.4127763091606651,682,368,5091,2657,229,117,1643,852,99,43,427,208,159,89,641,343,4,1,0.0,0.8,2478
David Gilbert,Wang Yuchen,7,1436,1108,0.8663684234920509,0.6942363401080305,526,299,3832,2056,50,14,324,128,150,85,982,550,71,30,208,84,4,0,0.0,1.0,2478
Graeme Dott,Jack Lisowski,7,1360,1432,0.40261453047341306,0.45512110762641994,811,474,6218,3326,376,224,2464,1338,124,63,822,438,187,105,664,351,4,1,0.0,0.8,2478
Ken Doherty,John Astley,7,1284,1273,0.5150352723345792,0.5068745667645342,1093,665,8949,4911,169,80,1051,491,79,38,543,261,100,46,332,157,4,3,0.0,0.5714285714285714,2478
Yu Delu,Robert Milkins,7,1310,1402,0.37639911510945645,0.44275214540144436,251,127,1751,885,806,487,5886,3203,111,59,511,248,169,95,964,513,4,3,0.0,0.5714285714285714,2478
Dominic Dale,Rod Lawler,7,1365,1227,0.6814665603465866,0.585404569129465,886,509,6336,3383,789,427,6003,3109,93,49,870,464,52,14,558,259,4,1,0.0,0.8,2478
Stuart Bingham,Duane Jones,7,1564,1195,0.8932262852912048,0.7155512239631054,1007,641,7359,4200,141,73,828,434,105,69,1309,763,61,19,321,138,4,1,0.0,0.8,2478
Sam Baird,Mark Davis,7,1270,1410,0.31610864255174254,0.41338242108267,304,158,2116,1087,1025,617,7264,3972,69,28,584,294,92,48,1037,584,4,2,0.0,0.6666666666666666,2478
Zhang Anda,Soheil Vahedi,7,1340,1066,0.8239065989069515,0.6648537304059736,278,138,1945,973,15,4,107,45,85,39,611,309,72,32,107,45,4,3,0.0,0.5714285714285714,2478
Mark Allen,Niu Zhuang,7,1554,1073,0.9456340174927519,0.7689692210129387,688,447,4754,2684,38,13,229,90,252,152,1036,602,78,30,128,52,4,0,0.0,1.0,2478
Ricky Walden,Ben Woollaston,7,1379,1391,0.4835986704357121,0.4925005624493796,775,472,5480,3034,540,310,3488,1861,168,93,1031,559,137,74,919,483,4,2,0.0,0.6666666666666666,2478
Hossein Vafaei,Gerard Greene,7,1289,1239,0.5680051367615364,0.5312093733737563,71,38,547,270,682,368,5091,2657,134,66,369,178,99,43,427,208,4,2,0.0,0.6666666666666666,2478
Akani Songsermsawad,Dominic Dale,7,1350,1365,0.47950179614537025,0.4906260984783392,57,28,429,220,886,509,6336,3383,136,73,390,203,93,49,870,464,4,0,0.0,1.0,2478
Elliot Slessor,Joe Perry,7,1268,1430,0.29000807657290884,0.40011163113600173,138,62,839,391,988,587,7105,3844,117,59,421,205,169,95,1112,630,4,3,0.0,0.5714285714285714,2478
Xu Si,Sean O'Sullivan,7,1071,1144,0.40129146875494726,0.45450121278721795,28,10,188,74,175,72,1098,504,74,27,144,59,48,10,413,188,4,3,0.0,0.5714285714285714,2478
Shaun Murphy,Fergal O'Brien,7,1492,1270,0.7752232149046754,0.6352948493228071,956,629,7070,4043,842,479,6341,3343,205,118,1151,686,70,27,735,378,4,1,0.0,0.8,2478
Anthony McGill,Rory McLeod,7,1458,1263,0.7470110120975012,0.6195173196470847,426,262,2796,1551,542,295,4022,2089,179,97,960,540,94,43,555,270,4,1,0.0,0.8,2478
Mark King,Graeme Dott,7,1389,1360,0.5395790886298393,0.5181170650431814,887,497,6524,3432,811,474,6218,3326,144,77,871,484,124,63,822,438,4,1,0.0,0.8,2478
Michael Holt,Gary Wilson,7,1347,1346,0.5013671846516985,0.5006249996744794,775,451,5633,2999,365,211,2343,1273,111,58,1042,554,104,53,583,304,4,2,0.0,0.6666666666666666,2478
Liam Highfield,Yu Delu,7,1352,1310,0.557211603425229,0.5262259093720687,317,170,2168,1139,251,127,1751,885,108,51,536,274,111,59,511,248,4,3,0.0,0.5714285714285714,2478
John Higgins,Martin O'Donnell,7,1572,1308,0.8151364341594428,0.6592603884513855,1351,956,10794,6391,272,130,1690,844,242,156,1350,817,89,43,455,229,4,2,0.0,0.6666666666666666,2478
David Gilbert,Kurt Maflin,7,1436,1351,0.6144870727228646,0.5529259881329059,526,299,3832,2056,494,285,3322,1793,150,85,982,550,119,62,684,360,4,3,0.0,0.5714285714285714,2478
Ken Doherty,Sam Baird,7,1284,1270,0.5191328123553783,0.5087491068802403,1093,665,8949,4911,304,158,2116,1087,79,38,543,261,69,28,584,294,4,3,0.0,0.5714285714285714,2478
Stuart Bingham,Matthew Selt,7,1564,1414,0.6958878075458884,0.5926665999540697,1007,641,7359,4200,518,285,3550,1864,105,69,1309,763,118,60,971,526,4,1,0.0,0.8,2478
Zhang Anda,Tian Pengfei,7,1340,1331,0.5123026114255715,0.5056247627073255,278,138,1945,973,346,194,2298,1227,85,39,611,309,109,57,575,305,4,2,0.0,0.6666666666666666,2478
Mark Allen,Alexander Ursenbacher,7,1554,1220,0.8705826043505938,0.6974111143958823,688,447,4754,2684,87,37,525,238,252,152,1036,602,95,43,268,136,4,2,0.0,0.6666666666666666,2478
Elliot Slessor,Shaun Murphy,7,1268,1492,0.22276496570381588,0.36354745971843366,138,62,839,391,956,629,7070,4043,117,59,421,205,205,118,1151,686,4,1,0.0,0.8,2478
Xu Si,Ricky Walden,7,1071,1379,0.1484000824031716,0.31647910626368436,28,10,188,74,775,472,5480,3034,74,27,144,59,168,93,1031,559,4,3,0.0,0.5714285714285714,2478
Anthony McGill,Hossein Vafaei,7,1458,1289,0.7180660778287002,0.6040813228693781,426,262,2796,1551,71,38,547,270,179,97,960,540,134,66,369,178,4,1,0.0,0.8,2478
Mark King,Stuart Bingham,7,1389,1564,0.2751060630015586,0.39233683016710835,887,497,6524,3432,1007,641,7359,4200,144,77,871,484,105,69,1309,763,4,3,0.0,0.5714285714285714,2478
Liam Highfield,Akani Songsermsawad,7,1352,1350,0.5027343522137269,0.5012499973958399,317,170,2168,1139,57,28,429,220,108,51,536,274,136,73,390,203,4,2,0.0,0.6666666666666666,2478
John Higgins,Michael Holt,7,1572,1347,0.7782368395177592,0.6370307944803831,1351,956,10794,6391,775,451,5633,2999,242,156,1350,817,111,58,1042,554,4,1,0.0,0.8,2478
David Gilbert,Mark Allen,7,1436,1554,0.34322251370053336,0.42678022732016513,526,299,3832,2056,688,447,4754,2684,150,85,982,550,252,152,1036,602,4,1,0.0,0.8,2478
Zhang Anda,Ken Doherty,7,1340,1284,0.5760654606907909,0.5349429451582145,278,138,1945,973,1093,665,8949,4911,85,39,611,309,79,38,543,261,4,3,0.0,0.5714285714285714,2478
Xu Si,David Gilbert,7,1071,1436,0.10919722723358294,0.28648853245736305,28,10,188,74,526,299,3832,2056,74,27,144,59,150,85,982,550,4,0,0.0,1.0,2478
Anthony McGill,Zhang Anda,7,1458,1340,0.6567774862994666,0.5732197726798348,426,262,2796,1551,278,138,1945,973,179,97,960,540,85,39,611,309,4,0,0.0,1.0,2478
Mark King,Elliot Slessor,7,1389,1268,0.660530062626431,0.5750535485557879,887,497,6524,3432,138,62,839,391,144,77,871,484,117,59,421,205,4,2,0.0,0.6666666666666666,2478
John Higgins,Liam Highfield,7,1572,1352,0.7732004785001367,0.6341355910108007,1351,956,10794,6391,317,170,2168,1139,242,156,1350,817,108,51,536,274,4,0,0.0,1.0,2478
Anthony McGill,Mark King,7,1458,1389,0.5934092174000843,0.5430183807243099,426,262,2796,1551,887,497,6524,3432,179,97,960,540,144,77,871,484,4,3,0.0,0.5714285714285714,2478
John Higgins,Xu Si,7,1572,1071,0.9522411307244258,0.7777323231128432,1351,956,10794,6391,28,10,188,74,242,156,1350,817,74,27,144,59,4,2,0.0,0.6666666666666666,2478
John Higgins,Anthony McGill,9,1572,1458,0.6695952090283444,0.5707716118944918,1351,956,10794,6391,426,262,2796,1551,242,156,1350,817,179,97,960,540,5,1,0.0,0.8333333333333334,2478
Noppon Saengkham,Lyu Haotian,9,1277,1283,0.49077234947048,0.496250070310918,178,77,1273,592,99,43,685,318,114,57,572,266,139,75,258,134,5,1,0.0,0.8333333333333334,2617
Noppon Saengkham,Tom Ford,9,1277,1380,0.3458404578857395,0.43597836257374245,178,77,1273,592,561,321,3989,2129,114,57,572,266,130,72,726,396,5,4,0.0,0.5555555555555556,2617
Noppon Saengkham,Ding Junhui,9,1277,1540,0.1573789541206118,0.3413014252643556,178,77,1273,592,682,458,5178,2968,114,57,572,266,122,75,1015,585,5,1,0.0,0.8333333333333334,2617
Ding Junhui,Tom Ford,9,1540,1380,0.7306833019461992,0.598687660112452,682,458,5178,2968,561,321,3989,2129,122,75,1015,585,130,72,726,396,5,2,0.0,0.7142857142857143,2617
Ding Junhui,Lyu Haotian,9,1540,1283,0.837129451391999,0.655318370173895,682,458,5178,2968,99,43,685,318,122,75,1015,585,139,75,258,134,5,3,0.0,0.625,2617
Tom Ford,Lyu Haotian,9,1380,1283,0.6456229970128096,0.5603296426885532,561,321,3989,2129,99,43,685,318,130,72,726,396,139,75,258,134,5,2,0.0,0.7142857142857143,2617
Passakorn Suwannawat,Ryan Day,9,1069,1406,0.10004907346170727,0.30100851649095206,99,31,699,300,850,515,5944,3278,0,0,0,0,182,96,1078,606,5,2,0.0,0.7142857142857143,2617
Muhammad Sajjad,Passakorn Suwannawat,9,1150,1069,0.6224907473842691,0.5504527113395278,27,12,202,96,99,31,699,300,0,0,59,30,0,0,0,0,5,1,0.0,0.8333333333333334,2617
Anthony McGill,Muhammad Sajjad,9,1490,1150,0.9018847190305681,0.7005671424739729,433,268,2832,1576,27,12,202,96,215,122,996,565,0,0,59,30,5,1,0.0,0.8333333333333334,2617
Anthony McGill,Ryan Day,9,1490,1406,0.6268664452075894,0.5523079095743253,433,268,2832,1576,850,515,5944,3278,215,122,996,565,182,96,1078,606,5,4,0.0,0.5555555555555556,2617
Anthony McGill,Passakorn Suwannawat,9,1490,1069,0.9439418910041667,0.7412546787548828,433,268,2832,1576,99,31,699,300,215,122,996,565,0,0,0,0,5,4,0.0,0.5555555555555556,2617
Ryan Day,Muhammad Sajjad,9,1406,1150,0.8362016064954723,0.6547534606063192,850,515,5944,3278,27,12,202,96,182,96,1078,606,0,0,59,30,5,0,0.0,1.0,2617
Kyren Wilson,Ricky Walden,9,1442,1378,0.5973981597131834,0.5399148845555657,390,240,2525,1392,779,475,5506,3049,201,111,1038,586,194,108,1057,574,5,3,0.0,0.625,2617
Kyren Wilson,Kristjan Helgason,9,1442,1284,0.7281552136873749,0.5974857658270161,390,240,2525,1392,147,88,1247,691,201,111,1038,586,0,0,44,22,5,3,0.0,0.625,2617
Ricky Walden,Thepchaiya Un-Nooh,9,1378,1336,0.5643041587484351,0.5262259093720687,779,475,5506,3049,284,162,2041,1082,194,108,1057,574,125,65,812,434,5,2,0.0,0.7142857142857143,2617
Thepchaiya Un-Nooh,Kristjan Helgason,9,1336,1284,0.5794210585254325,0.5324543063873187,284,162,2041,1082,147,88,1247,691,125,65,812,434,0,0,44,22,5,2,0.0,0.7142857142857143,2617
Thepchaiya Un-Nooh,Kyren Wilson,9,1336,1442,0.3416025347215279,0.4341349971045183,284,162,2041,1082,390,240,2525,1392,125,65,812,434,201,111,1038,586,5,3,0.0,0.625,2617
Kristjan Helgason,Ricky Walden,9,1284,1378,0.35867462873861855,0.44151888756183866,147,88,1247,691,779,475,5506,3049,0,0,44,22,194,108,1057,574,5,1,0.0,0.8333333333333334,2617
Liang Wenbo,Michael Holt,9,1451,1359,0.6384497606491344,0.5572478545985555,560,342,3886,2154,779,454,5656,3012,153,87,1138,646,134,71,1065,567,5,0,0.0,1.0,2617
Liang Wenbo,Atthasit Mahitthi,9,1451,1172,0.8566349080562111,0.6676332571171155,560,342,3886,2154,119,56,955,462,153,87,1138,646,0,0,0,0,5,1,0.0,0.8333333333333334,2617
Atthasit Mahitthi,Mark Davis,9,1172,1407,0.18411426223135344,0.35720867575922377,119,56,955,462,1027,618,7274,3978,0,0,0,0,102,54,1047,590,5,3,0.0,0.625,2617
Michael Holt,Mark Davis,9,1359,1407,0.4266123046090862,0.4700359482354282,779,454,5656,3012,1027,618,7274,3978,134,71,1065,567,102,54,1047,590,5,2,0.0,0.7142857142857143,2617
Michael Holt,Atthasit Mahitthi,9,1359,1172,0.763560717707773,0.6147918694922195,779,454,5656,3012,119,56,955,462,134,71,1065,567,0,0,0,0,5,1,0.0,0.8333333333333334,2617
Mark Davis,Liang Wenbo,9,1407,1451,0.432663772804632,0.47252769565540637,1027,618,7274,3978,560,342,3886,2154,102,54,1047,590,153,87,1138,646,5,3,0.0,0.625,2617
Akani Songsermsawad,Kamal Chawla,9,1371,1053,0.8870202629331883,0.6889039179769546,61,31,452,234,11,5,77,36,159,87,413,217,0,0,6,2,5,2,0.0,0.7142857142857143,2617
Akani Songsermsawad,Stuart Bingham,9,1371,1568,0.2248761531753568,0.37930480863564453,61,31,452,234,1011,644,7381,4215,159,87,413,217,127,84,1331,778,5,1,0.0,0.8333333333333334,2617
Stephen Maguire,Kamal Chawla,9,1474,1053,0.9439418910041667,0.7412546787548828,884,584,6445,3667,11,5,77,36,185,108,1025,573,0,0,6,2,5,4,0.0,0.5555555555555556,2617
Stephen Maguire,Akani Songsermsawad,9,1474,1371,0.6541595421142608,0.5640216374262577,884,584,6445,3667,61,31,452,234,185,108,1025,573,159,87,413,217,5,1,0.0,0.8333333333333334,2617
Stuart Bingham,Stephen Maguire,9,1568,1474,0.6413253712613813,0.5584811124381613,1011,644,7381,4215,884,584,6445,3667,127,84,1331,778,185,108,1025,573,5,1,0.0,0.8333333333333334,2617
Stuart Bingham,Kamal Chawla,9,1568,1053,0.9728434672056773,0.7837237376544267,1011,644,7381,4215,11,5,77,36,127,84,1331,778,0,0,6,2,5,2,0.0,0.7142857142857143,2617
Mark Williams,Mark King,9,1611,1417,0.7716906952520353,0.6189278548001903,1314,863,9930,5702,892,501,6555,3451,209,141,1308,782,175,96,902,503,5,3,0.0,0.625,2617
Mark Williams,James Wattana,9,1611,1177,0.9490512415420613,0.7474390202201999,1314,863,9930,5702,793,432,6681,3505,209,141,1308,782,81,32,391,161,5,3,0.0,0.625,2617
Mark Williams,Soheil Vahedi,9,1611,1092,0.9737125101776558,0.7854139364810891,1314,863,9930,5702,17,5,119,52,209,141,1308,782,84,39,119,52,5,1,0.0,0.8333333333333334,2617
James Wattana,Soheil Vahedi,9,1177,1092,0.6283212305936767,0.5529259881329059,793,432,6681,3505,17,5,119,52,81,32,391,161,84,39,119,52,5,0,0.0,1.0,2617
Mark King,Soheil Vahedi,9,1417,1092,0.8919230025206442,0.6926419831347361,892,501,6555,3451,17,5,119,52,175,96,902,503,84,39,119,52,5,3,0.0,0.625,2617
Mark King,James Wattana,9,1417,1177,0.8208667164135127,0.6456563062257954,892,501,6555,3451,793,432,6681,3505,175,96,902,503,81,32,391,161,5,4,0.0,0.5555555555555556,2617
Martin Gould,Lee Chun Wai,9,1451,1002,0.954457563333175,0.7544521462725048,621,378,4188,2300,6,3,28,13,188,105,857,485,0,0,28,13,5,1,0.0,0.8333333333333334,2617
David Gilbert,Lee Chun Wai,9,1440,1002,0.9505429195853785,0.7493220844051797,531,303,3858,2072,6,3,28,13,176,101,1008,566,0,0,28,13,5,3,0.0,0.625,2617
David Gilbert,Martin Gould,9,1440,1451,0.483086384305378,0.4931254332354657,531,303,3858,2072,621,378,4188,2300,176,101,1008,566,188,105,857,485,5,4,0.0,0.5555555555555556,2617
Graeme Dott,Martin Gould,9,1360,1451,0.36299114537134225,0.44336904007774663,814,476,6235,3335,621,378,4188,2300,141,72,839,447,188,105,857,485,5,1,0.0,0.8333333333333334,2617
Graeme Dott,Lee Chun Wai,9,1360,1002,0.912888673167789,0.7099209183344533,814,476,6235,3335,6,3,28,13,141,72,839,447,0,0,28,13,5,0,0.0,1.0,2617
Graeme Dott,David Gilbert,9,1360,1440,0.37897153196993094,0.45016600268752216,814,476,6235,3335,531,303,3858,2072,141,72,839,447,176,101,1008,566,5,1,0.0,0.8333333333333334,2617
Ben Woollaston,Marco Fu,9,1388,1414,0.4600800462945756,0.48375571893792757,542,311,3500,1867,831,494,6151,3356,149,80,931,489,124,69,1061,600,5,3,0.0,0.625,2617
Ben Woollaston,Darren Morgan,9,1388,1259,0.690160189469792,0.5799334001885058,542,311,3500,1867,531,302,4579,2359,149,80,931,489,0,0,95,44,5,3,0.0,0.625,2617
Michael White,Ben Woollaston,9,1340,1388,0.4266123046090862,0.4700359482354282,433,248,2914,1546,542,311,3500,1867,137,69,959,501,149,80,931,489,5,2,0.0,0.7142857142857143,2617
Darren Morgan,Michael White,9,1259,1340,0.3775092526157308,0.4495472886604723,531,302,4579,2359,433,248,2914,1546,0,0,95,44,137,69,959,501,5,3,0.0,0.625,2617
Marco Fu,Michael White,9,1414,1340,0.6122172280083397,0.5461185410457796,831,494,6151,3356,433,248,2914,1546,124,69,1061,600,137,69,959,501,5,2,0.0,0.7142857142857143,2617
Marco Fu,Darren Morgan,9,1414,1259,0.7243399491478313,0.5956807306078472,831,494,6151,3356,531,302,4579,2359,124,69,1061,600,0,0,95,44,5,2,0.0,0.7142857142857143,2617
Mark Williams,Kyren Wilson,11,1611,1442,0.7624293073910925,0.6040813228693781,1314,863,9930,5702,390,240,2525,1392,209,141,1308,782,201,111,1038,586,6,3,0.0,0.6666666666666666,2617
Liang Wenbo,Ben Woollaston,11,1451,1388,0.6052827397248761,0.5392938058983595,560,342,3886,2154,542,311,3500,1867,153,87,1138,646,149,80,931,489,6,3,0.0,0.6666666666666666,2617
Thepchaiya Un-Nooh,Stuart Bingham,11,1336,1568,0.16421559503588654,0.35893259366518293,284,162,2041,1082,1011,644,7381,4215,125,65,812,434,127,84,1331,778,6,5,0.0,0.5454545454545454,2617
Anthony McGill,Mark King,11,1490,1417,0.6214836154614753,0.5454987872127821,433,268,2832,1576,892,501,6555,3451,215,122,996,565,175,96,902,503,6,5,0.0,0.5454545454545454,2617
Michael Holt,Akani Songsermsawad,11,1359,1371,0.479706397951126,0.4925005624493796,779,454,5656,3012,61,31,452,234,134,71,1065,567,159,87,413,217,6,2,0.0,0.75,2617
David Gilbert,Noppon Saengkham,11,1440,1277,0.7545747737356233,0.6004882745269664,531,303,3858,2072,178,77,1273,592,176,101,1008,566,114,57,572,266,6,5,0.0,0.5454545454545454,2617
Marco Fu,Ding Junhui,11,1414,1540,0.29691813810360657,0.4218947671156908,831,494,6151,3356,682,458,5178,2968,124,69,1061,600,122,75,1015,585,6,1,0.0,0.8571428571428571,2617
Graeme Dott,Ryan Day,11,1360,1406,0.42268426763510913,0.4712816430485603,814,476,6235,3335,850,515,5944,3278,141,72,839,447,182,96,1078,606,6,5,0.0,0.5454545454545454,2617
Mark Williams,Michael Holt,11,1611,1359,0.8554871090947277,0.6524894621927444,1314,863,9930,5702,779,454,5656,3012,209,141,1308,782,134,71,1065,567,6,2,0.0,0.75,2617
Thepchaiya Un-Nooh,Liang Wenbo,11,1336,1451,0.3131676266951865,0.42861601832306767,284,162,2041,1082,560,342,3886,2154,125,65,812,434,153,87,1138,646,6,4,0.0,0.6,2617
Anthony McGill,David Gilbert,11,1490,1440,0.5839387050670305,0.5312093733737563,433,268,2832,1576,531,303,3858,2072,215,122,996,565,176,101,1008,566,6,4,0.0,0.6,2617
Marco Fu,Graeme Dott,11,1414,1360,0.5905369210165868,0.5336988354329009,831,494,6151,3356,814,476,6235,3335,124,69,1061,600,141,72,839,447,6,5,0.0,0.5454545454545454,2617
Mark Williams,Marco Fu,13,1611,1414,0.8161155547594076,0.6206951913643555,1314,863,9930,5702,831,494,6151,3356,209,141,1308,782,124,69,1061,600,7,3,0.0,0.7,2617
Thepchaiya Un-Nooh,Anthony McGill,13,1336,1490,0.24027909942061781,0.40492152613386595,284,162,2041,1082,433,268,2832,1576,125,65,812,434,215,122,996,565,7,3,0.0,0.7,2617
Mark Williams,Thepchaiya Un-Nooh,15,1611,1336,0.9100264502662018,0.665410558746814,1314,863,9930,5702,284,162,2041,1082,209,141,1308,782,125,65,812,434,8,2,0.0,0.8,2617
Michael Williams,Luis Chacon,7,1091,1000,0.622303251187688,0.5566309599222533,46,24,230,123,0,0,0,0,0,0,150,80,0,0,0,0,4,0,0.0,1.0,2484
Daniel Ward,Mike Beneke,7,1207,1000,0.7597891374076362,0.6265629971237182,103,60,589,336,0,0,0,0,0,0,23,14,0,0,0,0,4,0,0.0,1.0,2484
Louis Wakelin,Luis Vetter,7,1000,1000,0.5,0.5,0,0,0,0,0,0,0,0,0,0,0,0,0,0,0,0,4,3,0.0,0.5714285714285714,2484
Gary Thomson,Hassan Glumcevic-Kaufmann,7,1070,1000,0.5947357972115818,0.5436386872370789,158,81,1141,576,0,0,0,0,0,0,33,14,0,0,0,0,4,0,0.0,1.0,2484
Joshua Thomond,Michael Collumb,7,1001,1108,0.3571206786692294,0.43352094403237207,11,5,60,29,55,24,301,149,0,0,60,29,0,0,145,79,4,3,0.0,0.5714285714285714,2484
Sam Thistlewhite,Kevin Chan,7,1075,916,0.7064965786766507,0.5980868603322034,76,35,399,192,13,3,58,14,0,0,160,87,0,0,21,5,4,0,0.0,1.0,2484
Alex Taubman,Bhavesh Sodha,7,1084,903,0.7316341543771714,0.6112334666758695,149,65,823,373,9,1,38,6,0,0,199,92,0,0,18,2,4,0,0.0,1.0,2484
Ismail Türker,Stefan Gerst,7,982,957,0.534135239137421,0.5156199157230156,4,1,19,7,10,3,48,17,0,0,6,2,0,0,5,1,4,1,0.0,0.8,2484
Andy Symons,Andreas Volkert,7,1028,1000,0.5382188233953898,0.5174928576663897,38,19,213,106,0,0,0,0,0,0,6,2,0,0,0,0,4,0,0.0,1.0,2484
Lewis Sinclair,Joshua Sellar,7,1000,1000,0.5,0.5,0,0,0,0,0,0,0,0,0,0,0,0,0,0,0,0,4,3,0.0,0.5714285714285714,2484
Luke Simmonds,Dietmar Smolka,7,1200,1000,0.7523810515908644,0.6224593312018546,106,57,743,382,0,0,0,0,0,0,91,42,0,0,0,0,4,0,0.0,1.0,2484
Brandon Sargeant,Jens Kirchner,7,1083,1000,0.611870456908998,0.5516896693427,58,24,343,161,0,0,0,0,0,0,232,111,0,0,0,0,4,0,0.0,1.0,2484
Andrew Rogers,Ronny Buchholz,7,993,944,0.5666587144886649,0.530586760182081,30,12,157,69,4,0,18,2,0,0,0,0,0,0,0,0,4,1,0.0,0.8,2484
Zack Richardson,Luke Pinches,7,1136,992,0.6887157040547041,0.5890404340586651,54,27,298,165,2,1,12,5,0,0,119,67,0,0,12,5,4,2,0.0,0.6666666666666666,2484
Tyler Rees,Shahidul Islam,7,957,1000,0.44143655006080335,0.4731508513108857,6,2,32,8,0,0,0,0,0,0,28,8,0,0,0,0,4,0,0.0,1.0,2484
Tudor Popescu,Ali Kirim,7,1000,968,0.5436568604546561,0.5199893401555818,0,0,0,0,9,3,42,15,0,0,0,0,0,0,7,3,4,2,0.0,0.6666666666666666,2484
Barry Pinches,Billy Brown,7,1224,966,0.8097380368967944,0.6558828412078137,718,369,5617,2908,24,7,123,49,0,0,258,115,0,0,17,8,4,0,0.0,1.0,2484
Wojciech Pastor,Daniel Schneider,7,1000,947,0.5720392978025534,0.5330766223661046,0,0,0,0,18,5,92,33,0,0,0,0,0,0,60,25,4,3,0.0,0.5714285714285714,2484
John Parkin,Tom Zimmermann,7,1015,981,0.5463726874746992,0.5212372149662741,18,8,91,42,2,0,11,3,0,0,15,6,0,0,11,3,4,1,0.0,0.8,2484
Robin Otto,Hans Bergmann,7,970,1000,0.4590611389260606,0.4812587841214648,19,8,100,44,0,0,0,0,0,0,100,44,0,0,0,0,4,0,0.0,1.0,2484
Andrei Orzan,Marvin Losi,7,974,993,0.47404295972292854,0.4881272322437472,3,0,16,4,3,1,16,7,0,0,16,4,0,0,16,7,4,3,0.0,0.5714285714285714,2484
Heikki Niva,Pedro Chacon,7,1000,972,0.5382188233953898,0.5174928576663897,0,0,0,0,2,0,9,1,0,0,0,0,0,0,9,1,4,0,0.0,1.0,2484
Imran Nisar,Tomas Vastenavondt,7,973,1000,0.4631419178202212,0.48313140430861523,4,1,17,5,0,0,0,0,0,0,13,5,0,0,0,0,4,0,0.0,1.0,2484
Fabian Monnin,Vladu Mihai,7,1000,988,0.5164013295642876,0.5074994375506203,0,0,0,0,1,0,5,1,0,0,0,0,0,0,5,1,4,3,0.0,0.5714285714285714,2484
Andrew Molyneux,Heiko Mutz,7,1000,975,0.534135239137421,0.5156199157230156,0,0,0,0,2,0,10,2,0,0,0,0,0,0,10,2,4,0,0.0,1.0,2484
Lee Mein,Paul Liebstreich,7,987,992,0.493164418520332,0.4968750406894683,4,1,24,9,1,0,6,2,0,0,24,9,0,0,6,2,4,1,0.0,0.8,2484
Dillon McGee,Patrick Whelan,7,1000,956,0.5599145707304132,0.5274723043445937,0,0,0,0,7,1,34,10,0,0,0,0,0,0,34,10,4,2,0.0,0.6666666666666666,2484
Conor McCormack,Jürgen Kesseler,7,875,970,0.37251518031789344,0.440902528097607,21,5,107,30,6,1,29,8,0,0,87,25,0,0,6,2,4,1,0.0,0.8,2484
Antoni Kowalski,Michael Buchholz,7,971,984,0.48223281808358937,0.4918757150937391,4,1,17,4,1,0,4,0,0,0,13,4,0,0,0,0,4,0,0.0,1.0,2484
Jenson Kendrick,Thomas Goder,7,993,1000,0.4904306643721704,0.4956251116502266,1,0,6,2,0,0,0,0,0,0,6,2,0,0,0,0,4,1,0.0,0.8,2484
Luca Kaufmann,Andy Milliard,7,1011,1000,0.5150352723345792,0.5068745667645342,11,6,55,30,0,0,0,0,0,0,19,11,0,0,0,0,4,3,0.0,0.5714285714285714,2484
Ben Jones,Jiaming Zhang,7,1045,1000,0.5612649493584694,0.528095374408387,72,35,373,181,0,0,0,0,0,0,129,63,0,0,0,0,4,1,0.0,0.8,2484
Stefan Joachim,Michael Drews,7,1000,1000,0.5,0.5,3,1,14,6,0,0,0,0,0,0,6,2,0,0,0,0,4,3,0.0,0.5714285714285714,2484
Robert James,John Foster,7,1151,1000,0.6970755073607001,0.5932699921071872,102,60,640,344,3,1,19,9,0,0,0,0,0,0,19,9,4,2,0.0,0.6666666666666666,2484
Norbert Hofheinz,Thomas Frank,7,948,971,0.46858930565080326,0.4856289593029398,9,3,44,15,2,0,9,1,0,0,4,0,0,0,9,1,4,3,0.0,0.5714285714285714,2484
Andy Hicks,Omar Alkojah,7,1222,993,0.7822166026963269,0.6393398367530659,592,318,4814,2492,6,0,44,14,0,0,243,120,0,0,0,0,4,1,0.0,0.8,2484
Gregory Herbrecht,Carl Rosenberger,7,1000,940,0.5814204865006773,0.5374298453437496,0,0,0,0,6,1,29,6,0,0,0,0,0,0,10,2,4,2,0.0,0.6666666666666666,2484
Louis Heathcote,Hamim Hussain,7,1022,986,0.549086208422272,0.5224848247918001,26,10,145,62,1,0,4,0,0,0,103,45,0,0,4,0,4,1,0.0,0.8,2484
Andreas Hartung,Ron Kantor,7,952,1000,0.4346885316890212,0.4700359482354282,12,5,59,23,0,0,0,0,0,0,24,12,0,0,0,0,4,0,0.0,1.0,2484
Fabian Haken,Fabian Meulner,7,988,984,0.5054685677142574,0.5024999791668749,1,0,5,1,1,0,4,0,0,0,5,1,0,0,0,0,4,1,0.0,0.8,2484
Aaron Graham,Rolf Mahr,7,1000,943,0.5774056625100122,0.5355648379838539,0,0,0,0,4,0,17,1,0,0,0,0,0,0,13,1,4,0,0.0,1.0,2484
Matthew Glasby,Daniel Williams,7,925,1000,0.3986489708076568,0.45326184801538616,32,11,175,71,0,0,0,0,0,0,77,27,0,0,0,0,4,0,0.0,1.0,2484
Billy Ginn,Aaron Cook,7,1000,946,0.573382262278332,0.5336988354329009,0,0,0,0,4,0,16,0,0,0,0,0,0,0,8,0,4,1,0.0,0.8,2484
Kacper Filipiak,Frank Mikulsky,7,1099,1000,0.6326419490877371,0.5615610703361955,73,29,392,161,0,0,0,0,0,0,133,72,0,0,0,0,4,0,0.0,1.0,2484
Reanne Evans,Soner Sari,7,1060,992,0.5920814957526257,0.542397940774351,127,46,690,290,14,6,73,34,0,0,82,42,0,0,22,11,4,3,0.0,0.5714285714285714,2484
Patrick Einsle,Stefan Schenk,7,1117,951,0.7146198510727906,0.6022861768886306,124,52,719,323,10,3,52,18,0,0,32,23,0,0,9,1,4,1,0.0,0.8,2484
Reggie Edwards,Tan Wang Chooi,7,1003,1007,0.4945314322857424,0.49750002083312506,2,1,10,5,21,10,111,53,0,0,10,5,0,0,21,10,4,1,0.0,0.8,2484
Adam Edge,Fraser Patrick,7,997,1186,0.25951818668021626,0.3840246980818742,37,14,212,96,183,76,1199,547,0,0,111,52,0,0,286,119,4,1,0.0,0.8,2484
Amedeo Durnez,Matthew Hudson,7,1000,965,0.5477297445502348,0.5218610539716015,0,0,0,0,3,0,14,2,0,0,0,0,0,0,5,1,4,1,0.0,0.8,2484
Tony Drago,Peter Brehm,7,1161,972,0.7404818133197837,0.6159753019181258,727,358,5932,2929,2,0,9,1,0,0,165,67,0,0,9,1,4,0,0.0,1.0,2484
Stefan Dohr,Boris Lazarkov,7,985,1000,0.47950179614537025,0.4906260984783392,1,0,4,0,0,0,0,0,0,0,4,0,0,0,0,0,4,0,0.0,1.0,2484
Umut Dikme,Felix Frede,7,1000,1008,0.48906395814377107,0.4950001666600003,0,0,0,0,23,10,119,55,0,0,0,0,0,0,77,38,4,0,0.0,1.0,2484
Simon Dent,Kilian Baur-Pantoulier,7,1000,981,0.5259570402770714,0.5118727677562528,24,9,128,60,6,1,34,14,0,0,74,35,0,0,11,3,4,3,0.0,0.5714285714285714,2484
Jeff Cundy,Christof Biniarsch,7,1136,984,0.698260993708389,0.5938731029341427,513,271,3597,1864,5,2,24,9,0,0,75,34,0,0,0,0,4,1,0.0,0.8,2484
Jamie Cope,Tony Corrigan,7,1234,997,0.7900435532881105,0.643938555965633,536,285,3644,1851,8,3,43,20,0,0,390,182,0,0,43,20,4,1,0.0,0.8,2484
Joshua Cooper,Maria Catalano,7,988,1000,0.4835986704357121,0.4925005624493796,20,9,104,45,0,0,0,0,0,0,99,44,0,0,0,0,4,0,0.0,1.0,2484
Brian Cini,Michael Wild,7,1080,1172,0.37639911510945645,0.44275214540144436,35,17,179,96,293,156,1792,951,0,0,108,61,0,0,157,56,4,2,0.0,0.6666666666666666,2484
David Church,Jörg Petersen,7,1000,937,0.5854263042586716,0.5392938058983595,0,0,0,0,8,2,35,9,0,0,0,0,0,0,8,0,4,2,0.0,0.6666666666666666,2484
Harvey Chandler,Lieven Vanthournout,7,974,970,0.5054685677142574,0.5024999791668749,7,2,37,12,3,0,16,4,0,0,17,6,0,0,10,2,4,1,0.0,0.8,2484
Ryan Causton,Sascha Breuer,7,1105,979,0.6667467241528153,0.5781052328843092,118,62,628,310,6,1,35,15,0,0,140,69,0,0,12,4,4,0,0.0,1.0,2484
Ashley Carty,Anthony Blyth,7,1216,1000,0.7691223962231968,0.6318124177361016,106,55,619,318,0,0,0,0,0,0,234,126,0,0,0,0,4,0,0.0,1.0,2484
Declan Brennan,Scott Lyons,7,955,957,0.4972656477862734,0.49875000260416025,23,6,121,47,9,3,46,16,6,2,48,24,0,0,46,16,4,0,0.0,1.0,2484
Stuart Watson,Gregory Herbrecht,7,838,1000,0.29000807657290884,0.40011163113600173,39,6,212,70,0,0,0,0,0,0,13,5,0,0,0,0,4,0,0.0,1.0,2484
Charlie Walters,Ryan Causton,7,1029,1105,0.3973295650806627,0.45264238185691075,84,32,469,210,118,62,628,310,0,0,145,68,0,0,140,69,4,2,0.0,0.6666666666666666,2484
Louis Wakelin,Thomas Blang,7,1000,976,0.5327731710226205,0.51499550161941,0,0,0,0,3,1,14,4,0,0,0,0,0,0,4,0,4,0,0.0,1.0,2484
Gary Thomson,Josh Mulholland,7,1070,1004,0.589422689021118,0.541156668150228,158,81,1141,576,8,4,44,21,0,0,33,14,0,0,39,20,4,3,0.0,0.5714285714285714,2484
Joshua Thomond,Clayton Humphries,7,1001,1033,0.4563431395453441,0.48001065984441826,11,5,60,29,9,5,54,30,0,0,60,29,0,0,54,30,4,1,0.0,0.8,2484
Sam Thistlewhite,Regis D'Anna,7,1075,967,0.644151517953897,0.5670929049654543,76,35,399,192,2,0,8,0,0,0,160,87,0,0,4,0,4,0,0.0,1.0,2484
Alex Taubman,Michael Peyr,7,1084,989,0.6274848196821066,0.559097471902393,149,65,823,373,1,0,4,0,0,0,199,92,0,0,0,0,4,0,0.0,1.0,2484
Andy Symons,Anton Woywod,7,1028,953,0.6013510291923431,0.5467381519846138,38,19,213,106,3,0,12,0,0,0,6,2,0,0,8,0,4,0,0.0,1.0,2484
Adam Stefanow,Stefan Joachim,7,1100,1000,0.6339273074659068,0.5621765008857981,47,22,250,121,3,1,14,6,0,0,154,72,0,0,6,2,4,0,0.0,1.0,2484
Luke Simmonds,Simon Bryant,7,1200,1000,0.7523810515908644,0.6224593312018546,106,57,743,382,0,0,0,0,0,0,91,42,0,0,0,0,4,0,0.0,1.0,2484
Brandon Sargeant,John Gillard,7,1083,1000,0.611870456908998,0.5516896693427,58,24,343,161,0,0,0,0,0,0,232,111,0,0,0,0,4,0,0.0,1.0,2484
Andrew Rogers,Nev Graham,7,993,1000,0.4904306643721704,0.4956251116502266,30,12,157,69,0,0,0,0,0,0,0,0,0,0,0,0,4,2,0.0,0.6666666666666666,2484
Zack Richardson,Mario-Zeljo Milosevic,7,1136,1000,0.6790334655716898,0.5841905229354074,54,27,298,165,0,0,0,0,0,0,119,67,0,0,0,0,4,0,0.0,1.0,2484
Robert Read,Ben Jones,7,993,1045,0.42930455538057166,0.4675456936126812,9,3,50,20,72,35,373,181,0,0,13,8,0,0,129,63,4,3,0.0,0.5714285714285714,2484
George Pragnall,Simon Dent,7,1063,1000,0.5854263042586716,0.5392938058983595,31,14,187,87,24,9,128,60,0,0,129,59,0,0,74,35,4,1,0.0,0.8,2484
Tudor Popescu,Volker Grigo,7,1000,1000,0.5,0.5,0,0,0,0,0,0,0,0,0,0,0,0,0,0,0,0,4,0,0.0,1.0,2484
Barry Pinches,Bernd Strnad,7,1224,961,0.8142437917894374,0.6586985747356444,718,369,5617,2908,5,1,23,6,0,0,258,115,0,0,0,0,4,0,0.0,1.0,2484
Robin Otto,Martin Pitcher,7,970,1000,0.4590611389260606,0.4812587841214648,19,8,100,44,0,0,0,0,0,0,100,44,0,0,0,0,4,1,0.0,0.8,2484
Brian Ochoiski,Jenson Kendrick,7,1000,993,0.5095693356278297,0.5043748883497735,0,0,0,0,1,0,6,2,0,0,0,0,0,0,6,2,4,3,0.0,0.5714285714285714,2484
Joe O'Connor,John Parkin,7,1082,1015,0.5907526477758748,0.5417773692836367,76,34,461,215,18,8,91,42,4,0,245,111,0,0,15,6,4,1,0.0,0.8,2484
Florian Nüßle,Reggie Edwards,7,1000,1003,0.4958985144028909,0.498125008789013,0,0,0,0,2,1,10,5,0,0,0,0,0,0,10,5,4,0,0.0,1.0,2484
Heikki Niva,Mohammad Al Asfar,7,1000,1000,0.5,0.5,0,0,0,0,0,0,0,0,0,0,0,0,0,0,0,0,4,0,0.0,1.0,2484
Marcin Nitschke,Norbert Hofheinz,7,1017,948,0.5934092174000843,0.5430183807243099,13,5,66,31,9,3,44,15,0,0,30,14,0,0,4,0,4,0,0.0,1.0,2484
Imran Nisar,Ejler Hame,7,973,802,0.7203516579445735,0.6052765337748445,4,1,17,5,16,0,76,8,0,0,13,5,0,0,9,1,4,0,0.0,1.0,2484
Jake Nicholson,David Church,7,957,1000,0.44143655006080335,0.4731508513108857,79,24,422,166,0,0,0,0,0,0,142,58,0,0,0,0,4,0,0.0,1.0,2484
Saqib Nasir,Conor McCormack,7,1090,875,0.7680961089120268,0.6312306626164005,82,41,449,235,21,5,107,30,0,0,121,58,0,0,87,25,4,1,0.0,0.8,2484
Andrew Molyneux,Jack Bradford,7,1000,903,0.6300664956451868,0.5603296426885532,0,0,0,0,38,10,200,72,0,0,0,0,0,0,47,17,4,3,0.0,0.5714285714285714,2484
Lee Mein,Nicolai Gebhardt,7,987,1000,0.48223281808358937,0.4918757150937391,4,1,24,9,0,0,0,0,0,0,24,9,0,0,0,0,4,0,0.0,1.0,2484
Thomas Kevern,Aaron Graham,7,1000,1000,0.5,0.5,0,0,0,0,0,0,0,0,0,0,0,0,0,0,0,0,4,1,0.0,0.8,2484
Luca Kaufmann,Abdullah Atmar Ghulam Jilani,7,1011,986,0.534135239137421,0.5156199157230156,11,6,55,30,1,0,4,0,0,0,19,11,0,0,4,0,4,0,0.0,1.0,2484
Kuldesh Johal,Joshua Cooper,7,1182,988,0.7459292301495708,0.6189278548001903,198,111,1327,706,20,9,104,45,0,0,109,54,0,0,99,44,4,1,0.0,0.8,2484
Robert James,Jani Kananen,7,1151,990,0.7088291167182063,0.5992881635083561,102,60,640,344,1,0,5,1,0,0,0,0,0,0,0,0,4,0,0.0,1.0,2484
Daniel Holoyda,Dillon McGee,7,984,1000,0.4781366606027012,0.4900013331200346,2,0,11,3,0,0,0,0,0,0,11,3,0,0,0,0,4,2,0.0,0.6666666666666666,2484
Kishan Hirani,Lewis Sinclair,7,1101,1000,0.6352110684578025,0.5627917401386452,122,57,662,316,0,0,0,0,0,0,174,89,0,0,0,0,4,0,0.0,1.0,2484
Andy Hicks,Stephane Ochoiski,7,1222,955,0.8177973252726516,0.6609431415591629,592,318,4814,2492,16,5,80,29,0,0,243,120,0,0,25,13,4,2,0.0,0.6666666666666666,2484
Louis Heathcote,Wayne Brown,7,1022,1106,0.3868205508364956,0.4476920904256748,26,10,145,62,284,158,2195,1134,0,0,103,45,0,0,44,18,4,1,0.0,0.8,2484
Steven Hallworth,Wojciech Pastor,7,1155,1000,0.7018040708685593,0.5956807306078472,77,26,492,210,0,0,0,0,0,0,286,118,0,0,0,0,4,0,0.0,1.0,2484
Fabian Haken,Barry Mincher,7,988,1000,0.4835986704357121,0.4925005624493796,1,0,5,1,0,0,0,0,0,0,5,1,0,0,0,0,4,0,0.0,1.0,2484
Matthew Glasby,Christophe Rives-Lange,7,925,1000,0.3986489708076568,0.45326184801538616,32,11,175,71,0,0,0,0,0,0,77,27,0,0,0,0,4,0,0.0,1.0,2484
Jin Foulger,Ismail Türker,7,991,982,0.5123026114255715,0.5056247627073255,1,0,6,2,4,1,19,7,0,0,6,2,0,0,6,2,4,2,0.0,0.6666666666666666,2484
Mike Finn,Oliver Kremp,7,982,942,0.5545057991359676,0.52497918747894,10,4,53,21,5,1,23,4,0,0,39,17,0,0,0,0,4,0,0.0,1.0,2484
Kacper Filipiak,Karol Lelek,7,1099,975,0.6642657784879786,0.5768852611320463,73,29,392,161,5,1,25,9,0,0,133,72,0,0,10,2,4,0,0.0,1.0,2484
Reanne Evans,Jan Eisenstein,7,1060,977,0.611870456908998,0.5516896693427,127,46,690,290,2,0,10,2,0,0,82,42,0,0,5,1,4,2,0.0,0.6666666666666666,2484
Patrick Einsle,Ben Mertens,7,1117,985,0.6741427448520734,0.5817593768418363,124,52,719,323,1,0,4,0,0,0,32,23,0,0,4,0,4,2,0.0,0.6666666666666666,2484
Adam Edge,Andreas Ploner,7,997,1079,0.3894398892710193,0.448928730692658,37,14,212,96,50,23,269,128,0,0,111,52,0,0,121,63,4,3,0.0,0.5714285714285714,2484
Amedeo Durnez,Hamim Hussain,7,1000,986,0.5191328123553783,0.5087491068802403,0,0,0,0,1,0,4,0,0,0,0,0,0,0,4,0,4,0,0.0,1.0,2484
Tony Drago,Curtis Daher,7,1161,1000,0.7088291167182063,0.5992881635083561,727,358,5932,2929,0,0,0,0,0,0,165,67,0,0,0,0,4,1,0.0,0.8,2484
Umut Dikme,Manasawin Phetmalaikul,7,1000,988,0.5164013295642876,0.5074994375506203,0,0,0,0,5,2,27,11,0,0,0,0,0,0,27,11,4,1,0.0,0.8,2484
Roman Dietzel,Andrei Orzan,7,1005,974,0.5422981239384312,0.519365308229932,7,3,36,16,3,0,16,4,0,0,16,9,0,0,16,4,4,3,0.0,0.5714285714285714,2484
Peter Devlin,Andreas Hartung,7,928,952,0.4672268289773793,0.4850044983805899,19,6,92,32,12,5,59,23,0,0,49,16,0,0,24,12,4,0,0.0,1.0,2484
Marc Davis,Tyler Rees,7,1112,957,0.7018040708685593,0.5956807306078472,115,52,611,287,6,2,32,8,0,0,150,76,0,0,28,8,4,2,0.0,0.6666666666666666,2484
Jamie Cope,Ralf Günzel,7,1234,885,0.8806881852645642,0.7052656295907794,536,285,3644,1851,8,0,32,0,0,0,390,182,0,0,8,0,4,0,0.0,1.0,2484
Jamie Clarke,Jeff Cundy,7,1242,1136,0.641605432096216,0.5658650028954817,133,68,792,414,513,271,3597,1864,23,8,326,167,0,0,75,34,4,1,0.0,0.8,2484
Brian Cini,Markus Fischer,7,1080,936,0.6887157040547041,0.5890404340586651,35,17,179,96,5,0,23,3,0,0,108,61,0,0,14,2,4,0,0.0,1.0,2484
Harvey Chandler,Loris Lehmann,7,974,975,0.4986328153483015,0.4993750003255206,7,2,37,12,2,0,9,1,0,0,17,6,0,0,9,1,4,0,0.0,1.0,2484
Ashley Carty,Simon Lichtenberg,7,1216,1036,0.7305169455924372,0.610639233949222,106,55,619,318,13,6,66,36,0,0,234,126,0,0,60,34,4,2,0.0,0.6666666666666666,2484
Oliver Brown,Fabian Monnin,7,1184,1000,0.7349708541108757,0.6130141761393355,163,72,899,423,0,0,0,0,0,0,236,113,0,0,0,0,4,0,0.0,1.0,2484
Declan Brennan,Gary Challis,7,955,983,0.46178117660461016,0.48250714233361025,23,6,121,47,4,1,21,8,6,2,48,24,0,0,10,2,4,1,0.0,0.8,2484
Horst Bendig,Corina Maracine,7,1000,927,0.5987085312450529,0.5454987872127821,0,0,0,0,5,0,20,0,0,0,0,0,0,0,12,0,4,1,0.0,0.8,2484
Mateusz Baranowski,Billy Ginn,7,1057,1000,0.5774056625100122,0.5355648379838539,29,14,160,76,0,0,0,0,0,0,151,75,0,0,0,0,4,0,0.0,1.0,2484
Michael Williams,Jake Nicholson,7,1091,957,0.6765921632853334,0.5829754542011996,46,24,230,123,79,24,422,166,0,0,150,80,0,0,142,58,4,1,0.0,0.8,2484
Daniel Ward,Florian Nüßle,7,1207,1000,0.7597891374076362,0.6265629971237182,103,60,589,336,0,0,0,0,0,0,23,14,0,0,0,0,4,2,0.0,0.6666666666666666,2484
Joshua Thomond,Sean McAllister,7,1001,1000,0.5013671846516985,0.5006249996744794,11,5,60,29,0,0,0,0,0,0,60,29,0,0,0,0,4,2,0.0,0.6666666666666666,2484
Andy Symons,Mike Finn,7,1028,982,0.5626145694127913,0.5287183569514396,38,19,213,106,10,4,53,21,0,0,6,2,0,0,39,17,4,0,0.0,1.0,2484
Adam Stefanow,Andrew Molyneux,7,1100,1000,0.6339273074659068,0.5621765008857981,47,22,250,121,0,0,0,0,0,0,154,72,0,0,0,0,4,0,0.0,1.0,2484
Brandon Sargeant,Mateusz Baranowski,7,1083,1057,0.5354968818114487,0.5162442810620724,58,24,343,161,29,14,160,76,0,0,232,111,0,0,151,75,4,0,0.0,1.0,2484
Zack Richardson,Robin Otto,7,1136,970,0.7146198510727906,0.6022861768886306,54,27,298,165,19,8,100,44,0,0,119,67,0,0,100,44,4,1,0.0,0.8,2484
Robert Read,Andrew Rogers,7,993,993,0.5,0.5,9,3,50,20,30,12,157,69,0,0,13,8,0,0,0,0,4,2,0.0,0.6666666666666666,2484
George Pragnall,Luca Kaufmann,7,1063,1011,0.5706954446194282,0.5324543063873187,31,14,187,87,11,6,55,30,0,0,129,59,0,0,19,11,4,0,0.0,1.0,2484
Barry Pinches,Tudor Popescu,7,1224,1000,0.7772350342961843,0.6364525402815664,718,369,5617,2908,0,0,0,0,0,0,258,115,0,0,0,0,4,0,0.0,1.0,2484
Joe O'Connor,Peter Devlin,7,1082,928,0.7006252854909363,0.595078473866134,76,34,461,215,19,6,92,32,4,0,245,111,0,0,49,16,4,3,0.0,0.5714285714285714,2484
Saqib Nasir,Brian Ochoiski,7,1090,1000,0.6210041469292463,0.5560138905446199,82,41,449,235,0,0,0,0,0,0,121,58,0,0,0,0,4,0,0.0,1.0,2484
Lee Mein,Stefan Dohr,7,987,985,0.5027343522137269,0.5012499973958399,4,1,24,9,1,0,4,0,0,0,24,9,0,0,4,0,4,0,0.0,1.0,2484
Kuldesh Johal,Thomas Kevern,7,1182,1000,0.732748880507422,0.6118273690017371,198,111,1327,706,0,0,0,0,0,0,109,54,0,0,0,0,4,1,0.0,0.8,2484
Robert James,Charlie Walters,7,1151,1029,0.661777191191235,0.5756643510425494,102,60,640,344,84,32,469,210,0,0,0,0,0,0,145,68,4,1,0.0,0.8,2484
Daniel Holoyda,Amedeo Durnez,7,984,1000,0.4781366606027012,0.4900013331200346,2,0,11,3,0,0,0,0,0,0,11,3,0,0,0,0,4,3,0.0,0.5714285714285714,2484
Kishan Hirani,Jin Foulger,7,1101,991,0.6466907800352545,0.5683199834782481,122,57,662,316,1,0,6,2,0,0,174,89,0,0,6,2,4,2,0.0,0.6666666666666666,2484
Andy Hicks,Heikki Niva,7,1222,1000,0.7752232149046754,0.6352948493228071,592,318,4814,2492,0,0,0,0,0,0,243,120,0,0,0,0,4,1,0.0,0.8,2484
Louis Heathcote,Gary Thomson,7,1022,1070,0.4346885316890212,0.4700359482354282,26,10,145,62,158,81,1141,576,0,0,103,45,0,0,33,14,4,0,0.0,1.0,2484
Steven Hallworth,Horst Bendig,7,1155,1000,0.7018040708685593,0.5956807306078472,77,26,492,210,0,0,0,0,0,0,286,118,0,0,0,0,4,0,0.0,1.0,2484
Matthew Glasby,Marcin Nitschke,7,925,1017,0.37639911510945645,0.44275214540144436,32,11,175,71,13,5,66,31,0,0,77,27,0,0,30,14,4,1,0.0,0.8,2484
Kacper Filipiak,Jackson Page,7,1099,1010,0.6197035864994962,0.5553966483205892,73,29,392,161,8,1,47,14,0,0,133,72,47,14,47,14,4,2,0.0,0.6666666666666666,2484
Reanne Evans,Imran Nisar,7,1060,973,0.6170981549456108,0.5541616527636486,127,46,690,290,4,1,17,5,0,0,82,42,0,0,13,5,4,2,0.0,0.6666666666666666,2484
Adam Edge,Antoni Kowalski,7,997,971,0.5354968818114487,0.5162442810620724,37,14,212,96,4,1,17,4,0,0,111,52,0,0,13,4,4,2,0.0,0.6666666666666666,2484
Umut Dikme,Alex Taubman,7,1000,1084,0.3868205508364956,0.4476920904256748,0,0,0,0,149,65,823,373,0,0,0,0,0,0,199,92,4,0,0.0,1.0,2484
Roman Dietzel,Fabian Haken,7,1005,988,0.5232282019769063,0.5106234010049637,7,3,36,16,1,0,5,1,0,0,16,9,0,0,5,1,4,0,0.0,1.0,2484
Marc Davis,Stuart Watson,7,1112,838,0.8239065989069515,0.6648537304059736,115,52,611,287,39,6,212,70,0,0,150,76,0,0,13,5,4,2,0.0,0.6666666666666666,2484
Jamie Cope,Louis Wakelin,7,1234,1000,0.7871292414209698,0.6422170929574377,536,285,3644,1851,0,0,0,0,0,0,390,182,0,0,0,0,4,0,0.0,1.0,2484
Jamie Clarke,Tony Drago,7,1242,1161,0.6092484254460553,0.5504527113395278,133,68,792,414,727,358,5932,2929,23,8,326,167,0,0,165,67,4,3,0.0,0.5714285714285714,2484
Brian Cini,Declan Brennan,7,1080,955,0.6655072126279344,0.5774953651858118,35,17,179,96,23,6,121,47,0,0,108,61,6,2,48,24,4,3,0.0,0.5714285714285714,2484
Harvey Chandler,Sam Thistlewhite,7,974,1075,0.3647889315421975,0.43720825986135486,7,2,37,12,76,35,399,192,0,0,17,6,0,0,160,87,4,3,0.0,0.5714285714285714,2484
Ashley Carty,Patrick Einsle,7,1216,1117,0.6326419490877371,0.5615610703361955,106,55,619,318,124,52,719,323,0,0,234,126,0,0,32,23,4,1,0.0,0.8,2484
Oliver Brown,Luke Simmonds,7,1184,1200,0.4781366606027012,0.4900013331200346,163,72,899,423,106,57,743,382,0,0,236,113,0,0,91,42,4,0,0.0,1.0,2484
Fang Xiongman,Sanderson Lam,7,1169,1128,0.5558590476581076,0.5256025883246178,59,26,343,158,119,46,721,319,85,35,231,104,69,25,345,143,4,3,0.0,0.5714285714285714,2484
Zhao Xintong,Reanne Evans,7,1352,1060,0.8389762354745806,0.6748052725823135,114,60,767,411,127,46,690,290,106,53,454,243,0,0,82,42,4,0,0.0,1.0,2484
Ben Woollaston,Robin Hull,7,1377,1305,0.5973854695265872,0.5448788923735801,546,313,3532,1882,506,302,3840,2102,181,95,963,504,81,33,484,247,4,1,0.0,0.8,2484
Kyren Wilson,Kurt Dunham,7,1431,938,0.9496847330516315,0.7742558331886429,394,242,2558,1408,23,3,132,34,234,127,1071,602,58,14,132,34,4,0,0.0,1.0,2484
Gary Wilson,Jimmy White,7,1359,1197,0.7099919234270913,0.5998883688639983,368,213,2359,1283,1405,784,12045,6329,120,63,599,314,77,29,360,155,4,2,0.0,0.6666666666666666,2484
Michael Williams,Niel Vincent,7,1091,1000,0.622303251187688,0.5566309599222533,46,24,230,123,0,0,0,0,0,0,150,80,0,0,0,0,4,1,0.0,0.8,2484
Robbie Williams,Matthew Selt,7,1315,1419,0.3609473704892455,0.4353637081969708,331,179,2152,1098,521,287,3566,1873,113,51,599,299,134,69,987,535,4,2,0.0,0.6666666666666666,2484
Michael White,Adam Duffy,7,1332,1290,0.557211603425229,0.5262259093720687,436,249,2936,1556,317,163,2012,1033,159,79,981,511,78,30,606,318,4,3,0.0,0.5714285714285714,2484
Ricky Walden,Sean O'Sullivan,7,1365,1151,0.7670671244589201,0.6306485256510744,782,476,5527,3058,178,74,1119,515,215,117,1078,583,69,21,434,199,4,0,0.0,1.0,2484
Chris Wakelin,Kishan Hirani,7,1285,1101,0.7349708541108757,0.6130141761393355,151,77,1015,509,122,57,662,316,123,62,587,292,0,0,174,89,4,0,0.0,1.0,2484
Alexander Ursenbacher,Jamie Clarke,7,1251,1242,0.5123026114255715,0.5056247627073255,90,39,541,248,133,68,792,414,111,53,284,146,23,8,326,167,4,2,0.0,0.6666666666666666,2484
Andy Symons,Christopher Keogan,7,1028,1161,0.3246315371699399,0.41763245927192055,38,19,213,106,128,51,714,329,0,0,6,2,60,18,320,152,4,1,0.0,0.8,2484
Joe Swail,Louis Heathcote,7,1245,1022,0.7762304913665884,0.6358738914270539,813,435,6345,3297,26,10,145,62,78,32,551,266,0,0,103,45,4,3,0.0,0.5714285714285714,2484
Matthew Stevens,Kacper Filipiak,7,1305,1099,0.7587387600845145,0.6259778577666038,906,529,7017,3819,73,29,392,161,81,33,624,323,0,0,133,72,4,1,0.0,0.8,2484
Craig Steadman,Gerard Greene,7,1216,1248,0.4563431395453441,0.48001065984441826,406,219,2686,1406,684,369,5102,2663,77,29,499,232,110,49,438,214,4,2,0.0,0.6666666666666666,2484
Mark Selby,Michael Holt,7,1552,1376,0.726023440718493,0.6082590307465143,1012,701,7343,4290,784,457,5690,3030,206,118,1475,909,168,89,1099,585,4,2,0.0,0.6666666666666666,2484
Noppon Saengkham,Ashley Hugill,7,1325,1186,0.6826800016944434,0.5860112044388707,182,80,1305,612,88,42,498,239,146,77,604,286,94,40,425,210,4,2,0.0,0.6666666666666666,2484
Barry Pinches,Matthew Bolton,7,1224,949,0.8247679763275149,0.665410558746814,718,369,5617,2908,10,0,53,6,0,0,258,115,48,6,48,6,4,3,0.0,0.5714285714285714,2484
Martin O'Donnell,Zack Richardson,7,1318,1136,0.732748880507422,0.6118273690017371,275,132,1709,854,54,27,298,165,108,53,474,239,0,0,119,67,4,3,0.0,0.5714285714285714,2484
Joe O'Connor,Lukas Kleckers,7,1082,1077,0.5068355814796678,0.5031249593105316,76,34,461,215,50,18,303,131,4,0,245,111,57,15,244,103,4,2,0.0,0.6666666666666666,2484
Fergal O'Brien,Steven Hallworth,7,1286,1155,0.6729150209582897,0.5811509642893937,845,481,6357,3352,77,26,492,210,86,36,751,387,0,0,286,118,4,3,0.0,0.5714285714285714,2484
Shaun Murphy,Adam Stefanow,7,1488,1100,0.9041778640069977,0.7251194977898231,960,632,7090,4056,47,22,250,121,225,131,1171,699,0,0,154,72,4,2,0.0,0.6666666666666666,2484
Aditya Mehta,Rory McLeod,7,1237,1258,0.4713154170628733,0.4868780138177567,269,131,1838,904,545,297,4040,2098,95,42,380,172,112,52,573,279,4,2,0.0,0.6666666666666666,2484
Alan McManus,Allan Taylor,7,1382,1164,0.7711668601434363,0.6329747766804606,905,538,7583,4027,265,122,1580,769,119,61,741,399,89,36,385,151,4,1,0.0,0.8,2484
Mitchell Mann,Daniel Wells,7,1224,1309,0.38551292727713543,0.4470740118670941,217,100,1377,661,322,157,2157,1068,94,41,484,213,107,53,530,266,4,2,0.0,0.6666666666666666,2484
Kurt Maflin,Brandon Sargeant,7,1362,1083,0.8281850360436097,0.6676332571171155,497,287,3341,1804,58,24,343,161,138,73,703,371,0,0,232,111,4,1,0.0,0.8,2484
Jack Lisowski,Roman Dietzel,7,1426,1005,0.9210893973650893,0.7412546787548828,378,225,2474,1343,7,3,36,16,197,110,674,356,0,0,16,9,4,3,0.0,0.5714285714285714,2484
Peter Lines,Umut Dikme,7,1290,1000,0.837347307313657,0.6737070994545215,749,404,5440,2822,0,0,0,0,107,51,548,270,0,0,0,0,4,1,0.0,0.8,2484
Rod Lawler,Zhang Yong,7,1229,1135,0.6261916833783177,0.5584811124381613,791,428,6014,3114,70,26,439,178,63,19,569,264,103,42,346,140,4,3,0.0,0.5714285714285714,2484
Mark King,Elliot Slessor,7,1407,1306,0.6352110684578025,0.5627917401386452,896,503,6591,3469,143,66,870,409,211,114,938,521,148,77,452,223,4,2,0.0,0.6666666666666666,2484
Mark Joyce,Marc Davis,7,1357,1112,0.7976923211673973,0.6485108747389209,428,226,3099,1577,115,52,611,287,163,82,635,331,0,0,150,76,4,0,0.0,1.0,2484
Jamie Jones,Billy Joe Castle,7,1309,1103,0.7587387600845145,0.6259778577666038,464,277,3066,1660,30,14,177,85,102,48,666,352,93,38,134,61,4,2,0.0,0.6666666666666666,2484
Jak Jones,Saqib Nasir,7,1156,1090,0.589422689021118,0.541156668150228,153,60,990,434,82,41,449,235,79,28,238,98,0,0,121,58,4,1,0.0,0.8,2484
Robert James,Xu Si,7,1151,1151,0.5,0.5,102,60,640,344,34,15,222,96,0,0,0,0,108,49,178,81,4,3,0.0,0.5714285714285714,2484
Liam Highfield,Lee Walker,7,1365,1259,0.641605432096216,0.5658650028954817,322,174,2194,1155,435,238,3367,1733,134,67,562,290,95,42,490,229,4,1,0.0,0.8,2484
Andrew Higginson,Hammad Miah,7,1331,1192,0.6826800016944434,0.5860112044388707,680,405,4794,2629,117,44,764,332,91,45,628,333,79,31,462,214,4,2,0.0,0.6666666666666666,2484
David Grace,Matthew Glasby,7,1219,925,0.8405938136052916,0.6759015277259407,293,132,1939,929,32,11,175,71,84,33,511,241,0,0,77,27,4,0,0.0,1.0,2484
Michael Georgiou,Josh Boileau,7,1278,1045,0.786152249899794,0.6416424532015634,190,88,1160,567,72,31,403,182,93,42,524,253,64,19,242,98,4,2,0.0,0.6666666666666666,2484
Tom Ford,Robert Read,7,1374,993,0.9002495498742646,0.7216176701846587,564,322,4012,2140,9,3,50,20,153,83,749,407,0,0,13,8,4,0,0.0,1.0,2484
Peter Ebdon,Martin Gould,7,1323,1431,0.3558484820461031,0.4329070950345457,1041,595,8181,4389,624,379,4209,2310,131,67,836,445,209,115,878,495,4,1,0.0,0.8,2484
Mike Dunn,Lee Mein,7,1268,987,0.829876495909729,0.668741821102192,679,361,4988,2569,4,1,24,9,102,51,627,322,0,0,24,9,4,1,0.0,0.8,2484
Ken Doherty,Ross Muir,7,1304,1235,0.5934092174000843,0.5430183807243099,1097,668,8976,4926,131,48,884,395,106,53,570,276,93,41,469,210,4,1,0.0,0.8,2484
Yu Delu,Stuart Bingham,7,1321,1542,0.22578679083118888,0.3652845846208415,254,129,1771,896,1015,646,7411,4231,131,70,531,259,157,100,1361,794,4,0,0.0,1.0,2484
Paul Davison,Rhys Clark,7,1131,1181,0.43199486323846364,0.46879062662624377,638,331,4498,2278,106,46,650,295,59,17,407,170,56,17,374,158,4,3,0.0,0.5714285714285714,2484
Dominic Dale,Daniel Ward,7,1359,1207,0.698260993708389,0.5938731029341427,889,511,6351,3391,103,60,589,336,108,57,885,472,0,0,23,14,4,1,0.0,0.8,2484
Jamie Cope,David John,7,1234,1106,0.6692199309586204,0.5793242521487495,536,285,3644,1851,84,39,549,263,0,0,390,182,14,1,152,63,4,2,0.0,0.6666666666666666,2484
Brian Cini,Robert Milkins,7,1080,1397,0.1416161469830789,0.3116321231689713,35,17,179,96,808,488,5899,3210,0,0,108,61,182,102,977,520,4,2,0.0,0.6666666666666666,2484
Harvey Chandler,Li Yuan,7,974,1156,0.2672511194925776,0.3881726309982629,7,2,37,12,43,22,244,117,0,0,17,6,105,49,139,68,4,2,0.0,0.6666666666666666,2484
Stuart Carrington,Wang Yuchen,7,1323,1108,0.7680961089120268,0.6312306626164005,290,156,1855,973,52,15,335,132,86,42,583,298,82,34,219,88,4,1,0.0,0.8,2484
Ian Burns,Andy Hicks,7,1253,1222,0.5422981239384312,0.519365308229932,299,154,1886,961,592,318,4814,2492,73,27,488,225,0,0,243,120,4,3,0.0,0.5714285714285714,2484
Alfie Burden,Scott Donaldson,7,1287,1251,0.549086208422272,0.5224848247918001,638,343,4630,2382,196,95,1306,632,99,44,541,264,84,35,477,216,4,3,0.0,0.5714285714285714,2484
Oliver Brown,Oliver Lines,7,1184,1241,0.4225943374899878,0.4644351620161461,163,72,899,423,171,88,1074,546,0,0,236,113,107,49,547,263,4,0,0.0,1.0,2484
Luca Brecel,Ashley Carty,7,1467,1216,0.8033111045084242,0.6519223788927313,295,168,2021,1081,106,55,619,318,198,116,890,505,0,0,234,126,4,1,0.0,0.8,2484
Alex Borg,Eden Sharav,7,1115,1180,0.4119083649163239,0.4594641607262107,357,152,2557,1166,117,56,708,335,64,19,292,127,88,35,385,160,4,1,0.0,0.8,2484
Nigel Bond,Joshua Thomond,7,1205,1001,0.756630061657872,0.6248064744684293,832,455,6600,3461,11,5,60,29,58,16,421,180,0,0,60,29,4,3,0.0,0.5714285714285714,2484
Jamie Barrett,Chris Totten,7,1058,997,0.5827567809217526,0.5380512843858591,65,26,381,168,21,5,118,40,63,17,212,84,67,19,107,37,4,2,0.0,0.6666666666666666,2484
Sam Baird,Jimmy Robertson,7,1279,1386,0.3571206786692294,0.43352094403237207,307,160,2135,1098,437,239,2943,1534,88,39,603,305,179,96,781,426,4,0,0.0,1.0,2484
John Astley,Daniel Holoyda,7,1282,984,0.843794955427504,0.6780882495516275,171,81,1062,498,2,0,11,3,111,53,343,164,0,0,11,3,4,0,0.0,1.0,2484
Zhao Xintong,Kuldesh Johal,7,1352,1182,0.7192100641468833,0.6046790847140093,114,60,767,411,198,111,1327,706,106,53,454,243,0,0,109,54,4,0,0.0,1.0,2484
Ben Woollaston,Brian Cini,7,1377,1080,0.8429989187038389,0.6775422953274692,546,313,3532,1882,35,17,179,96,181,95,963,504,0,0,108,61,4,0,0.0,1.0,2484
Kyren Wilson,Jamie Barrett,7,1431,1058,0.8956083654896791,0.7175822059302752,394,242,2558,1408,65,26,381,168,234,127,1071,602,63,17,212,84,4,0,0.0,1.0,2484
Gary Wilson,Rod Lawler,7,1359,1229,0.6716853028295744,0.5805423048206596,368,213,2359,1283,791,428,6014,3114,120,63,599,314,63,19,569,264,4,0,0.0,1.0,2484
Michael White,Robbie Williams,7,1332,1315,0.5232282019769063,0.5106234010049637,436,249,2936,1556,331,179,2152,1098,159,79,981,511,113,51,599,299,4,1,0.0,0.8,2484
Chris Wakelin,Noppon Saengkham,7,1285,1325,0.44549420086403224,0.47502081252106,151,77,1015,509,182,80,1305,612,123,62,587,292,146,77,604,286,4,0,0.0,1.0,2484
Andy Symons,David Grace,7,1028,1219,0.257331545698999,0.38284263734702784,38,19,213,106,293,132,1939,929,0,0,6,2,84,33,511,241,4,0,0.0,1.0,2484
Joe Swail,Adam Edge,7,1245,997,0.8005143732994051,0.6502185485738271,813,435,6345,3297,37,14,212,96,78,32,551,266,0,0,111,52,4,2,0.0,0.6666666666666666,2484
Matthew Stevens,Sam Craigie,7,1305,1300,0.5068355814796678,0.5031249593105316,906,529,7017,3819,135,69,819,425,81,33,624,323,100,46,375,199,4,0,0.0,1.0,2484
Craig Steadman,Yu Delu,7,1216,1321,0.3596701363363135,0.43474925243290014,406,219,2686,1406,254,129,1771,896,77,29,499,232,131,70,531,259,4,3,0.0,0.5714285714285714,2484
Mark Selby,Michael Williams,7,1552,1091,0.9382767050137978,0.7599672558590728,1012,701,7343,4290,46,24,230,123,206,118,1475,909,0,0,150,80,4,1,0.0,0.8,2484
George Pragnall,Barry Pinches,7,1063,1224,0.2911708832817938,0.40071183649164394,31,14,187,87,718,369,5617,2908,0,0,129,59,0,0,258,115,4,3,0.0,0.5714285714285714,2484
Joe O'Connor,Harvey Chandler,7,1082,974,0.644151517953897,0.5670929049654543,76,34,461,215,7,2,37,12,4,0,245,111,0,0,17,6,4,1,0.0,0.8,2484
Shaun Murphy,Sam Baird,7,1488,1279,0.7618819203066071,0.6277321638605189,960,632,7090,4056,307,160,2135,1098,225,131,1171,699,88,39,603,305,4,1,0.0,0.8,2484
Alan McManus,Kurt Maflin,7,1382,1362,0.5273209820427867,0.5124973964842103,905,538,7583,4027,497,287,3341,1804,119,61,741,399,138,73,703,371,4,3,0.0,0.5714285714285714,2484
Mitchell Mann,Robert James,7,1224,1151,0.5987085312450529,0.5454987872127821,217,100,1377,661,102,60,640,344,94,41,484,213,0,0,0,0,4,1,0.0,0.8,2484
Peter Lines,Jak Jones,7,1290,1156,0.6765921632853334,0.5829754542011996,749,404,5440,2822,153,60,990,434,107,51,548,270,79,28,238,98,4,2,0.0,0.6666666666666666,2484
Mark King,Luca Brecel,7,1407,1467,0.4185795134993229,0.46257015465625045,896,503,6591,3469,295,168,2021,1081,211,114,938,521,198,116,890,505,4,1,0.0,0.8,2484
Mark Joyce,Andrew Higginson,7,1357,1331,0.5354968818114487,0.5162442810620724,428,226,3099,1577,680,405,4794,2629,163,82,635,331,91,45,628,333,4,1,0.0,0.8,2484
Jamie Jones,Martin O'Donnell,7,1309,1318,0.48769738857442835,0.4943752372926745,464,277,3066,1660,275,132,1709,854,102,48,666,352,108,53,474,239,4,2,0.0,0.6666666666666666,2484
David Gilbert,Nigel Bond,7,1414,1205,0.7618819203066071,0.6277321638605189,536,306,3902,2093,832,455,6600,3461,220,122,1052,587,58,16,421,180,4,3,0.0,0.5714285714285714,2484
Michael Georgiou,Fergal O'Brien,7,1278,1286,0.48906395814377107,0.4950001666600003,190,88,1160,567,845,481,6357,3352,93,42,524,253,86,36,751,387,4,3,0.0,0.5714285714285714,2484
Tom Ford,Alexander Ursenbacher,7,1374,1251,0.6630224339222315,0.5762749224932653,564,322,4012,2140,90,39,541,248,153,83,749,407,111,53,284,146,4,1,0.0,0.8,2484
Peter Ebdon,Jack Lisowski,7,1323,1426,0.36222625682132775,0.43597836257374245,1041,595,8181,4389,378,225,2474,1343,131,67,836,445,197,110,674,356,4,1,0.0,0.8,2484
Mike Dunn,Alex Borg,7,1268,1115,0.6994442564412618,0.5944759307482401,679,361,4988,2569,357,152,2557,1166,102,51,627,322,64,19,292,127,4,2,0.0,0.6666666666666666,2484
Ken Doherty,Ian Preece,7,1304,1236,0.5920814957526257,0.542397940774351,1097,668,8976,4926,204,112,1477,763,106,53,570,276,92,41,212,104,4,1,0.0,0.8,2484
Paul Davison,Fang Xiongman,7,1131,1169,0.44820271004203943,0.4762678458734389,638,331,4498,2278,59,26,343,158,59,17,407,170,85,35,231,104,4,0,0.0,1.0,2484
Dominic Dale,John Astley,7,1359,1282,0.6039885915613215,0.5479769376367963,889,511,6351,3391,171,81,1062,498,108,57,885,472,111,53,343,164,4,0,0.0,1.0,2484
Jamie Cope,Aditya Mehta,7,1234,1237,0.4958985144028909,0.498125008789013,536,285,3644,1851,269,131,1838,904,0,0,390,182,95,42,380,172,4,2,0.0,0.6666666666666666,2484
Stuart Carrington,Ricky Walden,7,1323,1365,0.44278839657477087,0.4737740906279313,290,156,1855,973,782,476,5527,3058,86,42,583,298,215,117,1078,583,4,3,0.0,0.5714285714285714,2484
Ian Burns,Alfie Burden,7,1253,1287,0.45362731252530075,0.4787627850337259,299,154,1886,961,638,343,4630,2382,73,27,488,225,99,44,541,264,4,2,0.0,0.6666666666666666,2484
Oliver Brown,Liam Highfield,7,1184,1365,0.2683658456228286,0.3887665333241305,163,72,899,423,322,174,2194,1155,0,0,236,113,134,67,562,290,4,3,0.0,0.5714285714285714,2484
Zhao Xintong,Craig Steadman,7,1352,1216,0.6790334655716898,0.5841905229354074,114,60,767,411,406,219,2686,1406,106,53,454,243,77,29,499,232,4,2,0.0,0.6666666666666666,2484
Ben Woollaston,Stuart Carrington,7,1377,1323,0.573382262278332,0.5336988354329009,546,313,3532,1882,290,156,1855,973,181,95,963,504,86,42,583,298,4,1,0.0,0.8,2484
Kyren Wilson,Alan McManus,7,1431,1382,0.5666587144886649,0.530586760182081,394,242,2558,1408,905,538,7583,4027,234,127,1071,602,119,61,741,399,4,0,0.0,1.0,2484
Gary Wilson,Andy Symons,7,1359,1028,0.8684878923525275,0.6958260586292875,368,213,2359,1283,38,19,213,106,120,63,599,314,0,0,6,2,4,1,0.0,0.8,2484
Michael White,Mike Dunn,7,1332,1268,0.5867595016023184,0.5399148845555657,436,249,2936,1556,679,361,4988,2569,159,79,981,511,102,51,627,322,4,0,0.0,1.0,2484
Chris Wakelin,Michael Georgiou,7,1285,1278,0.5095693356278297,0.5043748883497735,151,77,1015,509,190,88,1160,567,123,62,587,292,93,42,524,253,4,3,0.0,0.5714285714285714,2484
Mark Selby,Joe Swail,7,1552,1245,0.850832110932218,0.6829798455801029,1012,701,7343,4290,813,435,6345,3297,206,118,1475,909,78,32,551,266,4,3,0.0,0.5714285714285714,2484
George Pragnall,David Gilbert,7,1063,1414,0.11801030518984539,0.29369610806359303,31,14,187,87,536,306,3902,2093,0,0,129,59,220,122,1052,587,4,3,0.0,0.5714285714285714,2484
Shaun Murphy,Ken Doherty,7,1488,1304,0.7349708541108757,0.6130141761393355,960,632,7090,4056,1097,668,8976,4926,225,131,1171,699,106,53,570,276,4,0,0.0,1.0,2484
Mitchell Mann,Oliver Brown,7,1224,1184,0.5545057991359676,0.52497918747894,217,100,1377,661,163,72,899,423,94,41,484,213,0,0,236,113,4,1,0.0,0.8,2484
Peter Lines,Paul Davison,7,1290,1131,0.7064965786766507,0.5980868603322034,749,404,5440,2822,638,331,4498,2278,107,51,548,270,59,17,407,170,4,1,0.0,0.8,2484
Mark King,Peter Ebdon,7,1407,1323,0.6131794491635048,0.5523079095743253,896,503,6591,3469,1041,595,8181,4389,211,114,938,521,131,67,836,445,4,1,0.0,0.8,2484
Mark Joyce,Matthew Stevens,7,1357,1305,0.5706954446194282,0.5324543063873187,428,226,3099,1577,906,529,7017,3819,163,82,635,331,81,33,624,323,4,1,0.0,0.8,2484
Jamie Jones,Dominic Dale,7,1309,1359,0.43199486323846364,0.46879062662624377,464,277,3066,1660,889,511,6351,3391,102,48,666,352,108,57,885,472,4,2,0.0,0.6666666666666666,2484
Tom Ford,Jamie Cope,7,1374,1234,0.6838913574482577,0.5866175789173301,564,322,4012,2140,536,285,3644,1851,153,83,749,407,0,0,390,182,4,0,0.0,1.0,2484
Ian Burns,Joe O'Connor,7,1253,1082,0.7203516579445735,0.6052765337748445,299,154,1886,961,76,34,461,215,73,27,488,225,4,0,245,111,4,0,0.0,1.0,2484
Ben Woollaston,Tom Ford,7,1377,1374,0.5041014855971089,0.5018749912109869,546,313,3532,1882,564,322,4012,2140,181,95,963,504,153,83,749,407,4,0,0.0,1.0,2484
Gary Wilson,Chris Wakelin,7,1359,1285,0.6000303895586184,0.5461185410457796,368,213,2359,1283,151,77,1015,509,120,63,599,314,123,62,587,292,4,2,0.0,0.6666666666666666,2484
Michael White,Mark Selby,7,1332,1552,0.22679952149986343,0.36586440898919936,436,249,2936,1556,1012,701,7343,4290,159,79,981,511,206,118,1475,909,4,1,0.0,0.8,2484
Shaun Murphy,Zhao Xintong,7,1488,1352,0.6790334655716898,0.5841905229354074,960,632,7090,4056,114,60,767,411,225,131,1171,699,106,53,454,243,4,2,0.0,0.6666666666666666,2484
Mitchell Mann,George Pragnall,7,1224,1063,0.7088291167182063,0.5992881635083561,217,100,1377,661,31,14,187,87,94,41,484,213,0,0,129,59,4,1,0.0,0.8,2484
Mark Joyce,Mark King,7,1357,1407,0.43199486323846364,0.46879062662624377,428,226,3099,1577,896,503,6591,3469,163,82,635,331,211,114,938,521,4,3,0.0,0.5714285714285714,2484
Jamie Jones,Peter Lines,7,1309,1290,0.5259570402770714,0.5118727677562528,464,277,3066,1660,749,404,5440,2822,102,48,666,352,107,51,548,270,4,0,0.0,1.0,2484
Ian Burns,Kyren Wilson,7,1253,1431,0.27172488874541606,0.3905502163716748,299,154,1886,961,394,242,2558,1408,73,27,488,225,234,127,1071,602,4,3,0.0,0.5714285714285714,2484
Michael White,Ian Burns,7,1332,1253,0.6066210971235376,0.5492151291013335,436,249,2936,1556,299,154,1886,961,159,79,981,511,73,27,488,225,4,1,0.0,0.8,2484
Shaun Murphy,Ben Woollaston,7,1488,1377,0.6479578189910667,0.5689332093695465,960,632,7090,4056,546,313,3532,1882,225,131,1171,699,181,95,963,504,4,2,0.0,0.6666666666666666,2484
Mitchell Mann,Mark Joyce,7,1224,1357,0.3246315371699399,0.41763245927192055,217,100,1377,661,428,226,3099,1577,94,41,484,213,163,82,635,331,4,3,0.0,0.5714285714285714,2484
Jamie Jones,Gary Wilson,7,1309,1359,0.43199486323846364,0.46879062662624377,464,277,3066,1660,368,213,2359,1283,102,48,666,352,120,63,599,314,4,2,0.0,0.6666666666666666,2484
Michael White,Mitchell Mann,7,1332,1224,0.644151517953897,0.5670929049654543,436,249,2936,1556,217,100,1377,661,159,79,981,511,94,41,484,213,4,1,0.0,0.8,2484
Shaun Murphy,Jamie Jones,7,1488,1309,0.7293972619311108,0.610044672404527,960,632,7090,4056,464,277,3066,1660,225,131,1171,699,102,48,666,352,4,3,0.0,0.5714285714285714,2484
Michael White,Shaun Murphy,7,1332,1488,0.2970193973349833,0.40371730070321216,436,249,2936,1556,960,632,7090,4056,159,79,981,511,225,131,1171,699,4,2,0.0,0.6666666666666666,2484
Chen Zifan,Dominic Dale,9,1098,1373,0.14678289645826095,0.334589441253186,50,22,296,129,892,513,6366,3401,84,31,172,70,123,67,900,482,5,3,0.0,0.625,2424
Cao Yupeng,Yu Delu,9,1405,1333,0.609266333359509,0.5448788923735801,231,118,1663,844,256,130,1782,903,213,122,533,268,142,77,542,266,5,3,0.0,0.625,2424
Zhou Yuelong,Christopher Keogan,9,1391,1147,0.8247868019279315,0.6479408020806503,142,78,953,502,129,51,719,330,115,64,659,354,65,19,325,153,5,3,0.0,0.625,2424
Ben Woollaston,Lukas Kleckers,9,1419,1069,0.9081233677303755,0.7057850278370112,551,317,3556,1900,51,18,309,133,205,113,987,522,63,17,250,105,5,3,0.0,0.625,2424
Mark Williams,Jak Jones,9,1638,1163,0.9626825400346308,0.7662936430859597,1321,870,9989,5744,155,61,1001,440,268,183,1367,824,90,34,249,104,5,3,0.0,0.625,2424
Michael White,Martin O'Donnell,9,1409,1309,0.6499012213921682,0.5621765008857981,443,256,2973,1584,277,133,1722,860,196,107,1018,539,121,59,487,245,5,3,0.0,0.625,2424
Daniel Wells,Ma Chunmao,9,1298,1089,0.7885454656789053,0.6277321638605189,323,157,2163,1070,25,12,134,70,113,55,536,268,18,7,57,28,5,2,0.0,0.7142857142857143,2424
Daniel Wells,Ma Chunmao,9,1298,1089,0.7885454656789053,0.6277321638605189,323,157,2163,1070,25,12,134,70,113,55,536,268,18,7,57,28,5,2,0.0,0.7142857142857143,2424
Chris Wakelin,Fang Xiongman,9,1312,1155,0.7268865315426611,0.596884378259767,155,80,1036,523,61,27,354,162,144,76,608,306,96,39,242,108,5,3,0.0,0.625,2424
Hossein Vafaei,Soheil Vahedi,9,1299,1077,0.8025160233947083,0.6352948493228071,75,41,570,283,20,5,138,56,157,79,392,191,103,43,138,56,5,0,0.0,1.0,2424
Thepchaiya Un-Nooh,Chris Totten,9,1385,991,0.9319738736042507,0.7280991982662492,291,167,2104,1115,22,5,124,42,188,98,875,467,73,21,113,39,5,4,0.0,0.5555555555555556,2424
Judd Trump,Xu Si,9,1630,1148,0.96466675230242,0.7694130612287485,829,561,5597,3308,35,15,229,99,238,154,1426,881,115,52,185,84,5,1,0.0,0.8333333333333334,2424
Allan Taylor,Jack Lisowski,9,1157,1403,0.1732747404981928,0.3509194757554267,266,122,1585,770,380,226,2486,1348,94,37,390,152,209,115,686,361,5,3,0.0,0.625,2424
Matthew Stevens,Ashley Hugill,9,1318,1182,0.699552494810083,0.5841905229354074,909,531,7031,3828,89,42,504,241,95,42,638,332,100,42,431,212,5,2,0.0,0.7142857142857143,2424
Elliot Slessor,Jamie Jones,9,1301,1356,0.4160666695379549,0.4656790563306954,144,66,876,411,470,282,3101,1683,154,79,458,225,137,71,701,375,5,0,0.0,1.0,2424
Matthew Selt,Peter Lines,9,1408,1292,0.6723703942210427,0.5719961329315186,522,287,3572,1875,753,407,5460,2834,140,71,993,537,127,63,568,282,5,4,0.0,0.5555555555555556,2424
Mark Selby,Luo Honghao,9,1534,1055,0.9638277543573075,0.7680797488721223,1016,704,7366,4303,19,10,105,53,229,131,1498,922,7,2,30,12,5,1,0.0,0.8333333333333334,2424
Noppon Saengkham,Rhys Clark,9,1312,1175,0.7008831543460528,0.584797674717737,184,81,1315,616,107,46,657,298,156,81,614,290,63,20,381,161,5,4,0.0,0.5555555555555556,2424
Neil Robertson,Gerard Greene,9,1539,1239,0.8736516395059266,0.679178699175393,843,554,6181,3534,685,369,5108,2665,223,139,1018,620,116,51,444,216,5,2,0.0,0.7142857142857143,2424
Jimmy Robertson,David John,9,1368,1103,0.8444228547259001,0.6598217549720575,438,239,2947,1534,85,39,555,265,183,96,785,426,20,3,158,65,5,0,0.0,1.0,2424
Ian Preece,Ricky Walden,9,1226,1371,0.2885741864909932,0.4103545214372688,205,112,1482,764,784,477,5538,3065,97,42,217,105,226,124,1089,590,5,0,0.0,1.0,2424
Joe Perry,Eden Sharav,9,1430,1166,0.843523743777612,0.6592603884513855,990,588,7117,3851,118,56,713,336,181,102,1124,637,93,36,390,161,5,1,0.0,0.8333333333333334,2424
Tian Pengfei,Fan Zhengyi,9,1333,992,0.9025228904452295,0.7010913114266953,349,196,2317,1237,7,1,44,16,128,67,594,315,6,1,26,10,5,2,0.0,0.7142857142857143,2424
Fergal O'Brien,Sam Craigie,9,1282,1284,0.49692386016813683,0.49875000260416025,847,482,6371,3359,136,69,823,425,100,43,765,394,104,46,379,199,5,3,0.0,0.625,2424
Shaun Murphy,Zhang Anda,9,1502,1347,0.7243399491478313,0.5956807306078472,967,638,7130,4082,283,142,1973,989,265,157,1211,725,113,55,639,325,5,2,0.0,0.7142857142857143,2424
Robert Milkins,Zhao Xintong,9,1381,1376,0.5076899290397746,0.5031249593105316,809,488,5905,3212,118,63,787,425,188,104,983,522,126,67,474,257,5,2,0.0,0.7142857142857143,2424
Aditya Mehta,Robbie Williams,9,1239,1314,0.38630986299123704,0.45326184801538616,271,132,1850,910,333,180,2163,1103,107,48,392,178,124,56,610,304,5,4,0.0,0.5555555555555556,2424
Alan McManus,Hammad Miah,9,1377,1188,0.7659005155576041,0.6159753019181258,908,540,7599,4035,118,44,770,334,135,69,757,407,85,33,468,216,5,4,0.0,0.5555555555555556,2424
Rory McLeod,Chen Zhe,9,1249,1215,0.5521379462338207,0.5212372149662741,546,297,4046,2100,190,92,1167,571,118,54,579,281,81,30,246,110,5,3,0.0,0.625,2424
Anthony McGill,Craig Steadman,9,1466,1229,0.8178889041226648,0.643938555965633,439,273,2887,1606,409,221,2705,1416,270,152,1051,595,96,39,518,242,5,3,0.0,0.625,2424
Stephen Maguire,Jamie Barrett,9,1461,1055,0.9375273648351375,0.7339975165215696,887,586,6466,3678,67,27,391,172,206,119,1046,584,73,21,222,88,5,1,0.0,0.8333333333333334,2424
Kurt Maflin,Thor Chuan Leong,9,1365,1157,0.7874461495888876,0.6271477663131956,499,288,3353,1811,66,19,437,173,150,80,715,378,80,32,409,170,5,3,0.0,0.625,2424
Oliver Lines,Duane Jones,9,1224,1202,0.5337952923373129,0.513746534902355,172,88,1078,546,143,74,839,439,111,49,551,263,72,24,332,143,5,2,0.0,0.7142857142857143,2424
Ding Junhui,Niu Zhuang,9,1499,1082,0.9422869761939735,0.7393320946525015,686,460,5206,2980,40,14,238,94,150,87,1043,597,87,34,137,56,5,1,0.0,0.8333333333333334,2424
Mark Joyce,Rod Lawler,9,1387,1217,0.7431353377857283,0.6046790847140093,433,230,3127,1596,793,429,6025,3118,191,101,663,350,74,23,580,268,5,3,0.0,0.625,2424
Michael Holt,Kurt Dunham,9,1373,931,0.9519978672777369,0.7511957822308614,785,457,5696,3032,24,3,136,34,174,91,1105,587,62,14,136,34,5,0,0.0,1.0,2424
Andrew Higginson,Hu Hao,9,1324,1112,0.7918223659012522,0.6294831119673949,682,406,4805,2634,29,13,167,82,102,50,639,338,21,8,57,25,5,1,0.0,0.8333333333333334,2424
John Higgins,Lyu Haotian,9,1600,1260,0.9018847190305681,0.7005671424739729,1358,963,10833,6420,102,43,706,324,281,185,1389,846,160,81,279,140,5,0,0.0,1.0,2424
Barry Hawkins,John Astley,9,1405,1278,0.6874521458116047,0.578714862460134,861,529,6157,3411,173,82,1070,502,119,61,996,551,119,57,351,168,5,4,0.0,0.5555555555555556,2424
Li Hang,Joe Swail,9,1367,1251,0.6723703942210427,0.5719961329315186,231,118,1653,857,816,437,6365,3308,169,94,651,348,98,43,571,277,5,3,0.0,0.625,2424
Anthony Hamilton,Robin Hull,9,1306,1295,0.5169136156946217,0.5068745667645342,800,463,6183,3302,507,302,3845,2103,77,30,547,270,86,34,489,248,5,3,0.0,0.625,2424
Xiao Guodong,Hamza Akbar,9,1413,1062,0.9087298931566316,0.706303891936407,398,233,2655,1468,27,4,193,67,174,103,694,387,46,16,193,67,5,4,0.0,0.5555555555555556,2424
David Grace,Mei Xiwen,9,1211,1301,0.3644340928307144,0.44398610945538003,295,133,1947,933,79,40,517,260,92,37,519,245,103,51,261,139,5,4,0.0,0.5555555555555556,2424
Martin Gould,Adam Duffy,9,1416,1287,0.690160189469792,0.5799334001885058,625,379,4214,2311,318,163,2019,1036,214,116,883,496,85,33,613,321,5,1,0.0,0.8333333333333334,2424
David Gilbert,Mitchell Mann,9,1397,1266,0.6928574316362668,0.5811509642893937,538,307,3916,2100,223,105,1410,682,234,129,1066,594,127,62,517,234,5,4,0.0,0.5555555555555556,2424
Michael Georgiou,Kyren Wilson,9,1280,1452,0.2544125299696614,0.3941263315682394,193,90,1180,578,398,245,2577,1423,113,53,544,264,253,142,1090,617,5,1,0.0,0.8333333333333334,2424
Marco Fu,Sanderson Lam,9,1439,1125,0.8841448555450592,0.6867567266439019,837,498,6201,3384,120,46,728,322,174,97,1111,628,76,28,352,146,5,0,0.0,1.0,2424
Tom Ford,Yuan Sijun,9,1390,1185,0.7841272219045134,0.6253923497205511,568,325,4029,2152,49,17,327,138,170,95,766,419,91,38,256,119,5,3,0.0,0.625,2424
Peter Ebdon,Nigel Bond,9,1342,1206,0.699552494810083,0.5841905229354074,1044,597,8196,4398,834,456,6614,3468,146,76,851,454,72,23,435,187,5,3,0.0,0.625,2424
Mike Dunn,Alex Borg,9,1263,1125,0.7022109959534144,0.585404569129465,682,363,5003,2577,359,153,2568,1172,117,59,642,330,75,25,303,133,5,2,0.0,0.7142857142857143,2424
Ken Doherty,Gary Wilson,9,1311,1377,0.3996254479222332,0.45884333184977194,1100,670,8990,4934,373,217,2386,1301,120,61,584,284,147,81,626,332,5,1,0.0,0.8333333333333334,2424
Ryan Day,Jimmy White,9,1394,1194,0.7785260616735107,0.6224593312018546,854,516,5976,3294,1406,784,12051,6331,214,112,1110,622,83,31,366,157,5,0,0.0,1.0,2424
Mark Davis,Alexander Ursenbacher,9,1388,1250,0.7022109959534144,0.585404569129465,1030,619,7297,3988,92,40,552,253,125,64,1070,600,122,58,295,151,5,2,0.0,0.7142857142857143,2424
Ali Carter,Ross Muir,9,1502,1225,0.8549331199994852,0.6665228332551123,863,522,6095,3367,132,48,889,396,118,67,951,541,98,42,474,211,5,2,0.0,0.7142857142857143,2424
Stuart Carrington,Scott Donaldson,9,1326,1248,0.6180984609900165,0.5485961085831343,293,158,1872,982,197,95,1313,635,103,51,600,307,91,38,484,219,5,1,0.0,0.8333333333333334,2424
Ian Burns,Liang Wenbo,9,1278,1460,0.24234756182196188,0.3881726309982629,304,158,1915,978,565,345,3924,2177,102,44,517,242,191,110,1176,669,5,3,0.0,0.625,2424
Alfie Burden,Paul Davison,9,1281,1146,0.6982190316058211,0.5835831155172753,640,344,4643,2388,641,333,4514,2287,112,50,554,270,75,26,423,179,5,2,0.0,0.7142857142857143,2424
Luca Brecel,Sean O'Sullivan,9,1459,1139,0.888437763640334,0.6899744811276125,297,169,2031,1086,179,74,1123,515,208,121,900,510,73,21,438,199,5,2,0.0,0.7142857142857143,2424
Yan Bingtao,Wang Yuchen,9,1503,1101,0.9357188635287434,0.7320405018416317,92,57,622,353,53,15,340,133,196,123,484,277,87,35,224,89,5,1,0.0,0.8333333333333334,2424
Stuart Bingham,Billy Joe Castle,9,1522,1101,0.9439418910041667,0.7412546787548828,1016,646,7415,4231,31,14,183,87,161,100,1365,794,99,40,140,63,5,0,0.0,1.0,2424
Sam Baird,Josh Boileau,9,1290,1044,0.8267252595018073,0.6490805242445733,309,161,2144,1103,73,31,409,184,97,44,612,310,70,21,248,100,5,2,0.0,0.7142857142857143,2424
Mark Allen,Lee Walker,9,1537,1250,0.8633002845321215,0.6720562626502714,692,450,4776,2697,436,238,3372,1734,274,165,1058,615,100,43,495,230,5,3,0.0,0.625,2424
Zhou Yuelong,Chen Zifan,9,1391,1098,0.8681512578497216,0.6753536404444148,142,78,953,502,50,22,296,129,115,64,659,354,84,31,172,70,5,4,0.0,0.5555555555555556,2424
Mark Williams,Tian Pengfei,9,1638,1333,0.8774764322222064,0.6818962645895934,1321,870,9989,5744,349,196,2317,1237,268,183,1367,824,128,67,594,315,5,2,0.0,0.7142857142857143,2424
Michael White,Xiao Guodong,9,1409,1413,0.4938479125874028,0.49750002083312506,443,256,2973,1584,398,233,2655,1468,196,107,1018,539,174,103,694,387,5,3,0.0,0.625,2424
Thepchaiya Un-Nooh,Michael Holt,9,1385,1373,0.518450112354223,0.5074994375506203,291,167,2104,1115,785,457,5696,3032,188,98,875,467,174,91,1105,587,5,2,0.0,0.7142857142857143,2424
Judd Trump,Daniel Wells,9,1630,1298,0.8966632246585242,0.6963549298238342,829,561,5597,3308,323,157,2163,1070,238,154,1426,881,113,55,536,268,5,2,0.0,0.7142857142857143,2424
Allan Taylor,Ian Burns,9,1157,1278,0.3207355606290955,0.424946451444212,266,122,1585,770,304,158,1915,978,94,37,390,152,102,44,517,242,5,4,0.0,0.5555555555555556,2424
Matthew Stevens,Mark Allen,9,1318,1537,0.20065488566813539,0.3664446223632249,909,531,7031,3828,692,450,4776,2697,95,42,638,332,274,165,1058,615,5,4,0.0,0.5555555555555556,2424
Mark Selby,Noppon Saengkham,9,1534,1312,0.8025160233947083,0.6352948493228071,1016,704,7366,4303,184,81,1315,616,229,131,1498,922,156,81,614,290,5,1,0.0,0.8333333333333334,2424
Ronnie O'Sullivan,Sam Baird,9,1745,1290,0.9564804870727159,0.75722034035404,1172,897,10194,6239,309,161,2144,1103,260,179,959,626,97,44,612,310,5,2,0.0,0.7142857142857143,2424
Fergal O'Brien,Mark King,9,1282,1430,0.28466862205354465,0.40854102156721994,847,482,6371,3359,900,506,6614,3484,100,43,765,394,234,129,961,536,5,3,0.0,0.625,2424
Shaun Murphy,Ken Doherty,9,1502,1311,0.7682267848118195,0.6171573626529722,967,638,7130,4082,1100,670,8990,4934,265,157,1211,725,120,61,584,284,5,4,0.0,0.5555555555555556,2424
Alan McManus,Elliot Slessor,9,1377,1301,0.6151613259908093,0.5473576181430894,908,540,7599,4035,144,66,876,411,135,69,757,407,154,79,458,225,5,3,0.0,0.625,2424
Stephen Maguire,Rory McLeod,9,1461,1249,0.7918223659012522,0.6294831119673949,887,586,6466,3678,546,297,4046,2100,206,119,1046,584,118,54,579,281,5,1,0.0,0.8333333333333334,2424
Kurt Maflin,Michael Georgiou,9,1365,1280,0.6283212305936767,0.5529259881329059,499,288,3353,1811,193,90,1180,578,150,80,715,378,113,53,544,264,5,0,0.0,1.0,2424
Ding Junhui,Alfie Burden,9,1499,1281,0.7982810462660692,0.6329747766804606,686,460,5206,2980,640,344,4643,2388,150,87,1043,597,112,50,554,270,5,2,0.0,0.7142857142857143,2424
Mark Joyce,Anthony McGill,9,1387,1466,0.3804356342372483,0.45078487089866653,433,230,3127,1596,439,273,2887,1606,191,101,663,350,270,152,1051,595,5,2,0.0,0.7142857142857143,2424
John Higgins,Chris Wakelin,9,1600,1312,0.864117564265544,0.6726070170677604,1358,963,10833,6420,155,80,1036,523,281,185,1389,846,144,76,608,306,5,2,0.0,0.7142857142857143,2424
Barry Hawkins,Oliver Lines,9,1405,1224,0.7564607688598808,0.6112334666758695,861,529,6157,3411,172,88,1078,546,119,61,996,551,111,49,551,263,5,2,0.0,0.7142857142857143,2424
Li Hang,Neil Robertson,9,1367,1539,0.2544125299696614,0.3941263315682394,231,118,1653,857,843,554,6181,3534,169,94,651,348,223,139,1018,620,5,4,0.0,0.5555555555555556,2424
Anthony Hamilton,Peter Ebdon,9,1306,1342,0.44481517986127356,0.4775151752081999,800,463,6183,3302,1044,597,8196,4398,77,30,547,270,146,76,851,454,5,3,0.0,0.625,2424
David Grace,Ian Preece,9,1211,1226,0.476942221670483,0.4906260984783392,295,133,1947,933,205,112,1482,764,92,37,519,245,97,42,217,105,5,4,0.0,0.5555555555555556,2424
Martin Gould,Andrew Higginson,9,1416,1324,0.6384497606491344,0.5572478545985555,625,379,4214,2311,682,406,4805,2634,214,116,883,496,102,50,639,338,5,2,0.0,0.7142857142857143,2424
David Gilbert,Stuart Carrington,9,1397,1326,0.6077883896186873,0.5442588584178731,538,307,3916,2100,293,158,1872,982,234,129,1066,594,103,51,600,307,5,4,0.0,0.5555555555555556,2424
Marco Fu,Hossein Vafaei,9,1439,1299,0.7048581689623228,0.5866175789173301,837,498,6201,3384,75,41,570,283,174,97,1111,628,157,79,392,191,5,3,0.0,0.625,2424
Tom Ford,Matthew Selt,9,1390,1408,0.47233779389677,0.4887518980531451,568,325,4029,2152,522,287,3572,1875,170,95,766,419,140,71,993,537,5,1,0.0,0.8333333333333334,2424
Mike Dunn,Joe Perry,9,1263,1430,0.26056696281087244,0.39711513267253384,682,363,5003,2577,990,588,7117,3851,117,59,642,330,181,102,1124,637,5,1,0.0,0.8333333333333334,2424
Graeme Dott,Robert Milkins,9,1409,1381,0.542978651056463,0.5174928576663897,819,480,6274,3361,809,488,5905,3212,180,98,878,473,188,104,983,522,5,3,0.0,0.625,2424
Ryan Day,Cao Yupeng,9,1394,1405,0.483086384305378,0.4931254332354657,854,516,5976,3294,231,118,1663,844,214,112,1110,622,213,122,533,268,5,3,0.0,0.625,2424
Mark Davis,Ben Woollaston,9,1388,1419,0.45243837566637274,0.4806346917700681,1030,619,7297,3988,551,317,3556,1900,125,64,1070,600,205,113,987,522,5,4,0.0,0.5555555555555556,2424
Ali Carter,Aditya Mehta,9,1502,1239,0.8426210458793881,0.6586985747356444,863,522,6095,3367,271,132,1850,910,118,67,951,541,107,48,392,178,5,4,0.0,0.5555555555555556,2424
Luca Brecel,Jimmy Robertson,9,1459,1368,0.6370088546286576,0.5566309599222533,297,169,2031,1086,438,239,2947,1534,208,121,900,510,183,96,785,426,5,2,0.0,0.7142857142857143,2424
Yan Bingtao,Stuart Bingham,9,1503,1522,0.4708038156707409,0.4881272322437472,92,57,622,353,1016,646,7415,4231,196,123,484,277,161,100,1365,794,5,3,0.0,0.625,2424
Zhou Yuelong,Mark Selby,9,1391,1534,0.2911925553363697,0.4115648798723618,142,78,953,502,1016,704,7366,4303,115,64,659,354,229,131,1498,922,5,4,0.0,0.5555555555555556,2424
Mark Williams,Ryan Day,9,1638,1394,0.8247868019279315,0.6479408020806503,1321,870,9989,5744,854,516,5976,3294,268,183,1367,824,214,112,1110,622,5,0,0.0,1.0,2424
Matthew Stevens,Thepchaiya Un-Nooh,9,1318,1385,0.39813953546930514,0.4582226307163632,909,531,7031,3828,291,167,2104,1115,95,42,638,332,188,98,875,467,5,2,0.0,0.7142857142857143,2424
Ronnie O'Sullivan,David Gilbert,9,1745,1397,0.906900923551623,0.7047456979980911,1172,897,10194,6239,538,307,3916,2100,260,179,959,626,234,129,1066,594,5,3,0.0,0.625,2424
Fergal O'Brien,Kurt Maflin,9,1282,1365,0.37459024383955214,0.44831033065729986,847,482,6371,3359,499,288,3353,1811,100,43,765,394,150,80,715,378,5,2,0.0,0.7142857142857143,2424
Shaun Murphy,Anthony Hamilton,9,1502,1306,0.773982891815793,0.6201064323430902,967,638,7130,4082,800,463,6183,3302,265,157,1211,725,77,30,547,270,5,0,0.0,1.0,2424
Alan McManus,Ding Junhui,9,1377,1499,0.31936441195255827,0.42433564895745063,908,540,7599,4035,686,460,5206,2980,135,69,757,407,150,87,1043,597,5,0,0.0,1.0,2424
Stephen Maguire,Yan Bingtao,9,1461,1503,0.4356958412515649,0.4737740906279313,887,586,6466,3678,92,57,622,353,206,119,1046,584,196,123,484,277,5,1,0.0,0.8333333333333334,2424
Li Hang,Michael White,9,1367,1409,0.4356958412515649,0.4737740906279313,231,118,1653,857,443,256,2973,1584,169,94,651,348,196,107,1018,539,5,4,0.0,0.5555555555555556,2424
Martin Gould,Mark Joyce,9,1416,1387,0.5445070087292267,0.5181170650431814,625,379,4214,2311,433,230,3127,1596,214,116,883,496,191,101,663,350,5,2,0.0,0.7142857142857143,2424
Tom Ford,John Higgins,9,1390,1600,0.21035872307753342,0.37168381170463377,568,325,4029,2152,1358,963,10833,6420,170,95,766,419,281,185,1389,846,5,2,0.0,0.7142857142857143,2424
Mike Dunn,Allan Taylor,9,1263,1157,0.6583974652784721,0.5658650028954817,682,363,5003,2577,266,122,1585,770,117,59,642,330,94,37,390,152,5,4,0.0,0.5555555555555556,2424
Graeme Dott,Judd Trump,9,1409,1630,0.1985373936572426,0.3652845846208415,819,480,6274,3361,829,561,5597,3308,180,98,878,473,238,154,1426,881,5,3,0.0,0.625,2424
Mark Davis,Barry Hawkins,9,1388,1405,0.4738722035413677,0.4893765989950364,1030,619,7297,3988,861,529,6157,3411,125,64,1070,600,119,61,996,551,5,3,0.0,0.625,2424
Ali Carter,David Grace,9,1502,1211,0.8665483049653652,0.6742564252229473,863,522,6095,3367,295,133,1947,933,118,67,951,541,92,37,519,245,5,4,0.0,0.5555555555555556,2424
Luca Brecel,Marco Fu,9,1459,1439,0.530729707309385,0.5124973964842103,297,169,2031,1086,837,498,6201,3384,208,121,900,510,174,97,1111,628,5,2,0.0,0.7142857142857143,2424
Zhou Yuelong,Martin Gould,9,1391,1416,0.46161033877953106,0.4843800842769844,142,78,953,502,625,379,4214,2311,115,64,659,354,214,116,883,496,5,2,0.0,0.7142857142857143,2424
Mark Williams,Tom Ford,9,1638,1390,0.828649321563008,0.6502185485738271,1321,870,9989,5744,568,325,4029,2152,268,183,1367,824,170,95,766,419,5,3,0.0,0.625,2424
Ronnie O'Sullivan,Graeme Dott,9,1745,1409,0.8992998775738518,0.6984652160025387,1172,897,10194,6239,819,480,6274,3361,260,179,959,626,180,98,878,473,5,0,0.0,1.0,2424
Fergal O'Brien,Alan McManus,9,1282,1377,0.3572399624584108,0.440902528097607,847,482,6371,3359,908,540,7599,4035,100,43,765,394,135,69,757,407,5,4,0.0,0.5555555555555556,2424
Shaun Murphy,Stephen Maguire,9,1502,1461,0.5627866210804462,0.5256025883246178,967,638,7130,4082,887,586,6466,3678,265,157,1211,725,206,119,1046,584,5,0,0.0,1.0,2424
Li Hang,Matthew Stevens,9,1367,1318,0.5748977901659925,0.530586760182081,231,118,1653,857,909,531,7031,3828,169,94,651,348,95,42,638,332,5,4,0.0,0.5555555555555556,2424
Ali Carter,Mark Davis,9,1502,1388,0.6695952090283444,0.5707716118944918,863,522,6095,3367,1030,619,7297,3988,118,67,951,541,125,64,1070,600,5,1,0.0,0.8333333333333334,2424
Luca Brecel,Mike Dunn,9,1459,1263,0.773982891815793,0.6201064323430902,297,169,2031,1086,682,363,5003,2577,208,121,900,510,117,59,642,330,5,3,0.0,0.625,2424
Shaun Murphy,Zhou Yuelong,9,1502,1391,0.6654140283737799,0.5689332093695465,967,638,7130,4082,142,78,953,502,265,157,1211,725,115,64,659,354,5,2,0.0,0.7142857142857143,2424
Li Hang,Mark Williams,9,1367,1638,0.150257703944063,0.33681950490064355,231,118,1653,857,1321,870,9989,5744,169,94,651,348,268,183,1367,824,5,3,0.0,0.625,2424
Ali Carter,Fergal O'Brien,9,1502,1282,0.8004056355270881,0.6341355910108007,863,522,6095,3367,847,482,6371,3359,118,67,951,541,100,43,765,394,5,2,0.0,0.7142857142857143,2424
Luca Brecel,Ronnie O'Sullivan,9,1459,1745,0.13752051822039713,0.3284949657745942,297,169,2031,1086,1172,897,10194,6239,208,121,900,510,260,179,959,626,5,4,0.0,0.5555555555555556,2424
Shaun Murphy,Ali Carter,11,1502,1502,0.5,0.5,967,638,7130,4082,863,522,6095,3367,265,157,1211,725,118,67,951,541,6,4,0.0,0.6,2424
Luca Brecel,Li Hang,11,1459,1367,0.6516385567369204,0.5572478545985555,297,169,2031,1086,231,118,1653,857,208,121,900,510,169,94,651,348,6,5,0.0,0.5454545454545454,2424
Luca Brecel,Shaun Murphy,19,1459,1502,0.40619801353850105,0.4731508513108857,297,169,2031,1086,967,638,7130,4082,208,121,900,510,265,157,1211,725,10,5,0.0,0.6666666666666666,2424
Judd Trump,Shaun Murphy,9,1617,1529,0.6326739656258834,0.5547792351072148,832,563,5618,3321,974,644,7188,4118,259,167,1447,894,323,193,1269,761,5,3,0.0,0.625,2475
Neil Robertson,Mark Selby,9,1529,1535,0.49077234947048,0.496250070310918,845,555,6197,3543,1019,706,7387,4317,239,148,1034,629,250,145,1519,936,5,3,0.0,0.625,2475
Ronnie O'Sullivan,John Higgins,9,1735,1595,0.7048581689623228,0.5866175789173301,1176,900,10223,6258,1361,965,10852,6432,289,198,988,645,300,197,1408,858,5,4,0.0,0.5555555555555556,2475
Marco Fu,Barry Hawkins,9,1443,1401,0.5643041587484351,0.5262259093720687,840,500,6221,3396,864,531,6181,3424,194,109,1131,640,143,74,1020,564,5,3,0.0,0.625,2475
Neil Robertson,Marco Fu,11,1529,1443,0.6422124980112687,0.5535439031511183,845,555,6197,3543,840,500,6221,3396,239,148,1034,629,194,109,1131,640,6,4,0.0,0.6,2475
Ronnie O'Sullivan,Judd Trump,11,1735,1617,0.691303602887055,0.5732197726798348,1176,900,10223,6258,832,563,5618,3321,289,198,988,645,259,167,1447,894,6,5,0.0,0.5454545454545454,2475
Neil Robertson,Ronnie O'Sullivan,11,1529,1735,0.19242847998463544,0.37402214223339625,845,555,6197,3543,1176,900,10223,6258,239,148,1034,629,289,198,988,645,6,3,0.0,0.6666666666666666,2475
Chen Zifan,Ross Muir,7,1125,1222,0.3699335043548132,0.4396703573114467,52,23,313,138,133,48,896,398,101,40,189,79,105,44,481,213,4,2,0.0,0.6666666666666666,2423
Cao Yupeng,Ricky Walden,7,1402,1347,0.5747243219334544,0.5343209436693046,233,119,1679,852,785,477,5543,3065,229,130,549,276,231,124,1094,590,4,0,0.0,1.0,2423
Zhou Yuelong,Kurt Dunham,7,1400,921,0.9449329675006553,0.7680797488721223,147,82,993,524,25,3,141,34,155,86,699,376,67,14,141,34,4,0,0.0,1.0,2423
Ben Woollaston,Mitchell Mann,7,1409,1268,0.685100616527281,0.587223690839335,553,318,3573,1909,224,105,1419,686,222,122,1004,531,136,66,526,238,4,1,0.0,0.8,2423
Kyren Wilson,Alfie Burden,7,1431,1283,0.6935058085008956,0.5914589784327801,399,245,2583,1424,642,345,4657,2395,259,143,1096,618,126,57,568,277,4,0,0.0,1.0,2423
Gary Wilson,Hu Hao,7,1359,1102,0.8088283859322067,0.655318370173895,374,217,2392,1302,30,13,173,83,153,82,632,333,27,9,63,26,4,2,0.0,0.6666666666666666,2423
Robbie Williams,Xu Si,7,1307,1145,0.7099919234270913,0.5998883688639983,334,180,2172,1107,36,15,235,100,133,60,619,308,121,53,191,85,4,2,0.0,0.6666666666666666,2423
Michael White,Rhys Clark,7,1415,1177,0.7910094256982455,0.6445115537062945,446,258,2998,1598,108,46,666,302,221,121,1043,553,72,24,390,165,4,1,0.0,0.8,2423
Jimmy White,Jak Jones,7,1179,1172,0.5095693356278297,0.5043748883497735,1407,784,12056,6331,156,61,1009,443,88,31,371,157,98,37,257,107,4,3,0.0,0.5714285714285714,2423
Lee Walker,Mei Xiwen,7,1253,1293,0.44549420086403224,0.47502081252106,437,238,3380,1737,80,40,526,264,108,46,503,233,112,55,270,143,4,1,0.0,0.8,2423
Hossein Vafaei,Anthony Hamilton,7,1311,1307,0.5054685677142574,0.5024999791668749,77,42,583,291,803,465,6204,3312,170,87,405,199,98,40,568,280,4,3,0.0,0.5714285714285714,2423
Alexander Ursenbacher,Billy Joe Castle,7,1243,1091,0.698260993708389,0.5938731029341427,93,40,559,255,32,14,188,87,129,60,302,153,104,40,145,63,4,0,0.0,1.0,2423
Thepchaiya Un-Nooh,Ian Preece,7,1371,1245,0.6667467241528153,0.5781052328843092,294,169,2127,1127,207,113,1496,773,211,110,898,479,111,51,231,114,4,3,0.0,0.5714285714285714,2423
Matthew Stevens,Chris Wakelin,7,1350,1312,0.5517972899579606,0.523732154126561,913,534,7063,3847,157,81,1051,530,127,61,670,351,159,83,623,313,4,3,0.0,0.5714285714285714,2423
Craig Steadman,Lyu Haotian,7,1230,1248,0.47540722540195457,0.4887518980531451,410,221,2713,1419,103,43,711,324,104,42,526,245,165,81,284,140,4,1,0.0,0.8,2423
Elliot Slessor,Jamie Clarke,7,1316,1246,0.5947357972115818,0.5436386872370789,146,67,889,419,136,70,810,424,167,87,471,233,41,18,344,177,4,0,0.0,1.0,2423
Eden Sharav,Thor Chuan Leong,7,1158,1157,0.5013671846516985,0.5006249996744794,119,56,719,337,67,19,445,176,99,37,396,162,88,35,417,173,4,3,0.0,0.5714285714285714,2423
Noppon Saengkham,Adam Duffy,7,1301,1275,0.5354968818114487,0.5162442810620724,186,82,1330,622,319,163,2025,1037,171,87,629,296,91,34,619,322,4,1,0.0,0.8,2423
Neil Robertson,Daniel Ward,7,1561,1212,0.8806881852645642,0.7052656295907794,848,558,6224,3560,106,62,604,345,266,165,1061,646,15,9,38,23,4,2,0.0,0.6666666666666666,2423
Jimmy Robertson,Martin O'Donnell,7,1373,1305,0.5920814957526257,0.542397940774351,440,240,2959,1541,278,133,1730,863,195,103,797,433,129,62,495,248,4,2,0.0,0.6666666666666666,2423
Joe Perry,Graeme Dott,7,1417,1420,0.4958985144028909,0.498125008789013,992,589,7129,3857,822,482,6295,3371,193,108,1136,643,201,108,899,483,4,3,0.0,0.5714285714285714,2423
Tian Pengfei,Scott Donaldson,7,1332,1234,0.6313550071762073,0.5609454503247162,351,197,2331,1244,198,95,1319,636,142,74,608,322,97,39,490,220,4,2,0.0,0.6666666666666666,2423
Jackson Page,James Silverwood,7,1005,947,0.578744911388209,0.5361866202317948,9,1,53,16,70,21,372,146,53,16,53,16,0,0,26,14,4,1,0.0,0.8,2423
Robert Milkins,Aditya Mehta,7,1386,1253,0.67536846283006,0.5823675407280794,811,489,5920,3220,273,133,1868,919,203,112,998,530,125,57,410,187,4,1,0.0,0.8,2423
Alan McManus,William Lemons,7,1394,1006,0.9041778640069977,0.7251194977898231,912,543,7630,4054,32,12,190,84,166,88,788,426,0,0,61,25,4,1,0.0,0.8,2423
Anthony McGill,Tatjana Vasiljeva,7,1450,978,0.942419406953421,0.7649478037637647,441,274,2902,1613,3,0,16,4,285,159,1066,602,0,0,12,4,4,0,0.0,1.0,2423
Stephen Maguire,Ian Burns,7,1474,1284,0.7415764082537253,0.6165665045213193,891,589,6489,3693,306,159,1932,987,229,134,1069,599,119,53,534,251,4,0,0.0,1.0,2423
Kurt Maflin,Martin Gould,7,1368,1434,0.4105773109788817,0.45884333184977194,502,290,3373,1823,629,382,4241,2328,170,92,735,390,241,133,910,513,4,3,0.0,0.5714285714285714,2423
Jack Lisowski,Mark Allen,7,1385,1521,0.32096653442831036,0.4158094770645927,381,226,2494,1351,694,451,4793,2706,217,118,694,364,291,174,1075,624,4,3,0.0,0.5714285714285714,2423
Oliver Lines,Yuan Sijun,7,1229,1185,0.5599145707304132,0.5274723043445937,174,89,1092,553,50,17,335,141,125,56,565,270,99,41,264,122,4,3,0.0,0.5714285714285714,2423
Mark King,Chris Totten,7,1416,1003,0.9172267781931953,0.7374002858276639,901,506,6622,3487,23,5,133,46,242,132,969,539,82,25,122,43,4,0,0.0,1.0,2423
Christopher Keogan,Sean O'Sullivan,7,1148,1138,0.51366902727117,0.5062496744995104,130,51,727,333,180,74,1130,517,73,22,333,156,80,23,445,201,4,3,0.0,0.5714285714285714,2423
Rodion Judin,Chen Zhe,7,943,1208,0.1839737621952785,0.3401782450279425,8,2,55,15,191,92,1175,574,0,0,51,15,89,33,254,113,4,0,0.0,1.0,2423
Mark Joyce,Fang Xiongman,7,1392,1153,0.7919725105475417,0.645084137572727,436,232,3149,1608,62,27,362,165,213,113,685,362,104,42,250,111,4,1,0.0,0.8,2423
Ben Jones,Mike Dunn,7,1050,1289,0.20802748945245855,0.3549158624272731,74,36,385,188,686,366,5033,2595,12,7,141,70,147,77,672,348,4,1,0.0,0.8,2423
Jamie Jones,Fergal O'Brien,7,1335,1321,0.5191328123553783,0.5087491068802403,471,282,3106,1683,852,486,6410,3381,142,71,706,375,139,65,804,416,4,2,0.0,0.6666666666666666,2423
Robin Hull,Josh Boileau,7,1287,1040,0.7995764997363425,0.6496497492904088,508,302,3853,2106,74,31,416,186,94,37,497,251,77,23,255,102,4,0,0.0,1.0,2423
Andrew Higginson,Yan Bingtao,7,1325,1500,0.2751060630015586,0.39233683016710835,684,407,4818,2641,95,59,642,364,115,57,652,345,216,134,504,288,4,2,0.0,0.6666666666666666,2423
Barry Hawkins,Michael Holt,7,1395,1371,0.5327731710226205,0.51499550161941,865,531,6189,3427,787,458,5708,3039,151,77,1028,567,186,98,1117,594,4,2,0.0,0.6666666666666666,2423
Xiao Guodong,Rory McLeod,7,1394,1246,0.6935058085008956,0.5914589784327801,400,234,2672,1476,548,298,4060,2106,191,111,711,395,132,60,593,287,4,0,0.0,1.0,2423
Gerard Greene,Zhang Yong,7,1237,1134,0.6377737431786725,0.5640216374262577,686,369,5115,2667,71,26,446,181,123,53,451,218,110,45,353,143,4,1,0.0,0.8,2423
Michael Georgiou,Sanderson Lam,7,1283,1112,0.7203516579445735,0.6052765337748445,195,91,1191,583,121,46,733,322,124,58,555,269,81,28,357,146,4,1,0.0,0.8,2423
Tom Ford,Hamza Akbar,7,1427,1073,0.883921914952807,0.7078572714244814,572,328,4058,2170,28,4,202,71,199,113,795,437,55,20,202,71,4,2,0.0,0.6666666666666666,2423
Peter Ebdon,Daniel Wells,7,1336,1307,0.5395790886298393,0.5181170650431814,1046,598,8212,4406,326,159,2184,1082,162,84,867,462,134,67,557,280,4,0,0.0,1.0,2423
Ken Doherty,Peter Lines,7,1333,1293,0.5545057991359676,0.52497918747894,1102,671,9005,4943,754,407,5469,2838,135,70,599,293,136,67,577,286,4,2,0.0,0.6666666666666666,2423
Ryan Day,David John,7,1402,1089,0.855396798107813,0.6862186708976811,857,518,5994,3304,86,39,560,265,232,122,1128,632,25,3,163,65,4,1,0.0,0.8,2423
Mark Davis,Zhao Xintong,7,1394,1364,0.5409388610739393,0.5187412158785352,1034,622,7327,4004,119,63,794,427,155,80,1100,616,133,69,481,259,4,0,0.0,1.0,2423
Sam Craigie,Soheil Vahedi,7,1276,1062,0.7670671244589201,0.6306485256510744,137,69,831,428,21,5,143,56,112,49,387,202,108,43,143,56,4,3,0.0,0.5714285714285714,2423
Ashley Carty,David Grace,7,1233,1232,0.5013671846516985,0.5006249996744794,110,58,639,331,298,135,1974,947,20,13,254,139,119,51,546,259,4,1,0.0,0.8,2423
Stuart Carrington,Ashley Hugill,7,1338,1175,0.7111524094404451,0.6004882745269664,295,159,1887,991,90,42,511,243,118,60,615,316,107,44,438,214,4,0,0.0,1.0,2423
Luca Brecel,Shaun Murphy,7,1521,1525,0.4945314322857424,0.49750002083312506,304,176,2095,1127,975,644,7196,4121,272,162,964,551,331,196,1277,764,4,2,0.0,0.6666666666666666,2423
Nigel Bond,Dominic Dale,7,1203,1354,0.3029244926392998,0.4067300078928128,835,456,6622,3471,893,513,6374,3404,80,26,443,190,131,70,908,485,4,1,0.0,0.8,2423
Stuart Bingham,Li Hang,7,1523,1409,0.651748409886971,0.5707716118944918,1018,647,7428,4239,237,123,1707,887,174,108,1378,802,223,124,705,378,4,1,0.0,0.8,2423
Jamie Barrett,Duane Jones,7,1050,1191,0.3148993834727192,0.4127763091606651,68,27,397,173,144,74,846,441,79,22,228,89,79,26,339,145,4,3,0.0,0.5714285714285714,2423
Sam Baird,Matthew Selt,7,1296,1390,0.37380831662168224,0.44151888756183866,311,162,2158,1110,524,288,3587,1881,111,51,626,317,155,77,1008,543,4,3,0.0,0.5714285714285714,2423
John Astley,Declan Brennan,7,1280,983,0.8429989187038389,0.6775422953274692,174,82,1079,506,26,8,137,58,128,61,360,172,22,13,64,35,4,3,0.0,0.5714285714285714,2423
Zhang Anda,Allan Taylor,7,1340,1185,0.7018040708685593,0.5956807306078472,284,142,1980,991,269,124,1611,784,120,57,646,327,120,51,416,166,4,2,0.0,0.6666666666666666,2423
Kyren Wilson,Ben Woollaston,7,1431,1409,0.5300478260158454,0.513746534902355,399,245,2583,1424,553,318,3573,1909,259,143,1096,618,222,122,1004,531,4,2,0.0,0.6666666666666666,2423
Robbie Williams,Ashley Carty,7,1307,1233,0.6000303895586184,0.5461185410457796,334,180,2172,1107,110,58,639,331,133,60,619,308,20,13,254,139,4,0,0.0,1.0,2423
Mark Williams,Peter Ebdon,7,1627,1336,0.8381631906470501,0.6742564252229473,1326,874,10025,5767,1046,598,8212,4406,304,206,1403,847,162,84,867,462,4,1,0.0,0.8,2423
Jimmy White,Eden Sharav,7,1179,1158,0.5286845829371267,0.5131219861822433,1407,784,12056,6331,119,56,719,337,88,31,371,157,99,37,396,162,4,3,0.0,0.5714285714285714,2423
Alexander Ursenbacher,Elliot Slessor,7,1243,1316,0.40129146875494726,0.45450121278721795,93,40,559,255,146,67,889,419,129,60,302,153,167,87,471,233,4,0,0.0,1.0,2423
Thepchaiya Un-Nooh,Michael Georgiou,7,1371,1283,0.6184015843393024,0.5547792351072148,294,169,2127,1127,195,91,1191,583,211,110,898,479,124,58,555,269,4,1,0.0,0.8,2423
Noppon Saengkham,Cao Yupeng,7,1301,1402,0.3647889315421975,0.43720825986135486,186,82,1330,622,233,119,1679,852,171,87,629,296,229,130,549,276,4,2,0.0,0.6666666666666666,2423
Joe Perry,David Gilbert,7,1417,1402,0.5204982038546295,0.5093739015216607,992,589,7129,3857,541,309,3942,2113,193,108,1136,643,260,142,1092,607,4,3,0.0,0.5714285714285714,2423
Tian Pengfei,Ben Jones,7,1332,1050,0.8307179588376647,0.669295402777446,351,197,2331,1244,74,36,385,188,142,74,608,322,12,7,141,70,4,1,0.0,0.8,2423
Hammad Miah,Tom Ford,7,1192,1427,0.2118965420040942,0.35720867575922377,119,44,779,338,572,328,4058,2170,94,37,477,220,199,113,795,437,4,0,0.0,1.0,2423
Anthony McGill,Stuart Carrington,7,1450,1338,0.6492231123314619,0.569546223939229,441,274,2902,1613,295,159,1887,991,285,159,1066,602,118,60,615,316,4,3,0.0,0.5714285714285714,2423
Stephen Maguire,Gerard Greene,7,1474,1237,0.7900435532881105,0.643938555965633,891,589,6489,3693,686,369,5115,2667,229,134,1069,599,123,53,451,218,4,0,0.0,1.0,2423
Kurt Maflin,Alan McManus,7,1368,1394,0.4645031181885513,0.48375571893792757,502,290,3373,1823,912,543,7630,4054,170,92,735,390,166,88,788,426,4,3,0.0,0.5714285714285714,2423
Jack Lisowski,Matthew Stevens,7,1385,1350,0.5477297445502348,0.5218610539716015,381,226,2494,1351,913,534,7063,3847,217,118,694,364,127,61,670,351,4,1,0.0,0.8,2423
Oliver Lines,Christopher Keogan,7,1229,1148,0.6092484254460553,0.5504527113395278,174,89,1092,553,130,51,727,333,125,56,565,270,73,22,333,156,4,1,0.0,0.8,2423
Lukas Kleckers,Neil Robertson,7,1074,1561,0.05230762067875942,0.2283767033484329,52,18,317,136,848,558,6224,3560,71,20,258,108,266,165,1061,646,4,3,0.0,0.5714285714285714,2423
Mark Joyce,Xiao Guodong,7,1392,1394,0.4972656477862734,0.49875000260416025,436,232,3149,1608,400,234,2672,1476,213,113,685,362,191,111,711,395,4,1,0.0,0.8,2423
Robin Hull,Rodion Judin,7,1287,943,0.8773873941193158,0.7026606543447315,508,302,3853,2106,8,2,55,15,94,37,497,251,0,0,51,15,4,2,0.0,0.6666666666666666,2423
Andrew Higginson,Jamie Barrett,7,1325,1050,0.8247679763275149,0.665410558746814,684,407,4818,2641,68,27,397,173,115,57,652,345,79,22,228,89,4,0,0.0,1.0,2423
Ken Doherty,Gary Wilson,7,1333,1359,0.4645031181885513,0.48375571893792757,1102,671,9005,4943,374,217,2392,1302,135,70,599,293,153,82,632,333,4,0,0.0,1.0,2423
Ryan Day,Barry Hawkins,7,1402,1395,0.5095693356278297,0.5043748883497735,857,518,5994,3304,865,531,6189,3427,232,122,1128,632,151,77,1028,567,4,3,0.0,0.5714285714285714,2423
Paul Davison,Zhou Yuelong,7,1139,1400,0.18755000502737473,0.3424263893835775,642,333,4521,2289,147,82,993,524,82,28,430,181,155,86,699,376,4,2,0.0,0.6666666666666666,2423
Mark Davis,Stuart Bingham,7,1394,1523,0.32954639777958084,0.4200665998114943,1034,622,7327,4004,1018,647,7428,4239,155,80,1100,616,174,108,1378,802,4,0,0.0,1.0,2423
Sam Craigie,Jamie Jones,7,1276,1335,0.41991680863949354,0.46319171001101955,137,69,831,428,471,282,3106,1683,112,49,387,202,142,71,706,375,4,3,0.0,0.5714285714285714,2423
Luca Brecel,Lee Walker,7,1521,1253,0.8186786074572162,0.6615031592029524,304,176,2095,1127,437,238,3380,1737,272,162,964,551,108,46,503,233,4,3,0.0,0.5714285714285714,2423
Nigel Bond,Jackson Page,7,1203,1005,0.7502408354966205,0.6212835951910678,835,456,6622,3471,9,1,53,16,80,26,443,190,53,16,53,16,4,1,0.0,0.8,2423
Sam Baird,Michael White,7,1296,1415,0.34196980232650515,0.42616874240839064,311,162,2158,1110,446,258,2998,1598,111,51,626,317,221,121,1043,553,4,0,0.0,1.0,2423
Zhang Anda,Alex Borg,7,1340,1118,0.7752232149046754,0.6352948493228071,284,142,1980,991,360,153,2575,1174,120,57,646,327,82,27,310,135,4,1,0.0,0.8,2423
Kyren Wilson,Craig Steadman,7,1431,1230,0.7534472409879828,0.6230466603666162,399,245,2583,1424,410,221,2713,1419,259,143,1096,618,104,42,526,245,4,3,0.0,0.5714285714285714,2423
Mark Williams,Luca Brecel,7,1627,1521,0.641605432096216,0.5658650028954817,1326,874,10025,5767,304,176,2095,1127,304,206,1403,847,272,162,964,551,4,1,0.0,0.8,2423
Robbie Williams,Alexander Ursenbacher,7,1307,1243,0.5867595016023184,0.5399148845555657,334,180,2172,1107,93,40,559,255,133,60,619,308,129,60,302,153,4,2,0.0,0.6666666666666666,2423
Jimmy White,Kurt Maflin,7,1179,1368,0.25951818668021626,0.3840246980818742,1407,784,12056,6331,502,290,3373,1823,88,31,371,157,170,92,735,390,4,2,0.0,0.6666666666666666,2423
Joe Perry,Tian Pengfei,7,1417,1332,0.6144870727228646,0.5529259881329059,992,589,7129,3857,351,197,2331,1244,193,108,1136,643,142,74,608,322,4,0,0.0,1.0,2423
Anthony McGill,Thepchaiya Un-Nooh,7,1450,1371,0.6066210971235376,0.5492151291013335,441,274,2902,1613,294,169,2127,1127,285,159,1066,602,211,110,898,479,4,3,0.0,0.5714285714285714,2423
Stephen Maguire,Oliver Lines,7,1474,1229,0.7976923211673973,0.6485108747389209,891,589,6489,3693,174,89,1092,553,229,134,1069,599,125,56,565,270,4,3,0.0,0.5714285714285714,2423
Jack Lisowski,Lukas Kleckers,7,1385,1074,0.8538864678998308,0.6851410567502929,381,226,2494,1351,52,18,317,136,217,118,694,364,71,20,258,108,4,2,0.0,0.6666666666666666,2423
Mark Joyce,Nigel Bond,7,1392,1203,0.7404818133197837,0.6159753019181258,436,232,3149,1608,835,456,6622,3471,213,113,685,362,80,26,443,190,4,2,0.0,0.6666666666666666,2423
Andrew Higginson,John Astley,7,1325,1280,0.5612649493584694,0.528095374408387,684,407,4818,2641,174,82,1079,506,115,57,652,345,128,61,360,172,4,1,0.0,0.8,2423
Ken Doherty,Robin Hull,7,1333,1287,0.5626145694127913,0.5287183569514396,1102,671,9005,4943,508,302,3853,2106,135,70,599,293,94,37,497,251,4,2,0.0,0.6666666666666666,2423
Ryan Day,Robert Milkins,7,1402,1386,0.5218633393972989,0.5099986668799655,857,518,5994,3304,811,489,5920,3220,232,122,1128,632,203,112,998,530,4,1,0.0,0.8,2423
Paul Davison,Hossein Vafaei,7,1139,1311,0.278509149386796,0.3941263315682394,642,333,4521,2289,77,42,583,291,82,28,430,181,170,87,405,199,4,0,0.0,1.0,2423
Mark Davis,Sam Craigie,7,1394,1276,0.6567774862994666,0.5732197726798348,1034,622,7327,4004,137,69,831,428,155,80,1100,616,112,49,387,202,4,2,0.0,0.6666666666666666,2423
Sam Baird,Noppon Saengkham,7,1296,1301,0.493164418520332,0.4968750406894683,311,162,2158,1110,186,82,1330,622,111,51,626,317,171,87,629,296,4,2,0.0,0.6666666666666666,2423
Zhang Anda,Hammad Miah,7,1340,1192,0.6935058085008956,0.5914589784327801,284,142,1980,991,119,44,779,338,120,57,646,327,94,37,477,220,4,3,0.0,0.5714285714285714,2423
Mark Williams,Robbie Williams,7,1627,1307,0.8605948171135659,0.6899744811276125,1326,874,10025,5767,334,180,2172,1107,304,206,1403,847,133,60,619,308,4,2,0.0,0.6666666666666666,2423
Joe Perry,Paul Davison,7,1417,1139,0.8273350387178837,0.6670782770956253,992,589,7129,3857,642,333,4521,2289,193,108,1136,643,82,28,430,181,4,1,0.0,0.8,2423
Anthony McGill,Jimmy White,7,1450,1179,0.8213053995393751,0.6631804950993565,441,274,2902,1613,1407,784,12056,6331,285,159,1066,602,88,31,371,157,4,1,0.0,0.8,2423
Stephen Maguire,Jack Lisowski,7,1474,1385,0.6197035864994962,0.5553966483205892,891,589,6489,3693,381,226,2494,1351,229,134,1069,599,217,118,694,364,4,0,0.0,1.0,2423
Mark Joyce,Sam Baird,7,1392,1296,0.6287764284690306,0.5597136492671929,436,232,3149,1608,311,162,2158,1110,213,113,685,362,111,51,626,317,4,2,0.0,0.6666666666666666,2423
Andrew Higginson,Mark Davis,7,1325,1394,0.4065907825999159,0.4569816192756902,684,407,4818,2641,1034,622,7327,4004,115,57,652,345,155,80,1100,616,4,3,0.0,0.5714285714285714,2423
Ken Doherty,Zhang Anda,7,1333,1340,0.4904306643721704,0.4956251116502266,1102,671,9005,4943,284,142,1980,991,135,70,599,293,120,57,646,327,4,2,0.0,0.6666666666666666,2423
Ryan Day,Kyren Wilson,7,1402,1431,0.46042091137016095,0.4818829349568186,857,518,5994,3304,399,245,2583,1424,232,122,1128,632,259,143,1096,618,4,3,0.0,0.5714285714285714,2423
Mark Williams,Mark Joyce,7,1627,1392,0.7881034579959058,0.6427913242407762,1326,874,10025,5767,436,232,3149,1608,304,206,1403,847,213,113,685,362,4,1,0.0,0.8,2423
Stephen Maguire,Andrew Higginson,7,1474,1325,0.6946979044907379,0.5920629281648192,891,589,6489,3693,684,407,4818,2641,229,134,1069,599,115,57,652,345,4,3,0.0,0.5714285714285714,2423
Ken Doherty,Anthony McGill,7,1333,1450,0.34447706088090824,0.42739193613673987,1102,671,9005,4943,441,274,2902,1613,135,70,599,293,285,159,1066,602,4,2,0.0,0.6666666666666666,2423
Ryan Day,Joe Perry,7,1402,1417,0.47950179614537025,0.4906260984783392,857,518,5994,3304,992,589,7129,3857,232,122,1128,632,193,108,1136,643,4,0,0.0,1.0,2423
Stephen Maguire,Ken Doherty,9,1474,1333,0.7061774724656459,0.587223690839335,891,589,6489,3693,1102,671,9005,4943,229,134,1069,599,135,70,599,293,5,4,0.0,0.5555555555555556,2423
Ryan Day,Mark Williams,9,1402,1627,0.19434508000828477,0.3629692055196168,857,518,5994,3304,1326,874,10025,5767,232,122,1128,632,304,206,1403,847,5,4,0.0,0.5555555555555556,2423
Ryan Day,Stephen Maguire,9,1402,1474,0.39073366664049125,0.45512110762641994,857,518,5994,3304,891,589,6489,3693,232,122,1128,632,229,134,1069,599,5,2,0.0,0.7142857142857143,2423
Chen Zifan,Lucky Vatnani,7,1136,1000,0.6790334655716898,0.5841905229354074,53,24,319,142,71,26,402,170,107,44,195,83,6,2,41,21,4,1,0.0,0.8,2398
Sydney Wilson,Brandon Hall,7,1110,1000,0.6466907800352545,0.5683199834782481,165,59,979,428,0,0,0,0,0,0,289,107,0,0,0,0,4,0,0.0,1.0,2398
Michael Williams,Roshan Mirchandani,7,1121,1000,0.660530062626431,0.5750535485557879,50,27,249,136,0,0,0,0,19,13,169,93,0,0,0,0,4,0,0.0,1.0,2398
Patrick Whelan,Scott Lyons,7,949,941,0.510936041856229,0.5049998333399998,8,1,40,12,10,3,50,16,6,2,40,12,4,0,50,16,4,2,0.0,0.6666666666666666,2398
Jason Weston,Rhydian Ap Owen,7,1070,968,0.6364932182719292,0.5634067862621936,303,160,2324,1201,6,2,28,10,0,0,221,80,0,0,28,10,4,1,0.0,0.8,2398
Mark Vincent,Brian Cini,7,908,1109,0.2465527590120173,0.37695333963338384,38,10,189,70,40,21,206,112,0,0,17,5,27,16,135,77,4,2,0.0,0.6666666666666666,2398
Ross Vallance,Ross Jones,7,962,974,0.4835986704357121,0.4925005624493796,17,5,85,32,3,0,15,3,13,7,18,8,0,0,0,0,4,0,0.0,1.0,2398
Mitchell Travis,Lyu Chenwei,7,1152,1099,0.5720392978025534,0.5330766223661046,117,59,670,329,63,21,389,162,0,0,65,36,0,0,227,93,4,0,0.0,1.0,2398
Michael Tomlinson,Darryl Hill,7,1019,996,0.5314106943491967,0.5143710406970602,29,12,181,80,55,15,360,136,0,0,26,6,0,0,213,67,4,3,0.0,0.5714285714285714,2398
Ma Tingpeng,Ben Murphy,7,996,992,0.5054685677142574,0.5024999791668749,16,5,86,36,1,0,6,2,0,0,11,3,0,0,6,2,4,1,0.0,0.8,2398
Joshua Thomond,Lewis Roberts,7,1031,1048,0.476771798023094,0.4893765989950364,15,8,85,44,69,28,456,214,25,15,85,44,0,0,0,0,4,3,0.0,0.5714285714285714,2398
Sam Thistlewhite,Brandon Sargeant,7,1095,1120,0.465864760862579,0.4843800842769844,79,37,414,203,62,27,360,174,15,11,175,98,17,13,249,124,4,0,0.0,1.0,2398
Alex Taubman,Tony Drago,7,1092,1179,0.3829018450543893,0.44583834723635146,152,67,835,381,730,360,5948,2940,12,8,211,100,16,11,181,78,4,1,0.0,0.8,2398
Joe Swail,Clayton Humphries,7,1248,1020,0.7812257884147848,0.6387631751488418,817,437,6373,3311,10,5,59,31,106,46,579,280,5,1,59,31,4,3,0.0,0.5714285714285714,2398
Luke Simmonds,Shaun Sultana,7,1207,985,0.7752232149046754,0.6352948493228071,109,59,755,390,1,0,4,0,12,8,103,50,0,0,4,0,4,0,0.0,1.0,2398
James Silverwood,Felix Frede,7,936,992,0.42393453930920916,0.4650570548417855,71,21,377,147,24,10,123,55,5,1,31,15,4,0,81,38,4,1,0.0,0.8,2398
Shachar Ruberg,Leigh Robinson,7,1032,1092,0.4185795134993229,0.46257015465625045,30,13,191,82,184,97,1408,723,0,0,66,31,0,0,3,1,4,1,0.0,0.8,2398
Chae Ross,Antony Parsons,7,1000,1092,0.37639911510945645,0.44275214540144436,0,0,0,0,85,39,513,246,0,0,0,0,0,0,57,30,4,3,0.0,0.5714285714285714,2398
Adrian Rosa,Andrew Milliard,7,1205,858,0.8793759455680459,0.704225233864307,272,149,2131,1093,167,48,974,371,0,0,23,11,0,0,50,20,4,2,0.0,0.6666666666666666,2398
Stefan Risidi,Chris Jones,7,1000,925,0.6013510291923431,0.5467381519846138,0,0,0,0,18,3,97,31,0,0,0,0,0,0,49,18,4,2,0.0,0.6666666666666666,2398
Zack Richardson,Bash Maqsood,7,1162,951,0.7639640378992283,0.6288998381516232,58,30,320,180,19,5,107,40,22,15,141,82,0,0,25,12,4,0,0.0,1.0,2398
Tyler Rees,Richard Beckham,7,970,1124,0.29937471450906367,0.40492152613386595,8,3,42,14,41,24,215,116,10,6,38,14,0,0,148,81,4,1,0.0,0.8,2398
Imran Puri,Darren Barton,7,625,957,0.1308111240238948,0.3036450701761659,56,6,273,55,4,0,19,3,0,0,21,3,0,0,19,3,4,2,0.0,0.6666666666666666,2398
George Pragnall,Adam Brown,7,1105,1000,0.6403298636636867,0.5652507475670999,36,18,215,104,0,0,0,0,28,17,157,76,0,0,0,0,4,1,0.0,0.8,2398
Barry Pinches,Matthew Roberts,7,1242,1000,0.794845010612041,0.6467993925579857,723,373,5643,2927,0,0,0,0,26,19,284,134,0,0,0,0,4,0,0.0,1.0,2398
Fraser Patrick,Keith Keldie,7,1169,967,0.7545108097932872,0.623633628298226,184,76,1204,548,7,1,42,15,5,1,291,120,0,0,29,10,4,1,0.0,0.8,2398
Jackson Page,Simon Dent,7,1009,992,0.5232282019769063,0.5106234010049637,11,2,63,21,26,10,140,65,63,21,63,21,12,5,86,40,4,1,0.0,0.8,2398
Lee Page,Ronnie Blake,7,1077,1000,0.6039885915613215,0.5479769376367963,208,99,1263,615,0,0,0,0,0,0,59,21,0,0,0,0,4,1,0.0,0.8,2398
Stephen Ormerod,Shane Haines,7,849,945,0.3712235715309693,0.44028635073280703,99,28,669,261,118,48,860,398,0,0,22,6,0,0,4,0,4,3,0.0,0.5714285714285714,2398
Jamie O'Neill,Mohammed Rangzib,7,1162,1052,0.6466907800352545,0.5683199834782481,274,141,1740,897,52,27,334,177,0,0,58,29,0,0,57,26,4,0,0.0,1.0,2398
Phil O'Kane,Yu Han,7,1043,1000,0.5585634499391967,0.5268491486891144,80,35,411,192,0,0,0,0,0,0,136,74,0,0,0,0,4,0,0.0,1.0,2398
Martin O'Donnell,Neal Jones,7,1299,1029,0.8204326451879429,0.6626218371700825,279,133,1736,865,138,64,946,451,135,64,501,250,0,0,0,0,4,0,0.0,1.0,2398
Jake Nicholson,Rahul Sachdev,7,965,991,0.4645031181885513,0.48375571893792757,81,25,431,171,7,2,44,21,9,5,151,63,0,0,0,0,4,0,0.0,1.0,2398
Saqib Nasir,Michael Collumb,7,1100,1100,0.5,0.5,85,43,463,244,56,24,308,152,14,9,135,67,7,3,152,82,4,3,0.0,0.5714285714285714,2398
Josh Mulholland,Labeeb Ahmed,7,1003,1000,0.5041014855971089,0.5018749912109869,9,4,51,24,2,1,8,4,7,3,46,23,0,0,8,4,4,0,0.0,1.0,2398
Geng Mingqi,Joe Steele,7,993,956,0.5504420624351876,0.523108525489089,8,2,48,19,59,22,300,127,0,0,20,9,0,0,95,40,4,1,0.0,0.8,2398
Jamie McArdle,Mohammed Ali,7,1008,1000,0.510936041856229,0.5049998333399998,3,1,16,8,0,0,0,0,0,0,0,0,0,0,0,0,4,1,0.0,0.8,2398
Ian Martin,Adam Edge,7,981,1025,0.44008542926958705,0.47252769565540637,26,11,163,74,41,17,236,110,0,0,0,0,24,14,135,66,4,3,0.0,0.5714285714285714,2398
David Lilley,Lee Shanker,7,1214,910,0.8485117931807986,0.6813537337890256,63,35,389,211,30,7,157,52,7,3,113,62,0,0,32,13,4,1,0.0,0.8,2398
William Lemons,Ryan Causton,7,1003,1108,0.3596701363363135,0.43474925243290014,33,12,195,85,120,63,638,316,5,1,66,26,10,6,150,75,4,3,0.0,0.5714285714285714,2398
Sanderson Lam,David Singh,7,1104,988,0.6542665688127887,0.5719961329315186,122,46,738,323,170,66,1123,485,86,29,362,147,0,0,21,10,4,0,0.0,1.0,2398
Tony Knowles,Ben Robinson,7,923,993,0.40526420278841835,0.4563613127629212,589,293,4887,2425,3,1,13,5,0,0,5,1,0,0,13,5,4,1,0.0,0.8,2398
Ben Jones,Matthew Glasby,7,1062,962,0.6339273074659068,0.5621765008857981,76,37,395,193,36,14,192,83,22,12,151,75,17,12,94,39,4,0,0.0,1.0,2398
Richard Jones,Andrei Orzan,7,1021,976,0.5612649493584694,0.528095374408387,73,39,559,290,5,1,30,11,0,0,0,0,14,7,30,11,4,1,0.0,0.8,2398
Kuldesh Johal,Stuart Watson,7,1185,857,0.8663684234920509,0.6942363401080305,201,113,1341,714,41,7,222,76,14,8,123,62,10,6,23,11,4,1,0.0,0.8,2398
Anthony Jeffers,Joshua Baddeley,7,1019,1017,0.5027343522137269,0.5012499973958399,8,4,42,21,24,11,125,63,0,0,19,9,0,0,89,45,4,3,0.0,0.5714285714285714,2398
Mark J Miller,Richard King,7,1000,978,0.5300478260158454,0.513746534902355,0,0,0,0,10,3,61,25,0,0,0,0,0,0,9,1,4,1,0.0,0.8,2398
Nigel Howe,John Foster,7,1000,996,0.5054685677142574,0.5024999791668749,0,0,0,0,4,1,25,11,0,0,0,0,6,2,25,11,4,2,0.0,0.6666666666666666,2398
Kishan Hirani,Jason Turnbull,7,1107,968,0.6826800016944434,0.5860112044388707,125,59,676,324,2,0,8,0,14,8,188,97,0,0,8,0,4,0,0.0,1.0,2398
Andy Hicks,Dessie Sheehan,7,1232,705,0.9598004048932872,0.7887654709682405,596,321,4837,2507,174,34,1309,480,23,15,266,135,0,0,67,20,4,0,0.0,1.0,2398
Stewart Hesketh,Craig Brown,7,993,1000,0.4904306643721704,0.4956251116502266,1,0,7,3,0,0,0,0,0,0,0,0,0,0,0,0,4,0,0.0,1.0,2398
Hu Hao,Shehzad Iqbal,7,1101,972,0.6704536022204194,0.5799334001885058,31,13,179,85,3,0,15,3,33,11,69,28,0,0,0,0,4,1,0.0,0.8,2398
Steven Hallworth,Ian Brumby,7,1181,1104,0.6039885915613215,0.5479769376367963,80,28,507,221,405,208,2965,1500,15,11,301,129,0,0,14,8,4,0,0.0,1.0,2398
Danny Gladstone,Anthony Fieldsend,7,1000,1000,0.5,0.5,0,0,0,0,0,0,0,0,0,0,0,0,0,0,0,0,4,3,0.0,0.5714285714285714,2398
Reanne Evans,Ka Wai Cheung,7,1062,992,0.5947357972115818,0.5436386872370789,131,49,713,302,1,0,13,3,23,12,105,54,0,0,13,3,4,1,0.0,0.8,2398
Michael Dubicki,Stephen Groves,7,1000,894,0.641605432096216,0.5658650028954817,0,0,0,0,24,6,122,42,0,0,0,0,0,0,0,0,4,3,0.0,0.5714285714285714,2398
Peter Devlin,Jason Tart,7,946,980,0.45362731252530075,0.4787627850337259,21,7,103,39,13,4,67,26,11,7,60,23,0,0,31,17,4,2,0.0,0.6666666666666666,2398
Corey Deuel,James Height,7,976,1000,0.4672268289773793,0.4850044983805899,8,1,49,18,0,0,0,0,0,0,39,16,0,0,0,0,4,2,0.0,0.6666666666666666,2398
Matthew Day,Mike Hallett,7,1091,1067,0.5327731710226205,0.51499550161941,139,66,745,361,633,328,5119,2568,0,0,121,55,0,0,2,0,4,0,0.0,1.0,2398
Alex Davies,Richard Haney,7,1169,977,0.7437579445222342,0.617747874769249,220,108,1362,673,4,1,24,9,0,0,124,57,0,0,0,0,4,1,0.0,0.8,2398
Jeff Cundy,Ng On Yee,7,1134,985,0.6946979044907379,0.5920629281648192,515,272,3607,1869,9,4,56,24,10,5,85,39,0,0,51,23,4,2,0.0,0.6666666666666666,2398
Jack Culligan,Mark Davies,7,955,940,0.5204982038546295,0.5093739015216607,6,0,30,6,4,0,17,1,0,0,0,0,0,0,9,1,4,2,0.0,0.6666666666666666,2398
Stephen Craigie,Nick Manning,7,1254,1106,0.6935058085008956,0.5914589784327801,117,66,691,368,45,30,319,182,0,0,0,0,0,0,0,0,4,0,0.0,1.0,2398
Jamie Cope,Paul Anthony Taylor,7,1257,1000,0.8088283859322067,0.655318370173895,542,290,3673,1871,0,0,0,0,29,20,419,202,0,0,0,0,4,0,0.0,1.0,2398
Gary Challis,Joe O'Connor,7,971,1097,0.33325327584718467,0.4218947671156908,5,1,26,9,81,38,488,231,5,1,15,3,31,16,272,127,4,2,0.0,0.6666666666666666,2398
Ashley Carty,Greg Casey,7,1230,1057,0.7226276336267841,0.6064704870683034,112,59,648,335,14,7,92,47,29,17,263,143,0,0,86,45,4,1,0.0,0.8,2398
James Cahill,Simon Lichtenberg,7,1167,1034,0.67536846283006,0.5823675407280794,125,41,816,342,14,6,72,38,0,0,292,115,6,2,66,36,4,1,0.0,0.8,2398
James Burrett,Aaron Cook,7,853,935,0.3894398892710193,0.448928730692658,30,6,154,46,5,0,21,1,0,0,18,2,5,1,13,1,4,1,0.0,0.8,2398
Wayne Brown,Robert Cloherty,7,1092,922,0.7192100641468833,0.6046790847140093,285,158,2200,1135,6,0,27,3,5,1,49,19,0,0,19,3,4,0,0.0,1.0,2398
Oliver Brown,Darren Burns,7,1227,984,0.7957969165005263,0.647370307581549,168,76,923,440,17,7,93,40,24,17,260,130,0,0,21,10,4,0,0.0,1.0,2398
Declan Brennan,Adam Stefanow,7,989,1130,0.3148993834727192,0.4127763091606651,27,8,144,61,50,24,264,131,29,16,71,38,14,10,168,82,4,2,0.0,0.6666666666666666,2398
Simon Bedford,Daniel Gorton,7,1182,1000,0.732748880507422,0.6118273690017371,416,241,3200,1718,0,0,0,0,0,0,0,0,0,0,0,0,4,0,0.0,1.0,2398
Mateusz Baranowski,Simon Blackwell,7,1057,1025,0.5436568604546561,0.5199893401555818,31,15,168,80,5,3,24,14,8,4,159,79,0,0,24,14,4,3,0.0,0.5714285714285714,2398
Gareth Allen,Daniel Womersley,7,1145,1017,0.6692199309586204,0.5793242521487495,153,70,878,418,16,6,99,43,0,0,286,123,0,0,99,43,4,2,0.0,0.6666666666666666,2398
Chen Zifan,Daniel Ward,7,1136,1214,0.3946945160108152,0.4514038914168657,53,24,319,142,107,62,610,347,107,44,195,83,21,11,44,25,4,3,0.0,0.5714285714285714,2398
Zhang Yong,Tugba Irten,7,1125,999,0.6667467241528153,0.5781052328843092,72,26,451,182,12,7,72,35,115,46,358,144,0,0,51,24,4,2,0.0,0.6666666666666666,2398
Sydney Wilson,Mark Owens,7,1110,946,0.7123105654940886,0.6010878788483698,165,59,979,428,45,13,252,98,0,0,289,107,0,0,83,32,4,1,0.0,0.8,2398
Patrick Whelan,Daniel O’Regan,7,949,956,0.4904306643721704,0.4956251116502266,8,1,40,12,14,5,69,27,6,2,40,12,0,0,63,25,4,0,0.0,1.0,2398
Charlie Walters,Tyler Rees,7,1031,970,0.5827567809217526,0.5380512843858591,86,33,480,215,8,3,42,14,11,5,156,73,10,6,38,14,4,1,0.0,0.8,2398
Joel Walker,Jamie Cope,7,1164,1257,0.37510296628937845,0.4421354272792655,156,69,1003,469,542,290,3673,1871,0,0,198,75,29,20,419,202,4,1,0.0,0.8,2398
Mitchell Travis,Heikki Niva,7,1152,1024,0.6692199309586204,0.5793242521487495,117,59,670,329,3,2,13,9,0,0,65,36,13,9,13,9,4,2,0.0,0.6666666666666666,2398
Michael Tomlinson,Ma Tingpeng,7,1019,996,0.5314106943491967,0.5143710406970602,29,12,181,80,16,5,86,36,0,0,26,6,0,0,11,3,4,2,0.0,0.6666666666666666,2398
Alex Taubman,Dylan Mitchell,7,1092,944,0.6935058085008956,0.5914589784327801,152,67,835,381,19,6,109,37,12,8,211,100,0,0,0,0,4,1,0.0,0.8,2398
Joe Swail,Haydon Pinhey,7,1248,1003,0.7976923211673973,0.6485108747389209,817,437,6373,3311,5,3,29,15,106,46,579,280,0,0,29,15,4,1,0.0,0.8,2398
Zak Surety,Saqib Nasir,7,1147,1100,0.5639634145132848,0.5293412500457856,118,53,703,331,85,43,463,244,0,0,305,138,14,9,135,67,4,2,0.0,0.6666666666666666,2398
Luke Simmonds,Dhairya Bhandari,7,1207,1000,0.7597891374076362,0.6265629971237182,109,59,755,390,0,0,0,0,12,8,103,50,0,0,0,0,4,0,0.0,1.0,2398
James Silverwood,Daniel Devlin,7,936,1018,0.3894398892710193,0.448928730692658,71,21,377,147,3,2,13,8,5,1,31,15,0,0,13,8,4,0,0.0,1.0,2398
Chae Ross,Shaun Wilkes,7,1000,895,0.6403298636636867,0.5652507475670999,0,0,0,0,118,30,723,276,0,0,0,0,0,0,2,0,4,1,0.0,0.8,2398
Adrian Rosa,Shachar Ruberg,7,1205,1032,0.7226276336267841,0.6064704870683034,272,149,2131,1093,30,13,191,82,0,0,23,11,0,0,66,31,4,3,0.0,0.5714285714285714,2398
Barry Pinches,Jack Culligan,7,1242,955,0.834882617465889,0.6720562626502714,723,373,5643,2927,6,0,30,6,26,19,284,134,0,0,0,0,4,0,0.0,1.0,2398
Fraser Patrick,Zhang Jiankang,7,1169,1006,0.7111524094404451,0.6004882745269664,184,76,1204,548,3,1,23,9,5,1,291,120,7,2,23,9,4,3,0.0,0.5714285714285714,2398
Jackson Page,Andreas Ploner,7,1009,1073,0.4132404983976814,0.46008511544443426,11,2,63,21,51,23,276,131,63,21,63,21,7,3,128,66,4,2,0.0,0.6666666666666666,2398
Sean O'Sullivan,Zack Richardson,7,1134,1162,0.46178117660461016,0.48250714233361025,181,74,1137,520,58,30,320,180,87,26,452,204,22,15,141,82,4,3,0.0,0.5714285714285714,2398
Jamie O'Neill,Conor McCormack,7,1162,882,0.8290321883880187,0.6681877721681662,274,141,1740,897,23,6,117,35,0,0,58,29,10,5,97,30,4,0,0.0,1.0,2398
Phil O'Kane,Anthony Jeffers,7,1043,1019,0.5327731710226205,0.51499550161941,80,35,411,192,8,4,42,21,0,0,136,74,0,0,19,9,4,2,0.0,0.6666666666666666,2398
Martin O'Donnell,Michael Wild,7,1299,1161,0.6814665603465866,0.585404569129465,279,133,1736,865,294,156,1798,953,135,64,501,250,6,2,163,58,4,2,0.0,0.6666666666666666,2398
Lu Ning,Gary Challis,7,1126,971,0.7018040708685593,0.5956807306078472,67,22,465,198,5,1,26,9,0,0,184,73,5,1,15,3,4,1,0.0,0.8,2398
Jake Nicholson,Dean Galbally,7,965,1000,0.4522702554497651,0.47813894602839846,81,25,431,171,0,0,0,0,9,5,151,63,0,0,0,0,4,1,0.0,0.8,2398
Russel Morgan,Adam Morrey,7,1000,1000,0.5,0.5,0,0,0,0,0,0,0,0,0,0,0,0,0,0,0,0,4,3,0.0,0.5714285714285714,2398
Geng Mingqi,Troy Brett,7,993,997,0.4945314322857424,0.49750002083312506,8,2,48,19,4,1,24,11,0,0,20,9,0,0,18,9,4,2,0.0,0.6666666666666666,2398
Ian Martin,Jordan Brown,7,981,1141,0.2923360013407782,0.401312339887548,26,11,163,74,86,45,544,275,0,0,0,0,4,0,104,47,4,3,0.0,0.5714285714285714,2398
David Lilley,Sam Thistlewhite,7,1214,1095,0.6580301976734948,0.5738312575916094,63,35,389,211,79,37,414,203,7,3,113,62,15,11,175,98,4,2,0.0,0.6666666666666666,2398
Sanderson Lam,Callum Costello,7,1104,1000,0.6390526295107546,0.5646362918030292,122,46,738,323,0,0,0,0,86,29,362,147,0,0,0,0,4,1,0.0,0.8,2398
Tony Knowles,Paul Burrell,7,923,900,0.5314106943491967,0.5143710406970602,589,293,4887,2425,15,3,100,34,0,0,5,1,0,0,11,1,4,1,0.0,0.8,2398
Stephen Kershaw,James Burrett,7,989,853,0.6790334655716898,0.5841905229354074,183,78,1320,628,30,6,154,46,0,0,10,4,0,0,18,2,4,1,0.0,0.8,2398
Ben Jones,Joshua Thomond,7,1062,1031,0.5422981239384312,0.519365308229932,76,37,395,193,15,8,85,44,22,12,151,75,25,15,85,44,4,1,0.0,0.8,2398
Duane Jones,Simon Bedford,7,1182,1182,0.5,0.5,145,74,853,444,416,241,3200,1718,86,29,346,148,0,0,0,0,4,0,0.0,1.0,2398
Nigel Howe,Jason Weston,7,1000,1070,0.40526420278841835,0.4563613127629212,0,0,0,0,303,160,2324,1201,0,0,0,0,0,0,221,80,4,1,0.0,0.8,2398
Kishan Hirani,Gareth Green,7,1107,1111,0.4945314322857424,0.49750002083312506,125,59,676,324,67,35,369,178,14,8,188,97,0,0,72,42,4,0,0.0,1.0,2398
Andy Hicks,Stewart Hesketh,7,1232,993,0.7919725105475417,0.645084137572727,596,321,4837,2507,1,0,7,3,23,15,266,135,0,0,0,0,4,1,0.0,0.8,2398
Hu Hao,Lewis Gillen,7,1101,1003,0.6313550071762073,0.5609454503247162,31,13,179,85,10,4,55,27,33,11,69,28,0,0,55,27,4,0,0.0,1.0,2398
Kacper Filipiak,Josh Mulholland,7,1123,1003,0.6592810606298003,0.574442516811659,77,32,411,174,9,4,51,24,19,13,152,85,7,3,46,23,4,2,0.0,0.6666666666666666,2398
Reanne Evans,Aaron Busuttil,7,1062,1029,0.5450150538752272,0.5206133097144486,131,49,713,302,8,5,41,22,23,12,105,54,0,0,0,0,4,0,0.0,1.0,2398
Michael Dubicki,John Fearick,7,1000,1000,0.5,0.5,0,0,0,0,0,0,0,0,0,0,0,0,0,0,0,0,4,2,0.0,0.6666666666666666,2398
TJ Dowling,Imran Puri,7,1075,625,0.9338901927453024,0.7549149868676283,26,15,136,70,56,6,273,55,0,0,54,30,0,0,21,3,4,0,0.0,1.0,2398
Peter Devlin,James Loft,7,946,956,0.4863309727288301,0.49375032550048964,21,7,103,39,16,7,92,37,11,7,60,23,0,0,0,0,4,1,0.0,0.8,2398
Peter Delaney,Mark Vincent,7,811,908,0.3699335043548132,0.4396703573114467,33,6,207,65,38,10,189,70,0,0,24,4,0,0,17,5,4,3,0.0,0.5714285714285714,2398
Matthew Day,Louis Heathcote,7,1091,1066,0.534135239137421,0.5156199157230156,139,66,745,361,30,13,166,77,0,0,121,55,21,15,124,60,4,3,0.0,0.5714285714285714,2398
Paul Davison,Ross Vallance,7,1168,962,0.7587387600845145,0.6259778577666038,645,335,4536,2298,17,5,85,32,97,37,445,190,13,7,18,8,4,0,0.0,1.0,2398
Alex Davies,Mark J Miller,7,1169,1000,0.7180660778287002,0.6040813228693781,220,108,1362,673,0,0,0,0,0,0,124,57,0,0,0,0,4,1,0.0,0.8,2398
Jeff Cundy,Steven Hallworth,7,1134,1181,0.4360365854867152,0.47065874995421436,515,272,3607,1869,80,28,507,221,10,5,85,39,15,11,301,129,4,1,0.0,0.8,2398
Stephen Craigie,Danny Connolly,7,1254,993,0.8124499949726253,0.6575736106164225,117,66,691,368,1,0,5,1,0,0,0,0,0,0,5,1,4,0,0.0,1.0,2398
Joshua Cooper,Jamie McArdle,7,996,1008,0.4835986704357121,0.4925005624493796,22,10,113,50,3,1,16,8,9,5,108,49,0,0,0,0,4,2,0.0,0.6666666666666666,2398
Darren Cook,Kuldesh Johal,7,1051,1185,0.3234078367146668,0.4170245457988005,48,24,264,130,201,113,1341,714,0,0,25,13,14,8,123,62,4,3,0.0,0.5714285714285714,2398
Jeremiah Connors,Danny Gladstone,7,1000,1000,0.5,0.5,0,0,0,0,0,0,0,0,0,0,0,0,0,0,0,0,4,0,0.0,1.0,2398
Jamie Clarke,William Lemons,7,1231,1003,0.7812257884147848,0.6387631751488418,137,70,814,424,33,12,195,85,45,18,348,177,5,1,66,26,4,1,0.0,0.8,2398
Nikolas Charalambous,Corey Deuel,7,976,976,0.5,0.5,2,0,10,2,8,1,49,18,0,0,0,0,0,0,39,16,4,3,0.0,0.5714285714285714,2398
Ashley Carty,Keishin Kamihashi,7,1230,984,0.7986358149208075,0.6490805242445733,112,59,648,335,1,0,4,0,29,17,263,143,0,0,4,0,4,0,0.0,1.0,2398
James Cahill,Jaspal Bamotra,7,1167,988,0.7293972619311108,0.610044672404527,125,41,816,342,1,0,5,1,0,0,292,115,0,0,0,0,4,0,0.0,1.0,2398
Wayne Brown,Ashley Beal,7,1092,969,0.6630224339222315,0.5762749224932653,285,158,2200,1135,21,8,111,49,5,1,49,19,0,0,19,8,4,1,0.0,0.8,2398
Oliver Brown,Ben Fortey,7,1227,947,0.8290321883880187,0.6681877721681662,168,76,923,440,14,4,74,27,24,17,260,130,0,0,0,0,4,3,0.0,0.5714285714285714,2398
Jamie Brown,Stephen Ormerod,7,988,849,0.6826800016944434,0.5860112044388707,10,3,60,26,99,28,669,261,0,0,32,18,0,0,22,6,4,0,0.0,1.0,2398
Declan Brennan,George Pragnall,7,989,1105,0.34573343118721134,0.42800386706848137,27,8,144,61,36,18,215,104,29,16,71,38,28,17,157,76,4,1,0.0,0.8,2398
Mateusz Baranowski,Stefan Risidi,7,1057,1000,0.5774056625100122,0.5355648379838539,31,15,168,80,0,0,0,0,8,4,159,79,0,0,0,0,4,2,0.0,0.6666666666666666,2398
Gareth Allen,Michael Williams,7,1145,1121,0.5327731710226205,0.51499550161941,153,70,878,418,50,27,249,136,0,0,286,123,19,13,169,93,4,0,0.0,1.0,2398
Farakh Ajaib,Richard Jones,7,1034,1021,0.5177671819164105,0.5081242849062608,33,15,190,93,73,39,559,290,0,0,25,13,0,0,0,0,4,3,0.0,0.5714285714285714,2398
Chen Zifan,Michael Dubicki,7,1136,1000,0.6790334655716898,0.5841905229354074,53,24,319,142,0,0,0,0,107,44,195,83,0,0,0,0,4,0,0.0,1.0,2398
Zhang Yong,Farakh Ajaib,7,1125,1034,0.622303251187688,0.5566309599222533,72,26,451,182,33,15,190,93,115,46,358,144,0,0,25,13,4,0,0.0,1.0,2398
Charlie Walters,Jeremiah Connors,7,1031,1000,0.5422981239384312,0.519365308229932,86,33,480,215,0,0,0,0,11,5,156,73,0,0,0,0,4,0,0.0,1.0,2398
Joel Walker,Fraser Patrick,7,1164,1169,0.493164418520332,0.4968750406894683,156,69,1003,469,184,76,1204,548,0,0,198,75,5,1,291,120,4,3,0.0,0.5714285714285714,2398
Alex Taubman,Sydney Wilson,7,1092,1110,0.47540722540195457,0.4887518980531451,152,67,835,381,165,59,979,428,12,8,211,100,0,0,289,107,4,1,0.0,0.8,2398
Joe Swail,Jamie Brown,7,1248,988,0.8115488427624657,0.6570104626734988,817,437,6373,3311,10,3,60,26,106,46,579,280,0,0,32,18,4,2,0.0,0.6666666666666666,2398
Zak Surety,Jeff Cundy,7,1147,1134,0.5177671819164105,0.5081242849062608,118,53,703,331,515,272,3607,1869,0,0,305,138,10,5,85,39,4,1,0.0,0.8,2398
Barry Pinches,Oliver Brown,7,1242,1227,0.5204982038546295,0.5093739015216607,723,373,5643,2927,168,76,923,440,26,19,284,134,24,17,260,130,4,0,0.0,1.0,2398
Lee Page,Joshua Cooper,7,1077,996,0.6092484254460553,0.5504527113395278,208,99,1263,615,22,10,113,50,0,0,59,21,9,5,108,49,4,3,0.0,0.5714285714285714,2398
Jackson Page,Adrian Rosa,7,1009,1205,0.25190978869692043,0.3798935676569099,11,2,63,21,272,149,2131,1093,63,21,63,21,0,0,23,11,4,3,0.0,0.5714285714285714,2398
Sean O'Sullivan,Kacper Filipiak,7,1134,1123,0.5150352723345792,0.5068745667645342,181,74,1137,520,77,32,411,174,87,26,452,204,19,13,152,85,4,3,0.0,0.5714285714285714,2398
Phil O'Kane,Geng Mingqi,7,1043,993,0.5680051367615364,0.5312093733737563,80,35,411,192,8,2,48,19,0,0,136,74,0,0,20,9,4,3,0.0,0.5714285714285714,2398
Lu Ning,Michael Tomlinson,7,1126,1019,0.6428793213307702,0.5664790559676278,67,22,465,198,29,12,181,80,0,0,184,73,0,0,26,6,4,1,0.0,0.8,2398
Jake Nicholson,Darren Cook,7,965,1051,0.3842066871290606,0.4464560968488817,81,25,431,171,48,24,264,130,9,5,151,63,0,0,25,13,4,0,0.0,1.0,2398
Ian Martin,Russel Morgan,7,981,1000,0.47404295972292854,0.4881272322437472,26,11,163,74,0,0,0,0,0,0,0,0,0,0,0,0,4,0,0.0,1.0,2398
Sanderson Lam,Luke Simmonds,7,1104,1207,0.36222625682132775,0.43597836257374245,122,46,738,323,109,59,755,390,86,29,362,147,12,8,103,50,4,1,0.0,0.8,2398
Stephen Kershaw,Matthew Day,7,989,1091,0.3635067817280711,0.4365932137378064,183,78,1320,628,139,66,745,361,0,0,10,4,0,0,121,55,4,3,0.0,0.5714285714285714,2398
Ben Jones,Peter Devlin,7,1062,946,0.6542665688127887,0.5719961329315186,76,37,395,193,21,7,103,39,22,12,151,75,11,7,60,23,4,2,0.0,0.6666666666666666,2398
Duane Jones,Peter Delaney,7,1182,811,0.8944224841553805,0.7165678145577145,145,74,853,444,33,6,207,65,86,29,346,148,0,0,24,4,4,0,0.0,1.0,2398
Kishan Hirani,Nikolas Charalambous,7,1107,976,0.6729150209582897,0.5811509642893937,125,59,676,324,2,0,10,2,14,8,188,97,0,0,0,0,4,2,0.0,0.6666666666666666,2398
Andy Hicks,Jamie O'Neill,7,1232,1162,0.5947357972115818,0.5436386872370789,596,321,4837,2507,274,141,1740,897,23,15,266,135,0,0,58,29,4,1,0.0,0.8,2398
Hu Hao,Mitchell Travis,7,1101,1152,0.43064928112217615,0.4681681105837757,31,13,179,85,117,59,670,329,33,11,69,28,0,0,65,36,4,0,0.0,1.0,2398
TJ Dowling,Mateusz Baranowski,7,1075,1057,0.5245927745980452,0.5112481019468548,26,15,136,70,31,15,168,80,0,0,54,30,8,4,159,79,4,0,0.0,1.0,2398
Paul Davison,Reanne Evans,7,1168,1062,0.641605432096216,0.5658650028954817,645,335,4536,2298,131,49,713,302,97,37,445,190,23,12,105,54,4,0,0.0,1.0,2398
Alex Davies,Chae Ross,7,1169,1000,0.7180660778287002,0.6040813228693781,220,108,1362,673,0,0,0,0,0,0,124,57,0,0,0,0,4,2,0.0,0.6666666666666666,2398
Stephen Craigie,Nigel Howe,7,1254,1000,0.8060824586598727,0.653622330899504,117,66,691,368,0,0,0,0,0,0,0,0,0,0,0,0,4,2,0.0,0.6666666666666666,2398
Jamie Clarke,Tony Knowles,7,1231,923,0.8515999175968284,0.6835208937363156,137,70,814,424,589,293,4887,2425,45,18,348,177,0,0,5,1,4,0,0.0,1.0,2398
Ashley Carty,Martin O'Donnell,7,1230,1299,0.4065907825999159,0.4569816192756902,112,59,648,335,279,133,1736,865,29,17,263,143,135,64,501,250,4,3,0.0,0.5714285714285714,2398
James Cahill,James Silverwood,7,1167,936,0.7841899555246323,0.6404919537233386,125,41,816,342,71,21,377,147,0,0,292,115,5,1,31,15,4,2,0.0,0.6666666666666666,2398
Wayne Brown,Patrick Whelan,7,1092,949,0.6875128007198821,0.5884351201276382,285,158,2200,1135,8,1,40,12,5,1,49,19,6,2,40,12,4,3,0.0,0.5714285714285714,2398
Declan Brennan,David Lilley,7,989,1214,0.22176316048224076,0.3629692055196168,27,8,144,61,63,35,389,211,29,16,71,38,7,3,113,62,4,1,0.0,0.8,2398
Gareth Allen,Andres Petrov,7,1145,1038,0.6428793213307702,0.5664790559676278,153,70,878,418,8,5,41,23,0,0,286,123,0,0,27,15,4,3,0.0,0.5714285714285714,2398
Chen Zifan,Lee Page,7,1136,1077,0.5800831913605062,0.5368082899889803,53,24,319,142,208,99,1263,615,107,44,195,83,0,0,59,21,4,0,0.0,1.0,2398
Zhang Yong,Stephen Kershaw,7,1125,989,0.6790334655716898,0.5841905229354074,72,26,451,182,183,78,1320,628,115,46,358,144,0,0,10,4,4,1,0.0,0.8,2398
Joel Walker,Jamie Clarke,7,1164,1231,0.4092473522241249,0.4582226307163632,156,69,1003,469,137,70,814,424,0,0,198,75,45,18,348,177,4,1,0.0,0.8,2398
Joe Swail,Zak Surety,7,1248,1147,0.6352110684578025,0.5627917401386452,817,437,6373,3311,118,53,703,331,106,46,579,280,0,0,305,138,4,3,0.0,0.5714285714285714,2398
Jackson Page,Wayne Brown,7,1009,1092,0.3881295430910018,0.44831033065729986,11,2,63,21,285,158,2200,1135,63,21,63,21,5,1,49,19,4,2,0.0,0.6666666666666666,2398
Lu Ning,Phil O'Kane,7,1126,1043,0.611870456908998,0.5516896693427,67,22,465,198,80,35,411,192,0,0,184,73,0,0,136,74,4,0,0.0,1.0,2398
Sanderson Lam,Jake Nicholson,7,1104,965,0.6826800016944434,0.5860112044388707,122,46,738,323,81,25,431,171,86,29,362,147,9,5,151,63,4,1,0.0,0.8,2398
Ben Jones,Charlie Walters,7,1062,1031,0.5422981239384312,0.519365308229932,76,37,395,193,86,33,480,215,22,12,151,75,11,5,156,73,4,0,0.0,1.0,2398
Duane Jones,Declan Brennan,7,1182,989,0.7448448720621436,0.6183380393302829,145,74,853,444,27,8,144,61,86,29,346,148,29,16,71,38,4,2,0.0,0.6666666666666666,2398
Kishan Hirani,Barry Pinches,7,1107,1242,0.32218616531476235,0.41641688448272474,125,59,676,324,723,373,5643,2927,14,8,188,97,26,19,284,134,4,1,0.0,0.8,2398
Hu Hao,Ian Martin,7,1101,981,0.6592810606298003,0.574442516811659,31,13,179,85,26,11,163,74,33,11,69,28,0,0,0,0,4,1,0.0,0.8,2398
TJ Dowling,Gareth Allen,7,1075,1145,0.40526420278841835,0.4563613127629212,26,15,136,70,153,70,878,418,0,0,54,30,0,0,286,123,4,1,0.0,0.8,2398
Paul Davison,Sean O'Sullivan,7,1168,1134,0.5463726874746992,0.5212372149662741,645,335,4536,2298,181,74,1137,520,97,37,445,190,87,26,452,204,4,3,0.0,0.5714285714285714,2398
Alex Davies,Andy Hicks,7,1169,1232,0.41457369574132835,0.4607061941016405,220,108,1362,673,596,321,4837,2507,0,0,124,57,23,15,266,135,4,3,0.0,0.5714285714285714,2398
Ashley Carty,Stephen Craigie,7,1230,1254,0.4672268289773793,0.4850044983805899,112,59,648,335,117,66,691,368,29,17,263,143,0,0,0,0,4,2,0.0,0.6666666666666666,2398
James Cahill,Alex Taubman,7,1167,1092,0.6013510291923431,0.5467381519846138,125,41,816,342,152,67,835,381,0,0,292,115,12,8,211,100,4,0,0.0,1.0,2398
Chen Zifan,Kishan Hirani,7,1136,1107,0.5395790886298393,0.5181170650431814,53,24,319,142,125,59,676,324,107,44,195,83,14,8,188,97,4,0,0.0,1.0,2398
Joe Swail,Joel Walker,7,1248,1164,0.6131794491635048,0.5523079095743253,817,437,6373,3311,156,69,1003,469,106,46,579,280,0,0,198,75,4,3,0.0,0.5714285714285714,2398
Sanderson Lam,Lu Ning,7,1104,1126,0.4699521739841547,0.486253465097645,122,46,738,323,67,22,465,198,86,29,362,147,0,0,184,73,4,3,0.0,0.5714285714285714,2398
Duane Jones,Hu Hao,7,1182,1101,0.6092484254460553,0.5504527113395278,145,74,853,444,31,13,179,85,86,29,346,148,33,11,69,28,4,3,0.0,0.5714285714285714,2398
Ben Jones,Jackson Page,7,1062,1009,0.5720392978025534,0.5330766223661046,76,37,395,193,11,2,63,21,22,12,151,75,63,21,63,21,4,1,0.0,0.8,2398
Paul Davison,TJ Dowling,7,1168,1075,0.6248970337106214,0.5578645727207344,645,335,4536,2298,26,15,136,70,97,37,445,190,0,0,54,30,4,0,0.0,1.0,2398
Alex Davies,Zhang Yong,7,1169,1125,0.5599145707304132,0.5274723043445937,220,108,1362,673,72,26,451,182,0,0,124,57,115,46,358,144,4,3,0.0,0.5714285714285714,2398
James Cahill,Ashley Carty,7,1167,1230,0.41457369574132835,0.4607061941016405,125,41,816,342,112,59,648,335,0,0,292,115,29,17,263,143,4,3,0.0,0.5714285714285714,2398
Chen Zifan,Ben Jones,7,1136,1062,0.6000303895586184,0.5461185410457796,53,24,319,142,76,37,395,193,107,44,195,83,22,12,151,75,4,1,0.0,0.8,2398
Sanderson Lam,Joe Swail,7,1104,1248,0.31128429594529594,0.41095956594133487,122,46,738,323,817,437,6373,3311,86,29,362,147,106,46,579,280,4,2,0.0,0.6666666666666666,2398
Duane Jones,Alex Davies,7,1182,1169,0.5177671819164105,0.5081242849062608,145,74,853,444,220,108,1362,673,86,29,346,148,0,0,124,57,4,2,0.0,0.6666666666666666,2398
Paul Davison,James Cahill,7,1168,1167,0.5013671846516985,0.5006249996744794,645,335,4536,2298,125,41,816,342,97,37,445,190,0,0,292,115,4,2,0.0,0.6666666666666666,2398
Chen Zifan,Aaron Cook,7,1204,921,0.8315565774707512,0.6698485160570237,59,30,348,166,6,0,26,2,136,68,224,107,10,2,18,2,4,0,0.0,1.0,2397
Sydney Wilson,Ronnie Blake,7,1120,990,0.6716853028295744,0.5805423048206596,168,61,993,437,1,0,5,1,14,9,303,116,5,1,5,1,4,0,0.0,1.0,2397
Michael Williams,Conor McCormack,7,1119,872,0.7995764997363425,0.6496497492904088,52,28,257,140,24,6,121,35,27,17,177,97,14,5,101,30,4,0,0.0,1.0,2397
Michael Wild,James Loft,7,1157,944,0.7660354477872332,0.6300660082850182,295,156,1804,955,17,7,97,38,12,4,169,60,5,1,5,1,4,3,0.0,0.5714285714285714,2397
Stuart Watson,Shane Haines,7,853,938,0.38551292727713543,0.4470740118670941,42,7,227,77,119,48,867,401,15,7,28,12,7,3,11,3,4,2,0.0,0.6666666666666666,2397
Charlie Walters,Reanne Evans,7,1042,1073,0.4577018760615691,0.4806346917700681,89,35,493,223,134,51,726,310,24,13,169,81,36,20,118,62,4,1,0.0,0.8,2397
Ross Vallance,Ben Robinson,7,966,979,0.48223281808358937,0.4918757150937391,19,6,93,36,4,1,18,6,21,11,26,12,5,1,18,6,4,0,0.0,1.0,2397
Sam Thistlewhite,Stefan Risidi,7,1106,1000,0.641605432096216,0.5658650028954817,81,38,424,209,2,1,12,6,25,17,185,104,12,6,12,6,4,3,0.0,0.5714285714285714,2397
Allan Taylor,Jason Weston,7,1182,1065,0.6555229391190917,0.5726080638632601,270,124,1617,786,305,161,2334,1206,126,53,422,168,10,5,231,85,4,2,0.0,0.6666666666666666,2397
Jason Tart,Shachar Ruberg,7,971,1046,0.3986489708076568,0.45326184801538616,14,4,73,28,32,14,203,89,6,2,37,19,12,7,78,38,4,1,0.0,0.8,2397
Joe Swail,Lu Ning,7,1243,1153,0.6210041469292463,0.5560138905446199,823,442,6411,3333,71,25,486,213,144,68,617,302,21,15,205,88,4,2,0.0,0.6666666666666666,2397
Adam Stefanow,Joel Walker,7,1118,1195,0.39601140843867844,0.4520230623632036,51,24,270,133,160,72,1027,484,20,12,174,84,24,15,222,90,4,0,0.0,1.0,2397
Rahul Sachdev,Dylan Mitchell,7,974,936,0.5517972899579606,0.523732154126561,8,2,48,21,20,6,114,38,4,0,4,0,5,1,5,1,4,3,0.0,0.5714285714285714,2397
Chae Ross,Mark Davies,7,1013,932,0.6092484254460553,0.5504527113395278,3,2,18,10,5,0,23,3,18,10,18,10,6,2,15,3,4,0,0.0,1.0,2397
Adrian Rosa,Brandon Sargeant,7,1192,1104,0.6184015843393024,0.5547792351072148,275,151,2151,1104,63,27,364,174,20,11,43,22,21,13,253,124,4,3,0.0,0.5714285714285714,2397
Lewis Roberts,Andy Hicks,7,1043,1250,0.24021086259236363,0.3734370028762817,70,28,463,217,600,324,4858,2522,7,3,7,3,44,30,287,150,4,3,0.0,0.5714285714285714,2397
Tyler Rees,James Burrett,7,975,858,0.6555229391190917,0.5726080638632601,10,4,52,19,32,7,164,51,20,11,48,19,10,5,28,7,4,0,0.0,1.0,2397
Mohammed Rangzib,Louis Heathcote,7,1038,1063,0.465864760862579,0.4843800842769844,53,27,338,177,31,13,173,80,4,0,61,26,28,18,131,63,4,3,0.0,0.5714285714285714,2397
Imran Puri,Paul Anthony Taylor,7,634,989,0.1154393393133262,0.291626008967673,58,7,283,59,1,0,4,0,10,4,31,7,4,0,4,0,4,2,0.0,0.6666666666666666,2397
George Pragnall,Brandon Hall,7,1099,986,0.6504866469700167,0.5701590253818352,38,19,225,109,1,0,4,0,38,22,167,81,4,0,4,0,4,0,0.0,1.0,2397
Haydon Pinhey,Jeremiah Connors,7,997,1001,0.4945314322857424,0.49750002083312506,6,3,34,16,2,1,8,4,5,1,34,16,8,4,8,4,4,3,0.0,0.5714285714285714,2397
Andres Petrov,James Cahill,7,1038,1203,0.286533617594737,0.3983128198171432,9,5,48,26,131,46,848,364,7,3,34,18,32,22,324,137,4,2,0.0,0.6666666666666666,2397
Antony Parsons,Michael Dubicki,7,1085,995,0.6210041469292463,0.5560138905446199,86,39,520,249,3,2,17,8,7,3,64,33,17,8,17,8,4,1,0.0,0.8,2397
Jackson Page,Gareth Green,7,1040,1095,0.42527567806654565,0.4656790563306954,16,6,92,38,68,35,373,178,92,38,92,38,4,0,76,42,4,2,0.0,0.6666666666666666,2397
Ng On Yee,Josh Mulholland,7,981,1014,0.45498494612477275,0.47938669028555136,10,4,62,26,11,5,61,30,6,2,57,25,17,9,56,29,4,3,0.0,0.5714285714285714,2397
Sean O'Sullivan,Chris Jones,7,1141,919,0.7752232149046754,0.6352948493228071,184,76,1158,531,19,3,103,33,108,37,473,215,6,2,55,20,4,3,0.0,0.5714285714285714,2397
Jamie O'Neill,Felix Frede,7,1175,979,0.7480902113030796,0.6201064323430902,277,143,1753,906,25,10,128,56,13,9,71,38,9,1,86,39,4,1,0.0,0.8,2397
Phil O'Kane,Bash Maqsood,7,1053,939,0.651748409886971,0.5707716118944918,84,38,432,204,20,5,111,40,21,12,157,86,4,0,29,12,4,2,0.0,0.6666666666666666,2397
Martin O'Donnell,Ka Wai Cheung,7,1308,982,0.8649416467776995,0.6931739493259501,282,135,1753,876,2,0,18,4,152,75,518,261,5,1,18,4,4,2,0.0,0.6666666666666666,2397
Heikki Niva,Darren Cook,7,1020,1043,0.46858930565080326,0.4856289593029398,4,2,19,11,50,25,275,134,19,11,19,11,11,4,36,17,4,1,0.0,0.8,2397
Saqib Nasir,Joshua Cooper,7,1097,1004,0.6248970337106214,0.5578645727207344,87,44,476,250,24,11,126,57,27,15,148,73,22,12,121,56,4,3,0.0,0.5714285714285714,2397
Ben Murphy,Richard King,7,980,967,0.5177671819164105,0.5081242849062608,2,0,11,3,11,3,66,26,5,1,11,3,5,1,14,2,4,2,0.0,0.6666666666666666,2397
Roshan Mirchandani,Jamie McArdle,7,986,1011,0.465864760862579,0.4843800842769844,1,0,4,0,5,2,27,14,4,0,4,0,11,6,11,6,4,2,0.0,0.6666666666666666,2397
Geng Mingqi,Andreas Ploner,7,1010,1063,0.42796070219744664,0.46692337763389535,11,4,66,30,52,23,282,133,18,11,38,20,13,5,134,68,4,1,0.0,0.8,2397
David Lilley,Anthony Jeffers,7,1207,1016,0.7426684543010009,0.6171573626529722,66,37,405,220,10,5,55,27,23,12,129,71,13,6,32,15,4,2,0.0,0.6666666666666666,2397
Simon Lichtenberg,Lee Page,7,1025,1074,0.433341285511335,0.469413239817919,15,6,77,39,211,101,1279,623,11,3,71,37,16,8,75,29,4,2,0.0,0.6666666666666666,2397
Tony Knowles,Russel Morgan,7,938,988,0.43199486323846364,0.46879062662624377,592,295,4901,2433,2,1,11,4,14,8,19,9,11,4,11,4,4,0,0.0,1.0,2397
Lukas Kleckers,Leigh Robinson,7,1094,1079,0.5204982038546295,0.5093739015216607,54,19,330,142,185,97,1413,724,84,26,271,114,5,1,8,2,4,2,0.0,0.6666666666666666,2397
Keith Keldie,Mark Owens,7,960,938,0.5300478260158454,0.513746534902355,8,1,47,16,46,13,257,99,5,1,34,11,5,1,88,33,4,3,0.0,0.5714285714285714,2397
Richard Jones,Craig Brown,7,1028,984,0.5599145707304132,0.5274723043445937,75,40,571,297,1,0,4,0,12,7,12,7,4,0,4,0,4,1,0.0,0.8,2397
Ben Jones,Mark J Miller,7,1107,1003,0.6390526295107546,0.5646362918030292,82,42,424,214,2,1,10,5,51,33,180,96,10,5,10,5,4,1,0.0,0.8,2397
Kuldesh Johal,Mike Hallett,7,1180,1051,0.6704536022204194,0.5799334001885058,203,114,1353,721,634,328,5123,2568,26,15,135,69,4,0,6,0,4,1,0.0,0.8,2397
Tugba Irten,Zack Richardson,7,995,1169,0.2762380014579778,0.39293301192829644,13,7,78,37,60,31,331,187,6,2,57,26,33,22,152,89,4,2,0.0,0.6666666666666666,2397
Shehzad Iqbal,Matthew Roberts,7,963,989,0.4645031181885513,0.48375571893792757,4,0,20,4,1,0,4,0,5,1,5,1,4,0,4,0,4,1,0.0,0.8,2397
Ashley Hugill,Jack Culligan,7,1162,953,0.7618819203066071,0.6277321638605189,91,42,515,243,8,1,40,10,111,44,442,214,10,4,10,4,4,2,0.0,0.6666666666666666,2397
Darryl Hill,Joshua Thomond,7,993,1025,0.4563431395453441,0.48001065984441826,56,15,367,139,17,9,97,49,7,3,220,70,37,20,97,49,4,3,0.0,0.5714285714285714,2397
James Height,Daniel O’Regan,7,991,940,0.5693507188778237,0.5318318894162242,1,0,6,2,15,5,73,27,6,2,6,2,4,0,67,25,4,3,0.0,0.5714285714285714,2397
Hu Hao,Alex Taubman,7,1148,1111,0.5504420624351876,0.523108525489089,36,17,204,104,156,70,854,393,58,30,94,47,31,20,230,112,4,1,0.0,0.8,2397
Richard Haney,Lee Shanker,7,970,905,0.5880916350836762,0.5405358392737893,5,1,29,10,31,7,162,53,5,1,5,1,5,1,37,14,4,0,0.0,1.0,2397
Steven Hallworth,Zhang Jiankang,7,1182,1008,0.7237619985420221,0.6070669880717036,82,29,516,226,4,1,30,12,24,16,310,134,14,5,30,12,4,0,0.0,1.0,2397
Matthew Glasby,Neal Jones,7,948,1018,0.40526420278841835,0.4563613127629212,37,14,196,83,139,64,950,451,21,12,98,39,4,0,4,0,4,1,0.0,0.8,2397
Dean Galbally,Mark Vincent,7,988,914,0.6000303895586184,0.5461185410457796,1,0,5,1,40,11,202,77,5,1,5,1,13,7,30,12,4,2,0.0,0.6666666666666666,2397
John Foster,Ashley Beal,7,988,960,0.5382188233953898,0.5174928576663897,5,1,31,13,22,8,116,50,12,4,31,13,5,1,24,9,4,2,0.0,0.6666666666666666,2397
Ben Fortey,Scott Lyons,7,953,933,0.5273209820427867,0.5124973964842103,15,4,81,30,11,3,56,18,7,3,7,3,10,2,56,18,4,0,0.0,1.0,2397
Kacper Filipiak,Keishin Kamihashi,7,1124,973,0.6970755073607001,0.5932699921071872,79,33,424,181,2,0,8,0,32,20,165,92,4,0,8,0,4,2,0.0,0.6666666666666666,2397
Anthony Fieldsend,Fraser Patrick,7,996,1170,0.2762380014579778,0.39293301192829644,1,0,7,3,187,78,1223,559,7,3,7,3,24,12,310,131,4,2,0.0,0.6666666666666666,2397
Daniel Devlin,Ross Jones,7,1001,958,0.5585634499391967,0.5268491486891144,4,2,17,8,4,0,19,3,4,0,17,8,4,0,4,0,4,1,0.0,0.8,2397
Simon Dent,Sanderson Lam,7,980,1166,0.26281719414747273,0.38580035722310485,27,10,145,66,128,52,770,347,17,6,91,41,118,53,394,171,4,0,0.0,1.0,2397
Matthew Day,Shaun Sultana,7,1102,973,0.6704536022204194,0.5799334001885058,142,68,763,372,2,0,8,0,18,11,139,66,4,0,8,0,4,0,0.0,1.0,2397
Paul Davison,Robert Cloherty,7,1218,909,0.8523649112589072,0.6840614456522569,650,340,4561,2318,7,0,31,3,122,57,470,210,4,0,23,3,4,0,0.0,1.0,2397
Alex Davies,Barry Pinches,7,1188,1263,0.3986489708076568,0.45326184801538616,226,113,1398,695,727,376,5660,2940,36,22,160,79,43,32,301,147,4,2,0.0,0.6666666666666666,2397
Stephen Craigie,Gareth Allen,7,1270,1151,0.6580301976734948,0.5738312575916094,121,69,711,382,157,73,900,431,20,14,20,14,22,13,308,136,4,1,0.0,0.8,2397
Callum Costello,Aaron Busuttil,7,991,1014,0.46858930565080326,0.4856289593029398,1,0,5,1,9,5,45,22,5,1,5,1,4,0,4,0,4,1,0.0,0.8,2397
Michael Collumb,Peter Devlin,7,1096,963,0.67536846283006,0.5823675407280794,57,24,315,155,24,9,120,49,14,6,159,85,28,17,77,33,4,1,0.0,0.8,2397
Jamie Clarke,Duane Jones,7,1234,1220,0.5191328123553783,0.5087491068802403,140,72,828,433,150,79,880,464,59,27,362,186,113,49,373,168,4,0,0.0,1.0,2397
Lyu Chenwei,Stephen Kershaw,7,1084,997,0.6170981549456108,0.5541616527636486,64,21,393,162,186,80,1337,637,4,0,231,93,17,9,27,13,4,2,0.0,0.6666666666666666,2397
Ryan Causton,Joe Steele,7,1100,945,0.7018040708685593,0.5956807306078472,121,63,645,319,60,22,305,128,17,9,157,78,5,1,100,41,4,3,0.0,0.5714285714285714,2397
Billy Joe Castle,Adam Brown,7,1078,991,0.6170981549456108,0.5541616527636486,33,14,192,87,1,0,5,1,108,40,149,63,5,1,5,1,4,2,0.0,0.6666666666666666,2397
Ashley Carty,Ian Martin,7,1258,1003,0.8070005952389404,0.654188113761243,117,63,677,354,30,14,186,87,58,36,292,162,23,13,23,13,4,1,0.0,0.8,2397
Ian Brumby,John Fearick,7,1090,992,0.6313550071762073,0.5609454503247162,406,208,2969,1500,1,0,6,2,4,0,18,8,6,2,6,2,4,1,0.0,0.8,2397
Oliver Brown,Brian Cini,7,1217,1095,0.661777191191235,0.5756643510425494,171,78,938,448,41,21,212,114,39,25,275,138,33,18,141,79,4,3,0.0,0.5714285714285714,2397
Troy Brett,Adam Edge,7,989,1019,0.4590611389260606,0.4812587841214648,5,1,30,13,42,17,243,113,6,2,24,11,31,17,142,69,4,0,0.0,1.0,2397
Declan Brennan,Farakh Ajaib,7,1030,1024,0.5082025098106111,0.5037499296890819,31,11,166,75,35,16,201,97,51,30,93,52,11,4,36,17,4,0,0.0,1.0,2397
Simon Bedford,Paul Burrell,7,1178,889,0.8365285845595485,0.6731572963701318,418,242,3208,1722,16,3,105,35,8,4,8,4,5,1,16,2,4,0,0.0,1.0,2397
Richard Beckham,Jake Nicholson,7,1108,1002,0.641605432096216,0.5658650028954817,42,24,220,117,85,28,449,184,5,1,153,82,27,18,169,76,4,3,0.0,0.5714285714285714,2397
Rhydian Ap Owen,Jaspal Bamotra,7,959,976,0.476771798023094,0.4893765989950364,7,2,33,11,2,0,9,1,5,1,33,11,4,0,4,0,4,1,0.0,0.8,2397
Mohammed Ali,Danny Gladstone,7,988,988,0.5,0.5,1,0,5,1,2,1,11,4,5,1,5,1,11,4,11,4,4,1,0.0,0.8,2397
Chen Zifan,Darren Barton,7,1204,940,0.8151364341594428,0.6592603884513855,59,30,348,166,5,0,25,5,136,68,224,107,6,2,25,5,4,0,0.0,1.0,2397
Zhang Yong,Ryan Causton,7,1149,1100,0.5666587144886649,0.530586760182081,76,29,473,197,121,63,645,319,137,61,380,159,17,9,157,78,4,0,0.0,1.0,2397
Sydney Wilson,Jamie Brown,7,1120,1000,0.6592810606298003,0.574442516811659,168,61,993,437,12,4,70,32,14,9,303,116,10,6,42,24,4,0,0.0,1.0,2397
Michael Williams,TJ Dowling,7,1119,1099,0.5273209820427867,0.5124973964842103,52,28,257,140,30,18,153,82,27,17,177,97,17,12,71,42,4,0,0.0,1.0,2397
Stuart Watson,Peter Delaney,7,853,810,0.5585634499391967,0.5268491486891144,42,7,227,77,35,7,218,69,15,7,28,12,11,4,35,8,4,1,0.0,0.8,2397
Daniel Ward,Keith Keldie,7,1208,960,0.8005143732994051,0.6502185485738271,108,62,617,350,8,1,47,16,28,14,51,28,5,1,34,11,4,0,0.0,1.0,2397
Charlie Walters,Joshua Baddeley,7,1042,1013,0.5395790886298393,0.5181170650431814,89,35,493,223,25,11,132,66,24,13,169,81,7,3,96,48,4,0,0.0,1.0,2397
Ross Vallance,Nick Manning,7,966,1093,0.33201569905505146,0.421285137539866,19,6,93,36,46,30,323,182,21,11,26,12,4,0,4,0,4,1,0.0,0.8,2397
Ma Tingpeng,Heikki Niva,7,1000,1020,0.4726790179572131,0.4875026035157896,18,6,97,42,4,2,19,11,11,6,22,9,19,11,19,11,4,3,0.0,0.5714285714285714,2397
Sam Thistlewhite,Mitchell Travis,7,1106,1154,0.4346885316890212,0.4700359482354282,81,38,424,209,120,61,684,337,25,17,185,104,14,8,79,44,4,2,0.0,0.6666666666666666,2397
Allan Taylor,Stephen Craigie,7,1182,1270,0.38159841566069774,0.4452207648927852,270,124,1617,786,121,69,711,382,126,53,422,168,20,14,20,14,4,1,0.0,0.8,2397
Joe Swail,Ashley Carty,7,1243,1258,0.47950179614537025,0.4906260984783392,823,442,6411,3333,117,63,677,354,144,68,617,302,58,36,292,162,4,3,0.0,0.5714285714285714,2397
Zak Surety,Mohammed Ali,7,1165,988,0.7271505015076656,0.6088545692109504,121,55,721,342,1,0,5,1,18,11,323,149,5,1,5,1,4,1,0.0,0.8,2397
Adam Stefanow,Nikolas Charalambous,7,1118,977,0.685100616527281,0.587223690839335,51,24,270,133,4,1,23,8,20,12,174,84,13,6,13,6,4,3,0.0,0.5714285714285714,2397
Luke Simmonds,Saqib Nasir,7,1216,1097,0.6580301976734948,0.5738312575916094,112,61,768,399,87,44,476,250,25,17,116,59,27,15,148,73,4,3,0.0,0.5714285714285714,2397
James Silverwood,Michael Wild,7,964,1157,0.25515512793785655,0.38166196066971714,74,23,392,157,295,156,1804,955,20,11,46,25,12,4,169,60,4,3,0.0,0.5714285714285714,2397
Adrian Rosa,Lewis Gillen,7,1192,989,0.7555717519931018,0.6242202334972642,275,151,2151,1104,11,4,59,27,20,11,43,22,4,0,59,27,4,0,0.0,1.0,2397
Lewis Roberts,Andrei Orzan,7,1043,965,0.6053054839891849,0.5485961085831343,70,28,463,217,6,1,35,12,7,3,7,3,19,8,35,12,4,1,0.0,0.8,2397
Tyler Rees,Lucky Vatnani,7,975,991,0.4781366606027012,0.4900013331200346,10,4,52,19,72,26,407,171,20,11,48,19,11,3,46,22,4,1,0.0,0.8,2397
Mohammed Rangzib,Tugba Irten,7,1038,995,0.5585634499391967,0.5268491486891144,53,27,338,177,13,7,78,37,4,0,61,26,6,2,57,26,4,1,0.0,0.8,2397
Imran Puri,Jason Turnbull,7,634,955,0.13867376703214485,0.3094909987724293,58,7,283,59,3,0,12,0,10,4,31,7,4,0,12,0,4,1,0.0,0.8,2397
Andres Petrov,Richard Haney,7,1038,970,0.5920814957526257,0.542397940774351,9,5,48,26,5,1,29,10,7,3,34,18,5,1,5,1,4,2,0.0,0.6666666666666666,2397
Antony Parsons,Richard Beckham,7,1085,1108,0.46858930565080326,0.4856289593029398,86,39,520,249,42,24,220,117,7,3,64,33,5,1,153,82,4,2,0.0,0.6666666666666666,2397
Jackson Page,Stephen Ormerod,7,1040,843,0.7491668212476215,0.6206951913643555,16,6,92,38,101,29,680,265,92,38,92,38,11,4,33,10,4,1,0.0,0.8,2397
Ng On Yee,Dessie Sheehan,7,981,698,0.8315565774707512,0.6698485160570237,10,4,62,26,175,34,1313,480,6,2,57,25,4,0,71,20,4,0,0.0,1.0,2397
Sean O'Sullivan,David Singh,7,1141,974,0.7157709624772323,0.6028848673274662,184,76,1158,531,171,66,1127,485,108,37,473,215,4,0,25,10,4,0,0.0,1.0,2397
Jamie O'Neill,Michael Tomlinson,7,1175,1021,0.7006252854909363,0.595078473866134,277,143,1753,906,32,14,199,89,13,9,71,38,18,9,44,15,4,3,0.0,0.5714285714285714,2397
Martin O'Donnell,Stewart Hesketh,7,1308,1003,0.8492880506369576,0.6818962645895934,282,135,1753,876,3,1,16,8,152,75,518,261,9,5,9,5,4,0,0.0,1.0,2397
Joe O'Connor,Simon Dent,7,1085,980,0.6403298636636867,0.5652507475670999,82,38,494,233,27,10,145,66,37,18,278,129,17,6,91,41,4,0,0.0,1.0,2397
Andrew Milliard,Rahul Sachdev,7,860,974,0.34825159011302903,0.4292283881055083,168,48,980,373,8,2,48,21,6,2,56,22,4,0,4,0,4,2,0.0,0.6666666666666666,2397
David Lilley,Richard Jones,7,1207,1028,0.7293972619311108,0.610044672404527,66,37,405,220,75,40,571,297,23,12,129,71,12,7,12,7,4,0,0.0,1.0,2397
Simon Lichtenberg,Corey Deuel,7,1025,981,0.5599145707304132,0.5274723043445937,15,6,77,39,10,2,62,25,11,3,71,37,13,7,52,23,4,0,0.0,1.0,2397
William Lemons,Matthew Glasby,7,1004,948,0.5760654606907909,0.5349429451582145,35,13,207,90,37,14,196,83,17,6,78,31,21,12,98,39,4,2,0.0,0.6666666666666666,2397
Lukas Kleckers,Geng Mingqi,7,1094,1010,0.6131794491635048,0.5523079095743253,54,19,330,142,11,4,66,30,84,26,271,114,18,11,38,20,4,2,0.0,0.6666666666666666,2397
Ben Jones,Darren Burns,7,1107,973,0.6765921632853334,0.5829754542011996,82,42,424,214,18,7,97,40,51,33,180,96,4,0,25,10,4,3,0.0,0.5714285714285714,2397
Kuldesh Johal,Wayne Brown,7,1180,1103,0.6039885915613215,0.5479769376367963,203,114,1353,721,289,161,2222,1149,26,15,135,69,27,15,71,33,4,1,0.0,0.8,2397
Shehzad Iqbal,Dhairya Bhandari,7,963,988,0.465864760862579,0.4843800842769844,4,0,20,4,1,0,4,0,5,1,5,1,4,0,4,0,4,1,0.0,0.8,2397
Clayton Humphries,Haydon Pinhey,7,1024,997,0.536858082179779,0.5168685956913849,11,5,66,34,6,3,34,16,12,4,66,34,5,1,34,16,4,3,0.0,0.5714285714285714,2397
Ashley Hugill,George Pragnall,7,1162,1099,0.5854263042586716,0.5392938058983595,91,42,515,243,38,19,225,109,111,44,442,214,38,22,167,81,4,1,0.0,0.8,2397
Kishan Hirani,Dean Galbally,7,1138,988,0.6958878075458884,0.5926665999540697,130,63,699,340,1,0,5,1,37,24,211,113,5,1,5,1,4,1,0.0,0.8,2397
Hu Hao,Shaun Wilkes,7,1148,886,0.8133483117002799,0.6581363150480182,36,17,204,104,119,30,728,277,58,30,94,47,5,1,7,1,4,0,0.0,1.0,2397
Stephen Groves,Matthew Day,7,894,1102,0.2391631406818608,0.3728522336868044,25,6,129,45,142,68,763,372,7,3,7,3,18,11,139,66,4,3,0.0,0.5714285714285714,2397
Ben Fortey,Daniel Gorton,7,953,988,0.4522702554497651,0.47813894602839846,15,4,81,30,1,0,4,0,7,3,7,3,4,0,4,0,4,0,0.0,1.0,2397
Kacper Filipiak,Darryl Hill,7,1124,993,0.6729150209582897,0.5811509642893937,79,33,424,181,56,15,367,139,32,20,165,92,7,3,220,70,4,3,0.0,0.5714285714285714,2397
Tony Drago,Phil O'Kane,7,1165,1053,0.6492231123314619,0.569546223939229,731,360,5953,2941,84,38,432,204,21,12,186,79,21,12,157,86,4,1,0.0,0.8,2397
Paul Davison,Patrick Whelan,7,1218,974,0.7967460208697068,0.6479408020806503,650,340,4561,2318,11,3,57,23,122,57,470,210,23,13,57,23,4,0,0.0,1.0,2397
Alex Davies,Callum Costello,7,1188,991,0.7491668212476215,0.6206951913643555,226,113,1398,695,1,0,5,1,36,22,160,79,5,1,5,1,4,0,0.0,1.0,2397
Jeff Cundy,Rhydian Ap Owen,7,1139,959,0.7305169455924372,0.610639233949222,518,274,3623,1878,7,2,33,11,26,14,101,48,5,1,33,11,4,2,0.0,0.6666666666666666,2397
Jamie Cope,Anthony Fieldsend,7,1253,996,0.8088283859322067,0.655318370173895,544,291,3682,1876,1,0,7,3,38,25,428,207,7,3,7,3,4,0,0.0,1.0,2397
Danny Connolly,Tony Knowles,7,982,938,0.5599145707304132,0.5274723043445937,2,0,9,1,592,295,4901,2433,4,0,9,1,14,8,19,9,4,2,0.0,0.6666666666666666,2397
Michael Collumb,John Foster,7,1096,988,0.644151517953897,0.5670929049654543,57,24,315,155,5,1,31,13,14,6,159,85,12,4,31,13,4,3,0.0,0.5714285714285714,2397
Jamie Clarke,Labeeb Ahmed,7,1234,984,0.8023816778034777,0.6513548646660542,140,72,828,433,3,1,12,4,59,27,362,186,4,0,12,4,4,1,0.0,0.8,2397
Lyu Chenwei,Daniel Womersley,7,1084,1013,0.5960612197256479,0.5442588584178731,64,21,393,162,17,6,105,45,4,0,231,93,6,2,105,45,4,3,0.0,0.5714285714285714,2397
Gary Challis,James Height,7,975,991,0.4781366606027012,0.4900013331200346,7,2,37,14,1,0,6,2,16,6,26,8,6,2,6,2,4,0,0.0,1.0,2397
Billy Joe Castle,Jason Tart,7,1078,971,0.6428793213307702,0.5664790559676278,33,14,192,87,14,4,73,28,108,40,149,63,6,2,37,19,4,2,0.0,0.6666666666666666,2397
Greg Casey,Daniel Devlin,7,1049,1001,0.5653114683109788,0.5299640517645717,15,7,97,48,4,2,17,8,5,1,91,46,4,0,17,8,4,2,0.0,0.6666666666666666,2397
Ian Brumby,Yu Han,7,1090,985,0.6403298636636867,0.5652507475670999,406,208,2969,1500,1,0,4,0,4,0,18,8,4,0,4,0,4,0,0.0,1.0,2397
Oliver Brown,Simon Blackwell,7,1217,1022,0.7470110120975012,0.6195173196470847,171,78,938,448,6,3,31,17,39,25,275,138,7,3,31,17,4,1,0.0,0.8,2397
Jordan Brown,Ben Murphy,7,1132,980,0.698260993708389,0.5938731029341427,87,45,551,278,2,0,11,3,11,3,111,50,5,1,11,3,4,1,0.0,0.8,2397
Troy Brett,Nigel Howe,7,989,1021,0.4563431395453441,0.48001065984441826,5,1,30,13,3,2,17,10,6,2,24,11,17,10,17,10,4,0,0.0,1.0,2397
Declan Brennan,Adam Morrey,7,1030,996,0.5463726874746992,0.5212372149662741,31,11,166,75,1,0,7,3,51,30,93,52,7,3,7,3,4,0,0.0,1.0,2397
Simon Bedford,Chae Ross,7,1178,1013,0.7134663824052628,0.6016871801828567,418,242,3208,1722,3,2,18,10,8,4,8,4,18,10,18,10,4,3,0.0,0.5714285714285714,2397
Mateusz Baranowski,Roshan Mirchandani,7,1050,986,0.5867595016023184,0.5399148845555657,34,17,185,88,1,0,4,0,25,12,176,87,4,0,4,0,4,1,0.0,0.8,2397
Chen Zifan,Andres Petrov,7,1204,1038,0.7146198510727906,0.6022861768886306,59,30,348,166,9,5,48,26,136,68,224,107,7,3,34,18,4,2,0.0,0.6666666666666666,2397
Zhang Yong,Adam Stefanow,7,1149,1118,0.5422981239384312,0.519365308229932,76,29,473,197,51,24,270,133,137,61,380,159,20,12,174,84,4,0,0.0,1.0,2397
Michael Williams,Kuldesh Johal,7,1119,1180,0.41724321907824724,0.4619487156141408,52,28,257,140,203,114,1353,721,27,17,177,97,26,15,135,69,4,3,0.0,0.5714285714285714,2397
Daniel Ward,Greg Casey,7,1208,1049,0.7064965786766507,0.5980868603322034,108,62,617,350,15,7,97,48,28,14,51,28,5,1,91,46,4,2,0.0,0.6666666666666666,2397
Charlie Walters,Ben Jones,7,1042,1107,0.4119083649163239,0.4594641607262107,89,35,493,223,82,42,424,214,24,13,169,81,51,33,180,96,4,0,0.0,1.0,2397
Ross Vallance,Simon Lichtenberg,7,966,1025,0.41991680863949354,0.46319171001101955,19,6,93,36,15,6,77,39,21,11,26,12,11,3,71,37,4,3,0.0,0.5714285714285714,2397
Ma Tingpeng,Stuart Watson,7,1000,853,0.692311529960642,0.5908547524545943,18,6,97,42,42,7,227,77,11,6,22,9,15,7,28,12,4,2,0.0,0.6666666666666666,2397
Allan Taylor,Joe O'Connor,7,1182,1085,0.6300664956451868,0.5603296426885532,270,124,1617,786,82,38,494,233,126,53,422,168,37,18,278,129,4,0,0.0,1.0,2397
James Silverwood,Mohammed Rangzib,7,964,1038,0.39996961044138163,0.4538814589542204,74,23,392,157,53,27,338,177,20,11,46,25,4,0,61,26,4,1,0.0,0.8,2397
Adrian Rosa,Imran Puri,7,1192,634,0.9674464466529804,0.8013892651145572,275,151,2151,1104,58,7,283,59,20,11,43,22,10,4,31,7,4,2,0.0,0.6666666666666666,2397
Lewis Roberts,Kishan Hirani,7,1043,1138,0.37251518031789344,0.440902528097607,70,28,463,217,130,63,699,340,7,3,7,3,37,24,211,113,4,1,0.0,0.8,2397
Antony Parsons,David Lilley,7,1085,1207,0.33822280880876515,0.42433564895745063,86,39,520,249,66,37,405,220,7,3,64,33,23,12,129,71,4,3,0.0,0.5714285714285714,2397
Jackson Page,Declan Brennan,7,1040,1030,0.51366902727117,0.5062496744995104,16,6,92,38,31,11,166,75,92,38,92,38,51,30,93,52,4,3,0.0,0.5714285714285714,2397
Ng On Yee,Joe Swail,7,981,1243,0.18665168829972018,0.3418636849519819,10,4,62,26,823,442,6411,3333,6,2,57,25,144,68,617,302,4,3,0.0,0.5714285714285714,2397
Sean O'Sullivan,Alex Davies,7,1141,1188,0.4360365854867152,0.47065874995421436,184,76,1158,531,226,113,1398,695,108,37,473,215,36,22,160,79,4,0,0.0,1.0,2397
Jamie O'Neill,Tony Drago,7,1175,1165,0.51366902727117,0.5062496744995104,277,143,1753,906,731,360,5953,2941,13,9,71,38,21,12,186,79,4,2,0.0,0.6666666666666666,2397
Martin O'Donnell,Kacper Filipiak,7,1308,1124,0.7349708541108757,0.6130141761393355,282,135,1753,876,79,33,424,181,152,75,518,261,32,20,165,92,4,3,0.0,0.5714285714285714,2397
Andrew Milliard,Tyler Rees,7,860,975,0.3469916118703663,0.42861601832306767,168,48,980,373,10,4,52,19,6,2,56,22,20,11,48,19,4,3,0.0,0.5714285714285714,2397
William Lemons,Jeff Cundy,7,1004,1139,0.32218616531476235,0.41641688448272474,35,13,207,90,518,274,3623,1878,17,6,78,31,26,14,101,48,4,1,0.0,0.8,2397
Lukas Kleckers,Sam Thistlewhite,7,1094,1106,0.4835986704357121,0.4925005624493796,54,19,330,142,81,38,424,209,84,26,271,114,25,17,185,104,4,1,0.0,0.8,2397
Clayton Humphries,Shehzad Iqbal,7,1024,963,0.5827567809217526,0.5380512843858591,11,5,66,34,4,0,20,4,12,4,66,34,5,1,5,1,4,2,0.0,0.6666666666666666,2397
Ashley Hugill,Steven Hallworth,7,1162,1182,0.4726790179572131,0.4875026035157896,91,42,515,243,82,29,516,226,111,44,442,214,24,16,310,134,4,0,0.0,1.0,2397
Hu Hao,Zak Surety,7,1148,1165,0.476771798023094,0.4893765989950364,36,17,204,104,121,55,721,342,58,30,94,47,18,11,323,149,4,2,0.0,0.6666666666666666,2397
Ben Fortey,Sydney Wilson,7,953,1120,0.28422903752276774,0.39711513267253384,15,4,81,30,168,61,993,437,7,3,7,3,14,9,303,116,4,0,0.0,1.0,2397
Paul Davison,Stephen Groves,7,1218,894,0.86350380276547,0.6921095043017882,650,340,4561,2318,25,6,129,45,122,57,470,210,7,3,7,3,4,0,0.0,1.0,2397
Jamie Cope,Oliver Brown,7,1253,1217,0.549086208422272,0.5224848247918001,544,291,3682,1876,171,78,938,448,38,25,428,207,39,25,275,138,4,2,0.0,0.6666666666666666,2397
Jamie Clarke,Lyu Chenwei,7,1234,1084,0.6958878075458884,0.5926665999540697,140,72,828,433,64,21,393,162,59,27,362,186,4,0,231,93,4,0,0.0,1.0,2397
Billy Joe Castle,Mateusz Baranowski,7,1078,1050,0.5382188233953898,0.5174928576663897,33,14,192,87,34,17,185,88,108,40,149,63,25,12,176,87,4,3,0.0,0.5714285714285714,2397
Ian Brumby,Gary Challis,7,1090,975,0.6530083881296338,0.5713839816769324,406,208,2969,1500,7,2,37,14,4,0,18,8,16,6,26,8,4,1,0.0,0.8,2397
Jordan Brown,Michael Collumb,7,1132,1096,0.549086208422272,0.5224848247918001,87,45,551,278,57,24,315,155,11,3,111,50,14,6,159,85,4,2,0.0,0.6666666666666666,2397
Troy Brett,Danny Connolly,7,989,982,0.5095693356278297,0.5043748883497735,5,1,30,13,2,0,9,1,6,2,24,11,4,0,9,1,4,0,0.0,1.0,2397
Simon Bedford,Luke Simmonds,7,1178,1216,0.44820271004203943,0.4762678458734389,418,242,3208,1722,112,61,768,399,8,4,8,4,25,17,116,59,4,1,0.0,0.8,2397
Zhang Yong,Jackson Page,7,1149,1040,0.6454220086166967,0.5677065480733601,76,29,473,197,16,6,92,38,137,61,380,159,92,38,92,38,4,3,0.0,0.5714285714285714,2397
Michael Williams,James Silverwood,7,1119,964,0.7018040708685593,0.5956807306078472,52,28,257,140,74,23,392,157,27,17,177,97,20,11,46,25,4,3,0.0,0.5714285714285714,2397
Daniel Ward,Lewis Roberts,7,1208,1043,0.7134663824052628,0.6016871801828567,108,62,617,350,70,28,463,217,28,14,51,28,7,3,7,3,4,3,0.0,0.5714285714285714,2397
Ross Vallance,Jordan Brown,7,966,1132,0.2853801489272095,0.3977138231113694,19,6,93,36,87,45,551,278,21,11,26,12,11,3,111,50,4,1,0.0,0.8,2397
Ma Tingpeng,Ng On Yee,7,1000,981,0.5259570402770714,0.5118727677562528,18,6,97,42,10,4,62,26,11,6,22,9,6,2,57,25,4,3,0.0,0.5714285714285714,2397
Allan Taylor,Andrew Milliard,7,1182,860,0.8620548673015752,0.6910430124157229,270,124,1617,786,168,48,980,373,126,53,422,168,6,2,56,22,4,1,0.0,0.8,2397
Sean O'Sullivan,Ian Brumby,7,1141,1090,0.5693507188778237,0.5318318894162242,184,76,1158,531,406,208,2969,1500,108,37,473,215,4,0,18,8,4,0,0.0,1.0,2397
Martin O'Donnell,Hu Hao,7,1308,1148,0.7076639986592218,0.598687660112452,282,135,1753,876,36,17,204,104,152,75,518,261,58,30,94,47,4,0,0.0,1.0,2397
William Lemons,Antony Parsons,7,1004,1085,0.3907515745539448,0.4495472886604723,35,13,207,90,86,39,520,249,17,6,78,31,7,3,64,33,4,3,0.0,0.5714285714285714,2397
Lukas Kleckers,Adrian Rosa,7,1094,1192,0.36864499282379254,0.43905454967528373,54,19,330,142,275,151,2151,1104,84,26,271,114,20,11,43,22,4,0,0.0,1.0,2397
Ashley Hugill,Clayton Humphries,7,1162,1024,0.6814665603465866,0.585404569129465,91,42,515,243,11,5,66,34,111,44,442,214,12,4,66,34,4,2,0.0,0.6666666666666666,2397
Paul Davison,Charlie Walters,7,1218,1042,0.726023440718493,0.6082590307465143,650,340,4561,2318,89,35,493,223,122,57,470,210,24,13,169,81,4,3,0.0,0.5714285714285714,2397
Jamie Cope,Chen Zifan,7,1253,1204,0.5666587144886649,0.530586760182081,544,291,3682,1876,59,30,348,166,38,25,428,207,136,68,224,107,4,3,0.0,0.5714285714285714,2397
Jamie Clarke,Ben Fortey,7,1234,953,0.829876495909729,0.668741821102192,140,72,828,433,15,4,81,30,59,27,362,186,7,3,7,3,4,3,0.0,0.5714285714285714,2397
Billy Joe Castle,Troy Brett,7,1078,989,0.6197035864994962,0.5553966483205892,33,14,192,87,5,1,30,13,108,40,149,63,6,2,24,11,4,1,0.0,0.8,2397
Simon Bedford,Jamie O'Neill,7,1178,1175,0.5041014855971089,0.5018749912109869,418,242,3208,1722,277,143,1753,906,8,4,8,4,13,9,71,38,4,3,0.0,0.5714285714285714,2397
Allan Taylor,Daniel Ward,7,1182,1208,0.4645031181885513,0.48375571893792757,270,124,1617,786,108,62,617,350,126,53,422,168,28,14,51,28,4,3,0.0,0.5714285714285714,2397
Sean O'Sullivan,Ross Vallance,7,1141,966,0.7248939369984414,0.6076631698328917,184,76,1158,531,19,6,93,36,108,37,473,215,21,11,26,12,4,3,0.0,0.5714285714285714,2397
Martin O'Donnell,Jamie Clarke,7,1308,1234,0.6000303895586184,0.5461185410457796,282,135,1753,876,140,72,828,433,152,75,518,261,59,27,362,186,4,0,0.0,1.0,2397
William Lemons,Michael Williams,7,1004,1119,0.3469916118703663,0.42861601832306767,35,13,207,90,52,28,257,140,17,6,78,31,27,17,177,97,4,2,0.0,0.6666666666666666,2397
Lukas Kleckers,Ma Tingpeng,7,1094,1000,0.6261916833783177,0.5584811124381613,54,19,330,142,18,6,97,42,84,26,271,114,11,6,22,9,4,3,0.0,0.5714285714285714,2397
Ashley Hugill,Simon Bedford,7,1162,1178,0.4781366606027012,0.4900013331200346,91,42,515,243,418,242,3208,1722,111,44,442,214,8,4,8,4,4,2,0.0,0.6666666666666666,2397
Paul Davison,Jamie Cope,7,1218,1253,0.4522702554497651,0.47813894602839846,650,340,4561,2318,544,291,3682,1876,122,57,470,210,38,25,428,207,4,2,0.0,0.6666666666666666,2397
Billy Joe Castle,Zhang Yong,7,1078,1149,0.4039387802743521,0.4557411415821268,33,14,192,87,76,29,473,197,108,40,149,63,137,61,380,159,4,1,0.0,0.8,2397
Allan Taylor,Sean O'Sullivan,7,1182,1141,0.5558590476581076,0.5256025883246178,270,124,1617,786,184,76,1158,531,126,53,422,168,108,37,473,215,4,0,0.0,1.0,2397
Lukas Kleckers,Martin O'Donnell,7,1094,1308,0.23293287554107978,0.36935147434892557,54,19,330,142,282,135,1753,876,84,26,271,114,152,75,518,261,4,1,0.0,0.8,2397
Ashley Hugill,William Lemons,7,1162,1004,0.7053268662779104,0.5974857658270161,91,42,515,243,35,13,207,90,111,44,442,214,17,6,78,31,4,2,0.0,0.6666666666666666,2397
Billy Joe Castle,Paul Davison,7,1078,1218,0.31610864255174254,0.41338242108267,33,14,192,87,650,340,4561,2318,108,40,149,63,122,57,470,210,4,2,0.0,0.6666666666666666,2397
Zhou Yuelong,Christopher Keogan,19,1391,1142,0.9137075400336618,0.6507869207968349,149,83,1003,530,132,52,739,338,165,92,709,382,85,27,345,161,10,5,0.0,0.6666666666666666,2352
Fang Xiongman,Zhang Anda,19,1147,1341,0.14323155464872714,0.38107214519980964,63,27,367,166,288,145,2004,1005,109,43,255,112,144,71,670,341,10,7,0.0,0.5882352941176471,2352
Ben Woollaston,Chris Totten,19,1411,995,0.9877257690583995,0.7388500060842489,555,319,3584,1915,24,5,137,46,233,128,1015,537,86,25,126,43,10,4,0.0,0.7142857142857143,2352
Sydney Wilson,Kurt Maflin,19,1127,1365,0.09602156875821921,0.3554884462937054,171,63,1005,445,505,292,3393,1833,26,17,315,124,190,102,755,400,10,6,0.0,0.625,2352
Gary Wilson,Josh Boileau,19,1344,1029,0.9570650642075258,0.6872942801972042,376,218,2402,1306,75,31,420,186,163,86,642,337,81,23,259,102,10,9,0.0,0.5263157894736842,2352
Mark Williams,Zhao Xintong,19,1634,1349,0.9403170200144868,0.6709533329057776,1331,878,10055,5787,120,63,798,427,334,226,1433,867,137,69,485,259,10,7,0.0,0.5882352941176471,2352
Robbie Williams,James Cahill,19,1332,1190,0.7828720685045708,0.5878295384825115,338,183,2194,1121,132,46,854,366,155,74,641,322,38,24,330,139,10,1,0.0,0.9090909090909091,2352
Michael White,Aditya Mehta,19,1403,1244,0.8092056355950423,0.5980868603322034,448,259,3007,1602,274,133,1873,920,230,125,1052,557,130,58,415,188,10,3,0.0,0.7692307692307693,2352
Daniel Wells,Adam Stefanow,19,1292,1120,0.8279247192350918,0.6058736684317606,327,159,2188,1082,54,26,285,141,138,67,561,280,35,20,189,92,10,7,0.0,0.5882352941176471,2352
Lee Walker,Matthew Stevens,19,1271,1342,0.3476324951456294,0.4557411415821268,439,239,3392,1744,915,535,7075,3852,120,53,515,240,139,66,682,356,10,8,0.0,0.5555555555555556,2352
Chris Wakelin,Elliot Slessor,19,1309,1314,0.4889891179715391,0.4968750406894683,158,81,1058,533,148,68,897,423,166,86,630,316,175,91,479,237,10,5,0.0,0.6666666666666666,2352
Hossein Vafaei,Hatem Yassen,19,1296,912,0.9813170670881779,0.7231218051243898,79,43,594,295,12,0,70,8,181,91,416,203,0,0,70,8,10,1,0.0,0.9090909090909091,2352
Alexander Ursenbacher,Robert Milkins,19,1267,1383,0.2613121834491975,0.42800386706848137,96,42,573,265,813,490,5930,3225,143,70,316,163,213,117,1008,535,10,6,0.0,0.625,2352
Joe Swail,Sanderson Lam,19,1240,1146,0.6978976628571024,0.5584811124381613,826,444,6431,3344,129,52,774,347,164,79,637,313,122,53,398,171,10,8,0.0,0.5555555555555556,2352
Akani Songsermsawad,Mei Xiwen,19,1363,1280,0.676458396282998,0.5516896693427,65,33,479,247,81,40,531,265,186,100,440,230,117,56,275,144,10,5,0.0,0.6666666666666666,2352
Eden Sharav,Jamie Cope,19,1159,1265,0.27948963922164805,0.4341349971045183,121,57,733,344,548,294,3705,1890,113,44,410,169,61,39,451,221,10,5,0.0,0.6666666666666666,2352
Matthew Selt,David John,19,1383,1084,0.9486928875806805,0.6786337178522214,525,288,3594,1884,87,39,565,266,162,80,1015,546,30,4,168,66,10,4,0.0,0.7142857142857143,2352
Noppon Saengkham,Jak Jones,19,1315,1168,0.7908327003294819,0.5908547524545943,189,84,1347,632,157,61,1016,446,188,97,646,306,105,40,264,110,10,5,0.0,0.6666666666666666,2352
Jimmy Robertson,Cao Yupeng,19,1379,1406,0.44075848686275765,0.48313140430861523,441,241,2965,1545,235,120,1689,858,201,107,803,437,239,136,559,282,10,8,0.0,0.5555555555555556,2352
Ian Preece,Ian Burns,19,1245,1272,0.44075848686275765,0.48313140430861523,208,113,1503,776,307,159,1936,987,118,54,238,117,123,53,538,251,10,7,0.0,0.5882352941176471,2352
Dechawat Poomjaeng,Chen Zhe,19,1290,1187,0.7149367940026154,0.5640216374262577,231,123,1663,848,192,92,1179,574,0,0,450,227,93,33,258,113,10,7,0.0,0.5882352941176471,2352
Joe Perry,Zack Richardson,19,1428,1156,0.9315882124777216,0.6637386974043528,997,593,7156,3873,61,31,337,189,220,124,1163,659,39,24,158,91,10,3,0.0,0.7692307692307693,2352
Tian Pengfei,Zhang Yong,19,1329,1165,0.8165520476411742,0.6010878788483698,354,199,2346,1252,80,32,493,210,157,82,623,330,157,74,400,172,10,4,0.0,0.7142857142857143,2352
Martin O'Donnell,Jackson Page,19,1325,1061,0.9257334797814069,0.6592603884513855,288,140,1783,897,20,9,117,53,182,96,548,282,117,53,117,53,10,9,0.0,0.5263157894736842,2352
Fergal O'Brien,Gerard Greene,19,1313,1235,0.6665050869729121,0.5485961085831343,853,486,6416,3383,688,370,5124,2671,145,67,810,418,132,57,460,222,10,6,0.0,0.625,2352
Ross Muir,Gareth Allen,19,1211,1142,0.6482868635805126,0.5430183807243099,134,48,902,400,158,73,905,432,111,46,487,215,27,14,313,137,10,7,0.0,0.5882352941176471,2352
Hammad Miah,Ricky Walden,19,1214,1332,0.25775279706123155,0.42678022732016513,121,45,790,345,786,477,5547,3065,105,44,488,227,235,124,1098,590,10,7,0.0,0.5882352941176471,2352
Alan McManus,Kurt Dunham,19,1392,914,0.9948720403518105,0.7676341173216251,914,544,7642,4061,26,3,145,34,178,95,800,433,71,14,145,34,10,1,0.0,0.9090909090909091,2352
Rory McLeod,Darryl Hill,19,1233,999,0.9002425912130249,0.6422170929574377,549,298,4064,2106,58,16,381,146,136,60,597,287,21,10,234,77,10,7,0.0,0.5882352941176471,2352
Stephen Maguire,Kritsanut Lertsattayathorn,19,1489,1192,0.947558470370421,0.6775422953274692,898,595,6531,3720,28,13,208,103,271,161,1111,626,7,2,135,64,10,7,0.0,0.5882352941176471,2352
Jack Lisowski,Jimmy White,19,1390,1194,0.8592142539015748,0.6201064323430902,385,229,2516,1363,1411,787,12081,6344,239,130,716,376,113,44,396,170,10,7,0.0,0.5882352941176471,2352
Oliver Lines,Duane Jones,19,1246,1204,0.591660787934234,0.5262259093720687,177,91,1111,564,151,79,884,464,144,67,584,281,117,49,377,168,10,6,0.0,0.625,2352
Peter Lines,Thepchaiya Un-Nooh,19,1286,1380,0.3021023371428977,0.44151888756183866,755,407,5475,2840,297,171,2146,1138,142,69,583,288,230,121,917,490,10,9,0.0,0.5263157894736842,2352
Rod Lawler,Xu Si,19,1216,1142,0.6584545465244145,0.5461185410457796,794,429,6033,3121,37,15,241,102,82,26,588,271,127,55,197,87,10,5,0.0,0.6666666666666666,2352
Mark King,Paul Davison,19,1424,1244,0.8388259009383668,0.610639233949222,902,507,6626,3491,656,345,4592,2340,246,136,973,543,153,79,501,232,10,4,0.0,0.7142857142857143,2352
Mark Joyce,Jordan Brown,19,1411,1131,0.9370718331056622,0.6681877721681662,441,236,3176,1625,90,47,567,287,240,130,712,379,27,12,127,59,10,3,0.0,0.7692307692307693,2352
Jamie Jones,Jamie Barrett,19,1337,1048,0.9428152461538168,0.6731572963701318,473,283,3119,1690,70,28,408,177,155,78,719,382,90,26,239,93,10,0,0.0,1.0,2352
Michael Holt,Hamza Akbar,19,1364,1075,0.9428152461538168,0.6731572963701318,788,458,5714,3041,29,4,208,73,192,100,1123,596,61,22,208,73,10,2,0.0,0.8333333333333334,2352
Liam Highfield,Andres Petrov,19,1365,1054,0.9550858985427448,0.6851410567502929,324,175,2206,1162,12,7,66,36,146,74,574,297,25,13,52,28,10,2,0.0,0.8333333333333334,2352
Andrew Higginson,Michael Georgiou,19,1367,1281,0.6823694261383385,0.5535439031511183,689,411,4847,2660,197,92,1201,588,144,76,681,364,134,63,565,274,10,8,0.0,0.5555555555555556,2352
Li Hang,Fraser Patrick,19,1400,1157,0.9084987366765921,0.647370307581549,238,123,1712,888,188,78,1229,561,228,125,710,379,30,14,316,133,10,9,0.0,0.5263157894736842,2352
Anthony Hamilton,Craig Steadman,19,1303,1245,0.6255406891300608,0.5361866202317948,804,465,6211,3315,412,222,2725,1426,105,43,575,283,116,49,538,252,10,5,0.0,0.6666666666666666,2352
Xiao Guodong,Tyler Rees,19,1395,992,0.9854043368664389,0.7325306102876052,402,235,2681,1481,13,6,68,30,200,116,720,400,36,22,64,30,10,2,0.0,0.8333333333333334,2352
David Grace,Thor Chuan Leong,19,1220,1153,0.6441886304371871,0.5417773692836367,299,135,1979,948,68,19,452,179,124,52,551,260,95,38,424,176,10,6,0.0,0.625,2352
Martin Gould,James Wattana,19,1428,1208,0.8863100826365873,0.6341355910108007,630,382,4248,2331,796,433,6703,3517,248,136,917,516,103,44,413,173,10,2,0.0,0.8333333333333334,2352
Tom Ford,Jamie Bodle,19,1404,1152,0.9162252309503702,0.6524894621927444,574,329,4068,2174,165,105,1188,663,209,117,805,441,0,0,69,38,10,2,0.0,0.8333333333333334,2352
Reanne Evans,Robin Hull,19,1060,1291,0.10262994841863227,0.35950804627666144,135,51,731,311,511,304,3869,2116,41,21,123,63,110,47,513,261,10,8,0.0,0.5555555555555556,2352
Peter Ebdon,Michael Wild,19,1346,1143,0.8675450949307617,0.6242202334972642,1048,599,8221,4411,297,157,1818,962,171,89,876,467,26,11,183,67,10,3,0.0,0.7692307692307693,2352
Mike Dunn,Andy Hicks,19,1271,1239,0.5701047906031116,0.5199893401555818,687,366,5038,2596,601,324,4865,2525,152,78,677,349,51,33,294,153,10,6,0.0,0.625,2352
Graeme Dott,Allan Taylor,19,1416,1238,0.8361448592511926,0.6094497836283252,823,482,6302,3374,276,130,1648,810,208,111,906,486,157,77,453,192,10,3,0.0,0.7692307692307693,2352
Scott Donaldson,Wang Yuchen,19,1229,1096,0.7680991960546169,0.5823675407280794,199,95,1325,638,54,15,346,134,103,41,496,222,93,36,230,90,10,2,0.0,0.8333333333333334,2352
Ken Doherty,Jason Weston,19,1383,1060,0.9608069936978667,0.6915765137521193,1108,676,9042,4967,306,161,2340,1208,172,94,636,317,16,7,237,87,10,4,0.0,0.7142857142857143,2352
Yu Delu,Itaro Santos,19,1328,881,0.9919906858558752,0.7535246977220308,257,130,1790,906,82,22,463,170,150,80,550,269,0,0,79,13,10,0,0.0,1.0,2352
Mark Davis,Mitchell Mann,19,1424,1259,0.8179993569103331,0.6016871801828567,1038,625,7348,4019,225,105,1424,687,176,95,1121,631,141,67,531,239,10,3,0.0,0.7692307692307693,2352
Dominic Dale,Boonyarit Keattikun,19,1338,1104,0.9002425912130249,0.6422170929574377,894,513,6379,3405,38,9,277,110,136,71,913,486,54,14,229,86,10,2,0.0,0.8333333333333334,2352
Rhys Clark,Wayne Townsend,19,1171,1016,0.8031971496091062,0.5956807306078472,109,46,671,303,34,16,216,108,77,25,395,166,0,0,36,19,10,1,0.0,0.9090909090909091,2352
Stuart Carrington,Alex Borg,19,1351,1111,0.9058063547786643,0.6456563062257954,297,160,1898,998,361,153,2580,1175,129,67,626,323,87,28,315,136,10,2,0.0,0.8333333333333334,2352
Alfie Burden,Adam Duffy,19,1270,1264,0.5132123015611022,0.5037499296890819,643,345,4661,2395,320,163,2030,1038,130,57,572,277,96,35,624,323,10,6,0.0,0.625,2352
Luca Brecel,Sean O'Sullivan,19,1515,1165,0.9714850402571423,0.7057850278370112,307,178,2113,1136,190,81,1188,551,290,171,982,560,138,57,503,235,10,4,0.0,0.7142857142857143,2352
Nigel Bond,Ng On Yee,19,1223,1005,0.884208874712364,0.6329747766804606,838,458,6638,3481,14,7,87,41,96,36,459,200,31,17,82,40,10,1,0.0,0.9090909090909091,2352
Yan Bingtao,Sam Craigie,19,1487,1275,0.8777359910068675,0.6294831119673949,96,59,648,366,140,71,851,438,222,136,510,290,132,59,407,212,10,8,0.0,0.5555555555555556,2352
Sam Baird,Ross Vallance,19,1324,1021,0.9509017051580375,0.6808107108156386,315,165,2181,1124,24,10,121,55,134,65,649,331,49,30,54,31,10,2,0.0,0.8333333333333334,2352
John Astley,Igor Figueiredo,19,1264,1200,0.6380092490619715,0.5399148845555657,176,83,1091,511,89,44,667,319,140,66,372,177,0,0,128,52,10,7,0.0,0.5882352941176471,2352
Zhou Yuelong,Ian Preece,19,1391,1245,0.7892548143006564,0.5902502519301834,149,83,1003,530,208,113,1503,776,165,92,709,382,118,54,238,117,10,8,0.0,0.5555555555555556,2352
Ben Woollaston,Ken Doherty,19,1411,1383,0.5614181065460194,0.5174928576663897,555,319,3584,1915,1108,676,9042,4967,233,128,1015,537,172,94,636,317,10,4,0.0,0.7142857142857143,2352
Gary Wilson,Peter Lines,19,1344,1286,0.6255406891300608,0.5361866202317948,376,218,2402,1306,755,407,5475,2840,163,86,642,337,142,69,583,288,10,7,0.0,0.5882352941176471,2352
Mark Williams,Liam Highfield,19,1634,1365,0.9294369369071822,0.6620627248063988,1331,878,10055,5787,324,175,2206,1162,334,226,1433,867,146,74,574,297,10,9,0.0,0.5263157894736842,2352
Michael White,Ross Muir,19,1403,1211,0.8542933759894712,0.617747874769249,448,259,3007,1602,134,48,902,400,230,125,1052,557,111,46,487,215,10,4,0.0,0.7142857142857143,2352
Lee Walker,Reanne Evans,19,1271,1060,0.8766323344115969,0.6288998381516232,439,239,3392,1744,135,51,731,311,120,53,515,240,41,21,123,63,10,6,0.0,0.625,2352
Hossein Vafaei,Matthew Selt,19,1296,1383,0.3156706761212045,0.44583834723635146,79,43,594,295,525,288,3594,1884,181,91,416,203,162,80,1015,546,10,6,0.0,0.625,2352
Alexander Ursenbacher,Scott Donaldson,19,1267,1229,0.5830685315489563,0.523732154126561,96,42,573,265,199,95,1325,638,143,70,316,163,103,41,496,222,10,9,0.0,0.5263157894736842,2352
Akani Songsermsawad,Joe Perry,19,1363,1428,0.35992675966453946,0.4594641607262107,65,33,479,247,997,593,7156,3873,186,100,440,230,220,124,1163,659,10,9,0.0,0.5263157894736842,2352
Noppon Saengkham,Anthony Hamilton,19,1315,1303,0.526409749450005,0.5074994375506203,189,84,1347,632,804,465,6211,3315,188,97,646,306,105,43,575,283,10,9,0.0,0.5263157894736842,2352
Jimmy Robertson,Oliver Lines,19,1379,1246,0.7680991960546169,0.5823675407280794,441,241,2965,1545,177,91,1111,564,201,107,803,437,144,67,584,281,10,4,0.0,0.7142857142857143,2352
Fergal O'Brien,Tian Pengfei,19,1313,1329,0.46480751727681197,0.4900013331200346,853,486,6416,3383,354,199,2346,1252,145,67,810,418,157,82,623,330,10,9,0.0,0.5263157894736842,2352
Hammad Miah,Martin O'Donnell,19,1214,1325,0.2703226043769745,0.43106679063045344,121,45,790,345,288,140,1783,897,105,44,488,227,182,96,548,282,10,7,0.0,0.5882352941176471,2352
Rory McLeod,Sydney Wilson,19,1233,1127,0.7205103607783518,0.5658650028954817,549,298,4064,2106,171,63,1005,445,136,60,597,287,26,17,315,124,10,7,0.0,0.5882352941176471,2352
Stephen Maguire,Nigel Bond,19,1489,1223,0.9272327255083329,0.660382673079216,898,595,6531,3720,838,458,6638,3481,271,161,1111,626,96,36,459,200,10,3,0.0,0.7692307692307693,2352
Rod Lawler,Alan McManus,19,1216,1392,0.16656568722747891,0.3917409692534856,794,429,6033,3121,914,544,7642,4061,82,26,588,271,178,95,800,433,10,5,0.0,0.6666666666666666,2352
Mark King,Fang Xiongman,19,1424,1147,0.9350580602352587,0.6665228332551123,902,507,6626,3491,63,27,367,166,246,136,973,543,109,43,255,112,10,4,0.0,0.7142857142857143,2352
Jamie Jones,Alfie Burden,19,1337,1270,0.6441886304371871,0.5417773692836367,473,283,3119,1690,643,345,4661,2395,155,78,719,382,130,57,572,277,10,8,0.0,0.5555555555555556,2352
Michael Holt,Eden Sharav,19,1364,1159,0.8698600780254463,0.6253923497205511,788,458,5714,3041,121,57,733,344,192,100,1123,596,113,44,410,169,10,4,0.0,0.7142857142857143,2352
Li Hang,Mike Dunn,19,1400,1271,0.7613534600725305,0.5799334001885058,238,123,1712,888,687,366,5038,2596,228,125,710,379,152,78,677,349,10,4,0.0,0.7142857142857143,2352
Xiao Guodong,Sam Baird,19,1395,1324,0.6523675048543702,0.5442588584178731,402,235,2681,1481,315,165,2181,1124,200,116,720,400,134,65,649,331,10,4,0.0,0.7142857142857143,2352
David Grace,Mark Joyce,19,1220,1411,0.14695514879837737,0.38284263734702784,299,135,1979,948,441,236,3176,1625,124,52,551,260,240,130,712,379,10,6,0.0,0.625,2352
Martin Gould,John Astley,19,1428,1264,0.8165520476411742,0.6010878788483698,630,382,4248,2331,176,83,1091,511,248,136,917,516,140,66,372,177,10,6,0.0,0.625,2352
David Gilbert,Rhys Clark,19,1399,1171,0.8944363357533749,0.6387631751488418,542,309,3949,2116,109,46,671,303,267,145,1099,610,77,25,395,166,10,6,0.0,0.625,2352
Tom Ford,Chris Wakelin,19,1404,1309,0.699813900238323,0.559097471902393,574,329,4068,2174,158,81,1058,533,209,117,805,441,166,86,630,316,10,6,0.0,0.625,2352
Peter Ebdon,Jack Lisowski,19,1346,1390,0.4040596875423571,0.47252769565540637,1048,599,8221,4411,385,229,2516,1363,171,89,876,467,239,130,716,376,10,9,0.0,0.5263157894736842,2352
Graeme Dott,Dechawat Poomjaeng,19,1416,1290,0.7562227337635138,0.5781052328843092,823,482,6302,3374,231,123,1663,848,208,111,906,486,0,0,450,227,10,4,0.0,0.7142857142857143,2352
Yu Delu,Robbie Williams,19,1328,1332,0.4911908814973925,0.49750002083312506,257,130,1790,906,338,183,2194,1121,150,80,550,269,155,74,641,322,10,7,0.0,0.5882352941176471,2352
Dominic Dale,Daniel Wells,19,1338,1292,0.6002080964095705,0.5287183569514396,894,513,6379,3405,327,159,2188,1082,136,71,913,486,138,67,561,280,10,6,0.0,0.625,2352
Stuart Carrington,Andrew Higginson,19,1351,1367,0.46480751727681197,0.4900013331200346,297,160,1898,998,689,411,4847,2660,129,67,626,323,144,76,681,364,10,6,0.0,0.625,2352
Luca Brecel,Joe Swail,19,1515,1240,0.9336872957565211,0.665410558746814,307,178,2113,1136,826,444,6431,3344,290,171,982,560,164,79,637,313,10,8,0.0,0.5555555555555556,2352
Yan Bingtao,Mark Davis,19,1487,1424,0.6359411344883902,0.5392938058983595,96,59,648,366,1038,625,7348,4019,222,136,510,290,176,95,1121,631,10,7,0.0,0.5882352941176471,2352
Zhou Yuelong,Ben Woollaston,19,1391,1411,0.45604232877637757,0.4875026035157896,149,83,1003,530,555,319,3584,1915,165,92,709,382,233,128,1015,537,10,9,0.0,0.5263157894736842,2352
Gary Wilson,Michael White,19,1344,1403,0.3723714289375182,0.46319171001101955,376,218,2402,1306,448,259,3007,1602,163,86,642,337,230,125,1052,557,10,3,0.0,0.7692307692307693,2352
Noppon Saengkham,Lee Walker,19,1315,1271,0.5959403124576433,0.5274723043445937,189,84,1347,632,439,239,3392,1744,188,97,646,306,120,53,515,240,10,8,0.0,0.5555555555555556,2352
Jimmy Robertson,Rod Lawler,19,1379,1216,0.815097404602695,0.6004882745269664,441,241,2965,1545,794,429,6033,3121,201,107,803,437,82,26,588,271,10,6,0.0,0.625,2352
Fergal O'Brien,David Gilbert,19,1313,1399,0.3176305738616615,0.4464560968488817,853,486,6416,3383,542,309,3949,2116,145,67,810,418,267,145,1099,610,10,9,0.0,0.5263157894736842,2352
Rory McLeod,Hammad Miah,19,1233,1214,0.5417682565323138,0.5118727677562528,549,298,4064,2106,121,45,790,345,136,60,597,287,105,44,488,227,10,7,0.0,0.5882352941176471,2352
Stephen Maguire,Li Hang,19,1489,1400,0.6882331723925365,0.5553966483205892,898,595,6531,3720,238,123,1712,888,271,161,1111,626,228,125,710,379,10,5,0.0,0.6666666666666666,2352
Xiao Guodong,Mark King,19,1395,1424,0.4364072029493925,0.4818829349568186,402,235,2681,1481,902,507,6626,3491,200,116,720,400,246,136,973,543,10,4,0.0,0.7142857142857143,2352
David Grace,Akani Songsermsawad,19,1220,1363,0.2155215975831269,0.4115648798723618,299,135,1979,948,65,33,479,247,124,52,551,260,186,100,440,230,10,3,0.0,0.7692307692307693,2352
Martin Gould,Yu Delu,19,1428,1328,0.7093094464382455,0.5621765008857981,630,382,4248,2331,257,130,1790,906,248,136,917,516,150,80,550,269,10,7,0.0,0.5882352941176471,2352
Tom Ford,Hossein Vafaei,19,1404,1296,0.7241956922090544,0.5670929049654543,574,329,4068,2174,79,43,594,295,209,117,805,441,181,91,416,203,10,8,0.0,0.5555555555555556,2352
Peter Ebdon,Michael Holt,19,1346,1364,0.4604224582617368,0.4887518980531451,1048,599,8221,4411,788,458,5714,3041,171,89,876,467,192,100,1123,596,10,9,0.0,0.5263157894736842,2352
Graeme Dott,Jamie Jones,19,1416,1337,0.66850568123858,0.5492151291013335,823,482,6302,3374,473,283,3119,1690,208,111,906,486,155,78,719,382,10,8,0.0,0.5555555555555556,2352
Stuart Carrington,Mark Williams,19,1351,1634,0.060964561199208026,0.33015148394297633,297,160,1898,998,1331,878,10055,5787,129,67,626,323,334,226,1433,867,10,7,0.0,0.5882352941176471,2352
Luca Brecel,Dominic Dale,19,1515,1338,0.8347932741848034,0.6088545692109504,307,178,2113,1136,894,513,6379,3405,290,171,982,560,136,71,913,486,10,5,0.0,0.6666666666666666,2352
Yan Bingtao,Alexander Ursenbacher,19,1487,1267,0.8863100826365873,0.6341355910108007,96,59,648,366,96,42,573,265,222,136,510,290,143,70,316,163,10,4,0.0,0.7142857142857143,2352
Kyren Wilson,David Grace,19,1443,1220,0.8894094439320752,0.6358738914270539,403,248,2607,1439,299,135,1979,948,283,158,1120,633,124,52,551,260,10,6,0.0,0.625,2352
Liang Wenbo,Stuart Carrington,19,1445,1351,0.6978976628571024,0.5584811124381613,566,345,3932,2180,297,160,1898,998,199,113,1184,672,129,67,626,323,10,7,0.0,0.5882352941176471,2352
Mark Selby,Fergal O'Brien,19,1527,1313,0.879921951969676,0.6306485256510744,1020,706,7395,4320,853,486,6416,3383,258,148,1527,939,145,67,810,418,10,2,0.0,0.8333333333333334,2352
Neil Robertson,Noppon Saengkham,19,1540,1315,0.8914409177131178,0.6370307944803831,850,559,6237,3567,189,84,1347,632,279,172,1074,653,188,97,646,306,10,4,0.0,0.7142857142857143,2352
Ronnie O'Sullivan,Gary Wilson,19,1711,1344,0.9768477395842836,0.7145324397353954,1179,902,10252,6272,376,218,2402,1306,318,212,1017,659,163,86,642,337,10,7,0.0,0.5882352941176471,2352
Shaun Murphy,Yan Bingtao,19,1517,1487,0.5657655185023343,0.5187412158785352,976,644,7202,4123,96,59,648,366,337,198,1283,766,222,136,510,290,10,8,0.0,0.5555555555555556,2352
Rory McLeod,Judd Trump,19,1233,1623,0.017295717476335213,0.2738850187392209,549,298,4064,2106,834,564,5637,3331,136,60,597,287,278,177,1466,904,10,8,0.0,0.5555555555555556,2352
Stephen Maguire,Anthony McGill,19,1489,1454,0.5765972883320668,0.5218610539716015,898,595,6531,3720,446,278,2931,1631,271,161,1111,626,314,177,1095,620,10,2,0.0,0.8333333333333334,2352
Ding Junhui,Zhou Yuelong,19,1486,1391,0.699813900238323,0.559097471902393,689,462,5224,2990,149,83,1003,530,168,97,1061,607,165,92,709,382,10,5,0.0,0.6666666666666666,2352
John Higgins,Martin Gould,19,1597,1428,0.8237151401553927,0.6040813228693781,1362,965,10861,6436,630,382,4248,2331,309,201,1417,862,248,136,917,516,10,6,0.0,0.625,2352
Barry Hawkins,Tom Ford,19,1398,1404,0.48678769843889735,0.496250070310918,867,532,6202,3434,574,329,4068,2174,164,84,1041,574,209,117,805,441,10,3,0.0,0.7692307692307693,2352
Xiao Guodong,Ryan Day,19,1395,1471,0.33751065201687264,0.45264238185691075,402,235,2681,1481,864,525,6038,3334,200,116,720,400,276,152,1172,662,10,4,0.0,0.7142857142857143,2352
Marco Fu,Luca Brecel,19,1445,1515,0.34967058986691646,0.4563613127629212,842,501,6239,3405,307,178,2113,1136,212,118,1149,649,290,171,982,560,10,9,0.0,0.5263157894736842,2352
Graeme Dott,Ali Carter,19,1416,1504,0.3137160787506259,0.4452207648927852,823,482,6302,3374,869,527,6143,3396,208,111,906,486,166,96,999,570,10,7,0.0,0.5882352941176471,2352
Stuart Bingham,Peter Ebdon,19,1514,1346,0.8222972228074023,0.6034832498647263,1020,648,7437,4243,1048,599,8221,4411,183,112,1387,806,171,89,876,467,10,5,0.0,0.6666666666666666,2352
Mark Allen,Jimmy Robertson,19,1512,1379,0.7680991960546169,0.5823675407280794,695,451,4800,2709,441,241,2965,1545,298,177,1082,627,201,107,803,437,10,8,0.0,0.5555555555555556,2352
Kyren Wilson,Stuart Bingham,25,1443,1514,0.3271062716977846,0.4557411415821268,403,248,2607,1439,1020,648,7437,4243,283,158,1120,633,183,112,1387,806,13,10,0.0,0.5652173913043478,2352
Mark Selby,Xiao Guodong,25,1527,1395,0.797134206693076,0.5817593768418363,1020,706,7395,4320,402,235,2681,1481,258,148,1527,939,200,116,720,400,13,6,0.0,0.6842105263157895,2352
Ronnie O'Sullivan,Shaun Murphy,25,1711,1517,0.8885431816686306,0.6189278548001903,1179,902,10252,6272,976,644,7202,4123,318,212,1017,659,337,198,1283,766,13,7,0.0,0.65,2352
Stephen Maguire,Rory McLeod,25,1489,1233,0.945502435880323,0.6547534606063192,898,595,6531,3720,549,298,4064,2106,271,161,1111,626,136,60,597,287,13,3,0.0,0.8125,2352
Ding Junhui,Liang Wenbo,25,1486,1445,0.602093107885967,0.5256025883246178,689,462,5224,2990,566,345,3932,2180,168,97,1061,607,199,113,1184,672,13,12,0.0,0.52,2352
John Higgins,Mark Allen,25,1597,1512,0.7040515253594393,0.5529259881329059,1362,965,10861,6436,695,451,4800,2709,309,201,1417,862,298,177,1082,627,13,9,0.0,0.5909090909090909,2352
Barry Hawkins,Graeme Dott,25,1398,1416,0.4547672984056338,0.4887518980531451,867,532,6202,3434,823,482,6302,3374,164,84,1041,574,208,111,906,486,13,6,0.0,0.6842105263157895,2352
Marco Fu,Neil Robertson,25,1445,1540,0.2745797562792366,0.440902528097607,842,501,6239,3405,850,559,6237,3567,212,118,1149,649,279,172,1074,653,13,11,0.0,0.5416666666666666,2352
Mark Selby,Marco Fu,25,1527,1445,0.6974922879718354,0.551071269307342,1020,706,7395,4320,842,501,6239,3405,258,148,1527,939,212,118,1149,649,13,3,0.0,0.8125,2352
Ding Junhui,Ronnie O'Sullivan,25,1486,1711,0.07908259457412692,0.3629692055196168,689,462,5224,2990,1179,902,10252,6272,168,97,1061,607,318,212,1017,659,13,10,0.0,0.5652173913043478,2352
John Higgins,Kyren Wilson,25,1597,1443,0.8337829128456177,0.595078473866134,1362,965,10861,6436,403,248,2607,1439,309,201,1417,862,283,158,1120,633,13,6,0.0,0.6842105263157895,2352
Barry Hawkins,Stephen Maguire,25,1398,1489,0.2830336641640145,0.44336904007774663,867,532,6202,3434,898,595,6531,3720,164,84,1041,574,271,161,1111,626,13,9,0.0,0.5909090909090909,2352
Mark Selby,Ding Junhui,33,1527,1486,0.6166075253189758,0.5256025883246178,1020,706,7395,4320,689,462,5224,2990,258,148,1527,939,168,97,1061,607,17,15,0.0,0.53125,2352
John Higgins,Barry Hawkins,33,1597,1398,0.9240077218666335,0.6218716423074662,1362,965,10861,6436,867,532,6202,3434,309,201,1417,862,164,84,1041,574,17,8,0.0,0.68,2352
Mark Selby,John Higgins,35,1527,1597,0.30117031460267474,0.4563613127629212,1020,706,7395,4320,1362,965,10861,6436,258,148,1527,939,309,201,1417,862,18,15,0.0,0.5454545454545454,2352
Zack Richardson,Brandon Sargeant,7,1145,1103,0.557211603425229,0.5262259093720687,62,31,350,192,64,27,371,177,52,27,171,94,28,16,260,127,4,3,0.0,0.5714285714285714,2360
Peter Lines,Ben Jones,7,1289,1098,0.7426684543010009,0.6171573626529722,757,408,5511,2857,85,44,440,222,178,86,619,305,67,41,196,104,4,2,0.0,0.6666666666666666,2360
Steven Hallworth,George Pragnall,7,1179,1102,0.6039885915613215,0.5479769376367963,84,30,524,230,40,20,234,114,32,20,318,138,47,27,176,86,4,2,0.0,0.6666666666666666,2360
Gerard Greene,Ian Glover,7,1225,1127,0.6313550071762073,0.5609454503247162,689,370,5140,2677,177,71,1090,509,148,63,476,228,0,0,201,78,4,2,0.0,0.6666666666666666,2360
Peter Lines,Zack Richardson,7,1289,1145,0.6887157040547041,0.5890404340586651,757,408,5511,2857,62,31,350,192,178,86,619,305,52,27,171,94,4,0,0.0,1.0,2360
Gerard Greene,Steven Hallworth,7,1225,1179,0.5626145694127913,0.5287183569514396,689,370,5140,2677,84,30,524,230,148,63,476,228,32,20,318,138,4,1,0.0,0.8,2360
